marca,modelo,versao,preco_orcamento,ano,potencia_cv,lugares_grupo,cambio,categoria,ambiente_ideal
chevrolet,A-10,a-10-2-5-cs-1979,0.0,0.0,90.0,5.0,Manual,Indefinido,Urbano
chevrolet,A-10,a-10-2-5-cs-1982,0.0,0.0,90.0,5.0,Manual,Indefinido,Urbano
chevrolet,A-10,a-10-4-1-cs-1985,0.0,0.0,122.0,5.0,Manual,Indefinido,Urbano
chevrolet,A-20,a-20-custom-s-4-1-cd-1986,0.0,0.0,135.0,5.0,Manual,Indefinido,Urbano
chevrolet,A-20,a-20-custom-s-4-1-cs-1986,0.0,0.0,135.0,5.0,Manual,Indefinido,Urbano
chevrolet,A-20,a-20-custom-s-4-1-cd-1988,0.0,0.0,135.0,5.0,Manual,Indefinido,Urbano
chevrolet,A-20,a-20-custom-s-4-1-cs-1988,0.0,0.0,135.0,5.0,Manual,Indefinido,Urbano
chevrolet,A-20,a-20-custom-s-4-1-cd-1990,0.0,0.0,135.0,5.0,Manual,Indefinido,Urbano
chevrolet,A-20,a-20-custom-s-4-1-cs-1990,0.0,0.0,135.0,5.0,Manual,Indefinido,Urbano
chevrolet,A-20,a-20-custom-s-4-1-cd-1992,0.0,0.0,135.0,5.0,Manual,Indefinido,Urbano
chevrolet,A-20,a-20-custom-s-4-1-cs-1992,0.0,0.0,135.0,5.0,Manual,Indefinido,Urbano
chevrolet,A-20,a-20-custom-s-4-1-cd-1994,0.0,0.0,135.0,5.0,Manual,Indefinido,Urbano
chevrolet,A-20,a-20-custom-s-4-1-cs-1994,0.0,0.0,135.0,5.0,Manual,Indefinido,Urbano
chevrolet,Agile,agile-lt-1-4-2010,0.0,0.0,102.0,5.0,Manual,Indefinido,Urbano
chevrolet,Agile,agile-ltz-1-4-2010,0.0,0.0,102.0,5.0,Manual,Indefinido,Urbano
chevrolet,Agile,agile-lt-1-4-2011,0.0,0.0,102.0,5.0,Manual,Indefinido,Urbano
chevrolet,Agile,agile-ltz-1-4-2011,0.0,0.0,102.0,5.0,Manual,Indefinido,Urbano
chevrolet,Agile,agile-lt-1-4-2012,0.0,0.0,102.0,5.0,Manual,Indefinido,Urbano
chevrolet,Agile,agile-ltz-1-4-2012,0.0,0.0,102.0,5.0,Manual,Indefinido,Urbano
chevrolet,Agile,agile-wi-fi-1-4-2012,0.0,0.0,102.0,5.0,Manual,Indefinido,Urbano
chevrolet,Agile,agile-lt-1-4-2013,0.0,0.0,0.0,5.0,Manual,Indefinido,Urbano
chevrolet,Agile,agile-ltz-1-4-2013,0.0,0.0,102.0,5.0,Manual,Indefinido,Urbano
chevrolet,Agile,agile-ltz-1-4-easytronic-2013,0.0,0.0,0.0,5.0,Auto,Indefinido,Urbano
chevrolet,Agile,agile-effect-1-4-2014,0.0,0.0,0.0,5.0,Manual,Indefinido,Urbano
chevrolet,Agile,agile-effect-1-4-easytronic-2014,0.0,0.0,102.0,5.0,Auto,Indefinido,Urbano
chevrolet,Agile,agile-ltz-1-4-2014,0.0,0.0,102.0,5.0,Manual,Indefinido,Urbano
chevrolet,Agile,agile-ltz-1-4-easytronic-2014,0.0,0.0,102.0,5.0,Auto,Indefinido,Urbano
chevrolet,Astra,astra-gls-2-0-mpfi-1995,0.0,0.0,116.0,5.0,Manual,Indefinido,Urbano
chevrolet,Astra,astra-gl-1-8-1999,0.0,0.0,110.0,5.0,Manual,Indefinido,Urbano
chevrolet,Astra,astra-gls-2-0-16v-1999,0.0,0.0,128.0,5.0,Manual,Indefinido,Urbano
chevrolet,Astra,astra-gls-2-0-8v-1999,0.0,0.0,112.0,5.0,Manual,Indefinido,Urbano
chevrolet,Astra,astra-gl-1-8-2000,0.0,0.0,110.0,5.0,Manual,Indefinido,Urbano
chevrolet,Astra,astra-gls-2-0-16v-2000,0.0,0.0,128.0,5.0,Manual,Indefinido,Urbano
chevrolet,Astra,astra-gls-2-0-8v-2000,0.0,0.0,112.0,5.0,Manual,Indefinido,Urbano
chevrolet,Astra,astra-sport-2-0-2000,0.0,0.0,112.0,5.0,Manual,Indefinido,Urbano
chevrolet,Astra,astra-gl-1-8-2001,0.0,0.0,110.0,5.0,Manual,Indefinido,Urbano
chevrolet,Astra,astra-gls-2-0-16v-2001,0.0,0.0,136.0,5.0,Manual,Indefinido,Urbano
chevrolet,Astra,astra-gls-2-0-8v-2001,0.0,0.0,0.0,5.0,Manual,Indefinido,Urbano
chevrolet,Astra,astra-sport-2-0-2001,0.0,0.0,112.0,5.0,Manual,Indefinido,Urbano
chevrolet,Astra,astra-2-0-8v-2002,0.0,0.0,116.0,5.0,Manual,Indefinido,Urbano
chevrolet,Astra,astra-cd-2-0-8v-2002,0.0,0.0,116.0,5.0,Manual,Indefinido,Urbano
chevrolet,Astra,astra-cd-2-0-at-2002,0.0,0.0,116.0,5.0,Auto,Indefinido,Urbano
chevrolet,Astra,astra-sport-2-0-2002,0.0,0.0,116.0,5.0,Manual,Indefinido,Urbano
chevrolet,Astra,astra-sunny-2-0-8v-2002,0.0,0.0,116.0,5.0,Manual,Indefinido,Urbano
chevrolet,Astra,astra-2-0-8v-2003,0.0,0.0,116.0,5.0,Manual,Indefinido,Urbano
chevrolet,Astra,astra-2-0-8v-at-2003,0.0,0.0,116.0,5.0,Auto,Indefinido,Urbano
chevrolet,Astra,astra-cd-2-0-8v-2003,0.0,0.0,116.0,5.0,Manual,Indefinido,Urbano
chevrolet,Astra,astra-cd-2-0-8v-at-2003,0.0,0.0,0.0,5.0,Auto,Indefinido,Urbano
chevrolet,Astra,astra-cd-2-0-8v-at-2003-gasolina,0.0,0.0,0.0,5.0,Auto,Indefinido,Urbano
chevrolet,Astra,astra-gsi-2-0-16v-2003,0.0,0.0,136.0,5.0,Manual,Indefinido,Urbano
chevrolet,Astra,astra-2-0-8v-2004,0.0,0.0,116.0,5.0,Manual,Indefinido,Urbano
chevrolet,Astra,astra-2-0-8v-at-2004,0.0,0.0,0.0,5.0,Auto,Indefinido,Urbano
chevrolet,Astra,astra-cd-2-0-8v-2004,0.0,0.0,116.0,5.0,Manual,Indefinido,Urbano
chevrolet,Astra,astra-cd-2-0-8v-at-2004-gasolina,0.0,0.0,0.0,5.0,Auto,Indefinido,Urbano
chevrolet,Astra,astra-cd-2-0-8v-at-2004,0.0,0.0,0.0,5.0,Auto,Indefinido,Urbano
chevrolet,Astra,astra-gsi-2-0-16v-2004,0.0,0.0,136.0,5.0,Manual,Indefinido,Urbano
chevrolet,Astra,astra-advantage-2-0-8v-2005,0.0,0.0,127.6,5.0,Manual,Indefinido,Urbano
chevrolet,Astra,astra-comfort-2-0-8v-2005,0.0,0.0,0.0,5.0,Manual,Indefinido,Urbano
chevrolet,Astra,astra-elegance-2-0-8v-2005,0.0,0.0,0.0,5.0,Manual,Indefinido,Urbano
chevrolet,Astra,astra-elite-2-0-8v-2005,0.0,0.0,127.6,5.0,Manual,Indefinido,Urbano
chevrolet,Astra,astra-elite-2-0-8v-at-2005,0.0,0.0,127.6,5.0,Auto,Indefinido,Urbano
chevrolet,Astra,astra-gsi-2-0-16v-2005,0.0,0.0,136.0,5.0,Manual,Indefinido,Urbano
chevrolet,Astra,astra-advantage-2-0-8v-2006,0.0,0.0,0.0,5.0,Manual,Indefinido,Urbano
chevrolet,Astra,astra-elegance-2-0-8v-2006,0.0,0.0,0.0,5.0,Manual,Indefinido,Urbano
chevrolet,Astra,astra-elegance-2-0-8v-at-2006,0.0,0.0,0.0,5.0,Auto,Indefinido,Urbano
chevrolet,Astra,astra-ss-2-0-2006,0.0,0.0,127.6,5.0,Manual,Indefinido,Urbano
chevrolet,Astra,astra-advantage-2-0-8v-2007,0.0,0.0,127.6,5.0,Manual,Indefinido,Urbano
chevrolet,Astra,astra-advantage-2-0-8v-2007-flex,0.0,0.0,127.6,5.0,Manual,Indefinido,Urbano
chevrolet,Astra,astra-advantage-2-0-8v-at-2007,0.0,0.0,0.0,5.0,Auto,Indefinido,Urbano
chevrolet,Astra,astra-comfort-2-0-8v-2007,0.0,0.0,0.0,5.0,Manual,Indefinido,Urbano
chevrolet,Astra,astra-elegance-2-0-8v-2007,0.0,0.0,0.0,5.0,Manual,Indefinido,Urbano
chevrolet,Astra,astra-elegance-2-0-8v-at-2007,0.0,0.0,0.0,5.0,Auto,Indefinido,Urbano
chevrolet,Astra,astra-elite-2-0-8v-2007,0.0,0.0,0.0,5.0,Manual,Indefinido,Urbano
chevrolet,Astra,astra-elite-2-0-8v-at-2007,0.0,0.0,0.0,5.0,Auto,Indefinido,Urbano
chevrolet,Astra,astra-ss-2-0-2007,0.0,0.0,0.0,5.0,Manual,Indefinido,Urbano
chevrolet,Astra,astra-advantage-2-0-8v-2008,0.0,0.0,127.6,5.0,Manual,Indefinido,Urbano
chevrolet,Astra,astra-advantage-2-0-8v-at-2008,0.0,0.0,0.0,5.0,Auto,Indefinido,Urbano
chevrolet,Astra,astra-elegance-2-0-8v-2008,0.0,0.0,0.0,5.0,Manual,Indefinido,Urbano
chevrolet,Astra,astra-ss-2-0-2008,0.0,0.0,127.6,5.0,Manual,Indefinido,Urbano
chevrolet,Astra,astra-advantage-2-0-8v-2009,0.0,0.0,127.6,5.0,Manual,Indefinido,Urbano
chevrolet,Astra,astra-advantage-2-0-8v-at-2009,0.0,0.0,0.0,5.0,Auto,Indefinido,Urbano
chevrolet,Astra,astra-elegance-2-0-8v-2009,0.0,0.0,0.0,5.0,Manual,Indefinido,Urbano
chevrolet,Astra,astra-advantage-2-0-8v-2010,0.0,0.0,140.0,5.0,Manual,Indefinido,Urbano
chevrolet,Astra,astra-advantage-2-0-8v-at-2010,0.0,0.0,140.0,5.0,Auto,Indefinido,Urbano
chevrolet,Astra,astra-advantage-2-0-8v-2011,0.0,0.0,140.0,5.0,Manual,Indefinido,Urbano
chevrolet,Astra,astra-advantage-2-0-8v-at-2011,0.0,0.0,140.0,5.0,Auto,Indefinido,Urbano
chevrolet,Astra Sedan,astra-sedan-gl-1-8-1999,0.0,0.0,110.0,5.0,Manual,Indefinido,Urbano
chevrolet,Astra Sedan,astra-sedan-gls-2-0-16v-1999,0.0,0.0,0.0,5.0,Manual,Indefinido,Urbano
chevrolet,Astra Sedan,astra-sedan-gls-2-0-8v-1999,0.0,0.0,112.0,5.0,Manual,Indefinido,Urbano
chevrolet,Astra Sedan,astra-sedan-gl-1-8-2000,0.0,0.0,110.0,5.0,Manual,Indefinido,Urbano
chevrolet,Astra Sedan,astra-sedan-gls-2-0-16v-2000,0.0,0.0,128.0,5.0,Manual,Indefinido,Urbano
chevrolet,Astra Sedan,astra-sedan-gls-2-0-8v-2000,0.0,0.0,112.0,5.0,Manual,Indefinido,Urbano
chevrolet,Astra Sedan,astra-sedan-milenium-1-8-8v-2000,0.0,0.0,0.0,5.0,Manual,Indefinido,Urbano
chevrolet,Astra Sedan,astra-sedan-advantage-2-0-16v-2001,0.0,0.0,136.0,5.0,Manual,Indefinido,Urbano
chevrolet,Astra Sedan,astra-sedan-gl-1-8-2001,0.0,0.0,110.0,5.0,Manual,Indefinido,Urbano
chevrolet,Astra Sedan,astra-sedan-gls-2-0-16v-2001,0.0,0.0,136.0,5.0,Manual,Indefinido,Urbano
chevrolet,Astra Sedan,astra-sedan-gls-2-0-8v-2001,0.0,0.0,0.0,5.0,Manual,Indefinido,Urbano
chevrolet,Astra Sedan,astra-sedan-milenium-1-8-8v-2001,0.0,0.0,110.0,5.0,Manual,Indefinido,Urbano
chevrolet,Astra Sedan,astra-sedan-2-0-8v-2002,0.0,0.0,116.0,5.0,Manual,Indefinido,Urbano
chevrolet,Astra Sedan,astra-sedan-cd-2-0-16v-2002,0.0,0.0,136.0,5.0,Manual,Indefinido,Urbano
chevrolet,Astra Sedan,astra-sedan-cd-2-0-8v-2002,0.0,0.0,116.0,5.0,Manual,Indefinido,Urbano
chevrolet,Astra Sedan,astra-sedan-cd-2-0-8v-at-2002,0.0,0.0,116.0,5.0,Auto,Indefinido,Urbano
chevrolet,Astra Sedan,astra-sedan-expression-2-0-8v-2002,0.0,0.0,116.0,5.0,Manual,Indefinido,Urbano
chevrolet,Astra Sedan,astra-sedan-gl-1-8-2002,0.0,0.0,0.0,5.0,Manual,Indefinido,Urbano
chevrolet,Astra Sedan,astra-sedan-2-0-8v-2003,0.0,0.0,0.0,5.0,Manual,Indefinido,Urbano
chevrolet,Astra Sedan,astra-sedan-2-0-8v-at-2003,0.0,0.0,0.0,5.0,Auto,Indefinido,Urbano
chevrolet,Astra Sedan,astra-sedan-cd-2-0-8v-2003,0.0,0.0,116.0,5.0,Manual,Indefinido,Urbano
chevrolet,Astra Sedan,astra-sedan-cd-2-0-8v-at-2003,0.0,0.0,116.0,5.0,Auto,Indefinido,Urbano
chevrolet,Astra Sedan,astra-sedan-gl-1-8-2003,0.0,0.0,110.0,5.0,Manual,Indefinido,Urbano
chevrolet,Astra Sedan,astra-sedan-2-0-8v-2004,0.0,0.0,0.0,5.0,Manual,Indefinido,Urbano
chevrolet,Astra Sedan,astra-sedan-2-0-8v-at-2004,0.0,0.0,0.0,5.0,Auto,Indefinido,Urbano
chevrolet,Astra Sedan,astra-sedan-cd-2-0-8v-2004,0.0,0.0,116.0,5.0,Manual,Indefinido,Urbano
chevrolet,Astra Sedan,astra-sedan-cd-2-0-8v-at-2004,0.0,0.0,116.0,5.0,Auto,Indefinido,Urbano
chevrolet,Astra Sedan,astra-sedan-gl-1-8-2004,0.0,0.0,110.0,5.0,Manual,Indefinido,Urbano
chevrolet,Astra Sedan,astra-sedan-comfort-1-8-8v-2005,0.0,0.0,110.0,5.0,Manual,Indefinido,Urbano
chevrolet,Astra Sedan,astra-sedan-comfort-2-0-8v-2005,0.0,0.0,127.6,5.0,Manual,Indefinido,Urbano
chevrolet,Astra Sedan,astra-sedan-elegance-2-0-8v-2005,0.0,0.0,0.0,5.0,Manual,Indefinido,Urbano
chevrolet,Astra Sedan,astra-sedan-elegance-2-0-8v-at-2005,0.0,0.0,0.0,5.0,Auto,Indefinido,Urbano
chevrolet,Astra Sedan,astra-sedan-elite-2-0-8v-2005,0.0,0.0,127.6,5.0,Manual,Indefinido,Urbano
chevrolet,Astra Sedan,astra-sedan-elite-2-0-8v-at-2005,0.0,0.0,127.6,5.0,Auto,Indefinido,Urbano
chevrolet,Astra Sedan,astra-sedan-comfort-2-0-8v-2006,0.0,0.0,127.6,5.0,Manual,Indefinido,Urbano
chevrolet,Astra Sedan,astra-sedan-elegance-2-0-8v-2006,0.0,0.0,0.0,5.0,Manual,Indefinido,Urbano
chevrolet,Astra Sedan,astra-sedan-elegance-2-0-8v-at-2006,0.0,0.0,0.0,5.0,Auto,Indefinido,Urbano
chevrolet,Astra Sedan,astra-sedan-elite-2-0-8v-at-2006,0.0,0.0,0.0,5.0,Auto,Indefinido,Urbano
chevrolet,Astra Sedan,astra-sedan-advantage-2-0-8v-2007,0.0,0.0,0.0,5.0,Manual,Indefinido,Urbano
chevrolet,Astra Sedan,astra-sedan-comfort-2-0-8v-2007,0.0,0.0,0.0,5.0,Manual,Indefinido,Urbano
chevrolet,Astra Sedan,astra-sedan-elegance-2-0-8v-2007,0.0,0.0,0.0,5.0,Manual,Indefinido,Urbano
chevrolet,Astra Sedan,astra-sedan-elegance-2-0-8v-at-2007,0.0,0.0,0.0,5.0,Auto,Indefinido,Urbano
chevrolet,Astra Sedan,astra-sedan-advantage-2-0-8v-2008,0.0,0.0,0.0,5.0,Manual,Indefinido,Urbano
chevrolet,Astra Sedan,astra-sedan-elegance-2-0-8v-2008,0.0,0.0,0.0,5.0,Manual,Indefinido,Urbano
chevrolet,Astra Sedan,astra-sedan-elegance-2-0-8v-at-2008,0.0,0.0,0.0,5.0,Auto,Indefinido,Urbano
chevrolet,Astra Sedan,astra-sedan-advantage-2-0-8v-2009,0.0,0.0,0.0,5.0,Manual,Indefinido,Urbano
chevrolet,Astra Sedan,astra-sedan-advantage-2-0-8v-at-2009,0.0,0.0,0.0,5.0,Auto,Indefinido,Urbano
chevrolet,Astra Sedan,astra-sedan-elegance-2-0-8v-2009,0.0,0.0,127.6,5.0,Manual,Indefinido,Urbano
chevrolet,Astra Sedan,astra-sedan-elegance-2-0-8v-at-2009,0.0,0.0,0.0,5.0,Auto,Indefinido,Urbano
chevrolet,Astra Sedan,astra-sedan-advantage-2-0-8v-2010,0.0,0.0,0.0,5.0,Manual,Indefinido,Urbano
chevrolet,Astra Sedan,astra-sedan-advantage-2-0-8v-at-2010,0.0,0.0,0.0,5.0,Auto,Indefinido,Urbano
chevrolet,Astra Sedan,astra-sedan-advantage-2-0-8v-2011,0.0,0.0,140.0,5.0,Manual,Indefinido,Urbano
chevrolet,Astra Sedan,astra-sedan-advantage-2-0-8v-at-2011,0.0,0.0,140.0,5.0,Auto,Indefinido,Urbano
chevrolet,Blazer,blazer-dlx-2-2-1996,0.0,0.0,106.0,5.0,Manual,Indefinido,Urbano
chevrolet,Blazer,blazer-dlx-4-3-v6-4x2-1996,0.0,0.0,0.0,5.0,Manual,Indefinido,Urbano
chevrolet,Blazer,blazer-std-2-2-1996,0.0,0.0,106.0,5.0,Manual,Indefinido,Urbano
chevrolet,Blazer,blazer-dlx-2-2-1997,0.0,0.0,106.0,5.0,Manual,Indefinido,Urbano
chevrolet,Blazer,blazer-dlx-2-5-turbodiesel-1997,0.0,0.0,95.0,5.0,Manual,Indefinido,Urbano
chevrolet,Blazer,blazer-dlx-4-3-v6-4x2-1997,0.0,0.0,180.0,5.0,Manual,Indefinido,Urbano
chevrolet,Blazer,blazer-dlx-4-3-v6-4x2-at-1997,0.0,0.0,180.0,5.0,Auto,Indefinido,Urbano
chevrolet,Blazer,blazer-executive-4-3-v6-4x2-1997,0.0,0.0,180.0,5.0,Manual,Indefinido,Urbano
chevrolet,Blazer,blazer-executive-4-3-v6-4x2-at-1997,0.0,0.0,180.0,5.0,Auto,Indefinido,Urbano
chevrolet,Blazer,blazer-executive-4-3-v6-4x4-1997,0.0,0.0,180.0,5.0,Manual,Indefinido,Urbano
chevrolet,Blazer,blazer-std-2-2-1997,0.0,0.0,106.0,5.0,Manual,Indefinido,Urbano
chevrolet,Blazer,blazer-std-2-5-turbodiesel-1997,0.0,0.0,95.0,5.0,Manual,Indefinido,Urbano
chevrolet,Blazer,blazer-dlx-2-2-1998,0.0,0.0,113.0,5.0,Manual,Indefinido,Urbano
chevrolet,Blazer,blazer-dlx-2-5-turbodiesel-1998,0.0,0.0,95.0,5.0,Manual,Indefinido,Urbano
chevrolet,Blazer,blazer-dlx-4-3-v6-4x2-1998,0.0,0.0,180.0,5.0,Manual,Indefinido,Urbano
chevrolet,Blazer,blazer-dlx-4-3-v6-4x2-at-1998,0.0,0.0,180.0,5.0,Auto,Indefinido,Urbano
chevrolet,Blazer,blazer-dlx-4-3-v6-4x4-1998,0.0,0.0,180.0,5.0,Manual,Indefinido,Urbano
chevrolet,Blazer,blazer-executive-4-3-v6-4x2-1998,0.0,0.0,180.0,5.0,Manual,Indefinido,Urbano
chevrolet,Blazer,blazer-executive-4-3-v6-4x2-at-1998,0.0,0.0,180.0,5.0,Auto,Indefinido,Urbano
chevrolet,Blazer,blazer-executive-4-3-v6-4x4-1998,0.0,0.0,0.0,5.0,Manual,Indefinido,Urbano
chevrolet,Blazer,blazer-executive-4-3-v6-4x4-at-1998,0.0,0.0,180.0,5.0,Auto,Indefinido,Urbano
chevrolet,Blazer,blazer-std-2-2-1998,0.0,0.0,113.0,5.0,Manual,Indefinido,Urbano
chevrolet,Blazer,blazer-std-4-3-v6-1998,0.0,0.0,180.0,5.0,Manual,Indefinido,Urbano
chevrolet,Blazer,blazer-dlx-2-2-1999,0.0,0.0,113.0,5.0,Manual,Indefinido,Urbano
chevrolet,Blazer,blazer-dlx-2-5-turbodiesel-1999,0.0,0.0,95.0,5.0,Manual,Indefinido,Urbano
chevrolet,Blazer,blazer-dlx-4-3-v6-4x2-1999,0.0,0.0,180.0,5.0,Manual,Indefinido,Urbano
chevrolet,Blazer,blazer-dlx-4-3-v6-4x2-at-1999,0.0,0.0,0.0,5.0,Auto,Indefinido,Urbano
chevrolet,Blazer,blazer-executive-4-3-v6-4x2-1999,0.0,0.0,0.0,5.0,Manual,Indefinido,Urbano
chevrolet,Blazer,blazer-executive-4-3-v6-4x2-at-1999,0.0,0.0,180.0,5.0,Auto,Indefinido,Urbano
chevrolet,Blazer,blazer-executive-4-3-v6-4x4-1999,0.0,0.0,180.0,5.0,Manual,Indefinido,Urbano
chevrolet,Blazer,blazer-executive-4-3-v6-4x4-at-1999,0.0,0.0,180.0,5.0,Auto,Indefinido,Urbano
chevrolet,Blazer,blazer-std-2-2-1999,0.0,0.0,113.0,5.0,Manual,Indefinido,Urbano
chevrolet,Blazer,blazer-dlx-2-8-turbodiesel-4x4-2000,0.0,0.0,132.0,5.0,Manual,Indefinido,Urbano
chevrolet,Blazer,blazer-dlx-4-3-v6-4x2-2000,0.0,0.0,180.0,5.0,Manual,Indefinido,Urbano
chevrolet,Blazer,blazer-dlx-4-3-v6-4x2-at-2000,0.0,0.0,0.0,5.0,Auto,Indefinido,Urbano
chevrolet,Blazer,blazer-executive-4-3-v6-4x2-2000,0.0,0.0,180.0,5.0,Manual,Indefinido,Urbano
chevrolet,Blazer,blazer-executive-4-3-v6-4x2-at-2000,0.0,0.0,0.0,5.0,Auto,Indefinido,Urbano
chevrolet,Blazer,blazer-executive-4-3-v6-4x4-2000,0.0,0.0,180.0,5.0,Manual,Indefinido,Urbano
chevrolet,Blazer,blazer-executive-4-3-v6-4x4-at-2000,0.0,0.0,180.0,5.0,Auto,Indefinido,Urbano
chevrolet,Blazer,blazer-std-2-2-2000,0.0,0.0,113.0,5.0,Manual,Indefinido,Urbano
chevrolet,Blazer,blazer-2-4-2001,0.0,0.0,128.0,5.0,Manual,Indefinido,Urbano
chevrolet,Blazer,blazer-dlx-2-8-turbodiesel-4x4-2001,0.0,0.0,132.0,5.0,Manual,Indefinido,Urbano
chevrolet,Blazer,blazer-executive-4-3-v6-4x2-at-2001,0.0,0.0,180.0,5.0,Auto,Indefinido,Urbano
chevrolet,Blazer,blazer-2-4-2002,0.0,0.0,128.0,5.0,Manual,Indefinido,Urbano
chevrolet,Blazer,blazer-dlx-2-8-turbodiesel-4x4-2002,0.0,0.0,132.0,5.0,Manual,Indefinido,Urbano
chevrolet,Blazer,blazer-dti-2-8-turbodiesel-4x2-2002,0.0,0.0,132.0,5.0,Manual,Indefinido,Urbano
chevrolet,Blazer,blazer-executive-4-3-v6-4x2-at-2002,0.0,0.0,192.0,5.0,Auto,Indefinido,Urbano
chevrolet,Blazer,blazer-2-4-2003,0.0,0.0,128.0,5.0,Manual,Indefinido,Urbano
chevrolet,Blazer,blazer-dlx-2-8-turbodiesel-4x4-2003,0.0,0.0,132.0,5.0,Manual,Indefinido,Urbano
chevrolet,Blazer,blazer-executive-4-3-v6-4x2-at-2003,0.0,0.0,192.0,5.0,Auto,Indefinido,Urbano
chevrolet,Blazer,blazer-2-4-2004,0.0,0.0,128.0,5.0,Manual,Indefinido,Urbano
chevrolet,Blazer,blazer-dlx-2-4-2004,0.0,0.0,128.0,5.0,Manual,Indefinido,Urbano
chevrolet,Blazer,blazer-dlx-2-8-turbodiesel-4x4-2004,0.0,0.0,132.0,5.0,Manual,Indefinido,Urbano
chevrolet,Blazer,blazer-dlx-4-3-v6-4x2-2004,0.0,0.0,192.0,5.0,Manual,Indefinido,Urbano
chevrolet,Blazer,blazer-dlx-4-3-v6-4x2-at-2004,0.0,0.0,192.0,5.0,Auto,Indefinido,Urbano
chevrolet,Blazer,blazer-executive-2-8-tdi-4x4-2004,0.0,0.0,132.0,5.0,Manual,Indefinido,Urbano
chevrolet,Blazer,blazer-executive-4-3-v6-4x2-at-2004,0.0,0.0,192.0,5.0,Auto,Indefinido,Urbano
chevrolet,Blazer,blazer-advantage-2-4-2005,0.0,0.0,128.0,5.0,Manual,Indefinido,Urbano
chevrolet,Blazer,blazer-colina-2-4-2005,0.0,0.0,128.0,5.0,Manual,Indefinido,Urbano
chevrolet,Blazer,blazer-colina-2-8-tdi-4x4-2005,0.0,0.0,132.0,5.0,Manual,Indefinido,Urbano
chevrolet,Blazer,blazer-dlx-2-8-turbodiesel-4x4-2005,0.0,0.0,132.0,5.0,Manual,Indefinido,Urbano
chevrolet,Blazer,blazer-executive-2-8-tdi-4x4-2005,0.0,0.0,132.0,5.0,Manual,Indefinido,Urbano
chevrolet,Blazer,blazer-tornado-2-4-2005,0.0,0.0,128.0,5.0,Manual,Indefinido,Urbano
chevrolet,Blazer,blazer-advantage-2-4-2006,0.0,0.0,128.0,5.0,Manual,Indefinido,Urbano
chevrolet,Blazer,blazer-colina-2-4-2006,0.0,0.0,0.0,5.0,Manual,Indefinido,Urbano
chevrolet,Blazer,blazer-colina-2-8-tdi-4x4-2006,0.0,0.0,140.0,5.0,Manual,Indefinido,Urbano
chevrolet,Blazer,blazer-executive-2-8-tdi-4x4-2006,0.0,0.0,140.0,5.0,Manual,Indefinido,Urbano
chevrolet,Blazer,blazer-tornado-2-4-2006,0.0,0.0,128.0,5.0,Manual,Indefinido,Urbano
chevrolet,Blazer,blazer-advantage-2-4-2007,0.0,0.0,147.0,5.0,Manual,Indefinido,Urbano
chevrolet,Blazer,blazer-colina-2-4-2007,0.0,0.0,128.0,5.0,Manual,Indefinido,Urbano
chevrolet,Blazer,blazer-colina-2-8-tdi-4x4-2007,0.0,0.0,140.0,5.0,Manual,Indefinido,Urbano
chevrolet,Blazer,blazer-executive-2-8-tdi-4x4-2007,0.0,0.0,140.0,5.0,Manual,Indefinido,Urbano
chevrolet,Blazer,blazer-tornado-2-4-2007,0.0,0.0,128.0,5.0,Manual,Indefinido,Urbano
chevrolet,Blazer,blazer-advantage-2-4-2008,0.0,0.0,0.0,5.0,Manual,Indefinido,Urbano
chevrolet,Blazer,blazer-colina-2-4-2008,0.0,0.0,0.0,5.0,Manual,Indefinido,Urbano
chevrolet,Blazer,blazer-colina-2-8-tdi-4x4-2008,0.0,0.0,140.0,5.0,Manual,Indefinido,Urbano
chevrolet,Blazer,blazer-executive-2-8-tdi-4x4-2008,0.0,0.0,140.0,5.0,Manual,Indefinido,Urbano
chevrolet,Blazer,blazer-advantage-2-4-2009,0.0,0.0,0.0,5.0,Manual,Indefinido,Urbano
chevrolet,Blazer,blazer-colina-2-4-2009,0.0,0.0,0.0,5.0,Manual,Indefinido,Urbano
chevrolet,Blazer,blazer-colina-2-8-tdi-4x4-2009,0.0,0.0,140.0,5.0,Manual,Indefinido,Urbano
chevrolet,Blazer,blazer-executive-2-8-tdi-4x4-2009,0.0,0.0,140.0,5.0,Manual,Indefinido,Urbano
chevrolet,Blazer,blazer-advantage-2-4-2010,0.0,0.0,147.0,5.0,Manual,Indefinido,Urbano
chevrolet,Blazer,blazer-colina-2-8-tdi-4x4-2010,0.0,0.0,140.0,5.0,Manual,Indefinido,Urbano
chevrolet,Blazer,blazer-executive-2-8-tdi-4x4-2010,0.0,0.0,140.0,5.0,Manual,Indefinido,Urbano
chevrolet,Blazer,blazer-advantage-2-4-2011,0.0,0.0,147.0,5.0,Manual,Indefinido,Urbano
chevrolet,Bolt,bolt-premier-2020,0.0,0.0,0.0,5.0,Auto,Indefinido,Urbano
chevrolet,Bolt,bolt-premier-2022,0.0,0.0,0.0,5.0,Auto,Indefinido,Urbano
chevrolet,Bonanza,bonanza-3-9-1990,0.0,0.0,86.4,5.0,Manual,Indefinido,Urbano
chevrolet,Bonanza,bonanza-4-1-1990,0.0,0.0,121.0,5.0,Manual,Indefinido,Urbano
chevrolet,Bonanza,bonanza-4-0-1992,0.0,0.0,92.0,5.0,Manual,Indefinido,Urbano
chevrolet,Bonanza,bonanza-4-0-turbo-1992,0.0,0.0,120.0,5.0,Manual,Indefinido,Urbano
chevrolet,Bonanza,bonanza-4-1-1992,0.0,0.0,121.0,5.0,Manual,Indefinido,Urbano
chevrolet,Bonanza,bonanza-4-1-1992-alcool,0.0,0.0,141.0,5.0,Manual,Indefinido,Urbano
chevrolet,Bonanza,bonanza-4-0-turbo-1993,0.0,0.0,120.0,5.0,Manual,Indefinido,Urbano
chevrolet,Bonanza,bonanza-4-1-1993,0.0,0.0,121.0,5.0,Manual,Indefinido,Urbano
chevrolet,Bonanza,bonanza-4-0-turbo-1994,0.0,0.0,120.0,5.0,Manual,Indefinido,Urbano
chevrolet,Bonanza,bonanza-4-1-1994,0.0,0.0,121.0,5.0,Manual,Indefinido,Urbano
chevrolet,C-10,c-10-4-3-cs-1975,0.0,0.0,151.0,5.0,Manual,Indefinido,Urbano
chevrolet,C-10,c-10-4-3-cs-1978,0.0,0.0,151.0,5.0,Manual,Indefinido,Urbano
chevrolet,C-10,c-10-chevy-4-2-5-cs-1978,0.0,0.0,87.0,5.0,Manual,Indefinido,Urbano
chevrolet,C-10,c-10-chevy-sl-4-3-cs-1978,0.0,0.0,151.0,5.0,Manual,Indefinido,Urbano
chevrolet,C-10,c-10-4-3-cs-1979,0.0,0.0,151.0,5.0,Manual,Indefinido,Urbano
chevrolet,C-10,c-10-4-3-cs-1980,0.0,0.0,151.0,5.0,Manual,Indefinido,Urbano
chevrolet,C-10,c-10-4-1-cd-1982,0.0,0.0,132.0,5.0,Manual,Indefinido,Urbano
chevrolet,C-10,c-10-4-1-cs-1982,0.0,0.0,132.0,5.0,Manual,Indefinido,Urbano
chevrolet,C-10,c-10-2-5-cs-1983,0.0,0.0,87.0,5.0,Manual,Indefinido,Urbano
chevrolet,C-10,c-10-4-1-cs-1985,0.0,0.0,132.0,5.0,Manual,Indefinido,Urbano
chevrolet,C-14,c-14-4-3-cs-1970,0.0,0.0,151.0,5.0,Manual,Indefinido,Urbano
chevrolet,C-14,c-14-4-3-cs-1973,0.0,0.0,151.0,5.0,Manual,Indefinido,Urbano
chevrolet,C-20,c-20-custom-s-4-1-cd-1986,0.0,0.0,118.0,5.0,Manual,Indefinido,Urbano
chevrolet,C-20,c-20-custom-s-4-1-cs-1986,0.0,0.0,118.0,5.0,Manual,Indefinido,Urbano
chevrolet,C-20,c-20-custom-s-4-1-cd-1988,0.0,0.0,118.0,5.0,Manual,Indefinido,Urbano
chevrolet,C-20,c-20-custom-s-4-1-cs-1988,0.0,0.0,118.0,5.0,Manual,Indefinido,Urbano
chevrolet,C-20,c-20-custom-s-4-1-cd-1990,0.0,0.0,118.0,5.0,Manual,Indefinido,Urbano
chevrolet,C-20,c-20-custom-s-4-1-cs-1990,0.0,0.0,118.0,5.0,Manual,Indefinido,Urbano
chevrolet,C-20,c-20-custom-s-4-1-cd-1992,0.0,0.0,118.0,5.0,Manual,Indefinido,Urbano
chevrolet,C-20,c-20-custom-s-4-1-cs-1992,0.0,0.0,118.0,5.0,Manual,Indefinido,Urbano
chevrolet,C-20,c-20-custom-s-4-1-cd-1994,0.0,0.0,118.0,5.0,Manual,Indefinido,Urbano
chevrolet,C-20,c-20-custom-s-4-1-cs-1994,0.0,0.0,118.0,5.0,Manual,Indefinido,Urbano
chevrolet,C-20,c-20-custom-s-4-1-cs-1996,0.0,0.0,138.0,5.0,Manual,Indefinido,Urbano
chevrolet,Calibra,calibra-2-0-16v-1994,0.0,0.0,150.0,5.0,Manual,Indefinido,Urbano
chevrolet,Calibra,calibra-2-0-16v-1995,0.0,0.0,150.0,5.0,Manual,Indefinido,Urbano
chevrolet,Calibra,calibra-2-0-16v-1996,0.0,0.0,150.0,5.0,Manual,Indefinido,Urbano
chevrolet,Camaro,camaro-ss-6-2-v8-2010,0.0,0.0,406.0,5.0,Auto,Indefinido,Urbano
chevrolet,Camaro,camaro-ss-6-2-v8-2011,0.0,0.0,406.0,5.0,Auto,Indefinido,Urbano
chevrolet,Camaro,camaro-ss-6-2-v8-2012,0.0,0.0,406.0,5.0,Auto,Indefinido,Urbano
chevrolet,Camaro,camaro-ss-6-2-v8-2013,0.0,0.0,406.0,5.0,Auto,Indefinido,Urbano
chevrolet,Camaro,camaro-ss-6-2-v8-2014,0.0,0.0,406.0,5.0,Auto,Indefinido,Urbano
chevrolet,Camaro,camaro-ss-6-2-v8-2015,0.0,0.0,406.0,5.0,Auto,Indefinido,Urbano
chevrolet,Camaro,camaro-fifty-6-2-v8-2017,0.0,0.0,461.0,5.0,Auto,Indefinido,Urbano
chevrolet,Camaro,camaro-ss-6-2-v8-2017,0.0,0.0,461.0,5.0,Auto,Indefinido,Urbano
chevrolet,Camaro,camaro-ss-6-2-v8-2018,0.0,0.0,461.0,5.0,Auto,Indefinido,Urbano
chevrolet,Camaro,camaro-ss-6-2-v8-2019,0.0,0.0,461.0,5.0,Auto,Indefinido,Urbano
chevrolet,Camaro,camaro-ss-6-2-v8-2020,0.0,0.0,461.0,5.0,Auto,Indefinido,Urbano
chevrolet,Camaro,camaro-ss-6-2-v8-2022,0.0,0.0,461.0,5.0,Auto,Indefinido,Urbano
chevrolet,Camaro,camaro-ss-6-2-v8-2023,0.0,0.0,461.0,5.0,Auto,Indefinido,Urbano
chevrolet,Camaro,camaro-collection-6-2-v8-2024,0.0,0.0,461.0,5.0,Auto,Indefinido,Urbano
chevrolet,Camaro,camaro-ss-6-2-v8-2024,0.0,0.0,461.0,5.0,Auto,Indefinido,Urbano
chevrolet,Camaro Conversível,camaro-conversivel-sunrise-ss-6-2-v8-2014,0.0,0.0,406.0,5.0,Auto,Indefinido,Urbano
chevrolet,Camaro Conversível,camaro-conversivel-sunrise-ss-6-2-v8-2015,0.0,0.0,406.0,5.0,Auto,Indefinido,Urbano
chevrolet,Camaro Conversível,camaro-conversivel-ss-6-2-v8-2017,0.0,0.0,461.0,5.0,Auto,Indefinido,Urbano
chevrolet,Camaro Conversível,camaro-conversivel-ss-6-2-v8-2018,0.0,0.0,461.0,5.0,Auto,Indefinido,Urbano
chevrolet,Camaro Conversível,camaro-conversivel-ss-6-2-v8-2019,0.0,0.0,461.0,5.0,Auto,Indefinido,Urbano
chevrolet,Camaro Conversível,camaro-conversivel-ss-6-2-v8-2020,0.0,0.0,461.0,5.0,Auto,Indefinido,Urbano
chevrolet,Camaro Conversível,camaro-conversivel-ss-6-2-v8-2022,0.0,0.0,461.0,5.0,Auto,Indefinido,Urbano
chevrolet,Caprice,caprice-4-3-v8-1994,0.0,0.0,203.0,5.0,Auto,Indefinido,Urbano
chevrolet,Caprice,caprice-4-3-v8-1995,0.0,0.0,203.0,5.0,Auto,Indefinido,Urbano
chevrolet,Captiva,captiva-sport-3-6-v6-4x2-2008,0.0,0.0,261.0,5.0,Auto,Indefinido,Urbano
chevrolet,Captiva,captiva-sport-3-6-v6-4x4-2008,0.0,0.0,261.0,5.0,Auto,Indefinido,Urbano
chevrolet,Captiva,captiva-sport-2-4-2009,0.0,0.0,171.0,5.0,Auto,Indefinido,Urbano
chevrolet,Captiva,captiva-sport-3-6-v6-4x2-2009,0.0,0.0,261.0,5.0,Auto,Indefinido,Urbano
chevrolet,Captiva,captiva-sport-3-6-v6-4x4-2009,0.0,0.0,261.0,5.0,Auto,Indefinido,Urbano
chevrolet,Captiva,captiva-sport-2-4-2010,0.0,0.0,171.0,5.0,Auto,Indefinido,Urbano
chevrolet,Captiva,captiva-sport-3-6-v6-4x2-2010,0.0,0.0,261.0,5.0,Auto,Indefinido,Urbano
chevrolet,Captiva,captiva-sport-3-6-v6-4x4-2010,0.0,0.0,261.0,5.0,Auto,Indefinido,Urbano
chevrolet,Captiva,captiva-sport-2-4-2011,0.0,0.0,185.0,5.0,Auto,Indefinido,Urbano
chevrolet,Captiva,captiva-sport-3-0-v6-4x2-2011,0.0,0.0,268.0,5.0,Auto,Indefinido,Urbano
chevrolet,Captiva,captiva-sport-3-0-v6-4x4-2011,0.0,0.0,268.0,5.0,Auto,Indefinido,Urbano
chevrolet,Captiva,captiva-sport-2-4-2012,0.0,0.0,185.0,5.0,Auto,Indefinido,Urbano
chevrolet,Captiva,captiva-sport-3-0-v6-4x2-2012,0.0,0.0,268.0,5.0,Auto,Indefinido,Urbano
chevrolet,Captiva,captiva-sport-3-0-v6-4x4-2012,0.0,0.0,268.0,5.0,Auto,Indefinido,Urbano
chevrolet,Captiva,captiva-sport-2-4-2013,0.0,0.0,185.0,5.0,Auto,Indefinido,Urbano
chevrolet,Captiva,captiva-sport-3-0-v6-4x4-2013,0.0,0.0,268.0,5.0,Auto,Indefinido,Urbano
chevrolet,Captiva,captiva-sport-2-4-2014,0.0,0.0,185.0,5.0,Auto,Indefinido,Urbano
chevrolet,Captiva,captiva-sport-2-4-2015,0.0,0.0,184.0,5.0,Auto,Indefinido,Urbano
chevrolet,Captiva,captiva-sport-2-4-2016,0.0,0.0,184.0,5.0,Auto,Indefinido,Urbano
chevrolet,Captiva,captiva-sport-2-4-2017,0.0,0.0,184.0,5.0,Auto,Indefinido,Urbano
chevrolet,Caravan,caravan-2-5-1975,0.0,0.0,98.0,5.0,Manual,Indefinido,Urbano
chevrolet,Caravan,caravan-4-1-1975,0.0,0.0,171.0,5.0,Manual,Indefinido,Urbano
chevrolet,Caravan,caravan-2-5-1976,0.0,0.0,98.0,5.0,Manual,Indefinido,Urbano
chevrolet,Caravan,caravan-2-5-1977,0.0,0.0,98.0,5.0,Manual,Indefinido,Urbano
chevrolet,Caravan,caravan-comodoro-2-5-1979,0.0,0.0,98.0,5.0,Manual,Indefinido,Urbano
chevrolet,Caravan,caravan-comodoro-4-1-1979,0.0,0.0,171.0,5.0,Manual,Indefinido,Urbano
chevrolet,Caravan,caravan-ss-4-1-1979,0.0,0.0,171.0,5.0,Manual,Indefinido,Urbano
chevrolet,Caravan,caravan-comodoro-2-5-1980,0.0,0.0,0.0,5.0,Manual,Indefinido,Urbano
chevrolet,Caravan,caravan-ss-4-1-1980,0.0,0.0,171.0,5.0,Manual,Indefinido,Urbano
chevrolet,Caravan,caravan-comodoro-2-5-1981,0.0,0.0,98.0,5.0,Manual,Indefinido,Urbano
chevrolet,Caravan,caravan-comodoro-2-5-1983,0.0,0.0,76.0,5.0,Manual,Indefinido,Urbano
chevrolet,Caravan,caravan-2-5-1985,0.0,0.0,76.0,5.0,Manual,Indefinido,Urbano
chevrolet,Caravan,caravan-comodoro-2-5-1985,0.0,0.0,76.0,5.0,Manual,Indefinido,Urbano
chevrolet,Caravan,caravan-diplomata-4-1-1985,0.0,0.0,135.0,5.0,Manual,Indefinido,Urbano
chevrolet,Caravan,caravan-diplomata-4-1-at-1985,0.0,0.0,135.0,5.0,Auto,Indefinido,Urbano
chevrolet,Caravan,caravan-2-5-1986,0.0,0.0,76.0,5.0,Manual,Indefinido,Urbano
chevrolet,Caravan,caravan-comodoro-2-5-1986,0.0,0.0,88.0,5.0,Manual,Indefinido,Urbano
chevrolet,Caravan,caravan-diplomata-4-1-1986,0.0,0.0,135.0,5.0,Manual,Indefinido,Urbano
chevrolet,Caravan,caravan-diplomata-4-1-1988,0.0,0.0,135.0,5.0,Manual,Indefinido,Urbano
chevrolet,Caravan,caravan-comodoro-2-5-1989,0.0,0.0,82.0,5.0,Manual,Indefinido,Urbano
chevrolet,Caravan,caravan-diplomata-4-1-1989,0.0,0.0,135.0,5.0,Manual,Indefinido,Urbano
chevrolet,Caravan,caravan-sl-2-5-1989,0.0,0.0,82.0,5.0,Manual,Indefinido,Urbano
chevrolet,Caravan,caravan-comodoro-2-5-1990,0.0,0.0,82.0,5.0,Manual,Indefinido,Urbano
chevrolet,Caravan,caravan-diplomata-4-1-1990,0.0,0.0,135.0,5.0,Manual,Indefinido,Urbano
chevrolet,Caravan,caravan-comodoro-4-1-1991,0.0,0.0,121.0,5.0,Manual,Indefinido,Urbano
chevrolet,Caravan,caravan-diplomata-4-1-1991,0.0,0.0,121.0,5.0,Manual,Indefinido,Urbano
chevrolet,Caravan,caravan-comodoro-4-1-1992,0.0,0.0,121.0,5.0,Manual,Indefinido,Urbano
chevrolet,Caravan,caravan-diplomata-4-1-1992,0.0,0.0,121.0,5.0,Manual,Indefinido,Urbano
chevrolet,Celta,celta-1-0-2001,0.0,0.0,60.0,5.0,Manual,Indefinido,Urbano
chevrolet,Celta,celta-1-0-2002,0.0,0.0,60.0,5.0,Manual,Indefinido,Urbano
chevrolet,Celta,celta-super-1-0-2002,0.0,0.0,60.0,5.0,Manual,Indefinido,Urbano
chevrolet,Celta,celta-1-0-2003,0.0,0.0,70.0,5.0,Manual,Indefinido,Urbano
chevrolet,Celta,celta-1-0-2003-gasolina,0.0,0.0,70.0,5.0,Manual,Indefinido,Urbano
chevrolet,Celta,celta-piquet-1-0-2003,0.0,0.0,70.0,5.0,Manual,Indefinido,Urbano
chevrolet,Celta,celta-super-1-0-2003,0.0,0.0,70.0,5.0,Manual,Indefinido,Urbano
chevrolet,Celta,celta-super-1-0-2003-gasolina,0.0,0.0,70.0,5.0,Manual,Indefinido,Urbano
chevrolet,Celta,celta-1-0-2004,0.0,0.0,70.0,5.0,Manual,Indefinido,Urbano
chevrolet,Celta,celta-1-0-2004-gasolina,0.0,0.0,70.0,5.0,Manual,Indefinido,Urbano
chevrolet,Celta,celta-1-4-2004,0.0,0.0,85.0,5.0,Manual,Indefinido,Urbano
chevrolet,Celta,celta-energy-1-4-2004,0.0,0.0,85.0,5.0,Manual,Indefinido,Urbano
chevrolet,Celta,celta-super-1-0-2004,0.0,0.0,0.0,5.0,Manual,Indefinido,Urbano
chevrolet,Celta,celta-super-1-4-2004,0.0,0.0,85.0,5.0,Manual,Indefinido,Urbano
chevrolet,Celta,celta-life-1-0-2005,0.0,0.0,70.0,5.0,Manual,Indefinido,Urbano
chevrolet,Celta,celta-life-1-0-2005-gasolina,0.0,0.0,70.0,5.0,Manual,Indefinido,Urbano
chevrolet,Celta,celta-life-1-4-2005,0.0,0.0,85.0,5.0,Manual,Indefinido,Urbano
chevrolet,Celta,celta-off-road-1-4-2005,0.0,0.0,85.0,5.0,Manual,Indefinido,Urbano
chevrolet,Celta,celta-spirit-1-0-2005-gasolina,0.0,0.0,70.0,5.0,Manual,Indefinido,Urbano
chevrolet,Celta,celta-spirit-1-0-2005,0.0,0.0,70.0,5.0,Manual,Indefinido,Urbano
chevrolet,Celta,celta-spirit-1-4-2005-gasolina,0.0,0.0,85.0,5.0,Manual,Indefinido,Urbano
chevrolet,Celta,celta-spirit-1-4-2005,0.0,0.0,85.0,5.0,Manual,Indefinido,Urbano
chevrolet,Celta,celta-super-1-0-2005,0.0,0.0,70.0,5.0,Manual,Indefinido,Urbano
chevrolet,Celta,celta-super-1-4-2005,0.0,0.0,85.0,5.0,Manual,Indefinido,Urbano
chevrolet,Celta,celta-life-1-0-2006-flex,0.0,0.0,70.0,5.0,Manual,Indefinido,Urbano
chevrolet,Celta,celta-life-1-0-2006,0.0,0.0,70.0,5.0,Manual,Indefinido,Urbano
chevrolet,Celta,celta-life-1-4-2006,0.0,0.0,85.0,5.0,Manual,Indefinido,Urbano
chevrolet,Celta,celta-spirit-1-0-2006,0.0,0.0,0.0,5.0,Manual,Indefinido,Urbano
chevrolet,Celta,celta-spirit-1-4-2006,0.0,0.0,0.0,5.0,Manual,Indefinido,Urbano
chevrolet,Celta,celta-super-1-0-2006-flex,0.0,0.0,70.0,5.0,Manual,Indefinido,Urbano
chevrolet,Celta,celta-super-1-0-2006,0.0,0.0,0.0,5.0,Manual,Indefinido,Urbano
chevrolet,Celta,celta-super-1-4-2006,0.0,0.0,85.0,5.0,Manual,Indefinido,Urbano
chevrolet,Celta,celta-life-1-0-2007,0.0,0.0,70.0,5.0,Manual,Indefinido,Urbano
chevrolet,Celta,celta-life-1-0-2007-flex,0.0,0.0,70.0,5.0,Manual,Indefinido,Urbano
chevrolet,Celta,celta-life-1-4-2007,0.0,0.0,0.0,5.0,Manual,Indefinido,Urbano
chevrolet,Celta,celta-spirit-1-0-2007,0.0,0.0,70.0,5.0,Manual,Indefinido,Urbano
chevrolet,Celta,celta-spirit-1-4-2007,0.0,0.0,0.0,5.0,Manual,Indefinido,Urbano
chevrolet,Celta,celta-super-1-0-2007,0.0,0.0,70.0,5.0,Manual,Indefinido,Urbano
chevrolet,Celta,celta-super-1-0-2007-flex,0.0,0.0,0.0,5.0,Manual,Indefinido,Urbano
chevrolet,Celta,celta-super-1-4-2007,0.0,0.0,0.0,5.0,Manual,Indefinido,Urbano
chevrolet,Celta,celta-life-1-0-2008,0.0,0.0,70.0,5.0,Manual,Indefinido,Urbano
chevrolet,Celta,celta-life-1-0-2008-flex,0.0,0.0,70.0,5.0,Manual,Indefinido,Urbano
chevrolet,Celta,celta-spirit-1-0-2008-flex,0.0,0.0,0.0,5.0,Manual,Indefinido,Urbano
chevrolet,Celta,celta-spirit-1-0-2008,0.0,0.0,70.0,5.0,Manual,Indefinido,Urbano
chevrolet,Celta,celta-super-1-0-2008-flex,0.0,0.0,0.0,5.0,Manual,Indefinido,Urbano
chevrolet,Celta,celta-super-1-0-2008,0.0,0.0,70.0,5.0,Manual,Indefinido,Urbano
chevrolet,Celta,celta-life-1-0-2009-flex,0.0,0.0,78.0,5.0,Manual,Indefinido,Urbano
chevrolet,Celta,celta-life-1-0-2009,0.0,0.0,78.0,5.0,Manual,Indefinido,Urbano
chevrolet,Celta,celta-spirit-1-0-2009-flex,0.0,0.0,0.0,5.0,Manual,Indefinido,Urbano
chevrolet,Celta,celta-spirit-1-0-2009,0.0,0.0,78.0,5.0,Manual,Indefinido,Urbano
chevrolet,Celta,celta-super-1-0-2009,0.0,0.0,78.0,5.0,Manual,Indefinido,Urbano
chevrolet,Celta,celta-life-1-0-2010,0.0,0.0,78.0,5.0,Manual,Indefinido,Urbano
chevrolet,Celta,celta-life-1-0-2010-flex,0.0,0.0,78.0,5.0,Manual,Indefinido,Urbano
chevrolet,Celta,celta-spirit-1-0-2010-flex,0.0,0.0,78.0,5.0,Manual,Indefinido,Urbano
chevrolet,Celta,celta-spirit-1-0-2010,0.0,0.0,78.0,5.0,Manual,Indefinido,Urbano
chevrolet,Celta,celta-life-1-0-2011,0.0,0.0,78.0,5.0,Manual,Indefinido,Urbano
chevrolet,Celta,celta-life-1-0-2011-flex,0.0,0.0,78.0,5.0,Manual,Indefinido,Urbano
chevrolet,Celta,celta-spirit-1-0-2011-flex,0.0,0.0,0.0,5.0,Manual,Indefinido,Urbano
chevrolet,Celta,celta-spirit-1-0-2011,0.0,0.0,78.0,5.0,Manual,Indefinido,Urbano
chevrolet,Celta,celta-ls-1-0-2012-flex,0.0,0.0,78.0,5.0,Manual,Indefinido,Urbano
chevrolet,Celta,celta-ls-1-0-2012,0.0,0.0,78.0,5.0,Manual,Indefinido,Urbano
chevrolet,Celta,celta-lt-1-0-2012,0.0,0.0,78.0,5.0,Manual,Indefinido,Urbano
chevrolet,Celta,celta-ls-1-0-2013-flex,0.0,0.0,0.0,5.0,Manual,Indefinido,Urbano
chevrolet,Celta,celta-ls-1-0-2013,0.0,0.0,78.0,5.0,Manual,Indefinido,Urbano
chevrolet,Celta,celta-lt-1-0-2013,0.0,0.0,78.0,5.0,Manual,Indefinido,Urbano
chevrolet,Celta,celta-advantage-1-0-2014,0.0,0.0,78.0,5.0,Manual,Indefinido,Urbano
chevrolet,Celta,celta-ls-1-0-2014-flex,0.0,0.0,78.0,5.0,Manual,Indefinido,Urbano
chevrolet,Celta,celta-ls-1-0-2014,0.0,0.0,78.0,5.0,Manual,Indefinido,Urbano
chevrolet,Celta,celta-lt-1-0-2014,0.0,0.0,78.0,5.0,Manual,Indefinido,Urbano
chevrolet,Celta,celta-lt-1-0-2015,0.0,0.0,78.0,5.0,Manual,Indefinido,Urbano
chevrolet,Celta,celta-lt-1-0-2016,0.0,0.0,0.0,5.0,Manual,Indefinido,Urbano
chevrolet,Chevette,chevette-1-4-1973,0.0,0.0,68.0,5.0,Manual,Indefinido,Urbano
chevrolet,Chevette,chevette-1-4-1974,0.0,0.0,68.0,5.0,Manual,Indefinido,Urbano
chevrolet,Chevette,chevette-1-4-1975,0.0,0.0,68.0,5.0,Manual,Indefinido,Urbano
chevrolet,Chevette,chevette-gp-1-4-1975,0.0,0.0,72.0,5.0,Manual,Indefinido,Urbano
chevrolet,Chevette,chevette-pais-tropical-1-4-1976,0.0,0.0,68.0,5.0,Manual,Indefinido,Urbano
chevrolet,Chevette,chevette-sl-1-4-1976,0.0,0.0,68.0,5.0,Manual,Indefinido,Urbano
chevrolet,Chevette,chevette-gp-ii-1-4-1977,0.0,0.0,72.0,5.0,Manual,Indefinido,Urbano
chevrolet,Chevette,chevette-gp-1-4-1978,0.0,0.0,72.0,5.0,Manual,Indefinido,Urbano
chevrolet,Chevette,chevette-sl-1-4-1978-gasolina,0.0,0.0,68.0,5.0,Manual,Indefinido,Urbano
chevrolet,Chevette,chevette-sl-1-4-1978,0.0,0.0,68.0,5.0,Manual,Indefinido,Urbano
chevrolet,Chevette,chevette-jeans-1-4-1979,0.0,0.0,68.0,5.0,Manual,Indefinido,Urbano
chevrolet,Chevette,chevette-l-1-4-1979,0.0,0.0,68.0,5.0,Manual,Indefinido,Urbano
chevrolet,Chevette,chevette-sl-1-4-1979-gasolina,0.0,0.0,68.0,5.0,Manual,Indefinido,Urbano
chevrolet,Chevette,chevette-sl-1-4-1979,0.0,0.0,68.0,5.0,Manual,Indefinido,Urbano
chevrolet,Chevette,chevette-sl-1-4-1980,0.0,0.0,68.0,5.0,Manual,Indefinido,Urbano
chevrolet,Chevette,chevette-sl-1-4-1980-gasolina,0.0,0.0,68.0,5.0,Manual,Indefinido,Urbano
chevrolet,Chevette,chevette-sl-1-4-1981,0.0,0.0,68.0,5.0,Manual,Indefinido,Urbano
chevrolet,Chevette,chevette-sl-1-4-1981-gasolina,0.0,0.0,68.0,5.0,Manual,Indefinido,Urbano
chevrolet,Chevette,chevette-ouro-preto-1-6-1982,0.0,0.0,0.0,5.0,Manual,Indefinido,Urbano
chevrolet,Chevette,chevette-sl-1-4-1982,0.0,0.0,68.0,5.0,Manual,Indefinido,Urbano
chevrolet,Chevette,chevette-1-4-1983,0.0,0.0,0.0,5.0,Manual,Indefinido,Urbano
chevrolet,Chevette,chevette-sl-1-6-1983-alcool,0.0,0.0,72.0,5.0,Manual,Indefinido,Urbano
chevrolet,Chevette,chevette-sl-1-6-1983,0.0,0.0,72.0,5.0,Manual,Indefinido,Urbano
chevrolet,Chevette,chevette-silver-line-1-6-1984,0.0,0.0,72.0,5.0,Manual,Indefinido,Urbano
chevrolet,Chevette,chevette-sl-1-6-1984,0.0,0.0,72.0,5.0,Manual,Indefinido,Urbano
chevrolet,Chevette,chevette-sl-1-6-1984-alcool,0.0,0.0,72.0,5.0,Manual,Indefinido,Urbano
chevrolet,Chevette,chevette-l-1-6-1985,0.0,0.0,72.0,5.0,Manual,Indefinido,Urbano
chevrolet,Chevette,chevette-sl-1-6-1985,0.0,0.0,0.0,5.0,Manual,Indefinido,Urbano
chevrolet,Chevette,chevette-sl-1-6-at-1985,0.0,0.0,72.0,5.0,Auto,Indefinido,Urbano
chevrolet,Chevette,chevette-sl-1-6-1986-alcool,0.0,0.0,72.0,5.0,Manual,Indefinido,Urbano
chevrolet,Chevette,chevette-sl-1-6-1986,0.0,0.0,72.0,5.0,Manual,Indefinido,Urbano
chevrolet,Chevette,chevette-se-1-6-1987,0.0,0.0,69.0,5.0,Manual,Indefinido,Urbano
chevrolet,Chevette,chevette-se-1-6-at-1987,0.0,0.0,81.0,5.0,Auto,Indefinido,Urbano
chevrolet,Chevette,chevette-se-1-6-at-1987-alcool,0.0,0.0,81.0,5.0,Auto,Indefinido,Urbano
chevrolet,Chevette,chevette-sl-1-6-1987,0.0,0.0,72.0,5.0,Manual,Indefinido,Urbano
chevrolet,Chevette,chevette-se-1-6-at-1988,0.0,0.0,81.0,5.0,Auto,Indefinido,Urbano
chevrolet,Chevette,chevette-sl-1-6-1988,0.0,0.0,73.0,5.0,Manual,Indefinido,Urbano
chevrolet,Chevette,chevette-sl-e-1-6-1988-alcool,0.0,0.0,72.0,5.0,Manual,Indefinido,Urbano
chevrolet,Chevette,chevette-sl-e-1-6-1988,0.0,0.0,73.0,5.0,Manual,Indefinido,Urbano
chevrolet,Chevette,chevette-sl-1-6-1989,0.0,0.0,73.0,5.0,Manual,Indefinido,Urbano
chevrolet,Chevette,chevette-sl-e-1-6-1989,0.0,0.0,73.0,5.0,Manual,Indefinido,Urbano
chevrolet,Chevette,chevette-sl-e-1-6-at-1989,0.0,0.0,81.0,5.0,Auto,Indefinido,Urbano
chevrolet,Chevette,chevette-sl-1-6-1990,0.0,0.0,73.0,5.0,Manual,Indefinido,Urbano
chevrolet,Chevette,chevette-sl-1-6-at-1990,0.0,0.0,81.0,5.0,Auto,Indefinido,Urbano
chevrolet,Chevette,chevette-sl-e-1-6-1990,0.0,0.0,73.0,5.0,Manual,Indefinido,Urbano
chevrolet,Chevette,chevette-dl-1-6-1991,0.0,0.0,73.0,5.0,Manual,Indefinido,Urbano
chevrolet,Chevette,chevette-dl-1-6-1992,0.0,0.0,73.0,5.0,Manual,Indefinido,Urbano
chevrolet,Chevette,chevette-junior-1-0-1992,0.0,0.0,50.0,5.0,Manual,Indefinido,Urbano
chevrolet,Chevette,chevette-dl-1-6-1993,0.0,0.0,73.0,5.0,Manual,Indefinido,Urbano
chevrolet,Chevette,chevette-junior-1-0-1993,0.0,0.0,50.0,5.0,Manual,Indefinido,Urbano
chevrolet,Chevette,chevette-l-1-6-1993,0.0,0.0,81.0,5.0,Manual,Indefinido,Urbano
chevrolet,Chevette Hatch,chevette-hatch-sl-1-4-1980,0.0,0.0,68.0,5.0,Manual,Indefinido,Urbano
chevrolet,Chevette Hatch,chevette-hatch-s-r-1-6-1981,0.0,0.0,80.0,5.0,Manual,Indefinido,Urbano
chevrolet,Chevette Hatch,chevette-hatch-sl-1-4-1981,0.0,0.0,68.0,5.0,Manual,Indefinido,Urbano
chevrolet,Chevette Hatch,chevette-hatch-s-r-1-6-1982,0.0,0.0,80.0,5.0,Manual,Indefinido,Urbano
chevrolet,Chevette Hatch,chevette-hatch-sl-1-4-1982,0.0,0.0,68.0,5.0,Manual,Indefinido,Urbano
chevrolet,Chevette Hatch,chevette-hatch-sl-1-6-1983,0.0,0.0,72.0,5.0,Manual,Indefinido,Urbano
chevrolet,Chevette Hatch,chevette-hatch-sl-1-6-1984,0.0,0.0,72.0,5.0,Manual,Indefinido,Urbano
chevrolet,Chevette Hatch,chevette-hatch-sl-1-6-1985,0.0,0.0,72.0,5.0,Manual,Indefinido,Urbano
chevrolet,Chevette Hatch,chevette-hatch-l-1-6-1986,0.0,0.0,0.0,5.0,Manual,Indefinido,Urbano
chevrolet,Chevette Hatch,chevette-hatch-se-1-6-1987,0.0,0.0,72.0,5.0,Manual,Indefinido,Urbano
chevrolet,Chevy 500,chevy-500-sl-1-6-1984,0.0,0.0,72.0,5.0,Manual,Indefinido,Urbano
chevrolet,Chevy 500,chevy-500-sl-1-6-1985,0.0,0.0,72.0,5.0,Manual,Indefinido,Urbano
chevrolet,Chevy 500,chevy-500-sl-e-1-6-1988,0.0,0.0,82.0,5.0,Manual,Indefinido,Urbano
chevrolet,Chevy 500,chevy-500-sl-e-1-6-at-1988,0.0,0.0,81.0,5.0,Auto,Indefinido,Urbano
chevrolet,Chevy 500,chevy-500-sl-e-1-6-1989,0.0,0.0,81.0,5.0,Manual,Indefinido,Urbano
chevrolet,Chevy 500,chevy-500-sl-e-1-6-1990,0.0,0.0,0.0,5.0,Manual,Indefinido,Urbano
chevrolet,Chevy 500,chevy-500-dl-1-6-1991,0.0,0.0,73.0,5.0,Manual,Indefinido,Urbano
chevrolet,Chevy 500,chevy-500-sl-1-6-1991,0.0,0.0,73.0,5.0,Manual,Indefinido,Urbano
chevrolet,Chevy 500,chevy-500-dl-1-6-1992,0.0,0.0,73.0,5.0,Manual,Indefinido,Urbano
chevrolet,Chevy 500,chevy-500-camping-1-6-1993,0.0,0.0,73.0,5.0,Manual,Indefinido,Urbano
chevrolet,Chevy 500,chevy-500-dl-1-6-1993,0.0,0.0,71.0,5.0,Manual,Indefinido,Urbano
chevrolet,Chevy 500,chevy-500-dl-1-6-1994,0.0,0.0,71.0,5.0,Manual,Indefinido,Urbano
chevrolet,Chevy 500,chevy-500-dl-1-6-1995,0.0,0.0,71.0,5.0,Manual,Indefinido,Urbano
chevrolet,Classic,classic-life-1-0-2005,0.0,0.0,70.0,5.0,Manual,Indefinido,Urbano
chevrolet,Classic,classic-life-1-6-2005,0.0,0.0,92.0,5.0,Manual,Indefinido,Urbano
chevrolet,Classic,classic-spirit-1-0-2005-alcool,0.0,0.0,64.0,5.0,Manual,Indefinido,Urbano
chevrolet,Classic,classic-spirit-1-0-2005,0.0,0.0,70.0,5.0,Manual,Indefinido,Urbano
chevrolet,Classic,classic-spirit-1-6-2005,0.0,0.0,92.0,5.0,Manual,Indefinido,Urbano
chevrolet,Classic,classic-spirit-1-6-at-2005,0.0,0.0,92.0,5.0,Auto,Indefinido,Urbano
chevrolet,Classic,classic-super-1-0-2005,0.0,0.0,70.0,5.0,Manual,Indefinido,Urbano
chevrolet,Classic,classic-super-1-6-2005,0.0,0.0,92.0,5.0,Manual,Indefinido,Urbano
chevrolet,Classic,classic-super-1-6-at-2005,0.0,0.0,92.0,5.0,Auto,Indefinido,Urbano
chevrolet,Classic,classic-life-1-0-2006,0.0,0.0,72.0,5.0,Manual,Indefinido,Urbano
chevrolet,Classic,classic-life-1-6-2006,0.0,0.0,0.0,5.0,Manual,Indefinido,Urbano
chevrolet,Classic,classic-spirit-1-0-2006,0.0,0.0,72.0,5.0,Manual,Indefinido,Urbano
chevrolet,Classic,classic-spirit-1-6-2006,0.0,0.0,92.0,5.0,Manual,Indefinido,Urbano
chevrolet,Classic,classic-spirit-1-6-at-2006,0.0,0.0,92.0,5.0,Auto,Indefinido,Urbano
chevrolet,Classic,classic-super-1-0-2006,0.0,0.0,0.0,5.0,Manual,Indefinido,Urbano
chevrolet,Classic,classic-super-1-6-2006,0.0,0.0,92.0,5.0,Manual,Indefinido,Urbano
chevrolet,Classic,classic-life-1-0-2007,0.0,0.0,72.0,5.0,Manual,Indefinido,Urbano
chevrolet,Classic,classic-life-1-6-2007,0.0,0.0,92.0,5.0,Manual,Indefinido,Urbano
chevrolet,Classic,classic-spirit-1-0-2007,0.0,0.0,72.0,5.0,Manual,Indefinido,Urbano
chevrolet,Classic,classic-spirit-1-6-2007,0.0,0.0,92.0,5.0,Manual,Indefinido,Urbano
chevrolet,Classic,classic-super-1-0-2007,0.0,0.0,0.0,5.0,Manual,Indefinido,Urbano
chevrolet,Classic,classic-life-1-0-2008,0.0,0.0,72.0,5.0,Manual,Indefinido,Urbano
chevrolet,Classic,classic-spirit-1-0-2008,0.0,0.0,72.0,5.0,Manual,Indefinido,Urbano
chevrolet,Classic,classic-super-1-0-2008,0.0,0.0,0.0,5.0,Manual,Indefinido,Urbano
chevrolet,Classic,classic-life-1-0-2009,0.0,0.0,72.0,5.0,Manual,Indefinido,Urbano
chevrolet,Classic,classic-spirit-1-0-2009,0.0,0.0,72.0,5.0,Manual,Indefinido,Urbano
chevrolet,Classic,classic-super-1-0-2009,0.0,0.0,0.0,5.0,Manual,Indefinido,Urbano
chevrolet,Classic,classic-1-0-2010,0.0,0.0,78.0,5.0,Manual,Indefinido,Urbano
chevrolet,Classic,classic-life-1-0-2010,0.0,0.0,0.0,5.0,Manual,Indefinido,Urbano
chevrolet,Classic,classic-ls-1-0-2011,0.0,0.0,78.0,5.0,Manual,Indefinido,Urbano
chevrolet,Classic,classic-ls-1-0-2012,0.0,0.0,78.0,5.0,Manual,Indefinido,Urbano
chevrolet,Classic,classic-ls-1-0-2013,0.0,0.0,78.0,5.0,Manual,Indefinido,Urbano
chevrolet,Classic,classic-advantage-1-0-2014,0.0,0.0,78.0,5.0,Manual,Indefinido,Urbano
chevrolet,Classic,classic-ls-1-0-2014,0.0,0.0,78.0,5.0,Manual,Indefinido,Urbano
chevrolet,Classic,classic-advantage-1-0-2015,0.0,0.0,78.0,5.0,Manual,Indefinido,Urbano
chevrolet,Classic,classic-ls-1-0-2015,0.0,0.0,78.0,5.0,Manual,Indefinido,Urbano
chevrolet,Classic,classic-ls-1-0-2016,0.0,0.0,78.0,5.0,Manual,Indefinido,Urbano
chevrolet,Cobalt,cobalt-ls-1-4-2012,0.0,0.0,102.0,5.0,Manual,Indefinido,Urbano
chevrolet,Cobalt,cobalt-lt-1-4-2012,0.0,0.0,102.0,5.0,Manual,Indefinido,Urbano
chevrolet,Cobalt,cobalt-ltz-1-4-2012,0.0,0.0,102.0,5.0,Manual,Indefinido,Urbano
chevrolet,Cobalt,cobalt-ls-1-4-2013,0.0,0.0,102.0,5.0,Manual,Indefinido,Urbano
chevrolet,Cobalt,cobalt-lt-1-4-2013,0.0,0.0,102.0,5.0,Manual,Indefinido,Urbano
chevrolet,Cobalt,cobalt-lt-1-8-2013,0.0,0.0,108.0,5.0,Manual,Indefinido,Urbano
chevrolet,Cobalt,cobalt-lt-1-8-at-2013,0.0,0.0,108.0,5.0,Auto,Indefinido,Urbano
chevrolet,Cobalt,cobalt-ltz-1-4-2013,0.0,0.0,102.0,5.0,Manual,Indefinido,Urbano
chevrolet,Cobalt,cobalt-ltz-1-8-2013,0.0,0.0,108.0,5.0,Manual,Indefinido,Urbano
chevrolet,Cobalt,cobalt-ltz-1-8-at-2013,0.0,0.0,108.0,5.0,Auto,Indefinido,Urbano
chevrolet,Cobalt,cobalt-advantage-1-4-2014,0.0,0.0,102.0,5.0,Manual,Indefinido,Urbano
chevrolet,Cobalt,cobalt-advantage-1-8-at-2014,0.0,0.0,108.0,5.0,Auto,Indefinido,Urbano
chevrolet,Cobalt,cobalt-ls-1-4-2014,0.0,0.0,102.0,5.0,Manual,Indefinido,Urbano
chevrolet,Cobalt,cobalt-lt-1-4-2014,0.0,0.0,102.0,5.0,Manual,Indefinido,Urbano
chevrolet,Cobalt,cobalt-lt-1-8-2014,0.0,0.0,108.0,5.0,Manual,Indefinido,Urbano
chevrolet,Cobalt,cobalt-lt-1-8-at-2014,0.0,0.0,108.0,5.0,Auto,Indefinido,Urbano
chevrolet,Cobalt,cobalt-ltz-1-4-2014,0.0,0.0,102.0,5.0,Manual,Indefinido,Urbano
chevrolet,Cobalt,cobalt-ltz-1-8-2014,0.0,0.0,108.0,5.0,Manual,Indefinido,Urbano
chevrolet,Cobalt,cobalt-ltz-1-8-at-2014,0.0,0.0,108.0,5.0,Auto,Indefinido,Urbano
chevrolet,Cobalt,cobalt-graphite-1-8-2015,0.0,0.0,108.0,5.0,Manual,Indefinido,Urbano
chevrolet,Cobalt,cobalt-graphite-1-8-at-2015,0.0,0.0,108.0,5.0,Auto,Indefinido,Urbano
chevrolet,Cobalt,cobalt-ls-1-4-2015,0.0,0.0,102.0,5.0,Manual,Indefinido,Urbano
chevrolet,Cobalt,cobalt-lt-1-4-2015,0.0,0.0,102.0,5.0,Manual,Indefinido,Urbano
chevrolet,Cobalt,cobalt-lt-1-8-2015,0.0,0.0,108.0,5.0,Manual,Indefinido,Urbano
chevrolet,Cobalt,cobalt-ltz-1-4-2015,0.0,0.0,102.0,5.0,Manual,Indefinido,Urbano
chevrolet,Cobalt,cobalt-ltz-1-8-2015,0.0,0.0,108.0,5.0,Manual,Indefinido,Urbano
chevrolet,Cobalt,cobalt-ltz-1-8-at-2015,0.0,0.0,108.0,5.0,Auto,Indefinido,Urbano
chevrolet,Cobalt,cobalt-elite-1-8-at-2016,0.0,0.0,108.0,5.0,Auto,Indefinido,Urbano
chevrolet,Cobalt,cobalt-lt-1-4-2016,0.0,0.0,102.0,5.0,Manual,Indefinido,Urbano
chevrolet,Cobalt,cobalt-ltz-1-4-2016,0.0,0.0,102.0,5.0,Manual,Indefinido,Urbano
chevrolet,Cobalt,cobalt-ltz-1-8-2016,0.0,0.0,108.0,5.0,Manual,Indefinido,Urbano
chevrolet,Cobalt,cobalt-ltz-1-8-at-2016,0.0,0.0,108.0,5.0,Auto,Indefinido,Urbano
chevrolet,Cobalt,cobalt-elite-1-8-at-2017,0.0,0.0,111.0,5.0,Auto,Indefinido,Urbano
chevrolet,Cobalt,cobalt-lt-1-4-2017,0.0,0.0,106.0,5.0,Manual,Indefinido,Urbano
chevrolet,Cobalt,cobalt-ltz-1-4-2017,0.0,0.0,106.0,5.0,Manual,Indefinido,Urbano
chevrolet,Cobalt,cobalt-ltz-1-8-2017,0.0,0.0,111.0,5.0,Manual,Indefinido,Urbano
chevrolet,Cobalt,cobalt-ltz-1-8-at-2017,0.0,0.0,111.0,5.0,Auto,Indefinido,Urbano
chevrolet,Cobalt,cobalt-elite-1-8-at-2018,0.0,0.0,111.0,5.0,Auto,Indefinido,Urbano
chevrolet,Cobalt,cobalt-lt-1-4-2018,0.0,0.0,106.0,5.0,Manual,Indefinido,Urbano
chevrolet,Cobalt,cobalt-ltz-1-4-2018,0.0,0.0,106.0,5.0,Manual,Indefinido,Urbano
chevrolet,Cobalt,cobalt-ltz-1-8-2018,0.0,0.0,111.0,5.0,Manual,Indefinido,Urbano
chevrolet,Cobalt,cobalt-ltz-1-8-at-2018,0.0,0.0,111.0,5.0,Auto,Indefinido,Urbano
chevrolet,Cobalt,cobalt-1-8-at-pcd-2019,0.0,0.0,0.0,5.0,Auto,Indefinido,Urbano
chevrolet,Cobalt,cobalt-elite-1-8-at-2019,0.0,0.0,111.0,5.0,Auto,Indefinido,Urbano
chevrolet,Cobalt,cobalt-lt-1-4-2019,0.0,0.0,106.0,5.0,Manual,Indefinido,Urbano
chevrolet,Cobalt,cobalt-ltz-1-4-2019,0.0,0.0,106.0,5.0,Manual,Indefinido,Urbano
chevrolet,Cobalt,cobalt-ltz-1-8-2019,0.0,0.0,111.0,5.0,Manual,Indefinido,Urbano
chevrolet,Cobalt,cobalt-ltz-1-8-at-2019,0.0,0.0,111.0,5.0,Auto,Indefinido,Urbano
chevrolet,Cobalt,cobalt-1-8-at-pcd-2020,0.0,0.0,0.0,5.0,Auto,Indefinido,Urbano
chevrolet,Cobalt,cobalt-lt-1-4-2020,0.0,0.0,0.0,5.0,Manual,Indefinido,Urbano
chevrolet,Cobalt,cobalt-ltz-1-4-2020,0.0,0.0,0.0,5.0,Manual,Indefinido,Urbano
chevrolet,Cobalt,cobalt-ltz-1-8-2020,0.0,0.0,0.0,5.0,Manual,Indefinido,Urbano
chevrolet,Cobalt,cobalt-ltz-1-8-at-2020,0.0,0.0,0.0,5.0,Auto,Indefinido,Urbano
chevrolet,Corsa,corsa-gl-1-4-1994,0.0,0.0,60.0,5.0,Manual,Indefinido,Urbano
chevrolet,Corsa,corsa-wind-1-0-1994,0.0,0.0,50.0,5.0,Manual,Indefinido,Urbano
chevrolet,Corsa,corsa-gl-1-4-1995,0.0,0.0,60.0,5.0,Manual,Indefinido,Urbano
chevrolet,Corsa,corsa-gsi-1-6-16v-1995,0.0,0.0,108.0,5.0,Manual,Indefinido,Urbano
chevrolet,Corsa,corsa-wind-1-0-1995,0.0,0.0,50.0,5.0,Manual,Indefinido,Urbano
chevrolet,Corsa,corsa-gl-1-4-1996,0.0,0.0,60.0,5.0,Manual,Indefinido,Urbano
chevrolet,Corsa,corsa-gl-1-4-1996-gasolina,0.0,0.0,60.0,5.0,Manual,Indefinido,Urbano
chevrolet,Corsa,corsa-gl-1-6-1996,0.0,0.0,92.0,5.0,Manual,Indefinido,Urbano
chevrolet,Corsa,corsa-gsi-1-6-16v-1996,0.0,0.0,108.0,5.0,Manual,Indefinido,Urbano
chevrolet,Corsa,corsa-super-1-0-8v-1996,0.0,0.0,60.0,5.0,Manual,Indefinido,Urbano
chevrolet,Corsa,corsa-wind-1-0-1996,0.0,0.0,60.0,5.0,Manual,Indefinido,Urbano
chevrolet,Corsa,corsa-wind-1-0-1996-gasolina,0.0,0.0,60.0,5.0,Manual,Indefinido,Urbano
chevrolet,Corsa,corsa-gl-1-6-1997,0.0,0.0,92.0,5.0,Manual,Indefinido,Urbano
chevrolet,Corsa,corsa-super-1-0-8v-1997-gasolina,0.0,0.0,60.0,5.0,Manual,Indefinido,Urbano
chevrolet,Corsa,corsa-super-1-0-8v-1997,0.0,0.0,60.0,5.0,Manual,Indefinido,Urbano
chevrolet,Corsa,corsa-wind-1-0-1997-gasolina,0.0,0.0,60.0,5.0,Manual,Indefinido,Urbano
chevrolet,Corsa,corsa-wind-1-0-1997,0.0,0.0,60.0,5.0,Manual,Indefinido,Urbano
chevrolet,Corsa,corsa-champ-1-0-1998,0.0,0.0,60.0,5.0,Manual,Indefinido,Urbano
chevrolet,Corsa,corsa-gl-1-6-1998-gasolina,0.0,0.0,92.0,5.0,Manual,Indefinido,Urbano
chevrolet,Corsa,corsa-gl-1-6-1998,0.0,0.0,92.0,5.0,Manual,Indefinido,Urbano
chevrolet,Corsa,corsa-piquet-1-0-1998,0.0,0.0,60.0,5.0,Manual,Indefinido,Urbano
chevrolet,Corsa,corsa-super-1-0-8v-1998-gasolina,0.0,0.0,60.0,5.0,Manual,Indefinido,Urbano
chevrolet,Corsa,corsa-super-1-0-8v-1998,0.0,0.0,60.0,5.0,Manual,Indefinido,Urbano
chevrolet,Corsa,corsa-wind-1-0-1998-gasolina,0.0,0.0,60.0,5.0,Manual,Indefinido,Urbano
chevrolet,Corsa,corsa-wind-1-0-1998,0.0,0.0,60.0,5.0,Manual,Indefinido,Urbano
chevrolet,Corsa,corsa-wind-1-6-1998,0.0,0.0,92.0,5.0,Manual,Indefinido,Urbano
chevrolet,Corsa,corsa-gl-1-6-1999,0.0,0.0,92.0,5.0,Manual,Indefinido,Urbano
chevrolet,Corsa,corsa-gls-1-6-1999,0.0,0.0,92.0,5.0,Manual,Indefinido,Urbano
chevrolet,Corsa,corsa-super-1-0-16v-1999,0.0,0.0,68.0,5.0,Manual,Indefinido,Urbano
chevrolet,Corsa,corsa-super-1-0-8v-1999-gasolina,0.0,0.0,60.0,5.0,Manual,Indefinido,Urbano
chevrolet,Corsa,corsa-super-1-0-8v-1999,0.0,0.0,60.0,5.0,Manual,Indefinido,Urbano
chevrolet,Corsa,corsa-wind-1-0-1999,0.0,0.0,60.0,5.0,Manual,Indefinido,Urbano
chevrolet,Corsa,corsa-wind-1-0-1999-gasolina,0.0,0.0,60.0,5.0,Manual,Indefinido,Urbano
chevrolet,Corsa,corsa-gl-1-6-2000,0.0,0.0,92.0,5.0,Manual,Indefinido,Urbano
chevrolet,Corsa,corsa-gl-1-6-2000-gasolina,0.0,0.0,92.0,5.0,Manual,Indefinido,Urbano
chevrolet,Corsa,corsa-gls-1-6-2000,0.0,0.0,92.0,5.0,Manual,Indefinido,Urbano
chevrolet,Corsa,corsa-super-1-0-16v-2000,0.0,0.0,68.0,5.0,Manual,Indefinido,Urbano
chevrolet,Corsa,corsa-wind-1-0-2000,0.0,0.0,60.0,5.0,Manual,Indefinido,Urbano
chevrolet,Corsa,corsa-wind-1-0-2000-gasolina,0.0,0.0,60.0,5.0,Manual,Indefinido,Urbano
chevrolet,Corsa,corsa-wind-1-6-2000,0.0,0.0,92.0,5.0,Manual,Indefinido,Urbano
chevrolet,Corsa,corsa-gls-1-6-2001,0.0,0.0,92.0,5.0,Manual,Indefinido,Urbano
chevrolet,Corsa,corsa-milenium-1-0-8v-2001,0.0,0.0,60.0,5.0,Manual,Indefinido,Urbano
chevrolet,Corsa,corsa-super-1-0-16v-2001,0.0,0.0,68.0,5.0,Manual,Indefinido,Urbano
chevrolet,Corsa,corsa-super-1-6-2001,0.0,0.0,92.0,5.0,Manual,Indefinido,Urbano
chevrolet,Corsa,corsa-wind-1-0-2001-gasolina,0.0,0.0,60.0,5.0,Manual,Indefinido,Urbano
chevrolet,Corsa,corsa-wind-1-0-2001,0.0,0.0,64.0,5.0,Manual,Indefinido,Urbano
chevrolet,Corsa,corsa-1-0-2002,0.0,0.0,71.0,5.0,Manual,Indefinido,Urbano
chevrolet,Corsa,corsa-1-0-autoclutch-2002,0.0,0.0,71.0,5.0,Manual,Indefinido,Urbano
chevrolet,Corsa,corsa-1-8-2002,0.0,0.0,102.0,5.0,Manual,Indefinido,Urbano
chevrolet,Corsa,corsa-milenium-1-0-8v-2002,0.0,0.0,60.0,5.0,Manual,Indefinido,Urbano
chevrolet,Corsa,corsa-super-1-0-16v-2002,0.0,0.0,68.0,5.0,Manual,Indefinido,Urbano
chevrolet,Corsa,corsa-super-1-6-2002,0.0,0.0,0.0,5.0,Manual,Indefinido,Urbano
chevrolet,Corsa,corsa-wind-1-0-2002-gasolina,0.0,0.0,60.0,5.0,Manual,Indefinido,Urbano
chevrolet,Corsa,corsa-wind-1-0-2002,0.0,0.0,64.0,5.0,Manual,Indefinido,Urbano
chevrolet,Corsa,corsa-wind-1-6-2002,0.0,0.0,92.0,5.0,Manual,Indefinido,Urbano
chevrolet,Corsa,corsa-1-0-2003,0.0,0.0,71.0,5.0,Manual,Indefinido,Urbano
chevrolet,Corsa,corsa-1-8-2003,0.0,0.0,102.0,5.0,Manual,Indefinido,Urbano
chevrolet,Corsa,corsa-1-0-2004,0.0,0.0,71.0,5.0,Manual,Indefinido,Urbano
chevrolet,Corsa,corsa-1-8-2004,0.0,0.0,109.0,5.0,Manual,Indefinido,Urbano
chevrolet,Corsa,corsa-joy-1-0-2005,0.0,0.0,71.0,5.0,Manual,Indefinido,Urbano
chevrolet,Corsa,corsa-joy-1-8-2005,0.0,0.0,0.0,5.0,Manual,Indefinido,Urbano
chevrolet,Corsa,corsa-maxx-1-0-2005,0.0,0.0,71.0,5.0,Manual,Indefinido,Urbano
chevrolet,Corsa,corsa-maxx-1-8-2005,0.0,0.0,0.0,5.0,Manual,Indefinido,Urbano
chevrolet,Corsa,corsa-premium-1-0-2005,0.0,0.0,71.0,5.0,Manual,Indefinido,Urbano
chevrolet,Corsa,corsa-premium-1-8-2005,0.0,0.0,109.0,5.0,Manual,Indefinido,Urbano
chevrolet,Corsa,corsa-joy-1-0-2006,0.0,0.0,0.0,5.0,Manual,Indefinido,Urbano
chevrolet,Corsa,corsa-maxx-1-0-2006,0.0,0.0,0.0,5.0,Manual,Indefinido,Urbano
chevrolet,Corsa,corsa-maxx-1-8-2006,0.0,0.0,114.0,5.0,Manual,Indefinido,Urbano
chevrolet,Corsa,corsa-premium-1-0-2006,0.0,0.0,79.0,5.0,Manual,Indefinido,Urbano
chevrolet,Corsa,corsa-ss-1-8-2006,0.0,0.0,114.0,5.0,Manual,Indefinido,Urbano
chevrolet,Corsa,corsa-joy-1-0-2007,0.0,0.0,0.0,5.0,Manual,Indefinido,Urbano
chevrolet,Corsa,corsa-joy-1-8-2007,0.0,0.0,114.0,5.0,Manual,Indefinido,Urbano
chevrolet,Corsa,corsa-maxx-1-0-2007,0.0,0.0,0.0,5.0,Manual,Indefinido,Urbano
chevrolet,Corsa,corsa-maxx-1-8-2007,0.0,0.0,0.0,5.0,Manual,Indefinido,Urbano
chevrolet,Corsa,corsa-premium-1-0-2007,0.0,0.0,79.0,5.0,Manual,Indefinido,Urbano
chevrolet,Corsa,corsa-ss-1-8-2007,0.0,0.0,0.0,5.0,Manual,Indefinido,Urbano
chevrolet,Corsa,corsa-joy-1-0-2008,0.0,0.0,79.0,5.0,Manual,Indefinido,Urbano
chevrolet,Corsa,corsa-maxx-1-0-2008,0.0,0.0,79.0,5.0,Manual,Indefinido,Urbano
chevrolet,Corsa,corsa-maxx-1-4-2008,0.0,0.0,105.0,5.0,Manual,Indefinido,Urbano
chevrolet,Corsa,corsa-maxx-1-8-2008,0.0,0.0,114.0,5.0,Manual,Indefinido,Urbano
chevrolet,Corsa,corsa-premium-1-4-2008,0.0,0.0,105.0,5.0,Manual,Indefinido,Urbano
chevrolet,Corsa,corsa-ss-1-8-2008,0.0,0.0,114.0,5.0,Manual,Indefinido,Urbano
chevrolet,Corsa,corsa-joy-1-0-2009,0.0,0.0,0.0,5.0,Manual,Indefinido,Urbano
chevrolet,Corsa,corsa-maxx-1-0-2009,0.0,0.0,79.0,5.0,Manual,Indefinido,Urbano
chevrolet,Corsa,corsa-maxx-1-4-2009,0.0,0.0,0.0,5.0,Manual,Indefinido,Urbano
chevrolet,Corsa,corsa-maxx-1-8-2009,0.0,0.0,0.0,5.0,Manual,Indefinido,Urbano
chevrolet,Corsa,corsa-premium-1-4-2009,0.0,0.0,105.0,5.0,Manual,Indefinido,Urbano
chevrolet,Corsa,corsa-ss-1-8-2009,0.0,0.0,0.0,5.0,Manual,Indefinido,Urbano
chevrolet,Corsa,corsa-maxx-1-4-2010,0.0,0.0,105.0,5.0,Manual,Indefinido,Urbano
chevrolet,Corsa,corsa-premium-1-4-2010,0.0,0.0,105.0,5.0,Manual,Indefinido,Urbano
chevrolet,Corsa,corsa-maxx-1-4-2011,0.0,0.0,105.0,5.0,Manual,Indefinido,Urbano
chevrolet,Corsa,corsa-maxx-1-4-2012,0.0,0.0,105.0,5.0,Manual,Indefinido,Urbano
chevrolet,Corsa Picape,corsa-picape-gl-1-6-1995,0.0,0.0,79.0,5.0,Manual,Indefinido,Urbano
chevrolet,Corsa Picape,corsa-picape-gl-1-6-1996,0.0,0.0,79.0,5.0,Manual,Indefinido,Urbano
chevrolet,Corsa Picape,corsa-picape-gl-1-6-1997,0.0,0.0,92.0,5.0,Manual,Indefinido,Urbano
chevrolet,Corsa Picape,corsa-picape-champ-1-6-1998,0.0,0.0,92.0,5.0,Manual,Indefinido,Urbano
chevrolet,Corsa Picape,corsa-picape-gl-1-6-1998,0.0,0.0,92.0,5.0,Manual,Indefinido,Urbano
chevrolet,Corsa Picape,corsa-picape-gl-1-6-1999,0.0,0.0,92.0,5.0,Manual,Indefinido,Urbano
chevrolet,Corsa Picape,corsa-picape-gl-1-6-2000,0.0,0.0,92.0,5.0,Manual,Indefinido,Urbano
chevrolet,Corsa Picape,corsa-picape-st-1-6-2000,0.0,0.0,92.0,5.0,Manual,Indefinido,Urbano
chevrolet,Corsa Picape,corsa-picape-rodeio-1-6-2001,0.0,0.0,92.0,5.0,Manual,Indefinido,Urbano
chevrolet,Corsa Picape,corsa-picape-st-1-6-2001,0.0,0.0,92.0,5.0,Manual,Indefinido,Urbano
chevrolet,Corsa Picape,corsa-picape-sport-1-6-2002,0.0,0.0,92.0,5.0,Manual,Indefinido,Urbano
chevrolet,Corsa Picape,corsa-picape-st-1-6-2002,0.0,0.0,92.0,5.0,Manual,Indefinido,Urbano
chevrolet,Corsa Picape,corsa-picape-sport-1-6-2003,0.0,0.0,92.0,5.0,Manual,Indefinido,Urbano
chevrolet,Corsa Picape,corsa-picape-st-1-6-2003,0.0,0.0,92.0,5.0,Manual,Indefinido,Urbano
chevrolet,Corsa Sedan,corsa-sedan-gl-1-6-1996,0.0,0.0,92.0,5.0,Manual,Indefinido,Urbano
chevrolet,Corsa Sedan,corsa-sedan-gls-1-6-8v-1996,0.0,0.0,92.0,5.0,Manual,Indefinido,Urbano
chevrolet,Corsa Sedan,corsa-sedan-gl-1-6-1997,0.0,0.0,92.0,5.0,Manual,Indefinido,Urbano
chevrolet,Corsa Sedan,corsa-sedan-gls-1-6-16v-1997,0.0,0.0,102.0,5.0,Manual,Indefinido,Urbano
chevrolet,Corsa Sedan,corsa-sedan-gls-1-6-8v-1997,0.0,0.0,92.0,5.0,Manual,Indefinido,Urbano
chevrolet,Corsa Sedan,corsa-sedan-gl-1-6-1998,0.0,0.0,92.0,5.0,Manual,Indefinido,Urbano
chevrolet,Corsa Sedan,corsa-sedan-gl-1-6-at-1998,0.0,0.0,92.0,5.0,Auto,Indefinido,Urbano
chevrolet,Corsa Sedan,corsa-sedan-gls-1-6-16v-1998,0.0,0.0,102.0,5.0,Manual,Indefinido,Urbano
chevrolet,Corsa Sedan,corsa-sedan-gls-1-6-8v-1998,0.0,0.0,92.0,5.0,Manual,Indefinido,Urbano
chevrolet,Corsa Sedan,corsa-sedan-super-1-0-8v-1998,0.0,0.0,60.0,5.0,Manual,Indefinido,Urbano
chevrolet,Corsa Sedan,corsa-sedan-gl-1-6-1999,0.0,0.0,92.0,5.0,Manual,Indefinido,Urbano
chevrolet,Corsa Sedan,corsa-sedan-gls-1-6-16v-1999,0.0,0.0,102.0,5.0,Manual,Indefinido,Urbano
chevrolet,Corsa Sedan,corsa-sedan-gls-1-6-8v-1999,0.0,0.0,92.0,5.0,Manual,Indefinido,Urbano
chevrolet,Corsa Sedan,corsa-sedan-super-1-0-16v-1999,0.0,0.0,0.0,5.0,Manual,Indefinido,Urbano
chevrolet,Corsa Sedan,corsa-sedan-super-1-0-8v-1999,0.0,0.0,60.0,5.0,Manual,Indefinido,Urbano
chevrolet,Corsa Sedan,corsa-sedan-wind-1-0-1999,0.0,0.0,60.0,5.0,Manual,Indefinido,Urbano
chevrolet,Corsa Sedan,corsa-sedan-gl-1-6-2000,0.0,0.0,92.0,5.0,Manual,Indefinido,Urbano
chevrolet,Corsa Sedan,corsa-sedan-gls-1-6-16v-2000,0.0,0.0,102.0,5.0,Manual,Indefinido,Urbano
chevrolet,Corsa Sedan,corsa-sedan-gls-1-6-8v-2000,0.0,0.0,92.0,5.0,Manual,Indefinido,Urbano
chevrolet,Corsa Sedan,corsa-sedan-gls-1-6-8v-at-2000,0.0,0.0,92.0,5.0,Auto,Indefinido,Urbano
chevrolet,Corsa Sedan,corsa-sedan-milenium-1-0-16v-2000,0.0,0.0,68.0,5.0,Manual,Indefinido,Urbano
chevrolet,Corsa Sedan,corsa-sedan-super-1-0-16v-2000,0.0,0.0,68.0,5.0,Manual,Indefinido,Urbano
chevrolet,Corsa Sedan,corsa-sedan-wind-1-0-2000,0.0,0.0,60.0,5.0,Manual,Indefinido,Urbano
chevrolet,Corsa Sedan,corsa-sedan-gl-1-6-2001,0.0,0.0,0.0,5.0,Manual,Indefinido,Urbano
chevrolet,Corsa Sedan,corsa-sedan-gls-1-6-8v-2001,0.0,0.0,92.0,5.0,Manual,Indefinido,Urbano
chevrolet,Corsa Sedan,corsa-sedan-milenium-1-0-16v-2001,0.0,0.0,68.0,5.0,Manual,Indefinido,Urbano
chevrolet,Corsa Sedan,corsa-sedan-milenium-1-0-8v-2001,0.0,0.0,60.0,5.0,Manual,Indefinido,Urbano
chevrolet,Corsa Sedan,corsa-sedan-super-1-0-16v-2001,0.0,0.0,68.0,5.0,Manual,Indefinido,Urbano
chevrolet,Corsa Sedan,corsa-sedan-super-1-6-2001,0.0,0.0,92.0,5.0,Manual,Indefinido,Urbano
chevrolet,Corsa Sedan,corsa-sedan-super-1-6-at-2001,0.0,0.0,92.0,5.0,Auto,Indefinido,Urbano
chevrolet,Corsa Sedan,corsa-sedan-wind-1-0-2001,0.0,0.0,60.0,5.0,Manual,Indefinido,Urbano
chevrolet,Corsa Sedan,corsa-sedan-1-0-2002,0.0,0.0,71.0,5.0,Manual,Indefinido,Urbano
chevrolet,Corsa Sedan,corsa-sedan-1-0-autoclutch-2002,0.0,0.0,71.0,5.0,Manual,Indefinido,Urbano
chevrolet,Corsa Sedan,corsa-sedan-1-8-2002,0.0,0.0,102.0,5.0,Manual,Indefinido,Urbano
chevrolet,Corsa Sedan,corsa-sedan-milenium-1-0-8v-2002,0.0,0.0,60.0,5.0,Manual,Indefinido,Urbano
chevrolet,Corsa Sedan,corsa-sedan-super-1-0-16v-2002,0.0,0.0,0.0,5.0,Manual,Indefinido,Urbano
chevrolet,Corsa Sedan,corsa-sedan-super-1-6-2002,0.0,0.0,92.0,5.0,Manual,Indefinido,Urbano
chevrolet,Corsa Sedan,corsa-sedan-super-1-6-at-2002,0.0,0.0,92.0,5.0,Auto,Indefinido,Urbano
chevrolet,Corsa Sedan,corsa-sedan-wind-1-0-2002,0.0,0.0,60.0,5.0,Manual,Indefinido,Urbano
chevrolet,Corsa Sedan,corsa-sedan-1-0-2003,0.0,0.0,71.0,5.0,Manual,Indefinido,Urbano
chevrolet,Corsa Sedan,corsa-sedan-1-8-2003,0.0,0.0,102.0,5.0,Manual,Indefinido,Urbano
chevrolet,Corsa Sedan,corsa-sedan-classic-1-0-2003,0.0,0.0,70.0,5.0,Manual,Indefinido,Urbano
chevrolet,Corsa Sedan,corsa-sedan-classic-1-6-2003,0.0,0.0,92.0,5.0,Manual,Indefinido,Urbano
chevrolet,Corsa Sedan,corsa-sedan-classic-1-6-at-2003,0.0,0.0,92.0,5.0,Auto,Indefinido,Urbano
chevrolet,Corsa Sedan,corsa-sedan-1-0-2004,0.0,0.0,71.0,5.0,Manual,Indefinido,Urbano
chevrolet,Corsa Sedan,corsa-sedan-1-8-2004,0.0,0.0,0.0,5.0,Manual,Indefinido,Urbano
chevrolet,Corsa Sedan,corsa-sedan-classic-1-0-2004,0.0,0.0,70.0,5.0,Manual,Indefinido,Urbano
chevrolet,Corsa Sedan,corsa-sedan-classic-1-6-2004,0.0,0.0,92.0,5.0,Manual,Indefinido,Urbano
chevrolet,Corsa Sedan,corsa-sedan-classic-1-6-at-2004,0.0,0.0,92.0,5.0,Auto,Indefinido,Urbano
chevrolet,Corsa Sedan,corsa-sedan-joy-1-0-2005,0.0,0.0,71.0,5.0,Manual,Indefinido,Urbano
chevrolet,Corsa Sedan,corsa-sedan-joy-1-8-2005,0.0,0.0,0.0,5.0,Manual,Indefinido,Urbano
chevrolet,Corsa Sedan,corsa-sedan-maxx-1-0-2005,0.0,0.0,0.0,5.0,Manual,Indefinido,Urbano
chevrolet,Corsa Sedan,corsa-sedan-maxx-1-8-2005,0.0,0.0,0.0,5.0,Manual,Indefinido,Urbano
chevrolet,Corsa Sedan,corsa-sedan-premium-1-0-2005,0.0,0.0,71.0,5.0,Manual,Indefinido,Urbano
chevrolet,Corsa Sedan,corsa-sedan-premium-1-8-2005,0.0,0.0,0.0,5.0,Manual,Indefinido,Urbano
chevrolet,Corsa Sedan,corsa-sedan-joy-1-0-2006,0.0,0.0,79.0,5.0,Manual,Indefinido,Urbano
chevrolet,Corsa Sedan,corsa-sedan-joy-1-8-2006,0.0,0.0,0.0,5.0,Manual,Indefinido,Urbano
chevrolet,Corsa Sedan,corsa-sedan-maxx-1-0-2006,0.0,0.0,79.0,5.0,Manual,Indefinido,Urbano
chevrolet,Corsa Sedan,corsa-sedan-maxx-1-8-2006,0.0,0.0,114.0,5.0,Manual,Indefinido,Urbano
chevrolet,Corsa Sedan,corsa-sedan-premium-1-0-2006,0.0,0.0,0.0,5.0,Manual,Indefinido,Urbano
chevrolet,Corsa Sedan,corsa-sedan-premium-1-8-2006,0.0,0.0,0.0,5.0,Manual,Indefinido,Urbano
chevrolet,Corsa Sedan,corsa-sedan-joy-1-0-2007,0.0,0.0,79.0,5.0,Manual,Indefinido,Urbano
chevrolet,Corsa Sedan,corsa-sedan-joy-1-8-2007,0.0,0.0,0.0,5.0,Manual,Indefinido,Urbano
chevrolet,Corsa Sedan,corsa-sedan-maxx-1-0-2007,0.0,0.0,79.0,5.0,Manual,Indefinido,Urbano
chevrolet,Corsa Sedan,corsa-sedan-maxx-1-8-2007,0.0,0.0,0.0,5.0,Manual,Indefinido,Urbano
chevrolet,Corsa Sedan,corsa-sedan-premium-1-0-2007,0.0,0.0,79.0,5.0,Manual,Indefinido,Urbano
chevrolet,Corsa Sedan,corsa-sedan-premium-1-8-2007,0.0,0.0,0.0,5.0,Manual,Indefinido,Urbano
chevrolet,Corsa Sedan,corsa-sedan-maxx-1-4-2008,0.0,0.0,105.0,5.0,Manual,Indefinido,Urbano
chevrolet,Corsa Sedan,corsa-sedan-premium-1-4-2008,0.0,0.0,105.0,5.0,Manual,Indefinido,Urbano
chevrolet,Corsa Sedan,corsa-sedan-premium-1-8-2008,0.0,0.0,0.0,5.0,Manual,Indefinido,Urbano
chevrolet,Corsa Sedan,corsa-sedan-maxx-1-4-2009,0.0,0.0,105.0,5.0,Manual,Indefinido,Urbano
chevrolet,Corsa Sedan,corsa-sedan-premium-1-4-2009,0.0,0.0,105.0,5.0,Manual,Indefinido,Urbano
chevrolet,Corsa Sedan,corsa-sedan-premium-1-8-2009,0.0,0.0,0.0,5.0,Manual,Indefinido,Urbano
chevrolet,Corsa Sedan,corsa-sedan-maxx-1-4-2010,0.0,0.0,0.0,5.0,Manual,Indefinido,Urbano
chevrolet,Corsa Sedan,corsa-sedan-premium-1-4-2010,0.0,0.0,105.0,5.0,Manual,Indefinido,Urbano
chevrolet,Corsa Sedan,corsa-sedan-maxx-1-4-2011,0.0,0.0,105.0,5.0,Manual,Indefinido,Urbano
chevrolet,Corsa Sedan,corsa-sedan-premium-1-4-2011,0.0,0.0,0.0,5.0,Manual,Indefinido,Urbano
chevrolet,Corsa Sedan,corsa-sedan-premium-1-4-2012,0.0,0.0,0.0,5.0,Manual,Indefinido,Urbano
chevrolet,Corsa Wagon,corsa-wagon-gl-1-6-1997,0.0,0.0,92.0,5.0,Manual,Indefinido,Urbano
chevrolet,Corsa Wagon,corsa-wagon-gls-1-6-16v-1997,0.0,0.0,102.0,5.0,Manual,Indefinido,Urbano
chevrolet,Corsa Wagon,corsa-wagon-gls-1-6-8v-1997,0.0,0.0,92.0,5.0,Manual,Indefinido,Urbano
chevrolet,Corsa Wagon,corsa-wagon-gl-1-6-1998,0.0,0.0,92.0,5.0,Manual,Indefinido,Urbano
chevrolet,Corsa Wagon,corsa-wagon-gls-1-6-16v-1998,0.0,0.0,102.0,5.0,Manual,Indefinido,Urbano
chevrolet,Corsa Wagon,corsa-wagon-gls-1-6-8v-1998,0.0,0.0,92.0,5.0,Manual,Indefinido,Urbano
chevrolet,Corsa Wagon,corsa-wagon-gl-1-6-1999,0.0,0.0,92.0,5.0,Manual,Indefinido,Urbano
chevrolet,Corsa Wagon,corsa-wagon-gls-1-6-16v-1999,0.0,0.0,102.0,5.0,Manual,Indefinido,Urbano
chevrolet,Corsa Wagon,corsa-wagon-gls-1-6-8v-1999,0.0,0.0,92.0,5.0,Manual,Indefinido,Urbano
chevrolet,Corsa Wagon,corsa-wagon-super-1-0-16v-1999,0.0,0.0,68.0,5.0,Manual,Indefinido,Urbano
chevrolet,Corsa Wagon,corsa-wagon-gls-1-6-16v-2000,0.0,0.0,102.0,5.0,Manual,Indefinido,Urbano
chevrolet,Corsa Wagon,corsa-wagon-gls-1-6-8v-2000,0.0,0.0,92.0,5.0,Manual,Indefinido,Urbano
chevrolet,Corsa Wagon,corsa-wagon-super-1-0-16v-2000,0.0,0.0,68.0,5.0,Manual,Indefinido,Urbano
chevrolet,Corsa Wagon,corsa-wagon-gls-1-6-16v-2001,0.0,0.0,102.0,5.0,Manual,Indefinido,Urbano
chevrolet,Corsa Wagon,corsa-wagon-gls-1-6-8v-2001,0.0,0.0,92.0,5.0,Manual,Indefinido,Urbano
chevrolet,Corsa Wagon,corsa-wagon-super-1-0-16v-2001,0.0,0.0,68.0,5.0,Manual,Indefinido,Urbano
chevrolet,Corsa Wagon,corsa-wagon-super-1-6-2001,0.0,0.0,92.0,5.0,Manual,Indefinido,Urbano
chevrolet,Corsa Wagon,corsa-wagon-super-1-6-2002,0.0,0.0,92.0,5.0,Manual,Indefinido,Urbano
chevrolet,Corvette,corvette-zr-1-targa-5-7-v8-1992,0.0,0.0,380.0,5.0,Manual,Indefinido,Urbano
chevrolet,Corvette,corvette-c6-6-0-v8-2005,0.0,0.0,400.0,5.0,Manual,Indefinido,Urbano
chevrolet,Corvette,corvette-z06-7-0-v8-2006,0.0,0.0,505.0,5.0,Manual,Indefinido,Urbano
chevrolet,Corvette,corvette-z06-6-2-v8-supercharged-2015,0.0,0.0,659.0,5.0,Auto,Indefinido,Urbano
chevrolet,Corvette,corvette-z06-6-2-v8-supercharged-2016,0.0,0.0,659.0,5.0,Auto,Indefinido,Urbano
chevrolet,Corvette,corvette-z06-6-2-v8-supercharged-2017,0.0,0.0,659.0,5.0,Auto,Indefinido,Urbano
chevrolet,Corvette,corvette-stingray-6-2-v8-2020,0.0,0.0,502.0,5.0,Auto,Indefinido,Urbano
chevrolet,Corvette,corvette-stingray-6-2-v8-2022,0.0,0.0,502.0,5.0,Auto,Indefinido,Urbano
chevrolet,Corvette,corvette-stingray-6-2-v8-2023,0.0,0.0,502.0,5.0,Auto,Indefinido,Urbano
chevrolet,Corvette,corvette-z06-5-5-v8-2023,0.0,0.0,680.0,5.0,Auto,Indefinido,Urbano
chevrolet,Corvette,corvette-e-ray-6-2-v8-2025,0.0,0.0,502.0,5.0,Auto,Indefinido,Urbano
chevrolet,Corvette,corvette-stingray-6-2-v8-2025,0.0,0.0,502.0,5.0,Auto,Indefinido,Urbano
chevrolet,Corvette,corvette-z06-5-5-v8-2025,0.0,0.0,680.0,5.0,Auto,Indefinido,Urbano
chevrolet,Corvette,corvette-zr1-5-5-v8-2025,0.0,0.0,1079.0,5.0,Auto,Indefinido,Urbano
chevrolet,Cruze,cruze-lt-1-8-2012,0.0,0.0,144.0,5.0,Manual,Indefinido,Urbano
chevrolet,Cruze,cruze-lt-1-8-at-2012,0.0,0.0,144.0,5.0,Auto,Indefinido,Urbano
chevrolet,Cruze,cruze-ltz-1-8-at-2012,0.0,0.0,144.0,5.0,Auto,Indefinido,Urbano
chevrolet,Cruze,cruze-lt-1-8-2013,0.0,0.0,144.0,5.0,Manual,Indefinido,Urbano
chevrolet,Cruze,cruze-lt-1-8-at-2013,0.0,0.0,144.0,5.0,Auto,Indefinido,Urbano
chevrolet,Cruze,cruze-ltz-1-8-at-2013,0.0,0.0,144.0,5.0,Auto,Indefinido,Urbano
chevrolet,Cruze,cruze-lt-1-8-2014,0.0,0.0,144.0,5.0,Manual,Indefinido,Urbano
chevrolet,Cruze,cruze-lt-1-8-at-2014,0.0,0.0,144.0,5.0,Auto,Indefinido,Urbano
chevrolet,Cruze,cruze-ltz-1-8-at-2014,0.0,0.0,144.0,5.0,Auto,Indefinido,Urbano
chevrolet,Cruze,cruze-lt-1-8-2015,0.0,0.0,144.0,5.0,Manual,Indefinido,Urbano
chevrolet,Cruze,cruze-lt-1-8-at-2015,0.0,0.0,144.0,5.0,Auto,Indefinido,Urbano
chevrolet,Cruze,cruze-ltz-1-8-at-2015,0.0,0.0,144.0,5.0,Auto,Indefinido,Urbano
chevrolet,Cruze,cruze-lt-1-8-2016,0.0,0.0,0.0,5.0,Manual,Indefinido,Urbano
chevrolet,Cruze,cruze-lt-1-8-at-2016,0.0,0.0,144.0,5.0,Auto,Indefinido,Urbano
chevrolet,Cruze,cruze-ltz-1-8-at-2016,0.0,0.0,144.0,5.0,Auto,Indefinido,Urbano
chevrolet,Cruze,cruze-lt-1-4-turbo-2017,0.0,0.0,153.0,5.0,Auto,Indefinido,Urbano
chevrolet,Cruze,cruze-ltz-1-4-turbo-2017,0.0,0.0,153.0,5.0,Auto,Indefinido,Urbano
chevrolet,Cruze,cruze-lt-1-4-turbo-2018,0.0,0.0,153.0,5.0,Auto,Indefinido,Urbano
chevrolet,Cruze,cruze-ltz-1-4-turbo-2018,0.0,0.0,153.0,5.0,Auto,Indefinido,Urbano
chevrolet,Cruze,cruze-black-bow-tie-1-4-turbo-2019,0.0,0.0,153.0,5.0,Auto,Indefinido,Urbano
chevrolet,Cruze,cruze-lt-1-4-turbo-2019,0.0,0.0,153.0,5.0,Auto,Indefinido,Urbano
chevrolet,Cruze,cruze-ltz-1-4-turbo-2019,0.0,0.0,153.0,5.0,Auto,Indefinido,Urbano
chevrolet,Cruze,cruze-lt-1-4-turbo-2020,0.0,0.0,0.0,5.0,Auto,Indefinido,Urbano
chevrolet,Cruze,cruze-premier-1-4-turbo-2020,0.0,0.0,0.0,5.0,Auto,Indefinido,Urbano
chevrolet,Cruze,cruze-lt-1-4-turbo-2021,0.0,0.0,0.0,5.0,Auto,Indefinido,Urbano
chevrolet,Cruze,cruze-ltz-1-4-turbo-2021,0.0,0.0,0.0,5.0,Auto,Indefinido,Urbano
chevrolet,Cruze,cruze-premier-1-4-turbo-2021,0.0,0.0,153.0,5.0,Auto,Indefinido,Urbano
chevrolet,Cruze,cruze-lt-1-4-turbo-2022,0.0,0.0,0.0,5.0,Auto,Indefinido,Urbano
chevrolet,Cruze,cruze-ltz-1-4-turbo-2022,0.0,0.0,0.0,5.0,Auto,Indefinido,Urbano
chevrolet,Cruze,cruze-midnight-1-4-turbo-2022,0.0,0.0,0.0,5.0,Auto,Indefinido,Urbano
chevrolet,Cruze,cruze-premier-1-4-turbo-2022,0.0,0.0,0.0,5.0,Auto,Indefinido,Urbano
chevrolet,Cruze,cruze-lt-1-4-turbo-2023,0.0,0.0,0.0,5.0,Auto,Indefinido,Urbano
chevrolet,Cruze,cruze-ltz-1-4-turbo-2023,0.0,0.0,0.0,5.0,Auto,Indefinido,Urbano
chevrolet,Cruze,cruze-midnight-1-4-turbo-2023,0.0,0.0,0.0,5.0,Auto,Indefinido,Urbano
chevrolet,Cruze,cruze-premier-1-4-turbo-2023,0.0,0.0,0.0,5.0,Auto,Indefinido,Urbano
chevrolet,Cruze,cruze-lt-1-4-turbo-2024,0.0,0.0,0.0,5.0,Auto,Indefinido,Urbano
chevrolet,Cruze,cruze-ltz-1-4-turbo-2024,0.0,0.0,0.0,5.0,Auto,Indefinido,Urbano
chevrolet,Cruze,cruze-midnight-1-4-turbo-2024,0.0,0.0,0.0,5.0,Auto,Indefinido,Urbano
chevrolet,Cruze,cruze-premier-1-4-turbo-2024,0.0,0.0,0.0,5.0,Auto,Indefinido,Urbano
chevrolet,Cruze Hatch,cruze-hatch-lt-1-8-2012,0.0,0.0,144.0,5.0,Manual,Indefinido,Urbano
chevrolet,Cruze Hatch,cruze-hatch-lt-1-8-at-2012,0.0,0.0,144.0,5.0,Auto,Indefinido,Urbano
chevrolet,Cruze Hatch,cruze-hatch-ltz-1-8-2012,0.0,0.0,144.0,5.0,Manual,Indefinido,Urbano
chevrolet,Cruze Hatch,cruze-hatch-ltz-1-8-at-2012,0.0,0.0,144.0,5.0,Auto,Indefinido,Urbano
chevrolet,Cruze Hatch,cruze-hatch-lt-1-8-2013,0.0,0.0,144.0,5.0,Manual,Indefinido,Urbano
chevrolet,Cruze Hatch,cruze-hatch-lt-1-8-at-2013,0.0,0.0,144.0,5.0,Auto,Indefinido,Urbano
chevrolet,Cruze Hatch,cruze-hatch-ltz-1-8-2013,0.0,0.0,144.0,5.0,Manual,Indefinido,Urbano
chevrolet,Cruze Hatch,cruze-hatch-ltz-1-8-at-2013,0.0,0.0,144.0,5.0,Auto,Indefinido,Urbano
chevrolet,Cruze Hatch,cruze-hatch-lt-1-8-2014,0.0,0.0,144.0,5.0,Manual,Indefinido,Urbano
chevrolet,Cruze Hatch,cruze-hatch-lt-1-8-at-2014,0.0,0.0,144.0,5.0,Auto,Indefinido,Urbano
chevrolet,Cruze Hatch,cruze-hatch-ltz-1-8-2014,0.0,0.0,144.0,5.0,Manual,Indefinido,Urbano
chevrolet,Cruze Hatch,cruze-hatch-ltz-1-8-at-2014,0.0,0.0,144.0,5.0,Auto,Indefinido,Urbano
chevrolet,Cruze Hatch,cruze-hatch-lt-1-8-2015,0.0,0.0,144.0,5.0,Manual,Indefinido,Urbano
chevrolet,Cruze Hatch,cruze-hatch-lt-1-8-at-2015,0.0,0.0,144.0,5.0,Auto,Indefinido,Urbano
chevrolet,Cruze Hatch,cruze-hatch-ltz-1-8-at-2015,0.0,0.0,144.0,5.0,Auto,Indefinido,Urbano
chevrolet,Cruze Hatch,cruze-hatch-lt-1-8-2016,0.0,0.0,0.0,5.0,Manual,Indefinido,Urbano
chevrolet,Cruze Hatch,cruze-hatch-lt-1-8-at-2016,0.0,0.0,144.0,5.0,Auto,Indefinido,Urbano
chevrolet,Cruze Hatch,cruze-hatch-ltz-1-8-at-2016,0.0,0.0,144.0,5.0,Auto,Indefinido,Urbano
chevrolet,Cruze Hatch,cruze-hatch-lt-1-4-turbo-2017,0.0,0.0,153.0,5.0,Auto,Indefinido,Urbano
chevrolet,Cruze Hatch,cruze-hatch-ltz-1-4-turbo-2017,0.0,0.0,153.0,5.0,Auto,Indefinido,Urbano
chevrolet,Cruze Hatch,cruze-hatch-lt-1-4-turbo-2018,0.0,0.0,153.0,5.0,Auto,Indefinido,Urbano
chevrolet,Cruze Hatch,cruze-hatch-ltz-1-4-turbo-2018,0.0,0.0,153.0,5.0,Auto,Indefinido,Urbano
chevrolet,Cruze Hatch,cruze-hatch-black-bow-tie-1-4-turbo-2019,0.0,0.0,153.0,5.0,Auto,Indefinido,Urbano
chevrolet,Cruze Hatch,cruze-hatch-lt-1-4-turbo-2019,0.0,0.0,0.0,5.0,Auto,Indefinido,Urbano
chevrolet,Cruze Hatch,cruze-hatch-ltz-1-4-turbo-2019,0.0,0.0,153.0,5.0,Auto,Indefinido,Urbano
chevrolet,Cruze Hatch,cruze-hatch-lt-1-4-turbo-2020,0.0,0.0,0.0,5.0,Auto,Indefinido,Urbano
chevrolet,Cruze Hatch,cruze-hatch-premier-1-4-turbo-2020,0.0,0.0,0.0,5.0,Auto,Indefinido,Urbano
chevrolet,Cruze Hatch,cruze-hatch-lt-1-4-turbo-2021,0.0,0.0,153.0,5.0,Auto,Indefinido,Urbano
chevrolet,Cruze Hatch,cruze-hatch-ltz-1-4-turbo-2021,0.0,0.0,0.0,5.0,Auto,Indefinido,Urbano
chevrolet,Cruze Hatch,cruze-hatch-premier-1-4-turbo-2021,0.0,0.0,0.0,5.0,Auto,Indefinido,Urbano
chevrolet,Cruze Hatch,cruze-hatch-lt-1-4-turbo-2022,0.0,0.0,0.0,5.0,Auto,Indefinido,Urbano
chevrolet,Cruze Hatch,cruze-hatch-ltz-1-4-turbo-2022,0.0,0.0,0.0,5.0,Auto,Indefinido,Urbano
chevrolet,Cruze Hatch,cruze-hatch-premier-1-4-turbo-2022,0.0,0.0,0.0,5.0,Auto,Indefinido,Urbano
chevrolet,Cruze Hatch,cruze-hatch-rs-1-4-turbo-2022,0.0,0.0,0.0,5.0,Auto,Indefinido,Urbano
chevrolet,Cruze Hatch,cruze-hatch-rs-1-4-turbo-2023,0.0,0.0,0.0,5.0,Auto,Indefinido,Urbano
chevrolet,Cruze Hatch,cruze-hatch-rs-1-4-turbo-2024,0.0,0.0,0.0,5.0,Auto,Indefinido,Urbano
chevrolet,D-10,d-10-3-9-cs-1979,0.0,0.0,77.0,5.0,Manual,Indefinido,Urbano
chevrolet,D-10,d-10-3-9-cs-1979-diesel,0.0,0.0,77.0,5.0,Manual,Indefinido,Urbano
chevrolet,D-10,d-10-3-9-cs-1981,0.0,0.0,77.0,5.0,Manual,Indefinido,Urbano
chevrolet,D-10,d-10-3-9-cs-1983,0.0,0.0,77.0,5.0,Manual,Indefinido,Urbano
chevrolet,D-10,d-10-3-9-cs-1985,0.0,0.0,82.0,5.0,Manual,Indefinido,Urbano
chevrolet,D-20,d-20-3-9-cs-1986,0.0,0.0,86.4,5.0,Manual,Indefinido,Urbano
chevrolet,D-20,d-20-3-9-cs-1987,0.0,0.0,86.4,5.0,Manual,Indefinido,Urbano
chevrolet,D-20,d-20-3-9-cs-1988,0.0,0.0,86.4,5.0,Manual,Indefinido,Urbano
chevrolet,D-20,d-20-3-9-cd-1989,0.0,0.0,86.4,5.0,Manual,Indefinido,Urbano
chevrolet,D-20,d-20-3-9-cs-1989,0.0,0.0,86.4,5.0,Manual,Indefinido,Urbano
chevrolet,D-20,d-20-andaluz-3-9-cd-1989,0.0,0.0,86.4,5.0,Manual,Indefinido,Urbano
chevrolet,D-20,d-20-3-9-cd-1990,0.0,0.0,86.4,5.0,Manual,Indefinido,Urbano
chevrolet,D-20,d-20-3-9-cs-1990,0.0,0.0,86.4,5.0,Manual,Indefinido,Urbano
chevrolet,D-20,d-20-3-9-cd-1991,0.0,0.0,86.4,5.0,Manual,Indefinido,Urbano
chevrolet,D-20,d-20-3-9-cs-1991,0.0,0.0,86.4,5.0,Manual,Indefinido,Urbano
chevrolet,D-20,d-20-conquest-4-0-cs-1992,0.0,0.0,0.0,5.0,Manual,Indefinido,Urbano
chevrolet,D-20,d-20-custom-de-luxe-4-0-cd-1992,0.0,0.0,92.0,5.0,Manual,Indefinido,Urbano
chevrolet,D-20,d-20-custom-de-luxe-4-0-cs-1992,0.0,0.0,92.0,5.0,Manual,Indefinido,Urbano
chevrolet,D-20,d-20-custom-de-luxe-4-0-turbo-cd-1992,0.0,0.0,120.0,5.0,Manual,Indefinido,Urbano
chevrolet,D-20,d-20-custom-de-luxe-4-0-turbo-cs-1992,0.0,0.0,120.0,5.0,Manual,Indefinido,Urbano
chevrolet,D-20,d-20-andaluz-4-0-cd-1993,0.0,0.0,92.0,5.0,Manual,Indefinido,Urbano
chevrolet,D-20,d-20-conquest-4-0-cs-1993,0.0,0.0,92.0,5.0,Manual,Indefinido,Urbano
chevrolet,D-20,d-20-custom-de-luxe-4-0-cs-1993,0.0,0.0,92.0,5.0,Manual,Indefinido,Urbano
chevrolet,D-20,d-20-el-camino-4-0-cs-1993,0.0,0.0,120.0,5.0,Manual,Indefinido,Urbano
chevrolet,D-20,d-20-el-camino-4-0-cs-1993-diesel,0.0,0.0,0.0,5.0,Manual,Indefinido,Urbano
chevrolet,D-20,d-20-champ-1-4-0-cs-1994,0.0,0.0,92.0,5.0,Manual,Indefinido,Urbano
chevrolet,D-20,d-20-conquest-4-0-cs-1994,0.0,0.0,92.0,5.0,Manual,Indefinido,Urbano
chevrolet,D-20,d-20-custom-de-luxe-4-0-cd-1994,0.0,0.0,92.0,5.0,Manual,Indefinido,Urbano
chevrolet,D-20,d-20-custom-de-luxe-4-0-cs-1994,0.0,0.0,92.0,5.0,Manual,Indefinido,Urbano
chevrolet,D-20,d-20-custom-de-luxe-4-0-turbo-cd-1994,0.0,0.0,150.0,5.0,Manual,Indefinido,Urbano
chevrolet,D-20,d-20-custom-de-luxe-4-0-turbo-cs-1994,0.0,0.0,150.0,5.0,Manual,Indefinido,Urbano
chevrolet,D-20,d-20-custom-s-4-0-turbo-cs-1994,0.0,0.0,150.0,5.0,Manual,Indefinido,Urbano
chevrolet,D-20,d-20-custom-de-luxe-4-0-cs-1995,0.0,0.0,92.0,5.0,Manual,Indefinido,Urbano
chevrolet,D-20,d-20-custom-de-luxe-4-0-turbo-cs-1995,0.0,0.0,150.0,5.0,Manual,Indefinido,Urbano
chevrolet,D-20,d-20-custom-s-4-0-cs-1995,0.0,0.0,92.0,5.0,Manual,Indefinido,Urbano
chevrolet,D-20,d-20-conquest-4-0-cs-1996,0.0,0.0,92.0,5.0,Manual,Indefinido,Urbano
chevrolet,D-20,d-20-conquest-4-0-turbo-cs-1996,0.0,0.0,150.0,5.0,Manual,Indefinido,Urbano
chevrolet,D-20,d-20-custom-de-luxe-4-0-cs-1996,0.0,0.0,92.0,5.0,Manual,Indefinido,Urbano
chevrolet,D-20,d-20-custom-de-luxe-4-0-turbo-cd-1996,0.0,0.0,150.0,5.0,Manual,Indefinido,Urbano
chevrolet,D-20,d-20-custom-de-luxe-4-0-turbo-cs-1996,0.0,0.0,150.0,5.0,Manual,Indefinido,Urbano
chevrolet,Equinox,equinox-lt-2-0-turbo-2018,0.0,0.0,262.0,5.0,Auto,Indefinido,Urbano
chevrolet,Equinox,equinox-premier-2-0-turbo-2018,0.0,0.0,262.0,5.0,Auto,Indefinido,Urbano
chevrolet,Equinox,equinox-lt-2-0-turbo-2019,0.0,0.0,262.0,5.0,Auto,Indefinido,Urbano
chevrolet,Equinox,equinox-premier-2-0-turbo-2019,0.0,0.0,262.0,5.0,Auto,Indefinido,Urbano
chevrolet,Equinox,equinox-lt-1-5-turbo-2020,0.0,0.0,172.0,5.0,Auto,Indefinido,Urbano
chevrolet,Equinox,equinox-midnight-1-5-turbo-2020,0.0,0.0,172.0,5.0,Auto,Indefinido,Urbano
chevrolet,Equinox,equinox-premier-1-5-turbo-2020,0.0,0.0,172.0,5.0,Auto,Indefinido,Urbano
chevrolet,Equinox,equinox-premier-2-0-turbo-2020,0.0,0.0,262.0,5.0,Auto,Indefinido,Urbano
chevrolet,Equinox,equinox-premier-1-5-2021,0.0,0.0,172.0,5.0,Auto,Indefinido,Urbano
chevrolet,Equinox,equinox-premier-1-5-awd-2022,0.0,0.0,172.0,5.0,Auto,Indefinido,Urbano
chevrolet,Equinox,equinox-rs-1-5-2022,0.0,0.0,172.0,5.0,Auto,Indefinido,Urbano
chevrolet,Equinox,equinox-premier-1-5-awd-2023,0.0,0.0,172.0,5.0,Auto,Indefinido,Urbano
chevrolet,Equinox,equinox-rs-1-5-2023,0.0,0.0,172.0,5.0,Auto,Indefinido,Urbano
chevrolet,Equinox,equinox-premier-1-5-awd-2024,0.0,0.0,172.0,5.0,Auto,Indefinido,Urbano
chevrolet,Equinox,equinox-rs-1-5-2024,0.0,0.0,172.0,5.0,Auto,Indefinido,Urbano
chevrolet,Equinox,equinox-activ-1-5-awd-2025,0.0,0.0,177.0,5.0,Auto,Indefinido,Urbano
chevrolet,Equinox,equinox-rs-1-5-awd-2025,0.0,0.0,177.0,5.0,Auto,Indefinido,Urbano
chevrolet,Equinox,equinox-activ-1-5-awd-2026,0.0,0.0,177.0,5.0,Auto,Indefinido,Urbano
chevrolet,Equinox,equinox-rs-1-5-awd-2026,0.0,0.0,177.0,5.0,Auto,Indefinido,Urbano
chevrolet,Grand Blazer,grand-blazer-4-2-turbodiesel-1999,0.0,0.0,168.0,5.0,Manual,Indefinido,Urbano
chevrolet,Grand Blazer,grand-blazer-dlx-4-1-mpfi-1999,0.0,0.0,138.0,5.0,Manual,Indefinido,Urbano
chevrolet,Grand Blazer,grand-blazer-4-2-turbodiesel-2000,0.0,0.0,168.0,5.0,Manual,Indefinido,Urbano
chevrolet,Ipanema,ipanema-sl-1-8-1990,0.0,0.0,95.0,5.0,Manual,Indefinido,Urbano
chevrolet,Ipanema,ipanema-sl-e-1-8-1990,0.0,0.0,95.0,5.0,Manual,Indefinido,Urbano
chevrolet,Ipanema,ipanema-sl-e-1-8-at-1990,0.0,0.0,95.0,5.0,Auto,Indefinido,Urbano
chevrolet,Ipanema,ipanema-sl-1-8-1991,0.0,0.0,95.0,5.0,Manual,Indefinido,Urbano
chevrolet,Ipanema,ipanema-sl-e-1-8-1991,0.0,0.0,95.0,5.0,Manual,Indefinido,Urbano
chevrolet,Ipanema,ipanema-sl-1-8-1992,0.0,0.0,98.0,5.0,Manual,Indefinido,Urbano
chevrolet,Ipanema,ipanema-sl-e-1-8-1992,0.0,0.0,98.0,5.0,Manual,Indefinido,Urbano
chevrolet,Ipanema,ipanema-wave-1-8-1992,0.0,0.0,98.0,5.0,Manual,Indefinido,Urbano
chevrolet,Ipanema,ipanema-sl-1-8-1993-gasolina,0.0,0.0,98.0,5.0,Manual,Indefinido,Urbano
chevrolet,Ipanema,ipanema-sl-1-8-1993,0.0,0.0,98.0,5.0,Manual,Indefinido,Urbano
chevrolet,Ipanema,ipanema-sl-e-1-8-1993,0.0,0.0,98.0,5.0,Manual,Indefinido,Urbano
chevrolet,Ipanema,ipanema-sl-e-2-0-1993,0.0,0.0,110.0,5.0,Manual,Indefinido,Urbano
chevrolet,Ipanema,ipanema-sol-1-8-1993,0.0,0.0,98.0,5.0,Manual,Indefinido,Urbano
chevrolet,Ipanema,ipanema-flair-2-0-1994,0.0,0.0,110.0,5.0,Manual,Indefinido,Urbano
chevrolet,Ipanema,ipanema-gl-1-8-1994,0.0,0.0,98.0,5.0,Manual,Indefinido,Urbano
chevrolet,Ipanema,ipanema-gl-2-0-1994,0.0,0.0,110.0,5.0,Manual,Indefinido,Urbano
chevrolet,Ipanema,ipanema-gls-2-0-1994,0.0,0.0,110.0,5.0,Manual,Indefinido,Urbano
chevrolet,Ipanema,ipanema-gl-1-8-1995,0.0,0.0,98.0,5.0,Manual,Indefinido,Urbano
chevrolet,Ipanema,ipanema-gl-2-0-1995,0.0,0.0,110.0,5.0,Manual,Indefinido,Urbano
chevrolet,Ipanema,ipanema-gl-2-0-at-1995,0.0,0.0,110.0,5.0,Auto,Indefinido,Urbano
chevrolet,Ipanema,ipanema-gls-2-0-1995,0.0,0.0,110.0,5.0,Manual,Indefinido,Urbano
chevrolet,Ipanema,ipanema-gls-2-0-at-1995,0.0,0.0,110.0,5.0,Auto,Indefinido,Urbano
chevrolet,Ipanema,ipanema-gl-1-8-1996,0.0,0.0,98.0,5.0,Manual,Indefinido,Urbano
chevrolet,Ipanema,ipanema-gl-2-0-1996,0.0,0.0,110.0,5.0,Manual,Indefinido,Urbano
chevrolet,Ipanema,ipanema-gl-1-8-1997,0.0,0.0,98.0,5.0,Manual,Indefinido,Urbano
chevrolet,Ipanema,ipanema-gl-2-0-1997,0.0,0.0,110.0,5.0,Manual,Indefinido,Urbano
chevrolet,Ipanema,ipanema-gl-2-0-1998,0.0,0.0,110.0,5.0,Manual,Indefinido,Urbano
chevrolet,Joy,joy-1-0-2020,0.0,0.0,0.0,5.0,Manual,Indefinido,Urbano
chevrolet,Joy,joy-black-1-0-2020,0.0,0.0,0.0,5.0,Manual,Indefinido,Urbano
chevrolet,Joy,joy-1-0-2021,0.0,0.0,0.0,5.0,Manual,Indefinido,Urbano
chevrolet,Joy,joy-black-1-0-2021,0.0,0.0,0.0,5.0,Manual,Indefinido,Urbano
chevrolet,Joy Sedan,joy-sedan-1-0-2020,0.0,0.0,0.0,5.0,Manual,Indefinido,Urbano
chevrolet,Joy Sedan,joy-sedan-black-1-0-2020,0.0,0.0,0.0,5.0,Manual,Indefinido,Urbano
chevrolet,Joy Sedan,joy-sedan-black-1-0-2021,0.0,0.0,80.0,5.0,Manual,Indefinido,Urbano
chevrolet,Kadett,kadett-gs-2-0-1989,0.0,0.0,110.0,5.0,Manual,Indefinido,Urbano
chevrolet,Kadett,kadett-sl-1-8-1989,0.0,0.0,95.0,5.0,Manual,Indefinido,Urbano
chevrolet,Kadett,kadett-sl-e-1-8-1989,0.0,0.0,95.0,5.0,Manual,Indefinido,Urbano
chevrolet,Kadett,kadett-gs-2-0-1990,0.0,0.0,99.0,5.0,Manual,Indefinido,Urbano
chevrolet,Kadett,kadett-sl-1-8-1990,0.0,0.0,95.0,5.0,Manual,Indefinido,Urbano
chevrolet,Kadett,kadett-sl-e-1-8-1990,0.0,0.0,95.0,5.0,Manual,Indefinido,Urbano
chevrolet,Kadett,kadett-sl-e-1-8-at-1990,0.0,0.0,95.0,5.0,Auto,Indefinido,Urbano
chevrolet,Kadett,kadett-gs-2-0-1991,0.0,0.0,99.0,5.0,Manual,Indefinido,Urbano
chevrolet,Kadett,kadett-sl-1-8-1991,0.0,0.0,95.0,5.0,Manual,Indefinido,Urbano
chevrolet,Kadett,kadett-sl-e-1-8-1991,0.0,0.0,95.0,5.0,Manual,Indefinido,Urbano
chevrolet,Kadett,kadett-sl-e-1-8-at-1991,0.0,0.0,95.0,5.0,Auto,Indefinido,Urbano
chevrolet,Kadett,kadett-turim-1-8-1991,0.0,0.0,95.0,5.0,Manual,Indefinido,Urbano
chevrolet,Kadett,kadett-gsi-2-0-1992,0.0,0.0,121.0,5.0,Manual,Indefinido,Urbano
chevrolet,Kadett,kadett-sl-1-8-1992,0.0,0.0,98.0,5.0,Manual,Indefinido,Urbano
chevrolet,Kadett,kadett-sl-e-1-8-1992,0.0,0.0,98.0,5.0,Manual,Indefinido,Urbano
chevrolet,Kadett,kadett-sl-e-1-8-at-1992,0.0,0.0,98.0,5.0,Auto,Indefinido,Urbano
chevrolet,Kadett,kadett-gsi-2-0-1993,0.0,0.0,121.0,5.0,Manual,Indefinido,Urbano
chevrolet,Kadett,kadett-sl-1-8-1993,0.0,0.0,98.0,5.0,Manual,Indefinido,Urbano
chevrolet,Kadett,kadett-sl-e-1-8-1993,0.0,0.0,98.0,5.0,Manual,Indefinido,Urbano
chevrolet,Kadett,kadett-sl-e-1-8-at-1993,0.0,0.0,99.0,5.0,Auto,Indefinido,Urbano
chevrolet,Kadett,kadett-gl-1-8-1994,0.0,0.0,98.0,5.0,Manual,Indefinido,Urbano
chevrolet,Kadett,kadett-gl-2-0-1994,0.0,0.0,116.0,5.0,Manual,Indefinido,Urbano
chevrolet,Kadett,kadett-gls-1-8-1994,0.0,0.0,98.0,5.0,Manual,Indefinido,Urbano
chevrolet,Kadett,kadett-gls-1-8-at-1994,0.0,0.0,98.0,5.0,Auto,Indefinido,Urbano
chevrolet,Kadett,kadett-gsi-2-0-1994,0.0,0.0,121.0,5.0,Manual,Indefinido,Urbano
chevrolet,Kadett,kadett-lite-1-8-1994,0.0,0.0,98.0,5.0,Manual,Indefinido,Urbano
chevrolet,Kadett,kadett-gl-1-8-1995,0.0,0.0,99.0,5.0,Manual,Indefinido,Urbano
chevrolet,Kadett,kadett-gl-2-0-1995,0.0,0.0,116.0,5.0,Manual,Indefinido,Urbano
chevrolet,Kadett,kadett-gls-1-8-1995,0.0,0.0,98.0,5.0,Manual,Indefinido,Urbano
chevrolet,Kadett,kadett-gsi-2-0-1995,0.0,0.0,121.0,5.0,Manual,Indefinido,Urbano
chevrolet,Kadett,kadett-sport-2-0-1995,0.0,0.0,116.0,5.0,Manual,Indefinido,Urbano
chevrolet,Kadett,kadett-gl-1-8-1996,0.0,0.0,98.0,5.0,Manual,Indefinido,Urbano
chevrolet,Kadett,kadett-gl-2-0-1996,0.0,0.0,116.0,5.0,Manual,Indefinido,Urbano
chevrolet,Kadett,kadett-sport-2-0-1996,0.0,0.0,116.0,5.0,Manual,Indefinido,Urbano
chevrolet,Kadett,kadett-gl-1-8-1997,0.0,0.0,98.0,5.0,Manual,Indefinido,Urbano
chevrolet,Kadett,kadett-gl-2-0-1997,0.0,0.0,110.0,5.0,Manual,Indefinido,Urbano
chevrolet,Kadett,kadett-gls-2-0-1997,0.0,0.0,110.0,5.0,Manual,Indefinido,Urbano
chevrolet,Kadett,kadett-sport-2-0-1997,0.0,0.0,116.0,5.0,Manual,Indefinido,Urbano
chevrolet,Kadett,kadett-gl-2-0-1998,0.0,0.0,110.0,5.0,Manual,Indefinido,Urbano
chevrolet,Kadett,kadett-gls-2-0-1998,0.0,0.0,110.0,5.0,Manual,Indefinido,Urbano
chevrolet,Kadett Conversível,kadett-conversivel-gsi-2-0-1992,0.0,0.0,121.0,5.0,Manual,Indefinido,Urbano
chevrolet,Kadett Conversível,kadett-conversivel-gsi-2-0-1993,0.0,0.0,121.0,5.0,Manual,Indefinido,Urbano
chevrolet,Kadett Conversível,kadett-conversivel-gsi-2-0-1994,0.0,0.0,121.0,5.0,Manual,Indefinido,Urbano
chevrolet,Kadett Conversível,kadett-conversivel-gsi-2-0-1995,0.0,0.0,121.0,5.0,Manual,Indefinido,Urbano
chevrolet,Lumina,lumina-apv-3-1-v6-1991,0.0,0.0,122.0,5.0,Auto,Indefinido,Urbano
chevrolet,Lumina,lumina-apv-3-1-v6-1992,0.0,0.0,122.0,5.0,Auto,Indefinido,Urbano
chevrolet,Lumina,lumina-apv-3-1-v6-1993,0.0,0.0,122.0,5.0,Auto,Indefinido,Urbano
chevrolet,Lumina,lumina-apv-3-1-v6-1994,0.0,0.0,122.0,5.0,Auto,Indefinido,Urbano
chevrolet,Lumina,lumina-apv-3-1-v6-1995,0.0,0.0,122.0,5.0,Auto,Indefinido,Urbano
chevrolet,Lumina,lumina-apv-3-1-v6-1996,0.0,0.0,122.0,5.0,Auto,Indefinido,Urbano
chevrolet,Malibu,malibu-ltz-2-4-2010,0.0,0.0,171.0,5.0,Auto,Indefinido,Urbano
chevrolet,Malibu,malibu-ltz-2-4-2011,0.0,0.0,171.0,5.0,Auto,Indefinido,Urbano
chevrolet,Malibu,malibu-ltz-2-4-2012,0.0,0.0,171.0,5.0,Auto,Indefinido,Urbano
chevrolet,Malibu,malibu-ltz-2-4-2013,0.0,0.0,167.0,5.0,Auto,Indefinido,Urbano
chevrolet,Marajó,marajo-sl-1-4-1981,0.0,0.0,69.4,5.0,Manual,Indefinido,Urbano
chevrolet,Marajó,marajo-sl-1-4-1982,0.0,0.0,69.4,5.0,Manual,Indefinido,Urbano
chevrolet,Marajó,marajo-sl-1-6-1983,0.0,0.0,72.0,5.0,Manual,Indefinido,Urbano
chevrolet,Marajó,marajo-l-1-6-1985,0.0,0.0,0.0,5.0,Manual,Indefinido,Urbano
chevrolet,Marajó,marajo-sl-1-6-1985,0.0,0.0,72.0,5.0,Manual,Indefinido,Urbano
chevrolet,Marajó,marajo-sl-1-6-1986,0.0,0.0,72.0,5.0,Manual,Indefinido,Urbano
chevrolet,Marajó,marajo-sl-1-6-at-1986,0.0,0.0,69.0,5.0,Auto,Indefinido,Urbano
chevrolet,Marajó,marajo-se-1-6-1987,0.0,0.0,73.0,5.0,Manual,Indefinido,Urbano
chevrolet,Marajó,marajo-se-1-6-at-1987,0.0,0.0,0.0,5.0,Auto,Indefinido,Urbano
chevrolet,Marajó,marajo-sl-1-6-1988,0.0,0.0,73.0,5.0,Manual,Indefinido,Urbano
chevrolet,Marajó,marajo-sl-1-6-1989,0.0,0.0,0.0,5.0,Manual,Indefinido,Urbano
chevrolet,Marajó,marajo-sl-1-6-at-1989,0.0,0.0,0.0,5.0,Auto,Indefinido,Urbano
chevrolet,Meriva,meriva-1-8-2003,0.0,0.0,102.0,5.0,Manual,Indefinido,Urbano
chevrolet,Meriva,meriva-1-8-16v-2003,0.0,0.0,122.0,5.0,Manual,Indefinido,Urbano
chevrolet,Meriva,meriva-cd-1-8-2003,0.0,0.0,102.0,5.0,Manual,Indefinido,Urbano
chevrolet,Meriva,meriva-cd-1-8-16v-2003,0.0,0.0,122.0,5.0,Manual,Indefinido,Urbano
chevrolet,Meriva,meriva-1-8-2004,0.0,0.0,0.0,5.0,Manual,Indefinido,Urbano
chevrolet,Meriva,meriva-1-8-2004-gasolina,0.0,0.0,102.0,5.0,Manual,Indefinido,Urbano
chevrolet,Meriva,meriva-1-8-16v-2004,0.0,0.0,122.0,5.0,Manual,Indefinido,Urbano
chevrolet,Meriva,meriva-cd-1-8-2004-gasolina,0.0,0.0,102.0,5.0,Manual,Indefinido,Urbano
chevrolet,Meriva,meriva-cd-1-8-2004,0.0,0.0,0.0,5.0,Manual,Indefinido,Urbano
chevrolet,Meriva,meriva-cd-1-8-16v-2004,0.0,0.0,122.0,5.0,Manual,Indefinido,Urbano
chevrolet,Meriva,meriva-joy-1-8-2005,0.0,0.0,109.0,5.0,Manual,Indefinido,Urbano
chevrolet,Meriva,meriva-maxx-1-8-2005,0.0,0.0,0.0,5.0,Manual,Indefinido,Urbano
chevrolet,Meriva,meriva-premium-1-8-2005,0.0,0.0,109.0,5.0,Manual,Indefinido,Urbano
chevrolet,Meriva,meriva-joy-1-8-2006,0.0,0.0,114.0,5.0,Manual,Indefinido,Urbano
chevrolet,Meriva,meriva-maxx-1-8-2006,0.0,0.0,114.0,5.0,Manual,Indefinido,Urbano
chevrolet,Meriva,meriva-ss-1-8-2006,0.0,0.0,0.0,5.0,Manual,Indefinido,Urbano
chevrolet,Meriva,meriva-joy-1-8-2007,0.0,0.0,0.0,5.0,Manual,Indefinido,Urbano
chevrolet,Meriva,meriva-maxx-1-8-2007,0.0,0.0,0.0,5.0,Manual,Indefinido,Urbano
chevrolet,Meriva,meriva-premium-1-8-2007,0.0,0.0,0.0,5.0,Manual,Indefinido,Urbano
chevrolet,Meriva,meriva-ss-1-8-2007,0.0,0.0,114.0,5.0,Manual,Indefinido,Urbano
chevrolet,Meriva,meriva-joy-1-8-2008,0.0,0.0,114.0,5.0,Manual,Indefinido,Urbano
chevrolet,Meriva,meriva-maxx-1-8-2008,0.0,0.0,114.0,5.0,Manual,Indefinido,Urbano
chevrolet,Meriva,meriva-premium-1-8-2008,0.0,0.0,114.0,5.0,Manual,Indefinido,Urbano
chevrolet,Meriva,meriva-premium-1-8-easytronic-2008,0.0,0.0,114.0,5.0,Auto,Indefinido,Urbano
chevrolet,Meriva,meriva-ss-1-8-2008,0.0,0.0,0.0,5.0,Manual,Indefinido,Urbano
chevrolet,Meriva,meriva-expression-1-8-easytronic-2009,0.0,0.0,0.0,5.0,Auto,Indefinido,Urbano
chevrolet,Meriva,meriva-joy-1-4-2009,0.0,0.0,105.0,5.0,Manual,Indefinido,Urbano
chevrolet,Meriva,meriva-maxx-1-4-2009,0.0,0.0,105.0,5.0,Manual,Indefinido,Urbano
chevrolet,Meriva,meriva-premium-1-8-2009,0.0,0.0,0.0,5.0,Manual,Indefinido,Urbano
chevrolet,Meriva,meriva-premium-1-8-easytronic-2009,0.0,0.0,0.0,5.0,Auto,Indefinido,Urbano
chevrolet,Meriva,meriva-ss-1-8-2009,0.0,0.0,0.0,5.0,Manual,Indefinido,Urbano
chevrolet,Meriva,meriva-ss-1-8-easytronic-2009,0.0,0.0,0.0,5.0,Auto,Indefinido,Urbano
chevrolet,Meriva,meriva-expression-1-8-easytronic-2010,0.0,0.0,0.0,5.0,Auto,Indefinido,Urbano
chevrolet,Meriva,meriva-joy-1-4-2010,0.0,0.0,0.0,5.0,Manual,Indefinido,Urbano
chevrolet,Meriva,meriva-maxx-1-4-2010,0.0,0.0,105.0,5.0,Manual,Indefinido,Urbano
chevrolet,Meriva,meriva-premium-1-8-easytronic-2010,0.0,0.0,114.0,5.0,Auto,Indefinido,Urbano
chevrolet,Meriva,meriva-ss-1-8-easytronic-2010,0.0,0.0,0.0,5.0,Auto,Indefinido,Urbano
chevrolet,Meriva,meriva-expression-1-8-easytronic-2011,0.0,0.0,114.0,5.0,Auto,Indefinido,Urbano
chevrolet,Meriva,meriva-joy-1-4-2011,0.0,0.0,105.0,5.0,Manual,Indefinido,Urbano
chevrolet,Meriva,meriva-maxx-1-4-2011,0.0,0.0,105.0,5.0,Manual,Indefinido,Urbano
chevrolet,Meriva,meriva-premium-1-8-easytronic-2011,0.0,0.0,114.0,5.0,Auto,Indefinido,Urbano
chevrolet,Meriva,meriva-ss-1-8-easytronic-2011,0.0,0.0,0.0,5.0,Auto,Indefinido,Urbano
chevrolet,Meriva,meriva-collection-1-4-2012,0.0,0.0,105.0,5.0,Manual,Indefinido,Urbano
chevrolet,Meriva,meriva-expression-1-8-easytronic-2012,0.0,0.0,114.0,5.0,Auto,Indefinido,Urbano
chevrolet,Meriva,meriva-joy-1-4-2012,0.0,0.0,105.0,5.0,Manual,Indefinido,Urbano
chevrolet,Meriva,meriva-maxx-1-4-2012,0.0,0.0,105.0,5.0,Manual,Indefinido,Urbano
chevrolet,Meriva,meriva-premium-1-8-easytronic-2012,0.0,0.0,114.0,5.0,Auto,Indefinido,Urbano
chevrolet,Montana,montana-1-8-2004,0.0,0.0,109.0,5.0,Manual,Indefinido,Urbano
chevrolet,Montana,montana-off-road-1-8-2004,0.0,0.0,109.0,5.0,Manual,Indefinido,Urbano
chevrolet,Montana,montana-sport-1-8-2004,0.0,0.0,109.0,5.0,Manual,Indefinido,Urbano
chevrolet,Montana,montana-conquest-1-8-2005,0.0,0.0,114.0,5.0,Manual,Indefinido,Urbano
chevrolet,Montana,montana-sport-1-8-2005,0.0,0.0,0.0,5.0,Manual,Indefinido,Urbano
chevrolet,Montana,montana-conquest-1-8-2006,0.0,0.0,114.0,5.0,Manual,Indefinido,Urbano
chevrolet,Montana,montana-fluir-1-8-2006,0.0,0.0,114.0,5.0,Manual,Indefinido,Urbano
chevrolet,Montana,montana-sport-1-8-2006,0.0,0.0,114.0,5.0,Manual,Indefinido,Urbano
chevrolet,Montana,montana-conquest-1-8-2007,0.0,0.0,0.0,5.0,Manual,Indefinido,Urbano
chevrolet,Montana,montana-sport-1-8-2007,0.0,0.0,0.0,5.0,Manual,Indefinido,Urbano
chevrolet,Montana,montana-combo-1-4-2008,0.0,0.0,105.0,5.0,Manual,Indefinido,Urbano
chevrolet,Montana,montana-conquest-1-4-2008,0.0,0.0,105.0,5.0,Manual,Indefinido,Urbano
chevrolet,Montana,montana-sport-1-8-2008,0.0,0.0,0.0,5.0,Manual,Indefinido,Urbano
chevrolet,Montana,montana-conquest-1-4-2009,0.0,0.0,105.0,5.0,Manual,Indefinido,Urbano
chevrolet,Montana,montana-sport-1-8-2009,0.0,0.0,114.0,5.0,Manual,Indefinido,Urbano
chevrolet,Montana,montana-arena-1-4-2010,0.0,0.0,105.0,5.0,Manual,Indefinido,Urbano
chevrolet,Montana,montana-combo-1-4-2010,0.0,0.0,0.0,5.0,Manual,Indefinido,Urbano
chevrolet,Montana,montana-conquest-1-4-2010,0.0,0.0,105.0,5.0,Manual,Indefinido,Urbano
chevrolet,Montana,montana-sport-1-4-2010,0.0,0.0,105.0,5.0,Manual,Indefinido,Urbano
chevrolet,Montana,montana-ls-1-4-2011,0.0,0.0,102.0,5.0,Manual,Indefinido,Urbano
chevrolet,Montana,montana-sport-1-4-2011,0.0,0.0,102.0,5.0,Manual,Indefinido,Urbano
chevrolet,Montana,montana-ls-1-4-2012,0.0,0.0,0.0,5.0,Manual,Indefinido,Urbano
chevrolet,Montana,montana-sport-1-4-2012,0.0,0.0,102.0,5.0,Manual,Indefinido,Urbano
chevrolet,Montana,montana-combo-1-4-2013,0.0,0.0,102.0,5.0,Manual,Indefinido,Urbano
chevrolet,Montana,montana-ls-1-4-2013,0.0,0.0,102.0,5.0,Manual,Indefinido,Urbano
chevrolet,Montana,montana-sport-1-4-2013,0.0,0.0,102.0,5.0,Manual,Indefinido,Urbano
chevrolet,Montana,montana-combo-1-4-2014,0.0,0.0,0.0,5.0,Manual,Indefinido,Urbano
chevrolet,Montana,montana-ls-1-4-2014,0.0,0.0,102.0,5.0,Manual,Indefinido,Urbano
chevrolet,Montana,montana-sport-1-4-2014,0.0,0.0,102.0,5.0,Manual,Indefinido,Urbano
chevrolet,Montana,montana-ls-1-4-2015,0.0,0.0,102.0,5.0,Manual,Indefinido,Urbano
chevrolet,Montana,montana-sport-1-4-2015,0.0,0.0,102.0,5.0,Manual,Indefinido,Urbano
chevrolet,Montana,montana-ls-1-4-2016,0.0,0.0,99.0,5.0,Manual,Indefinido,Urbano
chevrolet,Montana,montana-sport-1-4-2016,0.0,0.0,99.0,5.0,Manual,Indefinido,Urbano
chevrolet,Montana,montana-ls-1-4-2017,0.0,0.0,99.0,5.0,Manual,Indefinido,Urbano
chevrolet,Montana,montana-sport-1-4-2017,0.0,0.0,99.0,5.0,Manual,Indefinido,Urbano
chevrolet,Montana,montana-ls-1-4-2018,0.0,0.0,99.0,5.0,Manual,Indefinido,Urbano
chevrolet,Montana,montana-sport-1-4-2018,0.0,0.0,99.0,5.0,Manual,Indefinido,Urbano
chevrolet,Montana,montana-ls-1-4-2019,0.0,0.0,99.0,5.0,Manual,Indefinido,Urbano
chevrolet,Montana,montana-sport-1-4-2019,0.0,0.0,99.0,5.0,Manual,Indefinido,Urbano
chevrolet,Montana,montana-ls-1-4-2020,0.0,0.0,0.0,5.0,Manual,Indefinido,Urbano
chevrolet,Montana,montana-sport-1-4-2020,0.0,0.0,0.0,5.0,Manual,Indefinido,Urbano
chevrolet,Montana,montana-ls-1-4-2021,0.0,0.0,99.0,5.0,Manual,Indefinido,Urbano
chevrolet,Montana,montana-1-2-2023,0.0,0.0,0.0,5.0,Manual,Indefinido,Urbano
chevrolet,Montana,montana-lt-1-2-2023,0.0,0.0,0.0,5.0,Manual,Indefinido,Urbano
chevrolet,Montana,montana-ltz-1-2-2023,0.0,0.0,0.0,5.0,Auto,Indefinido,Urbano
chevrolet,Montana,montana-premier-1-2-2023,0.0,0.0,0.0,5.0,Auto,Indefinido,Urbano
chevrolet,Montana,montana-1-2-2024,0.0,0.0,0.0,5.0,Manual,Indefinido,Urbano
chevrolet,Montana,montana-lt-1-2-2024,0.0,0.0,0.0,5.0,Manual,Indefinido,Urbano
chevrolet,Montana,montana-ltz-1-2-2024,0.0,0.0,0.0,5.0,Auto,Indefinido,Urbano
chevrolet,Montana,montana-premier-1-2-2024,0.0,0.0,0.0,5.0,Auto,Indefinido,Urbano
chevrolet,Montana,montana-rs-1-2-2024,0.0,0.0,0.0,5.0,Auto,Indefinido,Urbano
chevrolet,Montana,montana-1-2-2025-flex,0.0,0.0,0.0,5.0,Manual,Indefinido,Urbano
chevrolet,Montana,montana-1-2-2025,0.0,0.0,0.0,5.0,Manual,Indefinido,Urbano
chevrolet,Montana,montana-lt-1-2-2025-flex,0.0,0.0,0.0,5.0,Manual,Indefinido,Urbano
chevrolet,Montana,montana-lt-1-2-2025,0.0,0.0,0.0,5.0,Manual,Indefinido,Urbano
chevrolet,Montana,montana-ltz-1-2-2025-flex,0.0,0.0,0.0,5.0,Auto,Indefinido,Urbano
chevrolet,Montana,montana-ltz-1-2-2025,0.0,0.0,0.0,5.0,Auto,Indefinido,Urbano
chevrolet,Montana,montana-premier-1-2-2025-flex,0.0,0.0,0.0,5.0,Auto,Indefinido,Urbano
chevrolet,Montana,montana-premier-1-2-2025,0.0,0.0,0.0,5.0,Auto,Indefinido,Urbano
chevrolet,Montana,montana-rs-1-2-2025,0.0,0.0,0.0,5.0,Auto,Indefinido,Urbano
chevrolet,Montana,montana-rs-1-2-2025-flex,0.0,0.0,0.0,5.0,Auto,Indefinido,Urbano
chevrolet,Montana,montana-1-2-2026,0.0,0.0,0.0,5.0,Manual,Indefinido,Urbano
chevrolet,Montana,montana-lt-1-2-2026,0.0,0.0,0.0,5.0,Manual,Indefinido,Urbano
chevrolet,Montana,montana-ltz-1-2-2026,0.0,0.0,0.0,5.0,Auto,Indefinido,Urbano
chevrolet,Montana,montana-premier-1-2-2026,0.0,0.0,0.0,5.0,Auto,Indefinido,Urbano
chevrolet,Montana,montana-rs-1-2-2026,0.0,0.0,0.0,5.0,Auto,Indefinido,Urbano
chevrolet,Monza,monza-1-6-1983,0.0,0.0,72.0,5.0,Manual,Indefinido,Urbano
chevrolet,Monza,monza-sl-e-1-6-1983,0.0,0.0,72.0,5.0,Manual,Indefinido,Urbano
chevrolet,Monza,monza-sl-1-8-1984,0.0,0.0,83.0,5.0,Manual,Indefinido,Urbano
chevrolet,Monza,monza-sl-e-1-6-1984,0.0,0.0,72.0,5.0,Manual,Indefinido,Urbano
chevrolet,Monza,monza-sl-e-1-8-1984-gasolina,0.0,0.0,83.0,5.0,Manual,Indefinido,Urbano
chevrolet,Monza,monza-sl-e-1-8-1984,0.0,0.0,83.0,5.0,Manual,Indefinido,Urbano
chevrolet,Monza,monza-sl-e-1-8-at-1984,0.0,0.0,87.0,5.0,Auto,Indefinido,Urbano
chevrolet,Monza,monza-1-6-1985,0.0,0.0,72.0,5.0,Manual,Indefinido,Urbano
chevrolet,Monza,monza-1-8-1985,0.0,0.0,83.0,5.0,Manual,Indefinido,Urbano
chevrolet,Monza,monza-sl-1-8-1985,0.0,0.0,83.0,5.0,Manual,Indefinido,Urbano
chevrolet,Monza,monza-sl-e-1-8-1985,0.0,0.0,83.0,5.0,Manual,Indefinido,Urbano
chevrolet,Monza,monza-1-6-1986,0.0,0.0,0.0,5.0,Manual,Indefinido,Urbano
chevrolet,Monza,monza-1-8-1986,0.0,0.0,0.0,5.0,Manual,Indefinido,Urbano
chevrolet,Monza,monza-classic-1-8-1986,0.0,0.0,99.0,5.0,Manual,Indefinido,Urbano
chevrolet,Monza,monza-sl-e-1-8-1986-alcool,0.0,0.0,95.0,5.0,Manual,Indefinido,Urbano
chevrolet,Monza,monza-sl-e-1-8-1986,0.0,0.0,95.0,5.0,Manual,Indefinido,Urbano
chevrolet,Monza,monza-classic-2-0-at-1987,0.0,0.0,110.0,5.0,Auto,Indefinido,Urbano
chevrolet,Monza,monza-l-1-8-1987,0.0,0.0,95.0,5.0,Manual,Indefinido,Urbano
chevrolet,Monza,monza-l-2-0-1987,0.0,0.0,110.0,5.0,Manual,Indefinido,Urbano
chevrolet,Monza,monza-sl-e-1-8-1987,0.0,0.0,95.0,5.0,Manual,Indefinido,Urbano
chevrolet,Monza,monza-sl-e-2-0-1987-alcool,0.0,0.0,110.0,5.0,Manual,Indefinido,Urbano
chevrolet,Monza,monza-sl-e-2-0-1987,0.0,0.0,110.0,5.0,Manual,Indefinido,Urbano
chevrolet,Monza,monza-classic-se-2-0-1988,0.0,0.0,99.0,5.0,Manual,Indefinido,Urbano
chevrolet,Monza,monza-classic-se-2-0-at-1988,0.0,0.0,110.0,5.0,Auto,Indefinido,Urbano
chevrolet,Monza,monza-sl-e-1-8-1988,0.0,0.0,95.0,5.0,Manual,Indefinido,Urbano
chevrolet,Monza,monza-sl-e-1-8-1988-alcool,0.0,0.0,95.0,5.0,Manual,Indefinido,Urbano
chevrolet,Monza,monza-sl-e-2-0-1988,0.0,0.0,110.0,5.0,Manual,Indefinido,Urbano
chevrolet,Monza,monza-sl-e-2-0-1988-alcool,0.0,0.0,110.0,5.0,Manual,Indefinido,Urbano
chevrolet,Monza,monza-sl-e-2-0-at-1988,0.0,0.0,110.0,5.0,Auto,Indefinido,Urbano
chevrolet,Monza,monza-classic-se-2-0-1989,0.0,0.0,99.0,5.0,Manual,Indefinido,Urbano
chevrolet,Monza,monza-classic-se-2-0-at-1989,0.0,0.0,110.0,5.0,Auto,Indefinido,Urbano
chevrolet,Monza,monza-sl-e-1-8-1989,0.0,0.0,95.0,5.0,Manual,Indefinido,Urbano
chevrolet,Monza,monza-sl-e-2-0-1989,0.0,0.0,110.0,5.0,Manual,Indefinido,Urbano
chevrolet,Monza,monza-classic-se-2-0-1990,0.0,0.0,99.0,5.0,Manual,Indefinido,Urbano
chevrolet,Monza,monza-classic-se-500-ef-2-0-1990,0.0,0.0,116.0,5.0,Manual,Indefinido,Urbano
chevrolet,Monza,monza-sl-1-8-1990,0.0,0.0,95.0,5.0,Manual,Indefinido,Urbano
chevrolet,Monza,monza-sl-2-0-1990,0.0,0.0,99.0,5.0,Manual,Indefinido,Urbano
chevrolet,Monza,monza-sl-e-1-8-1990,0.0,0.0,95.0,5.0,Manual,Indefinido,Urbano
chevrolet,Monza,monza-sl-e-1-8-1990-alcool,0.0,0.0,95.0,5.0,Manual,Indefinido,Urbano
chevrolet,Monza,monza-sl-e-2-0-1990,0.0,0.0,99.0,5.0,Manual,Indefinido,Urbano
chevrolet,Monza,monza-sl-e-2-0-1990-gasolina,0.0,0.0,99.0,5.0,Manual,Indefinido,Urbano
chevrolet,Monza,monza-sl-e-2-0-at-1990,0.0,0.0,110.0,5.0,Auto,Indefinido,Urbano
chevrolet,Monza,monza-classic-se-2-0-1991-gasolina,0.0,0.0,0.0,5.0,Manual,Indefinido,Urbano
chevrolet,Monza,monza-classic-se-2-0-1991,0.0,0.0,116.0,5.0,Manual,Indefinido,Urbano
chevrolet,Monza,monza-classic-se-2-0-at-1991,0.0,0.0,110.0,5.0,Auto,Indefinido,Urbano
chevrolet,Monza,monza-sl-1-8-1991,0.0,0.0,95.0,5.0,Manual,Indefinido,Urbano
chevrolet,Monza,monza-sl-e-1-8-1991,0.0,0.0,95.0,5.0,Manual,Indefinido,Urbano
chevrolet,Monza,monza-sl-e-1-8-1991-alcool,0.0,0.0,95.0,5.0,Manual,Indefinido,Urbano
chevrolet,Monza,monza-sl-e-2-0-1991,0.0,0.0,99.0,5.0,Manual,Indefinido,Urbano
chevrolet,Monza,monza-sl-e-2-0-1991-alcool,0.0,0.0,110.0,5.0,Manual,Indefinido,Urbano
chevrolet,Monza,monza-barcelona-1-8-1992,0.0,0.0,0.0,5.0,Manual,Indefinido,Urbano
chevrolet,Monza,monza-barcelona-2-0-1992,0.0,0.0,110.0,5.0,Manual,Indefinido,Urbano
chevrolet,Monza,monza-classic-se-2-0-1992-gasolina,0.0,0.0,121.0,5.0,Manual,Indefinido,Urbano
chevrolet,Monza,monza-classic-se-2-0-1992,0.0,0.0,121.0,5.0,Manual,Indefinido,Urbano
chevrolet,Monza,monza-classic-se-2-0-at-1992,0.0,0.0,110.0,5.0,Auto,Indefinido,Urbano
chevrolet,Monza,monza-sl-1-8-1992-alcool,0.0,0.0,99.0,5.0,Manual,Indefinido,Urbano
chevrolet,Monza,monza-sl-1-8-1992,0.0,0.0,99.0,5.0,Manual,Indefinido,Urbano
chevrolet,Monza,monza-sl-2-0-1992,0.0,0.0,110.0,5.0,Manual,Indefinido,Urbano
chevrolet,Monza,monza-sl-2-0-at-1992,0.0,0.0,110.0,5.0,Auto,Indefinido,Urbano
chevrolet,Monza,monza-sl-e-2-0-1992,0.0,0.0,110.0,5.0,Manual,Indefinido,Urbano
chevrolet,Monza,monza-sl-e-2-0-1992-gasolina,0.0,0.0,0.0,5.0,Manual,Indefinido,Urbano
chevrolet,Monza,monza-650-2-0-1993,0.0,0.0,110.0,5.0,Manual,Indefinido,Urbano
chevrolet,Monza,monza-class-2-0-1993,0.0,0.0,110.0,5.0,Manual,Indefinido,Urbano
chevrolet,Monza,monza-classic-se-2-0-1993,0.0,0.0,121.0,5.0,Manual,Indefinido,Urbano
chevrolet,Monza,monza-classic-se-2-0-at-1993,0.0,0.0,110.0,5.0,Auto,Indefinido,Urbano
chevrolet,Monza,monza-sl-1-8-1993,0.0,0.0,99.0,5.0,Manual,Indefinido,Urbano
chevrolet,Monza,monza-sl-2-0-1993,0.0,0.0,110.0,5.0,Manual,Indefinido,Urbano
chevrolet,Monza,monza-sl-e-2-0-1993-gasolina,0.0,0.0,110.0,5.0,Manual,Indefinido,Urbano
chevrolet,Monza,monza-sl-e-2-0-1993,0.0,0.0,110.0,5.0,Manual,Indefinido,Urbano
chevrolet,Monza,monza-classic-se-2-0-1994,0.0,0.0,116.0,5.0,Manual,Indefinido,Urbano
chevrolet,Monza,monza-club-2-0-1994,0.0,0.0,110.0,5.0,Manual,Indefinido,Urbano
chevrolet,Monza,monza-gl-1-8-1994,0.0,0.0,99.0,5.0,Manual,Indefinido,Urbano
chevrolet,Monza,monza-gl-2-0-1994,0.0,0.0,116.0,5.0,Manual,Indefinido,Urbano
chevrolet,Monza,monza-gls-2-0-1994,0.0,0.0,110.0,5.0,Manual,Indefinido,Urbano
chevrolet,Monza,monza-gls-2-0-at-1994,0.0,0.0,110.0,5.0,Auto,Indefinido,Urbano
chevrolet,Monza,monza-hi-tech-2-0-1994,0.0,0.0,110.0,5.0,Manual,Indefinido,Urbano
chevrolet,Monza,monza-gl-1-8-1995,0.0,0.0,99.0,5.0,Manual,Indefinido,Urbano
chevrolet,Monza,monza-gl-2-0-1995,0.0,0.0,116.0,5.0,Manual,Indefinido,Urbano
chevrolet,Monza,monza-gls-2-0-1995,0.0,0.0,110.0,5.0,Manual,Indefinido,Urbano
chevrolet,Monza,monza-gls-2-0-1995-gasolina,0.0,0.0,0.0,5.0,Manual,Indefinido,Urbano
chevrolet,Monza,monza-gls-2-0-at-1995,0.0,0.0,110.0,5.0,Auto,Indefinido,Urbano
chevrolet,Monza,monza-gl-2-0-1996,0.0,0.0,116.0,5.0,Manual,Indefinido,Urbano
chevrolet,Monza,monza-gls-2-0-1996,0.0,0.0,110.0,5.0,Manual,Indefinido,Urbano
chevrolet,Monza Hatch,monza-hatch-sl-e-1-6-1982,0.0,0.0,75.0,5.0,Manual,Indefinido,Urbano
chevrolet,Monza Hatch,monza-hatch-1-8-1983,0.0,0.0,86.0,5.0,Manual,Indefinido,Urbano
chevrolet,Monza Hatch,monza-hatch-sl-e-1-8-1983,0.0,0.0,86.0,5.0,Manual,Indefinido,Urbano
chevrolet,Monza Hatch,monza-hatch-sl-e-1-8-1984,0.0,0.0,87.0,5.0,Manual,Indefinido,Urbano
chevrolet,Monza Hatch,monza-hatch-1-6-1985,0.0,0.0,72.0,5.0,Manual,Indefinido,Urbano
chevrolet,Monza Hatch,monza-hatch-sl-e-1-8-1985,0.0,0.0,87.0,5.0,Manual,Indefinido,Urbano
chevrolet,Monza Hatch,monza-hatch-s-r-1-8-1986,0.0,0.0,106.0,5.0,Manual,Indefinido,Urbano
chevrolet,Monza Hatch,monza-hatch-sl-e-1-8-1986,0.0,0.0,87.0,5.0,Manual,Indefinido,Urbano
chevrolet,Monza Hatch,monza-hatch-s-r-2-0-1987,0.0,0.0,110.0,5.0,Manual,Indefinido,Urbano
chevrolet,Monza Hatch,monza-hatch-s-r-2-0-1988,0.0,0.0,110.0,5.0,Manual,Indefinido,Urbano
chevrolet,Omega,omega-cd-3-0-1992,0.0,0.0,165.0,5.0,Manual,Indefinido,Urbano
chevrolet,Omega,omega-cd-3-0-at-1992,0.0,0.0,165.0,5.0,Auto,Indefinido,Urbano
chevrolet,Omega,omega-gls-2-0-1992,0.0,0.0,116.0,5.0,Manual,Indefinido,Urbano
chevrolet,Omega,omega-cd-3-0-1993,0.0,0.0,165.0,5.0,Manual,Indefinido,Urbano
chevrolet,Omega,omega-cd-3-0-at-1993,0.0,0.0,165.0,5.0,Auto,Indefinido,Urbano
chevrolet,Omega,omega-gls-2-0-1993,0.0,0.0,130.0,5.0,Manual,Indefinido,Urbano
chevrolet,Omega,omega-cd-3-0-1994,0.0,0.0,165.0,5.0,Manual,Indefinido,Urbano
chevrolet,Omega,omega-cd-3-0-at-1994,0.0,0.0,165.0,5.0,Auto,Indefinido,Urbano
chevrolet,Omega,omega-diamond-3-0-1994,0.0,0.0,165.0,5.0,Manual,Indefinido,Urbano
chevrolet,Omega,omega-gl-2-0-1994,0.0,0.0,130.0,5.0,Manual,Indefinido,Urbano
chevrolet,Omega,omega-gls-2-0-1994,0.0,0.0,130.0,5.0,Manual,Indefinido,Urbano
chevrolet,Omega,omega-cd-4-1-1995,0.0,0.0,168.0,5.0,Manual,Indefinido,Urbano
chevrolet,Omega,omega-cd-4-1-at-1995,0.0,0.0,168.0,5.0,Auto,Indefinido,Urbano
chevrolet,Omega,omega-gl-2-0-1995,0.0,0.0,130.0,5.0,Manual,Indefinido,Urbano
chevrolet,Omega,omega-gls-2-2-1995,0.0,0.0,116.0,5.0,Manual,Indefinido,Urbano
chevrolet,Omega,omega-gls-4-1-1995,0.0,0.0,168.0,5.0,Manual,Indefinido,Urbano
chevrolet,Omega,omega-cd-4-1-1996,0.0,0.0,168.0,5.0,Manual,Indefinido,Urbano
chevrolet,Omega,omega-cd-4-1-at-1996,0.0,0.0,168.0,5.0,Auto,Indefinido,Urbano
chevrolet,Omega,omega-gls-2-2-1996,0.0,0.0,116.0,5.0,Manual,Indefinido,Urbano
chevrolet,Omega,omega-gls-4-1-1996,0.0,0.0,168.0,5.0,Manual,Indefinido,Urbano
chevrolet,Omega,omega-cd-4-1-1997,0.0,0.0,168.0,5.0,Manual,Indefinido,Urbano
chevrolet,Omega,omega-cd-4-1-at-1997,0.0,0.0,168.0,5.0,Auto,Indefinido,Urbano
chevrolet,Omega,omega-gls-2-2-1997,0.0,0.0,116.0,5.0,Manual,Indefinido,Urbano
chevrolet,Omega,omega-gls-4-1-1997,0.0,0.0,168.0,5.0,Manual,Indefinido,Urbano
chevrolet,Omega,omega-cd-4-1-1998,0.0,0.0,168.0,5.0,Manual,Indefinido,Urbano
chevrolet,Omega,omega-cd-4-1-at-1998,0.0,0.0,168.0,5.0,Auto,Indefinido,Urbano
chevrolet,Omega,omega-gls-2-2-1998,0.0,0.0,116.0,5.0,Manual,Indefinido,Urbano
chevrolet,Omega,omega-cd-3-8-v6-1999,0.0,0.0,200.0,5.0,Auto,Indefinido,Urbano
chevrolet,Omega,omega-cd-3-8-v6-2000,0.0,0.0,200.0,5.0,Auto,Indefinido,Urbano
chevrolet,Omega,omega-cd-3-8-v6-2001,0.0,0.0,200.0,5.0,Auto,Indefinido,Urbano
chevrolet,Omega,omega-cd-3-8-v6-2002,0.0,0.0,200.0,5.0,Auto,Indefinido,Urbano
chevrolet,Omega,omega-cd-3-8-v6-2003,0.0,0.0,200.0,5.0,Auto,Indefinido,Urbano
chevrolet,Omega,omega-cd-3-8-v6-2004,0.0,0.0,200.0,5.0,Auto,Indefinido,Urbano
chevrolet,Omega,omega-cd-3-6-v6-2005,0.0,0.0,258.0,5.0,Auto,Indefinido,Urbano
chevrolet,Omega,omega-cd-3-6-v6-2006,0.0,0.0,258.0,5.0,Auto,Indefinido,Urbano
chevrolet,Omega,omega-cd-3-6-v6-2008,0.0,0.0,254.0,5.0,Auto,Indefinido,Urbano
chevrolet,Omega,omega-cd-3-6-v6-2009,0.0,0.0,254.0,5.0,Auto,Indefinido,Urbano
chevrolet,Omega,omega-cd-3-6-v6-2011,0.0,0.0,292.0,5.0,Auto,Indefinido,Urbano
chevrolet,Omega,omega-fittipaldi-3-6-v6-2011,0.0,0.0,292.0,5.0,Auto,Indefinido,Urbano
chevrolet,Omega,omega-cd-3-6-v6-2012,0.0,0.0,292.0,5.0,Auto,Indefinido,Urbano
chevrolet,Onix,onix-ls-1-0-2013,0.0,0.0,80.0,5.0,Manual,Indefinido,Urbano
chevrolet,Onix,onix-lt-1-0-2013,0.0,0.0,80.0,5.0,Manual,Indefinido,Urbano
chevrolet,Onix,onix-lt-1-4-2013,0.0,0.0,106.0,5.0,Manual,Indefinido,Urbano
chevrolet,Onix,onix-ltz-1-4-2013,0.0,0.0,106.0,5.0,Manual,Indefinido,Urbano
chevrolet,Onix,onix-lollapalooza-1-0-2014,0.0,0.0,80.0,5.0,Manual,Indefinido,Urbano
chevrolet,Onix,onix-ls-1-0-2014,0.0,0.0,80.0,5.0,Manual,Indefinido,Urbano
chevrolet,Onix,onix-lt-1-0-2014,0.0,0.0,80.0,5.0,Manual,Indefinido,Urbano
chevrolet,Onix,onix-lt-1-4-2014,0.0,0.0,106.0,5.0,Manual,Indefinido,Urbano
chevrolet,Onix,onix-lt-1-4-at-2014,0.0,0.0,106.0,5.0,Auto,Indefinido,Urbano
chevrolet,Onix,onix-ltz-1-4-2014,0.0,0.0,106.0,5.0,Manual,Indefinido,Urbano
chevrolet,Onix,onix-ltz-1-4-at-2014,0.0,0.0,106.0,5.0,Auto,Indefinido,Urbano
chevrolet,Onix,onix-effect-1-4-2015,0.0,0.0,106.0,5.0,Manual,Indefinido,Urbano
chevrolet,Onix,onix-ls-1-0-2015,0.0,0.0,80.0,5.0,Manual,Indefinido,Urbano
chevrolet,Onix,onix-lt-1-0-2015,0.0,0.0,80.0,5.0,Manual,Indefinido,Urbano
chevrolet,Onix,onix-lt-1-4-2015,0.0,0.0,106.0,5.0,Manual,Indefinido,Urbano
chevrolet,Onix,onix-lt-1-4-at-2015,0.0,0.0,106.0,5.0,Auto,Indefinido,Urbano
chevrolet,Onix,onix-ltz-1-4-2015,0.0,0.0,106.0,5.0,Manual,Indefinido,Urbano
chevrolet,Onix,onix-ltz-1-4-at-2015,0.0,0.0,106.0,5.0,Auto,Indefinido,Urbano
chevrolet,Onix,onix-selecao-1-0-2015,0.0,0.0,80.0,5.0,Manual,Indefinido,Urbano
chevrolet,Onix,onix-effect-1-4-2016,0.0,0.0,106.0,5.0,Manual,Indefinido,Urbano
chevrolet,Onix,onix-ls-1-0-2016,0.0,0.0,80.0,5.0,Manual,Indefinido,Urbano
chevrolet,Onix,onix-lt-1-0-2016,0.0,0.0,80.0,5.0,Manual,Indefinido,Urbano
chevrolet,Onix,onix-lt-1-4-2016,0.0,0.0,106.0,5.0,Manual,Indefinido,Urbano
chevrolet,Onix,onix-lt-1-4-at-2016,0.0,0.0,106.0,5.0,Auto,Indefinido,Urbano
chevrolet,Onix,onix-ltz-1-4-2016,0.0,0.0,106.0,5.0,Manual,Indefinido,Urbano
chevrolet,Onix,onix-ltz-1-4-at-2016,0.0,0.0,106.0,5.0,Auto,Indefinido,Urbano
chevrolet,Onix,onix-activ-1-4-2017,0.0,0.0,106.0,5.0,Manual,Indefinido,Urbano
chevrolet,Onix,onix-activ-1-4-at-2017,0.0,0.0,106.0,5.0,Auto,Indefinido,Urbano
chevrolet,Onix,onix-joy-1-0-2017,0.0,0.0,80.0,5.0,Manual,Indefinido,Urbano
chevrolet,Onix,onix-lt-1-0-2017,0.0,0.0,80.0,5.0,Manual,Indefinido,Urbano
chevrolet,Onix,onix-lt-1-4-2017,0.0,0.0,106.0,5.0,Manual,Indefinido,Urbano
chevrolet,Onix,onix-lt-1-4-at-2017,0.0,0.0,106.0,5.0,Auto,Indefinido,Urbano
chevrolet,Onix,onix-ltz-1-4-2017,0.0,0.0,106.0,5.0,Manual,Indefinido,Urbano
chevrolet,Onix,onix-ltz-1-4-at-2017,0.0,0.0,106.0,5.0,Auto,Indefinido,Urbano
chevrolet,Onix,onix-activ-1-4-2018,0.0,0.0,106.0,5.0,Manual,Indefinido,Urbano
chevrolet,Onix,onix-activ-1-4-at-2018,0.0,0.0,106.0,5.0,Auto,Indefinido,Urbano
chevrolet,Onix,onix-advantage-1-4-at-2018,0.0,0.0,106.0,5.0,Auto,Indefinido,Urbano
chevrolet,Onix,onix-effect-1-4-2018,0.0,0.0,106.0,5.0,Manual,Indefinido,Urbano
chevrolet,Onix,onix-effect-1-4-2018-flex,0.0,0.0,0.0,5.0,Manual,Indefinido,Urbano
chevrolet,Onix,onix-joy-1-0-2018,0.0,0.0,80.0,5.0,Manual,Indefinido,Urbano
chevrolet,Onix,onix-lt-1-0-2018,0.0,0.0,80.0,5.0,Manual,Indefinido,Urbano
chevrolet,Onix,onix-lt-1-4-2018,0.0,0.0,106.0,5.0,Manual,Indefinido,Urbano
chevrolet,Onix,onix-lt-1-4-at-2018,0.0,0.0,106.0,5.0,Auto,Indefinido,Urbano
chevrolet,Onix,onix-ltz-1-4-2018,0.0,0.0,106.0,5.0,Manual,Indefinido,Urbano
chevrolet,Onix,onix-ltz-1-4-at-2018,0.0,0.0,106.0,5.0,Auto,Indefinido,Urbano
chevrolet,Onix,onix-activ-1-4-2019,0.0,0.0,106.0,5.0,Manual,Indefinido,Urbano
chevrolet,Onix,onix-activ-1-4-at-2019,0.0,0.0,106.0,5.0,Auto,Indefinido,Urbano
chevrolet,Onix,onix-advantage-1-4-at-2019,0.0,0.0,106.0,5.0,Auto,Indefinido,Urbano
chevrolet,Onix,onix-effect-1-4-2019,0.0,0.0,106.0,5.0,Manual,Indefinido,Urbano
chevrolet,Onix,onix-joy-1-0-2019,0.0,0.0,80.0,5.0,Manual,Indefinido,Urbano
chevrolet,Onix,onix-lt-1-0-2019,0.0,0.0,80.0,5.0,Manual,Indefinido,Urbano
chevrolet,Onix,onix-lt-1-4-2019,0.0,0.0,106.0,5.0,Manual,Indefinido,Urbano
chevrolet,Onix,onix-lt-1-4-at-2019,0.0,0.0,106.0,5.0,Auto,Indefinido,Urbano
chevrolet,Onix,onix-ltz-1-4-2019,0.0,0.0,106.0,5.0,Manual,Indefinido,Urbano
chevrolet,Onix,onix-ltz-1-4-at-2019,0.0,0.0,106.0,5.0,Auto,Indefinido,Urbano
chevrolet,Onix,onix-1-0-2020,0.0,0.0,0.0,5.0,Manual,Indefinido,Urbano
chevrolet,Onix,onix-1-0-turbo-at-2020,0.0,0.0,0.0,5.0,Auto,Indefinido,Urbano
chevrolet,Onix,onix-lt-1-0-2020,0.0,0.0,0.0,5.0,Manual,Indefinido,Urbano
chevrolet,Onix,onix-lt-1-0-turbo-2020,0.0,0.0,0.0,5.0,Manual,Indefinido,Urbano
chevrolet,Onix,onix-lt-1-0-turbo-at-2020,0.0,0.0,0.0,5.0,Auto,Indefinido,Urbano
chevrolet,Onix,onix-ltz-1-0-turbo-2020,0.0,0.0,0.0,5.0,Manual,Indefinido,Urbano
chevrolet,Onix,onix-ltz-1-0-turbo-at-2020,0.0,0.0,0.0,5.0,Auto,Indefinido,Urbano
chevrolet,Onix,onix-premier-1-0-turbo-at-2020,0.0,0.0,116.0,5.0,Auto,Indefinido,Urbano
chevrolet,Onix,onix-premier-1-0-turbo-at-2020-flex,0.0,0.0,0.0,5.0,Auto,Indefinido,Urbano
chevrolet,Onix,onix-1-0-2021,0.0,0.0,82.0,5.0,Manual,Indefinido,Urbano
chevrolet,Onix,onix-1-0-turbo-at-2021,0.0,0.0,116.0,5.0,Auto,Indefinido,Urbano
chevrolet,Onix,onix-lt-1-0-2021,0.0,0.0,0.0,5.0,Manual,Indefinido,Urbano
chevrolet,Onix,onix-lt-1-0-turbo-2021,0.0,0.0,0.0,5.0,Manual,Indefinido,Urbano
chevrolet,Onix,onix-lt-1-0-turbo-at-2021,0.0,0.0,0.0,5.0,Auto,Indefinido,Urbano
chevrolet,Onix,onix-ltz-1-0-turbo-2021,0.0,0.0,116.0,5.0,Manual,Indefinido,Urbano
chevrolet,Onix,onix-ltz-1-0-turbo-at-2021,0.0,0.0,0.0,5.0,Auto,Indefinido,Urbano
chevrolet,Onix,onix-premier-1-0-turbo-at-2021,0.0,0.0,116.0,5.0,Auto,Indefinido,Urbano
chevrolet,Onix,onix-premier-1-0-turbo-at-2021-flex,0.0,0.0,0.0,5.0,Auto,Indefinido,Urbano
chevrolet,Onix,onix-rs-1-0-turbo-at-2021,0.0,0.0,0.0,5.0,Auto,Indefinido,Urbano
chevrolet,Onix,onix-1-0-2022,0.0,0.0,0.0,5.0,Manual,Indefinido,Urbano
chevrolet,Onix,onix-1-0-turbo-at-2022,0.0,0.0,0.0,5.0,Auto,Indefinido,Urbano
chevrolet,Onix,onix-lt-1-0-2022,0.0,0.0,0.0,5.0,Manual,Indefinido,Urbano
chevrolet,Onix,onix-lt-1-0-turbo-2022,0.0,0.0,116.0,5.0,Manual,Indefinido,Urbano
chevrolet,Onix,onix-lt-1-0-turbo-at-2022,0.0,0.0,116.0,5.0,Auto,Indefinido,Urbano
chevrolet,Onix,onix-ltz-1-0-turbo-2022,0.0,0.0,0.0,5.0,Manual,Indefinido,Urbano
chevrolet,Onix,onix-ltz-1-0-turbo-at-2022,0.0,0.0,0.0,5.0,Auto,Indefinido,Urbano
chevrolet,Onix,onix-premier-1-0-turbo-at-2022,0.0,0.0,116.0,5.0,Auto,Indefinido,Urbano
chevrolet,Onix,onix-premier-1-0-turbo-at-2022-flex,0.0,0.0,0.0,5.0,Auto,Indefinido,Urbano
chevrolet,Onix,onix-rs-1-0-turbo-at-2022,0.0,0.0,0.0,5.0,Auto,Indefinido,Urbano
chevrolet,Onix,onix-1-0-2023,0.0,0.0,0.0,5.0,Manual,Indefinido,Urbano
chevrolet,Onix,onix-1-0-turbo-at-2023,0.0,0.0,0.0,5.0,Auto,Indefinido,Urbano
chevrolet,Onix,onix-lt-1-0-2023,0.0,0.0,0.0,5.0,Manual,Indefinido,Urbano
chevrolet,Onix,onix-lt-1-0-turbo-2023,0.0,0.0,0.0,5.0,Manual,Indefinido,Urbano
chevrolet,Onix,onix-lt-1-0-turbo-at-2023,0.0,0.0,0.0,5.0,Auto,Indefinido,Urbano
chevrolet,Onix,onix-ltz-1-0-turbo-2023,0.0,0.0,0.0,5.0,Manual,Indefinido,Urbano
chevrolet,Onix,onix-ltz-1-0-turbo-at-2023,0.0,0.0,0.0,5.0,Auto,Indefinido,Urbano
chevrolet,Onix,onix-premier-1-0-turbo-at-2023,0.0,0.0,0.0,5.0,Auto,Indefinido,Urbano
chevrolet,Onix,onix-premier-1-0-turbo-at-2023-flex,0.0,0.0,0.0,5.0,Auto,Indefinido,Urbano
chevrolet,Onix,onix-rs-1-0-turbo-at-2023,0.0,0.0,0.0,5.0,Auto,Indefinido,Urbano
chevrolet,Onix,onix-1-0-2024,0.0,0.0,0.0,5.0,Manual,Indefinido,Urbano
chevrolet,Onix,onix-1-0-turbo-at-2024,0.0,0.0,0.0,5.0,Auto,Indefinido,Urbano
chevrolet,Onix,onix-lt-1-0-2024,0.0,0.0,0.0,5.0,Manual,Indefinido,Urbano
chevrolet,Onix,onix-lt-1-0-turbo-2024,0.0,0.0,0.0,5.0,Manual,Indefinido,Urbano
chevrolet,Onix,onix-lt-1-0-turbo-at-2024,0.0,0.0,0.0,5.0,Auto,Indefinido,Urbano
chevrolet,Onix,onix-ltz-1-0-turbo-at-2024,0.0,0.0,0.0,5.0,Auto,Indefinido,Urbano
chevrolet,Onix,onix-premier-1-0-turbo-at-2024,0.0,0.0,0.0,5.0,Auto,Indefinido,Urbano
chevrolet,Onix,onix-rs-1-0-turbo-at-2024,0.0,0.0,0.0,5.0,Auto,Indefinido,Urbano
chevrolet,Onix,onix-1-0-2025,0.0,0.0,0.0,5.0,Manual,Indefinido,Urbano
chevrolet,Onix,onix-1-0-2025-flex,0.0,0.0,0.0,5.0,Manual,Indefinido,Urbano
chevrolet,Onix,onix-1-0-turbo-at-2025,0.0,0.0,0.0,5.0,Auto,Indefinido,Urbano
chevrolet,Onix,onix-1-0-turbo-at-2025-flex,0.0,0.0,0.0,5.0,Auto,Indefinido,Urbano
chevrolet,Onix,onix-log-1-0-2025,0.0,0.0,0.0,5.0,Manual,Indefinido,Urbano
chevrolet,Onix,onix-lt-1-0-2025,0.0,0.0,0.0,5.0,Manual,Indefinido,Urbano
chevrolet,Onix,onix-lt-1-0-2025-flex,0.0,0.0,0.0,5.0,Manual,Indefinido,Urbano
chevrolet,Onix,onix-lt-1-0-turbo-2025,0.0,0.0,0.0,5.0,Manual,Indefinido,Urbano
chevrolet,Onix,onix-lt-1-0-turbo-2025-flex,0.0,0.0,0.0,5.0,Manual,Indefinido,Urbano
chevrolet,Onix,onix-lt-1-0-turbo-at-2025,0.0,0.0,0.0,5.0,Auto,Indefinido,Urbano
chevrolet,Onix,onix-lt-1-0-turbo-at-2025-flex,0.0,0.0,0.0,5.0,Auto,Indefinido,Urbano
chevrolet,Onix,onix-ltz-1-0-turbo-at-2025,0.0,0.0,0.0,5.0,Auto,Indefinido,Urbano
chevrolet,Onix,onix-ltz-1-0-turbo-at-2025-flex,0.0,0.0,0.0,5.0,Auto,Indefinido,Urbano
chevrolet,Onix,onix-premier-1-0-turbo-at-2025,0.0,0.0,0.0,5.0,Auto,Indefinido,Urbano
chevrolet,Onix,onix-premier-1-0-turbo-at-2025-flex,0.0,0.0,0.0,5.0,Auto,Indefinido,Urbano
chevrolet,Onix,onix-rs-1-0-2025,0.0,0.0,0.0,5.0,Auto,Indefinido,Urbano
chevrolet,Onix,onix-rs-1-0-turbo-at-2025,0.0,0.0,0.0,5.0,Auto,Indefinido,Urbano
chevrolet,Onix,onix-1-0-2026,0.0,0.0,0.0,5.0,Manual,Indefinido,Urbano
chevrolet,Onix,onix-1-0-turbo-2026,0.0,0.0,0.0,5.0,Manual,Indefinido,Urbano
chevrolet,Onix,onix-1-0-turbo-at-2026,0.0,0.0,0.0,5.0,Auto,Indefinido,Urbano
chevrolet,Onix,onix-100-anos-1-0-2026,0.0,0.0,0.0,5.0,Manual,Indefinido,Urbano
chevrolet,Onix,onix-log-1-0-2026,0.0,0.0,0.0,5.0,Manual,Indefinido,Urbano
chevrolet,Onix,onix-lt-1-0-turbo-at-2026,0.0,0.0,0.0,5.0,Auto,Indefinido,Urbano
chevrolet,Onix,onix-ltz-1-0-at-2026,0.0,0.0,0.0,5.0,Auto,Indefinido,Urbano
chevrolet,Onix,onix-premier-1-0-2026,0.0,0.0,0.0,5.0,Auto,Indefinido,Urbano
chevrolet,Onix,onix-rs-1-0-2026,0.0,0.0,0.0,5.0,Auto,Indefinido,Urbano
chevrolet,Onix Sedan,onix-sedan-1-0-turbo-at-2020,0.0,0.0,0.0,5.0,Auto,Indefinido,Urbano
chevrolet,Onix Sedan,onix-sedan-lt-1-0-2020,0.0,0.0,0.0,5.0,Manual,Indefinido,Urbano
chevrolet,Onix Sedan,onix-sedan-lt-1-0-turbo-2020,0.0,0.0,0.0,5.0,Manual,Indefinido,Urbano
chevrolet,Onix Sedan,onix-sedan-lt-1-0-turbo-at-2020,0.0,0.0,0.0,5.0,Auto,Indefinido,Urbano
chevrolet,Onix Sedan,onix-sedan-ltz-1-0-turbo-2020,0.0,0.0,0.0,5.0,Manual,Indefinido,Urbano
chevrolet,Onix Sedan,onix-sedan-ltz-1-0-turbo-at-2020,0.0,0.0,0.0,5.0,Auto,Indefinido,Urbano
chevrolet,Onix Sedan,onix-sedan-premier-1-0-turbo-at-2020,0.0,0.0,0.0,5.0,Auto,Indefinido,Urbano
chevrolet,Onix Sedan,onix-sedan-1-0-turbo-at-2021,0.0,0.0,0.0,5.0,Auto,Indefinido,Urbano
chevrolet,Onix Sedan,onix-sedan-lt-1-0-2021,0.0,0.0,82.0,5.0,Manual,Indefinido,Urbano
chevrolet,Onix Sedan,onix-sedan-lt-1-0-turbo-2021,0.0,0.0,116.0,5.0,Manual,Indefinido,Urbano
chevrolet,Onix Sedan,onix-sedan-lt-1-0-turbo-at-2021,0.0,0.0,0.0,5.0,Auto,Indefinido,Urbano
chevrolet,Onix Sedan,onix-sedan-ltz-1-0-turbo-2021,0.0,0.0,0.0,5.0,Manual,Indefinido,Urbano
chevrolet,Onix Sedan,onix-sedan-ltz-1-0-turbo-at-2021,0.0,0.0,116.0,5.0,Auto,Indefinido,Urbano
chevrolet,Onix Sedan,onix-sedan-midnight-1-0-turbo-at-2021,0.0,0.0,0.0,5.0,Auto,Indefinido,Urbano
chevrolet,Onix Sedan,onix-sedan-premier-1-0-turbo-at-2021,0.0,0.0,116.0,5.0,Auto,Indefinido,Urbano
chevrolet,Onix Sedan,onix-sedan-1-0-turbo-at-2022,0.0,0.0,0.0,5.0,Auto,Indefinido,Urbano
chevrolet,Onix Sedan,onix-sedan-lt-1-0-2022,0.0,0.0,82.0,5.0,Manual,Indefinido,Urbano
chevrolet,Onix Sedan,onix-sedan-lt-1-0-turbo-2022,0.0,0.0,0.0,5.0,Manual,Indefinido,Urbano
chevrolet,Onix Sedan,onix-sedan-lt-1-0-turbo-at-2022,0.0,0.0,0.0,5.0,Auto,Indefinido,Urbano
chevrolet,Onix Sedan,onix-sedan-ltz-1-0-turbo-2022,0.0,0.0,116.0,5.0,Manual,Indefinido,Urbano
chevrolet,Onix Sedan,onix-sedan-ltz-1-0-turbo-at-2022,0.0,0.0,116.0,5.0,Auto,Indefinido,Urbano
chevrolet,Onix Sedan,onix-sedan-midnight-1-0-turbo-at-2022,0.0,0.0,0.0,5.0,Auto,Indefinido,Urbano
chevrolet,Onix Sedan,onix-sedan-premier-1-0-turbo-at-2022,0.0,0.0,0.0,5.0,Auto,Indefinido,Urbano
chevrolet,Onix Sedan,onix-sedan-1-0-turbo-at-2023,0.0,0.0,0.0,5.0,Auto,Indefinido,Urbano
chevrolet,Onix Sedan,onix-sedan-lt-1-0-2023,0.0,0.0,0.0,5.0,Manual,Indefinido,Urbano
chevrolet,Onix Sedan,onix-sedan-lt-1-0-turbo-2023,0.0,0.0,0.0,5.0,Manual,Indefinido,Urbano
chevrolet,Onix Sedan,onix-sedan-lt-1-0-turbo-at-2023,0.0,0.0,0.0,5.0,Auto,Indefinido,Urbano
chevrolet,Onix Sedan,onix-sedan-ltz-1-0-turbo-2023,0.0,0.0,0.0,5.0,Manual,Indefinido,Urbano
chevrolet,Onix Sedan,onix-sedan-ltz-1-0-turbo-at-2023,0.0,0.0,0.0,5.0,Auto,Indefinido,Urbano
chevrolet,Onix Sedan,onix-sedan-premier-1-0-turbo-at-2023,0.0,0.0,0.0,5.0,Auto,Indefinido,Urbano
chevrolet,Onix Sedan,onix-sedan-1-0-turbo-at-2024,0.0,0.0,0.0,5.0,Auto,Indefinido,Urbano
chevrolet,Onix Sedan,onix-sedan-lt-1-0-2024,0.0,0.0,0.0,5.0,Manual,Indefinido,Urbano
chevrolet,Onix Sedan,onix-sedan-lt-1-0-turbo-2024,0.0,0.0,0.0,5.0,Manual,Indefinido,Urbano
chevrolet,Onix Sedan,onix-sedan-lt-1-0-turbo-at-2024,0.0,0.0,0.0,5.0,Auto,Indefinido,Urbano
chevrolet,Onix Sedan,onix-sedan-ltz-1-0-turbo-at-2024,0.0,0.0,0.0,5.0,Auto,Indefinido,Urbano
chevrolet,Onix Sedan,onix-sedan-premier-1-0-turbo-at-2024,0.0,0.0,0.0,5.0,Auto,Indefinido,Urbano
chevrolet,Onix Sedan,onix-sedan-1-0-turbo-at-2025-flex,0.0,0.0,0.0,5.0,Auto,Indefinido,Urbano
chevrolet,Onix Sedan,onix-sedan-1-0-turbo-at-2025,0.0,0.0,0.0,5.0,Auto,Indefinido,Urbano
chevrolet,Onix Sedan,onix-sedan-lt-1-0-2025,0.0,0.0,0.0,5.0,Manual,Indefinido,Urbano
chevrolet,Onix Sedan,onix-sedan-lt-1-0-2025-flex,0.0,0.0,0.0,5.0,Manual,Indefinido,Urbano
chevrolet,Onix Sedan,onix-sedan-lt-1-0-turbo-2025-flex,0.0,0.0,0.0,5.0,Manual,Indefinido,Urbano
chevrolet,Onix Sedan,onix-sedan-lt-1-0-turbo-2025,0.0,0.0,0.0,5.0,Manual,Indefinido,Urbano
chevrolet,Onix Sedan,onix-sedan-lt-1-0-turbo-at-2025,0.0,0.0,0.0,5.0,Auto,Indefinido,Urbano
chevrolet,Onix Sedan,onix-sedan-lt-1-0-turbo-at-2025-flex,0.0,0.0,0.0,5.0,Auto,Indefinido,Urbano
chevrolet,Onix Sedan,onix-sedan-ltz-1-0-turbo-at-2025-flex,0.0,0.0,0.0,5.0,Auto,Indefinido,Urbano
chevrolet,Onix Sedan,onix-sedan-ltz-1-0-turbo-at-2025,0.0,0.0,0.0,5.0,Auto,Indefinido,Urbano
chevrolet,Onix Sedan,onix-sedan-premier-1-0-2025,0.0,0.0,0.0,5.0,Auto,Indefinido,Urbano
chevrolet,Onix Sedan,onix-sedan-premier-1-0-turbo-at-2025,0.0,0.0,0.0,5.0,Auto,Indefinido,Urbano
chevrolet,Onix Sedan,onix-sedan-1-0-2026,0.0,0.0,0.0,5.0,Manual,Indefinido,Urbano
chevrolet,Onix Sedan,onix-sedan-1-0-turbo-2026,0.0,0.0,0.0,5.0,Manual,Indefinido,Urbano
chevrolet,Onix Sedan,onix-sedan-1-0-turbo-at-2026,0.0,0.0,0.0,5.0,Auto,Indefinido,Urbano
chevrolet,Onix Sedan,onix-sedan-lt-1-0-turbo-at-2026,0.0,0.0,0.0,5.0,Auto,Indefinido,Urbano
chevrolet,Onix Sedan,onix-sedan-ltz-1-0-at-2026,0.0,0.0,0.0,5.0,Auto,Indefinido,Urbano
chevrolet,Onix Sedan,onix-sedan-premier-1-0-2026,0.0,0.0,0.0,5.0,Auto,Indefinido,Urbano
chevrolet,Opala,opala-2-5-1970,0.0,0.0,80.0,5.0,Manual,Indefinido,Urbano
chevrolet,Opala,opala-de-luxo-3-8-1970,0.0,0.0,125.0,5.0,Manual,Indefinido,Urbano
chevrolet,Opala,opala-de-luxo-2-5-1971,0.0,0.0,80.0,5.0,Manual,Indefinido,Urbano
chevrolet,Opala,opala-especial-2-5-1971,0.0,0.0,80.0,5.0,Manual,Indefinido,Urbano
chevrolet,Opala,opala-gran-luxo-4-1-1971,0.0,0.0,140.0,5.0,Manual,Indefinido,Urbano
chevrolet,Opala,opala-ss-4-1-1971,0.0,0.0,140.0,5.0,Manual,Indefinido,Urbano
chevrolet,Opala,opala-de-luxo-2-5-1972,0.0,0.0,80.0,5.0,Manual,Indefinido,Urbano
chevrolet,Opala,opala-especial-2-5-1972,0.0,0.0,80.0,5.0,Manual,Indefinido,Urbano
chevrolet,Opala,opala-gran-luxo-4-1-1972,0.0,0.0,140.0,5.0,Manual,Indefinido,Urbano
chevrolet,Opala,opala-de-luxo-4-1-1973,0.0,0.0,140.0,5.0,Manual,Indefinido,Urbano
chevrolet,Opala,opala-especial-2-5-1973,0.0,0.0,80.0,5.0,Manual,Indefinido,Urbano
chevrolet,Opala,opala-gran-luxo-4-1-1973,0.0,0.0,140.0,5.0,Manual,Indefinido,Urbano
chevrolet,Opala,opala-de-luxo-2-5-1974,0.0,0.0,90.0,5.0,Manual,Indefinido,Urbano
chevrolet,Opala,opala-2-5-1975,0.0,0.0,90.0,5.0,Manual,Indefinido,Urbano
chevrolet,Opala,opala-comodoro-2-5-1978,0.0,0.0,98.0,5.0,Manual,Indefinido,Urbano
chevrolet,Opala,opala-diplomata-2-5-1980,0.0,0.0,90.0,5.0,Manual,Indefinido,Urbano
chevrolet,Opala,opala-comodoro-2-5-1982,0.0,0.0,0.0,5.0,Manual,Indefinido,Urbano
chevrolet,Opala,opala-diplomata-2-5-1982,0.0,0.0,0.0,5.0,Manual,Indefinido,Urbano
chevrolet,Opala,opala-diplomata-2-5-1983,0.0,0.0,6.0,5.0,Manual,Indefinido,Urbano
chevrolet,Opala,opala-diplomata-4-1-at-1983,0.0,0.0,0.0,5.0,Auto,Indefinido,Urbano
chevrolet,Opala,opala-comodoro-2-5-1984,0.0,0.0,96.0,5.0,Manual,Indefinido,Urbano
chevrolet,Opala,opala-diplomata-4-1-at-1984,0.0,0.0,116.0,5.0,Auto,Indefinido,Urbano
chevrolet,Opala,opala-comodoro-2-5-1985,0.0,0.0,76.0,5.0,Manual,Indefinido,Urbano
chevrolet,Opala,opala-diplomata-4-1-1985,0.0,0.0,135.0,5.0,Manual,Indefinido,Urbano
chevrolet,Opala,opala-diplomata-4-1-at-1985,0.0,0.0,134.4,5.0,Auto,Indefinido,Urbano
chevrolet,Opala,opala-l-2-5-1986,0.0,0.0,88.0,5.0,Manual,Indefinido,Urbano
chevrolet,Opala,opala-2-5-1987,0.0,0.0,76.0,5.0,Manual,Indefinido,Urbano
chevrolet,Opala,opala-comodoro-2-5-1988,0.0,0.0,82.0,5.0,Manual,Indefinido,Urbano
chevrolet,Opala,opala-diplomata-4-1-1988,0.0,0.0,118.0,5.0,Manual,Indefinido,Urbano
chevrolet,Opala,opala-sl-2-5-1988,0.0,0.0,82.0,5.0,Manual,Indefinido,Urbano
chevrolet,Opala,opala-comodoro-4-1-1989,0.0,0.0,118.0,5.0,Manual,Indefinido,Urbano
chevrolet,Opala,opala-diplomata-4-1-1989,0.0,0.0,118.0,5.0,Manual,Indefinido,Urbano
chevrolet,Opala,opala-diplomata-4-1-at-1989,0.0,0.0,135.0,5.0,Auto,Indefinido,Urbano
chevrolet,Opala,opala-comodoro-2-5-1990,0.0,0.0,82.0,5.0,Manual,Indefinido,Urbano
chevrolet,Opala,opala-comodoro-4-1-1990,0.0,0.0,118.0,5.0,Manual,Indefinido,Urbano
chevrolet,Opala,opala-diplomata-4-1-1990,0.0,0.0,118.0,5.0,Manual,Indefinido,Urbano
chevrolet,Opala,opala-diplomata-4-1-at-1990,0.0,0.0,135.0,5.0,Auto,Indefinido,Urbano
chevrolet,Opala,opala-sl-2-5-1990,0.0,0.0,82.0,5.0,Manual,Indefinido,Urbano
chevrolet,Opala,opala-comodoro-4-1-1991,0.0,0.0,121.0,5.0,Manual,Indefinido,Urbano
chevrolet,Opala,opala-diplomata-4-1-1991,0.0,0.0,121.0,5.0,Manual,Indefinido,Urbano
chevrolet,Opala,opala-sl-2-5-1991,0.0,0.0,82.0,5.0,Manual,Indefinido,Urbano
chevrolet,Opala,opala-sl-4-1-1991,0.0,0.0,0.0,5.0,Manual,Indefinido,Urbano
chevrolet,Opala,opala-collectors-4-1-at-1992,0.0,0.0,121.0,5.0,Auto,Indefinido,Urbano
chevrolet,Opala,opala-comodoro-4-1-1992,0.0,0.0,121.0,5.0,Manual,Indefinido,Urbano
chevrolet,Opala,opala-diplomata-4-1-1992,0.0,0.0,141.0,5.0,Manual,Indefinido,Urbano
chevrolet,Opala,opala-diplomata-4-1-at-1992,0.0,0.0,138.0,5.0,Auto,Indefinido,Urbano
chevrolet,Opala,opala-sl-2-5-1992,0.0,0.0,82.0,5.0,Manual,Indefinido,Urbano
chevrolet,Opala,opala-sl-4-1-1992,0.0,0.0,0.0,5.0,Manual,Indefinido,Urbano
chevrolet,Opala Coupe,opala-coupe-de-luxo-2-5-1972,0.0,0.0,80.0,5.0,Manual,Indefinido,Urbano
chevrolet,Opala Coupe,opala-coupe-especial-2-5-1972,0.0,0.0,80.0,5.0,Manual,Indefinido,Urbano
chevrolet,Opala Coupe,opala-coupe-gran-luxo-4-1-1972,0.0,0.0,140.0,5.0,Manual,Indefinido,Urbano
chevrolet,Opala Coupe,opala-coupe-ss-4-1-1972,0.0,0.0,140.0,5.0,Manual,Indefinido,Urbano
chevrolet,Opala Coupe,opala-coupe-de-luxo-2-5-1973,0.0,0.0,80.0,5.0,Manual,Indefinido,Urbano
chevrolet,Opala Coupe,opala-coupe-especial-2-5-1973,0.0,0.0,80.0,5.0,Manual,Indefinido,Urbano
chevrolet,Opala Coupe,opala-coupe-gran-luxo-4-1-1973,0.0,0.0,140.0,5.0,Manual,Indefinido,Urbano
chevrolet,Opala Coupe,opala-coupe-ss-4-1-1973,0.0,0.0,140.0,5.0,Manual,Indefinido,Urbano
chevrolet,Opala Coupe,opala-coupe-de-luxo-2-5-1974,0.0,0.0,90.0,5.0,Manual,Indefinido,Urbano
chevrolet,Opala Coupe,opala-coupe-ss-2-5-1974,0.0,0.0,98.0,5.0,Manual,Indefinido,Urbano
chevrolet,Opala Coupe,opala-coupe-2-5-1975,0.0,0.0,98.0,5.0,Manual,Indefinido,Urbano
chevrolet,Opala Coupe,opala-coupe-comodoro-4-1-1975,0.0,0.0,171.0,5.0,Manual,Indefinido,Urbano
chevrolet,Opala Coupe,opala-coupe-ss-2-5-1975,0.0,0.0,98.0,5.0,Manual,Indefinido,Urbano
chevrolet,Opala Coupe,opala-coupe-ss-4-1-1975,0.0,0.0,140.0,5.0,Manual,Indefinido,Urbano
chevrolet,Opala Coupe,opala-coupe-comodoro-2-5-1976,0.0,0.0,98.0,5.0,Manual,Indefinido,Urbano
chevrolet,Opala Coupe,opala-coupe-ss-4-1-1976,0.0,0.0,171.0,5.0,Manual,Indefinido,Urbano
chevrolet,Opala Coupe,opala-coupe-ss-2-5-1977,0.0,0.0,98.0,5.0,Manual,Indefinido,Urbano
chevrolet,Opala Coupe,opala-coupe-comodoro-2-5-1978,0.0,0.0,98.0,5.0,Manual,Indefinido,Urbano
chevrolet,Opala Coupe,opala-coupe-2-5-1979,0.0,0.0,98.0,5.0,Manual,Indefinido,Urbano
chevrolet,Opala Coupe,opala-coupe-comodoro-2-5-1980,0.0,0.0,90.0,5.0,Manual,Indefinido,Urbano
chevrolet,Opala Coupe,opala-coupe-ss-4-1-1980,0.0,0.0,171.0,5.0,Manual,Indefinido,Urbano
chevrolet,Opala Coupe,opala-coupe-comodoro-2-5-1981,0.0,0.0,99.0,5.0,Manual,Indefinido,Urbano
chevrolet,Opala Coupe,opala-coupe-comodoro-2-5-1982,0.0,0.0,99.0,5.0,Manual,Indefinido,Urbano
chevrolet,Opala Coupe,opala-coupe-comodoro-2-5-1985,0.0,0.0,76.0,5.0,Manual,Indefinido,Urbano
chevrolet,Opala Coupe,opala-coupe-comodoro-2-5-1987,0.0,0.0,76.0,5.0,Manual,Indefinido,Urbano
chevrolet,Opala Coupe,opala-coupe-diplomata-2-5-1987,0.0,0.0,76.0,5.0,Manual,Indefinido,Urbano
chevrolet,Opala Coupe,opala-coupe-comodoro-2-5-1988,0.0,0.0,76.0,5.0,Manual,Indefinido,Urbano
chevrolet,Opala Cupê,opala-cupe-ss-4-1-1974,0.0,0.0,0.0,5.0,Manual,Indefinido,Urbano
chevrolet,Opala Cupê,opala-cupe-ss-4-1-1978,0.0,0.0,171.0,5.0,Manual,Indefinido,Urbano
chevrolet,Opala Cupê,opala-cupe-ss-2-5-1979,0.0,0.0,98.0,5.0,Manual,Indefinido,Urbano
chevrolet,Opala Cupê,opala-cupe-diplomata-2-5-1982,0.0,0.0,0.0,5.0,Manual,Indefinido,Urbano
chevrolet,Opala Cupê,opala-cupe-comodoro-2-5-1984,0.0,0.0,76.0,5.0,Manual,Indefinido,Urbano
chevrolet,Opala Cupê,opala-cupe-diplomata-2-5-1984,0.0,0.0,76.0,5.0,Manual,Indefinido,Urbano
chevrolet,Opala Cupê,opala-cupe-2-5-1985,0.0,0.0,0.0,5.0,Manual,Indefinido,Urbano
chevrolet,Opala Cupê,opala-cupe-2-5-1986,0.0,0.0,0.0,5.0,Manual,Indefinido,Urbano
chevrolet,Opala Cupê,opala-cupe-diplomata-4-1-1986,0.0,0.0,0.0,5.0,Manual,Indefinido,Urbano
chevrolet,Opala Cupê,opala-cupe-diplomata-4-1-1987,0.0,0.0,0.0,5.0,Manual,Indefinido,Urbano
chevrolet,Opala Cupê,opala-cupe-diplomata-4-1-1988,0.0,0.0,0.0,5.0,Manual,Indefinido,Urbano
chevrolet,Prisma,prisma-joy-1-4-2007,0.0,0.0,97.0,5.0,Manual,Indefinido,Urbano
chevrolet,Prisma,prisma-maxx-1-4-2007,0.0,0.0,97.0,5.0,Manual,Indefinido,Urbano
chevrolet,Prisma,prisma-joy-1-4-2008,0.0,0.0,97.0,5.0,Manual,Indefinido,Urbano
chevrolet,Prisma,prisma-maxx-1-4-2008,0.0,0.0,97.0,5.0,Manual,Indefinido,Urbano
chevrolet,Prisma,prisma-joy-1-0-2009,0.0,0.0,78.0,5.0,Manual,Indefinido,Urbano
chevrolet,Prisma,prisma-joy-1-4-2009,0.0,0.0,97.0,5.0,Manual,Indefinido,Urbano
chevrolet,Prisma,prisma-maxx-1-0-2009,0.0,0.0,78.0,5.0,Manual,Indefinido,Urbano
chevrolet,Prisma,prisma-maxx-1-4-2009,0.0,0.0,97.0,5.0,Manual,Indefinido,Urbano
chevrolet,Prisma,prisma-joy-1-0-2010,0.0,0.0,78.0,5.0,Manual,Indefinido,Urbano
chevrolet,Prisma,prisma-joy-1-4-2010,0.0,0.0,97.0,5.0,Manual,Indefinido,Urbano
chevrolet,Prisma,prisma-maxx-1-0-2010,0.0,0.0,78.0,5.0,Manual,Indefinido,Urbano
chevrolet,Prisma,prisma-maxx-1-4-2010,0.0,0.0,97.0,5.0,Manual,Indefinido,Urbano
chevrolet,Prisma,prisma-joy-1-0-2011,0.0,0.0,78.0,5.0,Manual,Indefinido,Urbano
chevrolet,Prisma,prisma-maxx-1-4-2011,0.0,0.0,97.0,5.0,Manual,Indefinido,Urbano
chevrolet,Prisma,prisma-ls-1-0-2012,0.0,0.0,78.0,5.0,Manual,Indefinido,Urbano
chevrolet,Prisma,prisma-lt-1-4-2012,0.0,0.0,97.0,5.0,Manual,Indefinido,Urbano
chevrolet,Prisma,prisma-lt-1-0-2013,0.0,0.0,80.0,5.0,Manual,Indefinido,Urbano
chevrolet,Prisma,prisma-lt-1-4-2013,0.0,0.0,106.0,5.0,Manual,Indefinido,Urbano
chevrolet,Prisma,prisma-ltz-1-4-2013,0.0,0.0,106.0,5.0,Manual,Indefinido,Urbano
chevrolet,Prisma,prisma-lt-1-0-2014,0.0,0.0,80.0,5.0,Manual,Indefinido,Urbano
chevrolet,Prisma,prisma-lt-1-4-2014,0.0,0.0,106.0,5.0,Manual,Indefinido,Urbano
chevrolet,Prisma,prisma-lt-1-4-at-2014,0.0,0.0,106.0,5.0,Auto,Indefinido,Urbano
chevrolet,Prisma,prisma-ltz-1-4-2014,0.0,0.0,106.0,5.0,Manual,Indefinido,Urbano
chevrolet,Prisma,prisma-ltz-1-4-at-2014,0.0,0.0,106.0,5.0,Auto,Indefinido,Urbano
chevrolet,Prisma,prisma-advantage-1-0-2015,0.0,0.0,80.0,5.0,Manual,Indefinido,Urbano
chevrolet,Prisma,prisma-lt-1-0-2015,0.0,0.0,80.0,5.0,Manual,Indefinido,Urbano
chevrolet,Prisma,prisma-lt-1-4-2015,0.0,0.0,106.0,5.0,Manual,Indefinido,Urbano
chevrolet,Prisma,prisma-lt-1-4-at-2015,0.0,0.0,106.0,5.0,Auto,Indefinido,Urbano
chevrolet,Prisma,prisma-ltz-1-4-2015,0.0,0.0,106.0,5.0,Manual,Indefinido,Urbano
chevrolet,Prisma,prisma-ltz-1-4-at-2015,0.0,0.0,106.0,5.0,Auto,Indefinido,Urbano
chevrolet,Prisma,prisma-advantage-1-4-at-2016,0.0,0.0,106.0,5.0,Auto,Indefinido,Urbano
chevrolet,Prisma,prisma-lt-1-0-2016,0.0,0.0,80.0,5.0,Manual,Indefinido,Urbano
chevrolet,Prisma,prisma-lt-1-4-2016,0.0,0.0,106.0,5.0,Manual,Indefinido,Urbano
chevrolet,Prisma,prisma-lt-1-4-at-2016,0.0,0.0,106.0,5.0,Auto,Indefinido,Urbano
chevrolet,Prisma,prisma-ltz-1-4-2016,0.0,0.0,106.0,5.0,Manual,Indefinido,Urbano
chevrolet,Prisma,prisma-ltz-1-4-at-2016,0.0,0.0,106.0,5.0,Auto,Indefinido,Urbano
chevrolet,Prisma,prisma-joy-1-0-2017,0.0,0.0,80.0,5.0,Manual,Indefinido,Urbano
chevrolet,Prisma,prisma-lt-1-0-2017,0.0,0.0,0.0,5.0,Manual,Indefinido,Urbano
chevrolet,Prisma,prisma-lt-1-4-2017,0.0,0.0,106.0,5.0,Manual,Indefinido,Urbano
chevrolet,Prisma,prisma-lt-1-4-at-2017,0.0,0.0,106.0,5.0,Auto,Indefinido,Urbano
chevrolet,Prisma,prisma-ltz-1-4-2017,0.0,0.0,106.0,5.0,Manual,Indefinido,Urbano
chevrolet,Prisma,prisma-ltz-1-4-at-2017,0.0,0.0,106.0,5.0,Auto,Indefinido,Urbano
chevrolet,Prisma,prisma-advantage-1-4-at-2018,0.0,0.0,106.0,5.0,Auto,Indefinido,Urbano
chevrolet,Prisma,prisma-joy-1-0-2018,0.0,0.0,80.0,5.0,Manual,Indefinido,Urbano
chevrolet,Prisma,prisma-lt-1-4-2018,0.0,0.0,106.0,5.0,Manual,Indefinido,Urbano
chevrolet,Prisma,prisma-lt-1-4-at-2018,0.0,0.0,106.0,5.0,Auto,Indefinido,Urbano
chevrolet,Prisma,prisma-ltz-1-4-2018,0.0,0.0,106.0,5.0,Manual,Indefinido,Urbano
chevrolet,Prisma,prisma-ltz-1-4-at-2018,0.0,0.0,106.0,5.0,Auto,Indefinido,Urbano
chevrolet,Prisma,prisma-advantage-1-4-at-2019,0.0,0.0,106.0,5.0,Auto,Indefinido,Urbano
chevrolet,Prisma,prisma-joy-1-0-2019,0.0,0.0,80.0,5.0,Manual,Indefinido,Urbano
chevrolet,Prisma,prisma-lt-1-4-2019,0.0,0.0,106.0,5.0,Manual,Indefinido,Urbano
chevrolet,Prisma,prisma-lt-1-4-at-2019,0.0,0.0,106.0,5.0,Auto,Indefinido,Urbano
chevrolet,Prisma,prisma-ltz-1-4-2019,0.0,0.0,106.0,5.0,Manual,Indefinido,Urbano
chevrolet,Prisma,prisma-ltz-1-4-at-2019,0.0,0.0,106.0,5.0,Auto,Indefinido,Urbano
chevrolet,S10,s10-deluxe-2-2-cs-1995,0.0,0.0,106.0,5.0,Manual,Indefinido,Urbano
chevrolet,S10,s10-ss-4-3-v6-1995,0.0,0.0,193.0,5.0,Auto,Indefinido,Urbano
chevrolet,S10,s10-std-2-2-cs-1995,0.0,0.0,106.0,5.0,Manual,Indefinido,Urbano
chevrolet,S10,s10-deluxe-2-2-cd-1996,0.0,0.0,106.0,5.0,Manual,Indefinido,Urbano
chevrolet,S10,s10-deluxe-2-2-cs-1996,0.0,0.0,106.0,5.0,Manual,Indefinido,Urbano
chevrolet,S10,s10-deluxe-2-5-turbo-cs-1996,0.0,0.0,95.0,5.0,Manual,Indefinido,Urbano
chevrolet,S10,s10-std-2-2-cs-1996,0.0,0.0,106.0,5.0,Manual,Indefinido,Urbano
chevrolet,S10,s10-de-luxe-2-5-turbo-4x4-cs-1997,0.0,0.0,95.0,5.0,Manual,Indefinido,Urbano
chevrolet,S10,s10-deluxe-2-2-cd-1997,0.0,0.0,106.0,5.0,Manual,Indefinido,Urbano
chevrolet,S10,s10-deluxe-2-2-cs-1997,0.0,0.0,106.0,5.0,Manual,Indefinido,Urbano
chevrolet,S10,s10-deluxe-2-5-turbo-4x2-cd-1997,0.0,0.0,95.0,5.0,Manual,Indefinido,Urbano
chevrolet,S10,s10-deluxe-2-5-turbo-4x4-cd-1997,0.0,0.0,95.0,5.0,Manual,Indefinido,Urbano
chevrolet,S10,s10-deluxe-2-5-turbo-ce-1997,0.0,0.0,95.0,5.0,Manual,Indefinido,Urbano
chevrolet,S10,s10-deluxe-2-5-turbo-cs-1997,0.0,0.0,95.0,5.0,Manual,Indefinido,Urbano
chevrolet,S10,s10-deluxe-4-3-v6-cd-1997,0.0,0.0,180.0,5.0,Manual,Indefinido,Urbano
chevrolet,S10,s10-deluxe-4-3-v6-ce-1997,0.0,0.0,180.0,5.0,Manual,Indefinido,Urbano
chevrolet,S10,s10-std-2-2-cd-1997,0.0,0.0,0.0,5.0,Manual,Indefinido,Urbano
chevrolet,S10,s10-std-2-2-cs-1997,0.0,0.0,106.0,5.0,Manual,Indefinido,Urbano
chevrolet,S10,s10-champ-4-3-v6-cs-1998,0.0,0.0,180.0,5.0,Manual,Indefinido,Urbano
chevrolet,S10,s10-deluxe-2-2-cd-1998,0.0,0.0,113.0,5.0,Manual,Indefinido,Urbano
chevrolet,S10,s10-deluxe-2-2-ce-1998,0.0,0.0,113.0,5.0,Manual,Indefinido,Urbano
chevrolet,S10,s10-deluxe-2-2-cs-1998,0.0,0.0,113.0,5.0,Manual,Indefinido,Urbano
chevrolet,S10,s10-deluxe-2-5-turbo-4x4-cd-1998,0.0,0.0,95.0,5.0,Manual,Indefinido,Urbano
chevrolet,S10,s10-deluxe-2-5-turbo-4x4-cs-1998,0.0,0.0,95.0,5.0,Manual,Indefinido,Urbano
chevrolet,S10,s10-deluxe-2-5-turbo-ce-1998,0.0,0.0,95.0,5.0,Manual,Indefinido,Urbano
chevrolet,S10,s10-deluxe-2-5-turbo-cs-1998,0.0,0.0,95.0,5.0,Manual,Indefinido,Urbano
chevrolet,S10,s10-deluxe-4-3-v6-cd-1998,0.0,0.0,180.0,5.0,Manual,Indefinido,Urbano
chevrolet,S10,s10-deluxe-4-3-v6-ce-1998,0.0,0.0,180.0,5.0,Manual,Indefinido,Urbano
chevrolet,S10,s10-std-2-2-cd-1998,0.0,0.0,113.0,5.0,Manual,Indefinido,Urbano
chevrolet,S10,s10-std-2-2-cs-1998,0.0,0.0,113.0,5.0,Manual,Indefinido,Urbano
chevrolet,S10,s10-de-luxe-4-3-v6-cs-1999,0.0,0.0,180.0,5.0,Manual,Indefinido,Urbano
chevrolet,S10,s10-deluxe-2-2-cd-1999,0.0,0.0,113.0,5.0,Manual,Indefinido,Urbano
chevrolet,S10,s10-deluxe-2-2-ce-1999,0.0,0.0,113.0,5.0,Manual,Indefinido,Urbano
chevrolet,S10,s10-deluxe-2-2-cs-1999,0.0,0.0,113.0,5.0,Manual,Indefinido,Urbano
chevrolet,S10,s10-deluxe-2-5-turbo-4x4-cd-1999,0.0,0.0,95.0,5.0,Manual,Indefinido,Urbano
chevrolet,S10,s10-deluxe-2-5-turbo-ce-1999,0.0,0.0,95.0,5.0,Manual,Indefinido,Urbano
chevrolet,S10,s10-deluxe-2-5-turbo-cs-1999,0.0,0.0,95.0,5.0,Manual,Indefinido,Urbano
chevrolet,S10,s10-deluxe-4-3-v6-cd-1999,0.0,0.0,180.0,5.0,Manual,Indefinido,Urbano
chevrolet,S10,s10-deluxe-4-3-v6-ce-1999,0.0,0.0,180.0,5.0,Manual,Indefinido,Urbano
chevrolet,S10,s10-executive-4-3-v6-4x2-cd-1999,0.0,0.0,180.0,5.0,Manual,Indefinido,Urbano
chevrolet,S10,s10-executive-4-3-v6-4x2-cd-at-1999,0.0,0.0,180.0,5.0,Auto,Indefinido,Urbano
chevrolet,S10,s10-std-2-2-cd-1999,0.0,0.0,0.0,5.0,Manual,Indefinido,Urbano
chevrolet,S10,s10-std-2-2-cs-1999,0.0,0.0,113.0,5.0,Manual,Indefinido,Urbano
chevrolet,S10,s10-std-2-5-turbo-4x4-cs-1999,0.0,0.0,95.0,5.0,Manual,Indefinido,Urbano
chevrolet,S10,s10-barretos-2-2-cs-2000,0.0,0.0,113.0,5.0,Manual,Indefinido,Urbano
chevrolet,S10,s10-de-luxe-2-8-turbo-4x2-cd-2000,0.0,0.0,132.0,5.0,Manual,Indefinido,Urbano
chevrolet,S10,s10-de-luxe-4-3-v6-cs-2000,0.0,0.0,180.0,5.0,Manual,Indefinido,Urbano
chevrolet,S10,s10-deluxe-2-2-cs-2000,0.0,0.0,113.0,5.0,Manual,Indefinido,Urbano
chevrolet,S10,s10-deluxe-2-5-turbo-4x4-cd-2000,0.0,0.0,95.0,5.0,Manual,Indefinido,Urbano
chevrolet,S10,s10-deluxe-2-5-turbo-cs-2000,0.0,0.0,95.0,5.0,Manual,Indefinido,Urbano
chevrolet,S10,s10-deluxe-2-8-turbo-4x4-cd-2000,0.0,0.0,132.0,5.0,Manual,Indefinido,Urbano
chevrolet,S10,s10-deluxe-4-3-v6-cd-2000,0.0,0.0,180.0,5.0,Manual,Indefinido,Urbano
chevrolet,S10,s10-deluxe-4-3-v6-ce-2000,0.0,0.0,180.0,5.0,Manual,Indefinido,Urbano
chevrolet,S10,s10-executive-4-3-v6-4x2-cd-2000,0.0,0.0,180.0,5.0,Manual,Indefinido,Urbano
chevrolet,S10,s10-executive-4-3-v6-4x2-cd-at-2000,0.0,0.0,180.0,5.0,Auto,Indefinido,Urbano
chevrolet,S10,s10-std-2-2-cd-2000,0.0,0.0,113.0,5.0,Manual,Indefinido,Urbano
chevrolet,S10,s10-std-2-2-cs-2000,0.0,0.0,113.0,5.0,Manual,Indefinido,Urbano
chevrolet,S10,s10-std-2-5-turbo-4x4-cs-2000,0.0,0.0,95.0,5.0,Manual,Indefinido,Urbano
chevrolet,S10,s10-std-2-8-turbo-4x4-cd-2000,0.0,0.0,0.0,5.0,Manual,Indefinido,Urbano
chevrolet,S10,s10-2-4-cd-2001,0.0,0.0,128.0,5.0,Manual,Indefinido,Urbano
chevrolet,S10,s10-2-4-cs-2001,0.0,0.0,128.0,5.0,Manual,Indefinido,Urbano
chevrolet,S10,s10-deluxe-2-8-turbo-4x2-cd-2001,0.0,0.0,132.0,5.0,Manual,Indefinido,Urbano
chevrolet,S10,s10-deluxe-2-8-turbo-4x4-cd-2001,0.0,0.0,132.0,5.0,Manual,Indefinido,Urbano
chevrolet,S10,s10-executive-4-3-v6-4x2-cd-2001,0.0,0.0,0.0,5.0,Manual,Indefinido,Urbano
chevrolet,S10,s10-rodeio-2-4-cs-2001,0.0,0.0,128.0,5.0,Manual,Indefinido,Urbano
chevrolet,S10,s10-std-2-8-turbo-4x2-cd-2001,0.0,0.0,0.0,5.0,Manual,Indefinido,Urbano
chevrolet,S10,s10-std-2-8-turbo-4x2-cs-2001,0.0,0.0,132.0,5.0,Manual,Indefinido,Urbano
chevrolet,S10,s10-2-4-cd-2002,0.0,0.0,128.0,5.0,Manual,Indefinido,Urbano
chevrolet,S10,s10-2-4-cs-2002,0.0,0.0,128.0,5.0,Manual,Indefinido,Urbano
chevrolet,S10,s10-deluxe-2-8-turbo-4x2-cd-2002,0.0,0.0,132.0,5.0,Manual,Indefinido,Urbano
chevrolet,S10,s10-deluxe-2-8-turbo-4x4-cd-2002,0.0,0.0,132.0,5.0,Manual,Indefinido,Urbano
chevrolet,S10,s10-executive-2-8-turbo-4x4-cd-2002,0.0,0.0,132.0,5.0,Manual,Indefinido,Urbano
chevrolet,S10,s10-executive-4-3-v6-4x2-cd-2002,0.0,0.0,0.0,5.0,Manual,Indefinido,Urbano
chevrolet,S10,s10-sertoes-2-8-turbo-4x4-cd-2002,0.0,0.0,132.0,5.0,Manual,Indefinido,Urbano
chevrolet,S10,s10-sertoes-2-8-turbo-4x4-cs-2002,0.0,0.0,132.0,5.0,Manual,Indefinido,Urbano
chevrolet,S10,s10-std-2-8-turbo-4x2-cd-2002,0.0,0.0,132.0,5.0,Manual,Indefinido,Urbano
chevrolet,S10,s10-std-2-8-turbo-4x2-cs-2002,0.0,0.0,132.0,5.0,Manual,Indefinido,Urbano
chevrolet,S10,s10-std-2-8-turbo-4x4-cd-2002,0.0,0.0,132.0,5.0,Manual,Indefinido,Urbano
chevrolet,S10,s10-2-4-cd-2003,0.0,0.0,128.0,5.0,Manual,Indefinido,Urbano
chevrolet,S10,s10-2-4-cs-2003,0.0,0.0,128.0,5.0,Manual,Indefinido,Urbano
chevrolet,S10,s10-de-luxe-2-8-turbo-4x2-cd-2003,0.0,0.0,132.0,5.0,Manual,Indefinido,Urbano
chevrolet,S10,s10-de-luxe-2-8-turbo-4x4-cd-2003,0.0,0.0,132.0,5.0,Manual,Indefinido,Urbano
chevrolet,S10,s10-executive-2-8-turbo-4x4-cd-2003,0.0,0.0,132.0,5.0,Manual,Indefinido,Urbano
chevrolet,S10,s10-std-2-8-turbo-4x2-cd-2003,0.0,0.0,132.0,5.0,Manual,Indefinido,Urbano
chevrolet,S10,s10-std-2-8-turbo-4x2-cs-2003,0.0,0.0,132.0,5.0,Manual,Indefinido,Urbano
chevrolet,S10,s10-std-2-8-turbo-4x4-cd-2003,0.0,0.0,132.0,5.0,Manual,Indefinido,Urbano
chevrolet,S10,s10-2-4-cd-2004,0.0,0.0,128.0,5.0,Manual,Indefinido,Urbano
chevrolet,S10,s10-2-4-cs-2004,0.0,0.0,128.0,5.0,Manual,Indefinido,Urbano
chevrolet,S10,s10-de-luxe-2-8-turbo-4x2-cd-2004,0.0,0.0,132.0,5.0,Manual,Indefinido,Urbano
chevrolet,S10,s10-de-luxe-2-8-turbo-4x4-cd-2004,0.0,0.0,132.0,5.0,Manual,Indefinido,Urbano
chevrolet,S10,s10-dlx-2-4-cd-2004,0.0,0.0,128.0,5.0,Manual,Indefinido,Urbano
chevrolet,S10,s10-executive-2-8-turbo-4x4-cd-2004,0.0,0.0,132.0,5.0,Manual,Indefinido,Urbano
chevrolet,S10,s10-std-2-8-turbo-4x2-cd-2004,0.0,0.0,132.0,5.0,Manual,Indefinido,Urbano
chevrolet,S10,s10-std-2-8-turbo-4x2-cs-2004,0.0,0.0,132.0,5.0,Manual,Indefinido,Urbano
chevrolet,S10,s10-std-2-8-turbo-4x4-cd-2004,0.0,0.0,132.0,5.0,Manual,Indefinido,Urbano
chevrolet,S10,s10-colina-2-4-cd-2005,0.0,0.0,128.0,5.0,Manual,Indefinido,Urbano
chevrolet,S10,s10-colina-2-8-turbo-4x2-cd-2005,0.0,0.0,132.0,5.0,Manual,Indefinido,Urbano
chevrolet,S10,s10-executive-2-8-turbo-4x2-cd-2005,0.0,0.0,132.0,5.0,Manual,Indefinido,Urbano
chevrolet,S10,s10-executive-2-8-turbo-4x4-cd-2005,0.0,0.0,132.0,5.0,Manual,Indefinido,Urbano
chevrolet,S10,s10-sertoes-2-8-turbo-4x4-cd-2005,0.0,0.0,132.0,5.0,Manual,Indefinido,Urbano
chevrolet,S10,s10-std-2-8-turbo-4x2-cs-2005,0.0,0.0,132.0,5.0,Manual,Indefinido,Urbano
chevrolet,S10,s10-tornado-2-8-turbo-4x4-cd-2005,0.0,0.0,132.0,5.0,Manual,Indefinido,Urbano
chevrolet,S10,s10-advantage-2-4-cd-2006,0.0,0.0,0.0,5.0,Manual,Indefinido,Urbano
chevrolet,S10,s10-colina-2-8-turbo-4x4-cd-2006,0.0,0.0,140.0,5.0,Manual,Indefinido,Urbano
chevrolet,S10,s10-executive-2-8-turbo-4x2-cd-2006,0.0,0.0,140.0,5.0,Manual,Indefinido,Urbano
chevrolet,S10,s10-executive-2-8-turbo-4x4-cd-2006,0.0,0.0,140.0,5.0,Manual,Indefinido,Urbano
chevrolet,S10,s10-rodeio-2-8-turbo-4x4-cd-2006,0.0,0.0,140.0,5.0,Manual,Indefinido,Urbano
chevrolet,S10,s10-tornado-2-8-turbo-4x4-cd-2006,0.0,0.0,140.0,5.0,Manual,Indefinido,Urbano
chevrolet,S10,s10-advantage-2-4-cd-2007,0.0,0.0,147.0,5.0,Manual,Indefinido,Urbano
chevrolet,S10,s10-colina-2-8-turbo-4x2-cs-2007,0.0,0.0,140.0,5.0,Manual,Indefinido,Urbano
chevrolet,S10,s10-colina-2-8-turbo-4x4-cd-2007,0.0,0.0,140.0,5.0,Manual,Indefinido,Urbano
chevrolet,S10,s10-executive-2-8-turbo-4x2-cd-2007,0.0,0.0,140.0,5.0,Manual,Indefinido,Urbano
chevrolet,S10,s10-executive-2-8-turbo-4x4-cd-2007,0.0,0.0,140.0,5.0,Manual,Indefinido,Urbano
chevrolet,S10,s10-advantage-2-4-cd-2008,0.0,0.0,147.0,5.0,Manual,Indefinido,Urbano
chevrolet,S10,s10-executive-2-8-turbo-4x2-cd-2008,0.0,0.0,140.0,5.0,Manual,Indefinido,Urbano
chevrolet,S10,s10-executive-2-8-turbo-4x4-cd-2008,0.0,0.0,140.0,5.0,Manual,Indefinido,Urbano
chevrolet,S10,s10-tornado-2-8-turbo-4x4-cd-2008,0.0,0.0,140.0,5.0,Manual,Indefinido,Urbano
chevrolet,S10,s10-advantage-2-4-cd-2009,0.0,0.0,147.0,5.0,Manual,Indefinido,Urbano
chevrolet,S10,s10-advantage-2-4-cs-2009,0.0,0.0,147.0,5.0,Manual,Indefinido,Urbano
chevrolet,S10,s10-colina-2-8-turbo-4x2-cd-2009,0.0,0.0,140.0,5.0,Manual,Indefinido,Urbano
chevrolet,S10,s10-colina-2-8-turbo-4x2-cs-2009,0.0,0.0,140.0,5.0,Manual,Indefinido,Urbano
chevrolet,S10,s10-colina-2-8-turbo-4x4-cd-2009,0.0,0.0,140.0,5.0,Manual,Indefinido,Urbano
chevrolet,S10,s10-colina-2-8-turbo-4x4-cs-2009,0.0,0.0,140.0,5.0,Manual,Indefinido,Urbano
chevrolet,S10,s10-executive-2-4-cd-2009,0.0,0.0,147.0,5.0,Manual,Indefinido,Urbano
chevrolet,S10,s10-executive-2-8-turbo-4x2-cd-2009,0.0,0.0,140.0,5.0,Manual,Indefinido,Urbano
chevrolet,S10,s10-executive-2-8-turbo-4x4-cd-2009,0.0,0.0,140.0,5.0,Manual,Indefinido,Urbano
chevrolet,S10,s10-tornado-2-8-turbo-4x2-cd-2009,0.0,0.0,140.0,5.0,Manual,Indefinido,Urbano
chevrolet,S10,s10-tornado-2-8-turbo-4x4-cd-2009,0.0,0.0,140.0,5.0,Manual,Indefinido,Urbano
chevrolet,S10,s10-advantage-2-4-cd-2010,0.0,0.0,0.0,5.0,Manual,Indefinido,Urbano
chevrolet,S10,s10-advantage-2-4-cs-2010,0.0,0.0,0.0,5.0,Manual,Indefinido,Urbano
chevrolet,S10,s10-colina-2-8-turbo-4x2-cd-2010,0.0,0.0,140.0,5.0,Manual,Indefinido,Urbano
chevrolet,S10,s10-colina-2-8-turbo-4x2-cs-2010,0.0,0.0,140.0,5.0,Manual,Indefinido,Urbano
chevrolet,S10,s10-colina-2-8-turbo-4x4-cd-2010,0.0,0.0,140.0,5.0,Manual,Indefinido,Urbano
chevrolet,S10,s10-colina-2-8-turbo-4x4-cs-2010,0.0,0.0,140.0,5.0,Manual,Indefinido,Urbano
chevrolet,S10,s10-executive-2-4-cd-2010,0.0,0.0,147.0,5.0,Manual,Indefinido,Urbano
chevrolet,S10,s10-executive-2-8-turbo-4x2-cd-2010,0.0,0.0,140.0,5.0,Manual,Indefinido,Urbano
chevrolet,S10,s10-executive-2-8-turbo-4x4-cd-2010,0.0,0.0,140.0,5.0,Manual,Indefinido,Urbano
chevrolet,S10,s10-tornado-2-8-turbo-4x2-cd-2010,0.0,0.0,140.0,5.0,Manual,Indefinido,Urbano
chevrolet,S10,s10-tornado-2-8-turbo-4x4-cd-2010,0.0,0.0,140.0,5.0,Manual,Indefinido,Urbano
chevrolet,S10,s10-advantage-2-4-cd-2011,0.0,0.0,147.0,5.0,Manual,Indefinido,Urbano
chevrolet,S10,s10-advantage-2-4-cs-2011,0.0,0.0,0.0,5.0,Manual,Indefinido,Urbano
chevrolet,S10,s10-colina-2-8-turbo-4x2-cd-2011,0.0,0.0,140.0,5.0,Manual,Indefinido,Urbano
chevrolet,S10,s10-colina-2-8-turbo-4x2-cs-2011,0.0,0.0,140.0,5.0,Manual,Indefinido,Urbano
chevrolet,S10,s10-colina-2-8-turbo-4x4-cd-2011,0.0,0.0,140.0,5.0,Manual,Indefinido,Urbano
chevrolet,S10,s10-colina-2-8-turbo-4x4-cs-2011,0.0,0.0,140.0,5.0,Manual,Indefinido,Urbano
chevrolet,S10,s10-executive-2-4-cd-2011,0.0,0.0,147.0,5.0,Manual,Indefinido,Urbano
chevrolet,S10,s10-executive-2-8-turbo-4x2-cd-2011,0.0,0.0,140.0,5.0,Manual,Indefinido,Urbano
chevrolet,S10,s10-executive-2-8-turbo-4x4-cd-2011,0.0,0.0,140.0,5.0,Manual,Indefinido,Urbano
chevrolet,S10,s10-rodeio-2-4-cd-2011,0.0,0.0,147.0,5.0,Manual,Indefinido,Urbano
chevrolet,S10,s10-rodeio-2-8-turbo-4x2-cd-2011,0.0,0.0,140.0,5.0,Manual,Indefinido,Urbano
chevrolet,S10,s10-rodeio-2-8-turbo-4x4-cd-2011,0.0,0.0,140.0,5.0,Manual,Indefinido,Urbano
chevrolet,S10,s10-tornado-2-8-turbo-4x4-cd-2011,0.0,0.0,140.0,5.0,Manual,Indefinido,Urbano
chevrolet,S10,s10-advantage-2-4-cd-2012,0.0,0.0,0.0,5.0,Manual,Indefinido,Urbano
chevrolet,S10,s10-advantage-2-4-cs-2012,0.0,0.0,0.0,5.0,Manual,Indefinido,Urbano
chevrolet,S10,s10-colina-2-8-turbo-4x2-cd-2012,0.0,0.0,140.0,5.0,Manual,Indefinido,Urbano
chevrolet,S10,s10-colina-2-8-turbo-4x2-cs-2012,0.0,0.0,140.0,5.0,Manual,Indefinido,Urbano
chevrolet,S10,s10-colina-2-8-turbo-4x4-cd-2012,0.0,0.0,140.0,5.0,Manual,Indefinido,Urbano
chevrolet,S10,s10-colina-2-8-turbo-4x4-cs-2012,0.0,0.0,140.0,5.0,Manual,Indefinido,Urbano
chevrolet,S10,s10-executive-2-4-cd-2012,0.0,0.0,147.0,5.0,Manual,Indefinido,Urbano
chevrolet,S10,s10-executive-2-8-turbo-4x2-cd-2012,0.0,0.0,140.0,5.0,Manual,Indefinido,Urbano
chevrolet,S10,s10-executive-2-8-turbo-4x4-cd-2012,0.0,0.0,140.0,5.0,Manual,Indefinido,Urbano
chevrolet,S10,s10-rodeio-2-4-cd-2012,0.0,0.0,0.0,5.0,Manual,Indefinido,Urbano
chevrolet,S10,s10-ls-2-4-cd-2013,0.0,0.0,147.0,5.0,Manual,Indefinido,Urbano
chevrolet,S10,s10-ls-2-4-cs-2013,0.0,0.0,147.0,5.0,Manual,Indefinido,Urbano
chevrolet,S10,s10-ls-2-8-turbo-4x2-cd-2013,0.0,0.0,180.0,5.0,Manual,Indefinido,Urbano
chevrolet,S10,s10-ls-2-8-turbo-4x2-cs-2013,0.0,0.0,180.0,5.0,Manual,Indefinido,Urbano
chevrolet,S10,s10-ls-2-8-turbo-4x4-cd-2013,0.0,0.0,200.0,5.0,Manual,Indefinido,Urbano
chevrolet,S10,s10-ls-2-8-turbo-4x4-cs-2013,0.0,0.0,180.0,5.0,Manual,Indefinido,Urbano
chevrolet,S10,s10-lt-2-4-cd-2013,0.0,0.0,147.0,5.0,Manual,Indefinido,Urbano
chevrolet,S10,s10-lt-2-4-cs-2013,0.0,0.0,147.0,5.0,Manual,Indefinido,Urbano
chevrolet,S10,s10-lt-2-8-turbo-4x2-at-cd-2013,0.0,0.0,180.0,5.0,Auto,Indefinido,Urbano
chevrolet,S10,s10-lt-2-8-turbo-4x2-cd-2013,0.0,0.0,180.0,5.0,Manual,Indefinido,Urbano
chevrolet,S10,s10-lt-2-8-turbo-4x4-at-cd-2013,0.0,0.0,180.0,5.0,Auto,Indefinido,Urbano
chevrolet,S10,s10-lt-2-8-turbo-4x4-cd-2013,0.0,0.0,180.0,5.0,Manual,Indefinido,Urbano
chevrolet,S10,s10-ltz-2-4-cd-2013,0.0,0.0,147.0,5.0,Manual,Indefinido,Urbano
chevrolet,S10,s10-ltz-2-8-turbo-4x2-at-cd-2013,0.0,0.0,180.0,5.0,Auto,Indefinido,Urbano
chevrolet,S10,s10-ltz-2-8-turbo-4x2-cd-2013,0.0,0.0,180.0,5.0,Manual,Indefinido,Urbano
chevrolet,S10,s10-ltz-2-8-turbo-4x4-at-cd-2013,0.0,0.0,180.0,5.0,Auto,Indefinido,Urbano
chevrolet,S10,s10-ls-2-4-cd-2014,0.0,0.0,0.0,5.0,Manual,Indefinido,Urbano
chevrolet,S10,s10-ls-2-4-cs-2014,0.0,0.0,147.0,5.0,Manual,Indefinido,Urbano
chevrolet,S10,s10-ls-2-8-turbo-4x4-cd-2014,0.0,0.0,200.0,5.0,Manual,Indefinido,Urbano
chevrolet,S10,s10-ls-2-8-turbo-4x4-cs-2014,0.0,0.0,200.0,5.0,Manual,Indefinido,Urbano
chevrolet,S10,s10-lt-2-4-cd-2014,0.0,0.0,147.0,5.0,Manual,Indefinido,Urbano
chevrolet,S10,s10-lt-2-8-turbo-4x2-at-cd-2014,0.0,0.0,200.0,5.0,Auto,Indefinido,Urbano
chevrolet,S10,s10-lt-2-8-turbo-4x2-cd-2014,0.0,0.0,200.0,5.0,Manual,Indefinido,Urbano
chevrolet,S10,s10-lt-2-8-turbo-4x4-at-cd-2014,0.0,0.0,200.0,5.0,Auto,Indefinido,Urbano
chevrolet,S10,s10-lt-2-8-turbo-4x4-cd-2014,0.0,0.0,200.0,5.0,Manual,Indefinido,Urbano
chevrolet,S10,s10-ltz-2-4-cd-2014,0.0,0.0,147.0,5.0,Manual,Indefinido,Urbano
chevrolet,S10,s10-ltz-2-8-turbo-4x2-at-cd-2014,0.0,0.0,200.0,5.0,Auto,Indefinido,Urbano
chevrolet,S10,s10-ltz-2-8-turbo-4x2-cd-2014,0.0,0.0,200.0,5.0,Manual,Indefinido,Urbano
chevrolet,S10,s10-ltz-2-8-turbo-4x4-at-cd-2014,0.0,0.0,200.0,5.0,Auto,Indefinido,Urbano
chevrolet,S10,s10-ls-2-4-cd-2015,0.0,0.0,147.0,5.0,Manual,Indefinido,Urbano
chevrolet,S10,s10-ls-2-4-cs-2015,0.0,0.0,147.0,5.0,Manual,Indefinido,Urbano
chevrolet,S10,s10-ls-2-8-turbo-4x4-cd-2015,0.0,0.0,200.0,5.0,Manual,Indefinido,Urbano
chevrolet,S10,s10-ls-2-8-turbo-4x4-cs-2015,0.0,0.0,200.0,5.0,Manual,Indefinido,Urbano
chevrolet,S10,s10-lt-2-5-4x2-cd-2015,0.0,0.0,206.0,5.0,Manual,Indefinido,Urbano
chevrolet,S10,s10-lt-2-5-4x4-cd-2015,0.0,0.0,206.0,5.0,Manual,Indefinido,Urbano
chevrolet,S10,s10-lt-2-8-turbo-4x2-at-cd-2015,0.0,0.0,200.0,5.0,Auto,Indefinido,Urbano
chevrolet,S10,s10-lt-2-8-turbo-4x2-cd-2015,0.0,0.0,200.0,5.0,Manual,Indefinido,Urbano
chevrolet,S10,s10-lt-2-8-turbo-4x4-at-cd-2015,0.0,0.0,200.0,5.0,Auto,Indefinido,Urbano
chevrolet,S10,s10-lt-2-8-turbo-4x4-cd-2015,0.0,0.0,200.0,5.0,Manual,Indefinido,Urbano
chevrolet,S10,s10-ltz-2-5-4x2-cd-2015,0.0,0.0,206.0,5.0,Manual,Indefinido,Urbano
chevrolet,S10,s10-ltz-2-5-4x4-cd-2015,0.0,0.0,206.0,5.0,Manual,Indefinido,Urbano
chevrolet,S10,s10-ltz-2-8-turbo-4x2-at-cd-2015,0.0,0.0,200.0,5.0,Auto,Indefinido,Urbano
chevrolet,S10,s10-ltz-2-8-turbo-4x4-at-cd-2015,0.0,0.0,200.0,5.0,Auto,Indefinido,Urbano
chevrolet,S10,s10-advantage-2-4-cd-2016,0.0,0.0,147.0,5.0,Manual,Indefinido,Urbano
chevrolet,S10,s10-chassis-cab-2-4-2016,0.0,0.0,147.0,5.0,Manual,Indefinido,Urbano
chevrolet,S10,s10-chassis-cab-2-8-turbo-2016,0.0,0.0,200.0,5.0,Manual,Indefinido,Urbano
chevrolet,S10,s10-freeride-2-5-4x2-cd-2016,0.0,0.0,206.0,5.0,Manual,Indefinido,Urbano
chevrolet,S10,s10-high-country-2-8-turbo-4x4-at-cd-2016,0.0,0.0,200.0,5.0,Auto,Indefinido,Urbano
chevrolet,S10,s10-ls-2-4-cd-2016,0.0,0.0,0.0,5.0,Manual,Indefinido,Urbano
chevrolet,S10,s10-ls-2-4-cs-2016,0.0,0.0,147.0,5.0,Manual,Indefinido,Urbano
chevrolet,S10,s10-ls-2-8-turbo-4x4-cd-2016,0.0,0.0,200.0,5.0,Manual,Indefinido,Urbano
chevrolet,S10,s10-ls-2-8-turbo-4x4-cs-2016,0.0,0.0,200.0,5.0,Manual,Indefinido,Urbano
chevrolet,S10,s10-lt-2-5-4x2-cd-2016,0.0,0.0,206.0,5.0,Manual,Indefinido,Urbano
chevrolet,S10,s10-lt-2-5-4x4-cd-2016,0.0,0.0,206.0,5.0,Manual,Indefinido,Urbano
chevrolet,S10,s10-lt-2-8-turbo-4x2-at-cd-2016,0.0,0.0,200.0,5.0,Auto,Indefinido,Urbano
chevrolet,S10,s10-lt-2-8-turbo-4x2-cd-2016,0.0,0.0,200.0,5.0,Manual,Indefinido,Urbano
chevrolet,S10,s10-lt-2-8-turbo-4x4-at-cd-2016,0.0,0.0,200.0,5.0,Auto,Indefinido,Urbano
chevrolet,S10,s10-lt-2-8-turbo-4x4-cd-2016,0.0,0.0,200.0,5.0,Manual,Indefinido,Urbano
chevrolet,S10,s10-ltz-2-5-4x2-cd-2016,0.0,0.0,206.0,5.0,Manual,Indefinido,Urbano
chevrolet,S10,s10-ltz-2-5-4x4-cd-2016,0.0,0.0,206.0,5.0,Manual,Indefinido,Urbano
chevrolet,S10,s10-ltz-2-8-turbo-4x2-at-cd-2016,0.0,0.0,200.0,5.0,Auto,Indefinido,Urbano
chevrolet,S10,s10-ltz-2-8-turbo-4x4-at-cd-2016,0.0,0.0,200.0,5.0,Auto,Indefinido,Urbano
chevrolet,S10,s10-advantage-2-5-cd-2017,0.0,0.0,206.0,5.0,Manual,Indefinido,Urbano
chevrolet,S10,s10-chassis-cab-2-8-turbo-2017,0.0,0.0,200.0,5.0,Manual,Indefinido,Urbano
chevrolet,S10,s10-high-country-2-8-turbo-4x4-at-cd-2017,0.0,0.0,200.0,5.0,Auto,Indefinido,Urbano
chevrolet,S10,s10-ls-2-8-turbo-4x2-cs-2017,0.0,0.0,200.0,5.0,Manual,Indefinido,Urbano
chevrolet,S10,s10-ls-2-8-turbo-4x4-cd-2017,0.0,0.0,200.0,5.0,Manual,Indefinido,Urbano
chevrolet,S10,s10-ls-2-8-turbo-4x4-cs-2017,0.0,0.0,200.0,5.0,Manual,Indefinido,Urbano
chevrolet,S10,s10-lt-2-5-4x2-cd-2017,0.0,0.0,206.0,5.0,Manual,Indefinido,Urbano
chevrolet,S10,s10-lt-2-5-4x4-cd-2017,0.0,0.0,206.0,5.0,Manual,Indefinido,Urbano
chevrolet,S10,s10-lt-2-8-turbo-4x2-at-cd-2017,0.0,0.0,200.0,5.0,Auto,Indefinido,Urbano
chevrolet,S10,s10-lt-2-8-turbo-4x2-cd-2017,0.0,0.0,200.0,5.0,Manual,Indefinido,Urbano
chevrolet,S10,s10-lt-2-8-turbo-4x4-at-cd-2017,0.0,0.0,200.0,5.0,Auto,Indefinido,Urbano
chevrolet,S10,s10-lt-2-8-turbo-4x4-cd-2017,0.0,0.0,200.0,5.0,Manual,Indefinido,Urbano
chevrolet,S10,s10-ltz-2-5-4x2-cd-2017,0.0,0.0,206.0,5.0,Manual,Indefinido,Urbano
chevrolet,S10,s10-ltz-2-5-4x4-cd-2017,0.0,0.0,206.0,5.0,Manual,Indefinido,Urbano
chevrolet,S10,s10-ltz-2-8-turbo-4x2-at-cd-2017,0.0,0.0,200.0,5.0,Auto,Indefinido,Urbano
chevrolet,S10,s10-ltz-2-8-turbo-4x4-at-cd-2017,0.0,0.0,200.0,5.0,Auto,Indefinido,Urbano
chevrolet,S10,s10-100-years-2-8-turbo-4x4-at-cd-2018,0.0,0.0,200.0,5.0,Auto,Indefinido,Urbano
chevrolet,S10,s10-advantage-2-5-cd-2018,0.0,0.0,206.0,5.0,Manual,Indefinido,Urbano
chevrolet,S10,s10-chassis-cab-2-8-turbo-2018,0.0,0.0,200.0,5.0,Manual,Indefinido,Urbano
chevrolet,S10,s10-high-country-2-8-turbo-4x4-at-cd-2018,0.0,0.0,200.0,5.0,Auto,Indefinido,Urbano
chevrolet,S10,s10-ls-2-8-turbo-4x4-cd-2018,0.0,0.0,200.0,5.0,Manual,Indefinido,Urbano
chevrolet,S10,s10-ls-2-8-turbo-4x4-cs-2018,0.0,0.0,200.0,5.0,Manual,Indefinido,Urbano
chevrolet,S10,s10-lt-2-5-4x2-at-cd-2018,0.0,0.0,206.0,5.0,Auto,Indefinido,Urbano
chevrolet,S10,s10-lt-2-5-4x4-at-cd-2018,0.0,0.0,206.0,5.0,Auto,Indefinido,Urbano
chevrolet,S10,s10-lt-2-8-turbo-4x4-at-cd-2018,0.0,0.0,200.0,5.0,Auto,Indefinido,Urbano
chevrolet,S10,s10-lt-2-8-turbo-4x4-cd-2018,0.0,0.0,200.0,5.0,Manual,Indefinido,Urbano
chevrolet,S10,s10-ltz-2-5-4x2-at-cd-2018,0.0,0.0,206.0,5.0,Auto,Indefinido,Urbano
chevrolet,S10,s10-ltz-2-5-4x4-at-cd-2018,0.0,0.0,206.0,5.0,Auto,Indefinido,Urbano
chevrolet,S10,s10-ltz-2-8-turbo-4x4-at-cd-2018,0.0,0.0,200.0,5.0,Auto,Indefinido,Urbano
chevrolet,S10,s10-advantage-2-5-cd-2019,0.0,0.0,206.0,5.0,Manual,Indefinido,Urbano
chevrolet,S10,s10-chassis-cab-2-8-turbo-2019,0.0,0.0,200.0,5.0,Manual,Indefinido,Urbano
chevrolet,S10,s10-high-country-2-8-turbo-4x4-at-cd-2019,0.0,0.0,200.0,5.0,Auto,Indefinido,Urbano
chevrolet,S10,s10-ls-2-8-turbo-4x4-cd-2019,0.0,0.0,200.0,5.0,Manual,Indefinido,Urbano
chevrolet,S10,s10-ls-2-8-turbo-4x4-cs-2019,0.0,0.0,200.0,5.0,Manual,Indefinido,Urbano
chevrolet,S10,s10-lt-2-5-4x2-at-cd-2019,0.0,0.0,206.0,5.0,Auto,Indefinido,Urbano
chevrolet,S10,s10-lt-2-5-4x4-at-cd-2019,0.0,0.0,206.0,5.0,Auto,Indefinido,Urbano
chevrolet,S10,s10-lt-2-8-turbo-4x4-at-cd-2019,0.0,0.0,200.0,5.0,Auto,Indefinido,Urbano
chevrolet,S10,s10-lt-2-8-turbo-4x4-cd-2019,0.0,0.0,200.0,5.0,Manual,Indefinido,Urbano
chevrolet,S10,s10-ltz-2-5-4x2-at-cd-2019,0.0,0.0,206.0,5.0,Auto,Indefinido,Urbano
chevrolet,S10,s10-ltz-2-5-4x4-at-cd-2019,0.0,0.0,206.0,5.0,Auto,Indefinido,Urbano
chevrolet,S10,s10-ltz-2-8-turbo-4x4-at-cd-2019,0.0,0.0,200.0,5.0,Auto,Indefinido,Urbano
chevrolet,S10,s10-midnight-2-8-turbo-4x4-at-cd-2019,0.0,0.0,200.0,5.0,Auto,Indefinido,Urbano
chevrolet,S10,s10-advantage-2-5-cd-2020,0.0,0.0,0.0,5.0,Manual,Indefinido,Urbano
chevrolet,S10,s10-chassis-cab-2-8-turbo-2020,0.0,0.0,200.0,5.0,Manual,Indefinido,Urbano
chevrolet,S10,s10-high-country-2-8-turbo-4x4-at-cd-2020,0.0,0.0,200.0,5.0,Auto,Indefinido,Urbano
chevrolet,S10,s10-ls-2-8-turbo-4x4-cd-2020,0.0,0.0,200.0,5.0,Manual,Indefinido,Urbano
chevrolet,S10,s10-ls-2-8-turbo-4x4-cs-2020,0.0,0.0,200.0,5.0,Manual,Indefinido,Urbano
chevrolet,S10,s10-lt-2-5-4x2-at-cd-2020,0.0,0.0,0.0,5.0,Auto,Indefinido,Urbano
chevrolet,S10,s10-lt-2-5-4x4-at-cd-2020,0.0,0.0,0.0,5.0,Auto,Indefinido,Urbano
chevrolet,S10,s10-lt-2-8-turbo-4x4-at-cd-2020,0.0,0.0,200.0,5.0,Auto,Indefinido,Urbano
chevrolet,S10,s10-lt-2-8-turbo-4x4-cd-2020,0.0,0.0,200.0,5.0,Manual,Indefinido,Urbano
chevrolet,S10,s10-ltz-2-5-4x2-at-cd-2020,0.0,0.0,0.0,5.0,Auto,Indefinido,Urbano
chevrolet,S10,s10-ltz-2-5-4x4-at-cd-2020,0.0,0.0,0.0,5.0,Auto,Indefinido,Urbano
chevrolet,S10,s10-ltz-2-8-turbo-4x4-at-cd-2020,0.0,0.0,200.0,5.0,Auto,Indefinido,Urbano
chevrolet,S10,s10-advantage-2-5-cd-2021,0.0,0.0,206.0,5.0,Manual,Indefinido,Urbano
chevrolet,S10,s10-chassis-cab-2-8-turbo-2021,0.0,0.0,200.0,5.0,Manual,Indefinido,Urbano
chevrolet,S10,s10-high-country-2-8-turbo-4x4-at-cd-2021,0.0,0.0,200.0,5.0,Auto,Indefinido,Urbano
chevrolet,S10,s10-ls-2-8-turbo-4x4-cd-2021,0.0,0.0,0.0,5.0,Manual,Indefinido,Urbano
chevrolet,S10,s10-ls-2-8-turbo-4x4-cs-2021,0.0,0.0,0.0,5.0,Manual,Indefinido,Urbano
chevrolet,S10,s10-lt-2-5-4x2-at-cd-2021,0.0,0.0,0.0,5.0,Auto,Indefinido,Urbano
chevrolet,S10,s10-lt-2-8-turbo-4x4-at-cd-2021,0.0,0.0,200.0,5.0,Auto,Indefinido,Urbano
chevrolet,S10,s10-ltz-2-5-4x2-at-cd-2021,0.0,0.0,0.0,5.0,Auto,Indefinido,Urbano
chevrolet,S10,s10-ltz-2-5-4x4-at-cd-2021,0.0,0.0,0.0,5.0,Auto,Indefinido,Urbano
chevrolet,S10,s10-ltz-2-8-turbo-4x4-at-cd-2021,0.0,0.0,200.0,5.0,Auto,Indefinido,Urbano
chevrolet,S10,s10-advantage-2-5-cd-2022,0.0,0.0,206.0,5.0,Manual,Indefinido,Urbano
chevrolet,S10,s10-chassis-cab-2-8-turbo-2022,0.0,0.0,200.0,5.0,Manual,Indefinido,Urbano
chevrolet,S10,s10-high-country-2-8-turbo-4x4-at-cd-2022,0.0,0.0,200.0,5.0,Auto,Indefinido,Urbano
chevrolet,S10,s10-ls-2-8-turbo-4x4-cd-2022,0.0,0.0,200.0,5.0,Manual,Indefinido,Urbano
chevrolet,S10,s10-ls-2-8-turbo-4x4-cs-2022,0.0,0.0,200.0,5.0,Manual,Indefinido,Urbano
chevrolet,S10,s10-lt-2-8-turbo-4x4-at-cd-2022,0.0,0.0,200.0,5.0,Auto,Indefinido,Urbano
chevrolet,S10,s10-ltz-2-5-4x4-at-cd-2022,0.0,0.0,0.0,5.0,Auto,Indefinido,Urbano
chevrolet,S10,s10-ltz-2-8-turbo-4x4-at-cd-2022,0.0,0.0,200.0,5.0,Auto,Indefinido,Urbano
chevrolet,S10,s10-z71-2-8-turbo-4x4-at-cd-2022,0.0,0.0,200.0,5.0,Auto,Indefinido,Urbano
chevrolet,S10,s10-chassis-cab-2-8-turbo-2023,0.0,0.0,200.0,5.0,Manual,Indefinido,Urbano
chevrolet,S10,s10-high-country-2-8-turbo-4x4-at-cd-2023,0.0,0.0,200.0,5.0,Auto,Indefinido,Urbano
chevrolet,S10,s10-ls-2-8-turbo-4x4-cd-2023,0.0,0.0,200.0,5.0,Manual,Indefinido,Urbano
chevrolet,S10,s10-ls-2-8-turbo-4x4-cs-2023,0.0,0.0,200.0,5.0,Manual,Indefinido,Urbano
chevrolet,S10,s10-lt-2-8-turbo-4x4-at-cd-2023,0.0,0.0,200.0,5.0,Auto,Indefinido,Urbano
chevrolet,S10,s10-ltz-2-8-turbo-4x4-at-cd-2023,0.0,0.0,200.0,5.0,Auto,Indefinido,Urbano
chevrolet,S10,s10-z71-2-8-turbo-4x4-at-cd-2023,0.0,0.0,200.0,5.0,Auto,Indefinido,Urbano
chevrolet,S10,s10-chassis-cab-2-8-turbo-2024,0.0,0.0,200.0,5.0,Manual,Indefinido,Urbano
chevrolet,S10,s10-high-country-2-8-turbo-4x4-at-cd-2024,0.0,0.0,200.0,5.0,Auto,Indefinido,Urbano
chevrolet,S10,s10-ls-2-8-turbo-4x4-cd-2024,0.0,0.0,200.0,5.0,Manual,Indefinido,Urbano
chevrolet,S10,s10-ls-2-8-turbo-4x4-cs-2024,0.0,0.0,200.0,5.0,Manual,Indefinido,Urbano
chevrolet,S10,s10-lt-2-8-turbo-4x4-at-cd-2024,0.0,0.0,200.0,5.0,Auto,Indefinido,Urbano
chevrolet,S10,s10-ltz-2-8-turbo-4x4-at-cd-2024,0.0,0.0,200.0,5.0,Auto,Indefinido,Urbano
chevrolet,S10,s10-midnight-2-8-turbo-4x4-at-cd-2024,0.0,0.0,200.0,5.0,Auto,Indefinido,Urbano
chevrolet,S10,s10-z71-2-8-turbo-4x4-at-cd-2024,0.0,0.0,200.0,5.0,Auto,Indefinido,Urbano
chevrolet,S10,s10-high-country-2-8-turbo-4x4-at-cd-2025,0.0,0.0,207.0,5.0,Auto,Indefinido,Urbano
chevrolet,S10,s10-ltz-2-8-turbo-4x4-at-cd-2025,0.0,0.0,207.0,5.0,Auto,Indefinido,Urbano
chevrolet,S10,s10-wt-2-8-turbo-4x4-at-cd-2025,0.0,0.0,207.0,5.0,Auto,Indefinido,Urbano
chevrolet,S10,s10-wt-2-8-turbo-4x4-cd-2025,0.0,0.0,207.0,5.0,Manual,Indefinido,Urbano
chevrolet,S10,s10-wt-2-8-turbo-4x4-cs-2025,0.0,0.0,207.0,5.0,Manual,Indefinido,Urbano
chevrolet,S10,s10-wt-chassis-cab-2-8-turbo-2025,0.0,0.0,207.0,5.0,Manual,Indefinido,Urbano
chevrolet,S10,s10-z71-2-8-turbo-4x4-2025,0.0,0.0,207.0,5.0,Auto,Indefinido,Urbano
chevrolet,S10,s10-100-anos-2-8-2026,0.0,0.0,207.0,5.0,Auto,Indefinido,Urbano
chevrolet,S10,s10-high-country-2-8-2026,0.0,0.0,207.0,5.0,Auto,Indefinido,Urbano
chevrolet,S10,s10-ltz-2-8-turbo-4x4-at-2026,0.0,0.0,207.0,5.0,Auto,Indefinido,Urbano
chevrolet,S10,s10-wt-2-8-at-cd-2026,0.0,0.0,207.0,5.0,Auto,Indefinido,Urbano
chevrolet,S10,s10-wt-2-8-cd-2026,0.0,0.0,207.0,5.0,Manual,Indefinido,Urbano
chevrolet,S10,s10-wt-2-8-cs-2026,0.0,0.0,207.0,5.0,Manual,Indefinido,Urbano
chevrolet,S10,s10-wt-chassis-cab-2-8-2026,0.0,0.0,207.0,5.0,Manual,Indefinido,Urbano
chevrolet,S10,s10-z71-2-8-2026,0.0,0.0,207.0,5.0,Auto,Indefinido,Urbano
chevrolet,Silverado,silverado-4-0-1997,0.0,0.0,90.0,5.0,Manual,Indefinido,Urbano
chevrolet,Silverado,silverado-4-2-turbo-1997,0.0,0.0,168.0,5.0,Manual,Indefinido,Urbano
chevrolet,Silverado,silverado-dlx-4-1-mpfi-1997,0.0,0.0,138.0,5.0,Manual,Indefinido,Urbano
chevrolet,Silverado,silverado-dlx-4-2-turbo-1997,0.0,0.0,168.0,5.0,Manual,Indefinido,Urbano
chevrolet,Silverado,silverado-4-0-1998,0.0,0.0,90.0,5.0,Manual,Indefinido,Urbano
chevrolet,Silverado,silverado-4-2-turbo-1998,0.0,0.0,168.0,5.0,Manual,Indefinido,Urbano
chevrolet,Silverado,silverado-conquest-4-0-1998,0.0,0.0,90.0,5.0,Manual,Indefinido,Urbano
chevrolet,Silverado,silverado-conquest-4-2-turbo-1998,0.0,0.0,168.0,5.0,Manual,Indefinido,Urbano
chevrolet,Silverado,silverado-dlx-4-1-mpfi-1998,0.0,0.0,138.0,5.0,Manual,Indefinido,Urbano
chevrolet,Silverado,silverado-dlx-4-2-turbo-1998,0.0,0.0,168.0,5.0,Manual,Indefinido,Urbano
chevrolet,Silverado,silverado-4-0-1999,0.0,0.0,90.0,5.0,Manual,Indefinido,Urbano
chevrolet,Silverado,silverado-conquest-4-0-1999,0.0,0.0,90.0,5.0,Manual,Indefinido,Urbano
chevrolet,Silverado,silverado-conquest-4-2-turbo-1999,0.0,0.0,168.0,5.0,Manual,Indefinido,Urbano
chevrolet,Silverado,silverado-dlx-4-1-mpfi-1999,0.0,0.0,138.0,5.0,Manual,Indefinido,Urbano
chevrolet,Silverado,silverado-dlx-4-2-turbo-1999,0.0,0.0,168.0,5.0,Manual,Indefinido,Urbano
chevrolet,Silverado,silverado-4-2-turbo-2000,0.0,0.0,168.0,5.0,Manual,Indefinido,Urbano
chevrolet,Silverado,silverado-conquest-4-0-2000,0.0,0.0,90.0,5.0,Manual,Indefinido,Urbano
chevrolet,Silverado,silverado-conquest-4-2-turbo-2000,0.0,0.0,168.0,5.0,Manual,Indefinido,Urbano
chevrolet,Silverado,silverado-conquest-hd-4-2-turbo-2000,0.0,0.0,168.0,5.0,Manual,Indefinido,Urbano
chevrolet,Silverado,silverado-dlx-4-2-turbo-2000,0.0,0.0,168.0,5.0,Manual,Indefinido,Urbano
chevrolet,Silverado,silverado-d-20-4-2-turbo-2001,0.0,0.0,150.0,5.0,Manual,Indefinido,Urbano
chevrolet,Silverado,silverado-d20-rodeio-4-2-turbo-2001,0.0,0.0,150.0,5.0,Manual,Indefinido,Urbano
chevrolet,Silverado,silverado-gmc-3500-hd-4-2-turbo-2001,0.0,0.0,150.0,5.0,Manual,Indefinido,Urbano
chevrolet,Silverado,silverado-gmc-3500-hd-4-2-turbo-2002,0.0,0.0,150.0,5.0,Manual,Indefinido,Urbano
chevrolet,Silverado,silverado-high-country-5-3-v8-2024,0.0,0.0,360.0,5.0,Auto,Indefinido,Urbano
chevrolet,Silverado,silverado-high-country-5-3-v8-2024-gasolina,0.0,0.0,360.0,5.0,Auto,Indefinido,Urbano
chevrolet,Silverado,silverado-high-country-5-3-v8-2025,0.0,0.0,360.0,5.0,Auto,Indefinido,Urbano
chevrolet,Silverado,silverado-high-country-5-3-v8-2026,0.0,0.0,360.0,5.0,Auto,Indefinido,Urbano
chevrolet,Sonic,sonic-lt-1-6-2012,0.0,0.0,120.0,5.0,Manual,Indefinido,Urbano
chevrolet,Sonic,sonic-ltz-1-6-2012,0.0,0.0,120.0,5.0,Manual,Indefinido,Urbano
chevrolet,Sonic,sonic-ltz-1-6-at-2012,0.0,0.0,120.0,5.0,Auto,Indefinido,Urbano
chevrolet,Sonic,sonic-lt-1-6-2013,0.0,0.0,0.0,5.0,Manual,Indefinido,Urbano
chevrolet,Sonic,sonic-lt-1-6-at-2013,0.0,0.0,0.0,5.0,Auto,Indefinido,Urbano
chevrolet,Sonic,sonic-ltz-1-6-2013,0.0,0.0,0.0,5.0,Manual,Indefinido,Urbano
chevrolet,Sonic,sonic-ltz-1-6-at-2013,0.0,0.0,120.0,5.0,Auto,Indefinido,Urbano
chevrolet,Sonic,sonic-effect-1-6-at-2014,0.0,0.0,120.0,5.0,Auto,Indefinido,Urbano
chevrolet,Sonic,sonic-lt-1-6-2014,0.0,0.0,120.0,5.0,Manual,Indefinido,Urbano
chevrolet,Sonic,sonic-lt-1-6-at-2014,0.0,0.0,120.0,5.0,Auto,Indefinido,Urbano
chevrolet,Sonic,sonic-ltz-1-6-at-2014,0.0,0.0,120.0,5.0,Auto,Indefinido,Urbano
chevrolet,Sonic,sonic-premier-1-0-2026,0.0,0.0,0.0,5.0,Auto,Indefinido,Urbano
chevrolet,Sonic Sedan,sonic-sedan-lt-1-6-2012,0.0,0.0,120.0,5.0,Manual,Indefinido,Urbano
chevrolet,Sonic Sedan,sonic-sedan-ltz-1-6-2012,0.0,0.0,120.0,5.0,Manual,Indefinido,Urbano
chevrolet,Sonic Sedan,sonic-sedan-ltz-1-6-at-2012,0.0,0.0,120.0,5.0,Auto,Indefinido,Urbano
chevrolet,Sonic Sedan,sonic-sedan-lt-1-6-2013,0.0,0.0,0.0,5.0,Manual,Indefinido,Urbano
chevrolet,Sonic Sedan,sonic-sedan-lt-1-6-at-2013,0.0,0.0,0.0,5.0,Auto,Indefinido,Urbano
chevrolet,Sonic Sedan,sonic-sedan-ltz-1-6-2013,0.0,0.0,120.0,5.0,Manual,Indefinido,Urbano
chevrolet,Sonic Sedan,sonic-sedan-ltz-1-6-at-2013,0.0,0.0,0.0,5.0,Auto,Indefinido,Urbano
chevrolet,Sonic Sedan,sonic-sedan-ltz-1-6-2014,0.0,0.0,0.0,5.0,Manual,Indefinido,Urbano
chevrolet,Sonic Sedan,sonic-sedan-ltz-1-6-at-2014,0.0,0.0,120.0,5.0,Auto,Indefinido,Urbano
chevrolet,Space Van,space-van-furgao-2-2-1997,0.0,0.0,80.0,5.0,Manual,Indefinido,Urbano
chevrolet,Space Van,space-van-furgao-2-2-1998,0.0,0.0,80.0,5.0,Manual,Indefinido,Urbano
chevrolet,Spin,spin-ls-1-8-2013,0.0,0.0,0.0,5.0,Manual,Indefinido,Urbano
chevrolet,Spin,spin-lt-1-8-2013,0.0,0.0,108.0,5.0,Manual,Indefinido,Urbano
chevrolet,Spin,spin-lt-1-8-at-2013,0.0,0.0,108.0,5.0,Auto,Indefinido,Urbano
chevrolet,Spin,spin-ltz-1-8-2013,0.0,0.0,108.0,5.0,Manual,Indefinido,Urbano
chevrolet,Spin,spin-ltz-1-8-at-2013,0.0,0.0,108.0,5.0,Auto,Indefinido,Urbano
chevrolet,Spin,spin-advantage-1-8-2014,0.0,0.0,108.0,5.0,Manual,Indefinido,Urbano
chevrolet,Spin,spin-advantage-1-8-at-2014,0.0,0.0,108.0,5.0,Auto,Indefinido,Urbano
chevrolet,Spin,spin-ls-1-8-2014,0.0,0.0,0.0,5.0,Manual,Indefinido,Urbano
chevrolet,Spin,spin-lt-1-8-2014,0.0,0.0,108.0,5.0,Manual,Indefinido,Urbano
chevrolet,Spin,spin-lt-1-8-at-2014,0.0,0.0,108.0,5.0,Auto,Indefinido,Urbano
chevrolet,Spin,spin-ltz-1-8-2014,0.0,0.0,108.0,5.0,Manual,Indefinido,Urbano
chevrolet,Spin,spin-ltz-1-8-at-2014,0.0,0.0,108.0,5.0,Auto,Indefinido,Urbano
chevrolet,Spin,spin-activ-1-8-2015,0.0,0.0,108.0,5.0,Manual,Indefinido,Urbano
chevrolet,Spin,spin-activ-1-8-at-2015,0.0,0.0,108.0,5.0,Auto,Indefinido,Urbano
chevrolet,Spin,spin-advantage-1-8-2015,0.0,0.0,108.0,5.0,Manual,Indefinido,Urbano
chevrolet,Spin,spin-advantage-1-8-at-2015,0.0,0.0,108.0,5.0,Auto,Indefinido,Urbano
chevrolet,Spin,spin-lt-1-8-2015,0.0,0.0,108.0,5.0,Manual,Indefinido,Urbano
chevrolet,Spin,spin-lt-1-8-at-2015,0.0,0.0,108.0,5.0,Auto,Indefinido,Urbano
chevrolet,Spin,spin-ltz-1-8-2015,0.0,0.0,108.0,5.0,Manual,Indefinido,Urbano
chevrolet,Spin,spin-ltz-1-8-at-2015,0.0,0.0,108.0,5.0,Auto,Indefinido,Urbano
chevrolet,Spin,spin-activ-1-8-2016,0.0,0.0,108.0,5.0,Manual,Indefinido,Urbano
chevrolet,Spin,spin-activ-1-8-at-2016,0.0,0.0,108.0,5.0,Auto,Indefinido,Urbano
chevrolet,Spin,spin-ls-1-8-2016,0.0,0.0,0.0,5.0,Manual,Indefinido,Urbano
chevrolet,Spin,spin-lt-1-8-2016,0.0,0.0,108.0,5.0,Manual,Indefinido,Urbano
chevrolet,Spin,spin-lt-1-8-at-2016,0.0,0.0,108.0,5.0,Auto,Indefinido,Urbano
chevrolet,Spin,spin-ltz-1-8-2016,0.0,0.0,108.0,5.0,Manual,Indefinido,Urbano
chevrolet,Spin,spin-ltz-1-8-at-2016,0.0,0.0,108.0,5.0,Auto,Indefinido,Urbano
chevrolet,Spin,spin-activ-1-8-at-2017,0.0,0.0,111.0,5.0,Auto,Indefinido,Urbano
chevrolet,Spin,spin-advantage-1-8-at-2017,0.0,0.0,111.0,5.0,Auto,Indefinido,Urbano
chevrolet,Spin,spin-ls-1-8-2017,0.0,0.0,111.0,5.0,Manual,Indefinido,Urbano
chevrolet,Spin,spin-lt-1-8-2017,0.0,0.0,111.0,5.0,Manual,Indefinido,Urbano
chevrolet,Spin,spin-lt-1-8-at-2017,0.0,0.0,0.0,5.0,Auto,Indefinido,Urbano
chevrolet,Spin,spin-ltz-1-8-2017,0.0,0.0,111.0,5.0,Manual,Indefinido,Urbano
chevrolet,Spin,spin-ltz-1-8-at-2017,0.0,0.0,111.0,5.0,Auto,Indefinido,Urbano
chevrolet,Spin,spin-activ-1-8-at-2018,0.0,0.0,111.0,5.0,Auto,Indefinido,Urbano
chevrolet,Spin,spin-advantage-1-8-at-2018,0.0,0.0,111.0,5.0,Auto,Indefinido,Urbano
chevrolet,Spin,spin-ls-1-8-2018,0.0,0.0,111.0,5.0,Manual,Indefinido,Urbano
chevrolet,Spin,spin-lt-1-8-2018,0.0,0.0,111.0,5.0,Manual,Indefinido,Urbano
chevrolet,Spin,spin-ltz-1-8-2018,0.0,0.0,111.0,5.0,Manual,Indefinido,Urbano
chevrolet,Spin,spin-ltz-1-8-at-2018,0.0,0.0,111.0,5.0,Auto,Indefinido,Urbano
chevrolet,Spin,spin-activ-1-8-at-2019,0.0,0.0,111.0,5.0,Auto,Indefinido,Urbano
chevrolet,Spin,spin-activ7-1-8-at-2019,0.0,0.0,111.0,5.0,Auto,Indefinido,Urbano
chevrolet,Spin,spin-ls-1-8-2019,0.0,0.0,111.0,5.0,Manual,Indefinido,Urbano
chevrolet,Spin,spin-lt-1-8-2019,0.0,0.0,111.0,5.0,Manual,Indefinido,Urbano
chevrolet,Spin,spin-lt-1-8-at-2019,0.0,0.0,111.0,5.0,Auto,Indefinido,Urbano
chevrolet,Spin,spin-ltz-1-8-2019,0.0,0.0,111.0,5.0,Manual,Indefinido,Urbano
chevrolet,Spin,spin-ltz-1-8-at-2019,0.0,0.0,111.0,5.0,Auto,Indefinido,Urbano
chevrolet,Spin,spin-activ-1-8-at-2020,0.0,0.0,0.0,5.0,Auto,Indefinido,Urbano
chevrolet,Spin,spin-activ7-1-8-at-2020,0.0,0.0,0.0,5.0,Auto,Indefinido,Urbano
chevrolet,Spin,spin-ls-1-8-2020,0.0,0.0,0.0,5.0,Manual,Indefinido,Urbano
chevrolet,Spin,spin-lt-1-8-2020,0.0,0.0,0.0,5.0,Manual,Indefinido,Urbano
chevrolet,Spin,spin-lt-1-8-at-2020,0.0,0.0,0.0,5.0,Auto,Indefinido,Urbano
chevrolet,Spin,spin-premier-1-8-2020,0.0,0.0,0.0,5.0,Manual,Indefinido,Urbano
chevrolet,Spin,spin-premier-1-8-at-2020,0.0,0.0,0.0,5.0,Auto,Indefinido,Urbano
chevrolet,Spin,spin-activ-1-8-at-2021,0.0,0.0,0.0,5.0,Auto,Indefinido,Urbano
chevrolet,Spin,spin-activ7-1-8-at-2021,0.0,0.0,111.0,5.0,Auto,Indefinido,Urbano
chevrolet,Spin,spin-ls-1-8-2021,0.0,0.0,0.0,5.0,Manual,Indefinido,Urbano
chevrolet,Spin,spin-lt-1-8-2021,0.0,0.0,0.0,5.0,Manual,Indefinido,Urbano
chevrolet,Spin,spin-lt-1-8-at-2021,0.0,0.0,111.0,5.0,Auto,Indefinido,Urbano
chevrolet,Spin,spin-premier-1-8-2021,0.0,0.0,0.0,5.0,Manual,Indefinido,Urbano
chevrolet,Spin,spin-premier-1-8-at-2021,0.0,0.0,0.0,5.0,Auto,Indefinido,Urbano
chevrolet,Spin,spin-activ-1-8-at-2022,0.0,0.0,111.0,5.0,Auto,Indefinido,Urbano
chevrolet,Spin,spin-activ7-1-8-at-2022,0.0,0.0,0.0,5.0,Auto,Indefinido,Urbano
chevrolet,Spin,spin-ls-1-8-2022,0.0,0.0,111.0,5.0,Manual,Indefinido,Urbano
chevrolet,Spin,spin-ls-1-8-at-2022,0.0,0.0,0.0,5.0,Auto,Indefinido,Urbano
chevrolet,Spin,spin-lt-1-8-2022,0.0,0.0,0.0,5.0,Manual,Indefinido,Urbano
chevrolet,Spin,spin-lt-1-8-at-2022,0.0,0.0,0.0,5.0,Auto,Indefinido,Urbano
chevrolet,Spin,spin-premier-1-8-2022,0.0,0.0,0.0,5.0,Manual,Indefinido,Urbano
chevrolet,Spin,spin-premier-1-8-at-2022,0.0,0.0,111.0,5.0,Auto,Indefinido,Urbano
chevrolet,Spin,spin-activ-1-8-at-2023,0.0,0.0,0.0,5.0,Auto,Indefinido,Urbano
chevrolet,Spin,spin-activ7-1-8-at-2023,0.0,0.0,0.0,5.0,Auto,Indefinido,Urbano
chevrolet,Spin,spin-ls-1-8-2023,0.0,0.0,0.0,5.0,Manual,Indefinido,Urbano
chevrolet,Spin,spin-ls-1-8-at-2023,0.0,0.0,0.0,5.0,Auto,Indefinido,Urbano
chevrolet,Spin,spin-lt-1-8-2023,0.0,0.0,0.0,5.0,Manual,Indefinido,Urbano
chevrolet,Spin,spin-lt-1-8-at-2023,0.0,0.0,0.0,5.0,Auto,Indefinido,Urbano
chevrolet,Spin,spin-ltz-1-8-at-2023,0.0,0.0,0.0,5.0,Auto,Indefinido,Urbano
chevrolet,Spin,spin-premier-1-8-at-2023,0.0,0.0,0.0,5.0,Auto,Indefinido,Urbano
chevrolet,Spin,spin-activ7-1-8-at-2024,0.0,0.0,0.0,5.0,Auto,Indefinido,Urbano
chevrolet,Spin,spin-ls-1-8-2024,0.0,0.0,0.0,5.0,Manual,Indefinido,Urbano
chevrolet,Spin,spin-ls-1-8-at-2024,0.0,0.0,0.0,5.0,Auto,Indefinido,Urbano
chevrolet,Spin,spin-lt-1-8-2024,0.0,0.0,0.0,5.0,Manual,Indefinido,Urbano
chevrolet,Spin,spin-lt-1-8-at-2024,0.0,0.0,0.0,5.0,Auto,Indefinido,Urbano
chevrolet,Spin,spin-ltz-1-8-at-2024,0.0,0.0,0.0,5.0,Auto,Indefinido,Urbano
chevrolet,Spin,spin-premier-1-8-at-2024,0.0,0.0,0.0,5.0,Auto,Indefinido,Urbano
chevrolet,Spin,spin-lt-1-8-2025,0.0,0.0,0.0,5.0,Manual,Indefinido,Urbano
chevrolet,Spin,spin-lt-1-8-at-2025,0.0,0.0,0.0,5.0,Auto,Indefinido,Urbano
chevrolet,Spin,spin-ltz-1-8-at-2025,0.0,0.0,0.0,5.0,Auto,Indefinido,Urbano
chevrolet,Spin,spin-premier-1-8-at-2025,0.0,0.0,0.0,5.0,Auto,Indefinido,Urbano
chevrolet,Spin,spin-1-8-at-2026,0.0,0.0,0.0,5.0,Auto,Indefinido,Urbano
chevrolet,Spin,spin-lt-1-8-2026,0.0,0.0,0.0,5.0,Manual,Indefinido,Urbano
chevrolet,Spin,spin-lt-1-8-at-2026,0.0,0.0,0.0,5.0,Auto,Indefinido,Urbano
chevrolet,Spin,spin-ltz-1-8-at-2026,0.0,0.0,0.0,5.0,Auto,Indefinido,Urbano
chevrolet,Spin,spin-premier-1-8-at-2026,0.0,0.0,0.0,5.0,Auto,Indefinido,Urbano
chevrolet,Suburban,suburban-ltz-5-3-v8-2016,0.0,0.0,385.0,5.0,Auto,Indefinido,Urbano
chevrolet,Suburban,suburban-high-country-6-2-v8-2025,0.0,0.0,426.0,5.0,Auto,Indefinido,Urbano
chevrolet,Suprema,suprema-cd-3-0-1993,0.0,0.0,165.0,5.0,Manual,Indefinido,Urbano
chevrolet,Suprema,suprema-cd-3-0-at-1993,0.0,0.0,165.0,5.0,Auto,Indefinido,Urbano
chevrolet,Suprema,suprema-gls-2-0-1993,0.0,0.0,116.0,5.0,Manual,Indefinido,Urbano
chevrolet,Suprema,suprema-cd-3-0-1994,0.0,0.0,165.0,5.0,Manual,Indefinido,Urbano
chevrolet,Suprema,suprema-cd-3-0-at-1994,0.0,0.0,165.0,5.0,Auto,Indefinido,Urbano
chevrolet,Suprema,suprema-diamond-3-0-1994,0.0,0.0,165.0,5.0,Manual,Indefinido,Urbano
chevrolet,Suprema,suprema-gl-2-0-1994,0.0,0.0,130.0,5.0,Manual,Indefinido,Urbano
chevrolet,Suprema,suprema-gls-2-0-1994,0.0,0.0,0.0,5.0,Manual,Indefinido,Urbano
chevrolet,Suprema,suprema-cd-4-1-1995,0.0,0.0,168.0,5.0,Manual,Indefinido,Urbano
chevrolet,Suprema,suprema-cd-4-1-at-1995,0.0,0.0,168.0,5.0,Auto,Indefinido,Urbano
chevrolet,Suprema,suprema-gl-2-0-1995,0.0,0.0,130.0,5.0,Manual,Indefinido,Urbano
chevrolet,Suprema,suprema-gls-2-2-1995,0.0,0.0,116.0,5.0,Manual,Indefinido,Urbano
chevrolet,Suprema,suprema-gls-4-1-1995,0.0,0.0,168.0,5.0,Manual,Indefinido,Urbano
chevrolet,Suprema,suprema-cd-4-1-1996,0.0,0.0,168.0,5.0,Manual,Indefinido,Urbano
chevrolet,Suprema,suprema-cd-4-1-at-1996,0.0,0.0,168.0,5.0,Auto,Indefinido,Urbano
chevrolet,Suprema,suprema-gls-2-2-1996,0.0,0.0,116.0,5.0,Manual,Indefinido,Urbano
chevrolet,Tigra,tigra-1-6-16v-1998,0.0,0.0,100.0,5.0,Manual,Indefinido,Urbano
chevrolet,Tigra,tigra-1-6-16v-1999,0.0,0.0,100.0,5.0,Manual,Indefinido,Urbano
chevrolet,Tracker,tracker-2-0-turbodiesel-4x4-2001,0.0,0.0,87.0,5.0,Manual,Indefinido,Urbano
chevrolet,Tracker,tracker-2-0-turbodiesel-4x4-2002,0.0,0.0,108.0,5.0,Manual,Indefinido,Urbano
chevrolet,Tracker,tracker-2-0-turbodiesel-4x4-2003,0.0,0.0,108.0,5.0,Manual,Indefinido,Urbano
chevrolet,Tracker,tracker-2-0-turbodiesel-4x4-2004,0.0,0.0,108.0,5.0,Manual,Indefinido,Urbano
chevrolet,Tracker,tracker-2-0-4x4-2007,0.0,0.0,128.0,5.0,Manual,Indefinido,Urbano
chevrolet,Tracker,tracker-2-0-4x4-2008,0.0,0.0,128.0,5.0,Manual,Indefinido,Urbano
chevrolet,Tracker,tracker-2-0-4x4-2009,0.0,0.0,128.0,5.0,Manual,Indefinido,Urbano
chevrolet,Tracker,tracker-freeride-1-8-2014,0.0,0.0,144.0,5.0,Manual,Indefinido,Urbano
chevrolet,Tracker,tracker-ltz-1-8-2014,0.0,0.0,144.0,5.0,Auto,Indefinido,Urbano
chevrolet,Tracker,tracker-ltz-1-8-2015,0.0,0.0,144.0,5.0,Auto,Indefinido,Urbano
chevrolet,Tracker,tracker-lt-1-8-2016,0.0,0.0,144.0,5.0,Auto,Indefinido,Urbano
chevrolet,Tracker,tracker-ltz-1-8-2016,0.0,0.0,144.0,5.0,Auto,Indefinido,Urbano
chevrolet,Tracker,tracker-lt-1-4-turbo-2017,0.0,0.0,153.0,5.0,Auto,Indefinido,Urbano
chevrolet,Tracker,tracker-ltz-1-4-turbo-2017,0.0,0.0,153.0,5.0,Auto,Indefinido,Urbano
chevrolet,Tracker,tracker-lt-1-4-turbo-2018,0.0,0.0,153.0,5.0,Auto,Indefinido,Urbano
chevrolet,Tracker,tracker-ltz-1-4-2018,0.0,0.0,0.0,5.0,Auto,Indefinido,Urbano
chevrolet,Tracker,tracker-premier-1-4-turbo-2018,0.0,0.0,153.0,5.0,Auto,Indefinido,Urbano
chevrolet,Tracker,tracker-lt-1-4-turbo-2019,0.0,0.0,153.0,5.0,Auto,Indefinido,Urbano
chevrolet,Tracker,tracker-midnight-1-4-turbo-2019,0.0,0.0,0.0,5.0,Auto,Indefinido,Urbano
chevrolet,Tracker,tracker-premier-1-4-turbo-2019,0.0,0.0,153.0,5.0,Auto,Indefinido,Urbano
chevrolet,Tracker,tracker-1-0-turbo-2021-flex,0.0,0.0,0.0,5.0,Manual,Indefinido,Urbano
chevrolet,Tracker,tracker-1-0-turbo-2021,0.0,0.0,0.0,5.0,Manual,Indefinido,Urbano
chevrolet,Tracker,tracker-1-0-turbo-at-pcd-2021,0.0,0.0,0.0,5.0,Auto,Indefinido,Urbano
chevrolet,Tracker,tracker-1-2-turbo-at-2021-flex,0.0,0.0,0.0,5.0,Auto,Indefinido,Urbano
chevrolet,Tracker,tracker-1-2-turbo-at-2021,0.0,0.0,0.0,5.0,Auto,Indefinido,Urbano
chevrolet,Tracker,tracker-lt-1-0-turbo-at-2021,0.0,0.0,0.0,5.0,Auto,Indefinido,Urbano
chevrolet,Tracker,tracker-lt-1-0-turbo-at-2021-flex,0.0,0.0,0.0,5.0,Auto,Indefinido,Urbano
chevrolet,Tracker,tracker-ltz-1-0-turbo-at-2021,0.0,0.0,116.0,5.0,Auto,Indefinido,Urbano
chevrolet,Tracker,tracker-ltz-1-2-turbo-at-2021-flex,0.0,0.0,0.0,5.0,Auto,Indefinido,Urbano
chevrolet,Tracker,tracker-ltz-1-2-turbo-at-2021,0.0,0.0,0.0,5.0,Auto,Indefinido,Urbano
chevrolet,Tracker,tracker-premier-1-0-turbo-at-2021,0.0,0.0,0.0,5.0,Auto,Indefinido,Urbano
chevrolet,Tracker,tracker-premier-1-2-turbo-at-2021-flex,0.0,0.0,0.0,5.0,Auto,Indefinido,Urbano
chevrolet,Tracker,tracker-premier-1-2-turbo-at-2021,0.0,0.0,0.0,5.0,Auto,Indefinido,Urbano
chevrolet,Tracker,tracker-1-0-turbo-2022,0.0,0.0,116.0,5.0,Manual,Indefinido,Urbano
chevrolet,Tracker,tracker-1-0-turbo-at-2022,0.0,0.0,0.0,5.0,Auto,Indefinido,Urbano
chevrolet,Tracker,tracker-lt-1-0-turbo-at-2022,0.0,0.0,116.0,5.0,Auto,Indefinido,Urbano
chevrolet,Tracker,tracker-ltz-1-0-turbo-at-2022,0.0,0.0,0.0,5.0,Auto,Indefinido,Urbano
chevrolet,Tracker,tracker-premier-1-0-turbo-at-2022,0.0,0.0,0.0,5.0,Auto,Indefinido,Urbano
chevrolet,Tracker,tracker-premier-1-2-turbo-at-2022,0.0,0.0,0.0,5.0,Auto,Indefinido,Urbano
chevrolet,Tracker,tracker-1-0-turbo-at-2023,0.0,0.0,0.0,5.0,Auto,Indefinido,Urbano
chevrolet,Tracker,tracker-lt-1-0-turbo-at-2023,0.0,0.0,0.0,5.0,Auto,Indefinido,Urbano
chevrolet,Tracker,tracker-ltz-1-0-turbo-at-2023,0.0,0.0,0.0,5.0,Auto,Indefinido,Urbano
chevrolet,Tracker,tracker-premier-1-0-turbo-at-2023,0.0,0.0,0.0,5.0,Auto,Indefinido,Urbano
chevrolet,Tracker,tracker-premier-1-2-turbo-at-2023,0.0,0.0,0.0,5.0,Auto,Indefinido,Urbano
chevrolet,Tracker,tracker-1-0-at-2024,0.0,0.0,0.0,5.0,Auto,Indefinido,Urbano
chevrolet,Tracker,tracker-lt-1-0-2024,0.0,0.0,0.0,5.0,Auto,Indefinido,Urbano
chevrolet,Tracker,tracker-ltz-1-0-2024,0.0,0.0,0.0,5.0,Auto,Indefinido,Urbano
chevrolet,Tracker,tracker-midnight-1-0-2024,0.0,0.0,0.0,5.0,Auto,Indefinido,Urbano
chevrolet,Tracker,tracker-premier-1-2-2024,0.0,0.0,0.0,5.0,Auto,Indefinido,Urbano
chevrolet,Tracker,tracker-rs-1-2-2024,0.0,0.0,0.0,5.0,Auto,Indefinido,Urbano
chevrolet,Tracker,tracker-1-0-at-2025,0.0,0.0,0.0,5.0,Auto,Indefinido,Urbano
chevrolet,Tracker,tracker-1-0-at-2025-flex,0.0,0.0,0.0,5.0,Auto,Indefinido,Urbano
chevrolet,Tracker,tracker-lt-1-0-2025-flex,0.0,0.0,0.0,5.0,Auto,Indefinido,Urbano
chevrolet,Tracker,tracker-lt-1-0-2025,0.0,0.0,0.0,5.0,Auto,Indefinido,Urbano
chevrolet,Tracker,tracker-ltz-1-0-2025,0.0,0.0,0.0,5.0,Auto,Indefinido,Urbano
chevrolet,Tracker,tracker-ltz-1-0-2025-flex,0.0,0.0,0.0,5.0,Auto,Indefinido,Urbano
chevrolet,Tracker,tracker-premier-1-2-2025-flex,0.0,0.0,0.0,5.0,Auto,Indefinido,Urbano
chevrolet,Tracker,tracker-premier-1-2-2025,0.0,0.0,0.0,5.0,Auto,Indefinido,Urbano
chevrolet,Tracker,tracker-rs-1-2-2025,0.0,0.0,0.0,5.0,Auto,Indefinido,Urbano
chevrolet,Tracker,tracker-rs-1-2-2025-flex,0.0,0.0,0.0,5.0,Auto,Indefinido,Urbano
chevrolet,Tracker,tracker-1-0-at-2026,0.0,0.0,0.0,5.0,Auto,Indefinido,Urbano
chevrolet,Tracker,tracker-100-anos-1-2-2026,0.0,0.0,0.0,5.0,Auto,Indefinido,Urbano
chevrolet,Tracker,tracker-lt-1-0-2026,0.0,0.0,0.0,5.0,Auto,Indefinido,Urbano
chevrolet,Tracker,tracker-ltz-1-0-2026,0.0,0.0,0.0,5.0,Auto,Indefinido,Urbano
chevrolet,Tracker,tracker-premier-1-2-2026,0.0,0.0,0.0,5.0,Auto,Indefinido,Urbano
chevrolet,Tracker,tracker-pro-1-0-at-2026,0.0,0.0,0.0,5.0,Auto,Indefinido,Urbano
chevrolet,Tracker,tracker-rs-1-2-2026,0.0,0.0,0.0,5.0,Auto,Indefinido,Urbano
chevrolet,Trafic,trafic-2-1-1992,0.0,0.0,60.0,5.0,Manual,Indefinido,Urbano
chevrolet,Trafic,trafic-2-2-1992,0.0,0.0,80.0,5.0,Manual,Indefinido,Urbano
chevrolet,Trafic,trafic-2-2-1993,0.0,0.0,0.0,5.0,Manual,Indefinido,Urbano
chevrolet,Trafic,trafic-2-1-1994,0.0,0.0,60.0,5.0,Manual,Indefinido,Urbano
chevrolet,Trafic,trafic-2-2-1994,0.0,0.0,80.0,5.0,Manual,Indefinido,Urbano
chevrolet,Trafic,trafic-2-1-1995,0.0,0.0,60.0,5.0,Manual,Indefinido,Urbano
chevrolet,Trafic,trafic-2-2-1995,0.0,0.0,0.0,5.0,Manual,Indefinido,Urbano
chevrolet,Trafic,trafic-2-1-1996,0.0,0.0,60.0,5.0,Manual,Indefinido,Urbano
chevrolet,Trafic,trafic-2-2-1996,0.0,0.0,80.0,5.0,Manual,Indefinido,Urbano
chevrolet,Trafic,trafic-2-2-1997,0.0,0.0,0.0,5.0,Manual,Indefinido,Urbano
chevrolet,Trafic,trafic-2-2-1998,0.0,0.0,80.0,5.0,Manual,Indefinido,Urbano
chevrolet,Trailblazer,trailblazer-ltz-2-8-ctdi-turbo-2013,0.0,0.0,180.0,5.0,Auto,Indefinido,Urbano
chevrolet,Trailblazer,trailblazer-ltz-3-6-v6-2013,0.0,0.0,239.0,5.0,Auto,Indefinido,Urbano
chevrolet,Trailblazer,trailblazer-ltz-2-8-ctdi-turbo-2014,0.0,0.0,200.0,5.0,Auto,Indefinido,Urbano
chevrolet,Trailblazer,trailblazer-ltz-3-6-v6-2014,0.0,0.0,239.0,5.0,Auto,Indefinido,Urbano
chevrolet,Trailblazer,trailblazer-ltz-2-8-ctdi-turbo-2015,0.0,0.0,200.0,5.0,Auto,Indefinido,Urbano
chevrolet,Trailblazer,trailblazer-ltz-3-6-v6-2015,0.0,0.0,277.0,5.0,Auto,Indefinido,Urbano
chevrolet,Trailblazer,trailblazer-ltz-2-8-ctdi-turbo-2016,0.0,0.0,200.0,5.0,Auto,Indefinido,Urbano
chevrolet,Trailblazer,trailblazer-ltz-3-6-v6-2016,0.0,0.0,277.0,5.0,Auto,Indefinido,Urbano
chevrolet,Trailblazer,trailblazer-ltz-2-8-ctdi-turbo-2017,0.0,0.0,200.0,5.0,Auto,Indefinido,Urbano
chevrolet,Trailblazer,trailblazer-ltz-3-6-v6-2017,0.0,0.0,277.0,5.0,Auto,Indefinido,Urbano
chevrolet,Trailblazer,trailblazer-ltz-2-8-ctdi-turbo-2018,0.0,0.0,200.0,5.0,Auto,Indefinido,Urbano
chevrolet,Trailblazer,trailblazer-ltz-3-6-v6-2018,0.0,0.0,277.0,5.0,Auto,Indefinido,Urbano
chevrolet,Trailblazer,trailblazer-ltz-2-8-ctdi-turbo-2019,0.0,0.0,200.0,5.0,Auto,Indefinido,Urbano
chevrolet,Trailblazer,trailblazer-ltz-3-6-v6-2019,0.0,0.0,277.0,5.0,Auto,Indefinido,Urbano
chevrolet,Trailblazer,trailblazer-premier-2-8-ctdi-turbo-2020,0.0,0.0,200.0,5.0,Auto,Indefinido,Urbano
chevrolet,Trailblazer,trailblazer-premier-3-6-v6-2020,0.0,0.0,277.0,5.0,Auto,Indefinido,Urbano
chevrolet,Trailblazer,trailblazer-premier-2-8-ctdi-turbo-2021,0.0,0.0,200.0,5.0,Auto,Indefinido,Urbano
chevrolet,Trailblazer,trailblazer-premier-2-8-ctdi-turbo-2022,0.0,0.0,200.0,5.0,Auto,Indefinido,Urbano
chevrolet,Trailblazer,trailblazer-premier-2-8-ctdi-turbo-2023,0.0,0.0,200.0,5.0,Auto,Indefinido,Urbano
chevrolet,Trailblazer,trailblazer-premier-2-8-ctdi-2024,0.0,0.0,200.0,5.0,Auto,Indefinido,Urbano
chevrolet,Trailblazer,trailblazer-high-country-2-8-2025,0.0,0.0,207.0,5.0,Auto,Indefinido,Urbano
chevrolet,Trailblazer,trailblazer-high-country-2-8-2026,0.0,0.0,207.0,5.0,Auto,Indefinido,Urbano
chevrolet,Vectra,vectra-cd-2-0-8v-1994,0.0,0.0,116.0,5.0,Manual,Indefinido,Urbano
chevrolet,Vectra,vectra-cd-2-0-8v-at-1994,0.0,0.0,116.0,5.0,Auto,Indefinido,Urbano
chevrolet,Vectra,vectra-gls-2-0-8v-1994,0.0,0.0,116.0,5.0,Manual,Indefinido,Urbano
chevrolet,Vectra,vectra-gsi-2-0-16v-1994,0.0,0.0,150.0,5.0,Manual,Indefinido,Urbano
chevrolet,Vectra,vectra-cd-2-0-8v-1995,0.0,0.0,116.0,5.0,Manual,Indefinido,Urbano
chevrolet,Vectra,vectra-cd-2-0-8v-at-1995,0.0,0.0,116.0,5.0,Auto,Indefinido,Urbano
chevrolet,Vectra,vectra-gls-2-0-8v-1995,0.0,0.0,116.0,5.0,Manual,Indefinido,Urbano
chevrolet,Vectra,vectra-gsi-2-0-16v-1995,0.0,0.0,150.0,5.0,Manual,Indefinido,Urbano
chevrolet,Vectra,vectra-cd-2-0-8v-1996,0.0,0.0,116.0,5.0,Manual,Indefinido,Urbano
chevrolet,Vectra,vectra-cd-2-0-8v-at-1996,0.0,0.0,116.0,5.0,Auto,Indefinido,Urbano
chevrolet,Vectra,vectra-gls-2-0-8v-1996,0.0,0.0,116.0,5.0,Manual,Indefinido,Urbano
chevrolet,Vectra,vectra-gsi-2-0-16v-1996,0.0,0.0,150.0,5.0,Manual,Indefinido,Urbano
chevrolet,Vectra,vectra-cd-2-0-16v-1997,0.0,0.0,141.0,5.0,Manual,Indefinido,Urbano
chevrolet,Vectra,vectra-cd-2-0-16v-at-1997,0.0,0.0,141.0,5.0,Auto,Indefinido,Urbano
chevrolet,Vectra,vectra-gl-2-0-1997,0.0,0.0,110.0,5.0,Manual,Indefinido,Urbano
chevrolet,Vectra,vectra-gls-2-0-8v-1997,0.0,0.0,110.0,5.0,Manual,Indefinido,Urbano
chevrolet,Vectra,vectra-cd-2-0-16v-1998,0.0,0.0,141.0,5.0,Manual,Indefinido,Urbano
chevrolet,Vectra,vectra-cd-2-2-16v-1998,0.0,0.0,138.0,5.0,Manual,Indefinido,Urbano
chevrolet,Vectra,vectra-cd-2-2-16v-at-1998,0.0,0.0,138.0,5.0,Auto,Indefinido,Urbano
chevrolet,Vectra,vectra-gl-2-0-1998,0.0,0.0,110.0,5.0,Manual,Indefinido,Urbano
chevrolet,Vectra,vectra-gl-2-2-1998,0.0,0.0,123.0,5.0,Manual,Indefinido,Urbano
chevrolet,Vectra,vectra-gls-2-0-8v-1998,0.0,0.0,110.0,5.0,Manual,Indefinido,Urbano
chevrolet,Vectra,vectra-gls-2-2-8v-1998,0.0,0.0,123.0,5.0,Manual,Indefinido,Urbano
chevrolet,Vectra,vectra-cd-2-2-16v-1999,0.0,0.0,138.0,5.0,Manual,Indefinido,Urbano
chevrolet,Vectra,vectra-cd-2-2-16v-at-1999,0.0,0.0,138.0,5.0,Auto,Indefinido,Urbano
chevrolet,Vectra,vectra-gl-2-0-1999,0.0,0.0,110.0,5.0,Manual,Indefinido,Urbano
chevrolet,Vectra,vectra-gl-2-2-1999,0.0,0.0,123.0,5.0,Manual,Indefinido,Urbano
chevrolet,Vectra,vectra-gls-2-2-8v-1999,0.0,0.0,123.0,5.0,Manual,Indefinido,Urbano
chevrolet,Vectra,vectra-cd-2-2-16v-2000,0.0,0.0,138.0,5.0,Manual,Indefinido,Urbano
chevrolet,Vectra,vectra-cd-2-2-16v-at-2000,0.0,0.0,138.0,5.0,Auto,Indefinido,Urbano
chevrolet,Vectra,vectra-gl-2-2-2000,0.0,0.0,123.0,5.0,Manual,Indefinido,Urbano
chevrolet,Vectra,vectra-gl-milenium-2-2-2000,0.0,0.0,123.0,5.0,Manual,Indefinido,Urbano
chevrolet,Vectra,vectra-gls-2-2-16v-2000,0.0,0.0,138.0,5.0,Manual,Indefinido,Urbano
chevrolet,Vectra,vectra-gls-2-2-16v-at-2000,0.0,0.0,138.0,5.0,Auto,Indefinido,Urbano
chevrolet,Vectra,vectra-gls-2-2-8v-2000,0.0,0.0,123.0,5.0,Manual,Indefinido,Urbano
chevrolet,Vectra,vectra-cd-2-2-16v-2001,0.0,0.0,0.0,5.0,Manual,Indefinido,Urbano
chevrolet,Vectra,vectra-cd-2-2-16v-at-2001,0.0,0.0,138.0,5.0,Auto,Indefinido,Urbano
chevrolet,Vectra,vectra-challenge-2-2-16v-2001,0.0,0.0,138.0,5.0,Manual,Indefinido,Urbano
chevrolet,Vectra,vectra-gl-2-2-2001,0.0,0.0,123.0,5.0,Manual,Indefinido,Urbano
chevrolet,Vectra,vectra-gl-milenium-2-2-2001,0.0,0.0,123.0,5.0,Manual,Indefinido,Urbano
chevrolet,Vectra,vectra-gls-2-2-16v-at-2001,0.0,0.0,138.0,5.0,Auto,Indefinido,Urbano
chevrolet,Vectra,vectra-gls-2-2-8v-2001,0.0,0.0,123.0,5.0,Manual,Indefinido,Urbano
chevrolet,Vectra,vectra-cd-2-2-16v-2002,0.0,0.0,138.0,5.0,Manual,Indefinido,Urbano
chevrolet,Vectra,vectra-cd-2-2-16v-at-2002,0.0,0.0,138.0,5.0,Auto,Indefinido,Urbano
chevrolet,Vectra,vectra-challenge-2-2-16v-2002,0.0,0.0,138.0,5.0,Manual,Indefinido,Urbano
chevrolet,Vectra,vectra-expression-2-2-8v-2002,0.0,0.0,123.0,5.0,Manual,Indefinido,Urbano
chevrolet,Vectra,vectra-gl-2-2-2002,0.0,0.0,123.0,5.0,Manual,Indefinido,Urbano
chevrolet,Vectra,vectra-gls-2-2-8v-2002,0.0,0.0,123.0,5.0,Manual,Indefinido,Urbano
chevrolet,Vectra,vectra-2-0-8v-2003,0.0,0.0,110.0,5.0,Manual,Indefinido,Urbano
chevrolet,Vectra,vectra-cd-2-0-8v-2003,0.0,0.0,110.0,5.0,Manual,Indefinido,Urbano
chevrolet,Vectra,vectra-cd-2-2-16v-2003,0.0,0.0,138.0,5.0,Manual,Indefinido,Urbano
chevrolet,Vectra,vectra-cd-2-2-16v-at-2003,0.0,0.0,138.0,5.0,Auto,Indefinido,Urbano
chevrolet,Vectra,vectra-2-0-8v-2004,0.0,0.0,110.0,5.0,Manual,Indefinido,Urbano
chevrolet,Vectra,vectra-cd-2-0-8v-2004,0.0,0.0,110.0,5.0,Manual,Indefinido,Urbano
chevrolet,Vectra,vectra-cd-2-2-16v-2004,0.0,0.0,138.0,5.0,Manual,Indefinido,Urbano
chevrolet,Vectra,vectra-cd-2-2-16v-at-2004,0.0,0.0,138.0,5.0,Auto,Indefinido,Urbano
chevrolet,Vectra,vectra-expression-2-0-8v-2004,0.0,0.0,110.0,5.0,Manual,Indefinido,Urbano
chevrolet,Vectra,vectra-collection-2-0-8v-2005,0.0,0.0,110.0,5.0,Manual,Indefinido,Urbano
chevrolet,Vectra,vectra-comfort-2-0-2005,0.0,0.0,110.0,5.0,Manual,Indefinido,Urbano
chevrolet,Vectra,vectra-elegance-2-0-8v-2005,0.0,0.0,110.0,5.0,Manual,Indefinido,Urbano
chevrolet,Vectra,vectra-elegance-2-2-16v-at-2005,0.0,0.0,138.0,5.0,Auto,Indefinido,Urbano
chevrolet,Vectra,vectra-elite-2-2-16v-at-2005,0.0,0.0,138.0,5.0,Auto,Indefinido,Urbano
chevrolet,Vectra,vectra-expression-2-0-8v-2005,0.0,0.0,110.0,5.0,Manual,Indefinido,Urbano
chevrolet,Vectra,vectra-elegance-2-0-8v-2006,0.0,0.0,127.6,5.0,Manual,Indefinido,Urbano
chevrolet,Vectra,vectra-elegance-2-0-8v-at-2006,0.0,0.0,127.6,5.0,Auto,Indefinido,Urbano
chevrolet,Vectra,vectra-elite-2-4-16v-at-2006,0.0,0.0,150.0,5.0,Auto,Indefinido,Urbano
chevrolet,Vectra,vectra-elegance-2-0-8v-2007,0.0,0.0,127.6,5.0,Manual,Indefinido,Urbano
chevrolet,Vectra,vectra-elegance-2-0-8v-at-2007,0.0,0.0,127.6,5.0,Auto,Indefinido,Urbano
chevrolet,Vectra,vectra-elite-2-4-16v-at-2007,0.0,0.0,0.0,5.0,Auto,Indefinido,Urbano
chevrolet,Vectra,vectra-expression-2-0-8v-2007,0.0,0.0,127.6,5.0,Manual,Indefinido,Urbano
chevrolet,Vectra,vectra-expression-2-0-8v-at-2007,0.0,0.0,127.6,5.0,Auto,Indefinido,Urbano
chevrolet,Vectra,vectra-elegance-2-0-8v-2008,0.0,0.0,127.6,5.0,Manual,Indefinido,Urbano
chevrolet,Vectra,vectra-elegance-2-0-8v-at-2008,0.0,0.0,127.6,5.0,Auto,Indefinido,Urbano
chevrolet,Vectra,vectra-elite-2-0-8v-at-2008,0.0,0.0,127.6,5.0,Auto,Indefinido,Urbano
chevrolet,Vectra,vectra-elite-2-4-16v-at-2008,0.0,0.0,150.0,5.0,Auto,Indefinido,Urbano
chevrolet,Vectra,vectra-expression-2-0-8v-2008,0.0,0.0,0.0,5.0,Manual,Indefinido,Urbano
chevrolet,Vectra,vectra-expression-2-0-8v-at-2008,0.0,0.0,127.6,5.0,Auto,Indefinido,Urbano
chevrolet,Vectra,vectra-elegance-2-0-8v-2009,0.0,0.0,0.0,5.0,Manual,Indefinido,Urbano
chevrolet,Vectra,vectra-elegance-2-0-8v-at-2009,0.0,0.0,127.6,5.0,Auto,Indefinido,Urbano
chevrolet,Vectra,vectra-elite-2-0-8v-at-2009,0.0,0.0,0.0,5.0,Auto,Indefinido,Urbano
chevrolet,Vectra,vectra-elite-2-4-16v-at-2009,0.0,0.0,0.0,5.0,Auto,Indefinido,Urbano
chevrolet,Vectra,vectra-expression-2-0-8v-2009,0.0,0.0,127.6,5.0,Manual,Indefinido,Urbano
chevrolet,Vectra,vectra-expression-2-0-8v-at-2009,0.0,0.0,127.6,5.0,Auto,Indefinido,Urbano
chevrolet,Vectra,vectra-elegance-2-0-8v-2010,0.0,0.0,140.0,5.0,Manual,Indefinido,Urbano
chevrolet,Vectra,vectra-elegance-2-0-8v-at-2010,0.0,0.0,140.0,5.0,Auto,Indefinido,Urbano
chevrolet,Vectra,vectra-elite-2-0-8v-at-2010,0.0,0.0,140.0,5.0,Auto,Indefinido,Urbano
chevrolet,Vectra,vectra-expression-2-0-8v-2010,0.0,0.0,140.0,5.0,Manual,Indefinido,Urbano
chevrolet,Vectra,vectra-expression-2-0-8v-at-2010,0.0,0.0,140.0,5.0,Auto,Indefinido,Urbano
chevrolet,Vectra,vectra-collection-2-0-8v-at-2011,0.0,0.0,140.0,5.0,Auto,Indefinido,Urbano
chevrolet,Vectra,vectra-elegance-2-0-8v-2011,0.0,0.0,140.0,5.0,Manual,Indefinido,Urbano
chevrolet,Vectra,vectra-elegance-2-0-8v-at-2011,0.0,0.0,140.0,5.0,Auto,Indefinido,Urbano
chevrolet,Vectra,vectra-elite-2-0-8v-at-2011,0.0,0.0,140.0,5.0,Auto,Indefinido,Urbano
chevrolet,Vectra,vectra-expression-2-0-8v-2011,0.0,0.0,140.0,5.0,Manual,Indefinido,Urbano
chevrolet,Vectra,vectra-expression-2-0-8v-at-2011,0.0,0.0,140.0,5.0,Auto,Indefinido,Urbano
chevrolet,Vectra Hatch,vectra-hatch-gt-2-0-2008,0.0,0.0,128.0,5.0,Manual,Indefinido,Urbano
chevrolet,Vectra Hatch,vectra-hatch-gt-2-0-at-2008,0.0,0.0,128.0,5.0,Auto,Indefinido,Urbano
chevrolet,Vectra Hatch,vectra-hatch-gt-x-2-0-2008,0.0,0.0,128.0,5.0,Manual,Indefinido,Urbano
chevrolet,Vectra Hatch,vectra-hatch-gt-x-2-0-at-2008,0.0,0.0,128.0,5.0,Auto,Indefinido,Urbano
chevrolet,Vectra Hatch,vectra-hatch-gt-2-0-2009,0.0,0.0,0.0,5.0,Manual,Indefinido,Urbano
chevrolet,Vectra Hatch,vectra-hatch-gt-2-0-at-2009,0.0,0.0,0.0,5.0,Auto,Indefinido,Urbano
chevrolet,Vectra Hatch,vectra-hatch-gt-x-2-0-2009,0.0,0.0,0.0,5.0,Manual,Indefinido,Urbano
chevrolet,Vectra Hatch,vectra-hatch-gt-x-2-0-at-2009,0.0,0.0,0.0,5.0,Auto,Indefinido,Urbano
chevrolet,Vectra Hatch,vectra-hatch-gt-2-0-2010,0.0,0.0,140.0,5.0,Manual,Indefinido,Urbano
chevrolet,Vectra Hatch,vectra-hatch-gt-2-0-at-2010,0.0,0.0,140.0,5.0,Auto,Indefinido,Urbano
chevrolet,Vectra Hatch,vectra-hatch-gt-x-2-0-2010,0.0,0.0,140.0,5.0,Manual,Indefinido,Urbano
chevrolet,Vectra Hatch,vectra-hatch-gt-x-2-0-at-2010,0.0,0.0,140.0,5.0,Auto,Indefinido,Urbano
chevrolet,Vectra Hatch,vectra-hatch-gt-2-0-2011,0.0,0.0,140.0,5.0,Manual,Indefinido,Urbano
chevrolet,Vectra Hatch,vectra-hatch-gt-2-0-at-2011,0.0,0.0,140.0,5.0,Auto,Indefinido,Urbano
chevrolet,Vectra Hatch,vectra-hatch-gt-x-2-0-2011,0.0,0.0,140.0,5.0,Manual,Indefinido,Urbano
chevrolet,Vectra Hatch,vectra-hatch-gt-x-2-0-at-2011,0.0,0.0,140.0,5.0,Auto,Indefinido,Urbano
chevrolet,Veraneio,veraneio-de-luxo-4-3-1970,0.0,0.0,151.0,5.0,Manual,Indefinido,Urbano
chevrolet,Veraneio,veraneio-4-3-1974,0.0,0.0,151.0,5.0,Manual,Indefinido,Urbano
chevrolet,Veraneio,veraneio-4-3-1976,0.0,0.0,151.0,5.0,Manual,Indefinido,Urbano
chevrolet,Veraneio,veraneio-4-3-1979,0.0,0.0,151.0,5.0,Manual,Indefinido,Urbano
chevrolet,Veraneio,veraneio-4-1-1982,0.0,0.0,132.0,5.0,Manual,Indefinido,Urbano
chevrolet,Veraneio,veraneio-4-1-1984,0.0,0.0,132.0,5.0,Manual,Indefinido,Urbano
chevrolet,Veraneio,veraneio-4-1-1986,0.0,0.0,132.0,5.0,Manual,Indefinido,Urbano
chevrolet,Veraneio,veraneio-4-1-1988,0.0,0.0,132.0,5.0,Manual,Indefinido,Urbano
chevrolet,Veraneio,veraneio-custom-4-1-1989,0.0,0.0,118.0,5.0,Manual,Indefinido,Urbano
chevrolet,Veraneio,veraneio-custom-3-9-1990,0.0,0.0,86.4,5.0,Manual,Indefinido,Urbano
chevrolet,Veraneio,veraneio-custom-4-0-1992,0.0,0.0,92.0,5.0,Manual,Indefinido,Urbano
chevrolet,Veraneio,veraneio-custom-4-1-1992,0.0,0.0,118.0,5.0,Manual,Indefinido,Urbano
chevrolet,Veraneio,veraneio-custom-4-0-1994,0.0,0.0,120.0,5.0,Manual,Indefinido,Urbano
chevrolet,Veraneio,veraneio-custom-4-1-1994,0.0,0.0,118.0,5.0,Manual,Indefinido,Urbano
chevrolet,Zafira,zafira-2-0-16v-2001,0.0,0.0,136.0,5.0,Manual,Indefinido,Urbano
chevrolet,Zafira,zafira-2-0-8v-2001,0.0,0.0,116.0,5.0,Manual,Indefinido,Urbano
chevrolet,Zafira,zafira-cd-2-0-16v-2002,0.0,0.0,136.0,5.0,Manual,Indefinido,Urbano
chevrolet,Zafira,zafira-cd-2-0-8v-2002,0.0,0.0,116.0,5.0,Manual,Indefinido,Urbano
chevrolet,Zafira,zafira-2-0-16v-2003,0.0,0.0,136.0,5.0,Manual,Indefinido,Urbano
chevrolet,Zafira,zafira-2-0-8v-2003,0.0,0.0,116.0,5.0,Manual,Indefinido,Urbano
chevrolet,Zafira,zafira-2-0-8v-at-2003,0.0,0.0,116.0,5.0,Auto,Indefinido,Urbano
chevrolet,Zafira,zafira-cd-2-0-16v-2003,0.0,0.0,136.0,5.0,Manual,Indefinido,Urbano
chevrolet,Zafira,zafira-cd-2-0-8v-2003,0.0,0.0,116.0,5.0,Manual,Indefinido,Urbano
chevrolet,Zafira,zafira-cd-2-0-8v-at-2003,0.0,0.0,116.0,5.0,Auto,Indefinido,Urbano
chevrolet,Zafira,zafira-cd-2-0-16v-2004,0.0,0.0,136.0,5.0,Manual,Indefinido,Urbano
chevrolet,Zafira,zafira-cd-2-0-8v-2004,0.0,0.0,0.0,5.0,Manual,Indefinido,Urbano
chevrolet,Zafira,zafira-comfort-2-0-8v-2005,0.0,0.0,127.6,5.0,Manual,Indefinido,Urbano
chevrolet,Zafira,zafira-elegance-2-0-8v-2005,0.0,0.0,127.6,5.0,Manual,Indefinido,Urbano
chevrolet,Zafira,zafira-elegance-2-0-8v-at-2005,0.0,0.0,127.6,5.0,Auto,Indefinido,Urbano
chevrolet,Zafira,zafira-elite-2-0-16v-2005,0.0,0.0,136.0,5.0,Manual,Indefinido,Urbano
chevrolet,Zafira,zafira-elite-2-0-8v-2005,0.0,0.0,127.6,5.0,Manual,Indefinido,Urbano
chevrolet,Zafira,zafira-elite-2-0-8v-at-2005,0.0,0.0,127.6,5.0,Auto,Indefinido,Urbano
chevrolet,Zafira,zafira-comfort-2-0-8v-2006,0.0,0.0,0.0,5.0,Manual,Indefinido,Urbano
chevrolet,Zafira,zafira-elegance-2-0-8v-2006,0.0,0.0,0.0,5.0,Manual,Indefinido,Urbano
chevrolet,Zafira,zafira-elite-2-0-8v-2006,0.0,0.0,127.6,5.0,Manual,Indefinido,Urbano
chevrolet,Zafira,zafira-elite-2-0-8v-at-2006,0.0,0.0,0.0,5.0,Auto,Indefinido,Urbano
chevrolet,Zafira,zafira-comfort-2-0-8v-2007,0.0,0.0,0.0,5.0,Manual,Indefinido,Urbano
chevrolet,Zafira,zafira-elegance-2-0-8v-2007,0.0,0.0,0.0,5.0,Manual,Indefinido,Urbano
chevrolet,Zafira,zafira-elegance-2-0-8v-at-2007,0.0,0.0,0.0,5.0,Auto,Indefinido,Urbano
chevrolet,Zafira,zafira-elite-2-0-8v-2007,0.0,0.0,127.6,5.0,Manual,Indefinido,Urbano
chevrolet,Zafira,zafira-elite-2-0-8v-at-2007,0.0,0.0,127.6,5.0,Auto,Indefinido,Urbano
chevrolet,Zafira,zafira-expression-2-0-8v-at-2007,0.0,0.0,127.6,5.0,Auto,Indefinido,Urbano
chevrolet,Zafira,zafira-comfort-2-0-8v-2008,0.0,0.0,0.0,5.0,Manual,Indefinido,Urbano
chevrolet,Zafira,zafira-elegance-2-0-8v-2008,0.0,0.0,127.6,5.0,Manual,Indefinido,Urbano
chevrolet,Zafira,zafira-elegance-2-0-8v-at-2008,0.0,0.0,127.6,5.0,Auto,Indefinido,Urbano
chevrolet,Zafira,zafira-elite-2-0-8v-2008,0.0,0.0,127.6,5.0,Manual,Indefinido,Urbano
chevrolet,Zafira,zafira-elite-2-0-8v-at-2008,0.0,0.0,127.6,5.0,Auto,Indefinido,Urbano
chevrolet,Zafira,zafira-expression-2-0-8v-at-2008,0.0,0.0,127.6,5.0,Auto,Indefinido,Urbano
chevrolet,Zafira,zafira-comfort-2-0-8v-2009,0.0,0.0,0.0,5.0,Manual,Indefinido,Urbano
chevrolet,Zafira,zafira-elegance-2-0-8v-2009,0.0,0.0,0.0,5.0,Manual,Indefinido,Urbano
chevrolet,Zafira,zafira-elite-2-0-8v-2009,0.0,0.0,0.0,5.0,Manual,Indefinido,Urbano
chevrolet,Zafira,zafira-expression-2-0-8v-at-2009,0.0,0.0,0.0,5.0,Auto,Indefinido,Urbano
chevrolet,Zafira,zafira-comfort-2-0-8v-2010,0.0,0.0,0.0,5.0,Manual,Indefinido,Urbano
chevrolet,Zafira,zafira-elegance-2-0-8v-2010,0.0,0.0,0.0,5.0,Manual,Indefinido,Urbano
chevrolet,Zafira,zafira-elegance-2-0-8v-at-2010,0.0,0.0,0.0,5.0,Auto,Indefinido,Urbano
chevrolet,Zafira,zafira-elite-2-0-8v-2010,0.0,0.0,140.0,5.0,Manual,Indefinido,Urbano
chevrolet,Zafira,zafira-elite-2-0-8v-at-2010,0.0,0.0,140.0,5.0,Auto,Indefinido,Urbano
chevrolet,Zafira,zafira-expression-2-0-8v-at-2010,0.0,0.0,140.0,5.0,Auto,Indefinido,Urbano
chevrolet,Zafira,zafira-comfort-2-0-8v-2011,0.0,0.0,0.0,5.0,Manual,Indefinido,Urbano
chevrolet,Zafira,zafira-elegance-2-0-8v-at-2011,0.0,0.0,0.0,5.0,Auto,Indefinido,Urbano
chevrolet,Zafira,zafira-elite-2-0-8v-2011,0.0,0.0,0.0,5.0,Manual,Indefinido,Urbano
chevrolet,Zafira,zafira-elite-2-0-8v-at-2011,0.0,0.0,0.0,5.0,Auto,Indefinido,Urbano
chevrolet,Zafira,zafira-expression-2-0-8v-at-2011,0.0,0.0,0.0,5.0,Auto,Indefinido,Urbano
chevrolet,Zafira,zafira-collection-2-0-8v-at-2012,0.0,0.0,140.0,5.0,Auto,Indefinido,Urbano
chevrolet,Zafira,zafira-comfort-2-0-8v-2012,0.0,0.0,140.0,5.0,Manual,Indefinido,Urbano
chevrolet,Zafira,zafira-elegance-2-0-8v-at-2012,0.0,0.0,0.0,5.0,Auto,Indefinido,Urbano
chevrolet,Zafira,zafira-elite-2-0-8v-at-2012,0.0,0.0,140.0,5.0,Auto,Indefinido,Urbano
chevrolet,Zafira,zafira-expression-2-0-8v-at-2012,0.0,0.0,140.0,5.0,Auto,Indefinido,Urbano
