marca,modelo,versao,preco_orcamento,ano,potencia_cv,lugares_grupo,cambio,categoria,ambiente_ideal
fiat,147 Pick-up,147-pick-up-1-050-1979,0.0,0.0,55.0,5.0,Manual,Indefinido,Urbano
fiat,147 Pick-up,147-pick-up-1-3-1980,0.0,0.0,61.0,5.0,Manual,Indefinido,Urbano
fiat,147 Pick-up,147-pick-up-1-3-1981,0.0,0.0,61.0,5.0,Manual,Indefinido,Urbano
fiat,147 Pick-up,147-pick-up-1-3-1982,0.0,0.0,0.0,5.0,Manual,Indefinido,Urbano
fiat,147 Pick-up,147-pick-up-city-1-3-1982,0.0,0.0,61.0,5.0,Manual,Indefinido,Urbano
fiat,147 Pick-up,147-pick-up-1-3-1983,0.0,0.0,61.0,5.0,Manual,Indefinido,Urbano
fiat,147 Pick-up,147-pick-up-city-1-3-1983,0.0,0.0,61.0,5.0,Manual,Indefinido,Urbano
fiat,147 Pick-up,147-pick-up-1-3-1984,0.0,0.0,61.0,5.0,Manual,Indefinido,Urbano
fiat,147 Pick-up,147-pick-up-city-1-3-1984,0.0,0.0,61.0,5.0,Manual,Indefinido,Urbano
fiat,147 Pick-up,147-pick-up-city-1-3-1985,0.0,0.0,60.0,5.0,Manual,Indefinido,Urbano
fiat,147 Pick-up,147-pick-up-city-1-3-1986,0.0,0.0,60.0,5.0,Manual,Indefinido,Urbano
fiat,147 Pick-up,147-pick-up-city-1-3-1987,0.0,0.0,60.0,5.0,Manual,Indefinido,Urbano
fiat,147 Pick-up,147-pick-up-city-1-3-1988,0.0,0.0,60.0,5.0,Manual,Indefinido,Urbano
fiat,500,500-lounge-1-4-16v-2010,0.0,0.0,100.0,5.0,Manual,Indefinido,Urbano
fiat,500,500-lounge-1-4-16v-dualogic-2010,0.0,0.0,100.0,5.0,Auto,Indefinido,Urbano
fiat,500,500-sport-1-4-16v-2010,0.0,0.0,100.0,5.0,Manual,Indefinido,Urbano
fiat,500,500-sport-1-4-16v-dualogic-2010,0.0,0.0,100.0,5.0,Auto,Indefinido,Urbano
fiat,500,500-cult-1-4-8v-2012,0.0,0.0,88.0,5.0,Manual,Indefinido,Urbano
fiat,500,500-cult-1-4-8v-dualogic-2012,0.0,0.0,88.0,5.0,Auto,Indefinido,Urbano
fiat,500,500-lounge-air-1-4-16v-at-2012,0.0,0.0,105.0,5.0,Auto,Indefinido,Urbano
fiat,500,500-prima-edizione-1-4-16v-2012,0.0,0.0,105.0,5.0,Manual,Indefinido,Urbano
fiat,500,500-sport-air-1-4-16v-2012,0.0,0.0,105.0,5.0,Manual,Indefinido,Urbano
fiat,500,500-sport-air-1-4-16v-at-2012,0.0,0.0,105.0,5.0,Auto,Indefinido,Urbano
fiat,500,500-cabriolet-1-4-16v-at-2013,0.0,0.0,105.0,5.0,Auto,Indefinido,Urbano
fiat,500,500-cult-1-4-8v-2013,0.0,0.0,88.0,5.0,Manual,Indefinido,Urbano
fiat,500,500-cult-1-4-8v-dualogic-2013,0.0,0.0,0.0,5.0,Auto,Indefinido,Urbano
fiat,500,500-gucci-1-4-16v-at-2013,0.0,0.0,105.0,5.0,Auto,Indefinido,Urbano
fiat,500,500-cabriolet-1-4-16v-at-2014,0.0,0.0,107.0,5.0,Auto,Indefinido,Urbano
fiat,500,500-cabriolet-1-4-8v-2014,0.0,0.0,88.0,5.0,Manual,Indefinido,Urbano
fiat,500,500-cabriolet-1-4-8v-dualogic-2014,0.0,0.0,88.0,5.0,Auto,Indefinido,Urbano
fiat,500,500-cult-1-4-8v-2014,0.0,0.0,88.0,5.0,Manual,Indefinido,Urbano
fiat,500,500-cult-1-4-8v-dualogic-2014,0.0,0.0,88.0,5.0,Auto,Indefinido,Urbano
fiat,500,500-sport-air-1-4-16v-2014,0.0,0.0,107.0,5.0,Manual,Indefinido,Urbano
fiat,500,500-sport-air-1-4-16v-at-2014,0.0,0.0,107.0,5.0,Auto,Indefinido,Urbano
fiat,500,500-abarth-1-4-turbo-2015-gasolina,0.0,0.0,167.0,5.0,Manual,Indefinido,Urbano
fiat,500,500-abarth-1-4-turbo-2015,0.0,0.0,167.0,5.0,Manual,Indefinido,Urbano
fiat,500,500-cabriolet-1-4-16v-at-2015,0.0,0.0,107.0,5.0,Auto,Indefinido,Urbano
fiat,500,500-cabriolet-1-4-8v-2015,0.0,0.0,88.0,5.0,Manual,Indefinido,Urbano
fiat,500,500-cabriolet-1-4-8v-dualogic-2015,0.0,0.0,88.0,5.0,Auto,Indefinido,Urbano
fiat,500,500-cult-1-4-8v-2015,0.0,0.0,88.0,5.0,Manual,Indefinido,Urbano
fiat,500,500-cult-1-4-8v-dualogic-2015,0.0,0.0,88.0,5.0,Auto,Indefinido,Urbano
fiat,500,500-cult-1-4-8v-2017,0.0,0.0,88.0,5.0,Manual,Indefinido,Urbano
fiat,500,500-e-icon-2022,0.0,0.0,0.0,5.0,Auto,Indefinido,Urbano
fiat,Argo,argo-1-0-2018,0.0,0.0,77.0,5.0,Manual,Indefinido,Urbano
fiat,Argo,argo-drive-1-0-2018,0.0,0.0,77.0,5.0,Manual,Indefinido,Urbano
fiat,Argo,argo-drive-1-3-2018,0.0,0.0,109.0,5.0,Manual,Indefinido,Urbano
fiat,Argo,argo-drive-1-3-gsr-2018,0.0,0.0,109.0,5.0,Auto,Indefinido,Urbano
fiat,Argo,argo-hgt-1-8-2018,0.0,0.0,139.0,5.0,Manual,Indefinido,Urbano
fiat,Argo,argo-hgt-1-8-at-2018,0.0,0.0,139.0,5.0,Auto,Indefinido,Urbano
fiat,Argo,argo-opening-edition-1-8-at-2018,0.0,0.0,139.0,5.0,Auto,Indefinido,Urbano
fiat,Argo,argo-precision-1-8-2018,0.0,0.0,139.0,5.0,Manual,Indefinido,Urbano
fiat,Argo,argo-precision-1-8-at-2018,0.0,0.0,139.0,5.0,Auto,Indefinido,Urbano
fiat,Argo,argo-1-0-2019,0.0,0.0,77.0,5.0,Manual,Indefinido,Urbano
fiat,Argo,argo-drive-1-0-2019,0.0,0.0,77.0,5.0,Manual,Indefinido,Urbano
fiat,Argo,argo-drive-1-3-2019,0.0,0.0,109.0,5.0,Manual,Indefinido,Urbano
fiat,Argo,argo-drive-1-3-gsr-2019,0.0,0.0,109.0,5.0,Auto,Indefinido,Urbano
fiat,Argo,argo-hgt-1-8-2019,0.0,0.0,139.0,5.0,Manual,Indefinido,Urbano
fiat,Argo,argo-hgt-1-8-at-2019,0.0,0.0,139.0,5.0,Auto,Indefinido,Urbano
fiat,Argo,argo-precision-1-8-2019,0.0,0.0,139.0,5.0,Manual,Indefinido,Urbano
fiat,Argo,argo-precision-1-8-at-2019,0.0,0.0,139.0,5.0,Auto,Indefinido,Urbano
fiat,Argo,argo-1-0-2020,0.0,0.0,0.0,5.0,Manual,Indefinido,Urbano
fiat,Argo,argo-drive-1-0-2020,0.0,0.0,0.0,5.0,Manual,Indefinido,Urbano
fiat,Argo,argo-drive-1-3-2020,0.0,0.0,0.0,5.0,Manual,Indefinido,Urbano
fiat,Argo,argo-drive-1-3-gsr-2020,0.0,0.0,0.0,5.0,Auto,Indefinido,Urbano
fiat,Argo,argo-drive-s-design-1-0-2020,0.0,0.0,77.0,5.0,Manual,Indefinido,Urbano
fiat,Argo,argo-drive-s-design-1-3-2020,0.0,0.0,0.0,5.0,Manual,Indefinido,Urbano
fiat,Argo,argo-hgt-1-8-at-2020,0.0,0.0,0.0,5.0,Auto,Indefinido,Urbano
fiat,Argo,argo-precision-1-8-at-2020,0.0,0.0,0.0,5.0,Auto,Indefinido,Urbano
fiat,Argo,argo-selecao-1-0-2020,0.0,0.0,0.0,5.0,Manual,Indefinido,Urbano
fiat,Argo,argo-trekking-1-3-2020,0.0,0.0,0.0,5.0,Manual,Indefinido,Urbano
fiat,Argo,argo-trekking-1-8-at-2020,0.0,0.0,0.0,5.0,Auto,Indefinido,Urbano
fiat,Argo,argo-1-0-2021,0.0,0.0,0.0,5.0,Manual,Indefinido,Urbano
fiat,Argo,argo-drive-1-0-2021,0.0,0.0,0.0,5.0,Manual,Indefinido,Urbano
fiat,Argo,argo-drive-1-3-2021,0.0,0.0,0.0,5.0,Manual,Indefinido,Urbano
fiat,Argo,argo-drive-s-design-1-0-2021,0.0,0.0,0.0,5.0,Manual,Indefinido,Urbano
fiat,Argo,argo-drive-s-design-1-3-2021,0.0,0.0,0.0,5.0,Manual,Indefinido,Urbano
fiat,Argo,argo-hgt-1-8-at-2021,0.0,0.0,0.0,5.0,Auto,Indefinido,Urbano
fiat,Argo,argo-trekking-1-3-2021,0.0,0.0,109.0,5.0,Manual,Indefinido,Urbano
fiat,Argo,argo-trekking-1-8-at-2021,0.0,0.0,139.0,5.0,Auto,Indefinido,Urbano
fiat,Argo,argo-1-0-2022,0.0,0.0,0.0,5.0,Manual,Indefinido,Urbano
fiat,Argo,argo-drive-1-0-2022,0.0,0.0,0.0,5.0,Manual,Indefinido,Urbano
fiat,Argo,argo-drive-s-design-1-0-2022,0.0,0.0,0.0,5.0,Manual,Indefinido,Urbano
fiat,Argo,argo-drive-s-design-1-3-2022,0.0,0.0,0.0,5.0,Manual,Indefinido,Urbano
fiat,Argo,argo-trekking-1-3-2022,0.0,0.0,0.0,5.0,Manual,Indefinido,Urbano
fiat,Argo,argo-1-0-2023,0.0,0.0,0.0,5.0,Manual,Indefinido,Urbano
fiat,Argo,argo-drive-1-0-2023,0.0,0.0,0.0,5.0,Manual,Indefinido,Urbano
fiat,Argo,argo-drive-1-3-at-2023,0.0,0.0,0.0,5.0,Auto,Indefinido,Urbano
fiat,Argo,argo-drive-s-design-1-0-2023,0.0,0.0,0.0,5.0,Manual,Indefinido,Urbano
fiat,Argo,argo-drive-s-design-1-3-2023,0.0,0.0,0.0,5.0,Manual,Indefinido,Urbano
fiat,Argo,argo-drive-s-design-1-3-at-2023,0.0,0.0,0.0,5.0,Auto,Indefinido,Urbano
fiat,Argo,argo-trekking-1-3-2023,0.0,0.0,0.0,5.0,Manual,Indefinido,Urbano
fiat,Argo,argo-trekking-1-3-at-2023,0.0,0.0,0.0,5.0,Auto,Indefinido,Urbano
fiat,Argo,argo-1-0-2024,0.0,0.0,0.0,5.0,Manual,Indefinido,Urbano
fiat,Argo,argo-drive-1-0-2024,0.0,0.0,0.0,5.0,Manual,Indefinido,Urbano
fiat,Argo,argo-drive-1-3-at-2024,0.0,0.0,0.0,5.0,Auto,Indefinido,Urbano
fiat,Argo,argo-drive-s-design-1-3-at-2024,0.0,0.0,0.0,5.0,Auto,Indefinido,Urbano
fiat,Argo,argo-trekking-1-3-2024,0.0,0.0,0.0,5.0,Manual,Indefinido,Urbano
fiat,Argo,argo-trekking-1-3-at-2024,0.0,0.0,0.0,5.0,Auto,Indefinido,Urbano
fiat,Argo,argo-1-0-2025,0.0,0.0,0.0,5.0,Manual,Indefinido,Urbano
fiat,Argo,argo-drive-1-0-2025,0.0,0.0,0.0,5.0,Manual,Indefinido,Urbano
fiat,Argo,argo-drive-1-3-at-2025,0.0,0.0,0.0,5.0,Auto,Indefinido,Urbano
fiat,Argo,argo-drive-s-design-1-3-at-2025,0.0,0.0,0.0,5.0,Auto,Indefinido,Urbano
fiat,Argo,argo-endurance-1-3-2025,0.0,0.0,0.0,5.0,Manual,Indefinido,Urbano
fiat,Argo,argo-trekking-1-3-2025,0.0,0.0,0.0,5.0,Manual,Indefinido,Urbano
fiat,Argo,argo-trekking-1-3-at-2025,0.0,0.0,0.0,5.0,Auto,Indefinido,Urbano
fiat,Argo,argo-tributo-125-1-0-2025,0.0,0.0,0.0,5.0,Manual,Indefinido,Urbano
fiat,Argo,argo-1-0-2026,0.0,0.0,0.0,5.0,Manual,Indefinido,Urbano
fiat,Argo,argo-drive-1-0-2026,0.0,0.0,0.0,5.0,Manual,Indefinido,Urbano
fiat,Argo,argo-drive-1-3-at-2026,0.0,0.0,0.0,5.0,Auto,Indefinido,Urbano
fiat,Argo,argo-drive-s-design-1-3-at-2026,0.0,0.0,0.0,5.0,Auto,Indefinido,Urbano
fiat,Argo,argo-trekking-1-3-2026,0.0,0.0,0.0,5.0,Manual,Indefinido,Urbano
fiat,Argo,argo-trekking-1-3-at-2026,0.0,0.0,0.0,5.0,Auto,Indefinido,Urbano
fiat,Coupe,coupe-2-0-16v-1995,0.0,0.0,137.0,5.0,Manual,Indefinido,Urbano
fiat,Coupe,coupe-2-0-16v-1996,0.0,0.0,137.0,5.0,Manual,Indefinido,Urbano
fiat,Coupe,coupe-2-0-16v-1997,0.0,0.0,137.0,5.0,Manual,Indefinido,Urbano
fiat,Cronos,cronos-drive-1-3-2018,0.0,0.0,109.0,5.0,Manual,Indefinido,Urbano
fiat,Cronos,cronos-drive-1-3-gsr-2018,0.0,0.0,109.0,5.0,Auto,Indefinido,Urbano
fiat,Cronos,cronos-precision-1-8-at-2018,0.0,0.0,139.0,5.0,Auto,Indefinido,Urbano
fiat,Cronos,cronos-1-3-2019,0.0,0.0,109.0,5.0,Manual,Indefinido,Urbano
fiat,Cronos,cronos-drive-1-3-2019,0.0,0.0,109.0,5.0,Manual,Indefinido,Urbano
fiat,Cronos,cronos-drive-1-3-gsr-2019,0.0,0.0,0.0,5.0,Auto,Indefinido,Urbano
fiat,Cronos,cronos-drive-1-8-at-2019,0.0,0.0,0.0,5.0,Auto,Indefinido,Urbano
fiat,Cronos,cronos-precision-1-8-2019-flex,0.0,0.0,0.0,5.0,Manual,Indefinido,Urbano
fiat,Cronos,cronos-precision-1-8-2019,0.0,0.0,139.0,5.0,Manual,Indefinido,Urbano
fiat,Cronos,cronos-precision-1-8-at-2019,0.0,0.0,139.0,5.0,Auto,Indefinido,Urbano
fiat,Cronos,cronos-1-3-2020,0.0,0.0,0.0,5.0,Manual,Indefinido,Urbano
fiat,Cronos,cronos-1-8-at-pcd-2020,0.0,0.0,0.0,5.0,Auto,Indefinido,Urbano
fiat,Cronos,cronos-drive-1-3-2020,0.0,0.0,0.0,5.0,Manual,Indefinido,Urbano
fiat,Cronos,cronos-drive-1-3-gsr-2020,0.0,0.0,0.0,5.0,Auto,Indefinido,Urbano
fiat,Cronos,cronos-drive-1-8-at-2020,0.0,0.0,0.0,5.0,Auto,Indefinido,Urbano
fiat,Cronos,cronos-drive-s-design-1-3-2020,0.0,0.0,0.0,5.0,Manual,Indefinido,Urbano
fiat,Cronos,cronos-hgt-1-8-at-2020,0.0,0.0,0.0,5.0,Auto,Indefinido,Urbano
fiat,Cronos,cronos-precision-1-8-at-2020,0.0,0.0,0.0,5.0,Auto,Indefinido,Urbano
fiat,Cronos,cronos-1-3-2021,0.0,0.0,0.0,5.0,Manual,Indefinido,Urbano
fiat,Cronos,cronos-1-8-at-pcd-2021,0.0,0.0,0.0,5.0,Auto,Indefinido,Urbano
fiat,Cronos,cronos-drive-1-3-2021,0.0,0.0,0.0,5.0,Manual,Indefinido,Urbano
fiat,Cronos,cronos-drive-1-8-at-2021,0.0,0.0,0.0,5.0,Auto,Indefinido,Urbano
fiat,Cronos,cronos-drive-s-design-1-3-2021,0.0,0.0,0.0,5.0,Manual,Indefinido,Urbano
fiat,Cronos,cronos-hgt-1-8-at-2021,0.0,0.0,139.0,5.0,Auto,Indefinido,Urbano
fiat,Cronos,cronos-precision-1-8-at-2021,0.0,0.0,139.0,5.0,Auto,Indefinido,Urbano
fiat,Cronos,cronos-1-3-2022,0.0,0.0,0.0,5.0,Manual,Indefinido,Urbano
fiat,Cronos,cronos-drive-1-3-2022,0.0,0.0,0.0,5.0,Manual,Indefinido,Urbano
fiat,Cronos,cronos-drive-s-design-1-3-2022,0.0,0.0,0.0,5.0,Manual,Indefinido,Urbano
fiat,Cronos,cronos-1-0-2023,0.0,0.0,0.0,5.0,Manual,Indefinido,Urbano
fiat,Cronos,cronos-drive-1-0-2023,0.0,0.0,0.0,5.0,Manual,Indefinido,Urbano
fiat,Cronos,cronos-drive-1-3-2023,0.0,0.0,0.0,5.0,Manual,Indefinido,Urbano
fiat,Cronos,cronos-drive-1-3-at-2023,0.0,0.0,0.0,5.0,Auto,Indefinido,Urbano
fiat,Cronos,cronos-drive-s-design-1-3-2023,0.0,0.0,0.0,5.0,Manual,Indefinido,Urbano
fiat,Cronos,cronos-drive-s-design-1-3-at-2023,0.0,0.0,0.0,5.0,Auto,Indefinido,Urbano
fiat,Cronos,cronos-precision-1-3-at-2023,0.0,0.0,0.0,5.0,Auto,Indefinido,Urbano
fiat,Cronos,cronos-drive-1-0-2024,0.0,0.0,0.0,5.0,Manual,Indefinido,Urbano
fiat,Cronos,cronos-drive-1-3-2024,0.0,0.0,0.0,5.0,Manual,Indefinido,Urbano
fiat,Cronos,cronos-drive-1-3-at-2024,0.0,0.0,0.0,5.0,Auto,Indefinido,Urbano
fiat,Cronos,cronos-drive-s-design-1-3-2024,0.0,0.0,0.0,5.0,Manual,Indefinido,Urbano
fiat,Cronos,cronos-drive-s-design-1-3-at-2024,0.0,0.0,0.0,5.0,Auto,Indefinido,Urbano
fiat,Cronos,cronos-precision-1-3-at-2024,0.0,0.0,0.0,5.0,Auto,Indefinido,Urbano
fiat,Cronos,cronos-drive-1-0-2025,0.0,0.0,0.0,5.0,Manual,Indefinido,Urbano
fiat,Cronos,cronos-drive-1-3-2025,0.0,0.0,0.0,5.0,Manual,Indefinido,Urbano
fiat,Cronos,cronos-drive-1-3-at-2025,0.0,0.0,0.0,5.0,Auto,Indefinido,Urbano
fiat,Cronos,cronos-drive-s-design-1-3-2025,0.0,0.0,0.0,5.0,Manual,Indefinido,Urbano
fiat,Cronos,cronos-drive-s-design-1-3-at-2025,0.0,0.0,0.0,5.0,Auto,Indefinido,Urbano
fiat,Cronos,cronos-precision-1-3-at-2025,0.0,0.0,0.0,5.0,Auto,Indefinido,Urbano
fiat,Cronos,cronos-drive-1-0-2026,0.0,0.0,0.0,5.0,Manual,Indefinido,Urbano
fiat,Cronos,cronos-drive-1-3-2026,0.0,0.0,0.0,5.0,Manual,Indefinido,Urbano
fiat,Cronos,cronos-drive-1-3-at-2026,0.0,0.0,0.0,5.0,Auto,Indefinido,Urbano
fiat,Cronos,cronos-drive-s-design-1-3-2026,0.0,0.0,0.0,5.0,Manual,Indefinido,Urbano
fiat,Cronos,cronos-drive-s-design-1-3-at-2026,0.0,0.0,0.0,5.0,Auto,Indefinido,Urbano
fiat,Cronos,cronos-precision-1-3-at-2026,0.0,0.0,0.0,5.0,Auto,Indefinido,Urbano
fiat,Doblo,doblo-cargo-1-3-16v-2002,0.0,0.0,80.0,5.0,Manual,Indefinido,Urbano
fiat,Doblo,doblo-cargo-1-6-16v-2002,0.0,0.0,106.0,5.0,Manual,Indefinido,Urbano
fiat,Doblo,doblo-elx-1-6-16v-2002,0.0,0.0,106.0,5.0,Manual,Indefinido,Urbano
fiat,Doblo,doblo-ex-1-3-16v-2002,0.0,0.0,80.0,5.0,Manual,Indefinido,Urbano
fiat,Doblo,doblo-cargo-1-3-16v-2003,0.0,0.0,80.0,5.0,Manual,Indefinido,Urbano
fiat,Doblo,doblo-cargo-1-6-16v-2003,0.0,0.0,106.0,5.0,Manual,Indefinido,Urbano
fiat,Doblo,doblo-elx-1-6-16v-2003,0.0,0.0,106.0,5.0,Manual,Indefinido,Urbano
fiat,Doblo,doblo-ex-1-3-16v-2003,0.0,0.0,80.0,5.0,Manual,Indefinido,Urbano
fiat,Doblo,doblo-adventure-1-8-2004,0.0,0.0,103.0,5.0,Manual,Indefinido,Urbano
fiat,Doblo,doblo-cargo-1-3-16v-2004,0.0,0.0,80.0,5.0,Manual,Indefinido,Urbano
fiat,Doblo,doblo-cargo-1-8-2004,0.0,0.0,103.0,5.0,Manual,Indefinido,Urbano
fiat,Doblo,doblo-elx-1-8-2004,0.0,0.0,103.0,5.0,Manual,Indefinido,Urbano
fiat,Doblo,doblo-ex-1-3-16v-2004,0.0,0.0,80.0,5.0,Manual,Indefinido,Urbano
fiat,Doblo,doblo-adventure-1-8-2005,0.0,0.0,103.0,5.0,Manual,Indefinido,Urbano
fiat,Doblo,doblo-cargo-1-3-16v-2005,0.0,0.0,80.0,5.0,Manual,Indefinido,Urbano
fiat,Doblo,doblo-cargo-1-8-2005,0.0,0.0,103.0,5.0,Manual,Indefinido,Urbano
fiat,Doblo,doblo-elx-1-8-2005,0.0,0.0,103.0,5.0,Manual,Indefinido,Urbano
fiat,Doblo,doblo-ex-1-3-16v-2005,0.0,0.0,80.0,5.0,Manual,Indefinido,Urbano
fiat,Doblo,doblo-adventure-1-8-2006,0.0,0.0,103.0,5.0,Manual,Indefinido,Urbano
fiat,Doblo,doblo-cargo-1-3-16v-2006,0.0,0.0,80.0,5.0,Manual,Indefinido,Urbano
fiat,Doblo,doblo-cargo-1-8-2006-flex,0.0,0.0,0.0,5.0,Manual,Indefinido,Urbano
fiat,Doblo,doblo-cargo-1-8-2006,0.0,0.0,103.0,5.0,Manual,Indefinido,Urbano
fiat,Doblo,doblo-elx-1-8-2006,0.0,0.0,103.0,5.0,Manual,Indefinido,Urbano
fiat,Doblo,doblo-ex-1-3-16v-2006,0.0,0.0,80.0,5.0,Manual,Indefinido,Urbano
fiat,Doblo,doblo-adventure-1-8-2007,0.0,0.0,114.0,5.0,Manual,Indefinido,Urbano
fiat,Doblo,doblo-cargo-1-8-2007,0.0,0.0,0.0,5.0,Manual,Indefinido,Urbano
fiat,Doblo,doblo-elx-1-8-2007,0.0,0.0,0.0,5.0,Manual,Indefinido,Urbano
fiat,Doblo,doblo-hlx-1-8-2007,0.0,0.0,114.0,5.0,Manual,Indefinido,Urbano
fiat,Doblo,doblo-adventure-1-8-2008,0.0,0.0,0.0,5.0,Manual,Indefinido,Urbano
fiat,Doblo,doblo-cargo-1-8-2008,0.0,0.0,0.0,5.0,Manual,Indefinido,Urbano
fiat,Doblo,doblo-elx-1-8-2008,0.0,0.0,114.0,5.0,Manual,Indefinido,Urbano
fiat,Doblo,doblo-hlx-1-8-2008,0.0,0.0,114.0,5.0,Manual,Indefinido,Urbano
fiat,Doblo,doblo-adventure-1-8-2009,0.0,0.0,0.0,5.0,Manual,Indefinido,Urbano
fiat,Doblo,doblo-cargo-1-8-2009,0.0,0.0,0.0,5.0,Manual,Indefinido,Urbano
fiat,Doblo,doblo-elx-1-8-2009,0.0,0.0,0.0,5.0,Manual,Indefinido,Urbano
fiat,Doblo,doblo-hlx-1-8-2009,0.0,0.0,0.0,5.0,Manual,Indefinido,Urbano
fiat,Doblo,doblo-1-4-2010,0.0,0.0,0.0,5.0,Manual,Indefinido,Urbano
fiat,Doblo,doblo-adventure-1-8-2010,0.0,0.0,114.0,5.0,Manual,Indefinido,Urbano
fiat,Doblo,doblo-cargo-1-4-2010,0.0,0.0,86.0,5.0,Manual,Indefinido,Urbano
fiat,Doblo,doblo-cargo-1-8-2010,0.0,0.0,114.0,5.0,Manual,Indefinido,Urbano
fiat,Doblo,doblo-elx-1-4-2010,0.0,0.0,86.0,5.0,Manual,Indefinido,Urbano
fiat,Doblo,doblo-hlx-1-8-2010,0.0,0.0,114.0,5.0,Manual,Indefinido,Urbano
fiat,Doblo,doblo-1-4-2011,0.0,0.0,0.0,5.0,Manual,Indefinido,Urbano
fiat,Doblo,doblo-adventure-1-8-16v-2011,0.0,0.0,132.0,5.0,Manual,Indefinido,Urbano
fiat,Doblo,doblo-cargo-1-4-2011,0.0,0.0,0.0,5.0,Manual,Indefinido,Urbano
fiat,Doblo,doblo-cargo-1-8-2011,0.0,0.0,0.0,5.0,Manual,Indefinido,Urbano
fiat,Doblo,doblo-elx-1-4-2011,0.0,0.0,0.0,5.0,Manual,Indefinido,Urbano
fiat,Doblo,doblo-hlx-1-8-16v-2011,0.0,0.0,132.0,5.0,Manual,Indefinido,Urbano
fiat,Doblo,doblo-adventure-1-8-16v-2012,0.0,0.0,0.0,5.0,Manual,Indefinido,Urbano
fiat,Doblo,doblo-attractive-1-4-2012,0.0,0.0,0.0,5.0,Manual,Indefinido,Urbano
fiat,Doblo,doblo-cargo-1-4-2012,0.0,0.0,0.0,5.0,Manual,Indefinido,Urbano
fiat,Doblo,doblo-cargo-1-8-2012,0.0,0.0,114.0,5.0,Manual,Indefinido,Urbano
fiat,Doblo,doblo-essence-1-8-16v-2012,0.0,0.0,132.0,5.0,Manual,Indefinido,Urbano
fiat,Doblo,doblo-adventure-1-8-16v-2013,0.0,0.0,0.0,5.0,Manual,Indefinido,Urbano
fiat,Doblo,doblo-adventure-xingu-1-8-16v-2013,0.0,0.0,0.0,5.0,Manual,Indefinido,Urbano
fiat,Doblo,doblo-attractive-1-4-2013,0.0,0.0,86.0,5.0,Manual,Indefinido,Urbano
fiat,Doblo,doblo-cargo-1-4-2013,0.0,0.0,86.0,5.0,Manual,Indefinido,Urbano
fiat,Doblo,doblo-cargo-1-8-2013,0.0,0.0,0.0,5.0,Manual,Indefinido,Urbano
fiat,Doblo,doblo-essence-1-8-16v-2013,0.0,0.0,132.0,5.0,Manual,Indefinido,Urbano
fiat,Doblo,doblo-adventure-1-8-16v-2014,0.0,0.0,132.0,5.0,Manual,Indefinido,Urbano
fiat,Doblo,doblo-adventure-xingu-1-8-16v-2014,0.0,0.0,0.0,5.0,Manual,Indefinido,Urbano
fiat,Doblo,doblo-attractive-1-4-2014,0.0,0.0,86.0,5.0,Manual,Indefinido,Urbano
fiat,Doblo,doblo-cargo-1-4-2014,0.0,0.0,86.0,5.0,Manual,Indefinido,Urbano
fiat,Doblo,doblo-cargo-1-8-2014,0.0,0.0,132.0,5.0,Manual,Indefinido,Urbano
fiat,Doblo,doblo-essence-1-8-16v-2014,0.0,0.0,132.0,5.0,Manual,Indefinido,Urbano
fiat,Doblo,doblo-adventure-1-8-16v-2015,0.0,0.0,132.0,5.0,Manual,Indefinido,Urbano
fiat,Doblo,doblo-attractive-1-4-2015,0.0,0.0,86.0,5.0,Manual,Indefinido,Urbano
fiat,Doblo,doblo-cargo-1-4-2015,0.0,0.0,86.0,5.0,Manual,Indefinido,Urbano
fiat,Doblo,doblo-cargo-1-8-2015,0.0,0.0,132.0,5.0,Manual,Indefinido,Urbano
fiat,Doblo,doblo-essence-1-8-16v-2015,0.0,0.0,132.0,5.0,Manual,Indefinido,Urbano
fiat,Doblo,doblo-adventure-1-8-16v-2016,0.0,0.0,132.0,5.0,Manual,Indefinido,Urbano
fiat,Doblo,doblo-adventure-extreme-1-8-16v-2016,0.0,0.0,132.0,5.0,Manual,Indefinido,Urbano
fiat,Doblo,doblo-attractive-1-4-2016,0.0,0.0,86.0,5.0,Manual,Indefinido,Urbano
fiat,Doblo,doblo-cargo-1-4-2016,0.0,0.0,86.0,5.0,Manual,Indefinido,Urbano
fiat,Doblo,doblo-cargo-1-8-2016,0.0,0.0,132.0,5.0,Manual,Indefinido,Urbano
fiat,Doblo,doblo-essence-1-8-16v-2016,0.0,0.0,132.0,5.0,Manual,Indefinido,Urbano
fiat,Doblo,doblo-adventure-1-8-16v-2017,0.0,0.0,132.0,5.0,Manual,Indefinido,Urbano
fiat,Doblo,doblo-essence-1-8-16v-2017,0.0,0.0,132.0,5.0,Manual,Indefinido,Urbano
fiat,Doblo,doblo-adventure-1-8-16v-2018,0.0,0.0,132.0,5.0,Manual,Indefinido,Urbano
fiat,Doblo,doblo-essence-1-8-16v-2018,0.0,0.0,132.0,5.0,Manual,Indefinido,Urbano
fiat,Doblo,doblo-adventure-1-8-16v-2019,0.0,0.0,132.0,5.0,Manual,Indefinido,Urbano
fiat,Doblo,doblo-essence-1-8-16v-2019,0.0,0.0,132.0,5.0,Manual,Indefinido,Urbano
fiat,Doblo,doblo-adventure-1-8-16v-2020,0.0,0.0,0.0,5.0,Manual,Indefinido,Urbano
fiat,Doblo,doblo-essence-1-8-16v-2020,0.0,0.0,0.0,5.0,Manual,Indefinido,Urbano
fiat,Doblo,doblo-cargo-1-8-2021,0.0,0.0,0.0,5.0,Manual,Indefinido,Urbano
fiat,Doblo,doblo-essence-1-8-16v-2021,0.0,0.0,0.0,5.0,Manual,Indefinido,Urbano
fiat,Ducato,ducato-van-2-5-1998,0.0,0.0,843.0,5.0,Manual,Indefinido,Urbano
fiat,Ducato,ducato-cargo-2-8-1999,0.0,0.0,122.0,5.0,Manual,Indefinido,Urbano
fiat,Ducato,ducato-cargo-2-8-2000,0.0,0.0,122.0,5.0,Manual,Indefinido,Urbano
fiat,Ducato,ducato-cargo-2-8-2001,0.0,0.0,122.0,5.0,Manual,Indefinido,Urbano
fiat,Ducato,ducato-van-2-8-2002,0.0,0.0,122.3,5.0,Manual,Indefinido,Urbano
fiat,Ducato,ducato-van-2-8-2002-diesel,0.0,0.0,103.3,5.0,Manual,Indefinido,Urbano
fiat,Ducato,ducato-van-2-8-2003,0.0,0.0,122.0,5.0,Manual,Indefinido,Urbano
fiat,Ducato,ducato-van-2-8-2004,0.0,0.0,122.0,5.0,Manual,Indefinido,Urbano
fiat,Ducato,ducato-van-2-8-2005,0.0,0.0,122.0,5.0,Manual,Indefinido,Urbano
fiat,Ducato,ducato-cargo-2-8-2006,0.0,0.0,127.0,5.0,Manual,Indefinido,Urbano
fiat,Ducato,ducato-maxicargo-2-8-2006,0.0,0.0,127.0,5.0,Manual,Indefinido,Urbano
fiat,Ducato,ducato-minibus-2-8-2006,0.0,0.0,127.0,5.0,Manual,Indefinido,Urbano
fiat,Ducato,ducato-minibus-2-8-2007,0.0,0.0,127.0,5.0,Manual,Indefinido,Urbano
fiat,Ducato,ducato-minibus-2-8-2008,0.0,0.0,127.0,5.0,Manual,Indefinido,Urbano
fiat,Ducato,ducato-cargo-2-8-2009,0.0,0.0,127.0,5.0,Manual,Indefinido,Urbano
fiat,Ducato,ducato-minibus-2-8-2009,0.0,0.0,127.0,5.0,Manual,Indefinido,Urbano
fiat,Ducato,ducato-minibus-2-3-2010,0.0,0.0,127.0,5.0,Manual,Indefinido,Urbano
fiat,Ducato,ducato-minibus-teto-alto-2-3-2010,0.0,0.0,127.0,5.0,Manual,Indefinido,Urbano
fiat,Ducato,ducato-cargo-2-3-2011,0.0,0.0,127.0,5.0,Manual,Indefinido,Urbano
fiat,Ducato,ducato-maxicargo-longo-2-3-2011,0.0,0.0,127.0,5.0,Manual,Indefinido,Urbano
fiat,Ducato,ducato-minibus-2-3-2011,0.0,0.0,127.0,5.0,Manual,Indefinido,Urbano
fiat,Ducato,ducato-minibus-teto-alto-2-3-2011,0.0,0.0,127.0,5.0,Manual,Indefinido,Urbano
fiat,Ducato,ducato-cargo-2-3-2012,0.0,0.0,127.0,5.0,Manual,Indefinido,Urbano
fiat,Ducato,ducato-minibus-2-3-2012,0.0,0.0,127.0,5.0,Manual,Indefinido,Urbano
fiat,Ducato,ducato-minibus-teto-alto-2-3-2012,0.0,0.0,127.0,5.0,Manual,Indefinido,Urbano
fiat,Ducato,ducato-cargo-2-3-2013,0.0,0.0,127.0,5.0,Manual,Indefinido,Urbano
fiat,Ducato,ducato-cargo-longo-2-3-2013,0.0,0.0,127.0,5.0,Manual,Indefinido,Urbano
fiat,Ducato,ducato-maxicargo-2-3-2013,0.0,0.0,127.0,5.0,Manual,Indefinido,Urbano
fiat,Ducato,ducato-maxicargo-longo-2-3-2013,0.0,0.0,127.0,5.0,Manual,Indefinido,Urbano
fiat,Ducato,ducato-minibus-2-3-2013,0.0,0.0,127.0,5.0,Manual,Indefinido,Urbano
fiat,Ducato,ducato-minibus-teto-alto-2-3-2013,0.0,0.0,127.0,5.0,Manual,Indefinido,Urbano
fiat,Ducato,ducato-multi-2-3-2013,0.0,0.0,127.0,5.0,Manual,Indefinido,Urbano
fiat,Ducato,ducato-cargo-2-3-2014,0.0,0.0,127.0,5.0,Manual,Indefinido,Urbano
fiat,Ducato,ducato-cargo-longo-2-3-2014,0.0,0.0,127.0,5.0,Manual,Indefinido,Urbano
fiat,Ducato,ducato-maxicargo-2-3-2014,0.0,0.0,127.0,5.0,Manual,Indefinido,Urbano
fiat,Ducato,ducato-maxicargo-longo-2-3-2014,0.0,0.0,127.0,5.0,Manual,Indefinido,Urbano
fiat,Ducato,ducato-minibus-2-3-2014,0.0,0.0,127.0,5.0,Manual,Indefinido,Urbano
fiat,Ducato,ducato-minibus-teto-alto-2-3-2014,0.0,0.0,127.0,5.0,Manual,Indefinido,Urbano
fiat,Ducato,ducato-multi-2-3-2014,0.0,0.0,127.0,5.0,Manual,Indefinido,Urbano
fiat,Ducato,ducato-cargo-2-3-2015,0.0,0.0,127.0,5.0,Manual,Indefinido,Urbano
fiat,Ducato,ducato-cargo-longo-2-3-2015,0.0,0.0,127.0,5.0,Manual,Indefinido,Urbano
fiat,Ducato,ducato-maxicargo-2-3-2015,0.0,0.0,127.0,5.0,Manual,Indefinido,Urbano
fiat,Ducato,ducato-maxicargo-longo-2-3-2015,0.0,0.0,127.0,5.0,Manual,Indefinido,Urbano
fiat,Ducato,ducato-minibus-2-3-2015,0.0,0.0,127.0,5.0,Manual,Indefinido,Urbano
fiat,Ducato,ducato-minibus-teto-alto-2-3-2015,0.0,0.0,127.0,5.0,Manual,Indefinido,Urbano
fiat,Ducato,ducato-multi-2-3-2015,0.0,0.0,127.0,5.0,Manual,Indefinido,Urbano
fiat,Ducato,ducato-cargo-2-3-2016,0.0,0.0,127.0,5.0,Manual,Indefinido,Urbano
fiat,Ducato,ducato-cargo-longo-2-3-2016,0.0,0.0,127.0,5.0,Manual,Indefinido,Urbano
fiat,Ducato,ducato-maxicargo-2-3-2016,0.0,0.0,127.0,5.0,Manual,Indefinido,Urbano
fiat,Ducato,ducato-maxicargo-longo-2-3-2016,0.0,0.0,127.0,5.0,Manual,Indefinido,Urbano
fiat,Ducato,ducato-minibus-2-3-2016,0.0,0.0,127.0,5.0,Manual,Indefinido,Urbano
fiat,Ducato,ducato-minibus-teto-alto-2-3-2016,0.0,0.0,127.0,5.0,Manual,Indefinido,Urbano
fiat,Ducato,ducato-multi-2-3-2016,0.0,0.0,127.0,5.0,Manual,Indefinido,Urbano
fiat,Ducato,ducato-cargo-2-3-2017,0.0,0.0,127.0,5.0,Manual,Indefinido,Urbano
fiat,Ducato,ducato-cargo-longo-2-3-2017,0.0,0.0,127.0,5.0,Manual,Indefinido,Urbano
fiat,Ducato,ducato-maxicargo-2-3-2017,0.0,0.0,127.0,5.0,Manual,Indefinido,Urbano
fiat,Ducato,ducato-maxicargo-longo-2-3-2017,0.0,0.0,127.0,5.0,Manual,Indefinido,Urbano
fiat,Ducato,ducato-minibus-2-3-2017,0.0,0.0,127.0,5.0,Manual,Indefinido,Urbano
fiat,Ducato,ducato-minibus-teto-alto-2-3-2017,0.0,0.0,127.0,5.0,Manual,Indefinido,Urbano
fiat,Ducato,ducato-multi-2-3-2017,0.0,0.0,127.0,5.0,Manual,Indefinido,Urbano
fiat,Ducato,ducato-cargo-2-3-2018,0.0,0.0,130.0,5.0,Manual,Indefinido,Urbano
fiat,Ducato,ducato-cargo-medio-2-3-2018,0.0,0.0,130.0,5.0,Manual,Indefinido,Urbano
fiat,Ducato,ducato-chassi-2-3-2018,0.0,0.0,130.0,5.0,Manual,Indefinido,Urbano
fiat,Ducato,ducato-maxicargo-2-3-2018,0.0,0.0,130.0,5.0,Manual,Indefinido,Urbano
fiat,Ducato,ducato-maximulti-2-3-2018,0.0,0.0,130.0,5.0,Manual,Indefinido,Urbano
fiat,Ducato,ducato-minibus-2-3-2018,0.0,0.0,130.0,5.0,Manual,Indefinido,Urbano
fiat,Ducato,ducato-minibus-extralongo-2-3-2018,0.0,0.0,130.0,5.0,Manual,Indefinido,Urbano
fiat,Ducato,ducato-multi-2-3-2018,0.0,0.0,130.0,5.0,Manual,Indefinido,Urbano
fiat,Ducato,ducato-cargo-2-3-2019,0.0,0.0,130.0,5.0,Manual,Indefinido,Urbano
fiat,Ducato,ducato-cargo-medio-2-3-2019,0.0,0.0,130.0,5.0,Manual,Indefinido,Urbano
fiat,Ducato,ducato-chassi-2-3-2019,0.0,0.0,130.0,5.0,Manual,Indefinido,Urbano
fiat,Ducato,ducato-maxicargo-2-3-2019,0.0,0.0,130.0,5.0,Manual,Indefinido,Urbano
fiat,Ducato,ducato-maximulti-2-3-2019,0.0,0.0,130.0,5.0,Manual,Indefinido,Urbano
fiat,Ducato,ducato-minibus-2-3-2019,0.0,0.0,130.0,5.0,Manual,Indefinido,Urbano
fiat,Ducato,ducato-minibus-extralongo-2-3-2019,0.0,0.0,130.0,5.0,Manual,Indefinido,Urbano
fiat,Ducato,ducato-multi-2-3-2019,0.0,0.0,130.0,5.0,Manual,Indefinido,Urbano
fiat,Ducato,ducato-cargo-2-3-2020,0.0,0.0,130.0,5.0,Manual,Indefinido,Urbano
fiat,Ducato,ducato-cargo-medio-2-3-2020,0.0,0.0,130.0,5.0,Manual,Indefinido,Urbano
fiat,Ducato,ducato-chassi-2-3-2020,0.0,0.0,130.0,5.0,Manual,Indefinido,Urbano
fiat,Ducato,ducato-maxicargo-2-3-2020,0.0,0.0,130.0,5.0,Manual,Indefinido,Urbano
fiat,Ducato,ducato-maximulti-2-3-2020,0.0,0.0,130.0,5.0,Manual,Indefinido,Urbano
fiat,Ducato,ducato-minibus-2-3-2020,0.0,0.0,130.0,5.0,Manual,Indefinido,Urbano
fiat,Ducato,ducato-minibus-extralongo-2-3-2020,0.0,0.0,130.0,5.0,Manual,Indefinido,Urbano
fiat,Ducato,ducato-multi-2-3-2020,0.0,0.0,130.0,5.0,Manual,Indefinido,Urbano
fiat,Ducato,ducato-cargo-2-3-2021,0.0,0.0,130.0,5.0,Manual,Indefinido,Urbano
fiat,Ducato,ducato-cargo-medio-2-3-2021,0.0,0.0,130.0,5.0,Manual,Indefinido,Urbano
fiat,Ducato,ducato-chassi-2-3-2021,0.0,0.0,130.0,5.0,Manual,Indefinido,Urbano
fiat,Ducato,ducato-maxicargo-2-3-2021,0.0,0.0,130.0,5.0,Manual,Indefinido,Urbano
fiat,Ducato,ducato-maximulti-2-3-2021,0.0,0.0,130.0,5.0,Manual,Indefinido,Urbano
fiat,Ducato,ducato-minibus-2-3-2021,0.0,0.0,130.0,5.0,Manual,Indefinido,Urbano
fiat,Ducato,ducato-minibus-extralongo-2-3-2021,0.0,0.0,130.0,5.0,Manual,Indefinido,Urbano
fiat,Ducato,ducato-multi-2-3-2021,0.0,0.0,130.0,5.0,Manual,Indefinido,Urbano
fiat,Ducato,ducato-cargo-2-2-2023,0.0,0.0,140.0,5.0,Manual,Indefinido,Urbano
fiat,Ducato,ducato-maxicargo-2-2-2023,0.0,0.0,140.0,5.0,Manual,Indefinido,Urbano
fiat,Ducato,ducato-minibus-comfort-2-2-2023,0.0,0.0,140.0,5.0,Manual,Indefinido,Urbano
fiat,Ducato,ducato-minibus-executivo-2-2-2023,0.0,0.0,140.0,5.0,Manual,Indefinido,Urbano
fiat,Ducato,ducato-multi-2-2-2023,0.0,0.0,140.0,5.0,Manual,Indefinido,Urbano
fiat,Ducato,ducato-cargo-2-2-2024,0.0,0.0,140.0,5.0,Manual,Indefinido,Urbano
fiat,Ducato,ducato-maxicargo-2-2-2024,0.0,0.0,140.0,5.0,Manual,Indefinido,Urbano
fiat,Ducato,ducato-minibus-comfort-2-2-2024,0.0,0.0,140.0,5.0,Manual,Indefinido,Urbano
fiat,Ducato,ducato-minibus-executivo-2-2-2024,0.0,0.0,140.0,5.0,Manual,Indefinido,Urbano
fiat,Ducato,ducato-multi-2-2-2024,0.0,0.0,140.0,5.0,Manual,Indefinido,Urbano
fiat,Ducato,ducato-cargo-2-2-2025,0.0,0.0,140.0,5.0,Manual,Indefinido,Urbano
fiat,Ducato,ducato-maxicargo-2-2-2025,0.0,0.0,140.0,5.0,Manual,Indefinido,Urbano
fiat,Ducato,ducato-minibus-comfort-2-2-2025,0.0,0.0,140.0,5.0,Manual,Indefinido,Urbano
fiat,Ducato,ducato-minibus-executivo-2-2-2025,0.0,0.0,140.0,5.0,Manual,Indefinido,Urbano
fiat,Ducato,ducato-minibus-luxo-2-2-2025,0.0,0.0,140.0,5.0,Manual,Indefinido,Urbano
fiat,Ducato,ducato-multi-2-2-2025,0.0,0.0,140.0,5.0,Manual,Indefinido,Urbano
fiat,Ducato,ducato-cargo-2-2-2026,0.0,0.0,140.0,5.0,Manual,Indefinido,Urbano
fiat,Ducato,ducato-maxicargo-2-2-2026,0.0,0.0,140.0,5.0,Manual,Indefinido,Urbano
fiat,Ducato,ducato-minibus-comfort-2-2-2026,0.0,0.0,140.0,5.0,Manual,Indefinido,Urbano
fiat,Ducato,ducato-minibus-luxo-2-2-2026,0.0,0.0,140.0,5.0,Manual,Indefinido,Urbano
fiat,Duna,duna-1-6-i-e-1994,0.0,0.0,831.0,5.0,Manual,Indefinido,Urbano
fiat,Duna,duna-1-6-i-e-1995,0.0,0.0,83.1,5.0,Manual,Indefinido,Urbano
fiat,E-scudo,e-scudo-bev-2023,0.0,0.0,0.0,5.0,Auto,Indefinido,Urbano
fiat,E-scudo,e-scudo-cargo-2024,0.0,0.0,0.0,5.0,Auto,Indefinido,Urbano
fiat,Elba,elba-cs-1-5-1986,0.0,0.0,71.4,5.0,Manual,Indefinido,Urbano
fiat,Elba,elba-s-1-3-1986,0.0,0.0,59.7,5.0,Manual,Indefinido,Urbano
fiat,Elba,elba-cs-1-5-1987,0.0,0.0,714.0,5.0,Manual,Indefinido,Urbano
fiat,Elba,elba-s-1-3-1987,0.0,0.0,0.0,5.0,Manual,Indefinido,Urbano
fiat,Elba,elba-cs-1-5-1988,0.0,0.0,714.0,5.0,Manual,Indefinido,Urbano
fiat,Elba,elba-s-1-3-1988,0.0,0.0,0.0,5.0,Manual,Indefinido,Urbano
fiat,Elba,elba-csl-1-5-1989,0.0,0.0,82.0,5.0,Manual,Indefinido,Urbano
fiat,Elba,elba-s-1-3-1989,0.0,0.0,59.7,5.0,Manual,Indefinido,Urbano
fiat,Elba,elba-csl-1-6-1990-gasolina,0.0,0.0,0.0,5.0,Manual,Indefinido,Urbano
fiat,Elba,elba-csl-1-6-1990,0.0,0.0,84.0,5.0,Manual,Indefinido,Urbano
fiat,Elba,elba-s-1-6-1990,0.0,0.0,84.0,5.0,Manual,Indefinido,Urbano
fiat,Elba,elba-cs-1-6-1991,0.0,0.0,84.0,5.0,Manual,Indefinido,Urbano
fiat,Elba,elba-csl-1-6-1991,0.0,0.0,84.0,5.0,Manual,Indefinido,Urbano
fiat,Elba,elba-s-1-5-1991,0.0,0.0,636.0,5.0,Manual,Indefinido,Urbano
fiat,Elba,elba-s-1-6-1991,0.0,0.0,0.0,5.0,Manual,Indefinido,Urbano
fiat,Elba,elba-weekend-1-5-1991-gasolina,0.0,0.0,0.0,5.0,Manual,Indefinido,Urbano
fiat,Elba,elba-weekend-1-5-1991,0.0,0.0,636.0,5.0,Manual,Indefinido,Urbano
fiat,Elba,elba-cs-1-6-1992,0.0,0.0,0.0,5.0,Manual,Indefinido,Urbano
fiat,Elba,elba-csl-1-6-1992,0.0,0.0,88.0,5.0,Manual,Indefinido,Urbano
fiat,Elba,elba-weekend-1-5-1992-gasolina,0.0,0.0,0.0,5.0,Manual,Indefinido,Urbano
fiat,Elba,elba-weekend-1-5-1992,0.0,0.0,67.3,5.0,Manual,Indefinido,Urbano
fiat,Elba,elba-csl-1-6-1993,0.0,0.0,88.0,5.0,Manual,Indefinido,Urbano
fiat,Elba,elba-weekend-1-5-1993,0.0,0.0,67.3,5.0,Manual,Indefinido,Urbano
fiat,Elba,elba-weekend-1-5-1993-gasolina,0.0,0.0,0.0,5.0,Manual,Indefinido,Urbano
fiat,Elba,elba-csl-1-6-1994-gasolina,0.0,0.0,831.0,5.0,Manual,Indefinido,Urbano
fiat,Elba,elba-csl-1-6-1994,0.0,0.0,831.0,5.0,Manual,Indefinido,Urbano
fiat,Elba,elba-top-1-6-1994,0.0,0.0,94.0,5.0,Manual,Indefinido,Urbano
fiat,Elba,elba-weekend-1-5-1994,0.0,0.0,67.3,5.0,Manual,Indefinido,Urbano
fiat,Elba,elba-1-6-1995,0.0,0.0,83.1,5.0,Manual,Indefinido,Urbano
fiat,Elba,elba-csl-1-6-1995,0.0,0.0,83.1,5.0,Manual,Indefinido,Urbano
fiat,Elba,elba-weekend-1-5-1995,0.0,0.0,67.3,5.0,Manual,Indefinido,Urbano
fiat,Elba,elba-1-6-1996,0.0,0.0,831.0,5.0,Manual,Indefinido,Urbano
fiat,Elba,elba-csl-1-6-1996,0.0,0.0,83.1,5.0,Manual,Indefinido,Urbano
fiat,Elba,elba-weekend-1-5-1996,0.0,0.0,67.3,5.0,Manual,Indefinido,Urbano
fiat,Fastback,fastback-audace-1-0-2023,0.0,0.0,0.0,5.0,Auto,Indefinido,Urbano
fiat,Fastback,fastback-impetus-1-0-2023,0.0,0.0,0.0,5.0,Auto,Indefinido,Urbano
fiat,Fastback,fastback-limited-edition-1-3-2023,0.0,0.0,0.0,5.0,Auto,Indefinido,Urbano
fiat,Fastback,fastback-1-0-2024,0.0,0.0,0.0,5.0,Auto,Indefinido,Urbano
fiat,Fastback,fastback-abarth-1-3-2024,0.0,0.0,0.0,5.0,Auto,Indefinido,Urbano
fiat,Fastback,fastback-audace-1-0-2024,0.0,0.0,0.0,5.0,Auto,Indefinido,Urbano
fiat,Fastback,fastback-impetus-1-0-2024,0.0,0.0,0.0,5.0,Auto,Indefinido,Urbano
fiat,Fastback,fastback-limited-edition-1-3-2024,0.0,0.0,0.0,5.0,Auto,Indefinido,Urbano
fiat,Fastback,fastback-1-0-2025,0.0,0.0,0.0,5.0,Auto,Indefinido,Urbano
fiat,Fastback,fastback-abarth-1-3-2025,0.0,0.0,0.0,5.0,Auto,Indefinido,Urbano
fiat,Fastback,fastback-audace-1-0-2025,0.0,0.0,0.0,5.0,Auto,Indefinido,Urbano
fiat,Fastback,fastback-audace-1-0-hybrid-2025,0.0,0.0,130.0,5.0,Auto,Indefinido,Urbano
fiat,Fastback,fastback-impetus-1-0-2025,0.0,0.0,0.0,5.0,Auto,Indefinido,Urbano
fiat,Fastback,fastback-impetus-1-0-hybrid-2025,0.0,0.0,130.0,5.0,Auto,Indefinido,Urbano
fiat,Fastback,fastback-limited-edition-1-3-2025,0.0,0.0,0.0,5.0,Auto,Indefinido,Urbano
fiat,Fastback,fastback-lollapalooza-1-0-hybrid-2025,0.0,0.0,130.0,5.0,Auto,Indefinido,Urbano
fiat,Fastback,fastback-tributo-125-1-0-2025,0.0,0.0,0.0,5.0,Auto,Indefinido,Urbano
fiat,Fastback,fastback-1-0-2026,0.0,0.0,0.0,5.0,Auto,Indefinido,Urbano
fiat,Fastback,fastback-abarth-1-3-2026,0.0,0.0,0.0,5.0,Auto,Indefinido,Urbano
fiat,Fastback,fastback-audace-1-0-hybrid-2026,0.0,0.0,130.0,5.0,Auto,Indefinido,Urbano
fiat,Fastback,fastback-impetus-1-0-hybrid-2026,0.0,0.0,130.0,5.0,Auto,Indefinido,Urbano
fiat,Fastback,fastback-limited-edition-1-3-2026,0.0,0.0,0.0,5.0,Auto,Indefinido,Urbano
fiat,Fiorino,fiorino-furgao-1-3-1988,0.0,0.0,597.0,5.0,Manual,Indefinido,Urbano
fiat,Fiorino,fiorino-furgao-1-5-1989,0.0,0.0,70.5,5.0,Manual,Indefinido,Urbano
fiat,Fiorino,fiorino-furgao-1-5-1991,0.0,0.0,636.0,5.0,Manual,Indefinido,Urbano
fiat,Fiorino,fiorino-furgao-1-5-1992,0.0,0.0,612.0,5.0,Manual,Indefinido,Urbano
fiat,Fiorino,fiorino-furgao-1-0-1994,0.0,0.0,56.1,5.0,Manual,Indefinido,Urbano
fiat,Fiorino,fiorino-furgao-1-5-1994,0.0,0.0,67.3,5.0,Manual,Indefinido,Urbano
fiat,Fiorino,fiorino-furgao-1-0-1995,0.0,0.0,56.1,5.0,Manual,Indefinido,Urbano
fiat,Fiorino,fiorino-furgao-1-5-1995,0.0,0.0,67.3,5.0,Manual,Indefinido,Urbano
fiat,Fiorino,fiorino-furgao-1-0-1996,0.0,0.0,58.0,5.0,Manual,Indefinido,Urbano
fiat,Fiorino,fiorino-furgao-1-5-1996,0.0,0.0,67.3,5.0,Manual,Indefinido,Urbano
fiat,Fiorino,fiorino-furgao-1-0-1997,0.0,0.0,56.1,5.0,Manual,Indefinido,Urbano
fiat,Fiorino,fiorino-furgao-1-5-1997,0.0,0.0,67.3,5.0,Manual,Indefinido,Urbano
fiat,Fiorino,fiorino-furgao-1-5-2000,0.0,0.0,76.0,5.0,Manual,Indefinido,Urbano
fiat,Fiorino,fiorino-furgao-1-5-2001,0.0,0.0,76.0,5.0,Manual,Indefinido,Urbano
fiat,Fiorino,fiorino-furgao-1-5-2002,0.0,0.0,76.0,5.0,Manual,Indefinido,Urbano
fiat,Fiorino,fiorino-furgao-1-3-2003,0.0,0.0,65.0,5.0,Manual,Indefinido,Urbano
fiat,Fiorino,fiorino-furgao-1-3-2004,0.0,0.0,65.0,5.0,Manual,Indefinido,Urbano
fiat,Fiorino,fiorino-furgao-1-3-2005,0.0,0.0,65.0,5.0,Manual,Indefinido,Urbano
fiat,Fiorino,fiorino-furgao-1-3-2006,0.0,0.0,65.0,5.0,Manual,Indefinido,Urbano
fiat,Fiorino,fiorino-furgao-1-3-2007,0.0,0.0,71.0,5.0,Manual,Indefinido,Urbano
fiat,Fiorino,fiorino-furgao-1-3-2008,0.0,0.0,0.0,5.0,Manual,Indefinido,Urbano
fiat,Fiorino,fiorino-furgao-1-3-2009,0.0,0.0,71.0,5.0,Manual,Indefinido,Urbano
fiat,Fiorino,fiorino-furgao-1-3-2010,0.0,0.0,71.0,5.0,Manual,Indefinido,Urbano
fiat,Fiorino,fiorino-furgao-1-3-2011,0.0,0.0,0.0,5.0,Manual,Indefinido,Urbano
fiat,Fiorino,fiorino-furgao-1-3-2012,0.0,0.0,71.0,5.0,Manual,Indefinido,Urbano
fiat,Fiorino,fiorino-furgao-1-3-2013,0.0,0.0,71.0,5.0,Manual,Indefinido,Urbano
fiat,Fiorino,fiorino-furgao-1-4-2014,0.0,0.0,88.0,5.0,Manual,Indefinido,Urbano
fiat,Fiorino,fiorino-furgao-1-4-2015,0.0,0.0,88.0,5.0,Manual,Indefinido,Urbano
fiat,Fiorino,fiorino-furgao-1-4-2016,0.0,0.0,88.0,5.0,Manual,Indefinido,Urbano
fiat,Fiorino,fiorino-furgao-1-4-2017,0.0,0.0,88.0,5.0,Manual,Indefinido,Urbano
fiat,Fiorino,fiorino-furgao-hard-working-1-4-2017,0.0,0.0,88.0,5.0,Manual,Indefinido,Urbano
fiat,Fiorino,fiorino-furgao-1-4-2018,0.0,0.0,88.0,5.0,Manual,Indefinido,Urbano
fiat,Fiorino,fiorino-furgao-hard-working-1-4-2018,0.0,0.0,88.0,5.0,Manual,Indefinido,Urbano
fiat,Fiorino,fiorino-furgao-1-4-2019,0.0,0.0,88.0,5.0,Manual,Indefinido,Urbano
fiat,Fiorino,fiorino-furgao-hard-working-1-4-2019,0.0,0.0,0.0,5.0,Manual,Indefinido,Urbano
fiat,Fiorino,fiorino-ambulancia-1-4-2020,0.0,0.0,88.0,5.0,Manual,Indefinido,Urbano
fiat,Fiorino,fiorino-furgao-1-4-2020,0.0,0.0,0.0,5.0,Manual,Indefinido,Urbano
fiat,Fiorino,fiorino-furgao-hard-working-1-4-2020,0.0,0.0,0.0,5.0,Manual,Indefinido,Urbano
fiat,Fiorino,fiorino-ambulancia-1-4-2021,0.0,0.0,0.0,5.0,Manual,Indefinido,Urbano
fiat,Fiorino,fiorino-furgao-1-4-2021,0.0,0.0,0.0,5.0,Manual,Indefinido,Urbano
fiat,Fiorino,fiorino-furgao-endurance-1-4-2021,0.0,0.0,0.0,5.0,Manual,Indefinido,Urbano
fiat,Fiorino,fiorino-furgao-hard-working-1-4-2021,0.0,0.0,88.0,5.0,Manual,Indefinido,Urbano
fiat,Fiorino,fiorino-furgao-working-1-4-2021,0.0,0.0,0.0,5.0,Manual,Indefinido,Urbano
fiat,Fiorino,fiorino-furgao-endurance-1-4-2022,0.0,0.0,0.0,5.0,Manual,Indefinido,Urbano
fiat,Fiorino,fiorino-furgao-endurance-1-4-2023,0.0,0.0,0.0,5.0,Manual,Indefinido,Urbano
fiat,Fiorino,fiorino-furgao-endurance-1-4-2024,0.0,0.0,0.0,5.0,Manual,Indefinido,Urbano
fiat,Fiorino,fiorino-furgao-endurance-1-3-2025,0.0,0.0,0.0,5.0,Manual,Indefinido,Urbano
fiat,Fiorino,fiorino-furgao-endurance-1-4-2025,0.0,0.0,0.0,5.0,Manual,Indefinido,Urbano
fiat,Fiorino,fiorino-furgao-endurance-1-3-2026,0.0,0.0,0.0,5.0,Manual,Indefinido,Urbano
fiat,Fiorino Pick-up,fiorino-pick-up-1-3-1988,0.0,0.0,59.7,5.0,Manual,Indefinido,Urbano
fiat,Fiorino Pick-up,fiorino-pick-up-1-3-1989,0.0,0.0,597.0,5.0,Manual,Indefinido,Urbano
fiat,Fiorino Pick-up,fiorino-pick-up-1-5-1989,0.0,0.0,71.4,5.0,Manual,Indefinido,Urbano
fiat,Fiorino Pick-up,fiorino-pick-up-lx-1-5-1989,0.0,0.0,714.0,5.0,Manual,Indefinido,Urbano
fiat,Fiorino Pick-up,fiorino-pick-up-1-5-1990,0.0,0.0,71.4,5.0,Manual,Indefinido,Urbano
fiat,Fiorino Pick-up,fiorino-pick-up-lx-1-6-1990,0.0,0.0,84.0,5.0,Manual,Indefinido,Urbano
fiat,Fiorino Pick-up,fiorino-pick-up-1-3-1991,0.0,0.0,597.0,5.0,Manual,Indefinido,Urbano
fiat,Fiorino Pick-up,fiorino-pick-up-1-5-1991,0.0,0.0,63.6,5.0,Manual,Indefinido,Urbano
fiat,Fiorino Pick-up,fiorino-pick-up-heavy-duty-1-5-1991,0.0,0.0,636.0,5.0,Manual,Indefinido,Urbano
fiat,Fiorino Pick-up,fiorino-pick-up-lx-1-6-1991,0.0,0.0,84.0,5.0,Manual,Indefinido,Urbano
fiat,Fiorino Pick-up,fiorino-pick-up-1-5-1992,0.0,0.0,612.0,5.0,Manual,Indefinido,Urbano
fiat,Fiorino Pick-up,fiorino-pick-up-heavy-duty-1-5-1992,0.0,0.0,0.0,5.0,Manual,Indefinido,Urbano
fiat,Fiorino Pick-up,fiorino-pick-up-lx-1-6-1992,0.0,0.0,84.0,5.0,Manual,Indefinido,Urbano
fiat,Fiorino Pick-up,fiorino-pick-up-1-5-1993,0.0,0.0,612.0,5.0,Manual,Indefinido,Urbano
fiat,Fiorino Pick-up,fiorino-pick-up-lx-1-6-1993,0.0,0.0,84.0,5.0,Manual,Indefinido,Urbano
fiat,Fiorino Pick-up,fiorino-pick-up-1-0-1994,0.0,0.0,56.1,5.0,Manual,Indefinido,Urbano
fiat,Fiorino Pick-up,fiorino-pick-up-1-5-1994,0.0,0.0,67.3,5.0,Manual,Indefinido,Urbano
fiat,Fiorino Pick-up,fiorino-pick-up-lx-1-6-1994,0.0,0.0,80.0,5.0,Manual,Indefinido,Urbano
fiat,Fiorino Pick-up,fiorino-pick-up-1-0-1995,0.0,0.0,56.1,5.0,Manual,Indefinido,Urbano
fiat,Fiorino Pick-up,fiorino-pick-up-1-5-1995,0.0,0.0,67.3,5.0,Manual,Indefinido,Urbano
fiat,Fiorino Pick-up,fiorino-pick-up-lx-1-6-1995,0.0,0.0,94.0,5.0,Manual,Indefinido,Urbano
fiat,Fiorino Pick-up,fiorino-pick-up-trekking-1-5-1995,0.0,0.0,67.3,5.0,Manual,Indefinido,Urbano
fiat,Fiorino Pick-up,fiorino-pick-up-1-0-1996,0.0,0.0,58.0,5.0,Manual,Indefinido,Urbano
fiat,Fiorino Pick-up,fiorino-pick-up-1-5-1996,0.0,0.0,67.3,5.0,Manual,Indefinido,Urbano
fiat,Fiorino Pick-up,fiorino-pick-up-lx-1-6-1996,0.0,0.0,94.0,5.0,Manual,Indefinido,Urbano
fiat,Fiorino Pick-up,fiorino-pick-up-trekking-1-5-1996,0.0,0.0,67.3,5.0,Manual,Indefinido,Urbano
fiat,Fiorino Pick-up,fiorino-pick-up-working-1-5-1996,0.0,0.0,67.3,5.0,Manual,Indefinido,Urbano
fiat,Fiorino Pick-up,fiorino-pick-up-1-0-1997,0.0,0.0,58.0,5.0,Manual,Indefinido,Urbano
fiat,Fiorino Pick-up,fiorino-pick-up-1-5-1997,0.0,0.0,67.3,5.0,Manual,Indefinido,Urbano
fiat,Fiorino Pick-up,fiorino-pick-up-lx-1-6-1997,0.0,0.0,94.0,5.0,Manual,Indefinido,Urbano
fiat,Fiorino Pick-up,fiorino-pick-up-trekking-1-5-1997,0.0,0.0,76.0,5.0,Manual,Indefinido,Urbano
fiat,Fiorino Pick-up,fiorino-pick-up-working-1-5-1997,0.0,0.0,67.3,5.0,Manual,Indefinido,Urbano
fiat,Fiorino Pick-up,fiorino-pick-up-lx-1-6-1998,0.0,0.0,94.0,5.0,Manual,Indefinido,Urbano
fiat,Fiorino Pick-up,fiorino-pick-up-trekking-1-5-1998,0.0,0.0,76.0,5.0,Manual,Indefinido,Urbano
fiat,Fiorino Pick-up,fiorino-pick-up-working-1-5-1998,0.0,0.0,67.3,5.0,Manual,Indefinido,Urbano
fiat,Freemont,freemont-emotion-2-4-2012,0.0,0.0,172.0,5.0,Auto,Indefinido,Urbano
fiat,Freemont,freemont-precision-2-4-2012,0.0,0.0,172.0,5.0,Auto,Indefinido,Urbano
fiat,Freemont,freemont-emotion-2-4-2013,0.0,0.0,172.0,5.0,Auto,Indefinido,Urbano
fiat,Freemont,freemont-precision-2-4-2013,0.0,0.0,172.0,5.0,Auto,Indefinido,Urbano
fiat,Freemont,freemont-emotion-2-4-2014,0.0,0.0,172.0,5.0,Auto,Indefinido,Urbano
fiat,Freemont,freemont-precision-2-4-2014,0.0,0.0,172.0,5.0,Auto,Indefinido,Urbano
fiat,Freemont,freemont-emotion-2-4-2015,0.0,0.0,172.0,5.0,Auto,Indefinido,Urbano
fiat,Freemont,freemont-precision-2-4-2015,0.0,0.0,172.0,5.0,Auto,Indefinido,Urbano
fiat,Freemont,freemont-emotion-2-4-2016,0.0,0.0,172.0,5.0,Auto,Indefinido,Urbano
fiat,Freemont,freemont-precision-2-4-2016,0.0,0.0,172.0,5.0,Auto,Indefinido,Urbano
fiat,Idea,idea-elx-1-4-8v-2006,0.0,0.0,81.0,5.0,Manual,Indefinido,Urbano
fiat,Idea,idea-hlx-1-8-8v-2006,0.0,0.0,114.0,5.0,Manual,Indefinido,Urbano
fiat,Idea,idea-adventure-1-8-8v-2007,0.0,0.0,114.0,5.0,Manual,Indefinido,Urbano
fiat,Idea,idea-elx-1-4-8v-2007,0.0,0.0,81.0,5.0,Manual,Indefinido,Urbano
fiat,Idea,idea-hlx-1-8-8v-2007,0.0,0.0,114.0,5.0,Manual,Indefinido,Urbano
fiat,Idea,idea-adventure-1-8-8v-2008,0.0,0.0,0.0,5.0,Manual,Indefinido,Urbano
fiat,Idea,idea-elx-1-4-8v-2008,0.0,0.0,81.0,5.0,Manual,Indefinido,Urbano
fiat,Idea,idea-hlx-1-8-8v-2008,0.0,0.0,114.0,5.0,Manual,Indefinido,Urbano
fiat,Idea,idea-adventure-1-8-8v-2009,0.0,0.0,114.0,5.0,Manual,Indefinido,Urbano
fiat,Idea,idea-elx-1-4-8v-2009,0.0,0.0,81.0,5.0,Manual,Indefinido,Urbano
fiat,Idea,idea-hlx-1-8-8v-2009,0.0,0.0,114.0,5.0,Manual,Indefinido,Urbano
fiat,Idea,idea-adventure-1-8-8v-2010,0.0,0.0,114.0,5.0,Manual,Indefinido,Urbano
fiat,Idea,idea-adventure-1-8-8v-dualogic-2010,0.0,0.0,114.0,5.0,Auto,Indefinido,Urbano
fiat,Idea,idea-elx-1-4-8v-2010,0.0,0.0,81.0,5.0,Manual,Indefinido,Urbano
fiat,Idea,idea-elx-1-8-8v-2010,0.0,0.0,114.0,5.0,Manual,Indefinido,Urbano
fiat,Idea,idea-hlx-1-8-8v-2010,0.0,0.0,114.0,5.0,Manual,Indefinido,Urbano
fiat,Idea,idea-adventure-1-8-16v-2011,0.0,0.0,132.0,5.0,Manual,Indefinido,Urbano
fiat,Idea,idea-adventure-1-8-16v-dualogic-2011,0.0,0.0,132.0,5.0,Auto,Indefinido,Urbano
fiat,Idea,idea-attractive-1-4-8v-2011,0.0,0.0,81.0,5.0,Manual,Indefinido,Urbano
fiat,Idea,idea-essence-1-6-16v-2011,0.0,0.0,117.0,5.0,Manual,Indefinido,Urbano
fiat,Idea,idea-essence-1-6-16v-dualogic-2011,0.0,0.0,117.0,5.0,Auto,Indefinido,Urbano
fiat,Idea,idea-sporting-1-8-16v-2011,0.0,0.0,132.0,5.0,Manual,Indefinido,Urbano
fiat,Idea,idea-sporting-1-8-16v-dualogic-2011,0.0,0.0,132.0,5.0,Auto,Indefinido,Urbano
fiat,Idea,idea-adventure-1-8-16v-2012,0.0,0.0,132.0,5.0,Manual,Indefinido,Urbano
fiat,Idea,idea-adventure-1-8-16v-dualogic-2012,0.0,0.0,132.0,5.0,Auto,Indefinido,Urbano
fiat,Idea,idea-attractive-1-4-8v-2012,0.0,0.0,81.0,5.0,Manual,Indefinido,Urbano
fiat,Idea,idea-essence-1-6-16v-2012,0.0,0.0,117.0,5.0,Manual,Indefinido,Urbano
fiat,Idea,idea-essence-1-6-16v-dualogic-2012,0.0,0.0,117.0,5.0,Auto,Indefinido,Urbano
fiat,Idea,idea-adventure-1-8-16v-2013,0.0,0.0,132.0,5.0,Manual,Indefinido,Urbano
fiat,Idea,idea-adventure-1-8-16v-dualogic-2013,0.0,0.0,132.0,5.0,Auto,Indefinido,Urbano
fiat,Idea,idea-attractive-1-4-8v-2013,0.0,0.0,81.0,5.0,Manual,Indefinido,Urbano
fiat,Idea,idea-essence-1-6-16v-2013,0.0,0.0,117.0,5.0,Manual,Indefinido,Urbano
fiat,Idea,idea-essence-1-6-16v-dualogic-2013,0.0,0.0,117.0,5.0,Auto,Indefinido,Urbano
fiat,Idea,idea-adventure-1-8-16v-2014,0.0,0.0,132.0,5.0,Manual,Indefinido,Urbano
fiat,Idea,idea-adventure-1-8-16v-dualogic-2014,0.0,0.0,132.0,5.0,Auto,Indefinido,Urbano
fiat,Idea,idea-attractive-1-4-8v-2014,0.0,0.0,81.0,5.0,Manual,Indefinido,Urbano
fiat,Idea,idea-essence-1-6-16v-2014,0.0,0.0,117.0,5.0,Manual,Indefinido,Urbano
fiat,Idea,idea-essence-1-6-16v-dualogic-2014,0.0,0.0,117.0,5.0,Auto,Indefinido,Urbano
fiat,Idea,idea-sublime-1-6-16v-2014,0.0,0.0,117.0,5.0,Manual,Indefinido,Urbano
fiat,Idea,idea-sublime-1-6-16v-dualogic-2014,0.0,0.0,117.0,5.0,Auto,Indefinido,Urbano
fiat,Idea,idea-adventure-1-8-16v-2015,0.0,0.0,132.0,5.0,Manual,Indefinido,Urbano
fiat,Idea,idea-adventure-1-8-16v-dualogic-2015,0.0,0.0,132.0,5.0,Auto,Indefinido,Urbano
fiat,Idea,idea-attractive-1-4-8v-2015,0.0,0.0,81.0,5.0,Manual,Indefinido,Urbano
fiat,Idea,idea-essence-1-6-16v-2015,0.0,0.0,117.0,5.0,Manual,Indefinido,Urbano
fiat,Idea,idea-essence-1-6-16v-dualogic-2015,0.0,0.0,117.0,5.0,Auto,Indefinido,Urbano
fiat,Idea,idea-sublime-1-6-16v-2015,0.0,0.0,0.0,5.0,Manual,Indefinido,Urbano
fiat,Idea,idea-sublime-1-6-16v-dualogic-2015,0.0,0.0,0.0,5.0,Auto,Indefinido,Urbano
fiat,Idea,idea-adventure-1-8-16v-2016,0.0,0.0,132.0,5.0,Manual,Indefinido,Urbano
fiat,Idea,idea-adventure-1-8-16v-dualogic-2016,0.0,0.0,132.0,5.0,Auto,Indefinido,Urbano
fiat,Idea,idea-adventure-extreme-1-8-16v-2016,0.0,0.0,132.0,5.0,Manual,Indefinido,Urbano
fiat,Idea,idea-adventure-extreme-1-8-16v-dualogic-2016,0.0,0.0,132.0,5.0,Auto,Indefinido,Urbano
fiat,Idea,idea-attractive-1-4-8v-2016,0.0,0.0,81.0,5.0,Manual,Indefinido,Urbano
fiat,Idea,idea-essence-1-6-16v-2016,0.0,0.0,117.0,5.0,Manual,Indefinido,Urbano
fiat,Idea,idea-essence-1-6-16v-dualogic-2016,0.0,0.0,117.0,5.0,Auto,Indefinido,Urbano
fiat,Idea,idea-sublime-1-6-16v-2016,0.0,0.0,0.0,5.0,Manual,Indefinido,Urbano
fiat,Idea,idea-sublime-1-6-16v-dualogic-2016,0.0,0.0,0.0,5.0,Auto,Indefinido,Urbano
fiat,Linea,linea-1-9-2009,0.0,0.0,132.0,5.0,Manual,Indefinido,Urbano
fiat,Linea,linea-1-9-dualogic-2009,0.0,0.0,132.0,5.0,Auto,Indefinido,Urbano
fiat,Linea,linea-absolute-1-9-dualogic-2009,0.0,0.0,132.0,5.0,Auto,Indefinido,Urbano
fiat,Linea,linea-t-jet-1-4-turbo-2009,0.0,0.0,152.0,5.0,Manual,Indefinido,Urbano
fiat,Linea,linea-absolute-1-9-dualogic-2010,0.0,0.0,132.0,5.0,Auto,Indefinido,Urbano
fiat,Linea,linea-hlx-1-9-2010,0.0,0.0,132.0,5.0,Manual,Indefinido,Urbano
fiat,Linea,linea-hlx-1-9-dualogic-2010,0.0,0.0,132.0,5.0,Auto,Indefinido,Urbano
fiat,Linea,linea-lx-1-9-2010,0.0,0.0,127.0,5.0,Manual,Indefinido,Urbano
fiat,Linea,linea-lx-1-9-dualogic-2010,0.0,0.0,127.0,5.0,Auto,Indefinido,Urbano
fiat,Linea,linea-t-jet-1-4-turbo-2010,0.0,0.0,152.0,5.0,Manual,Indefinido,Urbano
fiat,Linea,linea-absolute-1-8-dualogic-2011,0.0,0.0,132.0,5.0,Auto,Indefinido,Urbano
fiat,Linea,linea-hlx-1-8-2011,0.0,0.0,132.0,5.0,Manual,Indefinido,Urbano
fiat,Linea,linea-hlx-1-8-dualogic-2011,0.0,0.0,132.0,5.0,Auto,Indefinido,Urbano
fiat,Linea,linea-lx-1-8-2011,0.0,0.0,127.0,5.0,Manual,Indefinido,Urbano
fiat,Linea,linea-lx-1-8-dualogic-2011,0.0,0.0,127.0,5.0,Auto,Indefinido,Urbano
fiat,Linea,linea-t-jet-1-4-turbo-2011,0.0,0.0,152.0,5.0,Manual,Indefinido,Urbano
fiat,Linea,linea-absolute-1-8-dualogic-2012,0.0,0.0,0.0,5.0,Auto,Indefinido,Urbano
fiat,Linea,linea-essence-1-8-2012,0.0,0.0,132.0,5.0,Manual,Indefinido,Urbano
fiat,Linea,linea-essence-1-8-dualogic-2012,0.0,0.0,132.0,5.0,Auto,Indefinido,Urbano
fiat,Linea,linea-t-jet-1-4-turbo-2012,0.0,0.0,152.0,5.0,Manual,Indefinido,Urbano
fiat,Linea,linea-absolute-1-8-dualogic-2013,0.0,0.0,132.0,5.0,Auto,Indefinido,Urbano
fiat,Linea,linea-essence-1-8-2013,0.0,0.0,132.0,5.0,Manual,Indefinido,Urbano
fiat,Linea,linea-essence-1-8-dualogic-2013,0.0,0.0,132.0,5.0,Auto,Indefinido,Urbano
fiat,Linea,linea-sublime-1-8-2013,0.0,0.0,132.0,5.0,Manual,Indefinido,Urbano
fiat,Linea,linea-sublime-1-8-dualogic-2013,0.0,0.0,132.0,5.0,Auto,Indefinido,Urbano
fiat,Linea,linea-absolute-1-8-dualogic-2014,0.0,0.0,132.0,5.0,Auto,Indefinido,Urbano
fiat,Linea,linea-essence-1-8-2014,0.0,0.0,132.0,5.0,Manual,Indefinido,Urbano
fiat,Linea,linea-essence-1-8-dualogic-2014,0.0,0.0,132.0,5.0,Auto,Indefinido,Urbano
fiat,Linea,linea-absolute-1-8-dualogic-2015,0.0,0.0,132.0,5.0,Auto,Indefinido,Urbano
fiat,Linea,linea-essence-1-8-2015,0.0,0.0,132.0,5.0,Manual,Indefinido,Urbano
fiat,Linea,linea-essence-1-8-dualogic-2015,0.0,0.0,132.0,5.0,Auto,Indefinido,Urbano
fiat,Linea,linea-absolute-1-8-dualogic-2016,0.0,0.0,132.0,5.0,Auto,Indefinido,Urbano
fiat,Linea,linea-blackmotion-1-8-2016,0.0,0.0,132.0,5.0,Manual,Indefinido,Urbano
fiat,Linea,linea-blackmotion-1-8-dualogic-2016,0.0,0.0,132.0,5.0,Auto,Indefinido,Urbano
fiat,Linea,linea-essence-1-8-2016,0.0,0.0,132.0,5.0,Manual,Indefinido,Urbano
fiat,Linea,linea-essence-1-8-dualogic-2016,0.0,0.0,132.0,5.0,Auto,Indefinido,Urbano
fiat,Marea,marea-elx-2-0-20v-1998,0.0,0.0,142.0,5.0,Manual,Indefinido,Urbano
fiat,Marea,marea-hlx-2-0-20v-1998,0.0,0.0,142.0,5.0,Manual,Indefinido,Urbano
fiat,Marea,marea-elx-2-0-20v-1999,0.0,0.0,0.0,5.0,Manual,Indefinido,Urbano
fiat,Marea,marea-hlx-2-0-20v-1999,0.0,0.0,142.0,5.0,Manual,Indefinido,Urbano
fiat,Marea,marea-sx-1-8-16v-1999,0.0,0.0,127.0,5.0,Manual,Indefinido,Urbano
fiat,Marea,marea-sx-2-0-20v-1999,0.0,0.0,127.0,5.0,Manual,Indefinido,Urbano
fiat,Marea,marea-turbo-2-0-20v-1999,0.0,0.0,182.0,5.0,Manual,Indefinido,Urbano
fiat,Marea,marea-elx-2-0-20v-2000,0.0,0.0,142.0,5.0,Manual,Indefinido,Urbano
fiat,Marea,marea-hlx-2-0-20v-2000,0.0,0.0,142.0,5.0,Manual,Indefinido,Urbano
fiat,Marea,marea-sx-1-8-16v-2000,0.0,0.0,132.0,5.0,Manual,Indefinido,Urbano
fiat,Marea,marea-turbo-2-0-20v-2000,0.0,0.0,182.0,5.0,Manual,Indefinido,Urbano
fiat,Marea,marea-elx-2-4-20v-2001,0.0,0.0,160.0,5.0,Manual,Indefinido,Urbano
fiat,Marea,marea-hlx-2-4-20v-2001,0.0,0.0,160.0,5.0,Manual,Indefinido,Urbano
fiat,Marea,marea-sx-1-8-16v-2001,0.0,0.0,132.0,5.0,Manual,Indefinido,Urbano
fiat,Marea,marea-turbo-2-0-20v-2001,0.0,0.0,182.0,5.0,Manual,Indefinido,Urbano
fiat,Marea,marea-elx-2-4-20v-2002,0.0,0.0,160.0,5.0,Manual,Indefinido,Urbano
fiat,Marea,marea-hlx-2-4-20v-2002,0.0,0.0,160.0,5.0,Manual,Indefinido,Urbano
fiat,Marea,marea-hlx-2-4-20v-at-2002,0.0,0.0,160.0,5.0,Auto,Indefinido,Urbano
fiat,Marea,marea-sx-1-8-16v-2002,0.0,0.0,132.0,5.0,Manual,Indefinido,Urbano
fiat,Marea,marea-turbo-2-0-20v-2002,0.0,0.0,182.0,5.0,Manual,Indefinido,Urbano
fiat,Marea,marea-elx-1-8-16v-2003,0.0,0.0,132.0,5.0,Manual,Indefinido,Urbano
fiat,Marea,marea-elx-2-4-20v-2003,0.0,0.0,160.0,5.0,Manual,Indefinido,Urbano
fiat,Marea,marea-hlx-2-4-20v-at-2003,0.0,0.0,160.0,5.0,Auto,Indefinido,Urbano
fiat,Marea,marea-sx-1-8-16v-2003,0.0,0.0,132.0,5.0,Manual,Indefinido,Urbano
fiat,Marea,marea-turbo-2-0-20v-2003,0.0,0.0,182.0,5.0,Manual,Indefinido,Urbano
fiat,Marea,marea-elx-1-8-16v-2004,0.0,0.0,132.0,5.0,Manual,Indefinido,Urbano
fiat,Marea,marea-hlx-2-4-20v-at-2004,0.0,0.0,160.0,5.0,Auto,Indefinido,Urbano
fiat,Marea,marea-sx-1-8-16v-2004,0.0,0.0,132.0,5.0,Manual,Indefinido,Urbano
fiat,Marea,marea-turbo-2-0-20v-2004,0.0,0.0,182.0,5.0,Manual,Indefinido,Urbano
fiat,Marea,marea-elx-1-8-16v-2005,0.0,0.0,132.0,5.0,Manual,Indefinido,Urbano
fiat,Marea,marea-hlx-2-4-20v-at-2005,0.0,0.0,160.0,5.0,Auto,Indefinido,Urbano
fiat,Marea,marea-sx-1-8-16v-2005,0.0,0.0,132.0,5.0,Manual,Indefinido,Urbano
fiat,Marea,marea-elx-1-8-16v-2006,0.0,0.0,132.0,5.0,Manual,Indefinido,Urbano
fiat,Marea,marea-hlx-2-4-20v-at-2006,0.0,0.0,160.0,5.0,Auto,Indefinido,Urbano
fiat,Marea,marea-sx-1-6-16v-2006,0.0,0.0,106.0,5.0,Manual,Indefinido,Urbano
fiat,Marea,marea-turbo-2-0-20v-2006,0.0,0.0,182.0,5.0,Manual,Indefinido,Urbano
fiat,Marea,marea-elx-1-8-16v-2007,0.0,0.0,132.0,5.0,Manual,Indefinido,Urbano
fiat,Marea,marea-hlx-2-4-20v-at-2007,0.0,0.0,160.0,5.0,Auto,Indefinido,Urbano
fiat,Marea,marea-sx-1-6-16v-2007,0.0,0.0,106.0,5.0,Manual,Indefinido,Urbano
fiat,Marea,marea-turbo-2-0-20v-2007,0.0,0.0,182.0,5.0,Manual,Indefinido,Urbano
fiat,Marea Weekend,marea-weekend-elx-2-0-20v-1998,0.0,0.0,142.0,5.0,Manual,Indefinido,Urbano
fiat,Marea Weekend,marea-weekend-hlx-2-0-20v-1998,0.0,0.0,142.0,5.0,Manual,Indefinido,Urbano
fiat,Marea Weekend,marea-weekend-elx-2-0-20v-1999,0.0,0.0,142.0,5.0,Manual,Indefinido,Urbano
fiat,Marea Weekend,marea-weekend-hlx-2-0-20v-1999,0.0,0.0,0.0,5.0,Manual,Indefinido,Urbano
fiat,Marea Weekend,marea-weekend-sx-1-8-16v-1999,0.0,0.0,127.0,5.0,Manual,Indefinido,Urbano
fiat,Marea Weekend,marea-weekend-sx-2-0-20v-1999,0.0,0.0,127.0,5.0,Manual,Indefinido,Urbano
fiat,Marea Weekend,marea-weekend-turbo-2-0-20v-1999,0.0,0.0,0.0,5.0,Manual,Indefinido,Urbano
fiat,Marea Weekend,marea-weekend-elx-2-0-20v-2000,0.0,0.0,142.0,5.0,Manual,Indefinido,Urbano
fiat,Marea Weekend,marea-weekend-hlx-2-0-20v-2000,0.0,0.0,142.0,5.0,Manual,Indefinido,Urbano
fiat,Marea Weekend,marea-weekend-sx-1-8-16v-2000,0.0,0.0,132.0,5.0,Manual,Indefinido,Urbano
fiat,Marea Weekend,marea-weekend-turbo-2-0-20v-2000,0.0,0.0,182.0,5.0,Manual,Indefinido,Urbano
fiat,Marea Weekend,marea-weekend-elx-2-4-20v-2001,0.0,0.0,160.0,5.0,Manual,Indefinido,Urbano
fiat,Marea Weekend,marea-weekend-hlx-2-4-20v-2001,0.0,0.0,160.0,5.0,Manual,Indefinido,Urbano
fiat,Marea Weekend,marea-weekend-sx-1-8-16v-2001,0.0,0.0,132.0,5.0,Manual,Indefinido,Urbano
fiat,Marea Weekend,marea-weekend-turbo-2-0-20v-2001,0.0,0.0,182.0,5.0,Manual,Indefinido,Urbano
fiat,Marea Weekend,marea-weekend-elx-2-4-20v-2002,0.0,0.0,160.0,5.0,Manual,Indefinido,Urbano
fiat,Marea Weekend,marea-weekend-hlx-2-4-20v-2002,0.0,0.0,0.0,5.0,Manual,Indefinido,Urbano
fiat,Marea Weekend,marea-weekend-hlx-2-4-20v-at-2002,0.0,0.0,160.0,5.0,Auto,Indefinido,Urbano
fiat,Marea Weekend,marea-weekend-sx-1-8-16v-2002,0.0,0.0,132.0,5.0,Manual,Indefinido,Urbano
fiat,Marea Weekend,marea-weekend-turbo-2-0-20v-2002,0.0,0.0,182.0,5.0,Manual,Indefinido,Urbano
fiat,Marea Weekend,marea-weekend-elx-1-8-16v-2003,0.0,0.0,132.0,5.0,Manual,Indefinido,Urbano
fiat,Marea Weekend,marea-weekend-elx-2-4-20v-2003,0.0,0.0,160.0,5.0,Manual,Indefinido,Urbano
fiat,Marea Weekend,marea-weekend-hlx-2-4-20v-2003,0.0,0.0,160.0,5.0,Manual,Indefinido,Urbano
fiat,Marea Weekend,marea-weekend-hlx-2-4-20v-at-2003,0.0,0.0,160.0,5.0,Auto,Indefinido,Urbano
fiat,Marea Weekend,marea-weekend-sx-1-8-16v-2003,0.0,0.0,132.0,5.0,Manual,Indefinido,Urbano
fiat,Marea Weekend,marea-weekend-turbo-2-0-20v-2003,0.0,0.0,182.0,5.0,Manual,Indefinido,Urbano
fiat,Marea Weekend,marea-weekend-elx-1-8-16v-2004,0.0,0.0,132.0,5.0,Manual,Indefinido,Urbano
fiat,Marea Weekend,marea-weekend-hlx-2-4-20v-at-2004,0.0,0.0,160.0,5.0,Auto,Indefinido,Urbano
fiat,Marea Weekend,marea-weekend-sx-1-8-16v-2004,0.0,0.0,132.0,5.0,Manual,Indefinido,Urbano
fiat,Marea Weekend,marea-weekend-turbo-2-0-20v-2004,0.0,0.0,182.0,5.0,Manual,Indefinido,Urbano
fiat,Marea Weekend,marea-weekend-elx-1-8-16v-2005,0.0,0.0,132.0,5.0,Manual,Indefinido,Urbano
fiat,Marea Weekend,marea-weekend-hlx-2-4-20v-at-2005,0.0,0.0,160.0,5.0,Auto,Indefinido,Urbano
fiat,Marea Weekend,marea-weekend-sx-1-8-16v-2005,0.0,0.0,132.0,5.0,Manual,Indefinido,Urbano
fiat,Marea Weekend,marea-weekend-turbo-2-0-20v-2005,0.0,0.0,182.0,5.0,Manual,Indefinido,Urbano
fiat,Marea Weekend,marea-weekend-elx-1-8-16v-2006,0.0,0.0,132.0,5.0,Manual,Indefinido,Urbano
fiat,Marea Weekend,marea-weekend-hlx-2-4-20v-at-2006,0.0,0.0,160.0,5.0,Auto,Indefinido,Urbano
fiat,Marea Weekend,marea-weekend-sx-1-6-16v-2006,0.0,0.0,106.0,5.0,Manual,Indefinido,Urbano
fiat,Marea Weekend,marea-weekend-turbo-2-0-20v-2006,0.0,0.0,182.0,5.0,Manual,Indefinido,Urbano
fiat,Marea Weekend,marea-weekend-elx-1-8-16v-2007,0.0,0.0,132.0,5.0,Manual,Indefinido,Urbano
fiat,Marea Weekend,marea-weekend-hlx-2-4-20v-at-2007,0.0,0.0,160.0,5.0,Auto,Indefinido,Urbano
fiat,Marea Weekend,marea-weekend-sx-1-6-16v-2007,0.0,0.0,0.0,5.0,Manual,Indefinido,Urbano
fiat,Marea Weekend,marea-weekend-turbo-2-0-20v-2007,0.0,0.0,182.0,5.0,Manual,Indefinido,Urbano
fiat,Mobi,mobi-drive-1-0-2017,0.0,0.0,77.0,5.0,Manual,Indefinido,Urbano
fiat,Mobi,mobi-easy-1-0-2017,0.0,0.0,75.0,5.0,Manual,Indefinido,Urbano
fiat,Mobi,mobi-easy-on-1-0-2017,0.0,0.0,75.0,5.0,Manual,Indefinido,Urbano
fiat,Mobi,mobi-like-1-0-2017,0.0,0.0,75.0,5.0,Manual,Indefinido,Urbano
fiat,Mobi,mobi-like-on-1-0-2017,0.0,0.0,75.0,5.0,Manual,Indefinido,Urbano
fiat,Mobi,mobi-way-1-0-2017,0.0,0.0,75.0,5.0,Manual,Indefinido,Urbano
fiat,Mobi,mobi-way-on-1-0-2017,0.0,0.0,75.0,5.0,Manual,Indefinido,Urbano
fiat,Mobi,mobi-drive-1-0-2018,0.0,0.0,77.0,5.0,Manual,Indefinido,Urbano
fiat,Mobi,mobi-drive-1-0-gsr-2018,0.0,0.0,77.0,5.0,Auto,Indefinido,Urbano
fiat,Mobi,mobi-easy-1-0-2018,0.0,0.0,75.0,5.0,Manual,Indefinido,Urbano
fiat,Mobi,mobi-like-1-0-2018,0.0,0.0,75.0,5.0,Manual,Indefinido,Urbano
fiat,Mobi,mobi-way-1-0-2018,0.0,0.0,75.0,5.0,Manual,Indefinido,Urbano
fiat,Mobi,mobi-drive-1-0-2019,0.0,0.0,77.0,5.0,Manual,Indefinido,Urbano
fiat,Mobi,mobi-drive-1-0-gsr-2019,0.0,0.0,77.0,5.0,Auto,Indefinido,Urbano
fiat,Mobi,mobi-easy-1-0-2019,0.0,0.0,75.0,5.0,Manual,Indefinido,Urbano
fiat,Mobi,mobi-easy-comfort-1-0-2019,0.0,0.0,75.0,5.0,Manual,Indefinido,Urbano
fiat,Mobi,mobi-like-1-0-2019,0.0,0.0,75.0,5.0,Manual,Indefinido,Urbano
fiat,Mobi,mobi-velocity-1-0-2019,0.0,0.0,77.0,5.0,Manual,Indefinido,Urbano
fiat,Mobi,mobi-way-1-0-2019,0.0,0.0,75.0,5.0,Manual,Indefinido,Urbano
fiat,Mobi,mobi-way-extreme-1-0-2019,0.0,0.0,75.0,5.0,Manual,Indefinido,Urbano
fiat,Mobi,mobi-drive-1-0-2020,0.0,0.0,0.0,5.0,Manual,Indefinido,Urbano
fiat,Mobi,mobi-drive-1-0-gsr-2020,0.0,0.0,0.0,5.0,Auto,Indefinido,Urbano
fiat,Mobi,mobi-easy-1-0-2020,0.0,0.0,0.0,5.0,Manual,Indefinido,Urbano
fiat,Mobi,mobi-easy-comfort-1-0-2020,0.0,0.0,0.0,5.0,Manual,Indefinido,Urbano
fiat,Mobi,mobi-like-1-0-2020,0.0,0.0,0.0,5.0,Manual,Indefinido,Urbano
fiat,Mobi,mobi-way-1-0-2020,0.0,0.0,0.0,5.0,Manual,Indefinido,Urbano
fiat,Mobi,mobi-easy-1-0-2021,0.0,0.0,0.0,5.0,Manual,Indefinido,Urbano
fiat,Mobi,mobi-like-1-0-2021,0.0,0.0,0.0,5.0,Manual,Indefinido,Urbano
fiat,Mobi,mobi-trekking-1-0-2021,0.0,0.0,75.0,5.0,Manual,Indefinido,Urbano
fiat,Mobi,mobi-easy-1-0-2022,0.0,0.0,0.0,5.0,Manual,Indefinido,Urbano
fiat,Mobi,mobi-like-1-0-2022,0.0,0.0,0.0,5.0,Manual,Indefinido,Urbano
fiat,Mobi,mobi-trekking-1-0-2022,0.0,0.0,0.0,5.0,Manual,Indefinido,Urbano
fiat,Mobi,mobi-like-1-0-2023,0.0,0.0,0.0,5.0,Manual,Indefinido,Urbano
fiat,Mobi,mobi-trekking-1-0-2023,0.0,0.0,0.0,5.0,Manual,Indefinido,Urbano
fiat,Mobi,mobi-like-1-0-2024,0.0,0.0,0.0,5.0,Manual,Indefinido,Urbano
fiat,Mobi,mobi-trekking-1-0-2024,0.0,0.0,0.0,5.0,Manual,Indefinido,Urbano
fiat,Mobi,mobi-like-1-0-2025,0.0,0.0,0.0,5.0,Manual,Indefinido,Urbano
fiat,Mobi,mobi-like-1-0-2025-flex,0.0,0.0,0.0,5.0,Manual,Indefinido,Urbano
fiat,Mobi,mobi-trekking-1-0-2025,0.0,0.0,0.0,5.0,Manual,Indefinido,Urbano
fiat,Mobi,mobi-trekking-1-0-2025-flex,0.0,0.0,0.0,5.0,Manual,Indefinido,Urbano
fiat,Mobi,mobi-like-1-0-2026,0.0,0.0,0.0,5.0,Manual,Indefinido,Urbano
fiat,Mobi,mobi-trekking-1-0-2026,0.0,0.0,0.0,5.0,Manual,Indefinido,Urbano
fiat,Oggi,oggi-cs-1-3-1983,0.0,0.0,56.0,5.0,Manual,Indefinido,Urbano
fiat,Oggi,oggi-cs-1-3-1984,0.0,0.0,56.0,5.0,Manual,Indefinido,Urbano
fiat,Oggi,oggi-css-1-4-1984,0.0,0.0,78.0,5.0,Manual,Indefinido,Urbano
fiat,Oggi,oggi-pierre-balmain-1-3-1984,0.0,0.0,0.0,5.0,Manual,Indefinido,Urbano
fiat,Oggi,oggi-cs-1-3-1985,0.0,0.0,56.0,5.0,Manual,Indefinido,Urbano
fiat,Palio,palio-1-6-16v-mpi-1996,0.0,0.0,106.0,5.0,Manual,Indefinido,Urbano
fiat,Palio,palio-1-6-16v-mpi-1996-gasolina,0.0,0.0,106.0,5.0,Manual,Indefinido,Urbano
fiat,Palio,palio-ed-1-0-1996,0.0,0.0,61.0,5.0,Manual,Indefinido,Urbano
fiat,Palio,palio-ed-1-0-1996-gasolina,0.0,0.0,61.0,5.0,Manual,Indefinido,Urbano
fiat,Palio,palio-edx-1-0-1996,0.0,0.0,61.0,5.0,Manual,Indefinido,Urbano
fiat,Palio,palio-edx-1-0-1996-gasolina,0.0,0.0,61.0,5.0,Manual,Indefinido,Urbano
fiat,Palio,palio-el-1-5-1996,0.0,0.0,76.0,5.0,Manual,Indefinido,Urbano
fiat,Palio,palio-el-1-5-1996-gasolina,0.0,0.0,76.0,5.0,Manual,Indefinido,Urbano
fiat,Palio,palio-1-6-16v-mpi-1997,0.0,0.0,106.0,5.0,Manual,Indefinido,Urbano
fiat,Palio,palio-1-6-16v-mpi-1997-gasolina,0.0,0.0,106.0,5.0,Manual,Indefinido,Urbano
fiat,Palio,palio-ed-1-0-1997,0.0,0.0,61.0,5.0,Manual,Indefinido,Urbano
fiat,Palio,palio-ed-1-0-1997-gasolina,0.0,0.0,61.0,5.0,Manual,Indefinido,Urbano
fiat,Palio,palio-edx-1-0-1997,0.0,0.0,61.0,5.0,Manual,Indefinido,Urbano
fiat,Palio,palio-edx-1-0-1997-gasolina,0.0,0.0,61.0,5.0,Manual,Indefinido,Urbano
fiat,Palio,palio-el-1-5-1997,0.0,0.0,76.0,5.0,Manual,Indefinido,Urbano
fiat,Palio,palio-el-1-5-1997-gasolina,0.0,0.0,76.0,5.0,Manual,Indefinido,Urbano
fiat,Palio,palio-1-6-16v-mpi-1998,0.0,0.0,106.0,5.0,Manual,Indefinido,Urbano
fiat,Palio,palio-1-6-16v-mpi-1998-gasolina,0.0,0.0,106.0,5.0,Manual,Indefinido,Urbano
fiat,Palio,palio-ed-1-0-1998,0.0,0.0,61.0,5.0,Manual,Indefinido,Urbano
fiat,Palio,palio-ed-1-0-1998-gasolina,0.0,0.0,61.0,5.0,Manual,Indefinido,Urbano
fiat,Palio,palio-edx-1-0-1998,0.0,0.0,61.0,5.0,Manual,Indefinido,Urbano
fiat,Palio,palio-edx-1-0-1998-gasolina,0.0,0.0,61.0,5.0,Manual,Indefinido,Urbano
fiat,Palio,palio-el-1-5-1998,0.0,0.0,76.0,5.0,Manual,Indefinido,Urbano
fiat,Palio,palio-el-1-5-1998-gasolina,0.0,0.0,76.0,5.0,Manual,Indefinido,Urbano
fiat,Palio,palio-el-1-6-1998,0.0,0.0,82.0,5.0,Manual,Indefinido,Urbano
fiat,Palio,palio-elx-1-6-8v-1998,0.0,0.0,92.0,5.0,Manual,Indefinido,Urbano
fiat,Palio,palio-ex-1-0-8v-1998,0.0,0.0,61.0,5.0,Manual,Indefinido,Urbano
fiat,Palio,palio-ex-1-0-8v-1998-gasolina,0.0,0.0,61.0,5.0,Manual,Indefinido,Urbano
fiat,Palio,palio-city-1-0-1999,0.0,0.0,61.0,5.0,Manual,Indefinido,Urbano
fiat,Palio,palio-city-1-5-1999,0.0,0.0,77.0,5.0,Manual,Indefinido,Urbano
fiat,Palio,palio-citymatic-1-0-1999,0.0,0.0,61.0,5.0,Manual,Indefinido,Urbano
fiat,Palio,palio-ed-1-0-1999,0.0,0.0,61.0,5.0,Manual,Indefinido,Urbano
fiat,Palio,palio-ed-1-0-1999-gasolina,0.0,0.0,61.0,5.0,Manual,Indefinido,Urbano
fiat,Palio,palio-edx-1-0-1999,0.0,0.0,61.0,5.0,Manual,Indefinido,Urbano
fiat,Palio,palio-edx-1-0-1999-gasolina,0.0,0.0,61.0,5.0,Manual,Indefinido,Urbano
fiat,Palio,palio-el-1-5-1999,0.0,0.0,77.0,5.0,Manual,Indefinido,Urbano
fiat,Palio,palio-el-1-6-1999,0.0,0.0,82.0,5.0,Manual,Indefinido,Urbano
fiat,Palio,palio-elx-1-0-8v-1999,0.0,0.0,61.0,5.0,Manual,Indefinido,Urbano
fiat,Palio,palio-elx-1-0-8v-1999-gasolina,0.0,0.0,61.0,5.0,Manual,Indefinido,Urbano
fiat,Palio,palio-elx-1-6-8v-1999,0.0,0.0,92.0,5.0,Manual,Indefinido,Urbano
fiat,Palio,palio-elx-500-anos-1-0-8v-1999,0.0,0.0,61.0,5.0,Manual,Indefinido,Urbano
fiat,Palio,palio-ex-1-0-8v-1999,0.0,0.0,61.0,5.0,Manual,Indefinido,Urbano
fiat,Palio,palio-ex-1-0-8v-1999-gasolina,0.0,0.0,61.0,5.0,Manual,Indefinido,Urbano
fiat,Palio,palio-city-1-0-2000,0.0,0.0,61.0,5.0,Manual,Indefinido,Urbano
fiat,Palio,palio-city-1-6-2000,0.0,0.0,82.0,5.0,Manual,Indefinido,Urbano
fiat,Palio,palio-citymatic-1-0-2000,0.0,0.0,61.0,5.0,Manual,Indefinido,Urbano
fiat,Palio,palio-el-1-6-2000,0.0,0.0,82.0,5.0,Manual,Indefinido,Urbano
fiat,Palio,palio-elx-1-0-8v-2000,0.0,0.0,61.0,5.0,Manual,Indefinido,Urbano
fiat,Palio,palio-elx-1-0-8v-2000-gasolina,0.0,0.0,61.0,5.0,Manual,Indefinido,Urbano
fiat,Palio,palio-elx-1-3-16v-2000,0.0,0.0,80.0,5.0,Manual,Indefinido,Urbano
fiat,Palio,palio-elx-1-6-8v-2000,0.0,0.0,92.0,5.0,Manual,Indefinido,Urbano
fiat,Palio,palio-elx-500-anos-1-0-8v-2000,0.0,0.0,61.0,5.0,Manual,Indefinido,Urbano
fiat,Palio,palio-ex-1-0-8v-2000,0.0,0.0,61.0,5.0,Manual,Indefinido,Urbano
fiat,Palio,palio-ex-1-0-8v-2000-gasolina,0.0,0.0,61.0,5.0,Manual,Indefinido,Urbano
fiat,Palio,palio-elx-1-0-16v-2001,0.0,0.0,70.0,5.0,Manual,Indefinido,Urbano
fiat,Palio,palio-elx-1-3-16v-2001,0.0,0.0,80.0,5.0,Manual,Indefinido,Urbano
fiat,Palio,palio-elx-1-6-16v-2001,0.0,0.0,106.0,5.0,Manual,Indefinido,Urbano
fiat,Palio,palio-ex-1-0-8v-2001,0.0,0.0,55.0,5.0,Manual,Indefinido,Urbano
fiat,Palio,palio-ex-1-0-8v-2001-gasolina,0.0,0.0,55.0,5.0,Manual,Indefinido,Urbano
fiat,Palio,palio-stile-1-6-16v-2001,0.0,0.0,106.0,5.0,Manual,Indefinido,Urbano
fiat,Palio,palio-young-1-0-2001,0.0,0.0,61.0,5.0,Manual,Indefinido,Urbano
fiat,Palio,palio-young-1-0-2001-gasolina,0.0,0.0,61.0,5.0,Manual,Indefinido,Urbano
fiat,Palio,palio-1-5-2002,0.0,0.0,77.0,5.0,Manual,Indefinido,Urbano
fiat,Palio,palio-1-5-2002-alcool,0.0,0.0,77.0,5.0,Manual,Indefinido,Urbano
fiat,Palio,palio-elx-1-0-16v-2002,0.0,0.0,70.0,5.0,Manual,Indefinido,Urbano
fiat,Palio,palio-elx-1-3-16v-2002,0.0,0.0,80.0,5.0,Manual,Indefinido,Urbano
fiat,Palio,palio-elx-1-6-16v-2002,0.0,0.0,106.0,5.0,Manual,Indefinido,Urbano
fiat,Palio,palio-ex-1-0-16v-2002,0.0,0.0,0.0,5.0,Manual,Indefinido,Urbano
fiat,Palio,palio-ex-1-0-16v-2002-gasolina,0.0,0.0,70.0,5.0,Manual,Indefinido,Urbano
fiat,Palio,palio-ex-1-0-8v-2002,0.0,0.0,55.0,5.0,Manual,Indefinido,Urbano
fiat,Palio,palio-ex-1-0-8v-2002-gasolina,0.0,0.0,55.0,5.0,Manual,Indefinido,Urbano
fiat,Palio,palio-stile-1-6-16v-2002,0.0,0.0,106.0,5.0,Manual,Indefinido,Urbano
fiat,Palio,palio-young-1-0-2002,0.0,0.0,55.0,5.0,Manual,Indefinido,Urbano
fiat,Palio,palio-young-1-0-2002-gasolina,0.0,0.0,55.0,5.0,Manual,Indefinido,Urbano
fiat,Palio,palio-1-5-2003,0.0,0.0,77.0,5.0,Manual,Indefinido,Urbano
fiat,Palio,palio-1-5-2003-alcool,0.0,0.0,77.0,5.0,Manual,Indefinido,Urbano
fiat,Palio,palio-elx-1-0-16v-2003,0.0,0.0,70.0,5.0,Manual,Indefinido,Urbano
fiat,Palio,palio-elx-1-3-16v-2003,0.0,0.0,80.0,5.0,Manual,Indefinido,Urbano
fiat,Palio,palio-elx-1-6-16v-2003,0.0,0.0,106.0,5.0,Manual,Indefinido,Urbano
fiat,Palio,palio-elx-1-8-2003,0.0,0.0,103.0,5.0,Manual,Indefinido,Urbano
fiat,Palio,palio-ex-1-0-16v-2003,0.0,0.0,70.0,5.0,Manual,Indefinido,Urbano
fiat,Palio,palio-ex-1-0-16v-2003-gasolina,0.0,0.0,70.0,5.0,Manual,Indefinido,Urbano
fiat,Palio,palio-ex-1-0-8v-2003,0.0,0.0,55.0,5.0,Manual,Indefinido,Urbano
fiat,Palio,palio-ex-1-0-8v-2003-gasolina,0.0,0.0,55.0,5.0,Manual,Indefinido,Urbano
fiat,Palio,palio-ex-1-3-8v-2003,0.0,0.0,67.0,5.0,Manual,Indefinido,Urbano
fiat,Palio,palio-ex-1-8-2003,0.0,0.0,103.0,5.0,Manual,Indefinido,Urbano
fiat,Palio,palio-fire-1-0-2003,0.0,0.0,55.0,5.0,Manual,Indefinido,Urbano
fiat,Palio,palio-fire-1-0-2003-gasolina,0.0,0.0,55.0,5.0,Manual,Indefinido,Urbano
fiat,Palio,palio-stile-1-6-16v-2003,0.0,0.0,106.0,5.0,Manual,Indefinido,Urbano
fiat,Palio,palio-elx-1-0-8v-2004,0.0,0.0,65.0,5.0,Manual,Indefinido,Urbano
fiat,Palio,palio-elx-1-3-8v-2004,0.0,0.0,71.0,5.0,Manual,Indefinido,Urbano
fiat,Palio,palio-ex-1-0-8v-2004,0.0,0.0,65.0,5.0,Manual,Indefinido,Urbano
fiat,Palio,palio-fire-1-0-2004,0.0,0.0,65.0,5.0,Manual,Indefinido,Urbano
fiat,Palio,palio-fire-1-0-2004-gasolina,0.0,0.0,65.0,5.0,Manual,Indefinido,Urbano
fiat,Palio,palio-hlx-1-8-2004,0.0,0.0,110.0,5.0,Manual,Indefinido,Urbano
fiat,Palio,palio-elx-1-0-8v-2005,0.0,0.0,65.0,5.0,Manual,Indefinido,Urbano
fiat,Palio,palio-elx-1-3-8v-2005,0.0,0.0,71.0,5.0,Manual,Indefinido,Urbano
fiat,Palio,palio-ex-1-0-8v-2005,0.0,0.0,65.0,5.0,Manual,Indefinido,Urbano
fiat,Palio,palio-fire-1-0-2005,0.0,0.0,66.0,5.0,Manual,Indefinido,Urbano
fiat,Palio,palio-fire-1-0-2005-gasolina,0.0,0.0,65.0,5.0,Manual,Indefinido,Urbano
fiat,Palio,palio-hlx-1-8-2005,0.0,0.0,0.0,5.0,Manual,Indefinido,Urbano
fiat,Palio,palio-1-8-r-2006,0.0,0.0,115.0,5.0,Manual,Indefinido,Urbano
fiat,Palio,palio-elx-1-0-8v-2006,0.0,0.0,66.0,5.0,Manual,Indefinido,Urbano
fiat,Palio,palio-elx-1-4-2006,0.0,0.0,81.0,5.0,Manual,Indefinido,Urbano
fiat,Palio,palio-ex-1-0-8v-2006,0.0,0.0,66.0,5.0,Manual,Indefinido,Urbano
fiat,Palio,palio-fire-1-0-2006,0.0,0.0,66.0,5.0,Manual,Indefinido,Urbano
fiat,Palio,palio-fire-1-0-2006-flex,0.0,0.0,66.0,5.0,Manual,Indefinido,Urbano
fiat,Palio,palio-hlx-1-8-2006,0.0,0.0,0.0,5.0,Manual,Indefinido,Urbano
fiat,Palio,palio-1-8-r-2007,0.0,0.0,0.0,5.0,Manual,Indefinido,Urbano
fiat,Palio,palio-elx-1-0-8v-2007,0.0,0.0,0.0,5.0,Manual,Indefinido,Urbano
fiat,Palio,palio-elx-1-4-2007,0.0,0.0,0.0,5.0,Manual,Indefinido,Urbano
fiat,Palio,palio-fire-1-0-2007,0.0,0.0,66.0,5.0,Manual,Indefinido,Urbano
fiat,Palio,palio-fire-1-0-2007-flex,0.0,0.0,66.0,5.0,Manual,Indefinido,Urbano
fiat,Palio,palio-fire-1-0-2007-flex-alcool-gasolina,0.0,0.0,0.0,5.0,Manual,Indefinido,Urbano
fiat,Palio,palio-hlx-1-8-2007,0.0,0.0,0.0,5.0,Manual,Indefinido,Urbano
fiat,Palio,palio-1-8-r-2008,0.0,0.0,115.0,5.0,Manual,Indefinido,Urbano
fiat,Palio,palio-1-8-r-2008-flex,0.0,0.0,115.0,5.0,Manual,Indefinido,Urbano
fiat,Palio,palio-elx-1-0-8v-2008,0.0,0.0,66.0,5.0,Manual,Indefinido,Urbano
fiat,Palio,palio-elx-1-0-8v-2008-flex,0.0,0.0,66.0,5.0,Manual,Indefinido,Urbano
fiat,Palio,palio-elx-1-4-2008,0.0,0.0,81.0,5.0,Manual,Indefinido,Urbano
fiat,Palio,palio-fire-1-0-2008,0.0,0.0,66.0,5.0,Manual,Indefinido,Urbano
fiat,Palio,palio-fire-1-0-2008-flex,0.0,0.0,66.0,5.0,Manual,Indefinido,Urbano
fiat,Palio,palio-1-8-r-2009,0.0,0.0,115.0,5.0,Manual,Indefinido,Urbano
fiat,Palio,palio-1-8-r-2009-flex,0.0,0.0,115.0,5.0,Manual,Indefinido,Urbano
fiat,Palio,palio-elx-1-0-8v-2009,0.0,0.0,66.0,5.0,Manual,Indefinido,Urbano
fiat,Palio,palio-elx-1-4-2009,0.0,0.0,81.0,5.0,Manual,Indefinido,Urbano
fiat,Palio,palio-fire-1-0-2009,0.0,0.0,66.0,5.0,Manual,Indefinido,Urbano
fiat,Palio,palio-fire-1-0-2009-flex,0.0,0.0,0.0,5.0,Manual,Indefinido,Urbano
fiat,Palio,palio-1-8-r-2010,0.0,0.0,115.0,5.0,Manual,Indefinido,Urbano
fiat,Palio,palio-1-8-r-2010-flex,0.0,0.0,115.0,5.0,Manual,Indefinido,Urbano
fiat,Palio,palio-economy-1-0-2010,0.0,0.0,75.0,5.0,Manual,Indefinido,Urbano
fiat,Palio,palio-economy-1-0-2010-flex,0.0,0.0,75.0,5.0,Manual,Indefinido,Urbano
fiat,Palio,palio-elx-1-0-8v-2010,0.0,0.0,75.0,5.0,Manual,Indefinido,Urbano
fiat,Palio,palio-elx-1-0-8v-2010-flex,0.0,0.0,75.0,5.0,Manual,Indefinido,Urbano
fiat,Palio,palio-elx-1-4-2010,0.0,0.0,86.0,5.0,Manual,Indefinido,Urbano
fiat,Palio,palio-elx-1-8-2010,0.0,0.0,114.0,5.0,Manual,Indefinido,Urbano
fiat,Palio,palio-elx-1-8-dualogic-2010,0.0,0.0,114.0,5.0,Auto,Indefinido,Urbano
fiat,Palio,palio-attractive-1-4-2011,0.0,0.0,86.0,5.0,Manual,Indefinido,Urbano
fiat,Palio,palio-economy-1-0-2011,0.0,0.0,75.0,5.0,Manual,Indefinido,Urbano
fiat,Palio,palio-economy-1-0-2011-flex,0.0,0.0,75.0,5.0,Manual,Indefinido,Urbano
fiat,Palio,palio-elx-1-0-8v-2011,0.0,0.0,0.0,5.0,Manual,Indefinido,Urbano
fiat,Palio,palio-essence-1-6-16v-2011,0.0,0.0,117.0,5.0,Manual,Indefinido,Urbano
fiat,Palio,palio-essence-1-6-16v-dualogic-2011,0.0,0.0,0.0,5.0,Auto,Indefinido,Urbano
fiat,Palio,palio-attractive-1-0-2012,0.0,0.0,75.0,5.0,Manual,Indefinido,Urbano
fiat,Palio,palio-attractive-1-4-2012,0.0,0.0,88.0,5.0,Manual,Indefinido,Urbano
fiat,Palio,palio-economy-1-0-2012,0.0,0.0,75.0,5.0,Manual,Indefinido,Urbano
fiat,Palio,palio-economy-1-0-2012-flex,0.0,0.0,75.0,5.0,Manual,Indefinido,Urbano
fiat,Palio,palio-essence-1-6-16v-2012,0.0,0.0,117.0,5.0,Manual,Indefinido,Urbano
fiat,Palio,palio-essence-1-6-16v-dualogic-2012,0.0,0.0,117.0,5.0,Auto,Indefinido,Urbano
fiat,Palio,palio-sporting-1-6-16v-2012,0.0,0.0,117.0,5.0,Manual,Indefinido,Urbano
fiat,Palio,palio-sporting-1-6-16v-dualogic-2012,0.0,0.0,117.0,5.0,Auto,Indefinido,Urbano
fiat,Palio,palio-attractive-1-0-2013,0.0,0.0,75.0,5.0,Manual,Indefinido,Urbano
fiat,Palio,palio-attractive-1-4-2013,0.0,0.0,88.0,5.0,Manual,Indefinido,Urbano
fiat,Palio,palio-economy-1-0-2013,0.0,0.0,75.0,5.0,Manual,Indefinido,Urbano
fiat,Palio,palio-economy-1-0-2013-flex,0.0,0.0,0.0,5.0,Manual,Indefinido,Urbano
fiat,Palio,palio-essence-1-6-16v-2013,0.0,0.0,117.0,5.0,Manual,Indefinido,Urbano
fiat,Palio,palio-essence-1-6-16v-dualogic-2013,0.0,0.0,117.0,5.0,Auto,Indefinido,Urbano
fiat,Palio,palio-interlagos-1-6-16v-2013,0.0,0.0,117.0,5.0,Manual,Indefinido,Urbano
fiat,Palio,palio-interlagos-1-6-16v-dualogic-2013,0.0,0.0,117.0,5.0,Auto,Indefinido,Urbano
fiat,Palio,palio-sporting-1-6-16v-2013,0.0,0.0,117.0,5.0,Manual,Indefinido,Urbano
fiat,Palio,palio-sporting-1-6-16v-dualogic-2013,0.0,0.0,117.0,5.0,Auto,Indefinido,Urbano
fiat,Palio,palio-attractive-1-0-2014,0.0,0.0,75.0,5.0,Manual,Indefinido,Urbano
fiat,Palio,palio-attractive-1-4-2014,0.0,0.0,88.0,5.0,Manual,Indefinido,Urbano
fiat,Palio,palio-essence-1-6-16v-2014,0.0,0.0,117.0,5.0,Manual,Indefinido,Urbano
fiat,Palio,palio-essence-1-6-16v-dualogic-2014,0.0,0.0,117.0,5.0,Auto,Indefinido,Urbano
fiat,Palio,palio-fire-1-0-2014,0.0,0.0,75.0,5.0,Manual,Indefinido,Urbano
fiat,Palio,palio-fire-1-0-2014-flex,0.0,0.0,75.0,5.0,Manual,Indefinido,Urbano
fiat,Palio,palio-italia-fire-1-0-2014,0.0,0.0,75.0,5.0,Manual,Indefinido,Urbano
fiat,Palio,palio-sporting-1-6-16v-2014,0.0,0.0,117.0,5.0,Manual,Indefinido,Urbano
fiat,Palio,palio-sporting-1-6-16v-dualogic-2014,0.0,0.0,117.0,5.0,Auto,Indefinido,Urbano
fiat,Palio,palio-attractive-1-0-2015,0.0,0.0,75.0,5.0,Manual,Indefinido,Urbano
fiat,Palio,palio-attractive-1-4-2015,0.0,0.0,88.0,5.0,Manual,Indefinido,Urbano
fiat,Palio,palio-best-seller-1-0-2015,0.0,0.0,75.0,5.0,Manual,Indefinido,Urbano
fiat,Palio,palio-best-seller-1-4-2015,0.0,0.0,88.0,5.0,Manual,Indefinido,Urbano
fiat,Palio,palio-essence-1-6-16v-2015,0.0,0.0,117.0,5.0,Manual,Indefinido,Urbano
fiat,Palio,palio-essence-1-6-16v-dualogic-2015,0.0,0.0,117.0,5.0,Auto,Indefinido,Urbano
fiat,Palio,palio-fire-1-0-2015,0.0,0.0,75.0,5.0,Manual,Indefinido,Urbano
fiat,Palio,palio-fire-1-0-2015-flex,0.0,0.0,75.0,5.0,Manual,Indefinido,Urbano
fiat,Palio,palio-fire-rua-1-0-2015,0.0,0.0,75.0,5.0,Manual,Indefinido,Urbano
fiat,Palio,palio-fire-way-1-0-2015,0.0,0.0,75.0,5.0,Manual,Indefinido,Urbano
fiat,Palio,palio-sporting-1-6-16v-2015,0.0,0.0,117.0,5.0,Manual,Indefinido,Urbano
fiat,Palio,palio-sporting-1-6-16v-dualogic-2015,0.0,0.0,117.0,5.0,Auto,Indefinido,Urbano
fiat,Palio,palio-attractive-1-0-2016,0.0,0.0,75.0,5.0,Manual,Indefinido,Urbano
fiat,Palio,palio-attractive-1-4-2016,0.0,0.0,88.0,5.0,Manual,Indefinido,Urbano
fiat,Palio,palio-attractive-best-seller-1-0-2016,0.0,0.0,0.0,5.0,Manual,Indefinido,Urbano
fiat,Palio,palio-attractive-best-seller-1-4-2016,0.0,0.0,0.0,5.0,Manual,Indefinido,Urbano
fiat,Palio,palio-blue-edition-1-6-16v-2016,0.0,0.0,117.0,5.0,Manual,Indefinido,Urbano
fiat,Palio,palio-blue-edition-1-6-16v-dualogic-2016,0.0,0.0,117.0,5.0,Auto,Indefinido,Urbano
fiat,Palio,palio-essence-1-6-16v-2016,0.0,0.0,117.0,5.0,Manual,Indefinido,Urbano
fiat,Palio,palio-essence-1-6-16v-dualogic-2016,0.0,0.0,117.0,5.0,Auto,Indefinido,Urbano
fiat,Palio,palio-fire-1-0-2016,0.0,0.0,75.0,5.0,Manual,Indefinido,Urbano
fiat,Palio,palio-fire-1-0-2016-flex,0.0,0.0,75.0,5.0,Manual,Indefinido,Urbano
fiat,Palio,palio-fire-way-1-0-2016,0.0,0.0,75.0,5.0,Manual,Indefinido,Urbano
fiat,Palio,palio-sporting-1-6-16v-2016,0.0,0.0,117.0,5.0,Manual,Indefinido,Urbano
fiat,Palio,palio-sporting-1-6-16v-dualogic-2016,0.0,0.0,117.0,5.0,Auto,Indefinido,Urbano
fiat,Palio,palio-attractive-1-0-2017,0.0,0.0,75.0,5.0,Manual,Indefinido,Urbano
fiat,Palio,palio-attractive-1-4-2017,0.0,0.0,88.0,5.0,Manual,Indefinido,Urbano
fiat,Palio,palio-essence-1-6-16v-2017,0.0,0.0,117.0,5.0,Manual,Indefinido,Urbano
fiat,Palio,palio-essence-1-6-16v-dualogic-2017,0.0,0.0,117.0,5.0,Auto,Indefinido,Urbano
fiat,Palio,palio-fire-1-0-2017,0.0,0.0,0.0,5.0,Manual,Indefinido,Urbano
fiat,Palio,palio-fire-way-1-0-2017,0.0,0.0,0.0,5.0,Manual,Indefinido,Urbano
fiat,Palio,palio-sporting-1-6-16v-2017,0.0,0.0,117.0,5.0,Manual,Indefinido,Urbano
fiat,Palio,palio-sporting-1-6-16v-dualogic-2017,0.0,0.0,117.0,5.0,Auto,Indefinido,Urbano
fiat,Palio Weekend,palio-weekend-1-5-1997,0.0,0.0,77.0,5.0,Manual,Indefinido,Urbano
fiat,Palio Weekend,palio-weekend-1-6-16v-1997,0.0,0.0,106.0,5.0,Manual,Indefinido,Urbano
fiat,Palio Weekend,palio-weekend-sport-1-6-16v-1997,0.0,0.0,106.0,5.0,Manual,Indefinido,Urbano
fiat,Palio Weekend,palio-weekend-stile-1-6-16v-1997,0.0,0.0,106.0,5.0,Manual,Indefinido,Urbano
fiat,Palio Weekend,palio-weekend-1-5-1998,0.0,0.0,0.0,5.0,Manual,Indefinido,Urbano
fiat,Palio Weekend,palio-weekend-1-6-16v-1998,0.0,0.0,106.0,5.0,Manual,Indefinido,Urbano
fiat,Palio Weekend,palio-weekend-elx-1-6-1998,0.0,0.0,92.0,5.0,Manual,Indefinido,Urbano
fiat,Palio Weekend,palio-weekend-sport-1-6-16v-1998,0.0,0.0,106.0,5.0,Manual,Indefinido,Urbano
fiat,Palio Weekend,palio-weekend-stile-1-6-16v-1998,0.0,0.0,106.0,5.0,Manual,Indefinido,Urbano
fiat,Palio Weekend,palio-weekend-1-0-6-marchas-1999,0.0,0.0,61.0,5.0,Manual,Indefinido,Urbano
fiat,Palio Weekend,palio-weekend-1-5-1999,0.0,0.0,77.0,5.0,Manual,Indefinido,Urbano
fiat,Palio Weekend,palio-weekend-1-6-16v-1999,0.0,0.0,106.0,5.0,Manual,Indefinido,Urbano
fiat,Palio Weekend,palio-weekend-adventure-1-6-8v-1999,0.0,0.0,92.0,5.0,Manual,Indefinido,Urbano
fiat,Palio Weekend,palio-weekend-elx-1-5-1999,0.0,0.0,77.0,5.0,Manual,Indefinido,Urbano
fiat,Palio Weekend,palio-weekend-elx-1-6-1999,0.0,0.0,92.0,5.0,Manual,Indefinido,Urbano
fiat,Palio Weekend,palio-weekend-ex-1-5-1999,0.0,0.0,77.0,5.0,Manual,Indefinido,Urbano
fiat,Palio Weekend,palio-weekend-sport-1-6-16v-1999,0.0,0.0,106.0,5.0,Manual,Indefinido,Urbano
fiat,Palio Weekend,palio-weekend-stile-1-6-16v-1999,0.0,0.0,106.0,5.0,Manual,Indefinido,Urbano
fiat,Palio Weekend,palio-weekend-1-0-6-marchas-2000,0.0,0.0,61.0,5.0,Manual,Indefinido,Urbano
fiat,Palio Weekend,palio-weekend-1-5-2000,0.0,0.0,77.0,5.0,Manual,Indefinido,Urbano
fiat,Palio Weekend,palio-weekend-adventure-1-6-8v-2000,0.0,0.0,92.0,5.0,Manual,Indefinido,Urbano
fiat,Palio Weekend,palio-weekend-elx-1-3-16v-2000,0.0,0.0,80.0,5.0,Manual,Indefinido,Urbano
fiat,Palio Weekend,palio-weekend-elx-1-5-2000,0.0,0.0,77.0,5.0,Manual,Indefinido,Urbano
fiat,Palio Weekend,palio-weekend-elx-1-6-2000,0.0,0.0,92.0,5.0,Manual,Indefinido,Urbano
fiat,Palio Weekend,palio-weekend-ex-1-5-2000,0.0,0.0,77.0,5.0,Manual,Indefinido,Urbano
fiat,Palio Weekend,palio-weekend-sport-1-6-16v-2000,0.0,0.0,106.0,5.0,Manual,Indefinido,Urbano
fiat,Palio Weekend,palio-weekend-stile-1-6-16v-2000,0.0,0.0,106.0,5.0,Manual,Indefinido,Urbano
fiat,Palio Weekend,palio-weekend-adventure-1-6-16v-2001,0.0,0.0,106.0,5.0,Manual,Indefinido,Urbano
fiat,Palio Weekend,palio-weekend-elx-1-0-16v-2001,0.0,0.0,70.0,5.0,Manual,Indefinido,Urbano
fiat,Palio Weekend,palio-weekend-elx-1-3-16v-2001,0.0,0.0,80.0,5.0,Manual,Indefinido,Urbano
fiat,Palio Weekend,palio-weekend-stile-1-6-16v-2001,0.0,0.0,106.0,5.0,Manual,Indefinido,Urbano
fiat,Palio Weekend,palio-weekend-adventure-1-6-16v-2002,0.0,0.0,106.0,5.0,Manual,Indefinido,Urbano
fiat,Palio Weekend,palio-weekend-elx-1-0-16v-2002,0.0,0.0,70.0,5.0,Manual,Indefinido,Urbano
fiat,Palio Weekend,palio-weekend-elx-1-3-16v-2002,0.0,0.0,80.0,5.0,Manual,Indefinido,Urbano
fiat,Palio Weekend,palio-weekend-stile-1-6-16v-2002,0.0,0.0,106.0,5.0,Manual,Indefinido,Urbano
fiat,Palio Weekend,palio-weekend-1-5-2003,0.0,0.0,77.0,5.0,Manual,Indefinido,Urbano
fiat,Palio Weekend,palio-weekend-adventure-1-6-16v-2003,0.0,0.0,106.0,5.0,Manual,Indefinido,Urbano
fiat,Palio Weekend,palio-weekend-adventure-1-8-8v-2003,0.0,0.0,103.0,5.0,Manual,Indefinido,Urbano
fiat,Palio Weekend,palio-weekend-elx-1-0-16v-2003,0.0,0.0,70.0,5.0,Manual,Indefinido,Urbano
fiat,Palio Weekend,palio-weekend-elx-1-3-16v-2003,0.0,0.0,80.0,5.0,Manual,Indefinido,Urbano
fiat,Palio Weekend,palio-weekend-ex-1-3-2003,0.0,0.0,67.0,5.0,Manual,Indefinido,Urbano
fiat,Palio Weekend,palio-weekend-ex-1-8-2003,0.0,0.0,103.0,5.0,Manual,Indefinido,Urbano
fiat,Palio Weekend,palio-weekend-stile-1-6-16v-2003,0.0,0.0,106.0,5.0,Manual,Indefinido,Urbano
fiat,Palio Weekend,palio-weekend-stile-1-8-2003,0.0,0.0,103.0,5.0,Manual,Indefinido,Urbano
fiat,Palio Weekend,palio-weekend-1-5-2004,0.0,0.0,77.0,5.0,Manual,Indefinido,Urbano
fiat,Palio Weekend,palio-weekend-adventure-1-8-8v-2004,0.0,0.0,103.0,5.0,Manual,Indefinido,Urbano
fiat,Palio Weekend,palio-weekend-ex-1-3-2004,0.0,0.0,67.0,5.0,Manual,Indefinido,Urbano
fiat,Palio Weekend,palio-weekend-ex-1-8-2004,0.0,0.0,103.0,5.0,Manual,Indefinido,Urbano
fiat,Palio Weekend,palio-weekend-adventure-1-8-8v-2005,0.0,0.0,110.0,5.0,Manual,Indefinido,Urbano
fiat,Palio Weekend,palio-weekend-elx-1-3-8v-2005,0.0,0.0,71.0,5.0,Manual,Indefinido,Urbano
fiat,Palio Weekend,palio-weekend-hlx-1-8-2005,0.0,0.0,0.0,5.0,Manual,Indefinido,Urbano
fiat,Palio Weekend,palio-weekend-adventure-1-8-8v-2006,0.0,0.0,0.0,5.0,Manual,Indefinido,Urbano
fiat,Palio Weekend,palio-weekend-elx-1-4-2006,0.0,0.0,81.0,5.0,Manual,Indefinido,Urbano
fiat,Palio Weekend,palio-weekend-hlx-1-8-2006,0.0,0.0,0.0,5.0,Manual,Indefinido,Urbano
fiat,Palio Weekend,palio-weekend-adventure-1-8-8v-2007,0.0,0.0,114.0,5.0,Manual,Indefinido,Urbano
fiat,Palio Weekend,palio-weekend-elx-1-4-2007,0.0,0.0,0.0,5.0,Manual,Indefinido,Urbano
fiat,Palio Weekend,palio-weekend-hlx-1-8-2007,0.0,0.0,0.0,5.0,Manual,Indefinido,Urbano
fiat,Palio Weekend,palio-weekend-adventure-1-8-8v-2008,0.0,0.0,0.0,5.0,Manual,Indefinido,Urbano
fiat,Palio Weekend,palio-weekend-elx-1-4-2008,0.0,0.0,81.0,5.0,Manual,Indefinido,Urbano
fiat,Palio Weekend,palio-weekend-adventure-1-8-8v-2009,0.0,0.0,114.0,5.0,Manual,Indefinido,Urbano
fiat,Palio Weekend,palio-weekend-elx-1-4-2009,0.0,0.0,86.0,5.0,Manual,Indefinido,Urbano
fiat,Palio Weekend,palio-weekend-trekking-1-4-2009,0.0,0.0,86.0,5.0,Manual,Indefinido,Urbano
fiat,Palio Weekend,palio-weekend-adventure-1-8-8v-2010,0.0,0.0,114.0,5.0,Manual,Indefinido,Urbano
fiat,Palio Weekend,palio-weekend-adventure-1-8-8v-dualogic-2010,0.0,0.0,114.0,5.0,Auto,Indefinido,Urbano
fiat,Palio Weekend,palio-weekend-attractive-1-4-2010,0.0,0.0,0.0,5.0,Manual,Indefinido,Urbano
fiat,Palio Weekend,palio-weekend-elx-1-4-2010,0.0,0.0,86.0,5.0,Manual,Indefinido,Urbano
fiat,Palio Weekend,palio-weekend-trekking-1-4-2010,0.0,0.0,86.0,5.0,Manual,Indefinido,Urbano
fiat,Palio Weekend,palio-weekend-trekking-1-8-2010,0.0,0.0,114.0,5.0,Manual,Indefinido,Urbano
fiat,Palio Weekend,palio-weekend-adventure-1-8-16v-2011,0.0,0.0,132.0,5.0,Manual,Indefinido,Urbano
fiat,Palio Weekend,palio-weekend-adventure-1-8-16v-dualogic-2011,0.0,0.0,132.0,5.0,Auto,Indefinido,Urbano
fiat,Palio Weekend,palio-weekend-attractive-1-4-2011,0.0,0.0,86.0,5.0,Manual,Indefinido,Urbano
fiat,Palio Weekend,palio-weekend-trekking-1-4-2011,0.0,0.0,0.0,5.0,Manual,Indefinido,Urbano
fiat,Palio Weekend,palio-weekend-trekking-1-6-16v-2011,0.0,0.0,117.0,5.0,Manual,Indefinido,Urbano
fiat,Palio Weekend,palio-weekend-adventure-1-8-16v-2012,0.0,0.0,132.0,5.0,Manual,Indefinido,Urbano
fiat,Palio Weekend,palio-weekend-adventure-1-8-16v-dualogic-2012,0.0,0.0,132.0,5.0,Auto,Indefinido,Urbano
fiat,Palio Weekend,palio-weekend-attractive-1-4-2012,0.0,0.0,86.0,5.0,Manual,Indefinido,Urbano
fiat,Palio Weekend,palio-weekend-trekking-1-6-16v-2012,0.0,0.0,117.0,5.0,Manual,Indefinido,Urbano
fiat,Palio Weekend,palio-weekend-adventure-1-8-16v-2013,0.0,0.0,132.0,5.0,Manual,Indefinido,Urbano
fiat,Palio Weekend,palio-weekend-adventure-1-8-16v-dualogic-2013,0.0,0.0,132.0,5.0,Auto,Indefinido,Urbano
fiat,Palio Weekend,palio-weekend-attractive-1-4-2013,0.0,0.0,86.0,5.0,Manual,Indefinido,Urbano
fiat,Palio Weekend,palio-weekend-trekking-1-6-16v-2013,0.0,0.0,117.0,5.0,Manual,Indefinido,Urbano
fiat,Palio Weekend,palio-weekend-adventure-1-8-16v-2014,0.0,0.0,132.0,5.0,Manual,Indefinido,Urbano
fiat,Palio Weekend,palio-weekend-adventure-1-8-16v-dualogic-2014,0.0,0.0,132.0,5.0,Auto,Indefinido,Urbano
fiat,Palio Weekend,palio-weekend-attractive-1-4-2014,0.0,0.0,86.0,5.0,Manual,Indefinido,Urbano
fiat,Palio Weekend,palio-weekend-trekking-1-6-16v-2014,0.0,0.0,117.0,5.0,Manual,Indefinido,Urbano
fiat,Palio Weekend,palio-weekend-adventure-1-8-16v-2015,0.0,0.0,132.0,5.0,Manual,Indefinido,Urbano
fiat,Palio Weekend,palio-weekend-adventure-1-8-16v-dualogic-2015,0.0,0.0,132.0,5.0,Auto,Indefinido,Urbano
fiat,Palio Weekend,palio-weekend-attractive-1-4-2015,0.0,0.0,86.0,5.0,Manual,Indefinido,Urbano
fiat,Palio Weekend,palio-weekend-trekking-1-6-16v-2015,0.0,0.0,117.0,5.0,Manual,Indefinido,Urbano
fiat,Palio Weekend,palio-weekend-adventure-1-8-16v-2016,0.0,0.0,132.0,5.0,Manual,Indefinido,Urbano
fiat,Palio Weekend,palio-weekend-adventure-1-8-16v-dualogic-2016,0.0,0.0,132.0,5.0,Auto,Indefinido,Urbano
fiat,Palio Weekend,palio-weekend-adventure-extreme-1-8-16v-2016,0.0,0.0,132.0,5.0,Manual,Indefinido,Urbano
fiat,Palio Weekend,palio-weekend-adventure-extreme-1-8-16v-dualogic-2016,0.0,0.0,132.0,5.0,Auto,Indefinido,Urbano
fiat,Palio Weekend,palio-weekend-attractive-1-4-2016,0.0,0.0,86.0,5.0,Manual,Indefinido,Urbano
fiat,Palio Weekend,palio-weekend-trekking-1-6-16v-2016,0.0,0.0,117.0,5.0,Manual,Indefinido,Urbano
fiat,Palio Weekend,palio-weekend-adventure-1-8-16v-2017,0.0,0.0,132.0,5.0,Manual,Indefinido,Urbano
fiat,Palio Weekend,palio-weekend-adventure-1-8-16v-dualogic-2017,0.0,0.0,132.0,5.0,Auto,Indefinido,Urbano
fiat,Palio Weekend,palio-weekend-attractive-1-4-2017,0.0,0.0,86.0,5.0,Manual,Indefinido,Urbano
fiat,Palio Weekend,palio-weekend-adventure-1-8-16v-2018,0.0,0.0,132.0,5.0,Manual,Indefinido,Urbano
fiat,Palio Weekend,palio-weekend-adventure-1-8-16v-dualogic-2018,0.0,0.0,0.0,5.0,Auto,Indefinido,Urbano
fiat,Palio Weekend,palio-weekend-attractive-1-4-2018,0.0,0.0,86.0,5.0,Manual,Indefinido,Urbano
fiat,Palio Weekend,palio-weekend-adventure-1-8-16v-2019,0.0,0.0,132.0,5.0,Manual,Indefinido,Urbano
fiat,Palio Weekend,palio-weekend-attractive-1-4-2019,0.0,0.0,86.0,5.0,Manual,Indefinido,Urbano
fiat,Palio Weekend,palio-weekend-adventure-1-8-16v-2020,0.0,0.0,0.0,5.0,Manual,Indefinido,Urbano
fiat,Palio Weekend,palio-weekend-attractive-1-4-2020,0.0,0.0,0.0,5.0,Manual,Indefinido,Urbano
fiat,Panorama,panorama-cl-1-3-1981,0.0,0.0,61.0,5.0,Manual,Indefinido,Urbano
fiat,Panorama,panorama-cl-1-3-1982,0.0,0.0,0.0,5.0,Manual,Indefinido,Urbano
fiat,Panorama,panorama-cl-1-3-1983,0.0,0.0,62.0,5.0,Manual,Indefinido,Urbano
fiat,Panorama,panorama-cl-1-3-1984,0.0,0.0,62.0,5.0,Manual,Indefinido,Urbano
fiat,Panorama,panorama-cl-1-3-1985,0.0,0.0,62.0,5.0,Manual,Indefinido,Urbano
fiat,Panorama,panorama-cl-1-3-1986,0.0,0.0,62.0,5.0,Manual,Indefinido,Urbano
fiat,Premio,premio-cs-1-5-1985,0.0,0.0,71.4,5.0,Manual,Indefinido,Urbano
fiat,Premio,premio-s-1-3-1985,0.0,0.0,597.0,5.0,Manual,Indefinido,Urbano
fiat,Premio,premio-cs-1-3-1986,0.0,0.0,597.0,5.0,Manual,Indefinido,Urbano
fiat,Premio,premio-cs-1-5-1986,0.0,0.0,714.0,5.0,Manual,Indefinido,Urbano
fiat,Premio,premio-csl-1-5-1986,0.0,0.0,714.0,5.0,Manual,Indefinido,Urbano
fiat,Premio,premio-s-1-3-1986,0.0,0.0,59.7,5.0,Manual,Indefinido,Urbano
fiat,Premio,premio-cs-1-3-1987,0.0,0.0,597.0,5.0,Manual,Indefinido,Urbano
fiat,Premio,premio-cs-1-5-1987,0.0,0.0,714.0,5.0,Manual,Indefinido,Urbano
fiat,Premio,premio-csl-1-5-1987-alcool,0.0,0.0,82.0,5.0,Manual,Indefinido,Urbano
fiat,Premio,premio-csl-1-5-1987,0.0,0.0,71.4,5.0,Manual,Indefinido,Urbano
fiat,Premio,premio-s-1-3-1987,0.0,0.0,597.0,5.0,Manual,Indefinido,Urbano
fiat,Premio,premio-cs-1-3-1988,0.0,0.0,597.0,5.0,Manual,Indefinido,Urbano
fiat,Premio,premio-csl-1-5-1988,0.0,0.0,82.0,5.0,Manual,Indefinido,Urbano
fiat,Premio,premio-s-1-3-1988,0.0,0.0,59.7,5.0,Manual,Indefinido,Urbano
fiat,Premio,premio-cs-1-3-1989,0.0,0.0,597.0,5.0,Manual,Indefinido,Urbano
fiat,Premio,premio-cs-1-5-1989,0.0,0.0,71.4,5.0,Manual,Indefinido,Urbano
fiat,Premio,premio-csl-1-5-1989-alcool,0.0,0.0,0.0,5.0,Manual,Indefinido,Urbano
fiat,Premio,premio-csl-1-5-1989,0.0,0.0,82.0,5.0,Manual,Indefinido,Urbano
fiat,Premio,premio-s-1-3-1989,0.0,0.0,58.2,5.0,Manual,Indefinido,Urbano
fiat,Premio,premio-s-1-3-1989-gasolina,0.0,0.0,582.0,5.0,Manual,Indefinido,Urbano
fiat,Premio,premio-sl-1-3-1989,0.0,0.0,58.2,5.0,Manual,Indefinido,Urbano
fiat,Premio,premio-cs-1-6-1990,0.0,0.0,84.0,5.0,Manual,Indefinido,Urbano
fiat,Premio,premio-csl-1-6-1990,0.0,0.0,84.0,5.0,Manual,Indefinido,Urbano
fiat,Premio,premio-s-1-3-1990,0.0,0.0,0.0,5.0,Manual,Indefinido,Urbano
fiat,Premio,premio-sl-1-6-1990,0.0,0.0,84.0,5.0,Manual,Indefinido,Urbano
fiat,Premio,premio-cs-1-6-1991,0.0,0.0,84.0,5.0,Manual,Indefinido,Urbano
fiat,Premio,premio-csl-1-6-1991,0.0,0.0,84.0,5.0,Manual,Indefinido,Urbano
fiat,Premio,premio-s-1-3-1991,0.0,0.0,0.0,5.0,Manual,Indefinido,Urbano
fiat,Premio,premio-s-1-5-1991,0.0,0.0,636.0,5.0,Manual,Indefinido,Urbano
fiat,Premio,premio-sl-1-6-1991,0.0,0.0,0.0,5.0,Manual,Indefinido,Urbano
fiat,Premio,premio-cs-1-6-1992,0.0,0.0,84.0,5.0,Manual,Indefinido,Urbano
fiat,Premio,premio-csl-1-6-1992,0.0,0.0,84.0,5.0,Manual,Indefinido,Urbano
fiat,Premio,premio-s-1-5-1992,0.0,0.0,612.0,5.0,Manual,Indefinido,Urbano
fiat,Premio,premio-sl-1-5-1992,0.0,0.0,67.3,5.0,Manual,Indefinido,Urbano
fiat,Premio,premio-sl-1-6-1992,0.0,0.0,84.0,5.0,Manual,Indefinido,Urbano
fiat,Premio,premio-cs-1-5-1993,0.0,0.0,0.0,5.0,Manual,Indefinido,Urbano
fiat,Premio,premio-cs-1-5-1993-gasolina,0.0,0.0,0.0,5.0,Manual,Indefinido,Urbano
fiat,Premio,premio-csl-1-6-1993,0.0,0.0,84.0,5.0,Manual,Indefinido,Urbano
fiat,Premio,premio-s-1-5-1993,0.0,0.0,67.3,5.0,Manual,Indefinido,Urbano
fiat,Premio,premio-cs-1-5-1994,0.0,0.0,67.3,5.0,Manual,Indefinido,Urbano
fiat,Premio,premio-csl-1-6-1994,0.0,0.0,83.1,5.0,Manual,Indefinido,Urbano
fiat,Premio,premio-csl-1-6-1994-gasolina,0.0,0.0,831.0,5.0,Manual,Indefinido,Urbano
fiat,Pulse,pulse-audace-1-0-turbo-2022,0.0,0.0,0.0,5.0,Auto,Indefinido,Urbano
fiat,Pulse,pulse-drive-1-0-turbo-2022,0.0,0.0,0.0,5.0,Auto,Indefinido,Urbano
fiat,Pulse,pulse-drive-1-0-turbo-2022-flex,0.0,0.0,0.0,5.0,Auto,Indefinido,Urbano
fiat,Pulse,pulse-drive-1-3-2022,0.0,0.0,0.0,5.0,Manual,Indefinido,Urbano
fiat,Pulse,pulse-drive-1-3-at-2022,0.0,0.0,0.0,5.0,Auto,Indefinido,Urbano
fiat,Pulse,pulse-impetus-1-0-turbo-2022,0.0,0.0,0.0,5.0,Auto,Indefinido,Urbano
fiat,Pulse,pulse-abarth-1-3-turbo-2023,0.0,0.0,0.0,5.0,Auto,Indefinido,Urbano
fiat,Pulse,pulse-audace-1-0-turbo-2023,0.0,0.0,0.0,5.0,Auto,Indefinido,Urbano
fiat,Pulse,pulse-drive-1-0-turbo-2023,0.0,0.0,0.0,5.0,Auto,Indefinido,Urbano
fiat,Pulse,pulse-drive-1-3-2023,0.0,0.0,0.0,5.0,Manual,Indefinido,Urbano
fiat,Pulse,pulse-drive-1-3-at-2023,0.0,0.0,0.0,5.0,Auto,Indefinido,Urbano
fiat,Pulse,pulse-impetus-1-0-turbo-2023,0.0,0.0,0.0,5.0,Auto,Indefinido,Urbano
fiat,Pulse,pulse-abarth-1-3-turbo-2024,0.0,0.0,0.0,5.0,Auto,Indefinido,Urbano
fiat,Pulse,pulse-audace-1-0-turbo-2024,0.0,0.0,0.0,5.0,Auto,Indefinido,Urbano
fiat,Pulse,pulse-drive-1-3-2024,0.0,0.0,0.0,5.0,Manual,Indefinido,Urbano
fiat,Pulse,pulse-drive-1-3-at-2024,0.0,0.0,0.0,5.0,Auto,Indefinido,Urbano
fiat,Pulse,pulse-impetus-1-0-turbo-2024,0.0,0.0,0.0,5.0,Auto,Indefinido,Urbano
fiat,Pulse,pulse-s-design-1-3-at-2024,0.0,0.0,0.0,5.0,Auto,Indefinido,Urbano
fiat,Pulse,pulse-abarth-1-3-turbo-2025,0.0,0.0,0.0,5.0,Auto,Indefinido,Urbano
fiat,Pulse,pulse-audace-1-0-turbo-2025,0.0,0.0,0.0,5.0,Auto,Indefinido,Urbano
fiat,Pulse,pulse-audace-1-0-turbo-hybrid-2025,0.0,0.0,130.0,5.0,Auto,Indefinido,Urbano
fiat,Pulse,pulse-drive-1-3-2025,0.0,0.0,0.0,5.0,Manual,Indefinido,Urbano
fiat,Pulse,pulse-drive-1-3-at-2025,0.0,0.0,0.0,5.0,Auto,Indefinido,Urbano
fiat,Pulse,pulse-impetus-1-0-turbo-2025,0.0,0.0,0.0,5.0,Auto,Indefinido,Urbano
fiat,Pulse,pulse-impetus-1-0-turbo-hybrid-2025,0.0,0.0,130.0,5.0,Auto,Indefinido,Urbano
fiat,Pulse,pulse-lollapalooza-1-0-turbo-hybrid-2025,0.0,0.0,130.0,5.0,Auto,Indefinido,Urbano
fiat,Pulse,pulse-s-design-1-3-at-2025,0.0,0.0,0.0,5.0,Auto,Indefinido,Urbano
fiat,Pulse,pulse-tributo-125-1-0-turbo-2025,0.0,0.0,0.0,5.0,Auto,Indefinido,Urbano
fiat,Pulse,pulse-1-0-turbo-2026,0.0,0.0,0.0,5.0,Auto,Indefinido,Urbano
fiat,Pulse,pulse-abarth-1-3-turbo-2026,0.0,0.0,0.0,5.0,Auto,Indefinido,Urbano
fiat,Pulse,pulse-abarth-stranger-things-1-3-turbo-2026,0.0,0.0,0.0,5.0,Auto,Indefinido,Urbano
fiat,Pulse,pulse-audace-1-0-turbo-hybrid-2026,0.0,0.0,130.0,5.0,Auto,Indefinido,Urbano
fiat,Pulse,pulse-drive-1-3-2026,0.0,0.0,0.0,5.0,Manual,Indefinido,Urbano
fiat,Pulse,pulse-drive-1-3-at-2026,0.0,0.0,0.0,5.0,Auto,Indefinido,Urbano
fiat,Pulse,pulse-impetus-1-0-turbo-hybrid-2026,0.0,0.0,130.0,5.0,Auto,Indefinido,Urbano
fiat,Punto,punto-1-4-2008,0.0,0.0,86.0,5.0,Manual,Indefinido,Urbano
fiat,Punto,punto-elx-1-4-2008,0.0,0.0,86.0,5.0,Manual,Indefinido,Urbano
fiat,Punto,punto-hlx-1-8-8v-2008,0.0,0.0,115.0,5.0,Manual,Indefinido,Urbano
fiat,Punto,punto-sporting-1-8-8v-2008,0.0,0.0,115.0,5.0,Manual,Indefinido,Urbano
fiat,Punto,punto-1-4-2009,0.0,0.0,0.0,5.0,Manual,Indefinido,Urbano
fiat,Punto,punto-elx-1-4-2009,0.0,0.0,86.0,5.0,Manual,Indefinido,Urbano
fiat,Punto,punto-hlx-1-8-8v-2009,0.0,0.0,115.0,5.0,Manual,Indefinido,Urbano
fiat,Punto,punto-sporting-1-8-8v-2009,0.0,0.0,115.0,5.0,Manual,Indefinido,Urbano
fiat,Punto,punto-t-jet-1-4-turbo-2009,0.0,0.0,152.0,5.0,Manual,Indefinido,Urbano
fiat,Punto,punto-1-4-2010,0.0,0.0,86.0,5.0,Manual,Indefinido,Urbano
fiat,Punto,punto-elx-1-4-2010,0.0,0.0,86.0,5.0,Manual,Indefinido,Urbano
fiat,Punto,punto-hlx-1-8-8v-2010,0.0,0.0,115.0,5.0,Manual,Indefinido,Urbano
fiat,Punto,punto-sporting-1-8-8v-2010,0.0,0.0,115.0,5.0,Manual,Indefinido,Urbano
fiat,Punto,punto-t-jet-1-4-turbo-2010,0.0,0.0,152.0,5.0,Manual,Indefinido,Urbano
fiat,Punto,punto-1-4-2011,0.0,0.0,0.0,5.0,Manual,Indefinido,Urbano
fiat,Punto,punto-attractive-1-4-2011,0.0,0.0,86.0,5.0,Manual,Indefinido,Urbano
fiat,Punto,punto-elx-1-4-2011,0.0,0.0,0.0,5.0,Manual,Indefinido,Urbano
fiat,Punto,punto-essence-1-6-16v-2011,0.0,0.0,117.0,5.0,Manual,Indefinido,Urbano
fiat,Punto,punto-essence-1-6-16v-dualogic-2011,0.0,0.0,117.0,5.0,Auto,Indefinido,Urbano
fiat,Punto,punto-essence-1-8-16v-2011,0.0,0.0,132.0,5.0,Manual,Indefinido,Urbano
fiat,Punto,punto-essence-1-8-16v-dualogic-2011,0.0,0.0,132.0,5.0,Auto,Indefinido,Urbano
fiat,Punto,punto-sporting-1-8-16v-2011,0.0,0.0,132.0,5.0,Manual,Indefinido,Urbano
fiat,Punto,punto-sporting-1-8-16v-dualogic-2011,0.0,0.0,132.0,5.0,Auto,Indefinido,Urbano
fiat,Punto,punto-t-jet-1-4-turbo-2011,0.0,0.0,152.0,5.0,Manual,Indefinido,Urbano
fiat,Punto,punto-attractive-1-4-2012,0.0,0.0,86.0,5.0,Manual,Indefinido,Urbano
fiat,Punto,punto-essence-1-6-16v-2012,0.0,0.0,117.0,5.0,Manual,Indefinido,Urbano
fiat,Punto,punto-essence-1-6-16v-dualogic-2012,0.0,0.0,117.0,5.0,Auto,Indefinido,Urbano
fiat,Punto,punto-essence-1-8-16v-2012,0.0,0.0,132.0,5.0,Manual,Indefinido,Urbano
fiat,Punto,punto-essence-1-8-16v-dualogic-2012,0.0,0.0,132.0,5.0,Auto,Indefinido,Urbano
fiat,Punto,punto-italia-1-4-2012,0.0,0.0,86.0,5.0,Manual,Indefinido,Urbano
fiat,Punto,punto-sporting-1-8-16v-2012,0.0,0.0,132.0,5.0,Manual,Indefinido,Urbano
fiat,Punto,punto-sporting-1-8-16v-dualogic-2012,0.0,0.0,132.0,5.0,Auto,Indefinido,Urbano
fiat,Punto,punto-t-jet-1-4-turbo-2012,0.0,0.0,152.0,5.0,Manual,Indefinido,Urbano
fiat,Punto,punto-attractive-1-4-2013,0.0,0.0,88.0,5.0,Manual,Indefinido,Urbano
fiat,Punto,punto-essence-1-6-16v-2013,0.0,0.0,117.0,5.0,Manual,Indefinido,Urbano
fiat,Punto,punto-essence-1-6-16v-dualogic-2013,0.0,0.0,117.0,5.0,Auto,Indefinido,Urbano
fiat,Punto,punto-italia-1-4-2013,0.0,0.0,0.0,5.0,Manual,Indefinido,Urbano
fiat,Punto,punto-sporting-1-8-16v-2013,0.0,0.0,132.0,5.0,Manual,Indefinido,Urbano
fiat,Punto,punto-sporting-1-8-16v-dualogic-2013,0.0,0.0,132.0,5.0,Auto,Indefinido,Urbano
fiat,Punto,punto-t-jet-1-4-turbo-2013,0.0,0.0,152.0,5.0,Manual,Indefinido,Urbano
fiat,Punto,punto-attractive-1-4-2014,0.0,0.0,88.0,5.0,Manual,Indefinido,Urbano
fiat,Punto,punto-blackmotion-1-8-16v-2014,0.0,0.0,132.0,5.0,Manual,Indefinido,Urbano
fiat,Punto,punto-blackmotion-1-8-16v-dualogic-2014,0.0,0.0,132.0,5.0,Auto,Indefinido,Urbano
fiat,Punto,punto-essence-1-6-16v-2014,0.0,0.0,117.0,5.0,Manual,Indefinido,Urbano
fiat,Punto,punto-essence-1-6-16v-dualogic-2014,0.0,0.0,117.0,5.0,Auto,Indefinido,Urbano
fiat,Punto,punto-essence-sp-1-6-16v-2014,0.0,0.0,0.0,5.0,Manual,Indefinido,Urbano
fiat,Punto,punto-essence-sp-1-6-16v-dualogic-2014,0.0,0.0,0.0,5.0,Auto,Indefinido,Urbano
fiat,Punto,punto-italia-1-4-2014,0.0,0.0,0.0,5.0,Manual,Indefinido,Urbano
fiat,Punto,punto-sporting-1-8-16v-2014,0.0,0.0,132.0,5.0,Manual,Indefinido,Urbano
fiat,Punto,punto-sporting-1-8-16v-dualogic-2014,0.0,0.0,132.0,5.0,Auto,Indefinido,Urbano
fiat,Punto,punto-t-jet-1-4-turbo-2014,0.0,0.0,152.0,5.0,Manual,Indefinido,Urbano
fiat,Punto,punto-attractive-1-4-2015,0.0,0.0,88.0,5.0,Manual,Indefinido,Urbano
fiat,Punto,punto-blackmotion-1-8-16v-2015,0.0,0.0,132.0,5.0,Manual,Indefinido,Urbano
fiat,Punto,punto-blackmotion-1-8-16v-dualogic-2015,0.0,0.0,132.0,5.0,Auto,Indefinido,Urbano
fiat,Punto,punto-essence-1-6-16v-2015,0.0,0.0,117.0,5.0,Manual,Indefinido,Urbano
fiat,Punto,punto-essence-1-6-16v-dualogic-2015,0.0,0.0,117.0,5.0,Auto,Indefinido,Urbano
fiat,Punto,punto-essence-sp-1-6-16v-2015,0.0,0.0,117.0,5.0,Manual,Indefinido,Urbano
fiat,Punto,punto-essence-sp-1-6-16v-dualogic-2015,0.0,0.0,0.0,5.0,Auto,Indefinido,Urbano
fiat,Punto,punto-italia-1-4-2015,0.0,0.0,88.0,5.0,Manual,Indefinido,Urbano
fiat,Punto,punto-sporting-1-8-16v-2015,0.0,0.0,132.0,5.0,Manual,Indefinido,Urbano
fiat,Punto,punto-sporting-1-8-16v-dualogic-2015,0.0,0.0,132.0,5.0,Auto,Indefinido,Urbano
fiat,Punto,punto-t-jet-1-4-turbo-2015,0.0,0.0,152.0,5.0,Manual,Indefinido,Urbano
fiat,Punto,punto-attractive-1-4-2016,0.0,0.0,88.0,5.0,Manual,Indefinido,Urbano
fiat,Punto,punto-blackmotion-1-8-16v-2016,0.0,0.0,132.0,5.0,Manual,Indefinido,Urbano
fiat,Punto,punto-blackmotion-1-8-16v-dualogic-2016,0.0,0.0,132.0,5.0,Auto,Indefinido,Urbano
fiat,Punto,punto-essence-1-6-16v-2016,0.0,0.0,117.0,5.0,Manual,Indefinido,Urbano
fiat,Punto,punto-essence-1-6-16v-dualogic-2016,0.0,0.0,117.0,5.0,Auto,Indefinido,Urbano
fiat,Punto,punto-essence-sp-1-6-16v-2016,0.0,0.0,0.0,5.0,Manual,Indefinido,Urbano
fiat,Punto,punto-essence-sp-1-6-16v-dualogic-2016,0.0,0.0,0.0,5.0,Auto,Indefinido,Urbano
fiat,Punto,punto-italia-1-4-2016,0.0,0.0,0.0,5.0,Manual,Indefinido,Urbano
fiat,Punto,punto-sporting-1-8-16v-2016,0.0,0.0,132.0,5.0,Manual,Indefinido,Urbano
fiat,Punto,punto-sporting-1-8-16v-dualogic-2016,0.0,0.0,132.0,5.0,Auto,Indefinido,Urbano
fiat,Punto,punto-t-jet-1-4-turbo-2016,0.0,0.0,152.0,5.0,Manual,Indefinido,Urbano
fiat,Punto,punto-attractive-1-4-2017,0.0,0.0,88.0,5.0,Manual,Indefinido,Urbano
fiat,Punto,punto-blackmotion-1-8-16v-2017,0.0,0.0,132.0,5.0,Manual,Indefinido,Urbano
fiat,Punto,punto-blackmotion-1-8-16v-dualogic-2017,0.0,0.0,132.0,5.0,Auto,Indefinido,Urbano
fiat,Punto,punto-essence-1-6-16v-2017,0.0,0.0,117.0,5.0,Manual,Indefinido,Urbano
fiat,Punto,punto-essence-1-6-16v-dualogic-2017,0.0,0.0,117.0,5.0,Auto,Indefinido,Urbano
fiat,Punto,punto-italia-1-4-2017,0.0,0.0,0.0,5.0,Manual,Indefinido,Urbano
fiat,Scudo,scudo-cargo-1-5-2023,0.0,0.0,120.0,5.0,Manual,Indefinido,Urbano
fiat,Scudo,scudo-cargo-1-5-turbo-2023,0.0,0.0,120.0,5.0,Manual,Indefinido,Urbano
fiat,Scudo,scudo-multi-1-5-turbo-2023,0.0,0.0,120.0,5.0,Manual,Indefinido,Urbano
fiat,Scudo,scudo-cargo-1-5-turbo-2024,0.0,0.0,120.0,5.0,Manual,Indefinido,Urbano
fiat,Scudo,scudo-multi-1-5-turbo-2024,0.0,0.0,120.0,5.0,Manual,Indefinido,Urbano
fiat,Scudo,scudo-cargo-1-5-2025,0.0,0.0,120.0,5.0,Manual,Indefinido,Urbano
fiat,Scudo,scudo-cargo-2-2-2025,0.0,0.0,150.0,5.0,Manual,Indefinido,Urbano
fiat,Scudo,scudo-multi-1-5-2025,0.0,0.0,120.0,5.0,Manual,Indefinido,Urbano
fiat,Scudo,scudo-multi-2-2-2025,0.0,0.0,150.0,5.0,Manual,Indefinido,Urbano
fiat,Scudo,scudo-cargo-2-2-2026,0.0,0.0,150.0,5.0,Manual,Indefinido,Urbano
fiat,Scudo,scudo-multi-2-2-2026,0.0,0.0,150.0,5.0,Manual,Indefinido,Urbano
fiat,Siena,siena-el-1-6-16v-1997,0.0,0.0,106.0,5.0,Manual,Indefinido,Urbano
fiat,Siena,siena-hl-1-6-16v-1997,0.0,0.0,106.0,5.0,Manual,Indefinido,Urbano
fiat,Siena,siena-el-1-6-1998,0.0,0.0,82.0,5.0,Manual,Indefinido,Urbano
fiat,Siena,siena-el-1-6-16v-1998,0.0,0.0,106.0,5.0,Manual,Indefinido,Urbano
fiat,Siena,siena-elx-1-6-1998,0.0,0.0,92.0,5.0,Manual,Indefinido,Urbano
fiat,Siena,siena-hl-1-6-16v-1998,0.0,0.0,106.0,5.0,Manual,Indefinido,Urbano
fiat,Siena,siena-sport-mtv-1-6-16v-1998,0.0,0.0,106.0,5.0,Manual,Indefinido,Urbano
fiat,Siena,siena-1-0-6-marchas-1999,0.0,0.0,61.0,5.0,Manual,Indefinido,Urbano
fiat,Siena,siena-el-1-6-1999,0.0,0.0,82.0,5.0,Manual,Indefinido,Urbano
fiat,Siena,siena-el-1-6-16v-1999,0.0,0.0,106.0,5.0,Manual,Indefinido,Urbano
fiat,Siena,siena-elx-1-6-1999,0.0,0.0,92.0,5.0,Manual,Indefinido,Urbano
fiat,Siena,siena-sport-mtv-1-6-16v-1999,0.0,0.0,106.0,5.0,Manual,Indefinido,Urbano
fiat,Siena,siena-stile-1-6-16v-1999,0.0,0.0,106.0,5.0,Manual,Indefinido,Urbano
fiat,Siena,siena-1-0-6-marchas-2000,0.0,0.0,61.0,5.0,Manual,Indefinido,Urbano
fiat,Siena,siena-500-anos-1-0-6-marchas-2000,0.0,0.0,61.0,5.0,Manual,Indefinido,Urbano
fiat,Siena,siena-el-1-6-2000,0.0,0.0,82.0,5.0,Manual,Indefinido,Urbano
fiat,Siena,siena-elx-1-3-16v-2000,0.0,0.0,80.0,5.0,Manual,Indefinido,Urbano
fiat,Siena,siena-elx-1-6-2000,0.0,0.0,92.0,5.0,Manual,Indefinido,Urbano
fiat,Siena,siena-elx-1-0-16v-2001,0.0,0.0,70.0,5.0,Manual,Indefinido,Urbano
fiat,Siena,siena-elx-1-3-16v-2001,0.0,0.0,80.0,5.0,Manual,Indefinido,Urbano
fiat,Siena,siena-elx-1-6-16v-2001,0.0,0.0,106.0,5.0,Manual,Indefinido,Urbano
fiat,Siena,siena-ex-1-0-16v-2001,0.0,0.0,70.0,5.0,Manual,Indefinido,Urbano
fiat,Siena,siena-elx-1-0-16v-2002,0.0,0.0,70.0,5.0,Manual,Indefinido,Urbano
fiat,Siena,siena-elx-1-3-16v-2002,0.0,0.0,80.0,5.0,Manual,Indefinido,Urbano
fiat,Siena,siena-elx-1-6-16v-2002,0.0,0.0,106.0,5.0,Manual,Indefinido,Urbano
fiat,Siena,siena-fire-1-0-2002,0.0,0.0,55.0,5.0,Manual,Indefinido,Urbano
fiat,Siena,siena-1-5-2003,0.0,0.0,77.0,5.0,Manual,Indefinido,Urbano
fiat,Siena,siena-elx-1-0-16v-2003,0.0,0.0,70.0,5.0,Manual,Indefinido,Urbano
fiat,Siena,siena-elx-1-3-16v-2003,0.0,0.0,80.0,5.0,Manual,Indefinido,Urbano
fiat,Siena,siena-elx-1-6-16v-2003,0.0,0.0,106.0,5.0,Manual,Indefinido,Urbano
fiat,Siena,siena-elx-1-8-2003,0.0,0.0,103.0,5.0,Manual,Indefinido,Urbano
fiat,Siena,siena-ex-1-3-8v-2003,0.0,0.0,67.0,5.0,Manual,Indefinido,Urbano
fiat,Siena,siena-ex-1-8-2003,0.0,0.0,103.0,5.0,Manual,Indefinido,Urbano
fiat,Siena,siena-fire-1-0-2003,0.0,0.0,55.0,5.0,Manual,Indefinido,Urbano
fiat,Siena,siena-1-5-2004,0.0,0.0,0.0,5.0,Manual,Indefinido,Urbano
fiat,Siena,siena-elx-1-0-2004,0.0,0.0,65.0,5.0,Manual,Indefinido,Urbano
fiat,Siena,siena-elx-1-3-2004,0.0,0.0,0.0,5.0,Manual,Indefinido,Urbano
fiat,Siena,siena-elx-1-8-2004,0.0,0.0,103.0,5.0,Manual,Indefinido,Urbano
fiat,Siena,siena-ex-1-3-8v-2004,0.0,0.0,67.0,5.0,Manual,Indefinido,Urbano
fiat,Siena,siena-ex-1-8-2004,0.0,0.0,103.0,5.0,Manual,Indefinido,Urbano
fiat,Siena,siena-fire-1-0-2004,0.0,0.0,65.0,5.0,Manual,Indefinido,Urbano
fiat,Siena,siena-hlx-1-8-2004,0.0,0.0,110.0,5.0,Manual,Indefinido,Urbano
fiat,Siena,siena-elx-1-0-2005,0.0,0.0,65.0,5.0,Manual,Indefinido,Urbano
fiat,Siena,siena-elx-1-3-2005,0.0,0.0,71.0,5.0,Manual,Indefinido,Urbano
fiat,Siena,siena-fire-1-0-2005,0.0,0.0,65.0,5.0,Manual,Indefinido,Urbano
fiat,Siena,siena-hlx-1-8-2005,0.0,0.0,110.0,5.0,Manual,Indefinido,Urbano
fiat,Siena,siena-elx-1-0-2006,0.0,0.0,66.0,5.0,Manual,Indefinido,Urbano
fiat,Siena,siena-elx-1-4-2006,0.0,0.0,81.0,5.0,Manual,Indefinido,Urbano
fiat,Siena,siena-fire-1-0-2006,0.0,0.0,66.0,5.0,Manual,Indefinido,Urbano
fiat,Siena,siena-hlx-1-8-2006,0.0,0.0,110.0,5.0,Manual,Indefinido,Urbano
fiat,Siena,siena-elx-1-0-2007,0.0,0.0,0.0,5.0,Manual,Indefinido,Urbano
fiat,Siena,siena-elx-1-4-2007,0.0,0.0,81.0,5.0,Manual,Indefinido,Urbano
fiat,Siena,siena-fire-1-0-2007,0.0,0.0,66.0,5.0,Manual,Indefinido,Urbano
fiat,Siena,siena-hlx-1-8-2007,0.0,0.0,114.0,5.0,Manual,Indefinido,Urbano
fiat,Siena,siena-tetrafuel-1-4-2007,0.0,0.0,81.0,5.0,Manual,Indefinido,Urbano
fiat,Siena,siena-elx-1-0-2008,0.0,0.0,75.0,5.0,Manual,Indefinido,Urbano
fiat,Siena,siena-elx-1-4-2008,0.0,0.0,86.0,5.0,Manual,Indefinido,Urbano
fiat,Siena,siena-fire-1-0-2008,0.0,0.0,66.0,5.0,Manual,Indefinido,Urbano
fiat,Siena,siena-hlx-1-8-2008,0.0,0.0,114.0,5.0,Manual,Indefinido,Urbano
fiat,Siena,siena-tetrafuel-1-4-2008,0.0,0.0,0.0,5.0,Manual,Indefinido,Urbano
fiat,Siena,siena-elx-1-0-2009,0.0,0.0,0.0,5.0,Manual,Indefinido,Urbano
fiat,Siena,siena-elx-1-4-2009,0.0,0.0,0.0,5.0,Manual,Indefinido,Urbano
fiat,Siena,siena-fire-1-0-2009,0.0,0.0,66.0,5.0,Manual,Indefinido,Urbano
fiat,Siena,siena-hlx-1-8-2009,0.0,0.0,0.0,5.0,Manual,Indefinido,Urbano
fiat,Siena,siena-tetrafuel-1-4-2009,0.0,0.0,0.0,5.0,Manual,Indefinido,Urbano
fiat,Siena,siena-el-1-0-2010,0.0,0.0,75.0,5.0,Manual,Indefinido,Urbano
fiat,Siena,siena-elx-1-0-2010,0.0,0.0,75.0,5.0,Manual,Indefinido,Urbano
fiat,Siena,siena-elx-1-4-2010,0.0,0.0,86.0,5.0,Manual,Indefinido,Urbano
fiat,Siena,siena-fire-1-0-2010,0.0,0.0,75.0,5.0,Manual,Indefinido,Urbano
fiat,Siena,siena-hlx-1-8-2010,0.0,0.0,114.0,5.0,Manual,Indefinido,Urbano
fiat,Siena,siena-hlx-1-8-dualogic-2010,0.0,0.0,114.0,5.0,Auto,Indefinido,Urbano
fiat,Siena,siena-tetrafuel-1-4-2010,0.0,0.0,0.0,5.0,Manual,Indefinido,Urbano
fiat,Siena,siena-attractive-1-0-2011,0.0,0.0,0.0,5.0,Manual,Indefinido,Urbano
fiat,Siena,siena-attractive-1-4-2011,0.0,0.0,86.0,5.0,Manual,Indefinido,Urbano
fiat,Siena,siena-el-1-0-2011,0.0,0.0,75.0,5.0,Manual,Indefinido,Urbano
fiat,Siena,siena-el-1-4-2011,0.0,0.0,86.0,5.0,Manual,Indefinido,Urbano
fiat,Siena,siena-essence-1-6-16v-2011,0.0,0.0,117.0,5.0,Manual,Indefinido,Urbano
fiat,Siena,siena-essence-1-6-16v-dualogic-2011,0.0,0.0,117.0,5.0,Auto,Indefinido,Urbano
fiat,Siena,siena-fire-1-0-2011,0.0,0.0,75.0,5.0,Manual,Indefinido,Urbano
fiat,Siena,siena-sporting-1-6-16v-2011,0.0,0.0,117.0,5.0,Manual,Indefinido,Urbano
fiat,Siena,siena-sporting-1-6-16v-dualogic-2011,0.0,0.0,117.0,5.0,Auto,Indefinido,Urbano
fiat,Siena,siena-tetrafuel-1-4-2011,0.0,0.0,0.0,5.0,Manual,Indefinido,Urbano
fiat,Siena,siena-el-1-0-2012,0.0,0.0,75.0,5.0,Manual,Indefinido,Urbano
fiat,Siena,siena-el-1-4-2012,0.0,0.0,86.0,5.0,Manual,Indefinido,Urbano
fiat,Siena,siena-essence-1-6-16v-2012,0.0,0.0,117.0,5.0,Manual,Indefinido,Urbano
fiat,Siena,siena-essence-1-6-16v-dualogic-2012,0.0,0.0,117.0,5.0,Auto,Indefinido,Urbano
fiat,Siena,siena-fire-1-0-2012,0.0,0.0,75.0,5.0,Manual,Indefinido,Urbano
fiat,Siena,siena-tetrafuel-1-4-2012,0.0,0.0,0.0,5.0,Manual,Indefinido,Urbano
fiat,Siena,siena-attractive-1-4-2013,0.0,0.0,88.0,5.0,Manual,Indefinido,Urbano
fiat,Siena,siena-el-1-0-2013,0.0,0.0,0.0,5.0,Manual,Indefinido,Urbano
fiat,Siena,siena-el-1-4-2013,0.0,0.0,86.0,5.0,Manual,Indefinido,Urbano
fiat,Siena,siena-essence-1-6-16v-2013,0.0,0.0,117.0,5.0,Manual,Indefinido,Urbano
fiat,Siena,siena-essence-1-6-16v-dualogic-2013,0.0,0.0,117.0,5.0,Auto,Indefinido,Urbano
fiat,Siena,siena-tetrafuel-1-4-2013,0.0,0.0,88.0,5.0,Manual,Indefinido,Urbano
fiat,Siena,siena-attractive-1-4-2014,0.0,0.0,88.0,5.0,Manual,Indefinido,Urbano
fiat,Siena,siena-el-1-0-2014,0.0,0.0,75.0,5.0,Manual,Indefinido,Urbano
fiat,Siena,siena-el-1-4-2014,0.0,0.0,86.0,5.0,Manual,Indefinido,Urbano
fiat,Siena,siena-essence-1-6-16v-2014,0.0,0.0,117.0,5.0,Manual,Indefinido,Urbano
fiat,Siena,siena-essence-1-6-16v-dualogic-2014,0.0,0.0,117.0,5.0,Auto,Indefinido,Urbano
fiat,Siena,siena-sublime-1-6-16v-2014,0.0,0.0,117.0,5.0,Manual,Indefinido,Urbano
fiat,Siena,siena-sublime-1-6-16v-2014-flex,0.0,0.0,0.0,5.0,Manual,Indefinido,Urbano
fiat,Siena,siena-sublime-1-6-16v-dualogic-2014,0.0,0.0,117.0,5.0,Auto,Indefinido,Urbano
fiat,Siena,siena-tetrafuel-1-4-2014,0.0,0.0,88.0,5.0,Manual,Indefinido,Urbano
fiat,Siena,siena-attractive-1-4-2015,0.0,0.0,88.0,5.0,Manual,Indefinido,Urbano
fiat,Siena,siena-el-1-0-2015,0.0,0.0,75.0,5.0,Manual,Indefinido,Urbano
fiat,Siena,siena-el-1-4-2015,0.0,0.0,86.0,5.0,Manual,Indefinido,Urbano
fiat,Siena,siena-essence-1-6-16v-2015,0.0,0.0,117.0,5.0,Manual,Indefinido,Urbano
fiat,Siena,siena-essence-1-6-16v-dualogic-2015,0.0,0.0,117.0,5.0,Auto,Indefinido,Urbano
fiat,Siena,siena-italia-1-6-16v-2015,0.0,0.0,117.0,5.0,Manual,Indefinido,Urbano
fiat,Siena,siena-italia-1-6-16v-dualogic-2015,0.0,0.0,0.0,5.0,Auto,Indefinido,Urbano
fiat,Siena,siena-sublime-1-6-16v-2015,0.0,0.0,0.0,5.0,Manual,Indefinido,Urbano
fiat,Siena,siena-sublime-1-6-16v-dualogic-2015,0.0,0.0,0.0,5.0,Auto,Indefinido,Urbano
fiat,Siena,siena-tetrafuel-1-4-2015,0.0,0.0,88.0,5.0,Manual,Indefinido,Urbano
fiat,Siena,siena-attractive-1-4-2016,0.0,0.0,88.0,5.0,Manual,Indefinido,Urbano
fiat,Siena,siena-el-1-0-2016,0.0,0.0,75.0,5.0,Manual,Indefinido,Urbano
fiat,Siena,siena-el-1-4-2016,0.0,0.0,86.0,5.0,Manual,Indefinido,Urbano
fiat,Siena,siena-essence-1-6-16v-2016,0.0,0.0,117.0,5.0,Manual,Indefinido,Urbano
fiat,Siena,siena-essence-1-6-16v-dualogic-2016,0.0,0.0,117.0,5.0,Auto,Indefinido,Urbano
fiat,Siena,siena-sublime-1-6-16v-2016,0.0,0.0,117.0,5.0,Manual,Indefinido,Urbano
fiat,Siena,siena-sublime-1-6-16v-dualogic-2016,0.0,0.0,117.0,5.0,Auto,Indefinido,Urbano
fiat,Siena,siena-tetrafuel-1-4-2016,0.0,0.0,88.0,5.0,Manual,Indefinido,Urbano
fiat,Siena,siena-attractive-1-0-2017,0.0,0.0,75.0,5.0,Manual,Indefinido,Urbano
fiat,Siena,siena-attractive-1-4-2017,0.0,0.0,88.0,5.0,Manual,Indefinido,Urbano
fiat,Siena,siena-essence-1-6-16v-2017,0.0,0.0,117.0,5.0,Manual,Indefinido,Urbano
fiat,Siena,siena-essence-1-6-16v-dualogic-2017,0.0,0.0,117.0,5.0,Auto,Indefinido,Urbano
fiat,Siena,siena-sublime-1-6-16v-2017,0.0,0.0,117.0,5.0,Manual,Indefinido,Urbano
fiat,Siena,siena-sublime-1-6-16v-dualogic-2017,0.0,0.0,117.0,5.0,Auto,Indefinido,Urbano
fiat,Siena,siena-attractive-1-0-2018,0.0,0.0,75.0,5.0,Manual,Indefinido,Urbano
fiat,Siena,siena-attractive-1-4-2018,0.0,0.0,88.0,5.0,Manual,Indefinido,Urbano
fiat,Siena,siena-essence-1-6-16v-2018,0.0,0.0,117.0,5.0,Manual,Indefinido,Urbano
fiat,Siena,siena-essence-1-6-16v-dualogic-2018,0.0,0.0,117.0,5.0,Auto,Indefinido,Urbano
fiat,Siena,siena-sublime-1-6-16v-2018,0.0,0.0,117.0,5.0,Manual,Indefinido,Urbano
fiat,Siena,siena-sublime-1-6-16v-dualogic-2018,0.0,0.0,117.0,5.0,Auto,Indefinido,Urbano
fiat,Siena,siena-attractive-1-0-2019,0.0,0.0,75.0,5.0,Manual,Indefinido,Urbano
fiat,Siena,siena-attractive-1-4-2019,0.0,0.0,88.0,5.0,Manual,Indefinido,Urbano
fiat,Siena,siena-attractive-1-0-2020,0.0,0.0,0.0,5.0,Manual,Indefinido,Urbano
fiat,Siena,siena-attractive-1-4-2020,0.0,0.0,0.0,5.0,Manual,Indefinido,Urbano
fiat,Siena,siena-1-0-2021,0.0,0.0,0.0,5.0,Manual,Indefinido,Urbano
fiat,Siena,siena-1-4-2021,0.0,0.0,0.0,5.0,Manual,Indefinido,Urbano
fiat,Siena,siena-attractive-1-0-2021,0.0,0.0,75.0,5.0,Manual,Indefinido,Urbano
fiat,Siena,siena-attractive-1-4-2021,0.0,0.0,0.0,5.0,Manual,Indefinido,Urbano
fiat,Stilo,stilo-1-8-16v-2003,0.0,0.0,122.0,5.0,Manual,Indefinido,Urbano
fiat,Stilo,stilo-1-8-8v-2003,0.0,0.0,103.0,5.0,Manual,Indefinido,Urbano
fiat,Stilo,stilo-abarth-2-4-20v-2003,0.0,0.0,167.0,5.0,Manual,Indefinido,Urbano
fiat,Stilo,stilo-1-8-16v-2004,0.0,0.0,122.0,5.0,Manual,Indefinido,Urbano
fiat,Stilo,stilo-1-8-8v-2004,0.0,0.0,103.0,5.0,Manual,Indefinido,Urbano
fiat,Stilo,stilo-abarth-2-4-20v-2004,0.0,0.0,167.0,5.0,Manual,Indefinido,Urbano
fiat,Stilo,stilo-1-8-16v-2005,0.0,0.0,122.0,5.0,Manual,Indefinido,Urbano
fiat,Stilo,stilo-1-8-8v-2005,0.0,0.0,103.0,5.0,Manual,Indefinido,Urbano
fiat,Stilo,stilo-abarth-2-4-20v-2005,0.0,0.0,167.0,5.0,Manual,Indefinido,Urbano
fiat,Stilo,stilo-michael-schumacher-1-8-16v-2005,0.0,0.0,122.0,5.0,Manual,Indefinido,Urbano
fiat,Stilo,stilo-1-8-16v-2006,0.0,0.0,122.0,5.0,Manual,Indefinido,Urbano
fiat,Stilo,stilo-1-8-8v-2006,0.0,0.0,114.0,5.0,Manual,Indefinido,Urbano
fiat,Stilo,stilo-abarth-2-4-20v-2006,0.0,0.0,167.0,5.0,Manual,Indefinido,Urbano
fiat,Stilo,stilo-michael-schumacher-1-8-16v-2006,0.0,0.0,122.0,5.0,Manual,Indefinido,Urbano
fiat,Stilo,stilo-1-8-16v-2007,0.0,0.0,122.0,5.0,Manual,Indefinido,Urbano
fiat,Stilo,stilo-1-8-8v-2007,0.0,0.0,114.0,5.0,Manual,Indefinido,Urbano
fiat,Stilo,stilo-abarth-2-4-20v-2007,0.0,0.0,167.0,5.0,Manual,Indefinido,Urbano
fiat,Stilo,stilo-michael-schumacher-1-8-16v-2007,0.0,0.0,122.0,5.0,Manual,Indefinido,Urbano
fiat,Stilo,stilo-sporting-1-8-8v-2007,0.0,0.0,114.0,5.0,Manual,Indefinido,Urbano
fiat,Stilo,stilo-1-8-8v-2008,0.0,0.0,0.0,5.0,Manual,Indefinido,Urbano
fiat,Stilo,stilo-1-8-8v-dualogic-2008,0.0,0.0,114.0,5.0,Auto,Indefinido,Urbano
fiat,Stilo,stilo-abarth-2-4-20v-2008,0.0,0.0,167.0,5.0,Manual,Indefinido,Urbano
fiat,Stilo,stilo-sporting-1-8-8v-2008,0.0,0.0,114.0,5.0,Manual,Indefinido,Urbano
fiat,Stilo,stilo-sporting-1-8-8v-dualogic-2008,0.0,0.0,114.0,5.0,Auto,Indefinido,Urbano
fiat,Stilo,stilo-1-8-8v-2009,0.0,0.0,114.0,5.0,Manual,Indefinido,Urbano
fiat,Stilo,stilo-1-8-8v-dualogic-2009,0.0,0.0,114.0,5.0,Auto,Indefinido,Urbano
fiat,Stilo,stilo-abarth-2-4-20v-2009,0.0,0.0,167.0,5.0,Manual,Indefinido,Urbano
fiat,Stilo,stilo-sp-1-8-8v-2009,0.0,0.0,0.0,5.0,Manual,Indefinido,Urbano
fiat,Stilo,stilo-sporting-1-8-8v-2009,0.0,0.0,0.0,5.0,Manual,Indefinido,Urbano
fiat,Stilo,stilo-sporting-1-8-8v-dualogic-2009,0.0,0.0,0.0,5.0,Auto,Indefinido,Urbano
fiat,Stilo,stilo-1-8-8v-2010,0.0,0.0,0.0,5.0,Manual,Indefinido,Urbano
fiat,Stilo,stilo-1-8-8v-dualogic-2010,0.0,0.0,0.0,5.0,Auto,Indefinido,Urbano
fiat,Stilo,stilo-attractive-1-8-8v-2010,0.0,0.0,114.0,5.0,Manual,Indefinido,Urbano
fiat,Stilo,stilo-attractive-1-8-8v-dualogic-2010,0.0,0.0,114.0,5.0,Auto,Indefinido,Urbano
fiat,Stilo,stilo-blackmotion-1-8-8v-dualogic-2010,0.0,0.0,114.0,5.0,Auto,Indefinido,Urbano
fiat,Stilo,stilo-sp-1-8-8v-2010,0.0,0.0,0.0,5.0,Manual,Indefinido,Urbano
fiat,Stilo,stilo-sp-1-8-8v-dualogic-2010,0.0,0.0,0.0,5.0,Auto,Indefinido,Urbano
fiat,Stilo,stilo-sporting-1-8-8v-2010,0.0,0.0,114.0,5.0,Manual,Indefinido,Urbano
fiat,Stilo,stilo-sporting-1-8-8v-dualogic-2010,0.0,0.0,114.0,5.0,Auto,Indefinido,Urbano
fiat,Stilo,stilo-1-8-8v-2011,0.0,0.0,0.0,5.0,Manual,Indefinido,Urbano
fiat,Stilo,stilo-1-8-8v-dualogic-2011,0.0,0.0,114.0,5.0,Auto,Indefinido,Urbano
fiat,Stilo,stilo-attractive-1-8-8v-2011,0.0,0.0,114.0,5.0,Manual,Indefinido,Urbano
fiat,Stilo,stilo-attractive-1-8-8v-dualogic-2011,0.0,0.0,0.0,5.0,Auto,Indefinido,Urbano
fiat,Stilo,stilo-blackmotion-1-8-8v-dualogic-2011,0.0,0.0,114.0,5.0,Auto,Indefinido,Urbano
fiat,Stilo,stilo-sp-1-8-8v-2011,0.0,0.0,0.0,5.0,Manual,Indefinido,Urbano
fiat,Stilo,stilo-sp-1-8-8v-dualogic-2011,0.0,0.0,0.0,5.0,Auto,Indefinido,Urbano
fiat,Stilo,stilo-sporting-1-8-8v-2011,0.0,0.0,114.0,5.0,Manual,Indefinido,Urbano
fiat,Stilo,stilo-sporting-1-8-8v-dualogic-2011,0.0,0.0,0.0,5.0,Auto,Indefinido,Urbano
fiat,Strada,strada-lx-1-6-16v-ce-1999,0.0,0.0,106.0,5.0,Manual,Indefinido,Urbano
fiat,Strada,strada-lx-1-6-16v-cs-1999,0.0,0.0,106.0,5.0,Manual,Indefinido,Urbano
fiat,Strada,strada-trekking-1-6-cs-1999,0.0,0.0,92.0,5.0,Manual,Indefinido,Urbano
fiat,Strada,strada-working-1-5-ce-1999,0.0,0.0,76.0,5.0,Manual,Indefinido,Urbano
fiat,Strada,strada-working-1-5-cs-1999,0.0,0.0,76.0,5.0,Manual,Indefinido,Urbano
fiat,Strada,strada-lx-1-6-16v-ce-2000,0.0,0.0,106.0,5.0,Manual,Indefinido,Urbano
fiat,Strada,strada-lx-1-6-16v-cs-2000,0.0,0.0,106.0,5.0,Manual,Indefinido,Urbano
fiat,Strada,strada-trekking-1-6-cs-2000,0.0,0.0,92.0,5.0,Manual,Indefinido,Urbano
fiat,Strada,strada-working-1-5-ce-2000,0.0,0.0,76.0,5.0,Manual,Indefinido,Urbano
fiat,Strada,strada-working-1-5-cs-2000,0.0,0.0,76.0,5.0,Manual,Indefinido,Urbano
fiat,Strada,strada-lx-1-6-16v-ce-2001,0.0,0.0,106.0,5.0,Manual,Indefinido,Urbano
fiat,Strada,strada-lx-1-6-16v-cs-2001,0.0,0.0,106.0,5.0,Manual,Indefinido,Urbano
fiat,Strada,strada-working-1-5-ce-2001,0.0,0.0,76.0,5.0,Manual,Indefinido,Urbano
fiat,Strada,strada-working-1-5-cs-2001,0.0,0.0,76.0,5.0,Manual,Indefinido,Urbano
fiat,Strada,strada-adventure-1-6-16v-ce-2002,0.0,0.0,106.0,5.0,Manual,Indefinido,Urbano
fiat,Strada,strada-working-1-5-ce-2002,0.0,0.0,0.0,5.0,Manual,Indefinido,Urbano
fiat,Strada,strada-working-1-5-cs-2002,0.0,0.0,76.0,5.0,Manual,Indefinido,Urbano
fiat,Strada,strada-1-3-ce-2003,0.0,0.0,67.0,5.0,Manual,Indefinido,Urbano
fiat,Strada,strada-1-3-cs-2003,0.0,0.0,67.0,5.0,Manual,Indefinido,Urbano
fiat,Strada,strada-adventure-1-8-ce-2003,0.0,0.0,103.0,5.0,Manual,Indefinido,Urbano
fiat,Strada,strada-working-1-8-ce-2003,0.0,0.0,103.0,5.0,Manual,Indefinido,Urbano
fiat,Strada,strada-working-1-8-cs-2003,0.0,0.0,103.0,5.0,Manual,Indefinido,Urbano
fiat,Strada,strada-1-3-ce-2004,0.0,0.0,67.0,5.0,Manual,Indefinido,Urbano
fiat,Strada,strada-1-3-cs-2004,0.0,0.0,67.0,5.0,Manual,Indefinido,Urbano
fiat,Strada,strada-adventure-1-8-ce-2004,0.0,0.0,103.0,5.0,Manual,Indefinido,Urbano
fiat,Strada,strada-working-1-8-ce-2004,0.0,0.0,103.0,5.0,Manual,Indefinido,Urbano
fiat,Strada,strada-working-1-8-cs-2004,0.0,0.0,103.0,5.0,Manual,Indefinido,Urbano
fiat,Strada,strada-1-3-ce-2005,0.0,0.0,67.0,5.0,Manual,Indefinido,Urbano
fiat,Strada,strada-1-3-cs-2005,0.0,0.0,67.0,5.0,Manual,Indefinido,Urbano
fiat,Strada,strada-adventure-1-8-ce-2005,0.0,0.0,110.0,5.0,Manual,Indefinido,Urbano
fiat,Strada,strada-trekking-1-8-ce-2005,0.0,0.0,114.0,5.0,Manual,Indefinido,Urbano
fiat,Strada,strada-trekking-1-8-cs-2005,0.0,0.0,0.0,5.0,Manual,Indefinido,Urbano
fiat,Strada,strada-1-4-ce-2006,0.0,0.0,81.0,5.0,Manual,Indefinido,Urbano
fiat,Strada,strada-1-4-cs-2006,0.0,0.0,81.0,5.0,Manual,Indefinido,Urbano
fiat,Strada,strada-adventure-1-8-ce-2006,0.0,0.0,0.0,5.0,Manual,Indefinido,Urbano
fiat,Strada,strada-trekking-1-4-cs-2006,0.0,0.0,81.0,5.0,Manual,Indefinido,Urbano
fiat,Strada,strada-trekking-1-8-ce-2006,0.0,0.0,0.0,5.0,Manual,Indefinido,Urbano
fiat,Strada,strada-trekking-1-8-cs-2006,0.0,0.0,114.0,5.0,Manual,Indefinido,Urbano
fiat,Strada,strada-1-4-ce-2007,0.0,0.0,0.0,5.0,Manual,Indefinido,Urbano
fiat,Strada,strada-1-4-cs-2007,0.0,0.0,0.0,5.0,Manual,Indefinido,Urbano
fiat,Strada,strada-adventure-1-8-ce-2007,0.0,0.0,114.0,5.0,Manual,Indefinido,Urbano
fiat,Strada,strada-trekking-1-4-ce-2007,0.0,0.0,0.0,5.0,Manual,Indefinido,Urbano
fiat,Strada,strada-trekking-1-4-cs-2007,0.0,0.0,0.0,5.0,Manual,Indefinido,Urbano
fiat,Strada,strada-trekking-1-8-ce-2007,0.0,0.0,0.0,5.0,Manual,Indefinido,Urbano
fiat,Strada,strada-trekking-1-8-cs-2007,0.0,0.0,0.0,5.0,Manual,Indefinido,Urbano
fiat,Strada,strada-1-4-ce-2008,0.0,0.0,0.0,5.0,Manual,Indefinido,Urbano
fiat,Strada,strada-1-4-cs-2008,0.0,0.0,81.0,5.0,Manual,Indefinido,Urbano
fiat,Strada,strada-adventure-1-8-ce-2008,0.0,0.0,0.0,5.0,Manual,Indefinido,Urbano
fiat,Strada,strada-trekking-1-4-ce-2008,0.0,0.0,0.0,5.0,Manual,Indefinido,Urbano
fiat,Strada,strada-trekking-1-4-cs-2008,0.0,0.0,0.0,5.0,Manual,Indefinido,Urbano
fiat,Strada,strada-trekking-1-8-ce-2008,0.0,0.0,0.0,5.0,Manual,Indefinido,Urbano
fiat,Strada,strada-trekking-1-8-cs-2008,0.0,0.0,0.0,5.0,Manual,Indefinido,Urbano
fiat,Strada,strada-1-4-ce-2009,0.0,0.0,0.0,5.0,Manual,Indefinido,Urbano
fiat,Strada,strada-1-4-cs-2009,0.0,0.0,0.0,5.0,Manual,Indefinido,Urbano
fiat,Strada,strada-adventure-1-8-ce-2009,0.0,0.0,114.0,5.0,Manual,Indefinido,Urbano
fiat,Strada,strada-trekking-1-4-ce-2009,0.0,0.0,0.0,5.0,Manual,Indefinido,Urbano
fiat,Strada,strada-trekking-1-4-cs-2009,0.0,0.0,86.0,5.0,Manual,Indefinido,Urbano
fiat,Strada,strada-trekking-1-8-ce-2009,0.0,0.0,0.0,5.0,Manual,Indefinido,Urbano
fiat,Strada,strada-trekking-1-8-cs-2009,0.0,0.0,0.0,5.0,Manual,Indefinido,Urbano
fiat,Strada,strada-1-4-ce-2010,0.0,0.0,86.0,5.0,Manual,Indefinido,Urbano
fiat,Strada,strada-1-4-cs-2010,0.0,0.0,0.0,5.0,Manual,Indefinido,Urbano
fiat,Strada,strada-adventure-1-8-cd-2010,0.0,0.0,114.0,5.0,Manual,Indefinido,Urbano
fiat,Strada,strada-adventure-1-8-ce-2010,0.0,0.0,114.0,5.0,Manual,Indefinido,Urbano
fiat,Strada,strada-trekking-1-4-ce-2010,0.0,0.0,86.0,5.0,Manual,Indefinido,Urbano
fiat,Strada,strada-trekking-1-4-cs-2010,0.0,0.0,0.0,5.0,Manual,Indefinido,Urbano
fiat,Strada,strada-trekking-1-8-ce-2010,0.0,0.0,0.0,5.0,Manual,Indefinido,Urbano
fiat,Strada,strada-trekking-1-8-cs-2010,0.0,0.0,114.0,5.0,Manual,Indefinido,Urbano
fiat,Strada,strada-working-1-4-cd-2010,0.0,0.0,86.0,5.0,Manual,Indefinido,Urbano
fiat,Strada,strada-working-1-4-ce-2010,0.0,0.0,86.0,5.0,Manual,Indefinido,Urbano
fiat,Strada,strada-working-1-4-cs-2010,0.0,0.0,86.0,5.0,Manual,Indefinido,Urbano
fiat,Strada,strada-1-4-ce-2011,0.0,0.0,0.0,5.0,Manual,Indefinido,Urbano
fiat,Strada,strada-1-4-cs-2011,0.0,0.0,86.0,5.0,Manual,Indefinido,Urbano
fiat,Strada,strada-adventure-1-8-16v-cd-2011,0.0,0.0,132.0,5.0,Manual,Indefinido,Urbano
fiat,Strada,strada-adventure-1-8-16v-ce-2011,0.0,0.0,132.0,5.0,Manual,Indefinido,Urbano
fiat,Strada,strada-sporting-1-8-16v-ce-2011,0.0,0.0,132.0,5.0,Manual,Indefinido,Urbano
fiat,Strada,strada-trekking-1-4-ce-2011,0.0,0.0,0.0,5.0,Manual,Indefinido,Urbano
fiat,Strada,strada-trekking-1-4-cs-2011,0.0,0.0,0.0,5.0,Manual,Indefinido,Urbano
fiat,Strada,strada-trekking-1-8-cs-2011,0.0,0.0,0.0,5.0,Manual,Indefinido,Urbano
fiat,Strada,strada-working-1-4-cd-2011,0.0,0.0,0.0,5.0,Manual,Indefinido,Urbano
fiat,Strada,strada-working-1-4-ce-2011,0.0,0.0,0.0,5.0,Manual,Indefinido,Urbano
fiat,Strada,strada-working-1-4-cs-2011,0.0,0.0,86.0,5.0,Manual,Indefinido,Urbano
fiat,Strada,strada-1-4-ce-2012,0.0,0.0,86.0,5.0,Manual,Indefinido,Urbano
fiat,Strada,strada-1-4-cs-2012,0.0,0.0,86.0,5.0,Manual,Indefinido,Urbano
fiat,Strada,strada-adventure-1-8-16v-cd-2012,0.0,0.0,0.0,5.0,Manual,Indefinido,Urbano
fiat,Strada,strada-adventure-1-8-16v-ce-2012,0.0,0.0,0.0,5.0,Manual,Indefinido,Urbano
fiat,Strada,strada-adventure-1-8-16v-dualogic-cd-2012,0.0,0.0,132.0,5.0,Auto,Indefinido,Urbano
fiat,Strada,strada-sporting-1-8-16v-ce-2012,0.0,0.0,132.0,5.0,Manual,Indefinido,Urbano
fiat,Strada,strada-trekking-1-4-ce-2012,0.0,0.0,0.0,5.0,Manual,Indefinido,Urbano
fiat,Strada,strada-trekking-1-4-cs-2012,0.0,0.0,0.0,5.0,Manual,Indefinido,Urbano
fiat,Strada,strada-trekking-1-8-cs-2012,0.0,0.0,0.0,5.0,Manual,Indefinido,Urbano
fiat,Strada,strada-working-1-4-cd-2012,0.0,0.0,86.0,5.0,Manual,Indefinido,Urbano
fiat,Strada,strada-working-1-4-ce-2012,0.0,0.0,86.0,5.0,Manual,Indefinido,Urbano
fiat,Strada,strada-working-1-4-cs-2012,0.0,0.0,86.0,5.0,Manual,Indefinido,Urbano
fiat,Strada,strada-adventure-1-8-16v-cd-2013,0.0,0.0,132.0,5.0,Manual,Indefinido,Urbano
fiat,Strada,strada-adventure-1-8-16v-ce-2013,0.0,0.0,132.0,5.0,Manual,Indefinido,Urbano
fiat,Strada,strada-adventure-1-8-16v-dualogic-cd-2013,0.0,0.0,132.0,5.0,Auto,Indefinido,Urbano
fiat,Strada,strada-adventure-marchador-1-8-16v-cd-2013,0.0,0.0,132.0,5.0,Manual,Indefinido,Urbano
fiat,Strada,strada-adventure-marchador-1-8-16v-dualogic-cd-2013,0.0,0.0,0.0,5.0,Auto,Indefinido,Urbano
fiat,Strada,strada-trekking-1-6-16v-cd-2013,0.0,0.0,117.0,5.0,Manual,Indefinido,Urbano
fiat,Strada,strada-trekking-1-6-16v-ce-2013,0.0,0.0,117.0,5.0,Manual,Indefinido,Urbano
fiat,Strada,strada-trekking-1-6-16v-cs-2013,0.0,0.0,117.0,5.0,Manual,Indefinido,Urbano
fiat,Strada,strada-trekking-marchador-1-6-16v-ce-2013,0.0,0.0,0.0,5.0,Manual,Indefinido,Urbano
fiat,Strada,strada-working-1-4-cd-2013,0.0,0.0,86.0,5.0,Manual,Indefinido,Urbano
fiat,Strada,strada-working-1-4-ce-2013,0.0,0.0,86.0,5.0,Manual,Indefinido,Urbano
fiat,Strada,strada-working-1-4-cs-2013,0.0,0.0,86.0,5.0,Manual,Indefinido,Urbano
fiat,Strada,strada-adventure-1-8-16v-cd-2014,0.0,0.0,132.0,5.0,Manual,Indefinido,Urbano
fiat,Strada,strada-adventure-1-8-16v-ce-2014,0.0,0.0,132.0,5.0,Manual,Indefinido,Urbano
fiat,Strada,strada-adventure-1-8-16v-dualogic-cd-2014,0.0,0.0,0.0,5.0,Auto,Indefinido,Urbano
fiat,Strada,strada-trekking-1-6-16v-cd-2014,0.0,0.0,117.0,5.0,Manual,Indefinido,Urbano
fiat,Strada,strada-working-1-4-cd-2014,0.0,0.0,86.0,5.0,Manual,Indefinido,Urbano
fiat,Strada,strada-working-1-4-ce-2014,0.0,0.0,86.0,5.0,Manual,Indefinido,Urbano
fiat,Strada,strada-working-1-4-cs-2014,0.0,0.0,86.0,5.0,Manual,Indefinido,Urbano
fiat,Strada,strada-adventure-1-8-16v-cd-2015,0.0,0.0,132.0,5.0,Manual,Indefinido,Urbano
fiat,Strada,strada-adventure-1-8-16v-ce-2015,0.0,0.0,132.0,5.0,Manual,Indefinido,Urbano
fiat,Strada,strada-adventure-1-8-16v-dualogic-cd-2015,0.0,0.0,132.0,5.0,Auto,Indefinido,Urbano
fiat,Strada,strada-adventure-1-8-16v-dualogic-ce-2015,0.0,0.0,132.0,5.0,Auto,Indefinido,Urbano
fiat,Strada,strada-adventure-1-8-16v-dualogic-ce-2015-flex,0.0,0.0,0.0,5.0,Auto,Indefinido,Urbano
fiat,Strada,strada-hard-working-1-4-cd-2015,0.0,0.0,86.0,5.0,Manual,Indefinido,Urbano
fiat,Strada,strada-hard-working-1-4-ce-2015,0.0,0.0,0.0,5.0,Manual,Indefinido,Urbano
fiat,Strada,strada-hard-working-1-4-cs-2015,0.0,0.0,0.0,5.0,Manual,Indefinido,Urbano
fiat,Strada,strada-trekking-1-6-16v-cd-2015,0.0,0.0,117.0,5.0,Manual,Indefinido,Urbano
fiat,Strada,strada-working-1-4-cd-2015,0.0,0.0,86.0,5.0,Manual,Indefinido,Urbano
fiat,Strada,strada-working-1-4-ce-2015,0.0,0.0,86.0,5.0,Manual,Indefinido,Urbano
fiat,Strada,strada-working-1-4-cs-2015,0.0,0.0,86.0,5.0,Manual,Indefinido,Urbano
fiat,Strada,strada-adventure-1-8-16v-cd-2016,0.0,0.0,132.0,5.0,Manual,Indefinido,Urbano
fiat,Strada,strada-adventure-1-8-16v-ce-2016,0.0,0.0,132.0,5.0,Manual,Indefinido,Urbano
fiat,Strada,strada-adventure-1-8-16v-dualogic-cd-2016,0.0,0.0,132.0,5.0,Auto,Indefinido,Urbano
fiat,Strada,strada-adventure-1-8-16v-dualogic-ce-2016,0.0,0.0,132.0,5.0,Auto,Indefinido,Urbano
fiat,Strada,strada-adventure-extreme-1-8-16v-cd-2016,0.0,0.0,132.0,5.0,Manual,Indefinido,Urbano
fiat,Strada,strada-adventure-extreme-1-8-16v-ce-2016,0.0,0.0,132.0,5.0,Manual,Indefinido,Urbano
fiat,Strada,strada-adventure-extreme-1-8-16v-dualogic-cd-2016,0.0,0.0,132.0,5.0,Auto,Indefinido,Urbano
fiat,Strada,strada-adventure-extreme-1-8-16v-dualogic-ce-2016,0.0,0.0,132.0,5.0,Auto,Indefinido,Urbano
fiat,Strada,strada-hard-working-1-4-cd-2016,0.0,0.0,0.0,5.0,Manual,Indefinido,Urbano
fiat,Strada,strada-hard-working-1-4-ce-2016,0.0,0.0,0.0,5.0,Manual,Indefinido,Urbano
fiat,Strada,strada-hard-working-1-4-cs-2016,0.0,0.0,0.0,5.0,Manual,Indefinido,Urbano
fiat,Strada,strada-trekking-1-6-16v-cd-2016,0.0,0.0,117.0,5.0,Manual,Indefinido,Urbano
fiat,Strada,strada-working-1-4-cd-2016,0.0,0.0,86.0,5.0,Manual,Indefinido,Urbano
fiat,Strada,strada-working-1-4-ce-2016,0.0,0.0,86.0,5.0,Manual,Indefinido,Urbano
fiat,Strada,strada-working-1-4-cs-2016,0.0,0.0,86.0,5.0,Manual,Indefinido,Urbano
fiat,Strada,strada-adventure-1-8-16v-cd-2017,0.0,0.0,132.0,5.0,Manual,Indefinido,Urbano
fiat,Strada,strada-adventure-1-8-16v-ce-2017,0.0,0.0,132.0,5.0,Manual,Indefinido,Urbano
fiat,Strada,strada-adventure-1-8-16v-dualogic-cd-2017,0.0,0.0,132.0,5.0,Auto,Indefinido,Urbano
fiat,Strada,strada-adventure-extreme-1-8-16v-cd-2017,0.0,0.0,0.0,5.0,Manual,Indefinido,Urbano
fiat,Strada,strada-adventure-extreme-1-8-16v-ce-2017,0.0,0.0,0.0,5.0,Manual,Indefinido,Urbano
fiat,Strada,strada-adventure-extreme-1-8-16v-dualogic-cd-2017,0.0,0.0,0.0,5.0,Auto,Indefinido,Urbano
fiat,Strada,strada-hard-working-1-4-cd-2017,0.0,0.0,88.0,5.0,Manual,Indefinido,Urbano
fiat,Strada,strada-hard-working-1-4-ce-2017,0.0,0.0,88.0,5.0,Manual,Indefinido,Urbano
fiat,Strada,strada-hard-working-1-4-cs-2017,0.0,0.0,88.0,5.0,Manual,Indefinido,Urbano
fiat,Strada,strada-working-1-4-cs-2017,0.0,0.0,88.0,5.0,Manual,Indefinido,Urbano
fiat,Strada,strada-working-plus-1-4-cs-2017,0.0,0.0,88.0,5.0,Manual,Indefinido,Urbano
fiat,Strada,strada-adventure-1-8-16v-cd-2018,0.0,0.0,132.0,5.0,Manual,Indefinido,Urbano
fiat,Strada,strada-adventure-1-8-16v-ce-2018,0.0,0.0,132.0,5.0,Manual,Indefinido,Urbano
fiat,Strada,strada-hard-working-1-4-cd-2018,0.0,0.0,88.0,5.0,Manual,Indefinido,Urbano
fiat,Strada,strada-hard-working-1-4-ce-2018,0.0,0.0,88.0,5.0,Manual,Indefinido,Urbano
fiat,Strada,strada-hard-working-1-4-cs-2018,0.0,0.0,88.0,5.0,Manual,Indefinido,Urbano
fiat,Strada,strada-working-1-4-cs-2018,0.0,0.0,88.0,5.0,Manual,Indefinido,Urbano
fiat,Strada,strada-adventure-1-8-16v-cd-2019,0.0,0.0,132.0,5.0,Manual,Indefinido,Urbano
fiat,Strada,strada-freedom-1-4-cd-2019,0.0,0.0,88.0,5.0,Manual,Indefinido,Urbano
fiat,Strada,strada-freedom-1-4-cs-2019,0.0,0.0,88.0,5.0,Manual,Indefinido,Urbano
fiat,Strada,strada-hard-working-1-4-cd-2019,0.0,0.0,88.0,5.0,Manual,Indefinido,Urbano
fiat,Strada,strada-hard-working-1-4-ce-2019,0.0,0.0,88.0,5.0,Manual,Indefinido,Urbano
fiat,Strada,strada-hard-working-1-4-cs-2019,0.0,0.0,88.0,5.0,Manual,Indefinido,Urbano
fiat,Strada,strada-working-1-4-cs-2019,0.0,0.0,88.0,5.0,Manual,Indefinido,Urbano
fiat,Strada,strada-adventure-1-8-16v-cd-2020,0.0,0.0,0.0,5.0,Manual,Indefinido,Urbano
fiat,Strada,strada-freedom-1-4-cd-2020,0.0,0.0,0.0,5.0,Manual,Indefinido,Urbano
fiat,Strada,strada-freedom-1-4-cs-2020,0.0,0.0,0.0,5.0,Manual,Indefinido,Urbano
fiat,Strada,strada-hard-working-1-4-cd-2020,0.0,0.0,0.0,5.0,Manual,Indefinido,Urbano
fiat,Strada,strada-hard-working-1-4-ce-2020,0.0,0.0,0.0,5.0,Manual,Indefinido,Urbano
fiat,Strada,strada-hard-working-1-4-cs-2020,0.0,0.0,0.0,5.0,Manual,Indefinido,Urbano
fiat,Strada,strada-working-1-4-cs-2020,0.0,0.0,0.0,5.0,Manual,Indefinido,Urbano
fiat,Strada,strada-endurance-1-4-cd-2021,0.0,0.0,0.0,5.0,Manual,Indefinido,Urbano
fiat,Strada,strada-endurance-1-4-cs-2021,0.0,0.0,0.0,5.0,Manual,Indefinido,Urbano
fiat,Strada,strada-freedom-1-3-cd-2021,0.0,0.0,0.0,5.0,Manual,Indefinido,Urbano
fiat,Strada,strada-freedom-1-3-cs-2021,0.0,0.0,0.0,5.0,Manual,Indefinido,Urbano
fiat,Strada,strada-hard-working-1-4-cs-2021,0.0,0.0,88.0,5.0,Manual,Indefinido,Urbano
fiat,Strada,strada-opening-edition-1-3-cd-2021,0.0,0.0,0.0,5.0,Manual,Indefinido,Urbano
fiat,Strada,strada-volcano-1-3-cd-2021,0.0,0.0,109.0,5.0,Manual,Indefinido,Urbano
fiat,Strada,strada-endurance-1-4-cd-2022,0.0,0.0,0.0,5.0,Manual,Indefinido,Urbano
fiat,Strada,strada-endurance-1-4-cs-2022,0.0,0.0,0.0,5.0,Manual,Indefinido,Urbano
fiat,Strada,strada-freedom-1-3-cd-2022,0.0,0.0,0.0,5.0,Manual,Indefinido,Urbano
fiat,Strada,strada-freedom-1-3-cs-2022,0.0,0.0,0.0,5.0,Manual,Indefinido,Urbano
fiat,Strada,strada-ranch-1-3-cd-at-2022,0.0,0.0,0.0,5.0,Auto,Indefinido,Urbano
fiat,Strada,strada-volcano-1-3-cd-2022,0.0,0.0,0.0,5.0,Manual,Indefinido,Urbano
fiat,Strada,strada-volcano-1-3-cd-at-2022,0.0,0.0,0.0,5.0,Auto,Indefinido,Urbano
fiat,Strada,strada-endurance-1-4-cs-2023,0.0,0.0,0.0,5.0,Manual,Indefinido,Urbano
fiat,Strada,strada-freedom-1-3-cd-2023,0.0,0.0,0.0,5.0,Manual,Indefinido,Urbano
fiat,Strada,strada-freedom-1-3-cs-2023,0.0,0.0,0.0,5.0,Manual,Indefinido,Urbano
fiat,Strada,strada-ranch-1-3-cd-at-2023,0.0,0.0,0.0,5.0,Auto,Indefinido,Urbano
fiat,Strada,strada-volcano-1-3-cd-2023,0.0,0.0,0.0,5.0,Manual,Indefinido,Urbano
fiat,Strada,strada-volcano-1-3-cd-at-2023,0.0,0.0,0.0,5.0,Auto,Indefinido,Urbano
fiat,Strada,strada-edizione-25-1-0-turbo-2024,0.0,0.0,0.0,5.0,Auto,Indefinido,Urbano
fiat,Strada,strada-endurance-1-3-cs-2024,0.0,0.0,0.0,5.0,Manual,Indefinido,Urbano
fiat,Strada,strada-freedom-1-3-cd-2024,0.0,0.0,0.0,5.0,Manual,Indefinido,Urbano
fiat,Strada,strada-freedom-1-3-cs-2024,0.0,0.0,0.0,5.0,Manual,Indefinido,Urbano
fiat,Strada,strada-ranch-1-0-turbo-2024,0.0,0.0,0.0,5.0,Auto,Indefinido,Urbano
fiat,Strada,strada-ultra-1-0-turbo-2024,0.0,0.0,0.0,5.0,Auto,Indefinido,Urbano
fiat,Strada,strada-volcano-1-3-cd-2024,0.0,0.0,0.0,5.0,Manual,Indefinido,Urbano
fiat,Strada,strada-volcano-1-3-cd-at-2024,0.0,0.0,0.0,5.0,Auto,Indefinido,Urbano
fiat,Strada,strada-endurance-1-3-cs-2025,0.0,0.0,0.0,5.0,Manual,Indefinido,Urbano
fiat,Strada,strada-freedom-1-3-cd-2025,0.0,0.0,0.0,5.0,Manual,Indefinido,Urbano
fiat,Strada,strada-freedom-1-3-cs-2025,0.0,0.0,0.0,5.0,Manual,Indefinido,Urbano
fiat,Strada,strada-ranch-1-0-turbo-2025,0.0,0.0,0.0,5.0,Auto,Indefinido,Urbano
fiat,Strada,strada-tributo-125-1-3-cd-at-2025,0.0,0.0,0.0,5.0,Auto,Indefinido,Urbano
fiat,Strada,strada-ultra-1-0-turbo-2025,0.0,0.0,0.0,5.0,Auto,Indefinido,Urbano
fiat,Strada,strada-volcano-1-3-cd-2025,0.0,0.0,0.0,5.0,Manual,Indefinido,Urbano
fiat,Strada,strada-volcano-1-3-cd-at-2025,0.0,0.0,0.0,5.0,Auto,Indefinido,Urbano
fiat,Strada,strada-endurance-1-3-cs-2026,0.0,0.0,0.0,5.0,Manual,Indefinido,Urbano
fiat,Strada,strada-freedom-1-3-cd-2026,0.0,0.0,0.0,5.0,Manual,Indefinido,Urbano
fiat,Strada,strada-freedom-1-3-cs-2026,0.0,0.0,0.0,5.0,Manual,Indefinido,Urbano
fiat,Strada,strada-ranch-1-0-turbo-2026,0.0,0.0,0.0,5.0,Auto,Indefinido,Urbano
fiat,Strada,strada-ultra-1-0-turbo-2026,0.0,0.0,0.0,5.0,Auto,Indefinido,Urbano
fiat,Strada,strada-volcano-1-3-cd-2026,0.0,0.0,0.0,5.0,Manual,Indefinido,Urbano
fiat,Strada,strada-volcano-1-3-cd-at-2026,0.0,0.0,0.0,5.0,Auto,Indefinido,Urbano
fiat,Tempra,tempra-ouro-2-0-8v-1992,0.0,0.0,99.0,5.0,Manual,Indefinido,Urbano
fiat,Tempra,tempra-ouro-2-0-8v-1992-gasolina,0.0,0.0,99.0,5.0,Manual,Indefinido,Urbano
fiat,Tempra,tempra-prata-2-0-8v-1992-gasolina,0.0,0.0,0.0,5.0,Manual,Indefinido,Urbano
fiat,Tempra,tempra-prata-2-0-8v-1992,0.0,0.0,99.0,5.0,Manual,Indefinido,Urbano
fiat,Tempra,tempra-ouro-2-0-16v-1993-gasolina,0.0,0.0,127.0,5.0,Manual,Indefinido,Urbano
fiat,Tempra,tempra-ouro-2-0-16v-1993,0.0,0.0,127.0,5.0,Manual,Indefinido,Urbano
fiat,Tempra,tempra-ouro-2-0-8v-1993-gasolina,0.0,0.0,99.0,5.0,Manual,Indefinido,Urbano
fiat,Tempra,tempra-ouro-2-0-8v-1993,0.0,0.0,99.0,5.0,Manual,Indefinido,Urbano
fiat,Tempra,tempra-prata-2-0-8v-1993-gasolina,0.0,0.0,0.0,5.0,Manual,Indefinido,Urbano
fiat,Tempra,tempra-prata-2-0-8v-1993,0.0,0.0,0.0,5.0,Manual,Indefinido,Urbano
fiat,Tempra,tempra-ouro-2-0-16v-1994-gasolina,0.0,0.0,127.0,5.0,Manual,Indefinido,Urbano
fiat,Tempra,tempra-ouro-2-0-16v-1994,0.0,0.0,127.0,5.0,Manual,Indefinido,Urbano
fiat,Tempra,tempra-ouro-2-0-8v-1994-gasolina,0.0,0.0,99.0,5.0,Manual,Indefinido,Urbano
fiat,Tempra,tempra-ouro-2-0-8v-1994,0.0,0.0,99.0,5.0,Manual,Indefinido,Urbano
fiat,Tempra,tempra-prata-2-0-8v-1994-gasolina,0.0,0.0,0.0,5.0,Manual,Indefinido,Urbano
fiat,Tempra,tempra-prata-2-0-8v-1994,0.0,0.0,99.0,5.0,Manual,Indefinido,Urbano
fiat,Tempra,tempra-turbo-2-0-i-e-1994,0.0,0.0,165.0,5.0,Manual,Indefinido,Urbano
fiat,Tempra,tempra-2-0-i-e-8v-1995,0.0,0.0,105.0,5.0,Manual,Indefinido,Urbano
fiat,Tempra,tempra-2-0-i-e-8v-1995-gasolina,0.0,0.0,105.0,5.0,Manual,Indefinido,Urbano
fiat,Tempra,tempra-ouro-2-0-16v-1995,0.0,0.0,127.0,5.0,Manual,Indefinido,Urbano
fiat,Tempra,tempra-ouro-2-0-16v-1995-gasolina,0.0,0.0,127.0,5.0,Manual,Indefinido,Urbano
fiat,Tempra,tempra-stile-2-0-i-e-turbo-1995,0.0,0.0,165.0,5.0,Manual,Indefinido,Urbano
fiat,Tempra,tempra-turbo-2-0-i-e-1995,0.0,0.0,165.0,5.0,Manual,Indefinido,Urbano
fiat,Tempra,tempra-2-0-i-e-16v-1996,0.0,0.0,127.0,5.0,Manual,Indefinido,Urbano
fiat,Tempra,tempra-2-0-i-e-8v-1996,0.0,0.0,105.0,5.0,Manual,Indefinido,Urbano
fiat,Tempra,tempra-ouro-2-0-16v-1996,0.0,0.0,127.0,5.0,Manual,Indefinido,Urbano
fiat,Tempra,tempra-stile-2-0-i-e-turbo-1996,0.0,0.0,165.0,5.0,Manual,Indefinido,Urbano
fiat,Tempra,tempra-sx-2-0-i-e-8v-1996,0.0,0.0,105.0,5.0,Manual,Indefinido,Urbano
fiat,Tempra,tempra-turbo-2-0-i-e-1996,0.0,0.0,165.0,5.0,Manual,Indefinido,Urbano
fiat,Tempra,tempra-hlx-2-0-16v-1997,0.0,0.0,127.0,5.0,Manual,Indefinido,Urbano
fiat,Tempra,tempra-stile-2-0-i-e-turbo-1997,0.0,0.0,165.0,5.0,Manual,Indefinido,Urbano
fiat,Tempra,tempra-sx-2-0-16v-1997,0.0,0.0,127.0,5.0,Manual,Indefinido,Urbano
fiat,Tempra,tempra-sx-2-0-i-e-8v-1997,0.0,0.0,105.0,5.0,Manual,Indefinido,Urbano
fiat,Tempra,tempra-turbo-2-0-i-e-1997,0.0,0.0,165.0,5.0,Manual,Indefinido,Urbano
fiat,Tempra,tempra-hlx-2-0-16v-1998,0.0,0.0,127.0,5.0,Manual,Indefinido,Urbano
fiat,Tempra,tempra-stile-2-0-i-e-turbo-1998,0.0,0.0,165.0,5.0,Manual,Indefinido,Urbano
fiat,Tempra,tempra-sx-2-0-16v-1998,0.0,0.0,127.0,5.0,Manual,Indefinido,Urbano
fiat,Tempra,tempra-sx-2-0-i-e-8v-1998,0.0,0.0,105.0,5.0,Manual,Indefinido,Urbano
fiat,Tempra,tempra-2-0-i-e-8v-1999,0.0,0.0,105.0,5.0,Manual,Indefinido,Urbano
fiat,Tempra,tempra-2-0-mpi-16v-1999,0.0,0.0,127.0,5.0,Manual,Indefinido,Urbano
fiat,Tempra,tempra-city-2-0-8v-1999,0.0,0.0,105.0,5.0,Manual,Indefinido,Urbano
fiat,Tempra,tempra-sx-2-0-i-e-8v-1999,0.0,0.0,105.0,5.0,Manual,Indefinido,Urbano
fiat,Tempra Sw,tempra-sw-slx-2-0-i-e-1995,0.0,0.0,109.0,5.0,Manual,Indefinido,Urbano
fiat,Tempra Sw,tempra-sw-slx-2-0-i-e-1996,0.0,0.0,109.0,5.0,Manual,Indefinido,Urbano
fiat,Tempra Sw,tempra-sw-slx-2-0-i-e-1997,0.0,0.0,109.0,5.0,Manual,Indefinido,Urbano
fiat,Tipo,tipo-1-6-i-e-1993,0.0,0.0,82.0,5.0,Manual,Indefinido,Urbano
fiat,Tipo,tipo-1-6-i-e-1994,0.0,0.0,82.0,5.0,Manual,Indefinido,Urbano
fiat,Tipo,tipo-1-6-i-e-1994-gasolina,0.0,0.0,82.0,5.0,Manual,Indefinido,Urbano
fiat,Tipo,tipo-1-6-i-e-1995,0.0,0.0,82.0,5.0,Manual,Indefinido,Urbano
fiat,Tipo,tipo-1-6-i-e-1995-gasolina,0.0,0.0,82.0,5.0,Manual,Indefinido,Urbano
fiat,Tipo,tipo-2-0-16v-1995,0.0,0.0,137.0,5.0,Manual,Indefinido,Urbano
fiat,Tipo,tipo-slx-2-0-1995,0.0,0.0,109.0,5.0,Manual,Indefinido,Urbano
fiat,Tipo,tipo-1-6-mpi-1996,0.0,0.0,92.0,5.0,Manual,Indefinido,Urbano
fiat,Tipo,tipo-1-6-mpi-1997,0.0,0.0,92.0,5.0,Manual,Indefinido,Urbano
fiat,Titano,titano-endurance-2-2-mt-2025,0.0,0.0,180.0,5.0,Manual,Indefinido,Urbano
fiat,Titano,titano-endurance-2-2-mt-2025-diesel,0.0,0.0,180.0,5.0,Manual,Indefinido,Urbano
fiat,Titano,titano-ranch-2-2-2025,0.0,0.0,180.0,5.0,Auto,Indefinido,Urbano
fiat,Titano,titano-ranch-2-2-2025-diesel,0.0,0.0,180.0,5.0,Auto,Indefinido,Urbano
fiat,Titano,titano-volcano-2-2-2025,0.0,0.0,180.0,5.0,Auto,Indefinido,Urbano
fiat,Titano,titano-volcano-2-2-2025-diesel,0.0,0.0,180.0,5.0,Auto,Indefinido,Urbano
fiat,Titano,titano-endurance-2-2-mt-2026,0.0,0.0,200.0,5.0,Manual,Indefinido,Urbano
fiat,Titano,titano-ranch-2-2-2026,0.0,0.0,200.0,5.0,Auto,Indefinido,Urbano
fiat,Titano,titano-volcano-2-2-2026,0.0,0.0,200.0,5.0,Auto,Indefinido,Urbano
fiat,Toro,toro-freedom-1-8-at-4x2-2016,0.0,0.0,139.0,5.0,Auto,Indefinido,Urbano
fiat,Toro,toro-freedom-2-0-turbo-4x2-2016,0.0,0.0,170.0,5.0,Manual,Indefinido,Urbano
fiat,Toro,toro-freedom-2-0-turbo-4x4-2016,0.0,0.0,170.0,5.0,Manual,Indefinido,Urbano
fiat,Toro,toro-volcano-2-0-turbo-at-4x4-2016,0.0,0.0,170.0,5.0,Auto,Indefinido,Urbano
fiat,Toro,toro-freedom-1-8-at-4x2-2017,0.0,0.0,0.0,5.0,Auto,Indefinido,Urbano
fiat,Toro,toro-freedom-2-0-turbo-4x2-2017,0.0,0.0,170.0,5.0,Manual,Indefinido,Urbano
fiat,Toro,toro-freedom-2-0-turbo-4x4-2017,0.0,0.0,170.0,5.0,Manual,Indefinido,Urbano
fiat,Toro,toro-freedom-2-4-at-4x2-2017,0.0,0.0,186.0,5.0,Auto,Indefinido,Urbano
fiat,Toro,toro-opening-edition-1-8-at-4x2-2017,0.0,0.0,139.0,5.0,Auto,Indefinido,Urbano
fiat,Toro,toro-volcano-2-0-turbo-at-4x4-2017,0.0,0.0,170.0,5.0,Auto,Indefinido,Urbano
fiat,Toro,toro-blackjack-2-4-at-4x2-2018,0.0,0.0,186.0,5.0,Auto,Indefinido,Urbano
fiat,Toro,toro-freedom-1-8-at-4x2-2018,0.0,0.0,139.0,5.0,Auto,Indefinido,Urbano
fiat,Toro,toro-freedom-2-0-turbo-4x2-2018,0.0,0.0,170.0,5.0,Manual,Indefinido,Urbano
fiat,Toro,toro-freedom-2-0-turbo-4x4-2018,0.0,0.0,170.0,5.0,Manual,Indefinido,Urbano
fiat,Toro,toro-freedom-2-0-turbo-at-4x4-2018,0.0,0.0,170.0,5.0,Auto,Indefinido,Urbano
fiat,Toro,toro-freedom-2-4-at-4x2-2018,0.0,0.0,186.0,5.0,Auto,Indefinido,Urbano
fiat,Toro,toro-freedom-road-1-8-at-4x2-2018,0.0,0.0,139.0,5.0,Auto,Indefinido,Urbano
fiat,Toro,toro-freedom-road-2-4-at-4x2-2018,0.0,0.0,186.0,5.0,Auto,Indefinido,Urbano
fiat,Toro,toro-volcano-2-0-turbo-at-4x4-2018,0.0,0.0,170.0,5.0,Auto,Indefinido,Urbano
fiat,Toro,toro-blackjack-2-4-at-4x2-2019,0.0,0.0,186.0,5.0,Auto,Indefinido,Urbano
fiat,Toro,toro-endurance-1-8-at-4x2-2019,0.0,0.0,139.0,5.0,Auto,Indefinido,Urbano
fiat,Toro,toro-freedom-1-8-at-4x2-2019,0.0,0.0,139.0,5.0,Auto,Indefinido,Urbano
fiat,Toro,toro-freedom-2-0-turbo-at-4x4-2019,0.0,0.0,170.0,5.0,Auto,Indefinido,Urbano
fiat,Toro,toro-ranch-2-0-turbo-at-4x4-2019,0.0,0.0,170.0,5.0,Auto,Indefinido,Urbano
fiat,Toro,toro-volcano-2-0-turbo-at-4x4-2019,0.0,0.0,170.0,5.0,Auto,Indefinido,Urbano
fiat,Toro,toro-volcano-2-4-at-4x2-2019,0.0,0.0,186.0,5.0,Auto,Indefinido,Urbano
fiat,Toro,toro-endurance-1-8-4x2-2020,0.0,0.0,0.0,5.0,Manual,Indefinido,Urbano
fiat,Toro,toro-endurance-1-8-at-4x2-2020,0.0,0.0,0.0,5.0,Auto,Indefinido,Urbano
fiat,Toro,toro-endurance-2-0-turbo-at-4x4-2020,0.0,0.0,170.0,5.0,Auto,Indefinido,Urbano
fiat,Toro,toro-freedom-1-8-at-4x2-2020,0.0,0.0,0.0,5.0,Auto,Indefinido,Urbano
fiat,Toro,toro-freedom-2-0-turbo-at-4x4-2020,0.0,0.0,170.0,5.0,Auto,Indefinido,Urbano
fiat,Toro,toro-freedom-s-design-1-8-at-4x2-2020,0.0,0.0,0.0,5.0,Auto,Indefinido,Urbano
fiat,Toro,toro-freedom-s-design-2-0-turbo-at-4x4-2020,0.0,0.0,170.0,5.0,Auto,Indefinido,Urbano
fiat,Toro,toro-ranch-2-0-turbo-at-4x4-2020,0.0,0.0,170.0,5.0,Auto,Indefinido,Urbano
fiat,Toro,toro-ultra-2-0-turbo-at-4x4-2020,0.0,0.0,170.0,5.0,Auto,Indefinido,Urbano
fiat,Toro,toro-volcano-2-0-turbo-at-4x4-2020,0.0,0.0,170.0,5.0,Auto,Indefinido,Urbano
fiat,Toro,toro-volcano-2-4-at-4x2-2020,0.0,0.0,0.0,5.0,Auto,Indefinido,Urbano
fiat,Toro,toro-endurance-1-8-4x2-2021,0.0,0.0,0.0,5.0,Manual,Indefinido,Urbano
fiat,Toro,toro-endurance-1-8-at-4x2-2021,0.0,0.0,0.0,5.0,Auto,Indefinido,Urbano
fiat,Toro,toro-endurance-2-0-turbo-at-4x4-2021,0.0,0.0,170.0,5.0,Auto,Indefinido,Urbano
fiat,Toro,toro-freedom-1-8-at-4x2-2021,0.0,0.0,0.0,5.0,Auto,Indefinido,Urbano
fiat,Toro,toro-freedom-2-0-turbo-at-4x4-2021,0.0,0.0,170.0,5.0,Auto,Indefinido,Urbano
fiat,Toro,toro-ranch-2-0-turbo-at-4x4-2021,0.0,0.0,170.0,5.0,Auto,Indefinido,Urbano
fiat,Toro,toro-ultra-2-0-turbo-at-4x4-2021,0.0,0.0,170.0,5.0,Auto,Indefinido,Urbano
fiat,Toro,toro-volcano-2-0-turbo-at-4x4-2021,0.0,0.0,170.0,5.0,Auto,Indefinido,Urbano
fiat,Toro,toro-volcano-2-4-2021,0.0,0.0,0.0,5.0,Auto,Indefinido,Urbano
fiat,Toro,toro-endurance-1-3-turbo-4x2-2022,0.0,0.0,0.0,5.0,Auto,Indefinido,Urbano
fiat,Toro,toro-endurance-1-8-at-4x2-2022,0.0,0.0,0.0,5.0,Auto,Indefinido,Urbano
fiat,Toro,toro-endurance-2-0-turbo-at-4x4-2022,0.0,0.0,170.0,5.0,Auto,Indefinido,Urbano
fiat,Toro,toro-freedom-1-3-turbo-4x2-2022,0.0,0.0,185.0,5.0,Auto,Indefinido,Urbano
fiat,Toro,toro-freedom-2-0-turbo-at-4x4-2022,0.0,0.0,170.0,5.0,Auto,Indefinido,Urbano
fiat,Toro,toro-freedom-2-0-turbo-at-4x4-2022-diesel,0.0,0.0,170.0,5.0,Auto,Indefinido,Urbano
fiat,Toro,toro-ranch-2-0-turbo-at-4x4-2022,0.0,0.0,170.0,5.0,Auto,Indefinido,Urbano
fiat,Toro,toro-ultra-2-0-turbo-at-4x4-2022,0.0,0.0,170.0,5.0,Auto,Indefinido,Urbano
fiat,Toro,toro-volcano-1-3-turbo-4x2-2022,0.0,0.0,0.0,5.0,Auto,Indefinido,Urbano
fiat,Toro,toro-volcano-2-0-turbo-at-4x4-2022,0.0,0.0,170.0,5.0,Auto,Indefinido,Urbano
fiat,Toro,toro-endurance-1-3-2023,0.0,0.0,0.0,5.0,Auto,Indefinido,Urbano
fiat,Toro,toro-freedom-1-3-2023,0.0,0.0,0.0,5.0,Auto,Indefinido,Urbano
fiat,Toro,toro-freedom-2-0-4x4-2023,0.0,0.0,170.0,5.0,Auto,Indefinido,Urbano
fiat,Toro,toro-freedom-s-design-1-3-2023,0.0,0.0,0.0,5.0,Auto,Indefinido,Urbano
fiat,Toro,toro-freedom-s-design-2-0-4x4-2023,0.0,0.0,170.0,5.0,Auto,Indefinido,Urbano
fiat,Toro,toro-ranch-2-0-4x4-2023,0.0,0.0,170.0,5.0,Auto,Indefinido,Urbano
fiat,Toro,toro-ultra-2-0-4x4-2023,0.0,0.0,170.0,5.0,Auto,Indefinido,Urbano
fiat,Toro,toro-volcano-1-3-2023,0.0,0.0,0.0,5.0,Auto,Indefinido,Urbano
fiat,Toro,toro-volcano-2-0-4x4-2023,0.0,0.0,170.0,5.0,Auto,Indefinido,Urbano
fiat,Toro,toro-endurance-1-3-2024,0.0,0.0,0.0,5.0,Auto,Indefinido,Urbano
fiat,Toro,toro-freedom-1-3-2024,0.0,0.0,0.0,5.0,Auto,Indefinido,Urbano
fiat,Toro,toro-ranch-2-0-4x4-2024,0.0,0.0,170.0,5.0,Auto,Indefinido,Urbano
fiat,Toro,toro-ultra-2-0-4x4-2024,0.0,0.0,170.0,5.0,Auto,Indefinido,Urbano
fiat,Toro,toro-volcano-1-3-2024,0.0,0.0,0.0,5.0,Auto,Indefinido,Urbano
fiat,Toro,toro-volcano-2-0-4x4-2024,0.0,0.0,170.0,5.0,Auto,Indefinido,Urbano
fiat,Toro,toro-endurance-1-3-2025,0.0,0.0,0.0,5.0,Auto,Indefinido,Urbano
fiat,Toro,toro-freedom-1-3-2025,0.0,0.0,0.0,5.0,Auto,Indefinido,Urbano
fiat,Toro,toro-ranch-2-0-4x4-2025,0.0,0.0,170.0,5.0,Auto,Indefinido,Urbano
fiat,Toro,toro-ranch-2-2-4x4-2025,0.0,0.0,200.0,5.0,Auto,Indefinido,Urbano
fiat,Toro,toro-tributo-125-1-3-2025,0.0,0.0,0.0,5.0,Auto,Indefinido,Urbano
fiat,Toro,toro-ultra-1-3-2025,0.0,0.0,0.0,5.0,Auto,Indefinido,Urbano
fiat,Toro,toro-ultra-2-0-4x4-2025,0.0,0.0,170.0,5.0,Auto,Indefinido,Urbano
fiat,Toro,toro-volcano-1-3-2025,0.0,0.0,0.0,5.0,Auto,Indefinido,Urbano
fiat,Toro,toro-volcano-2-0-4x4-2025,0.0,0.0,170.0,5.0,Auto,Indefinido,Urbano
fiat,Toro,toro-volcano-2-2-4x4-2025,0.0,0.0,200.0,5.0,Auto,Indefinido,Urbano
fiat,Toro,toro-endurance-1-3-2026,0.0,0.0,0.0,5.0,Auto,Indefinido,Urbano
fiat,Toro,toro-freedom-1-3-2026,0.0,0.0,0.0,5.0,Auto,Indefinido,Urbano
fiat,Toro,toro-ranch-2-2-4x4-2026,0.0,0.0,200.0,5.0,Auto,Indefinido,Urbano
fiat,Toro,toro-ultra-1-3-2026,0.0,0.0,0.0,5.0,Auto,Indefinido,Urbano
fiat,Toro,toro-volcano-1-3-2026,0.0,0.0,0.0,5.0,Auto,Indefinido,Urbano
fiat,Toro,toro-volcano-2-2-4x4-2026,0.0,0.0,200.0,5.0,Auto,Indefinido,Urbano
fiat,Uno,uno-cs-1-3-1985,0.0,0.0,59.0,5.0,Manual,Indefinido,Urbano
fiat,Uno,uno-s-1-3-1985,0.0,0.0,59.0,5.0,Manual,Indefinido,Urbano
fiat,Uno,uno-sx-1-3-1985,0.0,0.0,70.0,5.0,Manual,Indefinido,Urbano
fiat,Uno,uno-cs-1-3-1986,0.0,0.0,59.0,5.0,Manual,Indefinido,Urbano
fiat,Uno,uno-s-1-3-1986,0.0,0.0,59.0,5.0,Manual,Indefinido,Urbano
fiat,Uno,uno-sx-1-3-1986,0.0,0.0,70.0,5.0,Manual,Indefinido,Urbano
fiat,Uno,uno-1-5-r-1987,0.0,0.0,0.0,5.0,Manual,Indefinido,Urbano
fiat,Uno,uno-cs-1-3-1987,0.0,0.0,59.0,5.0,Manual,Indefinido,Urbano
fiat,Uno,uno-s-1-3-1987,0.0,0.0,59.0,5.0,Manual,Indefinido,Urbano
fiat,Uno,uno-1-5-r-1988,0.0,0.0,86.0,5.0,Manual,Indefinido,Urbano
fiat,Uno,uno-cs-1-3-1988,0.0,0.0,59.0,5.0,Manual,Indefinido,Urbano
fiat,Uno,uno-furgao-1-3-1988,0.0,0.0,59.7,5.0,Manual,Indefinido,Urbano
fiat,Uno,uno-s-1-3-1988,0.0,0.0,59.0,5.0,Manual,Indefinido,Urbano
fiat,Uno,uno-1-5-r-1989,0.0,0.0,86.0,5.0,Manual,Indefinido,Urbano
fiat,Uno,uno-cs-1-3-1989,0.0,0.0,59.0,5.0,Manual,Indefinido,Urbano
fiat,Uno,uno-furgao-1-3-1989,0.0,0.0,597.0,5.0,Manual,Indefinido,Urbano
fiat,Uno,uno-s-1-3-1989,0.0,0.0,59.0,5.0,Manual,Indefinido,Urbano
fiat,Uno,uno-1-5-r-1990,0.0,0.0,86.0,5.0,Manual,Indefinido,Urbano
fiat,Uno,uno-1-6-r-1990,0.0,0.0,88.0,5.0,Manual,Indefinido,Urbano
fiat,Uno,uno-cs-1-3-1990,0.0,0.0,59.0,5.0,Manual,Indefinido,Urbano
fiat,Uno,uno-cs-export-1-5-1990,0.0,0.0,70.5,5.0,Manual,Indefinido,Urbano
fiat,Uno,uno-cs-top-1-5-1990,0.0,0.0,82.0,5.0,Manual,Indefinido,Urbano
fiat,Uno,uno-mille-1-0-1990,0.0,0.0,48.5,5.0,Manual,Indefinido,Urbano
fiat,Uno,uno-s-1-3-1990,0.0,0.0,59.0,5.0,Manual,Indefinido,Urbano
fiat,Uno,uno-1-6-r-1991,0.0,0.0,84.0,5.0,Manual,Indefinido,Urbano
fiat,Uno,uno-cs-1-3-1991,0.0,0.0,59.0,5.0,Manual,Indefinido,Urbano
fiat,Uno,uno-cs-1-5-1991,0.0,0.0,636.0,5.0,Manual,Indefinido,Urbano
fiat,Uno,uno-csl-1-6-1991,0.0,0.0,84.0,5.0,Manual,Indefinido,Urbano
fiat,Uno,uno-mille-1-0-1991,0.0,0.0,485.0,5.0,Manual,Indefinido,Urbano
fiat,Uno,uno-mille-brio-1-0-1991,0.0,0.0,54.4,5.0,Manual,Indefinido,Urbano
fiat,Uno,uno-s-1-3-1991,0.0,0.0,59.0,5.0,Manual,Indefinido,Urbano
fiat,Uno,uno-s-1-5-1991,0.0,0.0,636.0,5.0,Manual,Indefinido,Urbano
fiat,Uno,uno-1-6-r-1992,0.0,0.0,84.0,5.0,Manual,Indefinido,Urbano
fiat,Uno,uno-cs-1-5-1992,0.0,0.0,612.0,5.0,Manual,Indefinido,Urbano
fiat,Uno,uno-csl-1-6-1992,0.0,0.0,84.0,5.0,Manual,Indefinido,Urbano
fiat,Uno,uno-furgao-1-5-1992,0.0,0.0,61.2,5.0,Manual,Indefinido,Urbano
fiat,Uno,uno-mille-1-0-1992,0.0,0.0,47.0,5.0,Manual,Indefinido,Urbano
fiat,Uno,uno-s-1-5-1992,0.0,0.0,612.0,5.0,Manual,Indefinido,Urbano
fiat,Uno,uno-1-6-r-1993,0.0,0.0,0.0,5.0,Manual,Indefinido,Urbano
fiat,Uno,uno-1-6-r-mpi-1993,0.0,0.0,94.0,5.0,Manual,Indefinido,Urbano
fiat,Uno,uno-cs-1-5-1993,0.0,0.0,67.3,5.0,Manual,Indefinido,Urbano
fiat,Uno,uno-cs-1-5-1993-gasolina,0.0,0.0,67.3,5.0,Manual,Indefinido,Urbano
fiat,Uno,uno-csl-1-6-1993,0.0,0.0,84.0,5.0,Manual,Indefinido,Urbano
fiat,Uno,uno-mille-1-0-1993,0.0,0.0,47.0,5.0,Manual,Indefinido,Urbano
fiat,Uno,uno-mille-electronic-1-0-1993,0.0,0.0,56.1,5.0,Manual,Indefinido,Urbano
fiat,Uno,uno-mille-electronic-1-0-1993-gasolina,0.0,0.0,56.1,5.0,Manual,Indefinido,Urbano
fiat,Uno,uno-s-1-5-1993,0.0,0.0,67.3,5.0,Manual,Indefinido,Urbano
fiat,Uno,uno-1-6-mpi-1994,0.0,0.0,94.0,5.0,Manual,Indefinido,Urbano
fiat,Uno,uno-1-6-r-mpi-1994,0.0,0.0,94.0,5.0,Manual,Indefinido,Urbano
fiat,Uno,uno-cs-1-5-1994,0.0,0.0,67.3,5.0,Manual,Indefinido,Urbano
fiat,Uno,uno-cs-1-5-1994-gasolina,0.0,0.0,67.3,5.0,Manual,Indefinido,Urbano
fiat,Uno,uno-furgao-1-5-1994,0.0,0.0,735.0,5.0,Manual,Indefinido,Urbano
fiat,Uno,uno-mille-electronic-1-0-1994,0.0,0.0,56.1,5.0,Manual,Indefinido,Urbano
fiat,Uno,uno-mille-electronic-1-0-1994-gasolina,0.0,0.0,56.1,5.0,Manual,Indefinido,Urbano
fiat,Uno,uno-mille-elx-1-0-1994,0.0,0.0,56.1,5.0,Manual,Indefinido,Urbano
fiat,Uno,uno-mille-elx-1-0-1994-gasolina,0.0,0.0,56.1,5.0,Manual,Indefinido,Urbano
fiat,Uno,uno-s-1-5-1994,0.0,0.0,67.3,5.0,Manual,Indefinido,Urbano
fiat,Uno,uno-turbo-1-4-1994,0.0,0.0,118.0,5.0,Manual,Indefinido,Urbano
fiat,Uno,uno-1-6-mpi-1995,0.0,0.0,94.0,5.0,Manual,Indefinido,Urbano
fiat,Uno,uno-1-6-mpi-1995-gasolina,0.0,0.0,0.0,5.0,Manual,Indefinido,Urbano
fiat,Uno,uno-cs-1-5-1995,0.0,0.0,67.3,5.0,Manual,Indefinido,Urbano
fiat,Uno,uno-cs-1-5-1995-gasolina,0.0,0.0,67.3,5.0,Manual,Indefinido,Urbano
fiat,Uno,uno-mille-electronic-1-0-1995,0.0,0.0,56.1,5.0,Manual,Indefinido,Urbano
fiat,Uno,uno-mille-electronic-1-0-1995-gasolina,0.0,0.0,56.1,5.0,Manual,Indefinido,Urbano
fiat,Uno,uno-mille-elx-1-0-1995,0.0,0.0,56.1,5.0,Manual,Indefinido,Urbano
fiat,Uno,uno-mille-elx-1-0-1995-gasolina,0.0,0.0,56.1,5.0,Manual,Indefinido,Urbano
fiat,Uno,uno-turbo-1-4-1995,0.0,0.0,118.0,5.0,Manual,Indefinido,Urbano
fiat,Uno,uno-1-6-mpi-1996,0.0,0.0,94.0,5.0,Manual,Indefinido,Urbano
fiat,Uno,uno-cs-1-5-1996,0.0,0.0,67.3,5.0,Manual,Indefinido,Urbano
fiat,Uno,uno-cs-1-5-1996-gasolina,0.0,0.0,67.3,5.0,Manual,Indefinido,Urbano
fiat,Uno,uno-mille-1-0-1996,0.0,0.0,58.0,5.0,Manual,Indefinido,Urbano
fiat,Uno,uno-mille-ep-1-0-1996,0.0,0.0,58.0,5.0,Manual,Indefinido,Urbano
fiat,Uno,uno-mille-ep-1-0-1996-gasolina,0.0,0.0,58.0,5.0,Manual,Indefinido,Urbano
fiat,Uno,uno-turbo-1-4-1996,0.0,0.0,118.0,5.0,Manual,Indefinido,Urbano
fiat,Uno,uno-1-6-mpi-1997,0.0,0.0,94.0,5.0,Manual,Indefinido,Urbano
fiat,Uno,uno-furgao-1-5-1997,0.0,0.0,735.0,5.0,Manual,Indefinido,Urbano
fiat,Uno,uno-mille-sx-1-0-1997,0.0,0.0,58.0,5.0,Manual,Indefinido,Urbano
fiat,Uno,uno-mille-sx-1-0-1997-gasolina,0.0,0.0,58.0,5.0,Manual,Indefinido,Urbano
fiat,Uno,uno-mille-ex-1-0-1998,0.0,0.0,57.0,5.0,Manual,Indefinido,Urbano
fiat,Uno,uno-mille-sx-1-0-1998,0.0,0.0,57.0,5.0,Manual,Indefinido,Urbano
fiat,Uno,uno-mille-sx-1-0-1998-gasolina,0.0,0.0,58.0,5.0,Manual,Indefinido,Urbano
fiat,Uno,uno-mille-sx-young-1-0-1998,0.0,0.0,57.0,5.0,Manual,Indefinido,Urbano
fiat,Uno,uno-furgao-1-5-1999,0.0,0.0,77.0,5.0,Manual,Indefinido,Urbano
fiat,Uno,uno-mille-ex-1-0-1999,0.0,0.0,57.0,5.0,Manual,Indefinido,Urbano
fiat,Uno,uno-mille-ex-1-0-1999-gasolina,0.0,0.0,57.0,5.0,Manual,Indefinido,Urbano
fiat,Uno,uno-mille-sx-young-1-0-1999,0.0,0.0,0.0,5.0,Manual,Indefinido,Urbano
fiat,Uno,uno-mille-ex-1-0-2000,0.0,0.0,57.0,5.0,Manual,Indefinido,Urbano
fiat,Uno,uno-mille-ex-1-0-2000-gasolina,0.0,0.0,57.0,5.0,Manual,Indefinido,Urbano
fiat,Uno,uno-mille-smart-1-0-2000,0.0,0.0,57.0,5.0,Manual,Indefinido,Urbano
fiat,Uno,uno-mille-smart-1-0-2000-gasolina,0.0,0.0,57.0,5.0,Manual,Indefinido,Urbano
fiat,Uno,uno-mille-smart-1-0-2001,0.0,0.0,57.0,5.0,Manual,Indefinido,Urbano
fiat,Uno,uno-mille-smart-1-0-2001-gasolina,0.0,0.0,57.0,5.0,Manual,Indefinido,Urbano
fiat,Uno,uno-mille-fire-1-0-2002,0.0,0.0,55.0,5.0,Manual,Indefinido,Urbano
fiat,Uno,uno-mille-fire-1-0-2002-gasolina,0.0,0.0,55.0,5.0,Manual,Indefinido,Urbano
fiat,Uno,uno-furgao-1-3-2003,0.0,0.0,65.0,5.0,Manual,Indefinido,Urbano
fiat,Uno,uno-mille-fire-1-0-2003,0.0,0.0,55.0,5.0,Manual,Indefinido,Urbano
fiat,Uno,uno-mille-fire-1-0-2003-gasolina,0.0,0.0,55.0,5.0,Manual,Indefinido,Urbano
fiat,Uno,uno-mille-fire-1-0-2004,0.0,0.0,55.0,5.0,Manual,Indefinido,Urbano
fiat,Uno,uno-mille-fire-1-0-2004-gasolina,0.0,0.0,55.0,5.0,Manual,Indefinido,Urbano
fiat,Uno,uno-mille-fire-1-0-2005,0.0,0.0,55.0,5.0,Manual,Indefinido,Urbano
fiat,Uno,uno-mille-fire-1-0-2005-flex,0.0,0.0,66.0,5.0,Manual,Indefinido,Urbano
fiat,Uno,uno-mille-fire-1-0-2006,0.0,0.0,55.0,5.0,Manual,Indefinido,Urbano
fiat,Uno,uno-mille-fire-1-0-2006-flex,0.0,0.0,66.0,5.0,Manual,Indefinido,Urbano
fiat,Uno,uno-furgao-1-3-2007,0.0,0.0,71.0,5.0,Manual,Indefinido,Urbano
fiat,Uno,uno-mille-fire-1-0-2007,0.0,0.0,55.0,5.0,Manual,Indefinido,Urbano
fiat,Uno,uno-mille-fire-1-0-2007-flex,0.0,0.0,66.0,5.0,Manual,Indefinido,Urbano
fiat,Uno,uno-mille-fire-1-0-2008,0.0,0.0,55.0,5.0,Manual,Indefinido,Urbano
fiat,Uno,uno-mille-fire-1-0-2008-flex,0.0,0.0,66.0,5.0,Manual,Indefinido,Urbano
fiat,Uno,uno-furgao-1-3-2009,0.0,0.0,0.0,5.0,Manual,Indefinido,Urbano
fiat,Uno,uno-mille-economy-1-0-2009,0.0,0.0,66.0,5.0,Manual,Indefinido,Urbano
fiat,Uno,uno-mille-economy-1-0-2009-flex,0.0,0.0,66.0,5.0,Manual,Indefinido,Urbano
fiat,Uno,uno-mille-economy-way-1-0-2009,0.0,0.0,66.0,5.0,Manual,Indefinido,Urbano
fiat,Uno,uno-mille-economy-way-1-0-2009-flex,0.0,0.0,0.0,5.0,Manual,Indefinido,Urbano
fiat,Uno,uno-furgao-1-3-2010,0.0,0.0,0.0,5.0,Manual,Indefinido,Urbano
fiat,Uno,uno-mille-economy-1-0-2010,0.0,0.0,66.0,5.0,Manual,Indefinido,Urbano
fiat,Uno,uno-mille-economy-1-0-2010-flex,0.0,0.0,66.0,5.0,Manual,Indefinido,Urbano
fiat,Uno,uno-mille-economy-way-1-0-2010,0.0,0.0,0.0,5.0,Manual,Indefinido,Urbano
fiat,Uno,uno-mille-economy-way-1-0-2010-flex,0.0,0.0,0.0,5.0,Manual,Indefinido,Urbano
fiat,Uno,uno-attractive-1-4-2011,0.0,0.0,88.0,5.0,Manual,Indefinido,Urbano
fiat,Uno,uno-furgao-1-3-2011,0.0,0.0,71.0,5.0,Manual,Indefinido,Urbano
fiat,Uno,uno-mille-economy-1-0-2011,0.0,0.0,66.0,5.0,Manual,Indefinido,Urbano
fiat,Uno,uno-mille-economy-1-0-2011-flex,0.0,0.0,66.0,5.0,Manual,Indefinido,Urbano
fiat,Uno,uno-mille-economy-way-1-0-2011,0.0,0.0,66.0,5.0,Manual,Indefinido,Urbano
fiat,Uno,uno-mille-economy-way-1-0-2011-flex,0.0,0.0,66.0,5.0,Manual,Indefinido,Urbano
fiat,Uno,uno-sporting-1-4-2011,0.0,0.0,88.0,5.0,Manual,Indefinido,Urbano
fiat,Uno,uno-vivace-1-0-2011,0.0,0.0,75.0,5.0,Manual,Indefinido,Urbano
fiat,Uno,uno-way-1-0-2011,0.0,0.0,75.0,5.0,Manual,Indefinido,Urbano
fiat,Uno,uno-way-1-4-2011,0.0,0.0,88.0,5.0,Manual,Indefinido,Urbano
fiat,Uno,uno-attractive-1-4-2012,0.0,0.0,88.0,5.0,Manual,Indefinido,Urbano
fiat,Uno,uno-attractive-1-4-2012-flex,0.0,0.0,0.0,5.0,Manual,Indefinido,Urbano
fiat,Uno,uno-economy-1-4-2012,0.0,0.0,88.0,5.0,Manual,Indefinido,Urbano
fiat,Uno,uno-economy-1-4-2012-flex,0.0,0.0,88.0,5.0,Manual,Indefinido,Urbano
fiat,Uno,uno-furgao-1-3-2012,0.0,0.0,0.0,5.0,Manual,Indefinido,Urbano
fiat,Uno,uno-mille-economy-1-0-2012,0.0,0.0,66.0,5.0,Manual,Indefinido,Urbano
fiat,Uno,uno-mille-economy-1-0-2012-flex,0.0,0.0,0.0,5.0,Manual,Indefinido,Urbano
fiat,Uno,uno-mille-economy-way-1-0-2012,0.0,0.0,66.0,5.0,Manual,Indefinido,Urbano
fiat,Uno,uno-mille-economy-way-1-0-2012-flex,0.0,0.0,66.0,5.0,Manual,Indefinido,Urbano
fiat,Uno,uno-sporting-1-4-2012,0.0,0.0,88.0,5.0,Manual,Indefinido,Urbano
fiat,Uno,uno-sporting-1-4-2012-flex,0.0,0.0,88.0,5.0,Manual,Indefinido,Urbano
fiat,Uno,uno-vivace-1-0-2012,0.0,0.0,75.0,5.0,Manual,Indefinido,Urbano
fiat,Uno,uno-vivace-1-0-2012-flex,0.0,0.0,75.0,5.0,Manual,Indefinido,Urbano
fiat,Uno,uno-way-1-0-2012,0.0,0.0,75.0,5.0,Manual,Indefinido,Urbano
fiat,Uno,uno-way-1-0-2012-flex,0.0,0.0,75.0,5.0,Manual,Indefinido,Urbano
fiat,Uno,uno-way-1-4-2012,0.0,0.0,88.0,5.0,Manual,Indefinido,Urbano
fiat,Uno,uno-way-1-4-2012-flex,0.0,0.0,88.0,5.0,Manual,Indefinido,Urbano
fiat,Uno,uno-economy-1-4-2013,0.0,0.0,88.0,5.0,Manual,Indefinido,Urbano
fiat,Uno,uno-economy-1-4-2013-flex,0.0,0.0,88.0,5.0,Manual,Indefinido,Urbano
fiat,Uno,uno-furgao-1-3-2013,0.0,0.0,0.0,5.0,Manual,Indefinido,Urbano
fiat,Uno,uno-grazie-mille-1-0-2013,0.0,0.0,66.0,5.0,Manual,Indefinido,Urbano
fiat,Uno,uno-interlagos-1-4-2013,0.0,0.0,88.0,5.0,Manual,Indefinido,Urbano
fiat,Uno,uno-italia-1-0-2013,0.0,0.0,75.0,5.0,Manual,Indefinido,Urbano
fiat,Uno,uno-mille-economy-1-0-2013,0.0,0.0,66.0,5.0,Manual,Indefinido,Urbano
fiat,Uno,uno-mille-economy-1-0-2013-flex,0.0,0.0,66.0,5.0,Manual,Indefinido,Urbano
fiat,Uno,uno-mille-economy-way-1-0-2013,0.0,0.0,0.0,5.0,Manual,Indefinido,Urbano
fiat,Uno,uno-mille-economy-way-1-0-2013-flex,0.0,0.0,66.0,5.0,Manual,Indefinido,Urbano
fiat,Uno,uno-mille-economy-way-xingu-1-0-2013,0.0,0.0,66.0,5.0,Manual,Indefinido,Urbano
fiat,Uno,uno-sporting-1-4-2013,0.0,0.0,88.0,5.0,Manual,Indefinido,Urbano
fiat,Uno,uno-vivace-1-0-2013,0.0,0.0,75.0,5.0,Manual,Indefinido,Urbano
fiat,Uno,uno-vivace-1-0-2013-flex,0.0,0.0,75.0,5.0,Manual,Indefinido,Urbano
fiat,Uno,uno-way-1-0-2013,0.0,0.0,75.0,5.0,Manual,Indefinido,Urbano
fiat,Uno,uno-way-1-4-2013,0.0,0.0,88.0,5.0,Manual,Indefinido,Urbano
fiat,Uno,uno-way-xingu-1-0-2013,0.0,0.0,75.0,5.0,Manual,Indefinido,Urbano
fiat,Uno,uno-way-xingu-1-4-2013,0.0,0.0,88.0,5.0,Manual,Indefinido,Urbano
fiat,Uno,uno-college-1-0-2014,0.0,0.0,75.0,5.0,Manual,Indefinido,Urbano
fiat,Uno,uno-economy-1-4-2014,0.0,0.0,88.0,5.0,Manual,Indefinido,Urbano
fiat,Uno,uno-furgao-1-0-2014,0.0,0.0,75.0,5.0,Manual,Indefinido,Urbano
fiat,Uno,uno-rua-1-0-2014,0.0,0.0,0.0,5.0,Manual,Indefinido,Urbano
fiat,Uno,uno-sporting-1-4-2014,0.0,0.0,88.0,5.0,Manual,Indefinido,Urbano
fiat,Uno,uno-vivace-1-0-2014,0.0,0.0,75.0,5.0,Manual,Indefinido,Urbano
fiat,Uno,uno-vivace-1-0-2014-flex,0.0,0.0,75.0,5.0,Manual,Indefinido,Urbano
fiat,Uno,uno-way-1-0-2014,0.0,0.0,0.0,5.0,Manual,Indefinido,Urbano
fiat,Uno,uno-way-1-4-2014,0.0,0.0,0.0,5.0,Manual,Indefinido,Urbano
fiat,Uno,uno-way-xingu-1-0-2014,0.0,0.0,0.0,5.0,Manual,Indefinido,Urbano
fiat,Uno,uno-way-xingu-1-4-2014,0.0,0.0,0.0,5.0,Manual,Indefinido,Urbano
fiat,Uno,uno-attractive-1-0-2015,0.0,0.0,75.0,5.0,Manual,Indefinido,Urbano
fiat,Uno,uno-evolution-1-4-2015,0.0,0.0,88.0,5.0,Manual,Indefinido,Urbano
fiat,Uno,uno-furgao-1-0-2015,0.0,0.0,0.0,5.0,Manual,Indefinido,Urbano
fiat,Uno,uno-italia-1-0-2015,0.0,0.0,75.0,5.0,Manual,Indefinido,Urbano
fiat,Uno,uno-rio-450-1-0-2015,0.0,0.0,75.0,5.0,Manual,Indefinido,Urbano
fiat,Uno,uno-sporting-1-4-2015,0.0,0.0,88.0,5.0,Manual,Indefinido,Urbano
fiat,Uno,uno-sporting-1-4-dualogic-2015,0.0,0.0,88.0,5.0,Auto,Indefinido,Urbano
fiat,Uno,uno-vivace-1-0-2015,0.0,0.0,75.0,5.0,Manual,Indefinido,Urbano
fiat,Uno,uno-vivace-1-0-2015-flex,0.0,0.0,75.0,5.0,Manual,Indefinido,Urbano
fiat,Uno,uno-way-1-0-2015,0.0,0.0,75.0,5.0,Manual,Indefinido,Urbano
fiat,Uno,uno-way-1-4-2015,0.0,0.0,88.0,5.0,Manual,Indefinido,Urbano
fiat,Uno,uno-way-1-4-dualogic-2015,0.0,0.0,88.0,5.0,Auto,Indefinido,Urbano
fiat,Uno,uno-attractive-1-0-2016,0.0,0.0,75.0,5.0,Manual,Indefinido,Urbano
fiat,Uno,uno-blue-edition-1-4-2016,0.0,0.0,88.0,5.0,Manual,Indefinido,Urbano
fiat,Uno,uno-blue-edition-1-4-dualogic-2016,0.0,0.0,88.0,5.0,Auto,Indefinido,Urbano
fiat,Uno,uno-evolution-1-4-2016,0.0,0.0,88.0,5.0,Manual,Indefinido,Urbano
fiat,Uno,uno-furgao-1-0-2016,0.0,0.0,75.0,5.0,Manual,Indefinido,Urbano
fiat,Uno,uno-rio-450-1-0-2016,0.0,0.0,0.0,5.0,Manual,Indefinido,Urbano
fiat,Uno,uno-sporting-1-4-2016,0.0,0.0,88.0,5.0,Manual,Indefinido,Urbano
fiat,Uno,uno-sporting-1-4-dualogic-2016,0.0,0.0,88.0,5.0,Auto,Indefinido,Urbano
fiat,Uno,uno-vivace-1-0-2016,0.0,0.0,75.0,5.0,Manual,Indefinido,Urbano
fiat,Uno,uno-vivace-1-0-2016-flex,0.0,0.0,75.0,5.0,Manual,Indefinido,Urbano
fiat,Uno,uno-way-1-0-2016,0.0,0.0,75.0,5.0,Manual,Indefinido,Urbano
fiat,Uno,uno-way-1-4-2016,0.0,0.0,88.0,5.0,Manual,Indefinido,Urbano
fiat,Uno,uno-way-1-4-dualogic-2016,0.0,0.0,88.0,5.0,Auto,Indefinido,Urbano
fiat,Uno,uno-attractive-1-0-2017,0.0,0.0,77.0,5.0,Manual,Indefinido,Urbano
fiat,Uno,uno-sporting-1-3-2017,0.0,0.0,109.0,5.0,Manual,Indefinido,Urbano
fiat,Uno,uno-sporting-1-3-dualogic-2017,0.0,0.0,109.0,5.0,Auto,Indefinido,Urbano
fiat,Uno,uno-way-1-0-2017,0.0,0.0,77.0,5.0,Manual,Indefinido,Urbano
fiat,Uno,uno-way-1-3-2017,0.0,0.0,109.0,5.0,Manual,Indefinido,Urbano
fiat,Uno,uno-way-1-3-dualogic-2017,0.0,0.0,109.0,5.0,Auto,Indefinido,Urbano
fiat,Uno,uno-drive-1-0-2018,0.0,0.0,77.0,5.0,Manual,Indefinido,Urbano
fiat,Uno,uno-sporting-1-3-2018,0.0,0.0,109.0,5.0,Manual,Indefinido,Urbano
fiat,Uno,uno-sporting-1-3-gsr-2018,0.0,0.0,109.0,5.0,Auto,Indefinido,Urbano
fiat,Uno,uno-way-1-0-2018,0.0,0.0,77.0,5.0,Manual,Indefinido,Urbano
fiat,Uno,uno-way-1-3-2018,0.0,0.0,109.0,5.0,Manual,Indefinido,Urbano
fiat,Uno,uno-way-1-3-gsr-2018,0.0,0.0,109.0,5.0,Auto,Indefinido,Urbano
fiat,Uno,uno-attractive-1-0-2019,0.0,0.0,75.0,5.0,Manual,Indefinido,Urbano
fiat,Uno,uno-drive-1-0-2019,0.0,0.0,77.0,5.0,Manual,Indefinido,Urbano
fiat,Uno,uno-way-1-0-2019,0.0,0.0,77.0,5.0,Manual,Indefinido,Urbano
fiat,Uno,uno-way-1-3-2019,0.0,0.0,0.0,5.0,Manual,Indefinido,Urbano
fiat,Uno,uno-attractive-1-0-2020,0.0,0.0,0.0,5.0,Manual,Indefinido,Urbano
fiat,Uno,uno-drive-1-0-2020,0.0,0.0,0.0,5.0,Manual,Indefinido,Urbano
fiat,Uno,uno-way-1-0-2020,0.0,0.0,0.0,5.0,Manual,Indefinido,Urbano
fiat,Uno,uno-way-1-3-2020,0.0,0.0,0.0,5.0,Manual,Indefinido,Urbano
fiat,Uno,uno-attractive-1-0-2021,0.0,0.0,0.0,5.0,Manual,Indefinido,Urbano
fiat,Uno,uno-ciao-1-0-2021,0.0,0.0,0.0,5.0,Manual,Indefinido,Urbano
fiat,Uno,uno-drive-1-0-2021,0.0,0.0,0.0,5.0,Manual,Indefinido,Urbano
fiat,Uno,uno-way-1-0-2021,0.0,0.0,0.0,5.0,Manual,Indefinido,Urbano
fiat,Uno,uno-way-1-3-2021,0.0,0.0,109.0,5.0,Manual,Indefinido,Urbano
