marca,modelo,modelo_slug,versao,versao_slug,url,coletado_em,titulo_pagina,geral__aceleracao_0100_kmh,geral__velocidade_maxima,geral__acionam_do_comando,geral__alimentacao,geral__aspiracao,geral__cilindrada,geral__cilindros,geral__codigo_do_motor,geral__comando_de_valvulas,geral__curso_do_pistao,geral__diametro_do_cilindro,geral__disposicao,geral__instalacao,geral__pesopotencia,geral__pesotorque,geral__potencia_especifica,geral__potencia_maxima,geral__razao_de_compressao,geral__rotacao_maxima,geral__rotacao_potencia_max,geral__rotacao_torque_max,geral__torque_especifico,geral__torque_maximo,geral__tuchos,geral__valvulas_por_cilindro,geral__acoplamento,geral__cambio,geral__marchas,geral__quantidade_de_marchas,geral__tracao,geral__altura,geral__bitola_dianteira,geral__bitola_traseira,geral__comprimento,geral__distancia_entreeixos,geral__largura,geral__peso,geral__portamalas,geral__tanque_de_combustivel,geral__altura_do_flanco,geral__dianteiros,geral__traseiros,geral__area_frontal_a,geral__area_frontal_corrigida,geral__coef_de_arrasto_cx,geral__coeficiente_de_arrasto_cx,geral__assistencia,geral__diametro_de_giro,geral__diametro_minimo_de_giro,geral__dianteira,geral__elemento_elastico,geral__traseira,geral__rodoviaria_g,geral__urbana_g,geral__rodoviario_g,geral__urbano_g,geral__regime_potencia_max,geral__regime_torque_max,geral__potencia,geral__torque,geral__carga_util,geral__angulo_central,geral__angulo_de_entrada,geral__angulo_de_saida,geral__altura_minima_do_solo,geral__variacao_do_comando,geral__codigo_do_cambio,geral__reboque_com_freio,geral__reboque_sem_freio,geral__curso_dos_pistoes,geral__diametro_dos_cilindros,geral__rodoviaria_a,geral__urbana_a,geral__rodoviario_a,geral__urbano_a,geral__cilindrada_unitaria,geral__deslocamento,geral__estepe,geral__potencia_maxima_a,geral__potencia_maxima_g,geral__torque_maximo_a,geral__torque_maximo_g,geral__portamalas_5_lugares,geral__portamalas_7_lugares,geral__portamalas_com_5_lugares,geral__portamalas_com_7_lugares,geral__cacamba,geral__rodoviaria_d,geral__urbana_d,geral__rodoviario_d,geral__urbano_d,geral__rampa_maxima,geral__travessia_de_agua,geral__inclinacao_lateral_maxima,geral__inclinacao_lateral_max,geral__autonomia_eletrica,geral__capacidade_da_bateria,geral__potencia_combinada,geral__torque_combinado,geral__rodoviaria,geral__urbana,geral__rodoviario,geral__urbano,geral__pesopotencia_sistema,geral__pesotorque_sistema,geral__potencia_de_recarga,geral__potencia_a,geral__potencia_g,geral__torque_a,geral__torque_g
mitsubishi,3000 Gt,3000-gt,3000-gt-vr-4-3-0-biturbo-1991,3000-gt-vr-4-3-0-biturbo-1991,https://www.fichacompleta.com.br/carros/mitsubishi/3000-gt-vr-4-3-0-biturbo-1991,2026-06-15T18:55:44.576714,Mitsubishi 3000 Gt VR-4 3.0 biturbo 1991,"6,7 s",250 km/h,Correia dentada,Injeção multiponto,Turbocompressor,2972 cm³,6 em V,6G72,Duplo no cabeçote,76 mm,"91,1 mm",Transversal,Dianteiro,"5,7 kg/cv","40,3 kg/kgfm","100,9 cv/litro",300 cv,8:1,7200 rpm,6000 rpm,2500 rpm,"14,2 kgfm/litro","42,2 kgfm",Hidráulicos,4,Embreagem monodisco a seco,Manual,5,5,Integral permanente,1285 mm,1560 mm,1580 mm,4585 mm,2470 mm,1840 mm,1700 kg,172 litros,75 litros,110 mm,Disco ventilado,Disco ventilado,"2,01 m²","0,663 m²","0,33","0,33",Hidráulica,"11,4 m","11,4 m","Indep., McPherson",Mola helicoidal,"Indep., braços sobrepostos",818 km,480 km,"10,9 km/l","6,4 km/l",,,,,,,,,,,,,,,,,,,,,,,,,,,,,,,,,,,,,,,,,,,,,,,,,,,,,,
mitsubishi,3000 Gt,3000-gt,3000-gt-vr-4-3-0-biturbo-1992,3000-gt-vr-4-3-0-biturbo-1992,https://www.fichacompleta.com.br/carros/mitsubishi/3000-gt-vr-4-3-0-biturbo-1992,2026-06-15T18:55:48.698113,Mitsubishi 3000 Gt VR-4 3.0 biturbo 1992,"6,7 s",250 km/h,Correia dentada,Injeção multiponto,Turbocompressor,2972 cm³,6 em V,6G72,Duplo no cabeçote,76 mm,"91,1 mm",Transversal,Dianteiro,"5,7 kg/cv","40,3 kg/kgfm","100,9 cv/litro",300 cv,8:1,7200 rpm,,,"14,2 kgfm/litro","42,2 kgfm",Hidráulicos,4,Embreagem monodisco a seco,Manual,5,,Integral permanente,1285 mm,1560 mm,1580 mm,4585 mm,2470 mm,1840 mm,1700 kg,172 litros,75 litros,110 mm,Disco ventilado,Disco ventilado,"2,01 m²","0,663 m²","0,33",,Hidráulica,"11,4 m",,"Indep., McPherson",Mola helicoidal,"Indep., braços sobrepostos",818 km,480 km,"10,9 km/l","6,4 km/l",6000 rpm,2500 rpm,,,,,,,,,,,,,,,,,,,,,,,,,,,,,,,,,,,,,,,,,,,,,,,,,,,,
mitsubishi,3000 Gt,3000-gt,3000-gt-vr-4-3-0-biturbo-1993,3000-gt-vr-4-3-0-biturbo-1993,https://www.fichacompleta.com.br/carros/mitsubishi/3000-gt-vr-4-3-0-biturbo-1993,2026-06-15T18:55:51.746444,Mitsubishi 3000 Gt VR-4 3.0 biturbo 1993,"6,7 s",250 km/h,Correia dentada,Injeção multiponto,Turbocompressor,2972 cm³,6 em V,6G72,Duplo no cabeçote,76 mm,"91,1 mm",Transversal,Dianteiro,"5,7 kg/cv","40,3 kg/kgfm","100,9 cv/litro",300 cv,8:1,7200 rpm,,,"14,2 kgfm/litro","42,2 kgfm",Hidráulicos,4,Embreagem monodisco a seco,Manual,5,,Integral permanente,1285 mm,1560 mm,1580 mm,4585 mm,2470 mm,1840 mm,1700 kg,172 litros,75 litros,110 mm,Disco ventilado,Disco ventilado,"2,01 m²","0,663 m²","0,33",,Hidráulica,"11,4 m",,"Indep., McPherson",Mola helicoidal,"Indep., braços sobrepostos",818 km,480 km,"10,9 km/l","6,4 km/l",6000 rpm,2500 rpm,,,,,,,,,,,,,,,,,,,,,,,,,,,,,,,,,,,,,,,,,,,,,,,,,,,,
mitsubishi,3000 Gt,3000-gt,3000-gt-vr-4-3-0-biturbo-1994,3000-gt-vr-4-3-0-biturbo-1994,https://www.fichacompleta.com.br/carros/mitsubishi/3000-gt-vr-4-3-0-biturbo-1994,2026-06-15T18:55:54.952182,Mitsubishi 3000 Gt VR-4 3.0 biturbo 1994,"6,5 s",250 km/h,Correia dentada,Injeção multiponto,Turbocompressor,2972 cm³,6 em V,6G72,Duplo no cabeçote,76 mm,"91,1 mm",Transversal,Dianteiro,"5,2 kg/cv","38,2 kg/kgfm","107,7 cv/litro",320 cv,8:1,7200 rpm,6000 rpm,2500 rpm,"14,6 kgfm/litro","43,5 kgfm",Hidráulicos,4,Embreagem monodisco a seco,Manual,6,,Integral permanente,1285 mm,1560 mm,1580 mm,4585 mm,2470 mm,1840 mm,1660 kg,172 litros,75 litros,98 mm,Disco ventilado,Disco ventilado,"2,01 m²","0,663 m²","0,33",,Hidráulica,"11,4 m",,"Indep., McPherson",Mola helicoidal,"Indep., braços sobrepostos",818 km,480 km,"10,9 km/l","6,4 km/l",,,,,,,,,,,,,,,,,,,,,,,,,,,,,,,,,,,,,,,,,,,,,,,,,,,,,,
mitsubishi,3000 Gt,3000-gt,3000-gt-vr-4-3-0-biturbo-1995,3000-gt-vr-4-3-0-biturbo-1995,https://www.fichacompleta.com.br/carros/mitsubishi/3000-gt-vr-4-3-0-biturbo-1995,2026-06-15T18:55:58.237932,Mitsubishi 3000 Gt VR-4 3.0 biturbo 1995,"6,5 s",250 km/h,,Injeção multiponto,Turbocompressor,2972 cm³,6 em V,6G72,"Duplo no cabeçote, correia dentada",76 mm,"91,1 mm",Transversal,Dianteiro,"5,2 kg/cv","38,2 kg/kgfm","107,7 cv/litro",320 cv a 6000 rpm,8:1,7200 rpm,,,"14,6 kgfm/litro","43,5 kgfm a 2500 rpm",Hidráulicos,4,Embreagem monodisco a seco,Manual,,6,Integral permanente,1285 mm,1560 mm,1580 mm,4585 mm,2470 mm,1840 mm,1660 kg,172 litros,75 litros,98 mm,Disco ventilado,Disco ventilado,"2,01 m²","0,663 m²",,"0,33",Hidráulica,,"11,4 m","Independente, McPherson",Mola helicoidal,"Independente, braços sobrepostos",818 km,480 km,"10,9 km/l","6,4 km/l",,,,,,,,,,,,,,,,,,,,,,,,,,,,,,,,,,,,,,,,,,,,,,,,,,,,,,
mitsubishi,3000 Gt,3000-gt,3000-gt-vr-4-3-0-biturbo-1998,3000-gt-vr-4-3-0-biturbo-1998,https://www.fichacompleta.com.br/carros/mitsubishi/3000-gt-vr-4-3-0-biturbo-1998,2026-06-15T18:56:02.434997,Mitsubishi 3000 Gt VR-4 3.0 biturbo 1998,"5,9 s",250 km/h,Correia dentada,Injeção multiponto,Turbocompressor,2972 cm³,6 em V,6G72,Duplo no cabeçote,76 mm,"91,1 mm",Transversal,Dianteiro,"5,7 kg/cv","39,8 kg/kgfm","102,6 cv/litro",,8:1,7200 rpm,6000 rpm,2500 rpm,"14,6 kgfm/litro",,Hidráulicos,4,Embreagem monodisco a seco,Manual,6,,Integral permanente,1285 mm,1560 mm,1580 mm,4570 mm,2470 mm,1840 mm,1730 kg,165 litros,75 litros,98 mm,Disco ventilado,Disco ventilado,"2,01 m²","0,663 m²","0,33",,Hidráulica,"11,4 m",,"Indep., McPherson",Mola helicoidal,"Indep., braços sobrepostos",758 km,450 km,"10,1 km/l",6 km/l,,,305 cv,"43,5 kgfm",390 kg,,,,,,,,,,,,,,,,,,,,,,,,,,,,,,,,,,,,,,,,,,,,,,,,,
mitsubishi,Airtrek,airtrek,airtrek-2-4-2003,airtrek-2-4-2003,https://www.fichacompleta.com.br/carros/mitsubishi/airtrek-2-4-2003,2026-06-15T18:56:28.288303,Mitsubishi Airtrek 2.4 2003,"13,5 s",175 km/h,,Injeção multiponto,Natural,2351 cm³,4 em linha,,Único no cabeçote,100 mm,"86,5 mm",Transversal,Dianteiro,"11,3 kg/cv","73,2 kg/kgfm","57,8 cv/litro",136 cv,9:1,6250 rpm,5000 rpm,2500 rpm,"8,9 kgfm/litro","20,9 kgfm",,4,Conversor de torque,Automático,4,4,Integral permanente,1600 mm,1495 mm,1505 mm,4545 mm,2625 mm,1750 mm,1530 kg,402 litros,60 litros,129 mm,Disco ventilado,Tambor,,,,,Hidráulica,"11,4 m","11,4 m","Indep., McPherson",Mola helicoidal,"Indep., multibraço",570 km,450 km,"9,5 km/l","7,5 km/l",,,,,450 kg,"20,7 graus","21,4 graus","22,2 graus",205 mm,,,,,,,,,,,,,,,,,,,,,,,,,,,,,,,,,,,,,,,,,,,,,
mitsubishi,Airtrek,airtrek,airtrek-2-4-2004,airtrek-2-4-2004,https://www.fichacompleta.com.br/carros/mitsubishi/airtrek-2-4-2004,2026-06-15T18:56:32.344454,Mitsubishi Airtrek 2.4 2004,"13,5 s",175 km/h,,Injeção multiponto,Natural,2351 cm³,4 em linha,,Único no cabeçote,100 mm,"86,5 mm",Transversal,Dianteiro,"11,3 kg/cv","73,2 kg/kgfm","57,8 cv/litro",136 cv a 5000 rpm,9:1,6250 rpm,,,"8,9 kgfm/litro","20,9 kgfm a 2500 rpm",,4,Conversor de torque,Automático,,4,Integral permanente,1600 mm,1495 mm,1505 mm,4545 mm,2625 mm,1750 mm,1530 kg,402 litros,60 litros,129 mm,Disco ventilado,Tambor,,,,,Hidráulica,,"11,4 m","Independente, McPherson",Mola helicoidal,"Independente, multibraço",570 km,450 km,"9,5 km/l","7,5 km/l",,,,,450 kg,"20,7 graus","21,4 graus","22,2 graus",205 mm,,,,,,,,,,,,,,,,,,,,,,,,,,,,,,,,,,,,,,,,,,,,,
mitsubishi,Airtrek,airtrek,airtrek-2-4-2005,airtrek-2-4-2005,https://www.fichacompleta.com.br/carros/mitsubishi/airtrek-2-4-2005,2026-06-15T18:56:36.353545,Mitsubishi Airtrek 2.4 2005,12 s,190 km/h,,Injeção multiponto,Natural,2351 cm³,4 em linha,,Único no cabeçote,100 mm,"86,5 mm",Transversal,Dianteiro,"9,5 kg/cv","69,2 kg/kgfm","69,3 cv/litro",163 cv a 5750 rpm,"9,5:1",6250 rpm,,,"9,5 kgfm/litro","22,4 kgfm a 4000 rpm",,4,Conversor de torque,Automático,,4,Integral permanente,1630 mm,1495 mm,1505 mm,4545 mm,2625 mm,1780 mm,1550 kg,402 litros,60 litros,129 mm,Disco ventilado,Disco sólido,,,,,Hidráulica,,"11,4 m","Independente, McPherson",Mola helicoidal,"Independente, multibraço",540 km,420 km,9 km/l,7 km/l,,,,,450 kg,"20,7 graus","21,4 graus","22,2 graus",205 mm,Admissão,,,,,,,,,,,,,,,,,,,,,,,,,,,,,,,,,,,,,,,,,,,,
mitsubishi,Airtrek,airtrek,airtrek-2-0-turbo-2006,airtrek-2-0-turbo-2006,https://www.fichacompleta.com.br/carros/mitsubishi/airtrek-2-0-turbo-2006,2026-06-15T18:56:39.640616,Mitsubishi Airtrek 2.0 Turbo 2006,"7,1 s",190 km/h,,Injeção multiponto,Turbocompressor,1997 cm³,4 em linha,4G63T,Duplo no cabeçote,88 mm,85 mm,Transversal,Dianteiro,"6,6 kg/cv","45,4 kg/kgfm","120,2 cv/litro",240 cv,"8,5:1",,,,"17,5 kgfm/litro",35 kgfm,,4,Conversor de torque,Automático,5,,Integral permanente,1630 mm,1495 mm,1505 mm,4545 mm,2625 mm,1780 mm,1590 kg,402 litros,60 litros,129 mm,Disco ventilado,Disco sólido,,,,,Hidráulica,"11,4 m",,"Indep., McPherson",Mola helicoidal,"Indep., multibraço",540 km,360 km,9 km/l,6 km/l,5500 rpm,2500 rpm,,,,"20,7 graus","21,4 graus","22,2 graus",205 mm,,F5A5,,,,,,,,,,,,,,,,,,,,,,,,,,,,,,,,,,,,,,,,,,,
mitsubishi,Airtrek,airtrek,airtrek-2-4-2006,airtrek-2-4-2006,https://www.fichacompleta.com.br/carros/mitsubishi/airtrek-2-4-2006,2026-06-15T18:56:42.143375,Mitsubishi Airtrek 2.4 2006,12 s,190 km/h,,Injeção multiponto,Natural,2351 cm³,4 em linha,,Único no cabeçote,100 mm,"86,5 mm",Transversal,Dianteiro,"9,5 kg/cv","69,2 kg/kgfm","69,3 cv/litro",163 cv,"9,5:1",6250 rpm,5750 rpm,4000 rpm,"9,5 kgfm/litro","22,4 kgfm",,4,Conversor de torque,Automático,4,4,Integral permanente,1630 mm,1495 mm,1505 mm,4545 mm,2625 mm,1780 mm,1550 kg,402 litros,60 litros,129 mm,Disco ventilado,Disco sólido,,,,,Hidráulica,"11,4 m","11,4 m","Indep., McPherson",Mola helicoidal,"Indep., multibraço",540 km,420 km,9 km/l,7 km/l,,,,,450 kg,"20,7 graus","21,4 graus","22,2 graus",205 mm,Admissão,,,,,,,,,,,,,,,,,,,,,,,,,,,,,,,,,,,,,,,,,,,,
mitsubishi,Airtrek,airtrek,airtrek-2-4-2007,airtrek-2-4-2007,https://www.fichacompleta.com.br/carros/mitsubishi/airtrek-2-4-2007,2026-06-15T18:56:47.135135,Mitsubishi Airtrek 2.4 2007,12 s,190 km/h,,Injeção multiponto,Natural,2351 cm³,4 em linha,,Único no cabeçote,100 mm,"86,5 mm",Transversal,Dianteiro,"9,5 kg/cv","69,2 kg/kgfm","69,3 cv/litro",163 cv a 5750 rpm,"9,5:1",6250 rpm,,,"9,5 kgfm/litro","22,4 kgfm a 4000 rpm",,4,Conversor de torque,Automático,,4,Integral permanente,1630 mm,1495 mm,1505 mm,4545 mm,2625 mm,1780 mm,1550 kg,402 litros,60 litros,129 mm,Disco ventilado,Disco sólido,,,,,Hidráulica,,"11,4 m","Independente, McPherson",Mola helicoidal,"Independente, multibraço",540 km,420 km,9 km/l,7 km/l,,,,,450 kg,"20,7 graus","21,4 graus","22,2 graus",205 mm,Admissão,,,,,,,,,,,,,,,,,,,,,,,,,,,,,,,,,,,,,,,,,,,,
mitsubishi,Airtrek,airtrek,airtrek-2-4-2008,airtrek-2-4-2008,https://www.fichacompleta.com.br/carros/mitsubishi/airtrek-2-4-2008,2026-06-15T18:56:51.270192,Mitsubishi Airtrek 2.4 2008,12 s,190 km/h,,Injeção multiponto,Natural,2351 cm³,4 em linha,,Único no cabeçote,100 mm,"86,5 mm",Transversal,Dianteiro,"9,5 kg/cv","69,2 kg/kgfm","69,3 cv/litro",163 cv a 5750 rpm,"9,5:1",6250 rpm,,,"9,5 kgfm/litro","22,4 kgfm a 4000 rpm",,4,Conversor de torque,Automático,,4,Integral permanente,1630 mm,1495 mm,1505 mm,4545 mm,2625 mm,1780 mm,1550 kg,402 litros,60 litros,129 mm,Disco ventilado,Disco sólido,,,,,Hidráulica,,"11,4 m","Independente, McPherson",Mola helicoidal,"Independente, multibraço",540 km,420 km,9 km/l,7 km/l,,,,,450 kg,"20,7 graus","21,4 graus","22,2 graus",205 mm,Admissão,,,,,,,,,,,,,,,,,,,,,,,,,,,,,,,,,,,,,,,,,,,,
mitsubishi,Asx,asx,asx-2-0-4x2-at-2011,asx-2-0-4x2-at-2011,https://www.fichacompleta.com.br/carros/mitsubishi/asx-2-0-4x2-at-2011,2026-06-15T18:57:08.683224,Mitsubishi Asx 2.0 4x2 AT 2011,"11,5 s",190 km/h,,Injeção multiponto,Natural,1998 cm³,4 em linha,4B11,"Duplo no cabeçote, corrente",86 mm,86 mm,Transversal,Dianteiro,"8,6 kg/cv","68,4 kg/kgfm","80,1 cv/litro",160 cv a 6000 rpm,10:1,,,,"10,1 kgfm/litro","20,1 kgfm a 4200 rpm",,4,Conversor de torque,CVT,,6,Dianteira,1625 mm,1525 mm,1525 mm,4295 mm,2670 mm,1770 mm,1375 kg,415 litros,63 litros,129 mm,Disco ventilado,Disco sólido,"2,44 m²","0,805 m²",,"0,33",Elétrica,,"10,6 m","Independente, McPherson",Mola helicoidal,"Independente, multibraço",617 km,548 km,"9,8 km/l","8,7 km/l",,,,,595 kg,,,,195 mm,Admissão e escape,,1100 kg,500 kg,,,,,,,,,,,,,,,,,,,,,,,,,,,,,,,,,,,,,,,,,
mitsubishi,Asx,asx,asx-2-0-4x2-mt-2011,asx-2-0-4x2-mt-2011,https://www.fichacompleta.com.br/carros/mitsubishi/asx-2-0-4x2-mt-2011,2026-06-15T18:57:11.316850,Mitsubishi Asx 2.0 4x2 MT 2011,"9,6 s",190 km/h,,Injeção multiponto,Natural,1998 cm³,4 em linha,4B11,"Duplo no cabeçote, corrente",86 mm,86 mm,Transversal,Dianteiro,"8,4 kg/cv","66,9 kg/kgfm","80,1 cv/litro",160 cv a 6000 rpm,10:1,,,,"10,1 kgfm/litro","20,1 kgfm a 4200 rpm",,4,Embreagem monodisco a seco,Manual,,5,Dianteira,1625 mm,1525 mm,1525 mm,4295 mm,2670 mm,1770 mm,1345 kg,415 litros,63 litros,129 mm,Disco ventilado,Disco sólido,"2,44 m²","0,805 m²",,"0,33",Elétrica,,"10,6 m","Independente, McPherson",Mola helicoidal,"Independente, multibraço",649 km,548 km,"10,3 km/l","8,7 km/l",,,,,625 kg,,,,195 mm,Admissão e escape,,1100 kg,500 kg,,,,,,,,,,,,,,,,,,,,,,,,,,,,,,,,,,,,,,,,,
mitsubishi,Asx,asx,asx-2-0-4x4-at-2011,asx-2-0-4x4-at-2011,https://www.fichacompleta.com.br/carros/mitsubishi/asx-2-0-4x4-at-2011,2026-06-15T18:57:15.389742,Mitsubishi Asx 2.0 4x4 AT 2011,"11,9 s",188 km/h,Corrente,Injeção multiponto,Natural,1998 cm³,4 em linha,4B11,Duplo no cabeçote,86 mm,86 mm,Transversal,Dianteiro,"9,0 kg/cv","71,6 kg/kgfm","80,1 cv/litro",160 cv,10:1,,6000 rpm,4200 rpm,"10,1 kgfm/litro","20,1 kgfm",,4,Conversor de torque,CVT,6,6,Integral sob demanda,1625 mm,1525 mm,1525 mm,4295 mm,2670 mm,1770 mm,1440 kg,415 litros,60 litros,129 mm,Disco ventilado,Disco sólido,"2,44 m²","0,805 m²","0,33","0,33",Elétrica,"10,6 m","10,6 m","Indep., McPherson",Mola helicoidal,"Indep., multibraço",570 km,498 km,"9,5 km/l","8,3 km/l",,,,,530 kg,,,,195 mm,Admissão e escape,,1100 kg,500 kg,,,,,,,,,,,,,,,,,,,,,,,,,,,,,,,,,,,,,,,,,
mitsubishi,Asx,asx,asx-2-0-4x2-at-2012,asx-2-0-4x2-at-2012,https://www.fichacompleta.com.br/carros/mitsubishi/asx-2-0-4x2-at-2012,2026-06-15T18:57:20.257430,Mitsubishi Asx 2.0 4x2 AT 2012,"11,5 s",190 km/h,Corrente,Injeção multiponto,Natural,1998 cm³,4 em linha,4B11,Duplo no cabeçote,86 mm,86 mm,Transversal,Dianteiro,"8,6 kg/cv","68,4 kg/kgfm","80,1 cv/litro",160 cv,10:1,,6000 rpm,4200 rpm,"10,1 kgfm/litro","20,1 kgfm",,4,Conversor de torque,CVT,6,6,Dianteira,1625 mm,1525 mm,1525 mm,4295 mm,2670 mm,1770 mm,1375 kg,415 litros,63 litros,129 mm,Disco ventilado,Disco sólido,"2,44 m²","0,805 m²","0,33","0,33",Elétrica,"10,6 m","10,6 m","Indep., McPherson",Mola helicoidal,"Indep., multibraço",617 km,548 km,"9,8 km/l","8,7 km/l",,,,,595 kg,,,,195 mm,Admissão e escape,,1100 kg,500 kg,,,,,,,,,,,,,,,,,,,,,,,,,,,,,,,,,,,,,,,,,
mitsubishi,Asx,asx,asx-2-0-4x2-mt-2012,asx-2-0-4x2-mt-2012,https://www.fichacompleta.com.br/carros/mitsubishi/asx-2-0-4x2-mt-2012,2026-06-15T18:57:23.938432,Mitsubishi Asx 2.0 4x2 MT 2012,"9,6 s",190 km/h,,Injeção multiponto,Natural,1998 cm³,4 em linha,4B11,"Duplo no cabeçote, corrente",86 mm,86 mm,Transversal,Dianteiro,"8,4 kg/cv","66,9 kg/kgfm","80,1 cv/litro",160 cv a 6000 rpm,10:1,,,,"10,1 kgfm/litro","20,1 kgfm a 4200 rpm",,4,Embreagem monodisco a seco,Manual,,5,Dianteira,1625 mm,1525 mm,1525 mm,4295 mm,2670 mm,1770 mm,1345 kg,415 litros,63 litros,129 mm,Disco ventilado,Disco sólido,"2,44 m²","0,805 m²",,"0,33",Elétrica,,"10,6 m","Independente, McPherson",Mola helicoidal,"Independente, multibraço",649 km,548 km,"10,3 km/l","8,7 km/l",,,,,625 kg,,,,195 mm,Admissão e escape,,1100 kg,500 kg,,,,,,,,,,,,,,,,,,,,,,,,,,,,,,,,,,,,,,,,,
mitsubishi,Asx,asx,asx-2-0-4x4-at-2012,asx-2-0-4x4-at-2012,https://www.fichacompleta.com.br/carros/mitsubishi/asx-2-0-4x4-at-2012,2026-06-15T18:57:26.797872,Mitsubishi Asx 2.0 4x4 AT 2012,"11,9 s",188 km/h,,Injeção multiponto,Natural,1998 cm³,4 em linha,4B11,"Duplo no cabeçote, corrente",86 mm,86 mm,Transversal,Dianteiro,"9,0 kg/cv","71,6 kg/kgfm","80,1 cv/litro",160 cv a 6000 rpm,10:1,,,,"10,1 kgfm/litro","20,1 kgfm a 4200 rpm",,4,Conversor de torque,CVT,,6,Integral sob demanda,1625 mm,1525 mm,1525 mm,4295 mm,2670 mm,1770 mm,1440 kg,415 litros,60 litros,129 mm,Disco ventilado,Disco sólido,"2,44 m²","0,805 m²",,"0,33",Elétrica,,"10,6 m","Independente, McPherson",Mola helicoidal,"Independente, multibraço",570 km,498 km,"9,5 km/l","8,3 km/l",,,,,530 kg,,,,195 mm,Admissão e escape,,1100 kg,500 kg,,,,,,,,,,,,,,,,,,,,,,,,,,,,,,,,,,,,,,,,,
mitsubishi,Asx,asx,asx-2-0-4x2-at-2013,asx-2-0-4x2-at-2013,https://www.fichacompleta.com.br/carros/mitsubishi/asx-2-0-4x2-at-2013,2026-06-15T18:57:30.346937,Mitsubishi Asx 2.0 4x2 AT 2013,"11,5 s",190 km/h,Corrente,Injeção multiponto,Natural,1998 cm³,4 em linha,4B11,Duplo no cabeçote,86 mm,86 mm,Transversal,Dianteiro,"8,6 kg/cv","68,4 kg/kgfm","80,1 cv/litro",160 cv,10:1,,6000 rpm,4200 rpm,"10,1 kgfm/litro","20,1 kgfm",,4,Conversor de torque,CVT,6,6,Dianteira,1625 mm,1525 mm,1525 mm,4295 mm,2670 mm,1770 mm,1375 kg,415 litros,63 litros,129 mm,Disco ventilado,Disco sólido,"2,44 m²","0,805 m²","0,33","0,33",Elétrica,"10,6 m","10,6 m","Indep., McPherson",Mola helicoidal,"Indep., multibraço",617 km,548 km,"9,8 km/l","8,7 km/l",,,,,595 kg,,,,195 mm,Admissão e escape,,1100 kg,500 kg,,,,,,,,,,,,,,,,,,,,,,,,,,,,,,,,,,,,,,,,,
mitsubishi,Asx,asx,asx-2-0-4x2-mt-2013,asx-2-0-4x2-mt-2013,https://www.fichacompleta.com.br/carros/mitsubishi/asx-2-0-4x2-mt-2013,2026-06-15T18:57:32.991257,Mitsubishi Asx 2.0 4x2 MT 2013,"9,6 s",190 km/h,,Injeção multiponto,Natural,1998 cm³,4 em linha,4B11,"Duplo no cabeçote, corrente",86 mm,86 mm,Transversal,Dianteiro,"8,4 kg/cv","66,9 kg/kgfm","80,1 cv/litro",160 cv a 6000 rpm,10:1,,,,"10,1 kgfm/litro","20,1 kgfm a 4200 rpm",,4,Embreagem monodisco a seco,Manual,,5,Dianteira,1625 mm,1525 mm,1525 mm,4295 mm,2670 mm,1770 mm,1345 kg,415 litros,63 litros,124 mm,Disco ventilado,Disco sólido,"2,44 m²","0,805 m²",,"0,33",Elétrica,,"10,6 m","Independente, McPherson",Mola helicoidal,"Independente, multibraço",649 km,548 km,"10,3 km/l","8,7 km/l",,,,,625 kg,,,,210 mm,Admissão e escape,,1100 kg,500 kg,,,,,,,,,,,,,,,,,,,,,,,,,,,,,,,,,,,,,,,,,
mitsubishi,Asx,asx,asx-2-0-4x4-at-2013,asx-2-0-4x4-at-2013,https://www.fichacompleta.com.br/carros/mitsubishi/asx-2-0-4x4-at-2013,2026-06-15T18:57:37.302331,Mitsubishi Asx 2.0 4x4 AT 2013,"11,9 s",188 km/h,,Injeção multiponto,Natural,1998 cm³,4 em linha,4B11,"Duplo no cabeçote, corrente",86 mm,86 mm,Transversal,Dianteiro,"9,0 kg/cv","71,6 kg/kgfm","80,1 cv/litro",160 cv a 6000 rpm,10:1,,,,"10,1 kgfm/litro","20,1 kgfm a 4200 rpm",,4,Conversor de torque,CVT,,6,Integral sob demanda,1625 mm,1525 mm,1525 mm,4295 mm,2670 mm,1770 mm,1440 kg,415 litros,60 litros,124 mm,Disco ventilado,Disco sólido,"2,44 m²","0,805 m²",,"0,33",Elétrica,,"10,6 m","Independente, McPherson",Mola helicoidal,"Independente, multibraço",570 km,498 km,"9,5 km/l","8,3 km/l",,,,,530 kg,,,,210 mm,Admissão e escape,,1100 kg,500 kg,,,,,,,,,,,,,,,,,,,,,,,,,,,,,,,,,,,,,,,,,
mitsubishi,Asx,asx,asx-2-0-4x2-at-2014,asx-2-0-4x2-at-2014,https://www.fichacompleta.com.br/carros/mitsubishi/asx-2-0-4x2-at-2014,2026-06-15T18:57:41.329691,Mitsubishi Asx 2.0 4x2 AT 2014,"11,5 s",190 km/h,,Injeção multiponto,Natural,1998 cm³,4 em linha,4B11,"Duplo no cabeçote, corrente",86 mm,86 mm,Transversal,Dianteiro,"8,7 kg/cv","68,9 kg/kgfm","80,1 cv/litro",160 cv a 6000 rpm,10:1,,,,"10,1 kgfm/litro","20,1 kgfm a 4200 rpm",,4,Conversor de torque,CVT,,6,Dianteira,1627 mm,1525 mm,1525 mm,4295 mm,2670 mm,1780 mm,1385 kg,415 litros,63 litros,124 mm,Disco ventilado,Disco sólido,"2,46 m²","0,812 m²",,"0,33",Elétrica,,"10,6 m","Independente, McPherson",Mola helicoidal,"Independente, multibraço",617 km,548 km,"9,8 km/l","8,7 km/l",,,,,585 kg,,23 graus,35 graus,215 mm,Admissão e escape,,1100 kg,500 kg,,,,,,,,,,,,,,,,,,,,,,,,,,,,,,,,,,,,,,,,,
mitsubishi,Asx,asx,asx-2-0-4x2-mt-2014,asx-2-0-4x2-mt-2014,https://www.fichacompleta.com.br/carros/mitsubishi/asx-2-0-4x2-mt-2014,2026-06-15T18:57:44.752229,Mitsubishi Asx 2.0 4x2 MT 2014,"9,6 s",190 km/h,Corrente,Injeção multiponto,Natural,1998 cm³,4 em linha,4B11,Duplo no cabeçote,86 mm,86 mm,Transversal,Dianteiro,"8,4 kg/cv","66,9 kg/kgfm","80,1 cv/litro",160 cv,10:1,,6000 rpm,4200 rpm,"10,1 kgfm/litro","20,1 kgfm",,4,Embreagem monodisco a seco,Manual,5,5,Dianteira,1625 mm,1525 mm,1525 mm,4295 mm,2670 mm,1770 mm,1345 kg,415 litros,63 litros,124 mm,Disco ventilado,Disco sólido,"2,44 m²","0,805 m²","0,33","0,33",Elétrica,"10,6 m","10,6 m","Indep., McPherson",Mola helicoidal,"Indep., multibraço",649 km,548 km,"10,3 km/l","8,7 km/l",,,,,625 kg,,,,210 mm,Admissão e escape,,1100 kg,500 kg,,,,,,,,,,,,,,,,,,,,,,,,,,,,,,,,,,,,,,,,,
mitsubishi,Asx,asx,asx-2-0-4x4-at-2014,asx-2-0-4x4-at-2014,https://www.fichacompleta.com.br/carros/mitsubishi/asx-2-0-4x4-at-2014,2026-06-15T18:57:47.960922,Mitsubishi Asx 2.0 4x4 AT 2014,"11,9 s",188 km/h,Corrente,Injeção multiponto,Natural,1998 cm³,4 em linha,4B11,Duplo no cabeçote,86 mm,86 mm,Transversal,Dianteiro,"9,0 kg/cv","71,6 kg/kgfm","80,1 cv/litro",160 cv,10:1,,6000 rpm,4200 rpm,"10,1 kgfm/litro","20,1 kgfm",,4,Conversor de torque,CVT,6,6,Integral sob demanda,1625 mm,1525 mm,1525 mm,4295 mm,2670 mm,1770 mm,1440 kg,415 litros,60 litros,124 mm,Disco ventilado,Disco sólido,"2,44 m²","0,805 m²","0,33","0,33",Elétrica,"10,6 m","10,6 m","Indep., McPherson",Mola helicoidal,"Indep., multibraço",570 km,498 km,"9,5 km/l","8,3 km/l",,,,,530 kg,,,,210 mm,Admissão e escape,,1100 kg,500 kg,,,,,,,,,,,,,,,,,,,,,,,,,,,,,,,,,,,,,,,,,
mitsubishi,Asx,asx,asx-2-0-4x2-at-2015,asx-2-0-4x2-at-2015,https://www.fichacompleta.com.br/carros/mitsubishi/asx-2-0-4x2-at-2015,2026-06-15T18:57:51.263280,Mitsubishi Asx 2.0 4x2 AT 2015,"11,5 s",190 km/h,,Injeção multiponto,Natural,1998 cm³,4 em linha,4B11,"Duplo no cabeçote, corrente",86 mm,86 mm,Transversal,Dianteiro,"8,7 kg/cv","68,9 kg/kgfm","80,1 cv/litro",160 cv a 6000 rpm,10:1,,,,"10,1 kgfm/litro","20,1 kgfm a 4200 rpm",,4,Conversor de torque,CVT,,6,Dianteira,1627 mm,1525 mm,1525 mm,4295 mm,2670 mm,1780 mm,1385 kg,415 litros,63 litros,124 mm,Disco ventilado,Disco sólido,"2,46 m²","0,812 m²",,"0,33",Elétrica,,"10,6 m","Independente, McPherson",Mola helicoidal,"Independente, multibraço",617 km,548 km,"9,8 km/l","8,7 km/l",,,,,585 kg,,23 graus,35 graus,215 mm,Admissão e escape,,1100 kg,500 kg,,,,,,,,,,,,,,,,,,,,,,,,,,,,,,,,,,,,,,,,,
mitsubishi,Asx,asx,asx-2-0-4x2-mt-2015,asx-2-0-4x2-mt-2015,https://www.fichacompleta.com.br/carros/mitsubishi/asx-2-0-4x2-mt-2015,2026-06-15T18:57:53.792274,Mitsubishi Asx 2.0 4x2 MT 2015,"9,6 s",190 km/h,,Injeção multiponto,Natural,1998 cm³,4 em linha,4B11,"Duplo no cabeçote, corrente",86 mm,86 mm,Transversal,Dianteiro,"8,4 kg/cv","66,9 kg/kgfm","80,1 cv/litro",160 cv a 6000 rpm,10:1,,,,"10,1 kgfm/litro","20,1 kgfm a 4200 rpm",,4,Embreagem monodisco a seco,Manual,,5,Dianteira,1625 mm,1525 mm,1525 mm,4295 mm,2670 mm,1770 mm,1345 kg,415 litros,63 litros,124 mm,Disco ventilado,Disco sólido,"2,44 m²","0,805 m²",,"0,33",Elétrica,,"10,6 m","Independente, McPherson",Mola helicoidal,"Independente, multibraço",649 km,548 km,"10,3 km/l","8,7 km/l",,,,,625 kg,,,,210 mm,Admissão e escape,,1100 kg,500 kg,,,,,,,,,,,,,,,,,,,,,,,,,,,,,,,,,,,,,,,,,
mitsubishi,Asx,asx,asx-2-0-4x4-at-2015,asx-2-0-4x4-at-2015,https://www.fichacompleta.com.br/carros/mitsubishi/asx-2-0-4x4-at-2015,2026-06-15T18:57:58.175509,Mitsubishi Asx 2.0 4x4 AT 2015,"11,9 s",188 km/h,,Injeção multiponto,Natural,1998 cm³,4 em linha,4B11,"Duplo no cabeçote, corrente",86 mm,86 mm,Transversal,Dianteiro,"9,0 kg/cv","71,6 kg/kgfm","80,1 cv/litro",160 cv a 6000 rpm,10:1,,,,"10,1 kgfm/litro","20,1 kgfm a 4200 rpm",,4,Conversor de torque,CVT,,6,Integral sob demanda,1625 mm,1525 mm,1525 mm,4295 mm,2670 mm,1770 mm,1440 kg,415 litros,60 litros,124 mm,Disco ventilado,Disco sólido,"2,44 m²","0,805 m²",,"0,33",Elétrica,,"10,6 m","Independente, McPherson",Mola helicoidal,"Independente, multibraço",570 km,498 km,"9,5 km/l","8,3 km/l",,,,,530 kg,,,,210 mm,Admissão e escape,,1100 kg,500 kg,,,,,,,,,,,,,,,,,,,,,,,,,,,,,,,,,,,,,,,,,
mitsubishi,Asx,asx,asx-2-0-4x2-at-2016,asx-2-0-4x2-at-2016,https://www.fichacompleta.com.br/carros/mitsubishi/asx-2-0-4x2-at-2016,2026-06-15T18:58:01.378861,Mitsubishi Asx 2.0 4x2 AT 2016,"11,5 s",190 km/h,,Injeção multiponto,Natural,1998 cm³,4 em linha,4B11,"Duplo no cabeçote, corrente",86 mm,86 mm,Transversal,Dianteiro,"8,7 kg/cv","68,9 kg/kgfm","80,1 cv/litro",160 cv a 6000 rpm,10:1,,,,"10,1 kgfm/litro","20,1 kgfm a 4200 rpm",,4,Conversor de torque,CVT,,6,Dianteira,1627 mm,1525 mm,1525 mm,4295 mm,2670 mm,1780 mm,1385 kg,415 litros,63 litros,124 mm,Disco ventilado,Disco sólido,"2,46 m²","0,812 m²",,"0,33",Elétrica,,"10,6 m","Independente, McPherson",Mola helicoidal,"Independente, multibraço",674 km,592 km,"10,7 km/l","9,4 km/l",,,,,585 kg,,23 graus,35 graus,215 mm,Admissão e escape,,1100 kg,500 kg,,,,,,,,,,,,,,,,,,,,,,,,,,,,,,,,,,,,,,,,,
mitsubishi,Asx,asx,asx-2-0-4x2-mt-2016,asx-2-0-4x2-mt-2016,https://www.fichacompleta.com.br/carros/mitsubishi/asx-2-0-4x2-mt-2016,2026-06-15T18:58:04.574542,Mitsubishi Asx 2.0 4x2 MT 2016,"9,6 s",190 km/h,,Injeção multiponto,Natural,1998 cm³,4 em linha,4B11,"Duplo no cabeçote, corrente",86 mm,86 mm,Transversal,Dianteiro,"8,5 kg/cv","67,4 kg/kgfm","80,1 cv/litro",160 cv a 6000 rpm,10:1,,,,"10,1 kgfm/litro","20,1 kgfm a 4200 rpm",,4,Embreagem monodisco a seco,Manual,,5,Dianteira,1627 mm,1525 mm,1525 mm,4295 mm,2670 mm,1780 mm,1355 kg,415 litros,63 litros,124 mm,Disco ventilado,Disco sólido,"2,46 m²","0,812 m²",,"0,33",Elétrica,,"10,6 m","Independente, McPherson",Mola helicoidal,"Independente, multibraço",649 km,548 km,"10,3 km/l","8,7 km/l",,,,,615 kg,,23 graus,35 graus,215 mm,Admissão e escape,,1100 kg,500 kg,,,,,,,,,,,,,,,,,,,,,,,,,,,,,,,,,,,,,,,,,
mitsubishi,Asx,asx,asx-2-0-4x4-at-2016,asx-2-0-4x4-at-2016,https://www.fichacompleta.com.br/carros/mitsubishi/asx-2-0-4x4-at-2016,2026-06-15T18:58:09.124242,Mitsubishi Asx 2.0 4x4 AT 2016,"11,9 s",188 km/h,,Injeção multiponto,Natural,1998 cm³,4 em linha,4B11,"Duplo no cabeçote, corrente",,,Transversal,Dianteiro,"9,2 kg/cv","72,9 kg/kgfm","80,1 cv/litro",160 cv a 6000 rpm,10:1,,,,"10,1 kgfm/litro","20,1 kgfm a 4200 rpm",,4,Conversor de torque,CVT,,6,Integral sob demanda,1627 mm,1525 mm,1525 mm,4295 mm,2670 mm,1780 mm,1465 kg,415 litros,60 litros,124 mm,Disco ventilado,Disco sólido,"2,46 m²","0,812 m²",,"0,33",Elétrica,,"10,6 m","Independente, McPherson",Mola helicoidal,"Independente, multibraço",624 km,570 km,"10,4 km/l","9,5 km/l",,,,,505 kg,,23 graus,35 graus,215 mm,Admissão e escape,,1100 kg,500 kg,86 mm,86 mm,,,,,,,,,,,,,,,,,,,,,,,,,,,,,,,,,,,,,,,
mitsubishi,Asx,asx,asx-oneill-2-0-4x2-at-2016,asx-oneill-2-0-4x2-at-2016,https://www.fichacompleta.com.br/carros/mitsubishi/asx-oneill-2-0-4x2-at-2016,2026-06-15T18:58:12.561208,Mitsubishi Asx ONeill 2.0 4x2 AT 2016,"11,5 s",190 km/h,,Injeção multiponto,Natural,1998 cm³,4 em linha,4B11,"Duplo no cabeçote, corrente",86 mm,86 mm,Transversal,Dianteiro,"8,7 kg/cv","68,9 kg/kgfm","80,1 cv/litro",160 cv a 6000 rpm,10:1,,,,"10,1 kgfm/litro","20,1 kgfm a 4200 rpm",,4,Conversor de torque,CVT,,6,Dianteira,1627 mm,1525 mm,1525 mm,4295 mm,2670 mm,1780 mm,1385 kg,415 litros,63 litros,135 mm,Disco ventilado,Disco sólido,"2,46 m²","0,812 m²",,"0,33",Elétrica,,"10,6 m","Independente, McPherson",Mola helicoidal,"Independente, multibraço",674 km,592 km,"10,7 km/l","9,4 km/l",,,,,585 kg,,23 graus,35 graus,215 mm,Admissão e escape,,1100 kg,500 kg,,,,,,,,,,,,,,,,,,,,,,,,,,,,,,,,,,,,,,,,,
mitsubishi,Asx,asx,asx-outdoor-2-0-4x2-at-2016,asx-outdoor-2-0-4x2-at-2016,https://www.fichacompleta.com.br/carros/mitsubishi/asx-outdoor-2-0-4x2-at-2016,2026-06-15T18:58:18.653958,Mitsubishi Asx Outdoor 2.0 4x2 AT 2016,"11,5 s",190 km/h,,Injeção multiponto,Natural,1998 cm³,4 em linha,4B11,"Duplo no cabeçote, corrente",86 mm,86 mm,Transversal,Dianteiro,"9,0 kg/cv","71,9 kg/kgfm","80,1 cv/litro",160 cv a 6000 rpm,10:1,,,,"10,1 kgfm/litro","20,1 kgfm a 4200 rpm",,4,Conversor de torque,CVT,,6,Dianteira,1655 mm,1525 mm,1525 mm,4330 mm,2670 mm,1805 mm,1445 kg,415 litros,63 litros,153 mm,Disco ventilado,Disco sólido,"2,54 m²","0,838 m²",,"0,33",Elétrica,,"10,6 m","Independente, McPherson",Mola helicoidal,"Independente, multibraço",674 km,592 km,"10,7 km/l","9,4 km/l",,,,,525 kg,,23 graus,35 graus,215 mm,Admissão e escape,,1100 kg,500 kg,,,,,,,,,,,,,,,,,,,,,,,,,,,,,,,,,,,,,,,,,
mitsubishi,Asx,asx,asx-outdoor-2-0-4x4-mt-2016,asx-outdoor-2-0-4x4-mt-2016,https://www.fichacompleta.com.br/carros/mitsubishi/asx-outdoor-2-0-4x4-mt-2016,2026-06-15T18:58:22.427951,Mitsubishi Asx Outdoor 2.0 4x4 MT 2016,"9,6 s",190 km/h,,Injeção multiponto,Natural,1998 cm³,4 em linha,4B11,"Duplo no cabeçote, corrente",86 mm,86 mm,Transversal,Dianteiro,"9,3 kg/cv","73,9 kg/kgfm","80,1 cv/litro",160 cv a 6000 rpm,10:1,,,,"10,1 kgfm/litro","20,1 kgfm a 4200 rpm",,4,Embreagem monodisco a seco,Manual,,5,Integral sob demanda,1655 mm,1525 mm,1525 mm,4330 mm,2670 mm,1805 mm,1485 kg,415 litros,60 litros,141 mm,Disco ventilado,Disco sólido,"2,54 m²","0,838 m²",,"0,33",Elétrica,,"10,6 m","Independente, McPherson",Mola helicoidal,"Independente, multibraço",534 km,456 km,"8,9 km/l","7,6 km/l",,,,,485 kg,,23 graus,35 graus,215 mm,Admissão e escape,,1100 kg,500 kg,,,,,,,,,,,,,,,,,,,,,,,,,,,,,,,,,,,,,,,,,
mitsubishi,Asx,asx,asx-s-2-0-4x4-at-2016,asx-s-2-0-4x4-at-2016,https://www.fichacompleta.com.br/carros/mitsubishi/asx-s-2-0-4x4-at-2016,2026-06-15T18:58:27.206286,Mitsubishi Asx S 2.0 4x4 AT 2016,"11,9 s",188 km/h,,Injeção multiponto,Natural,1998 cm³,4 em linha,4B11,"Duplo no cabeçote, corrente",86 mm,86 mm,Transversal,Dianteiro,"9,2 kg/cv","72,9 kg/kgfm","80,1 cv/litro",160 cv a 6000 rpm,10:1,,,,"10,1 kgfm/litro","20,1 kgfm a 4200 rpm",,4,Conversor de torque,CVT,,6,Integral sob demanda,1627 mm,1525 mm,1525 mm,4295 mm,2670 mm,1780 mm,1465 kg,415 litros,60 litros,124 mm,Disco ventilado,Disco sólido,"2,46 m²","0,812 m²",,"0,33",Elétrica,,"10,6 m","Independente, McPherson",Mola helicoidal,"Independente, multibraço",624 km,570 km,"10,4 km/l","9,5 km/l",,,,,505 kg,,23 graus,35 graus,215 mm,Admissão e escape,,1100 kg,500 kg,,,,,,,,,,,,,,,,,,,,,,,,,,,,,,,,,,,,,,,,,
mitsubishi,Asx,asx,asx-2-0-4x2-at-2017,asx-2-0-4x2-at-2017,https://www.fichacompleta.com.br/carros/mitsubishi/asx-2-0-4x2-at-2017,2026-06-15T18:58:31.290014,Mitsubishi Asx 2.0 4x2 AT 2017,"11,5 s",190 km/h,,Injeção multiponto,Natural,1998 cm³,4 em linha,4B11,"Duplo no cabeçote, corrente",86 mm,86 mm,Transversal,Dianteiro,"8,8 kg/cv","69,9 kg/kgfm","80,1 cv/litro",160 cv a 6000 rpm,10:1,,,,"10,1 kgfm/litro","20,1 kgfm a 4200 rpm",,4,Conversor de torque,CVT,,6,Dianteira,1635 mm,1525 mm,1525 mm,4360 mm,2670 mm,1780 mm,1405 kg,415 litros,63 litros,124 mm,Disco ventilado,Disco sólido,"2,47 m²","0,815 m²",,"0,33",Elétrica,,"10,6 m","Independente, McPherson",Mola helicoidal,"Independente, multibraço",674 km,592 km,"10,7 km/l","9,4 km/l",,,,,565 kg,,23 graus,35 graus,215 mm,Admissão e escape,,1100 kg,500 kg,,,,,,,,,,,,,,,,,,,,,,,,,,,,,,,,,,,,,,,,,
mitsubishi,Asx,asx,asx-2-0-4x2-mt-2017,asx-2-0-4x2-mt-2017,https://www.fichacompleta.com.br/carros/mitsubishi/asx-2-0-4x2-mt-2017,2026-06-15T18:58:51.976490,Mitsubishi Asx 2.0 4x2 MT 2017,"9,6 s",190 km/h,,Injeção multiponto,Natural,1998 cm³,4 em linha,4B11,"Duplo no cabeçote, corrente",86 mm,86 mm,Transversal,Dianteiro,"8,5 kg/cv","67,7 kg/kgfm","80,1 cv/litro",160 cv a 6000 rpm,10:1,,,,"10,1 kgfm/litro","20,1 kgfm a 4200 rpm",,4,Embreagem monodisco a seco,Manual,,5,Dianteira,1635 mm,1525 mm,1525 mm,4360 mm,2670 mm,1780 mm,1360 kg,415 litros,63 litros,124 mm,Disco ventilado,Disco sólido,"2,47 m²","0,815 m²",,"0,33",Elétrica,,"10,6 m","Independente, McPherson",Mola helicoidal,"Independente, multibraço",649 km,548 km,"10,3 km/l","8,7 km/l",,,,,610 kg,,23 graus,35 graus,215 mm,Admissão e escape,,1100 kg,500 kg,,,,,,,,,,,,,,,,,,,,,,,,,,,,,,,,,,,,,,,,,
mitsubishi,Asx,asx,asx-2-0-4x4-at-2017,asx-2-0-4x4-at-2017,https://www.fichacompleta.com.br/carros/mitsubishi/asx-2-0-4x4-at-2017,2026-06-15T18:58:56.964356,Mitsubishi Asx 2.0 4x4 AT 2017,"11,9 s",188 km/h,,Injeção multiponto,Natural,1998 cm³,4 em linha,4B11,"Duplo no cabeçote, corrente",86 mm,86 mm,Transversal,Dianteiro,"9,3 kg/cv","73,6 kg/kgfm","80,1 cv/litro",160 cv a 6000 rpm,10:1,,,,"10,1 kgfm/litro","20,1 kgfm a 4200 rpm",,4,Conversor de torque,CVT,,6,Integral sob demanda,1635 mm,1525 mm,1525 mm,4360 mm,2670 mm,1780 mm,1480 kg,415 litros,60 litros,124 mm,Disco ventilado,Disco sólido,"2,47 m²","0,815 m²",,"0,33",Elétrica,,"10,6 m","Independente, McPherson",Mola helicoidal,"Independente, multibraço",624 km,570 km,"10,4 km/l","9,5 km/l",,,,,490 kg,,23 graus,35 graus,215 mm,Admissão e escape,,1100 kg,500 kg,,,,,,,,,,,,,,,,,,,,,,,,,,,,,,,,,,,,,,,,,
mitsubishi,Asx,asx,asx-2-0-4x2-at-2018,asx-2-0-4x2-at-2018,https://www.fichacompleta.com.br/carros/mitsubishi/asx-2-0-4x2-at-2018,2026-06-15T18:59:01.078869,Mitsubishi Asx 2.0 4x2 AT 2018,"11,5 s",190 km/h,,Injeção multiponto,Natural,1998 cm³,4 em linha,4B11,"Duplo no cabeçote, corrente",86 mm,86 mm,Transversal,Dianteiro,"8,4 kg/cv","61,7 kg/kgfm","85,1 cv/litro",170 cv (A) 160 cv (G) a 6000 rpm,12:1,,,,"11,5 kgfm/litro",23 kgfm (A) 22 kgfm (G) a 4250 rpm,,4,Conversor de torque,CVT,,6,Dianteira,1635 mm,1525 mm,1525 mm,4360 mm,2670 mm,1770 mm,1420 kg,415 litros,60 litros,124 mm,Disco ventilado,Disco sólido,"2,46 m²","0,812 m²",,"0,33",Elétrica,,"10,6 m","Independente, McPherson",Mola helicoidal,"Independente, multibraço",756 km,588 km,"12,6 km/l","9,8 km/l",,,,,550 kg,,23 graus,35 graus,215 mm,Admissão e escape,,1100 kg,500 kg,,,546 km,414 km,"9,1 km/l","6,9 km/l",,,,,,,,,,,,,,,,,,,,,,,,,,,,,,,,,,,
mitsubishi,Asx,asx,asx-2-0-4x2-mt-2018,asx-2-0-4x2-mt-2018,https://www.fichacompleta.com.br/carros/mitsubishi/asx-2-0-4x2-mt-2018,2026-06-15T18:59:05.361454,Mitsubishi Asx 2.0 4x2 MT 2018,"9,6 s",190 km/h,Corrente,Injeção multiponto,Natural,,4 em linha,4B11,Duplo no cabeçote,86 mm,86 mm,Transversal,Dianteiro,"8,50 kg/cv","67,7 kg/kgfm","80,1 cv/litro",160 cv,10:1,,,,"10,1 kgfm/litro","20,1 kgfm",,4,Embreagem monodisco a seco,Manual,5,,Dianteira,1635 mm,1525 mm,1525 mm,4360 mm,2670 mm,1780 mm,1360 kg,415 litros,63 litros,124 mm,Disco ventilado,Disco sólido,"2,47 m²","0,815 m²","0,33",,Elétrica,"10,6 m",,"Indep., McPherson",Mola helicoidal,"Indep., multibraço",649 km,548 km,"10,3 km/l","8,7 km/l",6000 rpm,4200 rpm,,,610 kg,,23 graus,35 graus,215 mm,Admissão,,1100 kg,500 kg,,,,,,,500 cm³,1998 cm³,215/70 R16,,,,,,,,,,,,,,,,,,,,,,,,,,,,,,,,
mitsubishi,Asx,asx,asx-2-0-4x4-at-2018,asx-2-0-4x4-at-2018,https://www.fichacompleta.com.br/carros/mitsubishi/asx-2-0-4x4-at-2018,2026-06-15T18:59:08.570381,Mitsubishi Asx 2.0 4x4 AT 2018,"11,9 s",188 km/h,,Injeção multiponto,Natural,1998 cm³,4 em linha,4B11,"Duplo no cabeçote, corrente",86 mm,86 mm,Transversal,Dianteiro,"8,7 kg/cv","64,3 kg/kgfm","85,1 cv/litro",170 cv (A) 160 cv (G) a 6000 rpm,12:1,,,,"11,5 kgfm/litro",23 kgfm (A) 22 kgfm (G) a 4250 rpm,,4,Conversor de torque,CVT,,6,Integral sob demanda,1635 mm,1525 mm,1525 mm,4360 mm,2670 mm,1810 mm,1480 kg,415 litros,60 litros,124 mm,Disco ventilado,Disco sólido,"2,52 m²","0,832 m²",,"0,33",Elétrica,,"10,6 m","Independente, McPherson",Mola helicoidal,"Independente, multibraço",738 km,606 km,"12,3 km/l","10,1 km/l",,,,,490 kg,,23 graus,35 graus,215 mm,Admissão e escape,,1100 kg,500 kg,,,516 km,408 km,"8,6 km/l","6,8 km/l",,,,,,,,,,,,,,,,,,,,,,,,,,,,,,,,,,,
mitsubishi,Asx,asx,asx-outdoor-2-0-4x2-at-2018,asx-outdoor-2-0-4x2-at-2018,https://www.fichacompleta.com.br/carros/mitsubishi/asx-outdoor-2-0-4x2-at-2018,2026-06-15T18:59:11.020075,Mitsubishi Asx Outdoor 2.0 4x2 AT 2018,"11,5 s",190 km/h,,Injeção multiponto,Natural,1998 cm³,4 em linha,4B11,"Duplo no cabeçote, corrente",86 mm,86 mm,Transversal,Dianteiro,"8,5 kg/cv","62,8 kg/kgfm","85,1 cv/litro",170 cv (A) 160 cv (G) a 6000 rpm,12:1,,,,"11,5 kgfm/litro",23 kgfm (A) 22 kgfm (G) a 4250 rpm,,4,Conversor de torque,CVT,,6,Dianteira,1655 mm,1540 mm,1540 mm,4330 mm,2670 mm,1805 mm,1445 kg,415 litros,60 litros,129 mm,Disco ventilado,Disco sólido,"2,54 m²","0,838 m²",,"0,33",Elétrica,,"10,6 m","Independente, McPherson",Mola helicoidal,"Independente, multibraço",756 km,588 km,"12,6 km/l","9,8 km/l",,,,,525 kg,,23 graus,35 graus,215 mm,Admissão e escape,,1100 kg,500 kg,,,546 km,414 km,"9,1 km/l","6,9 km/l",,,,,,,,,,,,,,,,,,,,,,,,,,,,,,,,,,,
mitsubishi,Asx,asx,asx-2-0-4x2-at-2019,asx-2-0-4x2-at-2019,https://www.fichacompleta.com.br/carros/mitsubishi/asx-2-0-4x2-at-2019,2026-06-15T18:59:15.589871,Mitsubishi Asx 2.0 4x2 AT 2019,"11,5 s",190 km/h,,Injeção multiponto,Natural,1998 cm³,4 em linha,4B11,"Duplo no cabeçote, corrente",86 mm,86 mm,Transversal,Dianteiro,"8,4 kg/cv","61,7 kg/kgfm","85,1 cv/litro",170 cv (A) 160 cv (G) a 6000 rpm,12:1,,,,"11,5 kgfm/litro",23 kgfm (A) 22 kgfm (G) a 4250 rpm,,4,Conversor de torque,CVT,,6,Dianteira,1635 mm,1525 mm,1525 mm,4360 mm,2670 mm,1770 mm,1420 kg,415 litros,60 litros,124 mm,Disco ventilado,Disco sólido,"2,46 m²","0,812 m²",,"0,33",Elétrica,,"10,6 m","Independente, McPherson",Mola helicoidal,"Independente, multibraço",756 km,588 km,"12,6 km/l","9,8 km/l",,,,,550 kg,,23 graus,35 graus,215 mm,Admissão e escape,,1100 kg,500 kg,,,546 km,414 km,"9,1 km/l","6,9 km/l",,,,,,,,,,,,,,,,,,,,,,,,,,,,,,,,,,,
mitsubishi,Asx,asx,asx-2-0-4x4-at-2019,asx-2-0-4x4-at-2019,https://www.fichacompleta.com.br/carros/mitsubishi/asx-2-0-4x4-at-2019,2026-06-15T18:59:19.828599,Mitsubishi Asx 2.0 4x4 AT 2019,"11,9 s",188 km/h,Corrente,Injeção multiponto,Natural,1998 cm³,4 em linha,4B11,Duplo no cabeçote,86 mm,86 mm,Transversal,Dianteiro,"8,7 kg/cv","64,3 kg/kgfm","85,1 cv/litro",,12:1,,,,"11,5 kgfm/litro",,,4,Conversor de torque,CVT,6,,Integral sob demanda,1635 mm,1525 mm,1525 mm,4360 mm,2670 mm,1810 mm,1480 kg,415 litros,60 litros,124 mm,Disco ventilado,Disco sólido,"2,52 m²","0,832 m²","0,33",,Elétrica,"10,6 m",,"Indep., McPherson",Mola helicoidal,"Indep., multibraço",738 km,606 km,"12,3 km/l","10,1 km/l",6000 rpm,4250 rpm,,,490 kg,,23 graus,35 graus,215 mm,Admissão e escape,,1100 kg,500 kg,,,516 km,408 km,"8,6 km/l","6,8 km/l",,,215/70 R16,170 cv,160 cv,23 kgfm,22 kgfm,,,,,,,,,,,,,,,,,,,,,,,,,,,,
mitsubishi,Asx,asx,asx-gls-2-0-4x2-2020,asx-gls-2-0-4x2-2020,https://www.fichacompleta.com.br/carros/mitsubishi/asx-gls-2-0-4x2-2020,2026-06-15T18:59:23.642968,Mitsubishi Asx GLS 2.0 4x2 2020,"11,5 s",190 km/h,Corrente,Injeção multiponto,Natural,1998 cm³,4 em linha,4B11,Duplo no cabeçote,86 mm,86 mm,Transversal,Dianteiro,"8,4 kg/cv","61,7 kg/kgfm","85,1 cv/litro",,12:1,,,,"11,5 kgfm/litro",,,4,Conversor de torque,CVT,6,,Dianteira,1635 mm,1525 mm,1525 mm,4360 mm,2670 mm,1770 mm,1420 kg,415 litros,60 litros,124 mm,Disco ventilado,Disco sólido,"2,46 m²","0,812 m²","0,33",,Elétrica,"10,6 m",,"Indep., McPherson",Mola helicoidal,"Indep., multibraço",756 km,588 km,"12,6 km/l","9,8 km/l",6000 rpm,4250 rpm,,,550 kg,,23 graus,35 graus,215 mm,Admissão e escape,,1100 kg,500 kg,,,546 km,414 km,"9,1 km/l","6,9 km/l",,,215/70 R16,170 cv,160 cv,23 kgfm,22 kgfm,,,,,,,,,,,,,,,,,,,,,,,,,,,,
mitsubishi,Asx,asx,asx-hpe-2-0-4x2-2020,asx-hpe-2-0-4x2-2020,https://www.fichacompleta.com.br/carros/mitsubishi/asx-hpe-2-0-4x2-2020,2026-06-15T18:59:27.421774,Mitsubishi Asx HPE 2.0 4x2 2020,"11,5 s",190 km/h,Corrente,Injeção multiponto,Natural,1998 cm³,4 em linha,4B11,Duplo no cabeçote,86 mm,86 mm,Transversal,Dianteiro,"8,4 kg/cv","61,7 kg/kgfm","85,1 cv/litro",,12:1,,,,"11,5 kgfm/litro",,,4,Conversor de torque,CVT,6,,Dianteira,1635 mm,1525 mm,1525 mm,4360 mm,2670 mm,1810 mm,1420 kg,415 litros,60 litros,124 mm,Disco ventilado,Disco sólido,"2,52 m²","0,832 m²","0,33",,Elétrica,"10,6 m",,"Indep., McPherson",Mola helicoidal,"Indep., multibraço",756 km,588 km,"12,6 km/l","9,8 km/l",6000 rpm,4250 rpm,,,550 kg,,23 graus,35 graus,215 mm,Admissão e escape,,1100 kg,500 kg,,,546 km,414 km,"9,1 km/l","6,9 km/l",,,215/70 R16,170 cv,160 cv,23 kgfm,22 kgfm,,,,,,,,,,,,,,,,,,,,,,,,,,,,
mitsubishi,Asx,asx,asx-hpe-2-0-4x4-2020,asx-hpe-2-0-4x4-2020,https://www.fichacompleta.com.br/carros/mitsubishi/asx-hpe-2-0-4x4-2020,2026-06-15T18:59:32.039560,Mitsubishi Asx HPE 2.0 4x4 2020,"11,9 s",188 km/h,Corrente,Injeção multiponto,Natural,1998 cm³,4 em linha,4B11,Duplo no cabeçote,86 mm,86 mm,Transversal,Dianteiro,"8,7 kg/cv","64,3 kg/kgfm","85,1 cv/litro",,12:1,,,,"11,5 kgfm/litro",,,4,Conversor de torque,CVT,6,,Integral sob demanda,1635 mm,1525 mm,1525 mm,4360 mm,2670 mm,1810 mm,1480 kg,415 litros,60 litros,124 mm,Disco ventilado,Disco sólido,"2,52 m²","0,832 m²","0,33",,Elétrica,"10,6 m",,"Indep., McPherson",Mola helicoidal,"Indep., multibraço",738 km,606 km,"12,3 km/l","10,1 km/l",6000 rpm,4250 rpm,,,490 kg,,23 graus,35 graus,215 mm,Admissão e escape,,1100 kg,500 kg,,,516 km,408 km,"8,6 km/l","6,8 km/l",,,215/70 R16,170 cv,160 cv,23 kgfm,22 kgfm,,,,,,,,,,,,,,,,,,,,,,,,,,,,
mitsubishi,Asx,asx,asx-hpe-s-2-0-4x4-2020,asx-hpe-s-2-0-4x4-2020,https://www.fichacompleta.com.br/carros/mitsubishi/asx-hpe-s-2-0-4x4-2020,2026-06-15T18:59:35.135257,Mitsubishi Asx HPE-S 2.0 4x4 2020,"11,9 s",188 km/h,Corrente,Injeção multiponto,Natural,1998 cm³,4 em linha,4B11,Duplo no cabeçote,86 mm,86 mm,Transversal,Dianteiro,"8,7 kg/cv","64,3 kg/kgfm","85,1 cv/litro",,12:1,,,,"11,5 kgfm/litro",,,4,Conversor de torque,CVT,6,,Integral sob demanda,1635 mm,1525 mm,1525 mm,4360 mm,2670 mm,1810 mm,1480 kg,415 litros,60 litros,124 mm,Disco ventilado,Disco sólido,"2,52 m²","0,832 m²","0,33",,Elétrica,"10,6 m",,"Indep., McPherson",Mola helicoidal,"Indep., multibraço",738 km,606 km,"12,3 km/l","10,1 km/l",6000 rpm,4250 rpm,,,490 kg,,23 graus,35 graus,215 mm,Admissão e escape,,1100 kg,500 kg,,,516 km,408 km,"8,6 km/l","6,8 km/l",,,215/70 R16,170 cv,160 cv,23 kgfm,22 kgfm,,,,,,,,,,,,,,,,,,,,,,,,,,,,
mitsubishi,Asx,asx,asx-gls-2-0-4x2-2021,asx-gls-2-0-4x2-2021,https://www.fichacompleta.com.br/carros/mitsubishi/asx-gls-2-0-4x2-2021,2026-06-15T18:59:39.286806,Mitsubishi Asx GLS 2.0 4x2 2021,"11,5 s",190 km/h,Corrente,Injeção multiponto,Natural,1998 cm³,4 em linha,4B11,Duplo no cabeçote,86 mm,86 mm,Transversal,Dianteiro,"8,4 kg/cv","61,7 kg/kgfm","85,1 cv/litro",,12:1,,,,"11,5 kgfm/litro",,,4,Conversor de torque,CVT,6,,Dianteira,1635 mm,1525 mm,1525 mm,4360 mm,2670 mm,1770 mm,1420 kg,415 litros,60 litros,124 mm,Disco ventilado,Disco sólido,"2,46 m²","0,812 m²","0,33",,Elétrica,"10,6 m",,"Indep., McPherson",Mola helicoidal,"Indep., multibraço",756 km,588 km,"12,6 km/l","9,8 km/l",6000 rpm,4250 rpm,,,550 kg,,23 graus,35 graus,215 mm,Admissão e escape,,1100 kg,500 kg,,,546 km,414 km,"9,1 km/l","6,9 km/l",,,215/70 R16,170 cv,160 cv,23 kgfm,22 kgfm,,,,,,,,,,,,,,,,,,,,,,,,,,,,
mitsubishi,Asx,asx,asx-gls-2-0-4x2-2022,asx-gls-2-0-4x2-2022,https://www.fichacompleta.com.br/carros/mitsubishi/asx-gls-2-0-4x2-2022,2026-06-15T18:59:42.207927,Mitsubishi Asx GLS 2.0 4x2 2022,"11,5 s",190 km/h,,Injeção multiponto,Natural,1998 cm³,4 em linha,4B11,"Duplo no cabeçote, corrente",,,Transversal,Dianteiro,"8,4 kg/cv","61,7 kg/kgfm","85,1 cv/litro",170 cv (A) 160 cv (G) a 6000 rpm,12:1,,,,"11,5 kgfm/litro",23 kgfm (A) 22 kgfm (G) a 4250 rpm,,4,Conversor de torque,CVT,,6,Dianteira,1635 mm,1525 mm,1525 mm,4360 mm,2670 mm,1770 mm,1420 kg,415 litros,60 litros,124 mm,Disco ventilado,225/55 R18,"2,46 m²","0,812 m²",,"0,33",Elétrica,,"10,6 m","Independente, McPherson",Mola helicoidal,"Independente, multibraço",756 km,588 km,"12,6 km/l","9,8 km/l",,,,,550 kg,,23 graus,35 graus,215 mm,Admissão e escape,,1100 kg,500 kg,86 mm,86 mm,546 km,414 km,"9,1 km/l","6,9 km/l",,,,,,,,,,,,,,,,,,,,,,,,,,,,,,,,,,,
mitsubishi,Colt,colt,colt-glxi-1-6-1995,colt-glxi-1-6-1995,https://www.fichacompleta.com.br/carros/mitsubishi/colt-glxi-1-6-1995,2026-06-15T18:59:59.776097,Mitsubishi Colt GLXi 1.6 1995,"11,6 s",175 km/h,Correia dentada,Injeção multiponto,Natural,1597 cm³,4 em linha,4G92,Único no cabeçote,"75,5 mm",81 mm,Transversal,Dianteiro,"8,4 kg/cv","67,5 kg/kgfm","70,8 cv/litro",113 cv,10:1,,,,"8,8 kgfm/litro",14 kgfm,,4,Embreagem monodisco a seco,Manual,5,,Dianteira,1365 mm,1450 mm,1460 mm,3955 mm,2440 mm,1690 mm,945 kg,175 litros,55 litros,111 mm,Disco ventilado,Tambor,"1,96 m²","0,608 m²","0,31",,Hidráulica,"10,6 m",,"Indep., McPherson",Mola helicoidal,"Indep., multibraço",748 km,638 km,"13,6 km/l","11,6 km/l",6000 rpm,5000 rpm,,,541 kg,,,,125 mm,,,,,,,,,,,,,,,,,,,,,,,,,,,,,,,,,,,,,,,,,,,,,
mitsubishi,Colt,colt,colt-gti-1-8-1995,colt-gti-1-8-1995,https://www.fichacompleta.com.br/carros/mitsubishi/colt-gti-1-8-1995,2026-06-15T19:00:03.108619,Mitsubishi Colt GTi 1.8 1995,"7,6 s",210 km/h,,Injeção multiponto,Natural,1836 cm³,4 em linha,4G67,Duplo no cabeçote,88 mm,"81,5 mm",Transversal,Dianteiro,"7,1 kg/cv","58,5 kg/kgfm","76,3 cv/litro",140 cv,"10,5:1",,,,"9,3 kgfm/litro",17 kgfm,,4,Embreagem monodisco a seco,Manual,5,,Dianteira,1365 mm,1450 mm,1460 mm,3955 mm,2440 mm,1690 mm,995 kg,175 litros,50 litros,111 mm,Disco ventilado,Disco sólido,"1,96 m²","0,608 m²","0,31",,Hidráulica,"10,6 m",,"Indep., McPherson",Mola helicoidal,"Indep., multibraço",575 km,420 km,"11,5 km/l","8,4 km/l",6500 rpm,5500 rpm,,,503 kg,,,,125 mm,Admissão,,1000 kg,450 kg,,,,,,,,,,,,,,,,,,,,,,,,,,,,,,,,,,,,,,,,,
mitsubishi,Colt,colt,colt-glxi-1-6-1996,colt-glxi-1-6-1996,https://www.fichacompleta.com.br/carros/mitsubishi/colt-glxi-1-6-1996,2026-06-15T19:00:07.268265,Mitsubishi Colt GLXi 1.6 1996,"11,6 s",175 km/h,Correia dentada,Injeção multiponto,Natural,1597 cm³,4 em linha,4G92,Único no cabeçote,"75,5 mm",81 mm,Transversal,Dianteiro,"8,4 kg/cv","67,5 kg/kgfm","70,8 cv/litro",113 cv,10:1,,6000 rpm,5000 rpm,"8,8 kgfm/litro",14 kgfm,,4,Embreagem monodisco a seco,Manual,5,,Dianteira,1365 mm,1450 mm,1460 mm,3955 mm,2440 mm,1690 mm,945 kg,175 litros,55 litros,111 mm,Disco ventilado,Tambor,"1,96 m²","0,608 m²","0,31",,Hidráulica,"10,6 m",,"Indep., McPherson",Mola helicoidal,"Indep., multibraço",748 km,638 km,"13,6 km/l","11,6 km/l",,,,,541 kg,,,,125 mm,,,,,,,,,,,,,,,,,,,,,,,,,,,,,,,,,,,,,,,,,,,,,
mitsubishi,Colt,colt,colt-gti-1-8-1996,colt-gti-1-8-1996,https://www.fichacompleta.com.br/carros/mitsubishi/colt-gti-1-8-1996,2026-06-15T19:00:12.192131,Mitsubishi Colt GTi 1.8 1996,"7,6 s",210 km/h,,Injeção multiponto,Natural,1836 cm³,4 em linha,4G67,Duplo no cabeçote,88 mm,"81,5 mm",Transversal,Dianteiro,"7,1 kg/cv","58,5 kg/kgfm","76,3 cv/litro",140 cv a 6500 rpm,"10,5:1",,,,"9,3 kgfm/litro",17 kgfm a 5500 rpm,,4,Embreagem monodisco a seco,Manual,,5,Dianteira,1365 mm,1450 mm,1460 mm,3955 mm,2440 mm,1690 mm,995 kg,175 litros,50 litros,111 mm,Disco ventilado,Disco sólido,"1,96 m²","0,608 m²",,"0,31",Hidráulica,,"10,6 m","Independente, McPherson",Mola helicoidal,"Independente, multibraço",575 km,420 km,"11,5 km/l","8,4 km/l",,,,,503 kg,,,,125 mm,Admissão,,1000 kg,450 kg,,,,,,,,,,,,,,,,,,,,,,,,,,,,,,,,,,,,,,,,,
mitsubishi,Eclipse,eclipse,eclipse-gs-1-8-1991,eclipse-gs-1-8-1991,https://www.fichacompleta.com.br/carros/mitsubishi/eclipse-gs-1-8-1991,2026-06-15T19:00:45.447846,Mitsubishi Eclipse GS 1.8 1991,"12,2 s",175 km/h,,Injeção multiponto,Natural,1755 cm³,4 em linha,4G37,Único no cabeçote,86 mm,"80,6 mm",Transversal,Dianteiro,"12,3 kg/cv","79,0 kg/kgfm","53,0 cv/litro",93 cv,9:1,,5000 rpm,3500 rpm,"8,3 kgfm/litro","14,5 kgfm",,2,Embreagem monodisco a seco,Manual,5,,Dianteira,1300 mm,1465 mm,1450 mm,4390 mm,2470 mm,1690 mm,1145 kg,170 litros,60 litros,130 mm,Disco ventilado,Disco sólido,"1,87 m²","0,598 m²","0,32",,Hidráulica,"10,8 m",,"Indep., McPherson",Mola helicoidal,Eixo de torção,690 km,510 km,"11,5 km/l","8,5 km/l",,,,,,,,,,,,,,,,,,,,,,,,,,,,,,,,,,,,,,,,,,,,,,,,,,,,,,
mitsubishi,Eclipse,eclipse,eclipse-gs-2-0-turbo-1991,eclipse-gs-2-0-turbo-1991,https://www.fichacompleta.com.br/carros/mitsubishi/eclipse-gs-2-0-turbo-1991,2026-06-15T19:00:49.903666,Mitsubishi Eclipse GS 2.0 Turbo 1991,7 s,238 km/h,,Injeção multiponto,Turbocompressor,1997 cm³,4 em linha,4G63T,Duplo no cabeçote,88 mm,85 mm,Transversal,Dianteiro,"6,6 kg/cv","45,0 kg/kgfm","96,1 cv/litro",192 cv,9:1,,,,"14,0 kgfm/litro",28 kgfm,,4,Embreagem monodisco a seco,Manual,5,,Dianteira,1300 mm,1465 mm,1450 mm,4390 mm,2470 mm,1690 mm,1260 kg,170 litros,60 litros,113 mm,Disco ventilado,Disco sólido,"1,87 m²","0,598 m²","0,32",,Hidráulica,Não informado,,"Indep., McPherson",Mola helicoidal,Eixo de torção,648 km,390 km,"10,8 km/l","6,5 km/l",6000 rpm,3000 rpm,,,,,,,,,,,,,,,,,,,,,,,,,,,,,,,,,,,,,,,,,,,,,,,,,,,,
mitsubishi,Eclipse,eclipse,eclipse-gs-2-0-1992,eclipse-gs-2-0-1992,https://www.fichacompleta.com.br/carros/mitsubishi/eclipse-gs-2-0-1992,2026-06-15T19:00:54.010159,Mitsubishi Eclipse GS 2.0 1992,"9,9 s",213 km/h,,Injeção multiponto,Natural,1997 cm³,4 em linha,4G63,Duplo no cabeçote,88 mm,85 mm,Transversal,Dianteiro,"8,8 kg/cv","70,3 kg/kgfm","70,1 cv/litro",140 cv,9:1,,,,"8,8 kgfm/litro","17,5 kgfm",,4,Embreagem monodisco a seco,Manual,5,,Dianteira,1300 mm,1465 mm,1450 mm,4390 mm,2470 mm,1690 mm,1230 kg,170 litros,60 litros,117 mm,Disco ventilado,Disco sólido,"1,87 m²","0,598 m²","0,32",,Hidráulica,"10,8 m",,"Indep., McPherson",Mola helicoidal,Eixo de torção,630 km,390 km,"10,5 km/l","6,5 km/l",6000 rpm,5000 rpm,,,,,,,155 mm,,,,,,,,,,,,,,,,,,,,,,,,,,,,,,,,,,,,,,,,,,,,,
mitsubishi,Eclipse,eclipse,eclipse-gs-2-0-turbo-1992,eclipse-gs-2-0-turbo-1992,https://www.fichacompleta.com.br/carros/mitsubishi/eclipse-gs-2-0-turbo-1992,2026-06-15T19:00:57.870284,Mitsubishi Eclipse GS 2.0 Turbo 1992,7 s,238 km/h,,Injeção multiponto,Turbocompressor,1997 cm³,4 em linha,4G63T,Duplo no cabeçote,88 mm,85 mm,Transversal,Dianteiro,"6,6 kg/cv","45,0 kg/kgfm","96,1 cv/litro",192 cv,9:1,,6000 rpm,3000 rpm,"14,0 kgfm/litro",28 kgfm,,4,Embreagem monodisco a seco,Manual,5,5,Dianteira,1300 mm,1465 mm,1450 mm,4390 mm,2470 mm,1690 mm,1260 kg,170 litros,60 litros,113 mm,Disco ventilado,Disco sólido,"1,87 m²","0,598 m²","0,32","0,32",Hidráulica,Não informado,Não informado,"Indep., McPherson",Mola helicoidal,Eixo de torção,648 km,390 km,"10,8 km/l","6,5 km/l",,,,,,,,,,,,,,,,,,,,,,,,,,,,,,,,,,,,,,,,,,,,,,,,,,,,,,
mitsubishi,Eclipse,eclipse,eclipse-gs-2-0-1993,eclipse-gs-2-0-1993,https://www.fichacompleta.com.br/carros/mitsubishi/eclipse-gs-2-0-1993,2026-06-15T19:01:00.983913,Mitsubishi Eclipse GS 2.0 1993,"9,9 s",213 km/h,,Injeção multiponto,Natural,1997 cm³,4 em linha,4G63,Duplo no cabeçote,88 mm,85 mm,Transversal,Dianteiro,"8,8 kg/cv","70,3 kg/kgfm","70,1 cv/litro",140 cv,9:1,,,,"8,8 kgfm/litro","17,5 kgfm",,4,Embreagem monodisco a seco,Manual,5,,Dianteira,1300 mm,1465 mm,1450 mm,4390 mm,2470 mm,1690 mm,1230 kg,170 litros,60 litros,117 mm,Disco ventilado,Disco sólido,"1,87 m²","0,598 m²","0,32",,Hidráulica,"10,8 m",,"Indep., McPherson",Mola helicoidal,Eixo de torção,630 km,390 km,"10,5 km/l","6,5 km/l",6000 rpm,5000 rpm,,,,,,,155 mm,,,,,,,,,,,,,,,,,,,,,,,,,,,,,,,,,,,,,,,,,,,,,
mitsubishi,Eclipse,eclipse,eclipse-gs-2-0-turbo-1993,eclipse-gs-2-0-turbo-1993,https://www.fichacompleta.com.br/carros/mitsubishi/eclipse-gs-2-0-turbo-1993,2026-06-15T19:01:04.748798,Mitsubishi Eclipse GS 2.0 Turbo 1993,7 s,238 km/h,,Injeção multiponto,Turbocompressor,1997 cm³,4 em linha,4G63T,Duplo no cabeçote,88 mm,85 mm,Transversal,Dianteiro,"6,6 kg/cv","45,0 kg/kgfm","96,1 cv/litro",192 cv,9:1,,,,"14,0 kgfm/litro",28 kgfm,,4,Embreagem monodisco a seco,Manual,5,,Dianteira,1300 mm,1465 mm,1450 mm,4390 mm,2470 mm,1690 mm,1260 kg,170 litros,60 litros,113 mm,Disco ventilado,Disco sólido,"1,87 m²","0,598 m²","0,32",,Hidráulica,Não informado,,"Indep., McPherson",Mola helicoidal,Eixo de torção,648 km,390 km,"10,8 km/l","6,5 km/l",6000 rpm,3000 rpm,,,,,,,,,,,,,,,,,,,,,,,,,,,,,,,,,,,,,,,,,,,,,,,,,,,,
mitsubishi,Eclipse,eclipse,eclipse-gsx-2-0-turbo-1993,eclipse-gsx-2-0-turbo-1993,https://www.fichacompleta.com.br/carros/mitsubishi/eclipse-gsx-2-0-turbo-1993,2026-06-15T19:01:08.916503,Mitsubishi Eclipse GSX 2.0 Turbo 1993,"6,7 s",230 km/h,,Injeção multiponto,Turbocompressor,1997 cm³,4 em linha,4G63T,Duplo no cabeçote,88 mm,85 mm,Transversal,Dianteiro,"7,3 kg/cv","50,1 kg/kgfm","96,1 cv/litro",192 cv,"7,8:1",,6000 rpm,3000 rpm,"14,0 kgfm/litro",28 kgfm,,4,Embreagem monodisco a seco,Manual,5,,Integral permanente,1300 mm,1465 mm,1455 mm,4390 mm,2470 mm,1690 mm,1403 kg,170 litros,60 litros,113 mm,Disco ventilado,Disco sólido,"1,87 m²","0,617 m²","0,33",,Hidráulica,"10,8 m",,"Indep., McPherson",Mola helicoidal,Eixo de torção,648 km,390 km,"10,8 km/l","6,5 km/l",,,,,,,,,155 mm,,,,,,,,,,,,,,,,,,,,,,,,,,,,,,,,,,,,,,,,,,,,,
mitsubishi,Eclipse,eclipse,eclipse-gs-2-0-1994,eclipse-gs-2-0-1994,https://www.fichacompleta.com.br/carros/mitsubishi/eclipse-gs-2-0-1994,2026-06-15T19:01:11.499812,Mitsubishi Eclipse GS 2.0 1994,"9,9 s",213 km/h,,Injeção multiponto,Natural,1997 cm³,4 em linha,4G63,Duplo no cabeçote,88 mm,85 mm,Transversal,Dianteiro,"8,8 kg/cv","70,3 kg/kgfm","70,1 cv/litro",140 cv,9:1,,,,"8,8 kgfm/litro","17,5 kgfm",,4,Embreagem monodisco a seco,Manual,5,,Dianteira,1300 mm,1465 mm,1450 mm,4390 mm,2470 mm,1690 mm,1230 kg,170 litros,60 litros,117 mm,Disco ventilado,Disco sólido,"1,87 m²","0,598 m²","0,32",,Hidráulica,"10,8 m",,"Indep., McPherson",Mola helicoidal,Eixo de torção,630 km,390 km,"10,5 km/l","6,5 km/l",6000 rpm,5000 rpm,,,,,,,155 mm,,,,,,,,,,,,,,,,,,,,,,,,,,,,,,,,,,,,,,,,,,,,,
mitsubishi,Eclipse,eclipse,eclipse-gs-2-0-turbo-1994,eclipse-gs-2-0-turbo-1994,https://www.fichacompleta.com.br/carros/mitsubishi/eclipse-gs-2-0-turbo-1994,2026-06-15T19:01:14.680966,Mitsubishi Eclipse GS 2.0 Turbo 1994,7 s,238 km/h,,Injeção multiponto,Turbocompressor,1997 cm³,4 em linha,4G63T,Duplo no cabeçote,,,Transversal,Dianteiro,"6,6 kg/cv","45,0 kg/kgfm","96,1 cv/litro",192 cv a 6000 rpm,9:1,,,,"14,0 kgfm/litro",28 kgfm a 3000 rpm,,4,Embreagem monodisco a seco,Manual,,5,Dianteira,1300 mm,1465 mm,1450 mm,4390 mm,2470 mm,1690 mm,1260 kg,170 litros,60 litros,113 mm,Disco ventilado,Disco sólido,"1,87 m²","0,598 m²",,"0,32",Hidráulica,,Não informado,"Independente, McPherson",Mola helicoidal,Eixo de torção,648 km,390 km,"10,8 km/l","6,5 km/l",,,,,,,,,,,,,,88 mm,85 mm,,,,,,,,,,,,,,,,,,,,,,,,,,,,,,,,,,,,,,,
mitsubishi,Eclipse,eclipse,eclipse-gs-2-0-1995,eclipse-gs-2-0-1995,https://www.fichacompleta.com.br/carros/mitsubishi/eclipse-gs-2-0-1995,2026-06-15T19:01:17.380378,Mitsubishi Eclipse GS 2.0 1995,"9,9 s",215 km/h,,Injeção multiponto,Natural,1996 cm³,4 em linha,420A,Duplo no cabeçote,,,Transversal,Dianteiro,"9,0 kg/cv","70,7 kg/kgfm","71,1 cv/litro",142 cv a 6000 rpm,"9,6:1",6500 rpm,,,"9,1 kgfm/litro","18,1 kgfm a 4800 rpm",,4,Embreagem monodisco a seco,Manual,,5,Dianteira,1293 mm,1516 mm,1509 mm,4374 mm,2510 mm,1745 mm,1280 kg,241 litros,60 litros,113 mm,Disco ventilado,Disco sólido,"1,92 m²","0,557 m²",,"0,29",Hidráulica,,"11,6 m","Independente, braços sobrepostos",Mola helicoidal,"Independente, multibraço",660 km,420 km,11 km/l,7 km/l,,,,,,,,,145 mm,,,,,83 mm,"87,5 mm",,,,,,,,,,,,,,,,,,,,,,,,,,,,,,,,,,,,,,,
mitsubishi,Eclipse,eclipse,eclipse-gst-2-0-turbo-1995,eclipse-gst-2-0-turbo-1995,https://www.fichacompleta.com.br/carros/mitsubishi/eclipse-gst-2-0-turbo-1995,2026-06-15T19:01:21.076405,Mitsubishi Eclipse GST 2.0 Turbo 1995,"7,1 s",224 km/h,,Injeção multiponto,Turbocompressor,1997 cm³,4 em linha,4G63T,Duplo no cabeçote,88 mm,85 mm,Transversal,Dianteiro,"6,1 kg/cv","43,8 kg/kgfm","106,7 cv/litro",213 cv,"8,5:1",,6000 rpm,3000 rpm,"14,8 kgfm/litro","29,6 kgfm",,4,Embreagem monodisco a seco,Manual,5,5,Dianteira,1293 mm,,,4374 mm,2510 mm,1745 mm,1295 kg,241 litros,60 litros,113 mm,Disco ventilado,Disco sólido,"1,92 m²","0,557 m²","0,29","0,29",Hidráulica,"11,6 m","11,6 m","Indep., braços sobrepostos",Mola helicoidal,"Indep., multibraço",744 km,540 km,"12,4 km/l",9 km/l,,,,,,,,,145 mm,,,,,,,,,,,,,,,,,,,,,,,,,,,,,,,,,,,,,,,,,,,,,
mitsubishi,Eclipse,eclipse,eclipse-gst-2-0-turbo-at-1995,eclipse-gst-2-0-turbo-at-1995,https://www.fichacompleta.com.br/carros/mitsubishi/eclipse-gst-2-0-turbo-at-1995,2026-06-15T19:01:25.567181,Mitsubishi Eclipse GST 2.0 Turbo AT 1995,"9,5 s",207 km/h,,Injeção multiponto,Turbocompressor,1997 cm³,4 em linha,4G63T,Duplo no cabeçote,88 mm,85 mm,Transversal,Dianteiro,"6,1 kg/cv","44,1 kg/kgfm","106,7 cv/litro",213 cv,"8,5:1",,6000 rpm,3000 rpm,"14,8 kgfm/litro","29,6 kgfm",,4,Conversor de torque,Automático,4,4,Dianteira,1293 mm,,,4374 mm,2510 mm,1745 mm,1305 kg,241 litros,60 litros,113 mm,Disco ventilado,Disco sólido,"1,92 m²","0,557 m²","0,29","0,29",Hidráulica,"11,6 m","11,6 m","Indep., braços sobrepostos",Mola helicoidal,"Indep., multibraço",732 km,540 km,"12,2 km/l",9 km/l,,,,,,,,,145 mm,,,,,,,,,,,,,,,,,,,,,,,,,,,,,,,,,,,,,,,,,,,,,
mitsubishi,Eclipse,eclipse,eclipse-gsx-2-0-turbo-1995,eclipse-gsx-2-0-turbo-1995,https://www.fichacompleta.com.br/carros/mitsubishi/eclipse-gsx-2-0-turbo-1995,2026-06-15T19:01:30.383121,Mitsubishi Eclipse GSX 2.0 Turbo 1995,"7,1 s",224 km/h,,Injeção multiponto,Turbocompressor,1997 cm³,4 em linha,4G63T,Duplo no cabeçote,88 mm,85 mm,Transversal,Dianteiro,"6,6 kg/cv","47,8 kg/kgfm","106,7 cv/litro",cv,"8,5:1",,6000 rpm,3000 rpm,"14,8 kgfm/litro","29,6 kgfm",,4,Embreagem monodisco a seco,Manual,5,,Integral permanente,1293 mm,1516 mm,1509 mm,4374 mm,2510 mm,1745 mm,1415 kg,241 litros,60 litros,118 mm,Disco ventilado,Disco sólido,"1,92 m²","0,557 m²","0,29",,Hidráulica,"11,6 m",,"Indep., braços sobrepostos",Mola helicoidal,"Indep., multibraço",690 km,480 km,"11,5 km/l",8 km/l,,,213 cv,"29,6 kgfm",,,,,145 mm,,,,,,,,,,,,,,,,,,,,,,,,,,,,,,,,,,,,,,,,,,,,,
mitsubishi,Eclipse,eclipse,eclipse-gst-2-0-turbo-1996,eclipse-gst-2-0-turbo-1996,https://www.fichacompleta.com.br/carros/mitsubishi/eclipse-gst-2-0-turbo-1996,2026-06-15T19:01:34.303531,Mitsubishi Eclipse GST 2.0 Turbo 1996,"7,1 s",224 km/h,,Injeção multiponto,Turbocompressor,1997 cm³,4 em linha,4G63T,Duplo no cabeçote,88 mm,85 mm,Transversal,Dianteiro,"6,1 kg/cv","43,8 kg/kgfm","106,7 cv/litro",213 cv,"8,5:1",,,,"14,8 kgfm/litro","29,6 kgfm",,4,Embreagem monodisco a seco,Manual,5,,Dianteira,1293 mm,,,4374 mm,2510 mm,1745 mm,1295 kg,241 litros,60 litros,113 mm,Disco ventilado,Disco sólido,"1,92 m²","0,557 m²","0,29",,Hidráulica,"11,6 m",,"Indep., braços sobrepostos",Mola helicoidal,"Indep., multibraço",744 km,540 km,"12,4 km/l",9 km/l,6000 rpm,3000 rpm,,,,,,,145 mm,,,,,,,,,,,,,,,,,,,,,,,,,,,,,,,,,,,,,,,,,,,,,
mitsubishi,Eclipse,eclipse,eclipse-gst-2-0-turbo-1997,eclipse-gst-2-0-turbo-1997,https://www.fichacompleta.com.br/carros/mitsubishi/eclipse-gst-2-0-turbo-1997,2026-06-15T19:01:38.517586,Mitsubishi Eclipse GST 2.0 Turbo 1997,"7,1 s",224 km/h,,Injeção multiponto,Turbocompressor,1997 cm³,4 em linha,4G63T,Duplo no cabeçote,88 mm,85 mm,Transversal,Dianteiro,"6,1 kg/cv","43,8 kg/kgfm","106,7 cv/litro",,"8,5:1",,6000 rpm,3000 rpm,"14,8 kgfm/litro",,,4,Embreagem monodisco a seco,Manual,5,,Dianteira,1293 mm,,,4374 mm,2510 mm,1745 mm,1295 kg,241 litros,60 litros,113 mm,Disco ventilado,Disco sólido,"1,92 m²","0,557 m²","0,29",,Hidráulica,"11,6 m",,"Indep., braços sobrepostos",Mola helicoidal,"Indep., multibraço",744 km,540 km,"12,4 km/l",9 km/l,,,213 cv,"29,6 kgfm",,,,,145 mm,,,,,,,,,,,,,,,,,,,,,,,,,,,,,,,,,,,,,,,,,,,,,
mitsubishi,Eclipse,eclipse,eclipse-gst-2-0-turbo-1998,eclipse-gst-2-0-turbo-1998,https://www.fichacompleta.com.br/carros/mitsubishi/eclipse-gst-2-0-turbo-1998,2026-06-15T19:01:43.452725,Mitsubishi Eclipse GST 2.0 Turbo 1998,"7,1 s",224 km/h,,Injeção multiponto,Turbocompressor,1997 cm³,4 em linha,4G63T,Duplo no cabeçote,,,Transversal,Dianteiro,"6,1 kg/cv","43,8 kg/kgfm","106,7 cv/litro",213 cv a 6000 rpm,"8,5:1",,,,"14,8 kgfm/litro","29,6 kgfm a 3000 rpm",,4,,Manual,,5,Dianteira,1300 mm,,,4320 mm,2550 mm,1650 mm,1295 kg,155 litros,60 litros,113 mm,205/55 R16,Disco sólido,"1,82 m²",,,"0,29",Hidráulica,,"11,6 m","Independente, braços sobrepostos",Mola helicoidal,"Independente, multibraço",744 km,678 km,"12,4 km/l","11,3 km/l",,,,,,,,,,,,,,88 mm,85 mm,,,,,,,,,,,,,,,,,,,,,,,,,,,,,,,,,,,,,,,
mitsubishi,Eclipse,eclipse,eclipse-gst-2-0-turbo-at-1998,eclipse-gst-2-0-turbo-at-1998,https://www.fichacompleta.com.br/carros/mitsubishi/eclipse-gst-2-0-turbo-at-1998,2026-06-15T19:01:46.659733,Mitsubishi Eclipse GST 2.0 Turbo AT 1998,"9,5 s",207 km/h,,Injeção multiponto,Turbocompressor,1997 cm³,4 em linha,4G63T,Duplo no cabeçote,88 mm,85 mm,Transversal,Dianteiro,"6,1 kg/cv","44,1 kg/kgfm","106,7 cv/litro",213 cv,"8,5:1",,,,"14,8 kgfm/litro","29,6 kgfm",,4,Conversor de torque,Automático,4,,Dianteira,1293 mm,,,4374 mm,2510 mm,1745 mm,1305 kg,241 litros,60 litros,113 mm,Disco ventilado,Disco sólido,"1,92 m²","0,557 m²","0,29",,Hidráulica,"11,6 m",,"Indep., braços sobrepostos",Mola helicoidal,"Indep., multibraço",732 km,480 km,"12,2 km/l",8 km/l,6000 rpm,3000 rpm,,,,,,,145 mm,,,,,,,,,,,,,,,,,,,,,,,,,,,,,,,,,,,,,,,,,,,,,
mitsubishi,Eclipse,eclipse,eclipse-gt-3-0-v6-2000,eclipse-gt-3-0-v6-2000,https://www.fichacompleta.com.br/carros/mitsubishi/eclipse-gt-3-0-v6-2000,2026-06-15T19:01:49.817016,Mitsubishi Eclipse GT 3.0 V6 2000,"7,1 s",225 km/h,,Injeção multiponto,Natural,2972 cm³,6 em V,6G72,Único no cabeçote,76 mm,"91,1 mm",Transversal,Dianteiro,"7,2 kg/cv","51,6 kg/kgfm","68,3 cv/litro",203 cv a 5500 rpm,10:1,,,,"9,5 kgfm/litro","28,3 kgfm a 4000 rpm",,4,Conversor de torque,Automático,,4,Dianteira,1310 mm,,,4455 mm,2560 mm,1750 mm,1460 kg,240 litros,62 litros,108 mm,Disco ventilado,Disco sólido,,,,,Hidráulica,,"12,2 m","Independente, McPherson",Mola helicoidal,"Independente, multibraço",477 km,267 km,"7,7 km/l","4,3 km/l",,,,,335 kg,,,,,,,,,,,,,,,,,,,,,,,,,,,,,,,,,,,,,,,,,,,,,,,,,
mitsubishi,Eclipse,eclipse,eclipse-gt-3-0-v6-2001,eclipse-gt-3-0-v6-2001,https://www.fichacompleta.com.br/carros/mitsubishi/eclipse-gt-3-0-v6-2001,2026-06-15T19:01:53.672379,Mitsubishi Eclipse GT 3.0 V6 2001,"7,1 s",225 km/h,,Injeção multiponto,Natural,2972 cm³,6 em V,6G72,Único no cabeçote,76 mm,"91,1 mm",Transversal,Dianteiro,"7,2 kg/cv","51,6 kg/kgfm","68,3 cv/litro",,10:1,,5500 rpm,4000 rpm,"9,5 kgfm/litro",,,4,Conversor de torque,Automático,4,,Dianteira,1310 mm,,,4455 mm,2560 mm,1750 mm,1460 kg,240 litros,62 litros,108 mm,Disco ventilado,Disco sólido,,,,,Hidráulica,"12,2 m",,"Indep., McPherson",Mola helicoidal,"Indep., multibraço",477 km,267 km,"7,7 km/l","4,3 km/l",,,203 cv,"28,3 kgfm",335 kg,,,,,,,,,,,,,,,,,,,,,,,,,,,,,,,,,,,,,,,,,,,,,,,,,
mitsubishi,Eclipse,eclipse,eclipse-gt-3-8-v6-2007,eclipse-gt-3-8-v6-2007,https://www.fichacompleta.com.br/carros/mitsubishi/eclipse-gt-3-8-v6-2007,2026-06-15T19:01:58.538780,Mitsubishi Eclipse GT 3.8 V6 2007,7 s,228 km/h,,Injeção multiponto,Natural,3828 cm³,6 em V,6G75,Único no cabeçote,90 mm,95 mm,Transversal,Dianteiro,"5,9 kg/cv","43,6 kg/kgfm","69,7 cv/litro",267 cv,"10,5:1",,5750 rpm,4500 rpm,"9,4 kgfm/litro",36 kgfm,,4,Embreagem monodisco a seco,Manual,6,6,Dianteira,1358 mm,1570 mm,1570 mm,4565 mm,2575 mm,1835 mm,1571 kg,240 litros,67 litros,113 mm,Disco ventilado,Disco ventilado,"2,12 m²","0,742 m²","0,35","0,35",Hidráulica,"10,8 m","10,8 m","Indep., McPherson",Mola helicoidal,"Indep., multibraço",503 km,275 km,"7,5 km/l","4,1 km/l",,,,,374 kg,,,,,Admissão,,,,,,,,,,,,,,,,,,,,,,,,,,,,,,,,,,,,,,,,,,,,
mitsubishi,Eclipse,eclipse,eclipse-gt-3-8-v6-2008,eclipse-gt-3-8-v6-2008,https://www.fichacompleta.com.br/carros/mitsubishi/eclipse-gt-3-8-v6-2008,2026-06-15T19:02:01.035100,Mitsubishi Eclipse GT 3.8 V6 2008,7 s,228 km/h,,Injeção multiponto,Natural,3828 cm³,6 em V,6G75,Único no cabeçote,90 mm,95 mm,Transversal,Dianteiro,"5,9 kg/cv","43,6 kg/kgfm","69,7 cv/litro",267 cv a 5750 rpm,"10,5:1",,,,"9,4 kgfm/litro",36 kgfm a 4500 rpm,,4,Embreagem monodisco a seco,Manual,,6,Dianteira,1358 mm,1570 mm,1570 mm,4565 mm,2575 mm,1835 mm,1571 kg,240 litros,67 litros,113 mm,Disco ventilado,Disco ventilado,"2,12 m²","0,742 m²",,"0,35",Hidráulica,,"10,8 m","Independente, McPherson",Mola helicoidal,"Independente, multibraço",503 km,275 km,"7,5 km/l","4,1 km/l",,,,,374 kg,,,,,Admissão,,,,,,,,,,,,,,,,,,,,,,,,,,,,,,,,,,,,,,,,,,,,
mitsubishi,Eclipse,eclipse,eclipse-gt-3-8-v6-2009,eclipse-gt-3-8-v6-2009,https://www.fichacompleta.com.br/carros/mitsubishi/eclipse-gt-3-8-v6-2009,2026-06-15T19:02:04.210504,Mitsubishi Eclipse GT 3.8 V6 2009,7 s,228 km/h,,Injeção multiponto,Natural,3828 cm³,6 em V,6G75,Único no cabeçote,90 mm,95 mm,Transversal,Dianteiro,"5,9 kg/cv","43,6 kg/kgfm","69,7 cv/litro",267 cv,"10,5:1",,,,"9,4 kgfm/litro",36 kgfm,,4,Embreagem monodisco a seco,Manual,6,,Dianteira,1358 mm,1570 mm,1570 mm,4565 mm,2575 mm,1835 mm,1571 kg,240 litros,67 litros,113 mm,Disco ventilado,Disco ventilado,"2,12 m²","0,742 m²","0,35",,Hidráulica,"10,8 m",,"Indep., McPherson",Mola helicoidal,"Indep., multibraço",503 km,275 km,"7,5 km/l","4,1 km/l",5750 rpm,4500 rpm,,,374 kg,,,,,Admissão,,,,,,,,,,,,,,,,,,,,,,,,,,,,,,,,,,,,,,,,,,,,
mitsubishi,Eclipse Cross,eclipse-cross,eclipse-cross-hpe-s-1-5-turbo-4x2-2019,eclipse-cross-hpe-s-1-5-turbo-4x2-2019,https://www.fichacompleta.com.br/carros/mitsubishi/eclipse-cross-hpe-s-1-5-turbo-4x2-2019,2026-06-15T19:02:21.530571,Mitsubishi Eclipse Cross HPE-S 1.5 Turbo 4x2 2019,"11,1 s",195 km/h,,Injeção direta e indireta multiponto,Turbocompressor,1499 cm³,4 em linha,4B40,"Duplo no cabeçote, corrente","84,8 mm",75 mm,Transversal,Dianteiro,"9,3 kg/cv","60,4 kg/kgfm","110,1 cv/litro",165 cv a 5500 rpm,10:1,6000 rpm,,,"17,0 kgfm/litro","25,5 kgfm a 2000 rpm",,4,Conversor de torque,CVT,,8,Dianteira,1685 mm,1545 mm,1545 mm,4405 mm,2670 mm,1805 mm,1540 kg,473 litros,63 litros,124 mm,Disco ventilado,Disco sólido,,,,,Elétrica,,"10,6 m","Independente, McPherson",Mola helicoidal,"Independente, multibraço",750 km,649 km,"11,9 km/l","10,3 km/l",,,,,560 kg,,,,202 mm,Admissão e escape,,1600 kg,750 kg,,,,,,,,,,,,,,,,,,,,,,,,,,,,,,,,,,,,,,,,,
mitsubishi,Eclipse Cross,eclipse-cross,eclipse-cross-hpe-s-1-5-turbo-4x4-2019,eclipse-cross-hpe-s-1-5-turbo-4x4-2019,https://www.fichacompleta.com.br/carros/mitsubishi/eclipse-cross-hpe-s-1-5-turbo-4x4-2019,2026-06-15T19:02:26.015902,Mitsubishi Eclipse Cross HPE-S 1.5 Turbo 4x4 2019,"11,4 s",195 km/h,,Injeção direta e indireta multiponto,Turbocompressor,1499 cm³,4 em linha,4B40,"Duplo no cabeçote, corrente","84,8 mm",75 mm,Transversal,Dianteiro,"9,7 kg/cv","62,9 kg/kgfm","110,1 cv/litro",165 cv a 5500 rpm,10:1,6000 rpm,,,"17,0 kgfm/litro","25,5 kgfm a 2000 rpm",,4,Conversor de torque,CVT,,8,Integral sob demanda,1685 mm,1545 mm,1545 mm,4405 mm,2670 mm,1805 mm,1605 kg,473 litros,60 litros,124 mm,Disco ventilado,Disco sólido,,,,,Elétrica,,"10,6 m","Independente, McPherson",Mola helicoidal,"Independente, multibraço",714 km,618 km,"11,9 km/l","10,3 km/l",,,,,495 kg,,,,202 mm,Admissão e escape,,1600 kg,750 kg,,,,,,,,,,,,,,,,,,,,,,,,,,,,,,,,,,,,,,,,,
mitsubishi,Eclipse Cross,eclipse-cross,eclipse-cross-hpe-s-1-5-turbo-4x4-2019-gasolina,eclipse-cross-hpe-s-1-5-turbo-4x4-2019-gasolina,https://www.fichacompleta.com.br/carros/mitsubishi/eclipse-cross-hpe-s-1-5-turbo-4x4-2019-gasolina,2026-06-15T19:02:28.987034,Mitsubishi Eclipse Cross HPE-S 1.5 Turbo 4x4 2019,"11,4 s",195 km/h,Corrente,Injeção direta e indireta,Turbocompressor,,4 em linha,4B40,Duplo no cabeçote,"84,8 mm",75 mm,Transversal,Dianteiro,"9,73 kg/cv","62,9 kg/kgfm","110,1 cv/litro",165 cv,10:1,6000 rpm,,,"17,0 kgfm/litro","25,5 kgfm",,4,Conversor de torque,CVT,8,,Integral sob demanda,1685 mm,1545 mm,1545 mm,4405 mm,2670 mm,1805 mm,1605 kg,473 litros,60 litros,124 mm,Disco ventilado,Disco sólido,,,,,Elétrica,"10,6 m",,"Indep., McPherson",Mola helicoidal,"Indep., multibraço",714 km,618 km,"11,9 km/l","10,3 km/l",5500 rpm,2000 rpm,,,495 kg,,,,202 mm,Admissão e escape,,1600 kg,750 kg,,,,,,,375 cm³,1499 cm³,,,,,,,,,,,,,,,,,,,,,,,,,,,,,,,,,
mitsubishi,Eclipse Cross,eclipse-cross,eclipse-cross-gls-1-5-turbo-2020,eclipse-cross-gls-1-5-turbo-2020,https://www.fichacompleta.com.br/carros/mitsubishi/eclipse-cross-gls-1-5-turbo-2020,2026-06-15T19:02:32.290784,Mitsubishi Eclipse Cross GLS 1.5 Turbo 2020,"11,1 s",195 km/h,Corrente,Injeção direta e indireta,Turbocompressor,1499 cm³,4 em linha,4B40,Duplo no cabeçote,"84,8 mm",75 mm,Transversal,Dianteiro,"9,3 kg/cv","60,2 kg/kgfm","110,1 cv/litro",165 cv,10:1,6000 rpm,,,"17,0 kgfm/litro","25,5 kgfm",,4,Conversor de torque,CVT,8,,Dianteira,1685 mm,1545 mm,1545 mm,4405 mm,2670 mm,1805 mm,1536 kg,473 litros,63 litros,124 mm,Disco ventilado,Disco sólido,,,,,Elétrica,"10,6 m",,"Indep., McPherson",Mola helicoidal,"Indep., multibraço",750 km,649 km,"11,9 km/l","10,3 km/l",5500 rpm,2000 rpm,,,564 kg,,,,211 mm,Admissão e escape,,1600 kg,750 kg,,,,,,,,,,,,,,,,,,,,,,,,,,,,,,,,,,,,,,,,,
mitsubishi,Eclipse Cross,eclipse-cross,eclipse-cross-hpe-1-5-turbo-2020,eclipse-cross-hpe-1-5-turbo-2020,https://www.fichacompleta.com.br/carros/mitsubishi/eclipse-cross-hpe-1-5-turbo-2020,2026-06-15T19:02:35.083328,Mitsubishi Eclipse Cross HPE 1.5 Turbo 2020,"11,1 s",195 km/h,Corrente,Injeção direta e indireta,Turbocompressor,1499 cm³,4 em linha,4B40,Duplo no cabeçote,"84,8 mm",75 mm,Transversal,Dianteiro,"9,3 kg/cv","60,2 kg/kgfm","110,1 cv/litro",165 cv,10:1,6000 rpm,,,"17,0 kgfm/litro","25,5 kgfm",,4,Conversor de torque,CVT,8,,Dianteira,1685 mm,1545 mm,1545 mm,4405 mm,2670 mm,1805 mm,1536 kg,473 litros,63 litros,124 mm,Disco ventilado,Disco sólido,,,,,Elétrica,"10,6 m",,"Indep., McPherson",Mola helicoidal,"Indep., multibraço",750 km,649 km,"11,9 km/l","10,3 km/l",5500 rpm,2000 rpm,,,564 kg,,,,211 mm,Admissão e escape,,1600 kg,750 kg,,,,,,,,,,,,,,,,,,,,,,,,,,,,,,,,,,,,,,,,,
mitsubishi,Eclipse Cross,eclipse-cross,eclipse-cross-hpe-s-1-5-turbo-4x2-2020,eclipse-cross-hpe-s-1-5-turbo-4x2-2020,https://www.fichacompleta.com.br/carros/mitsubishi/eclipse-cross-hpe-s-1-5-turbo-4x2-2020,2026-06-15T19:02:38.732717,Mitsubishi Eclipse Cross HPE-S 1.5 Turbo 4x2 2020,"11,1 s",195 km/h,Corrente,Injeção direta e indireta,Turbocompressor,1499 cm³,4 em linha,4B40,Duplo no cabeçote,"84,8 mm",75 mm,Transversal,Dianteiro,"9,3 kg/cv","60,4 kg/kgfm","110,1 cv/litro",165 cv,10:1,6000 rpm,,,"17,0 kgfm/litro","25,5 kgfm",,4,Conversor de torque,CVT,8,,Dianteira,1685 mm,1545 mm,1545 mm,4405 mm,2670 mm,1805 mm,1540 kg,473 litros,63 litros,124 mm,Disco ventilado,Disco sólido,,,,,Elétrica,"10,6 m",,"Indep., McPherson",Mola helicoidal,"Indep., multibraço",750 km,649 km,"11,9 km/l","10,3 km/l",5500 rpm,2000 rpm,,,560 kg,,,,202 mm,Admissão e escape,,1600 kg,750 kg,,,,,,,,,,,,,,,,,,,,,,,,,,,,,,,,,,,,,,,,,
mitsubishi,Eclipse Cross,eclipse-cross,eclipse-cross-hpe-s-1-5-turbo-4x4-2020,eclipse-cross-hpe-s-1-5-turbo-4x4-2020,https://www.fichacompleta.com.br/carros/mitsubishi/eclipse-cross-hpe-s-1-5-turbo-4x4-2020,2026-06-15T19:02:43.372125,Mitsubishi Eclipse Cross HPE-S 1.5 Turbo 4x4 2020,"11,4 s",195 km/h,Corrente,Injeção direta e indireta,Turbocompressor,1499 cm³,4 em linha,4B40,Duplo no cabeçote,"84,8 mm",75 mm,Transversal,Dianteiro,"9,7 kg/cv","62,9 kg/kgfm","110,1 cv/litro",165 cv,10:1,6000 rpm,,,"17,0 kgfm/litro","25,5 kgfm",,4,Conversor de torque,CVT,8,,Integral sob demanda,1685 mm,1545 mm,1545 mm,4405 mm,2670 mm,1805 mm,1605 kg,473 litros,60 litros,124 mm,Disco ventilado,Disco sólido,,,,,Elétrica,"10,6 m",,"Indep., McPherson",Mola helicoidal,"Indep., multibraço",666 km,612 km,"11,1 km/l","10,2 km/l",5500 rpm,2000 rpm,,,495 kg,,,,202 mm,Admissão e escape,,1600 kg,750 kg,,,,,,,,,,,,,,,,,,,,,,,,,,,,,,,,,,,,,,,,,
mitsubishi,Eclipse Cross,eclipse-cross,eclipse-cross-outdoor-1-5-turbo-4x4-2020,eclipse-cross-outdoor-1-5-turbo-4x4-2020,https://www.fichacompleta.com.br/carros/mitsubishi/eclipse-cross-outdoor-1-5-turbo-4x4-2020,2026-06-15T19:02:47.628207,Mitsubishi Eclipse Cross Outdoor 1.5 Turbo 4x4 2020,"11,4 s",195 km/h,Corrente,Injeção direta e indireta,Turbocompressor,1499 cm³,4 em linha,4B40,Duplo no cabeçote,"84,8 mm",75 mm,Transversal,Dianteiro,"9,7 kg/cv","62,9 kg/kgfm","110,1 cv/litro",165 cv,10:1,6000 rpm,,,"17,0 kgfm/litro","25,5 kgfm",,4,Conversor de torque,CVT,8,,Integral sob demanda,1685 mm,1545 mm,1545 mm,4405 mm,2670 mm,1805 mm,1605 kg,473 litros,60 litros,141 mm,Disco ventilado,Disco sólido,,,,,Elétrica,"10,6 m",,"Indep., McPherson",Mola helicoidal,"Indep., multibraço",666 km,612 km,"11,1 km/l","10,2 km/l",5500 rpm,2000 rpm,,,495 kg,,,,202 mm,Admissão e escape,,1600 kg,750 kg,,,,,,,,,,,,,,,,,,,,,,,,,,,,,,,,,,,,,,,,,
mitsubishi,Eclipse Cross,eclipse-cross,eclipse-cross-sport-1-5-turbo-4x4-2020,eclipse-cross-sport-1-5-turbo-4x4-2020,https://www.fichacompleta.com.br/carros/mitsubishi/eclipse-cross-sport-1-5-turbo-4x4-2020,2026-06-15T19:02:50.193332,Mitsubishi Eclipse Cross Sport 1.5 Turbo 4x4 2020,"11,4 s",195 km/h,Corrente,Injeção direta e indireta,Turbocompressor,1499 cm³,4 em linha,4B40,Duplo no cabeçote,"84,8 mm",75 mm,Transversal,Dianteiro,"9,7 kg/cv","62,9 kg/kgfm","110,1 cv/litro",165 cv,10:1,6000 rpm,,,"17,0 kgfm/litro","25,5 kgfm",,4,Conversor de torque,CVT,8,,Integral sob demanda,1685 mm,1545 mm,1545 mm,4405 mm,2670 mm,1805 mm,1605 kg,473 litros,60 litros,124 mm,Disco ventilado,Disco sólido,,,,,Elétrica,"10,6 m",,"Indep., McPherson",Mola helicoidal,"Indep., multibraço",666 km,612 km,"11,1 km/l","10,2 km/l",5500 rpm,2000 rpm,,,495 kg,,,,202 mm,Admissão e escape,,1600 kg,750 kg,,,,,,,,,,,,,,,,,,,,,,,,,,,,,,,,,,,,,,,,,
mitsubishi,Eclipse Cross,eclipse-cross,eclipse-cross-gls-1-5-turbo-2021,eclipse-cross-gls-1-5-turbo-2021,https://www.fichacompleta.com.br/carros/mitsubishi/eclipse-cross-gls-1-5-turbo-2021,2026-06-15T19:02:55.585359,Mitsubishi Eclipse Cross GLS 1.5 Turbo 2021,"11,1 s",195 km/h,,Injeção direta e indireta multiponto,Turbocompressor,1499 cm³,4 em linha,4B40,"Duplo no cabeçote, corrente",,,Transversal,Dianteiro,"9,3 kg/cv","60,2 kg/kgfm","110,1 cv/litro",165 cv a 5500 rpm,10:1,6000 rpm,,,"17,0 kgfm/litro","25,5 kgfm a 2000 rpm",,4,Conversor de torque,CVT,,8,Dianteira,1685 mm,1545 mm,1545 mm,4405 mm,2670 mm,1805 mm,1536 kg,473 litros,63 litros,124 mm,Disco ventilado,Disco sólido,,,,,Elétrica,,"10,6 m","Independente, McPherson",Mola helicoidal,"Independente, multibraço",750 km,649 km,"11,9 km/l","10,3 km/l",,,,,564 kg,,,,211 mm,Admissão e escape,,1600 kg,750 kg,"84,8 mm",75 mm,,,,,,,,,,,,,,,,,,,,,,,,,,,,,,,,,,,,,,,
mitsubishi,Eclipse Cross,eclipse-cross,eclipse-cross-hpe-1-5-turbo-2021,eclipse-cross-hpe-1-5-turbo-2021,https://www.fichacompleta.com.br/carros/mitsubishi/eclipse-cross-hpe-1-5-turbo-2021,2026-06-15T19:02:59.524015,Mitsubishi Eclipse Cross HPE 1.5 Turbo 2021,"11,1 s",195 km/h,,Injeção direta e indireta multiponto,Turbocompressor,1499 cm³,4 em linha,4B40,"Duplo no cabeçote, corrente",,,Transversal,Dianteiro,"9,3 kg/cv","60,2 kg/kgfm","110,1 cv/litro",165 cv a 5500 rpm,10:1,,,,"17,0 kgfm/litro","25,5 kgfm a 2000 rpm",,4,,CVT,,8,Dianteira,1685 mm,1545 mm,1545 mm,4405 mm,2670 mm,1805 mm,1536 kg,473 litros,63 litros,124 mm,225/55 R18,225/55 R18,,,,,Elétrica,,"10,6 m","Independente, McPherson",Mola helicoidal,"Independente, multibraço",750 km,649 km,"11,9 km/l","10,3 km/l",,,,,564 kg,,,,,Admissão e escape,,1600 kg,750 kg,"84,8 mm",75 mm,,,,,,,,,,,,,,,,,,,,,,,,,,,,,,,,,,,,,,,
mitsubishi,Eclipse Cross,eclipse-cross,eclipse-cross-hpe-s-1-5-turbo-4x2-2021,eclipse-cross-hpe-s-1-5-turbo-4x2-2021,https://www.fichacompleta.com.br/carros/mitsubishi/eclipse-cross-hpe-s-1-5-turbo-4x2-2021,2026-06-15T19:03:03.888037,Mitsubishi Eclipse Cross HPE-S 1.5 Turbo 4x2 2021,"11,1 s",195 km/h,,Injeção direta e indireta multiponto,Turbocompressor,1499 cm³,4 em linha,4B40,"Duplo no cabeçote, corrente",,,Transversal,Dianteiro,"9,3 kg/cv","60,4 kg/kgfm","110,1 cv/litro",165 cv a 5500 rpm,10:1,6000 rpm,,,"17,0 kgfm/litro","25,5 kgfm a 2000 rpm",,4,Conversor de torque,CVT,,8,Dianteira,1685 mm,1545 mm,1545 mm,4405 mm,2670 mm,1805 mm,1540 kg,473 litros,63 litros,124 mm,Disco ventilado,Disco sólido,,,,,Elétrica,,"10,6 m","Independente, McPherson",Mola helicoidal,"Independente, multibraço",750 km,649 km,"11,9 km/l","10,3 km/l",,,,,560 kg,,,,202 mm,Admissão e escape,,1600 kg,750 kg,"84,8 mm",75 mm,,,,,,,,,,,,,,,,,,,,,,,,,,,,,,,,,,,,,,,
mitsubishi,Eclipse Cross,eclipse-cross,eclipse-cross-hpe-s-1-5-turbo-4x4-2021,eclipse-cross-hpe-s-1-5-turbo-4x4-2021,https://www.fichacompleta.com.br/carros/mitsubishi/eclipse-cross-hpe-s-1-5-turbo-4x4-2021,2026-06-15T19:03:06.991331,Mitsubishi Eclipse Cross HPE-S 1.5 Turbo 4x4 2021,"11,4 s",195 km/h,Corrente,Injeção direta e indireta,Turbocompressor,1499 cm³,4 em linha,4B40,Duplo no cabeçote,"84,8 mm",75 mm,Transversal,Dianteiro,"9,7 kg/cv","62,9 kg/kgfm","110,1 cv/litro",165 cv,10:1,6000 rpm,,,"17,0 kgfm/litro","25,5 kgfm",,4,Conversor de torque,CVT,8,,Integral sob demanda,1685 mm,1545 mm,1545 mm,4405 mm,2670 mm,1805 mm,1605 kg,473 litros,60 litros,124 mm,Disco ventilado,Disco sólido,,,,,Elétrica,"10,6 m",,"Indep., McPherson",Mola helicoidal,"Indep., multibraço",696 km,612 km,"11,6 km/l","10,2 km/l",5500 rpm,2000 rpm,,,495 kg,,,,202 mm,Admissão e escape,,1600 kg,750 kg,,,,,,,,,,,,,,,,,,,,,,,,,,,,,,,,,,,,,,,,,
mitsubishi,Eclipse Cross,eclipse-cross,eclipse-cross-gls-1-5-turbo-2022,eclipse-cross-gls-1-5-turbo-2022,https://www.fichacompleta.com.br/carros/mitsubishi/eclipse-cross-gls-1-5-turbo-2022,2026-06-15T19:03:09.549974,Mitsubishi Eclipse Cross GLS 1.5 Turbo 2022,"11,1 s",195 km/h,,Injeção direta e indireta multiponto,Turbocompressor,1499 cm³,4 em linha,4B40,"Duplo no cabeçote, corrente",,,Transversal,Dianteiro,"9,3 kg/cv","60,2 kg/kgfm","110,1 cv/litro",165 cv a 5500 rpm,10:1,6000 rpm,,,"17,0 kgfm/litro","25,5 kgfm a 2000 rpm",,4,Conversor de torque,CVT,,8,Dianteira,1685 mm,1545 mm,1545 mm,4405 mm,2670 mm,1805 mm,1536 kg,473 litros,63 litros,124 mm,Disco ventilado,Disco sólido,,,,,Elétrica,,"10,6 m","Independente, McPherson",Mola helicoidal,"Independente, multibraço",750 km,649 km,"11,9 km/l","10,3 km/l",,,,,564 kg,,,,211 mm,Admissão e escape,,1600 kg,750 kg,"84,8 mm",75 mm,,,,,,,,,,,,,,,,,,,,,,,,,,,,,,,,,,,,,,,
mitsubishi,Eclipse Cross,eclipse-cross,eclipse-cross-hpe-1-5-turbo-2022,eclipse-cross-hpe-1-5-turbo-2022,https://www.fichacompleta.com.br/carros/mitsubishi/eclipse-cross-hpe-1-5-turbo-2022,2026-06-15T19:03:13.288145,Mitsubishi Eclipse Cross HPE 1.5 Turbo 2022,"11,1 s",195 km/h,Corrente,Injeção direta e indireta,Turbocompressor,1499 cm³,4 em linha,4B40,Duplo no cabeçote,"84,8 mm",75 mm,Transversal,Dianteiro,"9,3 kg/cv","60,2 kg/kgfm","110,1 cv/litro",165 cv,10:1,6000 rpm,,,"17,0 kgfm/litro","25,5 kgfm",,4,Conversor de torque,CVT,8,,Dianteira,1685 mm,1545 mm,1545 mm,4405 mm,2670 mm,1805 mm,1536 kg,473 litros,63 litros,124 mm,Disco ventilado,Disco sólido,,,,,Elétrica,"10,6 m",,"Indep., McPherson",Mola helicoidal,"Indep., multibraço",750 km,649 km,"11,9 km/l","10,3 km/l",5500 rpm,2000 rpm,,,564 kg,,,,211 mm,Admissão e escape,,1600 kg,750 kg,,,,,,,,,,,,,,,,,,,,,,,,,,,,,,,,,,,,,,,,,
mitsubishi,Eclipse Cross,eclipse-cross,eclipse-cross-hpe-s-1-5-turbo-4x2-2022,eclipse-cross-hpe-s-1-5-turbo-4x2-2022,https://www.fichacompleta.com.br/carros/mitsubishi/eclipse-cross-hpe-s-1-5-turbo-4x2-2022,2026-06-15T19:03:17.343623,Mitsubishi Eclipse Cross HPE-S 1.5 Turbo 4x2 2022,"11,1 s",195 km/h,Corrente,Injeção direta e indireta,Turbocompressor,1499 cm³,4 em linha,4B40,Duplo no cabeçote,"84,8 mm",75 mm,Transversal,Dianteiro,"9,3 kg/cv","60,4 kg/kgfm","110,1 cv/litro",165 cv,10:1,6000 rpm,,,"17,0 kgfm/litro","25,5 kgfm",,4,Conversor de torque,CVT,8,,Dianteira,1685 mm,1545 mm,1545 mm,4405 mm,2670 mm,1805 mm,1540 kg,473 litros,63 litros,124 mm,Disco ventilado,Disco sólido,,,,,Elétrica,"10,6 m",,"Indep., McPherson",Mola helicoidal,"Indep., multibraço",750 km,649 km,"11,9 km/l","10,3 km/l",5500 rpm,2000 rpm,,,560 kg,,,,202 mm,Admissão e escape,,1600 kg,750 kg,,,,,,,,,,,,,,,,,,,,,,,,,,,,,,,,,,,,,,,,,
mitsubishi,Eclipse Cross,eclipse-cross,eclipse-cross-hpe-s-1-5-turbo-4x4-2022,eclipse-cross-hpe-s-1-5-turbo-4x4-2022,https://www.fichacompleta.com.br/carros/mitsubishi/eclipse-cross-hpe-s-1-5-turbo-4x4-2022,2026-06-15T19:03:20.409521,Mitsubishi Eclipse Cross HPE-S 1.5 Turbo 4x4 2022,"11,4 s",195 km/h,Corrente,Injeção direta e indireta,Turbocompressor,1499 cm³,4 em linha,4B40,Duplo no cabeçote,"84,8 mm",75 mm,Transversal,Dianteiro,"9,7 kg/cv","62,9 kg/kgfm","110,1 cv/litro",165 cv,10:1,6000 rpm,,,"17,0 kgfm/litro","25,5 kgfm",,4,Conversor de torque,CVT,8,,Integral sob demanda,1685 mm,1545 mm,1545 mm,4405 mm,2670 mm,1805 mm,1605 kg,473 litros,60 litros,124 mm,Disco ventilado,Disco sólido,,,,,Elétrica,"10,6 m",,"Indep., McPherson",Mola helicoidal,"Indep., multibraço",696 km,612 km,"11,6 km/l","10,2 km/l",5500 rpm,2000 rpm,,,495 kg,,,,202 mm,Admissão e escape,,1600 kg,750 kg,,,,,,,,,,,,,,,,,,,,,,,,,,,,,,,,,,,,,,,,,
mitsubishi,Eclipse Cross,eclipse-cross,eclipse-cross-sport-1-5-turbo-4x2-2022,eclipse-cross-sport-1-5-turbo-4x2-2022,https://www.fichacompleta.com.br/carros/mitsubishi/eclipse-cross-sport-1-5-turbo-4x2-2022,2026-06-15T19:03:24.155757,Mitsubishi Eclipse Cross Sport 1.5 Turbo 4x2 2022,"11,1 s",195 km/h,Corrente,Injeção direta e indireta,Turbocompressor,1499 cm³,4 em linha,4B40,Duplo no cabeçote,"84,8 mm",75 mm,Transversal,Dianteiro,"9,3 kg/cv","60,4 kg/kgfm","110,1 cv/litro",,10:1,6000 rpm,5500 rpm,2000 rpm,"17,0 kgfm/litro",,,4,Conversor de torque,CVT,8,,Dianteira,1685 mm,1545 mm,1545 mm,4405 mm,2670 mm,1805 mm,1540 kg,473 litros,63 litros,124 mm,Disco ventilado,Disco sólido,,,,,Elétrica,"10,6 m",,"Indep., McPherson",Mola helicoidal,"Indep., multibraço",750 km,649 km,"11,9 km/l","10,3 km/l",,,165 cv,"25,5 kgfm",560 kg,,,,202 mm,Admissão e escape,,1600 kg,750 kg,,,,,,,,,,,,,,,,,,,,,,,,,,,,,,,,,,,,,,,,,
mitsubishi,Eclipse Cross,eclipse-cross,eclipse-cross-sport-1-5-turbo-4x4-2022,eclipse-cross-sport-1-5-turbo-4x4-2022,https://www.fichacompleta.com.br/carros/mitsubishi/eclipse-cross-sport-1-5-turbo-4x4-2022,2026-06-15T19:03:26.822972,Mitsubishi Eclipse Cross Sport 1.5 Turbo 4x4 2022,"11,4 s",195 km/h,Corrente,Injeção direta e indireta,Turbocompressor,1499 cm³,4 em linha,4B40,Duplo no cabeçote,"84,8 mm",75 mm,Transversal,Dianteiro,"9,7 kg/cv","62,9 kg/kgfm","110,1 cv/litro",165 cv,10:1,6000 rpm,,,"17,0 kgfm/litro","25,5 kgfm",,4,Conversor de torque,CVT,8,,Integral sob demanda,1685 mm,1545 mm,1545 mm,4405 mm,2670 mm,1805 mm,1605 kg,473 litros,60 litros,124 mm,Disco ventilado,Disco sólido,,,,,Elétrica,"10,6 m",,"Indep., McPherson",Mola helicoidal,"Indep., multibraço",696 km,612 km,"11,6 km/l","10,2 km/l",5500 rpm,2000 rpm,,,495 kg,,,,202 mm,Admissão e escape,,1600 kg,750 kg,,,,,,,,,,,,,,,,,,,,,,,,,,,,,,,,,,,,,,,,,
mitsubishi,Eclipse Cross,eclipse-cross,eclipse-cross-gls-1-5-turbo-2023,eclipse-cross-gls-1-5-turbo-2023,https://www.fichacompleta.com.br/carros/mitsubishi/eclipse-cross-gls-1-5-turbo-2023,2026-06-15T19:03:31.097579,Mitsubishi Eclipse Cross GLS 1.5 Turbo 2023,"11,1 s",195 km/h,Corrente,Injeção direta e indireta,Turbocompressor,1499 cm³,4 em linha,4B40,Duplo no cabeçote,"84,8 mm",75 mm,Transversal,Dianteiro,"9,3 kg/cv","60,2 kg/kgfm","110,1 cv/litro",165 cv,10:1,6000 rpm,5500 rpm,1800 rpm,"17,0 kgfm/litro","25,5 kgfm",,4,Conversor de torque,CVT,8,,Dianteira,1685 mm,1545 mm,1545 mm,4545 mm,2670 mm,1805 mm,1536 kg,473 litros,63 litros,124 mm,Disco ventilado,Disco sólido,,,,,Elétrica,"10,6 m",,"Indep., McPherson",Mola helicoidal,"Indep., multibraço",769 km,655 km,"12,2 km/l","10,4 km/l",,,,,564 kg,,,,215 mm,Admissão e escape,,1600 kg,750 kg,,,,,,,,,155/80 R17,,,,,,,,,,,,,,,,,,,,,,,,,,,,,,,,
mitsubishi,Eclipse Cross,eclipse-cross,eclipse-cross-hpe-1-5-turbo-2023,eclipse-cross-hpe-1-5-turbo-2023,https://www.fichacompleta.com.br/carros/mitsubishi/eclipse-cross-hpe-1-5-turbo-2023,2026-06-15T19:03:34.343938,Mitsubishi Eclipse Cross HPE 1.5 Turbo 2023,"11,1 s",195 km/h,Corrente,Injeção direta e indireta,Turbocompressor,1499 cm³,4 em linha,4B40,Duplo no cabeçote,"84,8 mm",75 mm,Transversal,Dianteiro,"9,3 kg/cv","60,2 kg/kgfm","110,1 cv/litro",165 cv,10:1,6000 rpm,5500 rpm,1800 rpm,"17,0 kgfm/litro","25,5 kgfm",,4,Conversor de torque,CVT,8,,Dianteira,1685 mm,1545 mm,1545 mm,4545 mm,2670 mm,1805 mm,1536 kg,473 litros,63 litros,124 mm,Disco ventilado,Disco sólido,,,,,Elétrica,"10,6 m",,"Indep., McPherson",Mola helicoidal,"Indep., multibraço",769 km,655 km,"12,2 km/l","10,4 km/l",,,,,564 kg,,,,215 mm,Admissão e escape,,1600 kg,750 kg,,,,,,,,,155/80 R17,,,,,,,,,,,,,,,,,,,,,,,,,,,,,,,,
mitsubishi,Eclipse Cross,eclipse-cross,eclipse-cross-hpe-s-1-5-turbo-4x2-2023,eclipse-cross-hpe-s-1-5-turbo-4x2-2023,https://www.fichacompleta.com.br/carros/mitsubishi/eclipse-cross-hpe-s-1-5-turbo-4x2-2023,2026-06-15T19:03:38.422943,Mitsubishi Eclipse Cross HPE-S 1.5 Turbo 4x2 2023,"11,1 s",195 km/h,Corrente,Injeção direta e indireta,Turbocompressor,1499 cm³,4 em linha,4B40,Duplo no cabeçote,"84,8 mm",75 mm,Transversal,Dianteiro,"9,3 kg/cv","60,2 kg/kgfm","110,1 cv/litro",165 cv,10:1,6000 rpm,5500 rpm,1800 rpm,"17,0 kgfm/litro","25,5 kgfm",,4,Conversor de torque,CVT,8,,Dianteira,1685 mm,1545 mm,1545 mm,4545 mm,2670 mm,1805 mm,1536 kg,473 litros,63 litros,124 mm,Disco ventilado,Disco sólido,,,,,Elétrica,"10,6 m",,"Indep., McPherson",Mola helicoidal,"Indep., multibraço",769 km,655 km,"12,2 km/l","10,4 km/l",,,,,564 kg,,,,215 mm,Admissão e escape,,1600 kg,750 kg,,,,,,,,,155/80 R17,,,,,,,,,,,,,,,,,,,,,,,,,,,,,,,,
mitsubishi,Eclipse Cross,eclipse-cross,eclipse-cross-hpe-s-1-5-turbo-4x4-2023,eclipse-cross-hpe-s-1-5-turbo-4x4-2023,https://www.fichacompleta.com.br/carros/mitsubishi/eclipse-cross-hpe-s-1-5-turbo-4x4-2023,2026-06-15T19:03:41.643425,Mitsubishi Eclipse Cross HPE-S 1.5 Turbo 4x4 2023,"11,4 s",195 km/h,Corrente,Injeção direta e indireta,Turbocompressor,1499 cm³,4 em linha,4B40,Duplo no cabeçote,"84,8 mm",75 mm,Transversal,Dianteiro,"9,7 kg/cv","62,9 kg/kgfm","110,1 cv/litro",165 cv,10:1,6000 rpm,5500 rpm,1800 rpm,"17,0 kgfm/litro","25,5 kgfm",,4,Conversor de torque,CVT,8,,Integral sob demanda,1685 mm,1545 mm,1545 mm,4545 mm,2670 mm,1805 mm,1603 kg,473 litros,60 litros,124 mm,Disco ventilado,Disco sólido,,,,,Elétrica,"10,6 m",,"Indep., McPherson",Mola helicoidal,"Indep., multibraço",672 km,546 km,"11,2 km/l","9,1 km/l",,,,,497 kg,,,,215 mm,Admissão e escape,,1600 kg,750 kg,,,,,,,,,155/80 R17,,,,,,,,,,,,,,,,,,,,,,,,,,,,,,,,
mitsubishi,Eclipse Cross,eclipse-cross,eclipse-cross-sport-1-5-turbo-4x4-2023,eclipse-cross-sport-1-5-turbo-4x4-2023,https://www.fichacompleta.com.br/carros/mitsubishi/eclipse-cross-sport-1-5-turbo-4x4-2023,2026-06-15T19:03:46.255146,Mitsubishi Eclipse Cross Sport 1.5 Turbo 4x4 2023,"11,4 s",195 km/h,Corrente,Injeção direta e indireta,Turbocompressor,,4 em linha,4B40,Duplo no cabeçote,"84,8 mm",75 mm,Transversal,Dianteiro,"9,73 kg/cv","62,9 kg/kgfm","110,1 cv/litro",165 cv,10:1,6000 rpm,,,"17,0 kgfm/litro","25,5 kgfm",,4,Conversor de torque,CVT,8,,Integral sob demanda,1685 mm,1545 mm,1545 mm,4405 mm,2670 mm,1805 mm,1605 kg,473 litros,60 litros,124 mm,Disco ventilado,Disco sólido,,,,,Elétrica,"10,6 m",,"Indep., McPherson",Mola helicoidal,"Indep., multibraço",672 km,546 km,"11,2 km/l","9,1 km/l",5500 rpm,2000 rpm,,,495 kg,,,,202 mm,Admissão e escape,,1600 kg,750 kg,,,,,,,375 cm³,1499 cm³,,,,,,,,,,,,,,,,,,,,,,,,,,,,,,,,,
mitsubishi,Eclipse Cross,eclipse-cross,eclipse-cross-gls-1-5-2024,eclipse-cross-gls-1-5-2024,https://www.fichacompleta.com.br/carros/mitsubishi/eclipse-cross-gls-1-5-2024,2026-06-15T19:03:49.812700,Mitsubishi Eclipse Cross GLS 1.5 2024,"11,1 s",195 km/h,Corrente,Injeção direta e indireta,Turbocompressor,,4 em linha,4B40,Duplo no cabeçote,"84,8 mm",75 mm,Transversal,Dianteiro,"9,31 kg/cv","60,2 kg/kgfm","110,1 cv/litro",165 cv,10:1,6000 rpm,,,"17,0 kgfm/litro","25,5 kgfm",,4,Conversor de torque,CVT,8,,Dianteira,1685 mm,1545 mm,1545 mm,4545 mm,2670 mm,1805 mm,1536 kg,473 litros,63 litros,124 mm,Disco ventilado,Disco sólido,,,,,Elétrica,"10,6 m",,"Indep., McPherson",Mola helicoidal,"Indep., multibraço",750 km,687 km,"11,9 km/l","10,9 km/l",5500 rpm,1800 rpm,,,564 kg,,,,215 mm,Admissão e escape,,1600 kg,750 kg,,,,,,,375 cm³,1499 cm³,155/80 R17,,,,,,,,,,,,,,,,,,,,,,,,,,,,,,,,
mitsubishi,Eclipse Cross,eclipse-cross,eclipse-cross-hpe-1-5-2024,eclipse-cross-hpe-1-5-2024,https://www.fichacompleta.com.br/carros/mitsubishi/eclipse-cross-hpe-1-5-2024,2026-06-15T19:03:52.914546,Mitsubishi Eclipse Cross HPE 1.5 2024,"11,1 s",195 km/h,Corrente,Injeção direta e indireta,Turbocompressor,,4 em linha,4B40,Duplo no cabeçote,"84,8 mm",75 mm,Transversal,Dianteiro,"9,31 kg/cv","60,2 kg/kgfm","110,1 cv/litro",165 cv,10:1,6000 rpm,,,"17,0 kgfm/litro","25,5 kgfm",,4,Conversor de torque,CVT,8,,Dianteira,1685 mm,1545 mm,1545 mm,4545 mm,2670 mm,1805 mm,1536 kg,473 litros,63 litros,124 mm,Disco ventilado,Disco sólido,,,,,Elétrica,"10,6 m",,"Indep., McPherson",Mola helicoidal,"Indep., multibraço",750 km,687 km,"11,9 km/l","10,9 km/l",5500 rpm,1800 rpm,,,564 kg,,,,215 mm,Admissão e escape,,1600 kg,750 kg,,,,,,,375 cm³,1499 cm³,155/80 R17,,,,,,,,,,,,,,,,,,,,,,,,,,,,,,,,
mitsubishi,Eclipse Cross,eclipse-cross,eclipse-cross-hpe-s-1-5-4x2-2024,eclipse-cross-hpe-s-1-5-4x2-2024,https://www.fichacompleta.com.br/carros/mitsubishi/eclipse-cross-hpe-s-1-5-4x2-2024,2026-06-15T19:03:55.741511,Mitsubishi Eclipse Cross HPE-S 1.5 4x2 2024,"11,1 s",195 km/h,Corrente,Injeção direta e indireta,Turbocompressor,,4 em linha,4B40,Duplo no cabeçote,"84,8 mm",75 mm,Transversal,Dianteiro,"9,31 kg/cv","60,2 kg/kgfm","110,1 cv/litro",165 cv,10:1,6000 rpm,,,"17,0 kgfm/litro","25,5 kgfm",,4,Conversor de torque,CVT,8,,Dianteira,1685 mm,1545 mm,1545 mm,4545 mm,2670 mm,1805 mm,1536 kg,473 litros,63 litros,124 mm,Disco ventilado,Disco sólido,,,,,Elétrica,"10,6 m",,"Indep., McPherson",Mola helicoidal,"Indep., multibraço",750 km,687 km,"11,9 km/l","10,9 km/l",5500 rpm,1800 rpm,,,564 kg,,,,215 mm,Admissão e escape,,1600 kg,750 kg,,,,,,,375 cm³,1499 cm³,155/80 R17,,,,,,,,,,,,,,,,,,,,,,,,,,,,,,,,
mitsubishi,Eclipse Cross,eclipse-cross,eclipse-cross-hpe-s-1-5-4x4-2024,eclipse-cross-hpe-s-1-5-4x4-2024,https://www.fichacompleta.com.br/carros/mitsubishi/eclipse-cross-hpe-s-1-5-4x4-2024,2026-06-15T19:04:00.484675,Mitsubishi Eclipse Cross HPE-S 1.5 4x4 2024,"11,4 s",195 km/h,Corrente,Injeção direta e indireta,Turbocompressor,,4 em linha,4B40,Duplo no cabeçote,"84,8 mm",75 mm,Transversal,Dianteiro,"9,72 kg/cv","62,9 kg/kgfm","110,1 cv/litro",165 cv,10:1,6000 rpm,,,"17,0 kgfm/litro","25,5 kgfm",,4,Conversor de torque,CVT,8,,Integral sob demanda,1685 mm,1545 mm,1545 mm,4545 mm,2670 mm,1805 mm,1603 kg,473 litros,60 litros,124 mm,Disco ventilado,Disco sólido,,,,,Elétrica,"10,6 m",,"Indep., McPherson",Mola helicoidal,"Indep., multibraço",672 km,546 km,"11,2 km/l","9,1 km/l",5500 rpm,1800 rpm,,,497 kg,,,,215 mm,Admissão e escape,,1600 kg,750 kg,,,,,,,375 cm³,1499 cm³,155/80 R17,,,,,,,,,,,,,,,,,,,,,,,,,,,,,,,,
mitsubishi,Eclipse Cross,eclipse-cross,eclipse-cross-sport-1-5-4x2-2024,eclipse-cross-sport-1-5-4x2-2024,https://www.fichacompleta.com.br/carros/mitsubishi/eclipse-cross-sport-1-5-4x2-2024,2026-06-15T19:04:03.568273,Mitsubishi Eclipse Cross Sport 1.5 4x2 2024,"11,1 s",195 km/h,Corrente,Injeção direta e indireta,Turbocompressor,,4 em linha,4B40,Duplo no cabeçote,"84,8 mm",75 mm,Transversal,Dianteiro,"9,31 kg/cv","60,2 kg/kgfm","110,1 cv/litro",165 cv,10:1,6000 rpm,,,"17,0 kgfm/litro","25,5 kgfm",,4,Conversor de torque,CVT,8,,Dianteira,1685 mm,1545 mm,1545 mm,4545 mm,2670 mm,1805 mm,1536 kg,473 litros,63 litros,124 mm,Disco ventilado,Disco sólido,,,,,Elétrica,"10,6 m",,"Indep., McPherson",Mola helicoidal,"Indep., multibraço",750 km,687 km,"11,9 km/l","10,9 km/l",5500 rpm,1800 rpm,,,564 kg,,,,215 mm,Admissão e escape,,1600 kg,750 kg,,,,,,,375 cm³,1499 cm³,155/80 R17,,,,,,,,,,,,,,,,,,,,,,,,,,,,,,,,
mitsubishi,Eclipse Cross,eclipse-cross,eclipse-cross-sport-1-5-4x4-2024,eclipse-cross-sport-1-5-4x4-2024,https://www.fichacompleta.com.br/carros/mitsubishi/eclipse-cross-sport-1-5-4x4-2024,2026-06-15T19:04:08.053382,Mitsubishi Eclipse Cross Sport 1.5 4x4 2024,"11,4 s",195 km/h,Corrente,Injeção direta e indireta,Turbocompressor,,4 em linha,4B40,Duplo no cabeçote,"84,8 mm",75 mm,Transversal,Dianteiro,"9,72 kg/cv","62,9 kg/kgfm","110,1 cv/litro",165 cv,10:1,6000 rpm,,,"17,0 kgfm/litro","25,5 kgfm",,4,Conversor de torque,CVT,8,,Integral sob demanda,1685 mm,1545 mm,1545 mm,4545 mm,2670 mm,1805 mm,1603 kg,473 litros,60 litros,124 mm,Disco ventilado,Disco sólido,,,,,Elétrica,"10,6 m",,"Indep., McPherson",Mola helicoidal,"Indep., multibraço",672 km,546 km,"11,2 km/l","9,1 km/l",5500 rpm,1800 rpm,,,497 kg,,,,215 mm,Admissão e escape,,1600 kg,750 kg,,,,,,,375 cm³,1499 cm³,155/80 R17,,,,,,,,,,,,,,,,,,,,,,,,,,,,,,,,
mitsubishi,Eclipse Cross,eclipse-cross,eclipse-cross-hpe-1-5-2025,eclipse-cross-hpe-1-5-2025,https://www.fichacompleta.com.br/carros/mitsubishi/eclipse-cross-hpe-1-5-2025,2026-06-15T19:04:10.951026,Mitsubishi Eclipse Cross HPE 1.5 2025,"11,1 s",195 km/h,Corrente,Injeção direta e indireta,Turbocompressor,,4 em linha,4B40,Duplo no cabeçote,"84,8 mm",75 mm,Transversal,Dianteiro,"9,52 kg/cv","61,6 kg/kgfm","110,1 cv/litro",165 cv,10:1,6000 rpm,,,"17,0 kgfm/litro","25,5 kgfm",,4,Conversor de torque,CVT,8,,Dianteira,1685 mm,1545 mm,1545 mm,4545 mm,2670 mm,1805 mm,1570 kg,473 litros,63 litros,124 mm,Disco ventilado,Disco sólido,,,,,Elétrica,"10,6 m",,"Indep., McPherson",Mola helicoidal,"Indep., multibraço",750 km,687 km,"11,9 km/l","10,9 km/l",5500 rpm,1800 rpm,,,530 kg,,,,215 mm,Admissão e escape,,1600 kg,750 kg,,,,,,,375 cm³,1499 cm³,155/80 R17,,,,,,,,,,,,,,,,,,,,,,,,,,,,,,,,
mitsubishi,Eclipse Cross,eclipse-cross,eclipse-cross-hpe-s-1-5-4x2-2025,eclipse-cross-hpe-s-1-5-4x2-2025,https://www.fichacompleta.com.br/carros/mitsubishi/eclipse-cross-hpe-s-1-5-4x2-2025,2026-06-15T19:04:15.729541,Mitsubishi Eclipse Cross HPE-S 1.5 4x2 2025,"11,1 s",195 km/h,Corrente,Injeção direta e indireta,Turbocompressor,,4 em linha,4B40,Duplo no cabeçote,"84,8 mm",75 mm,Transversal,Dianteiro,"9,52 kg/cv","61,6 kg/kgfm","110,1 cv/litro",165 cv,10:1,6000 rpm,,,"17,0 kgfm/litro","25,5 kgfm",,4,Conversor de torque,CVT,8,,Dianteira,1685 mm,1545 mm,1545 mm,4545 mm,2670 mm,1805 mm,1570 kg,473 litros,63 litros,124 mm,Disco ventilado,Disco sólido,,,,,Elétrica,"10,6 m",,"Indep., McPherson",Mola helicoidal,"Indep., multibraço",750 km,687 km,"11,9 km/l","10,9 km/l",5500 rpm,1800 rpm,,,530 kg,,,,215 mm,Admissão e escape,,1600 kg,750 kg,,,,,,,375 cm³,1499 cm³,155/80 R17,,,,,,,,,,,,,,,,,,,,,,,,,,,,,,,,
mitsubishi,Eclipse Cross,eclipse-cross,eclipse-cross-hpe-s-1-5-4x4-2025,eclipse-cross-hpe-s-1-5-4x4-2025,https://www.fichacompleta.com.br/carros/mitsubishi/eclipse-cross-hpe-s-1-5-4x4-2025,2026-06-15T19:04:18.838446,Mitsubishi Eclipse Cross HPE-S 1.5 4x4 2025,"11,4 s",195 km/h,Corrente,Injeção direta e indireta,Turbocompressor,,4 em linha,4B40,Duplo no cabeçote,"84,8 mm",75 mm,Transversal,Dianteiro,"9,72 kg/cv","62,9 kg/kgfm","110,1 cv/litro",165 cv,10:1,6000 rpm,,,"17,0 kgfm/litro","25,5 kgfm",,4,Conversor de torque,CVT,8,,Integral sob demanda,1685 mm,1545 mm,1545 mm,4545 mm,2670 mm,1805 mm,1603 kg,473 litros,60 litros,124 mm,Disco ventilado,Disco sólido,,,,,Elétrica,"10,6 m",,"Indep., McPherson",Mola helicoidal,"Indep., multibraço",672 km,546 km,"11,2 km/l","9,1 km/l",5500 rpm,1800 rpm,,,497 kg,,,,215 mm,Admissão e escape,,1600 kg,750 kg,,,,,,,375 cm³,1499 cm³,155/80 R17,,,,,,,,,,,,,,,,,,,,,,,,,,,,,,,,
mitsubishi,Eclipse Cross,eclipse-cross,eclipse-cross-motorsports-1-5-4x4-2025,eclipse-cross-motorsports-1-5-4x4-2025,https://www.fichacompleta.com.br/carros/mitsubishi/eclipse-cross-motorsports-1-5-4x4-2025,2026-06-15T19:04:22.550602,Mitsubishi Eclipse Cross Motorsports 1.5 4x4 2025,"11,4 s",195 km/h,Corrente,Injeção direta e indireta,Turbocompressor,,4 em linha,4B40,Duplo no cabeçote,"84,8 mm",75 mm,Transversal,Dianteiro,"9,72 kg/cv","62,9 kg/kgfm","110,1 cv/litro",165 cv,10:1,6000 rpm,,,"17,0 kgfm/litro","25,5 kgfm",,4,Conversor de torque,CVT,8,,Integral sob demanda,1685 mm,1545 mm,1545 mm,4545 mm,2670 mm,1805 mm,1603 kg,473 litros,60 litros,124 mm,Disco ventilado,Disco sólido,,,,,Elétrica,"10,6 m",,"Indep., McPherson",Mola helicoidal,"Indep., multibraço",672 km,546 km,"11,2 km/l","9,1 km/l",5500 rpm,1800 rpm,,,497 kg,,,,215 mm,Admissão e escape,,1600 kg,750 kg,,,,,,,375 cm³,1499 cm³,155/80 R17,,,,,,,,,,,,,,,,,,,,,,,,,,,,,,,,
mitsubishi,Eclipse Cross,eclipse-cross,eclipse-cross-rush-1-5-2025,eclipse-cross-rush-1-5-2025,https://www.fichacompleta.com.br/carros/mitsubishi/eclipse-cross-rush-1-5-2025,2026-06-15T19:04:26.736622,Mitsubishi Eclipse Cross Rush 1.5 2025,"11,1 s",195 km/h,Corrente,Injeção direta e indireta,Turbocompressor,,4 em linha,4B40,Duplo no cabeçote,"84,8 mm",75 mm,Transversal,Dianteiro,"9,52 kg/cv","61,6 kg/kgfm","110,1 cv/litro",165 cv,10:1,6000 rpm,,,"17,0 kgfm/litro","25,5 kgfm",,4,Conversor de torque,CVT,8,,Dianteira,1685 mm,1545 mm,1545 mm,4545 mm,2670 mm,1805 mm,1570 kg,473 litros,63 litros,124 mm,Disco ventilado,Disco sólido,,,,,Elétrica,"10,6 m",,"Indep., McPherson",Mola helicoidal,"Indep., multibraço",750 km,687 km,"11,9 km/l","10,9 km/l",5500 rpm,1800 rpm,,,530 kg,,,,215 mm,Admissão e escape,,1600 kg,750 kg,,,,,,,375 cm³,1499 cm³,155/80 R17,,,,,,,,,,,,,,,,,,,,,,,,,,,,,,,,
mitsubishi,Eclipse Cross,eclipse-cross,eclipse-cross-sport-1-5-4x2-2025,eclipse-cross-sport-1-5-4x2-2025,https://www.fichacompleta.com.br/carros/mitsubishi/eclipse-cross-sport-1-5-4x2-2025,2026-06-15T19:04:29.220069,Mitsubishi Eclipse Cross Sport 1.5 4x2 2025,"11,1 s",195 km/h,Corrente,Injeção direta e indireta,Turbocompressor,,4 em linha,4B40,Duplo no cabeçote,"84,8 mm",75 mm,Transversal,Dianteiro,"9,52 kg/cv","61,6 kg/kgfm","110,1 cv/litro",165 cv,10:1,6000 rpm,,,"17,0 kgfm/litro","25,5 kgfm",,4,Conversor de torque,CVT,8,,Dianteira,1685 mm,1545 mm,1545 mm,4545 mm,2670 mm,1805 mm,1570 kg,473 litros,63 litros,124 mm,Disco ventilado,Disco sólido,,,,,Elétrica,"10,6 m",,"Indep., McPherson",Mola helicoidal,"Indep., multibraço",750 km,687 km,"11,9 km/l","10,9 km/l",5500 rpm,1800 rpm,,,530 kg,,,,215 mm,Admissão e escape,,1600 kg,750 kg,,,,,,,375 cm³,1499 cm³,155/80 R17,,,,,,,,,,,,,,,,,,,,,,,,,,,,,,,,
mitsubishi,Eclipse Cross,eclipse-cross,eclipse-cross-sport-1-5-4x4-2025,eclipse-cross-sport-1-5-4x4-2025,https://www.fichacompleta.com.br/carros/mitsubishi/eclipse-cross-sport-1-5-4x4-2025,2026-06-15T19:04:31.941809,Mitsubishi Eclipse Cross Sport 1.5 4x4 2025,"11,4 s",195 km/h,Corrente,Injeção direta e indireta,Turbocompressor,,4 em linha,4B40,Duplo no cabeçote,"84,8 mm",75 mm,Transversal,Dianteiro,"9,72 kg/cv","62,9 kg/kgfm","110,1 cv/litro",165 cv,10:1,6000 rpm,,,"17,0 kgfm/litro","25,5 kgfm",,4,Conversor de torque,CVT,8,,Integral sob demanda,1685 mm,1545 mm,1545 mm,4545 mm,2670 mm,1805 mm,1603 kg,473 litros,60 litros,124 mm,Disco ventilado,Disco sólido,,,,,Elétrica,"10,6 m",,"Indep., McPherson",Mola helicoidal,"Indep., multibraço",672 km,546 km,"11,2 km/l","9,1 km/l",5500 rpm,1800 rpm,,,497 kg,,,,215 mm,Admissão e escape,,1600 kg,750 kg,,,,,,,375 cm³,1499 cm³,155/80 R17,,,,,,,,,,,,,,,,,,,,,,,,,,,,,,,,
mitsubishi,Eclipse Cross,eclipse-cross,eclipse-cross-hpe-1-5-2026,eclipse-cross-hpe-1-5-2026,https://www.fichacompleta.com.br/carros/mitsubishi/eclipse-cross-hpe-1-5-2026,2026-06-15T19:04:36.484011,Mitsubishi Eclipse Cross HPE 1.5 2026,"11,1 s",195 km/h,Corrente,Injeção direta e indireta,Turbocompressor,,4 em linha,4B40,Duplo no cabeçote,"84,8 mm",75 mm,Transversal,Dianteiro,"9,52 kg/cv","61,6 kg/kgfm","110,1 cv/litro",165 cv,10:1,6000 rpm,,,"17,0 kgfm/litro","25,5 kgfm",,4,Conversor de torque,CVT,8,,Dianteira,1685 mm,1545 mm,1545 mm,4545 mm,2670 mm,1805 mm,1570 kg,473 litros,63 litros,124 mm,Disco ventilado,Disco sólido,,,,,Elétrica,"10,6 m",,"Indep., McPherson",Mola helicoidal,"Indep., multibraço",712 km,649 km,"11,3 km/l","10,3 km/l",5500 rpm,1800 rpm,,,530 kg,,,,215 mm,Admissão e escape,,1600 kg,750 kg,,,,,,,375 cm³,1499 cm³,155/80 R17,,,,,,,,,,,,,,,,,,,,,,,,,,,,,,,,
mitsubishi,Eclipse Cross,eclipse-cross,eclipse-cross-hpe-black-1-5-2026,eclipse-cross-hpe-black-1-5-2026,https://www.fichacompleta.com.br/carros/mitsubishi/eclipse-cross-hpe-black-1-5-2026,2026-06-15T19:04:39.500154,Mitsubishi Eclipse Cross HPE Black 1.5 2026,"11,1 s",195 km/h,Corrente,Injeção direta e indireta,Turbocompressor,,4 em linha,4B40,Duplo no cabeçote,"84,8 mm",75 mm,Transversal,Dianteiro,"9,52 kg/cv","61,6 kg/kgfm","110,1 cv/litro",165 cv,10:1,6000 rpm,,,"17,0 kgfm/litro","25,5 kgfm",,4,Conversor de torque,CVT,8,,Dianteira,1685 mm,1545 mm,1545 mm,4545 mm,2670 mm,1805 mm,1570 kg,473 litros,63 litros,124 mm,Disco ventilado,Disco sólido,,,,,Elétrica,"10,6 m",,"Indep., McPherson",Mola helicoidal,"Indep., multibraço",712 km,649 km,"11,3 km/l","10,3 km/l",5500 rpm,1800 rpm,,,530 kg,,,,215 mm,Admissão e escape,,1600 kg,750 kg,,,,,,,375 cm³,1499 cm³,155/80 R17,,,,,,,,,,,,,,,,,,,,,,,,,,,,,,,,
mitsubishi,Eclipse Cross,eclipse-cross,eclipse-cross-hpe-s-1-5-4x2-2026,eclipse-cross-hpe-s-1-5-4x2-2026,https://www.fichacompleta.com.br/carros/mitsubishi/eclipse-cross-hpe-s-1-5-4x2-2026,2026-06-15T19:04:43.392629,Mitsubishi Eclipse Cross HPE-S 1.5 4x2 2026,"11,1 s",195 km/h,Corrente,Injeção direta e indireta,Turbocompressor,,4 em linha,4B40,Duplo no cabeçote,"84,8 mm",75 mm,Transversal,Dianteiro,"9,52 kg/cv","61,6 kg/kgfm","110,1 cv/litro",165 cv,10:1,6000 rpm,,,"17,0 kgfm/litro","25,5 kgfm",,4,Conversor de torque,CVT,8,,Dianteira,1685 mm,1545 mm,1545 mm,4545 mm,2670 mm,1805 mm,1570 kg,473 litros,63 litros,124 mm,Disco ventilado,Disco sólido,,,,,Elétrica,"10,6 m",,"Indep., McPherson",Mola helicoidal,"Indep., multibraço",712 km,649 km,"11,3 km/l","10,3 km/l",5500 rpm,1800 rpm,,,530 kg,,,,215 mm,Admissão e escape,,1600 kg,750 kg,,,,,,,375 cm³,1499 cm³,155/80 R17,,,,,,,,,,,,,,,,,,,,,,,,,,,,,,,,
mitsubishi,Eclipse Cross,eclipse-cross,eclipse-cross-hpe-s-1-5-4x4-2026,eclipse-cross-hpe-s-1-5-4x4-2026,https://www.fichacompleta.com.br/carros/mitsubishi/eclipse-cross-hpe-s-1-5-4x4-2026,2026-06-15T19:04:46.228086,Mitsubishi Eclipse Cross HPE-S 1.5 4x4 2026,"11,4 s",195 km/h,Corrente,Injeção direta e indireta,Turbocompressor,,4 em linha,4B40,Duplo no cabeçote,"84,8 mm",75 mm,Transversal,Dianteiro,"9,72 kg/cv","62,9 kg/kgfm","110,1 cv/litro",165 cv,10:1,6000 rpm,,,"17,0 kgfm/litro","25,5 kgfm",,4,Conversor de torque,CVT,8,,Integral sob demanda,1685 mm,1545 mm,1545 mm,4545 mm,2670 mm,1805 mm,1603 kg,473 litros,60 litros,124 mm,Disco ventilado,Disco sólido,,,,,Elétrica,"10,6 m",,"Indep., McPherson",Mola helicoidal,"Indep., multibraço",690 km,612 km,"11,5 km/l","10,2 km/l",5500 rpm,1800 rpm,,,497 kg,,,,215 mm,Admissão e escape,,1600 kg,750 kg,,,,,,,375 cm³,1499 cm³,155/80 R17,,,,,,,,,,,,,,,,,,,,,,,,,,,,,,,,
mitsubishi,Eclipse Cross,eclipse-cross,eclipse-cross-hpe-s-black-1-5-4x4-2026,eclipse-cross-hpe-s-black-1-5-4x4-2026,https://www.fichacompleta.com.br/carros/mitsubishi/eclipse-cross-hpe-s-black-1-5-4x4-2026,2026-06-15T19:04:49.882753,Mitsubishi Eclipse Cross HPE-S Black 1.5 4x4 2026,"11,4 s",195 km/h,Corrente,Injeção direta e indireta,Turbocompressor,,4 em linha,4B40,Duplo no cabeçote,"84,8 mm",75 mm,Transversal,Dianteiro,"9,72 kg/cv","62,9 kg/kgfm","110,1 cv/litro",165 cv,10:1,6000 rpm,,,"17,0 kgfm/litro","25,5 kgfm",,4,Conversor de torque,CVT,8,,Integral sob demanda,1685 mm,1545 mm,1545 mm,4545 mm,2670 mm,1805 mm,1603 kg,473 litros,60 litros,124 mm,Disco ventilado,Disco sólido,,,,,Elétrica,"10,6 m",,"Indep., McPherson",Mola helicoidal,"Indep., multibraço",690 km,612 km,"11,5 km/l","10,2 km/l",5500 rpm,1800 rpm,,,497 kg,,,,215 mm,Admissão e escape,,1600 kg,750 kg,,,,,,,375 cm³,1499 cm³,155/80 R17,,,,,,,,,,,,,,,,,,,,,,,,,,,,,,,,
mitsubishi,Eclipse Cross,eclipse-cross,eclipse-cross-rush-1-5-2026,eclipse-cross-rush-1-5-2026,https://www.fichacompleta.com.br/carros/mitsubishi/eclipse-cross-rush-1-5-2026,2026-06-15T19:04:53.589382,Mitsubishi Eclipse Cross Rush 1.5 2026,"11,1 s",195 km/h,Corrente,Injeção direta e indireta,Turbocompressor,,4 em linha,4B40,Duplo no cabeçote,"84,8 mm",75 mm,Transversal,Dianteiro,"9,52 kg/cv","61,6 kg/kgfm","110,1 cv/litro",165 cv,10:1,6000 rpm,,,"17,0 kgfm/litro","25,5 kgfm",,4,Conversor de torque,CVT,8,,Dianteira,1685 mm,1545 mm,1545 mm,4545 mm,2670 mm,1805 mm,1570 kg,473 litros,63 litros,124 mm,Disco ventilado,Disco sólido,,,,,Elétrica,"10,6 m",,"Indep., McPherson",Mola helicoidal,"Indep., multibraço",712 km,649 km,"11,3 km/l","10,3 km/l",5500 rpm,1800 rpm,,,530 kg,,,,215 mm,Admissão e escape,,1600 kg,750 kg,,,,,,,375 cm³,1499 cm³,155/80 R17,,,,,,,,,,,,,,,,,,,,,,,,,,,,,,,,
mitsubishi,Eclipse Cross,eclipse-cross,eclipse-cross-tarmac-1-5-2026,eclipse-cross-tarmac-1-5-2026,https://www.fichacompleta.com.br/carros/mitsubishi/eclipse-cross-tarmac-1-5-2026,2026-06-15T19:04:57.725456,Mitsubishi Eclipse Cross Tarmac 1.5 2026,"11,1 s",195 km/h,Corrente,Injeção direta e indireta,Turbocompressor,,4 em linha,4B40,Duplo no cabeçote,"84,8 mm",75 mm,Transversal,Dianteiro,"9,52 kg/cv","61,6 kg/kgfm","110,1 cv/litro",165 cv,10:1,6000 rpm,,,"17,0 kgfm/litro","25,5 kgfm",,4,Conversor de torque,CVT,8,,Dianteira,1685 mm,1545 mm,1545 mm,4545 mm,2670 mm,1805 mm,1570 kg,473 litros,63 litros,124 mm,Disco ventilado,Disco sólido,,,,,Elétrica,"10,6 m",,"Indep., McPherson",Mola helicoidal,"Indep., multibraço",712 km,649 km,"11,3 km/l","10,3 km/l",5500 rpm,1800 rpm,,,530 kg,,,,215 mm,Admissão e escape,,1600 kg,750 kg,,,,,,,375 cm³,1499 cm³,155/80 R17,,,,,,,,,,,,,,,,,,,,,,,,,,,,,,,,
mitsubishi,Expo,expo,expo-sp-2-4-1992,expo-sp-2-4-1992,https://www.fichacompleta.com.br/carros/mitsubishi/expo-sp-2-4-1992,2026-06-15T19:05:39.412126,Mitsubishi Expo SP 2.4 1992,13 s,170 km/h,,Injeção multiponto,Natural,2351 cm³,4 em linha,4G64,Único no cabeçote,100 mm,"86,5 mm",Transversal,Dianteiro,"10,1 kg/cv","69,5 kg/kgfm","58,7 cv/litro",138 cv,10:1,,,,"8,5 kgfm/litro",20 kgfm,,4,Conversor de torque,Automático,4,,Dianteira,1615 mm,1460 mm,1460 mm,4515 mm,2720 mm,1695 mm,1390 kg,,60 litros,130 mm,Disco ventilado,Tambor,"2,33 m²","0,816 m²","0,35",,Hidráulica,"11,9 m",,"Indep., McPherson",Mola helicoidal,"Indep., braços sobrepostos",540 km,360 km,9 km/l,6 km/l,5500 rpm,4250 rpm,,,,,,,120 mm,,,1600 kg,550 kg,,,,,,,,,185/70 R14,,,,,450 litros,212 litros,,,,,,,,,,,,,,,,,,,,,,,,,,
mitsubishi,Expo,expo,expo-lrv-sport-2-4-1993,expo-lrv-sport-2-4-1993,https://www.fichacompleta.com.br/carros/mitsubishi/expo-lrv-sport-2-4-1993,2026-06-15T19:05:43.562732,Mitsubishi Expo LRV Sport 2.4 1993,13 s,170 km/h,,Injeção multiponto,Natural,2351 cm³,4 em linha,4G64,Único no cabeçote,100 mm,"86,5 mm",Transversal,Dianteiro,"10,1 kg/cv","69,5 kg/kgfm","58,7 cv/litro",138 cv,10:1,,5500 rpm,4250 rpm,"8,5 kgfm/litro",20 kgfm,,4,Conversor de torque,Automático,4,,Dianteira,1615 mm,1460 mm,1460 mm,4515 mm,2720 mm,1695 mm,1390 kg,,60 litros,130 mm,Disco ventilado,Tambor,"2,33 m²","0,816 m²","0,35",,Hidráulica,"11,9 m",,"Indep., McPherson",Mola helicoidal,"Indep., braços sobrepostos",540 km,360 km,9 km/l,6 km/l,,,,,,,,,120 mm,,,1600 kg,550 kg,,,,,,,,,185/70 R14,,,,,450 litros,212 litros,,,,,,,,,,,,,,,,,,,,,,,,,,
mitsubishi,Expo,expo,expo-sp-2-4-1994,expo-sp-2-4-1994,https://www.fichacompleta.com.br/carros/mitsubishi/expo-sp-2-4-1994,2026-06-15T19:05:46.706067,Mitsubishi Expo SP 2.4 1994,13 s,170 km/h,,Injeção multiponto,Natural,2351 cm³,4 em linha,4G64,Único no cabeçote,100 mm,"86,5 mm",Transversal,Dianteiro,"10,1 kg/cv","69,5 kg/kgfm","58,7 cv/litro",138 cv,10:1,,,,"8,5 kgfm/litro",20 kgfm,,4,Conversor de torque,Automático,4,,Dianteira,1615 mm,1460 mm,1460 mm,4515 mm,2720 mm,1695 mm,1390 kg,,60 litros,130 mm,Disco ventilado,Tambor,"2,33 m²","0,816 m²","0,35",,Hidráulica,"11,9 m",,"Indep., McPherson",Mola helicoidal,"Indep., braços sobrepostos",540 km,360 km,9 km/l,6 km/l,5500 rpm,4250 rpm,,,,,,,120 mm,,,1600 kg,550 kg,,,,,,,,,185/70 R14,,,,,450 litros,212 litros,,,,,,,,,,,,,,,,,,,,,,,,,,
mitsubishi,Galant,galant,galant-es-2-4-1994,galant-es-2-4-1994,https://www.fichacompleta.com.br/carros/mitsubishi/galant-es-2-4-1994,2026-06-15T19:06:06.482897,Mitsubishi Galant ES 2.4 1994,10 s,211 km/h,,Injeção multiponto,Natural,2351 cm³,4 em linha,4G64,Único no cabeçote,100 mm,"86,5 mm",Transversal,Dianteiro,"9,1 kg/cv","63,4 kg/kgfm","60,8 cv/litro",143 cv a 5500 rpm,"9,5:1",,,,"8,7 kgfm/litro","20,5 kgfm a 3000 rpm",,4,Conversor de torque,Automático,,4,Dianteira,1395 mm,1510 mm,1505 mm,4750 mm,2635 mm,1730 mm,1300 kg,450 litros,64 litros,130 mm,Disco ventilado,Tambor,"2,05 m²","0,595 m²",,"0,29",Hidráulica,,"10,6 m","Independente, McPherson",Mola helicoidal,"Independente, multibraço",627 km,461 km,"9,8 km/l","7,2 km/l",,,,,,,,,,,,,,,,,,,,,,,,,,,,,,,,,,,,,,,,,,,,,,,,,,,,,,
mitsubishi,Galant,galant,galant-gs-2-0-v6-1994-gasolina,galant-gs-2-0-v6-1994-gasolina,https://www.fichacompleta.com.br/carros/mitsubishi/galant-gs-2-0-v6-1994-gasolina,2026-06-15T19:06:10.754745,Mitsubishi Galant GS 2.0 V6 1994,"11,5 s",205 km/h,,Injeção multiponto,Natural,1998 cm³,6 em V,6A12,Duplo no cabeçote,69 mm,"78,4 mm",Transversal,Dianteiro,"8,6 kg/cv","70,5 kg/kgfm","75,1 cv/litro",150 cv,10:1,,,,"9,1 kgfm/litro","18,2 kgfm",,4,Conversor de torque,Automático,4,,Dianteira,1395 mm,1510 mm,1505 mm,4620 mm,2635 mm,1730 mm,1283 kg,450 litros,64 litros,117 mm,Disco ventilado,Disco sólido,"2,05 m²","0,595 m²","0,29",,Hidráulica,"10,6 m",,"Indep., McPherson",Mola helicoidal,"Indep., multibraço",627 km,480 km,"9,8 km/l","7,5 km/l",6750 rpm,4000 rpm,,,557 kg,,,,140 mm,,,1200 kg,,,,,,,,,,,,,,,,,,,,,,,,,,,,,,,,,,,,,,,,,,
mitsubishi,Galant,galant,galant-gs-2-0-v6-1994,galant-gs-2-0-v6-1994,https://www.fichacompleta.com.br/carros/mitsubishi/galant-gs-2-0-v6-1994,2026-06-15T19:06:14.151068,Mitsubishi Galant GS 2.0 V6 1994,"11,6 s",205 km/h,,Injeção multiponto,Natural,1998 cm³,6 em V,6A12,Duplo no cabeçote,69 mm,"78,4 mm",Transversal,Dianteiro,"8,8 kg/cv","72,7 kg/kgfm","75,1 cv/litro",150 cv a 6750 rpm,10:1,,,,"9,1 kgfm/litro","18,2 kgfm a 4000 rpm",,4,Conversor de torque,Automático,,4,Dianteira,1395 mm,1510 mm,1505 mm,4620 mm,2635 mm,1730 mm,1323 kg,450 litros,64 litros,117 mm,Disco ventilado,Disco sólido,"2,05 m²","0,595 m²",,"0,29",Hidráulica,,"10,6 m","Independente, McPherson",Mola helicoidal,"Independente, multibraço",627 km,480 km,"9,8 km/l","7,5 km/l",,,,,557 kg,,,,140 mm,,,1200 kg,,,,,,,,,,,,,,,,,,,,,,,,,,,,,,,,,,,,,,,,,,
mitsubishi,Galant,galant,galant-es-2-4-1995,galant-es-2-4-1995,https://www.fichacompleta.com.br/carros/mitsubishi/galant-es-2-4-1995,2026-06-15T19:06:18.832498,Mitsubishi Galant ES 2.4 1995,10 s,211 km/h,,Injeção multiponto,Natural,2351 cm³,4 em linha,4G64,Único no cabeçote,100 mm,"86,5 mm",Transversal,Dianteiro,"9,1 kg/cv","63,4 kg/kgfm","60,8 cv/litro",143 cv,"9,5:1",,,,"8,7 kgfm/litro","20,5 kgfm",,4,Conversor de torque,Automático,4,,Dianteira,1395 mm,1510 mm,1505 mm,4750 mm,2635 mm,1730 mm,1300 kg,450 litros,64 litros,130 mm,Disco ventilado,Tambor,"2,05 m²","0,595 m²","0,29",,Hidráulica,"10,6 m",,"Indep., McPherson",Mola helicoidal,"Indep., multibraço",627 km,461 km,"9,8 km/l","7,2 km/l",5500 rpm,3000 rpm,,,,,,,,,,,,,,,,,,,,,,,,,,,,,,,,,,,,,,,,,,,,,,,,,,,,
mitsubishi,Galant,galant,galant-gs-2-0-v6-1995,galant-gs-2-0-v6-1995,https://www.fichacompleta.com.br/carros/mitsubishi/galant-gs-2-0-v6-1995,2026-06-15T19:06:21.594295,Mitsubishi Galant GS 2.0 V6 1995,"11,6 s",205 km/h,,Injeção multiponto,Natural,1998 cm³,6 em V,6A12,Duplo no cabeçote,69 mm,"78,4 mm",Transversal,Dianteiro,"8,8 kg/cv","72,7 kg/kgfm","75,1 cv/litro",150 cv,10:1,,,,"9,1 kgfm/litro","18,2 kgfm",,4,Conversor de torque,Automático,4,,Dianteira,1395 mm,1510 mm,1505 mm,4620 mm,2635 mm,1730 mm,1323 kg,450 litros,64 litros,117 mm,Disco ventilado,Disco sólido,"2,05 m²","0,595 m²","0,29",,Hidráulica,"10,6 m",,"Indep., McPherson",Mola helicoidal,"Indep., multibraço",627 km,480 km,"9,8 km/l","7,5 km/l",6750 rpm,4000 rpm,,,557 kg,,,,140 mm,,,1200 kg,,,,,,,,,,,,,,,,,,,,,,,,,,,,,,,,,,,,,,,,,,
mitsubishi,Galant,galant,galant-gs-2-0-v6-1995-gasolina,galant-gs-2-0-v6-1995-gasolina,https://www.fichacompleta.com.br/carros/mitsubishi/galant-gs-2-0-v6-1995-gasolina,2026-06-15T19:06:24.434630,Mitsubishi Galant GS 2.0 V6 1995,"11,5 s",205 km/h,,Injeção multiponto,Natural,1998 cm³,6 em V,6A12,Duplo no cabeçote,,,Transversal,Dianteiro,"8,6 kg/cv","70,5 kg/kgfm","75,1 cv/litro",150 cv a 6750 rpm,10:1,,,,"9,1 kgfm/litro","18,2 kgfm a 4000 rpm",,4,Conversor de torque,Automático,,4,Dianteira,1395 mm,1510 mm,1505 mm,4620 mm,2635 mm,1730 mm,1283 kg,450 litros,64 litros,117 mm,Disco ventilado,Disco sólido,"2,05 m²","0,595 m²",,"0,29",Hidráulica,,"10,6 m","Independente, McPherson",Mola helicoidal,"Independente, multibraço",627 km,480 km,"9,8 km/l","7,5 km/l",,,,,557 kg,,,,140 mm,,,1200 kg,,69 mm,"78,4 mm",,,,,,,,,,,,,,,,,,,,,,,,,,,,,,,,,,,,,,,
mitsubishi,Galant,galant,galant-super-saloon-2-0-1997,galant-super-saloon-2-0-1997,https://www.fichacompleta.com.br/carros/mitsubishi/galant-super-saloon-2-0-1997,2026-06-15T19:06:27.711197,Mitsubishi Galant Super Saloon 2.0 1997,"9,7 s",210 km/h,,Injeção multiponto,Natural,1997 cm³,4 em linha,4G63,Único no cabeçote,88 mm,85 mm,Transversal,Dianteiro,"9,3 kg/cv","69,6 kg/kgfm","68,1 cv/litro",136 cv,10:1,,,,"9,1 kgfm/litro","18,1 kgfm",,4,Embreagem monodisco a seco,Manual,5,,Dianteira,1415 mm,1510 mm,1505 mm,4630 mm,2635 mm,1740 mm,1260 kg,470 litros,64 litros,127 mm,Disco ventilado,Disco sólido,"2,09 m²","0,606 m²","0,29",,Hidráulica,"11,4 m",,"Indep., McPherson",Mola helicoidal,"Indep., multibraço",704 km,512 km,11 km/l,8 km/l,6000 rpm,4500 rpm,,,590 kg,,,,,,,1200 kg,570 kg,,,,,,,,,,,,,,,,,,,,,,,,,,,,,,,,,,,,,,,,,
mitsubishi,Galant,galant,galant-vr-2-5-v6-1997,galant-vr-2-5-v6-1997,https://www.fichacompleta.com.br/carros/mitsubishi/galant-vr-2-5-v6-1997,2026-06-15T19:06:30.307524,Mitsubishi Galant VR 2.5 V6 1997,"8,6 s",225 km/h,,Injeção multiponto,Natural,2498 cm³,6 em V,6A13,Duplo no cabeçote,,,Transversal,Dianteiro,"8,1 kg/cv","59,6 kg/kgfm","65,3 cv/litro",163 cv a 5750 rpm,"9,5:1",,,,"8,9 kgfm/litro","22,2 kgfm a 4500 rpm",,4,,Manual,,5,Dianteira,1415 mm,1510 mm,1505 mm,4630 mm,2635 mm,1740 mm,1323 kg,470 litros,64 litros,123 mm,205/60 R15,Disco sólido,"2,09 m²",,,"0,29",Hidráulica,,"11,4 m","Independente, McPherson",Mola helicoidal,"Independente, multibraço",672 km,512 km,"10,5 km/l",8 km/l,,,,,,,,,,,,1600 kg,645 kg,"80,8 mm",81 mm,,,,,,,,,,,,,,,,,,,,,,,,,,,,,,,,,,,,,,,
mitsubishi,Galant,galant,galant-super-saloon-2-0-1998,galant-super-saloon-2-0-1998,https://www.fichacompleta.com.br/carros/mitsubishi/galant-super-saloon-2-0-1998,2026-06-15T19:06:34.324484,Mitsubishi Galant Super Saloon 2.0 1998,"11,6 s",200 km/h,,Injeção multiponto,Natural,1997 cm³,4 em linha,4G63,Único no cabeçote,88 mm,85 mm,Transversal,Dianteiro,"9,3 kg/cv","69,6 kg/kgfm","68,1 cv/litro",136 cv a 6000 rpm,10:1,,,,"9,1 kgfm/litro","18,1 kgfm a 4500 rpm",,4,Conversor de torque,Automático,,4,Dianteira,1415 mm,1510 mm,1505 mm,4630 mm,2635 mm,1740 mm,1260 kg,470 litros,64 litros,127 mm,Disco ventilado,Disco sólido,"2,09 m²","0,606 m²",,"0,29",Hidráulica,,"11,4 m","Independente, McPherson",Mola helicoidal,"Independente, multibraço",640 km,480 km,10 km/l,"7,5 km/l",,,,,590 kg,,,,,,F4A4/W4A4,1200 kg,570 kg,,,,,,,,,,,,,,,,,,,,,,,,,,,,,,,,,,,,,,,,,
mitsubishi,Galant,galant,galant-vr-2-5-v6-1998,galant-vr-2-5-v6-1998,https://www.fichacompleta.com.br/carros/mitsubishi/galant-vr-2-5-v6-1998,2026-06-15T19:06:38.551897,Mitsubishi Galant VR 2.5 V6 1998,"8,6 s",225 km/h,,Injeção multiponto,Natural,2498 cm³,6 em V,6A13,Duplo no cabeçote,"80,8 mm",81 mm,Transversal,Dianteiro,"8,1 kg/cv","58,3 kg/kgfm","65,3 cv/litro",163 cv,"9,5:1",,5750 rpm,4500 rpm,"9,1 kgfm/litro","22,7 kgfm",,4,Embreagem monodisco a seco,Manual,5,5,Dianteira,1415 mm,1510 mm,1505 mm,4630 mm,2635 mm,1740 mm,1323 kg,470 litros,64 litros,123 mm,Disco ventilado,Disco sólido,"2,09 m²","0,606 m²","0,29","0,29",Hidráulica,"11,4 m","11,4 m","Indep., McPherson",Mola helicoidal,"Indep., multibraço",672 km,512 km,"10,5 km/l",8 km/l,,,,,,,,,,,,1600 kg,645 kg,,,,,,,,,,,,,,,,,,,,,,,,,,,,,,,,,,,,,,,,,
mitsubishi,Galant,galant,galant-super-saloon-2-0-1999,galant-super-saloon-2-0-1999,https://www.fichacompleta.com.br/carros/mitsubishi/galant-super-saloon-2-0-1999,2026-06-15T19:06:42.573076,Mitsubishi Galant Super Saloon 2.0 1999,"11,6 s",200 km/h,,Injeção multiponto,Natural,1997 cm³,4 em linha,4G63,Único no cabeçote,88 mm,85 mm,Transversal,Dianteiro,"9,3 kg/cv","69,6 kg/kgfm","68,1 cv/litro",136 cv,10:1,,,,"9,1 kgfm/litro","18,1 kgfm",,4,Conversor de torque,Automático,4,,Dianteira,1415 mm,1510 mm,1505 mm,4630 mm,2635 mm,1740 mm,1260 kg,470 litros,64 litros,127 mm,Disco ventilado,Disco sólido,"2,09 m²","0,606 m²","0,29",,Hidráulica,"11,4 m",,"Indep., McPherson",Mola helicoidal,"Indep., multibraço",640 km,480 km,10 km/l,"7,5 km/l",6000 rpm,4500 rpm,,,590 kg,,,,,,F4A4/W4A4,1200 kg,570 kg,,,,,,,,,,,,,,,,,,,,,,,,,,,,,,,,,,,,,,,,,
mitsubishi,Galant,galant,galant-vr-2-5-v6-1999,galant-vr-2-5-v6-1999,https://www.fichacompleta.com.br/carros/mitsubishi/galant-vr-2-5-v6-1999,2026-06-15T19:06:46.941772,Mitsubishi Galant VR 2.5 V6 1999,"10,1 s",215 km/h,,Injeção multiponto,Natural,2498 cm³,6 em V,6A13,Duplo no cabeçote,"80,8 mm",81 mm,Transversal,Dianteiro,"8,3 kg/cv","59,9 kg/kgfm","65,3 cv/litro",163 cv,"9,5:1",,,,"9,1 kgfm/litro","22,7 kgfm",,4,Conversor de torque,Automático,4,,Dianteira,1415 mm,1510 mm,1505 mm,4630 mm,2635 mm,1740 mm,1360 kg,470 litros,64 litros,123 mm,Disco ventilado,Disco sólido,"2,09 m²","0,606 m²","0,29",,Hidráulica,"11,4 m",,"Indep., McPherson",Mola helicoidal,"Indep., multibraço",640 km,480 km,10 km/l,"7,5 km/l",5750 rpm,4500 rpm,,,,,,,,,F4A4/W4A4,1600 kg,645 kg,,,,,,,,,,,,,,,,,,,,,,,,,,,,,,,,,,,,,,,,,
mitsubishi,Galant,galant,galant-vr-2-5-v6-2000,galant-vr-2-5-v6-2000,https://www.fichacompleta.com.br/carros/mitsubishi/galant-vr-2-5-v6-2000,2026-06-15T19:06:51.609678,Mitsubishi Galant VR 2.5 V6 2000,"10,1 s",215 km/h,,Injeção multiponto,Natural,2498 cm³,6 em V,6A13,Duplo no cabeçote,"80,8 mm",81 mm,Transversal,Dianteiro,"8,3 kg/cv","59,9 kg/kgfm","65,3 cv/litro",,"9,5:1",,5750 rpm,4500 rpm,"9,1 kgfm/litro",,,4,Conversor de torque,Automático,4,,Dianteira,1415 mm,1510 mm,1505 mm,4630 mm,2635 mm,1740 mm,1360 kg,470 litros,64 litros,123 mm,Disco ventilado,Disco sólido,"2,09 m²","0,606 m²","0,29",,Hidráulica,"11,4 m",,"Indep., McPherson",Mola helicoidal,"Indep., multibraço",640 km,480 km,10 km/l,"7,5 km/l",,,163 cv,"22,7 kgfm",,,,,,,F4A4/W4A4,1600 kg,645 kg,,,,,,,,,,,,,,,,,,,,,,,,,,,,,,,,,,,,,,,,,
mitsubishi,Galant,galant,galant-vr-2-5-v6-2001,galant-vr-2-5-v6-2001,https://www.fichacompleta.com.br/carros/mitsubishi/galant-vr-2-5-v6-2001,2026-06-15T19:06:54.082337,Mitsubishi Galant VR 2.5 V6 2001,"10,3 s",215 km/h,,Injeção multiponto,Natural,2498 cm³,6 em V,6A13,Duplo no cabeçote,"80,8 mm",81 mm,Transversal,Dianteiro,"8,5 kg/cv","61,0 kg/kgfm","64,1 cv/litro",160 cv a 5750 rpm,"9,5:1",,,,"8,9 kgfm/litro","22,2 kgfm a 4500 rpm",,4,Conversor de torque,Automático,,4,Dianteira,1415 mm,1510 mm,1505 mm,4630 mm,2635 mm,1740 mm,1355 kg,470 litros,64 litros,123 mm,Disco ventilado,Disco sólido,"2,09 m²","0,606 m²",,"0,29",Hidráulica,,"11,4 m","Independente, McPherson",Mola helicoidal,"Independente, multibraço",640 km,448 km,10 km/l,7 km/l,,,,,480 kg,,,,,,,1400 kg,570 kg,,,,,,,,,,,,,,,,,,,,,,,,,,,,,,,,,,,,,,,,,
mitsubishi,Galant,galant,galant-vr-2-5-v6-2002,galant-vr-2-5-v6-2002,https://www.fichacompleta.com.br/carros/mitsubishi/galant-vr-2-5-v6-2002,2026-06-15T19:06:57.668734,Mitsubishi Galant VR 2.5 V6 2002,"10,3 s",215 km/h,,Injeção multiponto,Natural,2498 cm³,6 em V,6A13,Duplo no cabeçote,,,Transversal,Dianteiro,"8,5 kg/cv","61,0 kg/kgfm","64,1 cv/litro",160 cv a 5750 rpm,"9,5:1",,,,"8,9 kgfm/litro","22,2 kgfm a 4500 rpm",,4,Conversor de torque,Automático,,4,Dianteira,1415 mm,1510 mm,1505 mm,4630 mm,2635 mm,1740 mm,1355 kg,470 litros,64 litros,123 mm,Disco ventilado,Disco sólido,"2,09 m²","0,606 m²",,"0,29",Hidráulica,,"11,4 m","Independente, McPherson",Mola helicoidal,"Independente, multibraço",640 km,448 km,10 km/l,7 km/l,,,,,480 kg,,,,,,,1400 kg,570 kg,"80,8 mm",81 mm,,,,,,,,,,,,,,,,,,,,,,,,,,,,,,,,,,,,,,,
mitsubishi,Galant,galant,galant-vr-2-5-v6-2003,galant-vr-2-5-v6-2003,https://www.fichacompleta.com.br/carros/mitsubishi/galant-vr-2-5-v6-2003,2026-06-15T19:07:02.137277,Mitsubishi Galant VR 2.5 V6 2003,"10,3 s",215 km/h,,Injeção multiponto,Natural,2498 cm³,6 em V,6A13,Duplo no cabeçote,,,Transversal,Dianteiro,"8,5 kg/cv","61,0 kg/kgfm","64,1 cv/litro",160 cv a 5750 rpm,"9,5:1",,,,"8,9 kgfm/litro","22,2 kgfm a 4500 rpm",,4,,Automático,,4,Dianteira,1415 mm,1510 mm,1505 mm,4630 mm,2635 mm,1740 mm,1355 kg,470 litros,64 litros,123 mm,205/60 R15,Disco sólido,"2,09 m²",,,"0,29",Hidráulica,,"11,4 m","Independente, McPherson",Mola helicoidal,"Independente, multibraço",640 km,448 km,10 km/l,7 km/l,,,,,480 kg,,,,,,,1400 kg,570 kg,"80,8 mm",81 mm,,,,,,,,,,,,,,,,,,,,,,,,,,,,,,,,,,,,,,,
mitsubishi,Galant,galant,galant-vr-2-5-v6-2004,galant-vr-2-5-v6-2004,https://www.fichacompleta.com.br/carros/mitsubishi/galant-vr-2-5-v6-2004,2026-06-15T19:07:05.093859,Mitsubishi Galant VR 2.5 V6 2004,"10,3 s",215 km/h,,Injeção multiponto,Natural,2498 cm³,6 em V,6A13,Duplo no cabeçote,"80,8 mm",81 mm,Transversal,Dianteiro,"8,5 kg/cv","61,0 kg/kgfm","64,1 cv/litro",160 cv a 5750 rpm,"9,5:1",,,,"8,9 kgfm/litro","22,2 kgfm a 4500 rpm",,4,Conversor de torque,Automático,,4,Dianteira,1415 mm,1510 mm,1505 mm,4630 mm,2635 mm,1740 mm,1355 kg,470 litros,64 litros,123 mm,Disco ventilado,Disco sólido,"2,09 m²","0,606 m²",,"0,29",Hidráulica,,"11,4 m","Independente, McPherson",Mola helicoidal,"Independente, multibraço",640 km,448 km,10 km/l,7 km/l,,,,,480 kg,,,,,,,1400 kg,570 kg,,,,,,,,,,,,,,,,,,,,,,,,,,,,,,,,,,,,,,,,,
mitsubishi,Galant,galant,galant-vr-2-5-v6-2005,galant-vr-2-5-v6-2005,https://www.fichacompleta.com.br/carros/mitsubishi/galant-vr-2-5-v6-2005,2026-06-15T19:07:09.559893,Mitsubishi Galant VR 2.5 V6 2005,"10,3 s",215 km/h,,Injeção multiponto,Natural,2498 cm³,6 em V,6A13,Duplo no cabeçote,"80,8 mm",81 mm,Transversal,Dianteiro,"8,5 kg/cv","61,0 kg/kgfm","64,1 cv/litro",160 cv,"9,5:1",,,,"8,9 kgfm/litro","22,2 kgfm",,4,Conversor de torque,Automático,4,,Dianteira,1415 mm,1510 mm,1505 mm,4630 mm,2635 mm,1740 mm,1355 kg,470 litros,64 litros,123 mm,Disco ventilado,Disco sólido,"2,09 m²","0,606 m²","0,29",,Hidráulica,"11,4 m",,"Indep., McPherson",Mola helicoidal,"Indep., multibraço",640 km,448 km,10 km/l,7 km/l,5750 rpm,4500 rpm,,,480 kg,,,,,,,1400 kg,570 kg,,,,,,,,,,,,,,,,,,,,,,,,,,,,,,,,,,,,,,,,,
mitsubishi,Grandis,grandis,grandis-2-4-2005,grandis-2-4-2005,https://www.fichacompleta.com.br/carros/mitsubishi/grandis-2-4-2005,2026-06-15T19:07:27.083846,Mitsubishi Grandis 2.4 2005,13 s,180 km/h,,Injeção multiponto,Natural,,4 em linha,,Único no cabeçote,100 mm,87 mm,Transversal,Dianteiro,"9,97 kg/cv","73,9 kg/kgfm","68,5 cv/litro",163 cv,"9,5:1",,,,"9,3 kgfm/litro",22 kgfm,,4,Conversor de torque,Automático,4,,Dianteira,1700 mm,1550 mm,1555 mm,4765 mm,2830 mm,1795 mm,1625 kg,,65 litros,129 mm,Disco ventilado,Disco sólido,,,,,Hidráulica,11 m,,"Indep., McPherson",Mola helicoidal,"Indep., braços sobrepostos",585 km,390 km,9 km/l,6 km/l,6000 rpm,4000 rpm,,,625 kg,,,,155 mm,,,,,,,,,,,594 cm³,2378 cm³,,,,,,450 litros,260 litros,,,,,,,,,,,,,,,,,,,,,,,,,,
mitsubishi,Grandis,grandis,grandis-2-4-2006,grandis-2-4-2006,https://www.fichacompleta.com.br/carros/mitsubishi/grandis-2-4-2006,2026-06-15T19:07:31.512300,Mitsubishi Grandis 2.4 2006,13 s,180 km/h,,Injeção multiponto,Natural,2378 cm³,4 em linha,,Único no cabeçote,100 mm,87 mm,Transversal,Dianteiro,"10,0 kg/cv","73,9 kg/kgfm","68,5 cv/litro",163 cv,"9,5:1",,6000 rpm,4000 rpm,"9,3 kgfm/litro",22 kgfm,,4,Conversor de torque,Automático,4,4,Dianteira,1700 mm,1550 mm,1555 mm,4765 mm,2830 mm,1795 mm,1625 kg,,65 litros,129 mm,Disco ventilado,Disco sólido,,,,,Hidráulica,11 m,11 m,"Indep., McPherson",Mola helicoidal,"Indep., braços sobrepostos",585 km,390 km,9 km/l,6 km/l,,,,,625 kg,,,,155 mm,,,,,,,,,,,,,,,,,,450 litros,260 litros,450 litros,260 litros,,,,,,,,,,,,,,,,,,,,,,,,
mitsubishi,Grandis,grandis,grandis-2-4-2007,grandis-2-4-2007,https://www.fichacompleta.com.br/carros/mitsubishi/grandis-2-4-2007,2026-06-15T19:07:34.181332,Mitsubishi Grandis 2.4 2007,13 s,180 km/h,,Injeção multiponto,Natural,2378 cm³,4 em linha,,Único no cabeçote,100 mm,87 mm,Transversal,Dianteiro,"10,0 kg/cv","73,9 kg/kgfm","68,5 cv/litro",163 cv,"9,5:1",,,,"9,3 kgfm/litro",22 kgfm,,4,Conversor de torque,Automático,4,,Dianteira,1700 mm,1550 mm,1555 mm,4765 mm,2830 mm,1795 mm,1625 kg,,65 litros,129 mm,Disco ventilado,Disco sólido,,,,,Hidráulica,11 m,,"Indep., McPherson",Mola helicoidal,"Indep., braços sobrepostos",585 km,390 km,9 km/l,6 km/l,6000 rpm,4000 rpm,,,625 kg,,,,155 mm,,,,,,,,,,,,,,,,,,450 litros,260 litros,,,,,,,,,,,,,,,,,,,,,,,,,,
mitsubishi,Grandis,grandis,grandis-2-4-2008,grandis-2-4-2008,https://www.fichacompleta.com.br/carros/mitsubishi/grandis-2-4-2008,2026-06-15T19:07:38.285956,Mitsubishi Grandis 2.4 2008,13 s,180 km/h,,Injeção multiponto,Natural,2378 cm³,4 em linha,,Único no cabeçote,100 mm,87 mm,Transversal,Dianteiro,"10,0 kg/cv","73,9 kg/kgfm","68,5 cv/litro",163 cv a 6000 rpm,"9,5:1",,,,"9,3 kgfm/litro",22 kgfm a 4000 rpm,,4,Conversor de torque,Automático,,4,Dianteira,1700 mm,1550 mm,1555 mm,4765 mm,2830 mm,1795 mm,1625 kg,,65 litros,129 mm,Disco ventilado,Disco sólido,,,,,Hidráulica,,11 m,"Independente, McPherson",Mola helicoidal,"Independente, braços sobrepostos",585 km,390 km,9 km/l,6 km/l,,,,,625 kg,,,,155 mm,,,,,,,,,,,,,,,,,,,,450 litros,260 litros,,,,,,,,,,,,,,,,,,,,,,,,
mitsubishi,L200,l200,l200-2-5-turbo-4x2-cd-1992,l200-2-5-turbo-4x2-cd-1992,https://www.fichacompleta.com.br/carros/mitsubishi/l200-2-5-turbo-4x2-cd-1992,2026-06-15T19:08:17.152003,Mitsubishi L200 2.5 Turbo 4x2 CD 1992,20 s,140 km/h,Correia dentada,Injeção indireta,Turbocompressor,,4 em linha,4D56,Único no cabeçote,95 mm,"91,1 mm",Longitudinal,Dianteiro,"15,83 kg/cv","64,9 kg/kgfm","33,9 cv/litro",84 cv,21:1,,,,"8,3 kgfm/litro","20,5 kgfm",,2,Embreagem monodisco a seco,Manual,5,,Traseira,1580 mm,1395 mm,1380 mm,4920 mm,2950 mm,1655 mm,1330 kg,,75 litros,154 mm,Disco ventilado,Tambor,,,,,Hidráulica,"13,4 m",,"Indep., braços sobrepostos",Feixe de molas semielípticas,Eixo rígido,,,,,4200 rpm,2000 rpm,,,1360 kg,,,,205 mm,,,,,,,,,,,619 cm³,2477 cm³,205/75 R15,,,,,,,,,1000 litros,788 km,660 km,"10,5 km/l","8,8 km/l",,,,,,,,,,,,,,,,,,,
mitsubishi,L200,l200,l200-2-5-turbo-4x4-cd-1992,l200-2-5-turbo-4x4-cd-1992,https://www.fichacompleta.com.br/carros/mitsubishi/l200-2-5-turbo-4x4-cd-1992,2026-06-15T19:08:20.257285,Mitsubishi L200 2.5 Turbo 4x4 CD 1992,21 s,137 km/h,Correia dentada,Injeção indireta,Turbocompressor,,4 em linha,4D56,Único no cabeçote,95 mm,"91,1 mm",Longitudinal,Dianteiro,"17,93 kg/cv","73,5 kg/kgfm","33,9 cv/litro",84 cv,21:1,,,,"8,3 kgfm/litro","20,5 kgfm",,2,Embreagem monodisco a seco,Manual,5,,Integral temporária,1600 mm,1395 mm,1380 mm,4920 mm,2960 mm,1655 mm,1506 kg,,75 litros,191 mm,Disco ventilado,Tambor,,,,,Hidráulica,"13,4 m",,"Indep., braços sobrepostos",Feixe de molas semielípticas,Eixo rígido,,,,,4200 rpm,2000 rpm,,,1064 kg,,38 graus,20 graus,225 mm,,,,,,,,,,,619 cm³,2477 cm³,255/75 R15,,,,,,,,,1000 litros,765 km,638 km,"10,2 km/l","8,5 km/l",,,,,,,,,,,,,,,,,,,
mitsubishi,L200,l200,l200-2-5-turbo-4x2-cd-1993,l200-2-5-turbo-4x2-cd-1993,https://www.fichacompleta.com.br/carros/mitsubishi/l200-2-5-turbo-4x2-cd-1993,2026-06-15T19:08:23.260936,Mitsubishi L200 2.5 Turbo 4x2 CD 1993,20 s,140 km/h,Correia dentada,Injeção indireta,Turbocompressor,,4 em linha,4D56,Único no cabeçote,95 mm,"91,1 mm",Longitudinal,Dianteiro,"15,83 kg/cv","64,9 kg/kgfm","33,9 cv/litro",84 cv,21:1,,,,"8,3 kgfm/litro","20,5 kgfm",,2,Embreagem monodisco a seco,Manual,5,,Traseira,1580 mm,1395 mm,1380 mm,4920 mm,2950 mm,1655 mm,1330 kg,,75 litros,154 mm,Disco ventilado,Tambor,,,,,Hidráulica,"13,4 m",,"Indep., braços sobrepostos",Feixe de molas semielípticas,Eixo rígido,,,,,4200 rpm,2000 rpm,,,1360 kg,,,,205 mm,,,,,,,,,,,619 cm³,2477 cm³,205/75 R15,,,,,,,,,1000 litros,788 km,660 km,"10,5 km/l","8,8 km/l",,,,,,,,,,,,,,,,,,,
mitsubishi,L200,l200,l200-2-5-turbo-4x4-cd-1993,l200-2-5-turbo-4x4-cd-1993,https://www.fichacompleta.com.br/carros/mitsubishi/l200-2-5-turbo-4x4-cd-1993,2026-06-15T19:08:27.916655,Mitsubishi L200 2.5 Turbo 4x4 CD 1993,21 s,137 km/h,Correia dentada,Injeção indireta,Turbocompressor,,4 em linha,4D56,Único no cabeçote,95 mm,"91,1 mm",Longitudinal,Dianteiro,"17,93 kg/cv","73,5 kg/kgfm","33,9 cv/litro",84 cv,21:1,,,,"8,3 kgfm/litro","20,5 kgfm",,2,Embreagem monodisco a seco,Manual,5,,Integral temporária,1600 mm,1395 mm,1380 mm,4920 mm,2960 mm,1655 mm,1506 kg,,75 litros,191 mm,Disco ventilado,Tambor,,,,,Hidráulica,"13,4 m",,"Indep., braços sobrepostos",Feixe de molas semielípticas,Eixo rígido,,,,,4200 rpm,2000 rpm,,,1064 kg,,38 graus,20 graus,225 mm,,,,,,,,,,,619 cm³,2477 cm³,255/75 R15,,,,,,,,,1000 litros,765 km,638 km,"10,2 km/l","8,5 km/l",,,,,,,,,,,,,,,,,,,
mitsubishi,L200,l200,l200-2-5-turbo-4x2-cd-1994,l200-2-5-turbo-4x2-cd-1994,https://www.fichacompleta.com.br/carros/mitsubishi/l200-2-5-turbo-4x2-cd-1994,2026-06-15T19:08:30.624160,Mitsubishi L200 2.5 Turbo 4x2 CD 1994,20 s,140 km/h,Correia dentada,Injeção indireta,Turbocompressor,,4 em linha,4D56,Único no cabeçote,95 mm,"91,1 mm",Longitudinal,Dianteiro,"15,83 kg/cv","64,9 kg/kgfm","33,9 cv/litro",84 cv,21:1,,,,"8,3 kgfm/litro","20,5 kgfm",,2,Embreagem monodisco a seco,Manual,5,,Traseira,1580 mm,1395 mm,1380 mm,4920 mm,2950 mm,1655 mm,1330 kg,,75 litros,154 mm,Disco ventilado,Tambor,,,,,Hidráulica,"13,4 m",,"Indep., braços sobrepostos",Feixe de molas semielípticas,Eixo rígido,,,,,4200 rpm,2000 rpm,,,1360 kg,,,,205 mm,,,,,,,,,,,619 cm³,2477 cm³,205/75 R15,,,,,,,,,1000 litros,788 km,660 km,"10,5 km/l","8,8 km/l",,,,,,,,,,,,,,,,,,,
mitsubishi,L200,l200,l200-2-5-turbo-4x4-cd-1994,l200-2-5-turbo-4x4-cd-1994,https://www.fichacompleta.com.br/carros/mitsubishi/l200-2-5-turbo-4x4-cd-1994,2026-06-15T19:08:34.992274,Mitsubishi L200 2.5 Turbo 4x4 CD 1994,21 s,147 km/h,,Injeção indireta,Turbocompressor,2477 cm³,4 em linha,4D56,"Único no cabeçote, correia dentada",95 mm,"91,1 mm",Longitudinal,Dianteiro,"17,9 kg/cv","73,5 kg/kgfm","33,9 cv/litro",84 cv a 4200 rpm,21:1,,,,"8,3 kgfm/litro","20,5 kgfm a 2000 rpm",,2,Embreagem monodisco a seco,Manual,,5,Integral temporária,1600 mm,1395 mm,1380 mm,4920 mm,2960 mm,1655 mm,1506 kg,1000 litros,75 litros,191 mm,Disco ventilado,Tambor,,,,,Hidráulica,,"13,4 m","Independente, braços sobrepostos",Feixe de molas semielípticas,Eixo rígido,,,,,,,,,1064 kg,,38 graus,20 graus,225 mm,,,,,,,,,,,,,255/75 R15,,,,,,,,,,765 km,638 km,"10,2 km/l","8,5 km/l",,,,,,,,,,,,,,,,,,,
mitsubishi,L200,l200,l200-2-5-turbo-4x2-cd-1995,l200-2-5-turbo-4x2-cd-1995,https://www.fichacompleta.com.br/carros/mitsubishi/l200-2-5-turbo-4x2-cd-1995,2026-06-15T19:08:39.588101,Mitsubishi L200 2.5 Turbo 4x2 CD 1995,20 s,140 km/h,Correia dentada,Injeção indireta,Turbocompressor,,4 em linha,4D56,Único no cabeçote,95 mm,"91,1 mm",Longitudinal,Dianteiro,"15,83 kg/cv","64,9 kg/kgfm","33,9 cv/litro",84 cv,21:1,,,,"8,3 kgfm/litro","20,5 kgfm",,2,Embreagem monodisco a seco,Manual,5,,Traseira,1580 mm,1395 mm,1380 mm,4920 mm,2950 mm,1655 mm,1330 kg,,75 litros,154 mm,Disco ventilado,Tambor,,,,,Hidráulica,"13,4 m",,"Indep., braços sobrepostos",Feixe de molas semielípticas,Eixo rígido,,,,,4200 rpm,2000 rpm,,,1360 kg,,,,205 mm,,,,,,,,,,,619 cm³,2477 cm³,205/75 R15,,,,,,,,,1000 litros,788 km,660 km,"10,5 km/l","8,8 km/l",,,,,,,,,,,,,,,,,,,
mitsubishi,L200,l200,l200-2-5-turbo-4x4-cd-1995,l200-2-5-turbo-4x4-cd-1995,https://www.fichacompleta.com.br/carros/mitsubishi/l200-2-5-turbo-4x4-cd-1995,2026-06-15T19:08:44.052775,Mitsubishi L200 2.5 Turbo 4x4 CD 1995,21 s,137 km/h,Correia dentada,Injeção indireta,Turbocompressor,2477 cm³,4 em linha,4D56,Único no cabeçote,95 mm,"91,1 mm",Longitudinal,Dianteiro,"17,9 kg/cv","73,5 kg/kgfm","33,9 cv/litro",84 cv,21:1,,,,"8,3 kgfm/litro","20,5 kgfm",,2,Embreagem monodisco a seco,Manual,5,,Integral temporária,1600 mm,1395 mm,1380 mm,4920 mm,2960 mm,1655 mm,1506 kg,,75 litros,191 mm,Disco ventilado,Tambor,,,,,Hidráulica,"13,4 m",,"Indep., braços sobrepostos",Feixe de molas semielípticas,Eixo rígido,,,,,4200 rpm,2000 rpm,,,1064 kg,,38 graus,20 graus,225 mm,,,,,,,,,,,,,255/75 R15,,,,,,,,,1000 litros,765 km,638 km,"10,2 km/l","8,5 km/l",,,,,,,,,,,,,,,,,,,
mitsubishi,L200,l200,l200-2-5-turbo-4x2-cd-1996,l200-2-5-turbo-4x2-cd-1996,https://www.fichacompleta.com.br/carros/mitsubishi/l200-2-5-turbo-4x2-cd-1996,2026-06-15T19:08:48.680570,Mitsubishi L200 2.5 Turbo 4x2 CD 1996,20 s,140 km/h,Correia dentada,Injeção indireta,Turbocompressor,,4 em linha,4D56,Único no cabeçote,95 mm,"91,1 mm",Longitudinal,Dianteiro,"15,83 kg/cv","64,9 kg/kgfm","33,9 cv/litro",84 cv,21:1,,,,"8,3 kgfm/litro","20,5 kgfm",,2,Embreagem monodisco a seco,Manual,5,,Traseira,1580 mm,1395 mm,1380 mm,4920 mm,2950 mm,1655 mm,1330 kg,,75 litros,154 mm,Disco ventilado,Tambor,,,,,Hidráulica,"13,4 m",,"Indep., braços sobrepostos",Feixe de molas semielípticas,Eixo rígido,,,,,4200 rpm,2000 rpm,,,1360 kg,,,,205 mm,,,,,,,,,,,619 cm³,2477 cm³,205/75 R15,,,,,,,,,1000 litros,788 km,660 km,"10,5 km/l","8,8 km/l",,,,,,,,,,,,,,,,,,,
mitsubishi,L200,l200,l200-2-5-turbo-4x4-cd-1996,l200-2-5-turbo-4x4-cd-1996,https://www.fichacompleta.com.br/carros/mitsubishi/l200-2-5-turbo-4x4-cd-1996,2026-06-15T19:08:52.156444,Mitsubishi L200 2.5 Turbo 4x4 CD 1996,21 s,137 km/h,Correia dentada,Injeção indireta,Turbocompressor,2477 cm³,4 em linha,4D56,Único no cabeçote,95 mm,"91,1 mm",Longitudinal,Dianteiro,"17,9 kg/cv","73,5 kg/kgfm","33,9 cv/litro",84 cv,21:1,,,,"8,3 kgfm/litro","20,5 kgfm",,2,Embreagem monodisco a seco,Manual,5,,Integral temporária,1600 mm,1395 mm,1380 mm,4920 mm,2960 mm,1655 mm,1506 kg,,75 litros,191 mm,Disco ventilado,Tambor,,,,,Hidráulica,"13,4 m",,"Indep., braços sobrepostos",Feixe de molas semielípticas,Eixo rígido,,,,,4200 rpm,2000 rpm,,,1064 kg,,38 graus,20 graus,225 mm,,,,,,,,,,,,,255/75 R15,,,,,,,,,1000 litros,765 km,638 km,"10,2 km/l","8,5 km/l",,,,,,,,,,,,,,,,,,,
mitsubishi,L200,l200,l200-2-5-turbo-4x2-cd-1997,l200-2-5-turbo-4x2-cd-1997,https://www.fichacompleta.com.br/carros/mitsubishi/l200-2-5-turbo-4x2-cd-1997,2026-06-15T19:08:57.067278,Mitsubishi L200 2.5 Turbo 4x2 CD 1997,20 s,140 km/h,Correia dentada,Injeção indireta,Turbocompressor,,4 em linha,4D56,Único no cabeçote,95 mm,"91,1 mm",Longitudinal,Dianteiro,"15,83 kg/cv","64,9 kg/kgfm","33,9 cv/litro",84 cv,21:1,,,,"8,3 kgfm/litro","20,5 kgfm",,2,Embreagem monodisco a seco,Manual,5,,Traseira,1580 mm,1395 mm,1380 mm,4920 mm,2950 mm,1655 mm,1330 kg,,75 litros,154 mm,Disco ventilado,Tambor,,,,,Hidráulica,"13,4 m",,"Indep., braços sobrepostos",Feixe de molas semielípticas,Eixo rígido,,,,,4200 rpm,2000 rpm,,,1360 kg,,,,205 mm,,,,,,,,,,,619 cm³,2477 cm³,205/75 R15,,,,,,,,,1000 litros,788 km,660 km,"10,5 km/l","8,8 km/l",,,,,,,,,,,,,,,,,,,
mitsubishi,L200,l200,l200-2-5-turbo-4x4-cd-1997,l200-2-5-turbo-4x4-cd-1997,https://www.fichacompleta.com.br/carros/mitsubishi/l200-2-5-turbo-4x4-cd-1997,2026-06-15T19:08:59.543133,Mitsubishi L200 2.5 Turbo 4x4 CD 1997,21 s,147 km/h,,Injeção indireta,Turbocompressor,2477 cm³,4 em linha,4D56,"Único no cabeçote, correia dentada",95 mm,"91,1 mm",Longitudinal,Dianteiro,"17,9 kg/cv","73,5 kg/kgfm","33,9 cv/litro",84 cv a 4200 rpm,21:1,,,,"8,3 kgfm/litro","20,5 kgfm a 2000 rpm",,2,Embreagem monodisco a seco,Manual,,5,Integral temporária,1600 mm,1395 mm,1380 mm,4920 mm,2960 mm,1655 mm,1506 kg,1000 litros,75 litros,191 mm,Disco ventilado,Tambor,,,,,Hidráulica,,"13,4 m","Independente, braços sobrepostos",Feixe de molas semielípticas,Eixo rígido,,,,,,,,,1064 kg,,38 graus,20 graus,225 mm,,,,,,,,,,,,,255/75 R15,,,,,,,,,,765 km,638 km,"10,2 km/l","8,5 km/l",,,,,,,,,,,,,,,,,,,
mitsubishi,L200,l200,l200-2-5-turbo-4x4-cd-1998,l200-2-5-turbo-4x4-cd-1998,https://www.fichacompleta.com.br/carros/mitsubishi/l200-2-5-turbo-4x4-cd-1998,2026-06-15T19:09:03.904639,Mitsubishi L200 2.5 Turbo 4x4 CD 1998,21 s,137 km/h,Correia dentada,Injeção indireta,Turbocompressor,2477 cm³,4 em linha,4D56,Único no cabeçote,95 mm,"91,1 mm",Longitudinal,Dianteiro,"17,9 kg/cv","76,1 kg/kgfm","35,1 cv/litro",87 cv,21:1,,,,"8,3 kgfm/litro","20,5 kgfm",,2,Embreagem monodisco a seco,Manual,5,,Integral temporária,1765 mm,1395 mm,1380 mm,4920 mm,2960 mm,1655 mm,1560 kg,,75 litros,164 mm,Disco ventilado,Tambor,,,,,Hidráulica,"13,4 m",,"Indep., braços sobrepostos",Feixe de molas semielípticas,Eixo rígido,,,,,4200 rpm,2500 rpm,,,1130 kg,,38 graus,20 graus,225 mm,,,,,,,,,,,,,205/80 R16,,,,,,,,,1000 litros,765 km,638 km,"10,2 km/l","8,5 km/l",,,,,,,,,,,,,,,,,,,
mitsubishi,L200,l200,l200-gl-2-5-turbo-1999,l200-gl-2-5-turbo-1999,https://www.fichacompleta.com.br/carros/mitsubishi/l200-gl-2-5-turbo-1999,2026-06-15T19:09:07.575744,Mitsubishi L200 GL 2.5 Turbo 1999,20 s,137 km/h,Correia dentada,Injeção indireta,Turbocompressor,,4 em linha,4D56,Único no cabeçote,95 mm,"91,1 mm",Longitudinal,Dianteiro,"18,85 kg/cv","80,0 kg/kgfm","35,1 cv/litro",87 cv,21:1,,,,"8,3 kgfm/litro","20,5 kgfm",,2,Embreagem monodisco a seco,Manual,5,,Integral temporária,1800 mm,,,5020 mm,2960 mm,1740 mm,1640 kg,,75 litros,169 mm,Disco ventilado,Tambor,,,,,Hidráulica,"13,4 m",,"Indep., braços sobrepostos",Feixe de molas semielípticas,Eixo rígido,,,,,4200 rpm,2500 rpm,,,1050 kg,,38 graus,20 graus,225 mm,,,,,,,,,,,619 cm³,2477 cm³,255/75 R15,,,,,,,,,1000 litros,878 km,705 km,"11,7 km/l","9,4 km/l",,,,,,,,,,,,,,,,,,,
mitsubishi,L200,l200,l200-gls-2-5-turbo-1999,l200-gls-2-5-turbo-1999,https://www.fichacompleta.com.br/carros/mitsubishi/l200-gls-2-5-turbo-1999,2026-06-15T19:09:11.601252,Mitsubishi L200 GLS 2.5 Turbo 1999,"16,3 s",137 km/h,,Injeção indireta,Turbocompressor,2477 cm³,4 em linha,4D56,"Único no cabeçote, correia dentada",95 mm,"91,1 mm",Longitudinal,Dianteiro,"18,9 kg/cv","80,0 kg/kgfm","35,1 cv/litro",87 cv a 4200 rpm,21:1,,,,"8,3 kgfm/litro","20,5 kgfm a 2000 rpm",,2,Embreagem monodisco a seco,Manual,,5,Integral temporária,1800 mm,,,5020 mm,2960 mm,1740 mm,1640 kg,1000 litros,75 litros,191 mm,Disco ventilado,Tambor,,,,,Hidráulica,,"13,4 m","Independente, braços sobrepostos",Feixe de molas semielípticas,Eixo rígido,,,,,,,,,1050 kg,,38 graus,20 graus,225 mm,,,,,,,,,,,,,255/75 R15,,,,,,,,,,878 km,705 km,"11,7 km/l","9,4 km/l",,,,,,,,,,,,,,,,,,,
mitsubishi,L200,l200,l200-gl-2-5-turbo-2000,l200-gl-2-5-turbo-2000,https://www.fichacompleta.com.br/carros/mitsubishi/l200-gl-2-5-turbo-2000,2026-06-15T19:09:15.863842,Mitsubishi L200 GL 2.5 Turbo 2000,20 s,137 km/h,Correia dentada,Injeção indireta,Turbocompressor,,4 em linha,4D56,Único no cabeçote,95 mm,"91,1 mm",Longitudinal,Dianteiro,"18,85 kg/cv","80,0 kg/kgfm","35,1 cv/litro",87 cv,21:1,,,,"8,3 kgfm/litro","20,5 kgfm",,2,Embreagem monodisco a seco,Manual,5,,Integral temporária,1800 mm,,,5020 mm,2960 mm,1740 mm,1640 kg,,75 litros,191 mm,Disco ventilado,Tambor,,,,,Hidráulica,"13,4 m",,"Indep., braços sobrepostos",Feixe de molas semielípticas,Eixo rígido,,,,,4200 rpm,2500 rpm,,,1050 kg,,38 graus,20 graus,225 mm,,,,,,,,,,,619 cm³,2477 cm³,255/75 R16,,,,,,,,,1000 litros,878 km,705 km,"11,7 km/l","9,4 km/l",,,,,,,,,,,,,,,,,,,
mitsubishi,L200,l200,l200-gls-2-5-turbo-2000,l200-gls-2-5-turbo-2000,https://www.fichacompleta.com.br/carros/mitsubishi/l200-gls-2-5-turbo-2000,2026-06-15T19:09:18.463033,Mitsubishi L200 GLS 2.5 Turbo 2000,20 s,137 km/h,Correia dentada,Injeção indireta,Turbocompressor,2477 cm³,4 em linha,4D56,Único no cabeçote,95 mm,"91,1 mm",Longitudinal,Dianteiro,"18,9 kg/cv","80,0 kg/kgfm","35,1 cv/litro",87 cv,21:1,,4200 rpm,2500 rpm,"8,3 kgfm/litro","20,5 kgfm",,2,Embreagem monodisco a seco,Manual,5,5,Integral temporária,1800 mm,,,5020 mm,2960 mm,1740 mm,1640 kg,1000 litros,75 litros,191 mm,Disco ventilado,Tambor,,,,,Hidráulica,"13,4 m","13,4 m","Indep., braços sobrepostos",Feixe de molas semielípticas,Eixo rígido,,,,,,,,,1050 kg,,38 graus,20 graus,225 mm,,,,,,,,,,,,,255/75 R15,,,,,,,,,1000 litros,878 km,705 km,"11,7 km/l","9,4 km/l",,,,,,,,,,,,,,,,,,,
mitsubishi,L200,l200,l200-gl-2-5-turbo-2001,l200-gl-2-5-turbo-2001,https://www.fichacompleta.com.br/carros/mitsubishi/l200-gl-2-5-turbo-2001,2026-06-15T19:09:40.411368,Mitsubishi L200 GL 2.5 Turbo 2001,20 s,137 km/h,Correia dentada,Injeção indireta,Turbocompressor,,4 em linha,4D56,Único no cabeçote,95 mm,"91,1 mm",Longitudinal,Dianteiro,"18,85 kg/cv","80,0 kg/kgfm","35,1 cv/litro",87 cv,21:1,,,,"8,3 kgfm/litro","20,5 kgfm",,2,Embreagem monodisco a seco,Manual,5,,Integral temporária,1800 mm,,,5020 mm,2960 mm,1740 mm,1640 kg,,75 litros,169 mm,Disco ventilado,Tambor,,,,,Hidráulica,"13,4 m",,"Indep., braços sobrepostos",Feixe de molas semielípticas,Eixo rígido,,,,,4200 rpm,2500 rpm,,,1050 kg,,38 graus,20 graus,225 mm,,,,,,,,,,,619 cm³,2477 cm³,255/75 R15,,,,,,,,,1000 litros,878 km,705 km,"11,7 km/l","9,4 km/l",,,,,,,,,,,,,,,,,,,
mitsubishi,L200,l200,l200-gls-2-5-turbo-2001,l200-gls-2-5-turbo-2001,https://www.fichacompleta.com.br/carros/mitsubishi/l200-gls-2-5-turbo-2001,2026-06-15T19:09:43.820204,Mitsubishi L200 GLS 2.5 Turbo 2001,"16,3 s",137 km/h,,Injeção indireta,Turbocompressor,2477 cm³,4 em linha,4D56,"Único no cabeçote, correia dentada",95 mm,"91,1 mm",Longitudinal,Dianteiro,"18,9 kg/cv","80,0 kg/kgfm","35,1 cv/litro",87 cv a 4200 rpm,21:1,,,,"8,3 kgfm/litro","20,5 kgfm a 2000 rpm",,2,Embreagem monodisco a seco,Manual,,5,Integral temporária,1800 mm,,,5020 mm,2960 mm,1740 mm,1640 kg,1000 litros,75 litros,191 mm,Disco ventilado,Tambor,,,,,Hidráulica,,"13,4 m","Independente, braços sobrepostos",Feixe de molas semielípticas,Eixo rígido,,,,,,,,,1050 kg,,38 graus,20 graus,225 mm,,,,,,,,,,,,,255/75 R15,,,,,,,,,,878 km,705 km,"11,7 km/l","9,4 km/l",,,,,,,,,,,,,,,,,,,
mitsubishi,L200,l200,l200-sport-2-5-turbo-2001,l200-sport-2-5-turbo-2001,https://www.fichacompleta.com.br/carros/mitsubishi/l200-sport-2-5-turbo-2001,2026-06-15T19:09:46.818005,Mitsubishi L200 Sport 2.5 Turbo 2001,20 s,137 km/h,Correia dentada,Injeção indireta,Turbocompressor,,4 em linha,4D56,Único no cabeçote,95 mm,"91,1 mm",Longitudinal,Dianteiro,"18,85 kg/cv","80,0 kg/kgfm","35,1 cv/litro",87 cv,21:1,,,,"8,3 kgfm/litro","20,5 kgfm",,2,Embreagem monodisco a seco,Manual,5,,Integral temporária,1800 mm,,,5020 mm,2960 mm,1740 mm,1640 kg,,75 litros,169 mm,Disco ventilado,Tambor,,,,,Hidráulica,"13,4 m",,"Indep., braços sobrepostos",Feixe de molas semielípticas,Eixo rígido,,,,,4200 rpm,2500 rpm,,,1050 kg,,38 graus,20 graus,225 mm,,,,,,,,,,,619 cm³,2477 cm³,255/75 R15,,,,,,,,,1000 litros,878 km,705 km,"11,7 km/l","9,4 km/l",,,,,,,,,,,,,,,,,,,
mitsubishi,L200,l200,l200-gl-2-5-turbo-2002,l200-gl-2-5-turbo-2002,https://www.fichacompleta.com.br/carros/mitsubishi/l200-gl-2-5-turbo-2002,2026-06-15T19:09:49.349520,Mitsubishi L200 GL 2.5 Turbo 2002,20 s,137 km/h,Correia dentada,Injeção indireta,Turbocompressor,,4 em linha,4D56,Único no cabeçote,95 mm,"91,1 mm",Longitudinal,Dianteiro,"18,85 kg/cv","80,0 kg/kgfm","35,1 cv/litro",87 cv,21:1,,,,"8,3 kgfm/litro","20,5 kgfm",,2,Embreagem monodisco a seco,Manual,5,,Integral temporária,1800 mm,,,5020 mm,2960 mm,1740 mm,1640 kg,,75 litros,169 mm,Disco ventilado,Tambor,,,,,Hidráulica,"13,4 m",,"Indep., braços sobrepostos",Feixe de molas semielípticas,Eixo rígido,,,,,4200 rpm,2500 rpm,,,1050 kg,,38 graus,20 graus,225 mm,,,,,,,,,,,619 cm³,2477 cm³,255/75 R15,,,,,,,,,1000 litros,878 km,705 km,"11,7 km/l","9,4 km/l",,,,,,,,,,,,,,,,,,,
mitsubishi,L200,l200,l200-gls-2-5-turbo-2002,l200-gls-2-5-turbo-2002,https://www.fichacompleta.com.br/carros/mitsubishi/l200-gls-2-5-turbo-2002,2026-06-15T19:09:53.484841,Mitsubishi L200 GLS 2.5 Turbo 2002,20 s,137 km/h,Correia dentada,Injeção indireta,Turbocompressor,2477 cm³,4 em linha,4D56,Único no cabeçote,95 mm,"91,1 mm",Longitudinal,Dianteiro,"18,9 kg/cv","80,0 kg/kgfm","35,1 cv/litro",,21:1,,4200 rpm,2500 rpm,"8,3 kgfm/litro",,,2,Embreagem monodisco a seco,Manual,5,,Integral temporária,1800 mm,,,5020 mm,2960 mm,1740 mm,1640 kg,,75 litros,191 mm,Disco ventilado,Tambor,,,,,Hidráulica,"13,4 m",,"Indep., braços sobrepostos",Feixe de molas semielípticas,Eixo rígido,,,,,,,87 cv,"20,5 kgfm",1050 kg,,38 graus,20 graus,225 mm,,,,,,,,,,,,,255/75 R15,,,,,,,,,1000 litros,878 km,705 km,"11,7 km/l","9,4 km/l",,,,,,,,,,,,,,,,,,,
mitsubishi,L200,l200,l200-l-2-5-turbo-2002,l200-l-2-5-turbo-2002,https://www.fichacompleta.com.br/carros/mitsubishi/l200-l-2-5-turbo-2002,2026-06-15T19:09:57.708222,Mitsubishi L200 L 2.5 Turbo 2002,20 s,137 km/h,Correia dentada,Injeção indireta,Turbocompressor,,4 em linha,4D56,Único no cabeçote,95 mm,"91,1 mm",Longitudinal,Dianteiro,"18,85 kg/cv","80,0 kg/kgfm","35,1 cv/litro",87 cv,21:1,,,,"8,3 kgfm/litro","20,5 kgfm",,2,Embreagem monodisco a seco,Manual,5,,Integral temporária,1800 mm,,,5020 mm,2960 mm,1740 mm,1640 kg,,75 litros,169 mm,Disco ventilado,Tambor,,,,,Hidráulica,"13,4 m",,"Indep., braços sobrepostos",Feixe de molas semielípticas,Eixo rígido,,,,,4200 rpm,2500 rpm,,,1050 kg,,38 graus,20 graus,225 mm,,,,,,,,,,,619 cm³,2477 cm³,255/75 R15,,,,,,,,,1000 litros,878 km,705 km,"11,7 km/l","9,4 km/l",,,,,,,,,,,,,,,,,,,
mitsubishi,L200,l200,l200-gl-2-5-turbo-2003,l200-gl-2-5-turbo-2003,https://www.fichacompleta.com.br/carros/mitsubishi/l200-gl-2-5-turbo-2003,2026-06-15T19:10:02.412209,Mitsubishi L200 GL 2.5 Turbo 2003,20 s,137 km/h,Correia dentada,Injeção indireta,Turbocompressor,,4 em linha,4D56,Único no cabeçote,95 mm,"91,1 mm",Longitudinal,Dianteiro,"18,85 kg/cv","80,0 kg/kgfm","35,1 cv/litro",87 cv,21:1,,,,"8,3 kgfm/litro","20,5 kgfm",,2,Embreagem monodisco a seco,Manual,5,,Integral temporária,1795 mm,,,5035 mm,2960 mm,1655 mm,1640 kg,,75 litros,169 mm,Disco ventilado,Tambor,,,,,Hidráulica,"13,4 m",,"Indep., braços sobrepostos",Feixe de molas semielípticas,Eixo rígido,,,,,4200 rpm,2500 rpm,,,1050 kg,24 graus,38 graus,20 graus,225 mm,,,,,,,,,,,619 cm³,2477 cm³,255/75 R15,,,,,,,,,1000 litros,878 km,705 km,"11,7 km/l","9,4 km/l",35 graus,,,,,,,,,,,,,,,,,,
mitsubishi,L200,l200,l200-gls-2-5-turbo-2003,l200-gls-2-5-turbo-2003,https://www.fichacompleta.com.br/carros/mitsubishi/l200-gls-2-5-turbo-2003,2026-06-15T19:10:04.964335,Mitsubishi L200 GLS 2.5 Turbo 2003,"16,3 s",137 km/h,,Injeção indireta,Turbocompressor,2477 cm³,4 em linha,4D56,"Único no cabeçote, correia dentada",95 mm,"91,1 mm",Longitudinal,Dianteiro,"18,9 kg/cv","80,0 kg/kgfm","35,1 cv/litro",87 cv a 4200 rpm,21:1,,,,"8,3 kgfm/litro","20,5 kgfm a 2000 rpm",,2,Embreagem monodisco a seco,Manual,,5,Integral temporária,1795 mm,,,5035 mm,2960 mm,1655 mm,1640 kg,1000 litros,75 litros,191 mm,Disco ventilado,Tambor,,,,,Hidráulica,,"13,4 m","Independente, braços sobrepostos",Feixe de molas semielípticas,Eixo rígido,,,,,,,,,1050 kg,24 graus,38 graus,20 graus,225 mm,,,,,,,,,,,,,255/75 R15,,,,,,,,,,878 km,705 km,"11,7 km/l","9,4 km/l",35 graus,,,,,,,,,,,,,,,,,,
mitsubishi,L200,l200,l200-gls-hpe-2-5-turbo-2003,l200-gls-hpe-2-5-turbo-2003,https://www.fichacompleta.com.br/carros/mitsubishi/l200-gls-hpe-2-5-turbo-2003,2026-06-15T19:10:08.297126,Mitsubishi L200 GLS HPE 2.5 Turbo 2003,"15,5 s",155 km/h,,Injeção indireta,Turbocompressor,2477 cm³,4 em linha,4D56,"Único no cabeçote, correia dentada",95 mm,"91,1 mm",Longitudinal,Dianteiro,"14,8 kg/cv","66,8 kg/kgfm","47,6 cv/litro",118 cv a 4000 rpm,21:1,,,,"10,6 kgfm/litro","26,2 kgfm a 2000 rpm",,2,Embreagem monodisco a seco,Manual,,5,Integral permanente,1800 mm,,,4995 mm,2960 mm,1775 mm,1750 kg,1000 litros,75 litros,186 mm,Disco ventilado,Tambor,,,,,Hidráulica,,"13,4 m","Independente, braços sobrepostos",Feixe de molas semielípticas,Eixo rígido,,,,,,,,,1050 kg,24 graus,38 graus,22 graus,235 mm,,,,,,,,,,,,,265/70 R16,,,,,,,,,,900 km,720 km,12 km/l,"9,6 km/l",35 graus,,,,,,,,,,,,,,,,,,
mitsubishi,L200,l200,l200-sport-gls-2-5-turbo-2003,l200-sport-gls-2-5-turbo-2003,https://www.fichacompleta.com.br/carros/mitsubishi/l200-sport-gls-2-5-turbo-2003,2026-06-15T19:10:12.704052,Mitsubishi L200 Sport GLS 2.5 Turbo 2003,"15,8 s",158 km/h,Correia dentada,Injeção indireta,Turbocompressor,2477 cm³,4 em linha,4D56,Único no cabeçote,95 mm,"91,1 mm",Longitudinal,Dianteiro,"14,5 kg/cv","66,8 kg/kgfm","48,8 cv/litro",121 cv,21:1,,,,"10,6 kgfm/litro","26,2 kgfm",,2,Embreagem monodisco a seco,Manual,5,,Integral temporária,1800 mm,,,4995 mm,2960 mm,1775 mm,1750 kg,,75 litros,186 mm,Disco ventilado,Tambor,,,,,Hidráulica,"12,8 m",,"Indep., braços sobrepostos",Feixe de molas semielípticas,Eixo rígido,,,,,4000 rpm,2000 rpm,,,1080 kg,,38 graus,22 graus,235 mm,,,,,,,,,,,,,265/70 R16,,,,,,,,,1080 litros,923 km,765 km,"12,3 km/l","10,2 km/l",35 graus,,,,,,,,,,,,,,,,,,
mitsubishi,L200,l200,l200-gl-2-5-turbo-2004,l200-gl-2-5-turbo-2004,https://www.fichacompleta.com.br/carros/mitsubishi/l200-gl-2-5-turbo-2004,2026-06-15T19:10:16.183216,Mitsubishi L200 GL 2.5 Turbo 2004,15 s,145 km/h,Correia dentada,Injeção indireta,Turbocompressor,,4 em linha,4D56,Único no cabeçote,95 mm,"91,1 mm",Longitudinal,Dianteiro,"16,40 kg/cv","69,2 kg/kgfm","40,4 cv/litro",100 cv,21:1,,,,"9,6 kgfm/litro","23,7 kgfm",,2,Embreagem monodisco a seco,Manual,5,,Integral temporária,1795 mm,,,5125 mm,2960 mm,1770 mm,1640 kg,,75 litros,169 mm,Disco ventilado,Tambor,,,,,Hidráulica,"13,4 m",,"Indep., braços sobrepostos",Feixe de molas semielípticas,Eixo rígido,,,,,3600 rpm,2000 rpm,,,1050 kg,24 graus,38 graus,22 graus,225 mm,,,,,,,,,,,619 cm³,2477 cm³,225/75 R15,,,,,,,,,1000 litros,900 km,713 km,12 km/l,"9,5 km/l",35 graus,,,,,,,,,,,,,,,,,,
mitsubishi,L200,l200,l200-gls-2-5-turbo-2004,l200-gls-2-5-turbo-2004,https://www.fichacompleta.com.br/carros/mitsubishi/l200-gls-2-5-turbo-2004,2026-06-15T19:10:19.155723,Mitsubishi L200 GLS 2.5 Turbo 2004,15 s,145 km/h,Correia dentada,Injeção indireta,Turbocompressor,,4 em linha,4D56,Único no cabeçote,95 mm,"91,1 mm",Longitudinal,Dianteiro,"16,40 kg/cv","69,2 kg/kgfm","40,4 cv/litro",100 cv,21:1,,,,"9,6 kgfm/litro","23,7 kgfm",,2,Embreagem monodisco a seco,Manual,5,,Integral temporária,1795 mm,,,5125 mm,2960 mm,1770 mm,1640 kg,,75 litros,169 mm,Disco ventilado,Tambor,,,,,Hidráulica,"13,4 m",,"Indep., braços sobrepostos",Feixe de molas semielípticas,Eixo rígido,,,,,3600 rpm,2000 rpm,,,1050 kg,24 graus,38 graus,22 graus,225 mm,,,,,,,,,,,619 cm³,2477 cm³,225/75 R15,,,,,,,,,1000 litros,900 km,713 km,12 km/l,"9,5 km/l",35 graus,,,,,,,,,,,,,,,,,,
mitsubishi,L200,l200,l200-savana-2-5-turbo-2004,l200-savana-2-5-turbo-2004,https://www.fichacompleta.com.br/carros/mitsubishi/l200-savana-2-5-turbo-2004,2026-06-15T19:10:22.669911,Mitsubishi L200 Savana 2.5 Turbo 2004,16 s,155 km/h,,Injeção indireta,Turbocompressor,2477 cm³,4 em linha,4D56,"Único no cabeçote, correia dentada",95 mm,"91,1 mm",Longitudinal,Dianteiro,"14,5 kg/cv","66,8 kg/kgfm","48,8 cv/litro",121 cv a 4000 rpm,21:1,,,,"10,6 kgfm/litro","26,2 kgfm a 2000 rpm",,2,Embreagem monodisco a seco,Manual,,5,Integral temporária,1800 mm,,,4995 mm,2960 mm,1775 mm,1750 kg,1080 litros,75 litros,186 mm,Disco ventilado,Tambor,,,,,Hidráulica,,"12,8 m","Independente, braços sobrepostos",Feixe de molas semielípticas,Eixo rígido,,,,,,,,,1080 kg,,38 graus,22 graus,235 mm,,,,,,,,,,,,,265/70 R16,,,,,,,,,,908 km,758 km,"12,1 km/l","10,1 km/l",35 graus,,,,,,,,,,,,,,,,,,
mitsubishi,L200,l200,l200-sport-gls-2-5-turbo-2004,l200-sport-gls-2-5-turbo-2004,https://www.fichacompleta.com.br/carros/mitsubishi/l200-sport-gls-2-5-turbo-2004,2026-06-15T19:10:25.272460,Mitsubishi L200 Sport GLS 2.5 Turbo 2004,"15,8 s",158 km/h,,Injeção indireta,Turbocompressor,2477 cm³,4 em linha,4D56,"Único no cabeçote, correia dentada",95 mm,"91,1 mm",Longitudinal,Dianteiro,"14,5 kg/cv","66,8 kg/kgfm","48,8 cv/litro",121 cv a 4000 rpm,21:1,,,,"10,6 kgfm/litro","26,2 kgfm a 2000 rpm",,2,Embreagem monodisco a seco,Manual,,5,Integral temporária,1800 mm,,,4995 mm,2960 mm,1775 mm,1750 kg,1080 litros,75 litros,186 mm,Disco ventilado,Tambor,,,,,Hidráulica,,"12,8 m","Independente, braços sobrepostos",Feixe de molas semielípticas,Eixo rígido,,,,,,,,,1080 kg,,38 graus,22 graus,235 mm,,,,,,,,,,,,,265/70 R16,,,,,,,,,,923 km,765 km,"12,3 km/l","10,2 km/l",35 graus,,,,,,,,,,,,,,,,,,
mitsubishi,L200,l200,l200-sport-hpe-2-5-turbo-2004,l200-sport-hpe-2-5-turbo-2004,https://www.fichacompleta.com.br/carros/mitsubishi/l200-sport-hpe-2-5-turbo-2004,2026-06-15T19:10:30.277827,Mitsubishi L200 Sport HPE 2.5 Turbo 2004,15 s,170 km/h,,Injeção indireta,Turbocompressor,2477 cm³,4 em linha,4D56 VGT,"Único no cabeçote, correia dentada",95 mm,"91,1 mm",Longitudinal,Dianteiro,"12,5 kg/cv","57,5 kg/kgfm","56,9 cv/litro",141 cv a 4000 rpm,21:1,,,,"12,4 kgfm/litro","30,6 kgfm a 2000 rpm",,2,Embreagem monodisco a seco,Manual,,5,Integral permanente,1800 mm,,,4995 mm,2960 mm,1775 mm,1760 kg,1080 litros,75 litros,186 mm,Disco ventilado,Tambor,,,,,Hidráulica,,"12,8 m","Independente, braços sobrepostos",Feixe de molas semielípticas,Eixo rígido,,,,,,,,,1070 kg,,38 graus,22 graus,235 mm,,,,,,,,,,,,,265/70 R16,,,,,,,,,,923 km,765 km,"12,3 km/l","10,2 km/l",35 graus,,,,,,,,,,,,,,,,,,
mitsubishi,L200,l200,l200-sport-hpe-2-5-turbo-at-2004,l200-sport-hpe-2-5-turbo-at-2004,https://www.fichacompleta.com.br/carros/mitsubishi/l200-sport-hpe-2-5-turbo-at-2004,2026-06-15T19:10:35.110418,Mitsubishi L200 Sport HPE 2.5 Turbo AT 2004,"15,6 s",166 km/h,,Injeção indireta,Turbocompressor,2477 cm³,4 em linha,4D56 VGT,"Único no cabeçote, correia dentada",95 mm,"91,1 mm",Longitudinal,Dianteiro,"12,6 kg/cv","57,8 kg/kgfm","56,9 cv/litro",141 cv a 4000 rpm,21:1,,,,"12,4 kgfm/litro","30,6 kgfm a 2000 rpm",,2,Conversor de torque,Automático,,4,Integral permanente,1800 mm,,,4995 mm,2960 mm,1775 mm,1770 kg,1080 litros,75 litros,186 mm,Disco ventilado,Tambor,,,,,Hidráulica,,"12,8 m","Independente, braços sobrepostos",Feixe de molas semielípticas,Eixo rígido,,,,,,,,,1060 kg,,38 graus,22 graus,235 mm,,,,,,,,,,,,,265/70 R16,,,,,,,,,,900 km,750 km,12 km/l,10 km/l,35 graus,,,,,,,,,,,,,,,,,,
mitsubishi,L200,l200,l200-gl-2-5-turbo-2005,l200-gl-2-5-turbo-2005,https://www.fichacompleta.com.br/carros/mitsubishi/l200-gl-2-5-turbo-2005,2026-06-15T19:10:39.856059,Mitsubishi L200 GL 2.5 Turbo 2005,15 s,145 km/h,Correia dentada,Injeção indireta,Turbocompressor,,4 em linha,4D56,Único no cabeçote,95 mm,"91,1 mm",Longitudinal,Dianteiro,"16,40 kg/cv","69,2 kg/kgfm","40,4 cv/litro",100 cv,21:1,,,,"9,6 kgfm/litro","23,7 kgfm",,2,Embreagem monodisco a seco,Manual,5,,Integral temporária,1795 mm,,,5125 mm,2960 mm,1770 mm,1640 kg,,75 litros,169 mm,Disco ventilado,Tambor,,,,,Hidráulica,"13,4 m",,"Indep., braços sobrepostos",Feixe de molas semielípticas,Eixo rígido,,,,,3600 rpm,2000 rpm,,,1050 kg,24 graus,38 graus,22 graus,225 mm,,,,,,,,,,,619 cm³,2477 cm³,225/75 R15,,,,,,,,,1000 litros,900 km,713 km,12 km/l,"9,5 km/l",35 graus,,,,,,,,,,,,,,,,,,
mitsubishi,L200,l200,l200-gls-2-5-turbo-2005,l200-gls-2-5-turbo-2005,https://www.fichacompleta.com.br/carros/mitsubishi/l200-gls-2-5-turbo-2005,2026-06-15T19:10:42.771598,Mitsubishi L200 GLS 2.5 Turbo 2005,15 s,145 km/h,,Injeção indireta,Turbocompressor,2477 cm³,4 em linha,4D56,"Único no cabeçote, correia dentada",95 mm,"91,1 mm",Longitudinal,Dianteiro,"16,4 kg/cv","69,2 kg/kgfm","40,4 cv/litro",100 cv a 3600 rpm,21:1,,,,"9,6 kgfm/litro","23,7 kgfm a 2000 rpm",,2,Embreagem monodisco a seco,Manual,,5,Integral temporária,1795 mm,,,5125 mm,2960 mm,1770 mm,1640 kg,1000 litros,75 litros,169 mm,Disco ventilado,Tambor,,,,,Hidráulica,,"13,4 m","Independente, braços sobrepostos",Feixe de molas semielípticas,Eixo rígido,,,,,,,,,1050 kg,24 graus,38 graus,22 graus,225 mm,,,,,,,,,,,,,225/75 R15,,,,,,,,,,900 km,713 km,12 km/l,"9,5 km/l",35 graus,,,,,,,,,,,,,,,,,,
mitsubishi,L200,l200,l200-savana-2-5-turbo-2005,l200-savana-2-5-turbo-2005,https://www.fichacompleta.com.br/carros/mitsubishi/l200-savana-2-5-turbo-2005,2026-06-15T19:10:46.528559,Mitsubishi L200 Savana 2.5 Turbo 2005,16 s,155 km/h,Correia dentada,Injeção indireta,Turbocompressor,2477 cm³,4 em linha,4D56,Único no cabeçote,95 mm,"91,1 mm",Longitudinal,Dianteiro,"14,5 kg/cv","66,8 kg/kgfm","48,8 cv/litro",121 cv,21:1,,,,"10,6 kgfm/litro","26,2 kgfm",,2,Embreagem monodisco a seco,Manual,5,,Integral temporária,1800 mm,,,4995 mm,2960 mm,1775 mm,1750 kg,,75 litros,186 mm,Disco ventilado,Tambor,,,,,Hidráulica,"12,8 m",,"Indep., braços sobrepostos",Feixe de molas semielípticas,Eixo rígido,,,,,4000 rpm,2000 rpm,,,1080 kg,,38 graus,22 graus,235 mm,,,,,,,,,,,,,265/70 R16,,,,,,,,,1080 litros,908 km,758 km,"12,1 km/l","10,1 km/l",35 graus,,,,,,,,,,,,,,,,,,
mitsubishi,L200,l200,l200-sport-gls-2-5-turbo-2005,l200-sport-gls-2-5-turbo-2005,https://www.fichacompleta.com.br/carros/mitsubishi/l200-sport-gls-2-5-turbo-2005,2026-06-15T19:10:49.904646,Mitsubishi L200 Sport GLS 2.5 Turbo 2005,"15,8 s",158 km/h,Correia dentada,Injeção indireta,Turbocompressor,2477 cm³,4 em linha,4D56,Único no cabeçote,95 mm,"91,1 mm",Longitudinal,Dianteiro,"14,5 kg/cv","66,8 kg/kgfm","48,8 cv/litro",121 cv,21:1,,,,"10,6 kgfm/litro","26,2 kgfm",,2,Embreagem monodisco a seco,Manual,5,,Integral temporária,1800 mm,,,4995 mm,2960 mm,1775 mm,1750 kg,,75 litros,186 mm,Disco ventilado,Tambor,,,,,Hidráulica,"12,8 m",,"Indep., braços sobrepostos",Feixe de molas semielípticas,Eixo rígido,,,,,4000 rpm,2000 rpm,,,1080 kg,,38 graus,22 graus,235 mm,,,,,,,,,,,,,265/70 R16,,,,,,,,,1080 litros,923 km,765 km,"12,3 km/l","10,2 km/l",35 graus,,,,,,,,,,,,,,,,,,
mitsubishi,L200,l200,l200-sport-hpe-2-5-turbo-2005,l200-sport-hpe-2-5-turbo-2005,https://www.fichacompleta.com.br/carros/mitsubishi/l200-sport-hpe-2-5-turbo-2005,2026-06-15T19:10:53.706094,Mitsubishi L200 Sport HPE 2.5 Turbo 2005,15 s,170 km/h,Correia dentada,Injeção indireta,Turbocompressor,2477 cm³,4 em linha,4D56 VGT,Único no cabeçote,95 mm,"91,1 mm",Longitudinal,Dianteiro,"12,5 kg/cv","57,5 kg/kgfm","56,9 cv/litro",,21:1,,4000 rpm,2000 rpm,"12,4 kgfm/litro",,,2,Embreagem monodisco a seco,Manual,5,,Integral permanente,1800 mm,,,4995 mm,2960 mm,1775 mm,1760 kg,,75 litros,186 mm,Disco ventilado,Tambor,,,,,Hidráulica,"12,8 m",,"Indep., braços sobrepostos",Feixe de molas semielípticas,Eixo rígido,,,,,,,141 cv,"30,6 kgfm",1070 kg,,38 graus,22 graus,235 mm,,,,,,,,,,,,,265/70 R16,,,,,,,,,1080 litros,923 km,765 km,"12,3 km/l","10,2 km/l",35 graus,,,,,,,,,,,,,,,,,,
mitsubishi,L200,l200,l200-sport-hpe-2-5-turbo-at-2005,l200-sport-hpe-2-5-turbo-at-2005,https://www.fichacompleta.com.br/carros/mitsubishi/l200-sport-hpe-2-5-turbo-at-2005,2026-06-15T19:10:57.916728,Mitsubishi L200 Sport HPE 2.5 Turbo AT 2005,"15,6 s",166 km/h,Correia dentada,Injeção indireta,Turbocompressor,,4 em linha,4D56 VGT,Único no cabeçote,95 mm,"91,1 mm",Longitudinal,Dianteiro,"12,55 kg/cv","57,8 kg/kgfm","56,9 cv/litro",141 cv,21:1,,,,"12,4 kgfm/litro","30,6 kgfm",,2,Conversor de torque,Automático,4,,Integral permanente,1800 mm,,,4995 mm,2960 mm,1775 mm,1770 kg,,75 litros,186 mm,Disco ventilado,Tambor,,,,,Hidráulica,"12,8 m",,"Indep., braços sobrepostos",Feixe de molas semielípticas,Eixo rígido,,,,,4000 rpm,2000 rpm,,,1060 kg,,38 graus,22 graus,235 mm,,,,,,,,,,,619 cm³,2477 cm³,265/70 R16,,,,,,,,,1080 litros,900 km,750 km,12 km/l,10 km/l,35 graus,,,,,,,,,,,,,,,,,,
mitsubishi,L200,l200,l200-gls-2-5-turbo-2006,l200-gls-2-5-turbo-2006,https://www.fichacompleta.com.br/carros/mitsubishi/l200-gls-2-5-turbo-2006,2026-06-15T19:11:01.682838,Mitsubishi L200 GLS 2.5 Turbo 2006,15 s,145 km/h,Correia dentada,Injeção indireta,Turbocompressor,,4 em linha,4D56,Único no cabeçote,95 mm,"91,1 mm",Longitudinal,Dianteiro,"16,40 kg/cv","69,2 kg/kgfm","40,4 cv/litro",100 cv,21:1,,,,"9,6 kgfm/litro","23,7 kgfm",,2,Embreagem monodisco a seco,Manual,5,,Integral temporária,1795 mm,,,5125 mm,2960 mm,1770 mm,1640 kg,,75 litros,169 mm,Disco ventilado,Tambor,,,,,Hidráulica,"13,4 m",,"Indep., braços sobrepostos",Feixe de molas semielípticas,Eixo rígido,,,,,3600 rpm,2000 rpm,,,1050 kg,24 graus,38 graus,22 graus,225 mm,,,,,,,,,,,619 cm³,2477 cm³,225/75 R15,,,,,,,,,1000 litros,900 km,713 km,12 km/l,"9,5 km/l",35 graus,,,,,,,,,,,,,,,,,,
mitsubishi,L200,l200,l200-savana-2-5-turbo-2006,l200-savana-2-5-turbo-2006,https://www.fichacompleta.com.br/carros/mitsubishi/l200-savana-2-5-turbo-2006,2026-06-15T19:11:06.228627,Mitsubishi L200 Savana 2.5 Turbo 2006,16 s,155 km/h,Correia dentada,Injeção indireta,Turbocompressor,2477 cm³,4 em linha,4D56,Único no cabeçote,95 mm,"91,1 mm",Longitudinal,Dianteiro,"14,5 kg/cv","66,8 kg/kgfm","48,8 cv/litro",121 cv,21:1,,,,"10,6 kgfm/litro","26,2 kgfm",,2,Embreagem monodisco a seco,Manual,5,,Integral temporária,1800 mm,,,4995 mm,2960 mm,1775 mm,1750 kg,,75 litros,186 mm,Disco ventilado,Tambor,,,,,Hidráulica,"12,8 m",,"Indep., braços sobrepostos",Feixe de molas semielípticas,Eixo rígido,,,,,4000 rpm,2000 rpm,,,1080 kg,,38 graus,22 graus,235 mm,,,,,,,,,,,,,265/70 R16,,,,,,,,,1080 litros,908 km,758 km,"12,1 km/l","10,1 km/l",35 graus,,,,,,,,,,,,,,,,,,
mitsubishi,L200,l200,l200-sport-gls-2-5-turbo-2006,l200-sport-gls-2-5-turbo-2006,https://www.fichacompleta.com.br/carros/mitsubishi/l200-sport-gls-2-5-turbo-2006,2026-06-15T19:11:08.768080,Mitsubishi L200 Sport GLS 2.5 Turbo 2006,"15,8 s",158 km/h,,Injeção indireta,Turbocompressor,2477 cm³,4 em linha,4D56,"Único no cabeçote, correia dentada",95 mm,"91,1 mm",Longitudinal,Dianteiro,"14,5 kg/cv","66,8 kg/kgfm","48,8 cv/litro",121 cv a 4000 rpm,21:1,,,,"10,6 kgfm/litro","26,2 kgfm a 2000 rpm",,2,Embreagem monodisco a seco,Manual,,5,Integral temporária,1800 mm,,,4995 mm,2960 mm,1775 mm,1750 kg,1080 litros,75 litros,186 mm,Disco ventilado,Tambor,,,,,Hidráulica,,"12,8 m","Independente, braços sobrepostos",Feixe de molas semielípticas,Eixo rígido,,,,,,,,,1080 kg,,38 graus,22 graus,235 mm,,,,,,,,,,,,,265/70 R16,,,,,,,,,,923 km,765 km,"12,3 km/l","10,2 km/l",35 graus,,,,,,,,,,,,,,,,,,
mitsubishi,L200,l200,l200-sport-hpe-2-5-turbo-2006,l200-sport-hpe-2-5-turbo-2006,https://www.fichacompleta.com.br/carros/mitsubishi/l200-sport-hpe-2-5-turbo-2006,2026-06-15T19:11:13.231595,Mitsubishi L200 Sport HPE 2.5 Turbo 2006,15 s,170 km/h,Correia dentada,Injeção indireta,Turbocompressor,2477 cm³,4 em linha,4D56 VGT,Único no cabeçote,95 mm,"91,1 mm",Longitudinal,Dianteiro,"12,5 kg/cv","57,5 kg/kgfm","56,9 cv/litro",141 cv,21:1,,,,"12,4 kgfm/litro","30,6 kgfm",,2,Embreagem monodisco a seco,Manual,5,,Integral permanente,1800 mm,,,4995 mm,2960 mm,1775 mm,1760 kg,,75 litros,186 mm,Disco ventilado,Tambor,,,,,Hidráulica,"12,8 m",,"Indep., braços sobrepostos",Feixe de molas semielípticas,Eixo rígido,,,,,4000 rpm,2000 rpm,,,1070 kg,,38 graus,22 graus,235 mm,,,,,,,,,,,,,265/70 R16,,,,,,,,,1080 litros,923 km,765 km,"12,3 km/l","10,2 km/l",35 graus,,,,,,,,,,,,,,,,,,
mitsubishi,L200,l200,l200-sport-hpe-2-5-turbo-at-2006,l200-sport-hpe-2-5-turbo-at-2006,https://www.fichacompleta.com.br/carros/mitsubishi/l200-sport-hpe-2-5-turbo-at-2006,2026-06-15T19:11:17.373131,Mitsubishi L200 Sport HPE 2.5 Turbo AT 2006,"15,6 s",166 km/h,Correia dentada,Injeção indireta,Turbocompressor,,4 em linha,4D56 VGT,Único no cabeçote,95 mm,"91,1 mm",Longitudinal,Dianteiro,"12,55 kg/cv","57,8 kg/kgfm","56,9 cv/litro",141 cv,21:1,,,,"12,4 kgfm/litro","30,6 kgfm",,2,Conversor de torque,Automático,4,,Integral permanente,1800 mm,,,4995 mm,2960 mm,1775 mm,1770 kg,,75 litros,186 mm,Disco ventilado,Tambor,,,,,Hidráulica,"12,8 m",,"Indep., braços sobrepostos",Feixe de molas semielípticas,Eixo rígido,,,,,4000 rpm,2000 rpm,,,1060 kg,,38 graus,22 graus,235 mm,,,,,,,,,,,619 cm³,2477 cm³,265/70 R16,,,,,,,,,1080 litros,900 km,750 km,12 km/l,10 km/l,35 graus,,,,,,,,,,,,,,,,,,
mitsubishi,L200,l200,l200-gl-2-5-turbo-2007,l200-gl-2-5-turbo-2007,https://www.fichacompleta.com.br/carros/mitsubishi/l200-gl-2-5-turbo-2007,2026-06-15T19:11:22.506041,Mitsubishi L200 GL 2.5 Turbo 2007,"15,8 s",158 km/h,Correia dentada,Injeção indireta,Turbocompressor,,4 em linha,4D56,Único no cabeçote,95 mm,"91,1 mm",Longitudinal,Dianteiro,"14,46 kg/cv","66,8 kg/kgfm","48,8 cv/litro",121 cv,21:1,,,,"10,6 kgfm/litro","26,2 kgfm",,2,Embreagem monodisco a seco,Manual,5,,Integral temporária,1800 mm,,,4995 mm,2960 mm,1775 mm,1750 kg,,75 litros,169 mm,Disco ventilado,Tambor,,,,,Hidráulica,"12,8 m",,"Indep., braços sobrepostos",Feixe de molas semielípticas,Eixo rígido,,,,,4000 rpm,2000 rpm,,,1080 kg,,38 graus,22 graus,235 mm,,,,,,,,,,,619 cm³,2477 cm³,265/70 R16,,,,,,,,,1080 litros,923 km,765 km,"12,3 km/l","10,2 km/l",35 graus,,,,,,,,,,,,,,,,,,
mitsubishi,L200,l200,l200-outdoor-gls-2-5-turbo-2007,l200-outdoor-gls-2-5-turbo-2007,https://www.fichacompleta.com.br/carros/mitsubishi/l200-outdoor-gls-2-5-turbo-2007,2026-06-15T19:11:26.811602,Mitsubishi L200 Outdoor GLS 2.5 Turbo 2007,"15,8 s",158 km/h,Correia dentada,Injeção indireta,Turbocompressor,2477 cm³,4 em linha,4D56,Único no cabeçote,95 mm,"91,1 mm",Longitudinal,Dianteiro,"14,5 kg/cv","66,8 kg/kgfm","48,8 cv/litro",121 cv,21:1,,4000 rpm,2000 rpm,"10,6 kgfm/litro","26,2 kgfm",,2,Embreagem monodisco a seco,Manual,5,5,Integral temporária,1800 mm,,,5008 mm,2960 mm,1814 mm,1750 kg,1080 litros,75 litros,186 mm,Disco ventilado,Tambor,,,,,Hidráulica,"12,8 m","12,8 m","Indep., braços sobrepostos",Feixe de molas semielípticas,Eixo rígido,,,,,,,,,1080 kg,,36 graus,26 graus,235 mm,,,,,,,,,,,,,265/70 R16,,,,,,,,,1080 litros,923 km,765 km,"12,3 km/l","10,2 km/l",35 graus,,,,,,,,,,,,,,,,,,
mitsubishi,L200,l200,l200-outdoor-hpe-2-5-turbo-2007,l200-outdoor-hpe-2-5-turbo-2007,https://www.fichacompleta.com.br/carros/mitsubishi/l200-outdoor-hpe-2-5-turbo-2007,2026-06-15T19:11:30.480244,Mitsubishi L200 Outdoor HPE 2.5 Turbo 2007,15 s,170 km/h,,Injeção indireta,Turbocompressor,2477 cm³,4 em linha,4D56 VGT,"Único no cabeçote, correia dentada",95 mm,"91,1 mm",Longitudinal,Dianteiro,"12,5 kg/cv","57,5 kg/kgfm","56,9 cv/litro",141 cv a 4000 rpm,21:1,,,,"12,4 kgfm/litro","30,6 kgfm a 2000 rpm",,2,Embreagem monodisco a seco,Manual,,5,Integral permanente,1800 mm,,,5008 mm,2960 mm,1814 mm,1760 kg,1070 litros,75 litros,186 mm,Disco ventilado,Tambor,,,,,Hidráulica,,"12,8 m","Independente, braços sobrepostos",Feixe de molas semielípticas,Eixo rígido,,,,,,,,,1070 kg,,36 graus,26 graus,235 mm,,,,,,,,,,,,,265/70 R16,,,,,,,,,,923 km,765 km,"12,3 km/l","10,2 km/l",35 graus,,,,,,,,,,,,,,,,,,
mitsubishi,L200,l200,l200-outdoor-hpe-2-5-turbo-at-2007,l200-outdoor-hpe-2-5-turbo-at-2007,https://www.fichacompleta.com.br/carros/mitsubishi/l200-outdoor-hpe-2-5-turbo-at-2007,2026-06-15T19:11:33.969501,Mitsubishi L200 Outdoor HPE 2.5 Turbo AT 2007,"15,6 s",166 km/h,Correia dentada,Injeção indireta,Turbocompressor,2477 cm³,4 em linha,4D56 VGT,Único no cabeçote,95 mm,"91,1 mm",Longitudinal,Dianteiro,"12,6 kg/cv","57,8 kg/kgfm","56,9 cv/litro",141 cv,21:1,,4000 rpm,2000 rpm,"12,4 kgfm/litro","30,6 kgfm",,2,Conversor de torque,Automático,4,4,Integral permanente,1800 mm,,,5008 mm,2960 mm,1814 mm,1770 kg,1060 litros,75 litros,186 mm,Disco ventilado,Tambor,,,,,Hidráulica,"12,8 m","12,8 m","Indep., braços sobrepostos",Feixe de molas semielípticas,Eixo rígido,,,,,,,,,1060 kg,,36 graus,26 graus,235 mm,,,,,,,,,,,,,265/70 R16,,,,,,,,,1060 litros,900 km,750 km,12 km/l,10 km/l,35 graus,,,,,,,,,,,,,,,,,,
mitsubishi,L200,l200,l200-savana-2-5-turbo-2007,l200-savana-2-5-turbo-2007,https://www.fichacompleta.com.br/carros/mitsubishi/l200-savana-2-5-turbo-2007,2026-06-15T19:11:37.411215,Mitsubishi L200 Savana 2.5 Turbo 2007,16 s,155 km/h,,Injeção indireta,Turbocompressor,2477 cm³,4 em linha,4D56,"Único no cabeçote, correia dentada",,,Longitudinal,Dianteiro,"14,5 kg/cv","66,8 kg/kgfm","48,8 cv/litro",121 cv a 4000 rpm,21:1,,,,"10,6 kgfm/litro","26,2 kgfm a 2000 rpm",,2,Embreagem monodisco a seco,Manual,,5,Integral temporária,1800 mm,,,4995 mm,2960 mm,1775 mm,1750 kg,1080 litros,75 litros,186 mm,Disco ventilado,Tambor,,,,,Hidráulica,,"12,8 m","Independente, braços sobrepostos",Feixe de molas semielípticas,Eixo rígido,,,,,,,,,1080 kg,,38 graus,22 graus,235 mm,,,,,95 mm,"91,1 mm",,,,,,,265/70 R16,,,,,,,,,,908 km,758 km,"12,1 km/l","10,1 km/l",35 graus,,,,,,,,,,,,,,,,,,
mitsubishi,L200,l200,l200-sport-gls-2-5-turbo-2007,l200-sport-gls-2-5-turbo-2007,https://www.fichacompleta.com.br/carros/mitsubishi/l200-sport-gls-2-5-turbo-2007,2026-06-15T19:11:42.287465,Mitsubishi L200 Sport GLS 2.5 Turbo 2007,"15,8 s",158 km/h,Correia dentada,Injeção indireta,Turbocompressor,2477 cm³,4 em linha,4D56,Único no cabeçote,95 mm,"91,1 mm",Longitudinal,Dianteiro,"14,5 kg/cv","66,8 kg/kgfm","48,8 cv/litro",121 cv,21:1,,,,"10,6 kgfm/litro","26,2 kgfm",,2,Embreagem monodisco a seco,Manual,5,,Integral temporária,1800 mm,,,4995 mm,2960 mm,1775 mm,1750 kg,,75 litros,186 mm,Disco ventilado,Tambor,,,,,Hidráulica,"12,8 m",,"Indep., braços sobrepostos",Feixe de molas semielípticas,Eixo rígido,,,,,4000 rpm,2000 rpm,,,1080 kg,,38 graus,22 graus,235 mm,,,,,,,,,,,,,265/70 R16,,,,,,,,,1080 litros,923 km,765 km,"12,3 km/l","10,2 km/l",35 graus,,,,,,,,,,,,,,,,,,
mitsubishi,L200,l200,l200-sport-hpe-2-5-turbo-2007,l200-sport-hpe-2-5-turbo-2007,https://www.fichacompleta.com.br/carros/mitsubishi/l200-sport-hpe-2-5-turbo-2007,2026-06-15T19:11:44.873504,Mitsubishi L200 Sport HPE 2.5 Turbo 2007,15 s,170 km/h,Correia dentada,Injeção indireta,Turbocompressor,,4 em linha,4D56 VGT,Único no cabeçote,95 mm,"91,1 mm",Longitudinal,Dianteiro,"12,48 kg/cv","57,5 kg/kgfm","56,9 cv/litro",141 cv,21:1,,,,"12,4 kgfm/litro","30,6 kgfm",,2,Embreagem monodisco a seco,Manual,5,,Integral temporária,1800 mm,,,4995 mm,2960 mm,1775 mm,1760 kg,,75 litros,186 mm,Disco ventilado,Tambor,,,,,Hidráulica,"12,8 m",,"Indep., braços sobrepostos",Feixe de molas semielípticas,Eixo rígido,,,,,4000 rpm,2000 rpm,,,1070 kg,,38 graus,22 graus,235 mm,,,,,,,,,,,619 cm³,2477 cm³,265/70 R16,,,,,,,,,1080 litros,923 km,765 km,"12,3 km/l","10,2 km/l",35 graus,,,,,,,,,,,,,,,,,,
mitsubishi,L200,l200,l200-sport-hpe-2-5-turbo-at-2007,l200-sport-hpe-2-5-turbo-at-2007,https://www.fichacompleta.com.br/carros/mitsubishi/l200-sport-hpe-2-5-turbo-at-2007,2026-06-15T19:11:47.569928,Mitsubishi L200 Sport HPE 2.5 Turbo AT 2007,"15,6 s",166 km/h,Correia dentada,Injeção indireta,Turbocompressor,,4 em linha,4D56 VGT,Único no cabeçote,95 mm,"91,1 mm",Longitudinal,Dianteiro,"12,55 kg/cv","57,8 kg/kgfm","56,9 cv/litro",141 cv,21:1,,,,"12,4 kgfm/litro","30,6 kgfm",,2,Conversor de torque,Automático,4,,Integral permanente,1800 mm,,,4995 mm,2960 mm,1775 mm,1770 kg,,75 litros,186 mm,Disco ventilado,Tambor,,,,,Hidráulica,"12,8 m",,"Indep., braços sobrepostos",Feixe de molas semielípticas,Eixo rígido,,,,,4000 rpm,2000 rpm,,,1060 kg,,38 graus,22 graus,235 mm,,,,,,,,,,,619 cm³,2477 cm³,265/70 R16,,,,,,,,,1080 litros,900 km,750 km,12 km/l,10 km/l,35 graus,,,,,,,,,,,,,,,,,,
mitsubishi,L200,l200,l200-gl-2-5-turbo-2008,l200-gl-2-5-turbo-2008,https://www.fichacompleta.com.br/carros/mitsubishi/l200-gl-2-5-turbo-2008,2026-06-15T19:11:52.516552,Mitsubishi L200 GL 2.5 Turbo 2008,"15,8 s",158 km/h,Correia dentada,Injeção indireta,Turbocompressor,,4 em linha,4D56,Único no cabeçote,95 mm,"91,1 mm",Longitudinal,Dianteiro,"14,46 kg/cv","66,8 kg/kgfm","48,8 cv/litro",121 cv,21:1,,,,"10,6 kgfm/litro","26,2 kgfm",,2,Embreagem monodisco a seco,Manual,5,,Integral temporária,1800 mm,,,4995 mm,2960 mm,1775 mm,1750 kg,,75 litros,169 mm,Disco ventilado,Tambor,,,,,Hidráulica,"12,8 m",,"Indep., braços sobrepostos",Feixe de molas semielípticas,Eixo rígido,,,,,4000 rpm,2000 rpm,,,1080 kg,,38 graus,22 graus,235 mm,,,,,,,,,,,619 cm³,2477 cm³,265/70 R16,,,,,,,,,1080 litros,923 km,765 km,"12,3 km/l","10,2 km/l",35 graus,,,,,,,,,,,,,,,,,,
mitsubishi,L200,l200,l200-outdoor-hpe-2-5-turbo-2008,l200-outdoor-hpe-2-5-turbo-2008,https://www.fichacompleta.com.br/carros/mitsubishi/l200-outdoor-hpe-2-5-turbo-2008,2026-06-15T19:11:55.234847,Mitsubishi L200 Outdoor HPE 2.5 Turbo 2008,15 s,170 km/h,Correia dentada,Injeção indireta,Turbocompressor,2477 cm³,4 em linha,4D56 VGT,Único no cabeçote,95 mm,"91,1 mm",Longitudinal,Dianteiro,"12,5 kg/cv","57,5 kg/kgfm","56,9 cv/litro",141 cv,21:1,,,,"12,4 kgfm/litro","30,6 kgfm",,2,Embreagem monodisco a seco,Manual,5,,Integral permanente,1800 mm,,,5008 mm,2960 mm,1814 mm,1760 kg,,75 litros,186 mm,Disco ventilado,Tambor,,,,,Hidráulica,"12,8 m",,"Indep., braços sobrepostos",Feixe de molas semielípticas,Eixo rígido,,,,,4000 rpm,2000 rpm,,,1070 kg,,36 graus,26 graus,235 mm,,,,,,,,,,,,,265/70 R16,,,,,,,,,1070 litros,923 km,765 km,"12,3 km/l","10,2 km/l",35 graus,,,,,,,,,,,,,,,,,,
mitsubishi,L200,l200,l200-outdoor-hpe-2-5-turbo-at-2008,l200-outdoor-hpe-2-5-turbo-at-2008,https://www.fichacompleta.com.br/carros/mitsubishi/l200-outdoor-hpe-2-5-turbo-at-2008,2026-06-15T19:11:58.176417,Mitsubishi L200 Outdoor HPE 2.5 Turbo AT 2008,"15,6 s",166 km/h,Correia dentada,Injeção indireta,Turbocompressor,2477 cm³,4 em linha,4D56 VGT,Único no cabeçote,95 mm,"91,1 mm",Longitudinal,Dianteiro,"12,6 kg/cv","57,8 kg/kgfm","56,9 cv/litro",141 cv,21:1,,,,"12,4 kgfm/litro","30,6 kgfm",,2,Conversor de torque,Automático,4,,Integral permanente,1800 mm,,,5008 mm,2960 mm,1814 mm,1770 kg,,75 litros,186 mm,Disco ventilado,Tambor,,,,,Hidráulica,"12,8 m",,"Indep., braços sobrepostos",Feixe de molas semielípticas,Eixo rígido,,,,,4000 rpm,2000 rpm,,,1060 kg,,36 graus,26 graus,235 mm,,,,,,,,,,,,,265/70 R16,,,,,,,,,1060 litros,900 km,750 km,12 km/l,10 km/l,35 graus,,,,,,,,,,,,,,,,,,
mitsubishi,L200,l200,l200-savana-2-5-turbo-2008,l200-savana-2-5-turbo-2008,https://www.fichacompleta.com.br/carros/mitsubishi/l200-savana-2-5-turbo-2008,2026-06-15T19:12:01.291416,Mitsubishi L200 Savana 2.5 Turbo 2008,16 s,155 km/h,Correia dentada,Injeção indireta,Turbocompressor,2477 cm³,4 em linha,4D56,Único no cabeçote,95 mm,"91,1 mm",Longitudinal,Dianteiro,"14,5 kg/cv","66,8 kg/kgfm","48,8 cv/litro",121 cv,21:1,,4000 rpm,2000 rpm,"10,6 kgfm/litro","26,2 kgfm",,2,Embreagem monodisco a seco,Manual,5,5,Integral temporária,1800 mm,1465 mm,1480 mm,5100 mm,2960 mm,1814 mm,1750 kg,1080 litros,75 litros,179 mm,Disco ventilado,Tambor,,,,,Hidráulica,"12,8 m","12,8 m","Indep., braços sobrepostos",Feixe de molas semielípticas,Eixo rígido,,,,,,,,,1080 kg,,36 graus,26 graus,235 mm,,,,,,,,,,,,,255/70 R16,,,,,,,,,1080 litros,908 km,758 km,"12,1 km/l","10,1 km/l",35 graus,,,,,,,,,,,,,,,,,,
mitsubishi,L200,l200,l200-triton-hpe-3-2-turbo-2008,l200-triton-hpe-3-2-turbo-2008,https://www.fichacompleta.com.br/carros/mitsubishi/l200-triton-hpe-3-2-turbo-2008,2026-06-15T19:12:04.641812,Mitsubishi L200 Triton HPE 3.2 Turbo 2008,"12,8 s",175 km/h,,Injeção direta,Turbocompressor,3200 cm³,4 em linha,4M41,"Duplo no cabeçote, corrente",105 mm,"98,5 mm",Longitudinal,Dianteiro,"11,7 kg/cv","50,8 kg/kgfm","51,6 cv/litro",165 cv a 3800 rpm,17:1,,,,"11,9 kgfm/litro","38,1 kgfm a 2000 rpm",,4,Embreagem monodisco a seco,Manual,,5,Integral permanente,1780 mm,1520 mm,1515 mm,5070 mm,3000 mm,1800 mm,1935 kg,788 litros,75 litros,186 mm,Disco ventilado,Tambor,,,,,Hidráulica,,"11,8 m","Independente, braços sobrepostos",Feixe de molas semielípticas,Eixo rígido,,,,,,,,,1015 kg,27 graus,39 graus,26 graus,220 mm,,,2300 kg,750 kg,,,,,,,,,265/70 R16,,,,,,,,,,1155 km,810 km,"15,4 km/l","10,8 km/l",35 graus,,,,,,,,,,,,,,,,,,
mitsubishi,L200,l200,l200-triton-hpe-3-2-turbo-at-2008,l200-triton-hpe-3-2-turbo-at-2008,https://www.fichacompleta.com.br/carros/mitsubishi/l200-triton-hpe-3-2-turbo-at-2008,2026-06-15T19:12:07.688129,Mitsubishi L200 Triton HPE 3.2 Turbo AT 2008,"13,2 s",170 km/h,Corrente,Injeção direta,Turbocompressor,3200 cm³,4 em linha,4M41,Duplo no cabeçote,105 mm,"98,5 mm",Longitudinal,Dianteiro,"11,8 kg/cv","51,0 kg/kgfm","51,6 cv/litro",165 cv,17:1,,3800 rpm,2000 rpm,"11,9 kgfm/litro","38,1 kgfm",,4,Conversor de torque,Automático,4,4,Integral permanente,1780 mm,1520 mm,1515 mm,5070 mm,3000 mm,1800 mm,1945 kg,788 litros,75 litros,186 mm,Disco ventilado,Tambor,,,,,Hidráulica,"11,8 m","11,8 m","Indep., braços sobrepostos",Feixe de molas semielípticas,Eixo rígido,,,,,,,,,1005 kg,27 graus,39 graus,26 graus,220 mm,,,2300 kg,750 kg,,,,,,,,,265/70 R16,,,,,,,,,788 litros,1140 km,795 km,"15,2 km/l","10,6 km/l",35 graus,,,,,,,,,,,,,,,,,,
mitsubishi,L200,l200,l200-triton-hpe-3-5-v6-at-2008,l200-triton-hpe-3-5-v6-at-2008,https://www.fichacompleta.com.br/carros/mitsubishi/l200-triton-hpe-3-5-v6-at-2008,2026-06-15T19:12:10.167373,Mitsubishi L200 Triton HPE 3.5 V6 AT 2008,12 s,175 km/h,Correia dentada,Injeção multiponto,Natural,3497 cm³,6 em V,6G74,Único no cabeçote,"85,8 mm",93 mm,Longitudinal,Dianteiro,"9,3 kg/cv","58,9 kg/kgfm","57,2 cv/litro",200 cv,9:1,,5000 rpm,3500 rpm,"9,0 kgfm/litro","31,5 kgfm",,4,Conversor de torque,Automático,4,4,Integral permanente,1780 mm,1520 mm,1515 mm,5070 mm,3000 mm,1800 mm,1855 kg,788 litros,75 litros,186 mm,Disco ventilado,Tambor,,,,,Hidráulica,"11,8 m","11,8 m","Indep., braços sobrepostos",Feixe de molas semielípticas,Eixo rígido,525 km,450 km,7 km/l,6 km/l,,,,,1095 kg,27 graus,39 graus,26 graus,220 mm,,V4A5A,2300 kg,750 kg,,,,,,,,,265/70 R16,,,,,,,,,788 litros,,,,,35 graus,,,,,,,,,,,,,,,,,,
mitsubishi,L200,l200,l200-gl-2-5-turbo-2009,l200-gl-2-5-turbo-2009,https://www.fichacompleta.com.br/carros/mitsubishi/l200-gl-2-5-turbo-2009,2026-06-15T19:12:14.476201,Mitsubishi L200 GL 2.5 Turbo 2009,"15,8 s",158 km/h,Correia dentada,Injeção indireta,Turbocompressor,,4 em linha,4D56,Único no cabeçote,95 mm,"91,1 mm",Longitudinal,Dianteiro,"14,46 kg/cv","66,8 kg/kgfm","48,8 cv/litro",121 cv,21:1,,,,"10,6 kgfm/litro","26,2 kgfm",,2,Embreagem monodisco a seco,Manual,5,,Integral temporária,1800 mm,,,4995 mm,2960 mm,1775 mm,1750 kg,,75 litros,169 mm,Disco ventilado,Tambor,,,,,Hidráulica,"12,8 m",,"Indep., braços sobrepostos",Feixe de molas semielípticas,Eixo rígido,,,,,4000 rpm,2000 rpm,,,1080 kg,,38 graus,22 graus,235 mm,,,,,,,,,,,619 cm³,2477 cm³,265/70 R16,,,,,,,,,1080 litros,923 km,765 km,"12,3 km/l","10,2 km/l",35 graus,,,,,,,,,,,,,,,,,,
mitsubishi,L200,l200,l200-outdoor-gls-2-5-turbo-2009,l200-outdoor-gls-2-5-turbo-2009,https://www.fichacompleta.com.br/carros/mitsubishi/l200-outdoor-gls-2-5-turbo-2009,2026-06-15T19:12:17.284100,Mitsubishi L200 Outdoor GLS 2.5 Turbo 2009,"15,8 s",158 km/h,,Injeção indireta,Turbocompressor,2477 cm³,4 em linha,4D56,"Único no cabeçote, correia dentada",95 mm,"91,1 mm",Longitudinal,Dianteiro,"14,5 kg/cv","66,8 kg/kgfm","48,8 cv/litro",121 cv a 4000 rpm,21:1,,,,"10,6 kgfm/litro","26,2 kgfm a 2000 rpm",,2,Embreagem monodisco a seco,Manual,,5,Integral temporária,1800 mm,,,5008 mm,2960 mm,1814 mm,1750 kg,1080 litros,75 litros,186 mm,Disco ventilado,Tambor,,,,,Hidráulica,,"12,8 m","Independente, braços sobrepostos",Feixe de molas semielípticas,Eixo rígido,,,,,,,,,1080 kg,,36 graus,26 graus,235 mm,,,,,,,,,,,,,265/70 R16,,,,,,,,,,923 km,765 km,"12,3 km/l","10,2 km/l",35 graus,,,,,,,,,,,,,,,,,,
mitsubishi,L200,l200,l200-outdoor-hpe-2-5-turbo-2009,l200-outdoor-hpe-2-5-turbo-2009,https://www.fichacompleta.com.br/carros/mitsubishi/l200-outdoor-hpe-2-5-turbo-2009,2026-06-15T19:12:22.152204,Mitsubishi L200 Outdoor HPE 2.5 Turbo 2009,15 s,170 km/h,,Injeção indireta,Turbocompressor,2477 cm³,4 em linha,4D56 VGT,"Único no cabeçote, correia dentada",95 mm,"91,1 mm",Longitudinal,Dianteiro,"12,5 kg/cv","57,5 kg/kgfm","56,9 cv/litro",141 cv a 4000 rpm,21:1,,,,"12,4 kgfm/litro","30,6 kgfm a 2000 rpm",,2,Embreagem monodisco a seco,Manual,,5,Integral permanente,1800 mm,,,5008 mm,2960 mm,1814 mm,1760 kg,1070 litros,75 litros,186 mm,Disco ventilado,Tambor,,,,,Hidráulica,,"12,8 m","Independente, braços sobrepostos",Feixe de molas semielípticas,Eixo rígido,,,,,,,,,1070 kg,,36 graus,26 graus,235 mm,,,,,,,,,,,,,265/70 R16,,,,,,,,,,923 km,765 km,"12,3 km/l","10,2 km/l",35 graus,,,,,,,,,,,,,,,,,,
mitsubishi,L200,l200,l200-outdoor-hpe-2-5-turbo-at-2009,l200-outdoor-hpe-2-5-turbo-at-2009,https://www.fichacompleta.com.br/carros/mitsubishi/l200-outdoor-hpe-2-5-turbo-at-2009,2026-06-15T19:12:25.060058,Mitsubishi L200 Outdoor HPE 2.5 Turbo AT 2009,"15,6 s",166 km/h,,Injeção indireta,Turbocompressor,2477 cm³,4 em linha,4D56 VGT,"Único no cabeçote, correia dentada",95 mm,"91,1 mm",Longitudinal,Dianteiro,"12,6 kg/cv","57,8 kg/kgfm","56,9 cv/litro",141 cv a 4000 rpm,21:1,,,,"12,4 kgfm/litro","30,6 kgfm a 2000 rpm",,2,Conversor de torque,Automático,,4,Integral permanente,1800 mm,,,5008 mm,2960 mm,1814 mm,1770 kg,1060 litros,75 litros,186 mm,Disco ventilado,Tambor,,,,,Hidráulica,,"12,8 m","Independente, braços sobrepostos",Feixe de molas semielípticas,Eixo rígido,,,,,,,,,1060 kg,,36 graus,26 graus,235 mm,,,,,,,,,,,,,265/70 R16,,,,,,,,,,900 km,750 km,12 km/l,10 km/l,35 graus,,,,,,,,,,,,,,,,,,
mitsubishi,L200,l200,l200-savana-2-5-turbo-2009,l200-savana-2-5-turbo-2009,https://www.fichacompleta.com.br/carros/mitsubishi/l200-savana-2-5-turbo-2009,2026-06-15T19:12:29.319439,Mitsubishi L200 Savana 2.5 Turbo 2009,16 s,155 km/h,Correia dentada,Injeção indireta,Turbocompressor,2477 cm³,4 em linha,4D56,Único no cabeçote,95 mm,"91,1 mm",Longitudinal,Dianteiro,"14,5 kg/cv","66,8 kg/kgfm","48,8 cv/litro",121 cv,21:1,,,,"10,6 kgfm/litro","26,2 kgfm",,2,Embreagem monodisco a seco,Manual,5,,Integral temporária,1800 mm,1465 mm,1480 mm,5100 mm,2960 mm,1814 mm,1750 kg,,75 litros,179 mm,Disco ventilado,Tambor,,,,,Hidráulica,"12,8 m",,"Indep., braços sobrepostos",Feixe de molas semielípticas,Eixo rígido,,,,,4000 rpm,2000 rpm,,,1080 kg,,36 graus,26 graus,235 mm,,,,,,,,,,,,,255/70 R16,,,,,,,,,1080 litros,908 km,758 km,"12,1 km/l","10,1 km/l",35 graus,,,,,,,,,,,,,,,,,,
mitsubishi,L200,l200,l200-triton-hpe-3-2-turbo-2009,l200-triton-hpe-3-2-turbo-2009,https://www.fichacompleta.com.br/carros/mitsubishi/l200-triton-hpe-3-2-turbo-2009,2026-06-15T19:12:34.189168,Mitsubishi L200 Triton HPE 3.2 Turbo 2009,"12,8 s",175 km/h,,Injeção direta,Turbocompressor,3200 cm³,4 em linha,4M41,"Duplo no cabeçote, corrente",,,Longitudinal,Dianteiro,"11,7 kg/cv","50,8 kg/kgfm","51,6 cv/litro",165 cv a 3800 rpm,17:1,,,,"11,9 kgfm/litro","38,1 kgfm a 2000 rpm",,4,Embreagem monodisco a seco,Manual,,5,Integral permanente,1780 mm,1520 mm,1515 mm,5070 mm,3000 mm,1800 mm,1935 kg,788 litros,75 litros,186 mm,Disco ventilado,Tambor,,,,,Hidráulica,,"11,8 m","Independente, braços sobrepostos",Feixe de molas semielípticas,Eixo rígido,,,,,,,,,1015 kg,27 graus,39 graus,26 graus,220 mm,,,2300 kg,750 kg,105 mm,"98,5 mm",,,,,,,265/70 R16,,,,,,,,,,1155 km,810 km,"15,4 km/l","10,8 km/l",35 graus,,,,,,,,,,,,,,,,,,
mitsubishi,L200,l200,l200-triton-hpe-3-2-turbo-at-2009,l200-triton-hpe-3-2-turbo-at-2009,https://www.fichacompleta.com.br/carros/mitsubishi/l200-triton-hpe-3-2-turbo-at-2009,2026-06-15T19:12:37.463800,Mitsubishi L200 Triton HPE 3.2 Turbo AT 2009,"13,2 s",170 km/h,,Injeção direta,Turbocompressor,3200 cm³,4 em linha,4M41,"Duplo no cabeçote, corrente",,,Longitudinal,Dianteiro,"11,8 kg/cv","51,0 kg/kgfm","51,6 cv/litro",165 cv a 3800 rpm,17:1,,,,"11,9 kgfm/litro","38,1 kgfm a 2000 rpm",,4,,Automático,,4,Integral permanente,1780 mm,1520 mm,1515 mm,5070 mm,3000 mm,1800 mm,1945 kg,788 litros,75 litros,186 mm,Disco ventilado,Tambor,,,,,Hidráulica,,"11,8 m","Independente, braços sobrepostos",Feixe de molas semielípticas,Eixo rígido,,,,,,,,,1005 kg,,39 graus,26 graus,,,,2300 kg,750 kg,105 mm,"98,5 mm",,,,,,,,,,,,,,,,,1140 km,795 km,"15,2 km/l","10,6 km/l",,,,,,,,,,,,,,,,,,,
mitsubishi,L200,l200,l200-triton-hpe-3-5-v6-at-2009,l200-triton-hpe-3-5-v6-at-2009,https://www.fichacompleta.com.br/carros/mitsubishi/l200-triton-hpe-3-5-v6-at-2009,2026-06-15T19:13:01.762957,Mitsubishi L200 Triton HPE 3.5 V6 AT 2009,12 s,175 km/h,Correia dentada,Injeção multiponto,Natural,3497 cm³,6 em V,6G74,Único no cabeçote,"85,8 mm",93 mm,Longitudinal,Dianteiro,"9,3 kg/cv","58,9 kg/kgfm","57,2 cv/litro",200 cv,9:1,,,,"9,0 kgfm/litro","31,5 kgfm",,4,Conversor de torque,Automático,4,,Integral permanente,1780 mm,1520 mm,1515 mm,5070 mm,3000 mm,1800 mm,1855 kg,,75 litros,186 mm,Disco ventilado,Tambor,,,,,Hidráulica,"11,8 m",,"Indep., braços sobrepostos",Feixe de molas semielípticas,Eixo rígido,525 km,450 km,7 km/l,6 km/l,5000 rpm,3500 rpm,,,1095 kg,27 graus,39 graus,26 graus,220 mm,,V4A5A,2300 kg,750 kg,,,,,,,,,265/70 R16,,,,,,,,,788 litros,,,,,35 graus,,,,,,,,,,,,,,,,,,
mitsubishi,L200,l200,l200-gl-2-5-turbo-2010,l200-gl-2-5-turbo-2010,https://www.fichacompleta.com.br/carros/mitsubishi/l200-gl-2-5-turbo-2010,2026-06-15T19:13:04.842461,Mitsubishi L200 GL 2.5 Turbo 2010,15 s,170 km/h,Correia dentada,Injeção indireta,Turbocompressor,2477 cm³,4 em linha,4D56 VGT,Único no cabeçote,95 mm,"91,1 mm",Longitudinal,Dianteiro,"14,5 kg/cv","66,8 kg/kgfm","48,8 cv/litro",121 cv,21:1,,,,"10,6 kgfm/litro","26,2 kgfm",,2,Embreagem monodisco a seco,Manual,5,,Integral temporária,1800 mm,1435 mm,1450 mm,5008 mm,2960 mm,1695 mm,1750 kg,,75 litros,169 mm,Disco ventilado,Tambor,,,,,Hidráulica,"12,8 m",,"Indep., braços sobrepostos",Feixe de molas semielípticas,Eixo rígido,,,,,4000 rpm,2000 rpm,,,1080 kg,,36 graus,26 graus,235 mm,,,2200 kg,750 kg,,,,,,,,,225/75 R16,,,,,,,,,1070 litros,923 km,765 km,"12,3 km/l","10,2 km/l",35 graus,,,,,,,,,,,,,,,,,,
mitsubishi,L200,l200,l200-outdoor-gls-2-5-turbo-2010,l200-outdoor-gls-2-5-turbo-2010,https://www.fichacompleta.com.br/carros/mitsubishi/l200-outdoor-gls-2-5-turbo-2010,2026-06-15T19:13:09.824848,Mitsubishi L200 Outdoor GLS 2.5 Turbo 2010,"15,8 s",158 km/h,Correia dentada,Injeção indireta,Turbocompressor,2477 cm³,4 em linha,4D56,Único no cabeçote,95 mm,"91,1 mm",Longitudinal,Dianteiro,"14,5 kg/cv","66,8 kg/kgfm","48,8 cv/litro",121 cv,21:1,,,,"10,6 kgfm/litro","26,2 kgfm",,2,Embreagem monodisco a seco,Manual,5,,Integral temporária,1800 mm,,,5008 mm,2960 mm,1814 mm,1750 kg,,75 litros,186 mm,Disco ventilado,Tambor,,,,,Hidráulica,"12,8 m",,"Indep., braços sobrepostos",Feixe de molas semielípticas,Eixo rígido,,,,,4000 rpm,2000 rpm,,,1080 kg,,36 graus,26 graus,235 mm,,,,,,,,,,,,,265/70 R16,,,,,,,,,1080 litros,923 km,765 km,"12,3 km/l","10,2 km/l",35 graus,,,,,,,,,,,,,,,,,,
mitsubishi,L200,l200,l200-outdoor-hpe-2-5-turbo-2010,l200-outdoor-hpe-2-5-turbo-2010,https://www.fichacompleta.com.br/carros/mitsubishi/l200-outdoor-hpe-2-5-turbo-2010,2026-06-15T19:13:13.440609,Mitsubishi L200 Outdoor HPE 2.5 Turbo 2010,15 s,170 km/h,Correia dentada,Injeção indireta,Turbocompressor,2477 cm³,4 em linha,4D56 VGT,Único no cabeçote,95 mm,"91,1 mm",Longitudinal,Dianteiro,"12,5 kg/cv","57,5 kg/kgfm","56,9 cv/litro",141 cv,21:1,,,,"12,4 kgfm/litro","30,6 kgfm",,2,Embreagem monodisco a seco,Manual,5,,Integral permanente,1800 mm,,,5008 mm,2960 mm,1814 mm,1760 kg,,75 litros,186 mm,Disco ventilado,Tambor,,,,,Hidráulica,"12,8 m",,"Indep., braços sobrepostos",Feixe de molas semielípticas,Eixo rígido,,,,,4000 rpm,2000 rpm,,,1070 kg,,36 graus,26 graus,235 mm,,,,,,,,,,,,,265/70 R16,,,,,,,,,1070 litros,923 km,765 km,"12,3 km/l","10,2 km/l",35 graus,,,,,,,,,,,,,,,,,,
mitsubishi,L200,l200,l200-outdoor-hpe-2-5-turbo-at-2010,l200-outdoor-hpe-2-5-turbo-at-2010,https://www.fichacompleta.com.br/carros/mitsubishi/l200-outdoor-hpe-2-5-turbo-at-2010,2026-06-15T19:13:18.084263,Mitsubishi L200 Outdoor HPE 2.5 Turbo AT 2010,"15,6 s",166 km/h,Correia dentada,Injeção indireta,Turbocompressor,2477 cm³,4 em linha,4D56 VGT,Único no cabeçote,95 mm,"91,1 mm",Longitudinal,Dianteiro,"12,6 kg/cv","57,8 kg/kgfm","56,9 cv/litro",141 cv,21:1,,,,"12,4 kgfm/litro","30,6 kgfm",,2,Conversor de torque,Automático,4,,Integral permanente,1800 mm,,,5008 mm,2960 mm,1814 mm,1770 kg,,75 litros,186 mm,Disco ventilado,Tambor,,,,,Hidráulica,"12,8 m",,"Indep., braços sobrepostos",Feixe de molas semielípticas,Eixo rígido,,,,,4000 rpm,2000 rpm,,,1060 kg,,36 graus,26 graus,235 mm,,,,,,,,,,,,,265/70 R16,,,,,,,,,1060 litros,900 km,750 km,12 km/l,10 km/l,35 graus,,,,,,,,,,,,,,,,,,
mitsubishi,L200,l200,l200-savana-2-5-turbo-2010,l200-savana-2-5-turbo-2010,https://www.fichacompleta.com.br/carros/mitsubishi/l200-savana-2-5-turbo-2010,2026-06-15T19:13:22.776376,Mitsubishi L200 Savana 2.5 Turbo 2010,16 s,155 km/h,Correia dentada,Injeção indireta,Turbocompressor,2477 cm³,4 em linha,4D56,Único no cabeçote,95 mm,"91,1 mm",Longitudinal,Dianteiro,"14,5 kg/cv","66,8 kg/kgfm","48,8 cv/litro",121 cv,21:1,,,,"10,6 kgfm/litro","26,2 kgfm",,2,Embreagem monodisco a seco,Manual,5,,Integral temporária,1800 mm,1465 mm,1480 mm,5100 mm,2960 mm,1814 mm,1750 kg,,75 litros,179 mm,Disco ventilado,Tambor,,,,,Hidráulica,"12,8 m",,"Indep., braços sobrepostos",Feixe de molas semielípticas,Eixo rígido,,,,,4000 rpm,2000 rpm,,,1080 kg,,36 graus,26 graus,235 mm,,,,,,,,,,,,,255/70 R16,,,,,,,,,1080 litros,908 km,758 km,"12,1 km/l","10,1 km/l",35 graus,,,,,,,,,,,,,,,,,,
mitsubishi,L200,l200,l200-triton-hpe-3-2-turbo-2010,l200-triton-hpe-3-2-turbo-2010,https://www.fichacompleta.com.br/carros/mitsubishi/l200-triton-hpe-3-2-turbo-2010,2026-06-15T19:13:26.511423,Mitsubishi L200 Triton HPE 3.2 Turbo 2010,"12,8 s",175 km/h,,Injeção direta,Turbocompressor,3200 cm³,4 em linha,4M41,"Duplo no cabeçote, corrente",105 mm,"98,5 mm",Longitudinal,Dianteiro,"11,7 kg/cv","50,8 kg/kgfm","51,6 cv/litro",165 cv a 3800 rpm,17:1,,,,"11,9 kgfm/litro","38,1 kgfm a 2000 rpm",,4,Embreagem monodisco a seco,Manual,,5,Integral permanente,1780 mm,1520 mm,1515 mm,5070 mm,3000 mm,1800 mm,1935 kg,788 litros,75 litros,186 mm,Disco ventilado,Tambor,,,,,Hidráulica,,"11,8 m","Independente, braços sobrepostos",Feixe de molas semielípticas,Eixo rígido,,,,,,,,,1015 kg,27 graus,39 graus,26 graus,220 mm,,,2300 kg,750 kg,,,,,,,,,265/70 R16,,,,,,,,,,1155 km,810 km,"15,4 km/l","10,8 km/l",35 graus,,,,,,,,,,,,,,,,,,
mitsubishi,L200,l200,l200-triton-hpe-3-2-turbo-at-2010,l200-triton-hpe-3-2-turbo-at-2010,https://www.fichacompleta.com.br/carros/mitsubishi/l200-triton-hpe-3-2-turbo-at-2010,2026-06-15T19:13:29.136603,Mitsubishi L200 Triton HPE 3.2 Turbo AT 2010,"13,2 s",170 km/h,,Injeção direta,Turbocompressor,3200 cm³,4 em linha,4M41,"Duplo no cabeçote, corrente",105 mm,"98,5 mm",Longitudinal,Dianteiro,"11,8 kg/cv","51,0 kg/kgfm","51,6 cv/litro",165 cv a 3800 rpm,17:1,,,,"11,9 kgfm/litro","38,1 kgfm a 2000 rpm",,4,Conversor de torque,Automático,,4,Integral permanente,1780 mm,1520 mm,1515 mm,5070 mm,3000 mm,1800 mm,1945 kg,788 litros,75 litros,186 mm,Disco ventilado,Tambor,,,,,Hidráulica,,"11,8 m","Independente, braços sobrepostos",Feixe de molas semielípticas,Eixo rígido,,,,,,,,,1005 kg,27 graus,39 graus,26 graus,220 mm,,,2300 kg,750 kg,,,,,,,,,265/70 R16,,,,,,,,,,1140 km,795 km,"15,2 km/l","10,6 km/l",35 graus,,,,,,,,,,,,,,,,,,
mitsubishi,L200,l200,l200-triton-hpe-3-5-v6-at-2010,l200-triton-hpe-3-5-v6-at-2010,https://www.fichacompleta.com.br/carros/mitsubishi/l200-triton-hpe-3-5-v6-at-2010,2026-06-15T19:13:32.626820,Mitsubishi L200 Triton HPE 3.5 V6 AT 2010,"11,8 s",177 km/h,Correia dentada,Injeção multiponto,Natural,3497 cm³,6 em V,6G74,Único no cabeçote,"85,8 mm",93 mm,Longitudinal,Dianteiro,"9,0 kg/cv","55,4 kg/kgfm","58,6 cv/litro",205 cv (A) 200 cv (G) a 5000 rpm,9:1,,5000 rpm,3500 rpm,"9,6 kgfm/litro","33,5 kgfm (A) 31,5 kgfm (G) a 3500 rpm",,4,Conversor de torque,Automático,4,4,Integral permanente,1780 mm,1520 mm,1515 mm,5070 mm,3000 mm,1800 mm,1855 kg,788 litros,90 litros,186 mm,Disco ventilado,Tambor,,,,,Hidráulica,"11,8 m","11,8 m","Indep., braços sobrepostos",Feixe de molas semielípticas,Eixo rígido,630 km,522 km,7 km/l,"5,8 km/l",,,,,1095 kg,27 graus,39 graus,26 graus,220 mm,,V4A5A,2300 kg,750 kg,,,378 km,288 km,"4,2 km/l","3,2 km/l",,,265/70 R16,205 cv,200 cv,"33,5 kgfm","31,5 kgfm",,,,,788 litros,,,,,35 graus,,,,,,,,,,,,,,,,,,
mitsubishi,L200,l200,l200-gl-2-5-turbo-2011,l200-gl-2-5-turbo-2011,https://www.fichacompleta.com.br/carros/mitsubishi/l200-gl-2-5-turbo-2011,2026-06-15T19:13:37.487585,Mitsubishi L200 GL 2.5 Turbo 2011,15 s,170 km/h,Correia dentada,Injeção indireta,Turbocompressor,2477 cm³,4 em linha,4D56 VGT,Único no cabeçote,95 mm,"91,1 mm",Longitudinal,Dianteiro,"14,5 kg/cv","66,8 kg/kgfm","48,8 cv/litro",121 cv,21:1,,,,"10,6 kgfm/litro","26,2 kgfm",,2,Embreagem monodisco a seco,Manual,5,,Integral temporária,1800 mm,1435 mm,1450 mm,5008 mm,2960 mm,1695 mm,1750 kg,,75 litros,169 mm,Disco ventilado,Tambor,,,,,Hidráulica,"12,8 m",,"Indep., braços sobrepostos",Feixe de molas semielípticas,Eixo rígido,,,,,4000 rpm,2000 rpm,,,1080 kg,,36 graus,26 graus,235 mm,,,2200 kg,750 kg,,,,,,,,,225/75 R16,,,,,,,,,1070 litros,923 km,765 km,"12,3 km/l","10,2 km/l",35 graus,,,,,,,,,,,,,,,,,,
mitsubishi,L200,l200,l200-outdoor-gls-2-5-turbo-2011,l200-outdoor-gls-2-5-turbo-2011,https://www.fichacompleta.com.br/carros/mitsubishi/l200-outdoor-gls-2-5-turbo-2011,2026-06-15T19:13:40.047016,Mitsubishi L200 Outdoor GLS 2.5 Turbo 2011,"15,8 s",158 km/h,,Injeção indireta,Turbocompressor,2477 cm³,4 em linha,4D56,"Único no cabeçote, correia dentada",95 mm,"91,1 mm",Longitudinal,Dianteiro,"14,5 kg/cv","66,8 kg/kgfm","48,8 cv/litro",121 cv a 4000 rpm,21:1,,,,"10,6 kgfm/litro","26,2 kgfm a 2000 rpm",,2,Embreagem monodisco a seco,Manual,,5,Integral temporária,1800 mm,,,5008 mm,2960 mm,1814 mm,1750 kg,1080 litros,75 litros,186 mm,Disco ventilado,Tambor,,,,,Hidráulica,,"12,8 m","Independente, braços sobrepostos",Feixe de molas semielípticas,Eixo rígido,,,,,,,,,1080 kg,,36 graus,26 graus,235 mm,,,,,,,,,,,,,265/70 R16,,,,,,,,,,923 km,765 km,"12,3 km/l","10,2 km/l",35 graus,,,,,,,,,,,,,,,,,,
mitsubishi,L200,l200,l200-outdoor-hpe-2-5-turbo-2011,l200-outdoor-hpe-2-5-turbo-2011,https://www.fichacompleta.com.br/carros/mitsubishi/l200-outdoor-hpe-2-5-turbo-2011,2026-06-15T19:13:44.237447,Mitsubishi L200 Outdoor HPE 2.5 Turbo 2011,15 s,170 km/h,,Injeção indireta,Turbocompressor,2477 cm³,4 em linha,4D56 VGT,"Único no cabeçote, correia dentada",,,Longitudinal,Dianteiro,"12,5 kg/cv","57,5 kg/kgfm","56,9 cv/litro",141 cv a 4000 rpm,21:1,,,,"12,4 kgfm/litro","30,6 kgfm a 2000 rpm",,2,Embreagem monodisco a seco,Manual,,5,Integral permanente,1800 mm,,,5008 mm,2960 mm,1814 mm,1760 kg,1070 litros,75 litros,186 mm,Disco ventilado,Tambor,,,,,Hidráulica,,"12,8 m","Independente, braços sobrepostos",Feixe de molas semielípticas,Eixo rígido,,,,,,,,,1070 kg,,36 graus,26 graus,235 mm,,,,,95 mm,"91,1 mm",,,,,,,265/70 R16,,,,,,,,,,923 km,765 km,"12,3 km/l","10,2 km/l",35 graus,,,,,,,,,,,,,,,,,,
mitsubishi,L200,l200,l200-savana-2-5-turbo-2011,l200-savana-2-5-turbo-2011,https://www.fichacompleta.com.br/carros/mitsubishi/l200-savana-2-5-turbo-2011,2026-06-15T19:13:46.921350,Mitsubishi L200 Savana 2.5 Turbo 2011,16 s,155 km/h,Correia dentada,Injeção indireta,Turbocompressor,2477 cm³,4 em linha,4D56,Único no cabeçote,95 mm,"91,1 mm",Longitudinal,Dianteiro,"14,5 kg/cv","66,8 kg/kgfm","48,8 cv/litro",121 cv,21:1,,,,"10,6 kgfm/litro","26,2 kgfm",,2,Embreagem monodisco a seco,Manual,5,,Integral temporária,1800 mm,1465 mm,1480 mm,5100 mm,2960 mm,1814 mm,1750 kg,,75 litros,179 mm,Disco ventilado,Tambor,,,,,Hidráulica,"12,8 m",,"Indep., braços sobrepostos",Feixe de molas semielípticas,Eixo rígido,,,,,4000 rpm,2000 rpm,,,1080 kg,,36 graus,26 graus,235 mm,,,,,,,,,,,,,255/70 R16,,,,,,,,,1080 litros,908 km,758 km,"12,1 km/l","10,1 km/l",35 graus,,,,,,,,,,,,,,,,,,
mitsubishi,L200,l200,l200-triton-hpe-3-2-turbo-2011,l200-triton-hpe-3-2-turbo-2011,https://www.fichacompleta.com.br/carros/mitsubishi/l200-triton-hpe-3-2-turbo-2011,2026-06-15T19:13:51.360221,Mitsubishi L200 Triton HPE 3.2 Turbo 2011,"13,5 s",165 km/h,,Injeção direta,Turbocompressor,3200 cm³,4 em linha,4M41,"Duplo no cabeçote, corrente",105 mm,"98,5 mm",Longitudinal,Dianteiro,"11,7 kg/cv","50,8 kg/kgfm","51,6 cv/litro",165 cv a 3500 rpm,17:1,,,,"11,9 kgfm/litro","38,1 kgfm a 2000 rpm",,4,Embreagem monodisco a seco,Manual,,5,Integral permanente,1780 mm,1520 mm,1515 mm,5070 mm,3000 mm,1800 mm,1935 kg,788 litros,75 litros,186 mm,Disco ventilado,Tambor,,,,,Hidráulica,,"11,8 m","Independente, braços sobrepostos",Feixe de molas semielípticas,Eixo rígido,,,,,,,,,1015 kg,27 graus,39 graus,26 graus,220 mm,,,2300 kg,750 kg,,,,,,,,,265/70 R16,,,,,,,,,,1140 km,795 km,"15,2 km/l","10,6 km/l",35 graus,,,,,,,,,,,,,,,,,,
mitsubishi,L200,l200,l200-triton-hpe-3-2-turbo-at-2011,l200-triton-hpe-3-2-turbo-at-2011,https://www.fichacompleta.com.br/carros/mitsubishi/l200-triton-hpe-3-2-turbo-at-2011,2026-06-15T19:13:56.044166,Mitsubishi L200 Triton HPE 3.2 Turbo AT 2011,"13,2 s",170 km/h,,Injeção direta,Turbocompressor,3200 cm³,4 em linha,4M41,"Duplo no cabeçote, corrente",105 mm,"98,5 mm",Longitudinal,Dianteiro,"11,8 kg/cv","51,0 kg/kgfm","51,6 cv/litro",165 cv a 3500 rpm,17:1,,,,"11,9 kgfm/litro","38,1 kgfm a 2000 rpm",,4,Conversor de torque,Automático,,4,Integral permanente,1780 mm,1520 mm,1515 mm,5070 mm,3000 mm,1800 mm,1945 kg,788 litros,75 litros,186 mm,Disco ventilado,Tambor,,,,,Hidráulica,,"11,8 m","Independente, braços sobrepostos",Feixe de molas semielípticas,Eixo rígido,,,,,,,,,1005 kg,27 graus,39 graus,26 graus,220 mm,,,2300 kg,750 kg,,,,,,,,,265/70 R16,,,,,,,,,,1140 km,795 km,"15,2 km/l","10,6 km/l",35 graus,,,,,,,,,,,,,,,,,,
mitsubishi,L200,l200,l200-triton-hpe-3-5-v6-at-2011,l200-triton-hpe-3-5-v6-at-2011,https://www.fichacompleta.com.br/carros/mitsubishi/l200-triton-hpe-3-5-v6-at-2011,2026-06-15T19:13:59.449606,Mitsubishi L200 Triton HPE 3.5 V6 AT 2011,"11,8 s",177 km/h,Correia dentada,Injeção multiponto,Natural,3497 cm³,6 em V,6G74,Único no cabeçote,"85,8 mm",93 mm,Longitudinal,Dianteiro,"9,0 kg/cv","55,4 kg/kgfm","58,6 cv/litro",,9:1,,,,"9,6 kgfm/litro",,,4,Conversor de torque,Automático,4,,Integral permanente,1780 mm,1520 mm,1515 mm,5070 mm,3000 mm,1800 mm,1855 kg,,90 litros,186 mm,Disco ventilado,Tambor,,,,,Hidráulica,"11,8 m",,"Indep., braços sobrepostos",Feixe de molas semielípticas,Eixo rígido,630 km,522 km,7 km/l,"5,8 km/l",5000 rpm,3500 rpm,,,1095 kg,27 graus,39 graus,26 graus,220 mm,,V4A5A,2300 kg,750 kg,,,378 km,288 km,"4,2 km/l","3,2 km/l",,,265/70 R16,205 cv,200 cv,"33,5 kgfm","31,5 kgfm",,,,,788 litros,,,,,35 graus,,,,,,,,,,,,,,,,,,
mitsubishi,L200,l200,l200-gl-2-5-turbo-2012,l200-gl-2-5-turbo-2012,https://www.fichacompleta.com.br/carros/mitsubishi/l200-gl-2-5-turbo-2012,2026-06-15T19:14:03.071625,Mitsubishi L200 GL 2.5 Turbo 2012,15 s,170 km/h,Correia dentada,Injeção indireta,Turbocompressor,2477 cm³,4 em linha,4D56 VGT,Único no cabeçote,95 mm,"91,1 mm",Longitudinal,Dianteiro,"14,5 kg/cv","66,8 kg/kgfm","48,8 cv/litro",121 cv,21:1,,,,"10,6 kgfm/litro","26,2 kgfm",,2,Embreagem monodisco a seco,Manual,5,,Integral temporária,1800 mm,1435 mm,1450 mm,5008 mm,2960 mm,1695 mm,1750 kg,,75 litros,169 mm,Disco ventilado,Tambor,,,,,Hidráulica,"12,8 m",,"Indep., braços sobrepostos",Feixe de molas semielípticas,Eixo rígido,,,,,4000 rpm,2000 rpm,,,1080 kg,,36 graus,26 graus,235 mm,,,2200 kg,750 kg,,,,,,,,,225/75 R16,,,,,,,,,1070 litros,923 km,765 km,"12,3 km/l","10,2 km/l",35 graus,,,,,,,,,,,,,,,,,,
mitsubishi,L200,l200,l200-outdoor-gls-2-5-turbo-2012,l200-outdoor-gls-2-5-turbo-2012,https://www.fichacompleta.com.br/carros/mitsubishi/l200-outdoor-gls-2-5-turbo-2012,2026-06-15T19:14:06.924975,Mitsubishi L200 Outdoor GLS 2.5 Turbo 2012,"15,8 s",158 km/h,Correia dentada,Injeção indireta,Turbocompressor,2477 cm³,4 em linha,4D56,Único no cabeçote,95 mm,"91,1 mm",Longitudinal,Dianteiro,"14,5 kg/cv","66,8 kg/kgfm","48,8 cv/litro",121 cv,21:1,,,,"10,6 kgfm/litro","26,2 kgfm",,2,Embreagem monodisco a seco,Manual,5,,Integral temporária,1800 mm,,,5008 mm,2960 mm,1814 mm,1750 kg,,75 litros,186 mm,Disco ventilado,Tambor,,,,,Hidráulica,"12,8 m",,"Indep., braços sobrepostos",Feixe de molas semielípticas,Eixo rígido,,,,,4000 rpm,2000 rpm,,,1080 kg,,36 graus,26 graus,235 mm,,,,,,,,,,,,,265/70 R16,,,,,,,,,1080 litros,923 km,765 km,"12,3 km/l","10,2 km/l",35 graus,,,,,,,,,,,,,,,,,,
mitsubishi,L200,l200,l200-outdoor-hpe-2-5-turbo-2012,l200-outdoor-hpe-2-5-turbo-2012,https://www.fichacompleta.com.br/carros/mitsubishi/l200-outdoor-hpe-2-5-turbo-2012,2026-06-15T19:14:09.497325,Mitsubishi L200 Outdoor HPE 2.5 Turbo 2012,15 s,170 km/h,Correia dentada,Injeção indireta,Turbocompressor,2477 cm³,4 em linha,4D56 VGT,Único no cabeçote,95 mm,"91,1 mm",Longitudinal,Dianteiro,"12,5 kg/cv","57,5 kg/kgfm","56,9 cv/litro",141 cv,21:1,,,,"12,4 kgfm/litro","30,6 kgfm",,2,Embreagem monodisco a seco,Manual,5,,Integral permanente,1800 mm,,,5008 mm,2960 mm,1814 mm,1760 kg,,75 litros,186 mm,Disco ventilado,Tambor,,,,,Hidráulica,"12,8 m",,"Indep., braços sobrepostos",Feixe de molas semielípticas,Eixo rígido,,,,,4000 rpm,2000 rpm,,,1070 kg,,36 graus,26 graus,235 mm,,,,,,,,,,,,,265/70 R16,,,,,,,,,1070 litros,923 km,765 km,"12,3 km/l","10,2 km/l",35 graus,,,,,,,,,,,,,,,,,,
mitsubishi,L200,l200,l200-savana-2-5-turbo-2012,l200-savana-2-5-turbo-2012,https://www.fichacompleta.com.br/carros/mitsubishi/l200-savana-2-5-turbo-2012,2026-06-15T19:14:14.180330,Mitsubishi L200 Savana 2.5 Turbo 2012,16 s,155 km/h,,Injeção indireta,Turbocompressor,2477 cm³,4 em linha,4D56,"Único no cabeçote, correia dentada",95 mm,"91,1 mm",Longitudinal,Dianteiro,"14,5 kg/cv","66,8 kg/kgfm","48,8 cv/litro",121 cv a 4000 rpm,21:1,,,,"10,6 kgfm/litro","26,2 kgfm a 2000 rpm",,2,Embreagem monodisco a seco,Manual,,5,Integral temporária,1800 mm,1465 mm,1480 mm,5100 mm,2960 mm,1814 mm,1750 kg,1080 litros,75 litros,179 mm,Disco ventilado,Tambor,,,,,Hidráulica,,"12,8 m","Independente, braços sobrepostos",Feixe de molas semielípticas,Eixo rígido,,,,,,,,,1080 kg,,36 graus,26 graus,235 mm,,,,,,,,,,,,,255/70 R16,,,,,,,,,,908 km,758 km,"12,1 km/l","10,1 km/l",35 graus,,,,,,,,,,,,,,,,,,
mitsubishi,L200,l200,l200-triton-glx-3-2-turbo-2012,l200-triton-glx-3-2-turbo-2012,https://www.fichacompleta.com.br/carros/mitsubishi/l200-triton-glx-3-2-turbo-2012,2026-06-15T19:14:18.701497,Mitsubishi L200 Triton GLX 3.2 Turbo 2012,"13,5 s",165 km/h,,Injeção direta,Turbocompressor,3200 cm³,4 em linha,4M41,"Duplo no cabeçote, corrente",105 mm,"98,5 mm",Longitudinal,Dianteiro,"11,4 kg/cv","55,3 kg/kgfm","53,1 cv/litro",170 cv a 3500 rpm,17:1,,,,"10,9 kgfm/litro",35 kgfm a 2000 rpm,,4,Embreagem monodisco a seco,Manual,,5,Integral temporária,1760 mm,1520 mm,1515 mm,5295 mm,3000 mm,1750 mm,1935 kg,788 litros,75 litros,169 mm,Disco ventilado,Tambor,,,,,Hidráulica,,"11,8 m","Independente, braços sobrepostos",Feixe de molas semielípticas,Eixo rígido,,,,,,,,,1005 kg,27 graus,39 graus,23 graus,210 mm,,,2300 kg,750 kg,,,,,,,,,225/75 R16,,,,,,,,,,1140 km,795 km,"15,2 km/l","10,6 km/l",35 graus,,,,,,,,,,,,,,,,,,
mitsubishi,L200,l200,l200-triton-hpe-3-2-turbo-2012,l200-triton-hpe-3-2-turbo-2012,https://www.fichacompleta.com.br/carros/mitsubishi/l200-triton-hpe-3-2-turbo-2012,2026-06-15T19:14:23.415516,Mitsubishi L200 Triton HPE 3.2 Turbo 2012,"13,5 s",165 km/h,,Injeção direta,Turbocompressor,3200 cm³,4 em linha,4M41,"Duplo no cabeçote, corrente",105 mm,"98,5 mm",Longitudinal,Dianteiro,"11,7 kg/cv","50,8 kg/kgfm","51,6 cv/litro",165 cv a 3500 rpm,17:1,,,,"11,9 kgfm/litro","38,1 kgfm a 2000 rpm",,4,Embreagem monodisco a seco,Manual,,5,Integral permanente,1780 mm,1520 mm,1515 mm,5070 mm,3000 mm,1800 mm,1935 kg,788 litros,75 litros,186 mm,Disco ventilado,Tambor,,,,,Hidráulica,,"11,8 m","Independente, braços sobrepostos",Feixe de molas semielípticas,Eixo rígido,,,,,,,,,1015 kg,27 graus,39 graus,26 graus,220 mm,,,2300 kg,750 kg,,,,,,,,,265/70 R16,,,,,,,,,,1140 km,795 km,"15,2 km/l","10,6 km/l",35 graus,,,,,,,,,,,,,,,,,,
mitsubishi,L200,l200,l200-triton-hpe-3-2-turbo-at-2012,l200-triton-hpe-3-2-turbo-at-2012,https://www.fichacompleta.com.br/carros/mitsubishi/l200-triton-hpe-3-2-turbo-at-2012,2026-06-15T19:14:26.528217,Mitsubishi L200 Triton HPE 3.2 Turbo AT 2012,"13,2 s",170 km/h,,Injeção direta,Turbocompressor,3200 cm³,4 em linha,4M41,"Duplo no cabeçote, corrente",105 mm,"98,5 mm",Longitudinal,Dianteiro,"11,8 kg/cv","51,0 kg/kgfm","51,6 cv/litro",165 cv a 3500 rpm,17:1,,,,"11,9 kgfm/litro","38,1 kgfm a 2000 rpm",,4,Conversor de torque,Automático,,4,Integral permanente,1780 mm,1520 mm,1515 mm,5070 mm,3000 mm,1800 mm,1945 kg,788 litros,75 litros,186 mm,Disco ventilado,Tambor,,,,,Hidráulica,,"11,8 m","Independente, braços sobrepostos",Feixe de molas semielípticas,Eixo rígido,,,,,,,,,1005 kg,27 graus,39 graus,26 graus,220 mm,,,2300 kg,750 kg,,,,,,,,,265/70 R16,,,,,,,,,,1140 km,795 km,"15,2 km/l","10,6 km/l",35 graus,,,,,,,,,,,,,,,,,,
mitsubishi,L200,l200,l200-triton-hpe-3-5-v6-at-2012,l200-triton-hpe-3-5-v6-at-2012,https://www.fichacompleta.com.br/carros/mitsubishi/l200-triton-hpe-3-5-v6-at-2012,2026-06-15T19:14:30.241333,Mitsubishi L200 Triton HPE 3.5 V6 AT 2012,"11,8 s",177 km/h,,Injeção multiponto,Natural,3497 cm³,6 em V,6G74,Único no cabeçote,"85,8 mm",93 mm,Longitudinal,Dianteiro,"9,0 kg/cv","55,4 kg/kgfm","58,6 cv/litro",205 cv (A) 200 cv (G) a 5000 rpm,9:1,,,,"9,6 kgfm/litro","33,5 kgfm (A) 31,5 kgfm (G) a 3500 rpm",,4,Conversor de torque,Automático,,4,Integral permanente,1780 mm,1520 mm,1515 mm,5070 mm,3000 mm,1800 mm,1855 kg,788 litros,90 litros,186 mm,Disco ventilado,Tambor,,,,,Hidráulica,,"11,8 m","Independente, braços sobrepostos",Feixe de molas semielípticas,Eixo rígido,630 km,522 km,7 km/l,"5,8 km/l",,,,,1095 kg,27 graus,39 graus,26 graus,220 mm,,V4A5A,2300 kg,750 kg,,,378 km,288 km,"4,2 km/l","3,2 km/l",,,265/70 R16,,,,,,,,,,,,,,35 graus,,,,,,,,,,,,,,,,,,
mitsubishi,L200,l200,l200-triton-xb-3-2-turbo-2012,l200-triton-xb-3-2-turbo-2012,https://www.fichacompleta.com.br/carros/mitsubishi/l200-triton-xb-3-2-turbo-2012,2026-06-15T19:14:34.193812,Mitsubishi L200 Triton XB 3.2 Turbo 2012,"13,5 s",165 km/h,,Injeção direta,Turbocompressor,3200 cm³,4 em linha,4M41,"Duplo no cabeçote, corrente",105 mm,"98,5 mm",Longitudinal,Dianteiro,"11,7 kg/cv","50,8 kg/kgfm","51,6 cv/litro",165 cv a 3500 rpm,17:1,,,,"11,9 kgfm/litro","38,1 kgfm a 2000 rpm",,4,Embreagem monodisco a seco,Manual,,5,Integral temporária,1780 mm,1520 mm,1515 mm,5295 mm,3000 mm,1800 mm,1935 kg,788 litros,75 litros,169 mm,Disco ventilado,Tambor,,,,,Hidráulica,,"11,8 m","Independente, braços sobrepostos",Feixe de molas semielípticas,Eixo rígido,,,,,,,,,1015 kg,27 graus,39 graus,26 graus,220 mm,,,2300 kg,750 kg,,,,,,,,,225/75 R16,,,,,,,,,,1140 km,795 km,"15,2 km/l","10,6 km/l",35 graus,,,,,,,,,,,,,,,,,,
mitsubishi,L200,l200,l200-triton-gl-3-2-turbo-2013,l200-triton-gl-3-2-turbo-2013,https://www.fichacompleta.com.br/carros/mitsubishi/l200-triton-gl-3-2-turbo-2013,2026-06-15T19:14:37.191258,Mitsubishi L200 Triton GL 3.2 Turbo 2013,"12,9 s",175 km/h,Corrente,Injeção direta,Turbocompressor,,4 em linha,4M41,Duplo no cabeçote,105 mm,"98,5 mm",Longitudinal,Dianteiro,"10,78 kg/cv","51,1 kg/kgfm","56,3 cv/litro",180 cv,17:1,,,,"11,9 kgfm/litro",38 kgfm,,4,Embreagem monodisco a seco,Manual,5,,Integral temporária,1760 mm,1520 mm,1515 mm,5295 mm,3000 mm,1750 mm,1940 kg,,90 litros,169 mm,Disco ventilado,Tambor,"2,62 m²","1,231 m²","0,47",,Hidráulica,"11,8 m",,"Indep., braços sobrepostos",Feixe de molas semielípticas,Eixo rígido,,,,,3500 rpm,2000 rpm,,,1010 kg,27 graus,39 graus,23 graus,210 mm,,,2300 kg,750 kg,,,,,,,800 cm³,3200 cm³,225/75 R16,,,,,,,,,1040 litros,954 km,792 km,"10,6 km/l","8,8 km/l",35 graus,,,,,,,,,,,,,,,,,,
mitsubishi,L200,l200,l200-triton-gls-3-2-turbo-2013,l200-triton-gls-3-2-turbo-2013,https://www.fichacompleta.com.br/carros/mitsubishi/l200-triton-gls-3-2-turbo-2013,2026-06-15T19:14:41.793376,Mitsubishi L200 Triton GLS 3.2 Turbo 2013,"13,5 s",165 km/h,,Injeção direta,Turbocompressor,3200 cm³,4 em linha,4M41,"Duplo no cabeçote, corrente",105 mm,"98,5 mm",Longitudinal,Dianteiro,"11,4 kg/cv","55,3 kg/kgfm","53,1 cv/litro",170 cv a 3500 rpm,17:1,,,,"10,9 kgfm/litro",35 kgfm a 2000 rpm,,4,Embreagem monodisco a seco,Manual,,5,Integral temporária,1760 mm,1520 mm,1515 mm,5295 mm,3000 mm,1770 mm,1935 kg,788 litros,75 litros,186 mm,Disco ventilado,Tambor,,,,,Hidráulica,,"11,8 m","Independente, braços sobrepostos",Feixe de molas semielípticas,Eixo rígido,,,,,,,,,1005 kg,27 graus,39 graus,23 graus,220 mm,,,2300 kg,750 kg,,,,,,,,,265/70 R16,,,,,,,,,,1140 km,795 km,"15,2 km/l","10,6 km/l",35 graus,,,,,,,,,,,,,,,,,,
mitsubishi,L200,l200,l200-triton-glx-3-2-turbo-2013,l200-triton-glx-3-2-turbo-2013,https://www.fichacompleta.com.br/carros/mitsubishi/l200-triton-glx-3-2-turbo-2013,2026-06-15T19:14:46.380857,Mitsubishi L200 Triton GLX 3.2 Turbo 2013,"13,5 s",165 km/h,Corrente,Injeção direta,Turbocompressor,3200 cm³,4 em linha,4M41,Duplo no cabeçote,105 mm,"98,5 mm",Longitudinal,Dianteiro,"11,4 kg/cv","55,3 kg/kgfm","53,1 cv/litro",170 cv,17:1,,,,"10,9 kgfm/litro",35 kgfm,,4,Embreagem monodisco a seco,Manual,5,,Integral temporária,1760 mm,1520 mm,1515 mm,5295 mm,3000 mm,1750 mm,1935 kg,,75 litros,169 mm,Disco ventilado,Tambor,,,,,Hidráulica,"11,8 m",,"Indep., braços sobrepostos",Feixe de molas semielípticas,Eixo rígido,,,,,3500 rpm,2000 rpm,,,1005 kg,27 graus,39 graus,23 graus,210 mm,,,2300 kg,750 kg,,,,,,,,,225/75 R16,,,,,,,,,788 litros,1140 km,795 km,"15,2 km/l","10,6 km/l",35 graus,,,,,,,,,,,,,,,,,,
mitsubishi,L200,l200,l200-triton-hls-2-4-flex-2013,l200-triton-hls-2-4-flex-2013,https://www.fichacompleta.com.br/carros/mitsubishi/l200-triton-hls-2-4-flex-2013,2026-06-15T19:14:49.483914,Mitsubishi L200 Triton HLS 2.4 Flex 2013,15 s,160 km/h,,Injeção multiponto,Natural,2351 cm³,4 em linha,,Único no cabeçote,100 mm,"86,5 mm",Longitudinal,Dianteiro,"11,3 kg/cv","72,7 kg/kgfm","60,4 cv/litro",142 cv (A) 138 cv (G) a 5000 rpm,9:1,,5000 rpm,4000 rpm,"9,4 kgfm/litro",22 kgfm (A) 21 kgfm (G) a 4000 rpm,,4,Embreagem monodisco a seco,Manual,5,5,Traseira,1780 mm,1520 mm,1515 mm,5115 mm,3000 mm,1800 mm,1600 kg,788 litros,90 litros,186 mm,Disco ventilado,Tambor,,,,,Hidráulica,"11,8 m","11,8 m","Indep., braços sobrepostos",Feixe de molas semielípticas,Eixo rígido,648 km,549 km,"7,2 km/l","6,1 km/l",,,,,950 kg,27 graus,39 graus,26 graus,215 mm,,,2300 kg,750 kg,,,441 km,360 km,"4,9 km/l",4 km/l,,,265/70 R16,142 cv,138 cv,22 kgfm,21 kgfm,,,,,788 litros,,,,,35 graus,,,,,,,,,,,,,,,,,,
mitsubishi,L200,l200,l200-triton-hpe-3-2-turbo-2013,l200-triton-hpe-3-2-turbo-2013,https://www.fichacompleta.com.br/carros/mitsubishi/l200-triton-hpe-3-2-turbo-2013,2026-06-15T19:14:52.664034,Mitsubishi L200 Triton HPE 3.2 Turbo 2013,"13,5 s",165 km/h,,Injeção direta,Turbocompressor,3200 cm³,4 em linha,4M41,"Duplo no cabeçote, corrente",105 mm,"98,5 mm",Longitudinal,Dianteiro,"11,4 kg/cv","55,3 kg/kgfm","53,1 cv/litro",170 cv a 3500 rpm,17:1,,,,"10,9 kgfm/litro",35 kgfm a 2000 rpm,,4,Embreagem monodisco a seco,Manual,,5,Integral permanente,1780 mm,1520 mm,1515 mm,5115 mm,3000 mm,1800 mm,1935 kg,788 litros,75 litros,186 mm,Disco ventilado,Tambor,,,,,Hidráulica,,"11,8 m","Independente, braços sobrepostos",Feixe de molas semielípticas,Eixo rígido,,,,,,,,,1005 kg,27 graus,39 graus,26 graus,220 mm,,,2300 kg,750 kg,,,,,,,,,265/70 R16,,,,,,,,,,1140 km,795 km,"15,2 km/l","10,6 km/l",35 graus,,,,,,,,,,,,,,,,,,
mitsubishi,L200,l200,l200-triton-hpe-3-2-turbo-at-2013,l200-triton-hpe-3-2-turbo-at-2013,https://www.fichacompleta.com.br/carros/mitsubishi/l200-triton-hpe-3-2-turbo-at-2013,2026-06-15T19:14:55.759380,Mitsubishi L200 Triton HPE 3.2 Turbo AT 2013,"13,2 s",170 km/h,Corrente,Injeção direta,Turbocompressor,3200 cm³,4 em linha,4M41,Duplo no cabeçote,105 mm,"98,5 mm",Longitudinal,Dianteiro,"11,4 kg/cv","55,6 kg/kgfm","53,1 cv/litro",170 cv,17:1,,3500 rpm,2000 rpm,"10,9 kgfm/litro",35 kgfm,,4,Conversor de torque,Automático,4,4,Integral permanente,1780 mm,1520 mm,1515 mm,5115 mm,3000 mm,1800 mm,1945 kg,788 litros,75 litros,186 mm,Disco ventilado,Tambor,,,,,Hidráulica,"11,8 m","11,8 m","Indep., braços sobrepostos",Feixe de molas semielípticas,Eixo rígido,,,,,,,,,1005 kg,27 graus,39 graus,26 graus,220 mm,,,2300 kg,750 kg,,,,,,,,,265/70 R16,,,,,,,,,788 litros,1140 km,795 km,"15,2 km/l","10,6 km/l",35 graus,,,,,,,,,,,,,,,,,,
mitsubishi,L200,l200,l200-triton-hpe-3-5-v6-at-2013,l200-triton-hpe-3-5-v6-at-2013,https://www.fichacompleta.com.br/carros/mitsubishi/l200-triton-hpe-3-5-v6-at-2013,2026-06-15T19:14:58.399542,Mitsubishi L200 Triton HPE 3.5 V6 AT 2013,"11,8 s",177 km/h,Correia dentada,Injeção multiponto,Natural,3497 cm³,6 em V,6G74,Único no cabeçote,"85,8 mm",93 mm,Longitudinal,Dianteiro,"9,0 kg/cv","55,4 kg/kgfm","58,6 cv/litro",,9:1,,,,"9,6 kgfm/litro",,,4,Conversor de torque,Automático,4,,Integral permanente,1780 mm,1520 mm,1515 mm,5070 mm,3000 mm,1800 mm,1855 kg,,90 litros,186 mm,Disco ventilado,Tambor,,,,,Hidráulica,"11,8 m",,"Indep., braços sobrepostos",Feixe de molas semielípticas,Eixo rígido,630 km,522 km,7 km/l,"5,8 km/l",5000 rpm,3500 rpm,,,1095 kg,27 graus,39 graus,26 graus,220 mm,,V4A5A,2300 kg,750 kg,,,378 km,288 km,"4,2 km/l","3,2 km/l",,,265/70 R16,205 cv,200 cv,"33,5 kgfm","31,5 kgfm",,,,,788 litros,,,,,35 graus,,,,,,,,,,,,,,,,,,
mitsubishi,L200,l200,l200-triton-savana-3-2-turbo-2013,l200-triton-savana-3-2-turbo-2013,https://www.fichacompleta.com.br/carros/mitsubishi/l200-triton-savana-3-2-turbo-2013,2026-06-15T19:15:02.025999,Mitsubishi L200 Triton Savana 3.2 Turbo 2013,"13,5 s",165 km/h,Corrente,Injeção direta,Turbocompressor,3200 cm³,4 em linha,4M41,Duplo no cabeçote,105 mm,"98,5 mm",Longitudinal,Dianteiro,"11,4 kg/cv","55,3 kg/kgfm","53,1 cv/litro",170 cv,17:1,,3500 rpm,2000 rpm,"10,9 kgfm/litro",35 kgfm,,4,Embreagem monodisco a seco,Manual,5,5,Integral temporária,1880 mm,1520 mm,1515 mm,5165 mm,3000 mm,1800 mm,1935 kg,788 litros,75 litros,179 mm,Disco ventilado,Tambor,,,,,Hidráulica,"11,8 m","11,8 m","Indep., braços sobrepostos",Feixe de molas semielípticas,Eixo rígido,,,,,,,,,1015 kg,27 graus,39 graus,26 graus,220 mm,,,2300 kg,750 kg,,,,,,,,,255/70 R16,,,,,,,,,788 litros,975 km,675 km,13 km/l,9 km/l,35 graus,800 mm,,,,,,,,,,,,,,,,,
mitsubishi,L200,l200,l200-triton-gl-3-2-turbo-2014,l200-triton-gl-3-2-turbo-2014,https://www.fichacompleta.com.br/carros/mitsubishi/l200-triton-gl-3-2-turbo-2014,2026-06-15T19:15:06.146037,Mitsubishi L200 Triton GL 3.2 Turbo 2014,"12,9 s",175 km/h,,Injeção direta,Turbocompressor,3200 cm³,4 em linha,4M41,"Duplo no cabeçote, corrente",105 mm,"98,5 mm",Longitudinal,Dianteiro,"10,8 kg/cv","51,1 kg/kgfm","56,3 cv/litro",180 cv a 3500 rpm,17:1,,,,"11,9 kgfm/litro",38 kgfm a 2000 rpm,,4,Embreagem monodisco a seco,Manual,,5,Integral temporária,1760 mm,1520 mm,1515 mm,5295 mm,3000 mm,1750 mm,1940 kg,1040 litros,90 litros,169 mm,Disco ventilado,Tambor,"2,62 m²","1,231 m²",,"0,47",Hidráulica,,"11,8 m","Independente, braços sobrepostos",Feixe de molas semielípticas,Eixo rígido,,,,,,,,,1010 kg,27 graus,39 graus,23 graus,210 mm,,,2300 kg,750 kg,,,,,,,,,225/75 R16,,,,,,,,,,954 km,792 km,"10,6 km/l","8,8 km/l",35 graus,,,,,,,,,,,,,,,,,,
mitsubishi,L200,l200,l200-triton-gls-3-2-turbo-2014,l200-triton-gls-3-2-turbo-2014,https://www.fichacompleta.com.br/carros/mitsubishi/l200-triton-gls-3-2-turbo-2014,2026-06-15T19:15:09.424041,Mitsubishi L200 Triton GLS 3.2 Turbo 2014,"12,9 s",175 km/h,,Injeção direta,Turbocompressor,3200 cm³,4 em linha,4M41,"Duplo no cabeçote, corrente",105 mm,"98,5 mm",Longitudinal,Dianteiro,"10,8 kg/cv","51,1 kg/kgfm","56,3 cv/litro",180 cv a 3500 rpm,17:1,,,,"11,9 kgfm/litro",38 kgfm a 2000 rpm,,4,Embreagem monodisco a seco,Manual,,5,Integral temporária,1780 mm,1520 mm,1515 mm,5295 mm,3000 mm,1770 mm,1940 kg,1040 litros,90 litros,186 mm,Disco ventilado,Tambor,"2,68 m²","1,260 m²",,"0,47",Hidráulica,,"11,8 m","Independente, braços sobrepostos",Feixe de molas semielípticas,Eixo rígido,,,,,,,,,1010 kg,27 graus,39 graus,23 graus,220 mm,,,2300 kg,750 kg,,,,,,,,,265/70 R16,,,,,,,,,,1260 km,945 km,14 km/l,"10,5 km/l",35 graus,,,,,,,,,,,,,,,,,,
mitsubishi,L200,l200,l200-triton-glx-3-2-turbo-2014,l200-triton-glx-3-2-turbo-2014,https://www.fichacompleta.com.br/carros/mitsubishi/l200-triton-glx-3-2-turbo-2014,2026-06-15T19:15:12.224288,Mitsubishi L200 Triton GLX 3.2 Turbo 2014,"12,9 s",175 km/h,,Injeção direta,Turbocompressor,3200 cm³,4 em linha,4M41,"Duplo no cabeçote, corrente",105 mm,"98,5 mm",Longitudinal,Dianteiro,"10,8 kg/cv","51,1 kg/kgfm","56,3 cv/litro",180 cv a 3500 rpm,17:1,,,,"11,9 kgfm/litro",38 kgfm a 2000 rpm,,4,Embreagem monodisco a seco,Manual,,5,Integral temporária,1760 mm,1520 mm,1515 mm,5295 mm,3000 mm,1750 mm,1940 kg,1040 litros,90 litros,169 mm,Disco ventilado,Tambor,"2,62 m²","1,231 m²",,"0,47",Hidráulica,,"11,8 m","Independente, braços sobrepostos",Feixe de molas semielípticas,Eixo rígido,,,,,,,,,1010 kg,27 graus,39 graus,23 graus,210 mm,,,2300 kg,750 kg,,,,,,,,,225/75 R16,,,,,,,,,,1260 km,945 km,14 km/l,"10,5 km/l",35 graus,,,,,,,,,,,,,,,,,,
mitsubishi,L200,l200,l200-triton-hls-2-4-flex-2014,l200-triton-hls-2-4-flex-2014,https://www.fichacompleta.com.br/carros/mitsubishi/l200-triton-hls-2-4-flex-2014,2026-06-15T19:15:15.106738,Mitsubishi L200 Triton HLS 2.4 Flex 2014,15 s,160 km/h,,Injeção multiponto,Natural,2351 cm³,4 em linha,,Único no cabeçote,100 mm,"86,5 mm",Longitudinal,Dianteiro,"11,3 kg/cv","72,7 kg/kgfm","60,4 cv/litro",142 cv (A) 138 cv (G) a 5000 rpm,9:1,,,,"9,4 kgfm/litro",22 kgfm (A) 21 kgfm (G) a 4000 rpm,,4,Embreagem monodisco a seco,Manual,,5,Traseira,1780 mm,1520 mm,1515 mm,5115 mm,3000 mm,1800 mm,1600 kg,788 litros,90 litros,186 mm,Disco ventilado,Tambor,"2,72 m²","1,278 m²",,"0,47",Hidráulica,,"11,4 m","Independente, braços sobrepostos",Feixe de molas semielípticas,Eixo rígido,648 km,549 km,"7,2 km/l","6,1 km/l",,,,,950 kg,,,,215 mm,,,,750 kg,,,441 km,360 km,"4,9 km/l",4 km/l,,,265/70 R16,,,,,,,,,,,,,,,,,,,,,,,,,,,,,,,,
mitsubishi,L200,l200,l200-triton-hpe-3-2-turbo-2014,l200-triton-hpe-3-2-turbo-2014,https://www.fichacompleta.com.br/carros/mitsubishi/l200-triton-hpe-3-2-turbo-2014,2026-06-15T19:15:18.136416,Mitsubishi L200 Triton HPE 3.2 Turbo 2014,"12,9 s",175 km/h,,Injeção direta,Turbocompressor,3200 cm³,4 em linha,4M41,"Duplo no cabeçote, corrente",105 mm,"98,5 mm",Longitudinal,Dianteiro,"10,8 kg/cv","50,9 kg/kgfm","56,3 cv/litro",180 cv a 3500 rpm,17:1,,,,"11,9 kgfm/litro",38 kgfm a 2000 rpm,,4,Embreagem monodisco a seco,Manual,,5,Integral permanente,1780 mm,1520 mm,1515 mm,5115 mm,3000 mm,1800 mm,1935 kg,788 litros,90 litros,186 mm,Disco ventilado,Tambor,"2,72 m²","1,278 m²",,"0,47",Hidráulica,,"11,8 m","Independente, braços sobrepostos",Feixe de molas semielípticas,Eixo rígido,,,,,,,,,1015 kg,27 graus,39 graus,26 graus,220 mm,,,2300 kg,750 kg,,,,,,,,,265/70 R16,,,,,,,,,,1260 km,945 km,14 km/l,"10,5 km/l",35 graus,,,,,,,,,,,,,,,,,,
mitsubishi,L200,l200,l200-triton-hpe-3-2-turbo-at-2014,l200-triton-hpe-3-2-turbo-at-2014,https://www.fichacompleta.com.br/carros/mitsubishi/l200-triton-hpe-3-2-turbo-at-2014,2026-06-15T19:15:22.737902,Mitsubishi L200 Triton HPE 3.2 Turbo AT 2014,"13,1 s",172 km/h,Corrente,Injeção direta,Turbocompressor,3200 cm³,4 em linha,4M41,Duplo no cabeçote,105 mm,"98,5 mm",Longitudinal,Dianteiro,"10,8 kg/cv","51,2 kg/kgfm","56,3 cv/litro",180 cv,17:1,,3500 rpm,2000 rpm,"11,9 kgfm/litro",38 kgfm,,4,Conversor de torque,Automático,5,5,Integral permanente,1780 mm,1520 mm,1515 mm,5115 mm,3000 mm,1800 mm,1945 kg,788 litros,90 litros,186 mm,Disco ventilado,Tambor,"2,72 m²","1,278 m²","0,47","0,47",Hidráulica,"11,8 m","11,8 m","Indep., braços sobrepostos",Feixe de molas semielípticas,Eixo rígido,,,,,,,,,1005 kg,27 graus,39 graus,26 graus,220 mm,,V5A5A,2300 kg,750 kg,,,,,,,,,265/70 R16,,,,,,,,,788 litros,1260 km,945 km,14 km/l,"10,5 km/l",35 graus,,,,,,,,,,,,,,,,,,
mitsubishi,L200,l200,l200-triton-hpe-3-5-v6-at-2014,l200-triton-hpe-3-5-v6-at-2014,https://www.fichacompleta.com.br/carros/mitsubishi/l200-triton-hpe-3-5-v6-at-2014,2026-06-15T19:15:26.513268,Mitsubishi L200 Triton HPE 3.5 V6 AT 2014,"11,8 s",177 km/h,,Injeção multiponto,Natural,3497 cm³,6 em V,6G74,Único no cabeçote,"85,8 mm",93 mm,Longitudinal,Dianteiro,"9,0 kg/cv","55,4 kg/kgfm","58,6 cv/litro",205 cv (A) 200 cv (G) a 5000 rpm,9:1,,,,"9,6 kgfm/litro","33,5 kgfm (A) 31,5 kgfm (G) a 3500 rpm",,4,Conversor de torque,Automático,,4,Integral permanente,1780 mm,1520 mm,1515 mm,5115 mm,3000 mm,1800 mm,1855 kg,788 litros,90 litros,186 mm,Disco ventilado,Tambor,"2,72 m²","1,278 m²",,"0,47",Hidráulica,,"11,8 m","Independente, braços sobrepostos",Feixe de molas semielípticas,Eixo rígido,630 km,522 km,7 km/l,"5,8 km/l",,,,,1095 kg,27 graus,39 graus,26 graus,220 mm,,V4A5A,2300 kg,750 kg,,,378 km,288 km,"4,2 km/l","3,2 km/l",,,265/70 R16,,,,,,,,,,,,,,35 graus,,,,,,,,,,,,,,,,,,
mitsubishi,L200,l200,l200-triton-savana-3-2-turbo-2014,l200-triton-savana-3-2-turbo-2014,https://www.fichacompleta.com.br/carros/mitsubishi/l200-triton-savana-3-2-turbo-2014,2026-06-15T19:15:31.159165,Mitsubishi L200 Triton Savana 3.2 Turbo 2014,"13,5 s",165 km/h,,Injeção direta,Turbocompressor,3200 cm³,4 em linha,4M41,"Duplo no cabeçote, corrente",105 mm,"98,5 mm",Longitudinal,Dianteiro,"10,8 kg/cv","50,9 kg/kgfm","56,3 cv/litro",180 cv a 3500 rpm,17:1,,,,"11,9 kgfm/litro",38 kgfm a 2000 rpm,,4,Embreagem monodisco a seco,Manual,,5,Integral temporária,1880 mm,1520 mm,1515 mm,5165 mm,3000 mm,1800 mm,1935 kg,788 litros,90 litros,179 mm,Disco ventilado,Tambor,,,,,Hidráulica,,"11,8 m","Independente, braços sobrepostos",Feixe de molas semielípticas,Eixo rígido,,,,,,,,,1015 kg,27 graus,39 graus,26 graus,220 mm,,,2300 kg,750 kg,,,,,,,,,255/70 R16,,,,,,,,,,1170 km,810 km,13 km/l,9 km/l,35 graus,800 mm,,,,,,,,,,,,,,,,,
mitsubishi,L200,l200,l200-triton-gl-3-2-turbo-2015,l200-triton-gl-3-2-turbo-2015,https://www.fichacompleta.com.br/carros/mitsubishi/l200-triton-gl-3-2-turbo-2015,2026-06-15T19:15:34.561101,Mitsubishi L200 Triton GL 3.2 Turbo 2015,"12,9 s",175 km/h,Corrente,Injeção direta,Turbocompressor,3200 cm³,4 em linha,4M41,Duplo no cabeçote,105 mm,"98,5 mm",Longitudinal,Dianteiro,"10,8 kg/cv","51,1 kg/kgfm","56,3 cv/litro",180 cv,17:1,,,,"11,9 kgfm/litro",38 kgfm,,4,Embreagem monodisco a seco,Manual,5,,Integral temporária,1760 mm,1520 mm,1515 mm,5295 mm,3000 mm,1750 mm,1940 kg,,90 litros,169 mm,Disco ventilado,Tambor,"2,62 m²","1,231 m²","0,47",,Hidráulica,"11,8 m",,"Indep., braços sobrepostos",Feixe de molas semielípticas,Eixo rígido,,,,,3500 rpm,2000 rpm,,,1010 kg,27 graus,39 graus,23 graus,210 mm,,,2300 kg,750 kg,,,,,,,,,225/75 R16,,,,,,,,,1040 litros,954 km,792 km,"10,6 km/l","8,8 km/l",35 graus,,,,,,,,,,,,,,,,,,
mitsubishi,L200,l200,l200-triton-gls-3-2-turbo-2015,l200-triton-gls-3-2-turbo-2015,https://www.fichacompleta.com.br/carros/mitsubishi/l200-triton-gls-3-2-turbo-2015,2026-06-15T19:15:39.147505,Mitsubishi L200 Triton GLS 3.2 Turbo 2015,"12,9 s",175 km/h,Corrente,Injeção direta,Turbocompressor,3200 cm³,4 em linha,4M41,Duplo no cabeçote,105 mm,"98,5 mm",Longitudinal,Dianteiro,"10,8 kg/cv","51,1 kg/kgfm","56,3 cv/litro",180 cv,17:1,,,,"11,9 kgfm/litro",38 kgfm,,4,Embreagem monodisco a seco,Manual,5,,Integral temporária,1780 mm,1520 mm,1515 mm,5295 mm,3000 mm,1770 mm,1940 kg,,90 litros,186 mm,Disco ventilado,Tambor,"2,68 m²","1,260 m²","0,47",,Hidráulica,"11,8 m",,"Indep., braços sobrepostos",Feixe de molas semielípticas,Eixo rígido,,,,,3500 rpm,2000 rpm,,,1010 kg,27 graus,39 graus,23 graus,220 mm,,,2300 kg,750 kg,,,,,,,,,265/70 R16,,,,,,,,,1040 litros,1260 km,945 km,14 km/l,"10,5 km/l",35 graus,,,,,,,,,,,,,,,,,,
mitsubishi,L200,l200,l200-triton-glx-3-2-turbo-2015,l200-triton-glx-3-2-turbo-2015,https://www.fichacompleta.com.br/carros/mitsubishi/l200-triton-glx-3-2-turbo-2015,2026-06-15T19:15:43.187247,Mitsubishi L200 Triton GLX 3.2 Turbo 2015,"12,9 s",175 km/h,Corrente,Injeção direta,Turbocompressor,3200 cm³,4 em linha,4M41,Duplo no cabeçote,105 mm,"98,5 mm",Longitudinal,Dianteiro,"10,8 kg/cv","51,1 kg/kgfm","56,3 cv/litro",180 cv,17:1,,,,"11,9 kgfm/litro",38 kgfm,,4,Embreagem monodisco a seco,Manual,5,,Integral temporária,1760 mm,1520 mm,1515 mm,5295 mm,3000 mm,1750 mm,1940 kg,,90 litros,169 mm,Disco ventilado,Tambor,"2,62 m²","1,231 m²","0,47",,Hidráulica,"11,8 m",,"Indep., braços sobrepostos",Feixe de molas semielípticas,Eixo rígido,,,,,3500 rpm,2000 rpm,,,1010 kg,27 graus,39 graus,23 graus,210 mm,,,2300 kg,750 kg,,,,,,,,,225/75 R16,,,,,,,,,1040 litros,1260 km,945 km,14 km/l,"10,5 km/l",35 graus,,,,,,,,,,,,,,,,,,
mitsubishi,L200,l200,l200-triton-hls-2-4-flex-2015,l200-triton-hls-2-4-flex-2015,https://www.fichacompleta.com.br/carros/mitsubishi/l200-triton-hls-2-4-flex-2015,2026-06-15T19:15:46.574345,Mitsubishi L200 Triton HLS 2.4 Flex 2015,15 s,160 km/h,,Injeção multiponto,Natural,2351 cm³,4 em linha,,Único no cabeçote,100 mm,"86,5 mm",Longitudinal,Dianteiro,"11,3 kg/cv","72,7 kg/kgfm","60,4 cv/litro",142 cv (A) 138 cv (G) a 5000 rpm,9:1,,,,"9,4 kgfm/litro",22 kgfm (A) 21 kgfm (G) a 4000 rpm,,4,Embreagem monodisco a seco,Manual,,5,Traseira,1780 mm,1520 mm,1515 mm,5115 mm,3000 mm,1800 mm,1600 kg,788 litros,90 litros,186 mm,Disco ventilado,Tambor,"2,72 m²","1,278 m²",,"0,47",Hidráulica,,"11,4 m","Independente, braços sobrepostos",Feixe de molas semielípticas,Eixo rígido,648 km,549 km,"7,2 km/l","6,1 km/l",,,,,950 kg,,,,215 mm,,,,750 kg,,,441 km,360 km,"4,9 km/l",4 km/l,,,265/70 R16,,,,,,,,,,,,,,,,,,,,,,,,,,,,,,,,
mitsubishi,L200,l200,l200-triton-hpe-3-2-turbo-2015,l200-triton-hpe-3-2-turbo-2015,https://www.fichacompleta.com.br/carros/mitsubishi/l200-triton-hpe-3-2-turbo-2015,2026-06-15T19:15:49.651385,Mitsubishi L200 Triton HPE 3.2 Turbo 2015,"12,9 s",175 km/h,,Injeção direta,Turbocompressor,3200 cm³,4 em linha,4M41,"Duplo no cabeçote, corrente",105 mm,"98,5 mm",Longitudinal,Dianteiro,"10,8 kg/cv","50,9 kg/kgfm","56,3 cv/litro",180 cv a 3500 rpm,17:1,,,,"11,9 kgfm/litro",38 kgfm a 2000 rpm,,4,Embreagem monodisco a seco,Manual,,5,Integral permanente,1780 mm,1520 mm,1515 mm,5115 mm,3000 mm,1800 mm,1935 kg,788 litros,90 litros,186 mm,Disco ventilado,Tambor,"2,72 m²","1,278 m²",,"0,47",Hidráulica,,"11,8 m","Independente, braços sobrepostos",Feixe de molas semielípticas,Eixo rígido,,,,,,,,,1015 kg,27 graus,39 graus,26 graus,220 mm,,,2300 kg,750 kg,,,,,,,,,265/70 R16,,,,,,,,,,1260 km,945 km,14 km/l,"10,5 km/l",35 graus,,,,,,,,,,,,,,,,,,
mitsubishi,L200,l200,l200-triton-hpe-3-2-turbo-at-2015,l200-triton-hpe-3-2-turbo-at-2015,https://www.fichacompleta.com.br/carros/mitsubishi/l200-triton-hpe-3-2-turbo-at-2015,2026-06-15T19:15:53.368297,Mitsubishi L200 Triton HPE 3.2 Turbo AT 2015,"13,1 s",172 km/h,,Injeção direta,Turbocompressor,3200 cm³,4 em linha,4M41,"Duplo no cabeçote, corrente",105 mm,"98,5 mm",Longitudinal,Dianteiro,"10,8 kg/cv","51,2 kg/kgfm","56,3 cv/litro",180 cv a 3500 rpm,17:1,,,,"11,9 kgfm/litro",38 kgfm a 2000 rpm,,4,Conversor de torque,Automático,,5,Integral permanente,1780 mm,1520 mm,1515 mm,5115 mm,3000 mm,1800 mm,1945 kg,788 litros,90 litros,186 mm,Disco ventilado,Tambor,"2,72 m²","1,278 m²",,"0,47",Hidráulica,,"11,8 m","Independente, braços sobrepostos",Feixe de molas semielípticas,Eixo rígido,,,,,,,,,1005 kg,27 graus,39 graus,26 graus,220 mm,,V5A5A,2300 kg,750 kg,,,,,,,,,265/70 R16,,,,,,,,,,1260 km,945 km,14 km/l,"10,5 km/l",35 graus,,,,,,,,,,,,,,,,,,
mitsubishi,L200,l200,l200-triton-hpe-3-5-v6-at-2015,l200-triton-hpe-3-5-v6-at-2015,https://www.fichacompleta.com.br/carros/mitsubishi/l200-triton-hpe-3-5-v6-at-2015,2026-06-15T19:15:56.013637,Mitsubishi L200 Triton HPE 3.5 V6 AT 2015,"11,8 s",177 km/h,Correia dentada,Injeção multiponto,Natural,3497 cm³,6 em V,6G74,Único no cabeçote,"85,8 mm",93 mm,Longitudinal,Dianteiro,"9,0 kg/cv","55,4 kg/kgfm","58,6 cv/litro",,9:1,,,,"9,6 kgfm/litro",,,4,Conversor de torque,Automático,4,,Integral permanente,1780 mm,1520 mm,1515 mm,5115 mm,3000 mm,1800 mm,1855 kg,,90 litros,186 mm,Disco ventilado,Tambor,"2,72 m²","1,278 m²","0,47",,Hidráulica,"11,8 m",,"Indep., braços sobrepostos",Feixe de molas semielípticas,Eixo rígido,630 km,522 km,7 km/l,"5,8 km/l",5000 rpm,3500 rpm,,,1095 kg,27 graus,39 graus,26 graus,220 mm,,V4A5A,2300 kg,750 kg,,,378 km,288 km,"4,2 km/l","3,2 km/l",,,265/70 R16,205 cv,200 cv,"33,5 kgfm","31,5 kgfm",,,,,788 litros,,,,,35 graus,,,,,,,,,,,,,,,,,,
mitsubishi,L200,l200,l200-triton-savana-3-2-turbo-2015,l200-triton-savana-3-2-turbo-2015,https://www.fichacompleta.com.br/carros/mitsubishi/l200-triton-savana-3-2-turbo-2015,2026-06-15T19:15:59.301495,Mitsubishi L200 Triton Savana 3.2 Turbo 2015,"13,5 s",165 km/h,Corrente,Injeção direta,Turbocompressor,3200 cm³,4 em linha,4M41,Duplo no cabeçote,105 mm,"98,5 mm",Longitudinal,Dianteiro,"10,8 kg/cv","51,1 kg/kgfm","56,3 cv/litro",180 cv,17:1,,3500 rpm,2000 rpm,"11,9 kgfm/litro",38 kgfm,,4,Embreagem monodisco a seco,Manual,5,5,Integral temporária,1880 mm,1520 mm,1515 mm,5165 mm,3000 mm,1800 mm,1940 kg,788 litros,90 litros,179 mm,Disco ventilado,Tambor,,,,,Hidráulica,"11,8 m","11,8 m","Indep., braços sobrepostos",Feixe de molas semielípticas,Eixo rígido,,,,,,,,,1010 kg,27 graus,39 graus,26 graus,220 mm,,,2300 kg,750 kg,,,,,,,,,255/70 R16,,,,,,,,,788 litros,1170 km,810 km,13 km/l,9 km/l,35 graus,800 mm,,,,,,,,,,,,,,,,,
mitsubishi,L200,l200,l200-triton-gl-3-2-turbo-2016,l200-triton-gl-3-2-turbo-2016,https://www.fichacompleta.com.br/carros/mitsubishi/l200-triton-gl-3-2-turbo-2016,2026-06-15T19:16:04.024439,Mitsubishi L200 Triton GL 3.2 Turbo 2016,"12,9 s",175 km/h,,Injeção direta,Turbocompressor,3200 cm³,4 em linha,4M41,"Duplo no cabeçote, corrente",105 mm,"98,5 mm",Longitudinal,Dianteiro,"10,8 kg/cv","51,1 kg/kgfm","56,3 cv/litro",180 cv a 3500 rpm,17:1,,,,"11,9 kgfm/litro",38 kgfm a 2000 rpm,,4,Embreagem monodisco a seco,Manual,,5,Integral temporária,1760 mm,1520 mm,1515 mm,5295 mm,3000 mm,1750 mm,1940 kg,1040 litros,90 litros,169 mm,Disco ventilado,Tambor,"2,62 m²","1,231 m²",,"0,47",Hidráulica,,"11,8 m","Independente, braços sobrepostos",Feixe de molas semielípticas,Eixo rígido,,,,,,,,,1010 kg,27 graus,39 graus,23 graus,210 mm,,,2300 kg,750 kg,,,,,,,,,225/75 R16,,,,,,,,,,954 km,792 km,"10,6 km/l","8,8 km/l",35 graus,,,,,,,,,,,,,,,,,,
mitsubishi,L200,l200,l200-triton-gls-3-2-turbo-2016,l200-triton-gls-3-2-turbo-2016,https://www.fichacompleta.com.br/carros/mitsubishi/l200-triton-gls-3-2-turbo-2016,2026-06-15T19:16:08.087310,Mitsubishi L200 Triton GLS 3.2 Turbo 2016,"12,9 s",175 km/h,,Injeção direta,Turbocompressor,3200 cm³,4 em linha,4M41,"Duplo no cabeçote, corrente",105 mm,"98,5 mm",Longitudinal,Dianteiro,"10,8 kg/cv","51,1 kg/kgfm","56,3 cv/litro",180 cv a 3500 rpm,17:1,,,,"11,9 kgfm/litro",38 kgfm a 2000 rpm,,4,Embreagem monodisco a seco,Manual,,5,Integral temporária,1780 mm,1520 mm,1515 mm,5295 mm,3000 mm,1770 mm,1940 kg,1040 litros,90 litros,186 mm,Disco ventilado,Tambor,"2,68 m²","1,260 m²",,"0,47",Hidráulica,,"11,8 m","Independente, braços sobrepostos",Feixe de molas semielípticas,Eixo rígido,,,,,,,,,1010 kg,27 graus,39 graus,23 graus,220 mm,,,2300 kg,750 kg,,,,,,,,,265/70 R16,,,,,,,,,,1260 km,945 km,14 km/l,"10,5 km/l",35 graus,,,,,,,,,,,,,,,,,,
mitsubishi,L200,l200,l200-triton-glx-3-2-turbo-2016,l200-triton-glx-3-2-turbo-2016,https://www.fichacompleta.com.br/carros/mitsubishi/l200-triton-glx-3-2-turbo-2016,2026-06-15T19:16:12.390473,Mitsubishi L200 Triton GLX 3.2 Turbo 2016,"12,9 s",175 km/h,,Injeção direta,Turbocompressor,3200 cm³,4 em linha,4M41,"Duplo no cabeçote, corrente",105 mm,"98,5 mm",Longitudinal,Dianteiro,"10,8 kg/cv","51,1 kg/kgfm","56,3 cv/litro",180 cv a 3500 rpm,17:1,,,,"11,9 kgfm/litro",38 kgfm a 2000 rpm,,4,Embreagem monodisco a seco,Manual,,5,Integral temporária,1760 mm,1520 mm,1515 mm,5295 mm,3000 mm,1750 mm,1940 kg,1040 litros,90 litros,169 mm,Disco ventilado,Tambor,"2,62 m²","1,231 m²",,"0,47",Hidráulica,,"11,8 m","Independente, braços sobrepostos",Feixe de molas semielípticas,Eixo rígido,,,,,,,,,1010 kg,27 graus,39 graus,23 graus,210 mm,,,2300 kg,750 kg,,,,,,,,,225/75 R16,,,,,,,,,,1260 km,945 km,14 km/l,"10,5 km/l",35 graus,,,,,,,,,,,,,,,,,,
mitsubishi,L200,l200,l200-triton-hls-2-4-flex-2016,l200-triton-hls-2-4-flex-2016,https://www.fichacompleta.com.br/carros/mitsubishi/l200-triton-hls-2-4-flex-2016,2026-06-15T19:16:17.071552,Mitsubishi L200 Triton HLS 2.4 Flex 2016,15 s,160 km/h,,Injeção multiponto,Natural,2351 cm³,4 em linha,,Único no cabeçote,,,Longitudinal,Dianteiro,"11,3 kg/cv","72,7 kg/kgfm","60,4 cv/litro",142 cv (A) 138 cv (G) a 5000 rpm,9:1,,,,"9,4 kgfm/litro",22 kgfm (A) 21 kgfm (G) a 4000 rpm,,4,Embreagem monodisco a seco,Manual,,5,Traseira,1780 mm,1520 mm,1515 mm,5115 mm,3000 mm,1800 mm,1600 kg,788 litros,90 litros,186 mm,Disco ventilado,Tambor,"2,72 m²","1,278 m²",,"0,47",Hidráulica,,"11,4 m","Independente, braços sobrepostos",Feixe de molas semielípticas,Eixo rígido,648 km,549 km,"7,2 km/l","6,1 km/l",,,,,950 kg,,,,215 mm,,,,750 kg,100 mm,"86,5 mm",441 km,360 km,"4,9 km/l",4 km/l,,,265/70 R16,,,,,,,,,,,,,,,,,,,,,,,,,,,,,,,,
mitsubishi,L200,l200,l200-triton-hls-chrome-edition-2-4-flex-2016,l200-triton-hls-chrome-edition-2-4-flex-2016,https://www.fichacompleta.com.br/carros/mitsubishi/l200-triton-hls-chrome-edition-2-4-flex-2016,2026-06-15T19:16:21.517580,Mitsubishi L200 Triton HLS Chrome Edition 2.4 Flex 2016,15 s,160 km/h,,Injeção multiponto,Natural,2351 cm³,4 em linha,,Único no cabeçote,100 mm,"86,5 mm",Longitudinal,Dianteiro,"11,3 kg/cv","72,7 kg/kgfm","60,4 cv/litro",142 cv (A) 138 cv (G) a 5000 rpm,9:1,,,,"9,4 kgfm/litro",22 kgfm (A) 21 kgfm (G) a 4000 rpm,,4,Embreagem monodisco a seco,Manual,,5,Traseira,1780 mm,1520 mm,1515 mm,5115 mm,3000 mm,1800 mm,1600 kg,788 litros,90 litros,172 mm,Disco ventilado,Tambor,"2,72 m²","1,278 m²",,"0,47",Hidráulica,,"11,4 m","Independente, braços sobrepostos",Feixe de molas semielípticas,Eixo rígido,648 km,549 km,"7,2 km/l","6,1 km/l",,,,,950 kg,,,,215 mm,,,,750 kg,,,441 km,360 km,"4,9 km/l",4 km/l,,,265/65 R17,,,,,,,,,,,,,,,,,,,,,,,,,,,,,,,,
mitsubishi,L200,l200,l200-triton-hpe-3-2-turbo-2016,l200-triton-hpe-3-2-turbo-2016,https://www.fichacompleta.com.br/carros/mitsubishi/l200-triton-hpe-3-2-turbo-2016,2026-06-15T19:16:26.191539,Mitsubishi L200 Triton HPE 3.2 Turbo 2016,"12,9 s",175 km/h,,Injeção direta,Turbocompressor,3200 cm³,4 em linha,4M41,"Duplo no cabeçote, corrente",105 mm,"98,5 mm",Longitudinal,Dianteiro,"10,8 kg/cv","50,9 kg/kgfm","56,3 cv/litro",180 cv a 3500 rpm,17:1,,,,"11,9 kgfm/litro",38 kgfm a 2000 rpm,,4,Embreagem monodisco a seco,Manual,,5,Integral permanente,1780 mm,1520 mm,1515 mm,5115 mm,3000 mm,1800 mm,1935 kg,788 litros,90 litros,186 mm,Disco ventilado,Tambor,"2,72 m²","1,278 m²",,"0,47",Hidráulica,,"11,8 m","Independente, braços sobrepostos",Feixe de molas semielípticas,Eixo rígido,,,,,,,,,1015 kg,27 graus,39 graus,26 graus,220 mm,,,2300 kg,750 kg,,,,,,,,,265/70 R16,,,,,,,,,,1260 km,945 km,14 km/l,"10,5 km/l",35 graus,,,,,,,,,,,,,,,,,,
mitsubishi,L200,l200,l200-triton-hpe-3-2-turbo-at-2016,l200-triton-hpe-3-2-turbo-at-2016,https://www.fichacompleta.com.br/carros/mitsubishi/l200-triton-hpe-3-2-turbo-at-2016,2026-06-15T19:16:30.557419,Mitsubishi L200 Triton HPE 3.2 Turbo AT 2016,"13,1 s",172 km/h,,Injeção direta,Turbocompressor,3200 cm³,4 em linha,4M41,"Duplo no cabeçote, corrente",105 mm,"98,5 mm",Longitudinal,Dianteiro,"10,8 kg/cv","51,2 kg/kgfm","56,3 cv/litro",180 cv a 3500 rpm,17:1,,,,"11,9 kgfm/litro",38 kgfm a 2000 rpm,,4,Conversor de torque,Automático,,5,Integral permanente,1780 mm,1520 mm,1515 mm,5115 mm,3000 mm,1800 mm,1945 kg,788 litros,90 litros,186 mm,Disco ventilado,Tambor,"2,72 m²","1,278 m²",,"0,47",Hidráulica,,"11,8 m","Independente, braços sobrepostos",Feixe de molas semielípticas,Eixo rígido,,,,,,,,,1005 kg,27 graus,39 graus,26 graus,220 mm,,V5A5A,2300 kg,750 kg,,,,,,,,,265/70 R16,,,,,,,,,,1260 km,945 km,14 km/l,"10,5 km/l",35 graus,,,,,,,,,,,,,,,,,,
mitsubishi,L200,l200,l200-triton-hpe-3-5-v6-at-2016,l200-triton-hpe-3-5-v6-at-2016,https://www.fichacompleta.com.br/carros/mitsubishi/l200-triton-hpe-3-5-v6-at-2016,2026-06-15T19:16:34.647420,Mitsubishi L200 Triton HPE 3.5 V6 AT 2016,"11,8 s",177 km/h,,Injeção multiponto,Natural,3497 cm³,6 em V,6G74,Único no cabeçote,"85,8 mm",93 mm,Longitudinal,Dianteiro,"9,0 kg/cv","55,4 kg/kgfm","58,6 cv/litro",205 cv (A) 200 cv (G) a 5000 rpm,9:1,,,,"9,6 kgfm/litro","33,5 kgfm (A) 31,5 kgfm (G) a 3500 rpm",,4,Conversor de torque,Automático,,4,Integral permanente,1780 mm,1520 mm,1515 mm,5115 mm,3000 mm,1800 mm,1855 kg,788 litros,90 litros,186 mm,Disco ventilado,Tambor,"2,72 m²","1,278 m²",,"0,47",Hidráulica,,"11,8 m","Independente, braços sobrepostos",Feixe de molas semielípticas,Eixo rígido,630 km,522 km,7 km/l,"5,8 km/l",,,,,1095 kg,27 graus,39 graus,26 graus,220 mm,,V4A5A,2300 kg,750 kg,,,378 km,288 km,"4,2 km/l","3,2 km/l",,,265/70 R16,,,,,,,,,,,,,,35 graus,,,,,,,,,,,,,,,,,,
mitsubishi,L200,l200,l200-triton-ktm-series-3-2-turbo-2016,l200-triton-ktm-series-3-2-turbo-2016,https://www.fichacompleta.com.br/carros/mitsubishi/l200-triton-ktm-series-3-2-turbo-2016,2026-06-15T19:16:37.543800,Mitsubishi L200 Triton KTM Series 3.2 Turbo 2016,"13,5 s",165 km/h,,Injeção direta,Turbocompressor,3200 cm³,4 em linha,4M41,"Duplo no cabeçote, corrente",,,Longitudinal,Dianteiro,"10,8 kg/cv","51,1 kg/kgfm","56,3 cv/litro",180 cv a 3500 rpm,17:1,,,,"11,9 kgfm/litro",38 kgfm a 2000 rpm,,4,Embreagem monodisco a seco,Manual,,5,Integral temporária,1880 mm,1520 mm,1515 mm,5165 mm,3000 mm,1800 mm,1940 kg,788 litros,90 litros,179 mm,Disco ventilado,Tambor,"2,88 m²","1,354 m²",,"0,47",Hidráulica,,"11,8 m","Independente, braços sobrepostos",Feixe de molas semielípticas,Eixo rígido,,,,,,,,,1010 kg,27 graus,39 graus,26 graus,220 mm,,,2300 kg,750 kg,105 mm,"98,5 mm",,,,,,,255/70 R16,,,,,,,,,,1170 km,810 km,13 km/l,9 km/l,35 graus,800 mm,,,,,,,,,,,,,,,,,
mitsubishi,L200,l200,l200-triton-savana-off-3-2-turbo-2016,l200-triton-savana-off-3-2-turbo-2016,https://www.fichacompleta.com.br/carros/mitsubishi/l200-triton-savana-off-3-2-turbo-2016,2026-06-15T19:16:42.079289,Mitsubishi L200 Triton Savana Off 3.2 Turbo 2016,"13,5 s",165 km/h,,Injeção direta,Turbocompressor,3200 cm³,4 em linha,4M41,"Duplo no cabeçote, corrente",,,Longitudinal,Dianteiro,"10,8 kg/cv","51,1 kg/kgfm","56,3 cv/litro",180 cv a 3500 rpm,17:1,,,,"11,9 kgfm/litro",38 kgfm a 2000 rpm,,4,Embreagem monodisco a seco,Manual,,5,Integral temporária,1880 mm,1520 mm,1515 mm,5165 mm,3000 mm,1800 mm,1940 kg,788 litros,90 litros,179 mm,Disco ventilado,Tambor,"2,88 m²","1,354 m²",,"0,47",Hidráulica,,"11,8 m","Independente, braços sobrepostos",Feixe de molas semielípticas,Eixo rígido,,,,,,,,,1010 kg,27 graus,39 graus,26 graus,220 mm,,,2300 kg,750 kg,105 mm,"98,5 mm",,,,,,,255/70 R16,,,,,,,,,,1170 km,810 km,13 km/l,9 km/l,35 graus,800 mm,,,,,,,,,,,,,,,,,
mitsubishi,L200,l200,l200-triton-gl-3-2-turbo-2017,l200-triton-gl-3-2-turbo-2017,https://www.fichacompleta.com.br/carros/mitsubishi/l200-triton-gl-3-2-turbo-2017,2026-06-15T19:16:47.067361,Mitsubishi L200 Triton GL 3.2 Turbo 2017,"12,9 s",175 km/h,,Injeção direta,Turbocompressor,3200 cm³,4 em linha,4M41,"Duplo no cabeçote, corrente",105 mm,"98,5 mm",Longitudinal,Dianteiro,"10,8 kg/cv","51,1 kg/kgfm","56,3 cv/litro",180 cv a 3500 rpm,17:1,,,,"11,9 kgfm/litro",38 kgfm a 2000 rpm,,4,Embreagem monodisco a seco,Manual,,5,Integral temporária,1760 mm,1520 mm,1515 mm,5295 mm,3000 mm,1750 mm,1940 kg,1040 litros,90 litros,169 mm,Disco ventilado,Tambor,"2,62 m²","1,231 m²",,"0,47",Hidráulica,,"11,8 m","Independente, braços sobrepostos",Feixe de molas semielípticas,Eixo rígido,,,,,,,,,1010 kg,27 graus,39 graus,23 graus,210 mm,,,2300 kg,750 kg,,,,,,,,,225/75 R16,,,,,,,,,,954 km,792 km,"10,6 km/l","8,8 km/l",35 graus,,,,,,,,,,,,,,,,,,
mitsubishi,L200,l200,l200-triton-gls-3-2-turbo-2017,l200-triton-gls-3-2-turbo-2017,https://www.fichacompleta.com.br/carros/mitsubishi/l200-triton-gls-3-2-turbo-2017,2026-06-15T19:16:51.616804,Mitsubishi L200 Triton GLS 3.2 Turbo 2017,"12,9 s",175 km/h,Corrente,Injeção direta,Turbocompressor,,4 em linha,4M41,Duplo no cabeçote,105 mm,"98,5 mm",Longitudinal,Dianteiro,"10,78 kg/cv","51,1 kg/kgfm","56,3 cv/litro",180 cv,17:1,,,,"11,9 kgfm/litro",38 kgfm,,4,Embreagem monodisco a seco,Manual,5,,Integral temporária,1780 mm,1520 mm,1515 mm,5295 mm,3000 mm,1770 mm,1940 kg,,90 litros,186 mm,Disco ventilado,Tambor,"2,68 m²","1,260 m²","0,47",,Hidráulica,"11,8 m",,"Indep., braços sobrepostos",Feixe de molas semielípticas,Eixo rígido,,,,,3500 rpm,2000 rpm,,,1010 kg,27 graus,39 graus,23 graus,220 mm,,,2300 kg,750 kg,,,,,,,800 cm³,3200 cm³,265/70 R16,,,,,,,,,1040 litros,1260 km,945 km,14 km/l,"10,5 km/l",35 graus,,,,,,,,,,,,,,,,,,
mitsubishi,L200,l200,l200-triton-glx-3-2-turbo-2017,l200-triton-glx-3-2-turbo-2017,https://www.fichacompleta.com.br/carros/mitsubishi/l200-triton-glx-3-2-turbo-2017,2026-06-15T19:16:54.214098,Mitsubishi L200 Triton GLX 3.2 Turbo 2017,"12,9 s",175 km/h,,Injeção direta,Turbocompressor,3200 cm³,4 em linha,4M41,"Duplo no cabeçote, corrente",105 mm,"98,5 mm",Longitudinal,Dianteiro,"10,8 kg/cv","51,1 kg/kgfm","56,3 cv/litro",180 cv a 3500 rpm,17:1,,,,"11,9 kgfm/litro",38 kgfm a 2000 rpm,,4,Embreagem monodisco a seco,Manual,,5,Integral temporária,1760 mm,1520 mm,1515 mm,5295 mm,3000 mm,1750 mm,1940 kg,1040 litros,90 litros,169 mm,Disco ventilado,Tambor,"2,62 m²","1,231 m²",,"0,47",Hidráulica,,"11,8 m","Independente, braços sobrepostos",Feixe de molas semielípticas,Eixo rígido,,,,,,,,,1010 kg,27 graus,39 graus,23 graus,210 mm,,,2300 kg,750 kg,,,,,,,,,225/75 R16,,,,,,,,,,954 km,792 km,"10,6 km/l","8,8 km/l",35 graus,,,,,,,,,,,,,,,,,,
mitsubishi,L200,l200,l200-triton-hls-2-4-flex-2017,l200-triton-hls-2-4-flex-2017,https://www.fichacompleta.com.br/carros/mitsubishi/l200-triton-hls-2-4-flex-2017,2026-06-15T19:16:57.420052,Mitsubishi L200 Triton HLS 2.4 Flex 2017,15 s,160 km/h,,Injeção multiponto,Natural,,4 em linha,,Único no cabeçote,100 mm,"86,5 mm",Longitudinal,Dianteiro,"11,27 kg/cv","72,7 kg/kgfm","60,4 cv/litro",,9:1,,,,"9,4 kgfm/litro",,,4,Embreagem monodisco a seco,Manual,5,,Traseira,1780 mm,1520 mm,1515 mm,5115 mm,3000 mm,1800 mm,1600 kg,,90 litros,186 mm,Disco ventilado,Tambor,"2,72 m²","1,278 m²","0,47",,Hidráulica,"11,4 m",,"Indep., braços sobrepostos",Feixe de molas semielípticas,Eixo rígido,648 km,549 km,"7,2 km/l","6,1 km/l",5000 rpm,4000 rpm,,,950 kg,,,,215 mm,,,,750 kg,,,441 km,360 km,"4,9 km/l",4 km/l,588 cm³,2351 cm³,265/70 R16,142 cv,138 cv,22 kgfm,21 kgfm,,,,,788 litros,,,,,,,,,,,,,,,,,,,,,,,
mitsubishi,L200,l200,l200-triton-hls-chrome-edition-2-4-flex-2017,l200-triton-hls-chrome-edition-2-4-flex-2017,https://www.fichacompleta.com.br/carros/mitsubishi/l200-triton-hls-chrome-edition-2-4-flex-2017,2026-06-15T19:17:00.146946,Mitsubishi L200 Triton HLS Chrome Edition 2.4 Flex 2017,15 s,160 km/h,,Injeção multiponto,Natural,2351 cm³,4 em linha,,Único no cabeçote,100 mm,"86,5 mm",Longitudinal,Dianteiro,"11,3 kg/cv","72,7 kg/kgfm","60,4 cv/litro",142 cv (A) 138 cv (G) a 5000 rpm,9:1,,,,"9,4 kgfm/litro",22 kgfm (A) 21 kgfm (G) a 4000 rpm,,4,Embreagem monodisco a seco,Manual,,5,Traseira,1780 mm,1520 mm,1515 mm,5115 mm,3000 mm,1800 mm,1600 kg,788 litros,90 litros,172 mm,Disco ventilado,Tambor,"2,72 m²","1,278 m²",,"0,47",Hidráulica,,"11,4 m","Independente, braços sobrepostos",Feixe de molas semielípticas,Eixo rígido,648 km,549 km,"7,2 km/l","6,1 km/l",,,,,950 kg,,,,215 mm,,,,750 kg,,,441 km,360 km,"4,9 km/l",4 km/l,,,265/65 R17,,,,,,,,,,,,,,,,,,,,,,,,,,,,,,,,
mitsubishi,L200,l200,l200-triton-hpe-3-2-turbo-2017,l200-triton-hpe-3-2-turbo-2017,https://www.fichacompleta.com.br/carros/mitsubishi/l200-triton-hpe-3-2-turbo-2017,2026-06-15T19:17:04.609434,Mitsubishi L200 Triton HPE 3.2 Turbo 2017,"12,9 s",175 km/h,,Injeção direta,Turbocompressor,3200 cm³,4 em linha,4M41,"Duplo no cabeçote, corrente",105 mm,"98,5 mm",Longitudinal,Dianteiro,"10,8 kg/cv","50,9 kg/kgfm","56,3 cv/litro",180 cv a 3500 rpm,17:1,,,,"11,9 kgfm/litro",38 kgfm a 2000 rpm,,4,Embreagem monodisco a seco,Manual,,5,Integral permanente,1780 mm,1520 mm,1515 mm,5115 mm,3000 mm,1800 mm,1935 kg,788 litros,90 litros,186 mm,Disco ventilado,Tambor,"2,72 m²","1,278 m²",,"0,47",Hidráulica,,"11,8 m","Independente, braços sobrepostos",Feixe de molas semielípticas,Eixo rígido,,,,,,,,,1015 kg,27 graus,39 graus,26 graus,220 mm,,,2300 kg,750 kg,,,,,,,,,265/70 R16,,,,,,,,,,954 km,792 km,"10,6 km/l","8,8 km/l",35 graus,,,,,,,,,,,,,,,,,,
mitsubishi,L200,l200,l200-triton-hpe-3-2-turbo-at-2017,l200-triton-hpe-3-2-turbo-at-2017,https://www.fichacompleta.com.br/carros/mitsubishi/l200-triton-hpe-3-2-turbo-at-2017,2026-06-15T19:17:28.851898,Mitsubishi L200 Triton HPE 3.2 Turbo AT 2017,"13,1 s",172 km/h,,Injeção direta,Turbocompressor,3200 cm³,4 em linha,4M41,"Duplo no cabeçote, corrente",105 mm,"98,5 mm",Longitudinal,Dianteiro,"10,8 kg/cv","51,2 kg/kgfm","56,3 cv/litro",180 cv a 3500 rpm,17:1,,,,"11,9 kgfm/litro",38 kgfm a 2000 rpm,,4,Conversor de torque,Automático,,5,Integral permanente,1780 mm,1520 mm,1515 mm,5115 mm,3000 mm,1800 mm,1945 kg,788 litros,90 litros,186 mm,Disco ventilado,Tambor,"2,72 m²","1,278 m²",,"0,47",Hidráulica,,"11,8 m","Independente, braços sobrepostos",Feixe de molas semielípticas,Eixo rígido,,,,,,,,,1005 kg,27 graus,39 graus,26 graus,220 mm,,V5A5A,2300 kg,750 kg,,,,,,,,,265/70 R16,,,,,,,,,,927 km,774 km,"10,3 km/l","8,6 km/l",35 graus,,,,,,,,,,,,,,,,,,
mitsubishi,L200,l200,l200-triton-hpe-3-5-v6-at-2017,l200-triton-hpe-3-5-v6-at-2017,https://www.fichacompleta.com.br/carros/mitsubishi/l200-triton-hpe-3-5-v6-at-2017,2026-06-15T19:17:31.774878,Mitsubishi L200 Triton HPE 3.5 V6 AT 2017,"11,8 s",177 km/h,,Injeção multiponto,Natural,3497 cm³,6 em V,6G74,Único no cabeçote,"85,8 mm",93 mm,Longitudinal,Dianteiro,"9,0 kg/cv","55,4 kg/kgfm","58,6 cv/litro",205 cv (A) 200 cv (G) a 5000 rpm,9:1,,,,"9,6 kgfm/litro","33,5 kgfm (A) 31,5 kgfm (G) a 3500 rpm",,4,Conversor de torque,Automático,,4,Integral permanente,1780 mm,1520 mm,1515 mm,5115 mm,3000 mm,1800 mm,1855 kg,788 litros,90 litros,186 mm,Disco ventilado,Tambor,"2,72 m²","1,278 m²",,"0,47",Hidráulica,,"11,8 m","Independente, braços sobrepostos",Feixe de molas semielípticas,Eixo rígido,504 km,432 km,"5,6 km/l","4,8 km/l",,,,,1095 kg,27 graus,39 graus,26 graus,220 mm,,V4A5A,2300 kg,750 kg,,,351 km,288 km,"3,9 km/l","3,2 km/l",,,265/70 R16,,,,,,,,,,,,,,35 graus,,,,,,,,,,,,,,,,,,
mitsubishi,L200,l200,l200-triton-outdoor-2-4-flex-2017,l200-triton-outdoor-2-4-flex-2017,https://www.fichacompleta.com.br/carros/mitsubishi/l200-triton-outdoor-2-4-flex-2017,2026-06-15T19:17:36.262355,Mitsubishi L200 Triton Outdoor 2.4 Flex 2017,15 s,160 km/h,,Injeção multiponto,Natural,2351 cm³,4 em linha,,Único no cabeçote,100 mm,"86,5 mm",Longitudinal,Dianteiro,"11,3 kg/cv","72,7 kg/kgfm","60,4 cv/litro",142 cv (A) 138 cv (G) a 5000 rpm,9:1,,,,"9,4 kgfm/litro",22 kgfm (A) 21 kgfm (G) a 4000 rpm,,4,Embreagem monodisco a seco,Manual,,5,Traseira,1780 mm,1520 mm,1515 mm,5115 mm,3000 mm,1800 mm,1600 kg,788 litros,90 litros,186 mm,Disco ventilado,Tambor,"2,72 m²","1,278 m²",,"0,47",Hidráulica,,"11,4 m","Independente, braços sobrepostos",Feixe de molas semielípticas,Eixo rígido,648 km,549 km,"7,2 km/l","6,1 km/l",,,,,950 kg,27 graus,39 graus,23 graus,215 mm,,,1800 kg,750 kg,,,432 km,387 km,"4,8 km/l","4,3 km/l",,,265/70 R16,,,,,,,,,,,,,,35 graus,,,,,,,,,,,,,,,,,,
mitsubishi,L200,l200,l200-triton-outdoor-3-2-turbo-2017,l200-triton-outdoor-3-2-turbo-2017,https://www.fichacompleta.com.br/carros/mitsubishi/l200-triton-outdoor-3-2-turbo-2017,2026-06-15T19:17:39.283264,Mitsubishi L200 Triton Outdoor 3.2 Turbo 2017,"12,9 s",175 km/h,,Injeção direta,Turbocompressor,3200 cm³,4 em linha,4M41,"Duplo no cabeçote, corrente",105 mm,"98,5 mm",Longitudinal,Dianteiro,"10,8 kg/cv","51,1 kg/kgfm","56,3 cv/litro",180 cv a 3500 rpm,17:1,,,,"11,9 kgfm/litro",38 kgfm a 2000 rpm,,4,Embreagem monodisco a seco,Manual,,5,Integral temporária,1780 mm,1520 mm,1515 mm,5345 mm,3000 mm,1770 mm,1940 kg,1040 litros,90 litros,186 mm,Disco ventilado,Tambor,"2,68 m²","1,260 m²",,"0,47",Hidráulica,,"11,8 m","Independente, braços sobrepostos",Feixe de molas semielípticas,Eixo rígido,,,,,,,,,1010 kg,27 graus,39 graus,23 graus,220 mm,,,2300 kg,750 kg,,,,,,,,,265/70 R16,,,,,,,,,,954 km,792 km,"10,6 km/l","8,8 km/l",35 graus,,,,,,,,,,,,,,,,,,
mitsubishi,L200,l200,l200-triton-outdoor-3-2-turbo-at-2017,l200-triton-outdoor-3-2-turbo-at-2017,https://www.fichacompleta.com.br/carros/mitsubishi/l200-triton-outdoor-3-2-turbo-at-2017,2026-06-15T19:17:41.865584,Mitsubishi L200 Triton Outdoor 3.2 Turbo AT 2017,"13,1 s",172 km/h,,Injeção direta,Turbocompressor,3200 cm³,4 em linha,4M41,"Duplo no cabeçote, corrente",105 mm,"98,5 mm",Longitudinal,Dianteiro,"10,8 kg/cv","51,3 kg/kgfm","56,3 cv/litro",180 cv a 3500 rpm,17:1,,,,"11,9 kgfm/litro",38 kgfm a 2000 rpm,,4,Conversor de torque,Automático,,5,Integral temporária,1780 mm,1520 mm,1515 mm,5165 mm,3000 mm,1800 mm,1950 kg,788 litros,90 litros,186 mm,Disco ventilado,Tambor,"2,72 m²","1,278 m²",,"0,47",Hidráulica,,"11,8 m","Independente, braços sobrepostos",Feixe de molas semielípticas,Eixo rígido,,,,,,,,,1000 kg,27 graus,39 graus,26 graus,220 mm,,V5A5A,2300 kg,750 kg,,,,,,,,,265/70 R16,,,,,,,,,,927 km,774 km,"10,3 km/l","8,6 km/l",35 graus,,,,,,,,,,,,,,,,,,
mitsubishi,L200,l200,l200-triton-savana-3-2-turbo-2017,l200-triton-savana-3-2-turbo-2017,https://www.fichacompleta.com.br/carros/mitsubishi/l200-triton-savana-3-2-turbo-2017,2026-06-15T19:17:45.322660,Mitsubishi L200 Triton Savana 3.2 Turbo 2017,"13,5 s",165 km/h,,Injeção direta,Turbocompressor,3200 cm³,4 em linha,4M41,"Duplo no cabeçote, corrente",105 mm,"98,5 mm",Longitudinal,Dianteiro,"10,8 kg/cv","51,1 kg/kgfm","56,3 cv/litro",180 cv a 3500 rpm,17:1,,,,"11,9 kgfm/litro",38 kgfm a 2000 rpm,,4,Embreagem monodisco a seco,Manual,,5,Integral temporária,1880 mm,1520 mm,1515 mm,5165 mm,3000 mm,1800 mm,1940 kg,788 litros,90 litros,179 mm,Disco ventilado,Tambor,"2,88 m²","1,354 m²",,"0,47",Hidráulica,,"11,8 m","Independente, braços sobrepostos",Feixe de molas semielípticas,Eixo rígido,,,,,,,,,1010 kg,27 graus,39 graus,26 graus,220 mm,,,2300 kg,750 kg,,,,,,,,,255/70 R16,,,,,,,,,,954 km,792 km,"10,6 km/l","8,8 km/l",35 graus,800 mm,,,,,,,,,,,,,,,,,
mitsubishi,L200,l200,l200-triton-savana-3-2-turbo-2017-diesel,l200-triton-savana-3-2-turbo-2017-diesel,https://www.fichacompleta.com.br/carros/mitsubishi/l200-triton-savana-3-2-turbo-2017-diesel,2026-06-15T19:17:47.914442,Mitsubishi L200 Triton Savana 3.2 Turbo 2017,"13,5 s",165 km/h,Corrente,Injeção direta,Turbocompressor,,4 em linha,4M41,Duplo no cabeçote,105 mm,"98,5 mm",Longitudinal,Dianteiro,"10,78 kg/cv","51,1 kg/kgfm","56,3 cv/litro",180 cv,17:1,,,,"11,9 kgfm/litro",38 kgfm,,4,Embreagem monodisco a seco,Manual,5,,Integral temporária,1880 mm,1520 mm,1515 mm,5165 mm,3000 mm,1800 mm,1940 kg,,90 litros,179 mm,Disco ventilado,Tambor,"2,88 m²","1,354 m²","0,47",,Hidráulica,"11,8 m",,"Indep., braços sobrepostos",Feixe de molas semielípticas,Eixo rígido,,,,,3500 rpm,2000 rpm,,,1010 kg,27 graus,39 graus,26 graus,220 mm,,,2300 kg,750 kg,,,,,,,800 cm³,3200 cm³,255/70 R16,,,,,,,,,788 litros,954 km,792 km,"10,6 km/l","8,8 km/l",35 graus,800 mm,,,,,,,,,,,,,,,,,
mitsubishi,L200,l200,l200-triton-savana-3-2-turbo-at-2017,l200-triton-savana-3-2-turbo-at-2017,https://www.fichacompleta.com.br/carros/mitsubishi/l200-triton-savana-3-2-turbo-at-2017,2026-06-15T19:17:51.676508,Mitsubishi L200 Triton Savana 3.2 Turbo AT 2017,"13,7 s",162 km/h,,Injeção direta,Turbocompressor,3200 cm³,4 em linha,4M41,"Duplo no cabeçote, corrente",105 mm,"98,5 mm",Longitudinal,Dianteiro,"10,8 kg/cv","51,3 kg/kgfm","56,3 cv/litro",180 cv a 3500 rpm,17:1,,,,"11,9 kgfm/litro",38 kgfm a 2000 rpm,,4,Conversor de torque,Automático,,5,Integral temporária,1880 mm,1520 mm,1515 mm,5165 mm,3000 mm,1800 mm,1950 kg,788 litros,90 litros,179 mm,Disco ventilado,Tambor,"2,88 m²","1,354 m²",,"0,47",Hidráulica,,"11,8 m","Independente, braços sobrepostos",Feixe de molas semielípticas,Eixo rígido,,,,,,,,,1000 kg,27 graus,39 graus,26 graus,220 mm,,V5A5A,2300 kg,750 kg,,,,,,,,,255/70 R16,,,,,,,,,,927 km,774 km,"10,3 km/l","8,6 km/l",35 graus,800 mm,,,,,,,,,,,,,,,,,
mitsubishi,L200,l200,l200-triton-sport-gls-2-4-turbo-2017,l200-triton-sport-gls-2-4-turbo-2017,https://www.fichacompleta.com.br/carros/mitsubishi/l200-triton-sport-gls-2-4-turbo-2017,2026-06-15T19:17:55.676588,Mitsubishi L200 Triton Sport GLS 2.4 Turbo 2017,"10,2 s",190 km/h,,Injeção direta,Turbocompressor,2442 cm³,4 em linha,4N15,"Duplo no cabeçote, corrente","105,1 mm",86 mm,Longitudinal,Dianteiro,"9,9 kg/cv","42,7 kg/kgfm","77,8 cv/litro",190 cv a 3500 rpm,"15,5:1",,,,"18,0 kgfm/litro","43,9 kgfm a 2500 rpm",,4,Embreagem monodisco a seco,Manual,,6,Integral temporária,1795 mm,1520 mm,1515 mm,5280 mm,3000 mm,1815 mm,1875 kg,1046 litros,75 litros,186 mm,Disco ventilado,Tambor,"2,77 m²","1,108 m²",,"0,4",Hidráulica,,"11,8 m","Independente, braços sobrepostos",Feixe de molas semielípticas,Eixo rígido,,,,,,,,,1075 kg,26 graus,30 graus,22 graus,220 mm,Admissão e escape,V6M5A,2300 kg,750 kg,,,,,,,,,265/70 R16,,,,,,,,,,900 km,750 km,12 km/l,10 km/l,35 graus,600 mm,45 graus,,,,,,,,,,,,,,,,
mitsubishi,L200,l200,l200-triton-sport-hpe-2-4-turbo-at-2017,l200-triton-sport-hpe-2-4-turbo-at-2017,https://www.fichacompleta.com.br/carros/mitsubishi/l200-triton-sport-hpe-2-4-turbo-at-2017,2026-06-15T19:17:59.470166,Mitsubishi L200 Triton Sport HPE 2.4 Turbo AT 2017,"10,4 s",190 km/h,,Injeção direta,Turbocompressor,2442 cm³,4 em linha,4N15,"Duplo no cabeçote, corrente","105,1 mm",86 mm,Longitudinal,Dianteiro,"9,9 kg/cv","43,1 kg/kgfm","77,8 cv/litro",190 cv a 3500 rpm,"15,5:1",,,,"18,0 kgfm/litro","43,9 kgfm a 2500 rpm",,4,Conversor de torque,Automático,,5,Integral permanente,1795 mm,1520 mm,1515 mm,5280 mm,3000 mm,1815 mm,1890 kg,1046 litros,75 litros,186 mm,Disco ventilado,Tambor,"2,77 m²","1,108 m²",,"0,4",Hidráulica,,"11,8 m","Independente, braços sobrepostos",Feixe de molas semielípticas,Eixo rígido,,,,,,,,,1060 kg,26 graus,30 graus,22 graus,220 mm,Admissão e escape,V5AWF,2300 kg,750 kg,,,,,,,,,265/70 R16,,,,,,,,,,885 km,743 km,"11,8 km/l","9,9 km/l",35 graus,600 mm,45 graus,,,,,,,,,,,,,,,,
mitsubishi,L200,l200,l200-triton-sport-hpe-top-2-4-turbo-at-2017,l200-triton-sport-hpe-top-2-4-turbo-at-2017,https://www.fichacompleta.com.br/carros/mitsubishi/l200-triton-sport-hpe-top-2-4-turbo-at-2017,2026-06-15T19:18:03.242718,Mitsubishi L200 Triton Sport HPE Top 2.4 Turbo AT 2017,"10,4 s",190 km/h,,Injeção direta,Turbocompressor,2442 cm³,4 em linha,4N15,"Duplo no cabeçote, corrente","105,1 mm",86 mm,Longitudinal,Dianteiro,"10,3 kg/cv","44,4 kg/kgfm","77,8 cv/litro",190 cv a 3500 rpm,"15,5:1",,,,"18,0 kgfm/litro","43,9 kgfm a 2500 rpm",,4,Conversor de torque,Automático,,5,Integral permanente,1795 mm,1520 mm,1515 mm,5280 mm,3000 mm,1815 mm,1950 kg,1046 litros,75 litros,186 mm,Disco ventilado,Tambor,"2,77 m²","1,108 m²",,"0,4",Hidráulica,,"11,8 m","Independente, braços sobrepostos",Feixe de molas semielípticas,Eixo rígido,,,,,,,,,1000 kg,25 graus,30 graus,22 graus,220 mm,Admissão e escape,V5AWF,2300 kg,750 kg,,,,,,,,,265/70 R16,,,,,,,,,,885 km,743 km,"11,8 km/l","9,9 km/l",35 graus,600 mm,45 graus,,,,,,,,,,,,,,,,
mitsubishi,L200,l200,l200-triton-gl-3-2-turbo-2018,l200-triton-gl-3-2-turbo-2018,https://www.fichacompleta.com.br/carros/mitsubishi/l200-triton-gl-3-2-turbo-2018,2026-06-15T19:18:06.754379,Mitsubishi L200 Triton GL 3.2 Turbo 2018,"12,9 s",175 km/h,,Injeção direta,Turbocompressor,3200 cm³,4 em linha,4M41,"Duplo no cabeçote, corrente",105 mm,"98,5 mm",Longitudinal,Dianteiro,"10,8 kg/cv","51,1 kg/kgfm","56,3 cv/litro",180 cv a 3500 rpm,17:1,,,,"11,9 kgfm/litro",38 kgfm a 2000 rpm,,4,Embreagem monodisco a seco,Manual,,5,Integral temporária,1760 mm,1520 mm,1515 mm,5295 mm,3000 mm,1750 mm,1940 kg,1040 litros,90 litros,169 mm,Disco ventilado,Tambor,"2,62 m²","1,231 m²",,"0,47",Hidráulica,,"11,8 m","Independente, braços sobrepostos",Feixe de molas semielípticas,Eixo rígido,,,,,,,,,1010 kg,27 graus,39 graus,23 graus,210 mm,,,2300 kg,750 kg,,,,,,,,,225/75 R16,,,,,,,,,,954 km,792 km,"10,6 km/l","8,8 km/l",35 graus,,,,,,,,,,,,,,,,,,
mitsubishi,L200,l200,l200-triton-glx-3-2-turbo-2018,l200-triton-glx-3-2-turbo-2018,https://www.fichacompleta.com.br/carros/mitsubishi/l200-triton-glx-3-2-turbo-2018,2026-06-15T19:18:10.328180,Mitsubishi L200 Triton GLX 3.2 Turbo 2018,"12,9 s",175 km/h,,Injeção direta,Turbocompressor,3200 cm³,4 em linha,4M41,"Duplo no cabeçote, corrente",105 mm,"98,5 mm",Longitudinal,Dianteiro,"10,8 kg/cv","51,1 kg/kgfm","56,3 cv/litro",180 cv a 3500 rpm,17:1,,,,"11,9 kgfm/litro",38 kgfm a 2000 rpm,,4,Embreagem monodisco a seco,Manual,,5,Integral temporária,1760 mm,1520 mm,1515 mm,5295 mm,3000 mm,1750 mm,1940 kg,1040 litros,90 litros,169 mm,Disco ventilado,Tambor,"2,62 m²","1,231 m²",,"0,47",Hidráulica,,"11,8 m","Independente, braços sobrepostos",Feixe de molas semielípticas,Eixo rígido,,,,,,,,,1010 kg,27 graus,39 graus,23 graus,210 mm,,,2300 kg,750 kg,,,,,,,,,225/75 R16,,,,,,,,,,954 km,792 km,"10,6 km/l","8,8 km/l",35 graus,,,,,,,,,,,,,,,,,,
mitsubishi,L200,l200,l200-triton-hpe-3-2-turbo-2018,l200-triton-hpe-3-2-turbo-2018,https://www.fichacompleta.com.br/carros/mitsubishi/l200-triton-hpe-3-2-turbo-2018,2026-06-15T19:18:13.249381,Mitsubishi L200 Triton HPE 3.2 Turbo 2018,"12,9 s",175 km/h,Corrente,Injeção direta,Turbocompressor,,4 em linha,4M41,Duplo no cabeçote,105 mm,"98,5 mm",Longitudinal,Dianteiro,"10,75 kg/cv","50,9 kg/kgfm","56,3 cv/litro",180 cv,17:1,,,,"11,9 kgfm/litro",38 kgfm,,4,Embreagem monodisco a seco,Manual,5,,Integral temporária,1780 mm,1520 mm,1515 mm,5115 mm,3000 mm,1800 mm,1935 kg,,90 litros,186 mm,Disco ventilado,Tambor,"2,72 m²","1,278 m²","0,47",,Hidráulica,"11,8 m",,"Indep., braços sobrepostos",Feixe de molas semielípticas,Eixo rígido,,,,,3500 rpm,2000 rpm,,,1015 kg,27 graus,39 graus,26 graus,220 mm,,,2300 kg,750 kg,,,,,,,800 cm³,3200 cm³,265/70 R16,,,,,,,,,788 litros,954 km,792 km,"10,6 km/l","8,8 km/l",35 graus,,,,,,,,,,,,,,,,,,
mitsubishi,L200,l200,l200-triton-outdoor-2-4-flex-2018,l200-triton-outdoor-2-4-flex-2018,https://www.fichacompleta.com.br/carros/mitsubishi/l200-triton-outdoor-2-4-flex-2018,2026-06-15T19:18:17.663515,Mitsubishi L200 Triton Outdoor 2.4 Flex 2018,15 s,160 km/h,,Injeção multiponto,Natural,,4 em linha,,Único no cabeçote,100 mm,"86,5 mm",Longitudinal,Dianteiro,"11,27 kg/cv","72,7 kg/kgfm","60,4 cv/litro",,9:1,,,,"9,4 kgfm/litro",,,4,Embreagem monodisco a seco,Manual,5,,Traseira,1780 mm,1520 mm,1515 mm,5115 mm,3000 mm,1800 mm,1600 kg,,90 litros,186 mm,Disco ventilado,Tambor,"2,72 m²","1,278 m²","0,47",,Hidráulica,"11,4 m",,"Indep., braços sobrepostos",Feixe de molas semielípticas,Eixo rígido,648 km,549 km,"7,2 km/l","6,1 km/l",5000 rpm,4000 rpm,,,950 kg,27 graus,39 graus,23 graus,215 mm,,,1800 kg,750 kg,,,432 km,387 km,"4,8 km/l","4,3 km/l",588 cm³,2351 cm³,265/70 R16,142 cv,138 cv,22 kgfm,21 kgfm,,,,,788 litros,,,,,35 graus,,,,,,,,,,,,,,,,,,
mitsubishi,L200,l200,l200-triton-outdoor-3-2-turbo-at-2018,l200-triton-outdoor-3-2-turbo-at-2018,https://www.fichacompleta.com.br/carros/mitsubishi/l200-triton-outdoor-3-2-turbo-at-2018,2026-06-15T19:18:22.070515,Mitsubishi L200 Triton Outdoor 3.2 Turbo AT 2018,"13,1 s",172 km/h,,Injeção direta,Turbocompressor,3200 cm³,4 em linha,4M41,"Duplo no cabeçote, corrente",105 mm,"98,5 mm",Longitudinal,Dianteiro,"10,8 kg/cv","51,3 kg/kgfm","56,3 cv/litro",180 cv a 3500 rpm,17:1,,,,"11,9 kgfm/litro",38 kgfm a 2000 rpm,,4,Conversor de torque,Automático,,5,Integral temporária,1780 mm,1520 mm,1515 mm,5165 mm,3000 mm,1800 mm,1950 kg,788 litros,90 litros,186 mm,Disco ventilado,Tambor,"2,72 m²","1,278 m²",,"0,47",Hidráulica,,"11,8 m","Independente, braços sobrepostos",Feixe de molas semielípticas,Eixo rígido,,,,,,,,,1000 kg,27 graus,39 graus,26 graus,220 mm,,V5A5A,2300 kg,750 kg,,,,,,,,,265/70 R16,,,,,,,,,,927 km,774 km,"10,3 km/l","8,6 km/l",35 graus,,,,,,,,,,,,,,,,,,
mitsubishi,L200,l200,l200-triton-savana-3-2-turbo-2018,l200-triton-savana-3-2-turbo-2018,https://www.fichacompleta.com.br/carros/mitsubishi/l200-triton-savana-3-2-turbo-2018,2026-06-15T19:18:25.064099,Mitsubishi L200 Triton Savana 3.2 Turbo 2018,"13,5 s",165 km/h,,Injeção direta,Turbocompressor,3200 cm³,4 em linha,4M41,"Duplo no cabeçote, corrente",105 mm,"98,5 mm",Longitudinal,Dianteiro,"10,8 kg/cv","51,1 kg/kgfm","56,3 cv/litro",180 cv a 3500 rpm,17:1,,,,"11,9 kgfm/litro",38 kgfm a 2000 rpm,,4,Embreagem monodisco a seco,Manual,,5,Integral temporária,1880 mm,1520 mm,1515 mm,5165 mm,3000 mm,1800 mm,1940 kg,788 litros,90 litros,179 mm,Disco ventilado,Tambor,"2,88 m²","1,354 m²",,"0,47",Hidráulica,,"11,8 m","Independente, braços sobrepostos",Feixe de molas semielípticas,Eixo rígido,,,,,,,,,1010 kg,27 graus,39 graus,26 graus,220 mm,,,2300 kg,750 kg,,,,,,,,,255/70 R16,,,,,,,,,,954 km,792 km,"10,6 km/l","8,8 km/l",35 graus,800 mm,,,,,,,,,,,,,,,,,
mitsubishi,L200,l200,l200-triton-savana-3-2-turbo-at-2018,l200-triton-savana-3-2-turbo-at-2018,https://www.fichacompleta.com.br/carros/mitsubishi/l200-triton-savana-3-2-turbo-at-2018,2026-06-15T19:18:28.627879,Mitsubishi L200 Triton Savana 3.2 Turbo AT 2018,"13,7 s",162 km/h,,Injeção direta,Turbocompressor,3200 cm³,4 em linha,4M41,"Duplo no cabeçote, corrente",105 mm,"98,5 mm",Longitudinal,Dianteiro,"10,8 kg/cv","51,3 kg/kgfm","56,3 cv/litro",180 cv a 3500 rpm,17:1,,,,"11,9 kgfm/litro",38 kgfm a 2000 rpm,,4,Conversor de torque,Automático,,5,Integral temporária,1880 mm,1520 mm,1515 mm,5165 mm,3000 mm,1800 mm,1950 kg,788 litros,90 litros,179 mm,Disco ventilado,Tambor,"2,88 m²","1,354 m²",,"0,47",Hidráulica,,"11,8 m","Independente, braços sobrepostos",Feixe de molas semielípticas,Eixo rígido,,,,,,,,,1000 kg,27 graus,39 graus,26 graus,220 mm,,V5A5A,2300 kg,750 kg,,,,,,,,,255/70 R16,,,,,,,,,,927 km,774 km,"10,3 km/l","8,6 km/l",35 graus,800 mm,,,,,,,,,,,,,,,,,
mitsubishi,L200,l200,l200-triton-sport-gl-2-4-turbo-2018,l200-triton-sport-gl-2-4-turbo-2018,https://www.fichacompleta.com.br/carros/mitsubishi/l200-triton-sport-gl-2-4-turbo-2018,2026-06-15T19:18:32.287435,Mitsubishi L200 Triton Sport GL 2.4 Turbo 2018,"10,2 s",190 km/h,,Injeção direta,Turbocompressor,2442 cm³,4 em linha,4N15,"Duplo no cabeçote, corrente","105,1 mm",86 mm,Longitudinal,Dianteiro,"10,0 kg/cv","43,3 kg/kgfm","77,8 cv/litro",190 cv a 3500 rpm,"15,5:1",,,,"18,0 kgfm/litro","43,9 kgfm a 2500 rpm",,4,Embreagem monodisco a seco,Manual,,6,Integral temporária,1785 mm,1520 mm,1515 mm,5280 mm,3000 mm,1785 mm,1900 kg,1046 litros,75 litros,169 mm,Disco ventilado,Tambor,"2,71 m²","1,084 m²",,"0,4",Hidráulica,,"11,8 m","Independente, braços sobrepostos",Feixe de molas semielípticas,Eixo rígido,,,,,,,,,1050 kg,24 graus,33 graus,24 graus,210 mm,Admissão e escape,V6M5A,2300 kg,750 kg,,,,,,,,,225/75 R16,,,,,,,,,,900 km,750 km,12 km/l,10 km/l,35 graus,600 mm,45 graus,,,,,,,,,,,,,,,,
mitsubishi,L200,l200,l200-triton-sport-gls-2-4-turbo-2018,l200-triton-sport-gls-2-4-turbo-2018,https://www.fichacompleta.com.br/carros/mitsubishi/l200-triton-sport-gls-2-4-turbo-2018,2026-06-15T19:18:36.084524,Mitsubishi L200 Triton Sport GLS 2.4 Turbo 2018,"10,2 s",190 km/h,,Injeção direta,Turbocompressor,2442 cm³,4 em linha,4N15,"Duplo no cabeçote, corrente","105,1 mm",86 mm,Longitudinal,Dianteiro,"9,9 kg/cv","42,7 kg/kgfm","77,8 cv/litro",190 cv a 3500 rpm,"15,5:1",,,,"18,0 kgfm/litro","43,9 kgfm a 2500 rpm",,4,Embreagem monodisco a seco,Manual,,6,Integral temporária,1795 mm,1520 mm,1515 mm,5280 mm,3000 mm,1815 mm,1875 kg,1046 litros,75 litros,186 mm,Disco ventilado,Tambor,"2,77 m²","1,108 m²",,"0,4",Hidráulica,,"11,8 m","Independente, braços sobrepostos",Feixe de molas semielípticas,Eixo rígido,,,,,,,,,1075 kg,26 graus,30 graus,22 graus,220 mm,Admissão e escape,V6M5A,2300 kg,750 kg,,,,,,,,,265/70 R16,,,,,,,,,,900 km,750 km,12 km/l,10 km/l,35 graus,600 mm,45 graus,,,,,,,,,,,,,,,,
mitsubishi,L200,l200,l200-triton-sport-gls-2-4-turbo-at-2018,l200-triton-sport-gls-2-4-turbo-at-2018,https://www.fichacompleta.com.br/carros/mitsubishi/l200-triton-sport-gls-2-4-turbo-at-2018,2026-06-15T19:18:40.670225,Mitsubishi L200 Triton Sport GLS 2.4 Turbo AT 2018,"10,4 s",190 km/h,,Injeção direta,Turbocompressor,2442 cm³,4 em linha,4N15,"Duplo no cabeçote, corrente","105,1 mm",86 mm,Longitudinal,Dianteiro,"10,0 kg/cv","43,2 kg/kgfm","77,8 cv/litro",190 cv a 3500 rpm,"15,5:1",,,,"18,0 kgfm/litro","43,9 kgfm a 2500 rpm",,4,Conversor de torque,Automático,,5,Integral temporária,1795 mm,1520 mm,1515 mm,5280 mm,3000 mm,1820 mm,1895 kg,1046 litros,75 litros,186 mm,Disco ventilado,Tambor,"2,78 m²","1,112 m²",,"0,4",Hidráulica,,"11,8 m","Independente, braços sobrepostos",Feixe de molas semielípticas,Eixo rígido,,,,,,,,,1055 kg,26 graus,30 graus,22 graus,220 mm,Admissão e escape,V5AWF,2300 kg,750 kg,,,,,,,,,265/70 R16,,,,,,,,,,885 km,743 km,"11,8 km/l","9,9 km/l",35 graus,600 mm,45 graus,,,,,,,,,,,,,,,,
mitsubishi,L200,l200,l200-triton-sport-glx-2-4-turbo-2018,l200-triton-sport-glx-2-4-turbo-2018,https://www.fichacompleta.com.br/carros/mitsubishi/l200-triton-sport-glx-2-4-turbo-2018,2026-06-15T19:18:44.377799,Mitsubishi L200 Triton Sport GLX 2.4 Turbo 2018,"10,2 s",190 km/h,,Injeção direta,Turbocompressor,2442 cm³,4 em linha,4N15,"Duplo no cabeçote, corrente","105,1 mm",86 mm,Longitudinal,Dianteiro,"9,9 kg/cv","42,7 kg/kgfm","77,8 cv/litro",190 cv a 3500 rpm,"15,5:1",,,,"18,0 kgfm/litro","43,9 kgfm a 2500 rpm",,4,Embreagem monodisco a seco,Manual,,6,Integral temporária,1795 mm,1520 mm,1515 mm,5280 mm,3000 mm,1815 mm,1875 kg,1046 litros,75 litros,186 mm,Disco ventilado,Tambor,"2,77 m²","1,108 m²",,"0,4",Hidráulica,,"11,8 m","Independente, braços sobrepostos",Feixe de molas semielípticas,Eixo rígido,,,,,,,,,1075 kg,26 graus,30 graus,22 graus,220 mm,Admissão e escape,V6M5A,2300 kg,750 kg,,,,,,,,,265/70 R16,,,,,,,,,,900 km,750 km,12 km/l,10 km/l,35 graus,600 mm,45 graus,,,,,,,,,,,,,,,,
mitsubishi,L200,l200,l200-triton-sport-glx-2-4-turbo-2018-diesel,l200-triton-sport-glx-2-4-turbo-2018-diesel,https://www.fichacompleta.com.br/carros/mitsubishi/l200-triton-sport-glx-2-4-turbo-2018-diesel,2026-06-15T19:18:47.262916,Mitsubishi L200 Triton Sport GLX 2.4 Turbo 2018,"10,2 s",190 km/h,Corrente,Injeção direta,Turbocompressor,,4 em linha,4N15,Duplo no cabeçote,"105,1 mm",86 mm,Longitudinal,Dianteiro,"9,87 kg/cv","42,7 kg/kgfm","77,8 cv/litro",190 cv,"15,5:1",,,,"18,0 kgfm/litro","43,9 kgfm",,4,Embreagem monodisco a seco,Manual,6,,Integral temporária,1795 mm,1520 mm,1515 mm,5280 mm,3000 mm,1815 mm,1875 kg,,75 litros,186 mm,Disco ventilado,Tambor,"2,77 m²","1,108 m²","0,4",,Hidráulica,"11,8 m",,"Indep., braços sobrepostos",Feixe de molas semielípticas,Eixo rígido,,,,,3500 rpm,2500 rpm,,,1075 kg,26 graus,30 graus,22 graus,220 mm,Admissão e escape,V6M5A,2300 kg,750 kg,,,,,,,611 cm³,2442 cm³,265/70 R16,,,,,,,,,1046 litros,900 km,750 km,12 km/l,10 km/l,35 graus,600 mm,,45 graus,,,,,,,,,,,,,,,
mitsubishi,L200,l200,l200-triton-sport-hpe-2-4-turbo-at-2018,l200-triton-sport-hpe-2-4-turbo-at-2018,https://www.fichacompleta.com.br/carros/mitsubishi/l200-triton-sport-hpe-2-4-turbo-at-2018,2026-06-15T19:18:52.050609,Mitsubishi L200 Triton Sport HPE 2.4 Turbo AT 2018,"10,4 s",190 km/h,,Injeção direta,Turbocompressor,2442 cm³,4 em linha,4N15,"Duplo no cabeçote, corrente","105,1 mm",86 mm,Longitudinal,Dianteiro,"9,9 kg/cv","43,1 kg/kgfm","77,8 cv/litro",190 cv a 3500 rpm,"15,5:1",,,,"18,0 kgfm/litro","43,9 kgfm a 2500 rpm",,4,Conversor de torque,Automático,,5,Integral permanente,1795 mm,1520 mm,1515 mm,5280 mm,3000 mm,1815 mm,1890 kg,1046 litros,75 litros,186 mm,Disco ventilado,Tambor,"2,77 m²","1,108 m²",,"0,4",Hidráulica,,"11,8 m","Independente, braços sobrepostos",Feixe de molas semielípticas,Eixo rígido,,,,,,,,,1060 kg,26 graus,30 graus,22 graus,220 mm,Admissão e escape,V5AWF,2300 kg,750 kg,,,,,,,,,265/70 R16,,,,,,,,,,885 km,743 km,"11,8 km/l","9,9 km/l",35 graus,600 mm,45 graus,,,,,,,,,,,,,,,,
mitsubishi,L200,l200,l200-triton-sport-hpe-top-2-4-turbo-at-2018,l200-triton-sport-hpe-top-2-4-turbo-at-2018,https://www.fichacompleta.com.br/carros/mitsubishi/l200-triton-sport-hpe-top-2-4-turbo-at-2018,2026-06-15T19:18:56.310238,Mitsubishi L200 Triton Sport HPE Top 2.4 Turbo AT 2018,"10,4 s",190 km/h,,Injeção direta,Turbocompressor,2442 cm³,4 em linha,4N15,"Duplo no cabeçote, corrente","105,1 mm",86 mm,Longitudinal,Dianteiro,"10,3 kg/cv","44,4 kg/kgfm","77,8 cv/litro",190 cv a 3500 rpm,"15,5:1",,,,"18,0 kgfm/litro","43,9 kgfm a 2500 rpm",,4,Conversor de torque,Automático,,5,Integral permanente,1795 mm,1520 mm,1515 mm,5280 mm,3000 mm,1815 mm,1950 kg,1046 litros,75 litros,186 mm,Disco ventilado,Tambor,"2,77 m²","1,108 m²",,"0,4",Hidráulica,,"11,8 m","Independente, braços sobrepostos",Feixe de molas semielípticas,Eixo rígido,,,,,,,,,1000 kg,25 graus,30 graus,22 graus,220 mm,Admissão e escape,V5AWF,2300 kg,750 kg,,,,,,,,,265/70 R16,,,,,,,,,,885 km,743 km,"11,8 km/l","9,9 km/l",35 graus,600 mm,45 graus,,,,,,,,,,,,,,,,
mitsubishi,L200,l200,l200-triton-sport-hpe-s-2-4-turbo-at-2018,l200-triton-sport-hpe-s-2-4-turbo-at-2018,https://www.fichacompleta.com.br/carros/mitsubishi/l200-triton-sport-hpe-s-2-4-turbo-at-2018,2026-06-15T19:19:00.603253,Mitsubishi L200 Triton Sport HPE-S 2.4 Turbo AT 2018,"10,4 s",190 km/h,,Injeção direta,Turbocompressor,2442 cm³,4 em linha,4N15,"Duplo no cabeçote, corrente","105,1 mm",86 mm,Longitudinal,Dianteiro,"10,3 kg/cv","44,4 kg/kgfm","77,8 cv/litro",190 cv a 3500 rpm,"15,5:1",,,,"18,0 kgfm/litro","43,9 kgfm a 2500 rpm",,4,Conversor de torque,Automático,,5,Integral permanente,1795 mm,1520 mm,1515 mm,5280 mm,3000 mm,1815 mm,1950 kg,1046 litros,75 litros,159 mm,Disco ventilado,Tambor,"2,77 m²","1,108 m²",,"0,4",Hidráulica,,"11,8 m","Independente, braços sobrepostos",Feixe de molas semielípticas,Eixo rígido,,,,,,,,,1000 kg,25 graus,30 graus,22 graus,220 mm,Admissão e escape,V5AWF,2300 kg,750 kg,,,,,,,,,245/65 R17,,,,,,,,,,885 km,743 km,"11,8 km/l","9,9 km/l",35 graus,600 mm,45 graus,,,,,,,,,,,,,,,,
mitsubishi,L200,l200,l200-triton-sport-gl-2-4-turbo-2019,l200-triton-sport-gl-2-4-turbo-2019,https://www.fichacompleta.com.br/carros/mitsubishi/l200-triton-sport-gl-2-4-turbo-2019,2026-06-15T19:19:04.186987,Mitsubishi L200 Triton Sport GL 2.4 Turbo 2019,"10,2 s",190 km/h,,Injeção direta,Turbocompressor,2442 cm³,4 em linha,4N15,"Duplo no cabeçote, corrente","105,1 mm",86 mm,Longitudinal,Dianteiro,"10,0 kg/cv","43,3 kg/kgfm","77,8 cv/litro",190 cv a 3500 rpm,"15,5:1",,,,"18,0 kgfm/litro","43,9 kgfm a 2500 rpm",,4,Embreagem monodisco a seco,Manual,,6,Integral temporária,1785 mm,1520 mm,1515 mm,5280 mm,3000 mm,1785 mm,1900 kg,1046 litros,75 litros,169 mm,Disco ventilado,Tambor,"2,71 m²","1,084 m²",,"0,4",Hidráulica,,"11,8 m","Independente, braços sobrepostos",Feixe de molas semielípticas,Eixo rígido,,,,,,,,,1050 kg,24 graus,33 graus,24 graus,210 mm,Admissão e escape,V6M5A,2300 kg,750 kg,,,,,,,,,225/75 R16,,,,,,,,,,990 km,758 km,"13,2 km/l","10,1 km/l",35 graus,600 mm,45 graus,,,,,,,,,,,,,,,,
mitsubishi,L200,l200,l200-triton-sport-gls-2-4-2019,l200-triton-sport-gls-2-4-2019,https://www.fichacompleta.com.br/carros/mitsubishi/l200-triton-sport-gls-2-4-2019,2026-06-15T19:19:09.079927,Mitsubishi L200 Triton Sport GLS 2.4 2019,"10,2 s",190 km/h,Corrente,Injeção direta,Turbocompressor,,4 em linha,4N15,Duplo no cabeçote,"105,1 mm",86 mm,Longitudinal,Dianteiro,"9,87 kg/cv","42,7 kg/kgfm","77,8 cv/litro",190 cv,"15,5:1",,,,"18,0 kgfm/litro","43,9 kgfm",,4,Embreagem monodisco a seco,Manual,6,,Integral temporária,1795 mm,1520 mm,1515 mm,5280 mm,3000 mm,1815 mm,1875 kg,,75 litros,186 mm,Disco ventilado,Tambor,"2,77 m²","1,108 m²","0,4",,Hidráulica,"11,8 m",,"Indep., braços sobrepostos",Feixe de molas semielípticas,Eixo rígido,,,,,3500 rpm,2500 rpm,,,1075 kg,26 graus,30 graus,22 graus,220 mm,Admissão e escape,V6M5A,2300 kg,750 kg,,,,,,,611 cm³,2442 cm³,265/70 R16,,,,,,,,,1046 litros,900 km,750 km,12 km/l,10 km/l,35 graus,600 mm,,45 graus,,,,,,,,,,,,,,,
mitsubishi,L200,l200,l200-triton-sport-gls-2-4-turbo-at-2019,l200-triton-sport-gls-2-4-turbo-at-2019,https://www.fichacompleta.com.br/carros/mitsubishi/l200-triton-sport-gls-2-4-turbo-at-2019,2026-06-15T19:19:13.781923,Mitsubishi L200 Triton Sport GLS 2.4 Turbo AT 2019,"10,4 s",190 km/h,,Injeção direta,Turbocompressor,2442 cm³,4 em linha,4N15,"Duplo no cabeçote, corrente","105,1 mm",86 mm,Longitudinal,Dianteiro,"10,0 kg/cv","43,2 kg/kgfm","77,8 cv/litro",190 cv a 3500 rpm,"15,5:1",,,,"18,0 kgfm/litro","43,9 kgfm a 2500 rpm",,4,Conversor de torque,Automático,,5,Integral temporária,1795 mm,1520 mm,1515 mm,5280 mm,3000 mm,1820 mm,1895 kg,1046 litros,75 litros,186 mm,Disco ventilado,Tambor,"2,78 m²","1,112 m²",,"0,4",Hidráulica,,"11,8 m","Independente, braços sobrepostos",Feixe de molas semielípticas,Eixo rígido,,,,,,,,,1055 kg,26 graus,30 graus,22 graus,220 mm,Admissão e escape,V5AWF,2300 kg,750 kg,,,,,,,,,265/70 R16,,,,,,,,,,885 km,735 km,"11,8 km/l","9,8 km/l",35 graus,600 mm,45 graus,,,,,,,,,,,,,,,,
mitsubishi,L200,l200,l200-triton-sport-glx-2-4-turbo-2019,l200-triton-sport-glx-2-4-turbo-2019,https://www.fichacompleta.com.br/carros/mitsubishi/l200-triton-sport-glx-2-4-turbo-2019,2026-06-15T19:19:18.102123,Mitsubishi L200 Triton Sport GLX 2.4 Turbo 2019,"10,2 s",190 km/h,,Injeção direta,Turbocompressor,2442 cm³,4 em linha,4N15,"Duplo no cabeçote, corrente","105,1 mm",86 mm,Longitudinal,Dianteiro,"9,9 kg/cv","42,7 kg/kgfm","77,8 cv/litro",190 cv a 3500 rpm,"15,5:1",,,,"18,0 kgfm/litro","43,9 kgfm a 2500 rpm",,4,Embreagem monodisco a seco,Manual,,6,Integral temporária,1785 mm,1520 mm,1515 mm,5280 mm,3000 mm,1785 mm,1875 kg,1046 litros,75 litros,169 mm,Disco ventilado,Tambor,"2,71 m²","1,084 m²",,"0,4",Hidráulica,,"11,8 m","Independente, braços sobrepostos",Feixe de molas semielípticas,Eixo rígido,,,,,,,,,1075 kg,24 graus,33 graus,24 graus,210 mm,Admissão e escape,V6M5A,2300 kg,750 kg,,,,,,,,,225/75 R16,,,,,,,,,,990 km,758 km,"13,2 km/l","10,1 km/l",35 graus,600 mm,45 graus,,,,,,,,,,,,,,,,
mitsubishi,L200,l200,l200-triton-sport-hpe-2-4-turbo-at-2019,l200-triton-sport-hpe-2-4-turbo-at-2019,https://www.fichacompleta.com.br/carros/mitsubishi/l200-triton-sport-hpe-2-4-turbo-at-2019,2026-06-15T19:19:22.743076,Mitsubishi L200 Triton Sport HPE 2.4 Turbo AT 2019,"10,4 s",190 km/h,,Injeção direta,Turbocompressor,2442 cm³,4 em linha,4N15,"Duplo no cabeçote, corrente","105,1 mm",86 mm,Longitudinal,Dianteiro,"9,9 kg/cv","43,1 kg/kgfm","77,8 cv/litro",190 cv a 3500 rpm,"15,5:1",,,,"18,0 kgfm/litro","43,9 kgfm a 2500 rpm",,4,Conversor de torque,Automático,,5,Integral permanente,1795 mm,1520 mm,1515 mm,5280 mm,3000 mm,1820 mm,1890 kg,1046 litros,75 litros,186 mm,Disco ventilado,Tambor,"2,78 m²","1,112 m²",,"0,4",Hidráulica,,"11,8 m","Independente, braços sobrepostos",Feixe de molas semielípticas,Eixo rígido,,,,,,,,,1060 kg,26 graus,30 graus,22 graus,220 mm,Admissão e escape,V5AWF,2300 kg,750 kg,,,,,,,,,265/70 R16,,,,,,,,,,885 km,735 km,"11,8 km/l","9,8 km/l",35 graus,600 mm,45 graus,,,,,,,,,,,,,,,,
mitsubishi,L200,l200,l200-triton-sport-hpe-s-2-4-turbo-at-2019,l200-triton-sport-hpe-s-2-4-turbo-at-2019,https://www.fichacompleta.com.br/carros/mitsubishi/l200-triton-sport-hpe-s-2-4-turbo-at-2019,2026-06-15T19:19:27.313842,Mitsubishi L200 Triton Sport HPE-S 2.4 Turbo AT 2019,"10,4 s",190 km/h,,Injeção direta,Turbocompressor,2442 cm³,4 em linha,4N15,"Duplo no cabeçote, corrente","105,1 mm",86 mm,Longitudinal,Dianteiro,"10,3 kg/cv","44,4 kg/kgfm","77,8 cv/litro",190 cv a 3500 rpm,"15,5:1",,,,"18,0 kgfm/litro","43,9 kgfm a 2500 rpm",,4,Conversor de torque,Automático,,5,Integral permanente,1795 mm,1520 mm,1515 mm,5280 mm,3000 mm,1820 mm,1950 kg,1046 litros,75 litros,172 mm,Disco ventilado,Tambor,"2,78 m²","1,112 m²",,"0,4",Hidráulica,,"11,8 m","Independente, braços sobrepostos",Feixe de molas semielípticas,Eixo rígido,,,,,,,,,1000 kg,26 graus,30 graus,22 graus,220 mm,Admissão e escape,V5AWF,2300 kg,750 kg,,,,,,,,,265/65 R17,,,,,,,,,,885 km,735 km,"11,8 km/l","9,8 km/l",35 graus,600 mm,45 graus,,,,,,,,,,,,,,,,
mitsubishi,L200,l200,l200-triton-motorsports-2-4-turbo-at-2020,l200-triton-motorsports-2-4-turbo-at-2020,https://www.fichacompleta.com.br/carros/mitsubishi/l200-triton-motorsports-2-4-turbo-at-2020,2026-06-15T19:19:31.715740,Mitsubishi L200 Triton Motorsports 2.4 Turbo AT 2020,"10,4 s",190 km/h,Corrente,Injeção direta,Turbocompressor,2442 cm³,4 em linha,4N15,Duplo no cabeçote,"105,1 mm",86 mm,Longitudinal,Dianteiro,"9,9 kg/cv","43,1 kg/kgfm","77,8 cv/litro",190 cv,"15,5:1",,,,"18,0 kgfm/litro","43,9 kgfm",,4,Conversor de torque,Automático,5,,Integral permanente,1795 mm,1520 mm,1515 mm,5280 mm,3000 mm,1820 mm,1890 kg,,75 litros,172 mm,Disco ventilado,Tambor,"2,78 m²","1,112 m²","0,4",,Hidráulica,"11,8 m",,"Indep., braços sobrepostos",Feixe de molas semielípticas,Eixo rígido,,,,,3500 rpm,2500 rpm,,,1060 kg,29 graus,33 graus,24 graus,220 mm,Admissão e escape,V5AWF,2300 kg,750 kg,,,,,,,,,265/65 R17,,,,,,,,,1046 litros,885 km,735 km,"11,8 km/l","9,8 km/l",35 graus,600 mm,,45 graus,,,,,,,,,,,,,,,
mitsubishi,L200,l200,l200-triton-sport-gl-2-4-turbo-2020,l200-triton-sport-gl-2-4-turbo-2020,https://www.fichacompleta.com.br/carros/mitsubishi/l200-triton-sport-gl-2-4-turbo-2020,2026-06-15T19:19:35.875205,Mitsubishi L200 Triton Sport GL 2.4 Turbo 2020,"10,2 s",190 km/h,Corrente,Injeção direta,Turbocompressor,2442 cm³,4 em linha,4N15,Duplo no cabeçote,"105,1 mm",86 mm,Longitudinal,Dianteiro,"10,0 kg/cv","43,3 kg/kgfm","77,8 cv/litro",190 cv,"15,5:1",,,,"18,0 kgfm/litro","43,9 kgfm",,4,Embreagem monodisco a seco,Manual,6,,Integral temporária,1785 mm,1520 mm,1515 mm,5280 mm,3000 mm,1785 mm,1900 kg,,75 litros,169 mm,Disco ventilado,Tambor,"2,71 m²","1,084 m²","0,4",,Hidráulica,"11,8 m",,"Indep., braços sobrepostos",Feixe de molas semielípticas,Eixo rígido,,,,,3500 rpm,2500 rpm,,,1050 kg,24 graus,33 graus,24 graus,210 mm,Admissão e escape,V6M5A,2300 kg,750 kg,,,,,,,,,225/75 R16,,,,,,,,,1046 litros,990 km,758 km,"13,2 km/l","10,1 km/l",35 graus,600 mm,,45 graus,,,,,,,,,,,,,,,
mitsubishi,L200,l200,l200-triton-sport-gls-2-4-turbo-at-2020,l200-triton-sport-gls-2-4-turbo-at-2020,https://www.fichacompleta.com.br/carros/mitsubishi/l200-triton-sport-gls-2-4-turbo-at-2020,2026-06-15T19:19:40.860859,Mitsubishi L200 Triton Sport GLS 2.4 Turbo AT 2020,"10,4 s",190 km/h,Corrente,Injeção direta,Turbocompressor,2442 cm³,4 em linha,4N15,Duplo no cabeçote,"105,1 mm",86 mm,Longitudinal,Dianteiro,"10,0 kg/cv","43,2 kg/kgfm","77,8 cv/litro",190 cv,"15,5:1",,,,"18,0 kgfm/litro","43,9 kgfm",,4,Conversor de torque,Automático,5,,Integral temporária,1795 mm,1520 mm,1515 mm,5280 mm,3000 mm,1820 mm,1895 kg,,75 litros,186 mm,Disco ventilado,Tambor,"2,78 m²","1,112 m²","0,4",,Hidráulica,"11,8 m",,"Indep., braços sobrepostos",Feixe de molas semielípticas,Eixo rígido,,,,,3500 rpm,2500 rpm,,,1055 kg,26 graus,30 graus,22 graus,220 mm,Admissão e escape,V5AWF,2300 kg,750 kg,,,,,,,,,265/70 R16,,,,,,,,,1046 litros,885 km,735 km,"11,8 km/l","9,8 km/l",35 graus,600 mm,,45 graus,,,,,,,,,,,,,,,
mitsubishi,L200,l200,l200-triton-sport-glx-2-4-turbo-2020,l200-triton-sport-glx-2-4-turbo-2020,https://www.fichacompleta.com.br/carros/mitsubishi/l200-triton-sport-glx-2-4-turbo-2020,2026-06-15T19:19:43.698369,Mitsubishi L200 Triton Sport GLX 2.4 Turbo 2020,"10,2 s",190 km/h,Corrente,Injeção direta,Turbocompressor,2442 cm³,4 em linha,4N15,Duplo no cabeçote,"105,1 mm",86 mm,Longitudinal,Dianteiro,"9,9 kg/cv","42,7 kg/kgfm","77,8 cv/litro",190 cv,"15,5:1",,,,"18,0 kgfm/litro","43,9 kgfm",,4,Embreagem monodisco a seco,Manual,6,,Integral temporária,1785 mm,1520 mm,1515 mm,5280 mm,3000 mm,1785 mm,1875 kg,,75 litros,169 mm,Disco ventilado,Tambor,"2,71 m²","1,084 m²","0,4",,Hidráulica,"11,8 m",,"Indep., braços sobrepostos",Feixe de molas semielípticas,Eixo rígido,,,,,3500 rpm,2500 rpm,,,1075 kg,24 graus,33 graus,24 graus,210 mm,Admissão e escape,V6M5A,2300 kg,750 kg,,,,,,,,,225/75 R16,,,,,,,,,1046 litros,990 km,758 km,"13,2 km/l","10,1 km/l",35 graus,600 mm,,45 graus,,,,,,,,,,,,,,,
mitsubishi,L200,l200,l200-triton-sport-glx-outdoor-2-4-turbo-2020,l200-triton-sport-glx-outdoor-2-4-turbo-2020,https://www.fichacompleta.com.br/carros/mitsubishi/l200-triton-sport-glx-outdoor-2-4-turbo-2020,2026-06-15T19:19:47.956475,Mitsubishi L200 Triton Sport GLX Outdoor 2.4 Turbo 2020,"10,2 s",190 km/h,Corrente,Injeção direta,Turbocompressor,2442 cm³,4 em linha,4N15,Duplo no cabeçote,"105,1 mm",86 mm,Longitudinal,Dianteiro,"9,9 kg/cv","42,7 kg/kgfm","77,8 cv/litro",190 cv,"15,5:1",,,,"18,0 kgfm/litro","43,9 kgfm",,4,Embreagem monodisco a seco,Manual,6,,Integral temporária,1785 mm,1520 mm,1515 mm,5280 mm,3000 mm,1785 mm,1875 kg,,75 litros,186 mm,Disco ventilado,Tambor,"2,71 m²","1,084 m²","0,4",,Hidráulica,"11,8 m",,"Indep., braços sobrepostos",Feixe de molas semielípticas,Eixo rígido,,,,,3500 rpm,2500 rpm,,,1075 kg,24 graus,33 graus,24 graus,210 mm,Admissão e escape,V6M5A,2300 kg,750 kg,,,,,,,,,265/70 R16,,,,,,,,,1046 litros,990 km,758 km,"13,2 km/l","10,1 km/l",35 graus,600 mm,,45 graus,,,,,,,,,,,,,,,
mitsubishi,L200,l200,l200-triton-sport-hpe-2-4-turbo-at-2020,l200-triton-sport-hpe-2-4-turbo-at-2020,https://www.fichacompleta.com.br/carros/mitsubishi/l200-triton-sport-hpe-2-4-turbo-at-2020,2026-06-15T19:19:50.667546,Mitsubishi L200 Triton Sport HPE 2.4 Turbo AT 2020,"10,4 s",190 km/h,Corrente,Injeção direta,Turbocompressor,2442 cm³,4 em linha,4N15,Duplo no cabeçote,"105,1 mm",86 mm,Longitudinal,Dianteiro,"9,9 kg/cv","43,1 kg/kgfm","77,8 cv/litro",190 cv,"15,5:1",,,,"18,0 kgfm/litro","43,9 kgfm",,4,Conversor de torque,Automático,5,,Integral permanente,1795 mm,1520 mm,1515 mm,5280 mm,3000 mm,1820 mm,1890 kg,,75 litros,186 mm,Disco ventilado,Tambor,"2,78 m²","1,112 m²","0,4",,Hidráulica,"11,8 m",,"Indep., braços sobrepostos",Feixe de molas semielípticas,Eixo rígido,,,,,3500 rpm,2500 rpm,,,1060 kg,26 graus,30 graus,22 graus,220 mm,Admissão e escape,V5AWF,2300 kg,750 kg,,,,,,,,,265/70 R16,,,,,,,,,1046 litros,885 km,735 km,"11,8 km/l","9,8 km/l",35 graus,600 mm,,45 graus,,,,,,,,,,,,,,,
mitsubishi,L200,l200,l200-triton-sport-hpe-s-2-4-turbo-at-2020,l200-triton-sport-hpe-s-2-4-turbo-at-2020,https://www.fichacompleta.com.br/carros/mitsubishi/l200-triton-sport-hpe-s-2-4-turbo-at-2020,2026-06-15T19:19:53.966150,Mitsubishi L200 Triton Sport HPE-S 2.4 Turbo AT 2020,"10,4 s",190 km/h,Corrente,Injeção direta,Turbocompressor,2442 cm³,4 em linha,4N15,Duplo no cabeçote,"105,1 mm",86 mm,Longitudinal,Dianteiro,"10,3 kg/cv","44,4 kg/kgfm","77,8 cv/litro",190 cv,"15,5:1",,,,"18,0 kgfm/litro","43,9 kgfm",,4,Conversor de torque,Automático,5,,Integral permanente,1795 mm,1520 mm,1515 mm,5280 mm,3000 mm,1820 mm,1950 kg,,75 litros,172 mm,Disco ventilado,Tambor,"2,78 m²","1,112 m²","0,4",,Hidráulica,"11,8 m",,"Indep., braços sobrepostos",Feixe de molas semielípticas,Eixo rígido,,,,,3500 rpm,2500 rpm,,,1000 kg,26 graus,30 graus,22 graus,220 mm,Admissão e escape,V5AWF,2300 kg,750 kg,,,,,,,,,265/65 R17,,,,,,,,,1046 litros,885 km,735 km,"11,8 km/l","9,8 km/l",35 graus,600 mm,,45 graus,,,,,,,,,,,,,,,
mitsubishi,L200,l200,l200-triton-gl-2-4-turbo-2021,l200-triton-gl-2-4-turbo-2021,https://www.fichacompleta.com.br/carros/mitsubishi/l200-triton-gl-2-4-turbo-2021,2026-06-15T19:19:57.448411,Mitsubishi L200 Triton GL 2.4 Turbo 2021,"10,2 s",190 km/h,Corrente,Injeção direta,Turbocompressor,2442 cm³,4 em linha,4N15,Duplo no cabeçote,"105,1 mm",86 mm,Longitudinal,Dianteiro,"10,0 kg/cv","43,3 kg/kgfm","77,8 cv/litro",190 cv,"15,5:1",,,,"18,0 kgfm/litro","43,9 kgfm",,4,Embreagem monodisco a seco,Manual,6,,Integral temporária,1785 mm,1520 mm,1515 mm,5280 mm,3000 mm,1785 mm,1900 kg,,75 litros,169 mm,Disco ventilado,Tambor,"2,71 m²","1,084 m²","0,4",,Hidráulica,"11,8 m",,"Indep., braços sobrepostos",Feixe de molas semielípticas,Eixo rígido,,,,,3500 rpm,2500 rpm,,,1050 kg,24 graus,33 graus,24 graus,210 mm,Admissão e escape,V6M5A,2300 kg,750 kg,,,,,,,,,225/75 R16,,,,,,,,,1046 litros,990 km,758 km,"13,2 km/l","10,1 km/l",35 graus,600 mm,,45 graus,,,,,,,,,,,,,,,
mitsubishi,L200,l200,l200-triton-motorsports-2-4-turbo-at-2021,l200-triton-motorsports-2-4-turbo-at-2021,https://www.fichacompleta.com.br/carros/mitsubishi/l200-triton-motorsports-2-4-turbo-at-2021,2026-06-15T19:20:01.396296,Mitsubishi L200 Triton Motorsports 2.4 Turbo AT 2021,"10,4 s",190 km/h,,Injeção direta,Turbocompressor,2442 cm³,4 em linha,4N15,"Duplo no cabeçote, corrente",,,Longitudinal,Dianteiro,"9,9 kg/cv","43,1 kg/kgfm","77,8 cv/litro",190 cv a 3500 rpm,"15,5:1",,,,"18,0 kgfm/litro","43,9 kgfm a 2500 rpm",,4,Conversor de torque,Automático,,5,Integral permanente,1795 mm,1520 mm,1515 mm,5280 mm,3000 mm,1820 mm,1890 kg,1046 litros,75 litros,172 mm,Disco ventilado,265/65 R17,"2,78 m²",,,"0,4",Hidráulica,,"11,8 m","Independente, braços sobrepostos",Feixe de molas semielípticas,Eixo rígido,,,,,,,,,1060 kg,29 graus,33 graus,24 graus,,Admissão e escape,V5AWF,2300 kg,750 kg,"105,1 mm",86 mm,,,,,,,,,,,,,,,,,885 km,735 km,"11,8 km/l","9,8 km/l",35 graus,600 mm,45 graus,,,,,,,,,,,,,,,,
mitsubishi,L200,l200,l200-triton-outdoor-gls-2-4-turbo-at-2021,l200-triton-outdoor-gls-2-4-turbo-at-2021,https://www.fichacompleta.com.br/carros/mitsubishi/l200-triton-outdoor-gls-2-4-turbo-at-2021,2026-06-15T19:20:05.731856,Mitsubishi L200 Triton Outdoor GLS 2.4 Turbo AT 2021,"10,4 s",190 km/h,Corrente,Injeção direta,Turbocompressor,2442 cm³,4 em linha,4N15,Duplo no cabeçote,"105,1 mm",86 mm,Longitudinal,Dianteiro,"10,0 kg/cv","43,2 kg/kgfm","77,8 cv/litro",190 cv,"15,5:1",,,,"18,0 kgfm/litro","43,9 kgfm",,4,Conversor de torque,Automático,5,,Integral temporária,1795 mm,1520 mm,1515 mm,5280 mm,3000 mm,1820 mm,1895 kg,,76 litros,186 mm,Disco ventilado,Tambor,"2,78 m²","1,112 m²","0,4",,Hidráulica,"11,8 m",,"Indep., braços sobrepostos",Feixe de molas semielípticas,Eixo rígido,,,,,3500 rpm,2500 rpm,,,1055 kg,29 graus,33 graus,24 graus,220 mm,Admissão e escape,V5AWF,2300 kg,750 kg,,,,,,,,,265/70 R16,,,,,,,,,1046 litros,897 km,745 km,"11,8 km/l","9,8 km/l",35 graus,600 mm,,45 graus,,,,,,,,,,,,,,,
mitsubishi,L200,l200,l200-triton-outdoor-glx-2-4-turbo-2021,l200-triton-outdoor-glx-2-4-turbo-2021,https://www.fichacompleta.com.br/carros/mitsubishi/l200-triton-outdoor-glx-2-4-turbo-2021,2026-06-15T19:20:08.419852,Mitsubishi L200 Triton Outdoor GLX 2.4 Turbo 2021,"10,2 s",190 km/h,Corrente,Injeção direta,Turbocompressor,2442 cm³,4 em linha,4N15,Duplo no cabeçote,"105,1 mm",86 mm,Longitudinal,Dianteiro,"10,0 kg/cv","43,3 kg/kgfm","77,8 cv/litro",190 cv,"15,5:1",,,,"18,0 kgfm/litro","43,9 kgfm",,4,Embreagem monodisco a seco,Manual,6,,Integral temporária,1785 mm,1520 mm,1515 mm,5280 mm,3000 mm,1785 mm,1900 kg,,76 litros,186 mm,Disco ventilado,Tambor,"2,71 m²","1,084 m²","0,4",,Hidráulica,"11,8 m",,"Indep., braços sobrepostos",Feixe de molas semielípticas,Eixo rígido,,,,,3500 rpm,2500 rpm,,,1050 kg,24 graus,33 graus,24 graus,210 mm,Admissão e escape,V6M5A,2300 kg,750 kg,,,,,,,,,265/70 R16,,,,,,,,,1046 litros,1003 km,768 km,"13,2 km/l","10,1 km/l",35 graus,600 mm,,45 graus,,,,,,,,,,,,,,,
mitsubishi,L200,l200,l200-triton-outdoor-hpe-2-4-turbo-at-2021,l200-triton-outdoor-hpe-2-4-turbo-at-2021,https://www.fichacompleta.com.br/carros/mitsubishi/l200-triton-outdoor-hpe-2-4-turbo-at-2021,2026-06-15T19:20:12.826746,Mitsubishi L200 Triton Outdoor HPE 2.4 Turbo AT 2021,"10,4 s",190 km/h,,Injeção direta,Turbocompressor,2442 cm³,4 em linha,4N15,"Duplo no cabeçote, corrente",,,Longitudinal,Dianteiro,"10,2 kg/cv","44,0 kg/kgfm","77,8 cv/litro",190 cv a 3500 rpm,"15,5:1",,,,"18,0 kgfm/litro","43,9 kgfm a 2500 rpm",,4,Conversor de torque,Automático,,5,Integral permanente,1795 mm,1520 mm,1515 mm,5280 mm,3000 mm,1820 mm,1930 kg,1046 litros,76 litros,186 mm,Disco ventilado,265/70 R16,"2,78 m²",,,"0,4",Hidráulica,,"11,8 m","Independente, braços sobrepostos",Feixe de molas semielípticas,Eixo rígido,,,,,,,,,1020 kg,29 graus,33 graus,24 graus,,Admissão e escape,V5AWF,2300 kg,750 kg,"105,1 mm",86 mm,,,,,,,,,,,,,,,,,897 km,745 km,"11,8 km/l","9,8 km/l",35 graus,600 mm,45 graus,,,,,,,,,,,,,,,,
mitsubishi,L200,l200,l200-triton-outdoor-hpe-s-2-4-turbo-at-2021,l200-triton-outdoor-hpe-s-2-4-turbo-at-2021,https://www.fichacompleta.com.br/carros/mitsubishi/l200-triton-outdoor-hpe-s-2-4-turbo-at-2021,2026-06-15T19:20:17.235091,Mitsubishi L200 Triton Outdoor HPE-S 2.4 Turbo AT 2021,"10,4 s",190 km/h,Corrente,Injeção direta,Turbocompressor,2442 cm³,4 em linha,4N15,Duplo no cabeçote,"105,1 mm",86 mm,Longitudinal,Dianteiro,"10,3 kg/cv","44,4 kg/kgfm","77,8 cv/litro",190 cv,"15,5:1",,,,"18,0 kgfm/litro","43,9 kgfm",,4,Conversor de torque,Automático,5,,Integral permanente,1795 mm,1520 mm,1515 mm,5280 mm,3000 mm,1820 mm,1950 kg,,76 litros,172 mm,Disco ventilado,Tambor,"2,78 m²","1,112 m²","0,4",,Hidráulica,"11,8 m",,"Indep., braços sobrepostos",Feixe de molas semielípticas,Eixo rígido,,,,,3500 rpm,2500 rpm,,,1000 kg,29 graus,33 graus,24 graus,220 mm,Admissão e escape,V5AWF,2300 kg,750 kg,,,,,,,,,265/65 R17,,,,,,,,,1046 litros,897 km,745 km,"11,8 km/l","9,8 km/l",35 graus,600 mm,,45 graus,,,,,,,,,,,,,,,
mitsubishi,L200,l200,l200-triton-sport-gls-2-4-turbo-at-2021,l200-triton-sport-gls-2-4-turbo-at-2021,https://www.fichacompleta.com.br/carros/mitsubishi/l200-triton-sport-gls-2-4-turbo-at-2021,2026-06-15T19:20:22.061677,Mitsubishi L200 Triton Sport GLS 2.4 Turbo AT 2021,"10,4 s",190 km/h,Corrente,Injeção direta,Turbocompressor,2442 cm³,4 em linha,4N15,Duplo no cabeçote,"105,1 mm",86 mm,Longitudinal,Dianteiro,"10,0 kg/cv","43,2 kg/kgfm","77,8 cv/litro",190 cv,"15,5:1",,,,"18,0 kgfm/litro","43,9 kgfm",,4,Conversor de torque,Automático,6,,Integral temporária,1795 mm,1520 mm,1515 mm,5300 mm,3000 mm,1820 mm,1895 kg,,76 litros,159 mm,Disco ventilado,Tambor,"2,78 m²","1,112 m²","0,4",,Hidráulica,"11,8 m",,"Indep., braços sobrepostos",Feixe de molas semielípticas,Eixo rígido,,,,,3500 rpm,2500 rpm,,,1055 kg,25 graus,32 graus,23 graus,220 mm,Admissão e escape,,2300 kg,750 kg,,,,,,,,,265/60 R18,,,,,,,,,1046 litros,897 km,745 km,"11,8 km/l","9,8 km/l",35 graus,600 mm,,45 graus,,,,,,,,,,,,,,,
mitsubishi,L200,l200,l200-triton-sport-hpe-2-4-turbo-at-2021,l200-triton-sport-hpe-2-4-turbo-at-2021,https://www.fichacompleta.com.br/carros/mitsubishi/l200-triton-sport-hpe-2-4-turbo-at-2021,2026-06-15T19:20:26.968395,Mitsubishi L200 Triton Sport HPE 2.4 Turbo AT 2021,"10,4 s",190 km/h,Corrente,Injeção direta,Turbocompressor,2442 cm³,4 em linha,4N15,Duplo no cabeçote,"105,1 mm",86 mm,Longitudinal,Dianteiro,"9,9 kg/cv","43,1 kg/kgfm","77,8 cv/litro",190 cv,"15,5:1",,,,"18,0 kgfm/litro","43,9 kgfm",,4,Conversor de torque,Automático,6,,Integral permanente,1795 mm,1520 mm,1515 mm,5300 mm,3000 mm,1820 mm,1890 kg,,76 litros,159 mm,Disco ventilado,Tambor,"2,78 m²","1,112 m²","0,4",,Hidráulica,"11,8 m",,"Indep., braços sobrepostos",Feixe de molas semielípticas,Eixo rígido,,,,,3500 rpm,2500 rpm,,,1060 kg,25 graus,32 graus,23 graus,220 mm,Admissão e escape,,2300 kg,750 kg,,,,,,,,,265/60 R18,,,,,,,,,1046 litros,821 km,714 km,"10,8 km/l","9,4 km/l",35 graus,600 mm,,45 graus,,,,,,,,,,,,,,,
mitsubishi,L200,l200,l200-triton-sport-hpe-s-2-4-turbo-at-2021,l200-triton-sport-hpe-s-2-4-turbo-at-2021,https://www.fichacompleta.com.br/carros/mitsubishi/l200-triton-sport-hpe-s-2-4-turbo-at-2021,2026-06-15T19:20:29.980446,Mitsubishi L200 Triton Sport HPE-S 2.4 Turbo AT 2021,"10,4 s",190 km/h,,Injeção direta,Turbocompressor,2442 cm³,4 em linha,4N15,"Duplo no cabeçote, corrente",,,Longitudinal,Dianteiro,"10,3 kg/cv","44,4 kg/kgfm","77,8 cv/litro",190 cv a 3500 rpm,"15,5:1",,,,"18,0 kgfm/litro","43,9 kgfm a 2500 rpm",,4,Conversor de torque,Automático,,6,Integral permanente,1795 mm,1520 mm,1515 mm,5300 mm,3000 mm,1820 mm,1950 kg,1046 litros,76 litros,159 mm,Disco ventilado,Tambor,"2,78 m²","1,112 m²",,"0,4",Hidráulica,,"11,8 m","Independente, braços sobrepostos",Feixe de molas semielípticas,Eixo rígido,,,,,,,,,1000 kg,25 graus,32 graus,23 graus,220 mm,Admissão e escape,,2300 kg,750 kg,"105,1 mm",86 mm,,,,,,,265/60 R18,,,,,,,,,,897 km,745 km,"11,8 km/l","9,8 km/l",35 graus,600 mm,45 graus,,,,,,,,,,,,,,,,
mitsubishi,L200,l200,l200-triton-gl-2-4-turbo-2022,l200-triton-gl-2-4-turbo-2022,https://www.fichacompleta.com.br/carros/mitsubishi/l200-triton-gl-2-4-turbo-2022,2026-06-15T19:20:33.717779,Mitsubishi L200 Triton GL 2.4 Turbo 2022,"10,2 s",190 km/h,Corrente,Injeção direta,Turbocompressor,2442 cm³,4 em linha,4N15,Duplo no cabeçote,"105,1 mm",86 mm,Longitudinal,Dianteiro,"10,0 kg/cv","43,3 kg/kgfm","77,8 cv/litro",190 cv,"15,5:1",,3500 rpm,2500 rpm,"18,0 kgfm/litro","43,9 kgfm",,4,Embreagem monodisco a seco,Manual,6,,Integral temporária,1785 mm,1520 mm,1515 mm,5280 mm,3000 mm,1785 mm,1900 kg,1046 litros,75 litros,169 mm,Disco ventilado,Tambor,"2,71 m²","1,084 m²","0,4",,Hidráulica,"11,8 m",,"Indep., braços sobrepostos",Feixe de molas semielípticas,Eixo rígido,,,,,,,,,1050 kg,24 graus,33 graus,24 graus,210 mm,Admissão e escape,V6M5A,2300 kg,750 kg,,,,,,,,,225/75 R16,,,,,,,,,1046 litros,990 km,758 km,"13,2 km/l","10,1 km/l",35 graus,600 mm,,45 graus,,,,,,,,,,,,,,,
mitsubishi,L200,l200,l200-triton-outdoor-gls-2-4-turbo-at-2022,l200-triton-outdoor-gls-2-4-turbo-at-2022,https://www.fichacompleta.com.br/carros/mitsubishi/l200-triton-outdoor-gls-2-4-turbo-at-2022,2026-06-15T19:20:38.267621,Mitsubishi L200 Triton Outdoor GLS 2.4 Turbo AT 2022,"10,4 s",190 km/h,,Injeção direta,Turbocompressor,2442 cm³,4 em linha,4N15,"Duplo no cabeçote, corrente",,,Longitudinal,Dianteiro,"10,0 kg/cv","43,2 kg/kgfm","77,8 cv/litro",190 cv a 3500 rpm,"15,5:1",,,,"18,0 kgfm/litro","43,9 kgfm a 2500 rpm",,4,Conversor de torque,Automático,,5,Integral temporária,1795 mm,1520 mm,1515 mm,5280 mm,3000 mm,1820 mm,1895 kg,1046 litros,76 litros,186 mm,265/70 R16,265/70 R16,"2,78 m²","1,112 m²",,"0,4",Hidráulica,,"11,8 m","Independente, braços sobrepostos",Feixe de molas semielípticas,Eixo rígido,,,,,,,,,1055 kg,29 graus,33 graus,24 graus,220 mm,Admissão e escape,V5AWF,2300 kg,750 kg,"105,1 mm",86 mm,,,,,,,265/70 R16,,,,,,,,,,897 km,745 km,"11,8 km/l","9,8 km/l",35 graus,600 mm,45 graus,,,,,,,,,,,,,,,,
mitsubishi,L200,l200,l200-triton-outdoor-glx-2-4-turbo-2022,l200-triton-outdoor-glx-2-4-turbo-2022,https://www.fichacompleta.com.br/carros/mitsubishi/l200-triton-outdoor-glx-2-4-turbo-2022,2026-06-15T19:20:42.587537,Mitsubishi L200 Triton Outdoor GLX 2.4 Turbo 2022,"10,2 s",190 km/h,,Injeção direta,Turbocompressor,2442 cm³,4 em linha,4N15,"Duplo no cabeçote, corrente",,,Longitudinal,Dianteiro,"10,0 kg/cv","43,3 kg/kgfm","77,8 cv/litro",190 cv a 3500 rpm,"15,5:1",,,,"18,0 kgfm/litro","43,9 kgfm a 2500 rpm",,4,Embreagem monodisco a seco,Manual,,6,Integral temporária,1785 mm,1520 mm,1515 mm,5280 mm,3000 mm,1785 mm,1900 kg,1046 litros,76 litros,186 mm,Disco ventilado,Tambor,"2,71 m²","1,084 m²",,"0,4",Hidráulica,,"11,8 m","Independente, braços sobrepostos",Feixe de molas semielípticas,Eixo rígido,,,,,,,,,1050 kg,24 graus,33 graus,24 graus,210 mm,Admissão e escape,V6M5A,2300 kg,750 kg,"105,1 mm",86 mm,,,,,,,265/70 R16,,,,,,,,,,1003 km,768 km,"13,2 km/l","10,1 km/l",35 graus,600 mm,45 graus,,,,,,,,,,,,,,,,
mitsubishi,L200,l200,l200-triton-savana-2-4-turbo-at-2022,l200-triton-savana-2-4-turbo-at-2022,https://www.fichacompleta.com.br/carros/mitsubishi/l200-triton-savana-2-4-turbo-at-2022,2026-06-15T19:20:46.043166,Mitsubishi L200 Triton Savana 2.4 Turbo AT 2022,"10,4 s",190 km/h,Corrente,Injeção direta,Turbocompressor,2442 cm³,4 em linha,4N15,Duplo no cabeçote,"105,1 mm",86 mm,Longitudinal,Dianteiro,"10,3 kg/cv","44,4 kg/kgfm","77,8 cv/litro",190 cv,"15,5:1",,,,"18,0 kgfm/litro","43,9 kgfm",,4,Conversor de torque,Automático,5,,Integral temporária,1900 mm,1520 mm,1515 mm,5280 mm,3000 mm,1820 mm,1950 kg,,76 litros,179 mm,Disco ventilado,Tambor,"2,94 m²","1,176 m²","0,4",,Hidráulica,"11,8 m",,"Indep., braços sobrepostos",Feixe de molas semielípticas,Eixo rígido,,,,,3500 rpm,2500 rpm,,,1000 kg,29 graus,33 graus,24 graus,220 mm,Admissão e escape,V5AWF,2300 kg,750 kg,,,,,,,,,265/70 R16,,,,,,,,,1046 litros,897 km,745 km,"11,8 km/l","9,8 km/l",35 graus,700 mm,,45 graus,,,,,,,,,,,,,,,
mitsubishi,L200,l200,l200-triton-sport-gls-2-4-turbo-at-2022,l200-triton-sport-gls-2-4-turbo-at-2022,https://www.fichacompleta.com.br/carros/mitsubishi/l200-triton-sport-gls-2-4-turbo-at-2022,2026-06-15T19:20:50.743746,Mitsubishi L200 Triton Sport GLS 2.4 Turbo AT 2022,"10,4 s",190 km/h,Corrente,Injeção direta,Turbocompressor,2442 cm³,4 em linha,4N15,Duplo no cabeçote,"105,1 mm",86 mm,Longitudinal,Dianteiro,"10,0 kg/cv","43,2 kg/kgfm","77,8 cv/litro",190 cv,"15,5:1",,,,"18,0 kgfm/litro","43,9 kgfm",,4,Conversor de torque,Automático,6,,Integral temporária,1795 mm,1520 mm,1515 mm,5300 mm,3000 mm,1820 mm,1895 kg,,76 litros,159 mm,Disco ventilado,Tambor,"2,78 m²","1,112 m²","0,4",,Hidráulica,"11,8 m",,"Indep., braços sobrepostos",Feixe de molas semielípticas,Eixo rígido,,,,,3500 rpm,2500 rpm,,,1055 kg,25 graus,32 graus,23 graus,220 mm,Admissão e escape,,2300 kg,750 kg,,,,,,,,,265/60 R18,,,,,,,,,1046 litros,821 km,714 km,"10,8 km/l","9,4 km/l",35 graus,600 mm,,45 graus,,,,,,,,,,,,,,,
mitsubishi,L200,l200,l200-triton-sport-hpe-2-4-turbo-at-2022,l200-triton-sport-hpe-2-4-turbo-at-2022,https://www.fichacompleta.com.br/carros/mitsubishi/l200-triton-sport-hpe-2-4-turbo-at-2022,2026-06-15T19:20:53.330559,Mitsubishi L200 Triton Sport HPE 2.4 Turbo AT 2022,"10,4 s",190 km/h,Corrente,Injeção direta,Turbocompressor,2442 cm³,4 em linha,4N15,Duplo no cabeçote,"105,1 mm",86 mm,Longitudinal,Dianteiro,"9,9 kg/cv","43,1 kg/kgfm","77,8 cv/litro",190 cv,"15,5:1",,,,"18,0 kgfm/litro","43,9 kgfm",,4,Conversor de torque,Automático,6,,Integral permanente,1795 mm,1520 mm,1515 mm,5300 mm,3000 mm,1820 mm,1890 kg,,76 litros,159 mm,Disco ventilado,Tambor,"2,78 m²","1,112 m²","0,4",,Hidráulica,"11,8 m",,"Indep., braços sobrepostos",Feixe de molas semielípticas,Eixo rígido,,,,,3500 rpm,2500 rpm,,,1060 kg,25 graus,32 graus,23 graus,220 mm,Admissão e escape,,2300 kg,750 kg,,,,,,,,,265/60 R18,,,,,,,,,1046 litros,821 km,714 km,"10,8 km/l","9,4 km/l",35 graus,600 mm,,45 graus,,,,,,,,,,,,,,,
mitsubishi,L200,l200,l200-triton-sport-hpe-s-2-4-turbo-at-2022,l200-triton-sport-hpe-s-2-4-turbo-at-2022,https://www.fichacompleta.com.br/carros/mitsubishi/l200-triton-sport-hpe-s-2-4-turbo-at-2022,2026-06-15T19:20:56.436612,Mitsubishi L200 Triton Sport HPE-S 2.4 Turbo AT 2022,"10,4 s",190 km/h,Corrente,Injeção direta,Turbocompressor,2442 cm³,4 em linha,4N15,Duplo no cabeçote,"105,1 mm",86 mm,Longitudinal,Dianteiro,"10,3 kg/cv","44,4 kg/kgfm","77,8 cv/litro",190 cv,"15,5:1",,,,"18,0 kgfm/litro","43,9 kgfm",,4,Conversor de torque,Automático,6,,Integral permanente,1795 mm,1520 mm,1515 mm,5300 mm,3000 mm,1820 mm,1950 kg,,76 litros,159 mm,Disco ventilado,Tambor,"2,78 m²","1,112 m²","0,4",,Hidráulica,"11,8 m",,"Indep., braços sobrepostos",Feixe de molas semielípticas,Eixo rígido,,,,,3500 rpm,2500 rpm,,,1000 kg,25 graus,32 graus,23 graus,220 mm,Admissão e escape,,2300 kg,750 kg,,,,,,,,,265/60 R18,,,,,,,,,1046 litros,821 km,714 km,"10,8 km/l","9,4 km/l",35 graus,600 mm,,45 graus,,,,,,,,,,,,,,,
mitsubishi,L200,l200,l200-triton-gl-2-4-turbo-2023,l200-triton-gl-2-4-turbo-2023,https://www.fichacompleta.com.br/carros/mitsubishi/l200-triton-gl-2-4-turbo-2023,2026-06-15T19:20:59.950619,Mitsubishi L200 Triton GL 2.4 Turbo 2023,"10,2 s",190 km/h,Corrente,Injeção direta,Turbocompressor,2442 cm³,4 em linha,4N15,Duplo no cabeçote,"105,1 mm",86 mm,Longitudinal,Dianteiro,"10,0 kg/cv","43,3 kg/kgfm","77,8 cv/litro",190 cv,"15,5:1",,3500 rpm,2500 rpm,"18,0 kgfm/litro","43,9 kgfm",,4,Embreagem monodisco a seco,Manual,6,,Integral temporária,1785 mm,1520 mm,1515 mm,5280 mm,3000 mm,1785 mm,1900 kg,1046 litros,75 litros,186 mm,Disco ventilado,Tambor,"2,71 m²","1,084 m²","0,4",,Hidráulica,"11,8 m",,"Indep., braços sobrepostos",Feixe de molas semielípticas,Eixo rígido,,,,,,,,,1050 kg,24 graus,33 graus,24 graus,210 mm,Admissão e escape,V6M5A,2300 kg,750 kg,,,,,,,,,265/70 R16,,,,,,,,,1046 litros,938 km,788 km,"12,5 km/l","10,5 km/l",35 graus,600 mm,,45 graus,,,,,,,,,,,,,,,
mitsubishi,L200,l200,l200-triton-gls-2-4-turbo-2023,l200-triton-gls-2-4-turbo-2023,https://www.fichacompleta.com.br/carros/mitsubishi/l200-triton-gls-2-4-turbo-2023,2026-06-15T19:21:02.687407,Mitsubishi L200 Triton GLS 2.4 Turbo 2023,"10,4 s",190 km/h,Corrente,Injeção direta,Turbocompressor,2442 cm³,4 em linha,4N15,Duplo no cabeçote,"105,1 mm",86 mm,Longitudinal,Dianteiro,"10,0 kg/cv","43,3 kg/kgfm","77,8 cv/litro",190 cv,"15,5:1",,3500 rpm,2500 rpm,"18,0 kgfm/litro","43,9 kgfm",,4,Conversor de torque,Automático,5,,Integral temporária,1795 mm,1520 mm,1515 mm,5280 mm,3000 mm,1820 mm,1900 kg,1046 litros,76 litros,186 mm,Disco ventilado,Tambor,"2,78 m²","1,112 m²","0,4",,Hidráulica,"11,8 m",,"Indep., braços sobrepostos",Feixe de molas semielípticas,Eixo rígido,,,,,,,,,1050 kg,29 graus,33 graus,24 graus,220 mm,Admissão e escape,V5AWF,2300 kg,750 kg,,,,,,,,,265/70 R16,,,,,,,,,1046 litros,844 km,745 km,"11,1 km/l","9,8 km/l",35 graus,600 mm,,45 graus,,,,,,,,,,,,,,,
mitsubishi,L200,l200,l200-triton-outdoor-gls-2-4-turbo-at-2023,l200-triton-outdoor-gls-2-4-turbo-at-2023,https://www.fichacompleta.com.br/carros/mitsubishi/l200-triton-outdoor-gls-2-4-turbo-at-2023,2026-06-15T19:21:06.661483,Mitsubishi L200 Triton Outdoor GLS 2.4 Turbo AT 2023,"10,4 s",190 km/h,Corrente,Injeção direta,Turbocompressor,2442 cm³,4 em linha,4N15,Duplo no cabeçote,"105,1 mm",86 mm,Longitudinal,Dianteiro,"10,0 kg/cv","43,2 kg/kgfm","77,8 cv/litro",190 cv,"15,5:1",,3500 rpm,2500 rpm,"18,0 kgfm/litro","43,9 kgfm",,4,Conversor de torque,Automático,5,,Integral temporária,1795 mm,1520 mm,1515 mm,5280 mm,3000 mm,1820 mm,1895 kg,1046 litros,76 litros,186 mm,Disco ventilado,Tambor,"2,78 m²","1,112 m²","0,4",,Hidráulica,"11,8 m",,"Indep., braços sobrepostos",Feixe de molas semielípticas,Eixo rígido,,,,,,,,,1055 kg,29 graus,33 graus,24 graus,220 mm,Admissão e escape,V5AWF,2300 kg,750 kg,,,,,,,,,265/70 R16,,,,,,,,,1046 litros,844 km,745 km,"11,1 km/l","9,8 km/l",35 graus,600 mm,,45 graus,,,,,,,,,,,,,,,
mitsubishi,L200,l200,l200-triton-outdoor-glx-2-4-turbo-2023,l200-triton-outdoor-glx-2-4-turbo-2023,https://www.fichacompleta.com.br/carros/mitsubishi/l200-triton-outdoor-glx-2-4-turbo-2023,2026-06-15T19:21:11.501342,Mitsubishi L200 Triton Outdoor GLX 2.4 Turbo 2023,"10,2 s",190 km/h,Corrente,Injeção direta,Turbocompressor,2442 cm³,4 em linha,4N15,Duplo no cabeçote,"105,1 mm",86 mm,Longitudinal,Dianteiro,"10,0 kg/cv","43,3 kg/kgfm","77,8 cv/litro",190 cv,"15,5:1",,3500 rpm,2500 rpm,"18,0 kgfm/litro","43,9 kgfm",,4,Embreagem monodisco a seco,Manual,6,,Integral temporária,1785 mm,1520 mm,1515 mm,5280 mm,3000 mm,1785 mm,1900 kg,1046 litros,76 litros,186 mm,Disco ventilado,Tambor,"2,71 m²","1,084 m²","0,4",,Hidráulica,"11,8 m",,"Indep., braços sobrepostos",Feixe de molas semielípticas,Eixo rígido,,,,,,,,,1050 kg,24 graus,33 graus,24 graus,210 mm,Admissão e escape,V6M5A,2300 kg,750 kg,,,,,,,,,265/70 R16,,,,,,,,,1046 litros,950 km,798 km,"12,5 km/l","10,5 km/l",35 graus,600 mm,,45 graus,,,,,,,,,,,,,,,
mitsubishi,L200,l200,l200-triton-savana-2-4-turbo-at-2023,l200-triton-savana-2-4-turbo-at-2023,https://www.fichacompleta.com.br/carros/mitsubishi/l200-triton-savana-2-4-turbo-at-2023,2026-06-15T19:21:14.283156,Mitsubishi L200 Triton Savana 2.4 Turbo AT 2023,"10,4 s",190 km/h,Corrente,Injeção direta,Turbocompressor,2442 cm³,4 em linha,4N15,Duplo no cabeçote,"105,1 mm",86 mm,Longitudinal,Dianteiro,"10,3 kg/cv","44,4 kg/kgfm","77,8 cv/litro",190 cv,"15,5:1",,3500 rpm,2500 rpm,"18,0 kgfm/litro","43,9 kgfm",,4,Conversor de torque,Automático,5,,Integral temporária,1900 mm,1520 mm,1515 mm,5280 mm,3000 mm,1820 mm,1950 kg,1046 litros,76 litros,179 mm,Disco ventilado,Tambor,"2,94 m²","1,176 m²","0,4",,Hidráulica,"11,8 m",,"Indep., braços sobrepostos",Feixe de molas semielípticas,Eixo rígido,,,,,,,,,1000 kg,29 graus,33 graus,24 graus,220 mm,Admissão e escape,V5AWF,2300 kg,750 kg,,,,,,,,,265/70 R16,,,,,,,,,1046 litros,844 km,745 km,"11,1 km/l","9,8 km/l",35 graus,700 mm,,45 graus,,,,,,,,,,,,,,,
mitsubishi,L200,l200,l200-triton-sport-gls-2-4-turbo-at-2023,l200-triton-sport-gls-2-4-turbo-at-2023,https://www.fichacompleta.com.br/carros/mitsubishi/l200-triton-sport-gls-2-4-turbo-at-2023,2026-06-15T19:21:18.644594,Mitsubishi L200 Triton Sport GLS 2.4 Turbo AT 2023,"10,4 s",190 km/h,Corrente,Injeção direta,Turbocompressor,2442 cm³,4 em linha,4N15,Duplo no cabeçote,"105,1 mm",86 mm,Longitudinal,Dianteiro,"10,0 kg/cv","43,2 kg/kgfm","77,8 cv/litro",190 cv,"15,5:1",,3500 rpm,2500 rpm,"18,0 kgfm/litro","43,9 kgfm",,4,Conversor de torque,Automático,6,,Integral temporária,1795 mm,1520 mm,1515 mm,5300 mm,3000 mm,1820 mm,1895 kg,1046 litros,76 litros,159 mm,Disco ventilado,Tambor,"2,78 m²","1,112 m²","0,4",,Hidráulica,"11,8 m",,"Indep., braços sobrepostos",Feixe de molas semielípticas,Eixo rígido,,,,,,,,,1055 kg,25 graus,32 graus,23 graus,220 mm,Admissão e escape,,2300 kg,750 kg,,,,,,,,,265/60 R18,,,,,,,,,1046 litros,775 km,699 km,"10,2 km/l","9,2 km/l",35 graus,600 mm,,45 graus,,,,,,,,,,,,,,,
mitsubishi,L200,l200,l200-triton-sport-hpe-2-4-turbo-at-2023,l200-triton-sport-hpe-2-4-turbo-at-2023,https://www.fichacompleta.com.br/carros/mitsubishi/l200-triton-sport-hpe-2-4-turbo-at-2023,2026-06-15T19:21:22.299261,Mitsubishi L200 Triton Sport HPE 2.4 Turbo AT 2023,"10,4 s",190 km/h,Corrente,Injeção direta,Turbocompressor,2442 cm³,4 em linha,4N15,Duplo no cabeçote,"105,1 mm",86 mm,Longitudinal,Dianteiro,"9,9 kg/cv","43,1 kg/kgfm","77,8 cv/litro",190 cv,"15,5:1",,3500 rpm,2500 rpm,"18,0 kgfm/litro","43,9 kgfm",,4,Conversor de torque,Automático,6,,Integral permanente,1795 mm,1520 mm,1515 mm,5300 mm,3000 mm,1820 mm,1890 kg,1046 litros,76 litros,159 mm,Disco ventilado,Tambor,"2,78 m²","1,112 m²","0,4",,Hidráulica,"11,8 m",,"Indep., braços sobrepostos",Feixe de molas semielípticas,Eixo rígido,,,,,,,,,1060 kg,25 graus,32 graus,23 graus,220 mm,Admissão e escape,,2300 kg,750 kg,,,,,,,,,265/60 R18,,,,,,,,,1046 litros,775 km,699 km,"10,2 km/l","9,2 km/l",35 graus,600 mm,,45 graus,,,,,,,,,,,,,,,
mitsubishi,L200,l200,l200-triton-sport-hpe-s-2-4-turbo-at-2023,l200-triton-sport-hpe-s-2-4-turbo-at-2023,https://www.fichacompleta.com.br/carros/mitsubishi/l200-triton-sport-hpe-s-2-4-turbo-at-2023,2026-06-15T19:21:27.220505,Mitsubishi L200 Triton Sport HPE-S 2.4 Turbo AT 2023,"10,4 s",190 km/h,Corrente,Injeção direta,Turbocompressor,2442 cm³,4 em linha,4N15,Duplo no cabeçote,"105,1 mm",86 mm,Longitudinal,Dianteiro,"10,3 kg/cv","44,4 kg/kgfm","77,8 cv/litro",190 cv,"15,5:1",,3500 rpm,2500 rpm,"18,0 kgfm/litro","43,9 kgfm",,4,Conversor de torque,Automático,6,,Integral permanente,1795 mm,1520 mm,1515 mm,5300 mm,3000 mm,1820 mm,1950 kg,1046 litros,76 litros,159 mm,Disco ventilado,Tambor,"2,78 m²","1,112 m²","0,4",,Hidráulica,"11,8 m",,"Indep., braços sobrepostos",Feixe de molas semielípticas,Eixo rígido,,,,,,,,,1000 kg,25 graus,32 graus,23 graus,220 mm,Admissão e escape,,2300 kg,750 kg,,,,,,,,,265/60 R18,,,,,,,,,1046 litros,775 km,699 km,"10,2 km/l","9,2 km/l",35 graus,600 mm,,45 graus,,,,,,,,,,,,,,,
mitsubishi,L200,l200,l200-triton-sport-sertoes-hpe-2-4-turbo-at-2023,l200-triton-sport-sertoes-hpe-2-4-turbo-at-2023,https://www.fichacompleta.com.br/carros/mitsubishi/l200-triton-sport-sertoes-hpe-2-4-turbo-at-2023,2026-06-15T19:21:30.811255,Mitsubishi L200 Triton Sport Sertões HPE 2.4 Turbo AT 2023,"10,4 s",190 km/h,Corrente,Injeção direta,Turbocompressor,,4 em linha,4N15,Duplo no cabeçote,"105,1 mm",86 mm,Longitudinal,Dianteiro,"9,95 kg/cv","43,1 kg/kgfm","77,8 cv/litro",190 cv,"15,5:1",,,,"18,0 kgfm/litro","43,9 kgfm",,4,Conversor de torque,Automático,6,,Integral permanente,1795 mm,1520 mm,1515 mm,5300 mm,3000 mm,1820 mm,1890 kg,,76 litros,172 mm,Disco ventilado,Tambor,"2,78 m²","1,112 m²","0,4",,Hidráulica,"11,8 m",,"Indep., braços sobrepostos",Feixe de molas semielípticas,Eixo rígido,,,,,3500 rpm,2500 rpm,,,1060 kg,25 graus,32 graus,23 graus,220 mm,Admissão e escape,,2300 kg,750 kg,,,,,,,611 cm³,2442 cm³,265/65 R17,,,,,,,,,1046 litros,775 km,699 km,"10,2 km/l","9,2 km/l",35 graus,700 mm,,45 graus,,,,,,,,,,,,,,,
mitsubishi,L200,l200,l200-triton-gl-2-4-2024,l200-triton-gl-2-4-2024,https://www.fichacompleta.com.br/carros/mitsubishi/l200-triton-gl-2-4-2024,2026-06-15T19:21:34.150035,Mitsubishi L200 Triton GL 2.4 2024,"10,2 s",190 km/h,Corrente,Injeção direta,Turbocompressor,,4 em linha,4N15,Duplo no cabeçote,"105,1 mm",86 mm,Longitudinal,Dianteiro,"10,00 kg/cv","43,3 kg/kgfm","77,8 cv/litro",190 cv,"15,5:1",,,,"18,0 kgfm/litro","43,9 kgfm",,4,Embreagem monodisco a seco,Manual,6,,Integral temporária,1785 mm,1520 mm,1515 mm,5280 mm,3000 mm,1785 mm,1900 kg,,75 litros,186 mm,Disco ventilado,Tambor,"2,71 m²","1,084 m²","0,4",,Hidráulica,"11,8 m",,"Indep., braços sobrepostos",Feixe de molas semielípticas,Eixo rígido,,,,,3500 rpm,2500 rpm,,,1050 kg,24 graus,33 graus,24 graus,210 mm,Admissão e escape,V6M5A,2300 kg,750 kg,,,,,,,611 cm³,2442 cm³,265/70 R16,,,,,,,,,1046 litros,938 km,788 km,"12,5 km/l","10,5 km/l",35 graus,600 mm,,45 graus,,,,,,,,,,,,,,,
mitsubishi,L200,l200,l200-triton-gls-2-4-2024,l200-triton-gls-2-4-2024,https://www.fichacompleta.com.br/carros/mitsubishi/l200-triton-gls-2-4-2024,2026-06-15T19:21:38.086356,Mitsubishi L200 Triton GLS 2.4 2024,"10,4 s",190 km/h,Corrente,Injeção direta,Turbocompressor,,4 em linha,4N15,Duplo no cabeçote,"105,1 mm",86 mm,Longitudinal,Dianteiro,"10,00 kg/cv","43,3 kg/kgfm","77,8 cv/litro",190 cv,"15,5:1",,,,"18,0 kgfm/litro","43,9 kgfm",,4,Conversor de torque,Automático,5,,Integral temporária,1795 mm,1520 mm,1515 mm,5280 mm,3000 mm,1820 mm,1900 kg,,76 litros,186 mm,Disco ventilado,Tambor,"2,78 m²","1,112 m²","0,4",,Hidráulica,"11,8 m",,"Indep., braços sobrepostos",Feixe de molas semielípticas,Eixo rígido,,,,,3500 rpm,2500 rpm,,,1050 kg,29 graus,33 graus,24 graus,220 mm,Admissão e escape,V5AWF,2300 kg,750 kg,,,,,,,611 cm³,2442 cm³,265/70 R16,,,,,,,,,1046 litros,844 km,745 km,"11,1 km/l","9,8 km/l",35 graus,600 mm,,45 graus,,,,,,,,,,,,,,,
mitsubishi,L200,l200,l200-triton-outdoor-gls-2-4-at-2024,l200-triton-outdoor-gls-2-4-at-2024,https://www.fichacompleta.com.br/carros/mitsubishi/l200-triton-outdoor-gls-2-4-at-2024,2026-06-15T19:21:42.465045,Mitsubishi L200 Triton Outdoor GLS 2.4 AT 2024,"10,4 s",190 km/h,Corrente,Injeção direta,Turbocompressor,,4 em linha,4N15,Duplo no cabeçote,"105,1 mm",86 mm,Longitudinal,Dianteiro,"9,97 kg/cv","43,2 kg/kgfm","77,8 cv/litro",190 cv,"15,5:1",,,,"18,0 kgfm/litro","43,9 kgfm",,4,Conversor de torque,Automático,5,,Integral temporária,1795 mm,1520 mm,1515 mm,5280 mm,3000 mm,1820 mm,1895 kg,,76 litros,186 mm,Disco ventilado,Tambor,"2,78 m²","1,112 m²","0,4",,Hidráulica,"11,8 m",,"Indep., braços sobrepostos",Feixe de molas semielípticas,Eixo rígido,,,,,3500 rpm,2500 rpm,,,1055 kg,29 graus,33 graus,24 graus,220 mm,Admissão e escape,V5AWF,2300 kg,750 kg,,,,,,,611 cm³,2442 cm³,265/70 R16,,,,,,,,,1046 litros,844 km,745 km,"11,1 km/l","9,8 km/l",35 graus,600 mm,,45 graus,,,,,,,,,,,,,,,
mitsubishi,L200,l200,l200-triton-outdoor-glx-2-4-2024,l200-triton-outdoor-glx-2-4-2024,https://www.fichacompleta.com.br/carros/mitsubishi/l200-triton-outdoor-glx-2-4-2024,2026-06-15T19:21:45.761926,Mitsubishi L200 Triton Outdoor GLX 2.4 2024,"10,2 s",190 km/h,Corrente,Injeção direta,Turbocompressor,,4 em linha,4N15,Duplo no cabeçote,"105,1 mm",86 mm,Longitudinal,Dianteiro,"10,00 kg/cv","43,3 kg/kgfm","77,8 cv/litro",190 cv,"15,5:1",,,,"18,0 kgfm/litro","43,9 kgfm",,4,Embreagem monodisco a seco,Manual,6,,Integral temporária,1785 mm,1520 mm,1515 mm,5280 mm,3000 mm,1785 mm,1900 kg,,76 litros,186 mm,Disco ventilado,Tambor,"2,71 m²","1,084 m²","0,4",,Hidráulica,"11,8 m",,"Indep., braços sobrepostos",Feixe de molas semielípticas,Eixo rígido,,,,,3500 rpm,2500 rpm,,,1050 kg,24 graus,33 graus,24 graus,210 mm,Admissão e escape,V6M5A,2300 kg,750 kg,,,,,,,611 cm³,2442 cm³,265/70 R16,,,,,,,,,1046 litros,950 km,798 km,"12,5 km/l","10,5 km/l",35 graus,600 mm,,45 graus,,,,,,,,,,,,,,,
mitsubishi,L200,l200,l200-triton-sport-gls-2-4-at-2024,l200-triton-sport-gls-2-4-at-2024,https://www.fichacompleta.com.br/carros/mitsubishi/l200-triton-sport-gls-2-4-at-2024,2026-06-15T19:21:50.450399,Mitsubishi L200 Triton Sport GLS 2.4 AT 2024,"10,4 s",190 km/h,Corrente,Injeção direta,Turbocompressor,,4 em linha,4N15,Duplo no cabeçote,"105,1 mm",86 mm,Longitudinal,Dianteiro,"9,97 kg/cv","43,2 kg/kgfm","77,8 cv/litro",190 cv,"15,5:1",,,,"18,0 kgfm/litro","43,9 kgfm",,4,Conversor de torque,Automático,6,,Integral temporária,1795 mm,1520 mm,1515 mm,5300 mm,3000 mm,1820 mm,1895 kg,,76 litros,159 mm,Disco ventilado,Tambor,"2,78 m²","1,112 m²","0,4",,Hidráulica,"11,8 m",,"Indep., braços sobrepostos",Feixe de molas semielípticas,Eixo rígido,,,,,3500 rpm,2500 rpm,,,1055 kg,25 graus,32 graus,23 graus,220 mm,Admissão e escape,,2300 kg,750 kg,,,,,,,611 cm³,2442 cm³,265/60 R18,,,,,,,,,1046 litros,783 km,707 km,"10,3 km/l","9,3 km/l",35 graus,600 mm,,45 graus,,,,,,,,,,,,,,,
mitsubishi,L200,l200,l200-triton-sport-hpe-2-4-at-2024,l200-triton-sport-hpe-2-4-at-2024,https://www.fichacompleta.com.br/carros/mitsubishi/l200-triton-sport-hpe-2-4-at-2024,2026-06-15T19:21:53.879215,Mitsubishi L200 Triton Sport HPE 2.4 AT 2024,"10,4 s",190 km/h,Corrente,Injeção direta,Turbocompressor,,4 em linha,4N15,Duplo no cabeçote,"105,1 mm",86 mm,Longitudinal,Dianteiro,"9,95 kg/cv","43,1 kg/kgfm","77,8 cv/litro",190 cv,"15,5:1",,,,"18,0 kgfm/litro","43,9 kgfm",,4,Conversor de torque,Automático,6,,Integral permanente,1795 mm,1520 mm,1515 mm,5300 mm,3000 mm,1820 mm,1890 kg,,76 litros,159 mm,Disco ventilado,Tambor,"2,78 m²","1,112 m²","0,4",,Hidráulica,"11,8 m",,"Indep., braços sobrepostos",Feixe de molas semielípticas,Eixo rígido,,,,,3500 rpm,2500 rpm,,,1060 kg,25 graus,32 graus,23 graus,220 mm,Admissão e escape,,2300 kg,750 kg,,,,,,,611 cm³,2442 cm³,265/60 R18,,,,,,,,,1046 litros,783 km,707 km,"10,3 km/l","9,3 km/l",35 graus,600 mm,,45 graus,,,,,,,,,,,,,,,
mitsubishi,L200,l200,l200-triton-sport-hpe-s-2-4-at-2024,l200-triton-sport-hpe-s-2-4-at-2024,https://www.fichacompleta.com.br/carros/mitsubishi/l200-triton-sport-hpe-s-2-4-at-2024,2026-06-15T19:21:58.010470,Mitsubishi L200 Triton Sport HPE-S 2.4 AT 2024,"10,4 s",190 km/h,Corrente,Injeção direta,Turbocompressor,,4 em linha,4N15,Duplo no cabeçote,"105,1 mm",86 mm,Longitudinal,Dianteiro,"10,26 kg/cv","44,4 kg/kgfm","77,8 cv/litro",190 cv,"15,5:1",,,,"18,0 kgfm/litro","43,9 kgfm",,4,Conversor de torque,Automático,6,,Integral permanente,1795 mm,1520 mm,1515 mm,5300 mm,3000 mm,1820 mm,1950 kg,,76 litros,159 mm,Disco ventilado,Tambor,"2,78 m²","1,112 m²","0,4",,Hidráulica,"11,8 m",,"Indep., braços sobrepostos",Feixe de molas semielípticas,Eixo rígido,,,,,3500 rpm,2500 rpm,,,1000 kg,25 graus,32 graus,23 graus,220 mm,Admissão e escape,,2300 kg,750 kg,,,,,,,611 cm³,2442 cm³,265/60 R18,,,,,,,,,1046 litros,783 km,707 km,"10,3 km/l","9,3 km/l",35 graus,600 mm,,45 graus,,,,,,,,,,,,,,,
mitsubishi,L200,l200,l200-triton-sport-savana-hpe-2-4-at-2024,l200-triton-sport-savana-hpe-2-4-at-2024,https://www.fichacompleta.com.br/carros/mitsubishi/l200-triton-sport-savana-hpe-2-4-at-2024,2026-06-15T19:22:01.444206,Mitsubishi L200 Triton Sport Savana HPE 2.4 AT 2024,"10,4 s",190 km/h,Corrente,Injeção direta,Turbocompressor,,4 em linha,4N15,Duplo no cabeçote,"105,1 mm",86 mm,Longitudinal,Dianteiro,"10,63 kg/cv","46,0 kg/kgfm","77,8 cv/litro",190 cv,"15,5:1",,,,"18,0 kgfm/litro","43,9 kgfm",,4,Conversor de torque,Automático,6,,Integral permanente,1930 mm,1520 mm,1515 mm,5379 mm,3000 mm,1877 mm,2020 kg,,76 litros,186 mm,Disco ventilado,Tambor,"3,08 m²","1,232 m²","0,4",,Hidráulica,"11,8 m",,"Indep., braços sobrepostos",Feixe de molas semielípticas,Eixo rígido,,,,,3500 rpm,2500 rpm,,,1000 kg,26 graus,33 graus,24 graus,233 mm,Admissão e escape,V6AWH,2300 kg,750 kg,,,,,,,611 cm³,2442 cm³,265/70 R17,,,,,,,,,1046 litros,783 km,707 km,"10,3 km/l","9,3 km/l",35 graus,600 mm,,45 graus,,,,,,,,,,,,,,,
mitsubishi,L200,l200,l200-triton-sport-savana-sertoes-hpe-2-4-at-2024,l200-triton-sport-savana-sertoes-hpe-2-4-at-2024,https://www.fichacompleta.com.br/carros/mitsubishi/l200-triton-sport-savana-sertoes-hpe-2-4-at-2024,2026-06-15T19:22:04.283056,Mitsubishi L200 Triton Sport Savana Sertões HPE 2.4 AT 2024,"10,4 s",190 km/h,Corrente,Injeção direta,Turbocompressor,,4 em linha,4N15,Duplo no cabeçote,"105,1 mm",86 mm,Longitudinal,Dianteiro,"9,95 kg/cv","43,1 kg/kgfm","77,8 cv/litro",190 cv,"15,5:1",,,,"18,0 kgfm/litro","43,9 kgfm",,4,Conversor de torque,Automático,6,,Integral permanente,1930 mm,1520 mm,1515 mm,5379 mm,3000 mm,1877 mm,1890 kg,,76 litros,186 mm,Disco ventilado,Tambor,"3,08 m²","1,232 m²","0,4",,Hidráulica,"11,8 m",,"Indep., braços sobrepostos",Feixe de molas semielípticas,Eixo rígido,,,,,3500 rpm,2500 rpm,,,1060 kg,26 graus,33 graus,24 graus,233 mm,Admissão e escape,,2300 kg,750 kg,,,,,,,611 cm³,2442 cm³,265/70 R17,,,,,,,,,1046 litros,783 km,707 km,"10,3 km/l","9,3 km/l",35 graus,700 mm,,45 graus,,,,,,,,,,,,,,,
mitsubishi,L200,l200,l200-triton-gl-2-4-2025,l200-triton-gl-2-4-2025,https://www.fichacompleta.com.br/carros/mitsubishi/l200-triton-gl-2-4-2025,2026-06-15T19:22:08.496410,Mitsubishi L200 Triton GL 2.4 2025,"10,2 s",190 km/h,Corrente,Injeção direta,Turbocompressor,,4 em linha,4N15,Duplo no cabeçote,"105,1 mm",86 mm,Longitudinal,Dianteiro,"10,00 kg/cv","43,3 kg/kgfm","77,8 cv/litro",190 cv,"15,5:1",,,,"18,0 kgfm/litro","43,9 kgfm",,4,Embreagem monodisco a seco,Manual,6,,Integral temporária,1785 mm,1520 mm,1515 mm,5280 mm,3000 mm,1785 mm,1900 kg,,75 litros,186 mm,Disco ventilado,Tambor,"2,71 m²","1,084 m²","0,4",,Hidráulica,"11,8 m",,"Indep., braços sobrepostos",Feixe de molas semielípticas,Eixo rígido,,,,,3500 rpm,2500 rpm,,,1050 kg,24 graus,33 graus,24 graus,210 mm,Admissão e escape,V6M5A,2300 kg,750 kg,,,,,,,611 cm³,2442 cm³,265/70 R16,,,,,,,,,1046 litros,938 km,788 km,"12,5 km/l","10,5 km/l",35 graus,600 mm,,45 graus,,,,,,,,,,,,,,,
mitsubishi,L200,l200,l200-triton-gls-2-4-2025,l200-triton-gls-2-4-2025,https://www.fichacompleta.com.br/carros/mitsubishi/l200-triton-gls-2-4-2025,2026-06-15T19:22:13.307787,Mitsubishi L200 Triton GLS 2.4 2025,"10,4 s",190 km/h,Corrente,Injeção direta,Turbocompressor,,4 em linha,4N15,Duplo no cabeçote,"105,1 mm",86 mm,Longitudinal,Dianteiro,"10,00 kg/cv","43,3 kg/kgfm","77,8 cv/litro",190 cv,"15,5:1",,,,"18,0 kgfm/litro","43,9 kgfm",,4,Conversor de torque,Automático,5,,Integral temporária,1795 mm,1520 mm,1515 mm,5280 mm,3000 mm,1820 mm,1900 kg,,76 litros,186 mm,Disco ventilado,Tambor,"2,78 m²","1,112 m²","0,4",,Hidráulica,"11,8 m",,"Indep., braços sobrepostos",Feixe de molas semielípticas,Eixo rígido,,,,,3500 rpm,2500 rpm,,,1050 kg,29 graus,33 graus,24 graus,220 mm,Admissão e escape,V5AWF,2300 kg,750 kg,,,,,,,611 cm³,2442 cm³,265/70 R16,,,,,,,,,1046 litros,844 km,745 km,"11,1 km/l","9,8 km/l",35 graus,600 mm,,45 graus,,,,,,,,,,,,,,,
mitsubishi,L200,l200,l200-triton-outdoor-gls-2-4-at-2025,l200-triton-outdoor-gls-2-4-at-2025,https://www.fichacompleta.com.br/carros/mitsubishi/l200-triton-outdoor-gls-2-4-at-2025,2026-06-15T19:22:18.053222,Mitsubishi L200 Triton Outdoor GLS 2.4 AT 2025,"10,4 s",190 km/h,Corrente,Injeção direta,Turbocompressor,,4 em linha,4N15,Duplo no cabeçote,"105,1 mm",86 mm,Longitudinal,Dianteiro,"9,97 kg/cv","43,2 kg/kgfm","77,8 cv/litro",190 cv,"15,5:1",,,,"18,0 kgfm/litro","43,9 kgfm",,4,Conversor de torque,Automático,5,,Integral temporária,1795 mm,1520 mm,1515 mm,5280 mm,3000 mm,1820 mm,1895 kg,,76 litros,186 mm,Disco ventilado,Tambor,"2,78 m²","1,112 m²","0,4",,Hidráulica,"11,8 m",,"Indep., braços sobrepostos",Feixe de molas semielípticas,Eixo rígido,,,,,3500 rpm,2500 rpm,,,1055 kg,29 graus,33 graus,24 graus,220 mm,Admissão e escape,V5AWF,2300 kg,750 kg,,,,,,,611 cm³,2442 cm³,265/70 R16,,,,,,,,,1046 litros,844 km,745 km,"11,1 km/l","9,8 km/l",35 graus,600 mm,,45 graus,,,,,,,,,,,,,,,
mitsubishi,L200,l200,l200-triton-outdoor-glx-2-4-2025,l200-triton-outdoor-glx-2-4-2025,https://www.fichacompleta.com.br/carros/mitsubishi/l200-triton-outdoor-glx-2-4-2025,2026-06-15T19:22:21.501451,Mitsubishi L200 Triton Outdoor GLX 2.4 2025,"10,2 s",190 km/h,Corrente,Injeção direta,Turbocompressor,,4 em linha,4N15,Duplo no cabeçote,"105,1 mm",86 mm,Longitudinal,Dianteiro,"10,00 kg/cv","43,3 kg/kgfm","77,8 cv/litro",190 cv,"15,5:1",,,,"18,0 kgfm/litro","43,9 kgfm",,4,Embreagem monodisco a seco,Manual,6,,Integral temporária,1785 mm,1520 mm,1515 mm,5280 mm,3000 mm,1785 mm,1900 kg,,76 litros,186 mm,Disco ventilado,Tambor,"2,71 m²","1,084 m²","0,4",,Hidráulica,"11,8 m",,"Indep., braços sobrepostos",Feixe de molas semielípticas,Eixo rígido,,,,,3500 rpm,2500 rpm,,,1050 kg,24 graus,33 graus,24 graus,210 mm,Admissão e escape,V6M5A,2300 kg,750 kg,,,,,,,611 cm³,2442 cm³,265/70 R16,,,,,,,,,1046 litros,950 km,798 km,"12,5 km/l","10,5 km/l",35 graus,600 mm,,45 graus,,,,,,,,,,,,,,,
mitsubishi,L200,l200,l200-triton-sport-gls-2-4-at-2025,l200-triton-sport-gls-2-4-at-2025,https://www.fichacompleta.com.br/carros/mitsubishi/l200-triton-sport-gls-2-4-at-2025,2026-06-15T19:22:26.204391,Mitsubishi L200 Triton Sport GLS 2.4 AT 2025,"10,4 s",190 km/h,Corrente,Injeção direta,Turbocompressor,,4 em linha,4N15,Duplo no cabeçote,"105,1 mm",86 mm,Longitudinal,Dianteiro,"9,97 kg/cv","43,2 kg/kgfm","77,8 cv/litro",190 cv,"15,5:1",,,,"18,0 kgfm/litro","43,9 kgfm",,4,Conversor de torque,Automático,6,,Integral temporária,1795 mm,1520 mm,1515 mm,5300 mm,3000 mm,1820 mm,1895 kg,,76 litros,159 mm,Disco ventilado,Tambor,"2,78 m²","1,112 m²","0,4",,Hidráulica,"11,8 m",,"Indep., braços sobrepostos",Feixe de molas semielípticas,Eixo rígido,,,,,3500 rpm,2500 rpm,,,1055 kg,25 graus,32 graus,23 graus,220 mm,Admissão e escape,,2300 kg,750 kg,,,,,,,611 cm³,2442 cm³,265/60 R18,,,,,,,,,1046 litros,783 km,707 km,"10,3 km/l","9,3 km/l",35 graus,600 mm,,45 graus,,,,,,,,,,,,,,,
mitsubishi,L200,l200,l200-triton-sport-hpe-2-4-at-2025,l200-triton-sport-hpe-2-4-at-2025,https://www.fichacompleta.com.br/carros/mitsubishi/l200-triton-sport-hpe-2-4-at-2025,2026-06-15T19:22:28.911069,Mitsubishi L200 Triton Sport HPE 2.4 AT 2025,"10,4 s",190 km/h,Corrente,Injeção direta,Turbocompressor,,4 em linha,4N15,Duplo no cabeçote,"105,1 mm",86 mm,Longitudinal,Dianteiro,"9,95 kg/cv","43,1 kg/kgfm","77,8 cv/litro",190 cv,"15,5:1",,,,"18,0 kgfm/litro","43,9 kgfm",,4,Conversor de torque,Automático,6,,Integral permanente,1795 mm,1520 mm,1515 mm,5300 mm,3000 mm,1820 mm,1890 kg,,76 litros,159 mm,Disco ventilado,Tambor,"2,78 m²","1,112 m²","0,4",,Hidráulica,"11,8 m",,"Indep., braços sobrepostos",Feixe de molas semielípticas,Eixo rígido,,,,,3500 rpm,2500 rpm,,,1060 kg,25 graus,32 graus,23 graus,220 mm,Admissão e escape,,2300 kg,750 kg,,,,,,,611 cm³,2442 cm³,265/60 R18,,,,,,,,,1046 litros,783 km,707 km,"10,3 km/l","9,3 km/l",35 graus,600 mm,,45 graus,,,,,,,,,,,,,,,
mitsubishi,L200,l200,l200-triton-sport-hpe-s-2-4-at-2025,l200-triton-sport-hpe-s-2-4-at-2025,https://www.fichacompleta.com.br/carros/mitsubishi/l200-triton-sport-hpe-s-2-4-at-2025,2026-06-15T19:22:32.613386,Mitsubishi L200 Triton Sport HPE-S 2.4 AT 2025,"10,4 s",190 km/h,Corrente,Injeção direta,Turbocompressor,,4 em linha,4N15,Duplo no cabeçote,"105,1 mm",86 mm,Longitudinal,Dianteiro,"10,26 kg/cv","44,4 kg/kgfm","77,8 cv/litro",190 cv,"15,5:1",,,,"18,0 kgfm/litro","43,9 kgfm",,4,Conversor de torque,Automático,6,,Integral permanente,1795 mm,1520 mm,1515 mm,5300 mm,3000 mm,1820 mm,1950 kg,,76 litros,159 mm,Disco ventilado,Tambor,"2,78 m²","1,112 m²","0,4",,Hidráulica,"11,8 m",,"Indep., braços sobrepostos",Feixe de molas semielípticas,Eixo rígido,,,,,3500 rpm,2500 rpm,,,1000 kg,25 graus,32 graus,23 graus,220 mm,Admissão e escape,,2300 kg,750 kg,,,,,,,611 cm³,2442 cm³,265/60 R18,,,,,,,,,1046 litros,783 km,707 km,"10,3 km/l","9,3 km/l",35 graus,600 mm,,45 graus,,,,,,,,,,,,,,,
mitsubishi,L200,l200,l200-triton-sport-outdoor-gls-2-4-at-2025,l200-triton-sport-outdoor-gls-2-4-at-2025,https://www.fichacompleta.com.br/carros/mitsubishi/l200-triton-sport-outdoor-gls-2-4-at-2025,2026-06-15T19:22:36.001028,Mitsubishi L200 Triton Sport Outdoor GLS 2.4 AT 2025,"10,4 s",190 km/h,Corrente,Injeção direta,Turbocompressor,,4 em linha,4N15,Duplo no cabeçote,"105,1 mm",86 mm,Longitudinal,Dianteiro,"9,97 kg/cv","43,2 kg/kgfm","77,8 cv/litro",190 cv,"15,5:1",,,,"18,0 kgfm/litro","43,9 kgfm",,4,Conversor de torque,Automático,6,,Integral temporária,1795 mm,1520 mm,1515 mm,5300 mm,3000 mm,1820 mm,1895 kg,,76 litros,159 mm,Disco ventilado,Tambor,"2,78 m²","1,112 m²","0,4",,Hidráulica,"11,8 m",,"Indep., braços sobrepostos",Feixe de molas semielípticas,Eixo rígido,,,,,3500 rpm,2500 rpm,,,1055 kg,25 graus,32 graus,23 graus,220 mm,Admissão e escape,,2300 kg,750 kg,,,,,,,611 cm³,2442 cm³,265/60 R18,,,,,,,,,1046 litros,783 km,707 km,"10,3 km/l","9,3 km/l",35 graus,600 mm,,45 graus,,,,,,,,,,,,,,,
mitsubishi,L200,l200,l200-triton-sport-outdoor-plus-2-4-at-2025,l200-triton-sport-outdoor-plus-2-4-at-2025,https://www.fichacompleta.com.br/carros/mitsubishi/l200-triton-sport-outdoor-plus-2-4-at-2025,2026-06-15T19:22:39.290260,Mitsubishi L200 Triton Sport Outdoor Plus 2.4 AT 2025,"10,4 s",190 km/h,Corrente,Injeção direta,Turbocompressor,,4 em linha,4N15,Duplo no cabeçote,"105,1 mm",86 mm,Longitudinal,Dianteiro,"9,97 kg/cv","43,2 kg/kgfm","77,8 cv/litro",190 cv,"15,5:1",,,,"18,0 kgfm/litro","43,9 kgfm",,4,Conversor de torque,Automático,6,,Integral temporária,1795 mm,1520 mm,1515 mm,5300 mm,3000 mm,1820 mm,1895 kg,,76 litros,159 mm,Disco ventilado,Tambor,"2,78 m²","1,112 m²","0,4",,Hidráulica,"11,8 m",,"Indep., braços sobrepostos",Feixe de molas semielípticas,Eixo rígido,,,,,3500 rpm,2500 rpm,,,1055 kg,25 graus,32 graus,23 graus,220 mm,Admissão e escape,Aisin AC60F,2300 kg,750 kg,,,,,,,611 cm³,2442 cm³,265/65 R17,,,,,,,,,1046 litros,783 km,707 km,"10,3 km/l","9,3 km/l",35 graus,600 mm,,45 graus,,,,,,,,,,,,,,,
mitsubishi,L200,l200,l200-triton-sport-savana-hpe-2-4-at-2025,l200-triton-sport-savana-hpe-2-4-at-2025,https://www.fichacompleta.com.br/carros/mitsubishi/l200-triton-sport-savana-hpe-2-4-at-2025,2026-06-15T19:22:43.454709,Mitsubishi L200 Triton Sport Savana HPE 2.4 AT 2025,"10,4 s",190 km/h,Corrente,Injeção direta,Turbocompressor,,4 em linha,4N15,Duplo no cabeçote,"105,1 mm",86 mm,Longitudinal,Dianteiro,"10,63 kg/cv","46,0 kg/kgfm","77,8 cv/litro",190 cv,"15,5:1",,,,"18,0 kgfm/litro","43,9 kgfm",,4,Conversor de torque,Automático,6,,Integral permanente,1930 mm,1520 mm,1515 mm,5379 mm,3000 mm,1877 mm,2020 kg,,76 litros,186 mm,Disco ventilado,Tambor,"3,08 m²","1,232 m²","0,4",,Hidráulica,"11,8 m",,"Indep., braços sobrepostos",Feixe de molas semielípticas,Eixo rígido,,,,,3500 rpm,2500 rpm,,,1000 kg,26 graus,33 graus,24 graus,233 mm,Admissão e escape,V6AWH,2300 kg,750 kg,,,,,,,611 cm³,2442 cm³,265/70 R17,,,,,,,,,1046 litros,783 km,707 km,"10,3 km/l","9,3 km/l",35 graus,600 mm,,45 graus,,,,,,,,,,,,,,,
mitsubishi,L200,l200,l200-triton-sport-terra-2-4-at-2025,l200-triton-sport-terra-2-4-at-2025,https://www.fichacompleta.com.br/carros/mitsubishi/l200-triton-sport-terra-2-4-at-2025,2026-06-15T19:22:46.760126,Mitsubishi L200 Triton Sport Terra 2.4 AT 2025,"10,4 s",190 km/h,Corrente,Injeção direta,Turbocompressor,,4 em linha,4N15,Duplo no cabeçote,"105,1 mm",86 mm,Longitudinal,Dianteiro,"9,97 kg/cv","43,2 kg/kgfm","77,8 cv/litro",190 cv,"15,5:1",,,,"18,0 kgfm/litro","43,9 kgfm",,4,Conversor de torque,Automático,6,,Integral temporária,1795 mm,1520 mm,1515 mm,5300 mm,3000 mm,1820 mm,1895 kg,,76 litros,133 mm,Disco ventilado,Tambor,"2,78 m²","1,112 m²","0,4",,Hidráulica,"11,8 m",,"Indep., braços sobrepostos",Feixe de molas semielípticas,Eixo rígido,,,,,3500 rpm,2500 rpm,,,1055 kg,25 graus,32 graus,23 graus,220 mm,Admissão e escape,,2300 kg,750 kg,,,,,,,611 cm³,2442 cm³,265/50 R20,,,,,,,,,1046 litros,783 km,707 km,"10,3 km/l","9,3 km/l",35 graus,600 mm,,45 graus,,,,,,,,,,,,,,,
mitsubishi,L200,l200,l200-triton-sport-urban-2-4-at-2025,l200-triton-sport-urban-2-4-at-2025,https://www.fichacompleta.com.br/carros/mitsubishi/l200-triton-sport-urban-2-4-at-2025,2026-06-15T19:22:49.805866,Mitsubishi L200 Triton Sport Urban 2.4 AT 2025,"10,4 s",190 km/h,Corrente,Injeção direta,Turbocompressor,,4 em linha,4N15,Duplo no cabeçote,"105,1 mm",86 mm,Longitudinal,Dianteiro,"9,97 kg/cv","43,2 kg/kgfm","77,8 cv/litro",190 cv,"15,5:1",,,,"18,0 kgfm/litro","43,9 kgfm",,4,Conversor de torque,Automático,6,,Integral temporária,1795 mm,1520 mm,1515 mm,5300 mm,3000 mm,1820 mm,1895 kg,,76 litros,159 mm,Disco ventilado,Tambor,"2,78 m²","1,112 m²","0,4",,Hidráulica,"11,8 m",,"Indep., braços sobrepostos",Feixe de molas semielípticas,Eixo rígido,,,,,3500 rpm,2500 rpm,,,1055 kg,25 graus,32 graus,23 graus,220 mm,Admissão e escape,,2300 kg,750 kg,,,,,,,611 cm³,2442 cm³,265/60 R18,,,,,,,,,1046 litros,783 km,707 km,"10,3 km/l","9,3 km/l",35 graus,600 mm,,45 graus,,,,,,,,,,,,,,,
mitsubishi,L200,l200,l200-triton-gl-2-4-2026,l200-triton-gl-2-4-2026,https://www.fichacompleta.com.br/carros/mitsubishi/l200-triton-gl-2-4-2026,2026-06-15T19:22:52.922044,Mitsubishi L200 Triton GL 2.4 2026,"10,4 s",190 km/h,Corrente,Injeção direta,Turbocompressor,,4 em linha,4N16,Duplo no cabeçote,"105,1 mm",86 mm,Longitudinal,Dianteiro,"10,39 kg/cv","44,5 kg/kgfm","83,9 cv/litro",205 cv,"15,2:1",,,,"19,6 kgfm/litro","47,9 kgfm",,4,Conversor de torque,Automático,6,,Integral temporária,1795 mm,1570 mm,1565 mm,5320 mm,3130 mm,1865 mm,2130 kg,,76 litros,186 mm,Disco ventilado,Tambor,,,,,Elétrica,"12,4 m",,"Indep., braços sobrepostos",Feixe de molas semielípticas,Eixo rígido,,,,,3500 rpm,1500 rpm,,,1080 kg,24 graus,31 graus,23 graus,222 mm,Admissão e escape,Aisin AC60F,3500 kg,750 kg,,,,,,,611 cm³,2442 cm³,265/70 R16,,,,,,,,,1046 litros,889 km,722 km,"11,7 km/l","9,5 km/l",35 graus,700 mm,,,,,,,,,,,,,,,,,
mitsubishi,L200,l200,l200-triton-gl-2-4-mt-2026,l200-triton-gl-2-4-mt-2026,https://www.fichacompleta.com.br/carros/mitsubishi/l200-triton-gl-2-4-mt-2026,2026-06-15T19:22:56.165820,Mitsubishi L200 Triton GL 2.4 MT 2026,"10,2 s",190 km/h,Corrente,Injeção direta,Turbocompressor,,4 em linha,4N16,Duplo no cabeçote,"105,1 mm",86 mm,Longitudinal,Dianteiro,"10,39 kg/cv","44,5 kg/kgfm","83,9 cv/litro",205 cv,"15,2:1",,,,"19,6 kgfm/litro","47,9 kgfm",,4,Embreagem monodisco a seco,Manual,6,,Integral temporária,1795 mm,1570 mm,1565 mm,5320 mm,3130 mm,1865 mm,2130 kg,,76 litros,186 mm,Disco ventilado,Tambor,,,,,Elétrica,"12,4 m",,"Indep., braços sobrepostos",Feixe de molas semielípticas,Eixo rígido,,,,,3500 rpm,1500 rpm,,,1080 kg,24 graus,31 graus,23 graus,222 mm,Admissão e escape,V6M5A,3500 kg,750 kg,,,,,,,611 cm³,2442 cm³,265/70 R16,,,,,,,,,1046 litros,950 km,798 km,"12,5 km/l","10,5 km/l",35 graus,700 mm,,,,,,,,,,,,,,,,,
mitsubishi,L200,l200,l200-triton-gls-2-4-2026,l200-triton-gls-2-4-2026,https://www.fichacompleta.com.br/carros/mitsubishi/l200-triton-gls-2-4-2026,2026-06-15T19:23:00.190810,Mitsubishi L200 Triton GLS 2.4 2026,"10,4 s",190 km/h,Corrente,Injeção direta,Turbocompressor,,4 em linha,4N16,Duplo no cabeçote,"105,1 mm",86 mm,Longitudinal,Dianteiro,"10,39 kg/cv","44,5 kg/kgfm","83,9 cv/litro",205 cv,"15,2:1",,,,"19,6 kgfm/litro","47,9 kgfm",,4,Conversor de torque,Automático,6,,Integral temporária,1795 mm,1570 mm,1565 mm,5320 mm,3130 mm,1865 mm,2130 kg,,76 litros,172 mm,Disco ventilado,Tambor,,,,,Elétrica,"12,4 m",,"Indep., braços sobrepostos",Feixe de molas semielípticas,Eixo rígido,,,,,3500 rpm,1500 rpm,,,1080 kg,24 graus,31 graus,23 graus,222 mm,Admissão e escape,Aisin AC60F,3500 kg,750 kg,,,,,,,611 cm³,2442 cm³,265/65 R17,,,,,,,,,1046 litros,889 km,722 km,"11,7 km/l","9,5 km/l",35 graus,700 mm,,,,,,,,,,,,,,,,,
mitsubishi,L200,l200,l200-triton-hpe-2-4-2026,l200-triton-hpe-2-4-2026,https://www.fichacompleta.com.br/carros/mitsubishi/l200-triton-hpe-2-4-2026,2026-06-15T19:23:02.613609,Mitsubishi L200 Triton HPE 2.4 2026,"10,4 s",190 km/h,Corrente,Injeção direta,Turbocompressor,,4 em linha,4N16,Duplo no cabeçote,"105,1 mm",86 mm,Longitudinal,Dianteiro,"10,39 kg/cv","44,5 kg/kgfm","83,9 cv/litro",205 cv,"15,2:1",,,,"19,6 kgfm/litro","47,9 kgfm",,4,Conversor de torque,Automático,6,,Integral temporária,1795 mm,1570 mm,1565 mm,5320 mm,3130 mm,1865 mm,2130 kg,,76 litros,159 mm,Disco ventilado,Tambor,,,,,Elétrica,"12,4 m",,"Indep., braços sobrepostos",Feixe de molas semielípticas,Eixo rígido,,,,,3500 rpm,1500 rpm,,,1080 kg,24 graus,31 graus,23 graus,222 mm,Admissão e escape,Aisin AC60F,3500 kg,750 kg,,,,,,,611 cm³,2442 cm³,265/60 R18,,,,,,,,,1046 litros,889 km,722 km,"11,7 km/l","9,5 km/l",35 graus,700 mm,,,,,,,,,,,,,,,,,
mitsubishi,L200,l200,l200-triton-hpe-s-2-4-2026,l200-triton-hpe-s-2-4-2026,https://www.fichacompleta.com.br/carros/mitsubishi/l200-triton-hpe-s-2-4-2026,2026-06-15T19:23:05.717388,Mitsubishi L200 Triton HPE-S 2.4 2026,"10,4 s",190 km/h,Corrente,Injeção direta,Turbocompressor,,4 em linha,4N16,Duplo no cabeçote,"105,1 mm",86 mm,Longitudinal,Dianteiro,"10,39 kg/cv","44,5 kg/kgfm","83,9 cv/litro",205 cv,"15,2:1",,,,"19,6 kgfm/litro","47,9 kgfm",,4,Conversor de torque,Automático,6,,Integral permanente,1795 mm,1570 mm,1565 mm,5320 mm,3130 mm,1865 mm,2130 kg,,76 litros,159 mm,Disco ventilado,Tambor,,,,,Elétrica,"12,4 m",,"Indep., braços sobrepostos",Feixe de molas semielípticas,Eixo rígido,,,,,3500 rpm,1500 rpm,,,1080 kg,24 graus,31 graus,23 graus,222 mm,Admissão e escape,Aisin AC60F,3500 kg,750 kg,,,,,,,611 cm³,2442 cm³,265/60 R18,,,,,,,,,1046 litros,889 km,722 km,"11,7 km/l","9,5 km/l",35 graus,700 mm,,,,,,,,,,,,,,,,,
mitsubishi,L200,l200,l200-triton-katana-2-4-2026,l200-triton-katana-2-4-2026,https://www.fichacompleta.com.br/carros/mitsubishi/l200-triton-katana-2-4-2026,2026-06-15T19:23:10.256874,Mitsubishi L200 Triton Katana 2.4 2026,"10,4 s",190 km/h,Corrente,Injeção direta,Turbocompressor,,4 em linha,4N16,Duplo no cabeçote,"105,1 mm",86 mm,Longitudinal,Dianteiro,"10,39 kg/cv","44,5 kg/kgfm","83,9 cv/litro",205 cv,"15,2:1",,,,"19,6 kgfm/litro","47,9 kgfm",,4,Conversor de torque,Automático,6,,Integral permanente,1815 mm,1570 mm,1565 mm,5360 mm,3130 mm,1930 mm,2130 kg,,76 litros,159 mm,Disco ventilado,Tambor,,,,,Elétrica,"12,4 m",,"Indep., braços sobrepostos",Feixe de molas semielípticas,Eixo rígido,,,,,3500 rpm,1500 rpm,,,1080 kg,24 graus,29 graus,23 graus,222 mm,Admissão e escape,Aisin AC60F,3500 kg,750 kg,,,,,,,611 cm³,2442 cm³,265/60 R18,,,,,,,,,1046 litros,889 km,722 km,"11,7 km/l","9,5 km/l",35 graus,700 mm,,,,,,,,,,,,,,,,,
mitsubishi,L200,l200,l200-triton-katana-sr80-2-4-2026,l200-triton-katana-sr80-2-4-2026,https://www.fichacompleta.com.br/carros/mitsubishi/l200-triton-katana-sr80-2-4-2026,2026-06-15T19:23:14.422395,Mitsubishi L200 Triton Katana SR80 2.4 2026,"11,4 s",190 km/h,Corrente,Injeção direta,Turbocompressor,,4 em linha,4N16,Duplo no cabeçote,105 mm,86 mm,Longitudinal,Dianteiro,"10,39 kg/cv","44,5 kg/kgfm","84,1 cv/litro",205 cv,"15,2:1",,,,"19,6 kgfm/litro","47,9 kgfm",,4,Conversor de torque,Automático,6,,Integral permanente,1815 mm,1570 mm,1565 mm,5360 mm,3130 mm,1930 mm,2130 kg,,76 litros,133 mm,Disco ventilado,Tambor,,,,,Elétrica,"12,4 m",,"Indep., braços sobrepostos",Feixe de molas semielípticas,Eixo rígido,,,,,3500 rpm,1500 rpm,,,1000 kg,24 graus,29 graus,23 graus,222 mm,Admissão e escape,Aisin AC60F,3500 kg,750 kg,,,,,,,610 cm³,2439 cm³,265/50 R20,,,,,,,,,1046 litros,889 km,722 km,"11,7 km/l","9,5 km/l",35 graus,700 mm,,45 graus,,,,,,,,,,,,,,,
mitsubishi,L200,l200,l200-triton-savana-2-4-2026,l200-triton-savana-2-4-2026,https://www.fichacompleta.com.br/carros/mitsubishi/l200-triton-savana-2-4-2026,2026-06-15T19:23:18.815746,Mitsubishi L200 Triton Savana 2.4 2026,"11,4 s",190 km/h,Corrente,Injeção direta,Turbocompressor,,4 em linha,4N16,Duplo no cabeçote,105 mm,86 mm,Longitudinal,Dianteiro,"10,39 kg/cv","44,5 kg/kgfm","84,1 cv/litro",205 cv,"15,2:1",,,,"19,6 kgfm/litro","47,9 kgfm",,4,Conversor de torque,Automático,6,,Integral permanente,1815 mm,1570 mm,1565 mm,5360 mm,3130 mm,1930 mm,2130 kg,,75 litros,159 mm,Disco ventilado,Tambor,,,,,Elétrica,"12,4 m",,"Indep., braços sobrepostos",Feixe de molas semielípticas,Eixo rígido,,,,,3500 rpm,1500 rpm,,,1080 kg,"23,4 graus",29 graus,"23,4 graus",222 mm,Admissão e escape,Aisin AC60F,3500 kg,750 kg,,,,,,,610 cm³,2439 cm³,265/60 R18,,,,,,,,,1046 litros,878 km,713 km,"11,7 km/l","9,5 km/l",35 graus,800 mm,,45 graus,,,,,,,,,,,,,,,
mitsubishi,L200,l200,l200-triton-tarmac-2-4-4x2-2026,l200-triton-tarmac-2-4-4x2-2026,https://www.fichacompleta.com.br/carros/mitsubishi/l200-triton-tarmac-2-4-4x2-2026,2026-06-15T19:23:23.339449,Mitsubishi L200 Triton Tarmac 2.4 4x2 2026,"11,4 s",190 km/h,Corrente,Injeção direta,Turbocompressor,,4 em linha,4N16,Duplo no cabeçote,105 mm,86 mm,Longitudinal,Dianteiro,"10,39 kg/cv","44,5 kg/kgfm","84,1 cv/litro",205 cv,"15,2:1",,,,"19,6 kgfm/litro","47,9 kgfm",,4,Conversor de torque,Automático,6,,Traseira,1815 mm,1570 mm,1565 mm,5360 mm,3130 mm,1930 mm,2130 kg,,76 litros,133 mm,Disco ventilado,Tambor,,,,,Elétrica,"12,4 m",,"Indep., braços sobrepostos",Feixe de molas semielípticas,Eixo rígido,,,,,3500 rpm,1500 rpm,,,1000 kg,24 graus,31 graus,23 graus,222 mm,Admissão e escape,Aisin AC60F,3500 kg,750 kg,,,,,,,610 cm³,2439 cm³,265/50 R20,,,,,,,,,1086 litros,889 km,722 km,"11,7 km/l","9,5 km/l",35 graus,700 mm,,45 graus,,,,,,,,,,,,,,,
mitsubishi,L300,l300,l300-dx-2-5-1995,l300-dx-2-5-1995,https://www.fichacompleta.com.br/carros/mitsubishi/l300-dx-2-5-1995,2026-06-15T19:23:42.763792,Mitsubishi L300 DX 2.5 1995,26 s,140 km/h,,Injeção indireta,Natural,2477 cm³,4 em linha,4D56,"Único no cabeçote, correia dentada",,,Longitudinal,Dianteiro,"20,1 kg/cv","83,8 kg/kgfm","29,1 cv/litro",72 cv a 4200 rpm,21:1,,,,"7,0 kgfm/litro","17,3 kgfm a 2000 rpm",,2,Embreagem monodisco a seco,Manual,,5,Traseira,1970 mm,,,4520 mm,2435 mm,1620 mm,1450 kg,50 litros,55 litros,154 mm,Disco ventilado,Tambor,,,,,Hidráulica,,Não informado,"Independente, braços sobrepostos",Feixe de molas semielípticas,Eixo rígido,,,,,,,,,950 kg,,,,,,,,,95 mm,"91,1 mm",,,,,,,,,,,,,,,,,468 km,407 km,"8,5 km/l","7,4 km/l",,,,,,,,,,,,,,,,,,,
mitsubishi,L300,l300,l300-dx-2-5-1998,l300-dx-2-5-1998,https://www.fichacompleta.com.br/carros/mitsubishi/l300-dx-2-5-1998,2026-06-15T19:23:47.297459,Mitsubishi L300 DX 2.5 1998,26 s,140 km/h,Correia dentada,Injeção indireta,Natural,2477 cm³,4 em linha,4D56,Único no cabeçote,95 mm,"91,1 mm",Longitudinal,Dianteiro,"19,6 kg/cv","83,8 kg/kgfm","29,9 cv/litro",74 cv,21:1,,,,"7,0 kgfm/litro","17,3 kgfm",,2,Embreagem monodisco a seco,Manual,5,,Traseira,1970 mm,,,4520 mm,2435 mm,1620 mm,1450 kg,50 litros,55 litros,154 mm,Disco ventilado,Tambor,,,,,Hidráulica,Não informado,,"Indep., braços sobrepostos",Feixe de molas semielípticas,Eixo rígido,,,,,4200 rpm,2000 rpm,,,950 kg,,,,,,,,,,,,,,,,,,,,,,,,,,,468 km,407 km,"8,5 km/l","7,4 km/l",,,,,,,,,,,,,,,,,,,
mitsubishi,Lancer,lancer,lancer-glx-1-6-1994,lancer-glx-1-6-1994,https://www.fichacompleta.com.br/carros/mitsubishi/lancer-glx-1-6-1994,2026-06-15T19:24:04.674008,Mitsubishi Lancer GLX 1.6 1994,10 s,190 km/h,,Injeção multiponto,Natural,1597 cm³,4 em linha,4G92,Único no cabeçote,"77,5 mm",81 mm,Transversal,Dianteiro,"9,7 kg/cv","74,5 kg/kgfm","65,7 cv/litro",105 cv,10:1,,,,"8,6 kgfm/litro","13,7 kgfm",,4,Embreagem monodisco a seco,Manual,5,,Dianteira,1385 mm,1450 mm,1460 mm,4275 mm,2500 mm,1690 mm,1020 kg,320 litros,50 litros,123 mm,Disco ventilado,Tambor,,,,,Hidráulica,"10,2 m",,"Indep., McPherson",Mola helicoidal,"Indep., multibraço",600 km,450 km,12 km/l,9 km/l,6000 rpm,4500 rpm,,,510 kg,,,,150 mm,,,1000 kg,500 kg,,,,,,,,,,,,,,,,,,,,,,,,,,,,,,,,,,,,,,,,,
mitsubishi,Lancer,lancer,lancer-glx-1-6-at-1994,lancer-glx-1-6-at-1994,https://www.fichacompleta.com.br/carros/mitsubishi/lancer-glx-1-6-at-1994,2026-06-15T19:24:07.540979,Mitsubishi Lancer GLX 1.6 AT 1994,"11,6 s",180 km/h,,Injeção multiponto,Natural,1597 cm³,4 em linha,4G92,Único no cabeçote,"77,5 mm",81 mm,Transversal,Dianteiro,"9,2 kg/cv","74,3 kg/kgfm","70,8 cv/litro",113 cv,10:1,,,,"8,8 kgfm/litro",14 kgfm,,4,Conversor de torque,Automático,4,,Dianteira,1385 mm,1450 mm,1460 mm,4275 mm,2500 mm,1690 mm,1040 kg,320 litros,50 litros,123 mm,Disco ventilado,Tambor,,,,,Hidráulica,"10,2 m",,"Indep., McPherson",Mola helicoidal,"Indep., multibraço",550 km,425 km,11 km/l,"8,5 km/l",6000 rpm,5000 rpm,,,510 kg,,,,150 mm,,,1000 kg,500 kg,,,,,,,,,,,,,,,,,,,,,,,,,,,,,,,,,,,,,,,,,
mitsubishi,Lancer,lancer,lancer-gti-1-8-1994,lancer-gti-1-8-1994,https://www.fichacompleta.com.br/carros/mitsubishi/lancer-gti-1-8-1994,2026-06-15T19:24:11.858967,Mitsubishi Lancer GTi 1.8 1994,"7,6 s",210 km/h,,Injeção multiponto,Natural,1836 cm³,4 em linha,4G67,Duplo no cabeçote,88 mm,"81,5 mm",Transversal,Dianteiro,"7,5 kg/cv","61,5 kg/kgfm","76,3 cv/litro",140 cv,"10,5:1",,,,"9,3 kgfm/litro",17 kgfm,,4,Embreagem monodisco a seco,Manual,5,,Dianteira,1375 mm,1450 mm,1460 mm,4275 mm,2500 mm,1690 mm,1045 kg,375 litros,50 litros,111 mm,Disco ventilado,Disco sólido,,,,,Hidráulica,"10,6 m",,"Indep., McPherson",Mola helicoidal,"Indep., multibraço",575 km,420 km,"11,5 km/l","8,4 km/l",6500 rpm,5500 rpm,,,,,,,165 mm,Admissão,,1000 kg,450 kg,,,,,,,,,,,,,,,,,,,,,,,,,,,,,,,,,,,,,,,,,
mitsubishi,Lancer,lancer,lancer-ls-1-8-1994,lancer-ls-1-8-1994,https://www.fichacompleta.com.br/carros/mitsubishi/lancer-ls-1-8-1994,2026-06-15T19:24:14.541637,Mitsubishi Lancer LS 1.8 1994,"8,3 s",200 km/h,,Injeção multiponto,Natural,1836 cm³,4 em linha,4G93,Duplo no cabeçote,88 mm,"81,5 mm",Transversal,Dianteiro,"7,1 kg/cv","58,2 kg/kgfm","76,3 cv/litro",140 cv a 6500 rpm,"10,5:1",,,,"9,3 kgfm/litro",17 kgfm a 5500 rpm,,4,Embreagem monodisco a seco,Manual,,5,Dianteira,1379 mm,1450 mm,1460 mm,4275 mm,2500 mm,1679 mm,990 kg,375 litros,50 litros,111 mm,Disco ventilado,Disco sólido,,,,,Hidráulica,,"10,6 m","Independente, McPherson",Mola helicoidal,"Independente, multibraço",575 km,420 km,"11,5 km/l","8,4 km/l",,,,,,,,,165 mm,,,1000 kg,450 kg,,,,,,,,,,,,,,,,,,,,,,,,,,,,,,,,,,,,,,,,,
mitsubishi,Lancer,lancer,lancer-glx-1-6-1995,lancer-glx-1-6-1995,https://www.fichacompleta.com.br/carros/mitsubishi/lancer-glx-1-6-1995,2026-06-15T19:24:18.112784,Mitsubishi Lancer GLX 1.6 1995,10 s,190 km/h,,Injeção multiponto,Natural,1597 cm³,4 em linha,4G92,Único no cabeçote,,,Transversal,Dianteiro,"9,7 kg/cv","74,5 kg/kgfm","65,7 cv/litro",105 cv a 6000 rpm,10:1,,,,"8,6 kgfm/litro","13,7 kgfm a 4500 rpm",,4,Embreagem monodisco a seco,Manual,,5,Dianteira,1385 mm,1450 mm,1460 mm,4275 mm,2500 mm,1690 mm,1020 kg,320 litros,50 litros,123 mm,Disco ventilado,Tambor,,,,,Hidráulica,,"10,2 m","Independente, McPherson",Mola helicoidal,"Independente, multibraço",600 km,450 km,12 km/l,9 km/l,,,,,510 kg,,,,150 mm,,,1000 kg,500 kg,"77,5 mm",81 mm,,,,,,,,,,,,,,,,,,,,,,,,,,,,,,,,,,,,,,,
mitsubishi,Lancer,lancer,lancer-glx-1-6-at-1995,lancer-glx-1-6-at-1995,https://www.fichacompleta.com.br/carros/mitsubishi/lancer-glx-1-6-at-1995,2026-06-15T19:24:21.874852,Mitsubishi Lancer GLX 1.6 AT 1995,"11,6 s",180 km/h,,Injeção multiponto,Natural,1597 cm³,4 em linha,4G92,Único no cabeçote,,,Transversal,Dianteiro,"9,2 kg/cv","74,3 kg/kgfm","70,8 cv/litro",113 cv a 6000 rpm,10:1,,,,"8,8 kgfm/litro",14 kgfm a 5000 rpm,,4,,Automático,,4,Dianteira,1385 mm,1450 mm,1460 mm,4275 mm,2500 mm,1690 mm,1040 kg,320 litros,50 litros,123 mm,175/70 R13,175/70 R13,,,,,Hidráulica,,"10,2 m","Independente, McPherson",Mola helicoidal,"Independente, multibraço",550 km,425 km,11 km/l,"8,5 km/l",,,,,510 kg,,,,,,,1000 kg,500 kg,"77,5 mm",81 mm,,,,,,,,,,,,,,,,,,,,,,,,,,,,,,,,,,,,,,,
mitsubishi,Lancer,lancer,lancer-gti-1-8-1995,lancer-gti-1-8-1995,https://www.fichacompleta.com.br/carros/mitsubishi/lancer-gti-1-8-1995,2026-06-15T19:24:26.151651,Mitsubishi Lancer GTi 1.8 1995,"7,6 s",210 km/h,,Injeção multiponto,Natural,1836 cm³,4 em linha,4G67,Duplo no cabeçote,88 mm,"81,5 mm",Transversal,Dianteiro,"7,5 kg/cv","61,5 kg/kgfm","76,3 cv/litro",140 cv,"10,5:1",,,,"9,3 kgfm/litro",17 kgfm,,4,Embreagem monodisco a seco,Manual,5,,Dianteira,1375 mm,1450 mm,1460 mm,4275 mm,2500 mm,1690 mm,1045 kg,375 litros,50 litros,111 mm,Disco ventilado,Disco sólido,,,,,Hidráulica,"10,6 m",,"Indep., McPherson",Mola helicoidal,"Indep., multibraço",575 km,420 km,"11,5 km/l","8,4 km/l",6500 rpm,5500 rpm,,,,,,,165 mm,Admissão,,1000 kg,450 kg,,,,,,,,,,,,,,,,,,,,,,,,,,,,,,,,,,,,,,,,,
mitsubishi,Lancer,lancer,lancer-gti-1-8-1996,lancer-gti-1-8-1996,https://www.fichacompleta.com.br/carros/mitsubishi/lancer-gti-1-8-1996,2026-06-15T19:24:30.263892,Mitsubishi Lancer GTi 1.8 1996,"7,6 s",210 km/h,,Injeção multiponto,Natural,1836 cm³,4 em linha,4G67,Duplo no cabeçote,88 mm,"81,5 mm",Transversal,Dianteiro,"7,5 kg/cv","61,5 kg/kgfm","76,3 cv/litro",140 cv a 6500 rpm,"10,5:1",,,,"9,3 kgfm/litro",17 kgfm a 5500 rpm,,4,Embreagem monodisco a seco,Manual,,5,Dianteira,1375 mm,1450 mm,1460 mm,4275 mm,2500 mm,1690 mm,1045 kg,375 litros,50 litros,111 mm,Disco ventilado,Disco sólido,,,,,Hidráulica,,"10,6 m","Independente, McPherson",Mola helicoidal,"Independente, multibraço",575 km,420 km,"11,5 km/l","8,4 km/l",,,,,,,,,165 mm,Admissão,,1000 kg,450 kg,,,,,,,,,,,,,,,,,,,,,,,,,,,,,,,,,,,,,,,,,
mitsubishi,Lancer,lancer,lancer-glx-1-6-1997,lancer-glx-1-6-1997,https://www.fichacompleta.com.br/carros/mitsubishi/lancer-glx-1-6-1997,2026-06-15T19:24:32.655071,Mitsubishi Lancer GLX 1.6 1997,"11,7 s",190 km/h,Correia dentada,Injeção multiponto,Natural,1597 cm³,4 em linha,4G92,Único no cabeçote,"77,5 mm",81 mm,Transversal,Dianteiro,"9,8 kg/cv","74,8 kg/kgfm","65,7 cv/litro",105 cv,10:1,,,,"8,6 kgfm/litro","13,7 kgfm",,4,Embreagem monodisco a seco,Manual,5,,Dianteira,1410 mm,1450 mm,1460 mm,4290 mm,2500 mm,1690 mm,1025 kg,430 litros,50 litros,111 mm,Disco ventilado,Tambor,,,,,Hidráulica,10 m,,"Indep., McPherson",Mola helicoidal,"Indep., multibraço",675 km,550 km,"13,5 km/l",11 km/l,6000 rpm,4500 rpm,,,,,,,165 mm,,,,,,,,,,,,,,,,,,,,,,,,,,,,,,,,,,,,,,,,,,,,,
mitsubishi,Lancer,lancer,lancer-glx-1-6-at-1997,lancer-glx-1-6-at-1997,https://www.fichacompleta.com.br/carros/mitsubishi/lancer-glx-1-6-at-1997,2026-06-15T19:24:36.252056,Mitsubishi Lancer GLX 1.6 AT 1997,"12,5 s",180 km/h,Correia dentada,Injeção multiponto,Natural,1597 cm³,4 em linha,4G92,Único no cabeçote,"77,5 mm",81 mm,Transversal,Dianteiro,"9,1 kg/cv","73,1 kg/kgfm","72,0 cv/litro",115 cv,10:1,,,,"9,0 kgfm/litro","14,3 kgfm",,4,Conversor de torque,Automático,4,,Dianteira,1410 mm,1450 mm,1460 mm,4290 mm,2500 mm,1690 mm,1045 kg,430 litros,50 litros,111 mm,Disco ventilado,Tambor,,,,,Hidráulica,10 m,,"Indep., McPherson",Mola helicoidal,"Indep., multibraço",600 km,450 km,12 km/l,9 km/l,6000 rpm,5000 rpm,,,,,,,165 mm,,,,,,,,,,,,,,,,,,,,,,,,,,,,,,,,,,,,,,,,,,,,,
mitsubishi,Lancer,lancer,lancer-glx-1-6-1998,lancer-glx-1-6-1998,https://www.fichacompleta.com.br/carros/mitsubishi/lancer-glx-1-6-1998,2026-06-15T19:24:40.021005,Mitsubishi Lancer GLX 1.6 1998,"11,7 s",190 km/h,,Injeção multiponto,Natural,1597 cm³,4 em linha,4G92,"Único no cabeçote, correia dentada","77,5 mm",81 mm,Transversal,Dianteiro,"9,8 kg/cv","74,8 kg/kgfm","65,7 cv/litro",105 cv a 6000 rpm,10:1,,,,"8,6 kgfm/litro","13,7 kgfm a 4500 rpm",,4,Embreagem monodisco a seco,Manual,,5,Dianteira,1410 mm,1450 mm,1460 mm,4290 mm,2500 mm,1690 mm,1025 kg,430 litros,50 litros,111 mm,Disco ventilado,Tambor,,,,,Hidráulica,,10 m,"Independente, McPherson",Mola helicoidal,"Independente, multibraço",675 km,550 km,"13,5 km/l",11 km/l,,,,,,,,,165 mm,,,,,,,,,,,,,,,,,,,,,,,,,,,,,,,,,,,,,,,,,,,,,
mitsubishi,Lancer,lancer,lancer-glx-1-6-at-1998,lancer-glx-1-6-at-1998,https://www.fichacompleta.com.br/carros/mitsubishi/lancer-glx-1-6-at-1998,2026-06-15T19:24:44.642780,Mitsubishi Lancer GLX 1.6 AT 1998,"12,5 s",180 km/h,Correia dentada,Injeção multiponto,Natural,1597 cm³,4 em linha,4G92,Único no cabeçote,"77,5 mm",81 mm,Transversal,Dianteiro,"9,1 kg/cv","73,1 kg/kgfm","72,0 cv/litro",115 cv,10:1,,6000 rpm,5000 rpm,"9,0 kgfm/litro","14,3 kgfm",,4,Conversor de torque,Automático,4,4,Dianteira,1410 mm,1450 mm,1460 mm,4290 mm,2500 mm,1690 mm,1045 kg,430 litros,50 litros,111 mm,Disco ventilado,Tambor,,,,,Hidráulica,10 m,10 m,"Indep., McPherson",Mola helicoidal,"Indep., multibraço",600 km,450 km,12 km/l,9 km/l,,,,,,,,,165 mm,,,,,,,,,,,,,,,,,,,,,,,,,,,,,,,,,,,,,,,,,,,,,
mitsubishi,Lancer,lancer,lancer-glx-1-6-1999,lancer-glx-1-6-1999,https://www.fichacompleta.com.br/carros/mitsubishi/lancer-glx-1-6-1999,2026-06-15T19:24:48.202347,Mitsubishi Lancer GLX 1.6 1999,"11,7 s",190 km/h,Correia dentada,Injeção multiponto,Natural,1597 cm³,4 em linha,4G92,Único no cabeçote,"77,5 mm",81 mm,Transversal,Dianteiro,"9,8 kg/cv","74,8 kg/kgfm","65,7 cv/litro",105 cv,10:1,,,,"8,6 kgfm/litro","13,7 kgfm",,4,Embreagem monodisco a seco,Manual,5,,Dianteira,1410 mm,1450 mm,1460 mm,4290 mm,2500 mm,1690 mm,1025 kg,430 litros,50 litros,111 mm,Disco ventilado,Tambor,,,,,Hidráulica,10 m,,"Indep., McPherson",Mola helicoidal,"Indep., multibraço",675 km,550 km,"13,5 km/l",11 km/l,6000 rpm,4500 rpm,,,,,,,165 mm,,,,,,,,,,,,,,,,,,,,,,,,,,,,,,,,,,,,,,,,,,,,,
mitsubishi,Lancer,lancer,lancer-glx-1-6-at-1999,lancer-glx-1-6-at-1999,https://www.fichacompleta.com.br/carros/mitsubishi/lancer-glx-1-6-at-1999,2026-06-15T19:24:52.846913,Mitsubishi Lancer GLX 1.6 AT 1999,"12,5 s",180 km/h,Correia dentada,Injeção multiponto,Natural,1597 cm³,4 em linha,4G92,Único no cabeçote,"77,5 mm",81 mm,Transversal,Dianteiro,"9,1 kg/cv","73,1 kg/kgfm","72,0 cv/litro",115 cv,10:1,,,,"9,0 kgfm/litro","14,3 kgfm",,4,Conversor de torque,Automático,4,,Dianteira,1410 mm,1450 mm,1460 mm,4290 mm,2500 mm,1690 mm,1045 kg,430 litros,50 litros,111 mm,Disco ventilado,Tambor,,,,,Hidráulica,10 m,,"Indep., McPherson",Mola helicoidal,"Indep., multibraço",600 km,450 km,12 km/l,9 km/l,6000 rpm,5000 rpm,,,,,,,165 mm,,,,,,,,,,,,,,,,,,,,,,,,,,,,,,,,,,,,,,,,,,,,,
mitsubishi,Lancer,lancer,lancer-evolution-vi-2-0-turbo-2001,lancer-evolution-vi-2-0-turbo-2001,https://www.fichacompleta.com.br/carros/mitsubishi/lancer-evolution-vi-2-0-turbo-2001,2026-06-15T19:24:57.157716,Mitsubishi Lancer Evolution VI 2.0 Turbo 2001,"5,6 s",240 km/h,Corrente,Injeção multiponto,Turbocompressor,1997 cm³,4 em linha,4G63T,Duplo no cabeçote,88 mm,85 mm,Transversal,Dianteiro,"4,9 kg/cv","35,4 kg/kgfm","140,2 cv/litro",280 cv,"8,8:1",,6500 rpm,3500 rpm,"19,5 kgfm/litro",39 kgfm,,4,Embreagem monodisco a seco,Manual,5,5,Integral permanente,1450 mm,1515 mm,1515 mm,4455 mm,2625 mm,1770 mm,1380 kg,430 litros,48 litros,106 mm,Disco ventilado,Disco ventilado,,,,,Hidráulica,"11,8 m","11,8 m","Indep., McPherson",Mola helicoidal,"Indep., multibraço",336 km,192 km,7 km/l,4 km/l,,,,,,,,,140 mm,,,,,,,,,,,,,,,,,,,,,,,,,,,,,,,,,,,,,,,,,,,,,
mitsubishi,Lancer,lancer,lancer-evolution-vii-2-0-turbo-2002,lancer-evolution-vii-2-0-turbo-2002,https://www.fichacompleta.com.br/carros/mitsubishi/lancer-evolution-vii-2-0-turbo-2002,2026-06-15T19:25:01.122224,Mitsubishi Lancer Evolution VII 2.0 Turbo 2002,"5,6 s",252 km/h,Corrente,Injeção multiponto,Turbocompressor,1997 cm³,4 em linha,4G63T,Duplo no cabeçote,88 mm,85 mm,Transversal,Dianteiro,"4,9 kg/cv","35,4 kg/kgfm","140,2 cv/litro",280 cv,"8,8:1",,6500 rpm,3500 rpm,"19,5 kgfm/litro",39 kgfm,,4,Embreagem monodisco a seco,Manual,5,5,Integral permanente,1450 mm,1515 mm,1515 mm,4455 mm,2625 mm,1770 mm,1380 kg,430 litros,48 litros,106 mm,Disco ventilado,Disco ventilado,,,,,Hidráulica,"11,8 m","11,8 m","Indep., McPherson",Mola helicoidal,"Indep., multibraço",466 km,278 km,"9,7 km/l","5,8 km/l",,,,,,,,,140 mm,,,,,,,,,,,,,,,,,,,,,,,,,,,,,,,,,,,,,,,,,,,,,
mitsubishi,Lancer,lancer,lancer-evolution-viii-2-0-turbo-2004,lancer-evolution-viii-2-0-turbo-2004,https://www.fichacompleta.com.br/carros/mitsubishi/lancer-evolution-viii-2-0-turbo-2004,2026-06-15T19:25:03.635081,Mitsubishi Lancer Evolution VIII 2.0 Turbo 2004,"5,6 s",253 km/h,Corrente,Injeção multiponto,Turbocompressor,,4 em linha,4G63T,Duplo no cabeçote,88 mm,85 mm,Transversal,Dianteiro,"5,04 kg/cv","35,3 kg/kgfm","140,2 cv/litro",280 cv,"8,8:1",,,,"20,0 kgfm/litro",40 kgfm,,4,Embreagem monodisco a seco,Manual,6,,Integral permanente,1450 mm,1515 mm,1515 mm,4490 mm,2625 mm,1770 mm,1410 kg,430 litros,50 litros,106 mm,Disco ventilado,Disco ventilado,,,,,Hidráulica,"11,8 m",,"Indep., McPherson",Mola helicoidal,"Indep., multibraço",550 km,300 km,11 km/l,6 km/l,6500 rpm,3500 rpm,,,,,,,140 mm,,,,,,,,,,,499 cm³,1997 cm³,,,,,,,,,,,,,,,,,,,,,,,,,,,,,,,,,
mitsubishi,Lancer,lancer,lancer-evolution-ix-mr-2-0-turbo-2006,lancer-evolution-ix-mr-2-0-turbo-2006,https://www.fichacompleta.com.br/carros/mitsubishi/lancer-evolution-ix-mr-2-0-turbo-2006,2026-06-15T19:25:07.132092,Mitsubishi Lancer Evolution IX MR 2.0 Turbo 2006,"5,3 s",240 km/h,Corrente,Injeção multiponto,Turbocompressor,1997 cm³,4 em linha,4G63T,Duplo no cabeçote,88 mm,85 mm,Transversal,Dianteiro,"4,8 kg/cv","34,5 kg/kgfm","145,2 cv/litro",290 cv,"8,8:1",,6500 rpm,3500 rpm,"20,0 kgfm/litro",40 kgfm,,4,Embreagem monodisco a seco,Manual,6,6,Integral permanente,1450 mm,1515 mm,1515 mm,4535 mm,2625 mm,1770 mm,1380 kg,430 litros,53 litros,106 mm,Disco ventilado,Disco ventilado,,,,,Hidráulica,"11,8 m","11,8 m","Indep., McPherson",Mola helicoidal,"Indep., multibraço",636 km,345 km,12 km/l,"6,5 km/l",,,,,,,,,,,,,,,,,,,,,,,,,,,,,,,,,,,,,,,,,,,,,,,,,,,,,,
mitsubishi,Lancer,lancer,lancer-evolution-ix-mr-2-0-turbo-2007,lancer-evolution-ix-mr-2-0-turbo-2007,https://www.fichacompleta.com.br/carros/mitsubishi/lancer-evolution-ix-mr-2-0-turbo-2007,2026-06-15T19:25:11.475612,Mitsubishi Lancer Evolution IX MR 2.0 Turbo 2007,"5,3 s",240 km/h,Corrente,Injeção multiponto,Turbocompressor,,4 em linha,4G63T,Duplo no cabeçote,88 mm,85 mm,Transversal,Dianteiro,"4,76 kg/cv","34,5 kg/kgfm","145,2 cv/litro",290 cv,"8,8:1",,,,"20,0 kgfm/litro",40 kgfm,,4,Embreagem monodisco a seco,Manual,6,,Integral permanente,1450 mm,1515 mm,1515 mm,4535 mm,2625 mm,1770 mm,1380 kg,430 litros,53 litros,106 mm,Disco ventilado,Disco ventilado,,,,,Hidráulica,"11,8 m",,"Indep., McPherson",Mola helicoidal,"Indep., multibraço",636 km,345 km,12 km/l,"6,5 km/l",6500 rpm,3500 rpm,,,,,,,,,,,,,,,,,,499 cm³,1997 cm³,,,,,,,,,,,,,,,,,,,,,,,,,,,,,,,,,
mitsubishi,Lancer,lancer,lancer-evolution-x-2-0-turbo-2010,lancer-evolution-x-2-0-turbo-2010,https://www.fichacompleta.com.br/carros/mitsubishi/lancer-evolution-x-2-0-turbo-2010,2026-06-15T19:25:14.313340,Mitsubishi Lancer Evolution X 2.0 Turbo 2010,"6,3 s",242 km/h,Corrente,Injeção multiponto,Turbocompressor,1998 cm³,4 em linha,4B11T,Duplo no cabeçote,86 mm,86 mm,Transversal,Dianteiro,"5,4 kg/cv","42,6 kg/kgfm","147,6 cv/litro",295 cv,9:1,7600 rpm,6500 rpm,3500 rpm,"18,7 kgfm/litro","37,3 kgfm",,4,Embreagem dupla a seco,Automatizado,6,6,Integral permanente,1480 mm,1545 mm,1545 mm,4505 mm,2650 mm,1810 mm,1590 kg,430 litros,55 litros,98 mm,Disco ventilado,Disco ventilado,"2,28 m²","0,775 m²","0,34","0,34",Hidráulica,"11,8 m","11,8 m","Indep., McPherson",Mola helicoidal,"Indep., multibraço",435 km,259 km,"7,9 km/l","4,7 km/l",,,,,450 kg,,,,135 mm,Admissão e escape,,1400 kg,500 kg,,,,,,,,,,,,,,,,,,,,,,,,,,,,,,,,,,,,,,,,,
mitsubishi,Lancer,lancer,lancer-2-0-at-2011,lancer-2-0-at-2011,https://www.fichacompleta.com.br/carros/mitsubishi/lancer-2-0-at-2011,2026-06-15T19:25:19.006039,Mitsubishi Lancer 2.0 AT 2011,"10,7 s",198 km/h,Corrente,Injeção multiponto,Natural,1998 cm³,4 em linha,4B11,Duplo no cabeçote,86 mm,86 mm,Transversal,Dianteiro,"8,5 kg/cv","67,7 kg/kgfm","80,1 cv/litro",160 cv,10:1,,6000 rpm,4200 rpm,"10,1 kgfm/litro","20,1 kgfm",,4,Conversor de torque,CVT,6,6,Dianteira,1490 mm,1530 mm,1530 mm,4570 mm,2635 mm,1760 mm,1360 kg,430 litros,59 litros,97 mm,Disco ventilado,Disco sólido,"2,23 m²","0,647 m²","0,29","0,29",Hidráulica,10 m,10 m,"Indep., McPherson",Mola helicoidal,"Indep., multibraço",631 km,519 km,"10,7 km/l","8,8 km/l",,,,,490 kg,,,,150 mm,Admissão e escape,,,,,,,,,,,,,,,,,,,,,,,,,,,,,,,,,,,,,,,,,,,,
mitsubishi,Lancer,lancer,lancer-evolution-x-2-0-turbo-2011,lancer-evolution-x-2-0-turbo-2011,https://www.fichacompleta.com.br/carros/mitsubishi/lancer-evolution-x-2-0-turbo-2011,2026-06-15T19:25:23.858937,Mitsubishi Lancer Evolution X 2.0 Turbo 2011,"6,3 s",242 km/h,Corrente,Injeção multiponto,Turbocompressor,1998 cm³,4 em linha,4B11T,Duplo no cabeçote,86 mm,86 mm,Transversal,Dianteiro,"5,4 kg/cv","42,6 kg/kgfm","147,6 cv/litro",295 cv,9:1,7600 rpm,,,"18,7 kgfm/litro","37,3 kgfm",,4,Embreagem dupla a seco,Automatizado,6,,Integral permanente,1480 mm,1545 mm,1545 mm,4505 mm,2650 mm,1810 mm,1590 kg,430 litros,55 litros,98 mm,Disco ventilado,Disco ventilado,"2,28 m²","0,775 m²","0,34",,Hidráulica,"11,8 m",,"Indep., McPherson",Mola helicoidal,"Indep., multibraço",435 km,259 km,"7,9 km/l","4,7 km/l",6500 rpm,3500 rpm,,,450 kg,,,,135 mm,Admissão e escape,,1400 kg,500 kg,,,,,,,,,,,,,,,,,,,,,,,,,,,,,,,,,,,,,,,,,
mitsubishi,Lancer,lancer,lancer-gt-2-0-2011,lancer-gt-2-0-2011,https://www.fichacompleta.com.br/carros/mitsubishi/lancer-gt-2-0-2011,2026-06-15T19:25:27.550060,Mitsubishi Lancer GT 2.0 2011,"10,7 s",198 km/h,Corrente,Injeção multiponto,Natural,1998 cm³,4 em linha,4B11,Duplo no cabeçote,86 mm,86 mm,Transversal,Dianteiro,"8,5 kg/cv","67,7 kg/kgfm","80,1 cv/litro",160 cv,10:1,,6000 rpm,4200 rpm,"10,1 kgfm/litro","20,1 kgfm",,4,Conversor de torque,CVT,6,6,Dianteira,1490 mm,1530 mm,1530 mm,4570 mm,2635 mm,1760 mm,1360 kg,430 litros,59 litros,97 mm,Disco ventilado,Disco sólido,"2,23 m²","0,647 m²","0,29","0,29",Hidráulica,10 m,10 m,"Indep., McPherson",Mola helicoidal,"Indep., multibraço",631 km,519 km,"10,7 km/l","8,8 km/l",,,,,490 kg,,,,150 mm,Admissão e escape,,,,,,,,,,,,,,,,,,,,,,,,,,,,,,,,,,,,,,,,,,,,
mitsubishi,Lancer,lancer,lancer-sportback-ralliart-2-0-turbo-2011,lancer-sportback-ralliart-2-0-turbo-2011,https://www.fichacompleta.com.br/carros/mitsubishi/lancer-sportback-ralliart-2-0-turbo-2011,2026-06-15T19:25:31.751354,Mitsubishi Lancer Sportback Ralliart 2.0 Turbo 2011,"7,1 s",220 km/h,Corrente,Injeção multiponto,Turbocompressor,1998 cm³,4 em linha,4B11T,Duplo no cabeçote,86 mm,86 mm,Transversal,Dianteiro,"6,4 kg/cv","45,9 kg/kgfm","125,1 cv/litro",250 cv,9:1,7600 rpm,6000 rpm,2500 rpm,"17,5 kgfm/litro",35 kgfm,,4,Embreagem dupla a seco,Automatizado,6,6,Integral permanente,1515 mm,1530 mm,1530 mm,4585 mm,2635 mm,1760 mm,1605 kg,450 litros,55 litros,97 mm,Disco ventilado,Disco sólido,"2,27 m²","0,658 m²","0,29","0,29",Hidráulica,10 m,10 m,"Indep., McPherson",Mola helicoidal,"Indep., multibraço",545 km,330 km,"9,9 km/l",6 km/l,,,,,440 kg,,,,150 mm,Admissão e escape,,,,,,,,,,,,,,,,,,,,,,,,,,,,,,,,,,,,,,,,,,,,
mitsubishi,Lancer,lancer,lancer-2-0-2012,lancer-2-0-2012,https://www.fichacompleta.com.br/carros/mitsubishi/lancer-2-0-2012,2026-06-15T19:25:36.143516,Mitsubishi Lancer 2.0 2012,"9,8 s",200 km/h,,Injeção multiponto,Natural,1998 cm³,4 em linha,4B11,"Duplo no cabeçote, corrente",86 mm,86 mm,Transversal,Dianteiro,"8,3 kg/cv","66,2 kg/kgfm","80,1 cv/litro",160 cv a 6000 rpm,10:1,,,,"10,1 kgfm/litro","20,1 kgfm a 4200 rpm",,4,Embreagem monodisco a seco,Manual,,5,Dianteira,1490 mm,1530 mm,1530 mm,4570 mm,2635 mm,1760 mm,1330 kg,430 litros,59 litros,97 mm,Disco ventilado,Disco sólido,"2,23 m²","0,647 m²",,"0,29",Hidráulica,,10 m,"Independente, McPherson",Mola helicoidal,"Independente, multibraço",602 km,466 km,"10,2 km/l","7,9 km/l",,,,,520 kg,,,,150 mm,Admissão e escape,,,,,,,,,,,,,,,,,,,,,,,,,,,,,,,,,,,,,,,,,,,,
mitsubishi,Lancer,lancer,lancer-2-0-at-2012,lancer-2-0-at-2012,https://www.fichacompleta.com.br/carros/mitsubishi/lancer-2-0-at-2012,2026-06-15T19:25:40.948996,Mitsubishi Lancer 2.0 AT 2012,"10,7 s",198 km/h,Corrente,Injeção multiponto,Natural,1998 cm³,4 em linha,4B11,Duplo no cabeçote,86 mm,86 mm,Transversal,Dianteiro,"8,5 kg/cv","67,7 kg/kgfm","80,1 cv/litro",160 cv,10:1,,,,"10,1 kgfm/litro","20,1 kgfm",,4,Conversor de torque,CVT,6,,Dianteira,1490 mm,1530 mm,1530 mm,4570 mm,2635 mm,1760 mm,1360 kg,430 litros,59 litros,97 mm,Disco ventilado,Disco sólido,"2,23 m²","0,647 m²","0,29",,Hidráulica,10 m,,"Indep., McPherson",Mola helicoidal,"Indep., multibraço",631 km,519 km,"10,7 km/l","8,8 km/l",6000 rpm,4200 rpm,,,490 kg,,,,150 mm,Admissão e escape,,,,,,,,,,,,,,,,,,,,,,,,,,,,,,,,,,,,,,,,,,,,
mitsubishi,Lancer,lancer,lancer-evolution-x-2-0-turbo-2012,lancer-evolution-x-2-0-turbo-2012,https://www.fichacompleta.com.br/carros/mitsubishi/lancer-evolution-x-2-0-turbo-2012,2026-06-15T19:25:44.486466,Mitsubishi Lancer Evolution X 2.0 Turbo 2012,"6,3 s",242 km/h,Corrente,Injeção multiponto,Turbocompressor,1998 cm³,4 em linha,4B11T,Duplo no cabeçote,86 mm,86 mm,Transversal,Dianteiro,"5,4 kg/cv","42,6 kg/kgfm","147,6 cv/litro",,9:1,7600 rpm,6500 rpm,3500 rpm,"18,7 kgfm/litro",,,4,Embreagem dupla a seco,Automatizado,6,,Integral permanente,1480 mm,1545 mm,1545 mm,4505 mm,2650 mm,1810 mm,1590 kg,430 litros,55 litros,98 mm,Disco ventilado,Disco ventilado,"2,28 m²","0,775 m²","0,34",,Hidráulica,"11,8 m",,"Indep., McPherson",Mola helicoidal,"Indep., multibraço",435 km,259 km,"7,9 km/l","4,7 km/l",,,295 cv,"37,3 kgfm",450 kg,,,,135 mm,Admissão e escape,,1400 kg,500 kg,,,,,,,,,,,,,,,,,,,,,,,,,,,,,,,,,,,,,,,,,
mitsubishi,Lancer,lancer,lancer-evolution-x-carbon-2-0-turbo-2012,lancer-evolution-x-carbon-2-0-turbo-2012,https://www.fichacompleta.com.br/carros/mitsubishi/lancer-evolution-x-carbon-2-0-turbo-2012,2026-06-15T19:25:48.293259,Mitsubishi Lancer Evolution X Carbon 2.0 Turbo 2012,"6,3 s",242 km/h,Corrente,Injeção multiponto,Turbocompressor,1998 cm³,4 em linha,4B11T,Duplo no cabeçote,86 mm,86 mm,Transversal,Dianteiro,"5,4 kg/cv","42,6 kg/kgfm","147,6 cv/litro",295 cv,9:1,7600 rpm,6500 rpm,3500 rpm,"18,7 kgfm/litro","37,3 kgfm",,4,Embreagem dupla a seco,Automatizado,6,6,Integral permanente,1480 mm,1545 mm,1545 mm,4505 mm,2650 mm,1810 mm,1590 kg,430 litros,55 litros,98 mm,Disco ventilado,Disco ventilado,"2,28 m²","0,775 m²","0,34","0,34",Hidráulica,"11,8 m","11,8 m","Indep., McPherson",Mola helicoidal,"Indep., multibraço",435 km,259 km,"7,9 km/l","4,7 km/l",,,,,450 kg,,,,135 mm,Admissão e escape,,1400 kg,500 kg,,,,,,,,,,,,,,,,,,,,,,,,,,,,,,,,,,,,,,,,,
mitsubishi,Lancer,lancer,lancer-gt-2-0-2012,lancer-gt-2-0-2012,https://www.fichacompleta.com.br/carros/mitsubishi/lancer-gt-2-0-2012,2026-06-15T19:25:51.519253,Mitsubishi Lancer GT 2.0 2012,"10,7 s",198 km/h,Corrente,Injeção multiponto,Natural,1998 cm³,4 em linha,4B11,Duplo no cabeçote,86 mm,86 mm,Transversal,Dianteiro,"8,5 kg/cv","67,7 kg/kgfm","80,1 cv/litro",160 cv,10:1,,,,"10,1 kgfm/litro","20,1 kgfm",,4,Conversor de torque,CVT,6,,Dianteira,1490 mm,1530 mm,1530 mm,4570 mm,2635 mm,1760 mm,1360 kg,430 litros,59 litros,97 mm,Disco ventilado,Disco sólido,"2,23 m²","0,647 m²","0,29",,Hidráulica,10 m,,"Indep., McPherson",Mola helicoidal,"Indep., multibraço",631 km,519 km,"10,7 km/l","8,8 km/l",6000 rpm,4200 rpm,,,490 kg,,,,150 mm,Admissão e escape,,,,,,,,,,,,,,,,,,,,,,,,,,,,,,,,,,,,,,,,,,,,
mitsubishi,Lancer,lancer,lancer-sportback-ralliart-2-0-turbo-2012,lancer-sportback-ralliart-2-0-turbo-2012,https://www.fichacompleta.com.br/carros/mitsubishi/lancer-sportback-ralliart-2-0-turbo-2012,2026-06-15T19:25:54.573427,Mitsubishi Lancer Sportback Ralliart 2.0 Turbo 2012,"7,1 s",220 km/h,Corrente,Injeção multiponto,Turbocompressor,1998 cm³,4 em linha,4B11T,Duplo no cabeçote,86 mm,86 mm,Transversal,Dianteiro,"6,4 kg/cv","45,9 kg/kgfm","125,1 cv/litro",250 cv,9:1,7600 rpm,,,"17,5 kgfm/litro",35 kgfm,,4,Embreagem dupla a seco,Automatizado,6,,Integral permanente,1515 mm,1530 mm,1530 mm,4585 mm,2635 mm,1760 mm,1605 kg,450 litros,55 litros,97 mm,Disco ventilado,Disco sólido,"2,27 m²","0,658 m²","0,29",,Hidráulica,10 m,,"Indep., McPherson",Mola helicoidal,"Indep., multibraço",545 km,330 km,"9,9 km/l",6 km/l,6000 rpm,2500 rpm,,,440 kg,,,,150 mm,Admissão e escape,,,,,,,,,,,,,,,,,,,,,,,,,,,,,,,,,,,,,,,,,,,,
mitsubishi,Lancer,lancer,lancer-2-0-2013,lancer-2-0-2013,https://www.fichacompleta.com.br/carros/mitsubishi/lancer-2-0-2013,2026-06-15T19:25:58.390499,Mitsubishi Lancer 2.0 2013,"9,8 s",200 km/h,,Injeção multiponto,Natural,1998 cm³,4 em linha,4B11,"Duplo no cabeçote, corrente",86 mm,86 mm,Transversal,Dianteiro,"8,3 kg/cv","66,2 kg/kgfm","80,1 cv/litro",160 cv a 6000 rpm,10:1,,,,"10,1 kgfm/litro","20,1 kgfm a 4200 rpm",,4,Embreagem monodisco a seco,Manual,,5,Dianteira,1490 mm,1530 mm,1530 mm,4570 mm,2635 mm,1760 mm,1330 kg,430 litros,59 litros,97 mm,Disco ventilado,Disco sólido,"2,23 m²","0,647 m²",,"0,29",Hidráulica,,10 m,"Independente, McPherson",Mola helicoidal,"Independente, multibraço",602 km,466 km,"10,2 km/l","7,9 km/l",,,,,520 kg,,,,150 mm,Admissão e escape,,,,,,,,,,,,,,,,,,,,,,,,,,,,,,,,,,,,,,,,,,,,
mitsubishi,Lancer,lancer,lancer-2-0-at-2013,lancer-2-0-at-2013,https://www.fichacompleta.com.br/carros/mitsubishi/lancer-2-0-at-2013,2026-06-15T19:26:01.486230,Mitsubishi Lancer 2.0 AT 2013,"10,7 s",198 km/h,,Injeção multiponto,Natural,1998 cm³,4 em linha,4B11,"Duplo no cabeçote, corrente",86 mm,86 mm,Transversal,Dianteiro,"8,5 kg/cv","67,7 kg/kgfm","80,1 cv/litro",160 cv a 6000 rpm,10:1,,,,"10,1 kgfm/litro","20,1 kgfm a 4200 rpm",,4,Conversor de torque,CVT,,6,Dianteira,1490 mm,1530 mm,1530 mm,4570 mm,2635 mm,1760 mm,1360 kg,430 litros,59 litros,97 mm,Disco ventilado,Disco sólido,"2,23 m²","0,647 m²",,"0,29",Hidráulica,,10 m,"Independente, McPherson",Mola helicoidal,"Independente, multibraço",631 km,519 km,"10,7 km/l","8,8 km/l",,,,,490 kg,,,,150 mm,Admissão e escape,,,,,,,,,,,,,,,,,,,,,,,,,,,,,,,,,,,,,,,,,,,,
mitsubishi,Lancer,lancer,lancer-evolution-x-2-0-turbo-2013,lancer-evolution-x-2-0-turbo-2013,https://www.fichacompleta.com.br/carros/mitsubishi/lancer-evolution-x-2-0-turbo-2013,2026-06-15T19:26:05.350826,Mitsubishi Lancer Evolution X 2.0 Turbo 2013,"6,3 s",242 km/h,,Injeção multiponto,Turbocompressor,1998 cm³,4 em linha,4B11T,"Duplo no cabeçote, corrente",86 mm,86 mm,Transversal,Dianteiro,"5,4 kg/cv","42,6 kg/kgfm","147,6 cv/litro",295 cv a 6500 rpm,9:1,7600 rpm,,,"18,7 kgfm/litro","37,3 kgfm a 3500 rpm",,4,Embreagem dupla a seco,Automatizado,,6,Integral permanente,1480 mm,1545 mm,1545 mm,4505 mm,2650 mm,1810 mm,1590 kg,430 litros,55 litros,98 mm,Disco ventilado,Disco ventilado,"2,28 m²","0,775 m²",,"0,34",Hidráulica,,"11,8 m","Independente, McPherson",Mola helicoidal,"Independente, multibraço",435 km,259 km,"7,9 km/l","4,7 km/l",,,,,450 kg,,,,135 mm,Admissão e escape,,1400 kg,500 kg,,,,,,,,,,,,,,,,,,,,,,,,,,,,,,,,,,,,,,,,,
mitsubishi,Lancer,lancer,lancer-gt-2-0-2013,lancer-gt-2-0-2013,https://www.fichacompleta.com.br/carros/mitsubishi/lancer-gt-2-0-2013,2026-06-15T19:26:10.214429,Mitsubishi Lancer GT 2.0 2013,"10,7 s",198 km/h,,Injeção multiponto,Natural,1998 cm³,4 em linha,4B11,"Duplo no cabeçote, corrente",86 mm,86 mm,Transversal,Dianteiro,"8,5 kg/cv","67,7 kg/kgfm","80,1 cv/litro",160 cv a 6000 rpm,10:1,,,,"10,1 kgfm/litro","20,1 kgfm a 4200 rpm",,4,Conversor de torque,CVT,,6,Dianteira,1490 mm,1530 mm,1530 mm,4570 mm,2635 mm,1760 mm,1360 kg,430 litros,59 litros,97 mm,Disco ventilado,Disco sólido,"2,23 m²","0,647 m²",,"0,29",Hidráulica,,10 m,"Independente, McPherson",Mola helicoidal,"Independente, multibraço",631 km,519 km,"10,7 km/l","8,8 km/l",,,,,490 kg,,,,150 mm,Admissão e escape,,,,,,,,,,,,,,,,,,,,,,,,,,,,,,,,,,,,,,,,,,,,
mitsubishi,Lancer,lancer,lancer-gt-2-0-awd-2013,lancer-gt-2-0-awd-2013,https://www.fichacompleta.com.br/carros/mitsubishi/lancer-gt-2-0-awd-2013,2026-06-15T19:26:13.758078,Mitsubishi Lancer GT 2.0 AWD 2013,"11,5 s",193 km/h,Corrente,Injeção multiponto,Natural,1998 cm³,4 em linha,4B11,Duplo no cabeçote,86 mm,86 mm,Transversal,Dianteiro,"8,7 kg/cv","69,4 kg/kgfm","80,1 cv/litro",160 cv,10:1,,6000 rpm,4200 rpm,"10,1 kgfm/litro","20,1 kgfm",,4,Conversor de torque,CVT,6,6,Integral permanente,1490 mm,1530 mm,1530 mm,4570 mm,2635 mm,1760 mm,1395 kg,430 litros,55 litros,97 mm,Disco ventilado,Disco sólido,"2,23 m²","0,647 m²","0,29","0,29",Hidráulica,10 m,10 m,"Indep., McPherson",Mola helicoidal,"Indep., multibraço",523 km,457 km,"9,5 km/l","8,3 km/l",,,,,505 kg,,,,150 mm,Admissão e escape,,,,,,,,,,,,,,,,,,,,,,,,,,,,,,,,,,,,,,,,,,,,
mitsubishi,Lancer,lancer,lancer-sportback-ralliart-2-0-turbo-2013,lancer-sportback-ralliart-2-0-turbo-2013,https://www.fichacompleta.com.br/carros/mitsubishi/lancer-sportback-ralliart-2-0-turbo-2013,2026-06-15T19:26:18.117087,Mitsubishi Lancer Sportback Ralliart 2.0 Turbo 2013,"7,1 s",220 km/h,,Injeção multiponto,Turbocompressor,1998 cm³,4 em linha,4B11T,"Duplo no cabeçote, corrente",,,Transversal,Dianteiro,"6,4 kg/cv","45,9 kg/kgfm","125,1 cv/litro",250 cv a 6000 rpm,9:1,,,,"17,5 kgfm/litro",35 kgfm a 2500 rpm,,4,,Automatizado,,6,Integral permanente,1515 mm,1530 mm,1530 mm,4585 mm,2635 mm,1760 mm,1605 kg,450 litros,55 litros,97 mm,215/45 R18,Disco sólido,"2,27 m²",,,"0,29",Hidráulica,,10 m,"Independente, McPherson",Mola helicoidal,"Independente, multibraço",545 km,330 km,"9,9 km/l",6 km/l,,,,,440 kg,,,,,Admissão e escape,,,,86 mm,86 mm,,,,,,,,,,,,,,,,,,,,,,,,,,,,,,,,,,,,,,,
mitsubishi,Lancer,lancer,lancer-2-0-2014,lancer-2-0-2014,https://www.fichacompleta.com.br/carros/mitsubishi/lancer-2-0-2014,2026-06-15T19:26:20.705951,Mitsubishi Lancer 2.0 2014,"9,8 s",200 km/h,,Injeção multiponto,Natural,1998 cm³,4 em linha,4B11,"Duplo no cabeçote, corrente",86 mm,86 mm,Transversal,Dianteiro,"8,3 kg/cv","66,2 kg/kgfm","80,1 cv/litro",160 cv a 6000 rpm,10:1,,,,"10,1 kgfm/litro","20,1 kgfm a 4200 rpm",,4,Embreagem monodisco a seco,Manual,,5,Dianteira,1490 mm,1530 mm,1530 mm,4570 mm,2635 mm,1760 mm,1330 kg,430 litros,59 litros,97 mm,Disco ventilado,Disco sólido,"2,23 m²","0,647 m²",,"0,29",Hidráulica,,10 m,"Independente, McPherson",Mola helicoidal,"Independente, multibraço",602 km,466 km,"10,2 km/l","7,9 km/l",,,,,520 kg,,,,150 mm,Admissão e escape,,,,,,,,,,,,,,,,,,,,,,,,,,,,,,,,,,,,,,,,,,,,
mitsubishi,Lancer,lancer,lancer-2-0-at-2014,lancer-2-0-at-2014,https://www.fichacompleta.com.br/carros/mitsubishi/lancer-2-0-at-2014,2026-06-15T19:26:25.569560,Mitsubishi Lancer 2.0 AT 2014,"10,7 s",198 km/h,,Injeção multiponto,Natural,1998 cm³,4 em linha,4B11,"Duplo no cabeçote, corrente",86 mm,86 mm,Transversal,Dianteiro,"8,5 kg/cv","67,7 kg/kgfm","80,1 cv/litro",160 cv a 6000 rpm,10:1,,,,"10,1 kgfm/litro","20,1 kgfm a 4200 rpm",,4,Conversor de torque,CVT,,6,Dianteira,1490 mm,1530 mm,1530 mm,4570 mm,2635 mm,1760 mm,1360 kg,430 litros,59 litros,97 mm,Disco ventilado,Disco sólido,"2,23 m²","0,647 m²",,"0,29",Hidráulica,,10 m,"Independente, McPherson",Mola helicoidal,"Independente, multibraço",631 km,519 km,"10,7 km/l","8,8 km/l",,,,,490 kg,,,,150 mm,Admissão e escape,,,,,,,,,,,,,,,,,,,,,,,,,,,,,,,,,,,,,,,,,,,,
mitsubishi,Lancer,lancer,lancer-evolution-x-2-0-turbo-2014,lancer-evolution-x-2-0-turbo-2014,https://www.fichacompleta.com.br/carros/mitsubishi/lancer-evolution-x-2-0-turbo-2014,2026-06-15T19:26:29.867587,Mitsubishi Lancer Evolution X 2.0 Turbo 2014,"6,3 s",242 km/h,,Injeção multiponto,Turbocompressor,1998 cm³,4 em linha,4B11T,"Duplo no cabeçote, corrente",86 mm,86 mm,Transversal,Dianteiro,"5,4 kg/cv","42,6 kg/kgfm","147,6 cv/litro",295 cv a 6500 rpm,9:1,7600 rpm,,,"18,7 kgfm/litro","37,3 kgfm a 3500 rpm",,4,Embreagem dupla a seco,Automatizado,,6,Integral permanente,1480 mm,1545 mm,1545 mm,4505 mm,2650 mm,1810 mm,1590 kg,430 litros,55 litros,98 mm,Disco ventilado,Disco ventilado,"2,28 m²","0,775 m²",,"0,34",Hidráulica,,"11,8 m","Independente, McPherson",Mola helicoidal,"Independente, multibraço",435 km,259 km,"7,9 km/l","4,7 km/l",,,,,450 kg,,,,135 mm,Admissão e escape,,1400 kg,500 kg,,,,,,,,,,,,,,,,,,,,,,,,,,,,,,,,,,,,,,,,,
mitsubishi,Lancer,lancer,lancer-gt-2-0-2014,lancer-gt-2-0-2014,https://www.fichacompleta.com.br/carros/mitsubishi/lancer-gt-2-0-2014,2026-06-15T19:26:32.493067,Mitsubishi Lancer GT 2.0 2014,"10,7 s",198 km/h,,Injeção multiponto,Natural,1998 cm³,4 em linha,4B11,"Duplo no cabeçote, corrente",86 mm,86 mm,Transversal,Dianteiro,"8,5 kg/cv","67,7 kg/kgfm","80,1 cv/litro",160 cv a 6000 rpm,10:1,,,,"10,1 kgfm/litro","20,1 kgfm a 4200 rpm",,4,Conversor de torque,CVT,,6,Dianteira,1490 mm,1530 mm,1530 mm,4570 mm,2635 mm,1760 mm,1360 kg,430 litros,59 litros,97 mm,Disco ventilado,Disco sólido,"2,23 m²","0,647 m²",,"0,29",Hidráulica,,10 m,"Independente, McPherson",Mola helicoidal,"Independente, multibraço",631 km,519 km,"10,7 km/l","8,8 km/l",,,,,490 kg,,,,150 mm,Admissão e escape,,,,,,,,,,,,,,,,,,,,,,,,,,,,,,,,,,,,,,,,,,,,
mitsubishi,Lancer,lancer,lancer-gt-2-0-awd-2014,lancer-gt-2-0-awd-2014,https://www.fichacompleta.com.br/carros/mitsubishi/lancer-gt-2-0-awd-2014,2026-06-15T19:26:35.469490,Mitsubishi Lancer GT 2.0 AWD 2014,"11,5 s",193 km/h,,Injeção multiponto,Natural,1998 cm³,4 em linha,4B11,"Duplo no cabeçote, corrente",86 mm,86 mm,Transversal,Dianteiro,"8,7 kg/cv","69,4 kg/kgfm","80,1 cv/litro",160 cv a 6000 rpm,10:1,,,,"10,1 kgfm/litro","20,1 kgfm a 4200 rpm",,4,Conversor de torque,CVT,,6,Integral permanente,1490 mm,1530 mm,1530 mm,4570 mm,2635 mm,1760 mm,1395 kg,430 litros,55 litros,97 mm,Disco ventilado,Disco sólido,"2,23 m²","0,647 m²",,"0,29",Hidráulica,,10 m,"Independente, McPherson",Mola helicoidal,"Independente, multibraço",523 km,457 km,"9,5 km/l","8,3 km/l",,,,,505 kg,,,,150 mm,Admissão e escape,,,,,,,,,,,,,,,,,,,,,,,,,,,,,,,,,,,,,,,,,,,,
mitsubishi,Lancer,lancer,lancer-2-0-2015,lancer-2-0-2015,https://www.fichacompleta.com.br/carros/mitsubishi/lancer-2-0-2015,2026-06-15T19:26:39.715465,Mitsubishi Lancer 2.0 2015,"9,8 s",200 km/h,,Injeção multiponto,Natural,1998 cm³,4 em linha,4B11,"Duplo no cabeçote, corrente",86 mm,86 mm,Transversal,Dianteiro,"8,3 kg/cv","66,2 kg/kgfm","80,1 cv/litro",160 cv a 6000 rpm,10:1,,,,"10,1 kgfm/litro","20,1 kgfm a 4200 rpm",,4,Embreagem monodisco a seco,Manual,,5,Dianteira,1490 mm,1530 mm,1530 mm,4570 mm,2635 mm,1760 mm,1330 kg,430 litros,59 litros,97 mm,Disco ventilado,Disco sólido,"2,23 m²","0,647 m²",,"0,29",Hidráulica,,10 m,"Independente, McPherson",Mola helicoidal,"Independente, multibraço",608 km,484 km,"10,3 km/l","8,2 km/l",,,,,520 kg,,,,150 mm,Admissão e escape,,,,,,,,,,,,,,,,,,,,,,,,,,,,,,,,,,,,,,,,,,,,
mitsubishi,Lancer,lancer,lancer-2-0-at-2015,lancer-2-0-at-2015,https://www.fichacompleta.com.br/carros/mitsubishi/lancer-2-0-at-2015,2026-06-15T19:26:44.553093,Mitsubishi Lancer 2.0 AT 2015,"10,7 s",198 km/h,,Injeção multiponto,Natural,1998 cm³,4 em linha,4B11,"Duplo no cabeçote, corrente",86 mm,86 mm,Transversal,Dianteiro,"8,5 kg/cv","67,7 kg/kgfm","80,1 cv/litro",160 cv a 6000 rpm,10:1,,,,"10,1 kgfm/litro","20,1 kgfm a 4200 rpm",,4,Conversor de torque,CVT,,6,Dianteira,1490 mm,1530 mm,1530 mm,4570 mm,2635 mm,1760 mm,1360 kg,430 litros,59 litros,97 mm,Disco ventilado,Disco sólido,"2,23 m²","0,647 m²",,"0,29",Hidráulica,,10 m,"Independente, McPherson",Mola helicoidal,"Independente, multibraço",625 km,537 km,"10,6 km/l","9,1 km/l",,,,,490 kg,,,,150 mm,Admissão e escape,,,,,,,,,,,,,,,,,,,,,,,,,,,,,,,,,,,,,,,,,,,,
mitsubishi,Lancer,lancer,lancer-evolution-x-2-0-turbo-2015,lancer-evolution-x-2-0-turbo-2015,https://www.fichacompleta.com.br/carros/mitsubishi/lancer-evolution-x-2-0-turbo-2015,2026-06-15T19:26:49.010477,Mitsubishi Lancer Evolution X 2.0 Turbo 2015,"6,3 s",242 km/h,Corrente,Injeção multiponto,Turbocompressor,1998 cm³,4 em linha,4B11T,Duplo no cabeçote,86 mm,86 mm,Transversal,Dianteiro,"5,4 kg/cv","42,6 kg/kgfm","147,6 cv/litro",295 cv,9:1,7600 rpm,,,"18,7 kgfm/litro","37,3 kgfm",,4,Embreagem dupla a seco,Automatizado,6,,Integral permanente,1480 mm,1545 mm,1545 mm,4505 mm,2650 mm,1810 mm,1590 kg,430 litros,55 litros,98 mm,Disco ventilado,Disco ventilado,"2,28 m²","0,775 m²","0,34",,Hidráulica,"11,8 m",,"Indep., McPherson",Mola helicoidal,"Indep., multibraço",435 km,259 km,"7,9 km/l","4,7 km/l",6500 rpm,3500 rpm,,,450 kg,,,,135 mm,Admissão e escape,,1400 kg,500 kg,,,,,,,,,,,,,,,,,,,,,,,,,,,,,,,,,,,,,,,,,
mitsubishi,Lancer,lancer,lancer-evolution-x-john-easton-2-0-turbo-2015,lancer-evolution-x-john-easton-2-0-turbo-2015,https://www.fichacompleta.com.br/carros/mitsubishi/lancer-evolution-x-john-easton-2-0-turbo-2015,2026-06-15T19:26:51.733347,Mitsubishi Lancer Evolution X John Easton 2.0 Turbo 2015,"5,9 s",242 km/h,Corrente,Injeção multiponto,Turbocompressor,1998 cm³,4 em linha,4B11T,Duplo no cabeçote,86 mm,86 mm,Transversal,Dianteiro,"4,7 kg/cv","33,1 kg/kgfm","170,2 cv/litro",340 cv,9:1,7600 rpm,6500 rpm,3500 rpm,"24,0 kgfm/litro",48 kgfm,,4,Embreagem dupla a seco,Automatizado,6,6,Integral permanente,1480 mm,1545 mm,1545 mm,4505 mm,2650 mm,1810 mm,1590 kg,430 litros,55 litros,98 mm,Disco ventilado,Disco ventilado,"2,28 m²","0,775 m²","0,34","0,34",Hidráulica,"11,8 m","11,8 m","Indep., McPherson",Mola helicoidal,"Indep., multibraço",435 km,259 km,"7,9 km/l","4,7 km/l",,,,,450 kg,,,,135 mm,Admissão e escape,,1400 kg,500 kg,,,,,,,,,,,,,,,,,,,,,,,,,,,,,,,,,,,,,,,,,
mitsubishi,Lancer,lancer,lancer-gt-2-0-2015,lancer-gt-2-0-2015,https://www.fichacompleta.com.br/carros/mitsubishi/lancer-gt-2-0-2015,2026-06-15T19:26:56.210952,Mitsubishi Lancer GT 2.0 2015,"10,7 s",198 km/h,Corrente,Injeção multiponto,Natural,1998 cm³,4 em linha,4B11,Duplo no cabeçote,86 mm,86 mm,Transversal,Dianteiro,"8,5 kg/cv","67,7 kg/kgfm","80,1 cv/litro",160 cv,10:1,,6000 rpm,4200 rpm,"10,1 kgfm/litro","20,1 kgfm",,4,Conversor de torque,CVT,6,6,Dianteira,1490 mm,1530 mm,1530 mm,4570 mm,2635 mm,1760 mm,1360 kg,430 litros,59 litros,97 mm,Disco ventilado,Disco sólido,"2,23 m²","0,647 m²","0,29","0,29",Hidráulica,10 m,10 m,"Indep., McPherson",Mola helicoidal,"Indep., multibraço",625 km,537 km,"10,6 km/l","9,1 km/l",,,,,490 kg,,,,150 mm,Admissão e escape,,,,,,,,,,,,,,,,,,,,,,,,,,,,,,,,,,,,,,,,,,,,
mitsubishi,Lancer,lancer,lancer-gt-2-0-awd-2015,lancer-gt-2-0-awd-2015,https://www.fichacompleta.com.br/carros/mitsubishi/lancer-gt-2-0-awd-2015,2026-06-15T19:27:01.139630,Mitsubishi Lancer GT 2.0 AWD 2015,"11,5 s",193 km/h,Corrente,Injeção multiponto,Natural,1998 cm³,4 em linha,4B11,Duplo no cabeçote,86 mm,86 mm,Transversal,Dianteiro,"8,7 kg/cv","69,4 kg/kgfm","80,1 cv/litro",160 cv,10:1,,6000 rpm,4200 rpm,"10,1 kgfm/litro","20,1 kgfm",,4,Conversor de torque,CVT,6,6,Integral permanente,1490 mm,1530 mm,1530 mm,4570 mm,2635 mm,1760 mm,1395 kg,430 litros,55 litros,97 mm,Disco ventilado,Disco sólido,"2,23 m²","0,647 m²","0,29","0,29",Hidráulica,10 m,10 m,"Indep., McPherson",Mola helicoidal,"Indep., multibraço",523 km,457 km,"9,5 km/l","8,3 km/l",,,,,505 kg,,,,150 mm,Admissão e escape,,,,,,,,,,,,,,,,,,,,,,,,,,,,,,,,,,,,,,,,,,,,
mitsubishi,Lancer,lancer,lancer-2-0-2016,lancer-2-0-2016,https://www.fichacompleta.com.br/carros/mitsubishi/lancer-2-0-2016,2026-06-15T19:27:04.181493,Mitsubishi Lancer 2.0 2016,"9,8 s",200 km/h,,Injeção multiponto,Natural,1998 cm³,4 em linha,4B11,"Duplo no cabeçote, corrente",,,Transversal,Dianteiro,"8,1 kg/cv","64,2 kg/kgfm","80,1 cv/litro",160 cv a 6000 rpm,10:1,,,,"10,1 kgfm/litro","20,1 kgfm a 4200 rpm",,4,Embreagem monodisco a seco,Manual,,5,Dianteira,1505 mm,1530 mm,1535 mm,4570 mm,2635 mm,1765 mm,1290 kg,413 litros,59 litros,123 mm,Disco ventilado,Disco sólido,"2,26 m²","0,655 m²",,"0,29",Hidráulica,,"10,4 m","Independente, McPherson",Mola helicoidal,"Independente, multibraço",608 km,490 km,"10,3 km/l","8,3 km/l",,,,,560 kg,,,,170 mm,Admissão e escape,,1400 kg,500 kg,86 mm,86 mm,,,,,,,,,,,,,,,,,,,,,,,,,,,,,,,,,,,,,,,
mitsubishi,Lancer,lancer,lancer-gt-2-0-2016,lancer-gt-2-0-2016,https://www.fichacompleta.com.br/carros/mitsubishi/lancer-gt-2-0-2016,2026-06-15T19:27:08.622706,Mitsubishi Lancer GT 2.0 2016,"10,7 s",198 km/h,,Injeção multiponto,Natural,1998 cm³,4 em linha,4B11,"Duplo no cabeçote, corrente",86 mm,86 mm,Transversal,Dianteiro,"8,6 kg/cv","68,4 kg/kgfm","80,1 cv/litro",160 cv a 6000 rpm,10:1,,,,"10,1 kgfm/litro","20,1 kgfm a 4200 rpm",,4,Conversor de torque,CVT,,6,Dianteira,1490 mm,1535 mm,1530 mm,4570 mm,2635 mm,1765 mm,1375 kg,413 litros,59 litros,97 mm,Disco ventilado,Disco sólido,"2,24 m²","0,650 m²",,"0,29",Hidráulica,,"10,4 m","Independente, McPherson",Mola helicoidal,"Independente, multibraço",625 km,537 km,"10,6 km/l","9,1 km/l",,,,,475 kg,,,,155 mm,Admissão e escape,,1400 kg,500 kg,,,,,,,,,,,,,,,,,,,,,,,,,,,,,,,,,,,,,,,,,
mitsubishi,Lancer,lancer,lancer-hl-2-0-2016,lancer-hl-2-0-2016,https://www.fichacompleta.com.br/carros/mitsubishi/lancer-hl-2-0-2016,2026-06-15T19:27:11.973372,Mitsubishi Lancer HL 2.0 2016,"10,7 s",198 km/h,,Injeção multiponto,Natural,1998 cm³,4 em linha,4B11,"Duplo no cabeçote, corrente",,,Transversal,Dianteiro,"8,3 kg/cv","65,7 kg/kgfm","80,1 cv/litro",160 cv a 6000 rpm,10:1,,,,"10,1 kgfm/litro","20,1 kgfm a 4200 rpm",,4,Conversor de torque,CVT,,6,Dianteira,1505 mm,1530 mm,1535 mm,4570 mm,2635 mm,1765 mm,1320 kg,413 litros,59 litros,123 mm,Disco ventilado,Disco sólido,"2,26 m²","0,655 m²",,"0,29",Hidráulica,,"10,4 m","Independente, McPherson",Mola helicoidal,"Independente, multibraço",625 km,537 km,"10,6 km/l","9,1 km/l",,,,,530 kg,,,,170 mm,Admissão e escape,,1400 kg,500 kg,86 mm,86 mm,,,,,,,,,,,,,,,,,,,,,,,,,,,,,,,,,,,,,,,
mitsubishi,Lancer,lancer,lancer-hle-2-0-2016,lancer-hle-2-0-2016,https://www.fichacompleta.com.br/carros/mitsubishi/lancer-hle-2-0-2016,2026-06-15T19:27:14.692596,Mitsubishi Lancer HLE 2.0 2016,"10,7 s",198 km/h,,Injeção multiponto,Natural,1998 cm³,4 em linha,4B11,"Duplo no cabeçote, corrente",86 mm,86 mm,Transversal,Dianteiro,"8,4 kg/cv","66,9 kg/kgfm","80,1 cv/litro",160 cv a 6000 rpm,10:1,,,,"10,1 kgfm/litro","20,1 kgfm a 4200 rpm",,4,Conversor de torque,CVT,,6,Dianteira,1505 mm,1530 mm,1535 mm,4570 mm,2635 mm,1765 mm,1345 kg,413 litros,59 litros,123 mm,Disco ventilado,Disco sólido,"2,26 m²","0,655 m²",,"0,29",Hidráulica,,"10,4 m","Independente, McPherson",Mola helicoidal,"Independente, multibraço",625 km,537 km,"10,6 km/l","9,1 km/l",,,,,505 kg,,,,170 mm,Admissão e escape,,1400 kg,500 kg,,,,,,,,,,,,,,,,,,,,,,,,,,,,,,,,,,,,,,,,,
mitsubishi,Lancer,lancer,lancer-hlt-2-0-2016,lancer-hlt-2-0-2016,https://www.fichacompleta.com.br/carros/mitsubishi/lancer-hlt-2-0-2016,2026-06-15T19:27:18.885829,Mitsubishi Lancer HLT 2.0 2016,"10,7 s",198 km/h,Corrente,Injeção multiponto,Natural,,4 em linha,4B11,Duplo no cabeçote,86 mm,86 mm,Transversal,Dianteiro,"8,41 kg/cv","66,9 kg/kgfm","80,1 cv/litro",160 cv,10:1,,,,"10,1 kgfm/litro","20,1 kgfm",,4,Conversor de torque,CVT,6,,Dianteira,1505 mm,1530 mm,1535 mm,4570 mm,2635 mm,1765 mm,1345 kg,413 litros,59 litros,123 mm,Disco ventilado,Disco sólido,"2,26 m²","0,655 m²","0,29",,Hidráulica,"10,4 m",,"Indep., McPherson",Mola helicoidal,"Indep., multibraço",625 km,537 km,"10,6 km/l","9,1 km/l",6000 rpm,4200 rpm,,,505 kg,,,,170 mm,Admissão,,1400 kg,500 kg,,,,,,,500 cm³,1998 cm³,,,,,,,,,,,,,,,,,,,,,,,,,,,,,,,,,
mitsubishi,Lancer,lancer,lancer-2-0-2017,lancer-2-0-2017,https://www.fichacompleta.com.br/carros/mitsubishi/lancer-2-0-2017,2026-06-15T19:27:21.818000,Mitsubishi Lancer 2.0 2017,"9,8 s",200 km/h,,Injeção multiponto,Natural,1998 cm³,4 em linha,4B11,"Duplo no cabeçote, corrente",86 mm,86 mm,Transversal,Dianteiro,"8,1 kg/cv","64,2 kg/kgfm","80,1 cv/litro",160 cv a 6000 rpm,10:1,,,,"10,1 kgfm/litro","20,1 kgfm a 4200 rpm",,4,Embreagem monodisco a seco,Manual,,5,Dianteira,1505 mm,1530 mm,1535 mm,4570 mm,2635 mm,1765 mm,1290 kg,413 litros,59 litros,123 mm,Disco ventilado,Disco sólido,"2,26 m²","0,655 m²",,"0,29",Hidráulica,,"10,4 m","Independente, McPherson",Mola helicoidal,"Independente, multibraço",608 km,490 km,"10,3 km/l","8,3 km/l",,,,,560 kg,,,,170 mm,Admissão e escape,,1400 kg,500 kg,,,,,,,,,,,,,,,,,,,,,,,,,,,,,,,,,,,,,,,,,
mitsubishi,Lancer,lancer,lancer-gt-2-0-2017,lancer-gt-2-0-2017,https://www.fichacompleta.com.br/carros/mitsubishi/lancer-gt-2-0-2017,2026-06-15T19:27:26.424441,Mitsubishi Lancer GT 2.0 2017,"10,7 s",198 km/h,,Injeção multiponto,Natural,1998 cm³,4 em linha,4B11,"Duplo no cabeçote, corrente",86 mm,86 mm,Transversal,Dianteiro,"8,6 kg/cv","68,4 kg/kgfm","80,1 cv/litro",160 cv a 6000 rpm,10:1,,,,"10,1 kgfm/litro","20,1 kgfm a 4200 rpm",,4,Conversor de torque,CVT,,6,Dianteira,1490 mm,1535 mm,1530 mm,4570 mm,2635 mm,1765 mm,1375 kg,413 litros,59 litros,97 mm,Disco ventilado,Disco sólido,"2,24 m²","0,650 m²",,"0,29",Hidráulica,,"10,4 m","Independente, McPherson",Mola helicoidal,"Independente, multibraço",625 km,537 km,"10,6 km/l","9,1 km/l",,,,,475 kg,,,,155 mm,Admissão e escape,,1400 kg,500 kg,,,,,,,,,,,,,,,,,,,,,,,,,,,,,,,,,,,,,,,,,
mitsubishi,Lancer,lancer,lancer-hl-2-0-2017,lancer-hl-2-0-2017,https://www.fichacompleta.com.br/carros/mitsubishi/lancer-hl-2-0-2017,2026-06-15T19:27:30.324041,Mitsubishi Lancer HL 2.0 2017,"10,7 s",198 km/h,,Injeção multiponto,Natural,1998 cm³,4 em linha,4B11,"Duplo no cabeçote, corrente",86 mm,86 mm,Transversal,Dianteiro,"8,3 kg/cv","65,7 kg/kgfm","80,1 cv/litro",160 cv a 6000 rpm,10:1,,,,"10,1 kgfm/litro","20,1 kgfm a 4200 rpm",,4,Conversor de torque,CVT,,6,Dianteira,1505 mm,1530 mm,1535 mm,4570 mm,2635 mm,1765 mm,1320 kg,413 litros,59 litros,123 mm,Disco ventilado,Disco sólido,"2,26 m²","0,655 m²",,"0,29",Hidráulica,,"10,4 m","Independente, McPherson",Mola helicoidal,"Independente, multibraço",625 km,537 km,"10,6 km/l","9,1 km/l",,,,,530 kg,,,,170 mm,Admissão e escape,,1400 kg,500 kg,,,,,,,,,,,,,,,,,,,,,,,,,,,,,,,,,,,,,,,,,
mitsubishi,Lancer,lancer,lancer-hle-2-0-2017,lancer-hle-2-0-2017,https://www.fichacompleta.com.br/carros/mitsubishi/lancer-hle-2-0-2017,2026-06-15T19:27:34.836557,Mitsubishi Lancer HLE 2.0 2017,"10,7 s",198 km/h,,Injeção multiponto,Natural,1998 cm³,4 em linha,4B11,"Duplo no cabeçote, corrente",86 mm,86 mm,Transversal,Dianteiro,"8,4 kg/cv","66,9 kg/kgfm","80,1 cv/litro",160 cv a 6000 rpm,10:1,,,,"10,1 kgfm/litro","20,1 kgfm a 4200 rpm",,4,Conversor de torque,CVT,,6,Dianteira,1505 mm,1530 mm,1535 mm,4570 mm,2635 mm,1765 mm,1345 kg,413 litros,59 litros,123 mm,Disco ventilado,Disco sólido,"2,26 m²","0,655 m²",,"0,29",Hidráulica,,"10,4 m","Independente, McPherson",Mola helicoidal,"Independente, multibraço",625 km,537 km,"10,6 km/l","9,1 km/l",,,,,505 kg,,,,170 mm,Admissão e escape,,1400 kg,500 kg,,,,,,,,,,,,,,,,,,,,,,,,,,,,,,,,,,,,,,,,,
mitsubishi,Lancer,lancer,lancer-2-0-2018,lancer-2-0-2018,https://www.fichacompleta.com.br/carros/mitsubishi/lancer-2-0-2018,2026-06-15T19:27:38.081256,Mitsubishi Lancer 2.0 2018,"9,8 s",200 km/h,Corrente,Injeção multiponto,Natural,,4 em linha,4B11,Duplo no cabeçote,86 mm,86 mm,Transversal,Dianteiro,"8,06 kg/cv","64,2 kg/kgfm","80,1 cv/litro",160 cv,10:1,,,,"10,1 kgfm/litro","20,1 kgfm",,4,Embreagem monodisco a seco,Manual,5,,Dianteira,1505 mm,1530 mm,1535 mm,4570 mm,2635 mm,1765 mm,1290 kg,413 litros,59 litros,123 mm,Disco ventilado,Disco sólido,"2,26 m²","0,655 m²","0,29",,Hidráulica,"10,4 m",,"Indep., McPherson",Mola helicoidal,"Indep., multibraço",608 km,490 km,"10,3 km/l","8,3 km/l",6000 rpm,4200 rpm,,,560 kg,,,,170 mm,Admissão,,1400 kg,500 kg,,,,,,,500 cm³,1998 cm³,,,,,,,,,,,,,,,,,,,,,,,,,,,,,,,,,
mitsubishi,Lancer,lancer,lancer-gt-2-0-2018,lancer-gt-2-0-2018,https://www.fichacompleta.com.br/carros/mitsubishi/lancer-gt-2-0-2018,2026-06-15T19:27:41.299188,Mitsubishi Lancer GT 2.0 2018,"10,7 s",198 km/h,Corrente,Injeção multiponto,Natural,,4 em linha,4B11,Duplo no cabeçote,86 mm,86 mm,Transversal,Dianteiro,"8,59 kg/cv","68,4 kg/kgfm","80,1 cv/litro",160 cv,10:1,,,,"10,1 kgfm/litro","20,1 kgfm",,4,Conversor de torque,CVT,6,,Dianteira,1490 mm,1535 mm,1530 mm,4570 mm,2635 mm,1765 mm,1375 kg,413 litros,59 litros,97 mm,Disco ventilado,Disco sólido,"2,24 m²","0,650 m²","0,29",,Hidráulica,"10,4 m",,"Indep., McPherson",Mola helicoidal,"Indep., multibraço",625 km,537 km,"10,6 km/l","9,1 km/l",6000 rpm,4200 rpm,,,475 kg,,,,155 mm,Admissão,,1400 kg,500 kg,,,,,,,500 cm³,1998 cm³,,,,,,,,,,,,,,,,,,,,,,,,,,,,,,,,,
mitsubishi,Lancer,lancer,lancer-hl-2-0-2018,lancer-hl-2-0-2018,https://www.fichacompleta.com.br/carros/mitsubishi/lancer-hl-2-0-2018,2026-06-15T19:27:45.992113,Mitsubishi Lancer HL 2.0 2018,"10,7 s",198 km/h,,Injeção multiponto,Natural,1998 cm³,4 em linha,4B11,"Duplo no cabeçote, corrente",86 mm,86 mm,Transversal,Dianteiro,"8,2 kg/cv","65,2 kg/kgfm","80,1 cv/litro",160 cv a 6000 rpm,10:1,,,,"10,1 kgfm/litro","20,1 kgfm a 4200 rpm",,4,Conversor de torque,CVT,,6,Dianteira,1505 mm,1530 mm,1535 mm,4570 mm,2635 mm,1765 mm,1310 kg,413 litros,59 litros,123 mm,Disco ventilado,Disco sólido,"2,26 m²","0,655 m²",,"0,29",Hidráulica,,"10,4 m","Independente, McPherson",Mola helicoidal,"Independente, multibraço",625 km,537 km,"10,6 km/l","9,1 km/l",,,,,540 kg,,,,170 mm,Admissão e escape,,1400 kg,500 kg,,,,,,,,,,,,,,,,,,,,,,,,,,,,,,,,,,,,,,,,,
mitsubishi,Lancer,lancer,lancer-hle-2-0-2018,lancer-hle-2-0-2018,https://www.fichacompleta.com.br/carros/mitsubishi/lancer-hle-2-0-2018,2026-06-15T19:27:50.833067,Mitsubishi Lancer HLE 2.0 2018,"10,7 s",198 km/h,Corrente,Injeção multiponto,Natural,,4 em linha,4B11,Duplo no cabeçote,86 mm,86 mm,Transversal,Dianteiro,"8,41 kg/cv","66,9 kg/kgfm","80,1 cv/litro",160 cv,10:1,,,,"10,1 kgfm/litro","20,1 kgfm",,4,Conversor de torque,CVT,6,,Dianteira,1505 mm,1530 mm,1535 mm,4570 mm,2635 mm,1765 mm,1345 kg,413 litros,59 litros,123 mm,Disco ventilado,Disco sólido,"2,26 m²","0,655 m²","0,29",,Hidráulica,"10,4 m",,"Indep., McPherson",Mola helicoidal,"Indep., multibraço",625 km,537 km,"10,6 km/l","9,1 km/l",6000 rpm,4200 rpm,,,505 kg,,,,170 mm,Admissão,,1400 kg,500 kg,,,,,,,500 cm³,1998 cm³,,,,,,,,,,,,,,,,,,,,,,,,,,,,,,,,,
mitsubishi,Lancer,lancer,lancer-hlt-2-0-2018,lancer-hlt-2-0-2018,https://www.fichacompleta.com.br/carros/mitsubishi/lancer-hlt-2-0-2018,2026-06-15T19:27:53.343720,Mitsubishi Lancer HLT 2.0 2018,"10,7 s",198 km/h,,Injeção multiponto,Natural,1998 cm³,4 em linha,4B11,"Duplo no cabeçote, corrente",86 mm,86 mm,Transversal,Dianteiro,"8,2 kg/cv","65,2 kg/kgfm","80,1 cv/litro",160 cv a 6000 rpm,10:1,,,,"10,1 kgfm/litro","20,1 kgfm a 4200 rpm",,4,Conversor de torque,CVT,,6,Dianteira,1505 mm,1530 mm,1535 mm,4570 mm,2635 mm,1765 mm,1310 kg,413 litros,59 litros,97 mm,Disco ventilado,Disco sólido,"2,26 m²","0,655 m²",,"0,29",Hidráulica,,"10,4 m","Independente, McPherson",Mola helicoidal,"Independente, multibraço",625 km,537 km,"10,6 km/l","9,1 km/l",,,,,540 kg,,,,170 mm,Admissão e escape,,1400 kg,500 kg,,,,,,,,,,,,,,,,,,,,,,,,,,,,,,,,,,,,,,,,,
mitsubishi,Lancer,lancer,lancer-hl-2-0-2019,lancer-hl-2-0-2019,https://www.fichacompleta.com.br/carros/mitsubishi/lancer-hl-2-0-2019,2026-06-15T19:27:57.876881,Mitsubishi Lancer HL 2.0 2019,"10,7 s",198 km/h,,Injeção multiponto,Natural,1998 cm³,4 em linha,4B11,"Duplo no cabeçote, corrente",86 mm,86 mm,Transversal,Dianteiro,"8,2 kg/cv","65,2 kg/kgfm","80,1 cv/litro",160 cv a 6000 rpm,10:1,,,,"10,1 kgfm/litro","20,1 kgfm a 4200 rpm",,4,Conversor de torque,CVT,,6,Dianteira,1505 mm,1530 mm,1535 mm,4570 mm,2635 mm,1765 mm,1310 kg,413 litros,59 litros,123 mm,Disco ventilado,Disco sólido,"2,26 m²","0,655 m²",,"0,29",Hidráulica,,"10,4 m","Independente, McPherson",Mola helicoidal,"Independente, multibraço",690 km,602 km,"11,7 km/l","10,2 km/l",,,,,540 kg,,,,170 mm,Admissão e escape,,1400 kg,500 kg,,,,,,,,,,,,,,,,,,,,,,,,,,,,,,,,,,,,,,,,,
mitsubishi,Lancer,lancer,lancer-hlt-2-0-2019,lancer-hlt-2-0-2019,https://www.fichacompleta.com.br/carros/mitsubishi/lancer-hlt-2-0-2019,2026-06-15T19:28:01.322632,Mitsubishi Lancer HLT 2.0 2019,"10,7 s",198 km/h,,Injeção multiponto,Natural,1998 cm³,4 em linha,4B11,"Duplo no cabeçote, corrente",86 mm,86 mm,Transversal,Dianteiro,"8,2 kg/cv","65,2 kg/kgfm","80,1 cv/litro",160 cv a 6000 rpm,10:1,,,,"10,1 kgfm/litro","20,1 kgfm a 4200 rpm",,4,Conversor de torque,CVT,,6,Dianteira,1505 mm,1530 mm,1535 mm,4570 mm,2635 mm,1765 mm,1310 kg,413 litros,59 litros,97 mm,Disco ventilado,Disco sólido,"2,26 m²","0,655 m²",,"0,29",Hidráulica,,"10,4 m","Independente, McPherson",Mola helicoidal,"Independente, multibraço",690 km,602 km,"11,7 km/l","10,2 km/l",,,,,540 kg,,,,170 mm,Admissão e escape,,1400 kg,500 kg,,,,,,,,,,,,,,,,,,,,,,,,,,,,,,,,,,,,,,,,,
mitsubishi,Outlander,outlander,outlander-3-0-v6-2008,outlander-3-0-v6-2008,https://www.fichacompleta.com.br/carros/mitsubishi/outlander-3-0-v6-2008,2026-06-15T19:28:19.428032,Mitsubishi Outlander 3.0 V6 2008,"9,7 s",200 km/h,,Injeção multiponto,Natural,2998 cm³,6 em V,,Duplo no cabeçote,"82,9 mm","87,6 mm",Transversal,Dianteiro,"7,4 kg/cv","58,2 kg/kgfm","73,4 cv/litro",220 cv,"9,5:1",,6250 rpm,4000 rpm,"9,4 kgfm/litro","28,1 kgfm",,4,Conversor de torque,Automático,6,6,Integral sob demanda,1680 mm,1540 mm,1540 mm,4640 mm,2670 mm,1800 mm,1635 kg,715 litros,60 litros,124 mm,Disco ventilado,Disco sólido,,,,,Hidráulica,"10,6 m","10,6 m","Indep., McPherson",Mola helicoidal,"Indep., multibraço",480 km,360 km,8 km/l,6 km/l,,,,,715 kg,,,,215 mm,Admissão,,,,,,,,,,,,,,,,,,,,,,,,,,,,,,,,,,,,,,,,,,,,
mitsubishi,Outlander,outlander,outlander-2-4-2009,outlander-2-4-2009,https://www.fichacompleta.com.br/carros/mitsubishi/outlander-2-4-2009,2026-06-15T19:28:23.825896,Mitsubishi Outlander 2.4 2009,"10,6 s",190 km/h,Corrente,Injeção multiponto,Natural,2360 cm³,4 em linha,4B12,Duplo no cabeçote,97 mm,88 mm,Transversal,Dianteiro,"9,3 kg/cv","68,9 kg/kgfm","72,0 cv/litro",170 cv,"9,5:1",,6000 rpm,4100 rpm,"9,7 kgfm/litro",23 kgfm,,4,Conversor de torque,Automático,6,6,Integral sob demanda,1680 mm,1540 mm,1540 mm,4640 mm,2670 mm,1800 mm,1585 kg,715 litros,60 litros,124 mm,Disco ventilado,Disco sólido,,,,,Hidráulica,"10,6 m","10,6 m","Indep., McPherson",Mola helicoidal,"Indep., multibraço",588 km,480 km,"9,8 km/l",8 km/l,,,,,695 kg,,,,215 mm,Admissão e escape,,,,,,,,,,,,,,,,,,,,,,,,,,,,,,,,,,,,,,,,,,,,
mitsubishi,Outlander,outlander,outlander-3-0-v6-2009,outlander-3-0-v6-2009,https://www.fichacompleta.com.br/carros/mitsubishi/outlander-3-0-v6-2009,2026-06-15T19:28:27.673940,Mitsubishi Outlander 3.0 V6 2009,"9,7 s",200 km/h,,Injeção multiponto,Natural,2998 cm³,6 em V,,Duplo no cabeçote,"82,9 mm","87,6 mm",Transversal,Dianteiro,"7,4 kg/cv","58,2 kg/kgfm","73,4 cv/litro",220 cv a 6250 rpm,"9,5:1",,,,"9,4 kgfm/litro","28,1 kgfm a 4000 rpm",,4,Conversor de torque,Automático,,6,Integral sob demanda,1680 mm,1540 mm,1540 mm,4640 mm,2670 mm,1800 mm,1635 kg,715 litros,60 litros,124 mm,Disco ventilado,Disco sólido,,,,,Hidráulica,,"10,6 m","Independente, McPherson",Mola helicoidal,"Independente, multibraço",480 km,360 km,8 km/l,6 km/l,,,,,715 kg,,,,215 mm,Admissão,,,,,,,,,,,,,,,,,,,,,,,,,,,,,,,,,,,,,,,,,,,,
mitsubishi,Outlander,outlander,outlander-2-4-2010,outlander-2-4-2010,https://www.fichacompleta.com.br/carros/mitsubishi/outlander-2-4-2010,2026-06-15T19:28:49.449014,Mitsubishi Outlander 2.4 2010,"10,6 s",190 km/h,,Injeção multiponto,Natural,2360 cm³,4 em linha,4B12,"Duplo no cabeçote, corrente",97 mm,88 mm,Transversal,Dianteiro,"9,3 kg/cv","68,9 kg/kgfm","72,0 cv/litro",170 cv a 6000 rpm,"9,5:1",,,,"9,7 kgfm/litro",23 kgfm a 4100 rpm,,4,Conversor de torque,Automático,,6,Integral sob demanda,1680 mm,1540 mm,1540 mm,4640 mm,2670 mm,1800 mm,1585 kg,715 litros,60 litros,124 mm,Disco ventilado,Disco sólido,,,,,Hidráulica,,"10,6 m","Independente, McPherson",Mola helicoidal,"Independente, multibraço",588 km,480 km,"9,8 km/l",8 km/l,,,,,695 kg,,,,215 mm,Admissão e escape,,,,,,,,,,,,,,,,,,,,,,,,,,,,,,,,,,,,,,,,,,,,
mitsubishi,Outlander,outlander,outlander-gt-3-0-v6-2010,outlander-gt-3-0-v6-2010,https://www.fichacompleta.com.br/carros/mitsubishi/outlander-gt-3-0-v6-2010,2026-06-15T19:28:53.544279,Mitsubishi Outlander GT 3.0 V6 2010,"9,7 s",200 km/h,,Injeção multiponto,Natural,2998 cm³,6 em V,6B31,Único no cabeçote,"82,9 mm","87,6 mm",Transversal,Dianteiro,"6,8 kg/cv","52,3 kg/kgfm","80,1 cv/litro",240 cv a 6250 rpm,"9,5:1",,,,"10,3 kgfm/litro",31 kgfm a 3750 rpm,,4,Conversor de torque,Automático,,6,Integral sob demanda,1720 mm,1540 mm,1540 mm,4665 mm,2670 mm,1800 mm,1620 kg,715 litros,60 litros,124 mm,Disco ventilado,Disco sólido,,,,,Hidráulica,,"10,6 m","Independente, McPherson",Mola helicoidal,"Independente, multibraço",558 km,414 km,"9,3 km/l","6,9 km/l",,,,,,,,,215 mm,,W6AJA,2000 kg,750 kg,,,,,,,,,,,,,,,,,,,,,,,,,,,,,,,,,,,,,,,,,
mitsubishi,Outlander,outlander,outlander-2-4-2011,outlander-2-4-2011,https://www.fichacompleta.com.br/carros/mitsubishi/outlander-2-4-2011,2026-06-15T19:28:56.336527,Mitsubishi Outlander 2.4 2011,"10,6 s",190 km/h,,Injeção multiponto,Natural,2360 cm³,4 em linha,4B12,"Duplo no cabeçote, corrente",97 mm,88 mm,Transversal,Dianteiro,"9,3 kg/cv","68,9 kg/kgfm","72,0 cv/litro",170 cv a 6000 rpm,"9,5:1",,,,"9,7 kgfm/litro",23 kgfm a 4100 rpm,,4,Conversor de torque,Automático,,6,Integral sob demanda,1680 mm,1540 mm,1540 mm,4640 mm,2670 mm,1800 mm,1585 kg,715 litros,60 litros,124 mm,Disco ventilado,Disco sólido,,,,,Hidráulica,,"10,6 m","Independente, McPherson",Mola helicoidal,"Independente, multibraço",588 km,480 km,"9,8 km/l",8 km/l,,,,,695 kg,,,,215 mm,Admissão e escape,,,,,,,,,,,,,,,,,,,,,,,,,,,,,,,,,,,,,,,,,,,,
mitsubishi,Outlander,outlander,outlander-gt-3-0-v6-2011,outlander-gt-3-0-v6-2011,https://www.fichacompleta.com.br/carros/mitsubishi/outlander-gt-3-0-v6-2011,2026-06-15T19:28:59.497591,Mitsubishi Outlander GT 3.0 V6 2011,"9,7 s",200 km/h,,Injeção multiponto,Natural,2998 cm³,6 em V,6B31,Único no cabeçote,"82,9 mm","87,6 mm",Transversal,Dianteiro,"6,8 kg/cv","52,3 kg/kgfm","80,1 cv/litro",240 cv a 6250 rpm,"9,5:1",,,,"10,3 kgfm/litro",31 kgfm a 3750 rpm,,4,Conversor de torque,Automático,,6,Integral sob demanda,1720 mm,1540 mm,1540 mm,4665 mm,2670 mm,1800 mm,1620 kg,715 litros,60 litros,124 mm,Disco ventilado,Disco sólido,,,,,Hidráulica,,"10,6 m","Independente, McPherson",Mola helicoidal,"Independente, multibraço",558 km,414 km,"9,3 km/l","6,9 km/l",,,,,,,,,215 mm,,W6AJA,2000 kg,750 kg,,,,,,,,,,,,,,,,,,,,,,,,,,,,,,,,,,,,,,,,,
mitsubishi,Outlander,outlander,outlander-2-0-2012,outlander-2-0-2012,https://www.fichacompleta.com.br/carros/mitsubishi/outlander-2-0-2012,2026-06-15T19:29:03.455511,Mitsubishi Outlander 2.0 2012,"12,2 s",180 km/h,,Injeção multiponto,Natural,1998 cm³,4 em linha,4B11,"Duplo no cabeçote, corrente",86 mm,86 mm,Transversal,Dianteiro,"9,3 kg/cv","74,1 kg/kgfm","80,1 cv/litro",160 cv a 6000 rpm,10:1,,,,"10,1 kgfm/litro","20,1 kgfm a 4200 rpm",,4,Conversor de torque,CVT,,6,Dianteira,1720 mm,1540 mm,1540 mm,4665 mm,2670 mm,1800 mm,1490 kg,715 litros,63 litros,124 mm,Disco ventilado,Disco sólido,,,,,Hidráulica,,"10,6 m","Independente, McPherson",Mola helicoidal,"Independente, multibraço",649 km,567 km,"10,3 km/l",9 km/l,,,,,,,,,215 mm,Admissão e escape,,1600 kg,750 kg,,,,,,,,,,,,,,,,,,,,,,,,,,,,,,,,,,,,,,,,,
mitsubishi,Outlander,outlander,outlander-gt-3-0-v6-2012,outlander-gt-3-0-v6-2012,https://www.fichacompleta.com.br/carros/mitsubishi/outlander-gt-3-0-v6-2012,2026-06-15T19:29:08.163371,Mitsubishi Outlander GT 3.0 V6 2012,"9,7 s",200 km/h,,Injeção multiponto,Natural,2998 cm³,6 em V,6B31,Único no cabeçote,"82,9 mm","87,6 mm",Transversal,Dianteiro,"6,8 kg/cv","52,3 kg/kgfm","80,1 cv/litro",240 cv a 6250 rpm,"9,5:1",,,,"10,3 kgfm/litro",31 kgfm a 3750 rpm,,4,Conversor de torque,Automático,,6,Integral sob demanda,1720 mm,1540 mm,1540 mm,4665 mm,2670 mm,1800 mm,1620 kg,715 litros,60 litros,124 mm,Disco ventilado,Disco sólido,,,,,Hidráulica,,"10,6 m","Independente, McPherson",Mola helicoidal,"Independente, multibraço",558 km,414 km,"9,3 km/l","6,9 km/l",,,,,,,,,215 mm,,W6AJA,2000 kg,750 kg,,,,,,,,,,,,,,,,,,,,,,,,,,,,,,,,,,,,,,,,,
mitsubishi,Outlander,outlander,outlander-2-0-2013,outlander-2-0-2013,https://www.fichacompleta.com.br/carros/mitsubishi/outlander-2-0-2013,2026-06-15T19:29:11.247918,Mitsubishi Outlander 2.0 2013,"12,2 s",180 km/h,Corrente,Injeção multiponto,Natural,1998 cm³,4 em linha,4B11,Duplo no cabeçote,86 mm,86 mm,Transversal,Dianteiro,"9,3 kg/cv","74,1 kg/kgfm","80,1 cv/litro",160 cv,10:1,,6000 rpm,4200 rpm,"10,1 kgfm/litro","20,1 kgfm",,4,Conversor de torque,CVT,6,6,Dianteira,1720 mm,1540 mm,1540 mm,4665 mm,2670 mm,1800 mm,1490 kg,715 litros,63 litros,124 mm,Disco ventilado,Disco sólido,,,,,Hidráulica,"10,6 m","10,6 m","Indep., McPherson",Mola helicoidal,"Indep., multibraço",649 km,567 km,"10,3 km/l",9 km/l,,,,,,,,,215 mm,Admissão e escape,,1600 kg,750 kg,,,,,,,,,,,,,,,,,,,,,,,,,,,,,,,,,,,,,,,,,
mitsubishi,Outlander,outlander,outlander-gt-3-0-v6-2013,outlander-gt-3-0-v6-2013,https://www.fichacompleta.com.br/carros/mitsubishi/outlander-gt-3-0-v6-2013,2026-06-15T19:29:14.291149,Mitsubishi Outlander GT 3.0 V6 2013,"9,7 s",200 km/h,,Injeção multiponto,Natural,2998 cm³,6 em V,6B31,Único no cabeçote,"82,9 mm","87,6 mm",Transversal,Dianteiro,"6,8 kg/cv","52,3 kg/kgfm","80,1 cv/litro",240 cv,"9,5:1",,6250 rpm,3750 rpm,"10,3 kgfm/litro",31 kgfm,,4,Conversor de torque,Automático,6,6,Integral sob demanda,1720 mm,1540 mm,1540 mm,4665 mm,2670 mm,1800 mm,1620 kg,715 litros,60 litros,124 mm,Disco ventilado,Disco sólido,,,,,Hidráulica,"10,6 m","10,6 m","Indep., McPherson",Mola helicoidal,"Indep., multibraço",558 km,414 km,"9,3 km/l","6,9 km/l",,,,,,,,,215 mm,,W6AJA,2000 kg,750 kg,,,,,,,,,,,,,,,,,,,,,,,,,,,,,,,,,,,,,,,,,
mitsubishi,Outlander,outlander,outlander-2-0-2014,outlander-2-0-2014,https://www.fichacompleta.com.br/carros/mitsubishi/outlander-2-0-2014,2026-06-15T19:29:18.856549,Mitsubishi Outlander 2.0 2014,12 s,190 km/h,Corrente,Injeção multiponto,Natural,1998 cm³,4 em linha,4B11,Duplo no cabeçote,86 mm,86 mm,Transversal,Dianteiro,"8,8 kg/cv","70,1 kg/kgfm","80,1 cv/litro",160 cv,10:1,,6000 rpm,4200 rpm,"10,1 kgfm/litro","20,1 kgfm",,4,Conversor de torque,CVT,6,6,Dianteira,1680 mm,1540 mm,1540 mm,4655 mm,2670 mm,1800 mm,1410 kg,715 litros,63 litros,124 mm,Disco ventilado,Disco sólido,"2,57 m²","0,848 m²","0,33","0,33",Elétrica,"10,6 m","10,6 m","Indep., McPherson",Mola helicoidal,"Indep., multibraço",636 km,586 km,"10,1 km/l","9,3 km/l",,,,,575 kg,,,,208 mm,Admissão e escape,,1600 kg,750 kg,,,,,,,,,,,,,,,,,,,,,,,,,,,,,,,,,,,,,,,,,
mitsubishi,Outlander,outlander,outlander-gt-3-0-v6-2014,outlander-gt-3-0-v6-2014,https://www.fichacompleta.com.br/carros/mitsubishi/outlander-gt-3-0-v6-2014,2026-06-15T19:29:22.957797,Mitsubishi Outlander GT 3.0 V6 2014,10 s,215 km/h,,Injeção multiponto,Natural,2998 cm³,6 em V,6B31,Único no cabeçote,"82,9 mm","87,6 mm",Transversal,Dianteiro,"6,5 kg/cv","50,6 kg/kgfm","80,1 cv/litro",240 cv,"10,5:1",,6250 rpm,3750 rpm,"10,3 kgfm/litro",31 kgfm,,4,Conversor de torque,Automático,6,6,Integral sob demanda,1680 mm,1540 mm,1540 mm,4655 mm,2670 mm,1800 mm,1570 kg,,60 litros,124 mm,Disco ventilado,Disco sólido,"2,57 m²","0,848 m²","0,33","0,33",Elétrica,"10,6 m","10,6 m","Indep., McPherson",Mola helicoidal,"Indep., multibraço",504 km,414 km,"8,4 km/l","6,9 km/l",,,,,700 kg,,,,208 mm,,W6AJA,2000 kg,750 kg,,,,,,,,,,,,,,495 litros,120 litros,495 litros,120 litros,,,,,,,,,,,,,,,,,,,,,,,,
mitsubishi,Outlander,outlander,outlander-phev-2-0-2014,outlander-phev-2-0-2014,https://www.fichacompleta.com.br/carros/mitsubishi/outlander-phev-2-0-2014,2026-06-15T19:29:25.551785,Mitsubishi Outlander PHEV 2.0 2014,11 s,180 km/h,,Injeção multiponto,Natural,1998 cm³,4 em linha,4B11,Duplo no cabeçote,86 mm,86 mm,Transversal,Dianteiro,"15,0 kg/cv","93,3 kg/kgfm","60,6 cv/litro",121 cv a 4500 rpm,10:1,,,,"9,7 kgfm/litro","19,4 kgfm a 4500 rpm",,4,Conversor de torque,Automático,,0,Integral sob demanda,1680 mm,1540 mm,1540 mm,4655 mm,2670 mm,1800 mm,1810 kg,463 litros,45 litros,124 mm,Disco ventilado,Disco sólido,"2,57 m²","0,848 m²",,"0,33",Elétrica,,"10,6 m","Independente, McPherson",Mola helicoidal,"Independente, multibraço",,,,,,,82 cv (traseiro),"19,9 kgfm (traseiro)",,,"21,5 graus","22,5 graus",190 mm,,,1500 kg,750 kg,,,,,,,,,,,,,,,,,,,,,,,,,,,52 km,12 kWh,285 cv,"53,3 kgfm",585 km,540 km,13 km/l,12 km/l,,,,,,,
mitsubishi,Outlander,outlander,outlander-2-0-2015,outlander-2-0-2015,https://www.fichacompleta.com.br/carros/mitsubishi/outlander-2-0-2015,2026-06-15T19:29:28.097028,Mitsubishi Outlander 2.0 2015,12 s,190 km/h,,Injeção multiponto,Natural,1998 cm³,4 em linha,4B11,"Duplo no cabeçote, corrente",86 mm,86 mm,Transversal,Dianteiro,"8,8 kg/cv","70,1 kg/kgfm","80,1 cv/litro",160 cv a 6000 rpm,10:1,,,,"10,1 kgfm/litro","20,1 kgfm a 4200 rpm",,4,Conversor de torque,CVT,,6,Dianteira,1680 mm,1540 mm,1540 mm,4655 mm,2670 mm,1800 mm,1410 kg,715 litros,63 litros,124 mm,Disco ventilado,Disco sólido,"2,57 m²","0,848 m²",,"0,33",Elétrica,,"10,6 m","Independente, McPherson",Mola helicoidal,"Independente, multibraço",636 km,586 km,"10,1 km/l","9,3 km/l",,,,,575 kg,,,,208 mm,Admissão e escape,,1600 kg,750 kg,,,,,,,,,,,,,,,,,,,,,,,,,,,,,,,,,,,,,,,,,
mitsubishi,Outlander,outlander,outlander-gt-3-0-v6-2015,outlander-gt-3-0-v6-2015,https://www.fichacompleta.com.br/carros/mitsubishi/outlander-gt-3-0-v6-2015,2026-06-15T19:29:31.646383,Mitsubishi Outlander GT 3.0 V6 2015,10 s,215 km/h,,Injeção multiponto,Natural,2998 cm³,6 em V,6B31,Único no cabeçote,"82,9 mm","87,6 mm",Transversal,Dianteiro,"6,5 kg/cv","50,6 kg/kgfm","80,1 cv/litro",240 cv a 6250 rpm,"10,5:1",,,,"10,3 kgfm/litro",31 kgfm a 3750 rpm,,4,Conversor de torque,Automático,,6,Integral sob demanda,1680 mm,1540 mm,1540 mm,4655 mm,2670 mm,1800 mm,1570 kg,,60 litros,124 mm,Disco ventilado,Disco sólido,"2,57 m²","0,848 m²",,"0,33",Elétrica,,"10,6 m","Independente, McPherson",Mola helicoidal,"Independente, multibraço",504 km,414 km,"8,4 km/l","6,9 km/l",,,,,700 kg,,,,208 mm,,W6AJA,2000 kg,750 kg,,,,,,,,,,,,,,,,495 litros,120 litros,,,,,,,,,,,,,,,,,,,,,,,,
mitsubishi,Outlander,outlander,outlander-phev-2-0-2015,outlander-phev-2-0-2015,https://www.fichacompleta.com.br/carros/mitsubishi/outlander-phev-2-0-2015,2026-06-15T19:29:34.952717,Mitsubishi Outlander PHEV 2.0 2015,11 s,180 km/h,,Injeção multiponto,Natural,1998 cm³,4 em linha,4B11,Duplo no cabeçote,86 mm,86 mm,Transversal,Dianteiro,"15,0 kg/cv","93,3 kg/kgfm","60,6 cv/litro",121 cv a 4500 rpm,10:1,,,,"9,7 kgfm/litro","19,4 kgfm a 4500 rpm",,4,Conversor de torque,Automático,,,Integral sob demanda,1680 mm,1540 mm,1540 mm,4655 mm,2670 mm,1800 mm,1810 kg,463 litros,45 litros,124 mm,Disco ventilado,Disco sólido,"2,57 m²","0,848 m²",,"0,33",Elétrica,,"10,6 m","Independente, McPherson",Mola helicoidal,"Independente, multibraço",,,,,,,82 cv (traseiro),"19,9 kgfm (traseiro)",,,"21,5 graus","22,5 graus",190 mm,,,1500 kg,750 kg,,,,,,,,,,,,,,,,,,,,,,,,,,,52 km,12 kWh,285 cv,"53,3 kgfm",585 km,540 km,13 km/l,12 km/l,,,,,,,
mitsubishi,Outlander,outlander,outlander-2-0-2016,outlander-2-0-2016,https://www.fichacompleta.com.br/carros/mitsubishi/outlander-2-0-2016,2026-06-15T19:29:37.567578,Mitsubishi Outlander 2.0 2016,12 s,190 km/h,,Injeção multiponto,Natural,1998 cm³,4 em linha,4B11,"Duplo no cabeçote, corrente",86 mm,86 mm,Transversal,Dianteiro,"8,9 kg/cv","70,9 kg/kgfm","80,1 cv/litro",160 cv a 6000 rpm,10:1,,,,"10,1 kgfm/litro","20,1 kgfm a 4200 rpm",,4,Conversor de torque,CVT,,6,Dianteira,1680 mm,,,4695 mm,2670 mm,1810 mm,1425 kg,715 litros,63 litros,124 mm,Disco ventilado,Disco sólido,"2,58 m²","0,851 m²",,"0,33",Elétrica,,"10,6 m","Independente, McPherson",Mola helicoidal,"Independente, multibraço",636 km,586 km,"10,1 km/l","9,3 km/l",,,,,,,21 graus,21 graus,208 mm,Admissão e escape,,1600 kg,750 kg,,,,,,,,,,,,,,,,,,,,,,,,,,,,,,,,,,,,,,,,,
mitsubishi,Outlander,outlander,outlander-2-3-turbodiesel-2016,outlander-2-3-turbodiesel-2016,https://www.fichacompleta.com.br/carros/mitsubishi/outlander-2-3-turbodiesel-2016,2026-06-15T19:29:42.553542,Mitsubishi Outlander 2.3 Turbodiesel 2016,12 s,180 km/h,,Injeção direta,Turbocompressor,2268 cm³,4 em linha,4N14,"Duplo no cabeçote, corrente","97,6 mm",86 mm,Transversal,Dianteiro,"9,9 kg/cv","44,7 kg/kgfm","72,8 cv/litro",165 cv a 3500 rpm,"14,9:1",,,,"16,2 kgfm/litro","36,7 kgfm a 1500 rpm",,4,Conversor de torque,Automático,,6,Integral sob demanda,1680 mm,,,4695 mm,2670 mm,1810 mm,1640 kg,,60 litros,124 mm,Disco ventilado,Disco sólido,"2,58 m²","0,851 m²",,"0,33",Elétrica,,"10,6 m","Independente, McPherson",Mola helicoidal,"Independente, multibraço",,,,,,,,,,,,,190 mm,Admissão,W6AJA,,,,,,,,,,,,,,,,,,495 litros,120 litros,,822 km,648 km,"13,7 km/l","10,8 km/l",,,,,,,,,,,,,,,,,,,
mitsubishi,Outlander,outlander,outlander-gt-3-0-v6-2016,outlander-gt-3-0-v6-2016,https://www.fichacompleta.com.br/carros/mitsubishi/outlander-gt-3-0-v6-2016,2026-06-15T19:29:47.271946,Mitsubishi Outlander GT 3.0 V6 2016,10 s,215 km/h,,Injeção multiponto,Natural,2998 cm³,6 em V,6B31,Único no cabeçote,"82,9 mm","87,6 mm",Transversal,Dianteiro,"6,6 kg/cv","51,1 kg/kgfm","80,1 cv/litro",240 cv a 6250 rpm,"10,5:1",,,,"10,3 kgfm/litro",31 kgfm a 3750 rpm,,4,Conversor de torque,Automático,,6,Integral sob demanda,1680 mm,,,4695 mm,2670 mm,1810 mm,1585 kg,,60 litros,124 mm,Disco ventilado,Disco sólido,"2,58 m²","0,851 m²",,"0,33",Elétrica,,"10,6 m","Independente, McPherson",Mola helicoidal,"Independente, multibraço",504 km,414 km,"8,4 km/l","6,9 km/l",,,,,,,,,215 mm,,W6AJA,2000 kg,750 kg,,,,,,,,,,,,,,,,495 litros,120 litros,,,,,,,,,,,,,,,,,,,,,,,,
mitsubishi,Outlander,outlander,outlander-2-0-2017,outlander-2-0-2017,https://www.fichacompleta.com.br/carros/mitsubishi/outlander-2-0-2017,2026-06-15T19:29:51.390362,Mitsubishi Outlander 2.0 2017,12 s,190 km/h,,Injeção multiponto,Natural,1998 cm³,4 em linha,4J11,"Único no cabeçote, corrente",86 mm,86 mm,Transversal,Dianteiro,"9,5 kg/cv","75,4 kg/kgfm","80,1 cv/litro",160 cv a 6000 rpm,10:1,,,,"10,1 kgfm/litro","20,1 kgfm a 4200 rpm",,4,Conversor de torque,CVT,,6,Dianteira,1680 mm,,,4695 mm,2670 mm,1810 mm,1515 kg,715 litros,63 litros,124 mm,Disco ventilado,Disco sólido,"2,58 m²","0,851 m²",,"0,33",Elétrica,,"10,6 m","Independente, McPherson",Mola helicoidal,"Independente, multibraço",636 km,586 km,"10,1 km/l","9,3 km/l",,,,,,,21 graus,21 graus,208 mm,Admissão e escape,F1CJC,1600 kg,750 kg,,,,,,,,,,,,,,,,,,,,,,,,,,,,,,,,,,,,,,,,,
mitsubishi,Outlander,outlander,outlander-2-3-turbodiesel-2017,outlander-2-3-turbodiesel-2017,https://www.fichacompleta.com.br/carros/mitsubishi/outlander-2-3-turbodiesel-2017,2026-06-15T19:29:54.079749,Mitsubishi Outlander 2.3 Turbodiesel 2017,12 s,180 km/h,,Injeção direta,Turbocompressor,2268 cm³,4 em linha,4N14,"Duplo no cabeçote, corrente","97,6 mm",86 mm,Transversal,Dianteiro,"9,9 kg/cv","44,7 kg/kgfm","72,8 cv/litro",165 cv a 3500 rpm,"14,9:1",,,,"16,2 kgfm/litro","36,7 kgfm a 1500 rpm",,4,Conversor de torque,Automático,,6,Integral sob demanda,1680 mm,,,4695 mm,2670 mm,1810 mm,1640 kg,,60 litros,124 mm,Disco ventilado,Disco sólido,"2,58 m²","0,851 m²",,"0,33",Elétrica,,"10,6 m","Independente, McPherson",Mola helicoidal,"Independente, multibraço",,,,,,,,,,,,,190 mm,Admissão,W6AJA,,,,,,,,,,,,,,,,,,495 litros,120 litros,,822 km,648 km,"13,7 km/l","10,8 km/l",,,,,,,,,,,,,,,,,,,
mitsubishi,Outlander,outlander,outlander-gt-3-0-v6-2017,outlander-gt-3-0-v6-2017,https://www.fichacompleta.com.br/carros/mitsubishi/outlander-gt-3-0-v6-2017,2026-06-15T19:29:58.399459,Mitsubishi Outlander GT 3.0 V6 2017,10 s,215 km/h,,Injeção multiponto,Natural,2998 cm³,6 em V,6B31,Único no cabeçote,"82,9 mm","87,6 mm",Transversal,Dianteiro,"6,6 kg/cv","51,1 kg/kgfm","80,1 cv/litro",240 cv a 6250 rpm,"10,5:1",,,,"10,3 kgfm/litro",31 kgfm a 3750 rpm,,4,Conversor de torque,Automático,,6,Integral sob demanda,1680 mm,,,4695 mm,2670 mm,1810 mm,1585 kg,,60 litros,124 mm,Disco ventilado,Disco sólido,"2,58 m²","0,851 m²",,"0,33",Elétrica,,"10,6 m","Independente, McPherson",Mola helicoidal,"Independente, multibraço",504 km,414 km,"8,4 km/l","6,9 km/l",,,,,,,,,215 mm,,W6AJA,2000 kg,750 kg,,,,,,,,,,,,,,,,495 litros,120 litros,,,,,,,,,,,,,,,,,,,,,,,,
mitsubishi,Outlander,outlander,outlander-2-0-2018,outlander-2-0-2018,https://www.fichacompleta.com.br/carros/mitsubishi/outlander-2-0-2018,2026-06-15T19:30:03.188830,Mitsubishi Outlander 2.0 2018,"11,1 s",193 km/h,,Injeção multiponto,Natural,1998 cm³,4 em linha,4J11,"Único no cabeçote, corrente",86 mm,86 mm,Transversal,Dianteiro,"9,5 kg/cv","75,4 kg/kgfm","80,1 cv/litro",160 cv a 6000 rpm,10:1,,,,"10,1 kgfm/litro","20,1 kgfm a 4200 rpm",,4,Conversor de torque,CVT,,6,Dianteira,1680 mm,1540 mm,1540 mm,4695 mm,2670 mm,1810 mm,1515 kg,715 litros,63 litros,124 mm,Disco ventilado,Disco sólido,"2,58 m²","0,851 m²",,"0,33",Elétrica,,"10,6 m","Independente, McPherson",Mola helicoidal,"Independente, multibraço",762 km,655 km,"12,1 km/l","10,4 km/l",,,,,470 kg,,21 graus,21 graus,208 mm,Admissão e escape,F1CJC,1600 kg,750 kg,,,,,,,,,,,,,,,,,,,,,,,,,,,,,,,,,,,,,,,,,
mitsubishi,Outlander,outlander,outlander-2-3-turbodiesel-2018,outlander-2-3-turbodiesel-2018,https://www.fichacompleta.com.br/carros/mitsubishi/outlander-2-3-turbodiesel-2018,2026-06-15T19:30:08.091815,Mitsubishi Outlander 2.3 Turbodiesel 2018,12 s,190 km/h,,Injeção direta,Turbocompressor,2268 cm³,4 em linha,4N14,"Duplo no cabeçote, corrente","97,6 mm",86 mm,Transversal,Dianteiro,"10,4 kg/cv","46,8 kg/kgfm","72,8 cv/litro",165 cv a 3500 rpm,"14,9:1",,,,"16,2 kgfm/litro","36,7 kgfm a 1500 rpm",,4,Conversor de torque,Automático,,6,Integral sob demanda,1680 mm,1540 mm,1540 mm,4695 mm,2670 mm,1810 mm,1717 kg,,60 litros,124 mm,Disco ventilado,Disco sólido,"2,58 m²","0,851 m²",,"0,33",Elétrica,,"10,6 m","Independente, McPherson",Mola helicoidal,"Independente, multibraço",,,,,,,,,543 kg,,,,190 mm,Admissão,W6AJA,2000 kg,750 kg,,,,,,,,,,,,,,,,495 litros,120 litros,,822 km,648 km,"13,7 km/l","10,8 km/l",,,,,,,,,,,,,,,,,,,
mitsubishi,Outlander,outlander,outlander-comfort-2-0-2018,outlander-comfort-2-0-2018,https://www.fichacompleta.com.br/carros/mitsubishi/outlander-comfort-2-0-2018,2026-06-15T19:30:11.647222,Mitsubishi Outlander Comfort 2.0 2018,"11,1 s",193 km/h,,Injeção multiponto,Natural,1998 cm³,4 em linha,4J11,"Único no cabeçote, corrente",86 mm,86 mm,Transversal,Dianteiro,"9,8 kg/cv","78,1 kg/kgfm","80,1 cv/litro",160 cv a 6000 rpm,10:1,,,,"10,1 kgfm/litro","20,1 kgfm a 4200 rpm",,4,Conversor de torque,CVT,,6,Dianteira,1680 mm,1540 mm,1540 mm,4695 mm,2670 mm,1810 mm,1570 kg,,63 litros,124 mm,Disco ventilado,Disco sólido,"2,58 m²","0,851 m²",,"0,33",Elétrica,,"10,6 m","Independente, McPherson",Mola helicoidal,"Independente, multibraço",718 km,649 km,"11,4 km/l","10,3 km/l",,,,,415 kg,,21 graus,21 graus,208 mm,Admissão e escape,F1CJC,1600 kg,750 kg,,,,,,,,,,,,,,,,495 litros,120 litros,,,,,,,,,,,,,,,,,,,,,,,,
mitsubishi,Outlander,outlander,outlander-gt-3-0-v6-2018,outlander-gt-3-0-v6-2018,https://www.fichacompleta.com.br/carros/mitsubishi/outlander-gt-3-0-v6-2018,2026-06-15T19:30:15.789113,Mitsubishi Outlander GT 3.0 V6 2018,"8,7 s",220 km/h,,Injeção multiponto,Natural,2998 cm³,6 em V,6B31,Único no cabeçote,"82,9 mm","87,6 mm",Transversal,Dianteiro,"6,9 kg/cv","53,2 kg/kgfm","80,1 cv/litro",240 cv a 6250 rpm,"10,5:1",,,,"10,3 kgfm/litro",31 kgfm a 3750 rpm,,4,Conversor de torque,Automático,,6,Integral sob demanda,1680 mm,1540 mm,1540 mm,4695 mm,2670 mm,1810 mm,1650 kg,,60 litros,124 mm,Disco ventilado,Disco sólido,"2,58 m²","0,851 m²",,"0,33",Elétrica,,"10,6 m","Independente, McPherson",Mola helicoidal,"Independente, multibraço",618 km,492 km,"10,3 km/l","8,2 km/l",,,,,620 kg,,,,215 mm,,W6AJA,2000 kg,750 kg,,,,,,,,,,,,,,,,495 litros,120 litros,,,,,,,,,,,,,,,,,,,,,,,,
mitsubishi,Outlander,outlander,outlander-gls-2-0-2019,outlander-gls-2-0-2019,https://www.fichacompleta.com.br/carros/mitsubishi/outlander-gls-2-0-2019,2026-06-15T19:30:19.104588,Mitsubishi Outlander GLS 2.0 2019,"11,1 s",193 km/h,,Injeção multiponto,Natural,1998 cm³,4 em linha,4J11,"Único no cabeçote, corrente",86 mm,86 mm,Transversal,Dianteiro,"9,5 kg/cv","75,4 kg/kgfm","80,1 cv/litro",160 cv a 6000 rpm,10:1,,,,"10,1 kgfm/litro","20,1 kgfm a 4200 rpm",,4,Conversor de torque,CVT,,6,Dianteira,1680 mm,1540 mm,1540 mm,4695 mm,2670 mm,1810 mm,1515 kg,715 litros,63 litros,124 mm,Disco ventilado,Disco sólido,"2,58 m²","0,851 m²",,"0,33",Elétrica,,"10,6 m","Independente, McPherson",Mola helicoidal,"Independente, multibraço",762 km,655 km,"12,1 km/l","10,4 km/l",,,,,470 kg,,21 graus,21 graus,208 mm,Admissão e escape,F1CJC,1600 kg,750 kg,,,,,,,,,,,,,,,,,,,,,,,,,,,,,,,,,,,,,,,,,
mitsubishi,Outlander,outlander,outlander-hpe-2-0-2019,outlander-hpe-2-0-2019,https://www.fichacompleta.com.br/carros/mitsubishi/outlander-hpe-2-0-2019,2026-06-15T19:30:22.627524,Mitsubishi Outlander HPE 2.0 2019,"11,1 s",193 km/h,,Injeção multiponto,Natural,1998 cm³,4 em linha,4J11,"Único no cabeçote, corrente",,,Transversal,Dianteiro,"9,8 kg/cv","78,1 kg/kgfm","80,1 cv/litro",160 cv a 6000 rpm,10:1,,,,"10,1 kgfm/litro","20,1 kgfm a 4200 rpm",,4,Conversor de torque,CVT,,6,Dianteira,1680 mm,1540 mm,1540 mm,4695 mm,2670 mm,1810 mm,1570 kg,,63 litros,124 mm,Disco ventilado,Disco sólido,"2,58 m²","0,851 m²",,"0,33",Elétrica,,"10,6 m","Independente, McPherson",Mola helicoidal,"Independente, multibraço",718 km,649 km,"11,4 km/l","10,3 km/l",,,,,415 kg,,21 graus,21 graus,208 mm,Admissão e escape,F1CJC,1600 kg,750 kg,86 mm,86 mm,,,,,,,,,,,,,,495 litros,120 litros,,,,,,,,,,,,,,,,,,,,,,,,
mitsubishi,Outlander,outlander,outlander-hpe-s-2-3-turbodiesel-2019,outlander-hpe-s-2-3-turbodiesel-2019,https://www.fichacompleta.com.br/carros/mitsubishi/outlander-hpe-s-2-3-turbodiesel-2019,2026-06-15T19:30:26.965361,Mitsubishi Outlander HPE-S 2.3 Turbodiesel 2019,12 s,190 km/h,,Injeção direta,Turbocompressor,2268 cm³,4 em linha,4N14,"Duplo no cabeçote, corrente","97,6 mm",86 mm,Transversal,Dianteiro,"10,4 kg/cv","46,8 kg/kgfm","72,8 cv/litro",165 cv a 3500 rpm,"14,9:1",,,,"16,2 kgfm/litro","36,7 kgfm a 1500 rpm",,4,Conversor de torque,Automático,,6,Integral sob demanda,1680 mm,1540 mm,1540 mm,4695 mm,2670 mm,1810 mm,1717 kg,,60 litros,124 mm,Disco ventilado,Disco sólido,"2,58 m²","0,851 m²",,"0,33",Elétrica,,"10,6 m","Independente, McPherson",Mola helicoidal,"Independente, multibraço",,,,,,,,,543 kg,,,,190 mm,Admissão,W6AJA,2000 kg,750 kg,,,,,,,,,,,,,,,,495 litros,120 litros,,822 km,648 km,"13,7 km/l","10,8 km/l",,,,,,,,,,,,,,,,,,,
mitsubishi,Outlander,outlander,outlander-hpe-s-3-0-v6-2019,outlander-hpe-s-3-0-v6-2019,https://www.fichacompleta.com.br/carros/mitsubishi/outlander-hpe-s-3-0-v6-2019,2026-06-15T19:30:31.189402,Mitsubishi Outlander HPE-S 3.0 V6 2019,"8,7 s",220 km/h,,Injeção multiponto,Natural,2998 cm³,6 em V,6B31,Único no cabeçote,"82,9 mm","87,6 mm",Transversal,Dianteiro,"6,9 kg/cv","53,2 kg/kgfm","80,1 cv/litro",240 cv,"10,5:1",,,,"10,3 kgfm/litro",31 kgfm,,4,Conversor de torque,Automático,6,,Integral sob demanda,1680 mm,1540 mm,1540 mm,4695 mm,2670 mm,1810 mm,1650 kg,,60 litros,124 mm,Disco ventilado,Disco sólido,"2,58 m²","0,851 m²","0,33",,Elétrica,"10,6 m",,"Indep., McPherson",Mola helicoidal,"Indep., multibraço",618 km,492 km,"10,3 km/l","8,2 km/l",6250 rpm,3750 rpm,,,620 kg,,,,215 mm,,W6AJA,2000 kg,750 kg,,,,,,,,,,,,,,495 litros,120 litros,,,,,,,,,,,,,,,,,,,,,,,,,,
mitsubishi,Outlander,outlander,outlander-hpe-2-0-2020,outlander-hpe-2-0-2020,https://www.fichacompleta.com.br/carros/mitsubishi/outlander-hpe-2-0-2020,2026-06-15T19:30:33.880929,Mitsubishi Outlander HPE 2.0 2020,"11,1 s",193 km/h,Corrente,Injeção multiponto,Natural,1998 cm³,4 em linha,4J11,Único no cabeçote,86 mm,86 mm,Transversal,Dianteiro,"9,8 kg/cv","78,1 kg/kgfm","80,1 cv/litro",160 cv,10:1,,,,"10,1 kgfm/litro","20,1 kgfm",,4,Conversor de torque,CVT,6,,Dianteira,1680 mm,1540 mm,1540 mm,4695 mm,2670 mm,1810 mm,1570 kg,,63 litros,124 mm,Disco ventilado,Disco sólido,"2,58 m²","0,851 m²","0,33",,Elétrica,"10,6 m",,"Indep., McPherson",Mola helicoidal,"Indep., multibraço",718 km,649 km,"11,4 km/l","10,3 km/l",6000 rpm,4200 rpm,,,415 kg,,21 graus,21 graus,208 mm,Admissão e escape,F1CJC,1600 kg,750 kg,,,,,,,,,,,,,,495 litros,120 litros,,,,,,,,,,,,,,,,,,,,,,,,,,
mitsubishi,Outlander,outlander,outlander-hpe-s-2-3-turbodiesel-2020,outlander-hpe-s-2-3-turbodiesel-2020,https://www.fichacompleta.com.br/carros/mitsubishi/outlander-hpe-s-2-3-turbodiesel-2020,2026-06-15T19:30:37.131251,Mitsubishi Outlander HPE-S 2.3 Turbodiesel 2020,12 s,190 km/h,Corrente,Injeção direta,Turbocompressor,2268 cm³,4 em linha,4N14,Duplo no cabeçote,"97,6 mm",86 mm,Transversal,Dianteiro,"10,4 kg/cv","46,8 kg/kgfm","72,8 cv/litro",165 cv,"14,9:1",,,,"16,2 kgfm/litro","36,7 kgfm",,4,Conversor de torque,Automático,6,,Integral sob demanda,1680 mm,1540 mm,1540 mm,4695 mm,2670 mm,1810 mm,1717 kg,,60 litros,124 mm,Disco ventilado,Disco sólido,"2,58 m²","0,851 m²","0,33",,Elétrica,"10,6 m",,"Indep., McPherson",Mola helicoidal,"Indep., multibraço",,,,,3500 rpm,1500 rpm,,,543 kg,,,,190 mm,Admissão,W6AJA,2000 kg,750 kg,,,,,,,,,,,,,,495 litros,120 litros,,,,822 km,648 km,"13,7 km/l","10,8 km/l",,,,,,,,,,,,,,,,,,,
mitsubishi,Outlander,outlander,outlander-hpe-s-3-0-v6-2020,outlander-hpe-s-3-0-v6-2020,https://www.fichacompleta.com.br/carros/mitsubishi/outlander-hpe-s-3-0-v6-2020,2026-06-15T19:30:39.964077,Mitsubishi Outlander HPE-S 3.0 V6 2020,"8,7 s",220 km/h,,Injeção multiponto,Natural,2998 cm³,6 em V,6B31,Único no cabeçote,"82,9 mm","87,6 mm",Transversal,Dianteiro,"6,9 kg/cv","53,2 kg/kgfm","80,1 cv/litro",240 cv,"10,5:1",,,,"10,3 kgfm/litro",31 kgfm,,4,Conversor de torque,Automático,6,,Integral sob demanda,1680 mm,1540 mm,1540 mm,4695 mm,2670 mm,1810 mm,1650 kg,,60 litros,124 mm,Disco ventilado,Disco sólido,"2,58 m²","0,851 m²","0,33",,Elétrica,"10,6 m",,"Indep., McPherson",Mola helicoidal,"Indep., multibraço",618 km,492 km,"10,3 km/l","8,2 km/l",6250 rpm,3750 rpm,,,620 kg,,,,215 mm,,W6AJA,2000 kg,750 kg,,,,,,,,,,,,,,495 litros,120 litros,,,,,,,,,,,,,,,,,,,,,,,,,,
mitsubishi,Outlander,outlander,outlander-hpe-2-0-2021,outlander-hpe-2-0-2021,https://www.fichacompleta.com.br/carros/mitsubishi/outlander-hpe-2-0-2021,2026-06-15T19:30:42.662554,Mitsubishi Outlander HPE 2.0 2021,"11,1 s",193 km/h,Corrente,Injeção multiponto,Natural,1998 cm³,4 em linha,4J11,Único no cabeçote,86 mm,86 mm,Transversal,Dianteiro,"9,8 kg/cv","78,1 kg/kgfm","80,1 cv/litro",160 cv,10:1,,,,"10,1 kgfm/litro","20,1 kgfm",,4,Conversor de torque,CVT,6,,Dianteira,1680 mm,1540 mm,1540 mm,4695 mm,2670 mm,1810 mm,1570 kg,,63 litros,124 mm,Disco ventilado,Disco sólido,"2,58 m²","0,851 m²","0,33",,Elétrica,"10,6 m",,"Indep., McPherson",Mola helicoidal,"Indep., multibraço",718 km,649 km,"11,4 km/l","10,3 km/l",6000 rpm,4200 rpm,,,415 kg,,21 graus,21 graus,208 mm,Admissão e escape,F1CJC,1600 kg,750 kg,,,,,,,,,,,,,,495 litros,120 litros,,,,,,,,,,,,,,,,,,,,,,,,,,
mitsubishi,Outlander,outlander,outlander-hpe-s-2-3-turbodiesel-2021,outlander-hpe-s-2-3-turbodiesel-2021,https://www.fichacompleta.com.br/carros/mitsubishi/outlander-hpe-s-2-3-turbodiesel-2021,2026-06-15T19:30:45.950173,Mitsubishi Outlander HPE-S 2.3 Turbodiesel 2021,12 s,190 km/h,Corrente,Injeção direta,Turbocompressor,2268 cm³,4 em linha,4N14,Duplo no cabeçote,"97,6 mm",86 mm,Transversal,Dianteiro,"10,4 kg/cv","46,8 kg/kgfm","72,8 cv/litro",,"14,9:1",,3500 rpm,1500 rpm,"16,2 kgfm/litro",,,4,Conversor de torque,Automático,6,,Integral sob demanda,1680 mm,1540 mm,1540 mm,4695 mm,2670 mm,1810 mm,1717 kg,,60 litros,124 mm,Disco ventilado,Disco sólido,"2,58 m²","0,851 m²","0,33",,Elétrica,"10,6 m",,"Indep., McPherson",Mola helicoidal,"Indep., multibraço",,,,,,,165 cv,"36,7 kgfm",543 kg,,,,190 mm,Admissão,W6AJA,2000 kg,750 kg,,,,,,,,,,,,,,495 litros,120 litros,,,,822 km,648 km,"13,7 km/l","10,8 km/l",,,,,,,,,,,,,,,,,,,
mitsubishi,Outlander,outlander,outlander-hpe-s-3-0-v6-2021,outlander-hpe-s-3-0-v6-2021,https://www.fichacompleta.com.br/carros/mitsubishi/outlander-hpe-s-3-0-v6-2021,2026-06-15T19:30:50.275750,Mitsubishi Outlander HPE-S 3.0 V6 2021,"8,7 s",220 km/h,,Injeção multiponto,Natural,2998 cm³,6 em V,6B31,Único no cabeçote,"82,9 mm","87,6 mm",Transversal,Dianteiro,"6,9 kg/cv","53,2 kg/kgfm","80,1 cv/litro",240 cv,"10,5:1",,,,"10,3 kgfm/litro",31 kgfm,,4,Conversor de torque,Automático,6,,Integral sob demanda,1680 mm,1540 mm,1540 mm,4695 mm,2670 mm,1810 mm,1650 kg,,60 litros,124 mm,Disco ventilado,Disco sólido,"2,58 m²","0,851 m²","0,33",,Elétrica,"10,6 m",,"Indep., McPherson",Mola helicoidal,"Indep., multibraço",618 km,492 km,"10,3 km/l","8,2 km/l",6250 rpm,3750 rpm,,,620 kg,,,,215 mm,,W6AJA,2000 kg,750 kg,,,,,,,,,,,,,,495 litros,120 litros,,,,,,,,,,,,,,,,,,,,,,,,,,
mitsubishi,Outlander,outlander,outlander-black-edition-3-0-v6-2022,outlander-black-edition-3-0-v6-2022,https://www.fichacompleta.com.br/carros/mitsubishi/outlander-black-edition-3-0-v6-2022,2026-06-15T19:30:53.132877,Mitsubishi Outlander Black Edition 3.0 V6 2022,"8,7 s",220 km/h,,Injeção multiponto,Natural,2998 cm³,6 em V,6B31,Único no cabeçote,"82,9 mm","87,6 mm",Transversal,Dianteiro,"6,9 kg/cv","53,2 kg/kgfm","80,1 cv/litro",,"10,5:1",,6250 rpm,3750 rpm,"10,3 kgfm/litro",,,4,Conversor de torque,Automático,6,,Integral sob demanda,1680 mm,1540 mm,1540 mm,4695 mm,2670 mm,1810 mm,1650 kg,,60 litros,124 mm,Disco ventilado,Disco sólido,"2,58 m²","0,851 m²","0,33",,Elétrica,"10,6 m",,"Indep., McPherson",Mola helicoidal,"Indep., multibraço",618 km,492 km,"10,3 km/l","8,2 km/l",,,240 cv,31 kgfm,620 kg,,,,215 mm,,W6AJA,2000 kg,750 kg,,,,,,,,,,,,,,495 litros,120 litros,,,,,,,,,,,,,,,,,,,,,,,,,,
mitsubishi,Outlander,outlander,outlander-hpe-2-0-2022,outlander-hpe-2-0-2022,https://www.fichacompleta.com.br/carros/mitsubishi/outlander-hpe-2-0-2022,2026-06-15T19:30:57.251224,Mitsubishi Outlander HPE 2.0 2022,"11,1 s",193 km/h,Corrente,Injeção multiponto,Natural,1998 cm³,4 em linha,4J11,Único no cabeçote,86 mm,86 mm,Transversal,Dianteiro,"9,8 kg/cv","78,1 kg/kgfm","80,1 cv/litro",160 cv,10:1,,,,"10,1 kgfm/litro","20,1 kgfm",,4,Conversor de torque,CVT,6,,Dianteira,1680 mm,1540 mm,1540 mm,4695 mm,2670 mm,1810 mm,1570 kg,,63 litros,124 mm,Disco ventilado,Disco sólido,"2,58 m²","0,851 m²","0,33",,Elétrica,"10,6 m",,"Indep., McPherson",Mola helicoidal,"Indep., multibraço",718 km,649 km,"11,4 km/l","10,3 km/l",6000 rpm,4200 rpm,,,415 kg,,21 graus,21 graus,208 mm,Admissão e escape,F1CJC,1600 kg,750 kg,,,,,,,,,,,,,,495 litros,120 litros,,,,,,,,,,,,,,,,,,,,,,,,,,
mitsubishi,Outlander,outlander,outlander-hpe-s-2-3-turbodiesel-2022,outlander-hpe-s-2-3-turbodiesel-2022,https://www.fichacompleta.com.br/carros/mitsubishi/outlander-hpe-s-2-3-turbodiesel-2022,2026-06-15T19:31:01.876949,Mitsubishi Outlander HPE-S 2.3 Turbodiesel 2022,12 s,190 km/h,,Injeção direta,Turbocompressor,2268 cm³,4 em linha,4N14,Duplo no cabeçote,,,Transversal,Dianteiro,"10,4 kg/cv","46,8 kg/kgfm","72,8 cv/litro",165 cv a 3500 rpm,"14,9:1",,,,"16,2 kgfm/litro","36,7 kgfm a 1500 rpm",,4,Conversor de torque,Automático,,6,Integral sob demanda,1680 mm,1540 mm,1540 mm,4695 mm,2670 mm,1810 mm,1717 kg,,60 litros,124 mm,Disco ventilado,Disco sólido,"2,58 m²","0,851 m²",,"0,33",Elétrica,,"10,6 m","Independente, McPherson",Mola helicoidal,"Independente, multibraço",,,,,,,,,543 kg,,,,190 mm,,W6AJA,2000 kg,750 kg,"97,6 mm",86 mm,,,,,,,,,,,,,,495 litros,120 litros,,822 km,648 km,"13,7 km/l","10,8 km/l",,,,,,,,,,,,,,,,,,,
mitsubishi,Outlander,outlander,outlander-hpe-s-3-0-v6-2022,outlander-hpe-s-3-0-v6-2022,https://www.fichacompleta.com.br/carros/mitsubishi/outlander-hpe-s-3-0-v6-2022,2026-06-15T19:31:06.461914,Mitsubishi Outlander HPE-S 3.0 V6 2022,"8,7 s",220 km/h,,Injeção multiponto,Natural,2998 cm³,6 em V,6B31,Único no cabeçote,"82,9 mm","87,6 mm",Transversal,Dianteiro,"6,9 kg/cv","53,2 kg/kgfm","80,1 cv/litro",240 cv,"10,5:1",,,,"10,3 kgfm/litro",31 kgfm,,4,Conversor de torque,Automático,6,,Integral sob demanda,1680 mm,1540 mm,1540 mm,4695 mm,2670 mm,1810 mm,1650 kg,,60 litros,124 mm,Disco ventilado,Disco sólido,"2,58 m²","0,851 m²","0,33",,Elétrica,"10,6 m",,"Indep., McPherson",Mola helicoidal,"Indep., multibraço",618 km,492 km,"10,3 km/l","8,2 km/l",6250 rpm,3750 rpm,,,620 kg,,,,215 mm,,W6AJA,2000 kg,750 kg,,,,,,,,,,,,,,495 litros,120 litros,,,,,,,,,,,,,,,,,,,,,,,,,,
mitsubishi,Outlander,outlander,outlander-hpe-s-2-4-phev-2026,outlander-hpe-s-2-4-phev-2026,https://www.fichacompleta.com.br/carros/mitsubishi/outlander-hpe-s-2-4-phev-2026,2026-06-15T19:31:10.335801,Mitsubishi Outlander HPE-S 2.4 PHEV 2026,"7,9 s",171 km/h,Corrente,Injeção multiponto,Natural,,4 em linha,4B12,Duplo no cabeçote,97 mm,88 mm,Transversal,Dianteiro,"15,58 kg/cv","102,2 kg/kgfm","58,1 cv/litro",137 cv,"11,8:1",,,,"8,9 kgfm/litro","20,9 kgfm",,4,Conversor de torque,Automático,1,,Integral sob demanda,1745 mm,1593 mm,1602 mm,4710 mm,2706 mm,1862 mm,2135 kg,,56 litros,115 mm,Disco ventilado,Disco sólido,,,,,Elétrica,11 m,,"Indep., McPherson",Mola helicoidal,"Indep., multibraço",,,,,5000 rpm,4000 rpm,136 cv (traseiro),"19,9 kgfm (traseiro)",605 kg,"22,2 graus","18,3 graus",18 graus,203 mm,Admissão e escape,,1600 kg,750 kg,,,,,,,590 cm³,2360 cm³,Kit de reparo,,,,,468 litros,217 litros,,,,,,,,,,,,58 km,20 kWh,252 cv,"45,9 kgfm",582 km,650 km,"10,4 km/l","11,6 km/l","8,47 kg/cv","46,51 kg/kgfm","3,5 kW (AC)",,,,
mitsubishi,Outlander,outlander,outlander-signature-2-4-phev-2026,outlander-signature-2-4-phev-2026,https://www.fichacompleta.com.br/carros/mitsubishi/outlander-signature-2-4-phev-2026,2026-06-15T19:31:15.314831,Mitsubishi Outlander Signature 2.4 PHEV 2026,"7,9 s",171 km/h,Corrente,Injeção multiponto,Natural,,4 em linha,4B12,Duplo no cabeçote,97 mm,88 mm,Transversal,Dianteiro,"15,58 kg/cv","102,2 kg/kgfm","58,1 cv/litro",137 cv,"11,8:1",,,,"8,9 kgfm/litro","20,9 kgfm",,4,Conversor de torque,Automático,1,,Integral sob demanda,1745 mm,1593 mm,1602 mm,4710 mm,2706 mm,1862 mm,2135 kg,,56 litros,115 mm,Disco ventilado,Disco sólido,,,,,Elétrica,11 m,,"Indep., McPherson",Mola helicoidal,"Indep., multibraço",,,,,5000 rpm,4000 rpm,136 cv (traseiro),"19,9 kgfm (traseiro)",605 kg,"22,2 graus","18,3 graus",18 graus,203 mm,Admissão e escape,,1600 kg,750 kg,,,,,,,590 cm³,2360 cm³,Kit de reparo,,,,,468 litros,217 litros,,,,,,,,,,,,58 km,20 kWh,252 cv,"45,9 kgfm",582 km,650 km,"10,4 km/l","11,6 km/l","8,47 kg/cv","46,51 kg/kgfm","3,5 kW (AC)",,,,
mitsubishi,Outlander Sport,outlander-sport,outlander-sport-gls-2-0-4x2-2021,outlander-sport-gls-2-0-4x2-2021,https://www.fichacompleta.com.br/carros/mitsubishi/outlander-sport-gls-2-0-4x2-2021,2026-06-15T19:31:34.173694,Mitsubishi Outlander Sport GLS 2.0 4x2 2021,"11,5 s",190 km/h,Corrente,Injeção multiponto,Natural,1998 cm³,4 em linha,4B11,Duplo no cabeçote,86 mm,86 mm,Transversal,Dianteiro,"8,4 kg/cv","61,7 kg/kgfm","85,1 cv/litro",,12:1,,,,"11,5 kgfm/litro",,,4,Conversor de torque,CVT,6,,Dianteira,1645 mm,1525 mm,1525 mm,4376 mm,2670 mm,1805 mm,1420 kg,359 litros,60 litros,124 mm,Disco ventilado,Disco sólido,"2,52 m²","0,832 m²","0,33",,Elétrica,"10,6 m",,"Indep., McPherson",Mola helicoidal,"Indep., multibraço",756 km,588 km,"12,6 km/l","9,8 km/l",6000 rpm,4250 rpm,,,550 kg,,23 graus,35 graus,215 mm,Admissão e escape,,1100 kg,500 kg,,,546 km,414 km,"9,1 km/l","6,9 km/l",,,,170 cv,160 cv,23 kgfm,22 kgfm,,,,,,,,,,,,,,,,,,,,,,,,,,,,
mitsubishi,Outlander Sport,outlander-sport,outlander-sport-hpe-2-0-4x2-2021,outlander-sport-hpe-2-0-4x2-2021,https://www.fichacompleta.com.br/carros/mitsubishi/outlander-sport-hpe-2-0-4x2-2021,2026-06-15T19:31:38.763200,Mitsubishi Outlander Sport HPE 2.0 4x2 2021,"11,5 s",190 km/h,,Injeção multiponto,Natural,1998 cm³,4 em linha,4B11,"Duplo no cabeçote, corrente",,,Transversal,Dianteiro,"8,4 kg/cv","61,7 kg/kgfm","85,1 cv/litro",170 cv (A) 160 cv (G) a 6000 rpm,12:1,,,,"11,5 kgfm/litro",23 kgfm (A) 22 kgfm (G) a 4250 rpm,,4,,CVT,,6,Dianteira,1645 mm,1525 mm,1525 mm,4376 mm,2670 mm,1813 mm,1420 kg,359 litros,60 litros,124 mm,225/55 R18,225/55 R18,"2,54 m²",,,"0,33",Elétrica,,"10,6 m","Independente, McPherson",Mola helicoidal,"Independente, multibraço",756 km,588 km,"12,6 km/l","9,8 km/l",,,,,550 kg,,23 graus,35 graus,,Admissão e escape,,1100 kg,500 kg,86 mm,86 mm,546 km,414 km,"9,1 km/l","6,9 km/l",,,,,,,,,,,,,,,,,,,,,,,,,,,,,,,,,,,
mitsubishi,Outlander Sport,outlander-sport,outlander-sport-hpe-2-0-4x4-2021,outlander-sport-hpe-2-0-4x4-2021,https://www.fichacompleta.com.br/carros/mitsubishi/outlander-sport-hpe-2-0-4x4-2021,2026-06-15T19:31:41.499992,Mitsubishi Outlander Sport HPE 2.0 4x4 2021,"11,9 s",188 km/h,Corrente,Injeção multiponto,Natural,1998 cm³,4 em linha,4B11,Duplo no cabeçote,86 mm,86 mm,Transversal,Dianteiro,"8,7 kg/cv","64,3 kg/kgfm","85,1 cv/litro",,12:1,,,,"11,5 kgfm/litro",,,4,Conversor de torque,CVT,6,,Integral sob demanda,1645 mm,1525 mm,1525 mm,4376 mm,2670 mm,1813 mm,1480 kg,359 litros,60 litros,124 mm,Disco ventilado,Disco sólido,"2,54 m²","0,838 m²","0,33",,Elétrica,"10,6 m",,"Indep., McPherson",Mola helicoidal,"Indep., multibraço",738 km,606 km,"12,3 km/l","10,1 km/l",6000 rpm,4250 rpm,,,490 kg,,23 graus,35 graus,215 mm,Admissão e escape,,1100 kg,500 kg,,,516 km,408 km,"8,6 km/l","6,8 km/l",,,,170 cv,160 cv,23 kgfm,22 kgfm,,,,,,,,,,,,,,,,,,,,,,,,,,,,
mitsubishi,Outlander Sport,outlander-sport,outlander-sport-hpe-2-0-4x4-2021-flex,outlander-sport-hpe-2-0-4x4-2021-flex,https://www.fichacompleta.com.br/carros/mitsubishi/outlander-sport-hpe-2-0-4x4-2021-flex,2026-06-15T19:31:44.031623,Mitsubishi Outlander Sport HPE 2.0 4x4 2021,"11,9 s",188 km/h,Corrente,Injeção multiponto,Natural,,4 em linha,4B11,Duplo no cabeçote,86 mm,86 mm,Transversal,Dianteiro,"8,71 kg/cv","64,3 kg/kgfm","85,1 cv/litro",,12:1,,,,"11,5 kgfm/litro",,,4,Conversor de torque,CVT,6,,Integral sob demanda,1645 mm,1525 mm,1525 mm,4376 mm,2670 mm,1813 mm,1480 kg,359 litros,60 litros,124 mm,Disco ventilado,Disco sólido,"2,54 m²","0,838 m²","0,33",,Elétrica,"10,6 m",,"Indep., McPherson",Mola helicoidal,"Indep., multibraço",738 km,606 km,"12,3 km/l","10,1 km/l",6000 rpm,4250 rpm,,,490 kg,,23 graus,35 graus,215 mm,Admissão,,1100 kg,500 kg,,,516 km,408 km,"8,6 km/l","6,8 km/l",500 cm³,1998 cm³,,170 cv,160 cv,23 kgfm,22 kgfm,,,,,,,,,,,,,,,,,,,,,,,,,,,,
mitsubishi,Outlander Sport,outlander-sport,outlander-sport-black-edition-2-0-4x2-2022,outlander-sport-black-edition-2-0-4x2-2022,https://www.fichacompleta.com.br/carros/mitsubishi/outlander-sport-black-edition-2-0-4x2-2022,2026-06-15T19:31:47.240735,Mitsubishi Outlander Sport Black Edition 2.0 4x2 2022,"11,5 s",190 km/h,Corrente,Injeção multiponto,Natural,1998 cm³,4 em linha,4B11,Duplo no cabeçote,86 mm,86 mm,Transversal,Dianteiro,"8,4 kg/cv","61,7 kg/kgfm","85,1 cv/litro",,12:1,,6000 rpm,4250 rpm,"11,5 kgfm/litro",,,4,Conversor de torque,CVT,6,,Dianteira,1645 mm,1525 mm,1525 mm,4376 mm,2670 mm,1813 mm,1420 kg,359 litros,60 litros,124 mm,Disco ventilado,Disco sólido,"2,54 m²","0,838 m²","0,33",,Elétrica,"10,6 m",,"Indep., McPherson",Mola helicoidal,"Indep., multibraço",756 km,588 km,"12,6 km/l","9,8 km/l",,,,,550 kg,,23 graus,35 graus,215 mm,Admissão e escape,,1100 kg,500 kg,,,546 km,414 km,"9,1 km/l","6,9 km/l",,,,,,,,,,,,,,,,,,,,,,,,,,,,,,,,170 cv,160 cv,23 kgfm,22 kgfm
mitsubishi,Outlander Sport,outlander-sport,outlander-sport-black-edition-2-0-4x4-2022,outlander-sport-black-edition-2-0-4x4-2022,https://www.fichacompleta.com.br/carros/mitsubishi/outlander-sport-black-edition-2-0-4x4-2022,2026-06-15T19:31:50.066095,Mitsubishi Outlander Sport Black Edition 2.0 4x4 2022,"11,9 s",188 km/h,Corrente,Injeção multiponto,Natural,1998 cm³,4 em linha,4B11,Duplo no cabeçote,86 mm,86 mm,Transversal,Dianteiro,"8,7 kg/cv","64,3 kg/kgfm","85,1 cv/litro",,12:1,,6000 rpm,4250 rpm,"11,5 kgfm/litro",,,4,Conversor de torque,CVT,6,,Integral sob demanda,1645 mm,1525 mm,1525 mm,4376 mm,2670 mm,1813 mm,1480 kg,359 litros,60 litros,124 mm,Disco ventilado,Disco sólido,"2,54 m²","0,838 m²","0,33",,Elétrica,"10,6 m",,"Indep., McPherson",Mola helicoidal,"Indep., multibraço",738 km,606 km,"12,3 km/l","10,1 km/l",,,,,490 kg,,23 graus,35 graus,215 mm,Admissão e escape,,1100 kg,500 kg,,,516 km,408 km,"8,6 km/l","6,8 km/l",,,,,,,,,,,,,,,,,,,,,,,,,,,,,,,,170 cv,160 cv,23 kgfm,22 kgfm
mitsubishi,Outlander Sport,outlander-sport,outlander-sport-gls-2-0-4x2-2022,outlander-sport-gls-2-0-4x2-2022,https://www.fichacompleta.com.br/carros/mitsubishi/outlander-sport-gls-2-0-4x2-2022,2026-06-15T19:31:54.981476,Mitsubishi Outlander Sport GLS 2.0 4x2 2022,"11,5 s",190 km/h,,Injeção multiponto,Natural,1998 cm³,4 em linha,4B11,"Duplo no cabeçote, corrente",,,Transversal,Dianteiro,"8,4 kg/cv","61,7 kg/kgfm","85,1 cv/litro",170 cv (A) 160 cv (G) a 6000 rpm,12:1,,,,"11,5 kgfm/litro",23 kgfm (A) 22 kgfm (G) a 4250 rpm,,4,Conversor de torque,CVT,,6,Dianteira,1645 mm,1525 mm,1525 mm,4376 mm,2670 mm,1805 mm,1420 kg,359 litros,60 litros,124 mm,Disco ventilado,Disco sólido,"2,52 m²","0,832 m²",,"0,33",Elétrica,,"10,6 m","Independente, McPherson",Mola helicoidal,"Independente, multibraço",756 km,588 km,"12,6 km/l","9,8 km/l",,,,,550 kg,,23 graus,35 graus,215 mm,Admissão e escape,,1100 kg,500 kg,86 mm,86 mm,546 km,414 km,"9,1 km/l","6,9 km/l",,,,,,,,,,,,,,,,,,,,,,,,,,,,,,,,,,,
mitsubishi,Outlander Sport,outlander-sport,outlander-sport-hpe-2-0-4x2-2022,outlander-sport-hpe-2-0-4x2-2022,https://www.fichacompleta.com.br/carros/mitsubishi/outlander-sport-hpe-2-0-4x2-2022,2026-06-15T19:31:57.704105,Mitsubishi Outlander Sport HPE 2.0 4x2 2022,"11,5 s",190 km/h,,Injeção multiponto,Natural,1998 cm³,4 em linha,4B11,"Duplo no cabeçote, corrente",,,Transversal,Dianteiro,"8,4 kg/cv","61,7 kg/kgfm","85,1 cv/litro",170 cv (A) 160 cv (G) a 6000 rpm,12:1,,,,"11,5 kgfm/litro",23 kgfm (A) 22 kgfm (G) a 4250 rpm,,4,Conversor de torque,CVT,,6,Dianteira,1645 mm,1525 mm,1525 mm,4376 mm,2670 mm,1813 mm,1420 kg,359 litros,60 litros,124 mm,Disco ventilado,225/55 R18,"2,54 m²","0,838 m²",,"0,33",Elétrica,,"10,6 m","Independente, McPherson",Mola helicoidal,"Independente, multibraço",756 km,588 km,"12,6 km/l","9,8 km/l",,,,,550 kg,,23 graus,35 graus,215 mm,Admissão e escape,,1100 kg,500 kg,86 mm,86 mm,546 km,414 km,"9,1 km/l","6,9 km/l",,,,,,,,,,,,,,,,,,,,,,,,,,,,,,,,,,,
mitsubishi,Outlander Sport,outlander-sport,outlander-sport-hpe-2-0-4x4-2022,outlander-sport-hpe-2-0-4x4-2022,https://www.fichacompleta.com.br/carros/mitsubishi/outlander-sport-hpe-2-0-4x4-2022,2026-06-15T19:32:00.595558,Mitsubishi Outlander Sport HPE 2.0 4x4 2022,"11,9 s",188 km/h,,Injeção multiponto,Natural,1998 cm³,4 em linha,4B11,"Duplo no cabeçote, corrente",,,Transversal,Dianteiro,"8,7 kg/cv","64,3 kg/kgfm","85,1 cv/litro",170 cv (A) 160 cv (G) a 6000 rpm,12:1,,,,"11,5 kgfm/litro",23 kgfm (A) 22 kgfm (G) a 4250 rpm,,4,Conversor de torque,CVT,,6,Integral sob demanda,1645 mm,1525 mm,1525 mm,4376 mm,2670 mm,1813 mm,1480 kg,359 litros,60 litros,124 mm,Disco ventilado,Disco sólido,"2,54 m²","0,838 m²",,"0,33",Elétrica,,"10,6 m","Independente, McPherson",Mola helicoidal,"Independente, multibraço",738 km,606 km,"12,3 km/l","10,1 km/l",,,,,490 kg,,23 graus,35 graus,215 mm,Admissão e escape,,1100 kg,500 kg,86 mm,86 mm,516 km,408 km,"8,6 km/l","6,8 km/l",,,,,,,,,,,,,,,,,,,,,,,,,,,,,,,,,,,
mitsubishi,Pajero,pajero,pajero-3-2-turbo-2016,pajero-3-2-turbo-2016,https://www.fichacompleta.com.br/carros/mitsubishi/pajero-3-2-turbo-2016,2026-06-15T19:32:18.117034,Mitsubishi Pajero 3.2 Turbo 2016,"13,9 s",177 km/h,,Injeção direta,Turbocompressor,3200 cm³,4 em linha,4M41,"Duplo no cabeçote, corrente",,,Longitudinal,Dianteiro,"11,5 kg/cv","54,5 kg/kgfm","56,3 cv/litro",180 cv a 3500 rpm,17:1,,,,"11,9 kgfm/litro",38 kgfm a 2000 rpm,,4,Conversor de torque,Automático,,5,Integral permanente,1840 mm,1520 mm,1515 mm,4695 mm,2800 mm,1815 mm,2070 kg,115 litros,90 litros,172 mm,Disco ventilado,Disco sólido,,,,,Hidráulica,,"11,2 m","Independente, braços sobrepostos",Mola helicoidal,Eixo rígido,,,,,,,,,640 kg,23 graus,36 graus,25 graus,215 mm,,V5A5A,1800 kg,750 kg,105 mm,"98,5 mm",,,,,,,265/65 R17,,,,,,,,,,990 km,882 km,11 km/l,"9,8 km/l",35 graus,,45 graus,,,,,,,,,,,,,,,,
mitsubishi,Pajero,pajero,pajero-hpe-3-2-turbo-2016,pajero-hpe-3-2-turbo-2016,https://www.fichacompleta.com.br/carros/mitsubishi/pajero-hpe-3-2-turbo-2016,2026-06-15T19:32:21.253081,Mitsubishi Pajero HPE 3.2 Turbo 2016,"13,9 s",177 km/h,,Injeção direta,Turbocompressor,3200 cm³,4 em linha,4M41,"Duplo no cabeçote, corrente",105 mm,"98,5 mm",Longitudinal,Dianteiro,"11,8 kg/cv","56,1 kg/kgfm","56,3 cv/litro",180 cv a 3500 rpm,17:1,,,,"11,9 kgfm/litro",38 kgfm a 2000 rpm,,4,Conversor de torque,Automático,,5,Integral permanente,1840 mm,1520 mm,1515 mm,4695 mm,2800 mm,1815 mm,2130 kg,,90 litros,172 mm,Disco ventilado,Disco sólido,,,,,Hidráulica,,"11,2 m","Independente, braços sobrepostos",Mola helicoidal,Eixo rígido,,,,,,,,,580 kg,23 graus,36 graus,25 graus,215 mm,,V5A5A,1800 kg,750 kg,,,,,,,,,265/65 R17,,,,,,,450 litros,115 litros,,990 km,882 km,11 km/l,"9,8 km/l",35 graus,,45 graus,,,,,,,,,,,,,,,,
mitsubishi,Pajero,pajero,pajero-hpe-3-5-v6-2016,pajero-hpe-3-5-v6-2016,https://www.fichacompleta.com.br/carros/mitsubishi/pajero-hpe-3-5-v6-2016,2026-06-15T19:32:25.927345,Mitsubishi Pajero HPE 3.5 V6 2016,13 s,182 km/h,,Injeção multiponto,Natural,3497 cm³,6 em V,6G74,Único no cabeçote,,,Longitudinal,Dianteiro,"9,8 kg/cv","59,9 kg/kgfm","58,6 cv/litro",205 cv (A) 200 cv (G) a 5000 rpm,9:1,,,,"9,6 kgfm/litro","33,5 kgfm (A) 31,5 kgfm (G) a 3500 rpm",,4,Conversor de torque,Automático,,4,Integral permanente,1840 mm,1520 mm,1515 mm,4695 mm,2800 mm,1815 mm,2005 kg,,90 litros,172 mm,Disco ventilado,Disco sólido,,,,,Hidráulica,,"11,2 m","Independente, braços sobrepostos",Mola helicoidal,Eixo rígido,720 km,540 km,8 km/l,6 km/l,,,,,595 kg,23 graus,36 graus,25 graus,215 mm,,V4A5A,1800 kg,750 kg,"85,8 mm",93 mm,540 km,405 km,6 km/l,"4,5 km/l",,,265/65 R17,,,,,,,450 litros,115 litros,,,,,,35 graus,,45 graus,,,,,,,,,,,,,,,,
mitsubishi,Pajero,pajero,pajero-hpe-s-3-2-turbo-2016,pajero-hpe-s-3-2-turbo-2016,https://www.fichacompleta.com.br/carros/mitsubishi/pajero-hpe-s-3-2-turbo-2016,2026-06-15T19:32:30.552968,Mitsubishi Pajero HPE S 3.2 Turbo 2016,"13,9 s",177 km/h,,Injeção direta,Turbocompressor,3200 cm³,4 em linha,4M41,"Duplo no cabeçote, corrente",105 mm,"98,5 mm",Longitudinal,Dianteiro,"11,8 kg/cv","56,1 kg/kgfm","56,3 cv/litro",180 cv a 3500 rpm,17:1,,,,"11,9 kgfm/litro",38 kgfm a 2000 rpm,,4,Conversor de torque,Automático,,5,Integral permanente,1840 mm,1520 mm,1515 mm,4695 mm,2800 mm,1815 mm,2130 kg,,90 litros,159 mm,Disco ventilado,Disco sólido,,,,,Hidráulica,,"11,2 m","Independente, braços sobrepostos",Mola helicoidal,Eixo rígido,,,,,,,,,580 kg,23 graus,36 graus,25 graus,215 mm,,V5A5A,1800 kg,750 kg,,,,,,,,,265/60 R18,,,,,,,450 litros,115 litros,,990 km,882 km,11 km/l,"9,8 km/l",35 graus,,45 graus,,,,,,,,,,,,,,,,
mitsubishi,Pajero,pajero,pajero-hpe-3-2-turbo-2017,pajero-hpe-3-2-turbo-2017,https://www.fichacompleta.com.br/carros/mitsubishi/pajero-hpe-3-2-turbo-2017,2026-06-15T19:32:35.203960,Mitsubishi Pajero HPE 3.2 Turbo 2017,"13,9 s",177 km/h,,Injeção direta,Turbocompressor,3200 cm³,4 em linha,4M41,"Duplo no cabeçote, corrente",105 mm,"98,5 mm",Longitudinal,Dianteiro,"11,8 kg/cv","56,1 kg/kgfm","56,3 cv/litro",180 cv a 3500 rpm,17:1,,,,"11,9 kgfm/litro",38 kgfm a 2000 rpm,,4,Conversor de torque,Automático,,5,Integral permanente,1840 mm,1520 mm,1515 mm,4695 mm,2800 mm,1815 mm,2130 kg,,90 litros,172 mm,Disco ventilado,Disco sólido,,,,,Hidráulica,,"11,2 m","Independente, braços sobrepostos",Mola helicoidal,Eixo rígido,,,,,,,,,580 kg,23 graus,36 graus,25 graus,215 mm,,V5A5A,1800 kg,750 kg,,,,,,,,,265/65 R17,,,,,,,450 litros,115 litros,,990 km,882 km,11 km/l,"9,8 km/l",35 graus,,45 graus,,,,,,,,,,,,,,,,
mitsubishi,Pajero,pajero,pajero-hpe-3-5-v6-2017,pajero-hpe-3-5-v6-2017,https://www.fichacompleta.com.br/carros/mitsubishi/pajero-hpe-3-5-v6-2017,2026-06-15T19:32:39.049244,Mitsubishi Pajero HPE 3.5 V6 2017,13 s,182 km/h,,Injeção multiponto,Natural,3497 cm³,6 em V,6G74,Único no cabeçote,"85,8 mm",93 mm,Longitudinal,Dianteiro,"9,8 kg/cv","59,9 kg/kgfm","58,6 cv/litro",205 cv (A) 200 cv (G) a 5000 rpm,9:1,,,,"9,6 kgfm/litro","33,5 kgfm (A) 31,5 kgfm (G) a 3500 rpm",,4,Conversor de torque,Automático,,4,Integral permanente,1840 mm,1520 mm,1515 mm,4695 mm,2800 mm,1815 mm,2005 kg,,90 litros,172 mm,Disco ventilado,Disco sólido,,,,,Hidráulica,,"11,2 m","Independente, braços sobrepostos",Mola helicoidal,Eixo rígido,720 km,540 km,8 km/l,6 km/l,,,,,595 kg,23 graus,36 graus,25 graus,215 mm,,V4A5A,1800 kg,750 kg,,,540 km,405 km,6 km/l,"4,5 km/l",,,265/65 R17,,,,,,,450 litros,115 litros,,,,,,35 graus,,45 graus,,,,,,,,,,,,,,,,
mitsubishi,Pajero,pajero,pajero-outdoor-3-2-turbo-2017,pajero-outdoor-3-2-turbo-2017,https://www.fichacompleta.com.br/carros/mitsubishi/pajero-outdoor-3-2-turbo-2017,2026-06-15T19:32:42.141733,Mitsubishi Pajero Outdoor 3.2 Turbo 2017,"13,9 s",177 km/h,,Injeção direta,Turbocompressor,3200 cm³,4 em linha,4M41,"Duplo no cabeçote, corrente",105 mm,"98,5 mm",Longitudinal,Dianteiro,"11,5 kg/cv","54,5 kg/kgfm","56,3 cv/litro",180 cv a 3500 rpm,17:1,,,,"11,9 kgfm/litro",38 kgfm a 2000 rpm,,4,Conversor de torque,Automático,,5,Integral permanente,1840 mm,1520 mm,1515 mm,4695 mm,2800 mm,1815 mm,2070 kg,115 litros,90 litros,172 mm,Disco ventilado,Disco sólido,,,,,Hidráulica,,"11,2 m","Independente, braços sobrepostos",Mola helicoidal,Eixo rígido,,,,,,,,,640 kg,23 graus,36 graus,25 graus,215 mm,,V5A5A,1800 kg,750 kg,,,,,,,,,265/65 R17,,,,,,,,,,990 km,882 km,11 km/l,"9,8 km/l",35 graus,,45 graus,,,,,,,,,,,,,,,,
mitsubishi,Pajero,pajero,pajero-hd-s-3-2-turbo-2018,pajero-hd-s-3-2-turbo-2018,https://www.fichacompleta.com.br/carros/mitsubishi/pajero-hd-s-3-2-turbo-2018,2026-06-15T19:32:45.115635,Mitsubishi Pajero HD-S 3.2 Turbo 2018,12 s,185 km/h,,Injeção direta,Turbocompressor,3200 cm³,4 em linha,4M41,"Duplo no cabeçote, corrente",105 mm,"98,5 mm",Longitudinal,Dianteiro,"11,5 kg/cv","54,5 kg/kgfm","56,3 cv/litro",180 cv a 3500 rpm,17:1,,,,"11,9 kgfm/litro",38 kgfm a 2000 rpm,,4,Embreagem monodisco a seco,Manual,,5,Integral permanente,1840 mm,1520 mm,1515 mm,4695 mm,2800 mm,1815 mm,2070 kg,115 litros,90 litros,172 mm,Disco ventilado,Disco sólido,,,,,Hidráulica,,"11,2 m","Independente, braços sobrepostos",Mola helicoidal,Eixo rígido,,,,,,,,,640 kg,23 graus,36 graus,25 graus,215 mm,,,1800 kg,750 kg,,,,,,,,,265/65 R17,,,,,,,,,,990 km,882 km,11 km/l,"9,8 km/l",35 graus,,45 graus,,,,,,,,,,,,,,,,
mitsubishi,Pajero,pajero,pajero-hpe-3-2-turbo-2018,pajero-hpe-3-2-turbo-2018,https://www.fichacompleta.com.br/carros/mitsubishi/pajero-hpe-3-2-turbo-2018,2026-06-15T19:32:49.441826,Mitsubishi Pajero HPE 3.2 Turbo 2018,"13,9 s",177 km/h,,Injeção direta,Turbocompressor,3200 cm³,4 em linha,4M41,"Duplo no cabeçote, corrente",105 mm,"98,5 mm",Longitudinal,Dianteiro,"11,8 kg/cv","56,1 kg/kgfm","56,3 cv/litro",180 cv a 3500 rpm,17:1,,,,"11,9 kgfm/litro",38 kgfm a 2000 rpm,,4,Conversor de torque,Automático,,5,Integral permanente,1840 mm,1520 mm,1515 mm,4695 mm,2800 mm,1815 mm,2130 kg,,90 litros,172 mm,Disco ventilado,Disco sólido,,,,,Hidráulica,,"11,2 m","Independente, braços sobrepostos",Mola helicoidal,Eixo rígido,,,,,,,,,580 kg,23 graus,36 graus,25 graus,215 mm,,V5A5A,1800 kg,750 kg,,,,,,,,,265/65 R17,,,,,,,450 litros,115 litros,,990 km,882 km,11 km/l,"9,8 km/l",35 graus,,45 graus,,,,,,,,,,,,,,,,
mitsubishi,Pajero,pajero,pajero-hpe-3-5-v6-2018,pajero-hpe-3-5-v6-2018,https://www.fichacompleta.com.br/carros/mitsubishi/pajero-hpe-3-5-v6-2018,2026-06-15T19:32:53.013261,Mitsubishi Pajero HPE 3.5 V6 2018,13 s,182 km/h,,Injeção multiponto,Natural,3497 cm³,6 em V,6G74,Único no cabeçote,"85,8 mm",93 mm,Longitudinal,Dianteiro,"9,8 kg/cv","59,9 kg/kgfm","58,6 cv/litro",205 cv (A) 200 cv (G) a 5000 rpm,9:1,,,,"9,6 kgfm/litro","33,5 kgfm (A) 31,5 kgfm (G) a 3500 rpm",,4,Conversor de torque,Automático,,4,Integral permanente,1840 mm,1520 mm,1515 mm,4695 mm,2800 mm,1815 mm,2005 kg,,90 litros,172 mm,Disco ventilado,Disco sólido,,,,,Hidráulica,,"11,2 m","Independente, braços sobrepostos",Mola helicoidal,Eixo rígido,720 km,540 km,8 km/l,6 km/l,,,,,595 kg,23 graus,36 graus,25 graus,215 mm,,V4A5A,1800 kg,750 kg,,,540 km,405 km,6 km/l,"4,5 km/l",,,265/65 R17,,,,,,,450 litros,115 litros,,,,,,35 graus,,45 graus,,,,,,,,,,,,,,,,
mitsubishi,Pajero,pajero,pajero-outdoor-3-2-turbo-2018,pajero-outdoor-3-2-turbo-2018,https://www.fichacompleta.com.br/carros/mitsubishi/pajero-outdoor-3-2-turbo-2018,2026-06-15T19:32:55.654252,Mitsubishi Pajero Outdoor 3.2 Turbo 2018,"13,9 s",177 km/h,,Injeção direta,Turbocompressor,3200 cm³,4 em linha,4M41,"Duplo no cabeçote, corrente",105 mm,"98,5 mm",Longitudinal,Dianteiro,"11,5 kg/cv","54,5 kg/kgfm","56,3 cv/litro",180 cv a 3500 rpm,17:1,,,,"11,9 kgfm/litro",38 kgfm a 2000 rpm,,4,Conversor de torque,Automático,,5,Integral permanente,1840 mm,1520 mm,1515 mm,4695 mm,2800 mm,1815 mm,2070 kg,115 litros,90 litros,172 mm,Disco ventilado,Disco sólido,,,,,Hidráulica,,"11,2 m","Independente, braços sobrepostos",Mola helicoidal,Eixo rígido,,,,,,,,,640 kg,23 graus,36 graus,25 graus,215 mm,,V5A5A,1800 kg,750 kg,,,,,,,,,265/65 R17,,,,,,,,,,990 km,882 km,11 km/l,"9,8 km/l",35 graus,,45 graus,,,,,,,,,,,,,,,,
mitsubishi,Pajero Dakar,pajero-dakar,pajero-dakar-3-2-turbo-2009,pajero-dakar-3-2-turbo-2009,https://www.fichacompleta.com.br/carros/mitsubishi/pajero-dakar-3-2-turbo-2009,2026-06-15T19:33:15.999043,Mitsubishi Pajero Dakar 3.2 Turbo 2009,13 s,180 km/h,Corrente,Injeção direta,Turbocompressor,,4 em linha,4M41,Duplo no cabeçote,105 mm,"98,5 mm",Longitudinal,Dianteiro,"12,67 kg/cv","54,9 kg/kgfm","51,6 cv/litro",165 cv,17:1,,,,"11,9 kgfm/litro","38,1 kgfm",,4,Embreagem monodisco a seco,Manual,5,,Integral permanente,1840 mm,1520 mm,1515 mm,4695 mm,2800 mm,1815 mm,2090 kg,,70 litros,172 mm,Disco ventilado,Tambor,,,,,Hidráulica,"11,2 m",,"Indep., braços sobrepostos",Mola helicoidal,Eixo rígido,,,,,3800 rpm,2000 rpm,,,625 kg,23 graus,36 graus,25 graus,215 mm,,,1800 kg,750 kg,,,,,,,800 cm³,3200 cm³,265/65 R17,,,,,450 litros,115 litros,,,,805 km,665 km,"11,5 km/l","9,5 km/l",35 graus,,,45 graus,,,,,,,,,,,,,,,
mitsubishi,Pajero Dakar,pajero-dakar,pajero-dakar-3-2-turbo-at-2009,pajero-dakar-3-2-turbo-at-2009,https://www.fichacompleta.com.br/carros/mitsubishi/pajero-dakar-3-2-turbo-at-2009,2026-06-15T19:33:19.901283,Mitsubishi Pajero Dakar 3.2 Turbo AT 2009,14 s,175 km/h,Corrente,Injeção direta,Turbocompressor,,4 em linha,4M41,Duplo no cabeçote,105 mm,"98,5 mm",Longitudinal,Dianteiro,"12,76 kg/cv","55,2 kg/kgfm","51,6 cv/litro",165 cv,17:1,,,,"11,9 kgfm/litro","38,1 kgfm",,4,Conversor de torque,Automático,4,,Integral permanente,1840 mm,1520 mm,1515 mm,4695 mm,2800 mm,1815 mm,2105 kg,,70 litros,172 mm,Disco ventilado,Tambor,,,,,Hidráulica,"11,2 m",,"Indep., braços sobrepostos",Mola helicoidal,Eixo rígido,,,,,3800 rpm,2000 rpm,,,605 kg,23 graus,36 graus,25 graus,215 mm,,,1800 kg,750 kg,,,,,,,800 cm³,3200 cm³,265/65 R17,,,,,450 litros,115 litros,,,,770 km,630 km,11 km/l,9 km/l,35 graus,,,45 graus,,,,,,,,,,,,,,,
mitsubishi,Pajero Dakar,pajero-dakar,pajero-dakar-3-2-turbo-2010,pajero-dakar-3-2-turbo-2010,https://www.fichacompleta.com.br/carros/mitsubishi/pajero-dakar-3-2-turbo-2010,2026-06-15T19:33:23.564743,Mitsubishi Pajero Dakar 3.2 Turbo 2010,13 s,180 km/h,Corrente,Injeção direta,Turbocompressor,3200 cm³,4 em linha,4M41,Duplo no cabeçote,105 mm,"98,5 mm",Longitudinal,Dianteiro,"12,7 kg/cv","54,9 kg/kgfm","51,6 cv/litro",165 cv,17:1,,,,"11,9 kgfm/litro","38,1 kgfm",,4,Embreagem monodisco a seco,Manual,5,,Integral permanente,1840 mm,1520 mm,1515 mm,4695 mm,2800 mm,1815 mm,2090 kg,,70 litros,172 mm,Disco ventilado,Tambor,,,,,Hidráulica,"11,2 m",,"Indep., braços sobrepostos",Mola helicoidal,Eixo rígido,,,,,3800 rpm,2000 rpm,,,625 kg,23 graus,36 graus,25 graus,215 mm,,,1800 kg,750 kg,,,,,,,,,265/65 R17,,,,,115 litros,,,,,805 km,665 km,"11,5 km/l","9,5 km/l",35 graus,,,45 graus,,,,,,,,,,,,,,,
mitsubishi,Pajero Dakar,pajero-dakar,pajero-dakar-3-2-turbo-at-2010,pajero-dakar-3-2-turbo-at-2010,https://www.fichacompleta.com.br/carros/mitsubishi/pajero-dakar-3-2-turbo-at-2010,2026-06-15T19:33:27.560921,Mitsubishi Pajero Dakar 3.2 Turbo AT 2010,14 s,175 km/h,,Injeção direta,Turbocompressor,3200 cm³,4 em linha,4M41,"Duplo no cabeçote, corrente",105 mm,"98,5 mm",Longitudinal,Dianteiro,"12,8 kg/cv","55,2 kg/kgfm","51,6 cv/litro",165 cv a 3800 rpm,17:1,,,,"11,9 kgfm/litro","38,1 kgfm a 2000 rpm",,4,Conversor de torque,Automático,,4,Integral permanente,1840 mm,1520 mm,1515 mm,4695 mm,2800 mm,1815 mm,2105 kg,,70 litros,172 mm,Disco ventilado,Tambor,,,,,Hidráulica,,"11,2 m","Independente, braços sobrepostos",Mola helicoidal,Eixo rígido,,,,,,,,,605 kg,23 graus,36 graus,25 graus,215 mm,,,1800 kg,750 kg,,,,,,,,,265/65 R17,,,,,,,450 litros,115 litros,,770 km,630 km,11 km/l,9 km/l,35 graus,,45 graus,,,,,,,,,,,,,,,,
mitsubishi,Pajero Dakar,pajero-dakar,pajero-dakar-3-2-turbo-2011,pajero-dakar-3-2-turbo-2011,https://www.fichacompleta.com.br/carros/mitsubishi/pajero-dakar-3-2-turbo-2011,2026-06-15T19:33:30.606735,Mitsubishi Pajero Dakar 3.2 Turbo 2011,13 s,180 km/h,Corrente,Injeção direta,Turbocompressor,3200 cm³,4 em linha,4M41,Duplo no cabeçote,105 mm,"98,5 mm",Longitudinal,Dianteiro,"12,7 kg/cv","54,9 kg/kgfm","51,6 cv/litro",165 cv,17:1,,,,"11,9 kgfm/litro","38,1 kgfm",,4,Embreagem monodisco a seco,Manual,5,,Integral permanente,1840 mm,1520 mm,1515 mm,4695 mm,2800 mm,1815 mm,2090 kg,,70 litros,172 mm,Disco ventilado,Tambor,,,,,Hidráulica,"11,2 m",,"Indep., braços sobrepostos",Mola helicoidal,Eixo rígido,,,,,3800 rpm,2000 rpm,,,625 kg,23 graus,36 graus,25 graus,215 mm,,,1800 kg,750 kg,,,,,,,,,265/65 R17,,,,,115 litros,,,,,805 km,665 km,"11,5 km/l","9,5 km/l",35 graus,,,45 graus,,,,,,,,,,,,,,,
mitsubishi,Pajero Dakar,pajero-dakar,pajero-dakar-3-2-turbo-at-2011,pajero-dakar-3-2-turbo-at-2011,https://www.fichacompleta.com.br/carros/mitsubishi/pajero-dakar-3-2-turbo-at-2011,2026-06-15T19:33:34.392406,Mitsubishi Pajero Dakar 3.2 Turbo AT 2011,14 s,175 km/h,Corrente,Injeção direta,Turbocompressor,3200 cm³,4 em linha,4M41,Duplo no cabeçote,105 mm,"98,5 mm",Longitudinal,Dianteiro,"12,8 kg/cv","55,2 kg/kgfm","51,6 cv/litro",165 cv,17:1,,,,"11,9 kgfm/litro","38,1 kgfm",,4,Conversor de torque,Automático,4,,Integral permanente,1840 mm,1520 mm,1515 mm,4695 mm,2800 mm,1815 mm,2105 kg,,70 litros,172 mm,Disco ventilado,Tambor,,,,,Hidráulica,"11,2 m",,"Indep., braços sobrepostos",Mola helicoidal,Eixo rígido,,,,,3800 rpm,2000 rpm,,,605 kg,23 graus,36 graus,25 graus,215 mm,,,1800 kg,750 kg,,,,,,,,,265/65 R17,,,,,115 litros,,,,,770 km,630 km,11 km/l,9 km/l,35 graus,,,45 graus,,,,,,,,,,,,,,,
mitsubishi,Pajero Dakar,pajero-dakar,pajero-dakar-hpe-3-2-turbo-2011,pajero-dakar-hpe-3-2-turbo-2011,https://www.fichacompleta.com.br/carros/mitsubishi/pajero-dakar-hpe-3-2-turbo-2011,2026-06-15T19:33:39.213208,Mitsubishi Pajero Dakar HPE 3.2 Turbo 2011,14 s,175 km/h,,Injeção direta,Turbocompressor,3200 cm³,4 em linha,4M41,"Duplo no cabeçote, corrente",105 mm,"98,5 mm",Longitudinal,Dianteiro,"12,7 kg/cv","55,0 kg/kgfm","51,6 cv/litro",165 cv a 3800 rpm,17:1,,,,"11,9 kgfm/litro","38,1 kgfm a 2000 rpm",,4,Conversor de torque,Automático,,4,Integral permanente,1840 mm,1520 mm,1515 mm,4695 mm,2800 mm,1815 mm,2095 kg,,70 litros,172 mm,Disco ventilado,Disco sólido,,,,,Hidráulica,,"11,2 m","Independente, braços sobrepostos",Mola helicoidal,Eixo rígido,,,,,,,,,615 kg,23 graus,36 graus,25 graus,215 mm,,,1800 kg,750 kg,,,,,,,,,265/65 R17,,,,,,,450 litros,115 litros,,770 km,630 km,11 km/l,9 km/l,35 graus,,45 graus,,,,,,,,,,,,,,,,
mitsubishi,Pajero Dakar,pajero-dakar,pajero-dakar-hpe-3-5-v6-2011,pajero-dakar-hpe-3-5-v6-2011,https://www.fichacompleta.com.br/carros/mitsubishi/pajero-dakar-hpe-3-5-v6-2011,2026-06-15T19:33:41.778753,Mitsubishi Pajero Dakar HPE 3.5 V6 2011,13 s,182 km/h,Correia dentada,Injeção multiponto,Natural,3497 cm³,6 em V,6G74,Único no cabeçote,"85,8 mm",93 mm,Longitudinal,Dianteiro,"9,8 kg/cv","59,9 kg/kgfm","58,6 cv/litro",,9:1,,,,"9,6 kgfm/litro",,,4,Conversor de torque,Automático,4,,Integral permanente,1840 mm,1520 mm,1515 mm,4695 mm,2800 mm,1815 mm,2005 kg,,70 litros,172 mm,Disco ventilado,Disco sólido,,,,,Hidráulica,"11,2 m",,"Indep., braços sobrepostos",Mola helicoidal,Eixo rígido,560 km,420 km,8 km/l,6 km/l,5000 rpm,3500 rpm,,,595 kg,23 graus,36 graus,25 graus,215 mm,,V4A5A,1800 kg,750 kg,,,420 km,315 km,6 km/l,"4,5 km/l",,,265/65 R17,205 cv,200 cv,"33,5 kgfm","31,5 kgfm",450 litros,115 litros,,,,,,,,35 graus,,,45 graus,,,,,,,,,,,,,,,
mitsubishi,Pajero Dakar,pajero-dakar,pajero-dakar-3-2-turbo-2012,pajero-dakar-3-2-turbo-2012,https://www.fichacompleta.com.br/carros/mitsubishi/pajero-dakar-3-2-turbo-2012,2026-06-15T19:33:45.465573,Mitsubishi Pajero Dakar 3.2 Turbo 2012,13 s,180 km/h,Corrente,Injeção direta,Turbocompressor,3200 cm³,4 em linha,4M41,Duplo no cabeçote,105 mm,"98,5 mm",Longitudinal,Dianteiro,"12,7 kg/cv","54,9 kg/kgfm","51,6 cv/litro",165 cv,17:1,,,,"11,9 kgfm/litro","38,1 kgfm",,4,Embreagem monodisco a seco,Manual,5,,Integral permanente,1840 mm,1520 mm,1515 mm,4695 mm,2800 mm,1815 mm,2090 kg,,70 litros,172 mm,Disco ventilado,Tambor,,,,,Hidráulica,"11,2 m",,"Indep., braços sobrepostos",Mola helicoidal,Eixo rígido,,,,,3800 rpm,2000 rpm,,,625 kg,23 graus,36 graus,25 graus,215 mm,,,1800 kg,750 kg,,,,,,,,,265/65 R17,,,,,115 litros,,,,,805 km,665 km,"11,5 km/l","9,5 km/l",35 graus,,,45 graus,,,,,,,,,,,,,,,
mitsubishi,Pajero Dakar,pajero-dakar,pajero-dakar-3-2-turbo-at-2012,pajero-dakar-3-2-turbo-at-2012,https://www.fichacompleta.com.br/carros/mitsubishi/pajero-dakar-3-2-turbo-at-2012,2026-06-15T19:33:49.661469,Mitsubishi Pajero Dakar 3.2 Turbo AT 2012,14 s,175 km/h,Corrente,Injeção direta,Turbocompressor,3200 cm³,4 em linha,4M41,Duplo no cabeçote,105 mm,"98,5 mm",Longitudinal,Dianteiro,"12,8 kg/cv","55,2 kg/kgfm","51,6 cv/litro",165 cv,17:1,,,,"11,9 kgfm/litro","38,1 kgfm",,4,Conversor de torque,Automático,4,,Integral permanente,1840 mm,1520 mm,1515 mm,4695 mm,2800 mm,1815 mm,2105 kg,,70 litros,172 mm,Disco ventilado,Tambor,,,,,Hidráulica,"11,2 m",,"Indep., braços sobrepostos",Mola helicoidal,Eixo rígido,,,,,3800 rpm,2000 rpm,,,605 kg,23 graus,36 graus,25 graus,215 mm,,,1800 kg,750 kg,,,,,,,,,265/65 R17,,,,,115 litros,,,,,770 km,630 km,11 km/l,9 km/l,35 graus,,,45 graus,,,,,,,,,,,,,,,
mitsubishi,Pajero Dakar,pajero-dakar,pajero-dakar-hpe-3-2-turbo-2012,pajero-dakar-hpe-3-2-turbo-2012,https://www.fichacompleta.com.br/carros/mitsubishi/pajero-dakar-hpe-3-2-turbo-2012,2026-06-15T19:33:54.280683,Mitsubishi Pajero Dakar HPE 3.2 Turbo 2012,14 s,175 km/h,Corrente,Injeção direta,Turbocompressor,3200 cm³,4 em linha,4M41,Duplo no cabeçote,105 mm,"98,5 mm",Longitudinal,Dianteiro,"12,7 kg/cv","55,0 kg/kgfm","51,6 cv/litro",165 cv,17:1,,3800 rpm,2000 rpm,"11,9 kgfm/litro","38,1 kgfm",,4,Conversor de torque,Automático,4,4,Integral permanente,1840 mm,1520 mm,1515 mm,4695 mm,2800 mm,1815 mm,2095 kg,,70 litros,172 mm,Disco ventilado,Disco sólido,,,,,Hidráulica,"11,2 m","11,2 m","Indep., braços sobrepostos",Mola helicoidal,Eixo rígido,,,,,,,,,615 kg,23 graus,36 graus,25 graus,215 mm,,,1800 kg,750 kg,,,,,,,,,265/65 R17,,,,,450 litros,115 litros,450 litros,115 litros,,770 km,630 km,11 km/l,9 km/l,35 graus,,45 graus,45 graus,,,,,,,,,,,,,,,
mitsubishi,Pajero Dakar,pajero-dakar,pajero-dakar-hpe-3-5-v6-2012,pajero-dakar-hpe-3-5-v6-2012,https://www.fichacompleta.com.br/carros/mitsubishi/pajero-dakar-hpe-3-5-v6-2012,2026-06-15T19:33:59.191718,Mitsubishi Pajero Dakar HPE 3.5 V6 2012,13 s,182 km/h,Correia dentada,Injeção multiponto,Natural,3497 cm³,6 em V,6G74,Único no cabeçote,"85,8 mm",93 mm,Longitudinal,Dianteiro,"9,8 kg/cv","59,9 kg/kgfm","58,6 cv/litro",205 cv (A) 200 cv (G) a 5000 rpm,9:1,,5000 rpm,3500 rpm,"9,6 kgfm/litro","33,5 kgfm (A) 31,5 kgfm (G) a 3500 rpm",,4,Conversor de torque,Automático,4,4,Integral permanente,1840 mm,1520 mm,1515 mm,4695 mm,2800 mm,1815 mm,2005 kg,,90 litros,172 mm,Disco ventilado,Disco sólido,,,,,Hidráulica,"11,2 m","11,2 m","Indep., braços sobrepostos",Mola helicoidal,Eixo rígido,720 km,540 km,8 km/l,6 km/l,,,,,595 kg,23 graus,36 graus,25 graus,215 mm,,V4A5A,1800 kg,750 kg,,,540 km,405 km,6 km/l,"4,5 km/l",,,265/65 R17,205 cv,200 cv,"33,5 kgfm","31,5 kgfm",450 litros,115 litros,450 litros,115 litros,,,,,,35 graus,,45 graus,45 graus,,,,,,,,,,,,,,,
mitsubishi,Pajero Dakar,pajero-dakar,pajero-dakar-3-2-turbo-2013,pajero-dakar-3-2-turbo-2013,https://www.fichacompleta.com.br/carros/mitsubishi/pajero-dakar-3-2-turbo-2013,2026-06-15T19:34:02.660236,Mitsubishi Pajero Dakar 3.2 Turbo 2013,13 s,180 km/h,Corrente,Injeção direta,Turbocompressor,3200 cm³,4 em linha,4M41,Duplo no cabeçote,105 mm,"98,5 mm",Longitudinal,Dianteiro,"12,7 kg/cv","54,9 kg/kgfm","51,6 cv/litro",165 cv,17:1,,,,"11,9 kgfm/litro","38,1 kgfm",,4,Embreagem monodisco a seco,Manual,5,,Integral permanente,1840 mm,1520 mm,1515 mm,4695 mm,2800 mm,1815 mm,2090 kg,,70 litros,172 mm,Disco ventilado,Tambor,,,,,Hidráulica,"11,2 m",,"Indep., braços sobrepostos",Mola helicoidal,Eixo rígido,,,,,3800 rpm,2000 rpm,,,625 kg,23 graus,36 graus,25 graus,215 mm,,,1800 kg,750 kg,,,,,,,,,265/65 R17,,,,,115 litros,,,,,805 km,665 km,"11,5 km/l","9,5 km/l",35 graus,,,45 graus,,,,,,,,,,,,,,,
mitsubishi,Pajero Dakar,pajero-dakar,pajero-dakar-3-2-turbo-at-2013,pajero-dakar-3-2-turbo-at-2013,https://www.fichacompleta.com.br/carros/mitsubishi/pajero-dakar-3-2-turbo-at-2013,2026-06-15T19:34:06.318729,Mitsubishi Pajero Dakar 3.2 Turbo AT 2013,14 s,175 km/h,Corrente,Injeção direta,Turbocompressor,,4 em linha,4M41,Duplo no cabeçote,105 mm,"98,5 mm",Longitudinal,Dianteiro,"12,76 kg/cv","55,2 kg/kgfm","51,6 cv/litro",165 cv,17:1,,,,"11,9 kgfm/litro","38,1 kgfm",,4,Conversor de torque,Automático,4,,Integral permanente,1840 mm,1520 mm,1515 mm,4695 mm,2800 mm,1815 mm,2105 kg,500 litros,70 litros,172 mm,Disco ventilado,Tambor,,,,,Hidráulica,"11,2 m",,"Indep., braços sobrepostos",Mola helicoidal,Eixo rígido,,,,,3800 rpm,2000 rpm,,,605 kg,23 graus,36 graus,25 graus,215 mm,,,1800 kg,750 kg,,,,,,,800 cm³,3200 cm³,265/65 R17,,,,,,,,,,770 km,630 km,11 km/l,9 km/l,35 graus,,,45 graus,,,,,,,,,,,,,,,
mitsubishi,Pajero Dakar,pajero-dakar,pajero-dakar-hpe-3-2-turbo-2013,pajero-dakar-hpe-3-2-turbo-2013,https://www.fichacompleta.com.br/carros/mitsubishi/pajero-dakar-hpe-3-2-turbo-2013,2026-06-15T19:34:10.020129,Mitsubishi Pajero Dakar HPE 3.2 Turbo 2013,14 s,175 km/h,,Injeção direta,Turbocompressor,3200 cm³,4 em linha,4M41,"Duplo no cabeçote, corrente",105 mm,"98,5 mm",Longitudinal,Dianteiro,"12,7 kg/cv","55,0 kg/kgfm","51,6 cv/litro",165 cv a 3800 rpm,17:1,,,,"11,9 kgfm/litro","38,1 kgfm a 2000 rpm",,4,Conversor de torque,Automático,,4,Integral permanente,1840 mm,1520 mm,1515 mm,4695 mm,2800 mm,1815 mm,2095 kg,,70 litros,172 mm,Disco ventilado,Disco sólido,,,,,Hidráulica,,"11,2 m","Independente, braços sobrepostos",Mola helicoidal,Eixo rígido,,,,,,,,,615 kg,23 graus,36 graus,25 graus,215 mm,,,1800 kg,750 kg,,,,,,,,,265/65 R17,,,,,,,450 litros,115 litros,,770 km,630 km,11 km/l,9 km/l,35 graus,,45 graus,,,,,,,,,,,,,,,,
mitsubishi,Pajero Dakar,pajero-dakar,pajero-dakar-hpe-3-5-v6-2013,pajero-dakar-hpe-3-5-v6-2013,https://www.fichacompleta.com.br/carros/mitsubishi/pajero-dakar-hpe-3-5-v6-2013,2026-06-15T19:34:13.243396,Mitsubishi Pajero Dakar HPE 3.5 V6 2013,13 s,182 km/h,,Injeção multiponto,Natural,3497 cm³,6 em V,6G74,Único no cabeçote,"85,8 mm",93 mm,Longitudinal,Dianteiro,"9,8 kg/cv","59,9 kg/kgfm","58,6 cv/litro",205 cv (A) 200 cv (G) a 5000 rpm,9:1,,,,"9,6 kgfm/litro","33,5 kgfm (A) 31,5 kgfm (G) a 3500 rpm",,4,Conversor de torque,Automático,,4,Integral permanente,1840 mm,1520 mm,1515 mm,4695 mm,2800 mm,1815 mm,2005 kg,,90 litros,172 mm,Disco ventilado,Disco sólido,,,,,Hidráulica,,"11,2 m","Independente, braços sobrepostos",Mola helicoidal,Eixo rígido,720 km,540 km,8 km/l,6 km/l,,,,,595 kg,23 graus,36 graus,25 graus,215 mm,,V4A5A,1800 kg,750 kg,,,540 km,405 km,6 km/l,"4,5 km/l",,,265/65 R17,,,,,,,450 litros,115 litros,,,,,,35 graus,,45 graus,,,,,,,,,,,,,,,,
mitsubishi,Pajero Dakar,pajero-dakar,pajero-dakar-3-2-turbo-2014,pajero-dakar-3-2-turbo-2014,https://www.fichacompleta.com.br/carros/mitsubishi/pajero-dakar-3-2-turbo-2014,2026-06-15T19:34:16.515824,Mitsubishi Pajero Dakar 3.2 Turbo 2014,13 s,180 km/h,Corrente,Injeção direta,Turbocompressor,3200 cm³,4 em linha,4M41,Duplo no cabeçote,105 mm,"98,5 mm",Longitudinal,Dianteiro,"12,7 kg/cv","54,9 kg/kgfm","51,6 cv/litro",165 cv,17:1,,3800 rpm,2000 rpm,"11,9 kgfm/litro","38,1 kgfm",,4,Embreagem monodisco a seco,Manual,5,,Integral permanente,1840 mm,1520 mm,1515 mm,4695 mm,2800 mm,1815 mm,2090 kg,,70 litros,172 mm,Disco ventilado,Tambor,,,,,Hidráulica,"11,2 m",,"Indep., braços sobrepostos",Mola helicoidal,Eixo rígido,,,,,,,,,625 kg,23 graus,36 graus,25 graus,215 mm,,,1800 kg,750 kg,,,,,,,,,265/65 R17,,,,,115 litros,,,,,805 km,665 km,"11,5 km/l","9,5 km/l",35 graus,,,45 graus,,,,,,,,,,,,,,,
mitsubishi,Pajero Dakar,pajero-dakar,pajero-dakar-3-2-turbo-at-2014,pajero-dakar-3-2-turbo-at-2014,https://www.fichacompleta.com.br/carros/mitsubishi/pajero-dakar-3-2-turbo-at-2014,2026-06-15T19:34:19.395764,Mitsubishi Pajero Dakar 3.2 Turbo AT 2014,14 s,175 km/h,Corrente,Injeção direta,Turbocompressor,,4 em linha,4M41,Duplo no cabeçote,105 mm,"98,5 mm",Longitudinal,Dianteiro,"11,69 kg/cv","55,4 kg/kgfm","56,3 cv/litro",180 cv,17:1,,,,"11,9 kgfm/litro",38 kgfm,,4,Conversor de torque,Automático,4,,Integral permanente,1840 mm,1520 mm,1515 mm,4695 mm,2800 mm,1815 mm,2105 kg,500 litros,90 litros,172 mm,Disco ventilado,Tambor,,,,,Hidráulica,"11,2 m",,"Indep., braços sobrepostos",Mola helicoidal,Eixo rígido,,,,,3500 rpm,2000 rpm,,,605 kg,23 graus,36 graus,25 graus,215 mm,,,1800 kg,750 kg,,,,,,,800 cm³,3200 cm³,265/65 R17,,,,,,,,,,990 km,810 km,11 km/l,9 km/l,35 graus,,,45 graus,,,,,,,,,,,,,,,
mitsubishi,Pajero Dakar,pajero-dakar,pajero-dakar-hpe-3-2-turbo-2014,pajero-dakar-hpe-3-2-turbo-2014,https://www.fichacompleta.com.br/carros/mitsubishi/pajero-dakar-hpe-3-2-turbo-2014,2026-06-15T19:34:23.606405,Mitsubishi Pajero Dakar HPE 3.2 Turbo 2014,"13,9 s",177 km/h,Corrente,Injeção direta,Turbocompressor,3200 cm³,4 em linha,4M41,Duplo no cabeçote,105 mm,"98,5 mm",Longitudinal,Dianteiro,"11,8 kg/cv","60,9 kg/kgfm","56,3 cv/litro",180 cv,17:1,,3500 rpm,2000 rpm,"10,9 kgfm/litro",35 kgfm,,4,Conversor de torque,Automático,5,5,Integral permanente,1840 mm,1520 mm,1515 mm,4695 mm,2800 mm,1815 mm,2130 kg,,90 litros,172 mm,Disco ventilado,Disco sólido,,,,,Hidráulica,"11,2 m","11,2 m","Indep., braços sobrepostos",Mola helicoidal,Eixo rígido,,,,,,,,,580 kg,23 graus,36 graus,25 graus,215 mm,,V5A5A,1800 kg,750 kg,,,,,,,,,265/65 R17,,,,,450 litros,115 litros,450 litros,115 litros,,990 km,882 km,11 km/l,"9,8 km/l",35 graus,,45 graus,45 graus,,,,,,,,,,,,,,,
mitsubishi,Pajero Dakar,pajero-dakar,pajero-dakar-hpe-3-5-v6-2014,pajero-dakar-hpe-3-5-v6-2014,https://www.fichacompleta.com.br/carros/mitsubishi/pajero-dakar-hpe-3-5-v6-2014,2026-06-15T19:34:27.990017,Mitsubishi Pajero Dakar HPE 3.5 V6 2014,13 s,182 km/h,,Injeção multiponto,Natural,3497 cm³,6 em V,6G74,Único no cabeçote,"85,8 mm",93 mm,Longitudinal,Dianteiro,"9,8 kg/cv","59,9 kg/kgfm","58,6 cv/litro",205 cv (A) 200 cv (G) a 5000 rpm,9:1,,,,"9,6 kgfm/litro","33,5 kgfm (A) 31,5 kgfm (G) a 3500 rpm",,4,Conversor de torque,Automático,,4,Integral permanente,1840 mm,1520 mm,1515 mm,4695 mm,2800 mm,1815 mm,2005 kg,,90 litros,172 mm,Disco ventilado,Disco sólido,,,,,Hidráulica,,"11,2 m","Independente, braços sobrepostos",Mola helicoidal,Eixo rígido,720 km,540 km,8 km/l,6 km/l,,,,,595 kg,23 graus,36 graus,25 graus,215 mm,,V4A5A,1800 kg,750 kg,,,540 km,405 km,6 km/l,"4,5 km/l",,,265/65 R17,,,,,,,450 litros,115 litros,,,,,,35 graus,,45 graus,,,,,,,,,,,,,,,,
mitsubishi,Pajero Dakar,pajero-dakar,pajero-dakar-3-2-turbo-2015,pajero-dakar-3-2-turbo-2015,https://www.fichacompleta.com.br/carros/mitsubishi/pajero-dakar-3-2-turbo-2015,2026-06-15T19:34:31.169358,Mitsubishi Pajero Dakar 3.2 Turbo 2015,13 s,180 km/h,Corrente,Injeção direta,Turbocompressor,3200 cm³,4 em linha,4M41,Duplo no cabeçote,105 mm,"98,5 mm",Longitudinal,Dianteiro,"12,7 kg/cv","54,9 kg/kgfm","51,6 cv/litro",165 cv,17:1,,3800 rpm,2000 rpm,"11,9 kgfm/litro","38,1 kgfm",,4,Embreagem monodisco a seco,Manual,5,,Integral permanente,1840 mm,1520 mm,1515 mm,4695 mm,2800 mm,1815 mm,2090 kg,,70 litros,172 mm,Disco ventilado,Tambor,,,,,Hidráulica,"11,2 m",,"Indep., braços sobrepostos",Mola helicoidal,Eixo rígido,,,,,,,,,625 kg,23 graus,36 graus,25 graus,215 mm,,,1800 kg,750 kg,,,,,,,,,265/65 R17,,,,,115 litros,,,,,805 km,665 km,"11,5 km/l","9,5 km/l",35 graus,,,45 graus,,,,,,,,,,,,,,,
mitsubishi,Pajero Dakar,pajero-dakar,pajero-dakar-3-2-turbo-at-2015,pajero-dakar-3-2-turbo-at-2015,https://www.fichacompleta.com.br/carros/mitsubishi/pajero-dakar-3-2-turbo-at-2015,2026-06-15T19:34:34.166149,Mitsubishi Pajero Dakar 3.2 Turbo AT 2015,14 s,175 km/h,Corrente,Injeção direta,Turbocompressor,,4 em linha,4M41,Duplo no cabeçote,105 mm,"98,5 mm",Longitudinal,Dianteiro,"11,69 kg/cv","55,4 kg/kgfm","56,3 cv/litro",180 cv,17:1,,,,"11,9 kgfm/litro",38 kgfm,,4,Conversor de torque,Automático,4,,Integral permanente,1840 mm,1520 mm,1515 mm,4695 mm,2800 mm,1815 mm,2105 kg,500 litros,90 litros,172 mm,Disco ventilado,Tambor,,,,,Hidráulica,"11,2 m",,"Indep., braços sobrepostos",Mola helicoidal,Eixo rígido,,,,,3500 rpm,2000 rpm,,,605 kg,23 graus,36 graus,25 graus,215 mm,,,1800 kg,750 kg,,,,,,,800 cm³,3200 cm³,265/65 R17,,,,,,,,,,990 km,810 km,11 km/l,9 km/l,35 graus,,,45 graus,,,,,,,,,,,,,,,
mitsubishi,Pajero Dakar,pajero-dakar,pajero-dakar-hpe-3-2-turbo-2015,pajero-dakar-hpe-3-2-turbo-2015,https://www.fichacompleta.com.br/carros/mitsubishi/pajero-dakar-hpe-3-2-turbo-2015,2026-06-15T19:34:36.741083,Mitsubishi Pajero Dakar HPE 3.2 Turbo 2015,"13,9 s",177 km/h,Corrente,Injeção direta,Turbocompressor,3200 cm³,4 em linha,4M41,Duplo no cabeçote,105 mm,"98,5 mm",Longitudinal,Dianteiro,"11,8 kg/cv","60,9 kg/kgfm","56,3 cv/litro",180 cv,17:1,,,,"10,9 kgfm/litro",35 kgfm,,4,Conversor de torque,Automático,5,,Integral permanente,1840 mm,1520 mm,1515 mm,4695 mm,2800 mm,1815 mm,2130 kg,,90 litros,172 mm,Disco ventilado,Disco sólido,,,,,Hidráulica,"11,2 m",,"Indep., braços sobrepostos",Mola helicoidal,Eixo rígido,,,,,3500 rpm,2000 rpm,,,580 kg,23 graus,36 graus,25 graus,215 mm,,V5A5A,1800 kg,750 kg,,,,,,,,,265/65 R17,,,,,450 litros,115 litros,,,,990 km,882 km,11 km/l,"9,8 km/l",35 graus,,,45 graus,,,,,,,,,,,,,,,
mitsubishi,Pajero Dakar,pajero-dakar,pajero-dakar-hpe-3-5-v6-2015,pajero-dakar-hpe-3-5-v6-2015,https://www.fichacompleta.com.br/carros/mitsubishi/pajero-dakar-hpe-3-5-v6-2015,2026-06-15T19:34:41.528666,Mitsubishi Pajero Dakar HPE 3.5 V6 2015,13 s,182 km/h,,Injeção multiponto,Natural,3497 cm³,6 em V,6G74,Único no cabeçote,"85,8 mm",93 mm,Longitudinal,Dianteiro,"9,8 kg/cv","59,9 kg/kgfm","58,6 cv/litro",205 cv (A) 200 cv (G) a 5000 rpm,9:1,,,,"9,6 kgfm/litro","33,5 kgfm (A) 31,5 kgfm (G) a 3500 rpm",,4,Conversor de torque,Automático,,4,Integral permanente,1840 mm,1520 mm,1515 mm,4695 mm,2800 mm,1815 mm,2005 kg,,90 litros,172 mm,Disco ventilado,Disco sólido,,,,,Hidráulica,,"11,2 m","Independente, braços sobrepostos",Mola helicoidal,Eixo rígido,720 km,540 km,8 km/l,6 km/l,,,,,595 kg,23 graus,36 graus,25 graus,215 mm,,V4A5A,1800 kg,750 kg,,,540 km,405 km,6 km/l,"4,5 km/l",,,265/65 R17,,,,,,,450 litros,115 litros,,,,,,35 graus,,45 graus,,,,,,,,,,,,,,,,
mitsubishi,Pajero Full,pajero-full,pajero-full-glz-3-0-v6-1992,pajero-full-glz-3-0-v6-1992,https://www.fichacompleta.com.br/carros/mitsubishi/pajero-full-glz-3-0-v6-1992,2026-06-15T19:34:58.492484,Mitsubishi Pajero Full GLZ 3.0 V6 1992,17 s,160 km/h,,Injeção multiponto,Natural,2972 cm³,6 em V,6G72,Único no cabeçote,76 mm,"91,1 mm",Longitudinal,Dianteiro,"12,8 kg/cv","79,5 kg/kgfm","50,5 cv/litro",,"8,9:1",,5000 rpm,4000 rpm,"8,1 kgfm/litro",,,2,Conversor de torque,Automático,4,,Integral permanente,1870 mm,,,4725 mm,2725 mm,1785 mm,1915 kg,,92 litros,186 mm,Disco ventilado,Disco sólido,,,,,Hidráulica,Não informado,,"Indep., braços sobrepostos",Mola helicoidal,Eixo rígido,920 km,653 km,10 km/l,"7,1 km/l",,,150 cv,"24,1 kgfm",,"24,5 graus",42 graus,27 graus,,,,,,,,,,,,,,265/70 R15,,,,,500 litros,150 litros,,,,,,,,,,,,,,,,,,,,,,,,,,
mitsubishi,Pajero Full,pajero-full,pajero-full-gls-3-0-v6-1993,pajero-full-gls-3-0-v6-1993,https://www.fichacompleta.com.br/carros/mitsubishi/pajero-full-gls-3-0-v6-1993,2026-06-15T19:35:03.127748,Mitsubishi Pajero Full GLS 3.0 V6 1993,17 s,165 km/h,,Injeção multiponto,Natural,,6 em V,6G72,Único no cabeçote,76 mm,"91,1 mm",Longitudinal,Dianteiro,"12,77 kg/cv","79,5 kg/kgfm","50,5 cv/litro",150 cv,"8,9:1",,,,"8,1 kgfm/litro","24,1 kgfm",,2,Embreagem monodisco a seco,Manual,5,,Integral permanente,1870 mm,,,4725 mm,2725 mm,1785 mm,1915 kg,,92 litros,186 mm,Disco ventilado,Disco sólido,,,,,Hidráulica,Não informado,,"Indep., braços sobrepostos",Mola helicoidal,Eixo rígido,920 km,653 km,10 km/l,"7,1 km/l",5000 rpm,4000 rpm,,,,"24,5 graus",42 graus,27 graus,,,,,,,,,,,,495 cm³,2972 cm³,265/70 R15,,,,,500 litros,150 litros,,,,,,,,,,,,,,,,,,,,,,,,,,
mitsubishi,Pajero Full,pajero-full,pajero-full-gls-3-0-v6-1993-gasolina,pajero-full-gls-3-0-v6-1993-gasolina,https://www.fichacompleta.com.br/carros/mitsubishi/pajero-full-gls-3-0-v6-1993-gasolina,2026-06-15T19:35:08.022409,Mitsubishi Pajero Full GLS 3.0 V6 1993,17 s,160 km/h,,Injeção multiponto,Natural,,6 em V,6G72,Único no cabeçote,76 mm,"91,1 mm",Longitudinal,Dianteiro,"12,77 kg/cv","79,5 kg/kgfm","50,5 cv/litro",150 cv,"8,9:1",,,,"8,1 kgfm/litro","24,1 kgfm",,2,Conversor de torque,Automático,4,,Integral permanente,1870 mm,,,4725 mm,2725 mm,1785 mm,1915 kg,,92 litros,186 mm,Disco ventilado,Disco sólido,,,,,Hidráulica,Não informado,,"Indep., braços sobrepostos",Mola helicoidal,Eixo rígido,920 km,653 km,10 km/l,"7,1 km/l",5000 rpm,4000 rpm,,,,"24,5 graus",42 graus,27 graus,,,,,,,,,,,,495 cm³,2972 cm³,265/70 R15,,,,,500 litros,150 litros,,,,,,,,,,,,,,,,,,,,,,,,,,
mitsubishi,Pajero Full,pajero-full,pajero-full-glz-3-0-v6-1993,pajero-full-glz-3-0-v6-1993,https://www.fichacompleta.com.br/carros/mitsubishi/pajero-full-glz-3-0-v6-1993,2026-06-15T19:35:12.597946,Mitsubishi Pajero Full GLZ 3.0 V6 1993,17 s,160 km/h,,Injeção multiponto,Natural,2972 cm³,6 em V,6G72,Único no cabeçote,76 mm,"91,1 mm",Longitudinal,Dianteiro,"12,8 kg/cv","79,5 kg/kgfm","50,5 cv/litro",,"8,9:1",,5000 rpm,4000 rpm,"8,1 kgfm/litro",,,2,Conversor de torque,Automático,4,,Integral permanente,1870 mm,,,4725 mm,2725 mm,1785 mm,1915 kg,,92 litros,186 mm,Disco ventilado,Disco sólido,,,,,Hidráulica,Não informado,,"Indep., braços sobrepostos",Mola helicoidal,Eixo rígido,920 km,653 km,10 km/l,"7,1 km/l",,,150 cv,"24,1 kgfm",,"24,5 graus",42 graus,27 graus,,,,,,,,,,,,,,265/70 R15,,,,,500 litros,150 litros,,,,,,,,,,,,,,,,,,,,,,,,,,
mitsubishi,Pajero Full,pajero-full,pajero-full-gls-2-8-turbo-1994,pajero-full-gls-2-8-turbo-1994,https://www.fichacompleta.com.br/carros/mitsubishi/pajero-full-gls-2-8-turbo-1994,2026-06-15T19:35:15.671296,Mitsubishi Pajero Full GLS 2.8 Turbo 1994,17 s,145 km/h,Corrente,Injeção indireta,Turbocompressor,2835 cm³,4 em linha,4M40,Único no cabeçote,100 mm,95 mm,Longitudinal,Dianteiro,"16,6 kg/cv","69,8 kg/kgfm","44,1 cv/litro",125 cv,21:1,,,,"10,5 kgfm/litro","29,8 kgfm",,2,Embreagem monodisco a seco,Manual,5,,Integral permanente,1910 mm,1465 mm,1480 mm,4735 mm,2725 mm,1775 mm,2080 kg,,92 litros,186 mm,Disco ventilado,Disco sólido,,,,,Hidráulica,"11,8 m",,"Indep., braços sobrepostos",Mola helicoidal,Eixo rígido,,,,,4000 rpm,2000 rpm,,,470 kg,"24,5 graus",42 graus,27 graus,215 mm,,,,,,,,,,,,,265/70 R15,,,,,500 litros,150 litros,,,,874 km,690 km,"9,5 km/l","7,5 km/l",35 graus,,,,,,,,,,,,,,,,,,
mitsubishi,Pajero Full,pajero-full,pajero-full-gls-3-0-v6-1994,pajero-full-gls-3-0-v6-1994,https://www.fichacompleta.com.br/carros/mitsubishi/pajero-full-gls-3-0-v6-1994,2026-06-15T19:35:18.475596,Mitsubishi Pajero Full GLS 3.0 V6 1994,17 s,160 km/h,,Injeção multiponto,Natural,,6 em V,6G72,Único no cabeçote,76 mm,"91,1 mm",Longitudinal,Dianteiro,"12,77 kg/cv","79,5 kg/kgfm","50,5 cv/litro",150 cv,"8,9:1",,,,"8,1 kgfm/litro","24,1 kgfm",,2,Conversor de torque,Automático,4,,Integral permanente,1870 mm,,,4725 mm,2725 mm,1785 mm,1915 kg,,92 litros,186 mm,Disco ventilado,Disco sólido,,,,,Hidráulica,Não informado,,"Indep., braços sobrepostos",Mola helicoidal,Eixo rígido,920 km,653 km,10 km/l,"7,1 km/l",5000 rpm,4000 rpm,,,,"24,5 graus",42 graus,27 graus,,,,,,,,,,,,495 cm³,2972 cm³,265/70 R15,,,,,500 litros,150 litros,,,,,,,,,,,,,,,,,,,,,,,,,,
mitsubishi,Pajero Full,pajero-full,pajero-full-gls-3-0-v6-1994-gasolina,pajero-full-gls-3-0-v6-1994-gasolina,https://www.fichacompleta.com.br/carros/mitsubishi/pajero-full-gls-3-0-v6-1994-gasolina,2026-06-15T19:35:23.041647,Mitsubishi Pajero Full GLS 3.0 V6 1994,17 s,165 km/h,,Injeção multiponto,Natural,,6 em V,6G72,Único no cabeçote,76 mm,"91,1 mm",Longitudinal,Dianteiro,"12,77 kg/cv","79,5 kg/kgfm","50,5 cv/litro",150 cv,"8,9:1",,,,"8,1 kgfm/litro","24,1 kgfm",,2,Embreagem monodisco a seco,Manual,5,,Integral permanente,1870 mm,,,4725 mm,2725 mm,1785 mm,1915 kg,,92 litros,186 mm,Disco ventilado,Disco sólido,,,,,Hidráulica,Não informado,,"Indep., braços sobrepostos",Mola helicoidal,Eixo rígido,920 km,653 km,10 km/l,"7,1 km/l",5000 rpm,4000 rpm,,,,"24,5 graus",42 graus,27 graus,,,,,,,,,,,,495 cm³,2972 cm³,265/70 R15,,,,,500 litros,150 litros,,,,,,,,,,,,,,,,,,,,,,,,,,
mitsubishi,Pajero Full,pajero-full,pajero-full-glx-2-8-1994,pajero-full-glx-2-8-1994,https://www.fichacompleta.com.br/carros/mitsubishi/pajero-full-glx-2-8-1994,2026-06-15T19:35:26.331905,Mitsubishi Pajero Full GLX 2.8 1994,25 s,150 km/h,Corrente,Injeção indireta,Natural,2835 cm³,4 em linha,4M40,Único no cabeçote,100 mm,95 mm,Longitudinal,Dianteiro,"19,8 kg/cv","95,0 kg/kgfm","34,2 cv/litro",97 cv,21:1,,,,"7,1 kgfm/litro","20,2 kgfm",,2,Embreagem monodisco a seco,Manual,5,,Integral temporária,1895 mm,,,4685 mm,2725 mm,1695 mm,1920 kg,,92 litros,164 mm,Disco ventilado,Tambor,,,,,Hidráulica,"11,8 m",,"Indep., braços sobrepostos",Feixe de molas semielípticas,Eixo rígido,,,,,4000 rpm,2000 rpm,,,,"24,5 graus",42 graus,27 graus,215 mm,,,,,,,,,,,,,205/80 R16,,,,,500 litros,150 litros,,,,828 km,644 km,9 km/l,7 km/l,35 graus,,,,,,,,,,,,,,,,,,
mitsubishi,Pajero Full,pajero-full,pajero-full-glz-3-0-v6-1994,pajero-full-glz-3-0-v6-1994,https://www.fichacompleta.com.br/carros/mitsubishi/pajero-full-glz-3-0-v6-1994,2026-06-15T19:35:30.481614,Mitsubishi Pajero Full GLZ 3.0 V6 1994,17 s,160 km/h,,Injeção multiponto,Natural,2972 cm³,6 em V,6G72,Único no cabeçote,76 mm,"91,1 mm",Longitudinal,Dianteiro,"12,8 kg/cv","79,5 kg/kgfm","50,5 cv/litro",,"8,9:1",,5000 rpm,4000 rpm,"8,1 kgfm/litro",,,2,Conversor de torque,Automático,4,,Integral permanente,1870 mm,,,4725 mm,2725 mm,1785 mm,1915 kg,,92 litros,186 mm,Disco ventilado,Disco sólido,,,,,Hidráulica,Não informado,,"Indep., braços sobrepostos",Mola helicoidal,Eixo rígido,920 km,653 km,10 km/l,"7,1 km/l",,,150 cv,"24,1 kgfm",,"24,5 graus",42 graus,27 graus,,,,,,,,,,,,,,265/70 R15,,,,,500 litros,150 litros,,,,,,,,,,,,,,,,,,,,,,,,,,
mitsubishi,Pajero Full,pajero-full,pajero-full-gls-2-8-turbo-1995,pajero-full-gls-2-8-turbo-1995,https://www.fichacompleta.com.br/carros/mitsubishi/pajero-full-gls-2-8-turbo-1995,2026-06-15T19:35:34.905141,Mitsubishi Pajero Full GLS 2.8 Turbo 1995,17 s,145 km/h,,Injeção indireta,Turbocompressor,2835 cm³,4 em linha,4M40,"Único no cabeçote, corrente",100 mm,95 mm,Longitudinal,Dianteiro,"16,6 kg/cv","69,8 kg/kgfm","44,1 cv/litro",125 cv a 4000 rpm,21:1,,,,"10,5 kgfm/litro","29,8 kgfm a 2000 rpm",,2,Embreagem monodisco a seco,Manual,,5,Integral permanente,1910 mm,1465 mm,1480 mm,4735 mm,2725 mm,1775 mm,2080 kg,,92 litros,186 mm,Disco ventilado,Disco sólido,,,,,Hidráulica,,"11,8 m","Independente, braços sobrepostos",Mola helicoidal,Eixo rígido,,,,,,,,,470 kg,"24,5 graus",42 graus,27 graus,215 mm,,,,,,,,,,,,,265/70 R15,,,,,,,500 litros,150 litros,,874 km,690 km,"9,5 km/l","7,5 km/l",35 graus,,,,,,,,,,,,,,,,,,
mitsubishi,Pajero Full,pajero-full,pajero-full-gls-3-0-v6-1995,pajero-full-gls-3-0-v6-1995,https://www.fichacompleta.com.br/carros/mitsubishi/pajero-full-gls-3-0-v6-1995,2026-06-15T19:35:39.600497,Mitsubishi Pajero Full GLS 3.0 V6 1995,17 s,160 km/h,,Injeção multiponto,Natural,2972 cm³,6 em V,6G72,Único no cabeçote,76 mm,"91,1 mm",Longitudinal,Dianteiro,"12,8 kg/cv","79,5 kg/kgfm","50,5 cv/litro",,"8,9:1",,5000 rpm,4000 rpm,"8,1 kgfm/litro",,,2,Conversor de torque,Automático,4,,Integral permanente,1870 mm,,,4725 mm,2725 mm,1785 mm,1915 kg,,92 litros,186 mm,Disco ventilado,Disco sólido,,,,,Hidráulica,Não informado,,"Indep., braços sobrepostos",Mola helicoidal,Eixo rígido,920 km,653 km,10 km/l,"7,1 km/l",,,150 cv,"24,1 kgfm",,"24,5 graus",42 graus,27 graus,,,,,,,,,,,,,,265/70 R15,,,,,500 litros,150 litros,,,,,,,,,,,,,,,,,,,,,,,,,,
mitsubishi,Pajero Full,pajero-full,pajero-full-gls-3-0-v6-1995-gasolina,pajero-full-gls-3-0-v6-1995-gasolina,https://www.fichacompleta.com.br/carros/mitsubishi/pajero-full-gls-3-0-v6-1995-gasolina,2026-06-15T19:35:43.737057,Mitsubishi Pajero Full GLS 3.0 V6 1995,17 s,165 km/h,,Injeção multiponto,Natural,,6 em V,6G72,Único no cabeçote,76 mm,"91,1 mm",Longitudinal,Dianteiro,"12,77 kg/cv","79,5 kg/kgfm","50,5 cv/litro",150 cv,"8,9:1",,,,"8,1 kgfm/litro","24,1 kgfm",,2,Embreagem monodisco a seco,Manual,5,,Integral permanente,1870 mm,,,4725 mm,2725 mm,1785 mm,1915 kg,,92 litros,186 mm,Disco ventilado,Disco sólido,,,,,Hidráulica,Não informado,,"Indep., braços sobrepostos",Mola helicoidal,Eixo rígido,920 km,653 km,10 km/l,"7,1 km/l",5000 rpm,4000 rpm,,,,"24,5 graus",42 graus,27 graus,,,,,,,,,,,,495 cm³,2972 cm³,265/70 R15,,,,,500 litros,150 litros,,,,,,,,,,,,,,,,,,,,,,,,,,
mitsubishi,Pajero Full,pajero-full,pajero-full-glx-2-8-turbo-1995,pajero-full-glx-2-8-turbo-1995,https://www.fichacompleta.com.br/carros/mitsubishi/pajero-full-glx-2-8-turbo-1995,2026-06-15T19:35:48.303386,Mitsubishi Pajero Full GLX 2.8 Turbo 1995,25 s,150 km/h,Corrente,Injeção indireta,Natural,2835 cm³,4 em linha,4M40,Único no cabeçote,100 mm,95 mm,Longitudinal,Dianteiro,"19,8 kg/cv","95,0 kg/kgfm","34,2 cv/litro",97 cv,21:1,,,,"7,1 kgfm/litro","20,2 kgfm",,2,Embreagem monodisco a seco,Manual,5,,Integral temporária,1895 mm,,,4685 mm,2725 mm,1695 mm,1920 kg,,92 litros,164 mm,Disco ventilado,Tambor,,,,,Hidráulica,"11,8 m",,"Indep., braços sobrepostos",Feixe de molas semielípticas,Eixo rígido,,,,,4000 rpm,2000 rpm,,,,"24,5 graus",42 graus,27 graus,215 mm,,,,,,,,,,,,,205/80 R16,,,,,500 litros,150 litros,,,,828 km,644 km,9 km/l,7 km/l,35 graus,,,,,,,,,,,,,,,,,,
mitsubishi,Pajero Full,pajero-full,pajero-full-glx-3-0-v6-1995,pajero-full-glx-3-0-v6-1995,https://www.fichacompleta.com.br/carros/mitsubishi/pajero-full-glx-3-0-v6-1995,2026-06-15T19:35:51.468605,Mitsubishi Pajero Full GLX 3.0 V6 1995,"14,2 s",165 km/h,,Injeção multiponto,Natural,2972 cm³,6 em V,6G72,Único no cabeçote,76 mm,"91,1 mm",Longitudinal,Dianteiro,"11,9 kg/cv","88,8 kg/kgfm","50,5 cv/litro",,"8,9:1",,5000 rpm,4000 rpm,"6,8 kgfm/litro",,,2,Embreagem monodisco a seco,Manual,5,,Integral temporária,1895 mm,,,4685 mm,2725 mm,1695 mm,1785 kg,,92 litros,164 mm,Disco ventilado,Tambor,,,,,Hidráulica,"11,8 m",,"Indep., braços sobrepostos",Feixe de molas semielípticas,Eixo rígido,920 km,653 km,10 km/l,"7,1 km/l",,,150 cv,"20,1 kgfm",,"24,5 graus",42 graus,27 graus,215 mm,,,,,,,,,,,,,205/80 R16,,,,,500 litros,150 litros,,,,,,,,,,,,,,,,,,,,,,,,,,
mitsubishi,Pajero Full,pajero-full,pajero-full-gls-2-8-turbo-1996,pajero-full-gls-2-8-turbo-1996,https://www.fichacompleta.com.br/carros/mitsubishi/pajero-full-gls-2-8-turbo-1996,2026-06-15T19:35:54.293880,Mitsubishi Pajero Full GLS 2.8 Turbo 1996,17 s,145 km/h,Corrente,Injeção indireta,Turbocompressor,2835 cm³,4 em linha,4M40,Único no cabeçote,100 mm,95 mm,Longitudinal,Dianteiro,"16,6 kg/cv","69,8 kg/kgfm","44,1 cv/litro",125 cv,21:1,,,,"10,5 kgfm/litro","29,8 kgfm",,2,Embreagem monodisco a seco,Manual,5,,Integral permanente,1910 mm,1465 mm,1480 mm,4735 mm,2725 mm,1775 mm,2080 kg,,92 litros,186 mm,Disco ventilado,Disco sólido,,,,,Hidráulica,"11,8 m",,"Indep., braços sobrepostos",Mola helicoidal,Eixo rígido,,,,,4000 rpm,2000 rpm,,,470 kg,"24,5 graus",42 graus,27 graus,215 mm,,,,,,,,,,,,,265/70 R15,,,,,500 litros,150 litros,,,,874 km,690 km,"9,5 km/l","7,5 km/l",35 graus,,,,,,,,,,,,,,,,,,
mitsubishi,Pajero Full,pajero-full,pajero-full-gls-3-0-v6-1996,pajero-full-gls-3-0-v6-1996,https://www.fichacompleta.com.br/carros/mitsubishi/pajero-full-gls-3-0-v6-1996,2026-06-15T19:35:57.969762,Mitsubishi Pajero Full GLS 3.0 V6 1996,"14,2 s",167 km/h,,Injeção multiponto,Natural,2972 cm³,6 em V,6G72,Único no cabeçote,76 mm,"91,1 mm",Longitudinal,Dianteiro,"14,4 kg/cv","89,8 kg/kgfm","50,5 cv/litro",150 cv a 5000 rpm,"8,9:1",,,,"8,1 kgfm/litro","24,1 kgfm a 4000 rpm",,2,Conversor de torque,Automático,,4,Integral permanente,1900 mm,,,4720 mm,2725 mm,1775 mm,2163 kg,,92 litros,186 mm,Disco ventilado,Disco sólido,,,,,Hidráulica,,Não informado,"Independente, braços sobrepostos",Mola helicoidal,Eixo rígido,920 km,653 km,10 km/l,"7,1 km/l",,,,,,"24,5 graus",42 graus,27 graus,,,,,,,,,,,,,,265/70 R16,,,,,,,500 litros,150 litros,,,,,,,,,,,,,,,,,,,,,,,,
mitsubishi,Pajero Full,pajero-full,pajero-full-gls-3-0-v6-1996-gasolina,pajero-full-gls-3-0-v6-1996-gasolina,https://www.fichacompleta.com.br/carros/mitsubishi/pajero-full-gls-3-0-v6-1996-gasolina,2026-06-15T19:36:02.644571,Mitsubishi Pajero Full GLS 3.0 V6 1996,17 s,165 km/h,,Injeção multiponto,Natural,,6 em V,6G72,Único no cabeçote,76 mm,"91,1 mm",Longitudinal,Dianteiro,"12,77 kg/cv","79,5 kg/kgfm","50,5 cv/litro",150 cv,"8,9:1",,,,"8,1 kgfm/litro","24,1 kgfm",,2,Embreagem monodisco a seco,Manual,5,,Integral permanente,1870 mm,,,4725 mm,2725 mm,1785 mm,1915 kg,,92 litros,186 mm,Disco ventilado,Disco sólido,,,,,Hidráulica,Não informado,,"Indep., braços sobrepostos",Mola helicoidal,Eixo rígido,920 km,653 km,10 km/l,"7,1 km/l",5000 rpm,4000 rpm,,,,"24,5 graus",42 graus,27 graus,,,,,,,,,,,,495 cm³,2972 cm³,265/70 R15,,,,,500 litros,150 litros,,,,,,,,,,,,,,,,,,,,,,,,,,
mitsubishi,Pajero Full,pajero-full,pajero-full-gls-2-8-turbo-1997,pajero-full-gls-2-8-turbo-1997,https://www.fichacompleta.com.br/carros/mitsubishi/pajero-full-gls-2-8-turbo-1997,2026-06-15T19:36:06.342729,Mitsubishi Pajero Full GLS 2.8 Turbo 1997,17 s,145 km/h,Corrente,Injeção indireta,Turbocompressor,2835 cm³,4 em linha,4M40,Único no cabeçote,100 mm,95 mm,Longitudinal,Dianteiro,"16,6 kg/cv","69,8 kg/kgfm","44,1 cv/litro",125 cv,21:1,,,,"10,5 kgfm/litro","29,8 kgfm",,2,Embreagem monodisco a seco,Manual,5,,Integral permanente,1910 mm,1465 mm,1480 mm,4735 mm,2725 mm,1775 mm,2080 kg,,92 litros,186 mm,Disco ventilado,Disco sólido,,,,,Hidráulica,"11,8 m",,"Indep., braços sobrepostos",Mola helicoidal,Eixo rígido,,,,,4000 rpm,2000 rpm,,,470 kg,"24,5 graus",42 graus,27 graus,215 mm,,,,,,,,,,,,,265/70 R15,,,,,500 litros,150 litros,,,,874 km,690 km,"9,5 km/l","7,5 km/l",35 graus,,,,,,,,,,,,,,,,,,
mitsubishi,Pajero Full,pajero-full,pajero-full-gls-3-0-v6-1997,pajero-full-gls-3-0-v6-1997,https://www.fichacompleta.com.br/carros/mitsubishi/pajero-full-gls-3-0-v6-1997,2026-06-15T19:36:11.523891,Mitsubishi Pajero Full GLS 3.0 V6 1997,"13,9 s",169 km/h,,Injeção multiponto,Natural,2972 cm³,6 em V,6G72,Único no cabeçote,76 mm,"91,1 mm",Longitudinal,Dianteiro,"12,0 kg/cv","74,6 kg/kgfm","50,5 cv/litro",150 cv,"8,9:1",,5000 rpm,4000 rpm,"8,1 kgfm/litro","24,1 kgfm",,2,Embreagem monodisco a seco,Manual,5,5,Integral permanente,1815 mm,1465 mm,1480 mm,4150 mm,2420 mm,1785 mm,1798 kg,200 litros,75 litros,186 mm,Disco ventilado,Disco sólido,,,,,Hidráulica,"10,6 m","10,6 m","Indep., braços sobrepostos",Mola helicoidal,Eixo rígido,788 km,540 km,"10,5 km/l","7,2 km/l",,,,,,,42 graus,,225 mm,,,,,,,,,,,,,265/70 R16,,,,,,,,,,,,,,,,,,,,,,,,,,,,,,,,
mitsubishi,Pajero Full,pajero-full,pajero-full-gls-3-0-v6-1997-gasolina,pajero-full-gls-3-0-v6-1997-gasolina,https://www.fichacompleta.com.br/carros/mitsubishi/pajero-full-gls-3-0-v6-1997-gasolina,2026-06-15T19:36:14.046072,Mitsubishi Pajero Full GLS 3.0 V6 1997,17 s,155 km/h,,Injeção multiponto,Natural,,6 em V,6G72,Único no cabeçote,76 mm,"91,1 mm",Longitudinal,Dianteiro,"12,77 kg/cv","79,5 kg/kgfm","50,5 cv/litro",150 cv,"8,9:1",,,,"8,1 kgfm/litro","24,1 kgfm",,2,Conversor de torque,Automático,4,,Integral permanente,1870 mm,,,4725 mm,2725 mm,1785 mm,1915 kg,,92 litros,186 mm,Disco ventilado,Disco sólido,,,,,Hidráulica,Não informado,,"Indep., braços sobrepostos",Mola helicoidal,Eixo rígido,920 km,653 km,10 km/l,"7,1 km/l",5000 rpm,4000 rpm,,,,"24,5 graus",42 graus,27 graus,,,,,,,,,,,,495 cm³,2972 cm³,265/70 R15,,,,,500 litros,150 litros,,,,,,,,,,,,,,,,,,,,,,,,,,
mitsubishi,Pajero Full,pajero-full,pajero-full-glx-3-0-v6-1997,pajero-full-glx-3-0-v6-1997,https://www.fichacompleta.com.br/carros/mitsubishi/pajero-full-glx-3-0-v6-1997,2026-06-15T19:36:17.454571,Mitsubishi Pajero Full GLX 3.0 V6 1997,"14,2 s",165 km/h,,Injeção multiponto,Natural,,6 em V,6G72,Único no cabeçote,76 mm,"91,1 mm",Longitudinal,Dianteiro,"11,90 kg/cv","88,8 kg/kgfm","50,5 cv/litro",150 cv,"8,9:1",,,,"6,8 kgfm/litro","20,1 kgfm",,2,Embreagem monodisco a seco,Manual,5,,Integral temporária,1895 mm,,,4685 mm,2725 mm,1695 mm,1785 kg,,92 litros,164 mm,Disco ventilado,Tambor,,,,,Hidráulica,"11,8 m",,"Indep., braços sobrepostos",Feixe de molas semielípticas,Eixo rígido,920 km,653 km,10 km/l,"7,1 km/l",5000 rpm,4000 rpm,,,,"24,5 graus",42 graus,27 graus,215 mm,,,,,,,,,,,495 cm³,2972 cm³,205/80 R16,,,,,500 litros,150 litros,,,,,,,,,,,,,,,,,,,,,,,,,,
mitsubishi,Pajero Full,pajero-full,pajero-full-gls-2-8-turbo-1998,pajero-full-gls-2-8-turbo-1998,https://www.fichacompleta.com.br/carros/mitsubishi/pajero-full-gls-2-8-turbo-1998,2026-06-15T19:36:20.379744,Mitsubishi Pajero Full GLS 2.8 Turbo 1998,17 s,145 km/h,,Injeção indireta,Turbocompressor,2835 cm³,4 em linha,4M40,"Único no cabeçote, corrente",100 mm,95 mm,Longitudinal,Dianteiro,"16,6 kg/cv","69,8 kg/kgfm","44,1 cv/litro",125 cv a 4000 rpm,21:1,,,,"10,5 kgfm/litro","29,8 kgfm a 2000 rpm",,2,Embreagem monodisco a seco,Manual,,5,Integral permanente,1910 mm,1465 mm,1480 mm,4735 mm,2725 mm,1775 mm,2080 kg,,92 litros,186 mm,Disco ventilado,Disco sólido,,,,,Hidráulica,,"11,8 m","Independente, braços sobrepostos",Mola helicoidal,Eixo rígido,,,,,,,,,470 kg,"24,5 graus",42 graus,27 graus,215 mm,,,,,,,,,,,,,265/70 R15,,,,,,,500 litros,150 litros,,874 km,690 km,"9,5 km/l","7,5 km/l",35 graus,,,,,,,,,,,,,,,,,,
mitsubishi,Pajero Full,pajero-full,pajero-full-gls-3-5-v6-1998,pajero-full-gls-3-5-v6-1998,https://www.fichacompleta.com.br/carros/mitsubishi/pajero-full-gls-3-5-v6-1998,2026-06-15T19:36:25.165602,Mitsubishi Pajero Full GLS 3.5 V6 1998,"13,9 s",172 km/h,Correia dentada,Injeção multiponto,Natural,3497 cm³,6 em V,6G74,Único no cabeçote,"85,8 mm",93 mm,Longitudinal,Dianteiro,"10,7 kg/cv","68,7 kg/kgfm","57,8 cv/litro",202 cv,"9,5:1",,5000 rpm,3500 rpm,"9,0 kgfm/litro","31,5 kgfm",,4,Conversor de torque,Automático,4,4,Integral permanente,1900 mm,,,4720 mm,2725 mm,1775 mm,2163 kg,,92 litros,186 mm,Disco ventilado,Disco sólido,,,,,Hidráulica,Não informado,Não informado,"Indep., braços sobrepostos",Mola helicoidal,Eixo rígido,920 km,653 km,10 km/l,"7,1 km/l",,,,,,"24,5 graus",42 graus,27 graus,,,V4A5A,,,,,,,,,,,265/70 R16,,,,,500 litros,150 litros,500 litros,150 litros,,,,,,,,,,,,,,,,,,,,,,,,
mitsubishi,Pajero Full,pajero-full,pajero-full-gls-2-8-turbo-1999,pajero-full-gls-2-8-turbo-1999,https://www.fichacompleta.com.br/carros/mitsubishi/pajero-full-gls-2-8-turbo-1999,2026-06-15T19:36:28.653336,Mitsubishi Pajero Full GLS 2.8 Turbo 1999,17 s,145 km/h,Corrente,Injeção indireta,Turbocompressor,2835 cm³,4 em linha,4M40,Único no cabeçote,100 mm,95 mm,Longitudinal,Dianteiro,"16,6 kg/cv","69,8 kg/kgfm","44,1 cv/litro",125 cv,21:1,,4000 rpm,2000 rpm,"10,5 kgfm/litro","29,8 kgfm",,2,Embreagem monodisco a seco,Manual,5,5,Integral permanente,1910 mm,1465 mm,1480 mm,4735 mm,2725 mm,1775 mm,2080 kg,,92 litros,186 mm,Disco ventilado,Disco sólido,,,,,Hidráulica,"11,8 m","11,8 m","Indep., braços sobrepostos",Mola helicoidal,Eixo rígido,,,,,,,,,470 kg,"24,5 graus",42 graus,27 graus,215 mm,,,,,,,,,,,,,265/70 R15,,,,,500 litros,150 litros,500 litros,150 litros,,874 km,690 km,"9,5 km/l","7,5 km/l",35 graus,,,,,,,,,,,,,,,,,,
mitsubishi,Pajero Full,pajero-full,pajero-full-gls-2-8-turbo-1999-diesel,pajero-full-gls-2-8-turbo-1999-diesel,https://www.fichacompleta.com.br/carros/mitsubishi/pajero-full-gls-2-8-turbo-1999-diesel,2026-06-15T19:36:31.284934,Mitsubishi Pajero Full GLS 2.8 Turbo 1999,17 s,145 km/h,Corrente,Injeção indireta,Turbocompressor,,4 em linha,4M40,Único no cabeçote,100 mm,95 mm,Longitudinal,Dianteiro,"16,64 kg/cv","69,8 kg/kgfm","44,1 cv/litro",125 cv,21:1,,,,"10,5 kgfm/litro","29,8 kgfm",,2,Conversor de torque,Automático,4,,Integral permanente,1910 mm,1465 mm,1480 mm,4735 mm,2725 mm,1775 mm,2080 kg,,92 litros,186 mm,Disco ventilado,Disco sólido,,,,,Hidráulica,"11,8 m",,"Indep., braços sobrepostos",Mola helicoidal,Eixo rígido,,,,,4000 rpm,2000 rpm,,,470 kg,"24,5 graus",42 graus,27 graus,215 mm,,,,,,,,,,,709 cm³,2835 cm³,265/70 R15,,,,,500 litros,150 litros,,,,874 km,690 km,"9,5 km/l","7,5 km/l",35 graus,,,,,,,,,,,,,,,,,,
mitsubishi,Pajero Full,pajero-full,pajero-full-gls-3-0-v6-1999,pajero-full-gls-3-0-v6-1999,https://www.fichacompleta.com.br/carros/mitsubishi/pajero-full-gls-3-0-v6-1999,2026-06-15T19:36:33.968803,Mitsubishi Pajero Full GLS 3.0 V6 1999,17 s,155 km/h,,Injeção multiponto,Natural,,6 em V,6G72,Único no cabeçote,76 mm,"91,1 mm",Longitudinal,Dianteiro,"12,80 kg/cv","79,7 kg/kgfm","50,5 cv/litro",150 cv,"8,9:1",,,,"8,1 kgfm/litro","24,1 kgfm",,2,Conversor de torque,Automático,4,,Integral permanente,1870 mm,,,4725 mm,2725 mm,1785 mm,1920 kg,,92 litros,186 mm,Disco ventilado,Disco sólido,,,,,Hidráulica,Não informado,,"Indep., braços sobrepostos",Mola helicoidal,Eixo rígido,920 km,653 km,10 km/l,"7,1 km/l",5000 rpm,4000 rpm,,,,"24,5 graus",42 graus,27 graus,,,,,,,,,,,,495 cm³,2972 cm³,265/70 R15,,,,,500 litros,150 litros,,,,,,,,,,,,,,,,,,,,,,,,,,
mitsubishi,Pajero Full,pajero-full,pajero-full-gls-3-5-v6-1999,pajero-full-gls-3-5-v6-1999,https://www.fichacompleta.com.br/carros/mitsubishi/pajero-full-gls-3-5-v6-1999,2026-06-15T19:36:37.892244,Mitsubishi Pajero Full GLS 3.5 V6 1999,"13,9 s",172 km/h,Correia dentada,Injeção multiponto,Natural,3497 cm³,6 em V,6G74,Único no cabeçote,"85,8 mm",93 mm,Longitudinal,Dianteiro,"10,7 kg/cv","68,7 kg/kgfm","57,8 cv/litro",,"9,5:1",,5000 rpm,3500 rpm,"9,0 kgfm/litro",,,4,Conversor de torque,Automático,4,,Integral permanente,1900 mm,,,4720 mm,2725 mm,1775 mm,2163 kg,,92 litros,186 mm,Disco ventilado,Disco sólido,,,,,Hidráulica,Não informado,,"Indep., braços sobrepostos",Mola helicoidal,Eixo rígido,920 km,653 km,10 km/l,"7,1 km/l",,,202 cv,"31,5 kgfm",,"24,5 graus",42 graus,27 graus,,,V4A5A,,,,,,,,,,,265/70 R16,,,,,500 litros,150 litros,,,,,,,,,,,,,,,,,,,,,,,,,,
mitsubishi,Pajero Full,pajero-full,pajero-full-gls-3-5-v6-1999-gasolina,pajero-full-gls-3-5-v6-1999-gasolina,https://www.fichacompleta.com.br/carros/mitsubishi/pajero-full-gls-3-5-v6-1999-gasolina,2026-06-15T19:36:40.643885,Mitsubishi Pajero Full GLS 3.5 V6 1999,"13,8 s",172 km/h,Correia dentada,Injeção multiponto,Natural,,6 em V,6G74,Único no cabeçote,"85,8 mm",93 mm,Longitudinal,Dianteiro,"8,90 kg/cv","57,1 kg/kgfm","57,8 cv/litro",202 cv,"9,5:1",,,,"9,0 kgfm/litro","31,5 kgfm",,4,Conversor de torque,Automático,4,,Integral permanente,1900 mm,1465 mm,1480 mm,4150 mm,2420 mm,1775 mm,1798 kg,200 litros,75 litros,186 mm,Disco ventilado,Disco sólido,,,,,Hidráulica,"10,6 m",,"Indep., braços sobrepostos",Mola helicoidal,Eixo rígido,773 km,540 km,"10,3 km/l","7,2 km/l",5000 rpm,3500 rpm,,,,,42 graus,,225 mm,,V4A5A,,,,,,,,,583 cm³,3497 cm³,265/70 R16,,,,,,,,,,,,,,,,,,,,,,,,,,,,,,,,
mitsubishi,Pajero Full,pajero-full,pajero-full-gls-2-8-turbo-2000,pajero-full-gls-2-8-turbo-2000,https://www.fichacompleta.com.br/carros/mitsubishi/pajero-full-gls-2-8-turbo-2000,2026-06-15T19:36:44.682608,Mitsubishi Pajero Full GLS 2.8 Turbo 2000,17 s,145 km/h,Corrente,Injeção indireta,Turbocompressor,2835 cm³,4 em linha,4M40,Único no cabeçote,100 mm,95 mm,Longitudinal,Dianteiro,"16,6 kg/cv","69,8 kg/kgfm","44,1 cv/litro",,21:1,,4000 rpm,2000 rpm,"10,5 kgfm/litro",,,2,Embreagem monodisco a seco,Manual,5,,Integral permanente,1910 mm,1465 mm,1480 mm,4735 mm,2725 mm,1775 mm,2080 kg,,92 litros,186 mm,Disco ventilado,Disco sólido,,,,,Hidráulica,"11,8 m",,"Indep., braços sobrepostos",Mola helicoidal,Eixo rígido,,,,,,,125 cv,"29,8 kgfm",470 kg,"24,5 graus",42 graus,27 graus,215 mm,,,,,,,,,,,,,265/70 R15,,,,,500 litros,150 litros,,,,874 km,690 km,"9,5 km/l","7,5 km/l",35 graus,,,,,,,,,,,,,,,,,,
mitsubishi,Pajero Full,pajero-full,pajero-full-gls-2-8-turbo-2000-diesel,pajero-full-gls-2-8-turbo-2000-diesel,https://www.fichacompleta.com.br/carros/mitsubishi/pajero-full-gls-2-8-turbo-2000-diesel,2026-06-15T19:36:49.533416,Mitsubishi Pajero Full GLS 2.8 Turbo 2000,17 s,145 km/h,Corrente,Injeção indireta,Turbocompressor,,4 em linha,4M40,Único no cabeçote,100 mm,95 mm,Longitudinal,Dianteiro,"16,64 kg/cv","69,8 kg/kgfm","44,1 cv/litro",125 cv,21:1,,,,"10,5 kgfm/litro","29,8 kgfm",,2,Conversor de torque,Automático,4,,Integral permanente,1910 mm,1465 mm,1480 mm,4735 mm,2725 mm,1775 mm,2080 kg,,92 litros,186 mm,Disco ventilado,Disco sólido,,,,,Hidráulica,"11,8 m",,"Indep., braços sobrepostos",Mola helicoidal,Eixo rígido,,,,,4000 rpm,2000 rpm,,,470 kg,"24,5 graus",42 graus,27 graus,215 mm,,,,,,,,,,,709 cm³,2835 cm³,265/70 R15,,,,,500 litros,150 litros,,,,874 km,690 km,"9,5 km/l","7,5 km/l",35 graus,,,,,,,,,,,,,,,,,,
mitsubishi,Pajero Full,pajero-full,pajero-full-gls-3-0-v6-2000,pajero-full-gls-3-0-v6-2000,https://www.fichacompleta.com.br/carros/mitsubishi/pajero-full-gls-3-0-v6-2000,2026-06-15T19:36:54.193206,Mitsubishi Pajero Full GLS 3.0 V6 2000,17 s,155 km/h,,Injeção multiponto,Natural,,6 em V,6G72,Único no cabeçote,76 mm,"91,1 mm",Longitudinal,Dianteiro,"12,80 kg/cv","79,7 kg/kgfm","50,5 cv/litro",150 cv,"8,9:1",,,,"8,1 kgfm/litro","24,1 kgfm",,2,Conversor de torque,Automático,4,,Integral permanente,1870 mm,,,4725 mm,2725 mm,1785 mm,1920 kg,,92 litros,186 mm,Disco ventilado,Disco sólido,,,,,Hidráulica,Não informado,,"Indep., braços sobrepostos",Mola helicoidal,Eixo rígido,920 km,653 km,10 km/l,"7,1 km/l",5000 rpm,4000 rpm,,,,"24,5 graus",42 graus,27 graus,,,,,,,,,,,,495 cm³,2972 cm³,265/70 R15,,,,,500 litros,150 litros,,,,,,,,,,,,,,,,,,,,,,,,,,
mitsubishi,Pajero Full,pajero-full,pajero-full-gls-3-5-v6-2000,pajero-full-gls-3-5-v6-2000,https://www.fichacompleta.com.br/carros/mitsubishi/pajero-full-gls-3-5-v6-2000,2026-06-15T19:36:58.823091,Mitsubishi Pajero Full GLS 3.5 V6 2000,"13,9 s",172 km/h,Correia dentada,Injeção multiponto,Natural,3497 cm³,6 em V,6G74,Único no cabeçote,"85,8 mm",93 mm,Longitudinal,Dianteiro,"10,7 kg/cv","68,7 kg/kgfm","57,8 cv/litro",,"9,5:1",,5000 rpm,3500 rpm,"9,0 kgfm/litro",,,4,Conversor de torque,Automático,4,,Integral permanente,1900 mm,,,4720 mm,2725 mm,1775 mm,2163 kg,,92 litros,186 mm,Disco ventilado,Disco sólido,,,,,Hidráulica,Não informado,,"Indep., braços sobrepostos",Mola helicoidal,Eixo rígido,920 km,653 km,10 km/l,"7,1 km/l",,,202 cv,"31,5 kgfm",,"24,5 graus",42 graus,27 graus,,,V4A5A,,,,,,,,,,,265/70 R16,,,,,500 litros,150 litros,,,,,,,,,,,,,,,,,,,,,,,,,,
mitsubishi,Pajero Full,pajero-full,pajero-full-gls-2-8-turbo-2001,pajero-full-gls-2-8-turbo-2001,https://www.fichacompleta.com.br/carros/mitsubishi/pajero-full-gls-2-8-turbo-2001,2026-06-15T19:37:02.080630,Mitsubishi Pajero Full GLS 2.8 Turbo 2001,17 s,145 km/h,Corrente,Injeção indireta,Turbocompressor,2835 cm³,4 em linha,4M40,Único no cabeçote,100 mm,95 mm,Longitudinal,Dianteiro,"14,8 kg/cv","62,2 kg/kgfm","44,1 cv/litro",125 cv,21:1,,4000 rpm,2000 rpm,"10,5 kgfm/litro","29,8 kgfm",,2,Conversor de torque,Automático,4,4,Integral permanente,1855 mm,,,4795 mm,2780 mm,1875 mm,1855 kg,,90 litros,186 mm,Disco ventilado,Disco sólido,,,,,Hidráulica,"11,4 m","11,4 m","Indep., braços sobrepostos",Mola helicoidal,"Indep., multibraço",,,,,,,,,655 kg,,42 graus,24 graus,235 mm,,,,,,,,,,,,,265/70 R16,,,,,500 litros,150 litros,500 litros,150 litros,,900 km,720 km,10 km/l,8 km/l,,,,,,,,,,,,,,,,,,,
mitsubishi,Pajero Full,pajero-full,pajero-full-gls-3-5-v6-2001,pajero-full-gls-3-5-v6-2001,https://www.fichacompleta.com.br/carros/mitsubishi/pajero-full-gls-3-5-v6-2001,2026-06-15T19:37:06.030909,Mitsubishi Pajero Full GLS 3.5 V6 2001,12 s,180 km/h,Correia dentada,Injeção multiponto,Natural,3497 cm³,6 em V,6G74,Único no cabeçote,"85,8 mm",93 mm,Longitudinal,Dianteiro,"10,1 kg/cv","64,8 kg/kgfm","57,8 cv/litro",202 cv,9:1,,5000 rpm,3500 rpm,"9,0 kgfm/litro","31,5 kgfm",,4,Conversor de torque,Automático,5,5,Integral permanente,1855 mm,,,4795 mm,2780 mm,1875 mm,2040 kg,,90 litros,186 mm,Disco ventilado,Disco sólido,,,,,Hidráulica,"11,4 m","11,4 m","Indep., braços sobrepostos",Mola helicoidal,"Indep., multibraço",900 km,639 km,10 km/l,"7,1 km/l",,,,,610 kg,,42 graus,24 graus,235 mm,,,,,,,,,,,,,265/70 R16,,,,,500 litros,150 litros,500 litros,150 litros,,,,,,,,,,,,,,,,,,,,,,,,
mitsubishi,Pajero Full,pajero-full,pajero-full-gls-3-5-v6-2001-gasolina,pajero-full-gls-3-5-v6-2001-gasolina,https://www.fichacompleta.com.br/carros/mitsubishi/pajero-full-gls-3-5-v6-2001-gasolina,2026-06-15T19:37:09.647424,Mitsubishi Pajero Full GLS 3.5 V6 2001,"11,5 s",182 km/h,,Injeção multiponto,Natural,3497 cm³,6 em V,6G74,Único no cabeçote,"85,8 mm",93 mm,Longitudinal,Dianteiro,"9,5 kg/cv","60,6 kg/kgfm","57,8 cv/litro",202 cv a 5000 rpm,9:1,,,,"9,0 kgfm/litro","31,5 kgfm a 3500 rpm",,4,Conversor de torque,Automático,,5,Integral permanente,1845 mm,,,4280 mm,2545 mm,1875 mm,1910 kg,200 litros,71 litros,186 mm,Disco ventilado,Disco sólido,,,,,Hidráulica,,"10,6 m","Independente, braços sobrepostos",Mola helicoidal,"Independente, multibraço",724 km,525 km,"10,2 km/l","7,4 km/l",,,,,600 kg,,42 graus,"33,5 graus",235 mm,,,,,,,,,,,,,265/70 R16,,,,,,,,,,,,,,,,,,,,,,,,,,,,,,,,
mitsubishi,Pajero Full,pajero-full,pajero-full-gls-2-8-turbo-2002,pajero-full-gls-2-8-turbo-2002,https://www.fichacompleta.com.br/carros/mitsubishi/pajero-full-gls-2-8-turbo-2002,2026-06-15T19:37:12.148756,Mitsubishi Pajero Full GLS 2.8 Turbo 2002,17 s,145 km/h,Corrente,Injeção indireta,Turbocompressor,,4 em linha,4M40,Único no cabeçote,100 mm,95 mm,Longitudinal,Dianteiro,"14,84 kg/cv","62,2 kg/kgfm","44,1 cv/litro",125 cv,21:1,,,,"10,5 kgfm/litro","29,8 kgfm",,2,Conversor de torque,Automático,4,,Integral permanente,1855 mm,,,4795 mm,2780 mm,1875 mm,1855 kg,,90 litros,186 mm,Disco ventilado,Disco sólido,,,,,Hidráulica,"11,4 m",,"Indep., braços sobrepostos",Mola helicoidal,"Indep., multibraço",,,,,4000 rpm,2000 rpm,,,655 kg,,42 graus,24 graus,235 mm,,,,,,,,,,,709 cm³,2835 cm³,265/70 R16,,,,,500 litros,150 litros,,,,900 km,720 km,10 km/l,8 km/l,,,,,,,,,,,,,,,,,,,
mitsubishi,Pajero Full,pajero-full,pajero-full-gls-3-2-turbo-2002,pajero-full-gls-3-2-turbo-2002,https://www.fichacompleta.com.br/carros/mitsubishi/pajero-full-gls-3-2-turbo-2002,2026-06-15T19:37:15.173541,Mitsubishi Pajero Full GLS 3.2 Turbo 2002,"13,4 s",174 km/h,Corrente,Injeção direta,Turbocompressor,3200 cm³,4 em linha,4M41,Duplo no cabeçote,105 mm,"98,5 mm",Longitudinal,Dianteiro,"12,9 kg/cv","56,1 kg/kgfm","51,6 cv/litro",,17:1,,3800 rpm,2000 rpm,"11,9 kgfm/litro",,,4,Conversor de torque,Automático,5,,Integral permanente,1855 mm,1560 mm,1560 mm,4830 mm,2780 mm,1895 mm,2130 kg,,90 litros,186 mm,Disco ventilado,Disco sólido,,,,,Hidráulica,"11,4 m",,"Indep., braços sobrepostos",Mola helicoidal,"Indep., multibraço",,,,,,,165 cv,38 kgfm,590 kg,"24,5 graus",39 graus,24 graus,235 mm,,V5AWF,,,,,,,,,,,265/70 R16,,,,,500 litros,150 litros,,,,990 km,810 km,11 km/l,9 km/l,35 graus,,,,,,,,,,,,,,,,,,
mitsubishi,Pajero Full,pajero-full,pajero-full-gls-3-5-v6-2002,pajero-full-gls-3-5-v6-2002,https://www.fichacompleta.com.br/carros/mitsubishi/pajero-full-gls-3-5-v6-2002,2026-06-15T19:37:19.969489,Mitsubishi Pajero Full GLS 3.5 V6 2002,12 s,180 km/h,Correia dentada,Injeção multiponto,Natural,3497 cm³,6 em V,6G74,Único no cabeçote,"85,8 mm",93 mm,Longitudinal,Dianteiro,"10,1 kg/cv","64,8 kg/kgfm","57,8 cv/litro",202 cv,9:1,,,,"9,0 kgfm/litro","31,5 kgfm",,4,Conversor de torque,Automático,5,,Integral permanente,1855 mm,,,4795 mm,2780 mm,1875 mm,2040 kg,,90 litros,186 mm,Disco ventilado,Disco sólido,,,,,Hidráulica,"11,4 m",,"Indep., braços sobrepostos",Mola helicoidal,"Indep., multibraço",900 km,639 km,10 km/l,"7,1 km/l",5000 rpm,3500 rpm,,,610 kg,,42 graus,24 graus,235 mm,,,,,,,,,,,,,265/70 R16,,,,,500 litros,150 litros,,,,,,,,,,,,,,,,,,,,,,,,,,
mitsubishi,Pajero Full,pajero-full,pajero-full-gls-3-2-turbo-2003,pajero-full-gls-3-2-turbo-2003,https://www.fichacompleta.com.br/carros/mitsubishi/pajero-full-gls-3-2-turbo-2003,2026-06-15T19:37:23.765326,Mitsubishi Pajero Full GLS 3.2 Turbo 2003,"13,4 s",174 km/h,,Injeção direta,Turbocompressor,3200 cm³,4 em linha,4M41,"Duplo no cabeçote, corrente",,,Longitudinal,Dianteiro,"12,9 kg/cv","56,1 kg/kgfm","51,6 cv/litro",165 cv a 3800 rpm,17:1,,,,"11,9 kgfm/litro",38 kgfm a 2000 rpm,,4,Conversor de torque,Automático,,5,Integral permanente,1855 mm,1560 mm,1560 mm,4830 mm,2780 mm,1895 mm,2130 kg,,90 litros,186 mm,Disco ventilado,Disco sólido,,,,,Hidráulica,,"11,4 m","Independente, braços sobrepostos",Mola helicoidal,"Independente, multibraço",,,,,,,,,590 kg,"24,5 graus",39 graus,24 graus,235 mm,,V5AWF,,,105 mm,"98,5 mm",,,,,,,265/70 R16,,,,,,,500 litros,150 litros,,990 km,810 km,11 km/l,9 km/l,35 graus,,,,,,,,,,,,,,,,,,
mitsubishi,Pajero Full,pajero-full,pajero-full-gls-3-5-v6-2003,pajero-full-gls-3-5-v6-2003,https://www.fichacompleta.com.br/carros/mitsubishi/pajero-full-gls-3-5-v6-2003,2026-06-15T19:37:27.192052,Mitsubishi Pajero Full GLS 3.5 V6 2003,12 s,180 km/h,Correia dentada,Injeção multiponto,Natural,3497 cm³,6 em V,6G74,Único no cabeçote,"85,8 mm",93 mm,Longitudinal,Dianteiro,"10,1 kg/cv","64,8 kg/kgfm","57,8 cv/litro",,9:1,,5000 rpm,3500 rpm,"9,0 kgfm/litro",,,4,Conversor de torque,Automático,5,,Integral permanente,1855 mm,,,4795 mm,2780 mm,1875 mm,2040 kg,,90 litros,186 mm,Disco ventilado,Disco sólido,,,,,Hidráulica,"11,4 m",,"Indep., braços sobrepostos",Mola helicoidal,"Indep., multibraço",900 km,639 km,10 km/l,"7,1 km/l",,,202 cv,"31,5 kgfm",610 kg,,42 graus,24 graus,235 mm,,,,,,,,,,,,,265/70 R16,,,,,500 litros,150 litros,,,,,,,,,,,,,,,,,,,,,,,,,,
mitsubishi,Pajero Full,pajero-full,pajero-full-gls-3-2-turbo-2004,pajero-full-gls-3-2-turbo-2004,https://www.fichacompleta.com.br/carros/mitsubishi/pajero-full-gls-3-2-turbo-2004,2026-06-15T19:37:31.060322,Mitsubishi Pajero Full GLS 3.2 Turbo 2004,"13,4 s",174 km/h,,Injeção direta,Turbocompressor,3200 cm³,4 em linha,4M41,"Duplo no cabeçote, corrente",,,Longitudinal,Dianteiro,"12,9 kg/cv","56,1 kg/kgfm","51,6 cv/litro",165 cv a 3800 rpm,17:1,,,,"11,9 kgfm/litro",38 kgfm a 2000 rpm,,4,Conversor de torque,Automático,,5,Integral permanente,1855 mm,1560 mm,1560 mm,4830 mm,2780 mm,1895 mm,2130 kg,,90 litros,186 mm,265/70 R16,Disco sólido,,,,,Hidráulica,,"11,4 m","Independente, braços sobrepostos",Mola helicoidal,"Independente, multibraço",,,,,,,,,590 kg,,39 graus,24 graus,,,V5AWF,,,105 mm,"98,5 mm",,,,,,,,,,,,,,500 litros,150 litros,,990 km,810 km,11 km/l,9 km/l,,,,,,,,,,,,,,,,,,,
mitsubishi,Pajero Full,pajero-full,pajero-full-gls-3-5-v6-2004,pajero-full-gls-3-5-v6-2004,https://www.fichacompleta.com.br/carros/mitsubishi/pajero-full-gls-3-5-v6-2004,2026-06-15T19:37:35.420291,Mitsubishi Pajero Full GLS 3.5 V6 2004,12 s,180 km/h,Correia dentada,Injeção multiponto,Natural,3497 cm³,6 em V,6G74,Único no cabeçote,"85,8 mm",93 mm,Longitudinal,Dianteiro,"10,1 kg/cv","64,8 kg/kgfm","57,8 cv/litro",,9:1,,5000 rpm,3500 rpm,"9,0 kgfm/litro",,,4,Conversor de torque,Automático,5,,Integral permanente,1855 mm,,,4795 mm,2780 mm,1875 mm,2040 kg,,90 litros,186 mm,Disco ventilado,Disco sólido,,,,,Hidráulica,"11,4 m",,"Indep., braços sobrepostos",Mola helicoidal,"Indep., multibraço",900 km,639 km,10 km/l,"7,1 km/l",,,202 cv,"31,5 kgfm",610 kg,,42 graus,24 graus,235 mm,,,,,,,,,,,,,265/70 R16,,,,,500 litros,150 litros,,,,,,,,,,,,,,,,,,,,,,,,,,
mitsubishi,Pajero Full,pajero-full,pajero-full-hpe-3-2-turbo-2004,pajero-full-hpe-3-2-turbo-2004,https://www.fichacompleta.com.br/carros/mitsubishi/pajero-full-hpe-3-2-turbo-2004,2026-06-15T19:37:38.096288,Mitsubishi Pajero Full HPE 3.2 Turbo 2004,"13,4 s",174 km/h,,Injeção direta,Turbocompressor,3200 cm³,4 em linha,4M41,"Duplo no cabeçote, corrente",,,Longitudinal,Dianteiro,"13,8 kg/cv","59,9 kg/kgfm","51,6 cv/litro",165 cv a 3800 rpm,17:1,,,,"11,9 kgfm/litro",38 kgfm a 2000 rpm,,4,Conversor de torque,Automático,,5,Integral permanente,1855 mm,1560 mm,1560 mm,4830 mm,2780 mm,1875 mm,2275 kg,,90 litros,172 mm,265/65 R17,Disco ventilado,,,,,Hidráulica,,"11,4 m","Independente, braços sobrepostos",Mola helicoidal,"Independente, multibraço",,,,,,,,,590 kg,,39 graus,24 graus,,,V5AWF,,,105 mm,"98,5 mm",,,,,,,,,,,,,,500 litros,150 litros,,990 km,810 km,11 km/l,9 km/l,,,,,,,,,,,,,,,,,,,
mitsubishi,Pajero Full,pajero-full,pajero-full-hpe-3-8-v6-2004,pajero-full-hpe-3-8-v6-2004,https://www.fichacompleta.com.br/carros/mitsubishi/pajero-full-hpe-3-8-v6-2004,2026-06-15T19:37:41.342264,Mitsubishi Pajero Full HPE 3.8 V6 2004,"11,8 s",182 km/h,,Injeção multiponto,Natural,3828 cm³,6 em V,6G75,Único no cabeçote,90 mm,95 mm,Longitudinal,Dianteiro,"9,1 kg/cv","60,1 kg/kgfm","60,9 cv/litro",233 cv,"9,5:1",,,,"9,2 kgfm/litro","35,1 kgfm",,4,Conversor de torque,Automático,5,,Integral permanente,1855 mm,1560 mm,1560 mm,4830 mm,2780 mm,1895 mm,2110 kg,,90 litros,172 mm,Disco ventilado,Disco ventilado,,,,,Hidráulica,"11,4 m",,"Indep., braços sobrepostos",Mola helicoidal,"Indep., multibraço",900 km,639 km,10 km/l,"7,1 km/l",5000 rpm,3500 rpm,,,540 kg,"24,5 graus",39 graus,24 graus,225 mm,,V5A51,,,,,,,,,,,265/65 R17,,,,,500 litros,150 litros,,,,,,,,35 graus,,,,,,,,,,,,,,,,,,
mitsubishi,Pajero Full,pajero-full,pajero-full-hpe-3-8-v6-2004-gasolina,pajero-full-hpe-3-8-v6-2004-gasolina,https://www.fichacompleta.com.br/carros/mitsubishi/pajero-full-hpe-3-8-v6-2004-gasolina,2026-06-15T19:37:44.912631,Mitsubishi Pajero Full HPE 3.8 V6 2004,"11,4 s",185 km/h,,Injeção multiponto,Natural,3828 cm³,6 em V,6G75,Único no cabeçote,90 mm,95 mm,Longitudinal,Dianteiro,"8,4 kg/cv","55,8 kg/kgfm","60,9 cv/litro",233 cv,"9,5:1",,,,"9,2 kgfm/litro","35,1 kgfm",,4,Conversor de torque,Automático,5,,Integral permanente,1845 mm,1560 mm,1560 mm,4315 mm,2545 mm,1895 mm,1960 kg,200 litros,71 litros,172 mm,Disco ventilado,Disco ventilado,,,,,Hidráulica,"10,6 m",,"Indep., braços sobrepostos",Mola helicoidal,"Indep., multibraço",724 km,525 km,"10,2 km/l","7,4 km/l",5000 rpm,3500 rpm,,,550 kg,"26,5 graus",39 graus,"33,5 graus",235 mm,,V5A51,,,,,,,,,,,265/65 R17,,,,,,,,,,,,,,35 graus,,,,,,,,,,,,,,,,,,
mitsubishi,Pajero Full,pajero-full,pajero-full-gls-3-2-turbo-2005,pajero-full-gls-3-2-turbo-2005,https://www.fichacompleta.com.br/carros/mitsubishi/pajero-full-gls-3-2-turbo-2005,2026-06-15T19:38:12.471349,Mitsubishi Pajero Full GLS 3.2 Turbo 2005,"13,4 s",174 km/h,Corrente,Injeção direta,Turbocompressor,3200 cm³,4 em linha,4M41,Duplo no cabeçote,105 mm,"98,5 mm",Longitudinal,Dianteiro,"12,9 kg/cv","56,1 kg/kgfm","51,6 cv/litro",165 cv,17:1,,,,"11,9 kgfm/litro",38 kgfm,,4,Conversor de torque,Automático,5,,Integral permanente,1855 mm,1560 mm,1560 mm,4830 mm,2780 mm,1895 mm,2130 kg,,90 litros,186 mm,Disco ventilado,Disco sólido,,,,,Hidráulica,"11,4 m",,"Indep., braços sobrepostos",Mola helicoidal,"Indep., multibraço",,,,,3800 rpm,2000 rpm,,,590 kg,"24,5 graus",39 graus,24 graus,235 mm,,V5AWF,,,,,,,,,,,265/70 R16,,,,,500 litros,150 litros,,,,990 km,810 km,11 km/l,9 km/l,35 graus,,,,,,,,,,,,,,,,,,
mitsubishi,Pajero Full,pajero-full,pajero-full-hpe-3-2-turbo-2005,pajero-full-hpe-3-2-turbo-2005,https://www.fichacompleta.com.br/carros/mitsubishi/pajero-full-hpe-3-2-turbo-2005,2026-06-15T19:38:17.470746,Mitsubishi Pajero Full HPE 3.2 Turbo 2005,"13,4 s",174 km/h,Corrente,Injeção direta,Turbocompressor,3200 cm³,4 em linha,4M41,Duplo no cabeçote,105 mm,"98,5 mm",Longitudinal,Dianteiro,"13,8 kg/cv","59,9 kg/kgfm","51,6 cv/litro",165 cv,17:1,,,,"11,9 kgfm/litro",38 kgfm,,4,Conversor de torque,Automático,5,,Integral permanente,1855 mm,1560 mm,1560 mm,4830 mm,2780 mm,1875 mm,2275 kg,,90 litros,172 mm,Disco ventilado,Disco ventilado,,,,,Hidráulica,"11,4 m",,"Indep., braços sobrepostos",Mola helicoidal,"Indep., multibraço",,,,,3800 rpm,2000 rpm,,,590 kg,"24,5 graus",39 graus,24 graus,225 mm,,V5AWF,,,,,,,,,,,265/65 R17,,,,,500 litros,150 litros,,,,990 km,810 km,11 km/l,9 km/l,35 graus,,,,,,,,,,,,,,,,,,
mitsubishi,Pajero Full,pajero-full,pajero-full-hpe-3-8-v6-2005,pajero-full-hpe-3-8-v6-2005,https://www.fichacompleta.com.br/carros/mitsubishi/pajero-full-hpe-3-8-v6-2005,2026-06-15T19:38:20.194867,Mitsubishi Pajero Full HPE 3.8 V6 2005,"11,8 s",182 km/h,,Injeção multiponto,Natural,3828 cm³,6 em V,6G75,Único no cabeçote,90 mm,95 mm,Longitudinal,Dianteiro,"9,1 kg/cv","60,1 kg/kgfm","60,9 cv/litro",233 cv,"9,5:1",,,,"9,2 kgfm/litro","35,1 kgfm",,4,Conversor de torque,Automático,5,,Integral permanente,1855 mm,1560 mm,1560 mm,4830 mm,2780 mm,1895 mm,2110 kg,,90 litros,172 mm,Disco ventilado,Disco ventilado,,,,,Hidráulica,"11,4 m",,"Indep., braços sobrepostos",Mola helicoidal,"Indep., multibraço",900 km,639 km,10 km/l,"7,1 km/l",5000 rpm,3500 rpm,,,540 kg,"24,5 graus",39 graus,24 graus,225 mm,,V5A51,,,,,,,,,,,265/65 R17,,,,,500 litros,150 litros,,,,,,,,35 graus,,,,,,,,,,,,,,,,,,
mitsubishi,Pajero Full,pajero-full,pajero-full-gls-3-2-turbo-2006,pajero-full-gls-3-2-turbo-2006,https://www.fichacompleta.com.br/carros/mitsubishi/pajero-full-gls-3-2-turbo-2006,2026-06-15T19:38:22.828877,Mitsubishi Pajero Full GLS 3.2 Turbo 2006,"13,4 s",174 km/h,Corrente,Injeção direta,Turbocompressor,3200 cm³,4 em linha,4M41,Duplo no cabeçote,105 mm,"98,5 mm",Longitudinal,Dianteiro,"13,8 kg/cv","59,9 kg/kgfm","51,6 cv/litro",165 cv,17:1,,,,"11,9 kgfm/litro",38 kgfm,,4,Conversor de torque,Automático,5,,Integral permanente,1855 mm,1560 mm,1560 mm,4830 mm,2780 mm,1875 mm,2275 kg,,90 litros,172 mm,Disco ventilado,Disco ventilado,,,,,Hidráulica,"11,4 m",,"Indep., braços sobrepostos",Mola helicoidal,"Indep., multibraço",,,,,3800 rpm,2000 rpm,,,590 kg,"24,5 graus",39 graus,24 graus,225 mm,,V5AWF,,,,,,,,,,,265/65 R17,,,,,500 litros,150 litros,,,,990 km,810 km,11 km/l,9 km/l,35 graus,,,,,,,,,,,,,,,,,,
mitsubishi,Pajero Full,pajero-full,pajero-full-hpe-3-2-turbo-2006,pajero-full-hpe-3-2-turbo-2006,https://www.fichacompleta.com.br/carros/mitsubishi/pajero-full-hpe-3-2-turbo-2006,2026-06-15T19:38:26.719320,Mitsubishi Pajero Full HPE 3.2 Turbo 2006,"13,4 s",174 km/h,Corrente,Injeção direta,Turbocompressor,3200 cm³,4 em linha,4M41,Duplo no cabeçote,105 mm,"98,5 mm",Longitudinal,Dianteiro,"13,8 kg/cv","59,9 kg/kgfm","51,6 cv/litro",,17:1,,3800 rpm,2000 rpm,"11,9 kgfm/litro",,,4,Conversor de torque,Automático,5,,Integral permanente,1855 mm,1560 mm,1560 mm,4830 mm,2780 mm,1875 mm,2275 kg,,90 litros,172 mm,Disco ventilado,Disco ventilado,,,,,Hidráulica,"11,4 m",,"Indep., braços sobrepostos",Mola helicoidal,"Indep., multibraço",,,,,,,165 cv,38 kgfm,590 kg,"24,5 graus",39 graus,24 graus,225 mm,,V5AWF,,,,,,,,,,,265/65 R17,,,,,500 litros,150 litros,,,,990 km,810 km,11 km/l,9 km/l,35 graus,,,,,,,,,,,,,,,,,,
mitsubishi,Pajero Full,pajero-full,pajero-full-hpe-3-8-v6-2006,pajero-full-hpe-3-8-v6-2006,https://www.fichacompleta.com.br/carros/mitsubishi/pajero-full-hpe-3-8-v6-2006,2026-06-15T19:38:29.829231,Mitsubishi Pajero Full HPE 3.8 V6 2006,"11,8 s",182 km/h,,Injeção multiponto,Natural,3828 cm³,6 em V,6G75,Único no cabeçote,90 mm,95 mm,Longitudinal,Dianteiro,"9,1 kg/cv","60,1 kg/kgfm","60,9 cv/litro",233 cv,"9,5:1",,,,"9,2 kgfm/litro","35,1 kgfm",,4,Conversor de torque,Automático,5,,Integral permanente,1855 mm,1560 mm,1560 mm,4830 mm,2780 mm,1895 mm,2110 kg,,90 litros,172 mm,Disco ventilado,Disco ventilado,,,,,Hidráulica,"11,4 m",,"Indep., braços sobrepostos",Mola helicoidal,"Indep., multibraço",900 km,639 km,10 km/l,"7,1 km/l",5000 rpm,3500 rpm,,,540 kg,"24,5 graus",39 graus,24 graus,225 mm,,V5A51,,,,,,,,,,,265/65 R17,,,,,500 litros,150 litros,,,,,,,,35 graus,,,,,,,,,,,,,,,,,,
mitsubishi,Pajero Full,pajero-full,pajero-full-hpe-3-8-v6-2006-gasolina,pajero-full-hpe-3-8-v6-2006-gasolina,https://www.fichacompleta.com.br/carros/mitsubishi/pajero-full-hpe-3-8-v6-2006-gasolina,2026-06-15T19:38:51.193838,Mitsubishi Pajero Full HPE 3.8 V6 2006,"11,4 s",185 km/h,,Injeção multiponto,Natural,3828 cm³,6 em V,6G75,Único no cabeçote,90 mm,95 mm,Longitudinal,Dianteiro,"8,4 kg/cv","55,8 kg/kgfm","60,9 cv/litro",233 cv a 5000 rpm,"9,5:1",,,,"9,2 kgfm/litro","35,1 kgfm a 3500 rpm",,4,Conversor de torque,Automático,,5,Integral permanente,1845 mm,1560 mm,1560 mm,4315 mm,2545 mm,1895 mm,1960 kg,200 litros,71 litros,172 mm,Disco ventilado,Disco ventilado,,,,,Hidráulica,,"10,6 m","Independente, braços sobrepostos",Mola helicoidal,"Independente, multibraço",724 km,525 km,"10,2 km/l","7,4 km/l",,,,,550 kg,"26,5 graus",39 graus,"33,5 graus",235 mm,,V5A51,,,,,,,,,,,265/65 R17,,,,,,,,,,,,,,35 graus,,,,,,,,,,,,,,,,,,
mitsubishi,Pajero Full,pajero-full,pajero-full-gls-3-2-turbo-2007,pajero-full-gls-3-2-turbo-2007,https://www.fichacompleta.com.br/carros/mitsubishi/pajero-full-gls-3-2-turbo-2007,2026-06-15T19:38:53.840733,Mitsubishi Pajero Full GLS 3.2 Turbo 2007,"13,4 s",174 km/h,Corrente,Injeção direta,Turbocompressor,3200 cm³,4 em linha,4M41,Duplo no cabeçote,105 mm,"98,5 mm",Longitudinal,Dianteiro,"13,8 kg/cv","59,9 kg/kgfm","51,6 cv/litro",,17:1,,3800 rpm,2000 rpm,"11,9 kgfm/litro",,,4,Conversor de torque,Automático,5,,Integral permanente,1855 mm,1560 mm,1560 mm,4830 mm,2780 mm,1875 mm,2275 kg,,90 litros,172 mm,Disco ventilado,Disco ventilado,,,,,Hidráulica,"11,4 m",,"Indep., braços sobrepostos",Mola helicoidal,"Indep., multibraço",,,,,,,165 cv,38 kgfm,590 kg,"24,5 graus",39 graus,24 graus,225 mm,,V5AWF,,,,,,,,,,,265/65 R17,,,,,500 litros,150 litros,,,,990 km,810 km,11 km/l,9 km/l,35 graus,,,,,,,,,,,,,,,,,,
mitsubishi,Pajero Full,pajero-full,pajero-full-hpe-3-2-turbo-2007,pajero-full-hpe-3-2-turbo-2007,https://www.fichacompleta.com.br/carros/mitsubishi/pajero-full-hpe-3-2-turbo-2007,2026-06-15T19:38:56.889897,Mitsubishi Pajero Full HPE 3.2 Turbo 2007,"13,4 s",174 km/h,Corrente,Injeção direta,Turbocompressor,3200 cm³,4 em linha,4M41,Duplo no cabeçote,105 mm,"98,5 mm",Longitudinal,Dianteiro,"13,8 kg/cv","59,9 kg/kgfm","51,6 cv/litro",165 cv,17:1,,3800 rpm,2000 rpm,"11,9 kgfm/litro",38 kgfm,,4,Conversor de torque,Automático,5,5,Integral permanente,1855 mm,1560 mm,1560 mm,4830 mm,2780 mm,1875 mm,2275 kg,,90 litros,172 mm,Disco ventilado,Disco ventilado,,,,,Hidráulica,"11,4 m","11,4 m","Indep., braços sobrepostos",Mola helicoidal,"Indep., multibraço",,,,,,,,,590 kg,"24,5 graus",39 graus,24 graus,225 mm,,V5AWF,,,,,,,,,,,265/65 R17,,,,,500 litros,150 litros,500 litros,150 litros,,990 km,810 km,11 km/l,9 km/l,35 graus,,,,,,,,,,,,,,,,,,
mitsubishi,Pajero Full,pajero-full,pajero-full-hpe-3-2-turbo-2007-diesel,pajero-full-hpe-3-2-turbo-2007-diesel,https://www.fichacompleta.com.br/carros/mitsubishi/pajero-full-hpe-3-2-turbo-2007-diesel,2026-06-15T19:39:00.911285,Mitsubishi Pajero Full HPE 3.2 Turbo 2007,"12,6 s",174 km/h,,Injeção direta,Turbocompressor,3200 cm³,4 em linha,4M41,"Duplo no cabeçote, corrente",105 mm,"98,5 mm",Longitudinal,Dianteiro,"12,2 kg/cv","52,9 kg/kgfm","51,6 cv/litro",165 cv a 3800 rpm,17:1,,,,"11,9 kgfm/litro",38 kgfm a 2000 rpm,,4,Conversor de torque,Automático,,5,Integral permanente,1845 mm,1560 mm,1560 mm,4315 mm,2545 mm,1895 mm,2010 kg,200 litros,69 litros,172 mm,Disco ventilado,Disco ventilado,,,,,Hidráulica,,"10,6 m","Independente, braços sobrepostos",Mola helicoidal,"Independente, multibraço",,,,,,,,,,"26,5 graus",39 graus,"33,5 graus",225 mm,,V5AWF,,,,,,,,,,,265/65 R17,,,,,,,,,,773 km,656 km,"11,2 km/l","9,5 km/l",35 graus,,,,,,,,,,,,,,,,,,
mitsubishi,Pajero Full,pajero-full,pajero-full-hpe-3-8-v6-2007,pajero-full-hpe-3-8-v6-2007,https://www.fichacompleta.com.br/carros/mitsubishi/pajero-full-hpe-3-8-v6-2007,2026-06-15T19:39:06.169117,Mitsubishi Pajero Full HPE 3.8 V6 2007,"11,8 s",182 km/h,,Injeção multiponto,Natural,3828 cm³,6 em V,6G75,Único no cabeçote,90 mm,95 mm,Longitudinal,Dianteiro,"9,1 kg/cv","60,1 kg/kgfm","60,9 cv/litro",,"9,5:1",,5000 rpm,3500 rpm,"9,2 kgfm/litro",,,4,Conversor de torque,Automático,5,,Integral permanente,1855 mm,1560 mm,1560 mm,4830 mm,2780 mm,1895 mm,2110 kg,,90 litros,172 mm,Disco ventilado,Disco ventilado,,,,,Hidráulica,"11,4 m",,"Indep., braços sobrepostos",Mola helicoidal,"Indep., multibraço",900 km,639 km,10 km/l,"7,1 km/l",,,233 cv,"35,1 kgfm",540 kg,"24,5 graus",39 graus,24 graus,225 mm,,V5A51,,,,,,,,,,,265/65 R17,,,,,500 litros,150 litros,,,,,,,,35 graus,,,,,,,,,,,,,,,,,,
mitsubishi,Pajero Full,pajero-full,pajero-full-gls-3-2-turbo-2008,pajero-full-gls-3-2-turbo-2008,https://www.fichacompleta.com.br/carros/mitsubishi/pajero-full-gls-3-2-turbo-2008,2026-06-15T19:39:10.402819,Mitsubishi Pajero Full GLS 3.2 Turbo 2008,"13,4 s",174 km/h,Corrente,Injeção direta,Turbocompressor,3200 cm³,4 em linha,4M41,Duplo no cabeçote,105 mm,"98,5 mm",Longitudinal,Dianteiro,"13,8 kg/cv","59,7 kg/kgfm","51,6 cv/litro",165 cv,17:1,,,,"11,9 kgfm/litro","38,1 kgfm",,4,Conversor de torque,Automático,5,,Integral permanente,1900 mm,1570 mm,1570 mm,4900 mm,2780 mm,1875 mm,2275 kg,,88 litros,172 mm,Disco ventilado,Disco ventilado,,,,,Hidráulica,"11,4 m",,"Indep., braços sobrepostos",Mola helicoidal,"Indep., multibraço",,,,,3500 rpm,2000 rpm,,,590 kg,"25,2 graus","36,6 graus",25 graus,225 mm,,V5AWF,1800 kg,750 kg,,,,,,,,,265/65 R17,,,,,500 litros,150 litros,,,,968 km,792 km,11 km/l,9 km/l,35 graus,700 mm,,,,,,,,,,,,,,,,,
mitsubishi,Pajero Full,pajero-full,pajero-full-gls-3-8-v6-2008,pajero-full-gls-3-8-v6-2008,https://www.fichacompleta.com.br/carros/mitsubishi/pajero-full-gls-3-8-v6-2008,2026-06-15T19:39:13.451908,Mitsubishi Pajero Full GLS 3.8 V6 2008,"10,8 s",200 km/h,,Injeção multiponto,Natural,3828 cm³,6 em V,6G75,Único no cabeçote,90 mm,95 mm,Longitudinal,Dianteiro,"8,8 kg/cv","65,2 kg/kgfm","65,3 cv/litro",250 cv,"9,8:1",,,,"8,8 kgfm/litro","33,6 kgfm",,4,Conversor de torque,Automático,5,,Integral permanente,1900 mm,1570 mm,1570 mm,4900 mm,2780 mm,1875 mm,2190 kg,,88 litros,172 mm,Disco ventilado,Disco ventilado,,,,,Hidráulica,"11,4 m",,"Indep., braços sobrepostos",Mola helicoidal,"Indep., multibraço",528 km,352 km,6 km/l,4 km/l,6000 rpm,2750 rpm,,,575 kg,"22,5 graus","36,6 graus",25 graus,225 mm,Admissão,V5A5A,1800 kg,750 kg,,,,,,,,,265/65 R17,,,,,500 litros,150 litros,,,,,,,,35 graus,700 mm,,,,,,,,,,,,,,,,,
mitsubishi,Pajero Full,pajero-full,pajero-full-hpe-3-2-turbo-2008,pajero-full-hpe-3-2-turbo-2008,https://www.fichacompleta.com.br/carros/mitsubishi/pajero-full-hpe-3-2-turbo-2008,2026-06-15T19:39:15.947396,Mitsubishi Pajero Full HPE 3.2 Turbo 2008,"13,4 s",174 km/h,Corrente,Injeção direta,Turbocompressor,3200 cm³,4 em linha,4M41,Duplo no cabeçote,105 mm,"98,5 mm",Longitudinal,Dianteiro,"13,8 kg/cv","59,7 kg/kgfm","51,6 cv/litro",165 cv,17:1,,,,"11,9 kgfm/litro","38,1 kgfm",,4,Conversor de torque,Automático,5,,Integral permanente,1900 mm,1570 mm,1570 mm,4900 mm,2780 mm,1875 mm,2275 kg,,88 litros,172 mm,Disco ventilado,Disco ventilado,,,,,Hidráulica,"11,4 m",,"Indep., braços sobrepostos",Mola helicoidal,"Indep., multibraço",,,,,3500 rpm,2000 rpm,,,590 kg,"25,2 graus","36,6 graus",25 graus,225 mm,,V5AWF,1800 kg,750 kg,,,,,,,,,265/65 R17,,,,,500 litros,150 litros,,,,968 km,792 km,11 km/l,9 km/l,35 graus,700 mm,,,,,,,,,,,,,,,,,
mitsubishi,Pajero Full,pajero-full,pajero-full-hpe-3-2-turbo-2008-diesel,pajero-full-hpe-3-2-turbo-2008-diesel,https://www.fichacompleta.com.br/carros/mitsubishi/pajero-full-hpe-3-2-turbo-2008-diesel,2026-06-15T19:39:19.342509,Mitsubishi Pajero Full HPE 3.2 Turbo 2008,"12,6 s",174 km/h,Corrente,Injeção direta,Turbocompressor,3200 cm³,4 em linha,4M41,Duplo no cabeçote,105 mm,"98,5 mm",Longitudinal,Dianteiro,"12,6 kg/cv","54,6 kg/kgfm","51,6 cv/litro",165 cv,17:1,,,,"11,9 kgfm/litro","38,1 kgfm",,4,Conversor de torque,Automático,5,,Integral permanente,1850 mm,1560 mm,1560 mm,4385 mm,2545 mm,1875 mm,2080 kg,200 litros,69 litros,172 mm,Disco ventilado,Disco ventilado,,,,,Hidráulica,"10,6 m",,"Indep., braços sobrepostos",Mola helicoidal,"Indep., multibraço",,,,,3500 rpm,2000 rpm,,,480 kg,"25,2 graus","36,7 graus","34,8 graus",225 mm,,V5AWF,1800 kg,,,,,,,,,,265/65 R17,,,,,,,,,,773 km,656 km,"11,2 km/l","9,5 km/l",35 graus,700 mm,,,,,,,,,,,,,,,,,
mitsubishi,Pajero Full,pajero-full,pajero-full-hpe-3-8-v6-2008,pajero-full-hpe-3-8-v6-2008,https://www.fichacompleta.com.br/carros/mitsubishi/pajero-full-hpe-3-8-v6-2008,2026-06-15T19:39:22.127447,Mitsubishi Pajero Full HPE 3.8 V6 2008,"10,8 s",200 km/h,,Injeção multiponto,Natural,3828 cm³,6 em V,6G75,Único no cabeçote,90 mm,95 mm,Longitudinal,Dianteiro,"8,8 kg/cv","65,2 kg/kgfm","65,3 cv/litro",250 cv a 6000 rpm,"9,8:1",,,,"8,8 kgfm/litro","33,6 kgfm a 2750 rpm",,4,Conversor de torque,Automático,,5,Integral permanente,1900 mm,1570 mm,1570 mm,4900 mm,2780 mm,1875 mm,2190 kg,,88 litros,172 mm,Disco ventilado,Disco ventilado,,,,,Hidráulica,,"11,4 m","Independente, braços sobrepostos",Mola helicoidal,"Independente, multibraço",528 km,352 km,6 km/l,4 km/l,,,,,575 kg,"22,5 graus","36,6 graus",25 graus,225 mm,Admissão,V5A5A,1800 kg,750 kg,,,,,,,,,265/65 R17,,,,,,,500 litros,150 litros,,,,,,35 graus,700 mm,,,,,,,,,,,,,,,,,
mitsubishi,Pajero Full,pajero-full,pajero-full-hpe-3-8-v6-2008-gasolina,pajero-full-hpe-3-8-v6-2008-gasolina,https://www.fichacompleta.com.br/carros/mitsubishi/pajero-full-hpe-3-8-v6-2008-gasolina,2026-06-15T19:39:25.838086,Mitsubishi Pajero Full HPE 3.8 V6 2008,10 s,200 km/h,,Injeção multiponto,Natural,3828 cm³,6 em V,6G75,Único no cabeçote,90 mm,95 mm,Longitudinal,Dianteiro,"8,0 kg/cv","59,2 kg/kgfm","65,3 cv/litro",250 cv,"9,8:1",,,,"8,8 kgfm/litro","33,6 kgfm",,4,Conversor de torque,Automático,5,,Integral permanente,1900 mm,1560 mm,1560 mm,4385 mm,2545 mm,1875 mm,1990 kg,200 litros,69 litros,159 mm,Disco ventilado,Disco ventilado,,,,,Hidráulica,"10,6 m",,"Indep., braços sobrepostos",Mola helicoidal,"Indep., multibraço",449 km,311 km,"6,5 km/l","4,5 km/l",6000 rpm,2750 rpm,,,570 kg,"25,2 graus","36,7 graus","34,8 graus",235 mm,Admissão,V5A5A,1800 kg,750 kg,,,,,,,,,265/60 R18,,,,,,,,,,,,,,35 graus,700 mm,,,,,,,,,,,,,,,,,
mitsubishi,Pajero Full,pajero-full,pajero-full-gls-3-2-turbo-2009,pajero-full-gls-3-2-turbo-2009,https://www.fichacompleta.com.br/carros/mitsubishi/pajero-full-gls-3-2-turbo-2009,2026-06-15T19:39:28.408985,Mitsubishi Pajero Full GLS 3.2 Turbo 2009,"13,4 s",174 km/h,Corrente,Injeção direta,Turbocompressor,3200 cm³,4 em linha,4M41,Duplo no cabeçote,105 mm,"98,5 mm",Longitudinal,Dianteiro,"13,8 kg/cv","59,7 kg/kgfm","51,6 cv/litro",165 cv,17:1,,,,"11,9 kgfm/litro","38,1 kgfm",,4,Conversor de torque,Automático,5,,Integral permanente,1900 mm,1570 mm,1570 mm,4900 mm,2780 mm,1875 mm,2275 kg,,88 litros,172 mm,Disco ventilado,Disco ventilado,,,,,Hidráulica,"11,4 m",,"Indep., braços sobrepostos",Mola helicoidal,"Indep., multibraço",,,,,3500 rpm,2000 rpm,,,590 kg,"25,2 graus","36,6 graus",25 graus,225 mm,,V5AWF,1800 kg,750 kg,,,,,,,,,265/65 R17,,,,,500 litros,150 litros,,,,968 km,792 km,11 km/l,9 km/l,35 graus,700 mm,,,,,,,,,,,,,,,,,
mitsubishi,Pajero Full,pajero-full,pajero-full-gls-3-8-v6-2009,pajero-full-gls-3-8-v6-2009,https://www.fichacompleta.com.br/carros/mitsubishi/pajero-full-gls-3-8-v6-2009,2026-06-15T19:39:30.975407,Mitsubishi Pajero Full GLS 3.8 V6 2009,"10,8 s",200 km/h,,Injeção multiponto,Natural,,6 em V,6G75,Único no cabeçote,90 mm,95 mm,Longitudinal,Dianteiro,"8,76 kg/cv","65,2 kg/kgfm","65,3 cv/litro",250 cv,"9,8:1",,,,"8,8 kgfm/litro","33,6 kgfm",,4,Conversor de torque,Automático,5,,Integral permanente,1900 mm,1570 mm,1570 mm,4900 mm,2780 mm,1875 mm,2190 kg,,88 litros,172 mm,Disco ventilado,Disco ventilado,,,,,Hidráulica,"11,4 m",,"Indep., braços sobrepostos",Mola helicoidal,"Indep., multibraço",528 km,352 km,6 km/l,4 km/l,6000 rpm,2750 rpm,,,575 kg,"22,5 graus","36,6 graus",25 graus,225 mm,Admissão,V5A5A,1800 kg,750 kg,,,,,,,638 cm³,3828 cm³,265/65 R17,,,,,500 litros,150 litros,,,,,,,,35 graus,700 mm,,,,,,,,,,,,,,,,,
mitsubishi,Pajero Full,pajero-full,pajero-full-hpe-3-2-turbo-2009,pajero-full-hpe-3-2-turbo-2009,https://www.fichacompleta.com.br/carros/mitsubishi/pajero-full-hpe-3-2-turbo-2009,2026-06-15T19:39:34.149215,Mitsubishi Pajero Full HPE 3.2 Turbo 2009,"13,4 s",174 km/h,Corrente,Injeção direta,Turbocompressor,3200 cm³,4 em linha,4M41,Duplo no cabeçote,105 mm,"98,5 mm",Longitudinal,Dianteiro,"13,8 kg/cv","59,7 kg/kgfm","51,6 cv/litro",165 cv,17:1,,,,"11,9 kgfm/litro","38,1 kgfm",,4,Conversor de torque,Automático,5,,Integral permanente,1900 mm,1570 mm,1570 mm,4900 mm,2780 mm,1875 mm,2275 kg,,88 litros,172 mm,Disco ventilado,Disco ventilado,,,,,Hidráulica,"11,4 m",,"Indep., braços sobrepostos",Mola helicoidal,"Indep., multibraço",,,,,3500 rpm,2000 rpm,,,590 kg,"25,2 graus","36,6 graus",25 graus,225 mm,,V5AWF,1800 kg,750 kg,,,,,,,,,265/65 R17,,,,,500 litros,150 litros,,,,968 km,792 km,11 km/l,9 km/l,35 graus,700 mm,,,,,,,,,,,,,,,,,
mitsubishi,Pajero Full,pajero-full,pajero-full-hpe-3-2-turbo-2009-diesel,pajero-full-hpe-3-2-turbo-2009-diesel,https://www.fichacompleta.com.br/carros/mitsubishi/pajero-full-hpe-3-2-turbo-2009-diesel,2026-06-15T19:39:37.381535,Mitsubishi Pajero Full HPE 3.2 Turbo 2009,"12,6 s",174 km/h,Corrente,Injeção direta,Turbocompressor,,4 em linha,4M41,Duplo no cabeçote,105 mm,"98,5 mm",Longitudinal,Dianteiro,"12,61 kg/cv","54,6 kg/kgfm","51,6 cv/litro",165 cv,17:1,,,,"11,9 kgfm/litro","38,1 kgfm",,4,Conversor de torque,Automático,5,,Integral permanente,1850 mm,1560 mm,1560 mm,4385 mm,2545 mm,1875 mm,2080 kg,200 litros,69 litros,172 mm,Disco ventilado,Disco ventilado,,,,,Hidráulica,"10,6 m",,"Indep., braços sobrepostos",Mola helicoidal,"Indep., multibraço",,,,,3500 rpm,2000 rpm,,,480 kg,"25,2 graus","36,7 graus","34,8 graus",225 mm,,V5AWF,1800 kg,,,,,,,,800 cm³,3200 cm³,265/65 R17,,,,,,,,,,773 km,656 km,"11,2 km/l","9,5 km/l",35 graus,700 mm,,,,,,,,,,,,,,,,,
mitsubishi,Pajero Full,pajero-full,pajero-full-hpe-3-8-v6-2009,pajero-full-hpe-3-8-v6-2009,https://www.fichacompleta.com.br/carros/mitsubishi/pajero-full-hpe-3-8-v6-2009,2026-06-15T19:39:40.189854,Mitsubishi Pajero Full HPE 3.8 V6 2009,10 s,200 km/h,,Injeção multiponto,Natural,3828 cm³,6 em V,6G75,Único no cabeçote,90 mm,95 mm,Longitudinal,Dianteiro,"8,0 kg/cv","59,2 kg/kgfm","65,3 cv/litro",250 cv,"9,8:1",,,,"8,8 kgfm/litro","33,6 kgfm",,4,Conversor de torque,Automático,5,,Integral permanente,1900 mm,1560 mm,1560 mm,4385 mm,2545 mm,1875 mm,1990 kg,200 litros,69 litros,159 mm,Disco ventilado,Disco ventilado,,,,,Hidráulica,"10,6 m",,"Indep., braços sobrepostos",Mola helicoidal,"Indep., multibraço",449 km,311 km,"6,5 km/l","4,5 km/l",6000 rpm,2750 rpm,,,570 kg,"25,2 graus","36,7 graus","34,8 graus",235 mm,Admissão,V5A5A,1800 kg,750 kg,,,,,,,,,265/60 R18,,,,,,,,,,,,,,35 graus,700 mm,,,,,,,,,,,,,,,,,
mitsubishi,Pajero Full,pajero-full,pajero-full-hpe-3-8-v6-2009-gasolina,pajero-full-hpe-3-8-v6-2009-gasolina,https://www.fichacompleta.com.br/carros/mitsubishi/pajero-full-hpe-3-8-v6-2009-gasolina,2026-06-15T19:39:43.396350,Mitsubishi Pajero Full HPE 3.8 V6 2009,"10,8 s",200 km/h,,Injeção multiponto,Natural,3828 cm³,6 em V,6G75,Único no cabeçote,90 mm,95 mm,Longitudinal,Dianteiro,"8,8 kg/cv","65,2 kg/kgfm","65,3 cv/litro",,"9,8:1",,6000 rpm,2750 rpm,"8,8 kgfm/litro",,,4,Conversor de torque,Automático,5,,Integral permanente,1900 mm,1570 mm,1570 mm,4900 mm,2780 mm,1875 mm,2190 kg,,88 litros,172 mm,Disco ventilado,Disco ventilado,,,,,Hidráulica,"11,4 m",,"Indep., braços sobrepostos",Mola helicoidal,"Indep., multibraço",528 km,352 km,6 km/l,4 km/l,,,250 cv,"33,6 kgfm",575 kg,"22,5 graus","36,6 graus",25 graus,225 mm,Admissão,V5A5A,1800 kg,750 kg,,,,,,,,,265/65 R17,,,,,500 litros,150 litros,,,,,,,,35 graus,700 mm,,,,,,,,,,,,,,,,,
mitsubishi,Pajero Full,pajero-full,pajero-full-hpe-3-2-turbo-2010,pajero-full-hpe-3-2-turbo-2010,https://www.fichacompleta.com.br/carros/mitsubishi/pajero-full-hpe-3-2-turbo-2010,2026-06-15T19:39:46.823092,Mitsubishi Pajero Full HPE 3.2 Turbo 2010,"10,6 s",188 km/h,,Injeção direta,Turbocompressor,3200 cm³,4 em linha,4M41,"Duplo no cabeçote, corrente",105 mm,"98,5 mm",Longitudinal,Dianteiro,"10,4 kg/cv","42,4 kg/kgfm","62,5 cv/litro",200 cv a 3750 rpm,17:1,,,,"15,3 kgfm/litro",49 kgfm a 2000 rpm,,4,Conversor de torque,Automático,,5,Integral permanente,1900 mm,1560 mm,1560 mm,4385 mm,2545 mm,1875 mm,2080 kg,200 litros,69 litros,159 mm,Disco ventilado,Disco ventilado,,,,,Hidráulica,,"10,6 m","Independente, braços sobrepostos",Mola helicoidal,"Independente, multibraço",,,,,,,,,480 kg,"25,2 graus","36,7 graus","34,8 graus",235 mm,,V5AWF,1800 kg,750 kg,,,,,,,,,265/60 R18,,,,,,,,,,725 km,621 km,"10,5 km/l",9 km/l,35 graus,700 mm,,,,,,,,,,,,,,,,,
mitsubishi,Pajero Full,pajero-full,pajero-full-hpe-3-2-turbo-2010-diesel,pajero-full-hpe-3-2-turbo-2010-diesel,https://www.fichacompleta.com.br/carros/mitsubishi/pajero-full-hpe-3-2-turbo-2010-diesel,2026-06-15T19:39:49.907861,Mitsubishi Pajero Full HPE 3.2 Turbo 2010,"11,4 s",188 km/h,,Injeção direta,Turbocompressor,3200 cm³,4 em linha,4M41,"Duplo no cabeçote, corrente",105 mm,"98,5 mm",Longitudinal,Dianteiro,"11,2 kg/cv","45,7 kg/kgfm","62,5 cv/litro",200 cv a 3750 rpm,17:1,,,,"15,3 kgfm/litro",49 kgfm a 2000 rpm,,4,Conversor de torque,Automático,,5,Integral permanente,1900 mm,1570 mm,1570 mm,4900 mm,2780 mm,1875 mm,2240 kg,,88 litros,159 mm,Disco ventilado,Disco ventilado,,,,,Hidráulica,,"11,4 m","Independente, braços sobrepostos",Mola helicoidal,"Independente, multibraço",,,,,,,,,625 kg,"22,5 graus","36,6 graus",25 graus,235 mm,,V5AWF,1800 kg,750 kg,,,,,,,,,265/60 R18,,,,,,,500 litros,150 litros,,880 km,704 km,10 km/l,8 km/l,35 graus,700 mm,,,,,,,,,,,,,,,,,
mitsubishi,Pajero Full,pajero-full,pajero-full-hpe-3-8-v6-2010,pajero-full-hpe-3-8-v6-2010,https://www.fichacompleta.com.br/carros/mitsubishi/pajero-full-hpe-3-8-v6-2010,2026-06-15T19:39:52.604869,Mitsubishi Pajero Full HPE 3.8 V6 2010,"10,8 s",200 km/h,,Injeção multiponto,Natural,3828 cm³,6 em V,6G75,Único no cabeçote,90 mm,95 mm,Longitudinal,Dianteiro,"8,8 kg/cv","65,2 kg/kgfm","65,3 cv/litro",250 cv a 6000 rpm,"9,8:1",,,,"8,8 kgfm/litro","33,6 kgfm a 2750 rpm",,4,Conversor de torque,Automático,,5,Integral permanente,1900 mm,1570 mm,1570 mm,4900 mm,2780 mm,1875 mm,2190 kg,,88 litros,159 mm,Disco ventilado,Disco ventilado,,,,,Hidráulica,,"11,4 m","Independente, braços sobrepostos",Mola helicoidal,"Independente, multibraço",528 km,352 km,6 km/l,4 km/l,,,,,575 kg,"22,5 graus","36,6 graus",25 graus,235 mm,Admissão,V5A5A,1800 kg,750 kg,,,,,,,,,265/60 R18,,,,,,,500 litros,150 litros,,,,,,35 graus,700 mm,,,,,,,,,,,,,,,,,
mitsubishi,Pajero Full,pajero-full,pajero-full-hpe-3-8-v6-2010-gasolina,pajero-full-hpe-3-8-v6-2010-gasolina,https://www.fichacompleta.com.br/carros/mitsubishi/pajero-full-hpe-3-8-v6-2010-gasolina,2026-06-15T19:39:55.535615,Mitsubishi Pajero Full HPE 3.8 V6 2010,10 s,200 km/h,,Injeção multiponto,Natural,3828 cm³,6 em V,6G75,Único no cabeçote,90 mm,95 mm,Longitudinal,Dianteiro,"8,0 kg/cv","59,2 kg/kgfm","65,3 cv/litro",250 cv a 6000 rpm,"9,8:1",,,,"8,8 kgfm/litro","33,6 kgfm a 2750 rpm",,4,Conversor de torque,Automático,,5,Integral permanente,1900 mm,1560 mm,1560 mm,4385 mm,2545 mm,1875 mm,1990 kg,200 litros,69 litros,159 mm,Disco ventilado,Disco ventilado,,,,,Hidráulica,,"10,6 m","Independente, braços sobrepostos",Mola helicoidal,"Independente, multibraço",449 km,311 km,"6,5 km/l","4,5 km/l",,,,,570 kg,"25,2 graus","36,7 graus","34,8 graus",235 mm,Admissão,V5A5A,1800 kg,750 kg,,,,,,,,,265/60 R18,,,,,,,,,,,,,,35 graus,700 mm,,,,,,,,,,,,,,,,,
mitsubishi,Pajero Full,pajero-full,pajero-full-hpe-3-2-turbo-2011,pajero-full-hpe-3-2-turbo-2011,https://www.fichacompleta.com.br/carros/mitsubishi/pajero-full-hpe-3-2-turbo-2011,2026-06-15T19:39:58.800292,Mitsubishi Pajero Full HPE 3.2 Turbo 2011,"11,4 s",188 km/h,,Injeção direta,Turbocompressor,3200 cm³,4 em linha,4M41,"Duplo no cabeçote, corrente",105 mm,"98,5 mm",Longitudinal,Dianteiro,"11,2 kg/cv","45,7 kg/kgfm","62,5 cv/litro",200 cv a 3750 rpm,17:1,,,,"15,3 kgfm/litro",49 kgfm a 2000 rpm,,4,Conversor de torque,Automático,,5,Integral permanente,1900 mm,1570 mm,1570 mm,4900 mm,2780 mm,1875 mm,2240 kg,,88 litros,159 mm,Disco ventilado,Disco ventilado,,,,,Hidráulica,,"11,4 m","Independente, braços sobrepostos",Mola helicoidal,"Independente, multibraço",,,,,,,,,625 kg,"22,5 graus","36,6 graus",25 graus,235 mm,,V5AWF,1800 kg,750 kg,,,,,,,,,265/60 R18,,,,,,,500 litros,150 litros,,880 km,704 km,10 km/l,8 km/l,35 graus,700 mm,,,,,,,,,,,,,,,,,
mitsubishi,Pajero Full,pajero-full,pajero-full-hpe-3-2-turbo-2011-diesel,pajero-full-hpe-3-2-turbo-2011-diesel,https://www.fichacompleta.com.br/carros/mitsubishi/pajero-full-hpe-3-2-turbo-2011-diesel,2026-06-15T19:40:01.239665,Mitsubishi Pajero Full HPE 3.2 Turbo 2011,"10,6 s",188 km/h,,Injeção direta,Turbocompressor,3200 cm³,4 em linha,4M41,"Duplo no cabeçote, corrente",105 mm,"98,5 mm",Longitudinal,Dianteiro,"10,4 kg/cv","42,4 kg/kgfm","62,5 cv/litro",200 cv a 3750 rpm,17:1,,,,"15,3 kgfm/litro",49 kgfm a 2000 rpm,,4,Conversor de torque,Automático,,5,Integral permanente,1900 mm,1560 mm,1560 mm,4385 mm,2545 mm,1875 mm,2080 kg,200 litros,69 litros,159 mm,Disco ventilado,Disco ventilado,,,,,Hidráulica,,"10,6 m","Independente, braços sobrepostos",Mola helicoidal,"Independente, multibraço",,,,,,,,,480 kg,"25,2 graus","36,7 graus","34,8 graus",235 mm,,V5AWF,1800 kg,750 kg,,,,,,,,,265/60 R18,,,,,,,,,,725 km,621 km,"10,5 km/l",9 km/l,35 graus,700 mm,,,,,,,,,,,,,,,,,
mitsubishi,Pajero Full,pajero-full,pajero-full-hpe-3-8-v6-2011,pajero-full-hpe-3-8-v6-2011,https://www.fichacompleta.com.br/carros/mitsubishi/pajero-full-hpe-3-8-v6-2011,2026-06-15T19:40:04.714556,Mitsubishi Pajero Full HPE 3.8 V6 2011,"10,8 s",200 km/h,,Injeção multiponto,Natural,3828 cm³,6 em V,6G75,Único no cabeçote,90 mm,95 mm,Longitudinal,Dianteiro,"8,8 kg/cv","65,2 kg/kgfm","65,3 cv/litro",250 cv,"9,8:1",,,,"8,8 kgfm/litro","33,6 kgfm",,4,Conversor de torque,Automático,5,,Integral permanente,1900 mm,1570 mm,1570 mm,4900 mm,2780 mm,1875 mm,2190 kg,,88 litros,159 mm,Disco ventilado,Disco ventilado,,,,,Hidráulica,"11,4 m",,"Indep., braços sobrepostos",Mola helicoidal,"Indep., multibraço",528 km,352 km,6 km/l,4 km/l,6000 rpm,2750 rpm,,,575 kg,"22,5 graus","36,6 graus",25 graus,235 mm,Admissão,V5A5A,1800 kg,750 kg,,,,,,,,,265/60 R18,,,,,500 litros,150 litros,,,,,,,,35 graus,700 mm,,,,,,,,,,,,,,,,,
mitsubishi,Pajero Full,pajero-full,pajero-full-hpe-3-8-v6-2011-gasolina,pajero-full-hpe-3-8-v6-2011-gasolina,https://www.fichacompleta.com.br/carros/mitsubishi/pajero-full-hpe-3-8-v6-2011-gasolina,2026-06-15T19:40:09.401356,Mitsubishi Pajero Full HPE 3.8 V6 2011,10 s,200 km/h,,Injeção multiponto,Natural,3828 cm³,6 em V,6G75,Único no cabeçote,90 mm,95 mm,Longitudinal,Dianteiro,"8,0 kg/cv","59,2 kg/kgfm","65,3 cv/litro",250 cv,"9,8:1",,,,"8,8 kgfm/litro","33,6 kgfm",,4,Conversor de torque,Automático,5,,Integral permanente,1900 mm,1560 mm,1560 mm,4385 mm,2545 mm,1875 mm,1990 kg,200 litros,69 litros,159 mm,Disco ventilado,Disco ventilado,,,,,Hidráulica,"10,6 m",,"Indep., braços sobrepostos",Mola helicoidal,"Indep., multibraço",449 km,311 km,"6,5 km/l","4,5 km/l",6000 rpm,2750 rpm,,,570 kg,"25,2 graus","36,7 graus","34,8 graus",235 mm,Admissão,V5A5A,1800 kg,750 kg,,,,,,,,,265/60 R18,,,,,,,,,,,,,,35 graus,700 mm,,,,,,,,,,,,,,,,,
mitsubishi,Pajero Full,pajero-full,pajero-full-hpe-3-2-turbo-2012,pajero-full-hpe-3-2-turbo-2012,https://www.fichacompleta.com.br/carros/mitsubishi/pajero-full-hpe-3-2-turbo-2012,2026-06-15T19:40:14.141329,Mitsubishi Pajero Full HPE 3.2 Turbo 2012,"11,4 s",188 km/h,Corrente,Injeção direta,Turbocompressor,3200 cm³,4 em linha,4M41,Duplo no cabeçote,105 mm,"98,5 mm",Longitudinal,Dianteiro,"11,2 kg/cv","50,1 kg/kgfm","62,5 cv/litro",200 cv,16:1,,3800 rpm,2000 rpm,"14,0 kgfm/litro","44,7 kgfm",,4,Conversor de torque,Automático,5,5,Integral permanente,1900 mm,1570 mm,1570 mm,4900 mm,2780 mm,1875 mm,2240 kg,,88 litros,159 mm,Disco ventilado,Disco ventilado,,,,,Hidráulica,"11,4 m","11,4 m","Indep., braços sobrepostos",Mola helicoidal,"Indep., multibraço",,,,,,,,,625 kg,"22,5 graus","36,6 graus",25 graus,225 mm,,V5AWF,1800 kg,750 kg,,,,,,,,,265/60 R18,,,,,500 litros,150 litros,500 litros,150 litros,,880 km,704 km,10 km/l,8 km/l,35 graus,700 mm,,,,,,,,,,,,,,,,,
mitsubishi,Pajero Full,pajero-full,pajero-full-hpe-3-2-turbo-2012-diesel,pajero-full-hpe-3-2-turbo-2012-diesel,https://www.fichacompleta.com.br/carros/mitsubishi/pajero-full-hpe-3-2-turbo-2012-diesel,2026-06-15T19:40:18.643892,Mitsubishi Pajero Full HPE 3.2 Turbo 2012,"10,6 s",188 km/h,,Injeção direta,Turbocompressor,3200 cm³,4 em linha,4M41,"Duplo no cabeçote, corrente",105 mm,"98,5 mm",Longitudinal,Dianteiro,"10,4 kg/cv","42,4 kg/kgfm","62,5 cv/litro",200 cv a 3750 rpm,17:1,,,,"15,3 kgfm/litro",49 kgfm a 2000 rpm,,4,Conversor de torque,Automático,,5,Integral permanente,1900 mm,1560 mm,1560 mm,4385 mm,2545 mm,1875 mm,2080 kg,200 litros,69 litros,159 mm,Disco ventilado,Disco ventilado,,,,,Hidráulica,,"10,6 m","Independente, braços sobrepostos",Mola helicoidal,"Independente, multibraço",,,,,,,,,480 kg,"25,2 graus","36,7 graus","34,8 graus",235 mm,,V5AWF,1800 kg,750 kg,,,,,,,,,265/60 R18,,,,,,,,,,725 km,621 km,"10,5 km/l",9 km/l,35 graus,700 mm,,,,,,,,,,,,,,,,,
mitsubishi,Pajero Full,pajero-full,pajero-full-hpe-3-8-v6-2012,pajero-full-hpe-3-8-v6-2012,https://www.fichacompleta.com.br/carros/mitsubishi/pajero-full-hpe-3-8-v6-2012,2026-06-15T19:40:21.619614,Mitsubishi Pajero Full HPE 3.8 V6 2012,"10,8 s",200 km/h,,Injeção multiponto,Natural,3828 cm³,6 em V,6G75,Único no cabeçote,90 mm,95 mm,Longitudinal,Dianteiro,"8,8 kg/cv","65,2 kg/kgfm","65,3 cv/litro",250 cv,"9,8:1",,6000 rpm,2750 rpm,"8,8 kgfm/litro","33,6 kgfm",,4,Conversor de torque,Automático,5,5,Integral permanente,1900 mm,1570 mm,1570 mm,4900 mm,2780 mm,1875 mm,2190 kg,,88 litros,159 mm,Disco ventilado,Disco ventilado,,,,,Hidráulica,"11,4 m","11,4 m","Indep., braços sobrepostos",Mola helicoidal,"Indep., multibraço",528 km,352 km,6 km/l,4 km/l,,,,,575 kg,"22,5 graus","36,6 graus",25 graus,235 mm,Admissão,V5A5A,1800 kg,750 kg,,,,,,,,,265/60 R18,,,,,500 litros,150 litros,500 litros,150 litros,,,,,,35 graus,700 mm,,,,,,,,,,,,,,,,,
mitsubishi,Pajero Full,pajero-full,pajero-full-hpe-3-8-v6-2012-gasolina,pajero-full-hpe-3-8-v6-2012-gasolina,https://www.fichacompleta.com.br/carros/mitsubishi/pajero-full-hpe-3-8-v6-2012-gasolina,2026-06-15T19:40:25.373745,Mitsubishi Pajero Full HPE 3.8 V6 2012,10 s,200 km/h,,Injeção multiponto,Natural,3828 cm³,6 em V,6G75,Único no cabeçote,90 mm,95 mm,Longitudinal,Dianteiro,"8,0 kg/cv","59,2 kg/kgfm","65,3 cv/litro",,"9,8:1",,6000 rpm,2750 rpm,"8,8 kgfm/litro",,,4,Conversor de torque,Automático,5,,Integral permanente,1900 mm,1560 mm,1560 mm,4385 mm,2545 mm,1875 mm,1990 kg,200 litros,69 litros,159 mm,Disco ventilado,Disco ventilado,,,,,Hidráulica,"10,6 m",,"Indep., braços sobrepostos",Mola helicoidal,"Indep., multibraço",449 km,311 km,"6,5 km/l","4,5 km/l",,,250 cv,"33,6 kgfm",570 kg,"25,2 graus","36,7 graus","34,8 graus",235 mm,Admissão,V5A5A,1800 kg,750 kg,,,,,,,,,265/60 R18,,,,,,,,,,,,,,35 graus,700 mm,,,,,,,,,,,,,,,,,
mitsubishi,Pajero Full,pajero-full,pajero-full-hpe-3-2-turbo-2013,pajero-full-hpe-3-2-turbo-2013,https://www.fichacompleta.com.br/carros/mitsubishi/pajero-full-hpe-3-2-turbo-2013,2026-06-15T19:40:29.691773,Mitsubishi Pajero Full HPE 3.2 Turbo 2013,"10,6 s",188 km/h,Corrente,Injeção direta,Turbocompressor,3200 cm³,4 em linha,4M41,Duplo no cabeçote,105 mm,"98,5 mm",Longitudinal,Dianteiro,"10,4 kg/cv","42,4 kg/kgfm","62,5 cv/litro",200 cv,17:1,,,,"15,3 kgfm/litro",49 kgfm,,4,Conversor de torque,Automático,5,,Integral permanente,1900 mm,1560 mm,1560 mm,4385 mm,2545 mm,1875 mm,2080 kg,200 litros,69 litros,159 mm,Disco ventilado,Disco ventilado,,,,,Hidráulica,"10,6 m",,"Indep., braços sobrepostos",Mola helicoidal,"Indep., multibraço",,,,,3750 rpm,2000 rpm,,,480 kg,"25,2 graus","36,7 graus","34,8 graus",235 mm,,V5AWF,1800 kg,750 kg,,,,,,,,,265/60 R18,,,,,,,,,,725 km,621 km,"10,5 km/l",9 km/l,35 graus,700 mm,,,,,,,,,,,,,,,,,
mitsubishi,Pajero Full,pajero-full,pajero-full-hpe-3-2-turbo-2013-diesel,pajero-full-hpe-3-2-turbo-2013-diesel,https://www.fichacompleta.com.br/carros/mitsubishi/pajero-full-hpe-3-2-turbo-2013-diesel,2026-06-15T19:40:32.351714,Mitsubishi Pajero Full HPE 3.2 Turbo 2013,"11,4 s",188 km/h,,Injeção direta,Turbocompressor,3200 cm³,4 em linha,4M41,"Duplo no cabeçote, corrente",105 mm,"98,5 mm",Longitudinal,Dianteiro,"11,2 kg/cv","50,1 kg/kgfm","62,5 cv/litro",200 cv a 3800 rpm,16:1,,,,"14,0 kgfm/litro","44,7 kgfm a 2000 rpm",,4,Conversor de torque,Automático,,5,Integral permanente,1900 mm,1570 mm,1570 mm,4900 mm,2780 mm,1875 mm,2240 kg,,88 litros,159 mm,Disco ventilado,Disco ventilado,,,,,Hidráulica,,"11,4 m","Independente, braços sobrepostos",Mola helicoidal,"Independente, multibraço",,,,,,,,,625 kg,"22,5 graus","36,6 graus",25 graus,225 mm,,V5AWF,1800 kg,750 kg,,,,,,,,,265/60 R18,,,,,,,500 litros,150 litros,,880 km,704 km,10 km/l,8 km/l,35 graus,700 mm,,,,,,,,,,,,,,,,,
mitsubishi,Pajero Full,pajero-full,pajero-full-hpe-3-8-v6-2013,pajero-full-hpe-3-8-v6-2013,https://www.fichacompleta.com.br/carros/mitsubishi/pajero-full-hpe-3-8-v6-2013,2026-06-15T19:40:36.293569,Mitsubishi Pajero Full HPE 3.8 V6 2013,"10,8 s",200 km/h,,Injeção multiponto,Natural,3828 cm³,6 em V,6G75,Único no cabeçote,90 mm,95 mm,Longitudinal,Dianteiro,"8,8 kg/cv","65,2 kg/kgfm","65,3 cv/litro",250 cv,"9,8:1",,,,"8,8 kgfm/litro","33,6 kgfm",,4,Conversor de torque,Automático,5,,Integral permanente,1900 mm,1570 mm,1570 mm,4900 mm,2780 mm,1875 mm,2190 kg,,88 litros,159 mm,Disco ventilado,Disco ventilado,,,,,Hidráulica,"11,4 m",,"Indep., braços sobrepostos",Mola helicoidal,"Indep., multibraço",528 km,352 km,6 km/l,4 km/l,6000 rpm,2750 rpm,,,575 kg,"22,5 graus","36,6 graus",25 graus,235 mm,Admissão,V5A5A,1800 kg,750 kg,,,,,,,,,265/60 R18,,,,,500 litros,150 litros,,,,,,,,35 graus,700 mm,,,,,,,,,,,,,,,,,
mitsubishi,Pajero Full,pajero-full,pajero-full-hpe-3-8-v6-2013-gasolina,pajero-full-hpe-3-8-v6-2013-gasolina,https://www.fichacompleta.com.br/carros/mitsubishi/pajero-full-hpe-3-8-v6-2013-gasolina,2026-06-15T19:40:39.762930,Mitsubishi Pajero Full HPE 3.8 V6 2013,10 s,200 km/h,,Injeção multiponto,Natural,3828 cm³,6 em V,6G75,Único no cabeçote,90 mm,95 mm,Longitudinal,Dianteiro,"8,0 kg/cv","59,2 kg/kgfm","65,3 cv/litro",,"9,8:1",,6000 rpm,2750 rpm,"8,8 kgfm/litro",,,4,Conversor de torque,Automático,5,,Integral permanente,1900 mm,1560 mm,1560 mm,4385 mm,2545 mm,1875 mm,1990 kg,200 litros,69 litros,159 mm,Disco ventilado,Disco ventilado,,,,,Hidráulica,"10,6 m",,"Indep., braços sobrepostos",Mola helicoidal,"Indep., multibraço",449 km,311 km,"6,5 km/l","4,5 km/l",,,250 cv,"33,6 kgfm",570 kg,"25,2 graus","36,7 graus","34,8 graus",235 mm,Admissão,V5A5A,1800 kg,750 kg,,,,,,,,,265/60 R18,,,,,,,,,,,,,,35 graus,700 mm,,,,,,,,,,,,,,,,,
mitsubishi,Pajero Full,pajero-full,pajero-full-hpe-3-2-turbo-2014,pajero-full-hpe-3-2-turbo-2014,https://www.fichacompleta.com.br/carros/mitsubishi/pajero-full-hpe-3-2-turbo-2014,2026-06-15T19:40:43.601468,Mitsubishi Pajero Full HPE 3.2 Turbo 2014,"11,4 s",188 km/h,,Injeção direta,Turbocompressor,3200 cm³,4 em linha,4M41,"Duplo no cabeçote, corrente",105 mm,"98,5 mm",Longitudinal,Dianteiro,"11,2 kg/cv","50,1 kg/kgfm","62,5 cv/litro",200 cv a 3800 rpm,16:1,,,,"14,0 kgfm/litro","44,7 kgfm a 2000 rpm",,4,Conversor de torque,Automático,,5,Integral permanente,1900 mm,1570 mm,1570 mm,4900 mm,2780 mm,1875 mm,2240 kg,,88 litros,159 mm,Disco ventilado,Disco ventilado,,,,,Hidráulica,,"11,4 m","Independente, braços sobrepostos",Mola helicoidal,"Independente, multibraço",,,,,,,,,625 kg,"22,5 graus","36,6 graus",25 graus,225 mm,,V5AWF,1800 kg,750 kg,,,,,,,,,265/60 R18,,,,,,,500 litros,150 litros,,880 km,704 km,10 km/l,8 km/l,35 graus,700 mm,,,,,,,,,,,,,,,,,
mitsubishi,Pajero Full,pajero-full,pajero-full-hpe-3-2-turbo-2014-diesel,pajero-full-hpe-3-2-turbo-2014-diesel,https://www.fichacompleta.com.br/carros/mitsubishi/pajero-full-hpe-3-2-turbo-2014-diesel,2026-06-15T19:40:47.598877,Mitsubishi Pajero Full HPE 3.2 Turbo 2014,"10,6 s",188 km/h,Corrente,Injeção direta,Turbocompressor,3200 cm³,4 em linha,4M41,Duplo no cabeçote,105 mm,"98,5 mm",Longitudinal,Dianteiro,"10,4 kg/cv","42,4 kg/kgfm","62,5 cv/litro",,17:1,,3750 rpm,2000 rpm,"15,3 kgfm/litro",,,4,Conversor de torque,Automático,5,,Integral permanente,1900 mm,1560 mm,1560 mm,4385 mm,2545 mm,1875 mm,2080 kg,200 litros,69 litros,159 mm,Disco ventilado,Disco ventilado,,,,,Hidráulica,"10,6 m",,"Indep., braços sobrepostos",Mola helicoidal,"Indep., multibraço",,,,,,,200 cv,49 kgfm,480 kg,"25,2 graus","36,7 graus","34,8 graus",235 mm,,V5AWF,1800 kg,750 kg,,,,,,,,,265/60 R18,,,,,,,,,,725 km,621 km,"10,5 km/l",9 km/l,35 graus,700 mm,,,,,,,,,,,,,,,,,
mitsubishi,Pajero Full,pajero-full,pajero-full-hpe-3-8-v6-2014,pajero-full-hpe-3-8-v6-2014,https://www.fichacompleta.com.br/carros/mitsubishi/pajero-full-hpe-3-8-v6-2014,2026-06-15T19:40:52.444816,Mitsubishi Pajero Full HPE 3.8 V6 2014,"10,8 s",200 km/h,,Injeção multiponto,Natural,3828 cm³,6 em V,6G75,Único no cabeçote,90 mm,95 mm,Longitudinal,Dianteiro,"8,8 kg/cv","65,2 kg/kgfm","65,3 cv/litro",,"9,8:1",,6000 rpm,2750 rpm,"8,8 kgfm/litro",,,4,Conversor de torque,Automático,5,,Integral permanente,1900 mm,1570 mm,1570 mm,4900 mm,2780 mm,1875 mm,2190 kg,,88 litros,159 mm,Disco ventilado,Disco ventilado,,,,,Hidráulica,"11,4 m",,"Indep., braços sobrepostos",Mola helicoidal,"Indep., multibraço",528 km,352 km,6 km/l,4 km/l,,,250 cv,"33,6 kgfm",575 kg,"22,5 graus","36,6 graus",25 graus,235 mm,Admissão,V5A5A,1800 kg,750 kg,,,,,,,,,265/60 R18,,,,,500 litros,150 litros,,,,,,,,35 graus,700 mm,,,,,,,,,,,,,,,,,
mitsubishi,Pajero Full,pajero-full,pajero-full-hpe-3-8-v6-2014-gasolina,pajero-full-hpe-3-8-v6-2014-gasolina,https://www.fichacompleta.com.br/carros/mitsubishi/pajero-full-hpe-3-8-v6-2014-gasolina,2026-06-15T19:40:55.069964,Mitsubishi Pajero Full HPE 3.8 V6 2014,10 s,200 km/h,,Injeção multiponto,Natural,3828 cm³,6 em V,6G75,Único no cabeçote,90 mm,95 mm,Longitudinal,Dianteiro,"8,0 kg/cv","59,2 kg/kgfm","65,3 cv/litro",,"9,8:1",,6000 rpm,2750 rpm,"8,8 kgfm/litro",,,4,Conversor de torque,Automático,5,,Integral permanente,1900 mm,1560 mm,1560 mm,4385 mm,2545 mm,1875 mm,1990 kg,200 litros,69 litros,159 mm,Disco ventilado,Disco ventilado,,,,,Hidráulica,"10,6 m",,"Indep., braços sobrepostos",Mola helicoidal,"Indep., multibraço",449 km,311 km,"6,5 km/l","4,5 km/l",,,250 cv,"33,6 kgfm",570 kg,"25,2 graus","36,7 graus","34,8 graus",235 mm,Admissão,V5A5A,1800 kg,750 kg,,,,,,,,,265/60 R18,,,,,,,,,,,,,,35 graus,700 mm,,,,,,,,,,,,,,,,,
mitsubishi,Pajero Full,pajero-full,pajero-full-hpe-3-2-turbo-2015,pajero-full-hpe-3-2-turbo-2015,https://www.fichacompleta.com.br/carros/mitsubishi/pajero-full-hpe-3-2-turbo-2015,2026-06-15T19:40:59.249765,Mitsubishi Pajero Full HPE 3.2 Turbo 2015,"11,4 s",188 km/h,,Injeção direta,Turbocompressor,3200 cm³,4 em linha,4M41,"Duplo no cabeçote, corrente",105 mm,"98,5 mm",Longitudinal,Dianteiro,"11,2 kg/cv","50,1 kg/kgfm","62,5 cv/litro",200 cv a 3800 rpm,16:1,,,,"14,0 kgfm/litro","44,7 kgfm a 2000 rpm",,4,Conversor de torque,Automático,,5,Integral permanente,1900 mm,1570 mm,1570 mm,4900 mm,2780 mm,1875 mm,2240 kg,,85 litros,133 mm,Disco ventilado,Disco ventilado,,,,,Hidráulica,,"11,4 m","Independente, braços sobrepostos",Mola helicoidal,"Independente, multibraço",,,,,,,,,625 kg,"22,5 graus","36,6 graus",25 graus,225 mm,,V5AWF,1800 kg,750 kg,,,,,,,,,265/50 R20,,,,,,,500 litros,150 litros,,850 km,680 km,10 km/l,8 km/l,35 graus,700 mm,,,,,,,,,,,,,,,,,
mitsubishi,Pajero Full,pajero-full,pajero-full-hpe-3-2-turbo-2015-diesel,pajero-full-hpe-3-2-turbo-2015-diesel,https://www.fichacompleta.com.br/carros/mitsubishi/pajero-full-hpe-3-2-turbo-2015-diesel,2026-06-15T19:41:02.501661,Mitsubishi Pajero Full HPE 3.2 Turbo 2015,"10,6 s",185 km/h,,Injeção direta,Turbocompressor,3200 cm³,4 em linha,4M41,"Duplo no cabeçote, corrente",105 mm,"98,5 mm",Longitudinal,Dianteiro,"10,3 kg/cv","46,1 kg/kgfm","62,5 cv/litro",200 cv a 3800 rpm,16:1,,,,"14,0 kgfm/litro","44,7 kgfm a 2000 rpm",,4,Conversor de torque,Automático,,5,Integral permanente,1880 mm,1560 mm,1560 mm,4385 mm,2545 mm,1875 mm,2060 kg,200 litros,85 litros,133 mm,Disco ventilado,Disco ventilado,,,,,Hidráulica,,"10,6 m","Independente, braços sobrepostos",Mola helicoidal,"Independente, multibraço",,,,,,,,,500 kg,"25,2 graus","36,7 graus","34,8 graus",225 mm,,V5AWF,1800 kg,750 kg,,,,,,,,,265/50 R20,,,,,,,,,,893 km,723 km,"10,5 km/l","8,5 km/l",35 graus,700 mm,,,,,,,,,,,,,,,,,
mitsubishi,Pajero Full,pajero-full,pajero-full-hpe-3-8-v6-2015,pajero-full-hpe-3-8-v6-2015,https://www.fichacompleta.com.br/carros/mitsubishi/pajero-full-hpe-3-8-v6-2015,2026-06-15T19:41:06.059729,Mitsubishi Pajero Full HPE 3.8 V6 2015,10 s,200 km/h,,Injeção multiponto,Natural,3828 cm³,6 em V,6G75,Único no cabeçote,90 mm,95 mm,Longitudinal,Dianteiro,"8,0 kg/cv","59,4 kg/kgfm","65,3 cv/litro",250 cv a 6000 rpm,"9,8:1",,,,"8,8 kgfm/litro","33,6 kgfm a 2750 rpm",,4,Conversor de torque,Automático,,5,Integral permanente,1880 mm,1560 mm,1560 mm,4385 mm,2545 mm,1875 mm,1995 kg,200 litros,85 litros,133 mm,Disco ventilado,Disco ventilado,,,,,Hidráulica,,"10,6 m","Independente, braços sobrepostos",Mola helicoidal,"Independente, multibraço",570 km,451 km,"6,7 km/l","5,3 km/l",,,,,565 kg,"25,2 graus","36,7 graus","34,8 graus",235 mm,Admissão,V5A5A,1800 kg,750 kg,,,,,,,,,265/50 R20,,,,,,,,,,,,,,35 graus,700 mm,,,,,,,,,,,,,,,,,
mitsubishi,Pajero Full,pajero-full,pajero-full-hpe-3-8-v6-2015-gasolina,pajero-full-hpe-3-8-v6-2015-gasolina,https://www.fichacompleta.com.br/carros/mitsubishi/pajero-full-hpe-3-8-v6-2015-gasolina,2026-06-15T19:41:10.838168,Mitsubishi Pajero Full HPE 3.8 V6 2015,"10,8 s",200 km/h,,Injeção multiponto,Natural,3828 cm³,6 em V,6G75,Único no cabeçote,90 mm,95 mm,Longitudinal,Dianteiro,"8,8 kg/cv","65,2 kg/kgfm","65,3 cv/litro",250 cv a 6000 rpm,"9,8:1",,,,"8,8 kgfm/litro","33,6 kgfm a 2750 rpm",,4,Conversor de torque,Automático,,5,Integral permanente,1900 mm,1570 mm,1570 mm,4900 mm,2780 mm,1875 mm,2190 kg,,85 litros,133 mm,Disco ventilado,Disco ventilado,,,,,Hidráulica,,"11,4 m","Independente, braços sobrepostos",Mola helicoidal,"Independente, multibraço",570 km,451 km,"6,7 km/l","5,3 km/l",,,,,575 kg,"22,5 graus","36,6 graus",25 graus,235 mm,Admissão,V5A5A,1800 kg,750 kg,,,,,,,,,265/50 R20,,,,,,,500 litros,150 litros,,,,,,35 graus,700 mm,,,,,,,,,,,,,,,,,
mitsubishi,Pajero Full,pajero-full,pajero-full-hpe-3-2-turbo-2016,pajero-full-hpe-3-2-turbo-2016,https://www.fichacompleta.com.br/carros/mitsubishi/pajero-full-hpe-3-2-turbo-2016,2026-06-15T19:41:14.025851,Mitsubishi Pajero Full HPE 3.2 Turbo 2016,"11,4 s",188 km/h,,Injeção direta,Turbocompressor,3200 cm³,4 em linha,4M41,"Duplo no cabeçote, corrente",105 mm,"98,5 mm",Longitudinal,Dianteiro,"11,2 kg/cv","50,1 kg/kgfm","62,5 cv/litro",200 cv a 3800 rpm,16:1,,,,"14,0 kgfm/litro","44,7 kgfm a 2000 rpm",,4,Conversor de torque,Automático,,5,Integral permanente,1900 mm,1570 mm,1570 mm,4900 mm,2780 mm,1875 mm,2240 kg,,85 litros,133 mm,Disco ventilado,Disco ventilado,,,,,Hidráulica,,"11,4 m","Independente, braços sobrepostos",Mola helicoidal,"Independente, multibraço",,,,,,,,,625 kg,"22,5 graus","36,6 graus",25 graus,225 mm,,V5AWF,1800 kg,750 kg,,,,,,,,,265/50 R20,,,,,,,500 litros,150 litros,,850 km,680 km,10 km/l,8 km/l,35 graus,700 mm,,,,,,,,,,,,,,,,,
mitsubishi,Pajero Full,pajero-full,pajero-full-hpe-3-2-turbo-2016-diesel,pajero-full-hpe-3-2-turbo-2016-diesel,https://www.fichacompleta.com.br/carros/mitsubishi/pajero-full-hpe-3-2-turbo-2016-diesel,2026-06-15T19:41:18.685690,Mitsubishi Pajero Full HPE 3.2 Turbo 2016,"10,6 s",185 km/h,,Injeção direta,Turbocompressor,3200 cm³,4 em linha,4M41,"Duplo no cabeçote, corrente",105 mm,"98,5 mm",Longitudinal,Dianteiro,"10,3 kg/cv","46,1 kg/kgfm","62,5 cv/litro",200 cv a 3800 rpm,16:1,,,,"14,0 kgfm/litro","44,7 kgfm a 2000 rpm",,4,Conversor de torque,Automático,,5,Integral permanente,1880 mm,1560 mm,1560 mm,4385 mm,2545 mm,1875 mm,2060 kg,200 litros,85 litros,133 mm,Disco ventilado,Disco ventilado,,,,,Hidráulica,,"10,6 m","Independente, braços sobrepostos",Mola helicoidal,"Independente, multibraço",,,,,,,,,500 kg,"25,2 graus","36,7 graus","34,8 graus",225 mm,,V5AWF,1800 kg,750 kg,,,,,,,,,265/50 R20,,,,,,,,,,893 km,723 km,"10,5 km/l","8,5 km/l",35 graus,700 mm,,,,,,,,,,,,,,,,,
mitsubishi,Pajero Full,pajero-full,pajero-full-hpe-3-8-v6-2016,pajero-full-hpe-3-8-v6-2016,https://www.fichacompleta.com.br/carros/mitsubishi/pajero-full-hpe-3-8-v6-2016,2026-06-15T19:41:23.548112,Mitsubishi Pajero Full HPE 3.8 V6 2016,"10,8 s",200 km/h,,Injeção multiponto,Natural,3828 cm³,6 em V,6G75,Único no cabeçote,90 mm,95 mm,Longitudinal,Dianteiro,"8,8 kg/cv","65,2 kg/kgfm","65,3 cv/litro",250 cv a 6000 rpm,"9,8:1",,,,"8,8 kgfm/litro","33,6 kgfm a 2750 rpm",,4,Conversor de torque,Automático,,5,Integral permanente,1900 mm,1570 mm,1570 mm,4900 mm,2780 mm,1875 mm,2190 kg,,85 litros,133 mm,Disco ventilado,Disco ventilado,,,,,Hidráulica,,"11,4 m","Independente, braços sobrepostos",Mola helicoidal,"Independente, multibraço",570 km,451 km,"6,7 km/l","5,3 km/l",,,,,575 kg,"22,5 graus","36,6 graus",25 graus,235 mm,Admissão,V5A5A,1800 kg,750 kg,,,,,,,,,265/50 R20,,,,,,,500 litros,150 litros,,,,,,35 graus,700 mm,,,,,,,,,,,,,,,,,
mitsubishi,Pajero Full,pajero-full,pajero-full-hpe-3-8-v6-2016-gasolina,pajero-full-hpe-3-8-v6-2016-gasolina,https://www.fichacompleta.com.br/carros/mitsubishi/pajero-full-hpe-3-8-v6-2016-gasolina,2026-06-15T19:41:26.323534,Mitsubishi Pajero Full HPE 3.8 V6 2016,10 s,200 km/h,,Injeção multiponto,Natural,3828 cm³,6 em V,6G75,Único no cabeçote,90 mm,95 mm,Longitudinal,Dianteiro,"8,0 kg/cv","59,4 kg/kgfm","65,3 cv/litro",250 cv a 6000 rpm,"9,8:1",,,,"8,8 kgfm/litro","33,6 kgfm a 2750 rpm",,4,Conversor de torque,Automático,,5,Integral permanente,1880 mm,1560 mm,1560 mm,4385 mm,2545 mm,1875 mm,1995 kg,200 litros,85 litros,133 mm,Disco ventilado,Disco ventilado,,,,,Hidráulica,,"10,6 m","Independente, braços sobrepostos",Mola helicoidal,"Independente, multibraço",570 km,451 km,"6,7 km/l","5,3 km/l",,,,,565 kg,"25,2 graus","36,7 graus","34,8 graus",235 mm,Admissão,V5A5A,1800 kg,750 kg,,,,,,,,,265/50 R20,,,,,,,,,,,,,,35 graus,700 mm,,,,,,,,,,,,,,,,,
mitsubishi,Pajero Full,pajero-full,pajero-full-hpe-3-2-turbo-2017,pajero-full-hpe-3-2-turbo-2017,https://www.fichacompleta.com.br/carros/mitsubishi/pajero-full-hpe-3-2-turbo-2017,2026-06-15T19:41:30.153460,Mitsubishi Pajero Full HPE 3.2 Turbo 2017,"10,6 s",185 km/h,,Injeção direta,Turbocompressor,3200 cm³,4 em linha,4M41,"Duplo no cabeçote, corrente",105 mm,"98,5 mm",Longitudinal,Dianteiro,"10,3 kg/cv","46,1 kg/kgfm","62,5 cv/litro",200 cv a 3800 rpm,16:1,,,,"14,0 kgfm/litro","44,7 kgfm a 2000 rpm",,4,Conversor de torque,Automático,,5,Integral permanente,1880 mm,1560 mm,1560 mm,4385 mm,2545 mm,1875 mm,2060 kg,200 litros,85 litros,133 mm,Disco ventilado,Disco ventilado,,,,,Hidráulica,,"10,6 m","Independente, braços sobrepostos",Mola helicoidal,"Independente, multibraço",,,,,,,,,500 kg,"25,2 graus","36,7 graus","34,8 graus",225 mm,,V5AWF,1800 kg,750 kg,,,,,,,,,265/50 R20,,,,,,,,,,893 km,723 km,"10,5 km/l","8,5 km/l",35 graus,700 mm,,,,,,,,,,,,,,,,,
mitsubishi,Pajero Full,pajero-full,pajero-full-hpe-3-2-turbo-2017-diesel,pajero-full-hpe-3-2-turbo-2017-diesel,https://www.fichacompleta.com.br/carros/mitsubishi/pajero-full-hpe-3-2-turbo-2017-diesel,2026-06-15T19:41:32.769338,Mitsubishi Pajero Full HPE 3.2 Turbo 2017,"11,4 s",188 km/h,,Injeção direta,Turbocompressor,3200 cm³,4 em linha,4M41,"Duplo no cabeçote, corrente",105 mm,"98,5 mm",Longitudinal,Dianteiro,"11,2 kg/cv","50,1 kg/kgfm","62,5 cv/litro",200 cv a 3800 rpm,16:1,,,,"14,0 kgfm/litro","44,7 kgfm a 2000 rpm",,4,Conversor de torque,Automático,,5,Integral permanente,1900 mm,1570 mm,1570 mm,4900 mm,2780 mm,1875 mm,2240 kg,,85 litros,133 mm,Disco ventilado,Disco ventilado,,,,,Hidráulica,,"11,4 m","Independente, braços sobrepostos",Mola helicoidal,"Independente, multibraço",,,,,,,,,625 kg,"22,5 graus","36,6 graus",25 graus,225 mm,,V5AWF,1800 kg,750 kg,,,,,,,,,265/50 R20,,,,,,,500 litros,150 litros,,850 km,680 km,10 km/l,8 km/l,35 graus,700 mm,,,,,,,,,,,,,,,,,
mitsubishi,Pajero Full,pajero-full,pajero-full-hpe-3-8-v6-2017,pajero-full-hpe-3-8-v6-2017,https://www.fichacompleta.com.br/carros/mitsubishi/pajero-full-hpe-3-8-v6-2017,2026-06-15T19:41:36.229374,Mitsubishi Pajero Full HPE 3.8 V6 2017,"10,8 s",200 km/h,,Injeção multiponto,Natural,3828 cm³,6 em V,6G75,Único no cabeçote,90 mm,95 mm,Longitudinal,Dianteiro,"8,8 kg/cv","65,2 kg/kgfm","65,3 cv/litro",250 cv a 6000 rpm,"9,8:1",,,,"8,8 kgfm/litro","33,6 kgfm a 2750 rpm",,4,Conversor de torque,Automático,,5,Integral permanente,1900 mm,1570 mm,1570 mm,4900 mm,2780 mm,1875 mm,2190 kg,,85 litros,133 mm,Disco ventilado,Disco ventilado,,,,,Hidráulica,,"11,4 m","Independente, braços sobrepostos",Mola helicoidal,"Independente, multibraço",570 km,451 km,"6,7 km/l","5,3 km/l",,,,,575 kg,"22,5 graus","36,6 graus",25 graus,235 mm,Admissão,V5A5A,1800 kg,750 kg,,,,,,,,,265/50 R20,,,,,,,500 litros,150 litros,,,,,,35 graus,700 mm,,,,,,,,,,,,,,,,,
mitsubishi,Pajero Full,pajero-full,pajero-full-hpe-3-8-v6-2017-gasolina,pajero-full-hpe-3-8-v6-2017-gasolina,https://www.fichacompleta.com.br/carros/mitsubishi/pajero-full-hpe-3-8-v6-2017-gasolina,2026-06-15T19:41:39.169715,Mitsubishi Pajero Full HPE 3.8 V6 2017,10 s,200 km/h,,Injeção multiponto,Natural,3828 cm³,6 em V,6G75,Único no cabeçote,90 mm,95 mm,Longitudinal,Dianteiro,"8,0 kg/cv","59,4 kg/kgfm","65,3 cv/litro",250 cv a 6000 rpm,"9,8:1",,,,"8,8 kgfm/litro","33,6 kgfm a 2750 rpm",,4,Conversor de torque,Automático,,5,Integral permanente,1880 mm,1560 mm,1560 mm,4385 mm,2545 mm,1875 mm,1995 kg,200 litros,85 litros,133 mm,Disco ventilado,Disco ventilado,,,,,Hidráulica,,"10,6 m","Independente, braços sobrepostos",Mola helicoidal,"Independente, multibraço",570 km,451 km,"6,7 km/l","5,3 km/l",,,,,565 kg,"25,2 graus","36,7 graus","34,8 graus",235 mm,Admissão,V5A5A,1800 kg,750 kg,,,,,,,,,265/50 R20,,,,,,,,,,,,,,35 graus,700 mm,,,,,,,,,,,,,,,,,
mitsubishi,Pajero Full,pajero-full,pajero-full-hpe-3-2-turbo-2018,pajero-full-hpe-3-2-turbo-2018,https://www.fichacompleta.com.br/carros/mitsubishi/pajero-full-hpe-3-2-turbo-2018,2026-06-15T19:41:42.750673,Mitsubishi Pajero Full HPE 3.2 Turbo 2018,"11,4 s",188 km/h,,Injeção direta,Turbocompressor,3200 cm³,4 em linha,4M41,"Duplo no cabeçote, corrente",105 mm,"98,5 mm",Longitudinal,Dianteiro,"11,2 kg/cv","50,1 kg/kgfm","62,5 cv/litro",200 cv a 3800 rpm,16:1,,,,"14,0 kgfm/litro","44,7 kgfm a 2000 rpm",,4,Conversor de torque,Automático,,5,Integral permanente,1900 mm,1570 mm,1570 mm,4900 mm,2780 mm,1875 mm,2240 kg,,85 litros,133 mm,Disco ventilado,Disco ventilado,,,,,Hidráulica,,"11,4 m","Independente, braços sobrepostos",Mola helicoidal,"Independente, multibraço",,,,,,,,,625 kg,"22,5 graus","36,6 graus",25 graus,225 mm,,V5AWF,1800 kg,750 kg,,,,,,,,,265/50 R20,,,,,,,500 litros,150 litros,,850 km,680 km,10 km/l,8 km/l,35 graus,700 mm,,,,,,,,,,,,,,,,,
mitsubishi,Pajero Full,pajero-full,pajero-full-hpe-3-2-turbo-2018-diesel,pajero-full-hpe-3-2-turbo-2018-diesel,https://www.fichacompleta.com.br/carros/mitsubishi/pajero-full-hpe-3-2-turbo-2018-diesel,2026-06-15T19:41:47.075756,Mitsubishi Pajero Full HPE 3.2 Turbo 2018,"10,6 s",185 km/h,,Injeção direta,Turbocompressor,3200 cm³,4 em linha,4M41,"Duplo no cabeçote, corrente",105 mm,"98,5 mm",Longitudinal,Dianteiro,"10,3 kg/cv","46,1 kg/kgfm","62,5 cv/litro",200 cv a 3800 rpm,16:1,,,,"14,0 kgfm/litro","44,7 kgfm a 2000 rpm",,4,Conversor de torque,Automático,,5,Integral permanente,1880 mm,1560 mm,1560 mm,4385 mm,2545 mm,1875 mm,2060 kg,200 litros,85 litros,133 mm,Disco ventilado,Disco ventilado,,,,,Hidráulica,,"10,6 m","Independente, braços sobrepostos",Mola helicoidal,"Independente, multibraço",,,,,,,,,500 kg,"25,2 graus","36,7 graus","34,8 graus",225 mm,,V5AWF,1800 kg,750 kg,,,,,,,,,265/50 R20,,,,,,,,,,893 km,723 km,"10,5 km/l","8,5 km/l",35 graus,700 mm,,,,,,,,,,,,,,,,,
mitsubishi,Pajero Full,pajero-full,pajero-full-hpe-3-8-v6-2018,pajero-full-hpe-3-8-v6-2018,https://www.fichacompleta.com.br/carros/mitsubishi/pajero-full-hpe-3-8-v6-2018,2026-06-15T19:41:50.737554,Mitsubishi Pajero Full HPE 3.8 V6 2018,10 s,200 km/h,,Injeção multiponto,Natural,3828 cm³,6 em V,6G75,Único no cabeçote,90 mm,95 mm,Longitudinal,Dianteiro,"8,0 kg/cv","59,4 kg/kgfm","65,3 cv/litro",250 cv a 6000 rpm,"9,8:1",,,,"8,8 kgfm/litro","33,6 kgfm a 2750 rpm",,4,Conversor de torque,Automático,,5,Integral permanente,1880 mm,1560 mm,1560 mm,4385 mm,2545 mm,1875 mm,1995 kg,200 litros,85 litros,133 mm,Disco ventilado,Disco ventilado,,,,,Hidráulica,,"10,6 m","Independente, braços sobrepostos",Mola helicoidal,"Independente, multibraço",570 km,451 km,"6,7 km/l","5,3 km/l",,,,,565 kg,"25,2 graus","36,7 graus","34,8 graus",235 mm,Admissão,V5A5A,1800 kg,750 kg,,,,,,,,,265/50 R20,,,,,,,,,,,,,,35 graus,700 mm,,,,,,,,,,,,,,,,,
mitsubishi,Pajero Full,pajero-full,pajero-full-hpe-3-8-v6-2018-gasolina,pajero-full-hpe-3-8-v6-2018-gasolina,https://www.fichacompleta.com.br/carros/mitsubishi/pajero-full-hpe-3-8-v6-2018-gasolina,2026-06-15T19:41:54.573708,Mitsubishi Pajero Full HPE 3.8 V6 2018,"10,8 s",200 km/h,,Injeção multiponto,Natural,3828 cm³,6 em V,6G75,Único no cabeçote,90 mm,95 mm,Longitudinal,Dianteiro,"8,8 kg/cv","65,2 kg/kgfm","65,3 cv/litro",250 cv a 6000 rpm,"9,8:1",,,,"8,8 kgfm/litro","33,6 kgfm a 2750 rpm",,4,Conversor de torque,Automático,,5,Integral permanente,1900 mm,1570 mm,1570 mm,4900 mm,2780 mm,1875 mm,2190 kg,,85 litros,133 mm,Disco ventilado,Disco ventilado,,,,,Hidráulica,,"11,4 m","Independente, braços sobrepostos",Mola helicoidal,"Independente, multibraço",570 km,451 km,"6,7 km/l","5,3 km/l",,,,,575 kg,"22,5 graus","36,6 graus",25 graus,235 mm,Admissão,V5A5A,1800 kg,750 kg,,,,,,,,,265/50 R20,,,,,,,500 litros,150 litros,,,,,,35 graus,700 mm,,,,,,,,,,,,,,,,,
mitsubishi,Pajero Full,pajero-full,pajero-full-hpe-3-2-turbo-2019,pajero-full-hpe-3-2-turbo-2019,https://www.fichacompleta.com.br/carros/mitsubishi/pajero-full-hpe-3-2-turbo-2019,2026-06-15T19:41:57.956712,Mitsubishi Pajero Full HPE 3.2 Turbo 2019,"11,4 s",188 km/h,,Injeção direta,Turbocompressor,3200 cm³,4 em linha,4M41,"Duplo no cabeçote, corrente",105 mm,"98,5 mm",Longitudinal,Dianteiro,"11,2 kg/cv","50,1 kg/kgfm","62,5 cv/litro",200 cv a 3800 rpm,16:1,,,,"14,0 kgfm/litro","44,7 kgfm a 2000 rpm",,4,Conversor de torque,Automático,,5,Integral permanente,1900 mm,1570 mm,1570 mm,4900 mm,2780 mm,1875 mm,2240 kg,,85 litros,133 mm,Disco ventilado,Disco ventilado,,,,,Hidráulica,,"11,4 m","Independente, braços sobrepostos",Mola helicoidal,"Independente, multibraço",,,,,,,,,625 kg,"22,5 graus","36,6 graus",25 graus,225 mm,,V5AWF,1800 kg,750 kg,,,,,,,,,265/50 R20,,,,,,,500 litros,150 litros,,842 km,706 km,"9,9 km/l","8,3 km/l",35 graus,700 mm,,,,,,,,,,,,,,,,,
mitsubishi,Pajero Full,pajero-full,pajero-full-hpe-3-2-turbo-2019-diesel,pajero-full-hpe-3-2-turbo-2019-diesel,https://www.fichacompleta.com.br/carros/mitsubishi/pajero-full-hpe-3-2-turbo-2019-diesel,2026-06-15T19:42:00.595562,Mitsubishi Pajero Full HPE 3.2 Turbo 2019,"10,6 s",185 km/h,,Injeção direta,Turbocompressor,3200 cm³,4 em linha,4M41,"Duplo no cabeçote, corrente",105 mm,"98,5 mm",Longitudinal,Dianteiro,"10,3 kg/cv","46,1 kg/kgfm","62,5 cv/litro",200 cv a 3800 rpm,16:1,,,,"14,0 kgfm/litro","44,7 kgfm a 2000 rpm",,4,Conversor de torque,Automático,,5,Integral permanente,1880 mm,1560 mm,1560 mm,4385 mm,2545 mm,1875 mm,2060 kg,200 litros,85 litros,133 mm,Disco ventilado,Disco ventilado,,,,,Hidráulica,,"10,6 m","Independente, braços sobrepostos",Mola helicoidal,"Independente, multibraço",,,,,,,,,500 kg,"25,2 graus","36,7 graus","34,8 graus",225 mm,,V5AWF,1800 kg,750 kg,,,,,,,,,265/50 R20,,,,,,,,,,842 km,706 km,"9,9 km/l","8,3 km/l",35 graus,700 mm,,,,,,,,,,,,,,,,,
mitsubishi,Pajero Full,pajero-full,pajero-full-hpe-3-8-v6-2019,pajero-full-hpe-3-8-v6-2019,https://www.fichacompleta.com.br/carros/mitsubishi/pajero-full-hpe-3-8-v6-2019,2026-06-15T19:42:03.372106,Mitsubishi Pajero Full HPE 3.8 V6 2019,"10,8 s",200 km/h,,Injeção multiponto,Natural,3828 cm³,6 em V,6G75,Único no cabeçote,90 mm,95 mm,Longitudinal,Dianteiro,"8,8 kg/cv","65,2 kg/kgfm","65,3 cv/litro",250 cv a 6000 rpm,"9,8:1",,,,"8,8 kgfm/litro","33,6 kgfm a 2750 rpm",,4,Conversor de torque,Automático,,5,Integral permanente,1900 mm,1570 mm,1570 mm,4900 mm,2780 mm,1875 mm,2190 kg,,85 litros,133 mm,Disco ventilado,Disco ventilado,,,,,Hidráulica,,"11,4 m","Independente, braços sobrepostos",Mola helicoidal,"Independente, multibraço",570 km,451 km,"6,7 km/l","5,3 km/l",,,,,575 kg,"22,5 graus","36,6 graus",25 graus,235 mm,Admissão,V5A5A,1800 kg,750 kg,,,,,,,,,265/50 R20,,,,,,,500 litros,150 litros,,,,,,35 graus,700 mm,,,,,,,,,,,,,,,,,
mitsubishi,Pajero Full,pajero-full,pajero-full-hpe-3-2-turbo-2020,pajero-full-hpe-3-2-turbo-2020,https://www.fichacompleta.com.br/carros/mitsubishi/pajero-full-hpe-3-2-turbo-2020,2026-06-15T19:42:06.927707,Mitsubishi Pajero Full HPE 3.2 Turbo 2020,"10,6 s",185 km/h,Corrente,Injeção direta,Turbocompressor,3200 cm³,4 em linha,4M41,Duplo no cabeçote,105 mm,"98,5 mm",Longitudinal,Dianteiro,"10,3 kg/cv","46,1 kg/kgfm","62,5 cv/litro",200 cv,16:1,,,,"14,0 kgfm/litro","44,7 kgfm",,4,Conversor de torque,Automático,5,,Integral permanente,1880 mm,1560 mm,1560 mm,4385 mm,2545 mm,1875 mm,2060 kg,200 litros,85 litros,133 mm,Disco ventilado,Disco ventilado,,,,,Hidráulica,"10,6 m",,"Indep., braços sobrepostos",Mola helicoidal,"Indep., multibraço",,,,,3800 rpm,2000 rpm,,,500 kg,"25,2 graus","36,7 graus","34,8 graus",225 mm,,V5AWF,1800 kg,750 kg,,,,,,,,,265/50 R20,,,,,,,,,,842 km,706 km,"9,9 km/l","8,3 km/l",35 graus,700 mm,,,,,,,,,,,,,,,,,
mitsubishi,Pajero Full,pajero-full,pajero-full-hpe-3-2-turbo-2020-diesel,pajero-full-hpe-3-2-turbo-2020-diesel,https://www.fichacompleta.com.br/carros/mitsubishi/pajero-full-hpe-3-2-turbo-2020-diesel,2026-06-15T19:42:10.711511,Mitsubishi Pajero Full HPE 3.2 Turbo 2020,"11,4 s",188 km/h,,Injeção direta,Turbocompressor,3200 cm³,4 em linha,4M41,"Duplo no cabeçote, corrente",105 mm,"98,5 mm",Longitudinal,Dianteiro,"11,2 kg/cv","50,1 kg/kgfm","62,5 cv/litro",200 cv a 3800 rpm,16:1,,,,"14,0 kgfm/litro","44,7 kgfm a 2000 rpm",,4,Conversor de torque,Automático,,5,Integral permanente,1900 mm,1570 mm,1570 mm,4900 mm,2780 mm,1875 mm,2240 kg,,85 litros,133 mm,Disco ventilado,Disco ventilado,,,,,Hidráulica,,"11,4 m","Independente, braços sobrepostos",Mola helicoidal,"Independente, multibraço",,,,,,,,,625 kg,"22,5 graus","36,6 graus",25 graus,225 mm,,V5AWF,1800 kg,750 kg,,,,,,,,,265/50 R20,,,,,,,500 litros,150 litros,,842 km,706 km,"9,9 km/l","8,3 km/l",35 graus,700 mm,,,,,,,,,,,,,,,,,
mitsubishi,Pajero Full,pajero-full,pajero-full-hpe-3-8-v6-2020,pajero-full-hpe-3-8-v6-2020,https://www.fichacompleta.com.br/carros/mitsubishi/pajero-full-hpe-3-8-v6-2020,2026-06-15T19:42:13.863766,Mitsubishi Pajero Full HPE 3.8 V6 2020,"10,8 s",200 km/h,,Injeção multiponto,Natural,3828 cm³,6 em V,6G75,Único no cabeçote,90 mm,95 mm,Longitudinal,Dianteiro,"8,8 kg/cv","65,2 kg/kgfm","65,3 cv/litro",250 cv,"9,8:1",,,,"8,8 kgfm/litro","33,6 kgfm",,4,Conversor de torque,Automático,5,,Integral permanente,1900 mm,1570 mm,1570 mm,4900 mm,2780 mm,1875 mm,2190 kg,,85 litros,133 mm,Disco ventilado,Disco ventilado,,,,,Hidráulica,"11,4 m",,"Indep., braços sobrepostos",Mola helicoidal,"Indep., multibraço",570 km,451 km,"6,7 km/l","5,3 km/l",6000 rpm,2750 rpm,,,575 kg,"22,5 graus","36,6 graus",25 graus,235 mm,Admissão,V5A5A,1800 kg,750 kg,,,,,,,,,265/50 R20,,,,,500 litros,150 litros,,,,,,,,35 graus,700 mm,,,,,,,,,,,,,,,,,
mitsubishi,Pajero Full,pajero-full,pajero-full-legend-edition-3-2-turbo-2021,pajero-full-legend-edition-3-2-turbo-2021,https://www.fichacompleta.com.br/carros/mitsubishi/pajero-full-legend-edition-3-2-turbo-2021,2026-06-15T19:42:17.157496,Mitsubishi Pajero Full Legend Edition 3.2 Turbo 2021,"11,4 s",188 km/h,Corrente,Injeção direta,Turbocompressor,3200 cm³,4 em linha,4M41,Duplo no cabeçote,105 mm,"98,5 mm",Longitudinal,Dianteiro,"11,2 kg/cv","50,1 kg/kgfm","62,5 cv/litro",,16:1,,3800 rpm,2000 rpm,"14,0 kgfm/litro",,,4,Conversor de torque,Automático,5,,Integral permanente,1900 mm,1570 mm,1570 mm,4900 mm,2780 mm,1875 mm,2240 kg,,85 litros,133 mm,Disco ventilado,Disco ventilado,,,,,Hidráulica,"11,4 m",,"Indep., braços sobrepostos",Mola helicoidal,"Indep., multibraço",,,,,,,200 cv,"44,7 kgfm",625 kg,"22,5 graus","36,6 graus",25 graus,225 mm,,V5AWF,1800 kg,750 kg,,,,,,,,,265/50 R20,,,,,500 litros,150 litros,,,,842 km,706 km,"9,9 km/l","8,3 km/l",35 graus,700 mm,,,,,,,,,,,,,,,,,
mitsubishi,Pajero Io,pajero-io,pajero-io-1-8-1999,pajero-io-1-8-1999,https://www.fichacompleta.com.br/carros/mitsubishi/pajero-io-1-8-1999,2026-06-15T19:42:35.209972,Mitsubishi Pajero Io 1.8 1999,"13,7 s",160 km/h,,Injeção multiponto,Natural,1834 cm³,4 em linha,4G93,Único no cabeçote,89 mm,81 mm,Longitudinal,Dianteiro,"11,4 kg/cv","79,2 kg/kgfm","63,8 cv/litro",117 cv a 5500 rpm,"9,5:1",,,,"9,2 kgfm/litro","16,8 kgfm a 4000 rpm",,4,Embreagem monodisco a seco,Manual,,5,Integral permanente,1740 mm,,,4030 mm,2450 mm,1680 mm,1330 kg,312 litros,53 litros,140 mm,Disco ventilado,Tambor,,,,,Hidráulica,,"10,4 m","Independente, McPherson",Mola helicoidal,Eixo rígido,504 km,360 km,"9,5 km/l","6,8 km/l",,,,,460 kg,,33 graus,38 graus,195 mm,,,,,,,,,,,,,215/65 R16,,,,,,,,,,,,,,,600 mm,,,,,,,,,,,,,,,,,
mitsubishi,Pajero Io,pajero-io,pajero-io-1-8-at-1999,pajero-io-1-8-at-1999,https://www.fichacompleta.com.br/carros/mitsubishi/pajero-io-1-8-at-1999,2026-06-15T19:42:37.997276,Mitsubishi Pajero Io 1.8 AT 1999,"14,2 s",155 km/h,,Injeção multiponto,Natural,1834 cm³,4 em linha,4G93,Único no cabeçote,89 mm,81 mm,Longitudinal,Dianteiro,"11,7 kg/cv","81,3 kg/kgfm","63,8 cv/litro",117 cv a 5500 rpm,"9,5:1",,,,"9,2 kgfm/litro","16,8 kgfm a 4000 rpm",,4,Conversor de torque,Automático,,4,Integral permanente,1740 mm,,,4030 mm,2450 mm,1680 mm,1365 kg,312 litros,53 litros,140 mm,Disco ventilado,Tambor,,,,,Hidráulica,,"10,4 m","Independente, McPherson",Mola helicoidal,Eixo rígido,488 km,345 km,"9,2 km/l","6,5 km/l",,,,,460 kg,,33 graus,38 graus,195 mm,,,,,,,,,,,,,215/65 R16,,,,,,,,,,,,,,,600 mm,,,,,,,,,,,,,,,,,
mitsubishi,Pajero Io,pajero-io,pajero-io-1-8-2000,pajero-io-1-8-2000,https://www.fichacompleta.com.br/carros/mitsubishi/pajero-io-1-8-2000,2026-06-15T19:42:40.392681,Mitsubishi Pajero Io 1.8 2000,"13,7 s",160 km/h,,Injeção multiponto,Natural,1834 cm³,4 em linha,4G93,Único no cabeçote,,,Longitudinal,Dianteiro,"11,4 kg/cv","79,2 kg/kgfm","63,8 cv/litro",117 cv a 5500 rpm,"9,5:1",,,,"9,2 kgfm/litro","16,8 kgfm a 4000 rpm",,4,,Manual,,5,Integral permanente,1740 mm,,,4030 mm,2450 mm,1680 mm,1330 kg,312 litros,53 litros,140 mm,215/65 R16,Tambor,,,,,Hidráulica,,"10,4 m","Independente, McPherson",Mola helicoidal,,504 km,360 km,"9,5 km/l","6,8 km/l",,,,,460 kg,,33 graus,38 graus,,,,,,89 mm,81 mm,,,,,,,,,,,,,,,,,,,,,,,,,,,,,,,,,,,,,,,
mitsubishi,Pajero Io,pajero-io,pajero-io-1-8-at-2000,pajero-io-1-8-at-2000,https://www.fichacompleta.com.br/carros/mitsubishi/pajero-io-1-8-at-2000,2026-06-15T19:42:43.577512,Mitsubishi Pajero Io 1.8 AT 2000,"14,2 s",155 km/h,,Injeção multiponto,Natural,1834 cm³,4 em linha,4G93,Único no cabeçote,,,Longitudinal,Dianteiro,"11,7 kg/cv","81,3 kg/kgfm","63,8 cv/litro",117 cv a 5500 rpm,"9,5:1",,,,"9,2 kgfm/litro","16,8 kgfm a 4000 rpm",,4,,Automático,,4,Integral permanente,1740 mm,,,4030 mm,2450 mm,1680 mm,1365 kg,312 litros,53 litros,140 mm,215/65 R16,Tambor,,,,,Hidráulica,,"10,4 m","Independente, McPherson",Mola helicoidal,,488 km,345 km,"9,2 km/l","6,5 km/l",,,,,460 kg,,33 graus,38 graus,,,,,,89 mm,81 mm,,,,,,,,,,,,,,,,,,,,,,,,,,,,,,,,,,,,,,,
mitsubishi,Pajero Io,pajero-io,pajero-io-se-1-8-2001,pajero-io-se-1-8-2001,https://www.fichacompleta.com.br/carros/mitsubishi/pajero-io-se-1-8-2001,2026-06-15T19:42:47.601300,Mitsubishi Pajero Io SE 1.8 2001,"13,7 s",160 km/h,,Injeção multiponto,Natural,1834 cm³,4 em linha,4G93,Único no cabeçote,89 mm,81 mm,Longitudinal,Dianteiro,"11,4 kg/cv","79,2 kg/kgfm","63,8 cv/litro",117 cv a 5500 rpm,"9,5:1",,,,"9,2 kgfm/litro","16,8 kgfm a 4000 rpm",,4,Embreagem monodisco a seco,Manual,,5,Integral permanente,1740 mm,,,4030 mm,2450 mm,1680 mm,1330 kg,312 litros,53 litros,140 mm,Disco ventilado,Tambor,,,,,Hidráulica,,"10,4 m","Independente, McPherson",Mola helicoidal,Eixo rígido,504 km,360 km,"9,5 km/l","6,8 km/l",,,,,460 kg,,33 graus,38 graus,195 mm,,,,,,,,,,,,,215/65 R16,,,,,,,,,,,,,,,600 mm,,,,,,,,,,,,,,,,,
mitsubishi,Pajero Io,pajero-io,pajero-io-se-1-8-at-2001,pajero-io-se-1-8-at-2001,https://www.fichacompleta.com.br/carros/mitsubishi/pajero-io-se-1-8-at-2001,2026-06-15T19:42:50.675128,Mitsubishi Pajero Io SE 1.8 AT 2001,"14,2 s",155 km/h,,Injeção multiponto,Natural,1834 cm³,4 em linha,4G93,Único no cabeçote,89 mm,81 mm,Longitudinal,Dianteiro,"11,7 kg/cv","81,3 kg/kgfm","63,8 cv/litro",117 cv a 5500 rpm,"9,5:1",,,,"9,2 kgfm/litro","16,8 kgfm a 4000 rpm",,4,Conversor de torque,Automático,,4,Integral permanente,1740 mm,,,4030 mm,2450 mm,1680 mm,1365 kg,312 litros,53 litros,140 mm,Disco ventilado,Tambor,,,,,Hidráulica,,"10,4 m","Independente, McPherson",Mola helicoidal,Eixo rígido,488 km,345 km,"9,2 km/l","6,5 km/l",,,,,460 kg,,33 graus,38 graus,195 mm,,,,,,,,,,,,,215/65 R16,,,,,,,,,,,,,,,600 mm,,,,,,,,,,,,,,,,,
mitsubishi,Pajero Sport,pajero-sport,pajero-sport-3-0-v6-4x2-1998,pajero-sport-3-0-v6-4x2-1998,https://www.fichacompleta.com.br/carros/mitsubishi/pajero-sport-3-0-v6-4x2-1998,2026-06-15T19:43:07.259612,Mitsubishi Pajero Sport 3.0 V6 4x2 1998,"12,4 s",172 km/h,,Injeção multiponto,Natural,2972 cm³,6 em V,,Único no cabeçote,,,Longitudinal,Dianteiro,"9,7 kg/cv","66,3 kg/kgfm","59,6 cv/litro",177 cv a 5000 rpm,9:1,,,,"8,7 kgfm/litro",26 kgfm a 4500 rpm,,4,Embreagem monodisco a seco,Manual,,5,Traseira,1730 mm,,,4530 mm,2725 mm,1775 mm,1725 kg,500 litros,74 litros,186 mm,Disco ventilado,Tambor,,,,,Hidráulica,,"12,5 m","Independente, braços sobrepostos",Mola helicoidal,Eixo rígido,518 km,429 km,7 km/l,"5,8 km/l",,,,,785 kg,,37 graus,26 graus,215 mm,,,,,76 mm,"91,1 mm",,,,,,,265/70 R15,,,,,,,,,,,,,,35 graus,600 mm,35 graus,,,,,,,,,,,,,,,,
mitsubishi,Pajero Sport,pajero-sport,pajero-sport-3-0-v6-4x2-at-1998,pajero-sport-3-0-v6-4x2-at-1998,https://www.fichacompleta.com.br/carros/mitsubishi/pajero-sport-3-0-v6-4x2-at-1998,2026-06-15T19:43:11.144307,Mitsubishi Pajero Sport 3.0 V6 4x2 AT 1998,"12,8 s",170 km/h,,Injeção multiponto,Natural,2972 cm³,6 em V,,Único no cabeçote,76 mm,"91,1 mm",Longitudinal,Dianteiro,"10,3 kg/cv","69,8 kg/kgfm","59,6 cv/litro",177 cv a 5000 rpm,9:1,,,,"8,7 kgfm/litro",26 kgfm a 4500 rpm,,4,Conversor de torque,Automático,,4,Traseira,1730 mm,,,4530 mm,2725 mm,1775 mm,1815 kg,500 litros,74 litros,186 mm,Disco ventilado,Tambor,,,,,Hidráulica,,"12,5 m","Independente, braços sobrepostos",Mola helicoidal,Eixo rígido,518 km,429 km,7 km/l,"5,8 km/l",,,,,695 kg,,37 graus,26 graus,215 mm,,,,,,,,,,,,,265/70 R15,,,,,,,,,,,,,,35 graus,600 mm,35 graus,,,,,,,,,,,,,,,,
mitsubishi,Pajero Sport,pajero-sport,pajero-sport-3-0-v6-4x2-at-1999,pajero-sport-3-0-v6-4x2-at-1999,https://www.fichacompleta.com.br/carros/mitsubishi/pajero-sport-3-0-v6-4x2-at-1999,2026-06-15T19:43:15.236892,Mitsubishi Pajero Sport 3.0 V6 4x2 AT 1999,"12,8 s",170 km/h,,Injeção multiponto,Natural,2972 cm³,6 em V,,Único no cabeçote,76 mm,"91,1 mm",Longitudinal,Dianteiro,"10,3 kg/cv","69,8 kg/kgfm","59,6 cv/litro",177 cv,9:1,,,,"8,7 kgfm/litro",26 kgfm,,4,Conversor de torque,Automático,4,,Traseira,1730 mm,,,4530 mm,2725 mm,1775 mm,1815 kg,500 litros,74 litros,186 mm,Disco ventilado,Tambor,,,,,Hidráulica,"12,5 m",,"Indep., braços sobrepostos",Mola helicoidal,Eixo rígido,518 km,429 km,7 km/l,"5,8 km/l",5000 rpm,4500 rpm,,,695 kg,,37 graus,26 graus,215 mm,,,,,,,,,,,,,265/70 R15,,,,,,,,,,,,,,35 graus,600 mm,,35 graus,,,,,,,,,,,,,,,
mitsubishi,Pajero Sport,pajero-sport,pajero-sport-3-0-v6-4x4-1999,pajero-sport-3-0-v6-4x4-1999,https://www.fichacompleta.com.br/carros/mitsubishi/pajero-sport-3-0-v6-4x4-1999,2026-06-15T19:43:19.934035,Mitsubishi Pajero Sport 3.0 V6 4x4 1999,"12,6 s",170 km/h,,Injeção multiponto,Natural,2972 cm³,6 em V,,Único no cabeçote,76 mm,"91,1 mm",Longitudinal,Dianteiro,"9,7 kg/cv","66,3 kg/kgfm","59,6 cv/litro",177 cv a 5000 rpm,9:1,,,,"8,7 kgfm/litro",26 kgfm a 4500 rpm,,4,Embreagem monodisco a seco,Manual,,5,Integral temporária,1730 mm,,,4530 mm,2725 mm,1775 mm,1725 kg,500 litros,74 litros,186 mm,Disco ventilado,Disco sólido,,,,,Hidráulica,,"12,5 m","Independente, braços sobrepostos",Mola helicoidal,Eixo rígido,518 km,429 km,7 km/l,"5,8 km/l",,,,,785 kg,,37 graus,26 graus,215 mm,,,,,,,,,,,,,265/70 R15,,,,,,,,,,,,,,35 graus,600 mm,35 graus,,,,,,,,,,,,,,,,
mitsubishi,Pajero Sport,pajero-sport,pajero-sport-3-0-v6-4x4-at-1999,pajero-sport-3-0-v6-4x4-at-1999,https://www.fichacompleta.com.br/carros/mitsubishi/pajero-sport-3-0-v6-4x4-at-1999,2026-06-15T19:43:23.955740,Mitsubishi Pajero Sport 3.0 V6 4x4 AT 1999,"12,9 s",168 km/h,,Injeção multiponto,Natural,2972 cm³,6 em V,,Único no cabeçote,76 mm,"91,1 mm",Longitudinal,Dianteiro,"10,3 kg/cv","69,8 kg/kgfm","59,6 cv/litro",177 cv a 5000 rpm,9:1,,,,"8,7 kgfm/litro",26 kgfm a 4500 rpm,,4,Conversor de torque,Automático,,4,Integral temporária,1730 mm,,,4530 mm,2725 mm,1775 mm,1815 kg,500 litros,74 litros,186 mm,Disco ventilado,Disco sólido,,,,,Hidráulica,,"12,5 m","Independente, braços sobrepostos",Mola helicoidal,Eixo rígido,518 km,429 km,7 km/l,"5,8 km/l",,,,,695 kg,,37 graus,26 graus,215 mm,,,,,,,,,,,,,265/70 R15,,,,,,,,,,,,,,35 graus,600 mm,35 graus,,,,,,,,,,,,,,,,
mitsubishi,Pajero Sport,pajero-sport,pajero-sport-2-8-turbo-4x4-2000,pajero-sport-2-8-turbo-4x4-2000,https://www.fichacompleta.com.br/carros/mitsubishi/pajero-sport-2-8-turbo-4x4-2000,2026-06-15T19:43:27.071832,Mitsubishi Pajero Sport 2.8 Turbo 4x4 2000,16 s,145 km/h,Corrente,Injeção indireta,Turbocompressor,2835 cm³,4 em linha,4M40,Único no cabeçote,100 mm,95 mm,Longitudinal,Dianteiro,"14,7 kg/cv","61,6 kg/kgfm","44,1 cv/litro",125 cv,21:1,,4000 rpm,2000 rpm,"10,5 kgfm/litro","29,8 kgfm",,2,Embreagem monodisco a seco,Manual,5,,Integral temporária,1730 mm,,,4620 mm,2725 mm,1775 mm,1835 kg,500 litros,90 litros,186 mm,Disco ventilado,Disco sólido,,,,,Hidráulica,"11,8 m",,"Indep., braços sobrepostos",Mola helicoidal,Eixo rígido,,,,,,,,,865 kg,,,,,,,,,,,,,,,,,265/70 R15,,,,,,,,,,1080 km,765 km,12 km/l,"8,5 km/l",,,,,,,,,,,,,,,,,,,
mitsubishi,Pajero Sport,pajero-sport,pajero-sport-2-8-turbo-4x4-at-2000,pajero-sport-2-8-turbo-4x4-at-2000,https://www.fichacompleta.com.br/carros/mitsubishi/pajero-sport-2-8-turbo-4x4-at-2000,2026-06-15T19:43:31.318558,Mitsubishi Pajero Sport 2.8 Turbo 4x4 AT 2000,17 s,145 km/h,,Injeção indireta,Turbocompressor,2835 cm³,4 em linha,4M40,"Único no cabeçote, corrente",,,Longitudinal,Dianteiro,"14,8 kg/cv","62,2 kg/kgfm","44,1 cv/litro",125 cv a 4000 rpm,21:1,,,,"10,5 kgfm/litro","29,8 kgfm a 2000 rpm",,2,,Automático,,4,Integral temporária,1730 mm,,,4620 mm,2725 mm,1775 mm,1855 kg,500 litros,90 litros,186 mm,265/70 R15,Disco sólido,,,,,Hidráulica,,"11,8 m","Independente, braços sobrepostos",Mola helicoidal,Eixo rígido,,,,,,,,,865 kg,,,,,,,,,100 mm,95 mm,,,,,,,,,,,,,,,,,900 km,720 km,10 km/l,8 km/l,,,,,,,,,,,,,,,,,,,
mitsubishi,Pajero Sport,pajero-sport,pajero-sport-3-0-v6-4x4-at-2000,pajero-sport-3-0-v6-4x4-at-2000,https://www.fichacompleta.com.br/carros/mitsubishi/pajero-sport-3-0-v6-4x4-at-2000,2026-06-15T19:43:34.847510,Mitsubishi Pajero Sport 3.0 V6 4x4 AT 2000,12 s,180 km/h,,Injeção multiponto,Natural,2972 cm³,6 em V,,Único no cabeçote,,,Longitudinal,Dianteiro,"10,2 kg/cv","71,0 kg/kgfm","60,9 cv/litro",181 cv a 5500 rpm,9:1,,,,"8,7 kgfm/litro",26 kgfm a 4500 rpm,,4,Conversor de torque,Automático,,4,Integral temporária,1730 mm,,,4620 mm,2725 mm,1775 mm,1845 kg,500 litros,90 litros,186 mm,Disco ventilado,Disco sólido,,,,,Hidráulica,,"11,8 m","Independente, braços sobrepostos",Mola helicoidal,Eixo rígido,630 km,522 km,7 km/l,"5,8 km/l",,,,,665 kg,,,,,,,,,76 mm,"91,1 mm",,,,,,,265/70 R15,,,,,,,,,,,,,,,,,,,,,,,,,,,,,,,,
mitsubishi,Pajero Sport,pajero-sport,pajero-sport-2-8-turbo-4x4-2001,pajero-sport-2-8-turbo-4x4-2001,https://www.fichacompleta.com.br/carros/mitsubishi/pajero-sport-2-8-turbo-4x4-2001,2026-06-15T19:43:38.957112,Mitsubishi Pajero Sport 2.8 Turbo 4x4 2001,16 s,145 km/h,Corrente,Injeção indireta,Turbocompressor,2835 cm³,4 em linha,4M40,Único no cabeçote,100 mm,95 mm,Longitudinal,Dianteiro,"14,7 kg/cv","61,6 kg/kgfm","44,1 cv/litro",125 cv,21:1,,4000 rpm,2000 rpm,"10,5 kgfm/litro","29,8 kgfm",,2,Embreagem monodisco a seco,Manual,5,,Integral temporária,1730 mm,,,4620 mm,2725 mm,1775 mm,1835 kg,500 litros,90 litros,186 mm,Disco ventilado,Disco sólido,,,,,Hidráulica,"11,8 m",,"Indep., braços sobrepostos",Mola helicoidal,Eixo rígido,,,,,,,,,865 kg,,,,,,,,,,,,,,,,,265/70 R15,,,,,,,,,,1080 km,765 km,12 km/l,"8,5 km/l",,,,,,,,,,,,,,,,,,,
mitsubishi,Pajero Sport,pajero-sport,pajero-sport-2-8-turbo-4x4-at-2001,pajero-sport-2-8-turbo-4x4-at-2001,https://www.fichacompleta.com.br/carros/mitsubishi/pajero-sport-2-8-turbo-4x4-at-2001,2026-06-15T19:43:41.453668,Mitsubishi Pajero Sport 2.8 Turbo 4x4 AT 2001,17 s,145 km/h,Corrente,Injeção indireta,Turbocompressor,2835 cm³,4 em linha,4M40,Único no cabeçote,100 mm,95 mm,Longitudinal,Dianteiro,"14,8 kg/cv","62,2 kg/kgfm","44,1 cv/litro",125 cv,21:1,,4000 rpm,2000 rpm,"10,5 kgfm/litro","29,8 kgfm",,2,Conversor de torque,Automático,4,4,Integral temporária,1730 mm,,,4620 mm,2725 mm,1775 mm,1855 kg,500 litros,90 litros,186 mm,Disco ventilado,Disco sólido,,,,,Hidráulica,"11,8 m","11,8 m","Indep., braços sobrepostos",Mola helicoidal,Eixo rígido,,,,,,,,,865 kg,,,,,,,,,,,,,,,,,265/70 R15,,,,,,,,,,900 km,720 km,10 km/l,8 km/l,,,,,,,,,,,,,,,,,,,
mitsubishi,Pajero Sport,pajero-sport,pajero-sport-3-0-v6-4x2-at-2001,pajero-sport-3-0-v6-4x2-at-2001,https://www.fichacompleta.com.br/carros/mitsubishi/pajero-sport-3-0-v6-4x2-at-2001,2026-06-15T19:43:44.683691,Mitsubishi Pajero Sport 3.0 V6 4x2 AT 2001,"11,8 s",180 km/h,,Injeção multiponto,Natural,2972 cm³,6 em V,,Único no cabeçote,76 mm,"91,1 mm",Longitudinal,Dianteiro,"10,2 kg/cv","71,0 kg/kgfm","60,9 cv/litro",181 cv,9:1,,5500 rpm,4500 rpm,"8,7 kgfm/litro",26 kgfm,,4,Conversor de torque,Automático,4,4,Traseira,1730 mm,,,4620 mm,2725 mm,1775 mm,1845 kg,500 litros,90 litros,186 mm,Disco ventilado,Disco sólido,,,,,Hidráulica,"11,8 m","11,8 m","Indep., braços sobrepostos",Mola helicoidal,Eixo rígido,630 km,522 km,7 km/l,"5,8 km/l",,,,,665 kg,,,,,,,,,,,,,,,,,265/70 R15,,,,,,,,,,,,,,,,,,,,,,,,,,,,,,,,
mitsubishi,Pajero Sport,pajero-sport,pajero-sport-3-0-v6-4x4-at-2001,pajero-sport-3-0-v6-4x4-at-2001,https://www.fichacompleta.com.br/carros/mitsubishi/pajero-sport-3-0-v6-4x4-at-2001,2026-06-15T19:43:48.500395,Mitsubishi Pajero Sport 3.0 V6 4x4 AT 2001,12 s,180 km/h,,Injeção multiponto,Natural,2972 cm³,6 em V,,Único no cabeçote,76 mm,"91,1 mm",Longitudinal,Dianteiro,"10,2 kg/cv","71,0 kg/kgfm","60,9 cv/litro",181 cv,9:1,,5500 rpm,4500 rpm,"8,7 kgfm/litro",26 kgfm,,4,Conversor de torque,Automático,4,4,Integral temporária,1730 mm,,,4620 mm,2725 mm,1775 mm,1845 kg,500 litros,90 litros,186 mm,Disco ventilado,Disco sólido,,,,,Hidráulica,"11,8 m","11,8 m","Indep., braços sobrepostos",Mola helicoidal,Eixo rígido,630 km,522 km,7 km/l,"5,8 km/l",,,,,665 kg,,,,,,,,,,,,,,,,,265/70 R15,,,,,,,,,,,,,,,,,,,,,,,,,,,,,,,,
mitsubishi,Pajero Sport,pajero-sport,pajero-sport-2-8-turbo-4x4-2002,pajero-sport-2-8-turbo-4x4-2002,https://www.fichacompleta.com.br/carros/mitsubishi/pajero-sport-2-8-turbo-4x4-2002,2026-06-15T19:43:52.341276,Mitsubishi Pajero Sport 2.8 Turbo 4x4 2002,16 s,145 km/h,Corrente,Injeção indireta,Turbocompressor,2835 cm³,4 em linha,4M40,Único no cabeçote,100 mm,95 mm,Longitudinal,Dianteiro,"14,7 kg/cv","61,6 kg/kgfm","44,1 cv/litro",125 cv,21:1,,4000 rpm,2000 rpm,"10,5 kgfm/litro","29,8 kgfm",,2,Embreagem monodisco a seco,Manual,5,,Integral temporária,1730 mm,,,4620 mm,2725 mm,1775 mm,1835 kg,500 litros,90 litros,186 mm,Disco ventilado,Disco sólido,,,,,Hidráulica,"11,8 m",,"Indep., braços sobrepostos",Mola helicoidal,Eixo rígido,,,,,,,,,865 kg,,,,,,,,,,,,,,,,,265/70 R15,,,,,,,,,,1080 km,765 km,12 km/l,"8,5 km/l",,,,,,,,,,,,,,,,,,,
mitsubishi,Pajero Sport,pajero-sport,pajero-sport-2-8-turbo-4x4-at-2002,pajero-sport-2-8-turbo-4x4-at-2002,https://www.fichacompleta.com.br/carros/mitsubishi/pajero-sport-2-8-turbo-4x4-at-2002,2026-06-15T19:43:57.163087,Mitsubishi Pajero Sport 2.8 Turbo 4x4 AT 2002,17 s,145 km/h,Corrente,Injeção indireta,Turbocompressor,2835 cm³,4 em linha,4M40,Único no cabeçote,100 mm,95 mm,Longitudinal,Dianteiro,"14,8 kg/cv","62,2 kg/kgfm","44,1 cv/litro",125 cv,21:1,,,,"10,5 kgfm/litro","29,8 kgfm",,2,Conversor de torque,Automático,4,,Integral temporária,1730 mm,,,4620 mm,2725 mm,1775 mm,1855 kg,500 litros,90 litros,186 mm,Disco ventilado,Disco sólido,,,,,Hidráulica,"11,8 m",,"Indep., braços sobrepostos",Mola helicoidal,Eixo rígido,,,,,4000 rpm,2000 rpm,,,865 kg,,,,,,,,,,,,,,,,,265/70 R15,,,,,,,,,,900 km,720 km,10 km/l,8 km/l,,,,,,,,,,,,,,,,,,,
mitsubishi,Pajero Sport,pajero-sport,pajero-sport-3-0-v6-4x2-at-2002,pajero-sport-3-0-v6-4x2-at-2002,https://www.fichacompleta.com.br/carros/mitsubishi/pajero-sport-3-0-v6-4x2-at-2002,2026-06-15T19:44:00.603559,Mitsubishi Pajero Sport 3.0 V6 4x2 AT 2002,"11,8 s",180 km/h,,Injeção multiponto,Natural,2972 cm³,6 em V,,Único no cabeçote,76 mm,"91,1 mm",Longitudinal,Dianteiro,"10,2 kg/cv","71,0 kg/kgfm","60,9 cv/litro",181 cv,9:1,,,,"8,7 kgfm/litro",26 kgfm,,4,Conversor de torque,Automático,4,,Traseira,1730 mm,,,4620 mm,2725 mm,1775 mm,1845 kg,500 litros,90 litros,186 mm,Disco ventilado,Disco sólido,,,,,Hidráulica,"11,8 m",,"Indep., braços sobrepostos",Mola helicoidal,Eixo rígido,630 km,522 km,7 km/l,"5,8 km/l",5500 rpm,4500 rpm,,,665 kg,,,,,,,,,,,,,,,,,265/70 R15,,,,,,,,,,,,,,,,,,,,,,,,,,,,,,,,
mitsubishi,Pajero Sport,pajero-sport,pajero-sport-3-0-v6-4x4-at-2002,pajero-sport-3-0-v6-4x4-at-2002,https://www.fichacompleta.com.br/carros/mitsubishi/pajero-sport-3-0-v6-4x4-at-2002,2026-06-15T19:44:03.586388,Mitsubishi Pajero Sport 3.0 V6 4x4 AT 2002,12 s,180 km/h,,Injeção multiponto,Natural,2972 cm³,6 em V,,Único no cabeçote,76 mm,"91,1 mm",Longitudinal,Dianteiro,"10,2 kg/cv","71,0 kg/kgfm","60,9 cv/litro",181 cv,9:1,,,,"8,7 kgfm/litro",26 kgfm,,4,Conversor de torque,Automático,4,,Integral temporária,1730 mm,,,4620 mm,2725 mm,1775 mm,1845 kg,500 litros,90 litros,186 mm,Disco ventilado,Disco sólido,,,,,Hidráulica,"11,8 m",,"Indep., braços sobrepostos",Mola helicoidal,Eixo rígido,630 km,522 km,7 km/l,"5,8 km/l",5500 rpm,4500 rpm,,,665 kg,,,,,,,,,,,,,,,,,265/70 R15,,,,,,,,,,,,,,,,,,,,,,,,,,,,,,,,
mitsubishi,Pajero Sport,pajero-sport,pajero-sport-2-8-turbo-4x4-2003,pajero-sport-2-8-turbo-4x4-2003,https://www.fichacompleta.com.br/carros/mitsubishi/pajero-sport-2-8-turbo-4x4-2003,2026-06-15T19:44:07.118266,Mitsubishi Pajero Sport 2.8 Turbo 4x4 2003,16 s,145 km/h,Corrente,Injeção indireta,Turbocompressor,2835 cm³,4 em linha,4M40,Único no cabeçote,100 mm,95 mm,Longitudinal,Dianteiro,"14,7 kg/cv","61,6 kg/kgfm","44,1 cv/litro",125 cv,21:1,,4000 rpm,2000 rpm,"10,5 kgfm/litro","29,8 kgfm",,2,Embreagem monodisco a seco,Manual,5,,Integral temporária,1730 mm,,,4620 mm,2725 mm,1775 mm,1835 kg,500 litros,90 litros,186 mm,Disco ventilado,Disco sólido,,,,,Hidráulica,"11,8 m",,"Indep., braços sobrepostos",Mola helicoidal,Eixo rígido,,,,,,,,,865 kg,,,,,,,,,,,,,,,,,265/70 R15,,,,,,,,,,1080 km,765 km,12 km/l,"8,5 km/l",,,,,,,,,,,,,,,,,,,
mitsubishi,Pajero Sport,pajero-sport,pajero-sport-2-8-turbo-4x4-at-2003,pajero-sport-2-8-turbo-4x4-at-2003,https://www.fichacompleta.com.br/carros/mitsubishi/pajero-sport-2-8-turbo-4x4-at-2003,2026-06-15T19:44:11.310262,Mitsubishi Pajero Sport 2.8 Turbo 4x4 AT 2003,17 s,145 km/h,,Injeção indireta,Turbocompressor,2835 cm³,4 em linha,4M40,"Único no cabeçote, corrente",,,Longitudinal,Dianteiro,"14,8 kg/cv","62,2 kg/kgfm","44,1 cv/litro",125 cv a 4000 rpm,21:1,,,,"10,5 kgfm/litro","29,8 kgfm a 2000 rpm",,2,,Automático,,4,Integral temporária,1730 mm,,,4620 mm,2725 mm,1775 mm,1855 kg,500 litros,90 litros,186 mm,265/70 R15,Disco sólido,,,,,Hidráulica,,"11,8 m","Independente, braços sobrepostos",Mola helicoidal,Eixo rígido,,,,,,,,,865 kg,,,,,,,,,100 mm,95 mm,,,,,,,,,,,,,,,,,900 km,720 km,10 km/l,8 km/l,,,,,,,,,,,,,,,,,,,
mitsubishi,Pajero Sport,pajero-sport,pajero-sport-3-0-v6-4x4-at-2003,pajero-sport-3-0-v6-4x4-at-2003,https://www.fichacompleta.com.br/carros/mitsubishi/pajero-sport-3-0-v6-4x4-at-2003,2026-06-15T19:44:15.291705,Mitsubishi Pajero Sport 3.0 V6 4x4 AT 2003,12 s,180 km/h,,Injeção multiponto,Natural,2972 cm³,6 em V,,Único no cabeçote,,,Longitudinal,Dianteiro,"10,2 kg/cv","71,0 kg/kgfm","60,9 cv/litro",181 cv a 5500 rpm,9:1,,,,"8,7 kgfm/litro",26 kgfm a 4500 rpm,,4,Conversor de torque,Automático,,4,Integral temporária,1730 mm,,,4620 mm,2725 mm,1775 mm,1845 kg,500 litros,90 litros,186 mm,Disco ventilado,Disco sólido,,,,,Hidráulica,,"11,8 m","Independente, braços sobrepostos",Mola helicoidal,Eixo rígido,630 km,522 km,7 km/l,"5,8 km/l",,,,,665 kg,,,,,,,,,76 mm,"91,1 mm",,,,,,,265/70 R15,,,,,,,,,,,,,,,,,,,,,,,,,,,,,,,,
mitsubishi,Pajero Sport,pajero-sport,pajero-sport-hpe-2-8-turbo-2004,pajero-sport-hpe-2-8-turbo-2004,https://www.fichacompleta.com.br/carros/mitsubishi/pajero-sport-hpe-2-8-turbo-2004,2026-06-15T19:44:18.249872,Mitsubishi Pajero Sport HPE 2.8 Turbo 2004,"14,5 s",160 km/h,,Injeção indireta,Turbocompressor,2835 cm³,4 em linha,4M40,"Único no cabeçote, corrente",100 mm,95 mm,Longitudinal,Dianteiro,"13,3 kg/cv","50,7 kg/kgfm","51,1 cv/litro",145 cv a 4000 rpm,21:1,,,,"13,4 kgfm/litro",38 kgfm a 2000 rpm,,2,Conversor de torque,Automático,,4,Integral temporária,1730 mm,1465 mm,1480 mm,4620 mm,2725 mm,1775 mm,1925 kg,500 litros,74 litros,186 mm,Disco ventilado,Disco sólido,,,,,Hidráulica,,"11,8 m","Independente, braços sobrepostos",Mola helicoidal,Eixo rígido,,,,,,,,,585 kg,26 graus,37 graus,26 graus,215 mm,,,,,,,,,,,,,265/70 R15,,,,,,,,,,888 km,666 km,12 km/l,9 km/l,35 graus,,,,,,,,,,,,,,,,,,
mitsubishi,Pajero Sport,pajero-sport,pajero-sport-hpe-3-0-v6-at-2004,pajero-sport-hpe-3-0-v6-at-2004,https://www.fichacompleta.com.br/carros/mitsubishi/pajero-sport-hpe-3-0-v6-at-2004,2026-06-15T19:44:21.849524,Mitsubishi Pajero Sport HPE 3.0 V6 AT 2004,12 s,175 km/h,,Injeção multiponto,Natural,2972 cm³,6 em V,,Único no cabeçote,76 mm,91 mm,Longitudinal,Dianteiro,"10,5 kg/cv","71,2 kg/kgfm","59,6 cv/litro",177 cv a 5500 rpm,9:1,,,,"8,7 kgfm/litro",26 kgfm a 4500 rpm,,4,Conversor de torque,Automático,,4,Integral temporária,1730 mm,1465 mm,1480 mm,4620 mm,2725 mm,1775 mm,1850 kg,500 litros,74 litros,186 mm,Disco ventilado,Disco sólido,,,,,Hidráulica,,"11,8 m","Independente, braços sobrepostos",Mola helicoidal,Eixo rígido,518 km,429 km,7 km/l,"5,8 km/l",,,,,660 kg,26 graus,37 graus,26 graus,215 mm,,,,,,,,,,,,,265/70 R15,,,,,,,,,,,,,,35 graus,,,,,,,,,,,,,,,,,,
mitsubishi,Pajero Sport,pajero-sport,pajero-sport-hpe-2-8-turbo-2005,pajero-sport-hpe-2-8-turbo-2005,https://www.fichacompleta.com.br/carros/mitsubishi/pajero-sport-hpe-2-8-turbo-2005,2026-06-15T19:44:26.060111,Mitsubishi Pajero Sport HPE 2.8 Turbo 2005,"14,5 s",160 km/h,Corrente,Injeção indireta,Turbocompressor,2835 cm³,4 em linha,4M40,Único no cabeçote,100 mm,95 mm,Longitudinal,Dianteiro,"13,3 kg/cv","50,7 kg/kgfm","51,1 cv/litro",145 cv,21:1,,,,"13,4 kgfm/litro",38 kgfm,,2,Conversor de torque,Automático,4,,Integral temporária,1730 mm,1465 mm,1480 mm,4620 mm,2725 mm,1775 mm,1925 kg,500 litros,74 litros,186 mm,Disco ventilado,Disco sólido,,,,,Hidráulica,"11,8 m",,"Indep., braços sobrepostos",Mola helicoidal,Eixo rígido,,,,,4000 rpm,2000 rpm,,,585 kg,26 graus,37 graus,26 graus,215 mm,,,,,,,,,,,,,265/70 R15,,,,,,,,,,888 km,666 km,12 km/l,9 km/l,35 graus,,,,,,,,,,,,,,,,,,
mitsubishi,Pajero Sport,pajero-sport,pajero-sport-hpe-3-0-v6-at-2005,pajero-sport-hpe-3-0-v6-at-2005,https://www.fichacompleta.com.br/carros/mitsubishi/pajero-sport-hpe-3-0-v6-at-2005,2026-06-15T19:44:29.129406,Mitsubishi Pajero Sport HPE 3.0 V6 AT 2005,12 s,175 km/h,,Injeção multiponto,Natural,2972 cm³,6 em V,,Único no cabeçote,76 mm,91 mm,Longitudinal,Dianteiro,"10,5 kg/cv","71,2 kg/kgfm","59,6 cv/litro",177 cv,9:1,,,,"8,7 kgfm/litro",26 kgfm,,4,Conversor de torque,Automático,4,,Integral temporária,1730 mm,1465 mm,1480 mm,4620 mm,2725 mm,1775 mm,1850 kg,500 litros,74 litros,186 mm,Disco ventilado,Disco sólido,,,,,Hidráulica,"11,8 m",,"Indep., braços sobrepostos",Mola helicoidal,Eixo rígido,518 km,429 km,7 km/l,"5,8 km/l",5500 rpm,4500 rpm,,,660 kg,26 graus,37 graus,26 graus,215 mm,,,,,,,,,,,,,265/70 R15,,,,,,,,,,,,,,35 graus,,,,,,,,,,,,,,,,,,
mitsubishi,Pajero Sport,pajero-sport,pajero-sport-hpe-2-8-turbo-2006,pajero-sport-hpe-2-8-turbo-2006,https://www.fichacompleta.com.br/carros/mitsubishi/pajero-sport-hpe-2-8-turbo-2006,2026-06-15T19:44:32.267227,Mitsubishi Pajero Sport HPE 2.8 Turbo 2006,"14,5 s",160 km/h,,Injeção indireta,Turbocompressor,2835 cm³,4 em linha,4M40,"Único no cabeçote, corrente",100 mm,95 mm,Longitudinal,Dianteiro,"13,3 kg/cv","50,7 kg/kgfm","51,1 cv/litro",145 cv a 4000 rpm,21:1,,,,"13,4 kgfm/litro",38 kgfm a 2000 rpm,,2,Conversor de torque,Automático,,4,Integral temporária,1730 mm,1465 mm,1480 mm,4620 mm,2725 mm,1775 mm,1925 kg,500 litros,74 litros,186 mm,Disco ventilado,Disco sólido,,,,,Hidráulica,,"11,8 m","Independente, braços sobrepostos",Mola helicoidal,Eixo rígido,,,,,,,,,585 kg,26 graus,37 graus,26 graus,215 mm,,,,,,,,,,,,,265/70 R15,,,,,,,,,,888 km,666 km,12 km/l,9 km/l,35 graus,,,,,,,,,,,,,,,,,,
mitsubishi,Pajero Sport,pajero-sport,pajero-sport-hpe-2-5-turbo-4x4-2007,pajero-sport-hpe-2-5-turbo-4x4-2007,https://www.fichacompleta.com.br/carros/mitsubishi/pajero-sport-hpe-2-5-turbo-4x4-2007,2026-06-15T19:44:35.676151,Mitsubishi Pajero Sport HPE 2.5 Turbo 4x4 2007,"14,5 s",160 km/h,Correia dentada,Injeção indireta,Turbocompressor,2477 cm³,4 em linha,4D56 VGT,Único no cabeçote,95 mm,"91,1 mm",Longitudinal,Dianteiro,"13,4 kg/cv","61,8 kg/kgfm","56,9 cv/litro",141 cv,21:1,,,,"12,4 kgfm/litro","30,6 kgfm",,2,Embreagem monodisco a seco,Manual,5,,Integral temporária,1730 mm,1465 mm,1480 mm,4692 mm,2725 mm,1775 mm,1890 kg,500 litros,74 litros,186 mm,Disco ventilado,Disco sólido,,,,,Hidráulica,"11,8 m",,"Indep., braços sobrepostos",Mola helicoidal,Eixo rígido,,,,,4000 rpm,2000 rpm,,,620 kg,29 graus,37 graus,28 graus,215 mm,,,2270 kg,680 kg,,,,,,,,,265/70 R16,,,,,,,,,,888 km,666 km,12 km/l,9 km/l,35 graus,,,,,,,,,,,,,,,,,,
mitsubishi,Pajero Sport,pajero-sport,pajero-sport-hpe-2-5-turbo-4x4-at-2007,pajero-sport-hpe-2-5-turbo-4x4-at-2007,https://www.fichacompleta.com.br/carros/mitsubishi/pajero-sport-hpe-2-5-turbo-4x4-at-2007,2026-06-15T19:44:40.521322,Mitsubishi Pajero Sport HPE 2.5 Turbo 4x4 AT 2007,"14,5 s",160 km/h,,Injeção indireta,Turbocompressor,2477 cm³,4 em linha,4D56 VGT,"Único no cabeçote, correia dentada",95 mm,"91,1 mm",Longitudinal,Dianteiro,"13,4 kg/cv","61,8 kg/kgfm","56,9 cv/litro",141 cv a 4000 rpm,21:1,,,,"12,4 kgfm/litro","30,6 kgfm a 2000 rpm",,2,Conversor de torque,Automático,,4,Integral temporária,1730 mm,1465 mm,1480 mm,4692 mm,2725 mm,1775 mm,1890 kg,500 litros,74 litros,186 mm,Disco ventilado,Disco sólido,,,,,Hidráulica,,"11,8 m","Independente, braços sobrepostos",Mola helicoidal,Eixo rígido,,,,,,,,,620 kg,29 graus,37 graus,28 graus,215 mm,,,2270 kg,680 kg,,,,,,,,,265/70 R16,,,,,,,,,,888 km,666 km,12 km/l,9 km/l,35 graus,,,,,,,,,,,,,,,,,,
mitsubishi,Pajero Sport,pajero-sport,pajero-sport-hpe-3-5-v6-at-2007,pajero-sport-hpe-3-5-v6-at-2007,https://www.fichacompleta.com.br/carros/mitsubishi/pajero-sport-hpe-3-5-v6-at-2007,2026-06-15T19:44:42.959955,Mitsubishi Pajero Sport HPE 3.5 V6 AT 2007,12 s,175 km/h,,Injeção multiponto,Natural,3497 cm³,6 em V,6G74,Único no cabeçote,"85,8 mm",93 mm,Longitudinal,Dianteiro,"9,4 kg/cv","60,8 kg/kgfm","57,2 cv/litro",200 cv a 5000 rpm,9:1,,,,"8,9 kgfm/litro",31 kgfm a 3500 rpm,,4,Conversor de torque,Automático,,4,Integral temporária,1730 mm,1465 mm,1480 mm,4692 mm,2725 mm,1775 mm,1885 kg,500 litros,74 litros,186 mm,Disco ventilado,Disco sólido,,,,,Hidráulica,,"11,8 m","Independente, braços sobrepostos",Mola helicoidal,Eixo rígido,518 km,429 km,7 km/l,"5,8 km/l",,,,,625 kg,29 graus,37 graus,28 graus,225 mm,,V4A5A,2270 kg,680 kg,,,,,,,,,265/70 R16,,,,,,,,,,,,,,35 graus,,,,,,,,,,,,,,,,,,
mitsubishi,Pajero Sport,pajero-sport,pajero-sport-hpe-2-5-turbo-4x4-2008,pajero-sport-hpe-2-5-turbo-4x4-2008,https://www.fichacompleta.com.br/carros/mitsubishi/pajero-sport-hpe-2-5-turbo-4x4-2008,2026-06-15T19:44:47.425928,Mitsubishi Pajero Sport HPE 2.5 Turbo 4x4 2008,"14,5 s",160 km/h,,Injeção indireta,Turbocompressor,2477 cm³,4 em linha,4D56 VGT,"Único no cabeçote, correia dentada",95 mm,"91,1 mm",Longitudinal,Dianteiro,"13,4 kg/cv","61,8 kg/kgfm","56,9 cv/litro",141 cv a 4000 rpm,21:1,,,,"12,4 kgfm/litro","30,6 kgfm a 2000 rpm",,2,Embreagem monodisco a seco,Manual,,5,Integral temporária,1730 mm,1465 mm,1480 mm,4692 mm,2725 mm,1775 mm,1890 kg,500 litros,74 litros,186 mm,Disco ventilado,Disco sólido,,,,,Hidráulica,,"11,8 m","Independente, braços sobrepostos",Mola helicoidal,Eixo rígido,,,,,,,,,620 kg,29 graus,37 graus,28 graus,215 mm,,,2270 kg,680 kg,,,,,,,,,265/70 R16,,,,,,,,,,888 km,666 km,12 km/l,9 km/l,35 graus,,,,,,,,,,,,,,,,,,
mitsubishi,Pajero Sport,pajero-sport,pajero-sport-hpe-2-5-turbo-4x4-at-2008,pajero-sport-hpe-2-5-turbo-4x4-at-2008,https://www.fichacompleta.com.br/carros/mitsubishi/pajero-sport-hpe-2-5-turbo-4x4-at-2008,2026-06-15T19:44:51.127215,Mitsubishi Pajero Sport HPE 2.5 Turbo 4x4 AT 2008,"14,5 s",160 km/h,,Injeção indireta,Turbocompressor,2477 cm³,4 em linha,4D56 VGT,"Único no cabeçote, correia dentada",95 mm,"91,1 mm",Longitudinal,Dianteiro,"13,4 kg/cv","61,8 kg/kgfm","56,9 cv/litro",141 cv a 4000 rpm,21:1,,,,"12,4 kgfm/litro","30,6 kgfm a 2000 rpm",,2,Conversor de torque,Automático,,4,Integral temporária,1730 mm,1465 mm,1480 mm,4692 mm,2725 mm,1775 mm,1890 kg,500 litros,74 litros,186 mm,Disco ventilado,Disco sólido,,,,,Hidráulica,,"11,8 m","Independente, braços sobrepostos",Mola helicoidal,Eixo rígido,,,,,,,,,620 kg,29 graus,37 graus,28 graus,215 mm,,,2270 kg,680 kg,,,,,,,,,265/70 R16,,,,,,,,,,888 km,666 km,12 km/l,9 km/l,35 graus,,,,,,,,,,,,,,,,,,
mitsubishi,Pajero Sport,pajero-sport,pajero-sport-hpe-3-5-v6-at-2008,pajero-sport-hpe-3-5-v6-at-2008,https://www.fichacompleta.com.br/carros/mitsubishi/pajero-sport-hpe-3-5-v6-at-2008,2026-06-15T19:44:53.932861,Mitsubishi Pajero Sport HPE 3.5 V6 AT 2008,12 s,175 km/h,Correia dentada,Injeção multiponto,Natural,3497 cm³,6 em V,6G74,Único no cabeçote,"85,8 mm",93 mm,Longitudinal,Dianteiro,"9,4 kg/cv","60,8 kg/kgfm","57,2 cv/litro",200 cv,9:1,,,,"8,9 kgfm/litro",31 kgfm,,4,Conversor de torque,Automático,4,,Integral temporária,1730 mm,1465 mm,1480 mm,4692 mm,2725 mm,1775 mm,1885 kg,500 litros,74 litros,186 mm,Disco ventilado,Disco sólido,,,,,Hidráulica,"11,8 m",,"Indep., braços sobrepostos",Mola helicoidal,Eixo rígido,518 km,429 km,7 km/l,"5,8 km/l",5000 rpm,3500 rpm,,,625 kg,29 graus,37 graus,28 graus,225 mm,,V4A5A,2270 kg,680 kg,,,,,,,,,265/70 R16,,,,,,,,,,,,,,35 graus,,,,,,,,,,,,,,,,,,
mitsubishi,Pajero Sport,pajero-sport,pajero-sport-hpe-2-5-turbo-4x4-2009,pajero-sport-hpe-2-5-turbo-4x4-2009,https://www.fichacompleta.com.br/carros/mitsubishi/pajero-sport-hpe-2-5-turbo-4x4-2009,2026-06-15T19:44:57.761692,Mitsubishi Pajero Sport HPE 2.5 Turbo 4x4 2009,"14,5 s",160 km/h,Correia dentada,Injeção indireta,Turbocompressor,,4 em linha,4D56 VGT,Único no cabeçote,95 mm,"91,1 mm",Longitudinal,Dianteiro,"13,40 kg/cv","61,8 kg/kgfm","56,9 cv/litro",141 cv,21:1,,,,"12,4 kgfm/litro","30,6 kgfm",,2,Embreagem monodisco a seco,Manual,5,,Integral temporária,1730 mm,1465 mm,1480 mm,4692 mm,2725 mm,1775 mm,1890 kg,500 litros,74 litros,186 mm,Disco ventilado,Disco sólido,,,,,Hidráulica,"11,8 m",,"Indep., braços sobrepostos",Mola helicoidal,Eixo rígido,,,,,4000 rpm,2000 rpm,,,620 kg,29 graus,37 graus,28 graus,215 mm,,,2270 kg,680 kg,,,,,,,619 cm³,2477 cm³,265/70 R16,,,,,,,,,,888 km,666 km,12 km/l,9 km/l,35 graus,,,,,,,,,,,,,,,,,,
mitsubishi,Pajero Sport,pajero-sport,pajero-sport-hpe-2-5-turbo-4x4-at-2009,pajero-sport-hpe-2-5-turbo-4x4-at-2009,https://www.fichacompleta.com.br/carros/mitsubishi/pajero-sport-hpe-2-5-turbo-4x4-at-2009,2026-06-15T19:45:02.322459,Mitsubishi Pajero Sport HPE 2.5 Turbo 4x4 AT 2009,"14,5 s",160 km/h,Correia dentada,Injeção indireta,Turbocompressor,2477 cm³,4 em linha,4D56 VGT,Único no cabeçote,95 mm,"91,1 mm",Longitudinal,Dianteiro,"13,4 kg/cv","61,8 kg/kgfm","56,9 cv/litro",141 cv,21:1,,,,"12,4 kgfm/litro","30,6 kgfm",,2,Conversor de torque,Automático,4,,Integral temporária,1730 mm,1465 mm,1480 mm,4692 mm,2725 mm,1775 mm,1890 kg,500 litros,74 litros,186 mm,Disco ventilado,Disco sólido,,,,,Hidráulica,"11,8 m",,"Indep., braços sobrepostos",Mola helicoidal,Eixo rígido,,,,,4000 rpm,2000 rpm,,,620 kg,29 graus,37 graus,28 graus,215 mm,,,2270 kg,680 kg,,,,,,,,,265/70 R16,,,,,,,,,,888 km,666 km,12 km/l,9 km/l,35 graus,,,,,,,,,,,,,,,,,,
mitsubishi,Pajero Sport,pajero-sport,pajero-sport-hpe-3-5-v6-at-2009,pajero-sport-hpe-3-5-v6-at-2009,https://www.fichacompleta.com.br/carros/mitsubishi/pajero-sport-hpe-3-5-v6-at-2009,2026-06-15T19:45:06.589452,Mitsubishi Pajero Sport HPE 3.5 V6 AT 2009,12 s,175 km/h,,Injeção multiponto,Natural,3497 cm³,6 em V,6G74,Único no cabeçote,,,Longitudinal,Dianteiro,"9,4 kg/cv","60,8 kg/kgfm","57,2 cv/litro",200 cv a 5000 rpm,9:1,,,,"8,9 kgfm/litro",31 kgfm a 3500 rpm,,4,Conversor de torque,Automático,,4,Integral temporária,1730 mm,1465 mm,1480 mm,4692 mm,2725 mm,1775 mm,1885 kg,500 litros,74 litros,186 mm,Disco ventilado,Disco sólido,,,,,Hidráulica,,"11,8 m","Independente, braços sobrepostos",Mola helicoidal,Eixo rígido,518 km,429 km,7 km/l,"5,8 km/l",,,,,625 kg,29 graus,37 graus,28 graus,225 mm,,V4A5A,2270 kg,680 kg,"85,8 mm",93 mm,,,,,,,265/70 R16,,,,,,,,,,,,,,35 graus,,,,,,,,,,,,,,,,,,
mitsubishi,Pajero Sport,pajero-sport,pajero-sport-hpe-2-5-turbo-4x4-2010,pajero-sport-hpe-2-5-turbo-4x4-2010,https://www.fichacompleta.com.br/carros/mitsubishi/pajero-sport-hpe-2-5-turbo-4x4-2010,2026-06-15T19:45:11.078298,Mitsubishi Pajero Sport HPE 2.5 Turbo 4x4 2010,14 s,165 km/h,Correia dentada,Injeção indireta,Turbocompressor,2477 cm³,4 em linha,4D56 VGT,Único no cabeçote,95 mm,"91,1 mm",Longitudinal,Dianteiro,"12,6 kg/cv","61,8 kg/kgfm","60,6 cv/litro",150 cv,21:1,,4000 rpm,2000 rpm,"12,4 kgfm/litro","30,6 kgfm",,2,Embreagem monodisco a seco,Manual,5,5,Integral temporária,1700 mm,1465 mm,1480 mm,4720 mm,2725 mm,1780 mm,1890 kg,500 litros,74 litros,166 mm,Disco ventilado,Disco sólido,,,,,Hidráulica,"11,8 m","11,8 m","Indep., braços sobrepostos",Mola helicoidal,Eixo rígido,,,,,,,,,620 kg,29 graus,33 graus,29 graus,220 mm,,,2270 kg,680 kg,,,,,,,,,255/65 R17,,,,,,,,,,888 km,666 km,12 km/l,9 km/l,35 graus,,,,,,,,,,,,,,,,,,
mitsubishi,Pajero Sport,pajero-sport,pajero-sport-hpe-2-5-turbo-4x4-at-2010,pajero-sport-hpe-2-5-turbo-4x4-at-2010,https://www.fichacompleta.com.br/carros/mitsubishi/pajero-sport-hpe-2-5-turbo-4x4-at-2010,2026-06-15T19:45:15.010344,Mitsubishi Pajero Sport HPE 2.5 Turbo 4x4 AT 2010,"14,5 s",160 km/h,Correia dentada,Injeção indireta,Turbocompressor,2477 cm³,4 em linha,4D56 VGT,Único no cabeçote,95 mm,"91,1 mm",Longitudinal,Dianteiro,"12,6 kg/cv","61,6 kg/kgfm","60,6 cv/litro",150 cv,21:1,,4000 rpm,2000 rpm,"12,4 kgfm/litro","30,6 kgfm",,2,Conversor de torque,Automático,4,4,Integral temporária,1700 mm,1465 mm,1480 mm,4720 mm,2725 mm,1780 mm,1885 kg,500 litros,74 litros,166 mm,Disco ventilado,Disco sólido,,,,,Hidráulica,"11,8 m","11,8 m","Indep., braços sobrepostos",Mola helicoidal,Eixo rígido,,,,,,,,,625 kg,29 graus,33 graus,29 graus,220 mm,,,2270 kg,680 kg,,,,,,,,,255/65 R17,,,,,,,,,,888 km,666 km,12 km/l,9 km/l,35 graus,,,,,,,,,,,,,,,,,,
mitsubishi,Pajero Sport,pajero-sport,pajero-sport-hpe-3-5-v6-at-2010,pajero-sport-hpe-3-5-v6-at-2010,https://www.fichacompleta.com.br/carros/mitsubishi/pajero-sport-hpe-3-5-v6-at-2010,2026-06-15T19:45:18.655675,Mitsubishi Pajero Sport HPE 3.5 V6 AT 2010,12 s,175 km/h,Correia dentada,Injeção multiponto,Natural,3497 cm³,6 em V,6G74,Único no cabeçote,"85,8 mm",93 mm,Longitudinal,Dianteiro,"9,2 kg/cv","56,3 kg/kgfm","58,6 cv/litro",205 cv (A) 200 cv (G) a 5000 rpm,9:1,,5000 rpm,3500 rpm,"9,6 kgfm/litro","33,5 kgfm (A) 31,5 kgfm (G) a 3500 rpm",,4,Conversor de torque,Automático,4,4,Integral temporária,1700 mm,1465 mm,1480 mm,4720 mm,2725 mm,1780 mm,1885 kg,980 litros,90 litros,166 mm,Disco ventilado,Disco sólido,,,,,Hidráulica,"11,8 m","11,8 m","Indep., braços sobrepostos",Mola helicoidal,Eixo rígido,630 km,522 km,7 km/l,"5,8 km/l",,,,,625 kg,29 graus,33 graus,29 graus,220 mm,,V4A5A,2270 kg,680 kg,,,378 km,288 km,"4,2 km/l","3,2 km/l",,,255/65 R17,205 cv,200 cv,"33,5 kgfm","31,5 kgfm",,,,,,,,,,35 graus,,,,,,,,,,,,,,,,,,
mitsubishi,Pajero Sport,pajero-sport,pajero-sport-hpe-2-5-turbo-4x4-2011,pajero-sport-hpe-2-5-turbo-4x4-2011,https://www.fichacompleta.com.br/carros/mitsubishi/pajero-sport-hpe-2-5-turbo-4x4-2011,2026-06-15T19:45:23.349304,Mitsubishi Pajero Sport HPE 2.5 Turbo 4x4 2011,14 s,165 km/h,,Injeção indireta,Turbocompressor,2477 cm³,4 em linha,4D56 VGT,"Único no cabeçote, correia dentada",95 mm,"91,1 mm",Longitudinal,Dianteiro,"12,6 kg/cv","61,8 kg/kgfm","60,6 cv/litro",150 cv a 4000 rpm,21:1,,,,"12,4 kgfm/litro","30,6 kgfm a 2000 rpm",,2,Embreagem monodisco a seco,Manual,,5,Integral temporária,1700 mm,1465 mm,1480 mm,4720 mm,2725 mm,1780 mm,1890 kg,500 litros,74 litros,166 mm,Disco ventilado,Disco sólido,,,,,Hidráulica,,"11,8 m","Independente, braços sobrepostos",Mola helicoidal,Eixo rígido,,,,,,,,,620 kg,29 graus,33 graus,29 graus,220 mm,,,2270 kg,680 kg,,,,,,,,,255/65 R17,,,,,,,,,,888 km,666 km,12 km/l,9 km/l,35 graus,,,,,,,,,,,,,,,,,,
mitsubishi,Pajero Sport,pajero-sport,pajero-sport-hpe-2-5-turbo-4x4-at-2011,pajero-sport-hpe-2-5-turbo-4x4-at-2011,https://www.fichacompleta.com.br/carros/mitsubishi/pajero-sport-hpe-2-5-turbo-4x4-at-2011,2026-06-15T19:45:26.177183,Mitsubishi Pajero Sport HPE 2.5 Turbo 4x4 AT 2011,"14,5 s",160 km/h,,Injeção indireta,Turbocompressor,2477 cm³,4 em linha,4D56 VGT,"Único no cabeçote, correia dentada",95 mm,"91,1 mm",Longitudinal,Dianteiro,"12,6 kg/cv","61,6 kg/kgfm","60,6 cv/litro",150 cv a 4000 rpm,21:1,,,,"12,4 kgfm/litro","30,6 kgfm a 2000 rpm",,2,Conversor de torque,Automático,,4,Integral temporária,1700 mm,1465 mm,1480 mm,4720 mm,2725 mm,1780 mm,1885 kg,500 litros,74 litros,166 mm,Disco ventilado,Disco sólido,,,,,Hidráulica,,"11,8 m","Independente, braços sobrepostos",Mola helicoidal,Eixo rígido,,,,,,,,,625 kg,29 graus,33 graus,29 graus,220 mm,,,2270 kg,680 kg,,,,,,,,,255/65 R17,,,,,,,,,,888 km,666 km,12 km/l,9 km/l,35 graus,,,,,,,,,,,,,,,,,,
mitsubishi,Pajero Sport,pajero-sport,pajero-sport-hpe-3-5-v6-at-2011,pajero-sport-hpe-3-5-v6-at-2011,https://www.fichacompleta.com.br/carros/mitsubishi/pajero-sport-hpe-3-5-v6-at-2011,2026-06-15T19:45:28.824136,Mitsubishi Pajero Sport HPE 3.5 V6 AT 2011,12 s,175 km/h,,Injeção multiponto,Natural,3497 cm³,6 em V,6G74,Único no cabeçote,"85,8 mm",93 mm,Longitudinal,Dianteiro,"9,2 kg/cv","56,3 kg/kgfm","58,6 cv/litro",205 cv (A) 200 cv (G) a 5000 rpm,9:1,,,,"9,6 kgfm/litro","33,5 kgfm (A) 31,5 kgfm (G) a 3500 rpm",,4,Conversor de torque,Automático,,4,Integral temporária,1700 mm,1465 mm,1480 mm,4720 mm,2725 mm,1780 mm,1885 kg,980 litros,90 litros,166 mm,Disco ventilado,Disco sólido,,,,,Hidráulica,,"11,8 m","Independente, braços sobrepostos",Mola helicoidal,Eixo rígido,630 km,522 km,7 km/l,"5,8 km/l",,,,,625 kg,29 graus,33 graus,29 graus,220 mm,,V4A5A,2270 kg,680 kg,,,378 km,288 km,"4,2 km/l","3,2 km/l",,,255/65 R17,,,,,,,,,,,,,,35 graus,,,,,,,,,,,,,,,,,,
mitsubishi,Pajero Sport,pajero-sport,pajero-sport-hpe-2-4-turbo-2018,pajero-sport-hpe-2-4-turbo-2018,https://www.fichacompleta.com.br/carros/mitsubishi/pajero-sport-hpe-2-4-turbo-2018,2026-06-15T19:45:31.895846,Mitsubishi Pajero Sport HPE 2.4 Turbo 2018,"10,5 s",180 km/h,,Injeção direta,Turbocompressor,2442 cm³,4 em linha,4N15,"Duplo no cabeçote, corrente","105,1 mm",86 mm,Longitudinal,Dianteiro,"11,0 kg/cv","47,7 kg/kgfm","77,8 cv/litro",190 cv a 3500 rpm,"15,5:1",,,,"18,0 kgfm/litro","43,9 kgfm a 2500 rpm",,4,Conversor de torque,Automático,,8,Integral permanente,1805 mm,1520 mm,1515 mm,4785 mm,2800 mm,1815 mm,2095 kg,,68 litros,159 mm,Disco ventilado,Disco ventilado,,,,,Hidráulica,,"11,2 m","Independente, braços sobrepostos",Mola helicoidal,Eixo rígido,,,,,,,,,615 kg,"23,1 graus",30 graus,"24,2 graus",218 mm,Admissão e escape,Aisin TL-80NF,,580 kg,,,,,,,,,265/60 R18,,,,,,,502 litros,120 litros,,796 km,605 km,"11,7 km/l","8,9 km/l",45 graus,700 mm,45 graus,,,,,,,,,,,,,,,,
mitsubishi,Pajero Sport,pajero-sport,pajero-sport-hpe-2-4-turbo-2019,pajero-sport-hpe-2-4-turbo-2019,https://www.fichacompleta.com.br/carros/mitsubishi/pajero-sport-hpe-2-4-turbo-2019,2026-06-15T19:45:36.029228,Mitsubishi Pajero Sport HPE 2.4 Turbo 2019,"10,5 s",180 km/h,Corrente,Injeção direta,Turbocompressor,2442 cm³,4 em linha,4N15,Duplo no cabeçote,"105,1 mm",86 mm,Longitudinal,Dianteiro,"11,0 kg/cv","47,7 kg/kgfm","77,8 cv/litro",190 cv,"15,5:1",,,,"18,0 kgfm/litro","43,9 kgfm",,4,Conversor de torque,Automático,8,,Integral permanente,1805 mm,1520 mm,1515 mm,4785 mm,2800 mm,1815 mm,2095 kg,,68 litros,159 mm,Disco ventilado,Disco ventilado,,,,,Hidráulica,"11,2 m",,"Indep., braços sobrepostos",Mola helicoidal,Eixo rígido,,,,,3500 rpm,2500 rpm,,,615 kg,"23,1 graus",30 graus,"24,2 graus",218 mm,Admissão e escape,Aisin TL-80NF,,580 kg,,,,,,,,,265/60 R18,,,,,502 litros,120 litros,,,,796 km,605 km,"11,7 km/l","8,9 km/l",45 graus,700 mm,,45 graus,,,,,,,,,,,,,,,
mitsubishi,Pajero Sport,pajero-sport,pajero-sport-hpe-2-4-turbo-2020,pajero-sport-hpe-2-4-turbo-2020,https://www.fichacompleta.com.br/carros/mitsubishi/pajero-sport-hpe-2-4-turbo-2020,2026-06-15T19:45:38.603494,Mitsubishi Pajero Sport HPE 2.4 Turbo 2020,"10,5 s",180 km/h,Corrente,Injeção direta,Turbocompressor,2442 cm³,4 em linha,4N15,Duplo no cabeçote,"105,1 mm",86 mm,Longitudinal,Dianteiro,"11,0 kg/cv","47,7 kg/kgfm","77,8 cv/litro",190 cv,"15,5:1",,,,"18,0 kgfm/litro","43,9 kgfm",,4,Conversor de torque,Automático,8,,Integral permanente,1805 mm,1520 mm,1515 mm,4785 mm,2800 mm,1815 mm,2095 kg,,68 litros,159 mm,Disco ventilado,Disco ventilado,,,,,Hidráulica,"11,2 m",,"Indep., braços sobrepostos",Mola helicoidal,Eixo rígido,,,,,3500 rpm,2500 rpm,,,615 kg,"23,1 graus",30 graus,"24,2 graus",218 mm,Admissão e escape,Aisin TL-80NF,,580 kg,,,,,,,,,265/60 R18,,,,,502 litros,120 litros,,,,796 km,605 km,"11,7 km/l","8,9 km/l",45 graus,700 mm,,45 graus,,,,,,,,,,,,,,,
mitsubishi,Pajero Sport,pajero-sport,pajero-sport-hpe-2-4-turbo-2021,pajero-sport-hpe-2-4-turbo-2021,https://www.fichacompleta.com.br/carros/mitsubishi/pajero-sport-hpe-2-4-turbo-2021,2026-06-15T19:45:42.625358,Mitsubishi Pajero Sport HPE 2.4 Turbo 2021,"12,3 s",180 km/h,Corrente,Injeção direta,Turbocompressor,2442 cm³,4 em linha,4N15,Duplo no cabeçote,"105,1 mm",86 mm,Longitudinal,Dianteiro,"11,0 kg/cv","47,7 kg/kgfm","77,8 cv/litro",190 cv,"15,5:1",,,,"18,0 kgfm/litro","43,9 kgfm",,4,Conversor de torque,Automático,8,,Integral permanente,1805 mm,1520 mm,1515 mm,4785 mm,2800 mm,1815 mm,2095 kg,,68 litros,159 mm,Disco ventilado,Disco sólido,,,,,Hidráulica,"11,2 m",,"Indep., braços sobrepostos",Mola helicoidal,Eixo rígido,,,,,3500 rpm,2500 rpm,,,615 kg,"23,1 graus",30 graus,"24,2 graus",236 mm,Admissão e escape,Aisin TL-80NF,3100 kg,750 kg,,,,,,,,,265/60 R18,,,,,502 litros,120 litros,,,,796 km,605 km,"11,7 km/l","8,9 km/l",45 graus,700 mm,,45 graus,,,,,,,,,,,,,,,
mitsubishi,Pajero Sport,pajero-sport,pajero-sport-hpe-s-2-4-turbo-2021,pajero-sport-hpe-s-2-4-turbo-2021,https://www.fichacompleta.com.br/carros/mitsubishi/pajero-sport-hpe-s-2-4-turbo-2021,2026-06-15T19:45:46.803278,Mitsubishi Pajero Sport HPE-S 2.4 Turbo 2021,"12,3 s",180 km/h,Corrente,Injeção direta,Turbocompressor,2442 cm³,4 em linha,4N15,Duplo no cabeçote,"105,1 mm",86 mm,Longitudinal,Dianteiro,"11,0 kg/cv","47,7 kg/kgfm","77,8 cv/litro",190 cv,"15,5:1",,,,"18,0 kgfm/litro","43,9 kgfm",,4,Conversor de torque,Automático,8,,Integral permanente,1805 mm,1520 mm,1515 mm,4785 mm,2800 mm,1815 mm,2095 kg,,68 litros,159 mm,Disco ventilado,Disco sólido,,,,,Hidráulica,"11,2 m",,"Indep., braços sobrepostos",Mola helicoidal,Eixo rígido,,,,,3500 rpm,2500 rpm,,,615 kg,"23,1 graus",30 graus,"24,2 graus",236 mm,Admissão e escape,Aisin TL-80NF,3100 kg,750 kg,,,,,,,,,265/60 R18,,,,,502 litros,120 litros,,,,796 km,605 km,"11,7 km/l","8,9 km/l",45 graus,700 mm,,45 graus,,,,,,,,,,,,,,,
mitsubishi,Pajero Sport,pajero-sport,pajero-sport-hpe-2-4-turbo-2022,pajero-sport-hpe-2-4-turbo-2022,https://www.fichacompleta.com.br/carros/mitsubishi/pajero-sport-hpe-2-4-turbo-2022,2026-06-15T19:45:49.697987,Mitsubishi Pajero Sport HPE 2.4 Turbo 2022,"12,3 s",180 km/h,Corrente,Injeção direta,Turbocompressor,2442 cm³,4 em linha,4N15,Duplo no cabeçote,"105,1 mm",86 mm,Longitudinal,Dianteiro,"11,0 kg/cv","47,7 kg/kgfm","77,8 cv/litro",190 cv,"15,5:1",,,,"18,0 kgfm/litro","43,9 kgfm",,4,Conversor de torque,Automático,8,,Integral permanente,1805 mm,1520 mm,1515 mm,4785 mm,2800 mm,1815 mm,2095 kg,,68 litros,159 mm,Disco ventilado,Disco sólido,,,,,Hidráulica,"11,2 m",,"Indep., braços sobrepostos",Mola helicoidal,Eixo rígido,,,,,3500 rpm,2500 rpm,,,615 kg,"23,1 graus",30 graus,"24,2 graus",236 mm,Admissão e escape,Aisin TL-80NF,3100 kg,750 kg,,,,,,,,,265/60 R18,,,,,502 litros,120 litros,,,,775 km,605 km,"11,4 km/l","8,9 km/l",45 graus,700 mm,,45 graus,,,,,,,,,,,,,,,
mitsubishi,Pajero Sport,pajero-sport,pajero-sport-hpe-s-2-4-turbo-2022,pajero-sport-hpe-s-2-4-turbo-2022,https://www.fichacompleta.com.br/carros/mitsubishi/pajero-sport-hpe-s-2-4-turbo-2022,2026-06-15T19:45:52.323521,Mitsubishi Pajero Sport HPE-S 2.4 Turbo 2022,"12,3 s",180 km/h,,Injeção direta,Turbocompressor,2442 cm³,4 em linha,4N15,"Duplo no cabeçote, corrente","105,1 mm",86 mm,Longitudinal,Dianteiro,"11,0 kg/cv","47,7 kg/kgfm","77,8 cv/litro",190 cv a 3500 rpm,"15,5:1",,,,"18,0 kgfm/litro","43,9 kgfm a 2500 rpm",,4,Conversor de torque,Automático,,8,Integral permanente,1805 mm,1520 mm,1515 mm,4785 mm,2800 mm,1815 mm,2095 kg,,68 litros,159 mm,Disco ventilado,Disco sólido,,,,,Hidráulica,,"11,2 m","Independente, braços sobrepostos",Mola helicoidal,Eixo rígido,,,,,,,,,615 kg,"23,1 graus",30 graus,"24,2 graus",236 mm,Admissão e escape,Aisin TL-80NF,3100 kg,750 kg,,,,,,,,,265/60 R18,,,,,,,502 litros,120 litros,,796 km,605 km,"11,7 km/l","8,9 km/l",45 graus,700 mm,45 graus,,,,,,,,,,,,,,,,
mitsubishi,Pajero Sport,pajero-sport,pajero-sport-hpe-2-4-2023,pajero-sport-hpe-2-4-2023,https://www.fichacompleta.com.br/carros/mitsubishi/pajero-sport-hpe-2-4-2023,2026-06-15T19:45:55.728196,Mitsubishi Pajero Sport HPE 2.4 2023,"12,3 s",180 km/h,Corrente,Injeção direta,Turbocompressor,,4 em linha,4N15,Duplo no cabeçote,"105,1 mm",86 mm,Longitudinal,Dianteiro,"11,03 kg/cv","47,7 kg/kgfm","77,8 cv/litro",190 cv,"15,5:1",,,,"18,0 kgfm/litro","43,9 kgfm",,4,Conversor de torque,Automático,8,,Integral permanente,1805 mm,1520 mm,1515 mm,4785 mm,2800 mm,1815 mm,2095 kg,,68 litros,159 mm,Disco ventilado,Disco sólido,,,,,Hidráulica,"11,2 m",,"Indep., braços sobrepostos",Mola helicoidal,Eixo rígido,,,,,3500 rpm,2500 rpm,,,615 kg,"23,1 graus",30 graus,"24,2 graus",236 mm,Admissão e escape,Aisin TL-80NF,3100 kg,750 kg,,,,,,,611 cm³,2442 cm³,265/60 R18,,,,,502 litros,120 litros,,,,775 km,605 km,"11,4 km/l","8,9 km/l",45 graus,700 mm,,45 graus,,,,,,,,,,,,,,,
mitsubishi,Pajero Sport,pajero-sport,pajero-sport-hpe-s-2-4-2023,pajero-sport-hpe-s-2-4-2023,https://www.fichacompleta.com.br/carros/mitsubishi/pajero-sport-hpe-s-2-4-2023,2026-06-15T19:45:58.835878,Mitsubishi Pajero Sport HPE-S 2.4 2023,"12,3 s",180 km/h,Corrente,Injeção direta,Turbocompressor,,4 em linha,4N15,Duplo no cabeçote,"105,1 mm",86 mm,Longitudinal,Dianteiro,"11,03 kg/cv","47,7 kg/kgfm","77,8 cv/litro",190 cv,"15,5:1",,,,"18,0 kgfm/litro","43,9 kgfm",,4,Conversor de torque,Automático,8,,Integral permanente,1805 mm,1520 mm,1515 mm,4785 mm,2800 mm,1815 mm,2095 kg,,68 litros,159 mm,Disco ventilado,Disco sólido,,,,,Hidráulica,"11,2 m",,"Indep., braços sobrepostos",Mola helicoidal,Eixo rígido,,,,,3500 rpm,2500 rpm,,,615 kg,"23,1 graus",30 graus,"24,2 graus",236 mm,Admissão e escape,Aisin TL-80NF,3100 kg,750 kg,,,,,,,611 cm³,2442 cm³,265/60 R18,,,,,502 litros,120 litros,,,,775 km,605 km,"11,4 km/l","8,9 km/l",45 graus,700 mm,,45 graus,,,,,,,,,,,,,,,
mitsubishi,Pajero Sport,pajero-sport,pajero-sport-hpe-2-4-2024,pajero-sport-hpe-2-4-2024,https://www.fichacompleta.com.br/carros/mitsubishi/pajero-sport-hpe-2-4-2024,2026-06-15T19:46:02.516356,Mitsubishi Pajero Sport HPE 2.4 2024,"12,3 s",180 km/h,Corrente,Injeção direta,Turbocompressor,,4 em linha,4N15,Duplo no cabeçote,"105,1 mm",86 mm,Longitudinal,Dianteiro,"11,03 kg/cv","47,7 kg/kgfm","77,8 cv/litro",190 cv,"15,5:1",,,,"18,0 kgfm/litro","43,9 kgfm",,4,Conversor de torque,Automático,8,,Integral permanente,1805 mm,1520 mm,1515 mm,4785 mm,2800 mm,1815 mm,2095 kg,,68 litros,159 mm,Disco ventilado,Disco sólido,,,,,Hidráulica,"11,2 m",,"Indep., braços sobrepostos",Mola helicoidal,Eixo rígido,,,,,3500 rpm,2500 rpm,,,615 kg,"23,1 graus",30 graus,"24,2 graus",236 mm,Admissão e escape,Aisin TL-80NF,3100 kg,750 kg,,,,,,,611 cm³,2442 cm³,265/60 R18,,,,,502 litros,120 litros,,,,775 km,605 km,"11,4 km/l","8,9 km/l",45 graus,700 mm,,45 graus,,,,,,,,,,,,,,,
mitsubishi,Pajero Sport,pajero-sport,pajero-sport-hpe-s-2-4-2024,pajero-sport-hpe-s-2-4-2024,https://www.fichacompleta.com.br/carros/mitsubishi/pajero-sport-hpe-s-2-4-2024,2026-06-15T19:46:06.155187,Mitsubishi Pajero Sport HPE-S 2.4 2024,"12,3 s",180 km/h,Corrente,Injeção direta,Turbocompressor,,4 em linha,4N15,Duplo no cabeçote,"105,1 mm",86 mm,Longitudinal,Dianteiro,"11,03 kg/cv","47,7 kg/kgfm","77,8 cv/litro",190 cv,"15,5:1",,,,"18,0 kgfm/litro","43,9 kgfm",,4,Conversor de torque,Automático,8,,Integral permanente,1805 mm,1520 mm,1515 mm,4785 mm,2800 mm,1815 mm,2095 kg,,68 litros,159 mm,Disco ventilado,Disco sólido,,,,,Hidráulica,"11,2 m",,"Indep., braços sobrepostos",Mola helicoidal,Eixo rígido,,,,,3500 rpm,2500 rpm,,,615 kg,"23,1 graus",30 graus,"24,2 graus",236 mm,Admissão e escape,Aisin TL-80NF,3100 kg,750 kg,,,,,,,611 cm³,2442 cm³,265/60 R18,,,,,502 litros,120 litros,,,,775 km,605 km,"11,4 km/l","8,9 km/l",45 graus,700 mm,,45 graus,,,,,,,,,,,,,,,
mitsubishi,Pajero Sport,pajero-sport,pajero-sport-legend-2-4-2024,pajero-sport-legend-2-4-2024,https://www.fichacompleta.com.br/carros/mitsubishi/pajero-sport-legend-2-4-2024,2026-06-15T19:46:09.273836,Mitsubishi Pajero Sport Legend 2.4 2024,"12,3 s",180 km/h,Corrente,Injeção direta,Turbocompressor,,4 em linha,4N15,Duplo no cabeçote,"105,1 mm",86 mm,Longitudinal,Dianteiro,"11,03 kg/cv","47,7 kg/kgfm","77,8 cv/litro",190 cv,"15,5:1",,,,"18,0 kgfm/litro","43,9 kgfm",,4,Conversor de torque,Automático,8,,Integral permanente,1805 mm,1520 mm,1515 mm,4785 mm,2800 mm,1815 mm,2095 kg,,68 litros,133 mm,Disco ventilado,Disco sólido,,,,,Hidráulica,"11,2 m",,"Indep., braços sobrepostos",Mola helicoidal,Eixo rígido,,,,,3500 rpm,2500 rpm,,,615 kg,"23,1 graus",30 graus,"24,2 graus",236 mm,Admissão e escape,Aisin TL-80NF,3100 kg,750 kg,,,,,,,611 cm³,2442 cm³,265/50 R20,,,,,502 litros,120 litros,,,,775 km,605 km,"11,4 km/l","8,9 km/l",45 graus,700 mm,,45 graus,,,,,,,,,,,,,,,
mitsubishi,Pajero Sport,pajero-sport,pajero-sport-legend-black-2-4-2024,pajero-sport-legend-black-2-4-2024,https://www.fichacompleta.com.br/carros/mitsubishi/pajero-sport-legend-black-2-4-2024,2026-06-15T19:46:11.864173,Mitsubishi Pajero Sport Legend Black 2.4 2024,"12,3 s",180 km/h,Corrente,Injeção direta,Turbocompressor,,4 em linha,4N15,Duplo no cabeçote,"105,1 mm",86 mm,Longitudinal,Dianteiro,"11,11 kg/cv","48,1 kg/kgfm","77,8 cv/litro",190 cv,"15,5:1",,,,"18,0 kgfm/litro","43,9 kgfm",,4,Conversor de torque,Automático,8,,Integral permanente,1805 mm,1520 mm,1515 mm,4785 mm,2800 mm,1815 mm,2110 kg,,68 litros,133 mm,Disco ventilado,Disco sólido,,,,,Hidráulica,"11,2 m",,"Indep., braços sobrepostos",Mola helicoidal,Eixo rígido,,,,,3500 rpm,2500 rpm,,,650 kg,"23,1 graus",30 graus,"24,2 graus",236 mm,Admissão e escape,Aisin TL-80NF,3100 kg,750 kg,,,,,,,611 cm³,2442 cm³,265/50 R20,,,,,502 litros,120 litros,,,,775 km,605 km,"11,4 km/l","8,9 km/l",45 graus,700 mm,,45 graus,,,,,,,,,,,,,,,
mitsubishi,Pajero Sport,pajero-sport,pajero-sport-hpe-2-4-2025,pajero-sport-hpe-2-4-2025,https://www.fichacompleta.com.br/carros/mitsubishi/pajero-sport-hpe-2-4-2025,2026-06-15T19:46:14.525728,Mitsubishi Pajero Sport HPE 2.4 2025,"12,3 s",180 km/h,Corrente,Injeção direta,Turbocompressor,,4 em linha,4N15,Duplo no cabeçote,"105,1 mm",86 mm,Longitudinal,Dianteiro,"11,11 kg/cv","48,1 kg/kgfm","77,8 cv/litro",190 cv,"15,5:1",,,,"18,0 kgfm/litro","43,9 kgfm",,4,Conversor de torque,Automático,8,,Integral permanente,1805 mm,1520 mm,1515 mm,4785 mm,2800 mm,1815 mm,2110 kg,,68 litros,159 mm,Disco ventilado,Disco sólido,,,,,Hidráulica,"11,2 m",,"Indep., braços sobrepostos",Mola helicoidal,Eixo rígido,,,,,3500 rpm,2500 rpm,,,650 kg,"23,1 graus",30 graus,"24,2 graus",236 mm,Admissão e escape,Aisin TL-80NF,3100 kg,750 kg,,,,,,,611 cm³,2442 cm³,265/60 R18,,,,,502 litros,120 litros,,,,775 km,605 km,"11,4 km/l","8,9 km/l",45 graus,700 mm,,45 graus,,,,,,,,,,,,,,,
mitsubishi,Pajero Sport,pajero-sport,pajero-sport-hpe-s-2-4-2025,pajero-sport-hpe-s-2-4-2025,https://www.fichacompleta.com.br/carros/mitsubishi/pajero-sport-hpe-s-2-4-2025,2026-06-15T19:46:17.226883,Mitsubishi Pajero Sport HPE-S 2.4 2025,"12,3 s",180 km/h,Corrente,Injeção direta,Turbocompressor,,4 em linha,4N15,Duplo no cabeçote,"105,1 mm",86 mm,Longitudinal,Dianteiro,"11,11 kg/cv","48,1 kg/kgfm","77,8 cv/litro",190 cv,"15,5:1",,,,"18,0 kgfm/litro","43,9 kgfm",,4,Conversor de torque,Automático,8,,Integral permanente,1805 mm,1520 mm,1515 mm,4785 mm,2800 mm,1815 mm,2110 kg,,68 litros,159 mm,Disco ventilado,Disco sólido,,,,,Hidráulica,"11,2 m",,"Indep., braços sobrepostos",Mola helicoidal,Eixo rígido,,,,,3500 rpm,2500 rpm,,,650 kg,"23,1 graus",30 graus,"24,2 graus",236 mm,Admissão e escape,Aisin TL-80NF,3100 kg,750 kg,,,,,,,611 cm³,2442 cm³,265/60 R18,,,,,502 litros,120 litros,,,,775 km,605 km,"11,4 km/l","8,9 km/l",45 graus,700 mm,,45 graus,,,,,,,,,,,,,,,
mitsubishi,Pajero Sport,pajero-sport,pajero-sport-legend-2-4-2025,pajero-sport-legend-2-4-2025,https://www.fichacompleta.com.br/carros/mitsubishi/pajero-sport-legend-2-4-2025,2026-06-15T19:46:21.781542,Mitsubishi Pajero Sport Legend 2.4 2025,"12,3 s",180 km/h,Corrente,Injeção direta,Turbocompressor,,4 em linha,4N15,Duplo no cabeçote,"105,1 mm",86 mm,Longitudinal,Dianteiro,"11,11 kg/cv","48,1 kg/kgfm","77,8 cv/litro",190 cv,"15,5:1",,,,"18,0 kgfm/litro","43,9 kgfm",,4,Conversor de torque,Automático,8,,Integral permanente,1805 mm,1520 mm,1515 mm,4785 mm,2800 mm,1815 mm,2110 kg,,68 litros,133 mm,Disco ventilado,Disco sólido,,,,,Hidráulica,"11,2 m",,"Indep., braços sobrepostos",Mola helicoidal,Eixo rígido,,,,,3500 rpm,2500 rpm,,,650 kg,"23,1 graus",30 graus,"24,2 graus",236 mm,Admissão e escape,Aisin TL-80NF,3100 kg,750 kg,,,,,,,611 cm³,2442 cm³,265/50 R20,,,,,502 litros,120 litros,,,,775 km,605 km,"11,4 km/l","8,9 km/l",45 graus,700 mm,,45 graus,,,,,,,,,,,,,,,
mitsubishi,Pajero Sport,pajero-sport,pajero-sport-legend-black-2-4-2025,pajero-sport-legend-black-2-4-2025,https://www.fichacompleta.com.br/carros/mitsubishi/pajero-sport-legend-black-2-4-2025,2026-06-15T19:46:24.769481,Mitsubishi Pajero Sport Legend Black 2.4 2025,"12,3 s",180 km/h,Corrente,Injeção direta,Turbocompressor,,4 em linha,4N15,Duplo no cabeçote,"105,1 mm",86 mm,Longitudinal,Dianteiro,"11,11 kg/cv","48,1 kg/kgfm","77,8 cv/litro",190 cv,"15,5:1",,,,"18,0 kgfm/litro","43,9 kgfm",,4,Conversor de torque,Automático,8,,Integral permanente,1805 mm,1520 mm,1515 mm,4785 mm,2800 mm,1815 mm,2110 kg,,68 litros,133 mm,Disco ventilado,Disco sólido,,,,,Hidráulica,"11,2 m",,"Indep., braços sobrepostos",Mola helicoidal,Eixo rígido,,,,,3500 rpm,2500 rpm,,,650 kg,"23,1 graus",30 graus,"24,2 graus",236 mm,Admissão e escape,Aisin TL-80NF,3100 kg,750 kg,,,,,,,611 cm³,2442 cm³,265/50 R20,,,,,502 litros,120 litros,,,,775 km,605 km,"11,4 km/l","8,9 km/l",45 graus,700 mm,,45 graus,,,,,,,,,,,,,,,
mitsubishi,Pajero Tr4,pajero-tr4,pajero-tr4-2-0-4x4-2003,pajero-tr4-2-0-4x4-2003,https://www.fichacompleta.com.br/carros/mitsubishi/pajero-tr4-2-0-4x4-2003,2026-06-15T19:46:41.918649,Mitsubishi Pajero Tr4 2.0 4x4 2003,"13,5 s",164 km/h,,Injeção multiponto,Natural,1999 cm³,4 em linha,4G94,Único no cabeçote,"95,8 mm","81,5 mm",Longitudinal,Dianteiro,"10,3 kg/cv","74,7 kg/kgfm","65,5 cv/litro",131 cv,"9,5:1",6000 rpm,5500 rpm,4500 rpm,"9,0 kgfm/litro",18 kgfm,,4,Embreagem monodisco a seco,Manual,5,5,Integral permanente,1720 mm,,,4030 mm,2450 mm,1680 mm,1345 kg,312 litros,53 litros,158 mm,Disco ventilado,Tambor,,,,,Hidráulica,"10,4 m","10,4 m","Indep., McPherson",Mola helicoidal,Eixo rígido,504 km,360 km,"9,5 km/l","6,8 km/l",,,,,465 kg,22 graus,38 graus,41 graus,215 mm,,V5M21,1500 kg,500 kg,,,,,,,,,225/70 R16,,,,,,,,,,,,,,35 graus,500 mm,,,,,,,,,,,,,,,,,
mitsubishi,Pajero Tr4,pajero-tr4,pajero-tr4-2-0-4x4-at-2003,pajero-tr4-2-0-4x4-at-2003,https://www.fichacompleta.com.br/carros/mitsubishi/pajero-tr4-2-0-4x4-at-2003,2026-06-15T19:46:45.619567,Mitsubishi Pajero Tr4 2.0 4x4 AT 2003,15 s,164 km/h,,Injeção multiponto,Natural,1999 cm³,4 em linha,4G94,Único no cabeçote,"95,8 mm","81,5 mm",Longitudinal,Dianteiro,"10,5 kg/cv","76,4 kg/kgfm","65,5 cv/litro",131 cv,"9,5:1",6000 rpm,,,"9,0 kgfm/litro",18 kgfm,,4,Conversor de torque,Automático,4,,Integral permanente,1720 mm,,,4030 mm,2450 mm,1680 mm,1375 kg,312 litros,53 litros,158 mm,Disco ventilado,Tambor,,,,,Hidráulica,"10,4 m",,"Indep., McPherson",Mola helicoidal,Eixo rígido,477 km,345 km,9 km/l,"6,5 km/l",5500 rpm,4500 rpm,,,435 kg,22 graus,38 graus,41 graus,215 mm,,V5M21,1500 kg,500 kg,,,,,,,,,225/70 R16,,,,,,,,,,,,,,35 graus,500 mm,,,,,,,,,,,,,,,,,
mitsubishi,Pajero Tr4,pajero-tr4,pajero-tr4-2-0-4x4-2004,pajero-tr4-2-0-4x4-2004,https://www.fichacompleta.com.br/carros/mitsubishi/pajero-tr4-2-0-4x4-2004,2026-06-15T19:46:50.027746,Mitsubishi Pajero Tr4 2.0 4x4 2004,"13,5 s",164 km/h,,Injeção multiponto,Natural,1999 cm³,4 em linha,4G94,Único no cabeçote,"95,8 mm","81,5 mm",Longitudinal,Dianteiro,"10,3 kg/cv","74,7 kg/kgfm","65,5 cv/litro",131 cv,"9,5:1",6000 rpm,,,"9,0 kgfm/litro",18 kgfm,,4,Embreagem monodisco a seco,Manual,5,,Integral permanente,1720 mm,,,4030 mm,2450 mm,1680 mm,1345 kg,312 litros,53 litros,158 mm,Disco ventilado,Tambor,,,,,Hidráulica,"10,4 m",,"Indep., McPherson",Mola helicoidal,Eixo rígido,504 km,360 km,"9,5 km/l","6,8 km/l",5500 rpm,4500 rpm,,,465 kg,22 graus,38 graus,41 graus,215 mm,,V5M21,1500 kg,500 kg,,,,,,,,,225/70 R16,,,,,,,,,,,,,,35 graus,500 mm,,,,,,,,,,,,,,,,,
mitsubishi,Pajero Tr4,pajero-tr4,pajero-tr4-2-0-4x4-at-2004,pajero-tr4-2-0-4x4-at-2004,https://www.fichacompleta.com.br/carros/mitsubishi/pajero-tr4-2-0-4x4-at-2004,2026-06-15T19:46:53.693833,Mitsubishi Pajero Tr4 2.0 4x4 AT 2004,15 s,164 km/h,,Injeção multiponto,Natural,1999 cm³,4 em linha,4G94,Único no cabeçote,"95,8 mm","81,5 mm",Longitudinal,Dianteiro,"10,5 kg/cv","76,4 kg/kgfm","65,5 cv/litro",131 cv,"9,5:1",6000 rpm,,,"9,0 kgfm/litro",18 kgfm,,4,Conversor de torque,Automático,4,,Integral permanente,1720 mm,,,4030 mm,2450 mm,1680 mm,1375 kg,312 litros,53 litros,158 mm,Disco ventilado,Tambor,,,,,Hidráulica,"10,4 m",,"Indep., McPherson",Mola helicoidal,Eixo rígido,477 km,345 km,9 km/l,"6,5 km/l",5500 rpm,4500 rpm,,,435 kg,22 graus,38 graus,41 graus,215 mm,,V5M21,1500 kg,500 kg,,,,,,,,,225/70 R16,,,,,,,,,,,,,,35 graus,500 mm,,,,,,,,,,,,,,,,,
mitsubishi,Pajero Tr4,pajero-tr4,pajero-tr4-2-0-4x4-2005,pajero-tr4-2-0-4x4-2005,https://www.fichacompleta.com.br/carros/mitsubishi/pajero-tr4-2-0-4x4-2005,2026-06-15T19:46:56.355520,Mitsubishi Pajero Tr4 2.0 4x4 2005,"13,5 s",164 km/h,,Injeção multiponto,Natural,1999 cm³,4 em linha,4G94,Único no cabeçote,"95,8 mm","81,5 mm",Longitudinal,Dianteiro,"10,3 kg/cv","74,7 kg/kgfm","65,5 cv/litro",131 cv a 5500 rpm,"9,5:1",6000 rpm,,,"9,0 kgfm/litro",18 kgfm a 4500 rpm,,4,Embreagem monodisco a seco,Manual,,5,Integral permanente,1720 mm,,,4030 mm,2450 mm,1680 mm,1345 kg,312 litros,53 litros,158 mm,Disco ventilado,Tambor,,,,,Hidráulica,,"10,4 m","Independente, McPherson",Mola helicoidal,Eixo rígido,504 km,360 km,"9,5 km/l","6,8 km/l",,,,,465 kg,22 graus,38 graus,41 graus,215 mm,,V5M21,1500 kg,500 kg,,,,,,,,,225/70 R16,,,,,,,,,,,,,,35 graus,500 mm,,,,,,,,,,,,,,,,,
mitsubishi,Pajero Tr4,pajero-tr4,pajero-tr4-2-0-4x4-at-2005,pajero-tr4-2-0-4x4-at-2005,https://www.fichacompleta.com.br/carros/mitsubishi/pajero-tr4-2-0-4x4-at-2005,2026-06-15T19:46:58.859017,Mitsubishi Pajero Tr4 2.0 4x4 AT 2005,15 s,164 km/h,,Injeção multiponto,Natural,1999 cm³,4 em linha,4G94,Único no cabeçote,"95,8 mm","81,5 mm",Longitudinal,Dianteiro,"10,5 kg/cv","76,4 kg/kgfm","65,5 cv/litro",131 cv,"9,5:1",6000 rpm,,,"9,0 kgfm/litro",18 kgfm,,4,Conversor de torque,Automático,4,,Integral permanente,1720 mm,,,4030 mm,2450 mm,1680 mm,1375 kg,312 litros,53 litros,158 mm,Disco ventilado,Tambor,,,,,Hidráulica,"10,4 m",,"Indep., McPherson",Mola helicoidal,Eixo rígido,477 km,345 km,9 km/l,"6,5 km/l",5500 rpm,4500 rpm,,,435 kg,22 graus,38 graus,41 graus,215 mm,,V5M21,1500 kg,500 kg,,,,,,,,,225/70 R16,,,,,,,,,,,,,,35 graus,500 mm,,,,,,,,,,,,,,,,,
mitsubishi,Pajero Tr4,pajero-tr4,pajero-tr4-2-0-4x4-2006,pajero-tr4-2-0-4x4-2006,https://www.fichacompleta.com.br/carros/mitsubishi/pajero-tr4-2-0-4x4-2006,2026-06-15T19:47:03.225831,Mitsubishi Pajero Tr4 2.0 4x4 2006,"13,5 s",164 km/h,,Injeção multiponto,Natural,1999 cm³,4 em linha,4G94,Único no cabeçote,"95,8 mm","81,5 mm",Longitudinal,Dianteiro,"10,3 kg/cv","74,7 kg/kgfm","65,5 cv/litro",,"9,5:1",6000 rpm,5500 rpm,4500 rpm,"9,0 kgfm/litro",,,4,Embreagem monodisco a seco,Manual,5,,Integral permanente,1720 mm,,,4030 mm,2450 mm,1680 mm,1345 kg,312 litros,53 litros,158 mm,Disco ventilado,Tambor,,,,,Hidráulica,"10,4 m",,"Indep., McPherson",Mola helicoidal,Eixo rígido,504 km,360 km,"9,5 km/l","6,8 km/l",,,131 cv,18 kgfm,465 kg,22 graus,38 graus,41 graus,215 mm,,V5M21,1500 kg,500 kg,,,,,,,,,225/70 R16,,,,,,,,,,,,,,35 graus,500 mm,,,,,,,,,,,,,,,,,
mitsubishi,Pajero Tr4,pajero-tr4,pajero-tr4-2-0-4x4-at-2006,pajero-tr4-2-0-4x4-at-2006,https://www.fichacompleta.com.br/carros/mitsubishi/pajero-tr4-2-0-4x4-at-2006,2026-06-15T19:47:06.760594,Mitsubishi Pajero Tr4 2.0 4x4 AT 2006,15 s,164 km/h,,Injeção multiponto,Natural,1999 cm³,4 em linha,4G94,Único no cabeçote,"95,8 mm","81,5 mm",Longitudinal,Dianteiro,"10,5 kg/cv","76,4 kg/kgfm","65,5 cv/litro",131 cv,"9,5:1",6000 rpm,,,"9,0 kgfm/litro",18 kgfm,,4,Conversor de torque,Automático,4,,Integral permanente,1720 mm,,,4030 mm,2450 mm,1680 mm,1375 kg,312 litros,53 litros,158 mm,Disco ventilado,Tambor,,,,,Hidráulica,"10,4 m",,"Indep., McPherson",Mola helicoidal,Eixo rígido,477 km,345 km,9 km/l,"6,5 km/l",5500 rpm,4500 rpm,,,435 kg,22 graus,38 graus,41 graus,215 mm,,V5M21,1500 kg,500 kg,,,,,,,,,225/70 R16,,,,,,,,,,,,,,35 graus,500 mm,,,,,,,,,,,,,,,,,
mitsubishi,Pajero Tr4,pajero-tr4,pajero-tr4-2-0-4x4-2007,pajero-tr4-2-0-4x4-2007,https://www.fichacompleta.com.br/carros/mitsubishi/pajero-tr4-2-0-4x4-2007,2026-06-15T19:47:10.719756,Mitsubishi Pajero Tr4 2.0 4x4 2007,"13,5 s",164 km/h,,Injeção multiponto,Natural,1999 cm³,4 em linha,4G94,Único no cabeçote,,,Longitudinal,Dianteiro,"10,3 kg/cv","74,7 kg/kgfm","65,5 cv/litro",131 cv a 5500 rpm,"9,5:1",6000 rpm,,,"9,0 kgfm/litro",18 kgfm a 4500 rpm,,4,Embreagem monodisco a seco,Manual,,5,Integral permanente,1720 mm,,,4030 mm,2450 mm,1680 mm,1345 kg,312 litros,53 litros,158 mm,Disco ventilado,Tambor,,,,,Hidráulica,,"10,4 m","Independente, McPherson",Mola helicoidal,Eixo rígido,504 km,360 km,"9,5 km/l","6,8 km/l",,,,,465 kg,22 graus,38 graus,41 graus,215 mm,,V5M21,1500 kg,500 kg,"95,8 mm","81,5 mm",,,,,,,225/70 R16,,,,,,,,,,,,,,35 graus,500 mm,,,,,,,,,,,,,,,,,
mitsubishi,Pajero Tr4,pajero-tr4,pajero-tr4-2-0-4x4-at-2007,pajero-tr4-2-0-4x4-at-2007,https://www.fichacompleta.com.br/carros/mitsubishi/pajero-tr4-2-0-4x4-at-2007,2026-06-15T19:47:14.901336,Mitsubishi Pajero Tr4 2.0 4x4 AT 2007,15 s,164 km/h,,Injeção multiponto,Natural,1999 cm³,4 em linha,4G94,Único no cabeçote,"95,8 mm","81,5 mm",Longitudinal,Dianteiro,"10,5 kg/cv","76,4 kg/kgfm","65,5 cv/litro",131 cv,"9,5:1",6000 rpm,,,"9,0 kgfm/litro",18 kgfm,,4,Conversor de torque,Automático,4,,Integral permanente,1720 mm,,,4030 mm,2450 mm,1680 mm,1375 kg,312 litros,53 litros,158 mm,Disco ventilado,Tambor,,,,,Hidráulica,"10,4 m",,"Indep., McPherson",Mola helicoidal,Eixo rígido,477 km,345 km,9 km/l,"6,5 km/l",5500 rpm,4500 rpm,,,435 kg,22 graus,38 graus,41 graus,215 mm,,V5M21,1500 kg,500 kg,,,,,,,,,225/70 R16,,,,,,,,,,,,,,35 graus,500 mm,,,,,,,,,,,,,,,,,
mitsubishi,Pajero Tr4,pajero-tr4,pajero-tr4-2-0-4x4-2008,pajero-tr4-2-0-4x4-2008,https://www.fichacompleta.com.br/carros/mitsubishi/pajero-tr4-2-0-4x4-2008,2026-06-15T19:47:18.506033,Mitsubishi Pajero Tr4 2.0 4x4 2008,13 s,167 km/h,,Injeção multiponto,Natural,1999 cm³,4 em linha,4G94,Único no cabeçote,"95,8 mm","81,5 mm",Longitudinal,Dianteiro,"10,1 kg/cv","70,8 kg/kgfm","66,5 cv/litro",133 cv (A) 131 cv (G) a 5500 rpm,"9,5:1",6000 rpm,5500 rpm,4500 rpm,"9,5 kgfm/litro",19 kgfm (A) 18 kgfm (G) a 4500 rpm,,4,Embreagem monodisco a seco,Manual,5,5,Integral permanente,1720 mm,1441 mm,1451 mm,4030 mm,2450 mm,1680 mm,1345 kg,312 litros,72 litros,158 mm,Disco ventilado,Disco sólido,,,,,Hidráulica,"10,4 m","10,4 m","Indep., McPherson",Mola helicoidal,Eixo rígido,655 km,540 km,"9,1 km/l","7,5 km/l",,,,,465 kg,21 graus,38 graus,41 graus,215 mm,,V5M21,1500 kg,500 kg,,,461 km,360 km,"6,4 km/l",5 km/l,,,225/70 R16,133 cv,131 cv,19 kgfm,18 kgfm,,,,,,,,,,35 graus,,,,,,,,,,,,,,,,,,
mitsubishi,Pajero Tr4,pajero-tr4,pajero-tr4-2-0-4x4-at-2008,pajero-tr4-2-0-4x4-at-2008,https://www.fichacompleta.com.br/carros/mitsubishi/pajero-tr4-2-0-4x4-at-2008,2026-06-15T19:47:22.186256,Mitsubishi Pajero Tr4 2.0 4x4 AT 2008,15 s,165 km/h,,Injeção multiponto,Natural,1999 cm³,4 em linha,4G94,Único no cabeçote,"95,8 mm","81,5 mm",Longitudinal,Dianteiro,"10,4 kg/cv","72,6 kg/kgfm","66,5 cv/litro",133 cv (A) 131 cv (G) a 5500 rpm,"9,5:1",6000 rpm,5500 rpm,4500 rpm,"9,5 kgfm/litro",19 kgfm (A) 18 kgfm (G) a 4500 rpm,,4,Conversor de torque,Automático,4,4,Integral permanente,1720 mm,1441 mm,1451 mm,4030 mm,2450 mm,1680 mm,1380 kg,312 litros,72 litros,158 mm,Disco ventilado,Disco sólido,,,,,Hidráulica,"10,4 m","10,4 m","Indep., McPherson",Mola helicoidal,Eixo rígido,641 km,518 km,"8,9 km/l","7,2 km/l",,,,,430 kg,21 graus,38 graus,41 graus,215 mm,,,1500 kg,500 kg,,,432 km,324 km,6 km/l,"4,5 km/l",,,225/70 R16,133 cv,131 cv,19 kgfm,18 kgfm,,,,,,,,,,35 graus,600 mm,,,,,,,,,,,,,,,,,
mitsubishi,Pajero Tr4,pajero-tr4,pajero-tr4-2-0-4x4-2009,pajero-tr4-2-0-4x4-2009,https://www.fichacompleta.com.br/carros/mitsubishi/pajero-tr4-2-0-4x4-2009,2026-06-15T19:47:26.546660,Mitsubishi Pajero Tr4 2.0 4x4 2009,13 s,167 km/h,,Injeção multiponto,Natural,1999 cm³,4 em linha,4G94,Único no cabeçote,"95,8 mm","81,5 mm",Longitudinal,Dianteiro,"10,1 kg/cv","70,8 kg/kgfm","66,5 cv/litro",133 cv (A) 131 cv (G) a 5500 rpm,"9,5:1",6000 rpm,,,"9,5 kgfm/litro",19 kgfm (A) 18 kgfm (G) a 4500 rpm,,4,Embreagem monodisco a seco,Manual,,5,Integral permanente,1720 mm,1441 mm,1451 mm,4030 mm,2450 mm,1680 mm,1345 kg,312 litros,72 litros,158 mm,Disco ventilado,Disco sólido,,,,,Hidráulica,,"10,4 m","Independente, McPherson",Mola helicoidal,Eixo rígido,655 km,540 km,"9,1 km/l","7,5 km/l",,,,,465 kg,21 graus,38 graus,41 graus,215 mm,,V5M21,1500 kg,500 kg,,,461 km,360 km,"6,4 km/l",5 km/l,,,225/70 R16,,,,,,,,,,,,,,35 graus,,,,,,,,,,,,,,,,,,
mitsubishi,Pajero Tr4,pajero-tr4,pajero-tr4-2-0-4x4-at-2009,pajero-tr4-2-0-4x4-at-2009,https://www.fichacompleta.com.br/carros/mitsubishi/pajero-tr4-2-0-4x4-at-2009,2026-06-15T19:47:30.557360,Mitsubishi Pajero Tr4 2.0 4x4 AT 2009,15 s,165 km/h,,Injeção multiponto,Natural,1999 cm³,4 em linha,4G94,Único no cabeçote,"95,8 mm","81,5 mm",Longitudinal,Dianteiro,"10,4 kg/cv","72,6 kg/kgfm","66,5 cv/litro",133 cv (A) 131 cv (G) a 5500 rpm,"9,5:1",6000 rpm,,,"9,5 kgfm/litro",19 kgfm (A) 18 kgfm (G) a 4500 rpm,,4,Conversor de torque,Automático,,4,Integral permanente,1720 mm,1441 mm,1451 mm,4030 mm,2450 mm,1680 mm,1380 kg,312 litros,72 litros,158 mm,Disco ventilado,Disco sólido,,,,,Hidráulica,,"10,4 m","Independente, McPherson",Mola helicoidal,Eixo rígido,641 km,518 km,"8,9 km/l","7,2 km/l",,,,,430 kg,21 graus,38 graus,41 graus,215 mm,,,1500 kg,500 kg,,,432 km,324 km,6 km/l,"4,5 km/l",,,225/70 R16,,,,,,,,,,,,,,35 graus,600 mm,,,,,,,,,,,,,,,,,
mitsubishi,Pajero Tr4,pajero-tr4,pajero-tr4-2-0-4x4-2010,pajero-tr4-2-0-4x4-2010,https://www.fichacompleta.com.br/carros/mitsubishi/pajero-tr4-2-0-4x4-2010,2026-06-15T19:47:33.405725,Mitsubishi Pajero Tr4 2.0 4x4 2010,"13,5 s",167 km/h,,Injeção multiponto,Natural,1999 cm³,4 em linha,4G94,Único no cabeçote,"95,8 mm","81,5 mm",Longitudinal,Dianteiro,"10,3 kg/cv","65,2 kg/kgfm","70,0 cv/litro",140 cv (A) 135 cv (G) a 5500 rpm,11:1,6000 rpm,5500 rpm,4500 rpm,"11,0 kgfm/litro",22 kgfm (A) 20 kgfm (G) a 4500 rpm,,4,Embreagem monodisco a seco,Manual,5,5,Integral permanente,1714 mm,1441 mm,1451 mm,4058 mm,2450 mm,1680 mm,1435 kg,312 litros,72 litros,146 mm,Disco ventilado,Disco sólido,,,,,Hidráulica,"10,4 m","10,4 m","Indep., McPherson",Mola helicoidal,Eixo rígido,655 km,540 km,"9,1 km/l","7,5 km/l",,,,,375 kg,30 graus,35 graus,35 graus,215 mm,,V5M21,1500 kg,500 kg,,,461 km,360 km,"6,4 km/l",5 km/l,,,225/65 R17,140 cv,135 cv,22 kgfm,20 kgfm,,,,,,,,,,35 graus,600 mm,,,,,,,,,,,,,,,,,
mitsubishi,Pajero Tr4,pajero-tr4,pajero-tr4-2-0-4x4-at-2010,pajero-tr4-2-0-4x4-at-2010,https://www.fichacompleta.com.br/carros/mitsubishi/pajero-tr4-2-0-4x4-at-2010,2026-06-15T19:47:36.812001,Mitsubishi Pajero Tr4 2.0 4x4 AT 2010,15 s,165 km/h,,Injeção multiponto,Natural,1999 cm³,4 em linha,4G94,Único no cabeçote,"95,8 mm","81,5 mm",Longitudinal,Dianteiro,"10,5 kg/cv","66,8 kg/kgfm","70,0 cv/litro",140 cv (A) 135 cv (G) a 5500 rpm,11:1,6000 rpm,5500 rpm,4500 rpm,"11,0 kgfm/litro",22 kgfm (A) 20 kgfm (G) a 4500 rpm,,4,Conversor de torque,Automático,4,4,Integral permanente,1770 mm,1441 mm,1451 mm,4058 mm,2450 mm,1680 mm,1470 kg,312 litros,72 litros,146 mm,Disco ventilado,Disco sólido,,,,,Hidráulica,"10,4 m","10,4 m","Indep., McPherson",Mola helicoidal,Eixo rígido,590 km,490 km,"8,2 km/l","6,8 km/l",,,,,340 kg,30 graus,35 graus,35 graus,215 mm,,,1500 kg,500 kg,,,418 km,346 km,"5,8 km/l","4,8 km/l",,,225/65 R17,140 cv,135 cv,22 kgfm,20 kgfm,,,,,,,,,,35 graus,600 mm,,,,,,,,,,,,,,,,,
mitsubishi,Pajero Tr4,pajero-tr4,pajero-tr4-2-0-4x4-2011,pajero-tr4-2-0-4x4-2011,https://www.fichacompleta.com.br/carros/mitsubishi/pajero-tr4-2-0-4x4-2011,2026-06-15T19:47:39.731633,Mitsubishi Pajero Tr4 2.0 4x4 2011,"13,5 s",167 km/h,,Injeção multiponto,Natural,1999 cm³,4 em linha,4G94,Único no cabeçote,"95,8 mm","81,5 mm",Longitudinal,Dianteiro,"10,3 kg/cv","65,2 kg/kgfm","70,0 cv/litro",140 cv (A) 135 cv (G) a 5500 rpm,11:1,6000 rpm,,,"11,0 kgfm/litro",22 kgfm (A) 20 kgfm (G) a 4500 rpm,,4,Embreagem monodisco a seco,Manual,,5,Integral permanente,1714 mm,1441 mm,1451 mm,4058 mm,2450 mm,1680 mm,1435 kg,312 litros,72 litros,146 mm,Disco ventilado,Disco sólido,,,,,Hidráulica,,"10,4 m","Independente, McPherson",Mola helicoidal,Eixo rígido,655 km,540 km,"9,1 km/l","7,5 km/l",,,,,375 kg,30 graus,35 graus,35 graus,215 mm,,V5M21,1500 kg,500 kg,,,461 km,360 km,"6,4 km/l",5 km/l,,,225/65 R17,,,,,,,,,,,,,,35 graus,600 mm,,,,,,,,,,,,,,,,,
mitsubishi,Pajero Tr4,pajero-tr4,pajero-tr4-2-0-4x4-at-2011,pajero-tr4-2-0-4x4-at-2011,https://www.fichacompleta.com.br/carros/mitsubishi/pajero-tr4-2-0-4x4-at-2011,2026-06-15T19:47:43.097597,Mitsubishi Pajero Tr4 2.0 4x4 AT 2011,15 s,165 km/h,,Injeção multiponto,Natural,1999 cm³,4 em linha,4G94,Único no cabeçote,"95,8 mm","81,5 mm",Longitudinal,Dianteiro,"10,5 kg/cv","66,8 kg/kgfm","70,0 cv/litro",140 cv (A) 135 cv (G) a 5500 rpm,11:1,6000 rpm,,,"11,0 kgfm/litro",22 kgfm (A) 20 kgfm (G) a 4500 rpm,,4,Conversor de torque,Automático,,4,Integral permanente,1770 mm,1441 mm,1451 mm,4058 mm,2450 mm,1680 mm,1470 kg,312 litros,72 litros,146 mm,Disco ventilado,Disco sólido,,,,,Hidráulica,,"10,4 m","Independente, McPherson",Mola helicoidal,Eixo rígido,590 km,490 km,"8,2 km/l","6,8 km/l",,,,,340 kg,30 graus,35 graus,35 graus,215 mm,,,1500 kg,500 kg,,,418 km,346 km,"5,8 km/l","4,8 km/l",,,225/65 R17,,,,,,,,,,,,,,35 graus,600 mm,,,,,,,,,,,,,,,,,
mitsubishi,Pajero Tr4,pajero-tr4,pajero-tr4-2-0-4x2-2012,pajero-tr4-2-0-4x2-2012,https://www.fichacompleta.com.br/carros/mitsubishi/pajero-tr4-2-0-4x2-2012,2026-06-15T19:47:47.780438,Mitsubishi Pajero Tr4 2.0 4x2 2012,13 s,170 km/h,,Injeção multiponto,Natural,1999 cm³,4 em linha,4G94,Único no cabeçote,"95,8 mm","81,5 mm",Longitudinal,Dianteiro,"9,7 kg/cv","61,8 kg/kgfm","70,0 cv/litro",,11:1,6000 rpm,,,"11,0 kgfm/litro",,,4,Embreagem monodisco a seco,Manual,5,,Traseira,1770 mm,1441 mm,1451 mm,4058 mm,2450 mm,1680 mm,1360 kg,312 litros,72 litros,146 mm,Disco ventilado,Tambor,,,,,Hidráulica,"10,4 m",,"Indep., McPherson",Mola helicoidal,Eixo rígido,684 km,569 km,"9,5 km/l","7,9 km/l",5500 rpm,4500 rpm,,,450 kg,30 graus,35 graus,35 graus,215 mm,,,1500 kg,500 kg,,,490 km,396 km,"6,8 km/l","5,5 km/l",,,225/65 R17,140 cv,135 cv,22 kgfm,20 kgfm,,,,,,,,,,35 graus,600 mm,,,,,,,,,,,,,,,,,
mitsubishi,Pajero Tr4,pajero-tr4,pajero-tr4-2-0-4x2-at-2012,pajero-tr4-2-0-4x2-at-2012,https://www.fichacompleta.com.br/carros/mitsubishi/pajero-tr4-2-0-4x2-at-2012,2026-06-15T19:47:52.536120,Mitsubishi Pajero Tr4 2.0 4x2 AT 2012,15 s,165 km/h,,Injeção multiponto,Natural,1999 cm³,4 em linha,4G94,Único no cabeçote,"95,8 mm","81,5 mm",Longitudinal,Dianteiro,"9,9 kg/cv","63,2 kg/kgfm","70,0 cv/litro",,11:1,6000 rpm,,,"11,0 kgfm/litro",,,4,Conversor de torque,Automático,4,,Traseira,1770 mm,1441 mm,1451 mm,4058 mm,2450 mm,1680 mm,1390 kg,312 litros,72 litros,146 mm,Disco ventilado,Tambor,,,,,Hidráulica,"10,4 m",,"Indep., McPherson",Mola helicoidal,Eixo rígido,670 km,554 km,"9,3 km/l","7,7 km/l",5500 rpm,4500 rpm,,,420 kg,30 graus,35 graus,35 graus,215 mm,,,1500 kg,500 kg,,,475 km,389 km,"6,6 km/l","5,4 km/l",,,225/65 R17,140 cv,135 cv,22 kgfm,20 kgfm,,,,,,,,,,35 graus,600 mm,,,,,,,,,,,,,,,,,
mitsubishi,Pajero Tr4,pajero-tr4,pajero-tr4-2-0-4x4-2012,pajero-tr4-2-0-4x4-2012,https://www.fichacompleta.com.br/carros/mitsubishi/pajero-tr4-2-0-4x4-2012,2026-06-15T19:47:56.584541,Mitsubishi Pajero Tr4 2.0 4x4 2012,"13,5 s",167 km/h,,Injeção multiponto,Natural,1999 cm³,4 em linha,4G94,Único no cabeçote,"95,8 mm","81,5 mm",Longitudinal,Dianteiro,"10,3 kg/cv","65,2 kg/kgfm","70,0 cv/litro",140 cv (A) 135 cv (G) a 5500 rpm,11:1,6000 rpm,,,"11,0 kgfm/litro",22 kgfm (A) 20 kgfm (G) a 4500 rpm,,4,Embreagem monodisco a seco,Manual,,5,Integral permanente,1714 mm,1441 mm,1451 mm,4058 mm,2450 mm,1680 mm,1435 kg,312 litros,72 litros,146 mm,Disco ventilado,Disco sólido,,,,,Hidráulica,,"10,4 m","Independente, McPherson",Mola helicoidal,Eixo rígido,655 km,540 km,"9,1 km/l","7,5 km/l",,,,,375 kg,30 graus,35 graus,35 graus,215 mm,,V5M21,1500 kg,500 kg,,,461 km,360 km,"6,4 km/l",5 km/l,,,225/65 R17,,,,,,,,,,,,,,35 graus,600 mm,,,,,,,,,,,,,,,,,
mitsubishi,Pajero Tr4,pajero-tr4,pajero-tr4-2-0-4x4-at-2012,pajero-tr4-2-0-4x4-at-2012,https://www.fichacompleta.com.br/carros/mitsubishi/pajero-tr4-2-0-4x4-at-2012,2026-06-15T19:48:00.759770,Mitsubishi Pajero Tr4 2.0 4x4 AT 2012,15 s,165 km/h,,Injeção multiponto,Natural,1999 cm³,4 em linha,4G94,Único no cabeçote,"95,8 mm","81,5 mm",Longitudinal,Dianteiro,"10,5 kg/cv","66,8 kg/kgfm","70,0 cv/litro",140 cv (A) 135 cv (G) a 5500 rpm,11:1,6000 rpm,,,"11,0 kgfm/litro",22 kgfm (A) 20 kgfm (G) a 4500 rpm,,4,Conversor de torque,Automático,,4,Integral permanente,1770 mm,1441 mm,1451 mm,4058 mm,2450 mm,1680 mm,1470 kg,312 litros,72 litros,146 mm,Disco ventilado,Disco sólido,,,,,Hidráulica,,"10,4 m","Independente, McPherson",Mola helicoidal,Eixo rígido,590 km,490 km,"8,2 km/l","6,8 km/l",,,,,340 kg,30 graus,35 graus,35 graus,215 mm,,,1500 kg,500 kg,,,418 km,346 km,"5,8 km/l","4,8 km/l",,,225/65 R17,,,,,,,,,,,,,,35 graus,600 mm,,,,,,,,,,,,,,,,,
mitsubishi,Pajero Tr4,pajero-tr4,pajero-tr4-2-0-4x2-2013,pajero-tr4-2-0-4x2-2013,https://www.fichacompleta.com.br/carros/mitsubishi/pajero-tr4-2-0-4x2-2013,2026-06-15T19:48:05.511117,Mitsubishi Pajero Tr4 2.0 4x2 2013,13 s,170 km/h,,Injeção multiponto,Natural,1999 cm³,4 em linha,4G94,Único no cabeçote,"95,8 mm","81,5 mm",Longitudinal,Dianteiro,"9,7 kg/cv","61,8 kg/kgfm","70,0 cv/litro",140 cv (A) 135 cv (G) a 5500 rpm,11:1,6000 rpm,5500 rpm,4500 rpm,"11,0 kgfm/litro",22 kgfm (A) 20 kgfm (G) a 4500 rpm,,4,Embreagem monodisco a seco,Manual,5,5,Traseira,1770 mm,1441 mm,1451 mm,4058 mm,2450 mm,1680 mm,1360 kg,312 litros,72 litros,146 mm,Disco ventilado,Tambor,,,,,Hidráulica,"10,4 m","10,4 m","Indep., McPherson",Mola helicoidal,Eixo rígido,684 km,569 km,"9,5 km/l","7,9 km/l",,,,,450 kg,30 graus,35 graus,35 graus,215 mm,,,1500 kg,500 kg,,,490 km,396 km,"6,8 km/l","5,5 km/l",,,225/65 R17,140 cv,135 cv,22 kgfm,20 kgfm,,,,,,,,,,35 graus,600 mm,,,,,,,,,,,,,,,,,
mitsubishi,Pajero Tr4,pajero-tr4,pajero-tr4-2-0-4x2-at-2013,pajero-tr4-2-0-4x2-at-2013,https://www.fichacompleta.com.br/carros/mitsubishi/pajero-tr4-2-0-4x2-at-2013,2026-06-15T19:48:08.538859,Mitsubishi Pajero Tr4 2.0 4x2 AT 2013,15 s,165 km/h,,Injeção multiponto,Natural,1999 cm³,4 em linha,4G94,Único no cabeçote,"95,8 mm","81,5 mm",Longitudinal,Dianteiro,"9,9 kg/cv","63,2 kg/kgfm","70,0 cv/litro",140 cv (A) 135 cv (G) a 5500 rpm,11:1,6000 rpm,,,"11,0 kgfm/litro",22 kgfm (A) 20 kgfm (G) a 4500 rpm,,4,Conversor de torque,Automático,,4,Traseira,1770 mm,1441 mm,1451 mm,4058 mm,2450 mm,1680 mm,1390 kg,312 litros,72 litros,146 mm,Disco ventilado,Tambor,,,,,Hidráulica,,"10,4 m","Independente, McPherson",Mola helicoidal,Eixo rígido,670 km,554 km,"9,3 km/l","7,7 km/l",,,,,420 kg,30 graus,35 graus,35 graus,215 mm,,,1500 kg,500 kg,,,475 km,389 km,"6,6 km/l","5,4 km/l",,,225/65 R17,,,,,,,,,,,,,,35 graus,600 mm,,,,,,,,,,,,,,,,,
mitsubishi,Pajero Tr4,pajero-tr4,pajero-tr4-2-0-4x4-at-2013,pajero-tr4-2-0-4x4-at-2013,https://www.fichacompleta.com.br/carros/mitsubishi/pajero-tr4-2-0-4x4-at-2013,2026-06-15T19:48:13.201537,Mitsubishi Pajero Tr4 2.0 4x4 AT 2013,15 s,165 km/h,,Injeção multiponto,Natural,1999 cm³,4 em linha,4G94,Único no cabeçote,"95,8 mm","81,5 mm",Longitudinal,Dianteiro,"10,5 kg/cv","66,8 kg/kgfm","70,0 cv/litro",140 cv (A) 135 cv (G) a 5500 rpm,11:1,6000 rpm,,,"11,0 kgfm/litro",22 kgfm (A) 20 kgfm (G) a 4500 rpm,,4,Conversor de torque,Automático,,4,Integral permanente,1770 mm,1441 mm,1451 mm,4058 mm,2450 mm,1680 mm,1470 kg,312 litros,72 litros,146 mm,Disco ventilado,Disco sólido,,,,,Hidráulica,,"10,4 m","Independente, McPherson",Mola helicoidal,Eixo rígido,590 km,490 km,"8,2 km/l","6,8 km/l",,,,,340 kg,30 graus,35 graus,35 graus,215 mm,,,1500 kg,500 kg,,,418 km,346 km,"5,8 km/l","4,8 km/l",,,225/65 R17,,,,,,,,,,,,,,35 graus,600 mm,,,,,,,,,,,,,,,,,
mitsubishi,Pajero Tr4,pajero-tr4,pajero-tr4-2-0-4x2-2014,pajero-tr4-2-0-4x2-2014,https://www.fichacompleta.com.br/carros/mitsubishi/pajero-tr4-2-0-4x2-2014,2026-06-15T19:48:17.332146,Mitsubishi Pajero Tr4 2.0 4x2 2014,13 s,170 km/h,,Injeção multiponto,Natural,1999 cm³,4 em linha,4G94,Único no cabeçote,"95,8 mm","81,5 mm",Longitudinal,Dianteiro,"9,7 kg/cv","61,8 kg/kgfm","70,0 cv/litro",,11:1,6000 rpm,,,"11,0 kgfm/litro",,,4,Embreagem monodisco a seco,Manual,5,,Traseira,1770 mm,1441 mm,1451 mm,4058 mm,2450 mm,1680 mm,1360 kg,312 litros,72 litros,146 mm,Disco ventilado,Tambor,,,,,Hidráulica,"10,4 m",,"Indep., McPherson",Mola helicoidal,Eixo rígido,684 km,569 km,"9,5 km/l","7,9 km/l",5500 rpm,4500 rpm,,,450 kg,30 graus,35 graus,35 graus,215 mm,,,1500 kg,500 kg,,,490 km,396 km,"6,8 km/l","5,5 km/l",,,225/65 R17,140 cv,135 cv,22 kgfm,20 kgfm,,,,,,,,,,35 graus,600 mm,,,,,,,,,,,,,,,,,
mitsubishi,Pajero Tr4,pajero-tr4,pajero-tr4-2-0-4x2-at-2014,pajero-tr4-2-0-4x2-at-2014,https://www.fichacompleta.com.br/carros/mitsubishi/pajero-tr4-2-0-4x2-at-2014,2026-06-15T19:48:22.029180,Mitsubishi Pajero Tr4 2.0 4x2 AT 2014,15 s,165 km/h,,Injeção multiponto,Natural,1999 cm³,4 em linha,4G94,Único no cabeçote,"95,8 mm","81,5 mm",Longitudinal,Dianteiro,"9,9 kg/cv","63,2 kg/kgfm","70,0 cv/litro",140 cv (A) 135 cv (G) a 5500 rpm,11:1,6000 rpm,,,"11,0 kgfm/litro",22 kgfm (A) 20 kgfm (G) a 4500 rpm,,4,Conversor de torque,Automático,,4,Traseira,1770 mm,1441 mm,1451 mm,4058 mm,2450 mm,1680 mm,1390 kg,312 litros,72 litros,146 mm,Disco ventilado,Tambor,,,,,Hidráulica,,"10,4 m","Independente, McPherson",Mola helicoidal,Eixo rígido,670 km,554 km,"9,3 km/l","7,7 km/l",,,,,420 kg,30 graus,35 graus,35 graus,215 mm,,,1500 kg,500 kg,,,475 km,389 km,"6,6 km/l","5,4 km/l",,,225/65 R17,,,,,,,,,,,,,,35 graus,600 mm,,,,,,,,,,,,,,,,,
mitsubishi,Pajero Tr4,pajero-tr4,pajero-tr4-2-0-4x4-at-2014,pajero-tr4-2-0-4x4-at-2014,https://www.fichacompleta.com.br/carros/mitsubishi/pajero-tr4-2-0-4x4-at-2014,2026-06-15T19:48:25.393279,Mitsubishi Pajero Tr4 2.0 4x4 AT 2014,15 s,165 km/h,,Injeção multiponto,Natural,1999 cm³,4 em linha,4G94,Único no cabeçote,"95,8 mm","81,5 mm",Longitudinal,Dianteiro,"10,5 kg/cv","66,8 kg/kgfm","70,0 cv/litro",,11:1,6000 rpm,,,"11,0 kgfm/litro",,,4,Conversor de torque,Automático,4,,Integral permanente,1770 mm,1441 mm,1451 mm,4058 mm,2450 mm,1680 mm,1470 kg,312 litros,72 litros,146 mm,Disco ventilado,Disco sólido,,,,,Hidráulica,"10,4 m",,"Indep., McPherson",Mola helicoidal,Eixo rígido,590 km,490 km,"8,2 km/l","6,8 km/l",5500 rpm,4500 rpm,,,340 kg,30 graus,35 graus,35 graus,215 mm,,,1500 kg,500 kg,,,418 km,346 km,"5,8 km/l","4,8 km/l",,,225/65 R17,140 cv,135 cv,22 kgfm,20 kgfm,,,,,,,,,,35 graus,600 mm,,,,,,,,,,,,,,,,,
mitsubishi,Pajero Tr4,pajero-tr4,pajero-tr4-2-0-4x2-2015,pajero-tr4-2-0-4x2-2015,https://www.fichacompleta.com.br/carros/mitsubishi/pajero-tr4-2-0-4x2-2015,2026-06-15T19:48:27.766719,Mitsubishi Pajero Tr4 2.0 4x2 2015,13 s,170 km/h,,Injeção multiponto,Natural,1999 cm³,4 em linha,4G94,Único no cabeçote,"95,8 mm","81,5 mm",Longitudinal,Dianteiro,"9,7 kg/cv","61,8 kg/kgfm","70,0 cv/litro",140 cv (A) 135 cv (G) a 5500 rpm,11:1,6000 rpm,,,"11,0 kgfm/litro",22 kgfm (A) 20 kgfm (G) a 4500 rpm,,4,Embreagem monodisco a seco,Manual,,5,Traseira,1770 mm,1441 mm,1451 mm,4058 mm,2450 mm,1680 mm,1360 kg,312 litros,72 litros,146 mm,Disco ventilado,Tambor,,,,,Hidráulica,,"10,4 m","Independente, McPherson",Mola helicoidal,Eixo rígido,684 km,569 km,"9,5 km/l","7,9 km/l",,,,,450 kg,30 graus,35 graus,35 graus,215 mm,,,1500 kg,500 kg,,,490 km,396 km,"6,8 km/l","5,5 km/l",,,225/65 R17,,,,,,,,,,,,,,35 graus,600 mm,,,,,,,,,,,,,,,,,
mitsubishi,Pajero Tr4,pajero-tr4,pajero-tr4-2-0-4x2-at-2015,pajero-tr4-2-0-4x2-at-2015,https://www.fichacompleta.com.br/carros/mitsubishi/pajero-tr4-2-0-4x2-at-2015,2026-06-15T19:48:31.183626,Mitsubishi Pajero Tr4 2.0 4x2 AT 2015,15 s,165 km/h,,Injeção multiponto,Natural,1999 cm³,4 em linha,4G94,Único no cabeçote,"95,8 mm","81,5 mm",Longitudinal,Dianteiro,"9,9 kg/cv","63,2 kg/kgfm","70,0 cv/litro",140 cv (A) 135 cv (G) a 5500 rpm,11:1,6000 rpm,,,"11,0 kgfm/litro",22 kgfm (A) 20 kgfm (G) a 4500 rpm,,4,Conversor de torque,Automático,,4,Traseira,1770 mm,1441 mm,1451 mm,4058 mm,2450 mm,1680 mm,1390 kg,312 litros,72 litros,146 mm,Disco ventilado,Tambor,,,,,Hidráulica,,"10,4 m","Independente, McPherson",Mola helicoidal,Eixo rígido,670 km,554 km,"9,3 km/l","7,7 km/l",,,,,420 kg,30 graus,35 graus,35 graus,215 mm,,,1500 kg,500 kg,,,475 km,389 km,"6,6 km/l","5,4 km/l",,,225/65 R17,,,,,,,,,,,,,,35 graus,600 mm,,,,,,,,,,,,,,,,,
mitsubishi,Pajero Tr4,pajero-tr4,pajero-tr4-2-0-4x4-2015,pajero-tr4-2-0-4x4-2015,https://www.fichacompleta.com.br/carros/mitsubishi/pajero-tr4-2-0-4x4-2015,2026-06-15T19:48:33.749431,Mitsubishi Pajero Tr4 2.0 4x4 2015,"13,5 s",167 km/h,,Injeção multiponto,Natural,1999 cm³,4 em linha,4G94,Único no cabeçote,"95,8 mm","81,5 mm",Longitudinal,Dianteiro,"10,3 kg/cv","65,2 kg/kgfm","70,0 cv/litro",140 cv (A) 135 cv (G) a 5500 rpm,11:1,6000 rpm,,,"11,0 kgfm/litro",22 kgfm (A) 20 kgfm (G) a 4500 rpm,,4,Embreagem monodisco a seco,Manual,,5,Integral permanente,1714 mm,1441 mm,1451 mm,4058 mm,2450 mm,1680 mm,1435 kg,312 litros,72 litros,146 mm,Disco ventilado,Disco sólido,,,,,Hidráulica,,"10,4 m","Independente, McPherson",Mola helicoidal,Eixo rígido,655 km,540 km,"9,1 km/l","7,5 km/l",,,,,375 kg,30 graus,35 graus,35 graus,215 mm,,V5M21,1500 kg,500 kg,,,461 km,360 km,"6,4 km/l",5 km/l,,,225/65 R17,,,,,,,,,,,,,,35 graus,600 mm,,,,,,,,,,,,,,,,,
mitsubishi,Pajero Tr4,pajero-tr4,pajero-tr4-2-0-4x4-at-2015,pajero-tr4-2-0-4x4-at-2015,https://www.fichacompleta.com.br/carros/mitsubishi/pajero-tr4-2-0-4x4-at-2015,2026-06-15T19:48:36.833614,Mitsubishi Pajero Tr4 2.0 4x4 AT 2015,15 s,165 km/h,,Injeção multiponto,Natural,1999 cm³,4 em linha,4G94,Único no cabeçote,"95,8 mm","81,5 mm",Longitudinal,Dianteiro,"10,5 kg/cv","66,8 kg/kgfm","70,0 cv/litro",140 cv (A) 135 cv (G) a 5500 rpm,11:1,6000 rpm,,,"11,0 kgfm/litro",22 kgfm (A) 20 kgfm (G) a 4500 rpm,,4,Conversor de torque,Automático,,4,Integral permanente,1770 mm,1441 mm,1451 mm,4058 mm,2450 mm,1680 mm,1470 kg,312 litros,72 litros,146 mm,Disco ventilado,Disco sólido,,,,,Hidráulica,,"10,4 m","Independente, McPherson",Mola helicoidal,Eixo rígido,590 km,490 km,"8,2 km/l","6,8 km/l",,,,,340 kg,30 graus,35 graus,35 graus,215 mm,,,1500 kg,500 kg,,,418 km,346 km,"5,8 km/l","4,8 km/l",,,225/65 R17,,,,,,,,,,,,,,35 graus,600 mm,,,,,,,,,,,,,,,,,
mitsubishi,Pajero Tr4,pajero-tr4,pajero-tr4-oneill-2-0-4x4-at-2015,pajero-tr4-oneill-2-0-4x4-at-2015,https://www.fichacompleta.com.br/carros/mitsubishi/pajero-tr4-oneill-2-0-4x4-at-2015,2026-06-15T19:48:41.528012,Mitsubishi Pajero Tr4 ONeill 2.0 4x4 AT 2015,15 s,165 km/h,,Injeção multiponto,Natural,1999 cm³,4 em linha,4G94,Único no cabeçote,"95,8 mm","81,5 mm",Longitudinal,Dianteiro,"10,5 kg/cv","66,8 kg/kgfm","70,0 cv/litro",140 cv (A) 135 cv (G) a 5500 rpm,11:1,6000 rpm,5500 rpm,4500 rpm,"11,0 kgfm/litro",22 kgfm (A) 20 kgfm (G) a 4500 rpm,,4,Conversor de torque,Automático,4,4,Integral permanente,1770 mm,1441 mm,1451 mm,4058 mm,2450 mm,1680 mm,1470 kg,312 litros,72 litros,146 mm,Disco ventilado,Disco sólido,,,,,Hidráulica,"10,4 m","10,4 m","Indep., McPherson",Mola helicoidal,Eixo rígido,590 km,490 km,"8,2 km/l","6,8 km/l",,,,,340 kg,30 graus,35 graus,35 graus,215 mm,,,1500 kg,500 kg,,,418 km,346 km,"5,8 km/l","4,8 km/l",,,225/65 R17,140 cv,135 cv,22 kgfm,20 kgfm,,,,,,,,,,35 graus,600 mm,,,,,,,,,,,,,,,,,
mitsubishi,Space Wagon,space-wagon,space-wagon-glx-2-4-1995,space-wagon-glx-2-4-1995,https://www.fichacompleta.com.br/carros/mitsubishi/space-wagon-glx-2-4-1995,2026-06-15T19:48:58.303540,Mitsubishi Space Wagon GLX 2.4 1995,13 s,170 km/h,,Injeção multiponto,Natural,2351 cm³,4 em linha,4G64,Único no cabeçote,100 mm,"86,5 mm",Transversal,Dianteiro,"10,1 kg/cv","69,5 kg/kgfm","58,7 cv/litro",138 cv a 5500 rpm,10:1,,,,"8,5 kgfm/litro",20 kgfm a 4250 rpm,,4,Conversor de torque,Automático,,4,Dianteira,1615 mm,1460 mm,1460 mm,4515 mm,2720 mm,1695 mm,1390 kg,,60 litros,144 mm,Disco ventilado,Tambor,"2,33 m²","0,816 m²",,"0,35",Hidráulica,,"11,9 m","Independente, McPherson",Mola helicoidal,"Independente, braços sobrepostos",540 km,360 km,9 km/l,6 km/l,,,,,,,,,120 mm,,,1600 kg,550 kg,,,,,,,,,,,,,,,,450 litros,212 litros,,,,,,,,,,,,,,,,,,,,,,,,
mitsubishi,Space Wagon,space-wagon,space-wagon-glx-2-4-1997,space-wagon-glx-2-4-1997,https://www.fichacompleta.com.br/carros/mitsubishi/space-wagon-glx-2-4-1997,2026-06-15T19:49:02.708787,Mitsubishi Space Wagon GLX 2.4 1997,13 s,170 km/h,,Injeção multiponto,Natural,2351 cm³,4 em linha,,Único no cabeçote,,,Transversal,Dianteiro,"10,1 kg/cv","69,5 kg/kgfm","58,7 cv/litro",138 cv a 5500 rpm,10:1,,,,"8,5 kgfm/litro",20 kgfm a 4250 rpm,,4,,Automático,,4,Dianteira,1615 mm,1460 mm,1460 mm,4515 mm,2720 mm,1695 mm,1390 kg,,60 litros,144 mm,205/70 R14,Tambor,"2,33 m²",,,"0,35",Hidráulica,,"11,9 m","Independente, McPherson",Mola helicoidal,"Independente, braços sobrepostos",540 km,360 km,9 km/l,6 km/l,,,,,,,,,,,,1600 kg,550 kg,100 mm,"86,5 mm",,,,,,,,,,,,,,450 litros,212 litros,,,,,,,,,,,,,,,,,,,,,,,,
mitsubishi,Space Wagon,space-wagon,space-wagon-glx-2-4-1998,space-wagon-glx-2-4-1998,https://www.fichacompleta.com.br/carros/mitsubishi/space-wagon-glx-2-4-1998,2026-06-15T19:49:07.138730,Mitsubishi Space Wagon GLX 2.4 1998,13 s,170 km/h,,Injeção multiponto,Natural,2351 cm³,4 em linha,4G64,Único no cabeçote,100 mm,"86,5 mm",Transversal,Dianteiro,"10,1 kg/cv","69,5 kg/kgfm","58,7 cv/litro",138 cv,10:1,,,,"8,5 kgfm/litro",20 kgfm,,4,Conversor de torque,Automático,4,,Dianteira,1615 mm,1460 mm,1460 mm,4505 mm,2720 mm,1695 mm,1390 kg,,60 litros,130 mm,Disco ventilado,Tambor,"2,33 m²","0,816 m²","0,35",,Hidráulica,"11,9 m",,"Indep., McPherson",Mola helicoidal,"Indep., braços sobrepostos",540 km,360 km,9 km/l,6 km/l,5500 rpm,4250 rpm,,,,,,,120 mm,,,1600 kg,550 kg,,,,,,,,,185/70 R14,,,,,450 litros,212 litros,,,,,,,,,,,,,,,,,,,,,,,,,,
mitsubishi,Space Wagon,space-wagon,space-wagon-glx-2-4-1999,space-wagon-glx-2-4-1999,https://www.fichacompleta.com.br/carros/mitsubishi/space-wagon-glx-2-4-1999,2026-06-15T19:49:11.665141,Mitsubishi Space Wagon GLX 2.4 1999,15 s,165 km/h,,Injeção multiponto,Natural,2351 cm³,4 em linha,4G64,Único no cabeçote,100 mm,"86,5 mm",Transversal,Dianteiro,"11,9 kg/cv","70,8 kg/kgfm","54,0 cv/litro",127 cv,9:1,,,,"9,1 kgfm/litro","21,4 kgfm",,4,Conversor de torque,Automático,4,,Dianteira,1700 mm,1500 mm,1535 mm,4600 mm,2780 mm,1775 mm,1515 kg,,63 litros,133 mm,Disco ventilado,Tambor,,,,,Hidráulica,11 m,,"Indep., McPherson",Mola helicoidal,"Indep., braços sobrepostos",567 km,378 km,9 km/l,6 km/l,5000 rpm,4000 rpm,,,615 kg,,,,155 mm,,,,,,,,,,,,,,,,,,450 litros,240 litros,,,,,,,,,,,,,,,,,,,,,,,,,,
mitsubishi,Space Wagon,space-wagon,space-wagon-glx-2-4-2000,space-wagon-glx-2-4-2000,https://www.fichacompleta.com.br/carros/mitsubishi/space-wagon-glx-2-4-2000,2026-06-15T19:49:16.100007,Mitsubishi Space Wagon GLX 2.4 2000,15 s,165 km/h,,Injeção multiponto,Natural,2351 cm³,4 em linha,,Único no cabeçote,,,Transversal,Dianteiro,"11,9 kg/cv","70,8 kg/kgfm","54,0 cv/litro",127 cv a 5000 rpm,9:1,,,,"9,1 kgfm/litro","21,4 kgfm a 4000 rpm",,4,,Automático,,4,Dianteira,1700 mm,1500 mm,1535 mm,4600 mm,2780 mm,1775 mm,1515 kg,,63 litros,133 mm,205/65 R15,Tambor,,,,,Hidráulica,,11 m,"Independente, McPherson",Mola helicoidal,"Independente, braços sobrepostos",567 km,378 km,9 km/l,6 km/l,,,,,615 kg,,,,,,,,,100 mm,"86,5 mm",,,,,,,,,,,,,,450 litros,240 litros,,,,,,,,,,,,,,,,,,,,,,,,
mitsubishi,Space Wagon,space-wagon,space-wagon-glx-2-4-2001,space-wagon-glx-2-4-2001,https://www.fichacompleta.com.br/carros/mitsubishi/space-wagon-glx-2-4-2001,2026-06-15T19:49:19.909262,Mitsubishi Space Wagon GLX 2.4 2001,15 s,165 km/h,,Injeção multiponto,Natural,2351 cm³,4 em linha,4G64,Único no cabeçote,100 mm,"86,5 mm",Transversal,Dianteiro,"11,9 kg/cv","70,8 kg/kgfm","54,0 cv/litro",127 cv,9:1,,5000 rpm,4000 rpm,"9,1 kgfm/litro","21,4 kgfm",,4,Conversor de torque,Automático,4,4,Dianteira,1700 mm,1500 mm,1535 mm,4600 mm,2780 mm,1775 mm,1515 kg,,63 litros,133 mm,Disco ventilado,Tambor,,,,,Hidráulica,11 m,11 m,"Indep., McPherson",Mola helicoidal,"Indep., braços sobrepostos",567 km,378 km,9 km/l,6 km/l,,,,,615 kg,,,,155 mm,,,,,,,,,,,,,,,,,,450 litros,240 litros,450 litros,240 litros,,,,,,,,,,,,,,,,,,,,,,,,
mitsubishi,Space Wagon,space-wagon,space-wagon-glx-2-4-2002,space-wagon-glx-2-4-2002,https://www.fichacompleta.com.br/carros/mitsubishi/space-wagon-glx-2-4-2002,2026-06-15T19:49:23.030469,Mitsubishi Space Wagon GLX 2.4 2002,15 s,165 km/h,,Injeção multiponto,Natural,2351 cm³,4 em linha,4G64,Único no cabeçote,,,Transversal,Dianteiro,"11,9 kg/cv","70,8 kg/kgfm","54,0 cv/litro",127 cv a 5000 rpm,9:1,,,,"9,1 kgfm/litro","21,4 kgfm a 4000 rpm",,4,Conversor de torque,Automático,,4,Dianteira,1700 mm,1500 mm,1535 mm,4600 mm,2780 mm,1775 mm,1515 kg,,63 litros,133 mm,Disco ventilado,Tambor,,,,,Hidráulica,,11 m,"Independente, McPherson",Mola helicoidal,"Independente, braços sobrepostos",567 km,378 km,9 km/l,6 km/l,,,,,615 kg,,,,155 mm,,,,,100 mm,"86,5 mm",,,,,,,,,,,,,,450 litros,240 litros,,,,,,,,,,,,,,,,,,,,,,,,
mitsubishi,Space Wagon,space-wagon,space-wagon-glx-2-4-2003,space-wagon-glx-2-4-2003,https://www.fichacompleta.com.br/carros/mitsubishi/space-wagon-glx-2-4-2003,2026-06-15T19:49:26.436371,Mitsubishi Space Wagon GLX 2.4 2003,15 s,165 km/h,,Injeção multiponto,Natural,2351 cm³,4 em linha,4G64,Único no cabeçote,100 mm,"86,5 mm",Transversal,Dianteiro,"11,9 kg/cv","70,8 kg/kgfm","54,0 cv/litro",127 cv,9:1,,,,"9,1 kgfm/litro","21,4 kgfm",,4,Conversor de torque,Automático,4,,Dianteira,1700 mm,1500 mm,1535 mm,4600 mm,2780 mm,1775 mm,1515 kg,,63 litros,133 mm,Disco ventilado,Tambor,,,,,Hidráulica,11 m,,"Indep., McPherson",Mola helicoidal,"Indep., braços sobrepostos",567 km,378 km,9 km/l,6 km/l,5000 rpm,4000 rpm,,,615 kg,,,,155 mm,,,,,,,,,,,,,,,,,,450 litros,240 litros,,,,,,,,,,,,,,,,,,,,,,,,,,
