marca,modelo,modelo_slug,versao,versao_slug,url,coletado_em,titulo_pagina,geral__aceleracao_0100_kmh,geral__velocidade_maxima,geral__acionam_do_comando,geral__alimentacao,geral__aspiracao,geral__cilindrada,geral__cilindros,geral__codigo_do_motor,geral__comando_de_valvulas,geral__curso_do_pistao,geral__diametro_do_cilindro,geral__disposicao,geral__instalacao,geral__pesopotencia,geral__pesotorque,geral__potencia_especifica,geral__potencia_maxima,geral__razao_de_compressao,geral__rotacao_potencia_max,geral__rotacao_torque_max,geral__torque_especifico,geral__torque_maximo,geral__valvulas_por_cilindro,geral__variacao_do_comando,geral__acoplamento,geral__cambio,geral__codigo_do_cambio,geral__marchas,geral__quantidade_de_marchas,geral__tracao,geral__altura,geral__bitola_dianteira,geral__bitola_traseira,geral__carga_util,geral__comprimento,geral__distancia_entreeixos,geral__largura,geral__peso,geral__portamalas,geral__reboque_com_freio,geral__reboque_sem_freio,geral__tanque_de_combustivel,geral__altura_do_flanco,geral__dianteiros,geral__traseiros,geral__area_frontal_a,geral__area_frontal_corrigida,geral__coef_de_arrasto_cx,geral__coeficiente_de_arrasto_cx,geral__assistencia,geral__diametro_de_giro,geral__diametro_minimo_de_giro,geral__dianteira,geral__elemento_elastico,geral__traseira,geral__rodoviaria_g,geral__urbana_g,geral__rodoviario_g,geral__urbano_g,geral__altura_minima_do_solo,geral__estepe,geral__regime_potencia_max,geral__regime_torque_max,geral__cilindrada_unitaria,geral__deslocamento,geral__rotacao_maxima,geral__tuchos,geral__curso_dos_pistoes,geral__diametro_dos_cilindros,geral__rodoviaria_a,geral__urbana_a,geral__rodoviario_a,geral__urbano_a,geral__potencia_maxima_a,geral__potencia_maxima_g,geral__torque_maximo_a,geral__torque_maximo_g,geral__potencia,geral__torque,geral__potencia_a,geral__potencia_g,geral__torque_a,geral__torque_g,geral__autonomia_eletrica,geral__capacidade_da_bateria,geral__consumo_eletrico,geral__potencia_combinada,geral__torque_combinado,geral__veloc_max_modo_elet,geral__rodoviaria,geral__urbana,geral__rodoviario,geral__urbano,geral__potencia_de_recarga,geral__pesopotencia_sistema,geral__pesotorque_sistema,geral__autonomia,geral__angulo_central,geral__angulo_de_entrada,geral__angulo_de_saida,geral__frenagem_1000_kmh,geral__inclinacao_lateral_max,geral__rampa_maxima,geral__travessia_de_agua,geral__inclinacao_lateral_maxima,geral__velocidade_maxima_em_modo_eletrico,geral__portamalas_5_lugares,geral__portamalas_7_lugares,geral__portamalas_com_5_lugares,geral__portamalas_com_7_lugares,geral__rodoviaria_d,geral__urbana_d,geral__rodoviario_d,geral__urbano_d,geral__portamalas_6_lugares
bmw,116i,116i,116i-1-6-turbo-2012,116i-1-6-turbo-2012,https://www.fichacompleta.com.br/carros/bmw/116i-1-6-turbo-2012,2026-06-18T14:58:38.501758,Bmw 116i 1.6 Turbo 2012,"9,1 s",210 km/h,Corrente,Injeção direta,Turbocompressor,1598 cm³,4 em linha,N13B16,Duplo no cabeçote,"85,8 mm",77 mm,Longitudinal,Dianteiro,"10,2 kg/cv","61,8 kg/kgfm","85,1 cv/litro",136 cv,"10,5:1",4400 rpm,1350 rpm,"14,0 kgfm/litro","22,4 kgfm",4,Admissão e escape,Conversor de torque,Automático,ZF 8HP,8,8,Traseira,1421 mm,1535 mm,1569 mm,530 kg,4324 mm,2690 mm,1765 mm,1385 kg,360 litros,1200 kg,650 kg,52 litros,107 mm,Disco ventilado,Disco sólido,"2,14 m²","0,663 m²","0,31","0,31",Eletro-hidráulica,"10,9 m","10,9 m","Indep., McPherson",Mola helicoidal,"Indep., multibraço",572 km,437 km,11 km/l,"8,4 km/l",140 mm,,,,,,,,,,,,,,,,,,,,,,,,,,,,,,,,,,,,,,,,,,,,,,,,,,,,,,,
bmw,116i,116i,116i-1-6-turbo-2013,116i-1-6-turbo-2013,https://www.fichacompleta.com.br/carros/bmw/116i-1-6-turbo-2013,2026-06-18T14:58:41.139194,Bmw 116i 1.6 Turbo 2013,"9,1 s",210 km/h,,Injeção direta,Turbocompressor,1598 cm³,4 em linha,N13B16,"Duplo no cabeçote, corrente","85,8 mm",77 mm,Longitudinal,Dianteiro,"10,2 kg/cv","61,8 kg/kgfm","85,1 cv/litro",136 cv a 4400 rpm,"10,5:1",,,"14,0 kgfm/litro","22,4 kgfm a 1350 rpm",4,Admissão e escape,Conversor de torque,Automático,ZF 8HP,,8,Traseira,1421 mm,1535 mm,1569 mm,530 kg,4324 mm,2690 mm,1765 mm,1385 kg,360 litros,1200 kg,650 kg,52 litros,107 mm,Disco ventilado,Disco sólido,"2,14 m²","0,663 m²",,"0,31",Eletro-hidráulica,,"10,9 m","Independente, McPherson",Mola helicoidal,"Independente, multibraço",572 km,437 km,11 km/l,"8,4 km/l",140 mm,,,,,,,,,,,,,,,,,,,,,,,,,,,,,,,,,,,,,,,,,,,,,,,,,,,,,,,
bmw,116i,116i,116i-1-6-turbo-2014,116i-1-6-turbo-2014,https://www.fichacompleta.com.br/carros/bmw/116i-1-6-turbo-2014,2026-06-18T14:58:45.907745,Bmw 116i 1.6 Turbo 2014,"9,1 s",210 km/h,,Injeção direta,Turbocompressor,1598 cm³,4 em linha,N13B16,"Duplo no cabeçote, corrente","85,8 mm",77 mm,Longitudinal,Dianteiro,"10,2 kg/cv","61,8 kg/kgfm","85,1 cv/litro",136 cv a 4400 rpm,"10,5:1",,,"14,0 kgfm/litro","22,4 kgfm a 1350 rpm",4,Admissão e escape,Conversor de torque,Automático,ZF 8HP,,8,Traseira,1421 mm,1535 mm,1569 mm,530 kg,4324 mm,2690 mm,1765 mm,1385 kg,360 litros,1200 kg,650 kg,52 litros,107 mm,Disco ventilado,Disco sólido,"2,14 m²","0,663 m²",,"0,31",Eletro-hidráulica,,"10,9 m","Independente, McPherson",Mola helicoidal,"Independente, multibraço",572 km,437 km,11 km/l,"8,4 km/l",140 mm,,,,,,,,,,,,,,,,,,,,,,,,,,,,,,,,,,,,,,,,,,,,,,,,,,,,,,,
bmw,116i,116i,116i-1-6-turbo-2015,116i-1-6-turbo-2015,https://www.fichacompleta.com.br/carros/bmw/116i-1-6-turbo-2015,2026-06-18T14:58:48.849558,Bmw 116i 1.6 Turbo 2015,"9,1 s",210 km/h,,Injeção direta,Turbocompressor,1598 cm³,4 em linha,N13B16,"Duplo no cabeçote, corrente","85,8 mm",77 mm,Longitudinal,Dianteiro,"10,2 kg/cv","61,8 kg/kgfm","85,1 cv/litro",136 cv a 4400 rpm,"10,5:1",,,"14,0 kgfm/litro","22,4 kgfm a 1350 rpm",4,Admissão e escape,Conversor de torque,Automático,ZF 8HP,,8,Traseira,1421 mm,1535 mm,1569 mm,530 kg,4324 mm,2690 mm,1765 mm,1385 kg,360 litros,1200 kg,650 kg,52 litros,107 mm,Disco ventilado,Disco sólido,"2,14 m²","0,663 m²",,"0,31",Eletro-hidráulica,,"10,9 m","Independente, McPherson",Mola helicoidal,"Independente, multibraço",572 km,437 km,11 km/l,"8,4 km/l",140 mm,,,,,,,,,,,,,,,,,,,,,,,,,,,,,,,,,,,,,,,,,,,,,,,,,,,,,,,
bmw,118i,118i,118i-2-0-at-2010,118i-2-0-at-2010,https://www.fichacompleta.com.br/carros/bmw/118i-2-0-at-2010,2026-06-18T14:59:08.342034,Bmw 118i 2.0 AT 2010,"10,1 s",204 km/h,Corrente,Injeção multiponto,Natural,1995 cm³,4 em linha,N46B20U2,Duplo no cabeçote,90 mm,84 mm,Longitudinal,Dianteiro,"9,6 kg/cv","70,7 kg/kgfm","68,2 cv/litro",136 cv,"10,5:1",5750 rpm,3250 rpm,"9,2 kgfm/litro","18,4 kgfm",4,Admissão e escape,Conversor de torque,Automático,,6,6,Traseira,1421 mm,1484 mm,1497 mm,500 kg,4239 mm,2660 mm,1748 mm,1300 kg,330 litros,,,53 litros,113 mm,Disco ventilado,Disco ventilado,"2,11 m²","0,654 m²","0,31","0,31",Eletro-hidráulica,"10,7 m","10,7 m","Indep., McPherson",Mola helicoidal,"Indep., multibraço",668 km,477 km,"12,6 km/l",9 km/l,145 mm,Kit de reparo e enchimento,,,,,,,,,,,,,,,,,,,,,,,,,,,,,,,,,,,,,,,,,,,,,,,,,,,,,,
bmw,118i,118i,118i-2-0-at-2011,118i-2-0-at-2011,https://www.fichacompleta.com.br/carros/bmw/118i-2-0-at-2011,2026-06-18T14:59:13.366441,Bmw 118i 2.0 AT 2011,"10,1 s",204 km/h,Corrente,Injeção multiponto,Natural,1995 cm³,4 em linha,N46B20U2,Duplo no cabeçote,90 mm,84 mm,Longitudinal,Dianteiro,"9,6 kg/cv","70,7 kg/kgfm","68,2 cv/litro",136 cv,"10,5:1",,,"9,2 kgfm/litro","18,4 kgfm",4,Admissão e escape,Conversor de torque,Automático,,6,,Traseira,1421 mm,1484 mm,1497 mm,500 kg,4239 mm,2660 mm,1748 mm,1300 kg,330 litros,,,53 litros,113 mm,Disco ventilado,Disco ventilado,"2,11 m²","0,654 m²","0,31",,Eletro-hidráulica,"10,7 m",,"Indep., McPherson",Mola helicoidal,"Indep., multibraço",668 km,477 km,"12,6 km/l",9 km/l,145 mm,Kit de reparo e enchimento,5750 rpm,3250 rpm,,,,,,,,,,,,,,,,,,,,,,,,,,,,,,,,,,,,,,,,,,,,,,,,,,,,
bmw,118i,118i,118i-2-0-at-2011-gasolina,118i-2-0-at-2011-gasolina,https://www.fichacompleta.com.br/carros/bmw/118i-2-0-at-2011-gasolina,2026-06-18T14:59:18.097827,Bmw 118i 2.0 AT 2011,"10,1 s",204 km/h,Corrente,Injeção multiponto,Natural,,4 em linha,N46B20U2,Duplo no cabeçote,90 mm,84 mm,Longitudinal,Dianteiro,"9,49 kg/cv","70,1 kg/kgfm","68,2 cv/litro",136 cv,"10,5:1",,,"9,2 kgfm/litro","18,4 kgfm",4,Admissão e escape,Conversor de torque,Automático,ZF 6HP,6,,Traseira,1421 mm,1484 mm,1497 mm,500 kg,4239 mm,2660 mm,1748 mm,1290 kg,330 litros,,,53 litros,113 mm,Disco ventilado,Disco ventilado,"2,11 m²","0,633 m²","0,3",,Eletro-hidráulica,"10,7 m",,"Indep., McPherson",Mola helicoidal,"Indep., multibraço",668 km,477 km,"12,6 km/l",9 km/l,145 mm,Kit de reparo,5750 rpm,3250 rpm,499 cm³,1995 cm³,,,,,,,,,,,,,,,,,,,,,,,,,,,,,,,,,,,,,,,,,,,,,,,,,,
bmw,118i,118i,118i-1-6-turbo-2012,118i-1-6-turbo-2012,https://www.fichacompleta.com.br/carros/bmw/118i-1-6-turbo-2012,2026-06-18T14:59:21.854541,Bmw 118i 1.6 Turbo 2012,"7,5 s",222 km/h,Corrente,Injeção direta,Turbocompressor,1598 cm³,4 em linha,N13B16,Duplo no cabeçote,"85,8 mm",77 mm,Longitudinal,Dianteiro,"8,2 kg/cv","54,5 kg/kgfm","106,4 cv/litro",170 cv,"10,5:1",4800 rpm,1500 rpm,"16,0 kgfm/litro","25,5 kgfm",4,Admissão e escape,Conversor de torque,Automático,ZF 8HP,8,8,Traseira,1421 mm,1535 mm,1569 mm,530 kg,4324 mm,2690 mm,1765 mm,1390 kg,360 litros,1200 kg,670 kg,52 litros,103 mm,Disco ventilado,Disco sólido,"2,14 m²","0,685 m²","0,32","0,32",Eletro-hidráulica,"10,9 m","10,9 m","Indep., McPherson",Mola helicoidal,"Indep., multibraço",567 km,432 km,"10,9 km/l","8,3 km/l",140 mm,Kit de reparo e enchimento,,,,,,,,,,,,,,,,,,,,,,,,,,,,,,,,,,,,,,,,,,,,,,,,,,,,,,
bmw,118i,118i,118i-2-0-at-2012,118i-2-0-at-2012,https://www.fichacompleta.com.br/carros/bmw/118i-2-0-at-2012,2026-06-18T14:59:28.135282,Bmw 118i 2.0 AT 2012,"10,1 s",204 km/h,,Injeção multiponto,Natural,1995 cm³,4 em linha,N46B20U2,"Duplo no cabeçote, corrente",90 mm,84 mm,Longitudinal,Dianteiro,"9,6 kg/cv","70,7 kg/kgfm","68,2 cv/litro",136 cv a 5750 rpm,"10,5:1",,,"9,2 kgfm/litro","18,4 kgfm a 3250 rpm",4,Admissão e escape,Conversor de torque,Automático,,,6,Traseira,1421 mm,1484 mm,1497 mm,500 kg,4239 mm,2660 mm,1748 mm,1300 kg,330 litros,,,53 litros,113 mm,Disco ventilado,Disco ventilado,"2,11 m²","0,654 m²",,"0,31",Eletro-hidráulica,,"10,7 m","Independente, McPherson",Mola helicoidal,"Independente, multibraço",668 km,477 km,"12,6 km/l",9 km/l,145 mm,Kit de reparo e enchimento,,,,,,,,,,,,,,,,,,,,,,,,,,,,,,,,,,,,,,,,,,,,,,,,,,,,,,
bmw,118i,118i,118i-2-0-at-2012-gasolina,118i-2-0-at-2012-gasolina,https://www.fichacompleta.com.br/carros/bmw/118i-2-0-at-2012-gasolina,2026-06-18T14:59:33.164503,Bmw 118i 2.0 AT 2012,"10,1 s",204 km/h,Corrente,Injeção multiponto,Natural,,4 em linha,N46B20U2,Duplo no cabeçote,90 mm,84 mm,Longitudinal,Dianteiro,"9,49 kg/cv","70,1 kg/kgfm","68,2 cv/litro",136 cv,"10,5:1",,,"9,2 kgfm/litro","18,4 kgfm",4,Admissão e escape,Conversor de torque,Automático,ZF 6HP,6,,Traseira,1421 mm,1484 mm,1497 mm,500 kg,4239 mm,2660 mm,1748 mm,1290 kg,330 litros,,,53 litros,113 mm,Disco ventilado,Disco ventilado,"2,11 m²","0,633 m²","0,3",,Eletro-hidráulica,"10,7 m",,"Indep., McPherson",Mola helicoidal,"Indep., multibraço",668 km,477 km,"12,6 km/l",9 km/l,145 mm,Kit de reparo,5750 rpm,3250 rpm,499 cm³,1995 cm³,,,,,,,,,,,,,,,,,,,,,,,,,,,,,,,,,,,,,,,,,,,,,,,,,,
bmw,118i,118i,118i-1-6-turbo-2013,118i-1-6-turbo-2013,https://www.fichacompleta.com.br/carros/bmw/118i-1-6-turbo-2013,2026-06-18T14:59:37.960953,Bmw 118i 1.6 Turbo 2013,"7,5 s",222 km/h,,Injeção direta,Turbocompressor,1598 cm³,4 em linha,N13B16,"Duplo no cabeçote, corrente","85,8 mm",77 mm,Longitudinal,Dianteiro,"8,2 kg/cv","54,5 kg/kgfm","106,4 cv/litro",170 cv a 4800 rpm,"10,5:1",,,"16,0 kgfm/litro","25,5 kgfm a 1500 rpm",4,Admissão e escape,Conversor de torque,Automático,ZF 8HP,,8,Traseira,1421 mm,1535 mm,1569 mm,530 kg,4324 mm,2690 mm,1765 mm,1390 kg,360 litros,1200 kg,670 kg,52 litros,103 mm,Disco ventilado,Disco sólido,"2,14 m²","0,685 m²",,"0,32",Eletro-hidráulica,,"10,9 m","Independente, McPherson",Mola helicoidal,"Independente, multibraço",567 km,432 km,"10,9 km/l","8,3 km/l",140 mm,Kit de reparo e enchimento,,,,,,,,,,,,,,,,,,,,,,,,,,,,,,,,,,,,,,,,,,,,,,,,,,,,,,
bmw,118i,118i,118i-1-6-turbo-2014,118i-1-6-turbo-2014,https://www.fichacompleta.com.br/carros/bmw/118i-1-6-turbo-2014,2026-06-18T14:59:41.555931,Bmw 118i 1.6 Turbo 2014,"7,5 s",222 km/h,,Injeção direta,Turbocompressor,1598 cm³,4 em linha,N13B16,"Duplo no cabeçote, corrente","85,8 mm",77 mm,Longitudinal,Dianteiro,"8,2 kg/cv","54,5 kg/kgfm","106,4 cv/litro",170 cv a 4800 rpm,"10,5:1",,,"16,0 kgfm/litro","25,5 kgfm a 1500 rpm",4,Admissão e escape,Conversor de torque,Automático,ZF 8HP,,8,Traseira,1421 mm,1535 mm,1569 mm,530 kg,4324 mm,2690 mm,1765 mm,1390 kg,360 litros,1200 kg,670 kg,52 litros,103 mm,Disco ventilado,Disco sólido,"2,14 m²","0,685 m²",,"0,32",Eletro-hidráulica,,"10,9 m","Independente, McPherson",Mola helicoidal,"Independente, multibraço",567 km,432 km,"10,9 km/l","8,3 km/l",140 mm,Kit de reparo e enchimento,,,,,,,,,,,,,,,,,,,,,,,,,,,,,,,,,,,,,,,,,,,,,,,,,,,,,,
bmw,118i,118i,118i-1-6-turbo-2015,118i-1-6-turbo-2015,https://www.fichacompleta.com.br/carros/bmw/118i-1-6-turbo-2015,2026-06-18T14:59:45.993113,Bmw 118i 1.6 Turbo 2015,"7,5 s",222 km/h,,Injeção direta,Turbocompressor,1598 cm³,4 em linha,N13B16,"Duplo no cabeçote, corrente","85,8 mm",77 mm,Longitudinal,Dianteiro,"8,2 kg/cv","54,5 kg/kgfm","106,4 cv/litro",170 cv a 4800 rpm,"10,5:1",,,"16,0 kgfm/litro","25,5 kgfm a 1500 rpm",4,Admissão e escape,Conversor de torque,Automático,ZF 8HP,,8,Traseira,1421 mm,1535 mm,1569 mm,530 kg,4324 mm,2690 mm,1765 mm,1390 kg,360 litros,1200 kg,670 kg,52 litros,103 mm,Disco ventilado,Disco sólido,"2,14 m²","0,685 m²",,"0,32",Eletro-hidráulica,,"10,9 m","Independente, McPherson",Mola helicoidal,"Independente, multibraço",567 km,432 km,"10,9 km/l","8,3 km/l",140 mm,Kit de reparo e enchimento,,,,,,,,,,,,,,,,,,,,,,,,,,,,,,,,,,,,,,,,,,,,,,,,,,,,,,
bmw,118i,118i,118i-sport-gp-1-5-2020,118i-sport-gp-1-5-2020,https://www.fichacompleta.com.br/carros/bmw/118i-sport-gp-1-5-2020,2026-06-18T14:59:49.597720,Bmw 118i Sport GP 1.5 2020,"8,5 s",211 km/h,Corrente,Injeção direta,Turbocompressor,1499 cm³,3 em linha,B38B15,Duplo no cabeçote,"94,6 mm",82 mm,Transversal,Dianteiro,"9,4 kg/cv","58,9 kg/kgfm","93,4 cv/litro",140 cv,11:1,,,"14,9 kgfm/litro","22,4 kgfm",4,Admissão e escape,Embreagem dupla banhada a óleo,Automatizado,,7,,Dianteira,1434 mm,1565 mm,1565 mm,550 kg,4319 mm,2670 mm,1799 mm,1320 kg,380 litros,1300 kg,695 kg,42 litros,92 mm,Disco ventilado,Disco ventilado,"2,19 m²","0,569 m²","0,26",,Eletro-hidráulica,"11,4 m",,"Indep., McPherson",Mola helicoidal,"Indep., multibraço",563 km,508 km,"13,4 km/l","12,1 km/l",153 mm,Kit de reparo e enchimento,4600 rpm,1480 rpm,,,6500 rpm,Hidráulicos,,,,,,,,,,,,,,,,,,,,,,,,,,,,,,,,,,,,,,,,,,,,,,,,
bmw,118i,118i,118i-sport-gp-1-5-2021,118i-sport-gp-1-5-2021,https://www.fichacompleta.com.br/carros/bmw/118i-sport-gp-1-5-2021,2026-06-18T14:59:52.957605,Bmw 118i Sport GP 1.5 2021,"8,5 s",211 km/h,Corrente,Injeção direta,Turbocompressor,1499 cm³,3 em linha,B38B15,Duplo no cabeçote,"94,6 mm",82 mm,Transversal,Dianteiro,"9,4 kg/cv","58,9 kg/kgfm","93,4 cv/litro",140 cv,11:1,,,"14,9 kgfm/litro","22,4 kgfm",4,Admissão e escape,Embreagem dupla banhada a óleo,Automatizado,,7,,Dianteira,1434 mm,1565 mm,1565 mm,550 kg,4319 mm,2670 mm,1799 mm,1320 kg,380 litros,1300 kg,695 kg,42 litros,92 mm,Disco ventilado,Disco ventilado,"2,19 m²","0,569 m²","0,26",,Eletro-hidráulica,"11,4 m",,"Indep., McPherson",Mola helicoidal,"Indep., multibraço",563 km,508 km,"13,4 km/l","12,1 km/l",153 mm,Kit de reparo e enchimento,4600 rpm,1480 rpm,,,6500 rpm,Hidráulicos,,,,,,,,,,,,,,,,,,,,,,,,,,,,,,,,,,,,,,,,,,,,,,,,
bmw,118i,118i,118i-sport-gp-1-5-2022,118i-sport-gp-1-5-2022,https://www.fichacompleta.com.br/carros/bmw/118i-sport-gp-1-5-2022,2026-06-18T14:59:58.909695,Bmw 118i Sport GP 1.5 2022,"8,5 s",211 km/h,Corrente,Injeção direta,Turbocompressor,1499 cm³,3 em linha,B38B15,Duplo no cabeçote,"94,6 mm",82 mm,Transversal,Dianteiro,"9,4 kg/cv","58,9 kg/kgfm","93,4 cv/litro",140 cv,11:1,4600 rpm,1480 rpm,"14,9 kgfm/litro","22,4 kgfm",4,Admissão e escape,Embreagem dupla banhada a óleo,Automatizado,,7,,Dianteira,1434 mm,1565 mm,1565 mm,550 kg,4319 mm,2670 mm,1799 mm,1320 kg,380 litros,1300 kg,695 kg,42 litros,92 mm,Disco ventilado,Disco ventilado,"2,19 m²","0,569 m²","0,26",,Eletro-hidráulica,"11,4 m",,"Indep., McPherson",Mola helicoidal,"Indep., multibraço",546 km,483 km,13 km/l,"11,5 km/l",153 mm,Kit de reparo e enchimento,,,,,6500 rpm,Hidráulicos,,,,,,,,,,,,,,,,,,,,,,,,,,,,,,,,,,,,,,,,,,,,,,,,
bmw,118i,118i,118i-m-sport-1-5-2023,118i-m-sport-1-5-2023,https://www.fichacompleta.com.br/carros/bmw/118i-m-sport-1-5-2023,2026-06-18T15:00:04.521812,Bmw 118i M Sport 1.5 2023,"8,5 s",211 km/h,Corrente,Injeção direta,Turbocompressor,,3 em linha,B38B15,Duplo no cabeçote,"94,6 mm",82 mm,Transversal,Dianteiro,"9,43 kg/cv","58,9 kg/kgfm","93,4 cv/litro",140 cv,11:1,,,"14,9 kgfm/litro","22,4 kgfm",4,Admissão e escape,Embreagem dupla banhada a óleo,Automatizado,,7,,Dianteira,1434 mm,1565 mm,1565 mm,550 kg,4319 mm,2670 mm,1799 mm,1320 kg,380 litros,1300 kg,695 kg,42 litros,101 mm,Disco ventilado,Disco ventilado,"2,19 m²","0,569 m²","0,26",,Elétrica,"11,4 m",,"Indep., McPherson",Mola helicoidal,"Indep., multibraço",546 km,483 km,13 km/l,"11,5 km/l",153 mm,Kit de reparo e enchimento,4600 rpm,1480 rpm,500 cm³,1499 cm³,6500 rpm,Hidráulicos,,,,,,,,,,,,,,,,,,,,,,,,,,,,,,,,,,,,,,,,,,,,,,,,
bmw,118i,118i,118i-sport-gp-1-5-2023,118i-sport-gp-1-5-2023,https://www.fichacompleta.com.br/carros/bmw/118i-sport-gp-1-5-2023,2026-06-18T15:00:12.146229,Bmw 118i Sport GP 1.5 2023,"8,5 s",211 km/h,Corrente,Injeção direta,Turbocompressor,,3 em linha,B38B15,Duplo no cabeçote,"94,6 mm",82 mm,Transversal,Dianteiro,"9,43 kg/cv","58,9 kg/kgfm","93,4 cv/litro",140 cv,11:1,,,"14,9 kgfm/litro","22,4 kgfm",4,Admissão e escape,Embreagem dupla banhada a óleo,Automatizado,,7,,Dianteira,1434 mm,1565 mm,1565 mm,550 kg,4319 mm,2670 mm,1799 mm,1320 kg,380 litros,1300 kg,695 kg,42 litros,92 mm,Disco ventilado,Disco ventilado,"2,19 m²","0,569 m²","0,26",,Elétrica,"11,4 m",,"Indep., McPherson",Mola helicoidal,"Indep., multibraço",546 km,483 km,13 km/l,"11,5 km/l",153 mm,Kit de reparo e enchimento,4600 rpm,1480 rpm,500 cm³,1499 cm³,6500 rpm,Hidráulicos,,,,,,,,,,,,,,,,,,,,,,,,,,,,,,,,,,,,,,,,,,,,,,,,
bmw,118i,118i,118i-m-sport-1-5-2024,118i-m-sport-1-5-2024,https://www.fichacompleta.com.br/carros/bmw/118i-m-sport-1-5-2024,2026-06-18T15:00:18.196754,Bmw 118i M Sport 1.5 2024,"8,5 s",211 km/h,Corrente,Injeção direta,Turbocompressor,,3 em linha,B38B15,Duplo no cabeçote,"94,6 mm",82 mm,Transversal,Dianteiro,"9,43 kg/cv","58,9 kg/kgfm","93,4 cv/litro",140 cv,11:1,,,"14,9 kgfm/litro","22,4 kgfm",4,Admissão e escape,Embreagem dupla banhada a óleo,Automatizado,,7,,Dianteira,1434 mm,1565 mm,1565 mm,550 kg,4319 mm,2670 mm,1799 mm,1320 kg,380 litros,1300 kg,695 kg,42 litros,101 mm,Disco ventilado,Disco ventilado,"2,19 m²","0,569 m²","0,26",,Elétrica,"11,4 m",,"Indep., McPherson",Mola helicoidal,"Indep., multibraço",546 km,483 km,13 km/l,"11,5 km/l",153 mm,Kit de reparo e enchimento,4600 rpm,1480 rpm,500 cm³,1499 cm³,6500 rpm,Hidráulicos,,,,,,,,,,,,,,,,,,,,,,,,,,,,,,,,,,,,,,,,,,,,,,,,
bmw,118i,118i,118i-sport-gp-1-5-2024,118i-sport-gp-1-5-2024,https://www.fichacompleta.com.br/carros/bmw/118i-sport-gp-1-5-2024,2026-06-18T15:00:21.967365,Bmw 118i Sport GP 1.5 2024,"8,5 s",211 km/h,Corrente,Injeção direta,Turbocompressor,,3 em linha,B38B15,Duplo no cabeçote,"94,6 mm",82 mm,Transversal,Dianteiro,"9,43 kg/cv","58,9 kg/kgfm","93,4 cv/litro",140 cv,11:1,,,"14,9 kgfm/litro","22,4 kgfm",4,Admissão e escape,Embreagem dupla banhada a óleo,Automatizado,,7,,Dianteira,1434 mm,1565 mm,1565 mm,550 kg,4319 mm,2670 mm,1799 mm,1320 kg,380 litros,1300 kg,695 kg,42 litros,92 mm,Disco ventilado,Disco ventilado,"2,19 m²","0,569 m²","0,26",,Elétrica,"11,4 m",,"Indep., McPherson",Mola helicoidal,"Indep., multibraço",546 km,483 km,13 km/l,"11,5 km/l",153 mm,Kit de reparo e enchimento,4600 rpm,1480 rpm,500 cm³,1499 cm³,6500 rpm,Hidráulicos,,,,,,,,,,,,,,,,,,,,,,,,,,,,,,,,,,,,,,,,,,,,,,,,
bmw,120i,120i,120i-2-0-at-2005,120i-2-0-at-2005,https://www.fichacompleta.com.br/carros/bmw/120i-2-0-at-2005,2026-06-18T15:00:42.063889,Bmw 120i 2.0 AT 2005,"9,2 s",213 km/h,Corrente,Injeção multiponto,Natural,1995 cm³,4 em linha,N46B20O1,Duplo no cabeçote,90 mm,84 mm,Longitudinal,Dianteiro,"8,5 kg/cv","62,5 kg/kgfm","75,2 cv/litro",150 cv,"10,5:1",6200 rpm,3500 rpm,"10,2 kgfm/litro","20,4 kgfm",4,Admissão e escape,Conversor de torque,Automático,,6,6,Traseira,1430 mm,1484 mm,1497 mm,,4227 mm,2660 mm,1751 mm,1275 kg,330 litros,,,50 litros,107 mm,Disco ventilado,Disco ventilado,"2,13 m²","0,618 m²","0,29","0,29",Hidráulica,"10,7 m","10,7 m","Indep., McPherson",Mola helicoidal,"Indep., multibraço",550 km,335 km,11 km/l,"6,7 km/l",,,,,,,,,,,,,,,,,,,,,,,,,,,,,,,,,,,,,,,,,,,,,,,,,,,,,,,,
bmw,120i,120i,120i-2-0-2006,120i-2-0-2006,https://www.fichacompleta.com.br/carros/bmw/120i-2-0-2006,2026-06-18T15:00:45.533129,Bmw 120i 2.0 2006,"8,7 s",217 km/h,Corrente,Injeção multiponto,Natural,1995 cm³,4 em linha,N46B20O1,Duplo no cabeçote,90 mm,84 mm,Longitudinal,Dianteiro,"8,4 kg/cv","61,8 kg/kgfm","75,2 cv/litro",150 cv,"10,5:1",,,"10,2 kgfm/litro","20,4 kgfm",4,Admissão e escape,Embreagem monodisco a seco,Manual,ZF H,6,,Traseira,1430 mm,1484 mm,1497 mm,500 kg,4227 mm,2660 mm,1751 mm,1260 kg,330 litros,,,50 litros,107 mm,Disco ventilado,Disco ventilado,"2,09 m²","0,648 m²","0,31",,Hidráulica,"10,7 m",,"Indep., McPherson",Mola helicoidal,"Indep., multibraço",560 km,360 km,"11,2 km/l","7,2 km/l",,,6200 rpm,3600 rpm,,,6500 rpm,,,,,,,,,,,,,,,,,,,,,,,,,,,,,,,,,,,,,,,,,,,,,,,,,
bmw,120i,120i,120i-2-0-at-2006,120i-2-0-at-2006,https://www.fichacompleta.com.br/carros/bmw/120i-2-0-at-2006,2026-06-18T15:00:49.833076,Bmw 120i 2.0 AT 2006,"9,2 s",213 km/h,Corrente,Injeção multiponto,Natural,1995 cm³,4 em linha,N46B20O1,Duplo no cabeçote,90 mm,84 mm,Longitudinal,Dianteiro,"8,5 kg/cv","62,5 kg/kgfm","75,2 cv/litro",150 cv,"10,5:1",,,"10,2 kgfm/litro","20,4 kgfm",4,Admissão e escape,Conversor de torque,Automático,,6,,Traseira,1430 mm,1484 mm,1497 mm,,4227 mm,2660 mm,1751 mm,1275 kg,330 litros,,,50 litros,107 mm,Disco ventilado,Disco ventilado,"2,13 m²","0,618 m²","0,29",,Hidráulica,"10,7 m",,"Indep., McPherson",Mola helicoidal,"Indep., multibraço",550 km,335 km,11 km/l,"6,7 km/l",,,6200 rpm,3500 rpm,,,,,,,,,,,,,,,,,,,,,,,,,,,,,,,,,,,,,,,,,,,,,,,,,,,,
bmw,120i,120i,120i-2-0-at-2007,120i-2-0-at-2007,https://www.fichacompleta.com.br/carros/bmw/120i-2-0-at-2007,2026-06-18T15:00:53.783257,Bmw 120i 2.0 AT 2007,"9,2 s",213 km/h,,Injeção multiponto,Natural,1995 cm³,4 em linha,N46B20O1,"Duplo no cabeçote, corrente",,,Longitudinal,Dianteiro,"8,5 kg/cv","62,5 kg/kgfm","75,2 cv/litro",150 cv a 6200 rpm,"10,5:1",,,"10,2 kgfm/litro","20,4 kgfm a 3500 rpm",4,Admissão e escape,Conversor de torque,Automático,,,6,Traseira,1430 mm,1484 mm,1497 mm,,4227 mm,2660 mm,1751 mm,1275 kg,330 litros,,,50 litros,107 mm,Disco ventilado,Disco ventilado,"2,13 m²","0,618 m²",,"0,29",Hidráulica,,"10,7 m","Independente, McPherson",Mola helicoidal,"Independente, multibraço",550 km,335 km,11 km/l,"6,7 km/l",,,,,,,,,90 mm,84 mm,,,,,,,,,,,,,,,,,,,,,,,,,,,,,,,,,,,,,,,,,,,,,,
bmw,120i,120i,120i-2-0-2008,120i-2-0-2008,https://www.fichacompleta.com.br/carros/bmw/120i-2-0-2008,2026-06-18T15:00:56.751549,Bmw 120i 2.0 2008,"8,6 s",215 km/h,,Injeção multiponto,Natural,1995 cm³,4 em linha,N46B20O2,"Duplo no cabeçote, corrente",90 mm,84 mm,Longitudinal,Dianteiro,"8,5 kg/cv","64,7 kg/kgfm","78,2 cv/litro",156 cv a 6400 rpm,"10,5:1",,,"10,2 kgfm/litro","20,4 kgfm a 3600 rpm",4,Admissão e escape,Embreagem monodisco a seco,Manual,,,6,Traseira,1421 mm,1480 mm,1493 mm,440 kg,4239 mm,2660 mm,1748 mm,1320 kg,330 litros,,,53 litros,113 mm,Disco ventilado,Disco ventilado,"2,11 m²","0,612 m²",,"0,29",Hidráulica,,"10,7 m","Independente, McPherson",Mola helicoidal,"Independente, multibraço",604 km,376 km,"11,4 km/l","7,1 km/l",,,,,,,,,,,,,,,,,,,,,,,,,,,,,,,,,,,,,,,,,,,,,,,,,,,,,,,,
bmw,120i,120i,120i-2-0-at-2008,120i-2-0-at-2008,https://www.fichacompleta.com.br/carros/bmw/120i-2-0-at-2008,2026-06-18T15:01:01.226417,Bmw 120i 2.0 AT 2008,"9,2 s",213 km/h,,Injeção multiponto,Natural,1995 cm³,4 em linha,N46B20O2,"Duplo no cabeçote, corrente",90 mm,84 mm,Longitudinal,Dianteiro,"8,5 kg/cv","64,7 kg/kgfm","78,2 cv/litro",156 cv a 6400 rpm,"10,5:1",,,"10,2 kgfm/litro","20,4 kgfm a 3600 rpm",4,Admissão e escape,Conversor de torque,Automático,,,6,Traseira,1421 mm,1480 mm,1493 mm,440 kg,4239 mm,2660 mm,1748 mm,1320 kg,330 litros,,,53 litros,113 mm,Disco ventilado,Disco ventilado,"2,11 m²","0,612 m²",,"0,29",Hidráulica,,"10,7 m","Independente, McPherson",Mola helicoidal,"Independente, multibraço",599 km,371 km,"11,3 km/l",7 km/l,,,,,,,,,,,,,,,,,,,,,,,,,,,,,,,,,,,,,,,,,,,,,,,,,,,,,,,,
bmw,120i,120i,120i-2-0-at-2009,120i-2-0-at-2009,https://www.fichacompleta.com.br/carros/bmw/120i-2-0-at-2009,2026-06-18T15:01:04.682931,Bmw 120i 2.0 AT 2009,"9,2 s",213 km/h,,Injeção multiponto,Natural,1995 cm³,4 em linha,N46B20O2,"Duplo no cabeçote, corrente",90 mm,84 mm,Longitudinal,Dianteiro,"8,5 kg/cv","64,7 kg/kgfm","78,2 cv/litro",156 cv a 6400 rpm,"10,5:1",,,"10,2 kgfm/litro","20,4 kgfm a 3600 rpm",4,Admissão e escape,Conversor de torque,Automático,,,6,Traseira,1421 mm,1480 mm,1493 mm,440 kg,4239 mm,2660 mm,1748 mm,1320 kg,330 litros,,,53 litros,113 mm,Disco ventilado,Disco ventilado,"2,11 m²","0,612 m²",,"0,29",Hidráulica,,"10,7 m","Independente, McPherson",Mola helicoidal,"Independente, multibraço",599 km,371 km,"11,3 km/l",7 km/l,,,,,,,,,,,,,,,,,,,,,,,,,,,,,,,,,,,,,,,,,,,,,,,,,,,,,,,,
bmw,120i,120i,120i-2-0-at-2009-gasolina,120i-2-0-at-2009-gasolina,https://www.fichacompleta.com.br/carros/bmw/120i-2-0-at-2009-gasolina,2026-06-18T15:01:10.083056,Bmw 120i 2.0 AT 2009,"9,2 s",213 km/h,,Injeção multiponto,Natural,1995 cm³,4 em linha,N46B20O2,"Duplo no cabeçote, corrente",,,Longitudinal,Dianteiro,"8,5 kg/cv","64,7 kg/kgfm","78,2 cv/litro",156 cv a 6400 rpm,"10,5:1",,,"10,2 kgfm/litro","20,4 kgfm a 3600 rpm",4,Admissão e escape,Conversor de torque,Automático,,,6,Traseira,1421 mm,1480 mm,1493 mm,440 kg,4239 mm,2660 mm,1748 mm,1320 kg,330 litros,,,53 litros,113 mm,Disco ventilado,Disco ventilado,"2,11 m²","0,612 m²",,"0,29",Hidráulica,,"10,7 m","Independente, McPherson",Mola helicoidal,"Independente, multibraço",599 km,371 km,"11,3 km/l",7 km/l,,,,,,,,,90 mm,84 mm,,,,,,,,,,,,,,,,,,,,,,,,,,,,,,,,,,,,,,,,,,,,,,
bmw,120i,120i,120i-2-0-at-2010,120i-2-0-at-2010,https://www.fichacompleta.com.br/carros/bmw/120i-2-0-at-2010,2026-06-18T15:01:14.828539,Bmw 120i 2.0 AT 2010,"9,2 s",213 km/h,Corrente,Injeção multiponto,Natural,1995 cm³,4 em linha,N46B20O2,Duplo no cabeçote,90 mm,84 mm,Longitudinal,Dianteiro,"8,5 kg/cv","64,7 kg/kgfm","78,2 cv/litro",156 cv,"10,5:1",,,"10,2 kgfm/litro","20,4 kgfm",4,Admissão e escape,Conversor de torque,Automático,,6,,Traseira,1421 mm,1480 mm,1493 mm,440 kg,4239 mm,2660 mm,1748 mm,1320 kg,330 litros,,,53 litros,113 mm,Disco ventilado,Disco ventilado,"2,11 m²","0,612 m²","0,29",,Hidráulica,"10,7 m",,"Indep., McPherson",Mola helicoidal,"Indep., multibraço",599 km,371 km,"11,3 km/l",7 km/l,,,6400 rpm,3600 rpm,,,,,,,,,,,,,,,,,,,,,,,,,,,,,,,,,,,,,,,,,,,,,,,,,,,,
bmw,120i,120i,120i-2-0-at-2011,120i-2-0-at-2011,https://www.fichacompleta.com.br/carros/bmw/120i-2-0-at-2011,2026-06-18T15:01:18.311713,Bmw 120i 2.0 AT 2011,"8,4 s",222 km/h,,Injeção direta,Natural,1995 cm³,4 em linha,,"Duplo no cabeçote, corrente",90 mm,84 mm,Longitudinal,Dianteiro,"7,8 kg/cv","61,7 kg/kgfm","85,2 cv/litro",170 cv a 6700 rpm,12:1,,,"10,7 kgfm/litro","21,4 kgfm a 4250 rpm",4,Admissão e escape,Conversor de torque,Automático,,,6,Traseira,1421 mm,1480 mm,1493 mm,500 kg,4239 mm,2660 mm,1748 mm,1320 kg,330 litros,,,53 litros,113 mm,Disco ventilado,Disco ventilado,"2,11 m²","0,612 m²",,"0,29",Hidráulica,,"10,7 m","Independente, McPherson",Mola helicoidal,"Independente, multibraço",599 km,371 km,"11,3 km/l",7 km/l,,,,,,,,,,,,,,,,,,,,,,,,,,,,,,,,,,,,,,,,,,,,,,,,,,,,,,,,
bmw,120i,120i,120i-2-0-at-2012,120i-2-0-at-2012,https://www.fichacompleta.com.br/carros/bmw/120i-2-0-at-2012,2026-06-18T15:01:23.291999,Bmw 120i 2.0 AT 2012,"8,4 s",222 km/h,Corrente,Injeção direta,Natural,1995 cm³,4 em linha,,Duplo no cabeçote,90 mm,84 mm,Longitudinal,Dianteiro,"7,8 kg/cv","61,7 kg/kgfm","85,2 cv/litro",170 cv,12:1,,,"10,7 kgfm/litro","21,4 kgfm",4,Admissão e escape,Conversor de torque,Automático,,6,,Traseira,1421 mm,1480 mm,1493 mm,500 kg,4239 mm,2660 mm,1748 mm,1320 kg,330 litros,,,53 litros,113 mm,Disco ventilado,Disco ventilado,"2,11 m²","0,612 m²","0,29",,Hidráulica,"10,7 m",,"Indep., McPherson",Mola helicoidal,"Indep., multibraço",599 km,371 km,"11,3 km/l",7 km/l,,,6700 rpm,4250 rpm,,,,,,,,,,,,,,,,,,,,,,,,,,,,,,,,,,,,,,,,,,,,,,,,,,,,
bmw,120i,120i,120i-2-0-at-2015,120i-2-0-at-2015,https://www.fichacompleta.com.br/carros/bmw/120i-2-0-at-2015,2026-06-18T15:01:26.303382,Bmw 120i 2.0 AT 2015,"7,2 s",238 km/h,,Injeção direta,Turbocompressor,1997 cm³,4 em linha,N20B20,"Duplo no cabeçote, corrente","90,1 mm",84 mm,Longitudinal,Dianteiro,"7,7 kg/cv","51,6 kg/kgfm","92,1 cv/litro",184 cv (A) 184 cv (G) a 5000 rpm,11:1,,,"13,8 kgfm/litro","27,5 kgfm (A) 27,5 kgfm (G) a 1250 rpm",4,Admissão e escape,Conversor de torque,Automático,ZF 8HP,,8,Traseira,1421 mm,1521 mm,1556 mm,530 kg,4324 mm,2690 mm,1765 mm,1420 kg,360 litros,,,52 litros,113 mm,Disco ventilado,Disco ventilado,"2,13 m²","0,682 m²",,"0,32",Eletro-hidráulica,,"10,9 m","Independente, McPherson",Mola helicoidal,"Independente, multibraço",692 km,489 km,"13,3 km/l","9,4 km/l",140 mm,,,,,,,,,,484 km,343 km,"9,3 km/l","6,6 km/l",,,,,,,,,,,,,,,,,,,,,,,,,,,,,,,,,,,,,,,,,,
bmw,120i,120i,120i-2-0-at-2016,120i-2-0-at-2016,https://www.fichacompleta.com.br/carros/bmw/120i-2-0-at-2016,2026-06-18T15:01:28.854386,Bmw 120i 2.0 AT 2016,"7,2 s",238 km/h,,Injeção direta,Turbocompressor,1997 cm³,4 em linha,N20B20,"Duplo no cabeçote, corrente","90,1 mm",84 mm,Longitudinal,Dianteiro,"7,7 kg/cv","51,6 kg/kgfm","92,1 cv/litro",184 cv (A) 184 cv (G) a 5000 rpm,11:1,,,"13,8 kgfm/litro","27,5 kgfm (A) 27,5 kgfm (G) a 1250 rpm",4,Admissão e escape,Conversor de torque,Automático,ZF 8HP,,8,Traseira,1421 mm,1521 mm,1556 mm,530 kg,4329 mm,2690 mm,1765 mm,1420 kg,360 litros,,,52 litros,113 mm,Disco ventilado,Disco ventilado,"2,13 m²","0,660 m²",,"0,31",Eletro-hidráulica,,"10,9 m","Independente, McPherson",Mola helicoidal,"Independente, multibraço",692 km,489 km,"13,3 km/l","9,4 km/l",140 mm,,,,,,,,,,484 km,343 km,"9,3 km/l","6,6 km/l",,,,,,,,,,,,,,,,,,,,,,,,,,,,,,,,,,,,,,,,,,
bmw,120i,120i,120i-sport-2-0-2019,120i-sport-2-0-2019,https://www.fichacompleta.com.br/carros/bmw/120i-sport-2-0-2019,2026-06-18T15:01:33.809023,Bmw 120i Sport 2.0 2019,"7,1 s",225 km/h,,Injeção direta,Turbocompressor,1998 cm³,4 em linha,B48B20,"Duplo no cabeçote, corrente","94,6 mm",82 mm,Longitudinal,Dianteiro,"7,5 kg/cv","50,2 kg/kgfm","92,1 cv/litro",184 cv a 5000 rpm,11:1,,,"13,8 kgfm/litro","27,5 kgfm a 1350 rpm",4,Admissão e escape,Conversor de torque,Automático,ZF 8HP,,8,Traseira,1421 mm,1535 mm,1569 mm,560 kg,4329 mm,2690 mm,1765 mm,1380 kg,360 litros,1200 kg,680 kg,52 litros,92 mm,Disco ventilado,Disco ventilado,"2,13 m²","0,660 m²",,"0,31",Eletro-hidráulica,,"10,9 m","Independente, McPherson",Mola helicoidal,"Independente, multibraço",671 km,551 km,"12,9 km/l","10,6 km/l",140 mm,,,,,,6800 rpm,Hidráulicos,,,,,,,,,,,,,,,,,,,,,,,,,,,,,,,,,,,,,,,,,,,,,,,,
bmw,120i,120i,120i-sport-gp-2-0-2019,120i-sport-gp-2-0-2019,https://www.fichacompleta.com.br/carros/bmw/120i-sport-gp-2-0-2019,2026-06-18T15:01:57.940150,Bmw 120i Sport GP 2.0 2019,"7,1 s",225 km/h,,Injeção direta,Turbocompressor,1998 cm³,4 em linha,B48B20,"Duplo no cabeçote, corrente","94,6 mm",82 mm,Longitudinal,Dianteiro,"7,5 kg/cv","50,2 kg/kgfm","92,1 cv/litro",184 cv a 5000 rpm,11:1,,,"13,8 kgfm/litro","27,5 kgfm a 1350 rpm",4,Admissão e escape,Conversor de torque,Automático,ZF 8HP,,8,Traseira,1421 mm,1535 mm,1569 mm,560 kg,4329 mm,2690 mm,1765 mm,1380 kg,360 litros,1200 kg,680 kg,52 litros,92 mm,Disco ventilado,Disco ventilado,"2,13 m²","0,660 m²",,"0,31",Eletro-hidráulica,,"10,9 m","Independente, McPherson",Mola helicoidal,"Independente, multibraço",671 km,551 km,"12,9 km/l","10,6 km/l",140 mm,,,,,,6800 rpm,Hidráulicos,,,,,,,,,,,,,,,,,,,,,,,,,,,,,,,,,,,,,,,,,,,,,,,,
bmw,120i Cabriolet,120i-cabriolet,120i-cabriolet-2-0-at-2009,120i-cabriolet-2-0-at-2009,https://www.fichacompleta.com.br/carros/bmw/120i-cabriolet-2-0-at-2009,2026-06-18T15:02:15.063284,Bmw 120i Cabriolet 2.0 AT 2009,10 s,212 km/h,,Injeção multiponto,Natural,1995 cm³,4 em linha,N46B20O2,"Duplo no cabeçote, corrente",90 mm,84 mm,Longitudinal,Dianteiro,"9,4 kg/cv","71,6 kg/kgfm","78,2 cv/litro",156 cv a 6400 rpm,"10,5:1",,,"10,2 kgfm/litro","20,4 kgfm a 3600 rpm",4,Admissão e escape,Conversor de torque,Automático,,,6,Traseira,1411 mm,1484 mm,1517 mm,440 kg,4360 mm,2660 mm,1748 mm,1460 kg,260 litros,,,53 litros,113 mm,Disco ventilado,Disco ventilado,"2,1 m²","0,693 m²",,"0,33",Hidráulica,,"10,7 m","Independente, McPherson",Mola helicoidal,"Independente, multibraço",599 km,371 km,"11,3 km/l",7 km/l,140 mm,,,,,,,,,,,,,,,,,,,,,,,,,,,,,,,,,,,,,,,,,,,,,,,,,,,,,,,
bmw,120i Cabriolet,120i-cabriolet,120i-cabriolet-2-0-at-2010,120i-cabriolet-2-0-at-2010,https://www.fichacompleta.com.br/carros/bmw/120i-cabriolet-2-0-at-2010,2026-06-18T15:02:17.855658,Bmw 120i Cabriolet 2.0 AT 2010,10 s,212 km/h,,Injeção multiponto,Natural,1995 cm³,4 em linha,N46B20O2,"Duplo no cabeçote, corrente",,,Longitudinal,Dianteiro,"9,4 kg/cv","71,6 kg/kgfm","78,2 cv/litro",156 cv a 6400 rpm,"10,5:1",,,"10,2 kgfm/litro","20,4 kgfm a 3600 rpm",4,Admissão e escape,,Automático,,,6,Traseira,1411 mm,1484 mm,1517 mm,440 kg,4360 mm,2660 mm,1748 mm,1460 kg,260 litros,,,53 litros,113 mm,205/55 R16,Disco ventilado,"2,1 m²",,,"0,33",Hidráulica,,"10,7 m","Independente, McPherson",Mola helicoidal,"Independente, multibraço",599 km,371 km,"11,3 km/l",7 km/l,,,,,,,,,90 mm,84 mm,,,,,,,,,,,,,,,,,,,,,,,,,,,,,,,,,,,,,,,,,,,,,,
bmw,120i Cabriolet,120i-cabriolet,120i-cabriolet-2-0-at-2011,120i-cabriolet-2-0-at-2011,https://www.fichacompleta.com.br/carros/bmw/120i-cabriolet-2-0-at-2011,2026-06-18T15:02:21.087001,Bmw 120i Cabriolet 2.0 AT 2011,10 s,212 km/h,Corrente,Injeção multiponto,Natural,1995 cm³,4 em linha,N46B20O2,Duplo no cabeçote,90 mm,84 mm,Longitudinal,Dianteiro,"9,4 kg/cv","71,6 kg/kgfm","78,2 cv/litro",156 cv,"10,5:1",,,"10,2 kgfm/litro","20,4 kgfm",4,Admissão e escape,Conversor de torque,Automático,,6,,Traseira,1411 mm,1484 mm,1517 mm,440 kg,4360 mm,2660 mm,1748 mm,1460 kg,260 litros,,,53 litros,113 mm,Disco ventilado,Disco ventilado,"2,1 m²","0,693 m²","0,33",,Hidráulica,"10,7 m",,"Indep., McPherson",Mola helicoidal,"Indep., multibraço",599 km,371 km,"11,3 km/l",7 km/l,140 mm,,6400 rpm,3600 rpm,,,,,,,,,,,,,,,,,,,,,,,,,,,,,,,,,,,,,,,,,,,,,,,,,,,,
bmw,120i Cabriolet,120i-cabriolet,120i-cabriolet-2-0-at-2012,120i-cabriolet-2-0-at-2012,https://www.fichacompleta.com.br/carros/bmw/120i-cabriolet-2-0-at-2012,2026-06-18T15:02:23.911771,Bmw 120i Cabriolet 2.0 AT 2012,10 s,212 km/h,Corrente,Injeção multiponto,Natural,1995 cm³,4 em linha,N46B20O2,Duplo no cabeçote,90 mm,84 mm,Longitudinal,Dianteiro,"9,4 kg/cv","71,6 kg/kgfm","78,2 cv/litro",156 cv,"10,5:1",,,"10,2 kgfm/litro","20,4 kgfm",4,Admissão e escape,Conversor de torque,Automático,,6,,Traseira,1411 mm,1484 mm,1517 mm,440 kg,4360 mm,2660 mm,1748 mm,1460 kg,260 litros,,,53 litros,113 mm,Disco ventilado,Disco ventilado,"2,1 m²","0,693 m²","0,33",,Hidráulica,"10,7 m",,"Indep., McPherson",Mola helicoidal,"Indep., multibraço",599 km,371 km,"11,3 km/l",7 km/l,140 mm,,6400 rpm,3600 rpm,,,,,,,,,,,,,,,,,,,,,,,,,,,,,,,,,,,,,,,,,,,,,,,,,,,,
bmw,125i,125i,125i-m-sport-2-0-2013,125i-m-sport-2-0-2013,https://www.fichacompleta.com.br/carros/bmw/125i-m-sport-2-0-2013,2026-06-18T15:02:44.277694,Bmw 125i M Sport 2.0 2013,"6,2 s",243 km/h,Corrente,Injeção direta,Turbocompressor,1997 cm³,4 em linha,N20B20,Duplo no cabeçote,"90,1 mm",84 mm,Longitudinal,Dianteiro,"6,6 kg/cv","45,6 kg/kgfm","109,2 cv/litro",218 cv,10:1,5000 rpm,1350 rpm,"15,8 kgfm/litro","31,6 kgfm",4,Admissão e escape,Conversor de torque,Automático,ZF 8HP,8,8,Traseira,1421 mm,1521 mm,1556 mm,530 kg,4324 mm,2690 mm,1765 mm,1440 kg,360 litros,,,52 litros,86 mm,Disco ventilado,Disco ventilado,"2,13 m²","0,682 m²","0,32","0,32",Eletro-hidráulica,"10,9 m","10,9 m","Indep., McPherson",Mola helicoidal,"Indep., multibraço",624 km,468 km,12 km/l,9 km/l,140 mm,,,,,,,,,,,,,,,,,,,,,,,,,,,,,,,,,,,,,,,,,,,,,,,,,,,,,,,
bmw,125i,125i,125i-m-sport-2-0-2014,125i-m-sport-2-0-2014,https://www.fichacompleta.com.br/carros/bmw/125i-m-sport-2-0-2014,2026-06-18T15:02:47.458958,Bmw 125i M Sport 2.0 2014,"6,2 s",243 km/h,,Injeção direta,Turbocompressor,1997 cm³,4 em linha,N20B20,"Duplo no cabeçote, corrente","90,1 mm",84 mm,Longitudinal,Dianteiro,"6,6 kg/cv","45,6 kg/kgfm","109,2 cv/litro",218 cv a 5000 rpm,10:1,,,"15,8 kgfm/litro","31,6 kgfm a 1350 rpm",4,Admissão e escape,Conversor de torque,Automático,ZF 8HP,,8,Traseira,1421 mm,1521 mm,1556 mm,530 kg,4324 mm,2690 mm,1765 mm,1440 kg,360 litros,,,52 litros,86 mm,Disco ventilado,Disco ventilado,"2,13 m²","0,682 m²",,"0,32",Eletro-hidráulica,,"10,9 m","Independente, McPherson",Mola helicoidal,"Independente, multibraço",624 km,468 km,12 km/l,9 km/l,140 mm,,,,,,,,,,,,,,,,,,,,,,,,,,,,,,,,,,,,,,,,,,,,,,,,,,,,,,,
bmw,125i,125i,125i-m-sport-2-0-2015,125i-m-sport-2-0-2015,https://www.fichacompleta.com.br/carros/bmw/125i-m-sport-2-0-2015,2026-06-18T15:02:52.118898,Bmw 125i M Sport 2.0 2015,"6,2 s",243 km/h,Corrente,Injeção direta,Turbocompressor,1997 cm³,4 em linha,N20B20,Duplo no cabeçote,"90,1 mm",84 mm,Longitudinal,Dianteiro,"6,6 kg/cv","45,6 kg/kgfm","109,2 cv/litro",218 cv (A) 218 cv (G) a 5000 rpm,11:1,5000 rpm,1350 rpm,"15,8 kgfm/litro","31,6 kgfm (A) 31,6 kgfm (G) a 1350 rpm",4,Admissão e escape,Conversor de torque,Automático,ZF 8HP,8,8,Traseira,1421 mm,1521 mm,1556 mm,530 kg,4324 mm,2690 mm,1765 mm,1440 kg,360 litros,,,52 litros,86 mm,Disco ventilado,Disco ventilado,"2,13 m²","0,682 m²","0,32","0,32",Eletro-hidráulica,"10,9 m","10,9 m","Indep., McPherson",Mola helicoidal,"Indep., multibraço",614 km,447 km,"11,8 km/l","8,6 km/l",140 mm,,,,,,,,,,432 km,312 km,"8,3 km/l",6 km/l,218 cv,218 cv,"31,6 kgfm","31,6 kgfm",,,,,,,,,,,,,,,,,,,,,,,,,,,,,,,,,,,,,,
bmw,125i,125i,125i-m-sport-2-0-2016,125i-m-sport-2-0-2016,https://www.fichacompleta.com.br/carros/bmw/125i-m-sport-2-0-2016,2026-06-18T15:02:54.637774,Bmw 125i M Sport 2.0 2016,"6,2 s",243 km/h,,Injeção direta,Turbocompressor,1997 cm³,4 em linha,N20B20,"Duplo no cabeçote, corrente","90,1 mm",84 mm,Longitudinal,Dianteiro,"6,6 kg/cv","45,6 kg/kgfm","109,2 cv/litro",218 cv (A) 218 cv (G) a 5000 rpm,11:1,,,"15,8 kgfm/litro","31,6 kgfm (A) 31,6 kgfm (G) a 1350 rpm",4,Admissão e escape,Conversor de torque,Automático,ZF 8HP,,8,Traseira,1421 mm,1521 mm,1556 mm,530 kg,4324 mm,2690 mm,1765 mm,1440 kg,360 litros,,,52 litros,86 mm,Disco ventilado,Disco ventilado,"2,13 m²","0,682 m²",,"0,32",Eletro-hidráulica,,"10,9 m","Independente, McPherson",Mola helicoidal,"Independente, multibraço",614 km,447 km,"11,8 km/l","8,6 km/l",140 mm,,,,,,,,,,432 km,312 km,"8,3 km/l",6 km/l,,,,,,,,,,,,,,,,,,,,,,,,,,,,,,,,,,,,,,,,,,
bmw,125i,125i,125i-m-sport-2-0-2019,125i-m-sport-2-0-2019,https://www.fichacompleta.com.br/carros/bmw/125i-m-sport-2-0-2019,2026-06-18T15:02:58.076516,Bmw 125i M Sport 2.0 2019,"6,1 s",243 km/h,,Injeção direta,Turbocompressor,1998 cm³,4 em linha,B48B20,"Duplo no cabeçote, corrente","94,6 mm",82 mm,Longitudinal,Dianteiro,"6,3 kg/cv","44,3 kg/kgfm","112,1 cv/litro",224 cv a 5200 rpm,"10,2:1",,,"15,8 kgfm/litro","31,6 kgfm a 1400 rpm",4,Admissão e escape,Conversor de torque,Automático,ZF 8HP,,8,Traseira,1421 mm,1521 mm,1556 mm,565 kg,4329 mm,2690 mm,1765 mm,1400 kg,360 litros,1200 kg,680 kg,52 litros,86 mm,Disco ventilado,Disco ventilado,"2,13 m²","0,682 m²",,"0,32",Eletro-hidráulica,,"10,9 m","Independente, McPherson",Mola helicoidal,"Independente, multibraço",634 km,530 km,"12,2 km/l","10,2 km/l",140 mm,,,,,,6800 rpm,Hidráulicos,,,,,,,,,,,,,,,,,,,,,,,,,,,,,,,,,,,,,,,,,,,,,,,,
bmw,130i,130i,130i-3-0-2006,130i-3-0-2006,https://www.fichacompleta.com.br/carros/bmw/130i-3-0-2006,2026-06-18T15:03:18.656654,Bmw 130i 3.0 2006,"6,2 s",250 km/h,Corrente,Injeção multiponto,Natural,2996 cm³,6 em linha,N52B30,Duplo no cabeçote,88 mm,85 mm,Longitudinal,Dianteiro,"5,3 kg/cv","43,6 kg/kgfm","88,5 cv/litro",265 cv,11:1,6600 rpm,2750 rpm,"10,7 kgfm/litro","32,1 kgfm",4,Admissão e escape,Embreagem monodisco a seco,Manual,,6,6,Traseira,1430 mm,,,,4227 mm,2660 mm,1751 mm,1400 kg,330 litros,,,53 litros,103 mm,Disco ventilado,Disco ventilado,"2,09 m²","0,669 m²","0,32","0,32",Hidráulica,"10,7 m","10,7 m","Indep., McPherson",Mola helicoidal,"Indep., multibraço",583 km,345 km,11 km/l,"6,5 km/l",,,,,,,,Hidráulicos,,,,,,,,,,,,,,,,,,,,,,,,,,,,,,,,,,,,,,,,,,,,,,,,
bmw,130i,130i,130i-3-0-2008,130i-3-0-2008,https://www.fichacompleta.com.br/carros/bmw/130i-3-0-2008,2026-06-18T15:03:21.623495,Bmw 130i 3.0 2008,"6,2 s",250 km/h,,Injeção multiponto,Natural,2996 cm³,6 em linha,N52B30,"Duplo no cabeçote, corrente",88 mm,85 mm,Longitudinal,Dianteiro,"5,3 kg/cv","43,6 kg/kgfm","88,5 cv/litro",265 cv a 6600 rpm,11:1,,,"10,7 kgfm/litro","32,1 kgfm a 2750 rpm",4,Admissão e escape,Embreagem monodisco a seco,Manual,,,6,Traseira,1430 mm,,,,4227 mm,2660 mm,1751 mm,1400 kg,330 litros,,,53 litros,103 mm,Disco ventilado,Disco ventilado,"2,09 m²","0,669 m²",,"0,32",Hidráulica,,"10,7 m","Independente, McPherson",Mola helicoidal,"Independente, multibraço",583 km,345 km,11 km/l,"6,5 km/l",,,,,,,,Hidráulicos,,,,,,,,,,,,,,,,,,,,,,,,,,,,,,,,,,,,,,,,,,,,,,,,
bmw,130i,130i,130i-3-0-2009,130i-3-0-2009,https://www.fichacompleta.com.br/carros/bmw/130i-3-0-2009,2026-06-18T15:03:26.285539,Bmw 130i 3.0 2009,"6,3 s",250 km/h,Corrente,Injeção multiponto,Natural,2996 cm³,6 em linha,N52B30,Duplo no cabeçote,88 mm,85 mm,Longitudinal,Dianteiro,"5,3 kg/cv","43,9 kg/kgfm","88,5 cv/litro",265 cv,11:1,,,"10,7 kgfm/litro","32,1 kgfm",4,Admissão e escape,Conversor de torque,Automático,,6,,Traseira,1421 mm,1474 mm,1487 mm,500 kg,4239 mm,2660 mm,1748 mm,1410 kg,330 litros,,,53 litros,103 mm,Disco ventilado,Disco ventilado,"2,09 m²","0,669 m²","0,32",,Hidráulica,"10,7 m",,"Indep., McPherson",Mola helicoidal,"Indep., multibraço",530 km,292 km,10 km/l,"5,5 km/l",145 mm,,6600 rpm,2750 rpm,,,,Hidráulicos,,,,,,,,,,,,,,,,,,,,,,,,,,,,,,,,,,,,,,,,,,,,,,,,
bmw,130i,130i,130i-3-0-2010,130i-3-0-2010,https://www.fichacompleta.com.br/carros/bmw/130i-3-0-2010,2026-06-18T15:03:30.997660,Bmw 130i 3.0 2010,"6,3 s",250 km/h,Corrente,Injeção multiponto,Natural,2996 cm³,6 em linha,N52B30,Duplo no cabeçote,88 mm,85 mm,Longitudinal,Dianteiro,"5,3 kg/cv","43,9 kg/kgfm","88,5 cv/litro",265 cv,11:1,,,"10,7 kgfm/litro","32,1 kgfm",4,Admissão e escape,Conversor de torque,Automático,,6,,Traseira,1421 mm,1474 mm,1487 mm,500 kg,4239 mm,2660 mm,1748 mm,1410 kg,330 litros,,,53 litros,103 mm,Disco ventilado,Disco ventilado,"2,09 m²","0,669 m²","0,32",,Hidráulica,"10,7 m",,"Indep., McPherson",Mola helicoidal,"Indep., multibraço",530 km,292 km,10 km/l,"5,5 km/l",145 mm,,6600 rpm,2750 rpm,,,,Hidráulicos,,,,,,,,,,,,,,,,,,,,,,,,,,,,,,,,,,,,,,,,,,,,,,,,
bmw,130i,130i,130i-3-0-2011,130i-3-0-2011,https://www.fichacompleta.com.br/carros/bmw/130i-3-0-2011,2026-06-18T15:03:34.690584,Bmw 130i 3.0 2011,"6,3 s",250 km/h,Corrente,Injeção multiponto,Natural,2996 cm³,6 em linha,N52B30,Duplo no cabeçote,88 mm,85 mm,Longitudinal,Dianteiro,"5,3 kg/cv","43,9 kg/kgfm","88,5 cv/litro",265 cv,11:1,,,"10,7 kgfm/litro","32,1 kgfm",4,Admissão e escape,Conversor de torque,Automático,,6,,Traseira,1421 mm,1474 mm,1487 mm,500 kg,4239 mm,2660 mm,1748 mm,1410 kg,330 litros,,,53 litros,103 mm,Disco ventilado,Disco ventilado,"2,09 m²","0,669 m²","0,32",,Hidráulica,"10,7 m",,"Indep., McPherson",Mola helicoidal,"Indep., multibraço",530 km,292 km,10 km/l,"5,5 km/l",145 mm,,6600 rpm,2750 rpm,,,,Hidráulicos,,,,,,,,,,,,,,,,,,,,,,,,,,,,,,,,,,,,,,,,,,,,,,,,
bmw,130i,130i,130i-3-0-2012,130i-3-0-2012,https://www.fichacompleta.com.br/carros/bmw/130i-3-0-2012,2026-06-18T15:03:39.064704,Bmw 130i 3.0 2012,"6,3 s",250 km/h,Corrente,Injeção multiponto,Natural,2996 cm³,6 em linha,N52B30,Duplo no cabeçote,88 mm,85 mm,Longitudinal,Dianteiro,"5,3 kg/cv","43,9 kg/kgfm","88,5 cv/litro",265 cv,11:1,,,"10,7 kgfm/litro","32,1 kgfm",4,Admissão e escape,Conversor de torque,Automático,,6,,Traseira,1421 mm,1474 mm,1487 mm,500 kg,4239 mm,2660 mm,1748 mm,1410 kg,330 litros,,,53 litros,103 mm,Disco ventilado,Disco ventilado,"2,09 m²","0,669 m²","0,32",,Hidráulica,"10,7 m",,"Indep., McPherson",Mola helicoidal,"Indep., multibraço",530 km,292 km,10 km/l,"5,5 km/l",145 mm,,6600 rpm,2750 rpm,,,,Hidráulicos,,,,,,,,,,,,,,,,,,,,,,,,,,,,,,,,,,,,,,,,,,,,,,,,
bmw,135i,135i,135i-m-3-0-turbo-2013,135i-m-3-0-turbo-2013,https://www.fichacompleta.com.br/carros/bmw/135i-m-3-0-turbo-2013,2026-06-18T15:03:57.535683,Bmw 135i M 3.0 Turbo 2013,"4,9 s",250 km/h,Corrente,Injeção direta,Turbocompressor,2979 cm³,6 em linha,N55B30,Duplo no cabeçote,"89,6 mm",84 mm,Longitudinal,Dianteiro,"4,5 kg/cv","31,5 kg/kgfm","107,4 cv/litro",320 cv,"10,2:1",5800 rpm,1250 rpm,"15,4 kgfm/litro","45,9 kgfm",4,Admissão e escape,Conversor de torque,Automático,ZF 8HP,8,8,Traseira,1411 mm,1512 mm,1532 mm,530 kg,4340 mm,2690 mm,1765 mm,1445 kg,360 litros,,,52 litros,86 mm,Disco ventilado,Disco ventilado,"2,12 m²","0,700 m²","0,33","0,33",Eletro-hidráulica,"10,9 m","10,9 m","Indep., McPherson",Mola helicoidal,"Indep., multibraço",536 km,390 km,"10,3 km/l","7,5 km/l",130 mm,,,,,,7000 rpm,Hidráulicos,,,,,,,,,,,,,,,,,,,,,,,,,,,,,,,,,,,,,,,,,,,,,,,,
bmw,135i,135i,135i-m-3-0-turbo-2014,135i-m-3-0-turbo-2014,https://www.fichacompleta.com.br/carros/bmw/135i-m-3-0-turbo-2014,2026-06-18T15:04:01.207402,Bmw 135i M 3.0 Turbo 2014,"4,9 s",250 km/h,,Injeção direta,Turbocompressor,2979 cm³,6 em linha,N55B30,"Duplo no cabeçote, corrente","89,6 mm",84 mm,Longitudinal,Dianteiro,"4,5 kg/cv","31,5 kg/kgfm","107,4 cv/litro",320 cv a 5800 rpm,"10,2:1",,,"15,4 kgfm/litro","45,9 kgfm a 1250 rpm",4,Admissão e escape,Conversor de torque,Automático,ZF 8HP,,8,Traseira,1411 mm,1512 mm,1532 mm,530 kg,4340 mm,2690 mm,1765 mm,1445 kg,360 litros,,,52 litros,86 mm,Disco ventilado,Disco ventilado,"2,12 m²","0,700 m²",,"0,33",Eletro-hidráulica,,"10,9 m","Independente, McPherson",Mola helicoidal,"Independente, multibraço",536 km,390 km,"10,3 km/l","7,5 km/l",130 mm,,,,,,7000 rpm,Hidráulicos,,,,,,,,,,,,,,,,,,,,,,,,,,,,,,,,,,,,,,,,,,,,,,,,
bmw,135i,135i,135i-m-3-0-turbo-2015,135i-m-3-0-turbo-2015,https://www.fichacompleta.com.br/carros/bmw/135i-m-3-0-turbo-2015,2026-06-18T15:04:04.593763,Bmw 135i M 3.0 Turbo 2015,"4,9 s",250 km/h,,Injeção direta,Turbocompressor,2979 cm³,6 em linha,N55B30,"Duplo no cabeçote, corrente","89,6 mm",84 mm,Longitudinal,Dianteiro,"4,5 kg/cv","31,5 kg/kgfm","107,4 cv/litro",320 cv a 5800 rpm,"10,2:1",,,"15,4 kgfm/litro","45,9 kgfm a 1250 rpm",4,Admissão e escape,Conversor de torque,Automático,ZF 8HP,,8,Traseira,1411 mm,1512 mm,1532 mm,530 kg,4340 mm,2690 mm,1765 mm,1445 kg,360 litros,,,52 litros,86 mm,Disco ventilado,Disco ventilado,"2,12 m²","0,700 m²",,"0,33",Eletro-hidráulica,,"10,9 m","Independente, McPherson",Mola helicoidal,"Independente, multibraço",536 km,390 km,"10,3 km/l","7,5 km/l",130 mm,,,,,,7000 rpm,Hidráulicos,,,,,,,,,,,,,,,,,,,,,,,,,,,,,,,,,,,,,,,,,,,,,,,,
bmw,135i,135i,135i-m-3-0-turbo-2016,135i-m-3-0-turbo-2016,https://www.fichacompleta.com.br/carros/bmw/135i-m-3-0-turbo-2016,2026-06-18T15:04:09.424730,Bmw 135i M 3.0 Turbo 2016,"4,9 s",250 km/h,,Injeção direta,Turbocompressor,2979 cm³,6 em linha,N55B30,"Duplo no cabeçote, corrente","89,6 mm",84 mm,Longitudinal,Dianteiro,"4,5 kg/cv","31,6 kg/kgfm","107,4 cv/litro",320 cv a 5800 rpm,"10,2:1",,,"15,4 kgfm/litro","45,9 kgfm a 1250 rpm",4,Admissão e escape,Conversor de torque,Automático,ZF 8HP,,8,Traseira,1411 mm,1516 mm,1534 mm,530 kg,4324 mm,2690 mm,1765 mm,1450 kg,360 litros,,,52 litros,86 mm,Disco ventilado,Disco ventilado,"2,12 m²","0,721 m²",,"0,34",Eletro-hidráulica,,"10,9 m","Independente, McPherson",Mola helicoidal,"Independente, multibraço",577 km,437 km,"11,1 km/l","8,4 km/l",130 mm,,,,,,7000 rpm,Hidráulicos,,,,,,,,,,,,,,,,,,,,,,,,,,,,,,,,,,,,,,,,,,,,,,,,
bmw,135i,135i,135i-m-xdrive-2-0-2020,135i-m-xdrive-2-0-2020,https://www.fichacompleta.com.br/carros/bmw/135i-m-xdrive-2-0-2020,2026-06-18T15:04:13.120352,Bmw 135i M xDrive 2.0 2020,"4,7 s",250 km/h,Corrente,Injeção direta,Turbocompressor,1998 cm³,4 em linha,B48A20,Duplo no cabeçote,"94,6 mm",82 mm,Transversal,Dianteiro,"5,0 kg/cv","33,2 kg/kgfm","153,2 cv/litro",306 cv,"9,5:1",,,"23,0 kgfm/litro","45,9 kgfm",4,Admissão e escape,Conversor de torque,Automático,,8,,Integral sob demanda,1434 mm,1563 mm,1560 mm,560 kg,4319 mm,2670 mm,1799 mm,1525 kg,380 litros,,,50 litros,90 mm,Disco ventilado,Disco ventilado,"2,19 m²","0,745 m²","0,34",,Eletro-hidráulica,"11,4 m",,"Indep., McPherson",Mola helicoidal,"Indep., multibraço",590 km,325 km,"11,8 km/l","6,5 km/l",153 mm,Kit de reparo e enchimento,5000 rpm,1750 rpm,,,6800 rpm,Hidráulicos,,,,,,,,,,,,,,,,,,,,,,,,,,,,,,,,,,,,,,,,,,,,,,,,
bmw,135i,135i,135i-m-xdrive-2-0-2021,135i-m-xdrive-2-0-2021,https://www.fichacompleta.com.br/carros/bmw/135i-m-xdrive-2-0-2021,2026-06-18T15:04:17.353509,Bmw 135i M xDrive 2.0 2021,"4,7 s",250 km/h,Corrente,Injeção direta,Turbocompressor,1998 cm³,4 em linha,B48A20,Duplo no cabeçote,"94,6 mm",82 mm,Transversal,Dianteiro,"5,0 kg/cv","33,2 kg/kgfm","153,2 cv/litro",306 cv,"9,5:1",,,"23,0 kgfm/litro","45,9 kgfm",4,Admissão e escape,Conversor de torque,Automático,,8,,Integral sob demanda,1434 mm,1563 mm,1560 mm,560 kg,4319 mm,2670 mm,1799 mm,1525 kg,380 litros,,,50 litros,90 mm,Disco ventilado,Disco ventilado,"2,19 m²","0,745 m²","0,34",,Eletro-hidráulica,"11,4 m",,"Indep., McPherson",Mola helicoidal,"Indep., multibraço",620 km,455 km,"12,4 km/l","9,1 km/l",153 mm,Kit de reparo e enchimento,5000 rpm,1750 rpm,,,6800 rpm,Hidráulicos,,,,,,,,,,,,,,,,,,,,,,,,,,,,,,,,,,,,,,,,,,,,,,,,
bmw,135i,135i,135i-m-xdrive-dark-edition-2-0-2021,135i-m-xdrive-dark-edition-2-0-2021,https://www.fichacompleta.com.br/carros/bmw/135i-m-xdrive-dark-edition-2-0-2021,2026-06-18T15:04:20.574295,Bmw 135i M xDrive Dark Edition 2.0 2021,"4,7 s",250 km/h,,Injeção direta,Turbocompressor,1998 cm³,4 em linha,B48A20,"Duplo no cabeçote, corrente","94,6 mm",82 mm,Transversal,Dianteiro,"5,0 kg/cv","33,2 kg/kgfm","153,2 cv/litro",306 cv a 5000 rpm,"9,5:1",,,"23,0 kgfm/litro","45,9 kgfm a 1750 rpm",4,Admissão e escape,Conversor de torque,Automático,,,8,Integral sob demanda,1434 mm,1563 mm,1560 mm,560 kg,4319 mm,2670 mm,1799 mm,1525 kg,380 litros,,,50 litros,90 mm,Disco ventilado,Disco ventilado,"2,19 m²","0,745 m²",,"0,34",Eletro-hidráulica,,"11,4 m","Independente, McPherson",Mola helicoidal,"Independente, multibraço",590 km,325 km,"11,8 km/l","6,5 km/l",153 mm,Kit de reparo e enchimento,,,,,6800 rpm,Hidráulicos,,,,,,,,,,,,,,,,,,,,,,,,,,,,,,,,,,,,,,,,,,,,,,,,
bmw,135i,135i,135i-m-xdrive-2-0-2022,135i-m-xdrive-2-0-2022,https://www.fichacompleta.com.br/carros/bmw/135i-m-xdrive-2-0-2022,2026-06-18T15:04:23.754292,Bmw 135i M xDrive 2.0 2022,"4,7 s",250 km/h,Corrente,Injeção direta,Turbocompressor,1998 cm³,4 em linha,B48A20,Duplo no cabeçote,"94,6 mm",82 mm,Transversal,Dianteiro,"5,0 kg/cv","33,2 kg/kgfm","153,2 cv/litro",306 cv,"9,5:1",5000 rpm,1750 rpm,"23,0 kgfm/litro","45,9 kgfm",4,Admissão e escape,Conversor de torque,Automático,,8,,Integral sob demanda,1434 mm,1563 mm,1560 mm,560 kg,4319 mm,2670 mm,1799 mm,1525 kg,380 litros,,,50 litros,90 mm,Disco ventilado,Disco ventilado,"2,19 m²","0,745 m²","0,34",,Eletro-hidráulica,"11,4 m",,"Indep., McPherson",Mola helicoidal,"Indep., multibraço",620 km,455 km,"12,4 km/l","9,1 km/l",153 mm,Kit de reparo e enchimento,,,,,6800 rpm,Hidráulicos,,,,,,,,,,,,,,,,,,,,,,,,,,,,,,,,,,,,,,,,,,,,,,,,
bmw,135i Coupe,135i-coupe,135i-coupe-3-0-turbo-2010,135i-coupe-3-0-turbo-2010,https://www.fichacompleta.com.br/carros/bmw/135i-coupe-3-0-turbo-2010,2026-06-18T15:04:42.461410,Bmw 135i Coupe 3.0 Turbo 2010,"5,4 s",250 km/h,Corrente,Injeção direta,Turbocompressor,2979 cm³,6 em linha,N54B30,Duplo no cabeçote,"89,6 mm",84 mm,Longitudinal,Dianteiro,"4,9 kg/cv","36,6 kg/kgfm","102,7 cv/litro",306 cv,"10,2:1",5800 rpm,1300 rpm,"13,7 kgfm/litro","40,7 kgfm",4,Admissão e escape,Conversor de torque,Automático,,6,6,Traseira,1408 mm,1470 mm,1497 mm,440 kg,4360 mm,2660 mm,1748 mm,1490 kg,370 litros,,,53 litros,86 mm,Disco ventilado,Disco ventilado,"2,09 m²","0,690 m²","0,33","0,33",Eletro-hidráulica,"10,7 m","10,7 m","Indep., McPherson",Mola helicoidal,"Indep., multibraço",557 km,392 km,"10,5 km/l","7,4 km/l",132 mm,,,,,,7000 rpm,Hidráulicos,,,,,,,,,,,,,,,,,,,,,,,,,,,,,,,,,,,,,,,,,,,,,,,,
bmw,135i Coupe,135i-coupe,135i-coupe-3-0-turbo-2011,135i-coupe-3-0-turbo-2011,https://www.fichacompleta.com.br/carros/bmw/135i-coupe-3-0-turbo-2011,2026-06-18T15:04:46.509580,Bmw 135i Coupe 3.0 Turbo 2011,"5,4 s",250 km/h,Corrente,Injeção direta,Turbocompressor,2979 cm³,6 em linha,N54B30,Duplo no cabeçote,"89,6 mm",84 mm,Longitudinal,Dianteiro,"4,9 kg/cv","36,6 kg/kgfm","102,7 cv/litro",306 cv,"10,2:1",,,"13,7 kgfm/litro","40,7 kgfm",4,Admissão e escape,Conversor de torque,Automático,,6,,Traseira,1408 mm,1470 mm,1497 mm,440 kg,4360 mm,2660 mm,1748 mm,1490 kg,370 litros,,,53 litros,86 mm,Disco ventilado,Disco ventilado,"2,09 m²","0,690 m²","0,33",,Eletro-hidráulica,"10,7 m",,"Indep., McPherson",Mola helicoidal,"Indep., multibraço",557 km,392 km,"10,5 km/l","7,4 km/l",132 mm,,5800 rpm,1300 rpm,,,7000 rpm,Hidráulicos,,,,,,,,,,,,,,,,,,,,,,,,,,,,,,,,,,,,,,,,,,,,,,,,
bmw,135i Coupe,135i-coupe,135i-coupe-3-0-turbo-2012,135i-coupe-3-0-turbo-2012,https://www.fichacompleta.com.br/carros/bmw/135i-coupe-3-0-turbo-2012,2026-06-18T15:04:50.597816,Bmw 135i Coupe 3.0 Turbo 2012,"5,2 s",250 km/h,,Injeção direta,Turbocompressor,2979 cm³,6 em linha,N55B30,"Duplo no cabeçote, corrente","89,6 mm",84 mm,Longitudinal,Dianteiro,"4,8 kg/cv","36,1 kg/kgfm","102,7 cv/litro",306 cv a 5800 rpm,"10,2:1",,,"13,7 kgfm/litro","40,7 kgfm a 1200 rpm",4,Admissão e escape,Embreagem dupla banhada a óleo,Automatizado,,,7,Traseira,1408 mm,1470 mm,1497 mm,440 kg,4360 mm,2660 mm,1748 mm,1470 kg,370 litros,,,53 litros,86 mm,Disco ventilado,Disco ventilado,"2,09 m²","0,690 m²",,"0,33",Eletro-hidráulica,,"10,7 m","Independente, McPherson",Mola helicoidal,"Independente, multibraço",557 km,392 km,"10,5 km/l","7,4 km/l",132 mm,,,,,,7000 rpm,Hidráulicos,,,,,,,,,,,,,,,,,,,,,,,,,,,,,,,,,,,,,,,,,,,,,,,,
bmw,140i,140i,140i-m-3-0-turbo-2017,140i-m-3-0-turbo-2017,https://www.fichacompleta.com.br/carros/bmw/140i-m-3-0-turbo-2017,2026-06-18T15:05:07.882167,Bmw 140i M 3.0 Turbo 2017,"4,6 s",250 km/h,,Injeção direta,Turbocompressor,2998 cm³,6 em linha,B58B30M0,"Duplo no cabeçote, corrente","94,6 mm",82 mm,Longitudinal,Dianteiro,"4,6 kg/cv","30,9 kg/kgfm","113,4 cv/litro",340 cv a 5500 rpm,11:1,,,"17,0 kgfm/litro",51 kgfm a 1500 rpm,4,Admissão e escape,Conversor de torque,Automático,ZF 8HP,,8,Traseira,1411 mm,1516 mm,1534 mm,490 kg,4324 mm,2690 mm,1765 mm,1575 kg,360 litros,,,52 litros,86 mm,Disco ventilado,Disco ventilado,"2,12 m²","0,678 m²",,"0,32",Eletro-hidráulica,,"10,9 m","Independente, McPherson",Mola helicoidal,"Independente, multibraço",577 km,437 km,"11,1 km/l","8,4 km/l",130 mm,,,,,,7000 rpm,Hidráulicos,,,,,,,,,,,,,,,,,,,,,,,,,,,,,,,,,,,,,,,,,,,,,,,,
bmw,140i,140i,140i-m-3-0-turbo-2018,140i-m-3-0-turbo-2018,https://www.fichacompleta.com.br/carros/bmw/140i-m-3-0-turbo-2018,2026-06-18T15:05:11.588710,Bmw 140i M 3.0 Turbo 2018,"4,6 s",250 km/h,,Injeção direta,Turbocompressor,2998 cm³,6 em linha,B58B30M0,"Duplo no cabeçote, corrente","94,6 mm",82 mm,Longitudinal,Dianteiro,"4,6 kg/cv","30,9 kg/kgfm","113,4 cv/litro",340 cv a 5500 rpm,11:1,,,"17,0 kgfm/litro",51 kgfm a 1500 rpm,4,Admissão e escape,Conversor de torque,Automático,ZF 8HP,,8,Traseira,1411 mm,1516 mm,1534 mm,490 kg,4324 mm,2690 mm,1765 mm,1575 kg,360 litros,,,52 litros,86 mm,Disco ventilado,Disco ventilado,"2,12 m²","0,678 m²",,"0,32",Eletro-hidráulica,,"10,9 m","Independente, McPherson",Mola helicoidal,"Independente, multibraço",577 km,437 km,"11,1 km/l","8,4 km/l",130 mm,,,,,,7000 rpm,Hidráulicos,,,,,,,,,,,,,,,,,,,,,,,,,,,,,,,,,,,,,,,,,,,,,,,,
bmw,140i,140i,140i-m-3-0-turbo-2019,140i-m-3-0-turbo-2019,https://www.fichacompleta.com.br/carros/bmw/140i-m-3-0-turbo-2019,2026-06-18T15:05:15.477743,Bmw 140i M 3.0 Turbo 2019,"4,6 s",250 km/h,,Injeção direta,Turbocompressor,2998 cm³,6 em linha,B58B30M0,"Duplo no cabeçote, corrente","94,6 mm",82 mm,Longitudinal,Dianteiro,"4,6 kg/cv","30,9 kg/kgfm","113,4 cv/litro",340 cv a 5500 rpm,11:1,,,"17,0 kgfm/litro",51 kgfm a 1520 rpm,4,Admissão e escape,Conversor de torque,Automático,ZF 8HP,,8,Traseira,1411 mm,1516 mm,1534 mm,490 kg,4324 mm,2690 mm,1765 mm,1575 kg,360 litros,,,52 litros,86 mm,Disco ventilado,Disco ventilado,"2,12 m²","0,721 m²",,"0,34",Eletro-hidráulica,,"10,9 m","Independente, McPherson",Mola helicoidal,"Independente, multibraço",624 km,489 km,12 km/l,"9,4 km/l",130 mm,,,,,,7000 rpm,Hidráulicos,,,,,,,,,,,,,,,,,,,,,,,,,,,,,,,,,,,,,,,,,,,,,,,,
bmw,218i,218i,218i-gran-coupe-sport-gp-1-5-2020,218i-gran-coupe-sport-gp-1-5-2020,https://www.fichacompleta.com.br/carros/bmw/218i-gran-coupe-sport-gp-1-5-2020,2026-06-18T15:05:39.005634,Bmw 218i Gran Coupe Sport GP 1.5 2020,"8,7 s",213 km/h,Corrente,Injeção direta,Turbocompressor,1499 cm³,3 em linha,B38B15,Duplo no cabeçote,"94,6 mm",82 mm,Transversal,Dianteiro,"9,8 kg/cv","61,4 kg/kgfm","93,4 cv/litro",140 cv,11:1,,,"14,9 kgfm/litro","22,4 kgfm",4,Admissão e escape,Embreagem dupla banhada a óleo,Automatizado,,7,,Dianteira,1420 mm,1565 mm,1565 mm,530 kg,4526 mm,2670 mm,1800 mm,1375 kg,430 litros,1300 kg,725 kg,50 litros,101 mm,Disco ventilado,Disco solido,"2,17 m²","0,651 m²","0,3",,Eletro-hidráulica,"11,4 m",,"Indep., McPherson",Mola helicoidal,"Indep., multibraço",725 km,550 km,"14,5 km/l",11 km/l,152 mm,,4600 rpm,1480 rpm,,,6500 rpm,Hidráulicos,,,,,,,,,,,,,,,,,,,,,,,,,,,,,,,,,,,,,,,,,,,,,,,,
bmw,218i,218i,218i-gran-coupe-sport-gp-1-5-2021,218i-gran-coupe-sport-gp-1-5-2021,https://www.fichacompleta.com.br/carros/bmw/218i-gran-coupe-sport-gp-1-5-2021,2026-06-18T15:05:43.995804,Bmw 218i Gran Coupe Sport GP 1.5 2021,"8,7 s",213 km/h,Corrente,Injeção direta,Turbocompressor,1499 cm³,3 em linha,B38B15,Duplo no cabeçote,"94,6 mm",82 mm,Transversal,Dianteiro,"9,8 kg/cv","61,4 kg/kgfm","93,4 cv/litro",,11:1,4600 rpm,1480 rpm,"14,9 kgfm/litro",,4,Admissão e escape,Embreagem dupla banhada a óleo,Automatizado,,7,,Dianteira,1420 mm,1565 mm,1565 mm,530 kg,4526 mm,2670 mm,1800 mm,1375 kg,430 litros,1300 kg,725 kg,50 litros,101 mm,Disco ventilado,Disco solido,"2,17 m²","0,651 m²","0,3",,Eletro-hidráulica,"11,4 m",,"Indep., McPherson",Mola helicoidal,"Indep., multibraço",690 km,550 km,"13,8 km/l",11 km/l,152 mm,,,,,,6500 rpm,Hidráulicos,,,,,,,,,,,140 cv,"22,4 kgfm",,,,,,,,,,,,,,,,,,,,,,,,,,,,,,,,,,,,
bmw,218i,218i,218i-gran-coupe-sport-gp-1-5-2022,218i-gran-coupe-sport-gp-1-5-2022,https://www.fichacompleta.com.br/carros/bmw/218i-gran-coupe-sport-gp-1-5-2022,2026-06-18T15:05:48.319175,Bmw 218i Gran Coupe Sport GP 1.5 2022,"8,7 s",213 km/h,Corrente,Injeção direta,Turbocompressor,1499 cm³,3 em linha,B38B15,Duplo no cabeçote,"94,6 mm",82 mm,Transversal,Dianteiro,"9,8 kg/cv","61,4 kg/kgfm","93,4 cv/litro",140 cv,11:1,4600 rpm,1480 rpm,"14,9 kgfm/litro","22,4 kgfm",4,Admissão e escape,Embreagem dupla banhada a óleo,Automatizado,,7,,Dianteira,1420 mm,1565 mm,1565 mm,530 kg,4526 mm,2670 mm,1800 mm,1375 kg,430 litros,1300 kg,725 kg,50 litros,101 mm,Disco ventilado,Disco solido,"2,17 m²","0,651 m²","0,3",,Eletro-hidráulica,"11,4 m",,"Indep., McPherson",Mola helicoidal,"Indep., multibraço",680 km,560 km,"13,6 km/l","11,2 km/l",152 mm,,,,,,6500 rpm,Hidráulicos,,,,,,,,,,,,,,,,,,,,,,,,,,,,,,,,,,,,,,,,,,,,,,,,
bmw,218i,218i,218i-gran-coupe-sport-gp-1-5-2023,218i-gran-coupe-sport-gp-1-5-2023,https://www.fichacompleta.com.br/carros/bmw/218i-gran-coupe-sport-gp-1-5-2023,2026-06-18T15:05:52.939812,Bmw 218i Gran Coupe Sport GP 1.5 2023,"8,7 s",213 km/h,Corrente,Injeção direta,Turbocompressor,,3 em linha,B38B15,Duplo no cabeçote,"94,6 mm",82 mm,Transversal,Dianteiro,"9,82 kg/cv","61,4 kg/kgfm","93,4 cv/litro",140 cv,11:1,,,"14,9 kgfm/litro","22,4 kgfm",4,Admissão e escape,Embreagem dupla banhada a óleo,Automatizado,,7,,Dianteira,1420 mm,1565 mm,1565 mm,530 kg,4526 mm,2670 mm,1800 mm,1375 kg,430 litros,1300 kg,725 kg,50 litros,101 mm,Disco ventilado,Disco solido,"2,17 m²","0,651 m²","0,3",,Eletro-hidráulica,"11,4 m",,"Indep., McPherson",Mola helicoidal,"Indep., multibraço",680 km,560 km,"13,6 km/l","11,2 km/l",152 mm,,4600 rpm,1480 rpm,500 cm³,1499 cm³,6500 rpm,Hidráulicos,,,,,,,,,,,,,,,,,,,,,,,,,,,,,,,,,,,,,,,,,,,,,,,,
bmw,218i,218i,218i-gran-coupe-m-sport-1-5-2024,218i-gran-coupe-m-sport-1-5-2024,https://www.fichacompleta.com.br/carros/bmw/218i-gran-coupe-m-sport-1-5-2024,2026-06-18T15:05:59.729482,Bmw 218i Gran Coupe M Sport 1.5 2024,"8,7 s",213 km/h,Corrente,Injeção direta,Turbocompressor,,3 em linha,B38B15,Duplo no cabeçote,"94,6 mm",82 mm,Transversal,Dianteiro,"9,82 kg/cv","61,4 kg/kgfm","93,4 cv/litro",140 cv,11:1,,,"14,9 kgfm/litro","22,4 kgfm",4,Admissão e escape,Embreagem dupla banhada a óleo,Automatizado,,7,,Dianteira,1420 mm,1565 mm,1565 mm,530 kg,4526 mm,2670 mm,1800 mm,1375 kg,430 litros,1300 kg,725 kg,50 litros,101 mm,Disco ventilado,Disco solido,"2,17 m²","0,651 m²","0,3",,Eletro-hidráulica,"11,4 m",,"Indep., McPherson",Mola helicoidal,"Indep., multibraço",680 km,560 km,"13,6 km/l","11,2 km/l",152 mm,,4600 rpm,1480 rpm,500 cm³,1499 cm³,6500 rpm,Hidráulicos,,,,,,,,,,,,,,,,,,,,,,,,,,,,,,,,,,,,,,,,,,,,,,,,
bmw,218i,218i,218i-gran-coupe-sport-gp-1-5-2024,218i-gran-coupe-sport-gp-1-5-2024,https://www.fichacompleta.com.br/carros/bmw/218i-gran-coupe-sport-gp-1-5-2024,2026-06-18T15:06:02.538102,Bmw 218i Gran Coupe Sport GP 1.5 2024,"8,7 s",213 km/h,Corrente,Injeção direta,Turbocompressor,,3 em linha,B38B15,Duplo no cabeçote,"94,6 mm",82 mm,Transversal,Dianteiro,"9,82 kg/cv","61,4 kg/kgfm","93,4 cv/litro",140 cv,11:1,,,"14,9 kgfm/litro","22,4 kgfm",4,Admissão e escape,Embreagem dupla banhada a óleo,Automatizado,,7,,Dianteira,1420 mm,1565 mm,1565 mm,530 kg,4526 mm,2670 mm,1800 mm,1375 kg,430 litros,1300 kg,725 kg,50 litros,101 mm,Disco ventilado,Disco solido,"2,17 m²","0,651 m²","0,3",,Eletro-hidráulica,"11,4 m",,"Indep., McPherson",Mola helicoidal,"Indep., multibraço",680 km,560 km,"13,6 km/l","11,2 km/l",152 mm,,4600 rpm,1480 rpm,500 cm³,1499 cm³,6500 rpm,Hidráulicos,,,,,,,,,,,,,,,,,,,,,,,,,,,,,,,,,,,,,,,,,,,,,,,,
bmw,220i Active Tourer,220i-active-tourer,220i-active-tourer-2-0-turbo-2016,220i-active-tourer-2-0-turbo-2016,https://www.fichacompleta.com.br/carros/bmw/220i-active-tourer-2-0-turbo-2016,2026-06-18T15:06:54.104548,Bmw 220i Active Tourer 2.0 Turbo 2016,"7,4 s",228 km/h,,Injeção direta,Turbocompressor,1998 cm³,4 em linha,B48A20M0,"Duplo no cabeçote, corrente",,,Transversal,Dianteiro,"7,4 kg/cv","50,2 kg/kgfm","96,1 cv/litro",192 cv (A) 192 cv (G) a 5000 rpm,"10,2:1",,,"14,3 kgfm/litro","28,5 kgfm (A) 28,5 kgfm (G) a 1250 rpm",4,Admissão e escape,Conversor de torque,Automático,Aisin AWF835,,8,Dianteira,1555 mm,1561 mm,1562 mm,530 kg,4342 mm,2670 mm,1800 mm,1430 kg,468 litros,1500 kg,730 kg,51 litros,123 mm,Disco ventilado,Disco sólido,"2,38 m²","0,666 m²",,"0,28",Eletro-hidráulica,,"11,3 m","Independente, McPherson",Mola helicoidal,"Independente, multibraço",622 km,449 km,"12,2 km/l","8,8 km/l",156 mm,,,,,,7000 rpm,Hidráulicos,"94,6 mm",82 mm,434 km,316 km,"8,5 km/l","6,2 km/l",,,,,,,,,,,,,,,,,,,,,,,,,,,,,,,,,,,,,,,,,,
bmw,220i Active Tourer,220i-active-tourer,220i-active-tourer-2-0-turbo-2017,220i-active-tourer-2-0-turbo-2017,https://www.fichacompleta.com.br/carros/bmw/220i-active-tourer-2-0-turbo-2017,2026-06-18T15:06:58.194500,Bmw 220i Active Tourer 2.0 Turbo 2017,"7,4 s",228 km/h,,Injeção direta,Turbocompressor,1998 cm³,4 em linha,B48A20M0,"Duplo no cabeçote, corrente","94,6 mm",82 mm,Transversal,Dianteiro,"7,4 kg/cv","50,2 kg/kgfm","96,1 cv/litro",192 cv (A) 192 cv (G) a 5000 rpm,"10,2:1",,,"14,3 kgfm/litro","28,5 kgfm (A) 28,5 kgfm (G) a 1250 rpm",4,Admissão e escape,Conversor de torque,Automático,Aisin AWF835,,8,Dianteira,1555 mm,1561 mm,1562 mm,530 kg,4342 mm,2670 mm,1800 mm,1430 kg,468 litros,1500 kg,730 kg,51 litros,123 mm,Disco ventilado,Disco sólido,"2,38 m²","0,666 m²",,"0,28",Eletro-hidráulica,,"11,3 m","Independente, McPherson",Mola helicoidal,"Independente, multibraço",622 km,449 km,"12,2 km/l","8,8 km/l",156 mm,,,,,,7000 rpm,Hidráulicos,,,434 km,316 km,"8,5 km/l","6,2 km/l",,,,,,,,,,,,,,,,,,,,,,,,,,,,,,,,,,,,,,,,,,
bmw,220i Active Tourer,220i-active-tourer,220i-active-tourer-2-0-turbo-2018,220i-active-tourer-2-0-turbo-2018,https://www.fichacompleta.com.br/carros/bmw/220i-active-tourer-2-0-turbo-2018,2026-06-18T15:07:02.288483,Bmw 220i Active Tourer 2.0 Turbo 2018,"7,4 s",228 km/h,,Injeção direta,Turbocompressor,1998 cm³,4 em linha,B48A20M0,"Duplo no cabeçote, corrente","94,6 mm",82 mm,Transversal,Dianteiro,"7,4 kg/cv","50,2 kg/kgfm","96,1 cv/litro",192 cv (A) 192 cv (G) a 5000 rpm,"10,2:1",,,"14,3 kgfm/litro","28,5 kgfm (A) 28,5 kgfm (G) a 1250 rpm",4,Admissão e escape,Conversor de torque,Automático,Aisin AWF835,,8,Dianteira,1555 mm,1561 mm,1562 mm,530 kg,4342 mm,2670 mm,1800 mm,1430 kg,468 litros,1500 kg,730 kg,51 litros,123 mm,Disco ventilado,Disco sólido,"2,38 m²","0,666 m²",,"0,28",Eletro-hidráulica,,"11,3 m","Independente, McPherson",Mola helicoidal,"Independente, multibraço",658 km,536 km,"12,9 km/l","10,5 km/l",156 mm,,,,,,7000 rpm,Hidráulicos,,,444 km,362 km,"8,7 km/l","7,1 km/l",,,,,,,,,,,,,,,,,,,,,,,,,,,,,,,,,,,,,,,,,,
bmw,225i Active Tourer,225i-active-tourer,225i-active-tourer-2-0-turbo-2015,225i-active-tourer-2-0-turbo-2015,https://www.fichacompleta.com.br/carros/bmw/225i-active-tourer-2-0-turbo-2015,2026-06-18T15:07:21.439984,Bmw 225i Active Tourer 2.0 Turbo 2015,"6,8 s",235 km/h,,Injeção direta,Turbocompressor,1998 cm³,4 em linha,B48A20O0,"Duplo no cabeçote, corrente","94,6 mm",82 mm,Transversal,Dianteiro,"6,2 kg/cv","40,1 kg/kgfm","115,6 cv/litro",231 cv a 4750 rpm,"10,2:1",,,"17,9 kgfm/litro","35,7 kgfm a 1250 rpm",4,Admissão e escape,Conversor de torque,Automático,Aisin AWF835,,8,Dianteira,1555 mm,1557 mm,1558 mm,540 kg,4342 mm,2670 mm,1800 mm,1430 kg,468 litros,1500 kg,750 kg,51 litros,113 mm,Disco ventilado,Disco ventilado,"2,38 m²","0,690 m²",,"0,29",Eletro-hidráulica,,"11,3 m","Independente, McPherson",Mola helicoidal,"Independente, multibraço",622 km,449 km,"12,2 km/l","8,8 km/l",156 mm,,,,,,7000 rpm,Hidráulicos,,,,,,,,,,,,,,,,,,,,,,,,,,,,,,,,,,,,,,,,,,,,,,,,
bmw,225i Active Tourer,225i-active-tourer,225i-active-tourer-2-0-turbo-2016,225i-active-tourer-2-0-turbo-2016,https://www.fichacompleta.com.br/carros/bmw/225i-active-tourer-2-0-turbo-2016,2026-06-18T15:07:26.319576,Bmw 225i Active Tourer 2.0 Turbo 2016,"6,8 s",235 km/h,,Injeção direta,Turbocompressor,1998 cm³,4 em linha,B48A20O0,"Duplo no cabeçote, corrente","94,6 mm",82 mm,Transversal,Dianteiro,"6,2 kg/cv","40,1 kg/kgfm","115,6 cv/litro",231 cv a 4750 rpm,"10,2:1",,,"17,9 kgfm/litro","35,7 kgfm a 1250 rpm",4,Admissão e escape,Conversor de torque,Automático,Aisin AWF835,,8,Dianteira,1555 mm,1557 mm,1558 mm,540 kg,4342 mm,2670 mm,1800 mm,1430 kg,468 litros,1500 kg,750 kg,51 litros,113 mm,Disco ventilado,Disco ventilado,"2,38 m²","0,690 m²",,"0,29",Eletro-hidráulica,,"11,3 m","Independente, McPherson",Mola helicoidal,"Independente, multibraço",622 km,449 km,"12,2 km/l","8,8 km/l",156 mm,,,,,,7000 rpm,Hidráulicos,,,,,,,,,,,,,,,,,,,,,,,,,,,,,,,,,,,,,,,,,,,,,,,,
bmw,235i,235i,235i-gran-coupe-m-xdrive-2-0-2020,235i-gran-coupe-m-xdrive-2-0-2020,https://www.fichacompleta.com.br/carros/bmw/235i-gran-coupe-m-xdrive-2-0-2020,2026-06-18T15:07:44.103140,Bmw 235i Gran Coupe M xDrive 2.0 2020,"4,8 s",250 km/h,Corrente,Injeção direta,Turbocompressor,1998 cm³,4 em linha,B48A20,Duplo no cabeçote,"94,6 mm",82 mm,Transversal,Dianteiro,"5,1 kg/cv","34,2 kg/kgfm","153,2 cv/litro",306 cv,"9,5:1",,,"23,0 kgfm/litro","45,9 kgfm",4,Admissão e escape,Conversor de torque,Automático,,8,,Integral sob demanda,1420 mm,1563 mm,1560 mm,535 kg,4526 mm,2670 mm,1800 mm,1570 kg,430 litros,,,58 litros,90 mm,Disco ventilado,Disco ventilado,"2,17 m²","0,694 m²","0,32",,Eletro-hidráulica,"11,4 m",,"Indep., McPherson",Mola helicoidal,"Indep., multibraço",690 km,377 km,"11,9 km/l","6,5 km/l",152 mm,Kit de reparo e enchimento,5000 rpm,1750 rpm,,,6800 rpm,Hidráulicos,,,,,,,,,,,,,,,,,,,,,,,,,,,,,,,,,,,,,,,,,,,,,,,,
bmw,235i,235i,235i-gran-coupe-m-xdrive-2-0-2021,235i-gran-coupe-m-xdrive-2-0-2021,https://www.fichacompleta.com.br/carros/bmw/235i-gran-coupe-m-xdrive-2-0-2021,2026-06-18T15:07:47.549830,Bmw 235i Gran Coupe M xDrive 2.0 2021,"4,8 s",250 km/h,Corrente,Injeção direta,Turbocompressor,1998 cm³,4 em linha,B48A20,Duplo no cabeçote,"94,6 mm",82 mm,Transversal,Dianteiro,"5,1 kg/cv","34,2 kg/kgfm","153,2 cv/litro",,"9,5:1",5000 rpm,1750 rpm,"23,0 kgfm/litro",,4,Admissão e escape,Conversor de torque,Automático,,8,,Integral sob demanda,1420 mm,1563 mm,1560 mm,535 kg,4526 mm,2670 mm,1800 mm,1570 kg,430 litros,,,58 litros,90 mm,Disco ventilado,Disco ventilado,"2,17 m²","0,694 m²","0,32",,Eletro-hidráulica,"11,4 m",,"Indep., McPherson",Mola helicoidal,"Indep., multibraço",667 km,516 km,"11,5 km/l","8,9 km/l",152 mm,Kit de reparo e enchimento,,,,,6800 rpm,Hidráulicos,,,,,,,,,,,306 cv,"45,9 kgfm",,,,,,,,,,,,,,,,,,,,,,,,,,,,,,,,,,,,
bmw,235i,235i,235i-gran-coupe-m-xdrive-dark-edition-2-0-2021,235i-gran-coupe-m-xdrive-dark-edition-2-0-2021,https://www.fichacompleta.com.br/carros/bmw/235i-gran-coupe-m-xdrive-dark-edition-2-0-2021,2026-06-18T15:07:53.656134,Bmw 235i Gran Coupe M xDrive Dark Edition 2.0 2021,"4,8 s",250 km/h,,Injeção direta,Turbocompressor,1998 cm³,4 em linha,B48A20,"Duplo no cabeçote, corrente","94,6 mm",82 mm,Transversal,Dianteiro,"5,1 kg/cv","34,2 kg/kgfm","153,2 cv/litro",306 cv a 5000 rpm,"9,5:1",,,"23,0 kgfm/litro","45,9 kgfm a 1750 rpm",4,Admissão e escape,Conversor de torque,Automático,,,8,Integral sob demanda,1420 mm,1563 mm,1560 mm,535 kg,4526 mm,2670 mm,1800 mm,1570 kg,430 litros,,,58 litros,90 mm,Disco ventilado,Disco ventilado,"2,17 m²","0,694 m²",,"0,32",Eletro-hidráulica,,"11,4 m","Independente, McPherson",Mola helicoidal,"Independente, multibraço",690 km,377 km,"11,9 km/l","6,5 km/l",152 mm,Kit de reparo e enchimento,,,,,6800 rpm,Hidráulicos,,,,,,,,,,,,,,,,,,,,,,,,,,,,,,,,,,,,,,,,,,,,,,,,
bmw,235i,235i,235i-gran-coupe-m-xdrive-2-0-2022,235i-gran-coupe-m-xdrive-2-0-2022,https://www.fichacompleta.com.br/carros/bmw/235i-gran-coupe-m-xdrive-2-0-2022,2026-06-18T15:07:57.082715,Bmw 235i Gran Coupe M xDrive 2.0 2022,"4,8 s",250 km/h,Corrente,Injeção direta,Turbocompressor,1998 cm³,4 em linha,B48A20,Duplo no cabeçote,"94,6 mm",82 mm,Transversal,Dianteiro,"5,1 kg/cv","34,2 kg/kgfm","153,2 cv/litro",306 cv,"9,5:1",5000 rpm,1750 rpm,"23,0 kgfm/litro","45,9 kgfm",4,Admissão e escape,Conversor de torque,Automático,,8,,Integral sob demanda,1420 mm,1563 mm,1560 mm,535 kg,4526 mm,2670 mm,1800 mm,1570 kg,430 litros,,,58 litros,90 mm,Disco ventilado,Disco ventilado,"2,17 m²","0,694 m²","0,32",,Eletro-hidráulica,"11,4 m",,"Indep., McPherson",Mola helicoidal,"Indep., multibraço",667 km,516 km,"11,5 km/l","8,9 km/l",152 mm,Kit de reparo e enchimento,,,,,6800 rpm,Hidráulicos,,,,,,,,,,,,,,,,,,,,,,,,,,,,,,,,,,,,,,,,,,,,,,,,
bmw,235i,235i,235i-gran-coupe-m-xdrive-2-0-2026,235i-gran-coupe-m-xdrive-2-0-2026,https://www.fichacompleta.com.br/carros/bmw/235i-gran-coupe-m-xdrive-2-0-2026,2026-06-18T15:08:01.624129,Bmw 235i Gran Coupe M xDrive 2.0 2026,"4,9 s",250 km/h,Corrente,Injeção direta,Turbocompressor,,4 em linha,B48A20,Duplo no cabeçote,"94,6 mm",82 mm,Transversal,Dianteiro,"5,12 kg/cv","39,8 kg/kgfm","158,7 cv/litro",317 cv,"9,5:1",,,"20,4 kgfm/litro","40,8 kgfm",4,Admissão e escape,Embreagem dupla banhada a óleo,Automatizado,,7,,Integral sob demanda,1445 mm,1562 mm,1562 mm,,4552 mm,2670 mm,1801 mm,1623 kg,360 litros,,,49 litros,90 mm,Disco ventilado,Disco ventilado,,,,,Elétrica,"11,7 m",,"Indep., McPherson",Mola helicoidal,"Indep., multibraço",564 km,436 km,"11,5 km/l","8,9 km/l",145 mm,,5750 rpm,2000 rpm,500 cm³,1998 cm³,6500 rpm,Hidráulicos,,,,,,,,,,,,,,,,,,,,,,,,,,,,,,,,,,,,,,,,,,,,,,,,
bmw,235i Coupe,235i-coupe,235i-coupe-m-3-0-turbo-2014,235i-coupe-m-3-0-turbo-2014,https://www.fichacompleta.com.br/carros/bmw/235i-coupe-m-3-0-turbo-2014,2026-06-18T15:08:19.702963,Bmw 235i Coupe M 3.0 Turbo 2014,"4,8 s",250 km/h,Corrente,Injeção direta,Turbocompressor,2979 cm³,6 em linha,N55B30O0,Duplo no cabeçote,"89,6 mm",84 mm,Longitudinal,Dianteiro,"4,5 kg/cv","32,0 kg/kgfm","109,4 cv/litro",326 cv,"10,2:1",5800 rpm,1300 rpm,"15,4 kgfm/litro","45,9 kgfm",4,Admissão e escape,Conversor de torque,Automático,ZF 8HP,8,8,Traseira,1408 mm,1516 mm,1532 mm,510 kg,4454 mm,2690 mm,1774 mm,1470 kg,390 litros,,,52 litros,86 mm,Disco ventilado,Disco ventilado,"2,12 m²","0,700 m²","0,33","0,33",Eletro-hidráulica,"10,9 m","10,9 m","Indep., McPherson",Mola helicoidal,"Indep., multibraço",588 km,400 km,"11,3 km/l","7,7 km/l",130 mm,,,,,,7000 rpm,Hidráulicos,,,,,,,,,,,,,,,,,,,,,,,,,,,,,,,,,,,,,,,,,,,,,,,,
bmw,235i Coupe,235i-coupe,235i-coupe-m-3-0-turbo-2015,235i-coupe-m-3-0-turbo-2015,https://www.fichacompleta.com.br/carros/bmw/235i-coupe-m-3-0-turbo-2015,2026-06-18T15:08:23.556836,Bmw 235i Coupe M 3.0 Turbo 2015,"4,8 s",250 km/h,Corrente,Injeção direta,Turbocompressor,2979 cm³,6 em linha,N55B30O0,Duplo no cabeçote,"89,6 mm",84 mm,Longitudinal,Dianteiro,"4,5 kg/cv","32,0 kg/kgfm","109,4 cv/litro",326 cv,"10,2:1",,,"15,4 kgfm/litro","45,9 kgfm",4,Admissão e escape,Conversor de torque,Automático,ZF 8HP,8,,Traseira,1408 mm,1516 mm,1532 mm,510 kg,4454 mm,2690 mm,1774 mm,1470 kg,390 litros,,,52 litros,86 mm,Disco ventilado,Disco ventilado,"2,12 m²","0,700 m²","0,33",,Eletro-hidráulica,"10,9 m",,"Indep., McPherson",Mola helicoidal,"Indep., multibraço",588 km,400 km,"11,3 km/l","7,7 km/l",130 mm,,5800 rpm,1300 rpm,,,7000 rpm,Hidráulicos,,,,,,,,,,,,,,,,,,,,,,,,,,,,,,,,,,,,,,,,,,,,,,,,
bmw,235i Coupe,235i-coupe,235i-coupe-m-3-0-turbo-2016,235i-coupe-m-3-0-turbo-2016,https://www.fichacompleta.com.br/carros/bmw/235i-coupe-m-3-0-turbo-2016,2026-06-18T15:08:27.131140,Bmw 235i Coupe M 3.0 Turbo 2016,"4,8 s",250 km/h,,Injeção direta,Turbocompressor,2979 cm³,6 em linha,N55B30O0,"Duplo no cabeçote, corrente","89,6 mm",84 mm,Longitudinal,Dianteiro,"4,5 kg/cv","32,0 kg/kgfm","109,4 cv/litro",326 cv a 5800 rpm,"10,2:1",,,"15,4 kgfm/litro","45,9 kgfm a 1300 rpm",4,Admissão e escape,Conversor de torque,Automático,ZF 8HP,,8,Traseira,1408 mm,1516 mm,1532 mm,510 kg,4454 mm,2690 mm,1774 mm,1470 kg,390 litros,,,52 litros,86 mm,Disco ventilado,Disco ventilado,"2,12 m²","0,700 m²",,"0,33",Eletro-hidráulica,,"10,9 m","Independente, McPherson",Mola helicoidal,"Independente, multibraço",588 km,400 km,"11,3 km/l","7,7 km/l",130 mm,,,,,,7000 rpm,Hidráulicos,,,,,,,,,,,,,,,,,,,,,,,,,,,,,,,,,,,,,,,,,,,,,,,,
bmw,240i,240i,240i-m-3-0-turbo-2017,240i-m-3-0-turbo-2017,https://www.fichacompleta.com.br/carros/bmw/240i-m-3-0-turbo-2017,2026-06-18T15:08:44.990276,Bmw 240i M 3.0 Turbo 2017,"4,6 s",250 km/h,,Injeção direta,Turbocompressor,2998 cm³,6 em linha,B58B30M0,"Duplo no cabeçote, corrente","94,6 mm",82 mm,Longitudinal,Dianteiro,"4,4 kg/cv","29,1 kg/kgfm","113,4 cv/litro",340 cv a 5500 rpm,11:1,,,"17,0 kgfm/litro",51 kgfm a 1520 rpm,4,Admissão e escape,Conversor de torque,Automático,ZF 8HP,,8,Traseira,1408 mm,1516 mm,1532 mm,510 kg,4454 mm,2690 mm,1774 mm,1485 kg,390 litros,,,52 litros,86 mm,Disco ventilado,Disco ventilado,"2,12 m²","0,700 m²",,"0,33",Eletro-hidráulica,,"10,9 m","Independente, McPherson",Mola helicoidal,"Independente, multibraço",588 km,400 km,"11,3 km/l","7,7 km/l",130 mm,,,,,,7000 rpm,Hidráulicos,,,,,,,,,,,,,,,,,,,,,,,,,,,,,,,,,,,,,,,,,,,,,,,,
bmw,240i,240i,240i-m-3-0-turbo-2018,240i-m-3-0-turbo-2018,https://www.fichacompleta.com.br/carros/bmw/240i-m-3-0-turbo-2018,2026-06-18T15:08:47.844303,Bmw 240i M 3.0 Turbo 2018,"4,6 s",250 km/h,,Injeção direta,Turbocompressor,2998 cm³,6 em linha,B58B30M0,"Duplo no cabeçote, corrente","94,6 mm",82 mm,Longitudinal,Dianteiro,"4,4 kg/cv","29,1 kg/kgfm","113,4 cv/litro",340 cv a 5500 rpm,11:1,,,"17,0 kgfm/litro",51 kgfm a 1520 rpm,4,Admissão e escape,Conversor de torque,Automático,ZF 8HP,,8,Traseira,1408 mm,1516 mm,1532 mm,510 kg,4454 mm,2690 mm,1774 mm,1485 kg,390 litros,,,52 litros,86 mm,Disco ventilado,Disco ventilado,"2,12 m²","0,700 m²",,"0,33",Eletro-hidráulica,,"10,9 m","Independente, McPherson",Mola helicoidal,"Independente, multibraço",624 km,489 km,12 km/l,"9,4 km/l",130 mm,,,,,,7000 rpm,Hidráulicos,,,,,,,,,,,,,,,,,,,,,,,,,,,,,,,,,,,,,,,,,,,,,,,,
bmw,316i,316i,316i-1-6-1995,316i-1-6-1995,https://www.fichacompleta.com.br/carros/bmw/316i-1-6-1995,2026-06-18T15:09:07.214121,Bmw 316i 1.6 1995,"12,7 s",195 km/h,,Injeção multiponto,Natural,1596 cm³,4 em linha,M43B16,"Duplo no cabeçote, corrente",,,Longitudinal,Dianteiro,"11,7 kg/cv","77,8 kg/kgfm","63,9 cv/litro",102 cv a 5500 rpm,"9,7:1",,,"9,6 kgfm/litro","15,3 kgfm a 3900 rpm",2,,,Manual,,,5,Traseira,1393 mm,1418 mm,1431 mm,460 kg,4433 mm,2700 mm,1698 mm,1190 kg,435 litros,,,65 litros,120 mm,185/65 R15,Disco sólido,"2,01 m²",,,"0,29",Hidráulica,,"10,4 m","Independente, McPherson",Mola helicoidal,"Independente, multibraço",715 km,618 km,11 km/l,"9,5 km/l",,,,,,,,Hidráulicos,72 mm,84 mm,,,,,,,,,,,,,,,,,,,,,,,,,,,,,,,,,,,,,,,,,,,,,,
bmw,316i,316i,316i-1-6-turbo-2014,316i-1-6-turbo-2014,https://www.fichacompleta.com.br/carros/bmw/316i-1-6-turbo-2014,2026-06-18T15:09:11.126081,Bmw 316i 1.6 Turbo 2014,"9,2 s",210 km/h,Corrente,Injeção direta,Turbocompressor,1598 cm³,4 em linha,N13B16,Duplo no cabeçote,"85,8 mm",77 mm,Longitudinal,Dianteiro,"10,3 kg/cv","62,7 kg/kgfm","85,1 cv/litro",136 cv,"10,5:1",4350 rpm,1350 rpm,"14,0 kgfm/litro","22,4 kgfm",4,Admissão e escape,Conversor de torque,Automático,ZF 8HP,8,8,Traseira,1429 mm,1543 mm,1583 mm,550 kg,4624 mm,2810 mm,1811 mm,1405 kg,480 litros,,,60 litros,123 mm,Disco ventilado,Disco ventilado,"2,2 m²","0,594 m²","0,27","0,27",Eletro-hidráulica,"11,3 m","11,3 m","Indep., McPherson",Mola helicoidal,"Indep., multibraço",774 km,582 km,"12,9 km/l","9,7 km/l",140 mm,,,,,,,,,,,,,,,,,,,,,,,,,,,,,,,,,,,,,,,,,,,,,,,,,,,,,,,
bmw,316i,316i,316i-1-6-turbo-2015,316i-1-6-turbo-2015,https://www.fichacompleta.com.br/carros/bmw/316i-1-6-turbo-2015,2026-06-18T15:09:14.119225,Bmw 316i 1.6 Turbo 2015,"9,2 s",210 km/h,,Injeção direta,Turbocompressor,1598 cm³,4 em linha,N13B16,"Duplo no cabeçote, corrente","85,8 mm",77 mm,Longitudinal,Dianteiro,"10,3 kg/cv","62,7 kg/kgfm","85,1 cv/litro",136 cv a 4350 rpm,"10,5:1",,,"14,0 kgfm/litro","22,4 kgfm a 1350 rpm",4,Admissão e escape,Conversor de torque,Automático,ZF 8HP,,8,Traseira,1429 mm,1543 mm,1583 mm,550 kg,4624 mm,2810 mm,1811 mm,1405 kg,480 litros,,,60 litros,123 mm,Disco ventilado,Disco ventilado,"2,2 m²","0,594 m²",,"0,27",Eletro-hidráulica,,"11,3 m","Independente, McPherson",Mola helicoidal,"Independente, multibraço",774 km,582 km,"12,9 km/l","9,7 km/l",140 mm,,,,,,,,,,,,,,,,,,,,,,,,,,,,,,,,,,,,,,,,,,,,,,,,,,,,,,,
bmw,318i,318i,318i-1-8-1991,318i-1-8-1991,https://www.fichacompleta.com.br/carros/bmw/318i-1-8-1991,2026-06-18T15:09:31.400716,Bmw 318i 1.8 1991,"11,3 s",201 km/h,Corrente,Injeção multiponto,Natural,,4 em linha,M43B18,Duplo no cabeçote,81 mm,84 mm,Longitudinal,Dianteiro,"10,39 kg/cv","70,5 kg/kgfm","64,6 cv/litro",116 cv,"9,7:1",,,"9,5 kgfm/litro","17,1 kgfm",2,,Embreagem monodisco a seco,Manual,,5,,Traseira,1393 mm,1418 mm,1431 mm,460 kg,4433 mm,2700 mm,1698 mm,1205 kg,435 litros,,,65 litros,120 mm,Disco ventilado,Disco sólido,"2,01 m²","0,603 m²","0,3",,Hidráulica,"10,4 m",,"Indep., McPherson",Mola helicoidal,"Indep., multibraço",683 km,520 km,"10,5 km/l",8 km/l,,,5500 rpm,3900 rpm,449 cm³,1796 cm³,6200 rpm,Hidráulicos,,,,,,,,,,,,,,,,,,,,,,,,,,,,,,,,,,,,,,,,,,,,,,,,
bmw,318i,318i,318i-1-8-1992,318i-1-8-1992,https://www.fichacompleta.com.br/carros/bmw/318i-1-8-1992,2026-06-18T15:09:35.732899,Bmw 318i 1.8 1992,"11,3 s",201 km/h,Corrente,Injeção multiponto,Natural,1796 cm³,4 em linha,M43B18,Duplo no cabeçote,81 mm,84 mm,Longitudinal,Dianteiro,"10,4 kg/cv","70,5 kg/kgfm","64,6 cv/litro",,"9,7:1",5500 rpm,3900 rpm,"9,5 kgfm/litro",,2,,Embreagem monodisco a seco,Manual,,5,,Traseira,1393 mm,1418 mm,1431 mm,460 kg,4433 mm,2700 mm,1698 mm,1205 kg,435 litros,,,65 litros,120 mm,Disco ventilado,Disco sólido,"2,01 m²","0,603 m²","0,3",,Hidráulica,"10,4 m",,"Indep., McPherson",Mola helicoidal,"Indep., multibraço",683 km,520 km,"10,5 km/l",8 km/l,,,,,,,6200 rpm,Hidráulicos,,,,,,,,,,,116 cv,"17,1 kgfm",,,,,,,,,,,,,,,,,,,,,,,,,,,,,,,,,,,,
bmw,318i,318i,318i-1-8-1993,318i-1-8-1993,https://www.fichacompleta.com.br/carros/bmw/318i-1-8-1993,2026-06-18T15:09:39.882856,Bmw 318i 1.8 1993,"11,3 s",201 km/h,Corrente,Injeção multiponto,Natural,1796 cm³,4 em linha,M43B18,Duplo no cabeçote,81 mm,84 mm,Longitudinal,Dianteiro,"10,4 kg/cv","70,5 kg/kgfm","64,6 cv/litro",116 cv,"9,7:1",,,"9,5 kgfm/litro","17,1 kgfm",2,,Embreagem monodisco a seco,Manual,,5,,Traseira,1393 mm,1418 mm,1431 mm,460 kg,4433 mm,2700 mm,1698 mm,1205 kg,435 litros,,,65 litros,120 mm,Disco ventilado,Disco sólido,"2,01 m²","0,603 m²","0,3",,Hidráulica,"10,4 m",,"Indep., McPherson",Mola helicoidal,"Indep., multibraço",683 km,520 km,"10,5 km/l",8 km/l,,,5500 rpm,3900 rpm,,,6200 rpm,Hidráulicos,,,,,,,,,,,,,,,,,,,,,,,,,,,,,,,,,,,,,,,,,,,,,,,,
bmw,318i,318i,318i-1-8-1994,318i-1-8-1994,https://www.fichacompleta.com.br/carros/bmw/318i-1-8-1994,2026-06-18T15:09:42.740430,Bmw 318i 1.8 1994,"11,3 s",201 km/h,Corrente,Injeção multiponto,Natural,1796 cm³,4 em linha,M43B18,Duplo no cabeçote,81 mm,84 mm,Longitudinal,Dianteiro,"10,4 kg/cv","70,5 kg/kgfm","64,6 cv/litro",116 cv,"9,7:1",,,"9,5 kgfm/litro","17,1 kgfm",2,,Embreagem monodisco a seco,Manual,,5,,Traseira,1393 mm,1418 mm,1431 mm,460 kg,4433 mm,2700 mm,1698 mm,1205 kg,435 litros,,,65 litros,120 mm,Disco ventilado,Disco sólido,"2,01 m²","0,603 m²","0,3",,Hidráulica,"10,4 m",,"Indep., McPherson",Mola helicoidal,"Indep., multibraço",683 km,520 km,"10,5 km/l",8 km/l,,,5500 rpm,3900 rpm,,,6200 rpm,Hidráulicos,,,,,,,,,,,,,,,,,,,,,,,,,,,,,,,,,,,,,,,,,,,,,,,,
bmw,318i,318i,318i-1-8-1995,318i-1-8-1995,https://www.fichacompleta.com.br/carros/bmw/318i-1-8-1995,2026-06-18T15:09:46.098730,Bmw 318i 1.8 1995,"11,3 s",201 km/h,Corrente,Injeção multiponto,Natural,1796 cm³,4 em linha,M43B18,Duplo no cabeçote,81 mm,84 mm,Longitudinal,Dianteiro,"10,4 kg/cv","70,5 kg/kgfm","64,6 cv/litro",116 cv,"9,7:1",,,"9,5 kgfm/litro","17,1 kgfm",2,,Embreagem monodisco a seco,Manual,,5,,Traseira,1393 mm,1418 mm,1431 mm,460 kg,4433 mm,2700 mm,1698 mm,1205 kg,435 litros,,,65 litros,120 mm,Disco ventilado,Disco sólido,"2,01 m²","0,603 m²","0,3",,Hidráulica,"10,4 m",,"Indep., McPherson",Mola helicoidal,"Indep., multibraço",683 km,520 km,"10,5 km/l",8 km/l,,,5500 rpm,3900 rpm,,,6200 rpm,Hidráulicos,,,,,,,,,,,,,,,,,,,,,,,,,,,,,,,,,,,,,,,,,,,,,,,,
bmw,318i,318i,318i-2-0-2011,318i-2-0-2011,https://www.fichacompleta.com.br/carros/bmw/318i-2-0-2011,2026-06-18T15:09:50.062218,Bmw 318i 2.0 2011,"10,8 s",208 km/h,,Injeção multiponto,Natural,1995 cm³,4 em linha,N46B20U2,"Duplo no cabeçote, corrente",90 mm,84 mm,Longitudinal,Dianteiro,"10,2 kg/cv","71,6 kg/kgfm","68,2 cv/litro",136 cv a 6000 rpm,12:1,,,"9,7 kgfm/litro","19,4 kgfm a 4250 rpm",4,Admissão e escape,Conversor de torque,Automático,,,6,Traseira,1421 mm,1506 mm,1535 mm,520 kg,4531 mm,2760 mm,1817 mm,1390 kg,460 litros,,,63 litros,98 mm,Disco ventilado,Disco sólido,"2,19 m²","0,613 m²",,"0,28",Eletro-hidráulica,,11 m,"Independente, McPherson",Mola helicoidal,"Independente, multibraço",769 km,573 km,"12,2 km/l","9,1 km/l",,,,,,,,,,,,,,,,,,,,,,,,,,,,,,,,,,,,,,,,,,,,,,,,,,,,,,,,
bmw,318i,318i,318i-2-0-2012,318i-2-0-2012,https://www.fichacompleta.com.br/carros/bmw/318i-2-0-2012,2026-06-18T15:09:53.474675,Bmw 318i 2.0 2012,"10,8 s",208 km/h,Corrente,Injeção multiponto,Natural,1995 cm³,4 em linha,N46B20U2,Duplo no cabeçote,90 mm,84 mm,Longitudinal,Dianteiro,"10,2 kg/cv","71,6 kg/kgfm","68,2 cv/litro",136 cv,12:1,,,"9,7 kgfm/litro","19,4 kgfm",4,Admissão e escape,Conversor de torque,Automático,,6,,Traseira,1421 mm,1506 mm,1535 mm,520 kg,4531 mm,2760 mm,1817 mm,1390 kg,460 litros,,,63 litros,98 mm,Disco ventilado,Disco sólido,"2,19 m²","0,613 m²","0,28",,Eletro-hidráulica,11 m,,"Indep., McPherson",Mola helicoidal,"Indep., multibraço",769 km,573 km,"12,2 km/l","9,1 km/l",,,6000 rpm,4250 rpm,,,,,,,,,,,,,,,,,,,,,,,,,,,,,,,,,,,,,,,,,,,,,,,,,,,,
bmw,318i Cabriolet,318i-cabriolet,318i-cabriolet-1-8-1994,318i-cabriolet-1-8-1994,https://www.fichacompleta.com.br/carros/bmw/318i-cabriolet-1-8-1994,2026-06-18T15:10:13.381526,Bmw 318i Cabriolet 1.8 1994,"13,7 s",189 km/h,Corrente,Injeção multiponto,Natural,1796 cm³,4 em linha,M43B18,Duplo no cabeçote,81 mm,84 mm,Longitudinal,Dianteiro,"12,0 kg/cv","81,6 kg/kgfm","64,6 cv/litro",116 cv,"9,7:1",,,"9,5 kgfm/litro","17,1 kgfm",2,,Conversor de torque,Automático,GM 4L30-E,4,,Traseira,1348 mm,1408 mm,1421 mm,400 kg,4433 mm,2700 mm,1710 mm,1395 kg,230 litros,,,65 litros,123 mm,Disco ventilado,Disco sólido,"1,96 m²","0,686 m²","0,35",,Hidráulica,"10,4 m",,"Indep., McPherson",Mola helicoidal,"Indep., multibraço",618 km,520 km,"9,5 km/l",8 km/l,,,5500 rpm,3900 rpm,,,6200 rpm,Hidráulicos,,,,,,,,,,,,,,,,,,,,,,,,,,,,,,,,,,,,,,,,,,,,,,,,
bmw,318i Cabriolet,318i-cabriolet,318i-cabriolet-1-8-1995,318i-cabriolet-1-8-1995,https://www.fichacompleta.com.br/carros/bmw/318i-cabriolet-1-8-1995,2026-06-18T15:10:17.251295,Bmw 318i Cabriolet 1.8 1995,"13,7 s",189 km/h,Corrente,Injeção multiponto,Natural,,4 em linha,M43B18,Duplo no cabeçote,81 mm,84 mm,Longitudinal,Dianteiro,"12,03 kg/cv","81,6 kg/kgfm","64,6 cv/litro",116 cv,"9,7:1",,,"9,5 kgfm/litro","17,1 kgfm",2,,Conversor de torque,Automático,GM 4L30-E,4,,Traseira,1348 mm,1408 mm,1421 mm,400 kg,4433 mm,2700 mm,1710 mm,1395 kg,230 litros,,,65 litros,123 mm,Disco ventilado,Disco sólido,"1,96 m²","0,686 m²","0,35",,Hidráulica,"10,4 m",,"Indep., McPherson",Mola helicoidal,"Indep., multibraço",618 km,520 km,"9,5 km/l",8 km/l,,,5500 rpm,3900 rpm,449 cm³,1796 cm³,6200 rpm,Hidráulicos,,,,,,,,,,,,,,,,,,,,,,,,,,,,,,,,,,,,,,,,,,,,,,,,
bmw,318ti,318ti,318ti-compact-1-8-1995,318ti-compact-1-8-1995,https://www.fichacompleta.com.br/carros/bmw/318ti-compact-1-8-1995,2026-06-18T15:10:33.634441,Bmw 318ti Compact 1.8 1995,"9,9 s",209 km/h,,Injeção multiponto,Natural,1796 cm³,4 em linha,M42B18,Duplo no cabeçote,81 mm,84 mm,Longitudinal,Dianteiro,"9,0 kg/cv","70,3 kg/kgfm","78,0 cv/litro",140 cv,10:1,6000 rpm,4500 rpm,"9,9 kgfm/litro","17,85 kgfm",4,,Embreagem monodisco a seco,Manual,,5,5,Traseira,1393 mm,1408 mm,1413 mm,385 kg,4210 mm,2700 mm,1698 mm,1255 kg,325 litros,,,52 litros,123 mm,Disco ventilado,Disco sólido,"2,01 m²","0,643 m²","0,32","0,32",Hidráulica,"10,4 m","10,4 m","Indep., McPherson",Mola helicoidal,"Indep., braço semi-arrastado",546 km,421 km,"10,5 km/l","8,1 km/l",,,,,,,6300 rpm,,,,,,,,,,,,,,,,,,,,,,,,,,,,,,,,,,,,,,,,,,,,,,,,,
bmw,318ti,318ti,318ti-compact-1-8-at-1995,318ti-compact-1-8-at-1995,https://www.fichacompleta.com.br/carros/bmw/318ti-compact-1-8-at-1995,2026-06-18T15:10:37.457468,Bmw 318ti Compact 1.8 AT 1995,"11,2 s",202 km/h,,Injeção multiponto,Natural,1796 cm³,4 em linha,M42B18,Duplo no cabeçote,81 mm,84 mm,Longitudinal,Dianteiro,"9,3 kg/cv","72,5 kg/kgfm","78,0 cv/litro",140 cv,10:1,,,"9,9 kgfm/litro","17,85 kgfm",4,,Conversor de torque,Automático,GM 4L30-E,4,,Traseira,1393 mm,1408 mm,1413 mm,385 kg,4210 mm,2700 mm,1698 mm,1295 kg,325 litros,,,52 litros,123 mm,Disco ventilado,Disco sólido,"2,01 m²","0,643 m²","0,32",,Hidráulica,"10,4 m",,"Indep., McPherson",Mola helicoidal,"Indep., braço semiarrastado",510 km,406 km,"9,8 km/l","7,8 km/l",,,6000 rpm,4500 rpm,,,6300 rpm,,,,,,,,,,,,,,,,,,,,,,,,,,,,,,,,,,,,,,,,,,,,,,,,,
bmw,318ti,318ti,318ti-compact-1-8-1996,318ti-compact-1-8-1996,https://www.fichacompleta.com.br/carros/bmw/318ti-compact-1-8-1996,2026-06-18T15:10:42.130397,Bmw 318ti Compact 1.8 1996,"9,9 s",209 km/h,,Injeção multiponto,Natural,1895 cm³,4 em linha,M44B19,Duplo no cabeçote,"83,5 mm",85 mm,Longitudinal,Dianteiro,"9,0 kg/cv","68,6 kg/kgfm","73,9 cv/litro",,10:1,6000 rpm,4300 rpm,"9,7 kgfm/litro",,4,,Embreagem monodisco a seco,Manual,,5,,Traseira,1393 mm,1408 mm,1413 mm,385 kg,4210 mm,2700 mm,1698 mm,1255 kg,325 litros,,,52 litros,123 mm,Disco ventilado,Disco sólido,"2,01 m²","0,643 m²","0,32",,Hidráulica,"10,4 m",,"Indep., McPherson",Mola helicoidal,"Indep., braço semiarrastado",546 km,421 km,"10,5 km/l","8,1 km/l",,,,,,,6500 rpm,,,,,,,,,,,,140 cv,"18,3 kgfm",,,,,,,,,,,,,,,,,,,,,,,,,,,,,,,,,,,,
bmw,318ti,318ti,318ti-compact-1-8-1997,318ti-compact-1-8-1997,https://www.fichacompleta.com.br/carros/bmw/318ti-compact-1-8-1997,2026-06-18T15:10:45.854299,Bmw 318ti Compact 1.8 1997,"9,9 s",209 km/h,,Injeção multiponto,Natural,1895 cm³,4 em linha,M44B19,Duplo no cabeçote,"83,5 mm",85 mm,Longitudinal,Dianteiro,"9,0 kg/cv","68,6 kg/kgfm","73,9 cv/litro",140 cv,10:1,,,"9,7 kgfm/litro","18,3 kgfm",4,,Embreagem monodisco a seco,Manual,,5,,Traseira,1393 mm,1408 mm,1413 mm,385 kg,4210 mm,2700 mm,1698 mm,1255 kg,325 litros,,,52 litros,123 mm,Disco ventilado,Disco sólido,"2,01 m²","0,643 m²","0,32",,Hidráulica,"10,4 m",,"Indep., McPherson",Mola helicoidal,"Indep., braço semiarrastado",546 km,421 km,"10,5 km/l","8,1 km/l",,,6000 rpm,4300 rpm,,,6500 rpm,,,,,,,,,,,,,,,,,,,,,,,,,,,,,,,,,,,,,,,,,,,,,,,,,
bmw,318ti,318ti,318ti-compact-1-8-at-1997,318ti-compact-1-8-at-1997,https://www.fichacompleta.com.br/carros/bmw/318ti-compact-1-8-at-1997,2026-06-18T15:10:48.852955,Bmw 318ti Compact 1.8 AT 1997,"11,2 s",202 km/h,,Injeção multiponto,Natural,1796 cm³,4 em linha,M42B18,Duplo no cabeçote,,,Longitudinal,Dianteiro,"9,3 kg/cv","72,5 kg/kgfm","78,0 cv/litro",140 cv a 6000 rpm,10:1,,,"9,9 kgfm/litro","17,85 kgfm a 4500 rpm",4,,Conversor de torque,Automático,GM 4L30-E,,4,Traseira,1393 mm,1408 mm,1413 mm,385 kg,4210 mm,2700 mm,1698 mm,1295 kg,325 litros,,,52 litros,123 mm,Disco ventilado,Disco sólido,"2,01 m²",,,"0,32",Hidráulica,,"10,4 m","Independente, McPherson",Mola helicoidal,"Independente, braço semi-arrastado",520 km,416 km,10 km/l,8 km/l,,,,,,,,,81 mm,84 mm,,,,,,,,,,,,,,,,,,,,,,,,,,,,,,,,,,,,,,,,,,,,,,
bmw,318ti,318ti,318ti-compact-1-8-1998,318ti-compact-1-8-1998,https://www.fichacompleta.com.br/carros/bmw/318ti-compact-1-8-1998,2026-06-18T15:10:54.190060,Bmw 318ti Compact 1.8 1998,"9,9 s",209 km/h,,Injeção multiponto,Natural,1895 cm³,4 em linha,M44B19,Duplo no cabeçote,"83,5 mm",85 mm,Longitudinal,Dianteiro,"9,0 kg/cv","68,6 kg/kgfm","73,9 cv/litro",140 cv a 6000 rpm,10:1,,,"9,7 kgfm/litro","18,3 kgfm a 4300 rpm",4,,Embreagem monodisco a seco,Manual,,,5,Traseira,1393 mm,1408 mm,1413 mm,385 kg,4210 mm,2700 mm,1698 mm,1255 kg,325 litros,,,52 litros,123 mm,Disco ventilado,Disco sólido,"2,01 m²","0,643 m²",,"0,32",Hidráulica,,"10,4 m","Independente, McPherson",Mola helicoidal,"Independente, braço semi-arrastado",546 km,421 km,"10,5 km/l","8,1 km/l",,,,,,,6500 rpm,,,,,,,,,,,,,,,,,,,,,,,,,,,,,,,,,,,,,,,,,,,,,,,,,
bmw,320i,320i,320i-2-2-2001,320i-2-2-2001,https://www.fichacompleta.com.br/carros/bmw/320i-2-2-2001,2026-06-18T15:11:34.291407,Bmw 320i 2.2 2001,"9,4 s",223 km/h,Corrente,Injeção multiponto,Natural,2171 cm³,6 em linha,M54B22,Duplo no cabeçote,72 mm,80 mm,Longitudinal,Dianteiro,"8,2 kg/cv","65,2 kg/kgfm","78,3 cv/litro",170 cv,"10,8:1",,,"9,9 kgfm/litro","21,4 kgfm",4,Admissão e escape,Conversor de torque,Automático,,5,,Traseira,1415 mm,1471 mm,1483 mm,,4471 mm,2725 mm,1739 mm,1395 kg,440 litros,,,63 litros,113 mm,Disco ventilado,Disco ventilado,"2,09 m²","0,627 m²","0,3",,Hidráulica,"10,5 m",,"Indep., McPherson",Mola helicoidal,"Indep., multibraço",655 km,435 km,"10,4 km/l","6,9 km/l",,,6100 rpm,3500 rpm,,,6500 rpm,Hidráulicos,,,,,,,,,,,,,,,,,,,,,,,,,,,,,,,,,,,,,,,,,,,,,,,,
bmw,320i,320i,320i-2-2-2002,320i-2-2-2002,https://www.fichacompleta.com.br/carros/bmw/320i-2-2-2002,2026-06-18T15:11:37.378487,Bmw 320i 2.2 2002,"9,4 s",223 km/h,Corrente,Injeção multiponto,Natural,2171 cm³,6 em linha,M54B22,Duplo no cabeçote,72 mm,80 mm,Longitudinal,Dianteiro,"8,2 kg/cv","65,2 kg/kgfm","78,3 cv/litro",170 cv,"10,8:1",,,"9,9 kgfm/litro","21,4 kgfm",4,Admissão e escape,Conversor de torque,Automático,,5,,Traseira,1415 mm,1471 mm,1483 mm,,4471 mm,2725 mm,1739 mm,1395 kg,440 litros,,,63 litros,113 mm,Disco ventilado,Disco ventilado,"2,09 m²","0,627 m²","0,3",,Hidráulica,"10,5 m",,"Indep., McPherson",Mola helicoidal,"Indep., multibraço",655 km,435 km,"10,4 km/l","6,9 km/l",,,6100 rpm,3500 rpm,,,6500 rpm,Hidráulicos,,,,,,,,,,,,,,,,,,,,,,,,,,,,,,,,,,,,,,,,,,,,,,,,
bmw,320i,320i,320i-2-2-2003,320i-2-2-2003,https://www.fichacompleta.com.br/carros/bmw/320i-2-2-2003,2026-06-18T15:11:40.249120,Bmw 320i 2.2 2003,"9,4 s",223 km/h,,Injeção multiponto,Natural,2171 cm³,6 em linha,M54B22,"Duplo no cabeçote, corrente",,,Longitudinal,Dianteiro,"8,2 kg/cv","65,2 kg/kgfm","78,3 cv/litro",170 cv a 6100 rpm,"10,8:1",,,"9,9 kgfm/litro","21,4 kgfm a 3500 rpm",4,Admissão e escape,Conversor de torque,Automático,,,5,Traseira,1415 mm,1471 mm,1483 mm,,4471 mm,2725 mm,1739 mm,1395 kg,440 litros,,,63 litros,113 mm,Disco ventilado,Disco ventilado,"2,09 m²","0,627 m²",,"0,3",Hidráulica,,"10,5 m","Independente, McPherson",Mola helicoidal,"Independente, multibraço",655 km,435 km,"10,4 km/l","6,9 km/l",,,,,,,6500 rpm,Hidráulicos,72 mm,80 mm,,,,,,,,,,,,,,,,,,,,,,,,,,,,,,,,,,,,,,,,,,,,,,
bmw,320i,320i,320i-2-2-2004,320i-2-2-2004,https://www.fichacompleta.com.br/carros/bmw/320i-2-2-2004,2026-06-18T15:11:44.270819,Bmw 320i 2.2 2004,"9,4 s",223 km/h,Corrente,Injeção multiponto,Natural,2171 cm³,6 em linha,M54B22,Duplo no cabeçote,72 mm,80 mm,Longitudinal,Dianteiro,"8,2 kg/cv","65,2 kg/kgfm","78,3 cv/litro",,"10,8:1",6100 rpm,3500 rpm,"9,9 kgfm/litro",,4,Admissão e escape,Conversor de torque,Automático,,5,,Traseira,1415 mm,1471 mm,1483 mm,,4471 mm,2725 mm,1739 mm,1395 kg,440 litros,,,63 litros,113 mm,Disco ventilado,Disco ventilado,"2,09 m²","0,627 m²","0,3",,Hidráulica,"10,5 m",,"Indep., McPherson",Mola helicoidal,"Indep., multibraço",655 km,435 km,"10,4 km/l","6,9 km/l",,,,,,,6500 rpm,Hidráulicos,,,,,,,,,,,170 cv,"21,4 kgfm",,,,,,,,,,,,,,,,,,,,,,,,,,,,,,,,,,,,
bmw,320i,320i,320i-2-0-2005,320i-2-0-2005,https://www.fichacompleta.com.br/carros/bmw/320i-2-0-2005,2026-06-18T15:11:47.427330,Bmw 320i 2.0 2005,"9,7 s",215 km/h,Corrente,Injeção multiponto,Natural,1995 cm³,4 em linha,N46B20O1,Duplo no cabeçote,90 mm,84 mm,Longitudinal,Dianteiro,"9,0 kg/cv","66,2 kg/kgfm","75,2 cv/litro",150 cv,"10,5:1",6200 rpm,3600 rpm,"10,2 kgfm/litro","20,4 kgfm",4,Admissão e escape,Conversor de torque,Automático,,6,6,Traseira,1421 mm,,,490 kg,4520 mm,2760 mm,1817 mm,1350 kg,460 litros,,,60 litros,92 mm,Disco ventilado,Disco ventilado,"2,19 m²","0,613 m²","0,28","0,28",Hidráulica,11 m,11 m,"Indep., McPherson",Mola helicoidal,"Indep., multibraço",660 km,480 km,11 km/l,8 km/l,,,,,,,,,,,,,,,,,,,,,,,,,,,,,,,,,,,,,,,,,,,,,,,,,,,,,,,,
bmw,320i,320i,320i-2-0-2006,320i-2-0-2006,https://www.fichacompleta.com.br/carros/bmw/320i-2-0-2006,2026-06-18T15:11:51.946062,Bmw 320i 2.0 2006,"9,7 s",215 km/h,Corrente,Injeção multiponto,Natural,1995 cm³,4 em linha,N46B20O1,Duplo no cabeçote,90 mm,84 mm,Longitudinal,Dianteiro,"9,0 kg/cv","66,2 kg/kgfm","75,2 cv/litro",150 cv,"10,5:1",,,"10,2 kgfm/litro","20,4 kgfm",4,Admissão e escape,Conversor de torque,Automático,,6,,Traseira,1421 mm,,,490 kg,4520 mm,2760 mm,1817 mm,1350 kg,460 litros,,,60 litros,92 mm,Disco ventilado,Disco ventilado,"2,19 m²","0,613 m²","0,28",,Hidráulica,11 m,,"Indep., McPherson",Mola helicoidal,"Indep., multibraço",660 km,480 km,11 km/l,8 km/l,,,6200 rpm,3600 rpm,,,,,,,,,,,,,,,,,,,,,,,,,,,,,,,,,,,,,,,,,,,,,,,,,,,,
bmw,320i,320i,320i-2-0-2007,320i-2-0-2007,https://www.fichacompleta.com.br/carros/bmw/320i-2-0-2007,2026-06-18T15:11:55.132784,Bmw 320i 2.0 2007,"9,7 s",215 km/h,,Injeção multiponto,Natural,1995 cm³,4 em linha,N46B20O1,"Duplo no cabeçote, corrente",90 mm,84 mm,Longitudinal,Dianteiro,"9,0 kg/cv","66,2 kg/kgfm","75,2 cv/litro",150 cv a 6200 rpm,"10,5:1",,,"10,2 kgfm/litro","20,4 kgfm a 3600 rpm",4,Admissão e escape,Conversor de torque,Automático,,,6,Traseira,1421 mm,,,490 kg,4520 mm,2760 mm,1817 mm,1350 kg,460 litros,,,60 litros,92 mm,Disco ventilado,Disco ventilado,"2,19 m²","0,613 m²",,"0,28",Hidráulica,,11 m,"Independente, McPherson",Mola helicoidal,"Independente, multibraço",660 km,480 km,11 km/l,8 km/l,,,,,,,,,,,,,,,,,,,,,,,,,,,,,,,,,,,,,,,,,,,,,,,,,,,,,,,,
bmw,320i,320i,320i-2-0-2008,320i-2-0-2008,https://www.fichacompleta.com.br/carros/bmw/320i-2-0-2008,2026-06-18T15:11:58.674062,Bmw 320i 2.0 2008,"9,7 s",215 km/h,Corrente,Injeção multiponto,Natural,1995 cm³,4 em linha,N46B20O1,Duplo no cabeçote,90 mm,84 mm,Longitudinal,Dianteiro,"9,0 kg/cv","66,2 kg/kgfm","75,2 cv/litro",150 cv,"10,5:1",,,"10,2 kgfm/litro","20,4 kgfm",4,Admissão e escape,Conversor de torque,Automático,,6,,Traseira,1421 mm,,,490 kg,4520 mm,2760 mm,1817 mm,1350 kg,460 litros,,,60 litros,92 mm,Disco ventilado,Disco ventilado,"2,19 m²","0,613 m²","0,28",,Hidráulica,11 m,,"Indep., McPherson",Mola helicoidal,"Indep., multibraço",660 km,480 km,11 km/l,8 km/l,,,6200 rpm,3600 rpm,,,,,,,,,,,,,,,,,,,,,,,,,,,,,,,,,,,,,,,,,,,,,,,,,,,,
bmw,320i,320i,320i-2-0-2009,320i-2-0-2009,https://www.fichacompleta.com.br/carros/bmw/320i-2-0-2009,2026-06-18T15:12:03.078998,Bmw 320i 2.0 2009,"9,8 s",218 km/h,,Injeção multiponto,Natural,1995 cm³,4 em linha,N46B20O2,"Duplo no cabeçote, corrente",90 mm,84 mm,Longitudinal,Dianteiro,"8,9 kg/cv","68,1 kg/kgfm","78,2 cv/litro",156 cv a 6400 rpm,"10,5:1",,,"10,2 kgfm/litro","20,4 kgfm a 3600 rpm",4,Admissão e escape,Conversor de torque,Automático,,,6,Traseira,1421 mm,1506 mm,1535 mm,520 kg,4531 mm,2760 mm,1817 mm,1390 kg,460 litros,,,63 litros,101 mm,Disco ventilado,Disco sólido,"2,19 m²","0,613 m²",,"0,28",Eletro-hidráulica,,11 m,"Independente, McPherson",Mola helicoidal,"Independente, multibraço",756 km,567 km,12 km/l,9 km/l,144 mm,,,,,,,,,,,,,,,,,,,,,,,,,,,,,,,,,,,,,,,,,,,,,,,,,,,,,,,
bmw,320i,320i,320i-2-0-2010,320i-2-0-2010,https://www.fichacompleta.com.br/carros/bmw/320i-2-0-2010,2026-06-18T15:12:07.029981,Bmw 320i 2.0 2010,"9,8 s",218 km/h,Corrente,Injeção multiponto,Natural,1995 cm³,4 em linha,N46B20O2,Duplo no cabeçote,90 mm,84 mm,Longitudinal,Dianteiro,"8,9 kg/cv","68,1 kg/kgfm","78,2 cv/litro",156 cv,"10,5:1",6400 rpm,3600 rpm,"10,2 kgfm/litro","20,4 kgfm",4,Admissão e escape,Conversor de torque,Automático,,6,6,Traseira,1421 mm,1506 mm,1535 mm,520 kg,4531 mm,2760 mm,1817 mm,1390 kg,460 litros,,,63 litros,101 mm,Disco ventilado,Disco sólido,"2,19 m²","0,613 m²","0,28","0,28",Eletro-hidráulica,11 m,11 m,"Indep., McPherson",Mola helicoidal,"Indep., multibraço",756 km,567 km,12 km/l,9 km/l,144 mm,,,,,,,,,,,,,,,,,,,,,,,,,,,,,,,,,,,,,,,,,,,,,,,,,,,,,,,
bmw,320i,320i,320i-2-0-2011,320i-2-0-2011,https://www.fichacompleta.com.br/carros/bmw/320i-2-0-2011,2026-06-18T15:12:09.948209,Bmw 320i 2.0 2011,"9,8 s",218 km/h,Corrente,Injeção multiponto,Natural,1995 cm³,4 em linha,N46B20O2,Duplo no cabeçote,90 mm,84 mm,Longitudinal,Dianteiro,"8,9 kg/cv","68,1 kg/kgfm","78,2 cv/litro",156 cv,"10,5:1",,,"10,2 kgfm/litro","20,4 kgfm",4,Admissão e escape,Conversor de torque,Automático,,6,,Traseira,1421 mm,1506 mm,1535 mm,520 kg,4531 mm,2760 mm,1817 mm,1390 kg,460 litros,,,63 litros,101 mm,Disco ventilado,Disco sólido,"2,19 m²","0,613 m²","0,28",,Eletro-hidráulica,11 m,,"Indep., McPherson",Mola helicoidal,"Indep., multibraço",756 km,567 km,12 km/l,9 km/l,144 mm,,6400 rpm,3600 rpm,,,,,,,,,,,,,,,,,,,,,,,,,,,,,,,,,,,,,,,,,,,,,,,,,,,,
bmw,320i,320i,320i-2-0-2012,320i-2-0-2012,https://www.fichacompleta.com.br/carros/bmw/320i-2-0-2012,2026-06-18T15:12:12.802596,Bmw 320i 2.0 2012,"9,8 s",218 km/h,Corrente,Injeção multiponto,Natural,1995 cm³,4 em linha,N46B20O2,Duplo no cabeçote,90 mm,84 mm,Longitudinal,Dianteiro,"8,9 kg/cv","68,1 kg/kgfm","78,2 cv/litro",156 cv,"10,5:1",,,"10,2 kgfm/litro","20,4 kgfm",4,Admissão e escape,Conversor de torque,Automático,,6,,Traseira,1421 mm,1506 mm,1535 mm,520 kg,4531 mm,2760 mm,1817 mm,1390 kg,460 litros,,,63 litros,101 mm,Disco ventilado,Disco sólido,"2,19 m²","0,613 m²","0,28",,Eletro-hidráulica,11 m,,"Indep., McPherson",Mola helicoidal,"Indep., multibraço",756 km,567 km,12 km/l,9 km/l,144 mm,,6400 rpm,3600 rpm,,,,,,,,,,,,,,,,,,,,,,,,,,,,,,,,,,,,,,,,,,,,,,,,,,,,
bmw,320i,320i,320i-2-0-turbo-2013,320i-2-0-turbo-2013,https://www.fichacompleta.com.br/carros/bmw/320i-2-0-turbo-2013,2026-06-18T15:12:17.394282,Bmw 320i 2.0 Turbo 2013,"7,6 s",235 km/h,Corrente,Injeção direta,Turbocompressor,1997 cm³,4 em linha,N20B20,Duplo no cabeçote,"90,1 mm",84 mm,Longitudinal,Dianteiro,"7,7 kg/cv","51,6 kg/kgfm","92,1 cv/litro",184 cv,11:1,5000 rpm,1250 rpm,"13,8 kgfm/litro","27,5 kgfm",4,Admissão e escape,Conversor de torque,Automático,ZF 8HP,8,8,Traseira,1429 mm,1543 mm,1583 mm,550 kg,4624 mm,2810 mm,1811 mm,1420 kg,480 litros,,,60 litros,113 mm,Disco ventilado,Disco ventilado,"2,2 m²","0,594 m²","0,27","0,27",Eletro-hidráulica,"11,3 m","11,3 m","Indep., McPherson",Mola helicoidal,"Indep., multibraço",810 km,570 km,"13,5 km/l","9,5 km/l",140 mm,,,,,,,,,,,,,,,,,,,,,,,,,,,,,,,,,,,,,,,,,,,,,,,,,,,,,,,
bmw,320i,320i,320i-sport-2-0-turbo-2013,320i-sport-2-0-turbo-2013,https://www.fichacompleta.com.br/carros/bmw/320i-sport-2-0-turbo-2013,2026-06-18T15:12:22.437345,Bmw 320i Sport 2.0 Turbo 2013,"7,6 s",235 km/h,Corrente,Injeção direta,Turbocompressor,1997 cm³,4 em linha,N20B20,Duplo no cabeçote,"90,1 mm",84 mm,Longitudinal,Dianteiro,"7,7 kg/cv","51,6 kg/kgfm","92,1 cv/litro",184 cv,11:1,,,"13,8 kgfm/litro","27,5 kgfm",4,Admissão e escape,Conversor de torque,Automático,ZF 8HP,8,,Traseira,1429 mm,1543 mm,1583 mm,550 kg,4624 mm,2810 mm,1811 mm,1420 kg,480 litros,,,60 litros,113 mm,Disco ventilado,Disco ventilado,"2,2 m²","0,594 m²","0,27",,Eletro-hidráulica,"11,3 m",,"Indep., McPherson",Mola helicoidal,"Indep., multibraço",810 km,570 km,"13,5 km/l","9,5 km/l",140 mm,,5000 rpm,1250 rpm,,,,,,,,,,,,,,,,,,,,,,,,,,,,,,,,,,,,,,,,,,,,,,,,,,,,
bmw,320i,320i,320i-2-0-turbo-2014,320i-2-0-turbo-2014,https://www.fichacompleta.com.br/carros/bmw/320i-2-0-turbo-2014,2026-06-18T15:12:47.811226,Bmw 320i 2.0 Turbo 2014,"7,3 s",235 km/h,Corrente,Injeção direta,Turbocompressor,1997 cm³,4 em linha,N20B20,Duplo no cabeçote,"90,1 mm",84 mm,Longitudinal,Dianteiro,"7,7 kg/cv","51,6 kg/kgfm","92,1 cv/litro",184 cv (A) 184 cv (G) a 5000 rpm,11:1,5000 rpm,1250 rpm,"13,8 kgfm/litro","27,5 kgfm (A) 27,5 kgfm (G) a 1250 rpm",4,Admissão e escape,Conversor de torque,Automático,ZF 8HP,8,8,Traseira,1429 mm,1543 mm,1583 mm,550 kg,4624 mm,2810 mm,1811 mm,1420 kg,480 litros,,,60 litros,113 mm,Disco ventilado,Disco ventilado,"2,2 m²","0,594 m²","0,27","0,27",Eletro-hidráulica,"11,3 m","11,3 m","Indep., McPherson",Mola helicoidal,"Indep., multibraço",798 km,564 km,"13,3 km/l","9,4 km/l",140 mm,,,,,,,,,,558 km,390 km,"9,3 km/l","6,5 km/l",184 cv,184 cv,"27,5 kgfm","27,5 kgfm",,,,,,,,,,,,,,,,,,,,,,,,,,,,,,,,,,,,,,
bmw,320i,320i,320i-sport-2-0-turbo-2014,320i-sport-2-0-turbo-2014,https://www.fichacompleta.com.br/carros/bmw/320i-sport-2-0-turbo-2014,2026-06-18T15:12:51.427731,Bmw 320i Sport 2.0 Turbo 2014,"7,3 s",235 km/h,Corrente,Injeção direta,Turbocompressor,1997 cm³,4 em linha,N20B20,Duplo no cabeçote,"90,1 mm",84 mm,Longitudinal,Dianteiro,"7,7 kg/cv","51,6 kg/kgfm","92,1 cv/litro",,11:1,,,"13,8 kgfm/litro",,4,Admissão e escape,Conversor de torque,Automático,ZF 8HP,8,,Traseira,1429 mm,1543 mm,1583 mm,550 kg,4624 mm,2810 mm,1811 mm,1420 kg,480 litros,,,60 litros,113 mm,Disco ventilado,Disco ventilado,"2,2 m²","0,594 m²","0,27",,Eletro-hidráulica,"11,3 m",,"Indep., McPherson",Mola helicoidal,"Indep., multibraço",798 km,564 km,"13,3 km/l","9,4 km/l",140 mm,,5000 rpm,1250 rpm,,,,,,,558 km,390 km,"9,3 km/l","6,5 km/l",184 cv,184 cv,"27,5 kgfm","27,5 kgfm",,,,,,,,,,,,,,,,,,,,,,,,,,,,,,,,,,,,,,
bmw,320i,320i,320i-2-0-turbo-2015,320i-2-0-turbo-2015,https://www.fichacompleta.com.br/carros/bmw/320i-2-0-turbo-2015,2026-06-18T15:12:54.035436,Bmw 320i 2.0 Turbo 2015,"7,3 s",235 km/h,Corrente,Injeção direta,Turbocompressor,1997 cm³,4 em linha,N20B20,Duplo no cabeçote,"90,1 mm",84 mm,Longitudinal,Dianteiro,"7,7 kg/cv","51,6 kg/kgfm","92,1 cv/litro",,11:1,,,"13,8 kgfm/litro",,4,Admissão e escape,Conversor de torque,Automático,ZF 8HP,8,,Traseira,1429 mm,1543 mm,1583 mm,550 kg,4624 mm,2810 mm,1811 mm,1420 kg,480 litros,,,60 litros,113 mm,Disco ventilado,Disco ventilado,"2,2 m²","0,594 m²","0,27",,Eletro-hidráulica,"11,3 m",,"Indep., McPherson",Mola helicoidal,"Indep., multibraço",798 km,564 km,"13,3 km/l","9,4 km/l",140 mm,,5000 rpm,1250 rpm,,,,,,,558 km,390 km,"9,3 km/l","6,5 km/l",184 cv,184 cv,"27,5 kgfm","27,5 kgfm",,,,,,,,,,,,,,,,,,,,,,,,,,,,,,,,,,,,,,
bmw,320i,320i,320i-m-sport-2-0-turbo-2015,320i-m-sport-2-0-turbo-2015,https://www.fichacompleta.com.br/carros/bmw/320i-m-sport-2-0-turbo-2015,2026-06-18T15:12:57.558597,Bmw 320i M Sport 2.0 Turbo 2015,"7,3 s",235 km/h,,Injeção direta,Turbocompressor,1997 cm³,4 em linha,N20B20,"Duplo no cabeçote, corrente","90,1 mm",84 mm,Longitudinal,Dianteiro,"7,7 kg/cv","51,6 kg/kgfm","92,1 cv/litro",184 cv (A) 184 cv (G) a 5000 rpm,11:1,,,"13,8 kgfm/litro","27,5 kgfm (A) 27,5 kgfm (G) a 1250 rpm",4,Admissão e escape,Conversor de torque,Automático,ZF 8HP,,8,Traseira,1429 mm,1543 mm,1583 mm,550 kg,4624 mm,2810 mm,1811 mm,1420 kg,480 litros,,,60 litros,101 mm,Disco ventilado,Disco ventilado,"2,2 m²","0,594 m²",,"0,27",Eletro-hidráulica,,"11,3 m","Independente, McPherson",Mola helicoidal,"Independente, multibraço",798 km,564 km,"13,3 km/l","9,4 km/l",140 mm,,,,,,,,,,558 km,390 km,"9,3 km/l","6,5 km/l",,,,,,,,,,,,,,,,,,,,,,,,,,,,,,,,,,,,,,,,,,
bmw,320i,320i,320i-sport-2-0-turbo-2015,320i-sport-2-0-turbo-2015,https://www.fichacompleta.com.br/carros/bmw/320i-sport-2-0-turbo-2015,2026-06-18T15:13:01.967350,Bmw 320i Sport 2.0 Turbo 2015,"7,3 s",235 km/h,,Injeção direta,Turbocompressor,1997 cm³,4 em linha,N20B20,"Duplo no cabeçote, corrente","90,1 mm",84 mm,Longitudinal,Dianteiro,"7,7 kg/cv","51,6 kg/kgfm","92,1 cv/litro",184 cv (A) 184 cv (G) a 5000 rpm,11:1,,,"13,8 kgfm/litro","27,5 kgfm (A) 27,5 kgfm (G) a 1250 rpm",4,Admissão e escape,Conversor de torque,Automático,ZF 8HP,,8,Traseira,1429 mm,1543 mm,1583 mm,550 kg,4624 mm,2810 mm,1811 mm,1420 kg,480 litros,,,60 litros,113 mm,Disco ventilado,Disco ventilado,"2,2 m²","0,594 m²",,"0,27",Eletro-hidráulica,,"11,3 m","Independente, McPherson",Mola helicoidal,"Independente, multibraço",798 km,564 km,"13,3 km/l","9,4 km/l",140 mm,,,,,,,,,,558 km,390 km,"9,3 km/l","6,5 km/l",,,,,,,,,,,,,,,,,,,,,,,,,,,,,,,,,,,,,,,,,,
bmw,320i,320i,320i-m-sport-2-0-turbo-2016,320i-m-sport-2-0-turbo-2016,https://www.fichacompleta.com.br/carros/bmw/320i-m-sport-2-0-turbo-2016,2026-06-18T15:13:05.092053,Bmw 320i M Sport 2.0 Turbo 2016,"7,3 s",235 km/h,,Injeção direta,Turbocompressor,1997 cm³,4 em linha,N20B20,"Duplo no cabeçote, corrente","90,1 mm",84 mm,Longitudinal,Dianteiro,"7,7 kg/cv","51,6 kg/kgfm","92,1 cv/litro",184 cv (A) 184 cv (G) a 5000 rpm,11:1,,,"13,8 kgfm/litro","27,5 kgfm (A) 27,5 kgfm (G) a 1250 rpm",4,Admissão e escape,Conversor de torque,Automático,ZF 8HP,,8,Traseira,1429 mm,1543 mm,1583 mm,550 kg,4624 mm,2810 mm,1811 mm,1420 kg,480 litros,,,60 litros,101 mm,Disco ventilado,Disco ventilado,"2,2 m²","0,594 m²",,"0,27",Eletro-hidráulica,,"11,3 m","Independente, McPherson",Mola helicoidal,"Independente, multibraço",798 km,564 km,"13,3 km/l","9,4 km/l",140 mm,,,,,,,,,,558 km,390 km,"9,3 km/l","6,5 km/l",,,,,,,,,,,,,,,,,,,,,,,,,,,,,,,,,,,,,,,,,,
bmw,320i,320i,320i-sport-2-0-turbo-2016,320i-sport-2-0-turbo-2016,https://www.fichacompleta.com.br/carros/bmw/320i-sport-2-0-turbo-2016,2026-06-18T15:13:09.680662,Bmw 320i Sport 2.0 Turbo 2016,"7,3 s",235 km/h,,Injeção direta,Turbocompressor,1997 cm³,4 em linha,N20B20,"Duplo no cabeçote, corrente","90,1 mm",84 mm,Longitudinal,Dianteiro,"7,7 kg/cv","51,6 kg/kgfm","92,1 cv/litro",184 cv (A) 184 cv (G) a 5000 rpm,11:1,,,"13,8 kgfm/litro","27,5 kgfm (A) 27,5 kgfm (G) a 1250 rpm",4,Admissão e escape,Conversor de torque,Automático,ZF 8HP,,8,Traseira,1429 mm,1543 mm,1583 mm,550 kg,4624 mm,2810 mm,1811 mm,1420 kg,480 litros,,,60 litros,113 mm,Disco ventilado,Disco ventilado,"2,2 m²","0,594 m²",,"0,27",Eletro-hidráulica,,"11,3 m","Independente, McPherson",Mola helicoidal,"Independente, multibraço",798 km,564 km,"13,3 km/l","9,4 km/l",140 mm,,,,,,,,,,558 km,390 km,"9,3 km/l","6,5 km/l",,,,,,,,,,,,,,,,,,,,,,,,,,,,,,,,,,,,,,,,,,
bmw,320i,320i,320i-m-sport-2-0-turbo-2017,320i-m-sport-2-0-turbo-2017,https://www.fichacompleta.com.br/carros/bmw/320i-m-sport-2-0-turbo-2017,2026-06-18T15:13:14.544380,Bmw 320i M Sport 2.0 Turbo 2017,"7,3 s",235 km/h,,Injeção direta,Turbocompressor,1997 cm³,4 em linha,N20B20,"Duplo no cabeçote, corrente","90,1 mm",84 mm,Longitudinal,Dianteiro,"7,7 kg/cv","51,6 kg/kgfm","92,1 cv/litro",184 cv (A) 184 cv (G) a 5000 rpm,11:1,,,"13,8 kgfm/litro","27,5 kgfm (A) 27,5 kgfm (G) a 1250 rpm",4,Admissão e escape,Conversor de torque,Automático,ZF 8HP,,8,Traseira,1429 mm,1543 mm,1583 mm,550 kg,4624 mm,2810 mm,1811 mm,1420 kg,480 litros,,,60 litros,101 mm,Disco ventilado,Disco ventilado,"2,2 m²","0,594 m²",,"0,27",Eletro-hidráulica,,"11,3 m","Independente, McPherson",Mola helicoidal,"Independente, multibraço",798 km,564 km,"13,3 km/l","9,4 km/l",140 mm,,,,,,,,,,558 km,390 km,"9,3 km/l","6,5 km/l",,,,,,,,,,,,,,,,,,,,,,,,,,,,,,,,,,,,,,,,,,
bmw,320i,320i,320i-sport-2-0-turbo-2017,320i-sport-2-0-turbo-2017,https://www.fichacompleta.com.br/carros/bmw/320i-sport-2-0-turbo-2017,2026-06-18T15:13:18.482549,Bmw 320i Sport 2.0 Turbo 2017,"7,3 s",235 km/h,,Injeção direta,Turbocompressor,1997 cm³,4 em linha,N20B20,"Duplo no cabeçote, corrente","90,1 mm",84 mm,Longitudinal,Dianteiro,"7,7 kg/cv","51,6 kg/kgfm","92,1 cv/litro",184 cv (A) 184 cv (G) a 5000 rpm,11:1,,,"13,8 kgfm/litro","27,5 kgfm (A) 27,5 kgfm (G) a 1250 rpm",4,Admissão e escape,Conversor de torque,Automático,ZF 8HP,,8,Traseira,1429 mm,1543 mm,1583 mm,550 kg,4624 mm,2810 mm,1811 mm,1420 kg,480 litros,,,60 litros,113 mm,Disco ventilado,Disco ventilado,"2,2 m²","0,594 m²",,"0,27",Eletro-hidráulica,,"11,3 m","Independente, McPherson",Mola helicoidal,"Independente, multibraço",798 km,564 km,"13,3 km/l","9,4 km/l",140 mm,,,,,,,,,,558 km,390 km,"9,3 km/l","6,5 km/l",,,,,,,,,,,,,,,,,,,,,,,,,,,,,,,,,,,,,,,,,,
bmw,320i,320i,320i-m-sport-2-0-turbo-2018,320i-m-sport-2-0-turbo-2018,https://www.fichacompleta.com.br/carros/bmw/320i-m-sport-2-0-turbo-2018,2026-06-18T15:13:22.974412,Bmw 320i M Sport 2.0 Turbo 2018,"7,3 s",235 km/h,,Injeção direta,Turbocompressor,1997 cm³,4 em linha,N20B20,"Duplo no cabeçote, corrente","90,1 mm",84 mm,Longitudinal,Dianteiro,"7,7 kg/cv","51,6 kg/kgfm","92,1 cv/litro",184 cv (A) 184 cv (G) a 5000 rpm,11:1,,,"13,8 kgfm/litro","27,5 kgfm (A) 27,5 kgfm (G) a 1250 rpm",4,Admissão e escape,Conversor de torque,Automático,ZF 8HP,,8,Traseira,1429 mm,1543 mm,1583 mm,550 kg,4624 mm,2810 mm,1811 mm,1420 kg,480 litros,,,60 litros,101 mm,Disco ventilado,Disco ventilado,"2,2 m²","0,594 m²",,"0,27",Eletro-hidráulica,,"11,3 m","Independente, McPherson",Mola helicoidal,"Independente, multibraço",768 km,588 km,"12,8 km/l","9,8 km/l",140 mm,,,,,,,,,,528 km,402 km,"8,8 km/l","6,7 km/l",,,,,,,,,,,,,,,,,,,,,,,,,,,,,,,,,,,,,,,,,,
bmw,320i,320i,320i-sport-2-0-turbo-2018,320i-sport-2-0-turbo-2018,https://www.fichacompleta.com.br/carros/bmw/320i-sport-2-0-turbo-2018,2026-06-18T15:13:26.341419,Bmw 320i Sport 2.0 Turbo 2018,"7,3 s",235 km/h,,Injeção direta,Turbocompressor,1997 cm³,4 em linha,N20B20,"Duplo no cabeçote, corrente","90,1 mm",84 mm,Longitudinal,Dianteiro,"7,7 kg/cv","51,6 kg/kgfm","92,1 cv/litro",184 cv (A) 184 cv (G) a 5000 rpm,11:1,,,"13,8 kgfm/litro","27,5 kgfm (A) 27,5 kgfm (G) a 1250 rpm",4,Admissão e escape,Conversor de torque,Automático,ZF 8HP,,8,Traseira,1429 mm,1543 mm,1583 mm,550 kg,4624 mm,2810 mm,1811 mm,1420 kg,480 litros,,,60 litros,113 mm,Disco ventilado,Disco ventilado,"2,2 m²","0,594 m²",,"0,27",Eletro-hidráulica,,"11,3 m","Independente, McPherson",Mola helicoidal,"Independente, multibraço",768 km,588 km,"12,8 km/l","9,8 km/l",140 mm,,,,,,,,,,528 km,402 km,"8,8 km/l","6,7 km/l",,,,,,,,,,,,,,,,,,,,,,,,,,,,,,,,,,,,,,,,,,
bmw,320i,320i,320i-sport-gp-2-0-turbo-2018,320i-sport-gp-2-0-turbo-2018,https://www.fichacompleta.com.br/carros/bmw/320i-sport-gp-2-0-turbo-2018,2026-06-18T15:13:30.146553,Bmw 320i Sport GP 2.0 Turbo 2018,"7,3 s",235 km/h,,Injeção direta,Turbocompressor,1997 cm³,4 em linha,N20B20,"Duplo no cabeçote, corrente","90,1 mm",84 mm,Longitudinal,Dianteiro,"7,7 kg/cv","51,6 kg/kgfm","92,1 cv/litro",184 cv (A) 184 cv (G) a 5000 rpm,11:1,,,"13,8 kgfm/litro","27,5 kgfm (A) 27,5 kgfm (G) a 1250 rpm",4,Admissão e escape,Conversor de torque,Automático,ZF 8HP,,8,Traseira,1429 mm,1543 mm,1583 mm,550 kg,4624 mm,2810 mm,1811 mm,1420 kg,480 litros,,,60 litros,113 mm,Disco ventilado,Disco ventilado,"2,2 m²","0,594 m²",,"0,27",Eletro-hidráulica,,"11,3 m","Independente, McPherson",Mola helicoidal,"Independente, multibraço",768 km,588 km,"12,8 km/l","9,8 km/l",140 mm,,,,,,,,,,528 km,402 km,"8,8 km/l","6,7 km/l",,,,,,,,,,,,,,,,,,,,,,,,,,,,,,,,,,,,,,,,,,
bmw,320i,320i,320i-sport-2-0-turbo-2019,320i-sport-2-0-turbo-2019,https://www.fichacompleta.com.br/carros/bmw/320i-sport-2-0-turbo-2019,2026-06-18T15:13:33.085133,Bmw 320i Sport 2.0 Turbo 2019,"7,3 s",235 km/h,Corrente,Injeção direta,Turbocompressor,1997 cm³,4 em linha,N20B20,Duplo no cabeçote,"90,1 mm",84 mm,Longitudinal,Dianteiro,"7,7 kg/cv","51,6 kg/kgfm","92,1 cv/litro",,11:1,,,"13,8 kgfm/litro",,4,Admissão e escape,Conversor de torque,Automático,ZF 8HP,8,,Traseira,1429 mm,1543 mm,1583 mm,550 kg,4624 mm,2810 mm,1811 mm,1420 kg,480 litros,,,60 litros,101 mm,Disco ventilado,Disco ventilado,"2,2 m²","0,594 m²","0,27",,Eletro-hidráulica,"11,3 m",,"Indep., McPherson",Mola helicoidal,"Indep., multibraço",768 km,588 km,"12,8 km/l","9,8 km/l",140 mm,,5000 rpm,1250 rpm,,,,,,,528 km,402 km,"8,8 km/l","6,7 km/l",184 cv,184 cv,"27,5 kgfm","27,5 kgfm",,,,,,,,,,,,,,,,,,,,,,,,,,,,,,,,,,,,,,
bmw,320i,320i,320i-sport-gp-2-0-turbo-2019,320i-sport-gp-2-0-turbo-2019,https://www.fichacompleta.com.br/carros/bmw/320i-sport-gp-2-0-turbo-2019,2026-06-18T15:13:37.612723,Bmw 320i Sport GP 2.0 Turbo 2019,"7,3 s",235 km/h,Corrente,Injeção direta,Turbocompressor,1997 cm³,4 em linha,N20B20,Duplo no cabeçote,"90,1 mm",84 mm,Longitudinal,Dianteiro,"7,7 kg/cv","51,6 kg/kgfm","92,1 cv/litro",,11:1,,,"13,8 kgfm/litro",,4,Admissão e escape,Conversor de torque,Automático,ZF 8HP,8,,Traseira,1429 mm,1543 mm,1583 mm,550 kg,4624 mm,2810 mm,1811 mm,1420 kg,480 litros,,,60 litros,101 mm,Disco ventilado,Disco ventilado,"2,2 m²","0,594 m²","0,27",,Eletro-hidráulica,"11,3 m",,"Indep., McPherson",Mola helicoidal,"Indep., multibraço",768 km,588 km,"12,8 km/l","9,8 km/l",140 mm,,5000 rpm,1250 rpm,,,,,,,528 km,402 km,"8,8 km/l","6,7 km/l",184 cv,184 cv,"27,5 kgfm","27,5 kgfm",,,,,,,,,,,,,,,,,,,,,,,,,,,,,,,,,,,,,,
bmw,320i,320i,320i-m-sport-2-0-turbo-2020,320i-m-sport-2-0-turbo-2020,https://www.fichacompleta.com.br/carros/bmw/320i-m-sport-2-0-turbo-2020,2026-06-18T15:13:40.344581,Bmw 320i M Sport 2.0 Turbo 2020,"7,1 s",240 km/h,Corrente,Injeção direta,Turbocompressor,1998 cm³,4 em linha,B48B20,Duplo no cabeçote,"94,6 mm",82 mm,Longitudinal,Dianteiro,"7,9 kg/cv","47,7 kg/kgfm","92,1 cv/litro",184 cv,11:1,,,"15,3 kgfm/litro","30,6 kgfm",4,Admissão e escape,Conversor de torque,Automático,ZF 8HP,8,,Traseira,1435 mm,1589 mm,1604 mm,590 kg,4709 mm,2851 mm,1827 mm,1460 kg,365 litros,1600 kg,750 kg,59 litros,89 mm,Disco ventilado,Disco ventilado,"2,22 m²","0,533 m²","0,24",,Eletro-hidráulica,"11,4 m",,"Indep., McPherson",Mola helicoidal,"Indep., multibraço",738 km,655 km,"12,5 km/l","11,1 km/l",136 mm,135/80 R17,5000 rpm,1350 rpm,,,6800 rpm,Hidráulicos,,,,,,,,,,,,,,,,,,,,,,,,,,,,,,,,,,,,,,,,,,,,,,,,
bmw,320i,320i,320i-m-sport-5-years-edition-2-0-turbo-2020,320i-m-sport-5-years-edition-2-0-turbo-2020,https://www.fichacompleta.com.br/carros/bmw/320i-m-sport-5-years-edition-2-0-turbo-2020,2026-06-18T15:13:45.099604,Bmw 320i M Sport 5 Years Edition 2.0 Turbo 2020,"7,1 s",240 km/h,Corrente,Injeção direta,Turbocompressor,1998 cm³,4 em linha,B48B20,Duplo no cabeçote,"94,6 mm",82 mm,Longitudinal,Dianteiro,"7,9 kg/cv","47,7 kg/kgfm","92,1 cv/litro",184 cv,11:1,,,"15,3 kgfm/litro","30,6 kgfm",4,Admissão e escape,Conversor de torque,Automático,ZF 8HP,8,,Traseira,1435 mm,1589 mm,1604 mm,590 kg,4709 mm,2851 mm,1827 mm,1460 kg,365 litros,1600 kg,750 kg,59 litros,89 mm,Disco ventilado,Disco ventilado,"2,22 m²","0,533 m²","0,24",,Eletro-hidráulica,"11,4 m",,"Indep., McPherson",Mola helicoidal,"Indep., multibraço",738 km,655 km,"12,5 km/l","11,1 km/l",136 mm,135/80 R17,5000 rpm,1350 rpm,,,6800 rpm,Hidráulicos,,,,,,,,,,,,,,,,,,,,,,,,,,,,,,,,,,,,,,,,,,,,,,,,
bmw,320i,320i,320i-sport-2-0-turbo-2020,320i-sport-2-0-turbo-2020,https://www.fichacompleta.com.br/carros/bmw/320i-sport-2-0-turbo-2020,2026-06-18T15:13:48.834995,Bmw 320i Sport 2.0 Turbo 2020,"7,1 s",240 km/h,Corrente,Injeção direta,Turbocompressor,1998 cm³,4 em linha,B48B20,Duplo no cabeçote,"94,6 mm",82 mm,Longitudinal,Dianteiro,"7,9 kg/cv","47,7 kg/kgfm","92,1 cv/litro",184 cv,11:1,,,"15,3 kgfm/litro","30,6 kgfm",4,Admissão e escape,Conversor de torque,Automático,ZF 8HP,8,,Traseira,1435 mm,1589 mm,1604 mm,590 kg,4709 mm,2851 mm,1827 mm,1460 kg,365 litros,1600 kg,750 kg,59 litros,101 mm,Disco ventilado,Disco ventilado,"2,22 m²","0,533 m²","0,24",,Eletro-hidráulica,"11,4 m",,"Indep., McPherson",Mola helicoidal,"Indep., multibraço",738 km,655 km,"12,5 km/l","11,1 km/l",136 mm,135/80 R17,5000 rpm,1350 rpm,,,6800 rpm,Hidráulicos,,,,,,,,,,,,,,,,,,,,,,,,,,,,,,,,,,,,,,,,,,,,,,,,
bmw,320i,320i,320i-sport-gp-2-0-turbo-2020,320i-sport-gp-2-0-turbo-2020,https://www.fichacompleta.com.br/carros/bmw/320i-sport-gp-2-0-turbo-2020,2026-06-18T15:13:52.265199,Bmw 320i Sport GP 2.0 Turbo 2020,"7,1 s",240 km/h,Corrente,Injeção direta,Turbocompressor,1998 cm³,4 em linha,B48B20,Duplo no cabeçote,"94,6 mm",82 mm,Longitudinal,Dianteiro,"7,9 kg/cv","47,7 kg/kgfm","92,1 cv/litro",184 cv,11:1,,,"15,3 kgfm/litro","30,6 kgfm",4,Admissão e escape,Conversor de torque,Automático,ZF 8HP,8,,Traseira,1435 mm,1589 mm,1604 mm,590 kg,4709 mm,2851 mm,1827 mm,1460 kg,365 litros,1600 kg,750 kg,59 litros,101 mm,Disco ventilado,Disco ventilado,"2,22 m²","0,533 m²","0,24",,Eletro-hidráulica,"11,4 m",,"Indep., McPherson",Mola helicoidal,"Indep., multibraço",738 km,679 km,"12,5 km/l","11,5 km/l",136 mm,135/80 R17,5000 rpm,1350 rpm,,,6800 rpm,Hidráulicos,,,,,,,,,,,,,,,,,,,,,,,,,,,,,,,,,,,,,,,,,,,,,,,,
bmw,320i,320i,320i-gp-2-0-2021,320i-gp-2-0-2021,https://www.fichacompleta.com.br/carros/bmw/320i-gp-2-0-2021,2026-06-18T15:13:55.232593,Bmw 320i GP 2.0 2021,"7,1 s",235 km/h,Corrente,Injeção direta,Turbocompressor,1998 cm³,4 em linha,B48B20,Duplo no cabeçote,"94,6 mm",82 mm,Longitudinal,Dianteiro,"7,9 kg/cv","47,7 kg/kgfm","92,1 cv/litro",,11:1,,,"15,3 kgfm/litro",,4,Admissão e escape,Conversor de torque,Automático,ZF 8HP,8,,Traseira,1435 mm,1589 mm,1604 mm,590 kg,4709 mm,2851 mm,1827 mm,1460 kg,365 litros,1600 kg,750 kg,59 litros,101 mm,Disco ventilado,Disco ventilado,"2,22 m²","0,555 m²","0,25",,Eletro-hidráulica,"11,4 m",,"Indep., McPherson",Mola helicoidal,"Indep., multibraço",779 km,643 km,"13,2 km/l","10,9 km/l",136 mm,135/80 R17,5000 rpm,1350 rpm,,,6800 rpm,Hidráulicos,,,531 km,443 km,9 km/l,"7,5 km/l",184 cv,184 cv,"30,6 kgfm","30,6 kgfm",,,,,,,,,,,,,,,,,,,,,,,,,,,,,,,,,,,,,,
bmw,320i,320i,320i-gp-2-0-turbo-2021,320i-gp-2-0-turbo-2021,https://www.fichacompleta.com.br/carros/bmw/320i-gp-2-0-turbo-2021,2026-06-18T15:13:58.905242,Bmw 320i GP 2.0 Turbo 2021,"7,1 s",240 km/h,,Injeção direta,Turbocompressor,1998 cm³,4 em linha,B48B20,"Duplo no cabeçote, corrente",,,Longitudinal,Dianteiro,"7,9 kg/cv","47,7 kg/kgfm","92,1 cv/litro",184 cv a 5000 rpm,11:1,,,"15,3 kgfm/litro","30,6 kgfm a 1350 rpm",4,Admissão e escape,Conversor de torque,Automático,ZF 8HP,,8,Traseira,1435 mm,1589 mm,1604 mm,590 kg,4709 mm,2851 mm,1827 mm,1460 kg,365 litros,1600 kg,750 kg,59 litros,101 mm,Disco ventilado,225/45 R18,"2,22 m²",,,"0,24",Eletro-hidráulica,,"11,4 m","Independente, McPherson",Mola helicoidal,"Independente, multibraço",738 km,679 km,"12,5 km/l","11,5 km/l",,,,,,,,,"94,6 mm",82 mm,,,,,,,,,,,,,,,,,,,,,,,,,,,,,,,,,,,,,,,,,,,,,,
bmw,320i,320i,320i-m-sport-2-0-2021,320i-m-sport-2-0-2021,https://www.fichacompleta.com.br/carros/bmw/320i-m-sport-2-0-2021,2026-06-18T15:14:04.800128,Bmw 320i M Sport 2.0 2021,"7,1 s",235 km/h,Corrente,Injeção direta,Turbocompressor,1998 cm³,4 em linha,B48B20,Duplo no cabeçote,"94,6 mm",82 mm,Longitudinal,Dianteiro,"7,9 kg/cv","47,7 kg/kgfm","92,1 cv/litro",,11:1,,,"15,3 kgfm/litro",,4,Admissão e escape,Conversor de torque,Automático,ZF 8HP,8,,Traseira,1435 mm,1589 mm,1604 mm,590 kg,4709 mm,2851 mm,1827 mm,1460 kg,365 litros,1600 kg,750 kg,59 litros,89 mm,Disco ventilado,Disco ventilado,"2,22 m²","0,555 m²","0,25",,Eletro-hidráulica,"11,4 m",,"Indep., McPherson",Mola helicoidal,"Indep., multibraço",779 km,643 km,"13,2 km/l","10,9 km/l",136 mm,135/80 R17,5000 rpm,1350 rpm,,,6800 rpm,Hidráulicos,,,531 km,443 km,9 km/l,"7,5 km/l",184 cv,184 cv,"30,6 kgfm","30,6 kgfm",,,,,,,,,,,,,,,,,,,,,,,,,,,,,,,,,,,,,,
bmw,320i,320i,320i-m-sport-2-0-turbo-2021,320i-m-sport-2-0-turbo-2021,https://www.fichacompleta.com.br/carros/bmw/320i-m-sport-2-0-turbo-2021,2026-06-18T15:14:08.848969,Bmw 320i M Sport 2.0 Turbo 2021,"7,1 s",240 km/h,Corrente,Injeção direta,Turbocompressor,1998 cm³,4 em linha,B48B20,Duplo no cabeçote,"94,6 mm",82 mm,Longitudinal,Dianteiro,"7,9 kg/cv","47,7 kg/kgfm","92,1 cv/litro",184 cv,11:1,,,"15,3 kgfm/litro","30,6 kgfm",4,Admissão e escape,Conversor de torque,Automático,ZF 8HP,8,,Traseira,1435 mm,1589 mm,1604 mm,590 kg,4709 mm,2851 mm,1827 mm,1460 kg,365 litros,1600 kg,750 kg,59 litros,89 mm,Disco ventilado,Disco ventilado,"2,22 m²","0,533 m²","0,24",,Eletro-hidráulica,"11,4 m",,"Indep., McPherson",Mola helicoidal,"Indep., multibraço",738 km,655 km,"12,5 km/l","11,1 km/l",136 mm,135/80 R17,5000 rpm,1350 rpm,,,6800 rpm,Hidráulicos,,,,,,,,,,,,,,,,,,,,,,,,,,,,,,,,,,,,,,,,,,,,,,,,
bmw,320i,320i,320i-sport-gp-2-0-2021,320i-sport-gp-2-0-2021,https://www.fichacompleta.com.br/carros/bmw/320i-sport-gp-2-0-2021,2026-06-18T15:14:13.648903,Bmw 320i Sport GP 2.0 2021,"7,1 s",235 km/h,Corrente,Injeção direta,Turbocompressor,1998 cm³,4 em linha,B48B20,Duplo no cabeçote,"94,6 mm",82 mm,Longitudinal,Dianteiro,"7,9 kg/cv","47,7 kg/kgfm","92,1 cv/litro",,11:1,,,"15,3 kgfm/litro",,4,Admissão e escape,Conversor de torque,Automático,ZF 8HP,8,,Traseira,1435 mm,1589 mm,1604 mm,590 kg,4709 mm,2851 mm,1827 mm,1460 kg,365 litros,1600 kg,750 kg,59 litros,101 mm,Disco ventilado,Disco ventilado,"2,22 m²","0,555 m²","0,25",,Eletro-hidráulica,"11,4 m",,"Indep., McPherson",Mola helicoidal,"Indep., multibraço",779 km,643 km,"13,2 km/l","10,9 km/l",136 mm,135/80 R17,5000 rpm,1350 rpm,,,6800 rpm,Hidráulicos,,,531 km,443 km,9 km/l,"7,5 km/l",184 cv,184 cv,"30,6 kgfm","30,6 kgfm",,,,,,,,,,,,,,,,,,,,,,,,,,,,,,,,,,,,,,
bmw,320i,320i,320i-sport-gp-2-0-turbo-2021,320i-sport-gp-2-0-turbo-2021,https://www.fichacompleta.com.br/carros/bmw/320i-sport-gp-2-0-turbo-2021,2026-06-18T15:14:17.410030,Bmw 320i Sport GP 2.0 Turbo 2021,"7,1 s",240 km/h,Corrente,Injeção direta,Turbocompressor,1998 cm³,4 em linha,B48B20,Duplo no cabeçote,"94,6 mm",82 mm,Longitudinal,Dianteiro,"7,9 kg/cv","47,7 kg/kgfm","92,1 cv/litro",184 cv,11:1,,,"15,3 kgfm/litro","30,6 kgfm",4,Admissão e escape,Conversor de torque,Automático,ZF 8HP,8,,Traseira,1435 mm,1589 mm,1604 mm,590 kg,4709 mm,2851 mm,1827 mm,1460 kg,365 litros,1600 kg,750 kg,59 litros,101 mm,Disco ventilado,Disco ventilado,"2,22 m²","0,533 m²","0,24",,Eletro-hidráulica,"11,4 m",,"Indep., McPherson",Mola helicoidal,"Indep., multibraço",738 km,655 km,"12,5 km/l","11,1 km/l",136 mm,135/80 R17,5000 rpm,1350 rpm,,,6800 rpm,Hidráulicos,,,,,,,,,,,,,,,,,,,,,,,,,,,,,,,,,,,,,,,,,,,,,,,,
bmw,320i,320i,320i-gp-2-0-2022,320i-gp-2-0-2022,https://www.fichacompleta.com.br/carros/bmw/320i-gp-2-0-2022,2026-06-18T15:14:21.379837,Bmw 320i GP 2.0 2022,"7,1 s",235 km/h,Corrente,Injeção direta,Turbocompressor,1998 cm³,4 em linha,B48B20,Duplo no cabeçote,"94,6 mm",82 mm,Longitudinal,Dianteiro,"7,9 kg/cv","47,7 kg/kgfm","92,1 cv/litro",,11:1,5000 rpm,1350 rpm,"15,3 kgfm/litro",,4,Admissão e escape,Conversor de torque,Automático,ZF 8HP,8,,Traseira,1435 mm,1589 mm,1604 mm,590 kg,4709 mm,2851 mm,1827 mm,1460 kg,365 litros,1600 kg,750 kg,59 litros,101 mm,Disco ventilado,Disco ventilado,"2,22 m²","0,555 m²","0,25",,Eletro-hidráulica,"11,4 m",,"Indep., McPherson",Mola helicoidal,"Indep., multibraço",785 km,661 km,"13,3 km/l","11,2 km/l",136 mm,135/80 R17,,,,,6800 rpm,Hidráulicos,,,555 km,460 km,"9,4 km/l","7,8 km/l",,,,,,,184 cv,184 cv,"30,6 kgfm","30,6 kgfm",,,,,,,,,,,,,,,,,,,,,,,,,,,,,,,,
bmw,320i,320i,320i-m-sport-2-0-2022,320i-m-sport-2-0-2022,https://www.fichacompleta.com.br/carros/bmw/320i-m-sport-2-0-2022,2026-06-18T15:14:25.409811,Bmw 320i M Sport 2.0 2022,"7,1 s",235 km/h,Corrente,Injeção direta,Turbocompressor,1998 cm³,4 em linha,B48B20,Duplo no cabeçote,"94,6 mm",82 mm,Longitudinal,Dianteiro,"7,9 kg/cv","47,7 kg/kgfm","92,1 cv/litro",,11:1,5000 rpm,1350 rpm,"15,3 kgfm/litro",,4,Admissão e escape,Conversor de torque,Automático,ZF 8HP,8,,Traseira,1435 mm,1589 mm,1604 mm,590 kg,4709 mm,2851 mm,1827 mm,1460 kg,365 litros,1600 kg,750 kg,59 litros,89 mm,Disco ventilado,Disco ventilado,"2,22 m²","0,555 m²","0,25",,Eletro-hidráulica,"11,4 m",,"Indep., McPherson",Mola helicoidal,"Indep., multibraço",791 km,631 km,"13,4 km/l","10,7 km/l",136 mm,135/80 R17,,,,,6800 rpm,Hidráulicos,,,537 km,443 km,"9,1 km/l","7,5 km/l",,,,,,,184 cv,184 cv,"30,6 kgfm","30,6 kgfm",,,,,,,,,,,,,,,,,,,,,,,,,,,,,,,,
bmw,320i,320i,320i-sport-gp-2-0-2022,320i-sport-gp-2-0-2022,https://www.fichacompleta.com.br/carros/bmw/320i-sport-gp-2-0-2022,2026-06-18T15:14:29.671540,Bmw 320i Sport GP 2.0 2022,"7,1 s",235 km/h,Corrente,Injeção direta,Turbocompressor,1998 cm³,4 em linha,B48B20,Duplo no cabeçote,"94,6 mm",82 mm,Longitudinal,Dianteiro,"7,9 kg/cv","47,7 kg/kgfm","92,1 cv/litro",,11:1,5000 rpm,1350 rpm,"15,3 kgfm/litro",,4,Admissão e escape,Conversor de torque,Automático,ZF 8HP,8,,Traseira,1435 mm,1589 mm,1604 mm,590 kg,4709 mm,2851 mm,1827 mm,1460 kg,365 litros,1600 kg,750 kg,59 litros,101 mm,Disco ventilado,Disco ventilado,"2,22 m²","0,555 m²","0,25",,Eletro-hidráulica,"11,4 m",,"Indep., McPherson",Mola helicoidal,"Indep., multibraço",791 km,631 km,"13,4 km/l","10,7 km/l",136 mm,135/80 R17,,,,,6800 rpm,Hidráulicos,,,537 km,443 km,"9,1 km/l","7,5 km/l",,,,,,,184 cv,184 cv,"30,6 kgfm","30,6 kgfm",,,,,,,,,,,,,,,,,,,,,,,,,,,,,,,,
bmw,320i,320i,320i-gp-2-0-2023,320i-gp-2-0-2023,https://www.fichacompleta.com.br/carros/bmw/320i-gp-2-0-2023,2026-06-18T15:14:34.420669,Bmw 320i GP 2.0 2023,"7,1 s",235 km/h,Corrente,Injeção direta,Turbocompressor,,4 em linha,B48B20,Duplo no cabeçote,"94,6 mm",82 mm,Longitudinal,Dianteiro,"7,93 kg/cv","47,7 kg/kgfm","92,1 cv/litro",,11:1,,,"15,3 kgfm/litro",,4,Admissão e escape,Conversor de torque,Automático,ZF 8HP,8,,Traseira,1435 mm,1589 mm,1604 mm,590 kg,4709 mm,2851 mm,1827 mm,1460 kg,365 litros,1600 kg,750 kg,59 litros,101 mm,Disco ventilado,Disco ventilado,"2,22 m²","0,555 m²","0,25",,Elétrica,"11,4 m",,"Indep., McPherson",Mola helicoidal,"Indep., multibraço",779 km,631 km,"13,2 km/l","10,7 km/l",136 mm,135/80 R17,5000 rpm,1350 rpm,500 cm³,1998 cm³,6800 rpm,Hidráulicos,,,543 km,443 km,"9,2 km/l","7,5 km/l",184 cv,184 cv,"30,6 kgfm","30,6 kgfm",,,,,,,,,,,,,,,,,,,,,,,,,,,,,,,,,,,,,,
bmw,320i,320i,320i-m-sport-2-0-2023,320i-m-sport-2-0-2023,https://www.fichacompleta.com.br/carros/bmw/320i-m-sport-2-0-2023,2026-06-18T15:14:37.188220,Bmw 320i M Sport 2.0 2023,"7,1 s",235 km/h,Corrente,Injeção direta,Turbocompressor,,4 em linha,B48B20,Duplo no cabeçote,"94,6 mm",82 mm,Longitudinal,Dianteiro,"7,93 kg/cv","47,7 kg/kgfm","92,1 cv/litro",,11:1,,,"15,3 kgfm/litro",,4,Admissão e escape,Conversor de torque,Automático,ZF 8HP,8,,Traseira,1435 mm,1589 mm,1604 mm,590 kg,4709 mm,2851 mm,1827 mm,1460 kg,365 litros,1600 kg,750 kg,59 litros,89 mm,Disco ventilado,Disco ventilado,"2,22 m²","0,555 m²","0,25",,Elétrica,"11,4 m",,"Indep., McPherson",Mola helicoidal,"Indep., multibraço",779 km,625 km,"13,2 km/l","10,6 km/l",136 mm,135/80 R17,5000 rpm,1350 rpm,500 cm³,1998 cm³,6800 rpm,Hidráulicos,,,537 km,443 km,"9,1 km/l","7,5 km/l",184 cv,184 cv,"30,6 kgfm","30,6 kgfm",,,,,,,,,,,,,,,,,,,,,,,,,,,,,,,,,,,,,,
bmw,320i,320i,320i-sport-gp-2-0-2023,320i-sport-gp-2-0-2023,https://www.fichacompleta.com.br/carros/bmw/320i-sport-gp-2-0-2023,2026-06-18T15:14:41.928953,Bmw 320i Sport GP 2.0 2023,"7,1 s",235 km/h,Corrente,Injeção direta,Turbocompressor,,4 em linha,B48B20,Duplo no cabeçote,"94,6 mm",82 mm,Longitudinal,Dianteiro,"7,93 kg/cv","47,7 kg/kgfm","92,1 cv/litro",,11:1,,,"15,3 kgfm/litro",,4,Admissão e escape,Conversor de torque,Automático,ZF 8HP,8,,Traseira,1435 mm,1589 mm,1604 mm,590 kg,4709 mm,2851 mm,1827 mm,1460 kg,365 litros,1600 kg,750 kg,59 litros,101 mm,Disco ventilado,Disco ventilado,"2,22 m²","0,555 m²","0,25",,Elétrica,"11,4 m",,"Indep., McPherson",Mola helicoidal,"Indep., multibraço",779 km,631 km,"13,2 km/l","10,7 km/l",136 mm,135/80 R17,5000 rpm,1350 rpm,500 cm³,1998 cm³,6800 rpm,Hidráulicos,,,543 km,443 km,"9,2 km/l","7,5 km/l",184 cv,184 cv,"30,6 kgfm","30,6 kgfm",,,,,,,,,,,,,,,,,,,,,,,,,,,,,,,,,,,,,,
bmw,320i,320i,320i-gp-2-0-2024,320i-gp-2-0-2024,https://www.fichacompleta.com.br/carros/bmw/320i-gp-2-0-2024,2026-06-18T15:14:46.081167,Bmw 320i GP 2.0 2024,"7,1 s",235 km/h,Corrente,Injeção direta,Turbocompressor,,4 em linha,B48B20,Duplo no cabeçote,"94,6 mm",82 mm,Longitudinal,Dianteiro,"7,93 kg/cv","47,7 kg/kgfm","92,1 cv/litro",,11:1,,,"15,3 kgfm/litro",,4,Admissão e escape,Conversor de torque,Automático,ZF 8HP,8,,Traseira,1435 mm,1589 mm,1604 mm,590 kg,4709 mm,2851 mm,1827 mm,1460 kg,365 litros,1600 kg,750 kg,59 litros,101 mm,Disco ventilado,Disco ventilado,"2,22 m²","0,555 m²","0,25",,Elétrica,"11,4 m",,"Indep., McPherson",Mola helicoidal,"Indep., multibraço",779 km,631 km,"13,2 km/l","10,7 km/l",136 mm,135/80 R17,5000 rpm,1350 rpm,500 cm³,1998 cm³,6800 rpm,Hidráulicos,,,543 km,443 km,"9,2 km/l","7,5 km/l",184 cv,184 cv,"30,6 kgfm","30,6 kgfm",,,,,,,,,,,,,,,,,,,,,,,,,,,,,,,,,,,,,,
bmw,320i,320i,320i-m-sport-2-0-2024,320i-m-sport-2-0-2024,https://www.fichacompleta.com.br/carros/bmw/320i-m-sport-2-0-2024,2026-06-18T15:14:50.191034,Bmw 320i M Sport 2.0 2024,"7,1 s",235 km/h,Corrente,Injeção direta,Turbocompressor,,4 em linha,B48B20,Duplo no cabeçote,"94,6 mm",82 mm,Longitudinal,Dianteiro,"7,93 kg/cv","47,7 kg/kgfm","92,1 cv/litro",,11:1,,,"15,3 kgfm/litro",,4,Admissão e escape,Conversor de torque,Automático,ZF 8HP,8,,Traseira,1435 mm,1589 mm,1604 mm,590 kg,4709 mm,2851 mm,1827 mm,1460 kg,365 litros,1600 kg,750 kg,59 litros,89 mm,Disco ventilado,Disco ventilado,"2,22 m²","0,555 m²","0,25",,Elétrica,"11,4 m",,"Indep., McPherson",Mola helicoidal,"Indep., multibraço",779 km,625 km,"13,2 km/l","10,6 km/l",136 mm,135/80 R17,5000 rpm,1350 rpm,500 cm³,1998 cm³,6800 rpm,Hidráulicos,,,537 km,443 km,"9,1 km/l","7,5 km/l",184 cv,184 cv,"30,6 kgfm","30,6 kgfm",,,,,,,,,,,,,,,,,,,,,,,,,,,,,,,,,,,,,,
bmw,320i,320i,320i-sport-gp-2-0-2024,320i-sport-gp-2-0-2024,https://www.fichacompleta.com.br/carros/bmw/320i-sport-gp-2-0-2024,2026-06-18T15:14:54.333421,Bmw 320i Sport GP 2.0 2024,"7,1 s",235 km/h,Corrente,Injeção direta,Turbocompressor,,4 em linha,B48B20,Duplo no cabeçote,"94,6 mm",82 mm,Longitudinal,Dianteiro,"7,93 kg/cv","47,7 kg/kgfm","92,1 cv/litro",,11:1,,,"15,3 kgfm/litro",,4,Admissão e escape,Conversor de torque,Automático,ZF 8HP,8,,Traseira,1435 mm,1589 mm,1604 mm,590 kg,4709 mm,2851 mm,1827 mm,1460 kg,365 litros,1600 kg,750 kg,59 litros,101 mm,Disco ventilado,Disco ventilado,"2,22 m²","0,555 m²","0,25",,Elétrica,"11,4 m",,"Indep., McPherson",Mola helicoidal,"Indep., multibraço",779 km,631 km,"13,2 km/l","10,7 km/l",136 mm,135/80 R17,5000 rpm,1350 rpm,500 cm³,1998 cm³,6800 rpm,Hidráulicos,,,543 km,443 km,"9,2 km/l","7,5 km/l",184 cv,184 cv,"30,6 kgfm","30,6 kgfm",,,,,,,,,,,,,,,,,,,,,,,,,,,,,,,,,,,,,,
bmw,320i,320i,320i-gp-2-0-2025,320i-gp-2-0-2025,https://www.fichacompleta.com.br/carros/bmw/320i-gp-2-0-2025,2026-06-18T15:14:57.894357,Bmw 320i GP 2.0 2025,"7,1 s",235 km/h,Corrente,Injeção direta,Turbocompressor,,4 em linha,B48B20,Duplo no cabeçote,"94,6 mm",82 mm,Longitudinal,Dianteiro,"7,93 kg/cv","47,7 kg/kgfm","92,1 cv/litro",,11:1,,,"15,3 kgfm/litro",,4,Admissão e escape,Conversor de torque,Automático,ZF 8HP,8,,Traseira,1435 mm,1589 mm,1604 mm,590 kg,4709 mm,2851 mm,1827 mm,1460 kg,365 litros,1600 kg,750 kg,59 litros,101 mm,Disco ventilado,Disco ventilado,"2,22 m²","0,555 m²","0,25",,Elétrica,"11,4 m",,"Indep., McPherson",Mola helicoidal,"Indep., multibraço",779 km,631 km,"13,2 km/l","10,7 km/l",136 mm,135/80 R17,5000 rpm,1350 rpm,500 cm³,1998 cm³,6800 rpm,Hidráulicos,,,543 km,443 km,"9,2 km/l","7,5 km/l",184 cv,184 cv,"30,6 kgfm","30,6 kgfm",,,,,,,,,,,,,,,,,,,,,,,,,,,,,,,,,,,,,,
bmw,320i,320i,320i-m-sport-10th-anniversary-edition-2-0-2025,320i-m-sport-10th-anniversary-edition-2-0-2025,https://www.fichacompleta.com.br/carros/bmw/320i-m-sport-10th-anniversary-edition-2-0-2025,2026-06-18T15:15:02.888984,Bmw 320i M Sport 10th Anniversary Edition 2.0 2025,"7,1 s",235 km/h,Corrente,Injeção direta,Turbocompressor,,4 em linha,B48B20,Duplo no cabeçote,"94,6 mm",82 mm,Longitudinal,Dianteiro,"7,93 kg/cv","47,7 kg/kgfm","92,1 cv/litro",,11:1,,,"15,3 kgfm/litro",,4,Admissão e escape,Conversor de torque,Automático,ZF 8HP,8,,Traseira,1435 mm,1589 mm,1604 mm,590 kg,4709 mm,2851 mm,1827 mm,1460 kg,365 litros,1600 kg,750 kg,59 litros,89 mm,Disco ventilado,Disco ventilado,"2,22 m²","0,555 m²","0,25",,Elétrica,"11,4 m",,"Indep., McPherson",Mola helicoidal,"Indep., multibraço",779 km,625 km,"13,2 km/l","10,6 km/l",136 mm,135/80 R17,5000 rpm,1350 rpm,500 cm³,1998 cm³,6800 rpm,Hidráulicos,,,537 km,443 km,"9,1 km/l","7,5 km/l",184 cv,184 cv,"30,6 kgfm","30,6 kgfm",,,,,,,,,,,,,,,,,,,,,,,,,,,,,,,,,,,,,,
bmw,320i,320i,320i-m-sport-2-0-2025,320i-m-sport-2-0-2025,https://www.fichacompleta.com.br/carros/bmw/320i-m-sport-2-0-2025,2026-06-18T15:15:06.741581,Bmw 320i M Sport 2.0 2025,"7,1 s",235 km/h,Corrente,Injeção direta,Turbocompressor,,4 em linha,B48B20,Duplo no cabeçote,"94,6 mm",82 mm,Longitudinal,Dianteiro,"7,93 kg/cv","47,7 kg/kgfm","92,1 cv/litro",,11:1,,,"15,3 kgfm/litro",,4,Admissão e escape,Conversor de torque,Automático,ZF 8HP,8,,Traseira,1435 mm,1589 mm,1604 mm,590 kg,4709 mm,2851 mm,1827 mm,1460 kg,365 litros,1600 kg,750 kg,59 litros,89 mm,Disco ventilado,Disco ventilado,"2,22 m²","0,555 m²","0,25",,Elétrica,"11,4 m",,"Indep., McPherson",Mola helicoidal,"Indep., multibraço",779 km,625 km,"13,2 km/l","10,6 km/l",136 mm,135/80 R17,5000 rpm,1350 rpm,500 cm³,1998 cm³,6800 rpm,Hidráulicos,,,537 km,443 km,"9,1 km/l","7,5 km/l",184 cv,184 cv,"30,6 kgfm","30,6 kgfm",,,,,,,,,,,,,,,,,,,,,,,,,,,,,,,,,,,,,,
bmw,320i,320i,320i-sport-gp-2-0-2025,320i-sport-gp-2-0-2025,https://www.fichacompleta.com.br/carros/bmw/320i-sport-gp-2-0-2025,2026-06-18T15:15:11.227097,Bmw 320i Sport GP 2.0 2025,"7,1 s",235 km/h,Corrente,Injeção direta,Turbocompressor,,4 em linha,B48B20,Duplo no cabeçote,"94,6 mm",82 mm,Longitudinal,Dianteiro,"7,93 kg/cv","47,7 kg/kgfm","92,1 cv/litro",,11:1,,,"15,3 kgfm/litro",,4,Admissão e escape,Conversor de torque,Automático,ZF 8HP,8,,Traseira,1435 mm,1589 mm,1604 mm,590 kg,4709 mm,2851 mm,1827 mm,1460 kg,365 litros,1600 kg,750 kg,59 litros,101 mm,Disco ventilado,Disco ventilado,"2,22 m²","0,555 m²","0,25",,Elétrica,"11,4 m",,"Indep., McPherson",Mola helicoidal,"Indep., multibraço",779 km,631 km,"13,2 km/l","10,7 km/l",136 mm,135/80 R17,5000 rpm,1350 rpm,500 cm³,1998 cm³,6800 rpm,Hidráulicos,,,543 km,443 km,"9,2 km/l","7,5 km/l",184 cv,184 cv,"30,6 kgfm","30,6 kgfm",,,,,,,,,,,,,,,,,,,,,,,,,,,,,,,,,,,,,,
bmw,320i,320i,320i-gp-2-0-2026,320i-gp-2-0-2026,https://www.fichacompleta.com.br/carros/bmw/320i-gp-2-0-2026,2026-06-18T15:15:14.321065,Bmw 320i GP 2.0 2026,"7,4 s",235 km/h,Corrente,Injeção direta,Turbocompressor,,4 em linha,B48B20,Duplo no cabeçote,"94,6 mm",82 mm,Longitudinal,Dianteiro,"7,93 kg/cv","47,7 kg/kgfm","92,1 cv/litro",,11:1,,,"15,3 kgfm/litro",,4,Admissão e escape,Conversor de torque,Automático,ZF 8HP,8,,Traseira,1435 mm,1589 mm,1604 mm,590 kg,4709 mm,2851 mm,1827 mm,1460 kg,365 litros,1600 kg,750 kg,59 litros,101 mm,Disco ventilado,Disco ventilado,"2,22 m²","0,555 m²","0,25",,Elétrica,"11,4 m",,"Indep., McPherson",Mola helicoidal,"Indep., multibraço",785 km,643 km,"13,3 km/l","10,9 km/l",136 mm,135/80 R17,5000 rpm,1350 rpm,500 cm³,1998 cm³,6800 rpm,Hidráulicos,,,543 km,448 km,"9,2 km/l","7,6 km/l",184 cv,184 cv,"30,6 kgfm","30,6 kgfm",,,,,,,,,,,,,,,,,,,,,,,,,,,,,,,,,,,,,,
bmw,320i,320i,320i-m-sport-2-0-2026,320i-m-sport-2-0-2026,https://www.fichacompleta.com.br/carros/bmw/320i-m-sport-2-0-2026,2026-06-18T15:15:18.437627,Bmw 320i M Sport 2.0 2026,"7,4 s",235 km/h,Corrente,Injeção direta,Turbocompressor,,4 em linha,B48B20,Duplo no cabeçote,"94,6 mm",82 mm,Longitudinal,Dianteiro,"7,93 kg/cv","47,7 kg/kgfm","92,1 cv/litro",,11:1,,,"15,3 kgfm/litro",,4,Admissão e escape,Conversor de torque,Automático,ZF 8HP,8,,Traseira,1435 mm,1589 mm,1604 mm,590 kg,4709 mm,2851 mm,1827 mm,1460 kg,365 litros,1600 kg,750 kg,59 litros,89 mm,Disco ventilado,Disco ventilado,"2,22 m²","0,555 m²","0,25",,Elétrica,"11,4 m",,"Indep., McPherson",Mola helicoidal,"Indep., multibraço",773 km,620 km,"13,1 km/l","10,5 km/l",136 mm,135/80 R17,5000 rpm,1350 rpm,500 cm³,1998 cm³,6800 rpm,Hidráulicos,,,531 km,437 km,9 km/l,"7,4 km/l",184 cv,184 cv,"30,6 kgfm","30,6 kgfm",,,,,,,,,,,,,,,,,,,,,,,,,,,,,,,,,,,,,,
bmw,320i,320i,320i-sport-gp-2-0-2026,320i-sport-gp-2-0-2026,https://www.fichacompleta.com.br/carros/bmw/320i-sport-gp-2-0-2026,2026-06-18T15:15:22.928366,Bmw 320i Sport GP 2.0 2026,"7,4 s",235 km/h,Corrente,Injeção direta,Turbocompressor,,4 em linha,B48B20,Duplo no cabeçote,"94,6 mm",82 mm,Longitudinal,Dianteiro,"7,93 kg/cv","47,7 kg/kgfm","92,1 cv/litro",,11:1,,,"15,3 kgfm/litro",,4,Admissão e escape,Conversor de torque,Automático,ZF 8HP,8,,Traseira,1435 mm,1589 mm,1604 mm,590 kg,4709 mm,2851 mm,1827 mm,1460 kg,365 litros,1600 kg,750 kg,59 litros,101 mm,Disco ventilado,Disco ventilado,"2,22 m²","0,555 m²","0,25",,Elétrica,"11,4 m",,"Indep., McPherson",Mola helicoidal,"Indep., multibraço",785 km,643 km,"13,3 km/l","10,9 km/l",136 mm,135/80 R17,5000 rpm,1350 rpm,500 cm³,1998 cm³,6800 rpm,Hidráulicos,,,543 km,448 km,"9,2 km/l","7,6 km/l",184 cv,184 cv,"30,6 kgfm","30,6 kgfm",,,,,,,,,,,,,,,,,,,,,,,,,,,,,,,,,,,,,,
bmw,320i Gt,320i-gt,320i-gt-sport-2-0-turbo-2014,320i-gt-sport-2-0-turbo-2014,https://www.fichacompleta.com.br/carros/bmw/320i-gt-sport-2-0-turbo-2014,2026-06-18T15:15:40.172516,Bmw 320i Gt Sport 2.0 Turbo 2014,"7,9 s",229 km/h,Corrente,Injeção direta,Turbocompressor,1997 cm³,4 em linha,N20B20,Duplo no cabeçote,"90,1 mm",84 mm,Longitudinal,Dianteiro,"8,5 kg/cv","56,7 kg/kgfm","92,1 cv/litro",184 cv,11:1,6250 rpm,1250 rpm,"13,8 kgfm/litro","27,5 kgfm",4,Admissão e escape,Conversor de torque,Automático,ZF 8HP,8,8,Traseira,1508 mm,1541 mm,1586 mm,570 kg,4824 mm,2920 mm,1828 mm,1560 kg,520 litros,,,60 litros,110 mm,Disco ventilado,Disco ventilado,"2,34 m²","0,679 m²","0,29","0,29",Eletro-hidráulica,"11,8 m","11,8 m","Indep., McPherson",Mola helicoidal,"Indep., multibraço",852 km,534 km,"14,2 km/l","8,9 km/l",165 mm,,,,,,,,,,,,,,,,,,,,,,,,,,,,,,,,,,,,,,,,,,,,,,,,,,,,,,,
bmw,320i Gt,320i-gt,320i-gt-sport-2-0-turbo-2015,320i-gt-sport-2-0-turbo-2015,https://www.fichacompleta.com.br/carros/bmw/320i-gt-sport-2-0-turbo-2015,2026-06-18T15:15:43.941220,Bmw 320i Gt Sport 2.0 Turbo 2015,"7,9 s",229 km/h,,Injeção direta,Turbocompressor,1997 cm³,4 em linha,N20B20,"Duplo no cabeçote, corrente","90,1 mm",84 mm,Longitudinal,Dianteiro,"8,5 kg/cv","56,7 kg/kgfm","92,1 cv/litro",184 cv a 6250 rpm,11:1,,,"13,8 kgfm/litro","27,5 kgfm a 1250 rpm",4,Admissão e escape,Conversor de torque,Automático,ZF 8HP,,8,Traseira,1508 mm,1541 mm,1586 mm,570 kg,4824 mm,2920 mm,1828 mm,1560 kg,520 litros,,,60 litros,110 mm,Disco ventilado,Disco ventilado,"2,34 m²","0,679 m²",,"0,29",Eletro-hidráulica,,"11,8 m","Independente, McPherson",Mola helicoidal,"Independente, multibraço",852 km,534 km,"14,2 km/l","8,9 km/l",165 mm,,,,,,,,,,,,,,,,,,,,,,,,,,,,,,,,,,,,,,,,,,,,,,,,,,,,,,,
bmw,320i Gt,320i-gt,320i-gt-sport-2-0-turbo-2016,320i-gt-sport-2-0-turbo-2016,https://www.fichacompleta.com.br/carros/bmw/320i-gt-sport-2-0-turbo-2016,2026-06-18T15:15:48.664139,Bmw 320i Gt Sport 2.0 Turbo 2016,"7,9 s",229 km/h,,Injeção direta,Turbocompressor,1997 cm³,4 em linha,N20B20,"Duplo no cabeçote, corrente","90,1 mm",84 mm,Longitudinal,Dianteiro,"8,5 kg/cv","56,7 kg/kgfm","92,1 cv/litro",184 cv a 6250 rpm,11:1,,,"13,8 kgfm/litro","27,5 kgfm a 1250 rpm",4,Admissão e escape,Conversor de torque,Automático,ZF 8HP,,8,Traseira,1508 mm,1541 mm,1586 mm,570 kg,4824 mm,2920 mm,1828 mm,1560 kg,520 litros,,,60 litros,110 mm,Disco ventilado,Disco ventilado,"2,34 m²","0,679 m²",,"0,29",Eletro-hidráulica,,"11,8 m","Independente, McPherson",Mola helicoidal,"Independente, multibraço",852 km,534 km,"14,2 km/l","8,9 km/l",165 mm,,,,,,,,,,,,,,,,,,,,,,,,,,,,,,,,,,,,,,,,,,,,,,,,,,,,,,,
bmw,320i Gt,320i-gt,320i-gt-sport-2-0-turbo-2017,320i-gt-sport-2-0-turbo-2017,https://www.fichacompleta.com.br/carros/bmw/320i-gt-sport-2-0-turbo-2017,2026-06-18T15:15:51.311107,Bmw 320i Gt Sport 2.0 Turbo 2017,"8,1 s",229 km/h,,Injeção direta,Turbocompressor,1998 cm³,4 em linha,N20B20,"Duplo no cabeçote, corrente","90,1 mm",84 mm,Longitudinal,Dianteiro,"8,5 kg/cv","56,7 kg/kgfm","92,1 cv/litro",184 cv a 5000 rpm,11:1,,,"13,8 kgfm/litro","27,5 kgfm a 1250 rpm",4,Admissão e escape,Conversor de torque,Automático,ZF 8HP,,8,Traseira,1508 mm,1541 mm,1586 mm,570 kg,4824 mm,2920 mm,1828 mm,1560 kg,520 litros,,,60 litros,113 mm,Disco ventilado,Disco ventilado,"2,34 m²","0,679 m²",,"0,29",Eletro-hidráulica,,"11,8 m","Independente, McPherson",Mola helicoidal,"Independente, multibraço",810 km,612 km,"13,5 km/l","10,2 km/l",165 mm,,,,,,,,,,,,,,,,,,,,,,,,,,,,,,,,,,,,,,,,,,,,,,,,,,,,,,,
bmw,323i,323i,323i-2-5-1998,323i-2-5-1998,https://www.fichacompleta.com.br/carros/bmw/323i-2-5-1998,2026-06-18T15:16:09.385164,Bmw 323i 2.5 1998,9 s,224 km/h,Corrente,Injeção multiponto,Natural,2494 cm³,6 em linha,M52B25TU,Duplo no cabeçote,75 mm,84 mm,Longitudinal,Dianteiro,"7,9 kg/cv","53,8 kg/kgfm","68,2 cv/litro",,"10,5:1",5500 rpm,3950 rpm,"10,0 kgfm/litro",,4,Admissão,Conversor de torque,Automático,ZF 5HP,5,,Traseira,1393 mm,1408 mm,1421 mm,460 kg,4433 mm,2700 mm,1698 mm,1345 kg,435 litros,,,65 litros,123 mm,Disco ventilado,Disco sólido,"2,01 m²","0,643 m²","0,32",,Hidráulica,"10,4 m",,"Indep., McPherson",Mola helicoidal,"Indep., multibraço",618 km,416 km,"9,5 km/l","6,4 km/l",,,,,,,,Hidráulicos,,,,,,,,,,,170 cv,25 kgfm,,,,,,,,,,,,,,,,,,,,,,,,,,,,,,,,,,,,
bmw,323i,323i,323i-2-5-1999,323i-2-5-1999,https://www.fichacompleta.com.br/carros/bmw/323i-2-5-1999,2026-06-18T15:16:13.691155,Bmw 323i 2.5 1999,9 s,228 km/h,Corrente,Injeção multiponto,Natural,2494 cm³,6 em linha,M52TUB25,Duplo no cabeçote,75 mm,84 mm,Longitudinal,Dianteiro,"8,3 kg/cv","56,2 kg/kgfm","68,2 cv/litro",170 cv,"10,5:1",,,"10,0 kgfm/litro",25 kgfm,4,Admissão,Conversor de torque,Automático,,5,,Traseira,1420 mm,1471 mm,1478 mm,,4470 mm,2725 mm,1740 mm,1405 kg,440 litros,,,63 litros,127 mm,Disco ventilado,Disco ventilado,"2,1 m²","0,630 m²","0,3",,Hidráulica,"10,5 m",,"Indep., McPherson",Mola helicoidal,"Indep., multibraço",617 km,372 km,"9,8 km/l","5,9 km/l",,,5500 rpm,3500 rpm,,,6500 rpm,Hidráulicos,,,,,,,,,,,,,,,,,,,,,,,,,,,,,,,,,,,,,,,,,,,,,,,,
bmw,323i,323i,323i-2-5-2000,323i-2-5-2000,https://www.fichacompleta.com.br/carros/bmw/323i-2-5-2000,2026-06-18T15:16:17.506208,Bmw 323i 2.5 2000,9 s,228 km/h,,Injeção multiponto,Natural,2494 cm³,6 em linha,M52TUB25,"Duplo no cabeçote, corrente",75 mm,84 mm,Longitudinal,Dianteiro,"8,3 kg/cv","56,2 kg/kgfm","68,2 cv/litro",170 cv a 5500 rpm,"10,5:1",,,"10,0 kgfm/litro",25 kgfm a 3500 rpm,4,Admissão,Conversor de torque,Automático,,,5,Traseira,1420 mm,1471 mm,1478 mm,,4470 mm,2725 mm,1740 mm,1405 kg,440 litros,,,63 litros,127 mm,Disco ventilado,Disco ventilado,"2,1 m²","0,630 m²",,"0,3",Hidráulica,,"10,5 m","Independente, McPherson",Mola helicoidal,"Independente, multibraço",617 km,372 km,"9,8 km/l","5,9 km/l",,,,,,,6500 rpm,Hidráulicos,,,,,,,,,,,,,,,,,,,,,,,,,,,,,,,,,,,,,,,,,,,,,,,,
bmw,323i,323i,323i-2-5-2001,323i-2-5-2001,https://www.fichacompleta.com.br/carros/bmw/323i-2-5-2001,2026-06-18T15:16:21.376034,Bmw 323i 2.5 2001,9 s,228 km/h,Corrente,Injeção multiponto,Natural,2494 cm³,6 em linha,M52TUB25,Duplo no cabeçote,75 mm,84 mm,Longitudinal,Dianteiro,"8,3 kg/cv","56,2 kg/kgfm","68,2 cv/litro",170 cv,"10,5:1",,,"10,0 kgfm/litro",25 kgfm,4,Admissão,Conversor de torque,Automático,,5,,Traseira,1420 mm,1471 mm,1478 mm,,4470 mm,2725 mm,1740 mm,1405 kg,440 litros,,,63 litros,127 mm,Disco ventilado,Disco ventilado,"2,1 m²","0,630 m²","0,3",,Hidráulica,"10,5 m",,"Indep., McPherson",Mola helicoidal,"Indep., multibraço",617 km,372 km,"9,8 km/l","5,9 km/l",,,5500 rpm,3500 rpm,,,6500 rpm,Hidráulicos,,,,,,,,,,,,,,,,,,,,,,,,,,,,,,,,,,,,,,,,,,,,,,,,
bmw,323i Coupe,323i-coupe,323i-coupe-2-5-1999,323i-coupe-2-5-1999,https://www.fichacompleta.com.br/carros/bmw/323i-coupe-2-5-1999,2026-06-18T15:16:39.830847,Bmw 323i Coupe 2.5 1999,9 s,230 km/h,Corrente,Injeção multiponto,Natural,2494 cm³,6 em linha,M52TUB25,Duplo no cabeçote,75 mm,84 mm,Longitudinal,Dianteiro,"8,3 kg/cv","56,2 kg/kgfm","68,2 cv/litro",170 cv,"10,5:1",,,"10,0 kgfm/litro",25 kgfm,4,Admissão,Conversor de torque,Automático,,5,,Traseira,1369 mm,1471 mm,1478 mm,,4488 mm,2725 mm,1757 mm,1405 kg,410 litros,,,63 litros,127 mm,Disco ventilado,Disco ventilado,"2,04 m²","0,612 m²","0,3",,Hidráulica,"10,5 m",,"Indep., McPherson",Mola helicoidal,"Indep., multibraço",617 km,372 km,"9,8 km/l","5,9 km/l",,,5500 rpm,3500 rpm,,,6500 rpm,Hidráulicos,,,,,,,,,,,,,,,,,,,,,,,,,,,,,,,,,,,,,,,,,,,,,,,,
bmw,323i Coupe,323i-coupe,323i-coupe-2-5-2000,323i-coupe-2-5-2000,https://www.fichacompleta.com.br/carros/bmw/323i-coupe-2-5-2000,2026-06-18T15:16:44.893890,Bmw 323i Coupe 2.5 2000,9 s,230 km/h,Corrente,Injeção multiponto,Natural,2494 cm³,6 em linha,M52TUB25,Duplo no cabeçote,75 mm,84 mm,Longitudinal,Dianteiro,"8,3 kg/cv","56,2 kg/kgfm","68,2 cv/litro",170 cv,"10,5:1",5500 rpm,3500 rpm,"10,0 kgfm/litro",25 kgfm,4,Admissão,Conversor de torque,Automático,,5,5,Traseira,1369 mm,1471 mm,1478 mm,,4488 mm,2725 mm,1757 mm,1405 kg,410 litros,,,63 litros,127 mm,Disco ventilado,Disco ventilado,"2,04 m²","0,612 m²","0,3","0,3",Hidráulica,"10,5 m","10,5 m","Indep., McPherson",Mola helicoidal,"Indep., multibraço",617 km,372 km,"9,8 km/l","5,9 km/l",,,,,,,6500 rpm,Hidráulicos,,,,,,,,,,,,,,,,,,,,,,,,,,,,,,,,,,,,,,,,,,,,,,,,
bmw,323ti,323ti,323ti-compact-2-5-1998,323ti-compact-2-5-1998,https://www.fichacompleta.com.br/carros/bmw/323ti-compact-2-5-1998,2026-06-18T15:17:22.112894,Bmw 323ti Compact 2.5 1998,"7,8 s",230 km/h,Corrente,Injeção multiponto,Natural,2494 cm³,6 em linha,M52TUB25,Duplo no cabeçote,75 mm,84 mm,Longitudinal,Dianteiro,"7,4 kg/cv","50,2 kg/kgfm","68,2 cv/litro",170 cv,"10,5:1",,,"10,0 kgfm/litro",25 kgfm,4,Admissão,Embreagem monodisco a seco,Manual,,5,,Traseira,1393 mm,1408 mm,1413 mm,385 kg,4210 mm,2700 mm,1698 mm,1255 kg,325 litros,,,52 litros,113 mm,Disco ventilado,Disco sólido,"2,01 m²","0,643 m²","0,32",,Hidráulica,"10,4 m",,"Indep., McPherson",Mola helicoidal,"Indep., braço semiarrastado",676 km,489 km,13 km/l,"9,4 km/l",,,5500 rpm,3950 rpm,,,6500 rpm,Hidráulicos,,,,,,,,,,,,,,,,,,,,,,,,,,,,,,,,,,,,,,,,,,,,,,,,
bmw,323ti,323ti,323ti-compact-2-5-1999,323ti-compact-2-5-1999,https://www.fichacompleta.com.br/carros/bmw/323ti-compact-2-5-1999,2026-06-18T15:17:26.587256,Bmw 323ti Compact 2.5 1999,"7,8 s",230 km/h,,Injeção multiponto,Natural,2494 cm³,6 em linha,M52TUB25,"Duplo no cabeçote, corrente",75 mm,84 mm,Longitudinal,Dianteiro,"7,4 kg/cv","50,2 kg/kgfm","68,2 cv/litro",170 cv a 5500 rpm,"10,5:1",,,"10,0 kgfm/litro",25 kgfm a 3950 rpm,4,Admissão,Embreagem monodisco a seco,Manual,,,5,Traseira,1393 mm,1408 mm,1413 mm,385 kg,4210 mm,2700 mm,1698 mm,1255 kg,325 litros,,,52 litros,113 mm,Disco ventilado,Disco sólido,"2,01 m²","0,643 m²",,"0,32",Hidráulica,,"10,4 m","Independente, McPherson",Mola helicoidal,"Independente, braço semi-arrastado",676 km,489 km,13 km/l,"9,4 km/l",,,,,,,6500 rpm,Hidráulicos,,,,,,,,,,,,,,,,,,,,,,,,,,,,,,,,,,,,,,,,,,,,,,,,
bmw,323ti,323ti,323ti-compact-2-5-2000,323ti-compact-2-5-2000,https://www.fichacompleta.com.br/carros/bmw/323ti-compact-2-5-2000,2026-06-18T15:17:30.599243,Bmw 323ti Compact 2.5 2000,"7,8 s",230 km/h,Corrente,Injeção multiponto,Natural,2494 cm³,6 em linha,M52TUB25,Duplo no cabeçote,75 mm,84 mm,Longitudinal,Dianteiro,"7,4 kg/cv","50,2 kg/kgfm","68,2 cv/litro",170 cv,"10,5:1",,,"10,0 kgfm/litro",25 kgfm,4,Admissão,Embreagem monodisco a seco,Manual,,5,,Traseira,1393 mm,1408 mm,1413 mm,385 kg,4210 mm,2700 mm,1698 mm,1255 kg,325 litros,,,52 litros,113 mm,Disco ventilado,Disco sólido,"2,01 m²","0,643 m²","0,32",,Hidráulica,"10,4 m",,"Indep., McPherson",Mola helicoidal,"Indep., braço semiarrastado",676 km,489 km,13 km/l,"9,4 km/l",,,5500 rpm,3950 rpm,,,6500 rpm,Hidráulicos,,,,,,,,,,,,,,,,,,,,,,,,,,,,,,,,,,,,,,,,,,,,,,,,
bmw,325i,325i,325i-2-5-1991,325i-2-5-1991,https://www.fichacompleta.com.br/carros/bmw/325i-2-5-1991,2026-06-18T15:17:48.538267,Bmw 325i 2.5 1991,9 s,231 km/h,Corrente,Injeção multiponto,Natural,2494 cm³,6 em linha,M50B25,Duplo no cabeçote,75 mm,84 mm,Longitudinal,Dianteiro,"7,1 kg/cv","54,6 kg/kgfm","77,0 cv/litro",192 cv,10:1,5900 rpm,4700 rpm,"10,0 kgfm/litro",25 kgfm,4,,Conversor de torque,Automático,ZF 5HP,5,5,Traseira,1393 mm,1418 mm,1431 mm,460 kg,4433 mm,2700 mm,1698 mm,1365 kg,435 litros,,,65 litros,123 mm,Disco ventilado,Disco sólido,"2,01 m²","0,643 m²","0,32","0,32",Hidráulica,"10,4 m","10,4 m","Indep., McPherson",Mola helicoidal,"Indep., multibraço",611 km,403 km,"9,4 km/l","6,2 km/l",,,,,,,6500 rpm,Hidráulicos,,,,,,,,,,,,,,,,,,,,,,,,,,,,,,,,,,,,,,,,,,,,,,,,
bmw,325i,325i,325i-2-5-1992,325i-2-5-1992,https://www.fichacompleta.com.br/carros/bmw/325i-2-5-1992,2026-06-18T15:17:52.611209,Bmw 325i 2.5 1992,9 s,231 km/h,,Injeção multiponto,Natural,2494 cm³,6 em linha,M50B25,"Duplo no cabeçote, corrente",,,Longitudinal,Dianteiro,"7,1 kg/cv","54,6 kg/kgfm","77,0 cv/litro",192 cv a 5900 rpm,10:1,,,"10,0 kgfm/litro",25 kgfm a 4700 rpm,4,,Conversor de torque,Automático,ZF 5HP,,5,Traseira,1393 mm,1418 mm,1431 mm,460 kg,4433 mm,2700 mm,1698 mm,1365 kg,435 litros,,,65 litros,123 mm,205/60 R15,205/60 R15,"2,01 m²",,,"0,32",Hidráulica,,"10,4 m","Independente, McPherson",Mola helicoidal,"Independente, multibraço",611 km,403 km,"9,4 km/l","6,2 km/l",,,,,,,,Hidráulicos,75 mm,84 mm,,,,,,,,,,,,,,,,,,,,,,,,,,,,,,,,,,,,,,,,,,,,,,
bmw,325i,325i,325i-2-5-1993,325i-2-5-1993,https://www.fichacompleta.com.br/carros/bmw/325i-2-5-1993,2026-06-18T15:17:55.769360,Bmw 325i 2.5 1993,9 s,231 km/h,Corrente,Injeção multiponto,Natural,2494 cm³,6 em linha,M50B25,Duplo no cabeçote,75 mm,84 mm,Longitudinal,Dianteiro,"7,1 kg/cv","54,6 kg/kgfm","77,0 cv/litro",192 cv,10:1,,,"10,0 kgfm/litro",25 kgfm,4,,Conversor de torque,Automático,ZF 5HP,5,,Traseira,1393 mm,1418 mm,1431 mm,460 kg,4433 mm,2700 mm,1698 mm,1365 kg,435 litros,,,65 litros,123 mm,Disco ventilado,Disco sólido,"2,01 m²","0,643 m²","0,32",,Hidráulica,"10,4 m",,"Indep., McPherson",Mola helicoidal,"Indep., multibraço",611 km,403 km,"9,4 km/l","6,2 km/l",,,5900 rpm,4700 rpm,,,6500 rpm,Hidráulicos,,,,,,,,,,,,,,,,,,,,,,,,,,,,,,,,,,,,,,,,,,,,,,,,
bmw,325i,325i,325i-2-5-1994,325i-2-5-1994,https://www.fichacompleta.com.br/carros/bmw/325i-2-5-1994,2026-06-18T15:17:59.080649,Bmw 325i 2.5 1994,"8,8 s",231 km/h,Corrente,Injeção multiponto,Natural,2494 cm³,6 em linha,M50B25TU,Duplo no cabeçote,75 mm,84 mm,Longitudinal,Dianteiro,"7,1 kg/cv","54,6 kg/kgfm","77,0 cv/litro",,"10,5:1",5900 rpm,4200 rpm,"10,0 kgfm/litro",,4,Admissão,Conversor de torque,Automático,ZF 5HP,5,,Traseira,1393 mm,1408 mm,1421 mm,460 kg,4433 mm,2700 mm,1698 mm,1365 kg,435 litros,,,65 litros,123 mm,Disco ventilado,Disco sólido,"2,01 m²","0,643 m²","0,32",,Hidráulica,"10,4 m",,"Indep., McPherson",Mola helicoidal,"Indep., multibraço",618 km,416 km,"9,5 km/l","6,4 km/l",,,,,,,6500 rpm,Hidráulicos,,,,,,,,,,,192 cv,25 kgfm,,,,,,,,,,,,,,,,,,,,,,,,,,,,,,,,,,,,
bmw,325i,325i,325i-2-5-1995,325i-2-5-1995,https://www.fichacompleta.com.br/carros/bmw/325i-2-5-1995,2026-06-18T15:18:03.122688,Bmw 325i 2.5 1995,"8,8 s",231 km/h,,Injeção multiponto,Natural,2494 cm³,6 em linha,M50B25TU,"Duplo no cabeçote, corrente",75 mm,84 mm,Longitudinal,Dianteiro,"7,1 kg/cv","54,6 kg/kgfm","77,0 cv/litro",192 cv a 5900 rpm,"10,5:1",,,"10,0 kgfm/litro",25 kgfm a 4200 rpm,4,Admissão,Conversor de torque,Automático,ZF 5HP,,5,Traseira,1393 mm,1408 mm,1421 mm,460 kg,4433 mm,2700 mm,1698 mm,1365 kg,435 litros,,,65 litros,123 mm,Disco ventilado,Disco sólido,"2,01 m²","0,643 m²",,"0,32",Hidráulica,,"10,4 m","Independente, McPherson",Mola helicoidal,"Independente, multibraço",618 km,416 km,"9,5 km/l","6,4 km/l",,,,,,,6500 rpm,Hidráulicos,,,,,,,,,,,,,,,,,,,,,,,,,,,,,,,,,,,,,,,,,,,,,,,,
bmw,325i,325i,325i-2-5-1996,325i-2-5-1996,https://www.fichacompleta.com.br/carros/bmw/325i-2-5-1996,2026-06-18T15:18:05.998724,Bmw 325i 2.5 1996,"8,8 s",231 km/h,Corrente,Injeção multiponto,Natural,2494 cm³,6 em linha,M50B25TU,Duplo no cabeçote,75 mm,84 mm,Longitudinal,Dianteiro,"7,1 kg/cv","54,6 kg/kgfm","77,0 cv/litro",192 cv,"10,5:1",,,"10,0 kgfm/litro",25 kgfm,4,Admissão,Conversor de torque,Automático,ZF 5HP,5,,Traseira,1393 mm,1408 mm,1421 mm,460 kg,4433 mm,2700 mm,1698 mm,1365 kg,435 litros,,,65 litros,123 mm,Disco ventilado,Disco sólido,"2,01 m²","0,643 m²","0,32",,Hidráulica,"10,4 m",,"Indep., McPherson",Mola helicoidal,"Indep., multibraço",618 km,416 km,"9,5 km/l","6,4 km/l",,,5900 rpm,4200 rpm,,,6500 rpm,Hidráulicos,,,,,,,,,,,,,,,,,,,,,,,,,,,,,,,,,,,,,,,,,,,,,,,,
bmw,325i,325i,325i-2-5-2001,325i-2-5-2001,https://www.fichacompleta.com.br/carros/bmw/325i-2-5-2001,2026-06-18T15:18:08.479454,Bmw 325i 2.5 2001,"8,4 s",237 km/h,Corrente,Injeção multiponto,Natural,2494 cm³,6 em linha,M54B25,Duplo no cabeçote,75 mm,84 mm,Longitudinal,Dianteiro,"7,3 kg/cv","56,4 kg/kgfm","77,0 cv/litro",192 cv,"10,5:1",6000 rpm,3500 rpm,"10,0 kgfm/litro",25 kgfm,4,Admissão e escape,Conversor de torque,Automático,ZF 5HP,5,5,Traseira,1415 mm,1471 mm,1483 mm,500 kg,4471 mm,2725 mm,1739 mm,1410 kg,440 litros,,,63 litros,113 mm,Disco ventilado,Disco ventilado,"2,09 m²","0,627 m²","0,3","0,3",Hidráulica,"10,5 m","10,5 m","Indep., McPherson",Mola helicoidal,"Indep., multibraço",643 km,422 km,"10,2 km/l","6,7 km/l",,,,,,,6500 rpm,Hidráulicos,,,,,,,,,,,,,,,,,,,,,,,,,,,,,,,,,,,,,,,,,,,,,,,,
bmw,325i,325i,325i-2-5-2002,325i-2-5-2002,https://www.fichacompleta.com.br/carros/bmw/325i-2-5-2002,2026-06-18T15:18:12.432635,Bmw 325i 2.5 2002,"8,4 s",237 km/h,Corrente,Injeção multiponto,Natural,2494 cm³,6 em linha,M54B25,Duplo no cabeçote,75 mm,84 mm,Longitudinal,Dianteiro,"7,3 kg/cv","56,4 kg/kgfm","77,0 cv/litro",192 cv,"10,5:1",,,"10,0 kgfm/litro",25 kgfm,4,Admissão e escape,Conversor de torque,Automático,ZF 5HP,5,,Traseira,1415 mm,1471 mm,1483 mm,500 kg,4471 mm,2725 mm,1739 mm,1410 kg,440 litros,,,63 litros,113 mm,Disco ventilado,Disco ventilado,"2,09 m²","0,627 m²","0,3",,Hidráulica,"10,5 m",,"Indep., McPherson",Mola helicoidal,"Indep., multibraço",643 km,422 km,"10,2 km/l","6,7 km/l",,,6000 rpm,3500 rpm,,,6500 rpm,Hidráulicos,,,,,,,,,,,,,,,,,,,,,,,,,,,,,,,,,,,,,,,,,,,,,,,,
bmw,325i,325i,325i-2-5-2003,325i-2-5-2003,https://www.fichacompleta.com.br/carros/bmw/325i-2-5-2003,2026-06-18T15:18:16.114029,Bmw 325i 2.5 2003,"8,4 s",237 km/h,Corrente,Injeção multiponto,Natural,2494 cm³,6 em linha,M54B25,Duplo no cabeçote,75 mm,84 mm,Longitudinal,Dianteiro,"7,3 kg/cv","56,4 kg/kgfm","77,0 cv/litro",192 cv,"10,5:1",,,"10,0 kgfm/litro",25 kgfm,4,Admissão e escape,Conversor de torque,Automático,ZF 5HP,5,,Traseira,1415 mm,1471 mm,1483 mm,500 kg,4471 mm,2725 mm,1739 mm,1410 kg,440 litros,,,63 litros,113 mm,Disco ventilado,Disco ventilado,"2,09 m²","0,627 m²","0,3",,Hidráulica,"10,5 m",,"Indep., McPherson",Mola helicoidal,"Indep., multibraço",643 km,422 km,"10,2 km/l","6,7 km/l",,,6000 rpm,3500 rpm,,,6500 rpm,Hidráulicos,,,,,,,,,,,,,,,,,,,,,,,,,,,,,,,,,,,,,,,,,,,,,,,,
bmw,325i,325i,325i-2-5-2004,325i-2-5-2004,https://www.fichacompleta.com.br/carros/bmw/325i-2-5-2004,2026-06-18T15:18:19.312379,Bmw 325i 2.5 2004,"8,4 s",237 km/h,,Injeção multiponto,Natural,2494 cm³,6 em linha,M54B25,"Duplo no cabeçote, corrente",,,Longitudinal,Dianteiro,"7,3 kg/cv","56,4 kg/kgfm","77,0 cv/litro",192 cv a 6000 rpm,"10,5:1",,,"10,0 kgfm/litro",25 kgfm a 3500 rpm,4,Admissão e escape,Conversor de torque,Automático,ZF 5HP,,5,Traseira,1415 mm,1471 mm,1483 mm,500 kg,4471 mm,2725 mm,1739 mm,1410 kg,440 litros,,,63 litros,113 mm,205/55 R16,Disco ventilado,"2,09 m²",,,"0,3",Hidráulica,,"10,5 m","Independente, McPherson",Mola helicoidal,"Independente, multibraço",643 km,422 km,"10,2 km/l","6,7 km/l",,,,,,,,Hidráulicos,75 mm,84 mm,,,,,,,,,,,,,,,,,,,,,,,,,,,,,,,,,,,,,,,,,,,,,,
bmw,325i,325i,325i-2-5-2005,325i-2-5-2005,https://www.fichacompleta.com.br/carros/bmw/325i-2-5-2005,2026-06-18T15:18:21.814320,Bmw 325i 2.5 2005,"8,4 s",237 km/h,Corrente,Injeção multiponto,Natural,2494 cm³,6 em linha,M54B25,Duplo no cabeçote,75 mm,84 mm,Longitudinal,Dianteiro,"7,3 kg/cv","56,4 kg/kgfm","77,0 cv/litro",,"10,5:1",6000 rpm,3500 rpm,"10,0 kgfm/litro",,4,Admissão e escape,Conversor de torque,Automático,ZF 5HP,5,,Traseira,1415 mm,1471 mm,1483 mm,500 kg,4471 mm,2725 mm,1739 mm,1410 kg,440 litros,,,63 litros,113 mm,Disco ventilado,Disco ventilado,"2,09 m²","0,627 m²","0,3",,Hidráulica,"10,5 m",,"Indep., McPherson",Mola helicoidal,"Indep., multibraço",643 km,422 km,"10,2 km/l","6,7 km/l",,,,,,,6500 rpm,Hidráulicos,,,,,,,,,,,192 cv,25 kgfm,,,,,,,,,,,,,,,,,,,,,,,,,,,,,,,,,,,,
bmw,325i,325i,325i-2-5-2006,325i-2-5-2006,https://www.fichacompleta.com.br/carros/bmw/325i-2-5-2006,2026-06-18T15:18:25.203986,Bmw 325i 2.5 2006,"7,7 s",242 km/h,,Injeção multiponto,Natural,2497 cm³,6 em linha,N52B25,"Duplo no cabeçote, corrente","78,8 mm",82 mm,Longitudinal,Dianteiro,"6,6 kg/cv","56,7 kg/kgfm","87,3 cv/litro",218 cv a 6500 rpm,11:1,,,"10,2 kgfm/litro","25,5 kgfm a 2750 rpm",4,Admissão e escape,Conversor de torque,Automático,ZF 6HP,,6,Traseira,1421 mm,1500 mm,1513 mm,520 kg,4520 mm,2760 mm,1817 mm,1445 kg,460 litros,,,63 litros,113 mm,Disco ventilado,Disco ventilado,"2,19 m²","0,591 m²",,"0,27",Hidráulica,,11 m,"Independente, McPherson",Mola helicoidal,"Independente, multibraço",617 km,378 km,"9,8 km/l",6 km/l,,,,,,,7000 rpm,Hidráulicos,,,,,,,,,,,,,,,,,,,,,,,,,,,,,,,,,,,,,,,,,,,,,,,,
bmw,325i,325i,325i-2-5-2007,325i-2-5-2007,https://www.fichacompleta.com.br/carros/bmw/325i-2-5-2007,2026-06-18T15:18:30.402562,Bmw 325i 2.5 2007,"7,7 s",242 km/h,Corrente,Injeção direta,Natural,2497 cm³,6 em linha,N52B25,Duplo no cabeçote,"78,8 mm",82 mm,Longitudinal,Dianteiro,"6,6 kg/cv","56,7 kg/kgfm","87,3 cv/litro",218 cv,11:1,,,"10,2 kgfm/litro","25,5 kgfm",4,Admissão e escape,Conversor de torque,Automático,ZF 6HP,6,,Traseira,1421 mm,1500 mm,1513 mm,520 kg,4520 mm,2760 mm,1817 mm,1445 kg,460 litros,,,63 litros,113 mm,Disco ventilado,Disco ventilado,"2,17 m²","0,586 m²","0,27",,Hidráulica,11 m,,"Indep., McPherson",Mola helicoidal,"Indep., multibraço",617 km,378 km,"9,8 km/l",6 km/l,144 mm,,6500 rpm,2750 rpm,,,7000 rpm,Hidráulicos,,,,,,,,,,,,,,,,,,,,,,,,,,,,,,,,,,,,,,,,,,,,,,,,
bmw,325i,325i,325i-3-0-2008,325i-3-0-2008,https://www.fichacompleta.com.br/carros/bmw/325i-3-0-2008,2026-06-18T15:18:35.315017,Bmw 325i 3.0 2008,"7,1 s",248 km/h,,Injeção multiponto,Natural,2996 cm³,6 em linha,N53B30,"Duplo no cabeçote, corrente",88 mm,85 mm,Longitudinal,Dianteiro,"6,7 kg/cv","53,1 kg/kgfm","72,8 cv/litro",218 cv a 6100 rpm,12:1,,,"9,2 kgfm/litro","27,5 kgfm a 2400 rpm",4,Admissão e escape,Conversor de torque,Automático,ZF 6HP,,6,Traseira,1421 mm,1500 mm,1513 mm,520 kg,4520 mm,2760 mm,1817 mm,1460 kg,460 litros,,,63 litros,113 mm,Disco ventilado,Disco ventilado,"2,17 m²","0,586 m²",,"0,27",Hidráulica,,11 m,"Independente, McPherson",Mola helicoidal,"Independente, multibraço",706 km,410 km,"11,2 km/l","6,5 km/l",,,,,,,,Hidráulicos,,,,,,,,,,,,,,,,,,,,,,,,,,,,,,,,,,,,,,,,,,,,,,,,
bmw,325i,325i,325i-3-0-2009,325i-3-0-2009,https://www.fichacompleta.com.br/carros/bmw/325i-3-0-2009,2026-06-18T15:18:39.784170,Bmw 325i 3.0 2009,"7,7 s",242 km/h,Corrente,Injeção direta,Natural,2497 cm³,6 em linha,N52B25,Duplo no cabeçote,"78,8 mm",82 mm,Longitudinal,Dianteiro,"6,7 kg/cv","53,1 kg/kgfm","87,3 cv/litro",218 cv,11:1,,,"11,0 kgfm/litro","27,5 kgfm",4,Admissão e escape,Conversor de torque,Automático,ZF 6HP,6,,Traseira,1421 mm,1506 mm,1535 mm,520 kg,4531 mm,2760 mm,1817 mm,1460 kg,460 litros,,,63 litros,101 mm,Disco ventilado,Disco ventilado,"2,17 m²","0,586 m²","0,27",,Hidráulica,11 m,,"Indep., McPherson",Mola helicoidal,"Indep., multibraço",617 km,378 km,"9,8 km/l",6 km/l,144 mm,,6500 rpm,2750 rpm,,,7000 rpm,Hidráulicos,,,,,,,,,,,,,,,,,,,,,,,,,,,,,,,,,,,,,,,,,,,,,,,,
bmw,325i,325i,325i-3-0-2010,325i-3-0-2010,https://www.fichacompleta.com.br/carros/bmw/325i-3-0-2010,2026-06-18T15:18:43.973234,Bmw 325i 3.0 2010,"7,7 s",242 km/h,Corrente,Injeção direta,Natural,2497 cm³,6 em linha,N52B25,Duplo no cabeçote,"78,8 mm",82 mm,Longitudinal,Dianteiro,"6,7 kg/cv","53,1 kg/kgfm","87,3 cv/litro",218 cv,11:1,,,"11,0 kgfm/litro","27,5 kgfm",4,Admissão e escape,Conversor de torque,Automático,ZF 6HP,6,,Traseira,1421 mm,1506 mm,1535 mm,520 kg,4531 mm,2760 mm,1817 mm,1460 kg,460 litros,,,63 litros,101 mm,Disco ventilado,Disco ventilado,"2,17 m²","0,586 m²","0,27",,Hidráulica,11 m,,"Indep., McPherson",Mola helicoidal,"Indep., multibraço",617 km,378 km,"9,8 km/l",6 km/l,144 mm,,6500 rpm,2750 rpm,,,7000 rpm,Hidráulicos,,,,,,,,,,,,,,,,,,,,,,,,,,,,,,,,,,,,,,,,,,,,,,,,
bmw,325i,325i,325i-3-0-2011,325i-3-0-2011,https://www.fichacompleta.com.br/carros/bmw/325i-3-0-2011,2026-06-18T15:18:46.839307,Bmw 325i 3.0 2011,"7,7 s",242 km/h,Corrente,Injeção direta,Natural,2497 cm³,6 em linha,N52B25,Duplo no cabeçote,"78,8 mm",82 mm,Longitudinal,Dianteiro,"6,7 kg/cv","53,1 kg/kgfm","87,3 cv/litro",218 cv,11:1,6500 rpm,2750 rpm,"11,0 kgfm/litro","27,5 kgfm",4,Admissão e escape,Conversor de torque,Automático,ZF 6HP,6,6,Traseira,1421 mm,1506 mm,1535 mm,520 kg,4531 mm,2760 mm,1817 mm,1460 kg,460 litros,,,63 litros,101 mm,Disco ventilado,Disco ventilado,"2,17 m²","0,586 m²","0,27","0,27",Hidráulica,11 m,11 m,"Indep., McPherson",Mola helicoidal,"Indep., multibraço",617 km,378 km,"9,8 km/l",6 km/l,144 mm,,,,,,7000 rpm,Hidráulicos,,,,,,,,,,,,,,,,,,,,,,,,,,,,,,,,,,,,,,,,,,,,,,,,
bmw,325i,325i,325i-3-0-2012,325i-3-0-2012,https://www.fichacompleta.com.br/carros/bmw/325i-3-0-2012,2026-06-18T15:18:50.602581,Bmw 325i 3.0 2012,"7,1 s",248 km/h,,Injeção direta,Natural,2996 cm³,6 em linha,N53B30,"Duplo no cabeçote, corrente",88 mm,85 mm,Longitudinal,Dianteiro,"6,7 kg/cv","53,1 kg/kgfm","72,8 cv/litro",218 cv a 6100 rpm,12:1,,,"9,2 kgfm/litro","27,5 kgfm a 2400 rpm",4,Admissão e escape,Conversor de torque,Automático,ZF 6HP,,6,Traseira,1421 mm,1506 mm,1535 mm,520 kg,4531 mm,2760 mm,1817 mm,1460 kg,460 litros,,,63 litros,101 mm,Disco ventilado,Disco ventilado,"2,17 m²","0,586 m²",,"0,27",Hidráulica,,11 m,"Independente, McPherson",Mola helicoidal,"Independente, multibraço",706 km,410 km,"11,2 km/l","6,5 km/l",,,,,,,,Hidráulicos,,,,,,,,,,,,,,,,,,,,,,,,,,,,,,,,,,,,,,,,,,,,,,,,
bmw,325i Cabriolet,325i-cabriolet,325i-cabriolet-2-5-1993,325i-cabriolet-2-5-1993,https://www.fichacompleta.com.br/carros/bmw/325i-cabriolet-2-5-1993,2026-06-18T15:19:07.862560,Bmw 325i Cabriolet 2.5 1993,"8,6 s",229 km/h,Corrente,Injeção multiponto,Natural,2494 cm³,6 em linha,M50B25TU,Duplo no cabeçote,75 mm,84 mm,Longitudinal,Dianteiro,"7,6 kg/cv","58,0 kg/kgfm","77,0 cv/litro",192 cv,"10,5:1",5900 rpm,4200 rpm,"10,0 kgfm/litro",25 kgfm,4,Admissão,Embreagem monodisco a seco,Manual,,5,,Traseira,1348 mm,1408 mm,1421 mm,400 kg,4433 mm,2700 mm,1710 mm,1450 kg,230 litros,,,65 litros,123 mm,Disco ventilado,Disco sólido,"1,96 m²","0,686 m²","0,35",,Hidráulica,"10,4 m",,"Indep., McPherson",Mola helicoidal,"Indep., multibraço",553 km,403 km,"8,5 km/l","6,2 km/l",,,,,,,6500 rpm,Hidráulicos,,,,,,,,,,,,,,,,,,,,,,,,,,,,,,,,,,,,,,,,,,,,,,,,
bmw,325i Cabriolet,325i-cabriolet,325i-cabriolet-2-5-1994,325i-cabriolet-2-5-1994,https://www.fichacompleta.com.br/carros/bmw/325i-cabriolet-2-5-1994,2026-06-18T15:19:12.667964,Bmw 325i Cabriolet 2.5 1994,"8,6 s",229 km/h,Corrente,Injeção multiponto,Natural,2494 cm³,6 em linha,M50B25TU,Duplo no cabeçote,75 mm,84 mm,Longitudinal,Dianteiro,"7,6 kg/cv","58,0 kg/kgfm","77,0 cv/litro",192 cv,"10,5:1",5900 rpm,4200 rpm,"10,0 kgfm/litro",25 kgfm,4,Admissão,Embreagem monodisco a seco,Manual,,5,5,Traseira,1348 mm,1408 mm,1421 mm,400 kg,4433 mm,2700 mm,1710 mm,1450 kg,230 litros,,,65 litros,123 mm,Disco ventilado,Disco sólido,"1,96 m²","0,686 m²","0,35","0,35",Hidráulica,"10,4 m","10,4 m","Indep., McPherson",Mola helicoidal,"Indep., multibraço",553 km,403 km,"8,5 km/l","6,2 km/l",,,,,,,6500 rpm,Hidráulicos,,,,,,,,,,,,,,,,,,,,,,,,,,,,,,,,,,,,,,,,,,,,,,,,
bmw,325i Cabriolet,325i-cabriolet,325i-cabriolet-2-5-1995,325i-cabriolet-2-5-1995,https://www.fichacompleta.com.br/carros/bmw/325i-cabriolet-2-5-1995,2026-06-18T15:19:15.615186,Bmw 325i Cabriolet 2.5 1995,"8,6 s",229 km/h,Corrente,Injeção multiponto,Natural,2494 cm³,6 em linha,M50B25TU,Duplo no cabeçote,75 mm,84 mm,Longitudinal,Dianteiro,"7,6 kg/cv","58,0 kg/kgfm","77,0 cv/litro",192 cv,"10,5:1",,,"10,0 kgfm/litro",25 kgfm,4,Admissão,Embreagem monodisco a seco,Manual,,5,,Traseira,1348 mm,1408 mm,1421 mm,400 kg,4433 mm,2700 mm,1710 mm,1450 kg,230 litros,,,65 litros,123 mm,Disco ventilado,Disco sólido,"1,96 m²","0,686 m²","0,35",,Hidráulica,"10,4 m",,"Indep., McPherson",Mola helicoidal,"Indep., multibraço",553 km,403 km,"8,5 km/l","6,2 km/l",,,5900 rpm,4200 rpm,,,6500 rpm,Hidráulicos,,,,,,,,,,,,,,,,,,,,,,,,,,,,,,,,,,,,,,,,,,,,,,,,
bmw,325i Coupe,325i-coupe,325i-coupe-2-5-2001,325i-coupe-2-5-2001,https://www.fichacompleta.com.br/carros/bmw/325i-coupe-2-5-2001,2026-06-18T15:19:35.273882,Bmw 325i Coupe 2.5 2001,"8,4 s",237 km/h,Corrente,Injeção multiponto,Natural,2494 cm³,6 em linha,M54B25,Duplo no cabeçote,75 mm,84 mm,Longitudinal,Dianteiro,"7,6 kg/cv","58,2 kg/kgfm","77,0 cv/litro",192 cv,"10,5:1",,,"10,0 kgfm/litro",25 kgfm,4,Admissão e escape,Conversor de torque,Automático,ZF 5HP,5,,Traseira,1369 mm,1471 mm,1483 mm,500 kg,4488 mm,2725 mm,1757 mm,1455 kg,410 litros,,,63 litros,113 mm,Disco ventilado,Disco ventilado,"2,04 m²","0,653 m²","0,32",,Hidráulica,"10,5 m",,"Indep., McPherson",Mola helicoidal,"Indep., multibraço",643 km,422 km,"10,2 km/l","6,7 km/l",,,6000 rpm,3500 rpm,,,6500 rpm,Hidráulicos,,,,,,,,,,,,,,,,,,,,,,,,,,,,,,,,,,,,,,,,,,,,,,,,
bmw,325i Coupe,325i-coupe,325i-coupe-2-5-2002,325i-coupe-2-5-2002,https://www.fichacompleta.com.br/carros/bmw/325i-coupe-2-5-2002,2026-06-18T15:19:39.362574,Bmw 325i Coupe 2.5 2002,"8,4 s",237 km/h,,Injeção multiponto,Natural,2494 cm³,6 em linha,M54B25,"Duplo no cabeçote, corrente",75 mm,84 mm,Longitudinal,Dianteiro,"7,6 kg/cv","58,2 kg/kgfm","77,0 cv/litro",192 cv a 6000 rpm,"10,5:1",,,"10,0 kgfm/litro",25 kgfm a 3500 rpm,4,Admissão e escape,Conversor de torque,Automático,ZF 5HP,,5,Traseira,1369 mm,1471 mm,1483 mm,500 kg,4488 mm,2725 mm,1757 mm,1455 kg,410 litros,,,63 litros,113 mm,Disco ventilado,Disco ventilado,"2,04 m²","0,653 m²",,"0,32",Hidráulica,,"10,5 m","Independente, McPherson",Mola helicoidal,"Independente, multibraço",643 km,422 km,"10,2 km/l","6,7 km/l",,,,,,,6500 rpm,Hidráulicos,,,,,,,,,,,,,,,,,,,,,,,,,,,,,,,,,,,,,,,,,,,,,,,,
bmw,325i Coupe,325i-coupe,325i-coupe-3-0-2008,325i-coupe-3-0-2008,https://www.fichacompleta.com.br/carros/bmw/325i-coupe-3-0-2008,2026-06-18T15:19:43.422610,Bmw 325i Coupe 3.0 2008,"7,6 s",245 km/h,Corrente,Injeção direta,Natural,2497 cm³,6 em linha,N52B25,Duplo no cabeçote,"78,8 mm",82 mm,Longitudinal,Dianteiro,"6,7 kg/cv","56,9 kg/kgfm","87,3 cv/litro",218 cv,11:1,,,"10,2 kgfm/litro","25,5 kgfm",4,Admissão e escape,Conversor de torque,Automático,ZF 6HP,6,,Traseira,1395 mm,1500 mm,1513 mm,480 kg,4580 mm,2760 mm,1782 mm,1450 kg,440 litros,,,63 litros,101 mm,Disco ventilado,Disco ventilado,"2,11 m²","0,570 m²","0,27",,Hidráulica,11 m,,"Indep., McPherson",Mola helicoidal,"Indep., multibraço",712 km,410 km,"11,3 km/l","6,5 km/l",143 mm,,6500 rpm,2750 rpm,,,7000 rpm,Hidráulicos,,,,,,,,,,,,,,,,,,,,,,,,,,,,,,,,,,,,,,,,,,,,,,,,
bmw,325i Coupe,325i-coupe,325i-coupe-3-0-2009,325i-coupe-3-0-2009,https://www.fichacompleta.com.br/carros/bmw/325i-coupe-3-0-2009,2026-06-18T15:19:46.401855,Bmw 325i Coupe 3.0 2009,7 s,250 km/h,,Injeção direta,Natural,2996 cm³,6 em linha,N53B30,"Duplo no cabeçote, corrente",88 mm,85 mm,Longitudinal,Dianteiro,"6,7 kg/cv","52,7 kg/kgfm","72,8 cv/litro",218 cv a 6100 rpm,12:1,,,"9,2 kgfm/litro","27,5 kgfm a 2400 rpm",4,Admissão e escape,Conversor de torque,Automático,ZF 6HP,,6,Traseira,1395 mm,1500 mm,1513 mm,480 kg,4580 mm,2760 mm,1782 mm,1450 kg,440 litros,,,63 litros,101 mm,Disco ventilado,Disco ventilado,"2,11 m²","0,570 m²",,"0,27",Hidráulica,,11 m,"Independente, McPherson",Mola helicoidal,"Independente, multibraço",712 km,410 km,"11,3 km/l","6,5 km/l",,,,,,,,Hidráulicos,,,,,,,,,,,,,,,,,,,,,,,,,,,,,,,,,,,,,,,,,,,,,,,,
bmw,325i Coupe,325i-coupe,325i-coupe-3-0-2010,325i-coupe-3-0-2010,https://www.fichacompleta.com.br/carros/bmw/325i-coupe-3-0-2010,2026-06-18T15:19:49.713438,Bmw 325i Coupe 3.0 2010,"7,6 s",245 km/h,Corrente,Injeção direta,Natural,2497 cm³,6 em linha,N52B25,Duplo no cabeçote,"78,8 mm",82 mm,Longitudinal,Dianteiro,"6,7 kg/cv","56,9 kg/kgfm","87,3 cv/litro",218 cv,11:1,,,"10,2 kgfm/litro","25,5 kgfm",4,Admissão e escape,Conversor de torque,Automático,ZF 6HP,6,,Traseira,1395 mm,1500 mm,1513 mm,480 kg,4580 mm,2760 mm,1782 mm,1450 kg,440 litros,,,63 litros,101 mm,Disco ventilado,Disco ventilado,"2,11 m²","0,570 m²","0,27",,Hidráulica,11 m,,"Indep., McPherson",Mola helicoidal,"Indep., multibraço",712 km,410 km,"11,3 km/l","6,5 km/l",143 mm,,6500 rpm,2750 rpm,,,7000 rpm,Hidráulicos,,,,,,,,,,,,,,,,,,,,,,,,,,,,,,,,,,,,,,,,,,,,,,,,
bmw,325i Touring,325i-touring,325i-touring-2-5-2006,325i-touring-2-5-2006,https://www.fichacompleta.com.br/carros/bmw/325i-touring-2-5-2006,2026-06-18T15:20:07.203241,Bmw 325i Touring 2.5 2006,"7,9 s",240 km/h,Corrente,Injeção direta,Natural,2497 cm³,6 em linha,N52B25,Duplo no cabeçote,"78,8 mm",82 mm,Longitudinal,Dianteiro,"6,9 kg/cv","58,8 kg/kgfm","87,3 cv/litro",218 cv,11:1,,,"10,2 kgfm/litro","25,5 kgfm",4,Admissão e escape,Conversor de torque,Automático,ZF 6HP,6,,Traseira,1418 mm,1500 mm,1513 mm,540 kg,4520 mm,2760 mm,1817 mm,1500 kg,460 litros,,,63 litros,113 mm,Disco ventilado,Disco ventilado,"2,17 m²","0,608 m²","0,28",,Hidráulica,11 m,,"Indep., McPherson",Mola helicoidal,"Indep., multibraço",662 km,378 km,"10,5 km/l",6 km/l,,,6500 rpm,2750 rpm,,,7000 rpm,Hidráulicos,,,,,,,,,,,,,,,,,,,,,,,,,,,,,,,,,,,,,,,,,,,,,,,,
bmw,325i Touring,325i-touring,325i-touring-2-5-2007,325i-touring-2-5-2007,https://www.fichacompleta.com.br/carros/bmw/325i-touring-2-5-2007,2026-06-18T15:20:12.050895,Bmw 325i Touring 2.5 2007,"7,9 s",240 km/h,,Injeção multiponto,Natural,2497 cm³,6 em linha,N52B25,"Duplo no cabeçote, corrente","78,8 mm",82 mm,Longitudinal,Dianteiro,"6,9 kg/cv","58,8 kg/kgfm","87,3 cv/litro",218 cv a 6500 rpm,11:1,,,"10,2 kgfm/litro","25,5 kgfm a 2750 rpm",4,Admissão e escape,Conversor de torque,Automático,,,6,Traseira,1418 mm,1500 mm,1513 mm,540 kg,4520 mm,2760 mm,1817 mm,1500 kg,460 litros,,,63 litros,113 mm,Disco ventilado,Disco ventilado,"2,17 m²","0,608 m²",,"0,28",Hidráulica,,11 m,"Independente, McPherson",Mola helicoidal,"Independente, multibraço",662 km,378 km,"10,5 km/l",6 km/l,,,,,,,,Hidráulicos,,,,,,,,,,,,,,,,,,,,,,,,,,,,,,,,,,,,,,,,,,,,,,,,
bmw,325i Touring,325i-touring,325i-touring-2-5-2008,325i-touring-2-5-2008,https://www.fichacompleta.com.br/carros/bmw/325i-touring-2-5-2008,2026-06-18T15:20:17.175797,Bmw 325i Touring 2.5 2008,"7,9 s",240 km/h,,Injeção multiponto,Natural,2497 cm³,6 em linha,N52B25,"Duplo no cabeçote, corrente","78,8 mm",82 mm,Longitudinal,Dianteiro,"6,9 kg/cv","58,8 kg/kgfm","87,3 cv/litro",218 cv a 6500 rpm,11:1,,,"10,2 kgfm/litro","25,5 kgfm a 2750 rpm",4,Admissão e escape,Conversor de torque,Automático,,,6,Traseira,1418 mm,1500 mm,1513 mm,540 kg,4520 mm,2760 mm,1817 mm,1500 kg,460 litros,,,63 litros,113 mm,Disco ventilado,Disco ventilado,"2,17 m²","0,608 m²",,"0,28",Hidráulica,,11 m,"Independente, McPherson",Mola helicoidal,"Independente, multibraço",662 km,378 km,"10,5 km/l",6 km/l,,,,,,,,Hidráulicos,,,,,,,,,,,,,,,,,,,,,,,,,,,,,,,,,,,,,,,,,,,,,,,,
bmw,325i Touring,325i-touring,325i-touring-2-5-2009,325i-touring-2-5-2009,https://www.fichacompleta.com.br/carros/bmw/325i-touring-2-5-2009,2026-06-18T15:20:20.086534,Bmw 325i Touring 2.5 2009,"7,9 s",240 km/h,Corrente,Injeção direta,Natural,2497 cm³,6 em linha,N52B25,Duplo no cabeçote,"78,8 mm",82 mm,Longitudinal,Dianteiro,"6,9 kg/cv","58,8 kg/kgfm","87,3 cv/litro",218 cv,11:1,,,"10,2 kgfm/litro","25,5 kgfm",4,Admissão e escape,Conversor de torque,Automático,ZF 6HP,6,,Traseira,1418 mm,1500 mm,1513 mm,540 kg,4520 mm,2760 mm,1817 mm,1500 kg,460 litros,,,63 litros,113 mm,Disco ventilado,Disco ventilado,"2,17 m²","0,608 m²","0,28",,Hidráulica,11 m,,"Indep., McPherson",Mola helicoidal,"Indep., multibraço",662 km,378 km,"10,5 km/l",6 km/l,,,6500 rpm,2750 rpm,,,7000 rpm,Hidráulicos,,,,,,,,,,,,,,,,,,,,,,,,,,,,,,,,,,,,,,,,,,,,,,,,
bmw,328i,328i,328i-2-8-1996,328i-2-8-1996,https://www.fichacompleta.com.br/carros/bmw/328i-2-8-1996,2026-06-18T15:20:37.776813,Bmw 328i 2.8 1996,"7,8 s",232 km/h,,Injeção multiponto,Natural,2793 cm³,6 em linha,M52B28,"Duplo no cabeçote, corrente",,,Longitudinal,Dianteiro,"7,0 kg/cv","47,4 kg/kgfm","69,1 cv/litro",193 cv a 5300 rpm,"10,2:1",,,"10,2 kgfm/litro","28,6 kgfm a 3950 rpm",4,Admissão,Conversor de torque,Automático,,,5,Traseira,1393 mm,1408 mm,1421 mm,460 kg,4433 mm,2700 mm,1698 mm,1355 kg,435 litros,,,65 litros,123 mm,Disco ventilado,Disco ventilado,"2,01 m²","0,643 m²",,"0,32",Hidráulica,,"10,4 m","Independente, McPherson",Mola helicoidal,"Independente, multibraço",715 km,455 km,11 km/l,7 km/l,,,,,,,6500 rpm,Hidráulicos,84 mm,84 mm,,,,,,,,,,,,,,,,,,,,,,,,,,,,,,,,,,,,,,,,,,,,,,
bmw,328i,328i,328i-2-8-1997,328i-2-8-1997,https://www.fichacompleta.com.br/carros/bmw/328i-2-8-1997,2026-06-18T15:20:42.364917,Bmw 328i 2.8 1997,"7,8 s",232 km/h,,Injeção multiponto,Natural,2793 cm³,6 em linha,M52B28,"Duplo no cabeçote, corrente",,,Longitudinal,Dianteiro,"7,0 kg/cv","47,4 kg/kgfm","69,1 cv/litro",193 cv a 5300 rpm,"10,2:1",,,"10,2 kgfm/litro","28,6 kgfm a 3950 rpm",4,Admissão,Conversor de torque,Automático,,,5,Traseira,1393 mm,1408 mm,1421 mm,460 kg,4433 mm,2700 mm,1698 mm,1355 kg,435 litros,,,65 litros,123 mm,Disco ventilado,Disco ventilado,"2,01 m²","0,643 m²",,"0,32",Hidráulica,,"10,4 m","Independente, McPherson",Mola helicoidal,"Independente, multibraço",715 km,455 km,11 km/l,7 km/l,,,,,,,6500 rpm,Hidráulicos,84 mm,84 mm,,,,,,,,,,,,,,,,,,,,,,,,,,,,,,,,,,,,,,,,,,,,,,
bmw,328i,328i,328i-2-8-1999,328i-2-8-1999,https://www.fichacompleta.com.br/carros/bmw/328i-2-8-1999,2026-06-18T15:20:44.865451,Bmw 328i 2.8 1999,"8,1 s",237 km/h,Corrente,Injeção multiponto,Natural,2793 cm³,6 em linha,M52B28TU,Duplo no cabeçote,84 mm,84 mm,Longitudinal,Dianteiro,"7,4 kg/cv","50,0 kg/kgfm","69,1 cv/litro",193 cv,"10,2:1",5300 rpm,3500 rpm,"10,2 kgfm/litro","28,6 kgfm",4,Admissão e escape,Conversor de torque,Automático,,5,5,Traseira,1415 mm,1471 mm,1478 mm,500 kg,4471 mm,2725 mm,1739 mm,1430 kg,440 litros,,,63 litros,113 mm,Disco ventilado,Disco ventilado,"2,09 m²","0,648 m²","0,31","0,31",Hidráulica,"10,5 m","10,5 m","Indep., McPherson",Mola helicoidal,"Indep., multibraço",611 km,365 km,"9,7 km/l","5,8 km/l",,,,,,,6500 rpm,Hidráulicos,,,,,,,,,,,,,,,,,,,,,,,,,,,,,,,,,,,,,,,,,,,,,,,,
bmw,328i,328i,328i-2-8-2000,328i-2-8-2000,https://www.fichacompleta.com.br/carros/bmw/328i-2-8-2000,2026-06-18T15:20:49.476542,Bmw 328i 2.8 2000,"8,1 s",237 km/h,,Injeção multiponto,Natural,2793 cm³,6 em linha,M52B28TU,"Duplo no cabeçote, corrente",,,Longitudinal,Dianteiro,"7,4 kg/cv","50,0 kg/kgfm","69,1 cv/litro",193 cv a 5300 rpm,"10,2:1",,,"10,2 kgfm/litro","28,6 kgfm a 3500 rpm",4,Admissão e escape,,Automático,,,5,Traseira,1415 mm,1471 mm,1478 mm,500 kg,4471 mm,2725 mm,1739 mm,1430 kg,440 litros,,,63 litros,113 mm,205/55 R16,Disco ventilado,"2,09 m²",,,"0,31",Hidráulica,,"10,5 m","Independente, McPherson",Mola helicoidal,"Independente, multibraço",611 km,365 km,"9,7 km/l","5,8 km/l",,,,,,,,Hidráulicos,84 mm,84 mm,,,,,,,,,,,,,,,,,,,,,,,,,,,,,,,,,,,,,,,,,,,,,,
bmw,328i,328i,328i-2-0-turbo-2012,328i-2-0-turbo-2012,https://www.fichacompleta.com.br/carros/bmw/328i-2-0-turbo-2012,2026-06-18T15:20:52.521436,Bmw 328i 2.0 Turbo 2012,"6,1 s",250 km/h,Corrente,Injeção direta,Turbocompressor,1997 cm³,4 em linha,N20B20,Duplo no cabeçote,"90,1 mm",84 mm,Longitudinal,Dianteiro,"5,8 kg/cv","40,1 kg/kgfm","122,7 cv/litro",245 cv,10:1,5000 rpm,1250 rpm,"17,9 kgfm/litro","35,7 kgfm",4,Admissão e escape,Conversor de torque,Automático,ZF 8HP,8,8,Traseira,1429 mm,1531 mm,1572 mm,550 kg,4624 mm,2810 mm,1811 mm,1430 kg,480 litros,1600 kg,745 kg,60 litros,101 mm,Disco ventilado,Disco ventilado,"2,2 m²","0,638 m²","0,29","0,29",Eletro-hidráulica,"11,5 m","11,5 m","Indep., McPherson",Mola helicoidal,"Indep., multibraço",810 km,570 km,"13,5 km/l","9,5 km/l",140 mm,,,,,,,,,,,,,,,,,,,,,,,,,,,,,,,,,,,,,,,,,,,,,,,,,,,,,,,
bmw,328i,328i,328i-2-0-turbo-2013,328i-2-0-turbo-2013,https://www.fichacompleta.com.br/carros/bmw/328i-2-0-turbo-2013,2026-06-18T15:20:55.130219,Bmw 328i 2.0 Turbo 2013,"6,1 s",250 km/h,,Injeção direta,Turbocompressor,1997 cm³,4 em linha,N20B20,"Duplo no cabeçote, corrente","90,1 mm",84 mm,Longitudinal,Dianteiro,"5,8 kg/cv","40,1 kg/kgfm","122,7 cv/litro",245 cv a 5000 rpm,10:1,,,"17,9 kgfm/litro","35,7 kgfm a 1250 rpm",4,Admissão e escape,Conversor de torque,Automático,ZF 8HP,,8,Traseira,1429 mm,1531 mm,1572 mm,550 kg,4624 mm,2810 mm,1811 mm,1430 kg,480 litros,1600 kg,745 kg,60 litros,101 mm,Disco ventilado,Disco ventilado,"2,2 m²","0,638 m²",,"0,29",Eletro-hidráulica,,"11,5 m","Independente, McPherson",Mola helicoidal,"Independente, multibraço",810 km,570 km,"13,5 km/l","9,5 km/l",140 mm,,,,,,,,,,,,,,,,,,,,,,,,,,,,,,,,,,,,,,,,,,,,,,,,,,,,,,,
bmw,328i,328i,328i-plus-2-0-2013,328i-plus-2-0-2013,https://www.fichacompleta.com.br/carros/bmw/328i-plus-2-0-2013,2026-06-18T15:20:59.339956,Bmw 328i Plus 2.0 2013,"6,1 s",250 km/h,Corrente,Injeção direta,Turbocompressor,,4 em linha,N20B20,Duplo no cabeçote,"90,1 mm",84 mm,Longitudinal,Dianteiro,"5,84 kg/cv","40,1 kg/kgfm","122,7 cv/litro",245 cv,10:1,,,"17,9 kgfm/litro","35,7 kgfm",4,Admissão e escape,Conversor de torque,Automático,ZF 8HP,8,,Traseira,1429 mm,1531 mm,1572 mm,550 kg,4624 mm,2810 mm,1811 mm,1430 kg,480 litros,1600 kg,745 kg,60 litros,113 mm,Disco ventilado,Disco ventilado,"2,2 m²","0,638 m²","0,29",,Eletro-hidráulica,"11,5 m",,"Indep., McPherson",Mola helicoidal,"Indep., multibraço",810 km,570 km,"13,5 km/l","9,5 km/l",140 mm,Kit de reparo e enchimento,5000 rpm,1250 rpm,499 cm³,1997 cm³,,,,,,,,,,,,,,,,,,,,,,,,,,,,,,,,,,,,,,,,,,,,,,,,,,
bmw,328i,328i,328i-sport-2-0-turbo-2013,328i-sport-2-0-turbo-2013,https://www.fichacompleta.com.br/carros/bmw/328i-sport-2-0-turbo-2013,2026-06-18T15:21:02.347191,Bmw 328i Sport 2.0 Turbo 2013,"6,1 s",250 km/h,,Injeção direta,Turbocompressor,1997 cm³,4 em linha,N20B20,"Duplo no cabeçote, corrente","90,1 mm",84 mm,Longitudinal,Dianteiro,"5,8 kg/cv","40,1 kg/kgfm","122,7 cv/litro",245 cv a 5000 rpm,10:1,,,"17,9 kgfm/litro","35,7 kgfm a 1250 rpm",4,Admissão e escape,Conversor de torque,Automático,ZF 8HP,,8,Traseira,1429 mm,1531 mm,1572 mm,550 kg,4624 mm,2810 mm,1811 mm,1430 kg,480 litros,1600 kg,745 kg,60 litros,101 mm,Disco ventilado,Disco ventilado,"2,2 m²","0,638 m²",,"0,29",Eletro-hidráulica,,"11,5 m","Independente, McPherson",Mola helicoidal,"Independente, multibraço",810 km,570 km,"13,5 km/l","9,5 km/l",140 mm,,,,,,,,,,,,,,,,,,,,,,,,,,,,,,,,,,,,,,,,,,,,,,,,,,,,,,,
bmw,328i,328i,328i-2-0-turbo-2014,328i-2-0-turbo-2014,https://www.fichacompleta.com.br/carros/bmw/328i-2-0-turbo-2014,2026-06-18T15:21:06.457916,Bmw 328i 2.0 Turbo 2014,"6,1 s",250 km/h,,Injeção direta,Turbocompressor,1997 cm³,4 em linha,N20B20,"Duplo no cabeçote, corrente","90,1 mm",84 mm,Longitudinal,Dianteiro,"5,8 kg/cv","40,1 kg/kgfm","122,7 cv/litro",245 cv a 5000 rpm,10:1,,,"17,9 kgfm/litro","35,7 kgfm a 1250 rpm",4,Admissão e escape,Conversor de torque,Automático,ZF 8HP,,8,Traseira,1429 mm,1531 mm,1572 mm,550 kg,4624 mm,2810 mm,1811 mm,1430 kg,480 litros,1600 kg,745 kg,60 litros,101 mm,Disco ventilado,Disco ventilado,"2,2 m²","0,638 m²",,"0,29",Eletro-hidráulica,,"11,5 m","Independente, McPherson",Mola helicoidal,"Independente, multibraço",810 km,570 km,"13,5 km/l","9,5 km/l",140 mm,,,,,,,,,,,,,,,,,,,,,,,,,,,,,,,,,,,,,,,,,,,,,,,,,,,,,,,
bmw,328i,328i,328i-sport-2-0-turbo-2014,328i-sport-2-0-turbo-2014,https://www.fichacompleta.com.br/carros/bmw/328i-sport-2-0-turbo-2014,2026-06-18T15:21:10.077992,Bmw 328i Sport 2.0 Turbo 2014,"6,1 s",250 km/h,,Injeção direta,Turbocompressor,1997 cm³,4 em linha,N20B20,"Duplo no cabeçote, corrente","90,1 mm",84 mm,Longitudinal,Dianteiro,"5,8 kg/cv","40,1 kg/kgfm","122,7 cv/litro",245 cv a 5000 rpm,10:1,,,"17,9 kgfm/litro","35,7 kgfm a 1250 rpm",4,Admissão e escape,Conversor de torque,Automático,ZF 8HP,,8,Traseira,1429 mm,1531 mm,1572 mm,550 kg,4624 mm,2810 mm,1811 mm,1430 kg,480 litros,1600 kg,745 kg,60 litros,101 mm,Disco ventilado,Disco ventilado,"2,2 m²","0,638 m²",,"0,29",Eletro-hidráulica,,"11,5 m","Independente, McPherson",Mola helicoidal,"Independente, multibraço",810 km,570 km,"13,5 km/l","9,5 km/l",140 mm,,,,,,,,,,,,,,,,,,,,,,,,,,,,,,,,,,,,,,,,,,,,,,,,,,,,,,,
bmw,328i,328i,328i-m-sport-2-0-turbo-2015,328i-m-sport-2-0-turbo-2015,https://www.fichacompleta.com.br/carros/bmw/328i-m-sport-2-0-turbo-2015,2026-06-18T15:21:12.796298,Bmw 328i M Sport 2.0 Turbo 2015,"6,1 s",250 km/h,,Injeção direta,Turbocompressor,1997 cm³,4 em linha,N20B20,"Duplo no cabeçote, corrente","90,1 mm",84 mm,Longitudinal,Dianteiro,"5,9 kg/cv","40,8 kg/kgfm","122,7 cv/litro",245 cv (A) 245 cv (G) a 5000 rpm,10:1,,,"17,9 kgfm/litro","35,7 kgfm (A) 35,7 kgfm (G) a 1250 rpm",4,Admissão e escape,Conversor de torque,Automático,ZF 8HP,,8,Traseira,1429 mm,1531 mm,1572 mm,550 kg,4624 mm,2810 mm,1811 mm,1455 kg,480 litros,,,60 litros,101 mm,Disco ventilado,Disco ventilado,"2,2 m²","0,638 m²",,"0,29",Eletro-hidráulica,,"11,5 m","Independente, McPherson",Mola helicoidal,"Independente, multibraço",792 km,558 km,"13,2 km/l","9,3 km/l",140 mm,,,,,,,,,,546 km,384 km,"9,1 km/l","6,4 km/l",,,,,,,,,,,,,,,,,,,,,,,,,,,,,,,,,,,,,,,,,,
bmw,328i,328i,328i-sport-2-0-turbo-2015,328i-sport-2-0-turbo-2015,https://www.fichacompleta.com.br/carros/bmw/328i-sport-2-0-turbo-2015,2026-06-18T15:21:17.806337,Bmw 328i Sport 2.0 Turbo 2015,"6,1 s",250 km/h,Corrente,Injeção direta,Turbocompressor,1997 cm³,4 em linha,N20B20,Duplo no cabeçote,"90,1 mm",84 mm,Longitudinal,Dianteiro,"5,9 kg/cv","40,8 kg/kgfm","122,7 cv/litro",245 cv (A) 245 cv (G) a 5000 rpm,10:1,5000 rpm,1250 rpm,"17,9 kgfm/litro","35,7 kgfm (A) 35,7 kgfm (G) a 1250 rpm",4,Admissão e escape,Conversor de torque,Automático,ZF 8HP,8,8,Traseira,1429 mm,1531 mm,1572 mm,550 kg,4624 mm,2810 mm,1811 mm,1455 kg,480 litros,,,60 litros,101 mm,Disco ventilado,Disco ventilado,"2,2 m²","0,638 m²","0,29","0,29",Eletro-hidráulica,"11,5 m","11,5 m","Indep., McPherson",Mola helicoidal,"Indep., multibraço",792 km,558 km,"13,2 km/l","9,3 km/l",140 mm,,,,,,,,,,546 km,384 km,"9,1 km/l","6,4 km/l",245 cv,245 cv,"35,7 kgfm","35,7 kgfm",,,,,,,,,,,,,,,,,,,,,,,,,,,,,,,,,,,,,,
bmw,328i,328i,328i-m-sport-2-0-turbo-2016,328i-m-sport-2-0-turbo-2016,https://www.fichacompleta.com.br/carros/bmw/328i-m-sport-2-0-turbo-2016,2026-06-18T15:21:22.442539,Bmw 328i M Sport 2.0 Turbo 2016,"6,1 s",250 km/h,,Injeção direta,Turbocompressor,1997 cm³,4 em linha,N20B20,"Duplo no cabeçote, corrente","90,1 mm",84 mm,Longitudinal,Dianteiro,"5,9 kg/cv","40,8 kg/kgfm","122,7 cv/litro",245 cv (A) 245 cv (G) a 5000 rpm,10:1,,,"17,9 kgfm/litro","35,7 kgfm (A) 35,7 kgfm (G) a 1250 rpm",4,Admissão e escape,Conversor de torque,Automático,ZF 8HP,,8,Traseira,1429 mm,1531 mm,1572 mm,550 kg,4624 mm,2810 mm,1811 mm,1455 kg,480 litros,,,60 litros,89 mm,Disco ventilado,Disco ventilado,"2,2 m²","0,638 m²",,"0,29",Eletro-hidráulica,,"11,5 m","Independente, McPherson",Mola helicoidal,"Independente, multibraço",750 km,588 km,"12,5 km/l","9,8 km/l",140 mm,,,,,,,,,,510 km,384 km,"8,5 km/l","6,4 km/l",,,,,,,,,,,,,,,,,,,,,,,,,,,,,,,,,,,,,,,,,,
bmw,328i,328i,328i-sport-2-0-turbo-2016,328i-sport-2-0-turbo-2016,https://www.fichacompleta.com.br/carros/bmw/328i-sport-2-0-turbo-2016,2026-06-18T15:21:26.288341,Bmw 328i Sport 2.0 Turbo 2016,"6,1 s",250 km/h,,Injeção direta,Turbocompressor,1997 cm³,4 em linha,N20B20,"Duplo no cabeçote, corrente","90,1 mm",84 mm,Longitudinal,Dianteiro,"5,9 kg/cv","40,8 kg/kgfm","122,7 cv/litro",245 cv (A) 245 cv (G) a 5000 rpm,10:1,,,"17,9 kgfm/litro","35,7 kgfm (A) 35,7 kgfm (G) a 1250 rpm",4,Admissão e escape,Conversor de torque,Automático,ZF 8HP,,8,Traseira,1429 mm,1531 mm,1572 mm,550 kg,4624 mm,2810 mm,1811 mm,1455 kg,480 litros,,,60 litros,101 mm,Disco ventilado,Disco ventilado,"2,2 m²","0,638 m²",,"0,29",Eletro-hidráulica,,"11,5 m","Independente, McPherson",Mola helicoidal,"Independente, multibraço",792 km,558 km,"13,2 km/l","9,3 km/l",140 mm,,,,,,,,,,546 km,384 km,"9,1 km/l","6,4 km/l",,,,,,,,,,,,,,,,,,,,,,,,,,,,,,,,,,,,,,,,,,
bmw,328i,328i,328i-m-sport-2-0-turbo-2017,328i-m-sport-2-0-turbo-2017,https://www.fichacompleta.com.br/carros/bmw/328i-m-sport-2-0-turbo-2017,2026-06-18T15:21:31.668401,Bmw 328i M Sport 2.0 Turbo 2017,"6,1 s",250 km/h,,Injeção direta,Turbocompressor,1997 cm³,4 em linha,N20B20,"Duplo no cabeçote, corrente","90,1 mm",84 mm,Longitudinal,Dianteiro,"5,9 kg/cv","40,8 kg/kgfm","122,7 cv/litro",245 cv (A) 245 cv (G) a 5000 rpm,10:1,,,"17,9 kgfm/litro","35,7 kgfm (A) 35,7 kgfm (G) a 1250 rpm",4,Admissão e escape,Conversor de torque,Automático,ZF 8HP,,8,Traseira,1429 mm,1531 mm,1572 mm,550 kg,4624 mm,2810 mm,1811 mm,1455 kg,480 litros,,,60 litros,89 mm,Disco ventilado,Disco ventilado,"2,2 m²","0,638 m²",,"0,29",Eletro-hidráulica,,"11,5 m","Independente, McPherson",Mola helicoidal,"Independente, multibraço",750 km,588 km,"12,5 km/l","9,8 km/l",140 mm,,,,,,,,,,510 km,384 km,"8,5 km/l","6,4 km/l",,,,,,,,,,,,,,,,,,,,,,,,,,,,,,,,,,,,,,,,,,
bmw,328i,328i,328i-sport-2-0-turbo-2017,328i-sport-2-0-turbo-2017,https://www.fichacompleta.com.br/carros/bmw/328i-sport-2-0-turbo-2017,2026-06-18T15:21:39.410916,Bmw 328i Sport 2.0 Turbo 2017,"6,1 s",250 km/h,,Injeção direta,Turbocompressor,1997 cm³,4 em linha,N20B20,"Duplo no cabeçote, corrente","90,1 mm",84 mm,Longitudinal,Dianteiro,"5,9 kg/cv","40,8 kg/kgfm","122,7 cv/litro",245 cv (A) 245 cv (G) a 5000 rpm,10:1,,,"17,9 kgfm/litro","35,7 kgfm (A) 35,7 kgfm (G) a 1250 rpm",4,Admissão e escape,Conversor de torque,Automático,ZF 8HP,,8,Traseira,1429 mm,1531 mm,1572 mm,550 kg,4624 mm,2810 mm,1811 mm,1455 kg,480 litros,,,60 litros,101 mm,Disco ventilado,Disco ventilado,"2,2 m²","0,638 m²",,"0,29",Eletro-hidráulica,,"11,5 m","Independente, McPherson",Mola helicoidal,"Independente, multibraço",792 km,558 km,"13,2 km/l","9,3 km/l",140 mm,,,,,,,,,,546 km,384 km,"9,1 km/l","6,4 km/l",,,,,,,,,,,,,,,,,,,,,,,,,,,,,,,,,,,,,,,,,,
bmw,328i,328i,328i-m-sport-2-0-turbo-2018,328i-m-sport-2-0-turbo-2018,https://www.fichacompleta.com.br/carros/bmw/328i-m-sport-2-0-turbo-2018,2026-06-18T15:21:43.400759,Bmw 328i M Sport 2.0 Turbo 2018,"6,1 s",250 km/h,,Injeção direta,Turbocompressor,1997 cm³,4 em linha,N20B20,"Duplo no cabeçote, corrente","90,1 mm",84 mm,Longitudinal,Dianteiro,"5,9 kg/cv","40,8 kg/kgfm","122,7 cv/litro",245 cv (A) 245 cv (G) a 5000 rpm,10:1,,,"17,9 kgfm/litro","35,7 kgfm (A) 35,7 kgfm (G) a 1250 rpm",4,Admissão e escape,Conversor de torque,Automático,ZF 8HP,,8,Traseira,1429 mm,1531 mm,1572 mm,550 kg,4624 mm,2810 mm,1811 mm,1455 kg,480 litros,,,60 litros,89 mm,Disco ventilado,Disco ventilado,"2,2 m²","0,638 m²",,"0,29",Eletro-hidráulica,,"11,5 m","Independente, McPherson",Mola helicoidal,"Independente, multibraço",750 km,588 km,"12,5 km/l","9,8 km/l",140 mm,,,,,,,,,,510 km,384 km,"8,5 km/l","6,4 km/l",,,,,,,,,,,,,,,,,,,,,,,,,,,,,,,,,,,,,,,,,,
bmw,328i,328i,328i-sport-2-0-2018,328i-sport-2-0-2018,https://www.fichacompleta.com.br/carros/bmw/328i-sport-2-0-2018,2026-06-18T15:21:49.001850,Bmw 328i Sport 2.0 2018,"6,1 s",250 km/h,Corrente,Injeção direta,Turbocompressor,,4 em linha,N20B20,Duplo no cabeçote,"90,1 mm",84 mm,Longitudinal,Dianteiro,"5,94 kg/cv","40,8 kg/kgfm","122,7 cv/litro",,10:1,,,"17,9 kgfm/litro",,4,Admissão e escape,Conversor de torque,Automático,ZF 8HP,8,,Traseira,1429 mm,1531 mm,1572 mm,550 kg,4624 mm,2810 mm,1811 mm,1455 kg,480 litros,,,60 litros,101 mm,Disco ventilado,Disco ventilado,"2,2 m²","0,638 m²","0,29",,Eletro-hidráulica,"11,5 m",,"Indep., McPherson",Mola helicoidal,"Indep., multibraço",792 km,558 km,"13,2 km/l","9,3 km/l",140 mm,Kit de reparo,5000 rpm,1250 rpm,499 cm³,1997 cm³,,,,,546 km,384 km,"9,1 km/l","6,4 km/l",245 cv,245 cv,"35,7 kgfm","35,7 kgfm",,,,,,,,,,,,,,,,,,,,,,,,,,,,,,,,,,,,,,
bmw,328i Cabriolet,328i-cabriolet,328i-cabriolet-2-8-1996,328i-cabriolet-2-8-1996,https://www.fichacompleta.com.br/carros/bmw/328i-cabriolet-2-8-1996,2026-06-18T15:22:28.760374,Bmw 328i Cabriolet 2.8 1996,"8,4 s",226 km/h,Corrente,Injeção multiponto,Natural,,6 em linha,M52B28TU,Duplo no cabeçote,84 mm,84 mm,Longitudinal,Dianteiro,"7,59 kg/cv","51,4 kg/kgfm","69,1 cv/litro",193 cv,"10,2:1",,,"10,2 kgfm/litro","28,5 kgfm",4,Admissão,Conversor de torque,Automático,ZF 5HP,5,,Traseira,1348 mm,1408 mm,1421 mm,400 kg,4433 mm,2700 mm,1710 mm,1465 kg,230 litros,,,65 litros,123 mm,Disco ventilado,Disco sólido,"1,96 m²","0,686 m²","0,35",,Hidráulica,"10,4 m",,"Indep., McPherson",Mola helicoidal,"Indep., multibraço",585 km,390 km,9 km/l,6 km/l,,,5300 rpm,3950 rpm,466 cm³,2793 cm³,,Hidráulicos,,,,,,,,,,,,,,,,,,,,,,,,,,,,,,,,,,,,,,,,,,,,,,,,
bmw,328i Cabriolet,328i-cabriolet,328i-cabriolet-2-8-1997,328i-cabriolet-2-8-1997,https://www.fichacompleta.com.br/carros/bmw/328i-cabriolet-2-8-1997,2026-06-18T15:22:32.075237,Bmw 328i Cabriolet 2.8 1997,"8,4 s",226 km/h,Corrente,Injeção multiponto,Natural,2793 cm³,6 em linha,M52B28TU,Duplo no cabeçote,84 mm,84 mm,Longitudinal,Dianteiro,"7,6 kg/cv","51,4 kg/kgfm","69,1 cv/litro",193 cv,"10,2:1",,,"10,2 kgfm/litro","28,5 kgfm",4,Admissão,Conversor de torque,Automático,ZF 5HP,5,,Traseira,1348 mm,1408 mm,1421 mm,400 kg,4433 mm,2700 mm,1710 mm,1465 kg,230 litros,,,65 litros,123 mm,Disco ventilado,Disco sólido,"1,96 m²","0,686 m²","0,35",,Hidráulica,"10,4 m",,"Indep., McPherson",Mola helicoidal,"Indep., multibraço",585 km,390 km,9 km/l,6 km/l,,,5300 rpm,3950 rpm,,,,Hidráulicos,,,,,,,,,,,,,,,,,,,,,,,,,,,,,,,,,,,,,,,,,,,,,,,,
bmw,328i Cabriolet,328i-cabriolet,328i-cabriolet-2-8-1998,328i-cabriolet-2-8-1998,https://www.fichacompleta.com.br/carros/bmw/328i-cabriolet-2-8-1998,2026-06-18T15:22:35.453747,Bmw 328i Cabriolet 2.8 1998,"8,4 s",226 km/h,Corrente,Injeção multiponto,Natural,,6 em linha,M52B28TU,Duplo no cabeçote,84 mm,84 mm,Longitudinal,Dianteiro,"7,59 kg/cv","51,4 kg/kgfm","69,1 cv/litro",193 cv,"10,2:1",,,"10,2 kgfm/litro","28,5 kgfm",4,Admissão,Conversor de torque,Automático,ZF 5HP,5,,Traseira,1348 mm,1408 mm,1421 mm,400 kg,4433 mm,2700 mm,1710 mm,1465 kg,230 litros,,,65 litros,123 mm,Disco ventilado,Disco sólido,"1,96 m²","0,686 m²","0,35",,Hidráulica,"10,4 m",,"Indep., McPherson",Mola helicoidal,"Indep., multibraço",585 km,390 km,9 km/l,6 km/l,,,5300 rpm,3950 rpm,466 cm³,2793 cm³,,Hidráulicos,,,,,,,,,,,,,,,,,,,,,,,,,,,,,,,,,,,,,,,,,,,,,,,,
bmw,328i Gt,328i-gt,328i-gt-m-sport-2-0-turbo-2014,328i-gt-m-sport-2-0-turbo-2014,https://www.fichacompleta.com.br/carros/bmw/328i-gt-m-sport-2-0-turbo-2014,2026-06-18T15:22:53.164078,Bmw 328i Gt M Sport 2.0 Turbo 2014,"6,1 s",250 km/h,Corrente,Injeção direta,Turbocompressor,1997 cm³,4 em linha,N20B20,Duplo no cabeçote,"90,1 mm",84 mm,Longitudinal,Dianteiro,"6,5 kg/cv","44,7 kg/kgfm","122,7 cv/litro",245 cv,10:1,6500 rpm,1250 rpm,"17,9 kgfm/litro","35,7 kgfm",4,Admissão e escape,Conversor de torque,Automático,ZF 8HP,8,8,Traseira,1508 mm,1541 mm,1586 mm,570 kg,4824 mm,2920 mm,1828 mm,1595 kg,520 litros,,,60 litros,98 mm,Disco ventilado,Disco ventilado,"2,34 m²","0,679 m²","0,29","0,29",Eletro-hidráulica,"11,8 m","11,8 m","Indep., McPherson",Mola helicoidal,"Indep., multibraço",828 km,486 km,"13,8 km/l","8,1 km/l",165 mm,,,,,,,,,,,,,,,,,,,,,,,,,,,,,,,,,,,,,,,,,,,,,,,,,,,,,,,
bmw,328i Gt,328i-gt,328i-gt-m-sport-2-0-turbo-2015,328i-gt-m-sport-2-0-turbo-2015,https://www.fichacompleta.com.br/carros/bmw/328i-gt-m-sport-2-0-turbo-2015,2026-06-18T15:22:56.947361,Bmw 328i Gt M Sport 2.0 Turbo 2015,"6,1 s",250 km/h,,Injeção direta,Turbocompressor,1997 cm³,4 em linha,N20B20,"Duplo no cabeçote, corrente","90,1 mm",84 mm,Longitudinal,Dianteiro,"6,5 kg/cv","44,7 kg/kgfm","122,7 cv/litro",245 cv a 6500 rpm,10:1,,,"17,9 kgfm/litro","35,7 kgfm a 1250 rpm",4,Admissão e escape,Conversor de torque,Automático,ZF 8HP,,8,Traseira,1508 mm,1541 mm,1586 mm,570 kg,4824 mm,2920 mm,1828 mm,1595 kg,520 litros,,,60 litros,98 mm,Disco ventilado,Disco ventilado,"2,34 m²","0,679 m²",,"0,29",Eletro-hidráulica,,"11,8 m","Independente, McPherson",Mola helicoidal,"Independente, multibraço",828 km,486 km,"13,8 km/l","8,1 km/l",165 mm,,,,,,,,,,,,,,,,,,,,,,,,,,,,,,,,,,,,,,,,,,,,,,,,,,,,,,,
bmw,328i Gt,328i-gt,328i-gt-m-sport-2-0-turbo-2016,328i-gt-m-sport-2-0-turbo-2016,https://www.fichacompleta.com.br/carros/bmw/328i-gt-m-sport-2-0-turbo-2016,2026-06-18T15:23:02.385198,Bmw 328i Gt M Sport 2.0 Turbo 2016,"6,1 s",250 km/h,,Injeção direta,Turbocompressor,1997 cm³,4 em linha,N20B20,"Duplo no cabeçote, corrente","90,1 mm",84 mm,Longitudinal,Dianteiro,"6,5 kg/cv","44,7 kg/kgfm","122,7 cv/litro",245 cv a 6500 rpm,10:1,,,"17,9 kgfm/litro","35,7 kgfm a 1250 rpm",4,Admissão e escape,Conversor de torque,Automático,ZF 8HP,,8,Traseira,1508 mm,1541 mm,1586 mm,570 kg,4824 mm,2920 mm,1828 mm,1595 kg,520 litros,,,60 litros,98 mm,Disco ventilado,Disco ventilado,"2,34 m²","0,679 m²",,"0,29",Eletro-hidráulica,,"11,8 m","Independente, McPherson",Mola helicoidal,"Independente, multibraço",828 km,486 km,"13,8 km/l","8,1 km/l",165 mm,,,,,,,,,,,,,,,,,,,,,,,,,,,,,,,,,,,,,,,,,,,,,,,,,,,,,,,
bmw,328i Touring,328i-touring,328i-touring-2-8-1996,328i-touring-2-8-1996,https://www.fichacompleta.com.br/carros/bmw/328i-touring-2-8-1996,2026-06-18T15:23:22.055144,Bmw 328i Touring 2.8 1996,"9,1 s",223 km/h,Corrente,Injeção multiponto,Natural,2793 cm³,6 em linha,M52B28,Duplo no cabeçote,84 mm,84 mm,Longitudinal,Dianteiro,"7,9 kg/cv","53,0 kg/kgfm","69,1 cv/litro",193 cv,"10,2:1",,,"10,2 kgfm/litro","28,6 kgfm",4,Admissão,Conversor de torque,Automático,,5,,Traseira,1391 mm,1408 mm,1421 mm,,4433 mm,2700 mm,1698 mm,1517 kg,370 litros,,,62 litros,113 mm,Disco ventilado,Disco ventilado,"2,01 m²","0,683 m²","0,34",,Hidráulica,"10,4 m",,"Indep., McPherson",Mola helicoidal,"Indep., multibraço",682 km,434 km,11 km/l,7 km/l,,,5300 rpm,3950 rpm,,,6500 rpm,Hidráulicos,,,,,,,,,,,,,,,,,,,,,,,,,,,,,,,,,,,,,,,,,,,,,,,,
bmw,328i Touring,328i-touring,328i-touring-2-8-1996-gasolina,328i-touring-2-8-1996-gasolina,https://www.fichacompleta.com.br/carros/bmw/328i-touring-2-8-1996-gasolina,2026-06-18T15:23:27.117767,Bmw 328i Touring 2.8 1996,"7,4 s",230 km/h,Corrente,Injeção multiponto,Natural,2793 cm³,6 em linha,M52B28,Duplo no cabeçote,84 mm,84 mm,Longitudinal,Dianteiro,"7,7 kg/cv","51,7 kg/kgfm","69,1 cv/litro",193 cv,"10,2:1",,,"10,2 kgfm/litro","28,6 kgfm",4,Admissão,Embreagem monodisco a seco,Manual,,5,,Traseira,1391 mm,1408 mm,1421 mm,,4433 mm,2700 mm,1698 mm,1480 kg,370 litros,,,62 litros,113 mm,Disco ventilado,Disco ventilado,"2,01 m²","0,683 m²","0,34",,Hidráulica,"10,4 m",,"Indep., McPherson",Mola helicoidal,"Indep., multibraço",682 km,440 km,11 km/l,"7,1 km/l",,,5300 rpm,3950 rpm,,,6500 rpm,Hidráulicos,,,,,,,,,,,,,,,,,,,,,,,,,,,,,,,,,,,,,,,,,,,,,,,,
bmw,328i Touring,328i-touring,328i-touring-2-8-1997,328i-touring-2-8-1997,https://www.fichacompleta.com.br/carros/bmw/328i-touring-2-8-1997,2026-06-18T15:23:31.570269,Bmw 328i Touring 2.8 1997,"9,1 s",223 km/h,Corrente,Injeção multiponto,Natural,2793 cm³,6 em linha,M52B28,Duplo no cabeçote,84 mm,84 mm,Longitudinal,Dianteiro,"7,9 kg/cv","53,0 kg/kgfm","69,1 cv/litro",193 cv,"10,2:1",5300 rpm,3950 rpm,"10,2 kgfm/litro","28,6 kgfm",4,Admissão,Conversor de torque,Automático,,5,5,Traseira,1391 mm,1408 mm,1421 mm,,4433 mm,2700 mm,1698 mm,1517 kg,370 litros,,,62 litros,113 mm,Disco ventilado,Disco ventilado,"2,01 m²","0,683 m²","0,34","0,34",Hidráulica,"10,4 m","10,4 m","Indep., McPherson",Mola helicoidal,"Indep., multibraço",682 km,434 km,11 km/l,7 km/l,,,,,,,6500 rpm,Hidráulicos,,,,,,,,,,,,,,,,,,,,,,,,,,,,,,,,,,,,,,,,,,,,,,,,
bmw,328i Touring,328i-touring,328i-touring-2-8-1998,328i-touring-2-8-1998,https://www.fichacompleta.com.br/carros/bmw/328i-touring-2-8-1998,2026-06-18T15:23:34.158883,Bmw 328i Touring 2.8 1998,"9,1 s",223 km/h,Corrente,Injeção multiponto,Natural,2793 cm³,6 em linha,M52B28,Duplo no cabeçote,84 mm,84 mm,Longitudinal,Dianteiro,"7,9 kg/cv","53,0 kg/kgfm","69,1 cv/litro",193 cv,"10,2:1",,,"10,2 kgfm/litro","28,6 kgfm",4,Admissão,Conversor de torque,Automático,,5,,Traseira,1391 mm,1408 mm,1421 mm,,4433 mm,2700 mm,1698 mm,1517 kg,370 litros,,,62 litros,113 mm,Disco ventilado,Disco ventilado,"2,01 m²","0,683 m²","0,34",,Hidráulica,"10,4 m",,"Indep., McPherson",Mola helicoidal,"Indep., multibraço",682 km,434 km,11 km/l,7 km/l,,,5300 rpm,3950 rpm,,,6500 rpm,Hidráulicos,,,,,,,,,,,,,,,,,,,,,,,,,,,,,,,,,,,,,,,,,,,,,,,,
bmw,328i Touring,328i-touring,328i-touring-2-8-1998-gasolina,328i-touring-2-8-1998-gasolina,https://www.fichacompleta.com.br/carros/bmw/328i-touring-2-8-1998-gasolina,2026-06-18T15:23:37.621183,Bmw 328i Touring 2.8 1998,"7,4 s",230 km/h,Corrente,Injeção multiponto,Natural,2793 cm³,6 em linha,M52B28,Duplo no cabeçote,84 mm,84 mm,Longitudinal,Dianteiro,"7,7 kg/cv","51,7 kg/kgfm","69,1 cv/litro",193 cv,"10,2:1",,,"10,2 kgfm/litro","28,6 kgfm",4,Admissão,Embreagem monodisco a seco,Manual,,5,,Traseira,1391 mm,1408 mm,1421 mm,,4433 mm,2700 mm,1698 mm,1480 kg,370 litros,,,62 litros,113 mm,Disco ventilado,Disco ventilado,"2,01 m²","0,683 m²","0,34",,Hidráulica,"10,4 m",,"Indep., McPherson",Mola helicoidal,"Indep., multibraço",682 km,440 km,11 km/l,"7,1 km/l",,,5300 rpm,3950 rpm,,,6500 rpm,Hidráulicos,,,,,,,,,,,,,,,,,,,,,,,,,,,,,,,,,,,,,,,,,,,,,,,,
bmw,330e,330e,330e-m-sport-2-0-turbo-2020,330e-m-sport-2-0-turbo-2020,https://www.fichacompleta.com.br/carros/bmw/330e-m-sport-2-0-turbo-2020,2026-06-18T15:24:00.321405,Bmw 330e M Sport 2.0 Turbo 2020,"5,9 s",230 km/h,Corrente,Injeção direta,Turbocompressor,1998 cm³,4 em linha,B48B20,Duplo no cabeçote,"94,6 mm",82 mm,Longitudinal,Dianteiro,"9,5 kg/cv","56,9 kg/kgfm","92,1 cv/litro",184 cv,"10,2:1",,,"15,3 kgfm/litro","30,6 kgfm",4,Admissão e escape,Conversor de torque,Automático,ZF 8HP,8,,Traseira,1444 mm,1573 mm,1569 mm,525 kg,4709 mm,2851 mm,1827 mm,1740 kg,375 litros,750 kg,750 kg,40 litros,89 mm,Disco ventilado,Disco ventilado,"2,22 m²","0,599 m²","0,27",,Eletro-hidráulica,"11,4 m",,"Indep., McPherson",Mola helicoidal,"Indep., multibraço",,,,,147 mm,Kit de reparo e enchimento,5000 rpm,1350 rpm,,,,Hidráulicos,,,,,,,,,,,113 cv,27 kgfm,,,,,66 km,12 kWh,"15,1 kWh/100 km",292 cv,"42,8 kgfm",140 km/h,1056 km,880 km,"26,4 km/l",22 km/l,,,,,,,,,,,,,,,,,,,,,,
bmw,330e,330e,330e-m-sport-2-0-turbo-2021,330e-m-sport-2-0-turbo-2021,https://www.fichacompleta.com.br/carros/bmw/330e-m-sport-2-0-turbo-2021,2026-06-18T15:24:05.461225,Bmw 330e M Sport 2.0 Turbo 2021,"5,9 s",230 km/h,Corrente,Injeção direta,Turbocompressor,1998 cm³,4 em linha,B48B20,Duplo no cabeçote,"94,6 mm",82 mm,Longitudinal,Dianteiro,"9,5 kg/cv","56,9 kg/kgfm","92,1 cv/litro",184 cv,"10,2:1",,,"15,3 kgfm/litro","30,6 kgfm",4,Admissão e escape,Conversor de torque,Automático,ZF 8HP,8,,Traseira,1444 mm,1573 mm,1569 mm,525 kg,4709 mm,2851 mm,1827 mm,1740 kg,375 litros,750 kg,750 kg,40 litros,89 mm,Disco ventilado,Disco ventilado,"2,22 m²","0,599 m²","0,27",,Eletro-hidráulica,"11,4 m",,"Indep., McPherson",Mola helicoidal,"Indep., multibraço",,,,,147 mm,Kit de reparo e enchimento,5000 rpm,1350 rpm,,,,Hidráulicos,,,,,,,,,,,113 cv,27 kgfm,,,,,66 km,12 kWh,"15,1 kWh/100 km",292 cv,"42,8 kgfm",140 km/h,1072 km,952 km,"26,8 km/l","23,8 km/l",,,,,,,,,,,,,,,,,,,,,,
bmw,330e,330e,330e-m-sport-2-0-2022,330e-m-sport-2-0-2022,https://www.fichacompleta.com.br/carros/bmw/330e-m-sport-2-0-2022,2026-06-18T15:24:18.741042,Bmw 330e M Sport 2.0 2022,"5,9 s",230 km/h,Corrente,Injeção direta,Turbocompressor,1998 cm³,4 em linha,B48B20,Duplo no cabeçote,"94,6 mm",82 mm,Longitudinal,Dianteiro,"9,5 kg/cv","56,9 kg/kgfm","92,1 cv/litro",,"10,2:1",5000 rpm,1350 rpm,"15,3 kgfm/litro",,4,Admissão e escape,Conversor de torque,Automático,ZF 8HP,8,,Traseira,1444 mm,1573 mm,1569 mm,525 kg,4709 mm,2851 mm,1827 mm,1740 kg,375 litros,750 kg,750 kg,40 litros,89 mm,Disco ventilado,Disco ventilado,"2,22 m²","0,599 m²","0,27",,Eletro-hidráulica,"11,4 m",,"Indep., McPherson",Mola helicoidal,"Indep., multibraço",,,,,147 mm,Kit de reparo e enchimento,,,,,,Hidráulicos,,,,,,,,,,,113 cv,27 kgfm,,,,,66 km,12 kWh,"15,1 kWh/100 km",292 cv,"42,8 kgfm",140 km/h,984 km,868 km,"24,6 km/l","21,7 km/l",,,,,,,,,,,,,,,,,,,,,,
bmw,330e,330e,330e-m-sport-2-0-2023,330e-m-sport-2-0-2023,https://www.fichacompleta.com.br/carros/bmw/330e-m-sport-2-0-2023,2026-06-18T15:24:25.517354,Bmw 330e M Sport 2.0 2023,"5,9 s",230 km/h,Corrente,Injeção direta,Turbocompressor,,4 em linha,B48B20,Duplo no cabeçote,"94,6 mm",82 mm,Longitudinal,Dianteiro,"9,46 kg/cv","56,9 kg/kgfm","92,1 cv/litro",184 cv,"10,2:1",,,"15,3 kgfm/litro","30,6 kgfm",4,Admissão e escape,Conversor de torque,Automático,ZF 8HP,8,,Traseira,1444 mm,1573 mm,1569 mm,525 kg,4709 mm,2851 mm,1827 mm,1740 kg,375 litros,750 kg,750 kg,40 litros,89 mm,Disco ventilado,Disco ventilado,"2,22 m²","0,599 m²","0,27",,Elétrica,"11,4 m",,"Indep., McPherson",Mola helicoidal,"Indep., multibraço",,,,,147 mm,Kit de reparo e enchimento,5000 rpm,1350 rpm,500 cm³,1998 cm³,,Hidráulicos,,,,,,,,,,,113 cv,27 kgfm,,,,,37 km,12 kWh,"15,1 kWh/100 km",292 cv,"42,8 kgfm",140 km/h,448 km,380 km,"11,2 km/l","9,5 km/l",,,,,,,,,,,,,,,,,,,,,,
bmw,330e,330e,330e-m-sport-2-0-2024,330e-m-sport-2-0-2024,https://www.fichacompleta.com.br/carros/bmw/330e-m-sport-2-0-2024,2026-06-18T15:24:29.356036,Bmw 330e M Sport 2.0 2024,"5,9 s",230 km/h,Corrente,Injeção direta,Turbocompressor,,4 em linha,B48B20,Duplo no cabeçote,"94,6 mm",82 mm,Longitudinal,Dianteiro,"9,46 kg/cv","56,9 kg/kgfm","92,1 cv/litro",184 cv,"10,2:1",,,"15,3 kgfm/litro","30,6 kgfm",4,Admissão e escape,Conversor de torque,Automático,ZF 8HP,8,,Traseira,1444 mm,1573 mm,1569 mm,525 kg,4709 mm,2851 mm,1827 mm,1740 kg,375 litros,750 kg,750 kg,40 litros,89 mm,Disco ventilado,Disco ventilado,"2,22 m²","0,599 m²","0,27",,Elétrica,"11,4 m",,"Indep., McPherson",Mola helicoidal,"Indep., multibraço",,,,,147 mm,Kit de reparo e enchimento,5000 rpm,1350 rpm,500 cm³,1998 cm³,,Hidráulicos,,,,,,,,,,,113 cv,27 kgfm,,,,,37 km,12 kWh,"15,1 kWh/100 km",292 cv,"42,8 kgfm",140 km/h,448 km,380 km,"11,2 km/l","9,5 km/l",,,,,,,,,,,,,,,,,,,,,,
bmw,330e,330e,330e-m-sport-2-0-2025,330e-m-sport-2-0-2025,https://www.fichacompleta.com.br/carros/bmw/330e-m-sport-2-0-2025,2026-06-18T15:24:35.925605,Bmw 330e M Sport 2.0 2025,"5,8 s",230 km/h,Corrente,Injeção direta,Turbocompressor,,4 em linha,B48B20,Duplo no cabeçote,"94,6 mm",82 mm,Longitudinal,Dianteiro,"9,46 kg/cv","56,9 kg/kgfm","92,1 cv/litro",184 cv,"10,2:1",,,"15,3 kgfm/litro","30,6 kgfm",4,Admissão e escape,Conversor de torque,Automático,ZF 8HP,8,,Traseira,1444 mm,1573 mm,1569 mm,525 kg,4709 mm,2851 mm,1827 mm,1740 kg,375 litros,750 kg,750 kg,40 litros,89 mm,Disco ventilado,Disco ventilado,"2,22 m²","0,599 m²","0,27",,Elétrica,"11,4 m",,"Indep., McPherson",Mola helicoidal,"Indep., multibraço",,,,,147 mm,Kit de reparo,5000 rpm,1350 rpm,500 cm³,1998 cm³,,Hidráulicos,,,,,,,,,,,109 cv,27 kgfm,,,,,61 km,"19,5 kWh","15,1 kWh/100 km",292 cv,"42,8 kgfm",140 km/h,448 km,380 km,"11,2 km/l","9,5 km/l",11 kW (AC),,,,,,,,,,,,,,,,,,,,,
bmw,330e,330e,330e-m-sport-2-0-2026,330e-m-sport-2-0-2026,https://www.fichacompleta.com.br/carros/bmw/330e-m-sport-2-0-2026,2026-06-18T15:24:42.572561,Bmw 330e M Sport 2.0 2026,"5,8 s",230 km/h,Corrente,Injeção direta,Turbocompressor,,4 em linha,B48B20,Duplo no cabeçote,"94,6 mm",82 mm,Longitudinal,Dianteiro,"9,46 kg/cv","56,9 kg/kgfm","92,1 cv/litro",184 cv,"10,2:1",,,"15,3 kgfm/litro","30,6 kgfm",4,Admissão e escape,Conversor de torque,Automático,ZF 8HP,8,,Traseira,1444 mm,1573 mm,1569 mm,525 kg,4709 mm,2851 mm,1827 mm,1740 kg,375 litros,750 kg,750 kg,40 litros,89 mm,Disco ventilado,Disco ventilado,"2,22 m²","0,599 m²","0,27",,Elétrica,"11,4 m",,"Indep., McPherson",Mola helicoidal,"Indep., multibraço",,,,,147 mm,Kit de reparo,5000 rpm,1350 rpm,500 cm³,1998 cm³,,Hidráulicos,,,,,,,,,,,109 cv,27 kgfm,,,,,61 km,"19,5 kWh","15,1 kWh/100 km",292 cv,"42,8 kgfm",140 km/h,432 km,368 km,"10,8 km/l","9,2 km/l",11 kW (AC),"5,96 kg/cv","40,65 kg/kgfm",,,,,,,,,,,,,,,,,,,
bmw,330i,330i,330i-3-0-2001,330i-3-0-2001,https://www.fichacompleta.com.br/carros/bmw/330i-3-0-2001,2026-06-18T15:25:03.137006,Bmw 330i 3.0 2001,7 s,247 km/h,Corrente,Injeção multiponto,Natural,2979 cm³,6 em linha,M54B30,Duplo no cabeçote,"89,6 mm",84 mm,Longitudinal,Dianteiro,"6,2 kg/cv","46,7 kg/kgfm","77,5 cv/litro",231 cv,"10,2:1",5900 rpm,3500 rpm,"10,3 kgfm/litro","30,6 kgfm",4,Admissão e escape,Conversor de torque,Automático,,5,5,Traseira,1420 mm,,,,4470 mm,2725 mm,1740 mm,1430 kg,440 litros,,,63 litros,101 mm,Disco ventilado,Disco ventilado,,,,,Hidráulica,"10,5 m","10,5 m","Indep., McPherson",Mola helicoidal,"Indep., multibraço",655 km,454 km,"10,4 km/l","7,2 km/l",,,,,,,6500 rpm,Hidráulicos,,,,,,,,,,,,,,,,,,,,,,,,,,,,,,,,,,,,,,,,,,,,,,,,
bmw,330i,330i,330i-3-0-2002,330i-3-0-2002,https://www.fichacompleta.com.br/carros/bmw/330i-3-0-2002,2026-06-18T15:25:05.557802,Bmw 330i 3.0 2002,7 s,247 km/h,Corrente,Injeção multiponto,Natural,2979 cm³,6 em linha,M54B30,Duplo no cabeçote,"89,6 mm",84 mm,Longitudinal,Dianteiro,"6,2 kg/cv","46,7 kg/kgfm","77,5 cv/litro",231 cv,"10,2:1",,,"10,3 kgfm/litro","30,6 kgfm",4,Admissão e escape,Conversor de torque,Automático,,5,,Traseira,1420 mm,,,,4470 mm,2725 mm,1740 mm,1430 kg,440 litros,,,63 litros,101 mm,Disco ventilado,Disco ventilado,,,,,Hidráulica,"10,5 m",,"Indep., McPherson",Mola helicoidal,"Indep., multibraço",655 km,454 km,"10,4 km/l","7,2 km/l",,,5900 rpm,3500 rpm,,,6500 rpm,Hidráulicos,,,,,,,,,,,,,,,,,,,,,,,,,,,,,,,,,,,,,,,,,,,,,,,,
bmw,330i,330i,330i-3-0-2003,330i-3-0-2003,https://www.fichacompleta.com.br/carros/bmw/330i-3-0-2003,2026-06-18T15:25:10.144192,Bmw 330i 3.0 2003,7 s,247 km/h,,Injeção multiponto,Natural,2979 cm³,6 em linha,M54B30,"Duplo no cabeçote, corrente","89,6 mm",84 mm,Longitudinal,Dianteiro,"6,2 kg/cv","46,7 kg/kgfm","77,5 cv/litro",231 cv a 5900 rpm,"10,2:1",,,"10,3 kgfm/litro","30,6 kgfm a 3500 rpm",4,Admissão e escape,Conversor de torque,Automático,,,5,Traseira,1420 mm,,,,4470 mm,2725 mm,1740 mm,1430 kg,440 litros,,,63 litros,101 mm,Disco ventilado,Disco ventilado,,,,,Hidráulica,,"10,5 m","Independente, McPherson",Mola helicoidal,"Independente, multibraço",655 km,454 km,"10,4 km/l","7,2 km/l",,,,,,,6500 rpm,Hidráulicos,,,,,,,,,,,,,,,,,,,,,,,,,,,,,,,,,,,,,,,,,,,,,,,,
bmw,330i,330i,330i-3-0-2004,330i-3-0-2004,https://www.fichacompleta.com.br/carros/bmw/330i-3-0-2004,2026-06-18T15:25:13.257136,Bmw 330i 3.0 2004,7 s,247 km/h,Corrente,Injeção multiponto,Natural,2979 cm³,6 em linha,M54B30,Duplo no cabeçote,"89,6 mm",84 mm,Longitudinal,Dianteiro,"6,2 kg/cv","46,7 kg/kgfm","77,5 cv/litro",231 cv,"10,2:1",,,"10,3 kgfm/litro","30,6 kgfm",4,Admissão e escape,Conversor de torque,Automático,,5,,Traseira,1420 mm,,,,4470 mm,2725 mm,1740 mm,1430 kg,440 litros,,,63 litros,101 mm,Disco ventilado,Disco ventilado,,,,,Hidráulica,"10,5 m",,"Indep., McPherson",Mola helicoidal,"Indep., multibraço",655 km,454 km,"10,4 km/l","7,2 km/l",,,5900 rpm,3500 rpm,,,6500 rpm,Hidráulicos,,,,,,,,,,,,,,,,,,,,,,,,,,,,,,,,,,,,,,,,,,,,,,,,
bmw,330i,330i,330i-3-0-2005,330i-3-0-2005,https://www.fichacompleta.com.br/carros/bmw/330i-3-0-2005,2026-06-18T15:25:17.838070,Bmw 330i 3.0 2005,7 s,247 km/h,Corrente,Injeção multiponto,Natural,2979 cm³,6 em linha,M54B30,Duplo no cabeçote,"89,6 mm",84 mm,Longitudinal,Dianteiro,"6,2 kg/cv","46,7 kg/kgfm","77,5 cv/litro",231 cv,"10,2:1",,,"10,3 kgfm/litro","30,6 kgfm",4,Admissão e escape,Conversor de torque,Automático,,5,,Traseira,1420 mm,,,,4470 mm,2725 mm,1740 mm,1430 kg,440 litros,,,63 litros,101 mm,Disco ventilado,Disco ventilado,,,,,Hidráulica,"10,5 m",,"Indep., McPherson",Mola helicoidal,"Indep., multibraço",655 km,454 km,"10,4 km/l","7,2 km/l",,,5900 rpm,3500 rpm,,,6500 rpm,Hidráulicos,,,,,,,,,,,,,,,,,,,,,,,,,,,,,,,,,,,,,,,,,,,,,,,,
bmw,330i,330i,330i-3-0-2006,330i-3-0-2006,https://www.fichacompleta.com.br/carros/bmw/330i-3-0-2006,2026-06-18T15:25:20.603963,Bmw 330i 3.0 2006,"6,3 s",250 km/h,Corrente,Injeção multiponto,Natural,2996 cm³,6 em linha,N52B30,Duplo no cabeçote,88 mm,85 mm,Longitudinal,Dianteiro,"5,9 kg/cv","49,8 kg/kgfm","86,1 cv/litro",258 cv,"10,7:1",6600 rpm,2500 rpm,"10,2 kgfm/litro","30,6 kgfm",4,Admissão e escape,Conversor de torque,Automático,,6,,Traseira,1421 mm,,,445 kg,4520 mm,2760 mm,1817 mm,1525 kg,460 litros,,,60 litros,101 mm,Disco ventilado,Disco ventilado,"2,19 m²","0,657 m²","0,3",,Hidráulica,11 m,,"Indep., McPherson",Mola helicoidal,"Indep., multibraço",624 km,432 km,"10,4 km/l","7,2 km/l",,,,,,,,Hidráulicos,,,,,,,,,,,,,,,,,,,,,,,,,,,,,,,,,,,,,,,,,,,,,,,,
bmw,330i,330i,330i-3-0-2007,330i-3-0-2007,https://www.fichacompleta.com.br/carros/bmw/330i-3-0-2007,2026-06-18T15:25:23.971416,Bmw 330i 3.0 2007,"6,3 s",250 km/h,,Injeção multiponto,Natural,2996 cm³,6 em linha,N52B30,"Duplo no cabeçote, corrente",,,Longitudinal,Dianteiro,"5,9 kg/cv","49,8 kg/kgfm","86,1 cv/litro",258 cv a 6600 rpm,"10,7:1",,,"10,2 kgfm/litro","30,6 kgfm a 2500 rpm",4,Admissão e escape,Conversor de torque,Automático,,,6,Traseira,1421 mm,,,445 kg,4520 mm,2760 mm,1817 mm,1525 kg,460 litros,,,60 litros,101 mm,Disco ventilado,Disco ventilado,"2,19 m²","0,657 m²",,"0,3",Hidráulica,,11 m,"Independente, McPherson",Mola helicoidal,"Independente, multibraço",624 km,432 km,"10,4 km/l","7,2 km/l",,,,,,,,Hidráulicos,88 mm,85 mm,,,,,,,,,,,,,,,,,,,,,,,,,,,,,,,,,,,,,,,,,,,,,,
bmw,330i,330i,330i-m-sport-2-0-turbo-2019,330i-m-sport-2-0-turbo-2019,https://www.fichacompleta.com.br/carros/bmw/330i-m-sport-2-0-turbo-2019,2026-06-18T15:25:28.851604,Bmw 330i M Sport 2.0 Turbo 2019,"5,8 s",250 km/h,,Injeção direta,Turbocompressor,1998 cm³,4 em linha,B48B20,"Duplo no cabeçote, corrente","94,6 mm",82 mm,Longitudinal,Dianteiro,"5,7 kg/cv","36,0 kg/kgfm","129,1 cv/litro",258 cv a 5000 rpm,"10,2:1",,,"20,4 kgfm/litro","40,8 kgfm a 1550 rpm",4,Admissão e escape,Conversor de torque,Automático,ZF 8HP,,8,Traseira,1435 mm,1589 mm,1604 mm,590 kg,4709 mm,2851 mm,1827 mm,1470 kg,365 litros,1600 kg,750 kg,59 litros,89 mm,Disco ventilado,Disco ventilado,"2,22 m²","0,533 m²",,"0,24",Eletro-hidráulica,,"11,5 m","Independente, McPherson",Mola helicoidal,"Independente, multibraço",767 km,502 km,13 km/l,"8,5 km/l",136 mm,,,,,,6500 rpm,,,,,,,,,,,,,,,,,,,,,,,,,,,,,,,,,,,,,,,,,,,,,,,,,
bmw,330i,330i,330i-m-sport-2-0-turbo-2020,330i-m-sport-2-0-turbo-2020,https://www.fichacompleta.com.br/carros/bmw/330i-m-sport-2-0-turbo-2020,2026-06-18T15:25:32.881316,Bmw 330i M Sport 2.0 Turbo 2020,"5,8 s",250 km/h,Corrente,Injeção direta,Turbocompressor,1998 cm³,4 em linha,B48B20,Duplo no cabeçote,"94,6 mm",82 mm,Longitudinal,Dianteiro,"5,7 kg/cv","36,0 kg/kgfm","129,1 cv/litro",258 cv,"10,2:1",,,"20,4 kgfm/litro","40,8 kgfm",4,Admissão e escape,Conversor de torque,Automático,ZF 8HP,8,,Traseira,1435 mm,1589 mm,1604 mm,590 kg,4709 mm,2851 mm,1827 mm,1470 kg,365 litros,1600 kg,750 kg,59 litros,89 mm,Disco ventilado,Disco ventilado,"2,22 m²","0,533 m²","0,24",,Eletro-hidráulica,"11,5 m",,"Indep., McPherson",Mola helicoidal,"Indep., multibraço",761 km,643 km,"12,9 km/l","10,9 km/l",136 mm,135/80 R17,5000 rpm,1550 rpm,,,6500 rpm,Hidráulicos,,,,,,,,,,,,,,,,,,,,,,,,,,,,,,,,,,,,,,,,,,,,,,,,
bmw,330i,330i,330i-sport-2-0-2020,330i-sport-2-0-2020,https://www.fichacompleta.com.br/carros/bmw/330i-sport-2-0-2020,2026-06-18T15:25:36.726008,Bmw 330i Sport 2.0 2020,"5,8 s",250 km/h,Corrente,Injeção direta,Turbocompressor,,4 em linha,B48B20,Duplo no cabeçote,"94,6 mm",82 mm,Longitudinal,Dianteiro,"5,70 kg/cv","36,0 kg/kgfm","129,1 cv/litro",258 cv,"10,2:1",,,"20,4 kgfm/litro","40,8 kgfm",4,Admissão e escape,Conversor de torque,Automático,ZF 8HP,8,,Traseira,1435 mm,1589 mm,1604 mm,590 kg,4709 mm,2851 mm,1827 mm,1470 kg,365 litros,1600 kg,750 kg,59 litros,101 mm,Disco ventilado,Disco ventilado,"2,22 m²","0,533 m²","0,24",,Eletro-hidráulica,"11,5 m",,"Indep., McPherson",Mola helicoidal,"Indep., multibraço",761 km,643 km,"12,9 km/l","10,9 km/l",136 mm,135/80 R17,5000 rpm,1550 rpm,500 cm³,1998 cm³,6500 rpm,Hidráulicos,,,,,,,,,,,,,,,,,,,,,,,,,,,,,,,,,,,,,,,,,,,,,,,,
bmw,330i,330i,330i-sport-2-0-turbo-2020,330i-sport-2-0-turbo-2020,https://www.fichacompleta.com.br/carros/bmw/330i-sport-2-0-turbo-2020,2026-06-18T15:25:41.502821,Bmw 330i Sport 2.0 Turbo 2020,"5,8 s",250 km/h,Corrente,Injeção direta,Turbocompressor,1998 cm³,4 em linha,B48B20,Duplo no cabeçote,"94,6 mm",82 mm,Longitudinal,Dianteiro,"5,7 kg/cv","36,0 kg/kgfm","129,1 cv/litro",258 cv,"10,2:1",,,"20,4 kgfm/litro","40,8 kgfm",4,Admissão e escape,Conversor de torque,Automático,ZF 8HP,8,,Traseira,1435 mm,1589 mm,1604 mm,590 kg,4709 mm,2851 mm,1827 mm,1470 kg,365 litros,1600 kg,750 kg,59 litros,101 mm,Disco ventilado,Disco ventilado,"2,22 m²","0,533 m²","0,24",,Eletro-hidráulica,"11,5 m",,"Indep., McPherson",Mola helicoidal,"Indep., multibraço",761 km,643 km,"12,9 km/l","10,9 km/l",136 mm,135/80 R17,5000 rpm,1550 rpm,,,6500 rpm,Hidráulicos,,,,,,,,,,,,,,,,,,,,,,,,,,,,,,,,,,,,,,,,,,,,,,,,
bmw,330i,330i,330i-m-sport-2-0-turbo-2021,330i-m-sport-2-0-turbo-2021,https://www.fichacompleta.com.br/carros/bmw/330i-m-sport-2-0-turbo-2021,2026-06-18T15:25:45.422566,Bmw 330i M Sport 2.0 Turbo 2021,"5,8 s",250 km/h,,Injeção direta,Turbocompressor,1998 cm³,4 em linha,B48B20,"Duplo no cabeçote, corrente",,,Longitudinal,Dianteiro,"5,7 kg/cv","36,0 kg/kgfm","129,1 cv/litro",258 cv a 5000 rpm,"10,2:1",,,"20,4 kgfm/litro","40,8 kgfm a 1550 rpm",4,Admissão e escape,Conversor de torque,Automático,ZF 8HP,,8,Traseira,1435 mm,1589 mm,1604 mm,590 kg,4709 mm,2851 mm,1827 mm,1470 kg,365 litros,1600 kg,750 kg,59 litros,89 mm,Disco ventilado,255/35 R19,"2,22 m²",,,"0,24",Eletro-hidráulica,,"11,5 m","Independente, McPherson",Mola helicoidal,"Independente, multibraço",761 km,643 km,"12,9 km/l","10,9 km/l",,,,,,,,,"94,6 mm",82 mm,,,,,,,,,,,,,,,,,,,,,,,,,,,,,,,,,,,,,,,,,,,,,,
bmw,330i Cabriolet,330i-cabriolet,330i-cabriolet-3-0-2001,330i-cabriolet-3-0-2001,https://www.fichacompleta.com.br/carros/bmw/330i-cabriolet-3-0-2001,2026-06-18T15:26:05.269327,Bmw 330i Cabriolet 3.0 2001,"7,5 s",240 km/h,Corrente,Injeção multiponto,Natural,2979 cm³,6 em linha,M54B30,Duplo no cabeçote,"89,6 mm",84 mm,Longitudinal,Dianteiro,"7,0 kg/cv","52,9 kg/kgfm","77,5 cv/litro",231 cv,"10,2:1",,,"10,3 kgfm/litro","30,6 kgfm",4,Admissão e escape,Conversor de torque,Automático,ZF 5HP,5,,Traseira,1372 mm,1471 mm,1483 mm,420 kg,4488 mm,2725 mm,1757 mm,1620 kg,300 litros,,,63 litros,101 mm,Disco ventilado,Disco ventilado,"2,05 m²","0,718 m²","0,35",,Hidráulica,"10,5 m",,"Indep., McPherson",Mola helicoidal,"Indep., multibraço",567 km,410 km,9 km/l,"6,5 km/l",,,5900 rpm,3500 rpm,,,6500 rpm,Hidráulicos,,,,,,,,,,,,,,,,,,,,,,,,,,,,,,,,,,,,,,,,,,,,,,,,
bmw,330i Cabriolet,330i-cabriolet,330i-cabriolet-3-0-2002,330i-cabriolet-3-0-2002,https://www.fichacompleta.com.br/carros/bmw/330i-cabriolet-3-0-2002,2026-06-18T15:26:09.930018,Bmw 330i Cabriolet 3.0 2002,"7,5 s",240 km/h,Corrente,Injeção multiponto,Natural,2979 cm³,6 em linha,M54B30,Duplo no cabeçote,"89,6 mm",84 mm,Longitudinal,Dianteiro,"7,0 kg/cv","52,9 kg/kgfm","77,5 cv/litro",231 cv,"10,2:1",5900 rpm,3500 rpm,"10,3 kgfm/litro","30,6 kgfm",4,Admissão e escape,Conversor de torque,Automático,ZF 5HP,5,,Traseira,1372 mm,1471 mm,1483 mm,420 kg,4488 mm,2725 mm,1757 mm,1620 kg,300 litros,,,63 litros,101 mm,Disco ventilado,Disco ventilado,"2,05 m²","0,718 m²","0,35",,Hidráulica,"10,5 m",,"Indep., McPherson",Mola helicoidal,"Indep., multibraço",567 km,410 km,9 km/l,"6,5 km/l",,,,,,,6500 rpm,Hidráulicos,,,,,,,,,,,,,,,,,,,,,,,,,,,,,,,,,,,,,,,,,,,,,,,,
bmw,330i Cabriolet,330i-cabriolet,330i-cabriolet-3-0-2003,330i-cabriolet-3-0-2003,https://www.fichacompleta.com.br/carros/bmw/330i-cabriolet-3-0-2003,2026-06-18T15:26:13.903735,Bmw 330i Cabriolet 3.0 2003,"7,5 s",240 km/h,Corrente,Injeção multiponto,Natural,2979 cm³,6 em linha,M54B30,Duplo no cabeçote,"89,6 mm",84 mm,Longitudinal,Dianteiro,"7,0 kg/cv","52,9 kg/kgfm","77,5 cv/litro",231 cv,"10,2:1",,,"10,3 kgfm/litro","30,6 kgfm",4,Admissão e escape,Conversor de torque,Automático,ZF 5HP,5,,Traseira,1372 mm,1471 mm,1483 mm,420 kg,4488 mm,2725 mm,1757 mm,1620 kg,300 litros,,,63 litros,101 mm,Disco ventilado,Disco ventilado,"2,05 m²","0,718 m²","0,35",,Hidráulica,"10,5 m",,"Indep., McPherson",Mola helicoidal,"Indep., multibraço",567 km,410 km,9 km/l,"6,5 km/l",,,5900 rpm,3500 rpm,,,6500 rpm,Hidráulicos,,,,,,,,,,,,,,,,,,,,,,,,,,,,,,,,,,,,,,,,,,,,,,,,
bmw,330i Cabriolet,330i-cabriolet,330i-cabriolet-3-0-2005,330i-cabriolet-3-0-2005,https://www.fichacompleta.com.br/carros/bmw/330i-cabriolet-3-0-2005,2026-06-18T15:26:16.777770,Bmw 330i Cabriolet 3.0 2005,"7,5 s",240 km/h,,Injeção multiponto,Natural,2979 cm³,6 em linha,M54B30,"Duplo no cabeçote, corrente","89,6 mm",84 mm,Longitudinal,Dianteiro,"7,1 kg/cv","53,4 kg/kgfm","77,5 cv/litro",231 cv a 5900 rpm,"10,2:1",,,"10,3 kgfm/litro","30,6 kgfm a 3500 rpm",4,Admissão e escape,Conversor de torque,Automático,GM 5L40-E,,5,Traseira,1372 mm,1471 mm,1483 mm,420 kg,4488 mm,2725 mm,1757 mm,1635 kg,300 litros,,,63 litros,101 mm,Disco ventilado,Disco ventilado,"2,05 m²","0,718 m²",,"0,35",Hidráulica,,"10,5 m","Independente, McPherson",Mola helicoidal,"Independente, multibraço",567 km,410 km,9 km/l,"6,5 km/l",,,,,,,6500 rpm,Hidráulicos,,,,,,,,,,,,,,,,,,,,,,,,,,,,,,,,,,,,,,,,,,,,,,,,
bmw,335i,335i,335i-3-0-2007,335i-3-0-2007,https://www.fichacompleta.com.br/carros/bmw/335i-3-0-2007,2026-06-18T15:26:35.070096,Bmw 335i 3.0 2007,"5,8 s",250 km/h,Corrente,Injeção direta,Turbocompressor,2979 cm³,6 em linha,N54B30,Duplo no cabeçote,"89,6 mm",84 mm,Longitudinal,Dianteiro,"5,1 kg/cv","38,0 kg/kgfm","102,7 cv/litro",306 cv,"10,2:1",,,"13,7 kgfm/litro","40,8 kgfm",4,Admissão e escape,Conversor de torque,Automático,ZF 6HP,6,,Traseira,1421 mm,1500 mm,1529 mm,520 kg,4531 mm,2760 mm,1817 mm,1550 kg,460 litros,,,63 litros,101 mm,Disco ventilado,Disco ventilado,"2,17 m²","0,651 m²","0,3",,Eletro-hidráulica,11 m,,"Indep., McPherson",Mola helicoidal,"Indep., multibraço",630 km,391 km,10 km/l,"6,2 km/l",,,5800 rpm,1300 rpm,,,,Hidráulicos,,,,,,,,,,,,,,,,,,,,,,,,,,,,,,,,,,,,,,,,,,,,,,,,
bmw,335i,335i,335i-3-0-2008,335i-3-0-2008,https://www.fichacompleta.com.br/carros/bmw/335i-3-0-2008,2026-06-18T15:26:39.329632,Bmw 335i 3.0 2008,"5,8 s",250 km/h,Corrente,Injeção direta,Turbocompressor,2979 cm³,6 em linha,N54B30,Duplo no cabeçote,"89,6 mm",84 mm,Longitudinal,Dianteiro,"5,1 kg/cv","38,0 kg/kgfm","102,7 cv/litro",306 cv,"10,2:1",,,"13,7 kgfm/litro","40,8 kgfm",4,Admissão e escape,Conversor de torque,Automático,ZF 6HP,6,,Traseira,1421 mm,1500 mm,1529 mm,520 kg,4531 mm,2760 mm,1817 mm,1550 kg,460 litros,,,63 litros,101 mm,Disco ventilado,Disco ventilado,"2,17 m²","0,651 m²","0,3",,Eletro-hidráulica,11 m,,"Indep., McPherson",Mola helicoidal,"Indep., multibraço",630 km,391 km,10 km/l,"6,2 km/l",,,5800 rpm,1300 rpm,,,,Hidráulicos,,,,,,,,,,,,,,,,,,,,,,,,,,,,,,,,,,,,,,,,,,,,,,,,
bmw,335i,335i,335i-3-0-2009,335i-3-0-2009,https://www.fichacompleta.com.br/carros/bmw/335i-3-0-2009,2026-06-18T15:26:42.196170,Bmw 335i 3.0 2009,"5,8 s",250 km/h,,Injeção direta,Turbocompressor,2979 cm³,6 em linha,N54B30,"Duplo no cabeçote, corrente","89,6 mm",84 mm,Longitudinal,Dianteiro,"5,1 kg/cv","38,0 kg/kgfm","102,7 cv/litro",306 cv a 5800 rpm,"10,2:1",,,"13,7 kgfm/litro","40,8 kgfm a 1300 rpm",4,Admissão e escape,Conversor de torque,Automático,ZF 6HP,,6,Traseira,1421 mm,1500 mm,1529 mm,520 kg,4531 mm,2760 mm,1817 mm,1550 kg,460 litros,,,63 litros,101 mm,Disco ventilado,Disco ventilado,"2,17 m²","0,651 m²",,"0,3",Eletro-hidráulica,,11 m,"Independente, McPherson",Mola helicoidal,"Independente, multibraço",630 km,391 km,10 km/l,"6,2 km/l",,,,,,,,Hidráulicos,,,,,,,,,,,,,,,,,,,,,,,,,,,,,,,,,,,,,,,,,,,,,,,,
bmw,335i,335i,335i-3-0-2010,335i-3-0-2010,https://www.fichacompleta.com.br/carros/bmw/335i-3-0-2010,2026-06-18T15:26:45.379234,Bmw 335i 3.0 2010,"5,8 s",250 km/h,Corrente,Injeção direta,Turbocompressor,2979 cm³,6 em linha,N54B30,Duplo no cabeçote,"89,6 mm",84 mm,Longitudinal,Dianteiro,"5,1 kg/cv","38,0 kg/kgfm","102,7 cv/litro",306 cv,"10,2:1",,,"13,7 kgfm/litro","40,8 kgfm",4,Admissão e escape,Conversor de torque,Automático,ZF 6HP,6,,Traseira,1421 mm,1500 mm,1529 mm,520 kg,4531 mm,2760 mm,1817 mm,1550 kg,460 litros,,,63 litros,101 mm,Disco ventilado,Disco ventilado,"2,17 m²","0,651 m²","0,3",,Eletro-hidráulica,11 m,,"Indep., McPherson",Mola helicoidal,"Indep., multibraço",630 km,391 km,10 km/l,"6,2 km/l",,,5800 rpm,1300 rpm,,,,Hidráulicos,,,,,,,,,,,,,,,,,,,,,,,,,,,,,,,,,,,,,,,,,,,,,,,,
bmw,335i,335i,335i-3-0-2011,335i-3-0-2011,https://www.fichacompleta.com.br/carros/bmw/335i-3-0-2011,2026-06-18T15:26:49.676016,Bmw 335i 3.0 2011,"5,8 s",250 km/h,,Injeção direta,Turbocompressor,2979 cm³,6 em linha,N54B30,"Duplo no cabeçote, corrente","89,6 mm",84 mm,Longitudinal,Dianteiro,"5,1 kg/cv","38,0 kg/kgfm","102,7 cv/litro",306 cv a 5800 rpm,"10,2:1",,,"13,7 kgfm/litro","40,8 kgfm a 1300 rpm",4,Admissão e escape,Conversor de torque,Automático,ZF 6HP,,6,Traseira,1421 mm,1500 mm,1529 mm,520 kg,4531 mm,2760 mm,1817 mm,1550 kg,460 litros,,,63 litros,101 mm,Disco ventilado,Disco ventilado,"2,17 m²","0,651 m²",,"0,3",Eletro-hidráulica,,11 m,"Independente, McPherson",Mola helicoidal,"Independente, multibraço",630 km,391 km,10 km/l,"6,2 km/l",,,,,,,,Hidráulicos,,,,,,,,,,,,,,,,,,,,,,,,,,,,,,,,,,,,,,,,,,,,,,,,
bmw,335i,335i,335i-sport-3-0-2012,335i-sport-3-0-2012,https://www.fichacompleta.com.br/carros/bmw/335i-sport-3-0-2012,2026-06-18T15:26:52.925424,Bmw 335i Sport 3.0 2012,"5,5 s",250 km/h,Corrente,Injeção direta,Turbocompressor,2979 cm³,6 em linha,N55B30M0,Duplo no cabeçote,"89,6 mm",84 mm,Longitudinal,Dianteiro,"4,9 kg/cv","32,9 kg/kgfm","102,7 cv/litro",306 cv,"10,2:1",5800 rpm,1300 rpm,"15,4 kgfm/litro","45,9 kgfm",4,Admissão e escape,Conversor de torque,Automático,ZF 8HP,8,8,Traseira,1429 mm,1531 mm,1572 mm,550 kg,4624 mm,2810 mm,1811 mm,1510 kg,480 litros,1700 kg,750 kg,60 litros,113 mm,Disco ventilado,Disco ventilado,"2,2 m²","0,660 m²","0,3","0,3",Eletro-hidráulica,"11,3 m","11,3 m","Indep., McPherson",Mola helicoidal,"Indep., multibraço",600 km,372 km,10 km/l,"6,2 km/l",140 mm,,,,,,7000 rpm,Hidráulicos,,,,,,,,,,,,,,,,,,,,,,,,,,,,,,,,,,,,,,,,,,,,,,,,
bmw,335i,335i,335i-sport-3-0-2013,335i-sport-3-0-2013,https://www.fichacompleta.com.br/carros/bmw/335i-sport-3-0-2013,2026-06-18T15:26:57.025258,Bmw 335i Sport 3.0 2013,"5,5 s",250 km/h,,Injeção direta,Turbocompressor,2979 cm³,6 em linha,N55B30M0,"Duplo no cabeçote, corrente","89,6 mm",84 mm,Longitudinal,Dianteiro,"4,9 kg/cv","32,9 kg/kgfm","102,7 cv/litro",306 cv a 5800 rpm,"10,2:1",,,"15,4 kgfm/litro","45,9 kgfm a 1300 rpm",4,Admissão e escape,Conversor de torque,Automático,ZF 8HP,,8,Traseira,1429 mm,1531 mm,1572 mm,550 kg,4624 mm,2810 mm,1811 mm,1510 kg,480 litros,1700 kg,750 kg,60 litros,113 mm,Disco ventilado,Disco ventilado,"2,2 m²","0,660 m²",,"0,3",Eletro-hidráulica,,"11,3 m","Independente, McPherson",Mola helicoidal,"Independente, multibraço",600 km,372 km,10 km/l,"6,2 km/l",140 mm,,,,,,7000 rpm,Hidráulicos,,,,,,,,,,,,,,,,,,,,,,,,,,,,,,,,,,,,,,,,,,,,,,,,
bmw,335i,335i,335i-m-sport-3-0-2014,335i-m-sport-3-0-2014,https://www.fichacompleta.com.br/carros/bmw/335i-m-sport-3-0-2014,2026-06-18T15:27:01.405205,Bmw 335i M Sport 3.0 2014,"5,5 s",250 km/h,,Injeção direta,Turbocompressor,2979 cm³,6 em linha,N55B30M0,"Duplo no cabeçote, corrente","89,6 mm",84 mm,Longitudinal,Dianteiro,"4,9 kg/cv","32,9 kg/kgfm","102,7 cv/litro",306 cv a 5800 rpm,"10,2:1",,,"15,4 kgfm/litro","45,9 kgfm a 1300 rpm",4,Admissão e escape,Conversor de torque,Automático,ZF 8HP,,8,Traseira,1429 mm,1531 mm,1572 mm,550 kg,4624 mm,2810 mm,1811 mm,1510 kg,480 litros,1700 kg,750 kg,60 litros,113 mm,Disco ventilado,Disco ventilado,"2,2 m²","0,660 m²",,"0,3",Eletro-hidráulica,,"11,3 m","Independente, McPherson",Mola helicoidal,"Independente, multibraço",600 km,372 km,10 km/l,"6,2 km/l",140 mm,,,,,,7000 rpm,Hidráulicos,,,,,,,,,,,,,,,,,,,,,,,,,,,,,,,,,,,,,,,,,,,,,,,,
bmw,335i,335i,335i-m-sport-3-0-2015,335i-m-sport-3-0-2015,https://www.fichacompleta.com.br/carros/bmw/335i-m-sport-3-0-2015,2026-06-18T15:27:04.340042,Bmw 335i M Sport 3.0 2015,"5,5 s",250 km/h,,Injeção direta,Turbocompressor,2979 cm³,6 em linha,N55B30M0,"Duplo no cabeçote, corrente","89,6 mm",84 mm,Longitudinal,Dianteiro,"4,9 kg/cv","32,9 kg/kgfm","102,7 cv/litro",306 cv a 5800 rpm,"10,2:1",,,"15,4 kgfm/litro","45,9 kgfm a 1300 rpm",4,Admissão e escape,Conversor de torque,Automático,ZF 8HP,,8,Traseira,1429 mm,1531 mm,1572 mm,550 kg,4624 mm,2810 mm,1811 mm,1510 kg,480 litros,1700 kg,750 kg,60 litros,113 mm,Disco ventilado,Disco ventilado,"2,2 m²","0,660 m²",,"0,3",Eletro-hidráulica,,"11,3 m","Independente, McPherson",Mola helicoidal,"Independente, multibraço",600 km,372 km,10 km/l,"6,2 km/l",140 mm,,,,,,7000 rpm,Hidráulicos,,,,,,,,,,,,,,,,,,,,,,,,,,,,,,,,,,,,,,,,,,,,,,,,
bmw,335i Cabriolet,335i-cabriolet,335i-cabriolet-3-0-2008,335i-cabriolet-3-0-2008,https://www.fichacompleta.com.br/carros/bmw/335i-cabriolet-3-0-2008,2026-06-18T15:27:24.276867,Bmw 335i Cabriolet 3.0 2008,6 s,250 km/h,,Injeção direta,Turbocompressor,2979 cm³,6 em linha,N54B30,"Duplo no cabeçote, corrente","89,6 mm",84 mm,Longitudinal,Dianteiro,"5,7 kg/cv","42,9 kg/kgfm","102,7 cv/litro",306 cv a 5800 rpm,"10,2:1",,,"13,7 kgfm/litro","40,8 kgfm a 1300 rpm",4,Admissão e escape,Conversor de torque,Automático,ZF 6HP,,6,Traseira,1384 mm,1500 mm,1507 mm,430 kg,4580 mm,2760 mm,1782 mm,1750 kg,210 litros,,,63 litros,101 mm,Disco ventilado,Disco ventilado,"2,08 m²","0,645 m²",,"0,31",Eletro-hidráulica,,11 m,"Independente, McPherson",Mola helicoidal,"Independente, multibraço",630 km,353 km,10 km/l,"5,6 km/l",,,,,,,,Hidráulicos,,,,,,,,,,,,,,,,,,,,,,,,,,,,,,,,,,,,,,,,,,,,,,,,
bmw,335i Cabriolet,335i-cabriolet,335i-cabriolet-3-0-2009,335i-cabriolet-3-0-2009,https://www.fichacompleta.com.br/carros/bmw/335i-cabriolet-3-0-2009,2026-06-18T15:27:29.440901,Bmw 335i Cabriolet 3.0 2009,6 s,250 km/h,,Injeção direta,Turbocompressor,2979 cm³,6 em linha,N54B30,"Duplo no cabeçote, corrente","89,6 mm",84 mm,Longitudinal,Dianteiro,"5,7 kg/cv","42,9 kg/kgfm","102,7 cv/litro",306 cv a 5800 rpm,"10,2:1",,,"13,7 kgfm/litro","40,8 kgfm a 1300 rpm",4,Admissão e escape,Conversor de torque,Automático,ZF 6HP,,6,Traseira,1384 mm,1500 mm,1507 mm,430 kg,4580 mm,2760 mm,1782 mm,1750 kg,210 litros,,,63 litros,101 mm,Disco ventilado,Disco ventilado,"2,08 m²","0,645 m²",,"0,31",Eletro-hidráulica,,11 m,"Independente, McPherson",Mola helicoidal,"Independente, multibraço",630 km,353 km,10 km/l,"5,6 km/l",,,,,,,,Hidráulicos,,,,,,,,,,,,,,,,,,,,,,,,,,,,,,,,,,,,,,,,,,,,,,,,
bmw,335i Cabriolet,335i-cabriolet,335i-cabriolet-3-0-2010,335i-cabriolet-3-0-2010,https://www.fichacompleta.com.br/carros/bmw/335i-cabriolet-3-0-2010,2026-06-18T15:27:32.478264,Bmw 335i Cabriolet 3.0 2010,6 s,250 km/h,Corrente,Injeção direta,Turbocompressor,2979 cm³,6 em linha,N54B30,Duplo no cabeçote,"89,6 mm",84 mm,Longitudinal,Dianteiro,"5,7 kg/cv","42,9 kg/kgfm","102,7 cv/litro",306 cv,"10,2:1",,,"13,7 kgfm/litro","40,8 kgfm",4,Admissão e escape,Conversor de torque,Automático,ZF 6HP,6,,Traseira,1384 mm,1500 mm,1507 mm,430 kg,4580 mm,2760 mm,1782 mm,1750 kg,210 litros,,,63 litros,101 mm,Disco ventilado,Disco ventilado,"2,08 m²","0,645 m²","0,31",,Eletro-hidráulica,11 m,,"Indep., McPherson",Mola helicoidal,"Indep., multibraço",630 km,353 km,10 km/l,"5,6 km/l",,,5800 rpm,1300 rpm,,,,Hidráulicos,,,,,,,,,,,,,,,,,,,,,,,,,,,,,,,,,,,,,,,,,,,,,,,,
bmw,335i Cabriolet,335i-cabriolet,335i-cabriolet-3-0-2011,335i-cabriolet-3-0-2011,https://www.fichacompleta.com.br/carros/bmw/335i-cabriolet-3-0-2011,2026-06-18T15:27:36.489880,Bmw 335i Cabriolet 3.0 2011,6 s,250 km/h,Corrente,Injeção direta,Turbocompressor,2979 cm³,6 em linha,N54B30,Duplo no cabeçote,"89,6 mm",84 mm,Longitudinal,Dianteiro,"5,7 kg/cv","42,9 kg/kgfm","102,7 cv/litro",306 cv,"10,2:1",,,"13,7 kgfm/litro","40,8 kgfm",4,Admissão e escape,Conversor de torque,Automático,ZF 6HP,6,,Traseira,1384 mm,1500 mm,1507 mm,430 kg,4580 mm,2760 mm,1782 mm,1750 kg,210 litros,,,63 litros,101 mm,Disco ventilado,Disco ventilado,"2,08 m²","0,645 m²","0,31",,Eletro-hidráulica,11 m,,"Indep., McPherson",Mola helicoidal,"Indep., multibraço",630 km,353 km,10 km/l,"5,6 km/l",,,5800 rpm,1300 rpm,,,,Hidráulicos,,,,,,,,,,,,,,,,,,,,,,,,,,,,,,,,,,,,,,,,,,,,,,,,
bmw,335i Cabriolet,335i-cabriolet,335i-cabriolet-3-0-2012,335i-cabriolet-3-0-2012,https://www.fichacompleta.com.br/carros/bmw/335i-cabriolet-3-0-2012,2026-06-18T15:27:41.170221,Bmw 335i Cabriolet 3.0 2012,6 s,250 km/h,Corrente,Injeção direta,Turbocompressor,2979 cm³,6 em linha,N54B30,Duplo no cabeçote,"89,6 mm",84 mm,Longitudinal,Dianteiro,"5,7 kg/cv","42,9 kg/kgfm","102,7 cv/litro",306 cv,"10,2:1",,,"13,7 kgfm/litro","40,8 kgfm",4,Admissão e escape,Conversor de torque,Automático,ZF 6HP,6,,Traseira,1384 mm,1500 mm,1507 mm,430 kg,4580 mm,2760 mm,1782 mm,1750 kg,210 litros,,,63 litros,101 mm,Disco ventilado,Disco ventilado,"2,08 m²","0,645 m²","0,31",,Eletro-hidráulica,11 m,,"Indep., McPherson",Mola helicoidal,"Indep., multibraço",630 km,353 km,10 km/l,"5,6 km/l",,,5800 rpm,1300 rpm,,,,Hidráulicos,,,,,,,,,,,,,,,,,,,,,,,,,,,,,,,,,,,,,,,,,,,,,,,,
bmw,340i,340i,340i-m-xdrive-first-edition-3-0-turbo-2020,340i-m-xdrive-first-edition-3-0-turbo-2020,https://www.fichacompleta.com.br/carros/bmw/340i-m-xdrive-first-edition-3-0-turbo-2020,2026-06-18T15:27:59.264924,Bmw 340i M xDrive First Edition 3.0 Turbo 2020,"4,4 s",250 km/h,Corrente,Injeção direta,Turbocompressor,2998 cm³,6 em linha,B58B30,Duplo no cabeçote,"94,6 mm",82 mm,Longitudinal,Dianteiro,"4,3 kg/cv","32,7 kg/kgfm","129,1 cv/litro",387 cv,"10,2:1",,,"17,0 kgfm/litro",51 kgfm,4,Admissão e escape,Conversor de torque,Automático,ZF 8HP,8,,Integral permanente,1440 mm,1583 mm,1567 mm,575 kg,4713 mm,2851 mm,1827 mm,1670 kg,365 litros,1800 kg,750 kg,59 litros,89 mm,Disco ventilado,Disco ventilado,"2,22 m²","0,599 m²","0,27",,Eletro-hidráulica,12 m,,"Indep., McPherson",Mola helicoidal,"Indep., multibraço",649 km,413 km,11 km/l,7 km/l,130 mm,Kit de reparo e enchimento,5800 rpm,1800 rpm,,,6500 rpm,Hidráulicos,,,,,,,,,,,,,,,,,,,,,,,,,,,,,,,,,,,,,,,,,,,,,,,,
bmw,340i,340i,340i-m-xdrive-3-0-turbo-2021,340i-m-xdrive-3-0-turbo-2021,https://www.fichacompleta.com.br/carros/bmw/340i-m-xdrive-3-0-turbo-2021,2026-06-18T15:28:02.121427,Bmw 340i M xDrive 3.0 Turbo 2021,"4,4 s",250 km/h,Corrente,Injeção direta,Turbocompressor,2998 cm³,6 em linha,B58B30,Duplo no cabeçote,"94,6 mm",82 mm,Longitudinal,Dianteiro,"4,3 kg/cv","32,7 kg/kgfm","129,1 cv/litro",387 cv,"10,2:1",,,"17,0 kgfm/litro",51 kgfm,4,Admissão e escape,Conversor de torque,Automático,ZF 8HP,8,,Integral permanente,1440 mm,1583 mm,1567 mm,575 kg,4713 mm,2851 mm,1827 mm,1670 kg,365 litros,1800 kg,750 kg,59 litros,89 mm,Disco ventilado,Disco ventilado,"2,22 m²","0,599 m²","0,27",,Eletro-hidráulica,12 m,,"Indep., McPherson",Mola helicoidal,"Indep., multibraço",726 km,531 km,"12,3 km/l",9 km/l,130 mm,Kit de reparo e enchimento,5800 rpm,1800 rpm,,,6500 rpm,Hidráulicos,,,,,,,,,,,,,,,,,,,,,,,,,,,,,,,,,,,,,,,,,,,,,,,,
bmw,340i,340i,340i-m-xdrive-3-0-2022,340i-m-xdrive-3-0-2022,https://www.fichacompleta.com.br/carros/bmw/340i-m-xdrive-3-0-2022,2026-06-18T15:28:04.800817,Bmw 340i M xDrive 3.0 2022,"4,4 s",250 km/h,Corrente,Injeção direta,Turbocompressor,2998 cm³,6 em linha,B58B30,Duplo no cabeçote,"94,6 mm",82 mm,Longitudinal,Dianteiro,"4,3 kg/cv","32,7 kg/kgfm","129,1 cv/litro",,"10,2:1",5800 rpm,1800 rpm,"17,0 kgfm/litro",,4,Admissão e escape,Conversor de torque,Automático,ZF 8HP,8,,Integral permanente,1440 mm,1583 mm,1567 mm,575 kg,4713 mm,2851 mm,1827 mm,1670 kg,365 litros,1800 kg,750 kg,59 litros,89 mm,Disco ventilado,Disco ventilado,"2,22 m²","0,599 m²","0,27",,Eletro-hidráulica,12 m,,"Indep., McPherson",Mola helicoidal,"Indep., multibraço",726 km,531 km,"12,3 km/l",9 km/l,130 mm,Kit de reparo e enchimento,,,,,6500 rpm,Hidráulicos,,,,,,,,,,,387 cv,51 kgfm,,,,,,,,,,,,,,,,,,,,,,,,,,,,,,,,,,,,
bmw,420i Cabriolet,420i-cabriolet,420i-cabriolet-sport-gp-2-0-turbo-2015,420i-cabriolet-sport-gp-2-0-turbo-2015,https://www.fichacompleta.com.br/carros/bmw/420i-cabriolet-sport-gp-2-0-turbo-2015,2026-06-18T15:28:22.859536,Bmw 420i Cabriolet Sport GP 2.0 Turbo 2015,"8,2 s",230 km/h,,Injeção direta,Turbocompressor,1997 cm³,4 em linha,N20B20,"Duplo no cabeçote, corrente","90,1 mm",84 mm,Longitudinal,Dianteiro,"9,4 kg/cv","62,7 kg/kgfm","92,1 cv/litro",184 cv a 5000 rpm,11:1,,,"13,8 kgfm/litro","27,5 kgfm a 1250 rpm",4,Admissão e escape,Conversor de torque,Automático,ZF 8HP,,8,Traseira,1384 mm,1545 mm,1594 mm,470 kg,4638 mm,2810 mm,1825 mm,1725 kg,220 litros,1400 kg,695 kg,60 litros,101 mm,Disco ventilado,Disco ventilado,"2,15 m²","0,645 m²",,"0,3",Eletro-hidráulica,,"11,3 m","Independente, McPherson",Mola helicoidal,"Independente, multibraço",696 km,504 km,"11,6 km/l","8,4 km/l",130 mm,,,,,,,,,,,,,,,,,,,,,,,,,,,,,,,,,,,,,,,,,,,,,,,,,,,,,,,
bmw,420i Cabriolet,420i-cabriolet,420i-cabriolet-sport-gp-2-0-turbo-2016,420i-cabriolet-sport-gp-2-0-turbo-2016,https://www.fichacompleta.com.br/carros/bmw/420i-cabriolet-sport-gp-2-0-turbo-2016,2026-06-18T15:28:26.897825,Bmw 420i Cabriolet Sport GP 2.0 Turbo 2016,"8,2 s",230 km/h,,Injeção direta,Turbocompressor,1997 cm³,4 em linha,N20B20,"Duplo no cabeçote, corrente","90,1 mm",84 mm,Longitudinal,Dianteiro,"9,4 kg/cv","62,7 kg/kgfm","92,1 cv/litro",184 cv a 5000 rpm,11:1,,,"13,8 kgfm/litro","27,5 kgfm a 1250 rpm",4,Admissão e escape,Conversor de torque,Automático,ZF 8HP,,8,Traseira,1384 mm,1545 mm,1594 mm,470 kg,4638 mm,2810 mm,1825 mm,1725 kg,220 litros,1400 kg,695 kg,60 litros,101 mm,Disco ventilado,Disco ventilado,"2,15 m²","0,645 m²",,"0,3",Eletro-hidráulica,,"11,3 m","Independente, McPherson",Mola helicoidal,"Independente, multibraço",696 km,504 km,"11,6 km/l","8,4 km/l",130 mm,,,,,,,,,,,,,,,,,,,,,,,,,,,,,,,,,,,,,,,,,,,,,,,,,,,,,,,
bmw,420i Cabriolet,420i-cabriolet,420i-cabriolet-m-sport-2-0-turbo-2022,420i-cabriolet-m-sport-2-0-turbo-2022,https://www.fichacompleta.com.br/carros/bmw/420i-cabriolet-m-sport-2-0-turbo-2022,2026-06-18T15:28:29.982536,Bmw 420i Cabriolet M Sport 2.0 Turbo 2022,"8,2 s",236 km/h,Corrente,Injeção direta,Turbocompressor,1998 cm³,4 em linha,B48B20,Duplo no cabeçote,"94,6 mm",82 mm,Longitudinal,Dianteiro,"9,2 kg/cv","55,2 kg/kgfm","92,1 cv/litro",184 cv,11:1,5000 rpm,1350 rpm,"15,3 kgfm/litro","30,6 kgfm",4,Admissão e escape,Conversor de torque,Automático,ZF 8HP,8,,Traseira,1384 mm,1575 mm,1611 mm,495 kg,4768 mm,2851 mm,1852 mm,1690 kg,385 litros,1600 kg,750 kg,59 litros,89 mm,Disco ventilado,Disco ventilado,"2,19 m²","0,613 m²","0,28",,Eletro-hidráulica,"11,4 m",,"Indep., McPherson",Mola helicoidal,"Indep., multibraço",785 km,584 km,"13,3 km/l","9,9 km/l",124 mm,,,,,,6800 rpm,Hidráulicos,,,,,,,,,,,,,,,,,,,,,,,,,,,,,,,,,,,,,,,,,,,,,,,,
bmw,420i Cabriolet,420i-cabriolet,420i-cabriolet-m-sport-2-0-2023,420i-cabriolet-m-sport-2-0-2023,https://www.fichacompleta.com.br/carros/bmw/420i-cabriolet-m-sport-2-0-2023,2026-06-18T15:28:33.148818,Bmw 420i Cabriolet M Sport 2.0 2023,"8,2 s",236 km/h,Corrente,Injeção direta,Turbocompressor,,4 em linha,B48B20,Duplo no cabeçote,"94,6 mm",82 mm,Longitudinal,Dianteiro,"9,18 kg/cv","55,2 kg/kgfm","92,1 cv/litro",184 cv,11:1,,,"15,3 kgfm/litro","30,6 kgfm",4,Admissão e escape,Conversor de torque,Automático,ZF 8HP,8,,Traseira,1384 mm,1575 mm,1611 mm,495 kg,4768 mm,2851 mm,1852 mm,1690 kg,385 litros,1600 kg,750 kg,59 litros,89 mm,Disco ventilado,Disco ventilado,"2,19 m²","0,613 m²","0,28",,Eletro-hidráulica,"11,4 m",,"Indep., McPherson",Mola helicoidal,"Indep., multibraço",785 km,584 km,"13,3 km/l","9,9 km/l",124 mm,,5000 rpm,1350 rpm,500 cm³,1998 cm³,6800 rpm,Hidráulicos,,,,,,,,,,,,,,,,,,,,,,,,,,,,,,,,,,,,,,,,,,,,,,,,
bmw,420i Cabriolet,420i-cabriolet,420i-cabriolet-m-sport-2-0-2024,420i-cabriolet-m-sport-2-0-2024,https://www.fichacompleta.com.br/carros/bmw/420i-cabriolet-m-sport-2-0-2024,2026-06-18T15:28:37.251278,Bmw 420i Cabriolet M Sport 2.0 2024,"8,2 s",236 km/h,Corrente,Injeção direta,Turbocompressor,,4 em linha,B48B20,Duplo no cabeçote,"94,6 mm",82 mm,Longitudinal,Dianteiro,"9,18 kg/cv","55,2 kg/kgfm","92,1 cv/litro",184 cv,11:1,,,"15,3 kgfm/litro","30,6 kgfm",4,Admissão e escape,Conversor de torque,Automático,ZF 8HP,8,,Traseira,1384 mm,1575 mm,1611 mm,495 kg,4768 mm,2851 mm,1852 mm,1690 kg,385 litros,1600 kg,750 kg,59 litros,89 mm,Disco ventilado,Disco ventilado,"2,19 m²","0,613 m²","0,28",,Eletro-hidráulica,"11,4 m",,"Indep., McPherson",Mola helicoidal,"Indep., multibraço",785 km,584 km,"13,3 km/l","9,9 km/l",124 mm,,5000 rpm,1350 rpm,500 cm³,1998 cm³,6800 rpm,Hidráulicos,,,,,,,,,,,,,,,,,,,,,,,,,,,,,,,,,,,,,,,,,,,,,,,,
bmw,420i Cabriolet,420i-cabriolet,420i-cabriolet-m-sport-2-0-2025,420i-cabriolet-m-sport-2-0-2025,https://www.fichacompleta.com.br/carros/bmw/420i-cabriolet-m-sport-2-0-2025,2026-06-18T15:28:40.169693,Bmw 420i Cabriolet M Sport 2.0 2025,"8,2 s",236 km/h,Corrente,Injeção direta,Turbocompressor,,4 em linha,B48B20,Duplo no cabeçote,"94,6 mm",82 mm,Longitudinal,Dianteiro,"9,18 kg/cv","55,2 kg/kgfm","92,1 cv/litro",184 cv,11:1,,,"15,3 kgfm/litro","30,6 kgfm",4,Admissão e escape,Conversor de torque,Automático,ZF 8HP,8,,Traseira,1384 mm,1575 mm,1611 mm,495 kg,4768 mm,2851 mm,1852 mm,1690 kg,385 litros,1600 kg,750 kg,59 litros,89 mm,Disco ventilado,Disco ventilado,"2,19 m²","0,613 m²","0,28",,Eletro-hidráulica,"11,4 m",,"Indep., McPherson",Mola helicoidal,"Indep., multibraço",785 km,584 km,"13,3 km/l","9,9 km/l",124 mm,,5000 rpm,1350 rpm,500 cm³,1998 cm³,6800 rpm,Hidráulicos,,,,,,,,,,,,,,,,,,,,,,,,,,,,,,,,,,,,,,,,,,,,,,,,
bmw,420i Cabriolet,420i-cabriolet,420i-cabriolet-m-sport-2-0-2026,420i-cabriolet-m-sport-2-0-2026,https://www.fichacompleta.com.br/carros/bmw/420i-cabriolet-m-sport-2-0-2026,2026-06-18T15:28:44.861485,Bmw 420i Cabriolet M Sport 2.0 2026,"8,2 s",236 km/h,Corrente,Injeção direta,Turbocompressor,,4 em linha,B48B20,Duplo no cabeçote,"94,6 mm",82 mm,Longitudinal,Dianteiro,"9,18 kg/cv","55,2 kg/kgfm","92,1 cv/litro",184 cv,11:1,,,"15,3 kgfm/litro","30,6 kgfm",4,Admissão e escape,Conversor de torque,Automático,ZF 8HP,8,,Traseira,1384 mm,1575 mm,1611 mm,495 kg,4768 mm,2851 mm,1852 mm,1690 kg,385 litros,1600 kg,750 kg,59 litros,89 mm,Disco ventilado,Disco ventilado,"2,19 m²","0,613 m²","0,28",,Elétrica,"11,4 m",,"Indep., McPherson",Mola helicoidal,"Indep., multibraço",738 km,578 km,"12,5 km/l","9,8 km/l",124 mm,,5000 rpm,1350 rpm,500 cm³,1998 cm³,6800 rpm,Hidráulicos,,,,,,,,,,,,,,,,,,,,,,,,,,,,,,,,,,,,,,,,,,,,,,,,
bmw,428i,428i,428i-m-sport-2-0-turbo-2015,428i-m-sport-2-0-turbo-2015,https://www.fichacompleta.com.br/carros/bmw/428i-m-sport-2-0-turbo-2015,2026-06-18T15:29:04.810499,Bmw 428i M Sport 2.0 Turbo 2015,6 s,250 km/h,,Injeção direta,Turbocompressor,1997 cm³,4 em linha,N20B20,"Duplo no cabeçote, corrente","90,1 mm",84 mm,Longitudinal,Dianteiro,"6,2 kg/cv","42,9 kg/kgfm","122,7 cv/litro",245 cv a 5000 rpm,10:1,,,"17,9 kgfm/litro","35,7 kgfm a 1250 rpm",4,Admissão e escape,Conversor de torque,Automático,ZF 8HP,,8,Traseira,1389 mm,1545 mm,1594 mm,560 kg,4638 mm,2810 mm,1825 mm,1530 kg,480 litros,1600 kg,745 kg,60 litros,98 mm,Disco ventilado,Disco ventilado,"2,15 m²","0,624 m²",,"0,29",Eletro-hidráulica,,"11,3 m","Independente, McPherson",Mola helicoidal,"Independente, multibraço",726 km,522 km,"12,1 km/l","8,7 km/l",130 mm,,,,,,,,,,,,,,,,,,,,,,,,,,,,,,,,,,,,,,,,,,,,,,,,,,,,,,,
bmw,428i,428i,428i-sport-2-0-turbo-2015,428i-sport-2-0-turbo-2015,https://www.fichacompleta.com.br/carros/bmw/428i-sport-2-0-turbo-2015,2026-06-18T15:29:08.446177,Bmw 428i Sport 2.0 Turbo 2015,6 s,250 km/h,,Injeção direta,Turbocompressor,1997 cm³,4 em linha,N20B20,"Duplo no cabeçote, corrente","90,1 mm",84 mm,Longitudinal,Dianteiro,"6,2 kg/cv","42,9 kg/kgfm","122,7 cv/litro",245 cv a 5000 rpm,10:1,,,"17,9 kgfm/litro","35,7 kgfm a 1250 rpm",4,Admissão e escape,Conversor de torque,Automático,ZF 8HP,,8,Traseira,1389 mm,1545 mm,1594 mm,560 kg,4638 mm,2810 mm,1825 mm,1530 kg,480 litros,1600 kg,745 kg,60 litros,98 mm,Disco ventilado,Disco ventilado,"2,15 m²","0,624 m²",,"0,29",Eletro-hidráulica,,"11,3 m","Independente, McPherson",Mola helicoidal,"Independente, multibraço",726 km,522 km,"12,1 km/l","8,7 km/l",130 mm,,,,,,,,,,,,,,,,,,,,,,,,,,,,,,,,,,,,,,,,,,,,,,,,,,,,,,,
bmw,428i,428i,428i-m-sport-2-0-turbo-2016,428i-m-sport-2-0-turbo-2016,https://www.fichacompleta.com.br/carros/bmw/428i-m-sport-2-0-turbo-2016,2026-06-18T15:29:11.341858,Bmw 428i M Sport 2.0 Turbo 2016,6 s,250 km/h,,Injeção direta,Turbocompressor,1997 cm³,4 em linha,N20B20,"Duplo no cabeçote, corrente","90,1 mm",84 mm,Longitudinal,Dianteiro,"6,2 kg/cv","42,9 kg/kgfm","122,7 cv/litro",245 cv a 5000 rpm,10:1,,,"17,9 kgfm/litro","35,7 kgfm a 1250 rpm",4,Admissão e escape,Conversor de torque,Automático,ZF 8HP,,8,Traseira,1389 mm,1545 mm,1594 mm,560 kg,4638 mm,2810 mm,1825 mm,1530 kg,480 litros,1600 kg,745 kg,60 litros,98 mm,Disco ventilado,Disco ventilado,"2,15 m²","0,624 m²",,"0,29",Eletro-hidráulica,,"11,3 m","Independente, McPherson",Mola helicoidal,"Independente, multibraço",726 km,522 km,"12,1 km/l","8,7 km/l",130 mm,,,,,,,,,,,,,,,,,,,,,,,,,,,,,,,,,,,,,,,,,,,,,,,,,,,,,,,
bmw,428i Cabriolet,428i-cabriolet,428i-cabriolet-sport-gp-2-0-turbo-2014,428i-cabriolet-sport-gp-2-0-turbo-2014,https://www.fichacompleta.com.br/carros/bmw/428i-cabriolet-sport-gp-2-0-turbo-2014,2026-06-18T15:29:31.980010,Bmw 428i Cabriolet Sport GP 2.0 Turbo 2014,"6,4 s",250 km/h,Corrente,Injeção direta,Turbocompressor,1997 cm³,4 em linha,N20B20,Duplo no cabeçote,"90,1 mm",84 mm,Longitudinal,Dianteiro,"6,9 kg/cv","47,6 kg/kgfm","122,7 cv/litro",245 cv,10:1,5000 rpm,1250 rpm,"17,9 kgfm/litro","35,7 kgfm",4,Admissão e escape,Conversor de torque,Automático,ZF 8HP,8,8,Traseira,1384 mm,1545 mm,1594 mm,460 kg,4638 mm,2810 mm,1825 mm,1700 kg,220 litros,1600 kg,745 kg,60 litros,98 mm,Disco ventilado,Disco ventilado,"2,15 m²","0,645 m²","0,3","0,3",Eletro-hidráulica,"11,3 m","11,3 m","Indep., McPherson",Mola helicoidal,"Indep., multibraço",684 km,498 km,"11,4 km/l","8,3 km/l",130 mm,,,,,,,,,,,,,,,,,,,,,,,,,,,,,,,,,,,,,,,,,,,,,,,,,,,,,,,
bmw,428i Cabriolet,428i-cabriolet,428i-cabriolet-sport-gp-2-0-turbo-2015,428i-cabriolet-sport-gp-2-0-turbo-2015,https://www.fichacompleta.com.br/carros/bmw/428i-cabriolet-sport-gp-2-0-turbo-2015,2026-06-18T15:29:35.910568,Bmw 428i Cabriolet Sport GP 2.0 Turbo 2015,"6,4 s",250 km/h,,Injeção direta,Turbocompressor,1997 cm³,4 em linha,N20B20,"Duplo no cabeçote, corrente","90,1 mm",84 mm,Longitudinal,Dianteiro,"6,9 kg/cv","47,6 kg/kgfm","122,7 cv/litro",245 cv a 5000 rpm,10:1,,,"17,9 kgfm/litro","35,7 kgfm a 1250 rpm",4,Admissão e escape,Conversor de torque,Automático,ZF 8HP,,8,Traseira,1384 mm,1545 mm,1594 mm,460 kg,4638 mm,2810 mm,1825 mm,1700 kg,220 litros,1600 kg,745 kg,60 litros,98 mm,Disco ventilado,Disco ventilado,"2,15 m²","0,645 m²",,"0,3",Eletro-hidráulica,,"11,3 m","Independente, McPherson",Mola helicoidal,"Independente, multibraço",684 km,498 km,"11,4 km/l","8,3 km/l",130 mm,,,,,,,,,,,,,,,,,,,,,,,,,,,,,,,,,,,,,,,,,,,,,,,,,,,,,,,
bmw,428i Cabriolet,428i-cabriolet,428i-cabriolet-sport-gp-2-0-turbo-2016,428i-cabriolet-sport-gp-2-0-turbo-2016,https://www.fichacompleta.com.br/carros/bmw/428i-cabriolet-sport-gp-2-0-turbo-2016,2026-06-18T15:29:40.636137,Bmw 428i Cabriolet Sport GP 2.0 Turbo 2016,"6,4 s",250 km/h,,Injeção direta,Turbocompressor,1997 cm³,4 em linha,N20B20,"Duplo no cabeçote, corrente","90,1 mm",84 mm,Longitudinal,Dianteiro,"6,9 kg/cv","47,6 kg/kgfm","122,7 cv/litro",245 cv a 5000 rpm,10:1,,,"17,9 kgfm/litro","35,7 kgfm a 1250 rpm",4,Admissão e escape,Conversor de torque,Automático,ZF 8HP,,8,Traseira,1384 mm,1545 mm,1594 mm,460 kg,4638 mm,2810 mm,1825 mm,1700 kg,220 litros,1600 kg,745 kg,60 litros,98 mm,Disco ventilado,Disco ventilado,"2,15 m²","0,645 m²",,"0,3",Eletro-hidráulica,,"11,3 m","Independente, McPherson",Mola helicoidal,"Independente, multibraço",714 km,510 km,"11,9 km/l","8,5 km/l",130 mm,,,,,,,,,,,,,,,,,,,,,,,,,,,,,,,,,,,,,,,,,,,,,,,,,,,,,,,
bmw,430i Cabriolet,430i-cabriolet,430i-cabriolet-limited-edition-2-0-turbo-2017,430i-cabriolet-limited-edition-2-0-turbo-2017,https://www.fichacompleta.com.br/carros/bmw/430i-cabriolet-limited-edition-2-0-turbo-2017,2026-06-18T15:30:17.304364,Bmw 430i Cabriolet Limited Edition 2.0 Turbo 2017,"6,3 s",250 km/h,,Injeção direta,Turbocompressor,1998 cm³,4 em linha,B48B20,"Duplo no cabeçote, corrente","94,6 mm",82 mm,Longitudinal,Dianteiro,"7,1 kg/cv","50,0 kg/kgfm","126,1 cv/litro",252 cv a 5200 rpm,"10,2:1",,,"17,9 kgfm/litro","35,7 kgfm a 1450 rpm",4,Admissão e escape,Conversor de torque,Automático,ZF 8HP,,8,Traseira,1384 mm,1545 mm,1594 mm,410 kg,4638 mm,2810 mm,1825 mm,1785 kg,220 litros,1600 kg,745 kg,60 litros,98 mm,Disco ventilado,Disco ventilado,"2,15 m²","0,645 m²",,"0,3",Eletro-hidráulica,,"11,3 m","Independente, McPherson",Mola helicoidal,"Independente, multibraço",714 km,510 km,"11,9 km/l","8,5 km/l",130 mm,,,,,,6800 rpm,Hidráulicos,,,,,,,,,,,,,,,,,,,,,,,,,,,,,,,,,,,,,,,,,,,,,,,,
bmw,430i Cabriolet,430i-cabriolet,430i-cabriolet-sport-2-0-turbo-2017,430i-cabriolet-sport-2-0-turbo-2017,https://www.fichacompleta.com.br/carros/bmw/430i-cabriolet-sport-2-0-turbo-2017,2026-06-18T15:30:22.498291,Bmw 430i Cabriolet Sport 2.0 Turbo 2017,"6,3 s",250 km/h,,Injeção direta,Turbocompressor,1998 cm³,4 em linha,B48B20,"Duplo no cabeçote, corrente","94,6 mm",82 mm,Longitudinal,Dianteiro,"7,1 kg/cv","50,0 kg/kgfm","126,1 cv/litro",252 cv a 5200 rpm,"10,2:1",,,"17,9 kgfm/litro","35,7 kgfm a 1450 rpm",4,Admissão e escape,Conversor de torque,Automático,ZF 8HP,,8,Traseira,1384 mm,1545 mm,1594 mm,410 kg,4638 mm,2810 mm,1825 mm,1785 kg,220 litros,1600 kg,745 kg,60 litros,89 mm,Disco ventilado,Disco ventilado,"2,15 m²","0,645 m²",,"0,3",Eletro-hidráulica,,"11,3 m","Independente, McPherson",Mola helicoidal,"Independente, multibraço",714 km,510 km,"11,9 km/l","8,5 km/l",130 mm,,,,,,6800 rpm,Hidráulicos,,,,,,,,,,,,,,,,,,,,,,,,,,,,,,,,,,,,,,,,,,,,,,,,
bmw,430i Cabriolet,430i-cabriolet,430i-cabriolet-sport-2-0-turbo-2018,430i-cabriolet-sport-2-0-turbo-2018,https://www.fichacompleta.com.br/carros/bmw/430i-cabriolet-sport-2-0-turbo-2018,2026-06-18T15:30:26.677892,Bmw 430i Cabriolet Sport 2.0 Turbo 2018,"6,3 s",250 km/h,,Injeção direta,Turbocompressor,1998 cm³,4 em linha,B48B20,"Duplo no cabeçote, corrente","94,6 mm",82 mm,Longitudinal,Dianteiro,"7,1 kg/cv","50,0 kg/kgfm","126,1 cv/litro",252 cv a 5200 rpm,"10,2:1",,,"17,9 kgfm/litro","35,7 kgfm a 1450 rpm",4,Admissão e escape,Conversor de torque,Automático,ZF 8HP,,8,Traseira,1384 mm,1545 mm,1594 mm,410 kg,4638 mm,2810 mm,1825 mm,1785 kg,220 litros,1600 kg,745 kg,60 litros,89 mm,Disco ventilado,Disco ventilado,"2,15 m²","0,645 m²",,"0,3",Eletro-hidráulica,,"11,3 m","Independente, McPherson",Mola helicoidal,"Independente, multibraço",720 km,588 km,12 km/l,"9,8 km/l",130 mm,,,,,,6800 rpm,Hidráulicos,,,,,,,,,,,,,,,,,,,,,,,,,,,,,,,,,,,,,,,,,,,,,,,,
bmw,430i Cabriolet,430i-cabriolet,430i-cabriolet-sport-2-0-turbo-2020,430i-cabriolet-sport-2-0-turbo-2020,https://www.fichacompleta.com.br/carros/bmw/430i-cabriolet-sport-2-0-turbo-2020,2026-06-18T15:30:29.592184,Bmw 430i Cabriolet Sport 2.0 Turbo 2020,"6,3 s",250 km/h,Corrente,Injeção direta,Turbocompressor,1998 cm³,4 em linha,B48B20,Duplo no cabeçote,"94,6 mm",82 mm,Longitudinal,Dianteiro,"7,1 kg/cv","50,0 kg/kgfm","126,1 cv/litro",252 cv,"10,2:1",,,"17,9 kgfm/litro","35,7 kgfm",4,Admissão e escape,Conversor de torque,Automático,ZF 8HP,8,,Traseira,1384 mm,1545 mm,1594 mm,410 kg,4638 mm,2810 mm,1825 mm,1785 kg,220 litros,1600 kg,745 kg,60 litros,89 mm,Disco ventilado,Disco ventilado,"2,15 m²","0,645 m²","0,3",,Eletro-hidráulica,"11,3 m",,"Indep., McPherson",Mola helicoidal,"Indep., multibraço",720 km,588 km,12 km/l,"9,8 km/l",130 mm,,5200 rpm,1450 rpm,,,6800 rpm,Hidráulicos,,,,,,,,,,,,,,,,,,,,,,,,,,,,,,,,,,,,,,,,,,,,,,,,
bmw,430i Cabriolet,430i-cabriolet,430i-cabriolet-m-sport-2-0-turbo-2021,430i-cabriolet-m-sport-2-0-turbo-2021,https://www.fichacompleta.com.br/carros/bmw/430i-cabriolet-m-sport-2-0-turbo-2021,2026-06-18T15:30:32.931965,Bmw 430i Cabriolet M Sport 2.0 Turbo 2021,"6,2 s",250 km/h,Corrente,Injeção direta,Turbocompressor,1998 cm³,4 em linha,B46B20,Duplo no cabeçote,"94,6 mm",82 mm,Longitudinal,Dianteiro,"6,9 kg/cv","43,6 kg/kgfm","129,1 cv/litro",258 cv,"10,2:1",,,"20,4 kgfm/litro","40,8 kgfm",4,Admissão e escape,Conversor de torque,Automático,ZF 8HP,8,,Traseira,1384 mm,1575 mm,1611 mm,410 kg,4768 mm,2851 mm,1852 mm,1780 kg,385 litros,1600 kg,750 kg,59 litros,89 mm,Disco ventilado,Disco ventilado,"2,19 m²","0,613 m²","0,28",,Eletro-hidráulica,"11,4 m",,"Indep., McPherson",Mola helicoidal,"Indep., multibraço",749 km,596 km,"12,7 km/l","10,1 km/l",124 mm,,5000 rpm,1550 rpm,,,6500 rpm,Hidráulicos,,,,,,,,,,,,,,,,,,,,,,,,,,,,,,,,,,,,,,,,,,,,,,,,
bmw,430i Cabriolet,430i-cabriolet,430i-cabriolet-m-sport-2-0-turbo-2022,430i-cabriolet-m-sport-2-0-turbo-2022,https://www.fichacompleta.com.br/carros/bmw/430i-cabriolet-m-sport-2-0-turbo-2022,2026-06-18T15:30:36.351380,Bmw 430i Cabriolet M Sport 2.0 Turbo 2022,"6,2 s",250 km/h,Corrente,Injeção direta,Turbocompressor,1998 cm³,4 em linha,B46B20,Duplo no cabeçote,"94,6 mm",82 mm,Longitudinal,Dianteiro,"6,9 kg/cv","43,6 kg/kgfm","129,1 cv/litro",,"10,2:1",5000 rpm,1550 rpm,"20,4 kgfm/litro",,4,Admissão e escape,Conversor de torque,Automático,ZF 8HP,8,,Traseira,1384 mm,1575 mm,1611 mm,410 kg,4768 mm,2851 mm,1852 mm,1780 kg,385 litros,1600 kg,750 kg,59 litros,89 mm,Disco ventilado,Disco ventilado,"2,19 m²","0,613 m²","0,28",,Eletro-hidráulica,"11,4 m",,"Indep., McPherson",Mola helicoidal,"Indep., multibraço",749 km,596 km,"12,7 km/l","10,1 km/l",124 mm,,,,,,6500 rpm,Hidráulicos,,,,,,,,,,,258 cv,"40,8 kgfm",,,,,,,,,,,,,,,,,,,,,,,,,,,,,,,,,,,,
bmw,435i,435i,435i-coupe-3-0-turbo-2014,435i-coupe-3-0-turbo-2014,https://www.fichacompleta.com.br/carros/bmw/435i-coupe-3-0-turbo-2014,2026-06-18T15:30:58.080184,Bmw 435i Coupé 3.0 Turbo 2014,"5,1 s",250 km/h,Corrente,Injeção direta,Turbocompressor,2979 cm³,6 em linha,N55B30M0,Duplo no cabeçote,"89,6 mm",84 mm,Longitudinal,Dianteiro,"5,0 kg/cv","37,4 kg/kgfm","102,7 cv/litro",306 cv,"10,2:1",6000 rpm,1200 rpm,"13,7 kgfm/litro","40,8 kgfm",4,Admissão e escape,Conversor de torque,Automático,ZF 8HP,8,8,Traseira,1377 mm,1545 mm,1594 mm,520 kg,4638 mm,2810 mm,1825 mm,1525 kg,445 litros,,,60 litros,89 mm,Disco ventilado,Disco ventilado,"2,14 m²","0,642 m²","0,3","0,3",Eletro-hidráulica,"11,3 m","11,3 m","Indep., braços sobrepostos",Mola helicoidal,"Indep., multibraço",666 km,372 km,"11,1 km/l","6,2 km/l",130 mm,,,,,,7000 rpm,Hidráulicos,,,,,,,,,,,,,,,,,,,,,,,,,,,,,,,,,,,,,,,,,,,,,,,,
bmw,435i,435i,435i-coupe-3-0-turbo-2015,435i-coupe-3-0-turbo-2015,https://www.fichacompleta.com.br/carros/bmw/435i-coupe-3-0-turbo-2015,2026-06-18T15:31:01.923184,Bmw 435i Coupé 3.0 Turbo 2015,"5,1 s",250 km/h,,Injeção direta,Turbocompressor,2979 cm³,6 em linha,N55B30M0,"Duplo no cabeçote, corrente","89,6 mm",84 mm,Longitudinal,Dianteiro,"5,0 kg/cv","37,4 kg/kgfm","102,7 cv/litro",306 cv a 6000 rpm,"10,2:1",,,"13,7 kgfm/litro","40,8 kgfm a 1200 rpm",4,Admissão e escape,Conversor de torque,Automático,ZF 8HP,,8,Traseira,1377 mm,1545 mm,1594 mm,520 kg,4638 mm,2810 mm,1825 mm,1525 kg,445 litros,,,60 litros,89 mm,Disco ventilado,Disco ventilado,"2,14 m²","0,642 m²",,"0,3",Eletro-hidráulica,,"11,3 m","Independente, braços sobrepostos",Mola helicoidal,"Independente, multibraço",666 km,372 km,"11,1 km/l","6,2 km/l",130 mm,,,,,,7000 rpm,Hidráulicos,,,,,,,,,,,,,,,,,,,,,,,,,,,,,,,,,,,,,,,,,,,,,,,,
bmw,525i,525i,525i-2-5-1991,525i-2-5-1991,https://www.fichacompleta.com.br/carros/bmw/525i-2-5-1991,2026-06-18T15:31:46.047602,Bmw 525i 2.5 1991,"10,4 s",222 km/h,,Injeção multiponto,Natural,2494 cm³,6 em linha,M50B25TU,"Duplo no cabeçote, corrente",,,Longitudinal,Dianteiro,"8,4 kg/cv","64,2 kg/kgfm","77,0 cv/litro",192 cv a 5900 rpm,"10,5:1",,,"10,0 kgfm/litro",25 kgfm a 4200 rpm,4,Admissão,,Automático,,,4,Traseira,1412 mm,1470 mm,1495 mm,,4720 mm,2761 mm,1751 mm,1605 kg,460 litros,,,80 litros,133 mm,205/65 R15,Disco ventilado,"2,1 m²",,,"0,31",Hidráulica,,11 m,"Independente, McPherson",Mola helicoidal,"Independente, multibraço",816 km,536 km,"10,2 km/l","6,7 km/l",,,,,,,,Hidráulicos,75 mm,84 mm,,,,,,,,,,,,,,,,,,,,,,,,,,,,,,,,,,,,,,,,,,,,,,
bmw,525i,525i,525i-2-5-1993,525i-2-5-1993,https://www.fichacompleta.com.br/carros/bmw/525i-2-5-1993,2026-06-18T15:31:48.507031,Bmw 525i 2.5 1993,"10,4 s",222 km/h,,Injeção multiponto,Natural,2494 cm³,6 em linha,M50B25TU,"Duplo no cabeçote, corrente",75 mm,84 mm,Longitudinal,Dianteiro,"8,4 kg/cv","64,2 kg/kgfm","77,0 cv/litro",192 cv a 5900 rpm,"10,5:1",,,"10,0 kgfm/litro",25 kgfm a 4200 rpm,4,Admissão,Conversor de torque,Automático,,,4,Traseira,1412 mm,1470 mm,1495 mm,,4720 mm,2761 mm,1751 mm,1605 kg,460 litros,,,80 litros,133 mm,Disco ventilado,Disco ventilado,"2,1 m²","0,651 m²",,"0,31",Hidráulica,,11 m,"Independente, McPherson",Mola helicoidal,"Independente, multibraço",816 km,536 km,"10,2 km/l","6,7 km/l",,,,,,,6500 rpm,Hidráulicos,,,,,,,,,,,,,,,,,,,,,,,,,,,,,,,,,,,,,,,,,,,,,,,,
bmw,525i,525i,525i-2-5-1995,525i-2-5-1995,https://www.fichacompleta.com.br/carros/bmw/525i-2-5-1995,2026-06-18T15:31:53.615319,Bmw 525i 2.5 1995,"10,4 s",222 km/h,,Injeção multiponto,Natural,2494 cm³,6 em linha,M50B25TU,"Duplo no cabeçote, corrente",75 mm,84 mm,Longitudinal,Dianteiro,"8,4 kg/cv","64,2 kg/kgfm","77,0 cv/litro",192 cv a 5900 rpm,"10,5:1",,,"10,0 kgfm/litro",25 kgfm a 4200 rpm,4,Admissão,Conversor de torque,Automático,,,4,Traseira,1412 mm,1470 mm,1495 mm,,4720 mm,2761 mm,1751 mm,1605 kg,460 litros,,,80 litros,133 mm,Disco ventilado,Disco ventilado,"2,1 m²","0,651 m²",,"0,31",Hidráulica,,11 m,"Independente, McPherson",Mola helicoidal,"Independente, multibraço",816 km,536 km,"10,2 km/l","6,7 km/l",,,,,,,6500 rpm,Hidráulicos,,,,,,,,,,,,,,,,,,,,,,,,,,,,,,,,,,,,,,,,,,,,,,,,
bmw,525i,525i,525i-2-5-2001,525i-2-5-2001,https://www.fichacompleta.com.br/carros/bmw/525i-2-5-2001,2026-06-18T15:32:18.608392,Bmw 525i 2.5 2001,"8,9 s",232 km/h,Corrente,Injeção multiponto,Natural,2494 cm³,6 em linha,M54B25,Duplo no cabeçote,75 mm,84 mm,Longitudinal,Dianteiro,"8,0 kg/cv","61,4 kg/kgfm","77,0 cv/litro",192 cv,"10,5:1",,,"10,0 kgfm/litro",25 kgfm,4,Admissão e escape,Conversor de torque,Automático,ZF 5HP,5,,Traseira,1435 mm,1516 mm,1530 mm,510 kg,4775 mm,2830 mm,1800 mm,1535 kg,460 litros,,,70 litros,135 mm,Disco ventilado,Disco ventilado,"2,2 m²","0,616 m²","0,28",,Hidráulica,"11,3 m",,"Indep., McPherson",Mola helicoidal,"Indep., multibraço",735 km,490 km,"10,5 km/l",7 km/l,,,6000 rpm,3500 rpm,,,6500 rpm,Hidráulicos,,,,,,,,,,,,,,,,,,,,,,,,,,,,,,,,,,,,,,,,,,,,,,,,
bmw,528i,528i,528i-2-8-1996,528i-2-8-1996,https://www.fichacompleta.com.br/carros/bmw/528i-2-8-1996,2026-06-18T15:32:53.961908,Bmw 528i 2.8 1996,"8,8 s",234 km/h,Corrente,Injeção multiponto,Natural,2793 cm³,6 em linha,M52B28,Duplo no cabeçote,84 mm,84 mm,Longitudinal,Dianteiro,"7,6 kg/cv","51,6 kg/kgfm","69,1 cv/litro",193 cv,"10,2:1",,,"10,2 kgfm/litro","28,6 kgfm",4,Admissão,Conversor de torque,Automático,ZF 5HP,5,,Traseira,1435 mm,1512 mm,1526 mm,535 kg,4775 mm,2830 mm,1800 mm,1475 kg,460 litros,,,70 litros,135 mm,Disco ventilado,Disco ventilado,"2,2 m²","0,638 m²","0,29",,Hidráulica,"11,3 m",,"Indep., McPherson",Mola helicoidal,"Indep., multibraço",735 km,448 km,"10,5 km/l","6,4 km/l",,,5300 rpm,3950 rpm,,,6500 rpm,Hidráulicos,,,,,,,,,,,,,,,,,,,,,,,,,,,,,,,,,,,,,,,,,,,,,,,,
bmw,528i,528i,528i-2-8-1997,528i-2-8-1997,https://www.fichacompleta.com.br/carros/bmw/528i-2-8-1997,2026-06-18T15:33:19.058211,Bmw 528i 2.8 1997,"8,8 s",234 km/h,Corrente,Injeção multiponto,Natural,2793 cm³,6 em linha,M52B28,Duplo no cabeçote,84 mm,84 mm,Longitudinal,Dianteiro,"7,6 kg/cv","51,6 kg/kgfm","69,1 cv/litro",193 cv,"10,2:1",,,"10,2 kgfm/litro","28,6 kgfm",4,Admissão,Conversor de torque,Automático,ZF 5HP,5,,Traseira,1435 mm,1512 mm,1526 mm,535 kg,4775 mm,2830 mm,1800 mm,1475 kg,460 litros,,,70 litros,135 mm,Disco ventilado,Disco ventilado,"2,2 m²","0,638 m²","0,29",,Hidráulica,"11,3 m",,"Indep., McPherson",Mola helicoidal,"Indep., multibraço",735 km,448 km,"10,5 km/l","6,4 km/l",,,5300 rpm,3950 rpm,,,6500 rpm,Hidráulicos,,,,,,,,,,,,,,,,,,,,,,,,,,,,,,,,,,,,,,,,,,,,,,,,
bmw,528i,528i,528i-2-8-1998,528i-2-8-1998,https://www.fichacompleta.com.br/carros/bmw/528i-2-8-1998,2026-06-18T15:33:23.794630,Bmw 528i 2.8 1998,"8,8 s",234 km/h,,Injeção multiponto,Natural,2793 cm³,6 em linha,M52B28,"Duplo no cabeçote, corrente",84 mm,84 mm,Longitudinal,Dianteiro,"7,6 kg/cv","51,6 kg/kgfm","69,1 cv/litro",193 cv a 5300 rpm,"10,2:1",,,"10,2 kgfm/litro","28,6 kgfm a 3950 rpm",4,Admissão,Conversor de torque,Automático,ZF 5HP,,5,Traseira,1435 mm,1512 mm,1526 mm,535 kg,4775 mm,2830 mm,1800 mm,1475 kg,460 litros,,,70 litros,135 mm,Disco ventilado,Disco ventilado,"2,2 m²","0,638 m²",,"0,29",Hidráulica,,"11,3 m","Independente, McPherson",Mola helicoidal,"Independente, multibraço",735 km,448 km,"10,5 km/l","6,4 km/l",,,,,,,6500 rpm,Hidráulicos,,,,,,,,,,,,,,,,,,,,,,,,,,,,,,,,,,,,,,,,,,,,,,,,
bmw,528i,528i,528i-2-8-1999,528i-2-8-1999,https://www.fichacompleta.com.br/carros/bmw/528i-2-8-1999,2026-06-18T15:33:30.465359,Bmw 528i 2.8 1999,"8,8 s",234 km/h,Corrente,Injeção multiponto,Natural,2793 cm³,6 em linha,M52B28,Duplo no cabeçote,84 mm,84 mm,Longitudinal,Dianteiro,"7,6 kg/cv","51,6 kg/kgfm","69,1 cv/litro",193 cv,"10,2:1",,,"10,2 kgfm/litro","28,6 kgfm",4,Admissão,Conversor de torque,Automático,ZF 5HP,5,,Traseira,1435 mm,1512 mm,1526 mm,535 kg,4775 mm,2830 mm,1800 mm,1475 kg,460 litros,,,70 litros,135 mm,Disco ventilado,Disco ventilado,"2,2 m²","0,638 m²","0,29",,Hidráulica,"11,3 m",,"Indep., McPherson",Mola helicoidal,"Indep., multibraço",735 km,448 km,"10,5 km/l","6,4 km/l",,,5300 rpm,3950 rpm,,,6500 rpm,Hidráulicos,,,,,,,,,,,,,,,,,,,,,,,,,,,,,,,,,,,,,,,,,,,,,,,,
bmw,528i,528i,528i-2-0-turbo-2012,528i-2-0-turbo-2012,https://www.fichacompleta.com.br/carros/bmw/528i-2-0-turbo-2012,2026-06-18T15:33:35.107774,Bmw 528i 2.0 Turbo 2012,"6,3 s",250 km/h,Corrente,Injeção direta,Turbocompressor,1997 cm³,4 em linha,N20B20,Duplo no cabeçote,"90,1 mm",84 mm,Longitudinal,Dianteiro,"6,6 kg/cv","45,4 kg/kgfm","122,7 cv/litro",245 cv,"10,3:1",6500 rpm,1250 rpm,"17,9 kgfm/litro","35,7 kgfm",4,Admissão e escape,Conversor de torque,Automático,ZF 8HP,8,8,Traseira,1464 mm,1600 mm,1627 mm,610 kg,4899 mm,2968 mm,1860 mm,1620 kg,520 litros,2000 kg,750 kg,70 litros,110 mm,Disco ventilado,Disco ventilado,"2,31 m²","0,670 m²","0,29","0,29",Eletro-hidráulica,"11,95 m","11,95 m","Indep., braços sobrepostos",Mola helicoidal,"Indep., multibraço",791 km,511 km,"11,3 km/l","7,3 km/l",141 mm,,,,,,,,,,,,,,,,,,,,,,,,,,,,,,,,,,,,,,,,,,,,,,,,,,,,,,,
bmw,528i,528i,528i-2-0-turbo-2013,528i-2-0-turbo-2013,https://www.fichacompleta.com.br/carros/bmw/528i-2-0-turbo-2013,2026-06-18T15:33:38.026903,Bmw 528i 2.0 Turbo 2013,"6,3 s",250 km/h,Corrente,Injeção direta,Turbocompressor,1997 cm³,4 em linha,N20B20,Duplo no cabeçote,"90,1 mm",84 mm,Longitudinal,Dianteiro,"6,6 kg/cv","45,4 kg/kgfm","122,7 cv/litro",245 cv,"10,3:1",,,"17,9 kgfm/litro","35,7 kgfm",4,Admissão e escape,Conversor de torque,Automático,ZF 8HP,8,,Traseira,1464 mm,1600 mm,1627 mm,610 kg,4899 mm,2968 mm,1860 mm,1620 kg,520 litros,2000 kg,750 kg,70 litros,110 mm,Disco ventilado,Disco ventilado,"2,31 m²","0,670 m²","0,29",,Eletro-hidráulica,"11,95 m",,"Indep., braços sobrepostos",Mola helicoidal,"Indep., multibraço",791 km,511 km,"11,3 km/l","7,3 km/l",141 mm,,6500 rpm,1250 rpm,,,,,,,,,,,,,,,,,,,,,,,,,,,,,,,,,,,,,,,,,,,,,,,,,,,,
bmw,528i,528i,528i-m-sport-2-0-turbo-2013,528i-m-sport-2-0-turbo-2013,https://www.fichacompleta.com.br/carros/bmw/528i-m-sport-2-0-turbo-2013,2026-06-18T15:33:42.055464,Bmw 528i M Sport 2.0 Turbo 2013,"6,2 s",250 km/h,Corrente,Injeção direta,Turbocompressor,,4 em linha,N20B20,Duplo no cabeçote,"90,1 mm",84 mm,Longitudinal,Dianteiro,"6,61 kg/cv","45,4 kg/kgfm","122,7 cv/litro",245 cv,"10,3:1",,,"17,9 kgfm/litro","35,7 kgfm",4,Admissão e escape,Conversor de torque,Automático,ZF 8HP,8,,Traseira,1464 mm,1600 mm,1627 mm,610 kg,4899 mm,2968 mm,1860 mm,1620 kg,520 litros,2000 kg,750 kg,70 litros,110 mm,Disco ventilado,Disco ventilado,"2,31 m²","0,670 m²","0,29",,Eletro-hidráulica,"11,95 m",,"Indep., braços sobrepostos",Mola helicoidal,"Indep., multibraço",791 km,511 km,"11,3 km/l","7,3 km/l",141 mm,,6500 rpm,1250 rpm,499 cm³,1997 cm³,,,,,,,,,,,,,,,,,,,,,,,,,,,,,,,,,,,,,,,,,,,,,,,,,,
bmw,528i,528i,528i-2-0-turbo-2014,528i-2-0-turbo-2014,https://www.fichacompleta.com.br/carros/bmw/528i-2-0-turbo-2014,2026-06-18T15:33:46.066153,Bmw 528i 2.0 Turbo 2014,"6,3 s",250 km/h,,Injeção direta,Turbocompressor,1997 cm³,4 em linha,N20B20,"Duplo no cabeçote, corrente","90,1 mm",84 mm,Longitudinal,Dianteiro,"6,6 kg/cv","45,4 kg/kgfm","122,7 cv/litro",245 cv a 6500 rpm,"10,3:1",,,"17,9 kgfm/litro","35,7 kgfm a 1250 rpm",4,Admissão e escape,Conversor de torque,Automático,ZF 8HP,,8,Traseira,1464 mm,1600 mm,1627 mm,610 kg,4899 mm,2968 mm,1860 mm,1620 kg,520 litros,2000 kg,750 kg,70 litros,110 mm,Disco ventilado,Disco ventilado,"2,31 m²","0,670 m²",,"0,29",Eletro-hidráulica,,"11,95 m","Independente, braços sobrepostos",Mola helicoidal,"Independente, multibraço",791 km,511 km,"11,3 km/l","7,3 km/l",141 mm,,,,,,,,,,,,,,,,,,,,,,,,,,,,,,,,,,,,,,,,,,,,,,,,,,,,,,,
bmw,528i,528i,528i-m-sport-2-0-turbo-2014,528i-m-sport-2-0-turbo-2014,https://www.fichacompleta.com.br/carros/bmw/528i-m-sport-2-0-turbo-2014,2026-06-18T15:33:49.318673,Bmw 528i M Sport 2.0 Turbo 2014,"6,2 s",250 km/h,Corrente,Injeção direta,Turbocompressor,,4 em linha,N20B20,Duplo no cabeçote,"90,1 mm",84 mm,Longitudinal,Dianteiro,"6,61 kg/cv","45,4 kg/kgfm","122,7 cv/litro",245 cv,"10,3:1",,,"17,9 kgfm/litro","35,7 kgfm",4,Admissão e escape,Conversor de torque,Automático,ZF 8HP,8,,Traseira,1464 mm,1600 mm,1627 mm,610 kg,4899 mm,2968 mm,1860 mm,1620 kg,520 litros,2000 kg,750 kg,70 litros,110 mm,Disco ventilado,Disco ventilado,"2,31 m²","0,670 m²","0,29",,Eletro-hidráulica,"11,95 m",,"Indep., braços sobrepostos",Mola helicoidal,"Indep., multibraço",791 km,511 km,"11,3 km/l","7,3 km/l",141 mm,,6500 rpm,1250 rpm,499 cm³,1997 cm³,,,,,,,,,,,,,,,,,,,,,,,,,,,,,,,,,,,,,,,,,,,,,,,,,,
bmw,528i,528i,528i-2-0-turbo-2015,528i-2-0-turbo-2015,https://www.fichacompleta.com.br/carros/bmw/528i-2-0-turbo-2015,2026-06-18T15:33:53.253913,Bmw 528i 2.0 Turbo 2015,"6,2 s",250 km/h,,Injeção direta,Turbocompressor,1997 cm³,4 em linha,N20B20,"Duplo no cabeçote, corrente",,,Longitudinal,Dianteiro,"6,6 kg/cv","45,4 kg/kgfm","122,7 cv/litro",245 cv a 6500 rpm,"10,3:1",,,"17,9 kgfm/litro","35,7 kgfm a 1250 rpm",4,Admissão e escape,Conversor de torque,Automático,ZF 8HP,,8,Traseira,1464 mm,1600 mm,1627 mm,610 kg,4899 mm,2968 mm,1860 mm,1620 kg,520 litros,2000 kg,750 kg,70 litros,110 mm,Disco ventilado,Disco ventilado,"2,31 m²","0,670 m²",,"0,29",Eletro-hidráulica,,"11,95 m","Independente, braços sobrepostos",Mola helicoidal,"Independente, multibraço",791 km,511 km,"11,3 km/l","7,3 km/l",141 mm,,,,,,,,"90,1 mm",84 mm,,,,,,,,,,,,,,,,,,,,,,,,,,,,,,,,,,,,,,,,,,,,,,
bmw,528i,528i,528i-2-0-turbo-2016,528i-2-0-turbo-2016,https://www.fichacompleta.com.br/carros/bmw/528i-2-0-turbo-2016,2026-06-18T15:33:56.930381,Bmw 528i 2.0 Turbo 2016,"6,2 s",250 km/h,,Injeção direta,Turbocompressor,1997 cm³,4 em linha,N20B20,"Duplo no cabeçote, corrente","90,1 mm",84 mm,Longitudinal,Dianteiro,"6,6 kg/cv","45,4 kg/kgfm","122,7 cv/litro",245 cv a 6500 rpm,"10,3:1",,,"17,9 kgfm/litro","35,7 kgfm a 1250 rpm",4,Admissão e escape,Conversor de torque,Automático,ZF 8HP,,8,Traseira,1464 mm,1600 mm,1627 mm,610 kg,4899 mm,2968 mm,1860 mm,1620 kg,520 litros,2000 kg,750 kg,70 litros,110 mm,Disco ventilado,Disco ventilado,"2,31 m²","0,670 m²",,"0,29",Eletro-hidráulica,,"11,95 m","Independente, braços sobrepostos",Mola helicoidal,"Independente, multibraço",791 km,511 km,"11,3 km/l","7,3 km/l",141 mm,,,,,,,,,,,,,,,,,,,,,,,,,,,,,,,,,,,,,,,,,,,,,,,,,,,,,,,
bmw,530e,530e,530e-m-sport-2-0-turbo-2019,530e-m-sport-2-0-turbo-2019,https://www.fichacompleta.com.br/carros/bmw/530e-m-sport-2-0-turbo-2019,2026-06-18T15:34:32.160729,Bmw 530e M Sport 2.0 Turbo 2019,"6,2 s",235 km/h,,Injeção direta,Turbocompressor,1998 cm³,4 em linha,B48B20,"Duplo no cabeçote, corrente","94,6 mm",82 mm,Longitudinal,Dianteiro,"9,6 kg/cv","59,8 kg/kgfm","92,1 cv/litro",184 cv a 5000 rpm,11:1,,,"14,8 kgfm/litro","29,6 kgfm a 1350 rpm",4,Admissão e escape,Conversor de torque,Automático,ZF 8HP,,8,Traseira,1483 mm,1604 mm,1631 mm,650 kg,4936 mm,2975 mm,1868 mm,1770 kg,410 litros,,,46 litros,110 mm,Disco ventilado,Disco ventilado,"2,35 m²","0,611 m²",,"0,26",Eletro-hidráulica,,12 m,"Independente, braços sobrepostos",Mola helicoidal,"Independente, multibraço",,,,,165 mm,Kit de reparo e enchimento,,,,,6800 rpm,Hidráulicos,,,,,,,,,,,113 cv,"25,5 kgfm",,,,,46 km,"9,2 kWh",,252 cv,"42,8 kgfm",,1007 km,961 km,"21,9 km/l","20,9 km/l",,,,,,,,,,,,,,,,,,,,,,
bmw,530e,530e,530e-m-sport-2-0-turbo-2020,530e-m-sport-2-0-turbo-2020,https://www.fichacompleta.com.br/carros/bmw/530e-m-sport-2-0-turbo-2020,2026-06-18T15:34:35.804722,Bmw 530e M Sport 2.0 Turbo 2020,"6,2 s",235 km/h,Corrente,Injeção direta,Turbocompressor,1998 cm³,4 em linha,B48B20,Duplo no cabeçote,"94,6 mm",82 mm,Longitudinal,Dianteiro,"9,6 kg/cv","59,8 kg/kgfm","92,1 cv/litro",184 cv,11:1,,,"14,8 kgfm/litro","29,6 kgfm",4,Admissão e escape,Conversor de torque,Automático,ZF 8HP,8,,Traseira,1483 mm,1604 mm,1631 mm,650 kg,4936 mm,2975 mm,1868 mm,1770 kg,410 litros,,,46 litros,110 mm,Disco ventilado,Disco ventilado,"2,35 m²","0,611 m²","0,26",,Eletro-hidráulica,12 m,,"Indep., braços sobrepostos",Mola helicoidal,"Indep., multibraço",,,,,165 mm,Kit de reparo e enchimento,5000 rpm,1350 rpm,,,6800 rpm,Hidráulicos,,,,,,,,,,,113 cv,"25,5 kgfm",,,,,46 km,"9,2 kWh",,252 cv,"42,8 kgfm",,1214 km,1012 km,"26,4 km/l",22 km/l,,,,,,,,,,,,,,,,,,,,,,
bmw,530e,530e,530e-m-sport-2-0-2021,530e-m-sport-2-0-2021,https://www.fichacompleta.com.br/carros/bmw/530e-m-sport-2-0-2021,2026-06-18T15:34:40.018724,Bmw 530e M Sport 2.0 2021,"5,9 s",235 km/h,Corrente,Injeção direta,Turbocompressor,1998 cm³,4 em linha,B48B20,Duplo no cabeçote,"94,6 mm",82 mm,Longitudinal,Dianteiro,"10,0 kg/cv","60,0 kg/kgfm","92,1 cv/litro",184 cv,11:1,,,"15,3 kgfm/litro","30,6 kgfm",4,Admissão e escape,Conversor de torque,Automático,ZF 8HP,8,,Traseira,1483 mm,1604 mm,1631 mm,650 kg,4963 mm,2975 mm,1868 mm,1835 kg,410 litros,,,46 litros,96 mm,Disco ventilado,Disco ventilado,"2,35 m²","0,588 m²","0,25",,Eletro-hidráulica,12 m,,"Indep., braços sobrepostos",Mola helicoidal,"Indep., multibraço",,,,,150 mm,Kit de reparo e enchimento,5000 rpm,1350 rpm,,,6800 rpm,Hidráulicos,,,,,,,,,,,109 cv,27 kgfm,,,,,56 km,"10,5 kWh",,292 cv,"42,8 kgfm",,1086 km,1040 km,"23,6 km/l","22,6 km/l",,,,,,,,,,,,,,,,,,,,,,
bmw,530e,530e,530e-m-sport-dark-edition-2-0-2021,530e-m-sport-dark-edition-2-0-2021,https://www.fichacompleta.com.br/carros/bmw/530e-m-sport-dark-edition-2-0-2021,2026-06-18T15:34:43.836928,Bmw 530e M Sport Dark Edition 2.0 2021,"5,9 s",235 km/h,Corrente,Injeção direta,Turbocompressor,1998 cm³,4 em linha,B48B20,Duplo no cabeçote,"94,6 mm",82 mm,Longitudinal,Dianteiro,"10,0 kg/cv","60,0 kg/kgfm","92,1 cv/litro",184 cv,11:1,,,"15,3 kgfm/litro","30,6 kgfm",4,Admissão e escape,Conversor de torque,Automático,ZF 8HP,8,,Traseira,1483 mm,1604 mm,1631 mm,650 kg,4963 mm,2975 mm,1868 mm,1835 kg,410 litros,,,46 litros,96 mm,Disco ventilado,Disco ventilado,"2,35 m²","0,588 m²","0,25",,Eletro-hidráulica,12 m,,"Indep., braços sobrepostos",Mola helicoidal,"Indep., multibraço",,,,,150 mm,Kit de reparo e enchimento,5000 rpm,1350 rpm,,,6800 rpm,Hidráulicos,,,,,,,,,,,109 cv,27 kgfm,,,,,56 km,"10,5 kWh",,292 cv,"42,8 kgfm",,1086 km,1040 km,"23,6 km/l","22,6 km/l",,,,,,,,,,,,,,,,,,,,,,
bmw,530e,530e,530e-m-sport-2-0-2022,530e-m-sport-2-0-2022,https://www.fichacompleta.com.br/carros/bmw/530e-m-sport-2-0-2022,2026-06-18T15:34:48.205739,Bmw 530e M Sport 2.0 2022,"5,9 s",235 km/h,Corrente,Injeção direta,Turbocompressor,1998 cm³,4 em linha,B48B20,Duplo no cabeçote,"94,6 mm",82 mm,Longitudinal,Dianteiro,"10,0 kg/cv","60,0 kg/kgfm","92,1 cv/litro",,11:1,5000 rpm,1350 rpm,"15,3 kgfm/litro",,4,Admissão e escape,Conversor de torque,Automático,ZF 8HP,8,,Traseira,1483 mm,1604 mm,1631 mm,650 kg,4963 mm,2975 mm,1868 mm,1835 kg,410 litros,,,46 litros,96 mm,Disco ventilado,Disco ventilado,"2,35 m²","0,588 m²","0,25",,Eletro-hidráulica,12 m,,"Indep., braços sobrepostos",Mola helicoidal,"Indep., multibraço",,,,,150 mm,Kit de reparo e enchimento,,,,,6800 rpm,Hidráulicos,,,,,,,,,,,109 cv,27 kgfm,,,,,56 km,"10,5 kWh",,292 cv,"42,8 kgfm",,1187 km,1104 km,"25,8 km/l",24 km/l,,,,,,,,,,,,,,,,,,,,,,
bmw,530e,530e,530e-luxury-2-0-2023,530e-luxury-2-0-2023,https://www.fichacompleta.com.br/carros/bmw/530e-luxury-2-0-2023,2026-06-18T15:34:53.045704,Bmw 530e Luxury 2.0 2023,"5,9 s",235 km/h,Corrente,Injeção direta,Turbocompressor,,4 em linha,B48B20,Duplo no cabeçote,"94,6 mm",82 mm,Longitudinal,Dianteiro,"9,97 kg/cv","60,0 kg/kgfm","92,1 cv/litro",184 cv,11:1,,,"15,3 kgfm/litro","30,6 kgfm",4,Admissão e escape,Conversor de torque,Automático,ZF 8HP,8,,Traseira,1483 mm,1604 mm,1631 mm,650 kg,4963 mm,2975 mm,1868 mm,1835 kg,410 litros,,,46 litros,96 mm,Disco ventilado,Disco ventilado,"2,35 m²","0,588 m²","0,25",,Elétrica,12 m,,"Indep., braços sobrepostos",Mola helicoidal,"Indep., multibraço",,,,,150 mm,Kit de reparo e enchimento,5000 rpm,1350 rpm,500 cm³,1998 cm³,6800 rpm,Hidráulicos,,,,,,,,,,,109 cv,27 kgfm,,,,,37 km,12 kWh,,292 cv,"42,8 kgfm",,524 km,465 km,"11,4 km/l","10,1 km/l",,,,,,,,,,,,,,,,,,,,,,
bmw,530e,530e,530e-m-sport-2-0-2023,530e-m-sport-2-0-2023,https://www.fichacompleta.com.br/carros/bmw/530e-m-sport-2-0-2023,2026-06-18T15:34:57.109142,Bmw 530e M Sport 2.0 2023,"5,9 s",235 km/h,Corrente,Injeção direta,Turbocompressor,,4 em linha,B48B20,Duplo no cabeçote,"94,6 mm",82 mm,Longitudinal,Dianteiro,"9,97 kg/cv","60,0 kg/kgfm","92,1 cv/litro",184 cv,11:1,,,"15,3 kgfm/litro","30,6 kgfm",4,Admissão e escape,Conversor de torque,Automático,ZF 8HP,8,,Traseira,1483 mm,1604 mm,1631 mm,650 kg,4963 mm,2975 mm,1868 mm,1835 kg,410 litros,,,46 litros,96 mm,Disco ventilado,Disco ventilado,"2,35 m²","0,588 m²","0,25",,Elétrica,12 m,,"Indep., braços sobrepostos",Mola helicoidal,"Indep., multibraço",,,,,150 mm,Kit de reparo e enchimento,5000 rpm,1350 rpm,500 cm³,1998 cm³,6800 rpm,Hidráulicos,,,,,,,,,,,109 cv,27 kgfm,,,,,37 km,12 kWh,,292 cv,"42,8 kgfm",,524 km,465 km,"11,4 km/l","10,1 km/l",,,,,,,,,,,,,,,,,,,,,,
bmw,530e,530e,530e-m-sport-dark-edition-2-0-2023,530e-m-sport-dark-edition-2-0-2023,https://www.fichacompleta.com.br/carros/bmw/530e-m-sport-dark-edition-2-0-2023,2026-06-18T15:34:59.719731,Bmw 530e M Sport Dark Edition 2.0 2023,"5,9 s",235 km/h,Corrente,Injeção direta,Turbocompressor,,4 em linha,B48B20,Duplo no cabeçote,"94,6 mm",82 mm,Longitudinal,Dianteiro,"9,97 kg/cv","60,0 kg/kgfm","92,1 cv/litro",184 cv,11:1,,,"15,3 kgfm/litro","30,6 kgfm",4,Admissão e escape,Conversor de torque,Automático,ZF 8HP,8,,Traseira,1483 mm,1604 mm,1631 mm,650 kg,4963 mm,2975 mm,1868 mm,1835 kg,410 litros,,,46 litros,96 mm,Disco ventilado,Disco ventilado,"2,35 m²","0,588 m²","0,25",,Elétrica,12 m,,"Indep., braços sobrepostos",Mola helicoidal,"Indep., multibraço",,,,,150 mm,Kit de reparo e enchimento,5000 rpm,1350 rpm,500 cm³,1998 cm³,6800 rpm,Hidráulicos,,,,,,,,,,,109 cv,27 kgfm,,,,,37 km,12 kWh,,292 cv,"42,8 kgfm",,524 km,465 km,"11,4 km/l","10,1 km/l",,,,,,,,,,,,,,,,,,,,,,
bmw,530e,530e,530e-m-sport-2-0-2024,530e-m-sport-2-0-2024,https://www.fichacompleta.com.br/carros/bmw/530e-m-sport-2-0-2024,2026-06-18T15:35:04.303146,Bmw 530e M Sport 2.0 2024,"6,3 s",230 km/h,Corrente,Injeção direta,Turbocompressor,,4 em linha,B48B20,Duplo no cabeçote,"94,6 mm",82 mm,Longitudinal,Dianteiro,"10,55 kg/cv","63,4 kg/kgfm","95,1 cv/litro",190 cv,"11,6:1",,,"15,8 kgfm/litro","31,6 kgfm",4,Admissão e escape,Conversor de torque,Automático,ZF 8HP,8,,Traseira,1515 mm,1680 mm,1716 mm,650 kg,5060 mm,2995 mm,1900 mm,2005 kg,520 litros,1800 kg,750 kg,60 litros,96 mm,Disco ventilado,Disco ventilado,"2,46 m²","0,590 m²","0,24",,Elétrica,"12,3 m",,"Indep., braços sobrepostos",Mola helicoidal,"Indep., multibraço",,,,,146 mm,Kit de reparo,4400 rpm,1500 rpm,500 cm³,1998 cm³,,Hidráulicos,,,,,,,,,,,184 cv,"25,5 kgfm",,,,,61 km,"19,4 kWh","19,9 kWh/100 km",299 cv,"45,9 kgfm",140 km/h,732 km,666 km,"12,2 km/l","11,1 km/l","7,4 kW (AC)",,,,,,,,,,,,,,,,,,,,,
bmw,530e,530e,530e-m-sport-2-0-2025,530e-m-sport-2-0-2025,https://www.fichacompleta.com.br/carros/bmw/530e-m-sport-2-0-2025,2026-06-18T15:35:07.889535,Bmw 530e M Sport 2.0 2025,"6,3 s",230 km/h,Corrente,Injeção direta,Turbocompressor,,4 em linha,B48B20,Duplo no cabeçote,"94,6 mm",82 mm,Longitudinal,Dianteiro,"10,55 kg/cv","63,4 kg/kgfm","95,1 cv/litro",190 cv,"11,6:1",,,"15,8 kgfm/litro","31,6 kgfm",4,Admissão e escape,Conversor de torque,Automático,ZF 8HP,8,,Traseira,1515 mm,1680 mm,1716 mm,650 kg,5060 mm,2995 mm,1900 mm,2005 kg,520 litros,1800 kg,750 kg,60 litros,96 mm,Disco ventilado,Disco ventilado,"2,46 m²","0,590 m²","0,24",,Elétrica,"12,3 m",,"Indep., braços sobrepostos",Mola helicoidal,"Indep., multibraço",,,,,146 mm,Kit de reparo,4400 rpm,1500 rpm,500 cm³,1998 cm³,,Hidráulicos,,,,,,,,,,,184 cv,"25,5 kgfm",,,,,61 km,"19,4 kWh","19,9 kWh/100 km",299 cv,"45,9 kgfm",140 km/h,732 km,666 km,"12,2 km/l","11,1 km/l","7,4 kW (AC)",,,,,,,,,,,,,,,,,,,,,
bmw,530e,530e,530e-m-sport-2-0-2026,530e-m-sport-2-0-2026,https://www.fichacompleta.com.br/carros/bmw/530e-m-sport-2-0-2026,2026-06-18T15:35:11.326822,Bmw 530e M Sport 2.0 2026,"6,3 s",230 km/h,Corrente,Injeção direta,Turbocompressor,,4 em linha,B48B20,Duplo no cabeçote,"94,6 mm",82 mm,Longitudinal,Dianteiro,"10,55 kg/cv","63,4 kg/kgfm","95,1 cv/litro",190 cv,"11,6:1",,,"15,8 kgfm/litro","31,6 kgfm",4,Admissão e escape,Conversor de torque,Automático,ZF 8HP,8,,Traseira,1515 mm,1680 mm,1716 mm,650 kg,5060 mm,2995 mm,1900 mm,2005 kg,520 litros,1800 kg,750 kg,60 litros,96 mm,Disco ventilado,Disco ventilado,"2,46 m²","0,590 m²","0,24",,Elétrica,"12,3 m",,"Indep., braços sobrepostos",Mola helicoidal,"Indep., multibraço",,,,,146 mm,Kit de reparo,4400 rpm,1500 rpm,500 cm³,1998 cm³,,Hidráulicos,,,,,,,,,,,184 cv,"25,5 kgfm",,,,,70 km,"19,4 kWh","19,9 kWh/100 km",299 cv,"45,9 kgfm",140 km/h,738 km,654 km,"12,3 km/l","10,9 km/l","7,4 kW (AC)","6,71 kg/cv","43,68 kg/kgfm",,,,,,,,,,,,,,,,,,,
bmw,530i,530i,530i-3-0-2001,530i-3-0-2001,https://www.fichacompleta.com.br/carros/bmw/530i-3-0-2001,2026-06-18T15:35:30.534551,Bmw 530i 3.0 2001,"7,6 s",244 km/h,Corrente,Injeção multiponto,Natural,2979 cm³,6 em linha,M54B30,Duplo no cabeçote,"89,6 mm",84 mm,Longitudinal,Dianteiro,"6,7 kg/cv","50,3 kg/kgfm","77,5 cv/litro",231 cv,"10,2:1",5900 rpm,3500 rpm,"10,3 kgfm/litro","30,6 kgfm",4,Admissão e escape,Conversor de torque,Automático,,5,5,Traseira,1435 mm,,,,4775 mm,2830 mm,1800 mm,1540 kg,460 litros,,,70 litros,124 mm,Disco ventilado,Disco ventilado,,,,,Hidráulica,"11,3 m","11,3 m","Indep., McPherson",Mola helicoidal,"Indep., multibraço",714 km,441 km,"10,2 km/l","6,3 km/l",,,,,,,6500 rpm,Hidráulicos,,,,,,,,,,,,,,,,,,,,,,,,,,,,,,,,,,,,,,,,,,,,,,,,
bmw,530i,530i,530i-3-0-2004,530i-3-0-2004,https://www.fichacompleta.com.br/carros/bmw/530i-3-0-2004,2026-06-18T15:35:34.076529,Bmw 530i 3.0 2004,"6,7 s",250 km/h,Corrente,Injeção multiponto,Natural,2996 cm³,6 em linha,N52B30,Duplo no cabeçote,88 mm,85 mm,Longitudinal,Dianteiro,"5,8 kg/cv","49,0 kg/kgfm","86,1 cv/litro",258 cv,"10,7:1",,,"10,2 kgfm/litro","30,6 kgfm",4,Admissão e escape,Conversor de torque,Automático,,6,,Traseira,1468 mm,1558 mm,1582 mm,560 kg,4841 mm,2888 mm,1846 mm,1500 kg,520 litros,,,70 litros,124 mm,Disco ventilado,Disco ventilado,"2,3 m²","0,644 m²","0,28",,Hidráulica,"11,4 m",,"Indep., McPherson",Mola helicoidal,"Indep., multibraço",665 km,392 km,"9,5 km/l","5,6 km/l",,,6600 rpm,2500 rpm,,,,Hidráulicos,,,,,,,,,,,,,,,,,,,,,,,,,,,,,,,,,,,,,,,,,,,,,,,,
bmw,530i,530i,530i-3-0-2005,530i-3-0-2005,https://www.fichacompleta.com.br/carros/bmw/530i-3-0-2005,2026-06-18T15:35:38.276204,Bmw 530i 3.0 2005,"6,7 s",250 km/h,Corrente,Injeção multiponto,Natural,2996 cm³,6 em linha,N52B30,Duplo no cabeçote,88 mm,85 mm,Longitudinal,Dianteiro,"5,8 kg/cv","49,0 kg/kgfm","86,1 cv/litro",258 cv,"10,7:1",,,"10,2 kgfm/litro","30,6 kgfm",4,Admissão e escape,Conversor de torque,Automático,,6,,Traseira,1468 mm,1558 mm,1582 mm,560 kg,4841 mm,2888 mm,1846 mm,1500 kg,520 litros,,,70 litros,124 mm,Disco ventilado,Disco ventilado,"2,3 m²","0,644 m²","0,28",,Hidráulica,"11,4 m",,"Indep., McPherson",Mola helicoidal,"Indep., multibraço",665 km,392 km,"9,5 km/l","5,6 km/l",,,6600 rpm,2500 rpm,,,,Hidráulicos,,,,,,,,,,,,,,,,,,,,,,,,,,,,,,,,,,,,,,,,,,,,,,,,
bmw,530i,530i,530i-3-0-2006,530i-3-0-2006,https://www.fichacompleta.com.br/carros/bmw/530i-3-0-2006,2026-06-18T15:35:42.398475,Bmw 530i 3.0 2006,"6,7 s",250 km/h,,Injeção multiponto,Natural,2996 cm³,6 em linha,N52B30,"Duplo no cabeçote, corrente",88 mm,85 mm,Longitudinal,Dianteiro,"5,8 kg/cv","49,0 kg/kgfm","86,1 cv/litro",258 cv a 6600 rpm,"10,7:1",,,"10,2 kgfm/litro","30,6 kgfm a 2500 rpm",4,Admissão e escape,Conversor de torque,Automático,,,6,Traseira,1468 mm,1558 mm,1582 mm,560 kg,4841 mm,2888 mm,1846 mm,1500 kg,520 litros,,,70 litros,124 mm,Disco ventilado,Disco ventilado,"2,3 m²","0,644 m²",,"0,28",Hidráulica,,"11,4 m","Independente, McPherson",Mola helicoidal,"Independente, multibraço",665 km,392 km,"9,5 km/l","5,6 km/l",,,,,,,,Hidráulicos,,,,,,,,,,,,,,,,,,,,,,,,,,,,,,,,,,,,,,,,,,,,,,,,
bmw,530i,530i,530i-3-0-2007,530i-3-0-2007,https://www.fichacompleta.com.br/carros/bmw/530i-3-0-2007,2026-06-18T15:35:46.974493,Bmw 530i 3.0 2007,"6,7 s",250 km/h,,Injeção multiponto,Natural,2996 cm³,6 em linha,N52B30,"Duplo no cabeçote, corrente",,,Longitudinal,Dianteiro,"5,8 kg/cv","49,0 kg/kgfm","86,1 cv/litro",258 cv a 6600 rpm,"10,7:1",,,"10,2 kgfm/litro","30,6 kgfm a 2500 rpm",4,Admissão e escape,Conversor de torque,Automático,,,6,Traseira,1468 mm,1558 mm,1582 mm,560 kg,4841 mm,2888 mm,1846 mm,1500 kg,520 litros,,,70 litros,124 mm,Disco ventilado,Disco ventilado,"2,3 m²","0,644 m²",,"0,28",Hidráulica,,"11,4 m","Independente, McPherson",Mola helicoidal,"Independente, multibraço",665 km,392 km,"9,5 km/l","5,6 km/l",,,,,,,,Hidráulicos,88 mm,85 mm,,,,,,,,,,,,,,,,,,,,,,,,,,,,,,,,,,,,,,,,,,,,,,
bmw,530i,530i,530i-3-0-2008,530i-3-0-2008,https://www.fichacompleta.com.br/carros/bmw/530i-3-0-2008,2026-06-18T15:35:50.474814,Bmw 530i 3.0 2008,"6,7 s",250 km/h,Corrente,Injeção multiponto,Natural,2996 cm³,6 em linha,N52B30,Duplo no cabeçote,88 mm,85 mm,Longitudinal,Dianteiro,"5,8 kg/cv","49,0 kg/kgfm","86,1 cv/litro",258 cv,"10,7:1",,,"10,2 kgfm/litro","30,6 kgfm",4,Admissão e escape,Conversor de torque,Automático,,6,,Traseira,1468 mm,1558 mm,1582 mm,560 kg,4841 mm,2888 mm,1846 mm,1500 kg,520 litros,,,70 litros,124 mm,Disco ventilado,Disco ventilado,"2,3 m²","0,644 m²","0,28",,Hidráulica,"11,4 m",,"Indep., McPherson",Mola helicoidal,"Indep., multibraço",665 km,392 km,"9,5 km/l","5,6 km/l",,,6600 rpm,2500 rpm,,,,Hidráulicos,,,,,,,,,,,,,,,,,,,,,,,,,,,,,,,,,,,,,,,,,,,,,,,,
bmw,530i,530i,530i-3-0-2009,530i-3-0-2009,https://www.fichacompleta.com.br/carros/bmw/530i-3-0-2009,2026-06-18T15:35:54.144655,Bmw 530i 3.0 2009,"6,7 s",250 km/h,,Injeção multiponto,Natural,2996 cm³,6 em linha,N52B30,"Duplo no cabeçote, corrente",,,Longitudinal,Dianteiro,"5,8 kg/cv","49,0 kg/kgfm","86,1 cv/litro",258 cv a 6600 rpm,"10,7:1",,,"10,2 kgfm/litro","30,6 kgfm a 2500 rpm",4,Admissão e escape,Conversor de torque,Automático,,,6,Traseira,1468 mm,1558 mm,1582 mm,560 kg,4841 mm,2888 mm,1846 mm,1500 kg,520 litros,,,70 litros,124 mm,Disco ventilado,Disco ventilado,"2,3 m²","0,644 m²",,"0,28",Hidráulica,,"11,4 m","Independente, McPherson",Mola helicoidal,"Independente, multibraço",665 km,392 km,"9,5 km/l","5,6 km/l",,,,,,,,Hidráulicos,88 mm,85 mm,,,,,,,,,,,,,,,,,,,,,,,,,,,,,,,,,,,,,,,,,,,,,,
bmw,530i,530i,530i-3-0-2010,530i-3-0-2010,https://www.fichacompleta.com.br/carros/bmw/530i-3-0-2010,2026-06-18T15:35:57.649240,Bmw 530i 3.0 2010,"6,7 s",250 km/h,Corrente,Injeção multiponto,Natural,2996 cm³,6 em linha,N52B30,Duplo no cabeçote,88 mm,85 mm,Longitudinal,Dianteiro,"5,8 kg/cv","49,0 kg/kgfm","86,1 cv/litro",258 cv,"10,7:1",,,"10,2 kgfm/litro","30,6 kgfm",4,Admissão e escape,Conversor de torque,Automático,,6,,Traseira,1468 mm,1558 mm,1582 mm,560 kg,4841 mm,2888 mm,1846 mm,1500 kg,520 litros,,,70 litros,124 mm,Disco ventilado,Disco ventilado,"2,3 m²","0,644 m²","0,28",,Hidráulica,"11,4 m",,"Indep., McPherson",Mola helicoidal,"Indep., multibraço",665 km,392 km,"9,5 km/l","5,6 km/l",,,6600 rpm,2500 rpm,,,,Hidráulicos,,,,,,,,,,,,,,,,,,,,,,,,,,,,,,,,,,,,,,,,,,,,,,,,
bmw,530i,530i,530i-m-sport-2-0-turbo-2017,530i-m-sport-2-0-turbo-2017,https://www.fichacompleta.com.br/carros/bmw/530i-m-sport-2-0-turbo-2017,2026-06-18T15:36:01.142615,Bmw 530i M Sport 2.0 Turbo 2017,"6,2 s",250 km/h,,Injeção direta,Turbocompressor,1998 cm³,4 em linha,B48B20,"Duplo no cabeçote, corrente","94,6 mm",82 mm,Longitudinal,Dianteiro,"6,1 kg/cv","43,1 kg/kgfm","126,1 cv/litro",252 cv a 5200 rpm,"10,2:1",,,"17,9 kgfm/litro","35,7 kgfm a 1450 rpm",4,Admissão e escape,Conversor de torque,Automático,ZF 8HP,,8,Traseira,1479 mm,1605 mm,1630 mm,660 kg,4936 mm,2975 mm,1868 mm,1540 kg,390 litros,2000 kg,750 kg,68 litros,110 mm,Disco ventilado,Disco ventilado,"2,35 m²","0,564 m²",,"0,24",Eletro-hidráulica,,12 m,"Independente, braços sobrepostos",Mola helicoidal,"Independente, multibraço",850 km,666 km,"12,5 km/l","9,8 km/l",144 mm,,,,,,6800 rpm,Hidráulicos,,,,,,,,,,,,,,,,,,,,,,,,,,,,,,,,,,,,,,,,,,,,,,,,
bmw,530i,530i,530i-m-sport-2-0-turbo-2018,530i-m-sport-2-0-turbo-2018,https://www.fichacompleta.com.br/carros/bmw/530i-m-sport-2-0-turbo-2018,2026-06-18T15:36:05.218524,Bmw 530i M Sport 2.0 Turbo 2018,"6,2 s",250 km/h,,Injeção direta,Turbocompressor,1998 cm³,4 em linha,B48B20,"Duplo no cabeçote, corrente","94,6 mm",82 mm,Longitudinal,Dianteiro,"6,1 kg/cv","43,1 kg/kgfm","126,1 cv/litro",252 cv a 5200 rpm,"10,2:1",,,"17,9 kgfm/litro","35,7 kgfm a 1450 rpm",4,Admissão e escape,Conversor de torque,Automático,ZF 8HP,,8,Traseira,1479 mm,1605 mm,1630 mm,660 kg,4936 mm,2975 mm,1868 mm,1540 kg,390 litros,2000 kg,750 kg,68 litros,110 mm,Disco ventilado,Disco ventilado,"2,35 m²","0,564 m²",,"0,24",Eletro-hidráulica,,12 m,"Independente, braços sobrepostos",Mola helicoidal,"Independente, multibraço",850 km,666 km,"12,5 km/l","9,8 km/l",144 mm,,,,,,6800 rpm,Hidráulicos,,,,,,,,,,,,,,,,,,,,,,,,,,,,,,,,,,,,,,,,,,,,,,,,
bmw,530i,530i,530i-m-sport-2-0-turbo-2019,530i-m-sport-2-0-turbo-2019,https://www.fichacompleta.com.br/carros/bmw/530i-m-sport-2-0-turbo-2019,2026-06-18T15:36:09.894862,Bmw 530i M Sport 2.0 Turbo 2019,"6,2 s",250 km/h,Corrente,Injeção direta,Turbocompressor,1998 cm³,4 em linha,B48B20,Duplo no cabeçote,"94,6 mm",82 mm,Longitudinal,Dianteiro,"6,1 kg/cv","43,1 kg/kgfm","126,1 cv/litro",252 cv,"10,2:1",,,"17,9 kgfm/litro","35,7 kgfm",4,Admissão e escape,Conversor de torque,Automático,ZF 8HP,8,,Traseira,1479 mm,1605 mm,1630 mm,660 kg,4936 mm,2975 mm,1868 mm,1540 kg,390 litros,2000 kg,750 kg,68 litros,110 mm,Disco ventilado,Disco ventilado,"2,35 m²","0,564 m²","0,24",,Eletro-hidráulica,12 m,,"Indep., braços sobrepostos",Mola helicoidal,"Indep., multibraço",850 km,714 km,"12,5 km/l","10,5 km/l",144 mm,,5200 rpm,1450 rpm,,,6800 rpm,Hidráulicos,,,,,,,,,,,,,,,,,,,,,,,,,,,,,,,,,,,,,,,,,,,,,,,,
bmw,535i,535i,535i-3-4-1991,535i-3-4-1991,https://www.fichacompleta.com.br/carros/bmw/535i-3-4-1991,2026-06-18T15:36:43.972038,Bmw 535i 3.4 1991,"9,1 s",228 km/h,,Injeção multiponto,Natural,3430 cm³,6 em linha,M30B35,"Duplo no cabeçote, corrente",86 mm,92 mm,Longitudinal,Dianteiro,"7,8 kg/cv","53,1 kg/kgfm","61,5 cv/litro",211 cv a 5700 rpm,9:1,,,"9,1 kgfm/litro","31,1 kgfm a 4000 rpm",2,,Conversor de torque,Automático,,,4,Traseira,1412 mm,1470 mm,1495 mm,,4720 mm,2761 mm,1751 mm,1650 kg,460 litros,,,80 litros,135 mm,Disco ventilado,Disco ventilado,"2,1 m²","0,672 m²",,"0,32",Hidráulica,,11 m,"Independente, McPherson",Mola helicoidal,"Independente, multibraço",640 km,464 km,8 km/l,"5,8 km/l",,,,,,,,Hidráulicos,,,,,,,,,,,,,,,,,,,,,,,,,,,,,,,,,,,,,,,,,,,,,,,,
bmw,535i,535i,535i-3-4-1993,535i-3-4-1993,https://www.fichacompleta.com.br/carros/bmw/535i-3-4-1993,2026-06-18T15:36:46.868397,Bmw 535i 3.4 1993,"9,1 s",228 km/h,Corrente,Injeção multiponto,Natural,3430 cm³,6 em linha,M30B35,Duplo no cabeçote,86 mm,92 mm,Longitudinal,Dianteiro,"7,8 kg/cv","53,1 kg/kgfm","61,5 cv/litro",211 cv,9:1,5700 rpm,4000 rpm,"9,1 kgfm/litro","31,1 kgfm",2,,Conversor de torque,Automático,ZF 4HP,4,,Traseira,1412 mm,1470 mm,1495 mm,,4720 mm,2761 mm,1751 mm,1650 kg,460 litros,,,80 litros,135 mm,Disco ventilado,Disco ventilado,"2,1 m²","0,672 m²","0,32",,Hidráulica,11 m,,"Indep., McPherson",Mola helicoidal,"Indep., multibraço",640 km,464 km,8 km/l,"5,8 km/l",,,,,,,,Hidráulicos,,,,,,,,,,,,,,,,,,,,,,,,,,,,,,,,,,,,,,,,,,,,,,,,
bmw,535i,535i,535i-3-0-turbo-2010,535i-3-0-turbo-2010,https://www.fichacompleta.com.br/carros/bmw/535i-3-0-turbo-2010,2026-06-18T15:36:49.829863,Bmw 535i 3.0 Turbo 2010,"6,1 s",250 km/h,Corrente,Injeção direta,Turbocompressor,2979 cm³,6 em linha,N55B30M0,Duplo no cabeçote,"89,6 mm",84 mm,Longitudinal,Dianteiro,"5,6 kg/cv","41,7 kg/kgfm","102,7 cv/litro",306 cv,"10,2:1",,,"13,7 kgfm/litro","40,8 kgfm",4,Admissão e escape,Conversor de torque,Automático,ZF 8HP,8,,Traseira,1464 mm,1600 mm,1627 mm,610 kg,4899 mm,2968 mm,1860 mm,1700 kg,520 litros,,,70 litros,124 mm,Disco ventilado,Disco ventilado,"2,31 m²","0,670 m²","0,29",,Hidráulica,12 m,,"Indep., braços sobrepostos",Mola helicoidal,"Indep., multibraço",770 km,455 km,11 km/l,"6,5 km/l",141 mm,,5800 rpm,1200 rpm,,,7000 rpm,Hidráulicos,,,,,,,,,,,,,,,,,,,,,,,,,,,,,,,,,,,,,,,,,,,,,,,,
bmw,535i,535i,535i-3-0-turbo-2011,535i-3-0-turbo-2011,https://www.fichacompleta.com.br/carros/bmw/535i-3-0-turbo-2011,2026-06-18T15:36:54.661431,Bmw 535i 3.0 Turbo 2011,"6,1 s",250 km/h,,Injeção direta,Turbocompressor,2979 cm³,6 em linha,N55B30M0,"Duplo no cabeçote, corrente","89,6 mm",84 mm,Longitudinal,Dianteiro,"5,6 kg/cv","41,7 kg/kgfm","102,7 cv/litro",306 cv a 5800 rpm,"10,2:1",,,"13,7 kgfm/litro","40,8 kgfm a 1200 rpm",4,Admissão e escape,Conversor de torque,Automático,ZF 8HP,,8,Traseira,1464 mm,1600 mm,1627 mm,610 kg,4899 mm,2968 mm,1860 mm,1700 kg,520 litros,,,70 litros,124 mm,Disco ventilado,Disco ventilado,"2,31 m²","0,670 m²",,"0,29",Hidráulica,,12 m,"Independente, braços sobrepostos",Mola helicoidal,"Independente, multibraço",770 km,455 km,11 km/l,"6,5 km/l",141 mm,,,,,,7000 rpm,Hidráulicos,,,,,,,,,,,,,,,,,,,,,,,,,,,,,,,,,,,,,,,,,,,,,,,,
bmw,535i,535i,535i-3-0-turbo-2012,535i-3-0-turbo-2012,https://www.fichacompleta.com.br/carros/bmw/535i-3-0-turbo-2012,2026-06-18T15:36:57.537613,Bmw 535i 3.0 Turbo 2012,"6,1 s",250 km/h,,Injeção direta,Turbocompressor,2979 cm³,6 em linha,N55B30M0,"Duplo no cabeçote, corrente","89,6 mm",84 mm,Longitudinal,Dianteiro,"5,6 kg/cv","41,7 kg/kgfm","102,7 cv/litro",306 cv a 5800 rpm,"10,2:1",,,"13,7 kgfm/litro","40,8 kgfm a 1200 rpm",4,Admissão e escape,Conversor de torque,Automático,ZF 8HP,,8,Traseira,1464 mm,1600 mm,1627 mm,610 kg,4899 mm,2968 mm,1860 mm,1700 kg,520 litros,,,70 litros,124 mm,Disco ventilado,Disco ventilado,"2,31 m²","0,670 m²",,"0,29",Hidráulica,,12 m,"Independente, braços sobrepostos",Mola helicoidal,"Independente, multibraço",770 km,455 km,11 km/l,"6,5 km/l",141 mm,,,,,,7000 rpm,Hidráulicos,,,,,,,,,,,,,,,,,,,,,,,,,,,,,,,,,,,,,,,,,,,,,,,,
bmw,535i,535i,535i-3-0-turbo-2013,535i-3-0-turbo-2013,https://www.fichacompleta.com.br/carros/bmw/535i-3-0-turbo-2013,2026-06-18T15:37:01.914922,Bmw 535i 3.0 Turbo 2013,"6,1 s",250 km/h,,Injeção direta,Turbocompressor,2979 cm³,6 em linha,N55B30M0,"Duplo no cabeçote, corrente","89,6 mm",84 mm,Longitudinal,Dianteiro,"5,6 kg/cv","41,7 kg/kgfm","102,7 cv/litro",306 cv a 5800 rpm,"10,2:1",,,"13,7 kgfm/litro","40,8 kgfm a 1200 rpm",4,Admissão e escape,Conversor de torque,Automático,ZF 8HP,,8,Traseira,1464 mm,1600 mm,1627 mm,610 kg,4899 mm,2968 mm,1860 mm,1700 kg,520 litros,,,70 litros,124 mm,Disco ventilado,Disco ventilado,"2,31 m²","0,670 m²",,"0,29",Hidráulica,,12 m,"Independente, braços sobrepostos",Mola helicoidal,"Independente, multibraço",770 km,455 km,11 km/l,"6,5 km/l",141 mm,,,,,,7000 rpm,Hidráulicos,,,,,,,,,,,,,,,,,,,,,,,,,,,,,,,,,,,,,,,,,,,,,,,,
bmw,535i,535i,535i-m-sport-3-0-2013,535i-m-sport-3-0-2013,https://www.fichacompleta.com.br/carros/bmw/535i-m-sport-3-0-2013,2026-06-18T15:37:05.699718,Bmw 535i M Sport 3.0 2013,"5,7 s",250 km/h,Corrente,Injeção direta,Turbocompressor,,6 em linha,N55B30M0,Duplo no cabeçote,"89,6 mm",84 mm,Longitudinal,Dianteiro,"5,52 kg/cv","41,4 kg/kgfm","102,7 cv/litro",306 cv,"10,2:1",,,"13,7 kgfm/litro","40,8 kgfm",4,Admissão e escape,Conversor de torque,Automático,ZF 8HP,8,,Traseira,1464 mm,1600 mm,1627 mm,610 kg,4907 mm,2968 mm,1860 mm,1690 kg,520 litros,,,70 litros,98 mm,Disco ventilado,Disco ventilado,"2,31 m²","0,601 m²","0,26",,Eletro-hidráulica,12 m,,"Indep., braços sobrepostos",Mola helicoidal,"Indep., multibraço",728 km,518 km,"10,4 km/l","7,4 km/l",141 mm,,6000 rpm,1200 rpm,497 cm³,2979 cm³,7000 rpm,Hidráulicos,,,,,,,,,,,,,,,,,,,,,,,,,,,,,,,,,,,,,,,,,,,,,,,,
bmw,535i,535i,535i-m-sport-3-0-biturbo-2014,535i-m-sport-3-0-biturbo-2014,https://www.fichacompleta.com.br/carros/bmw/535i-m-sport-3-0-biturbo-2014,2026-06-18T15:37:08.661025,Bmw 535i M Sport 3.0 biturbo 2014,"5,7 s",250 km/h,Corrente,Injeção direta,Turbocompressor,2979 cm³,6 em linha,N55B30M0,Duplo no cabeçote,"89,6 mm",84 mm,Longitudinal,Dianteiro,"5,5 kg/cv","41,4 kg/kgfm","102,7 cv/litro",306 cv,"10,2:1",6000 rpm,1200 rpm,"13,7 kgfm/litro","40,8 kgfm",4,Admissão e escape,Conversor de torque,Automático,ZF 8HP,8,8,Traseira,1464 mm,1600 mm,1627 mm,610 kg,4907 mm,2968 mm,1860 mm,1690 kg,520 litros,,,70 litros,98 mm,Disco ventilado,Disco ventilado,"2,31 m²","0,601 m²","0,26","0,26",Eletro-hidráulica,12 m,12 m,"Indep., braços sobrepostos",Mola helicoidal,"Indep., multibraço",728 km,518 km,"10,4 km/l","7,4 km/l",141 mm,,,,,,7000 rpm,Hidráulicos,,,,,,,,,,,,,,,,,,,,,,,,,,,,,,,,,,,,,,,,,,,,,,,,
bmw,535i,535i,535i-m-sport-3-0-biturbo-2015,535i-m-sport-3-0-biturbo-2015,https://www.fichacompleta.com.br/carros/bmw/535i-m-sport-3-0-biturbo-2015,2026-06-18T15:37:12.540791,Bmw 535i M Sport 3.0 biturbo 2015,"5,7 s",250 km/h,,Injeção direta,Turbocompressor,2979 cm³,6 em linha,N55B30M0,"Duplo no cabeçote, corrente","89,6 mm",84 mm,Longitudinal,Dianteiro,"5,5 kg/cv","41,4 kg/kgfm","102,7 cv/litro",306 cv a 6000 rpm,"10,2:1",,,"13,7 kgfm/litro","40,8 kgfm a 1200 rpm",4,Admissão e escape,Conversor de torque,Automático,ZF 8HP,,8,Traseira,1464 mm,1600 mm,1627 mm,610 kg,4907 mm,2968 mm,1860 mm,1690 kg,520 litros,,,70 litros,98 mm,Disco ventilado,Disco ventilado,"2,31 m²","0,601 m²",,"0,26",Eletro-hidráulica,,12 m,"Independente, braços sobrepostos",Mola helicoidal,"Independente, multibraço",728 km,518 km,"10,4 km/l","7,4 km/l",141 mm,,,,,,7000 rpm,Hidráulicos,,,,,,,,,,,,,,,,,,,,,,,,,,,,,,,,,,,,,,,,,,,,,,,,
bmw,535i,535i,535i-m-sport-3-0-biturbo-2016,535i-m-sport-3-0-biturbo-2016,https://www.fichacompleta.com.br/carros/bmw/535i-m-sport-3-0-biturbo-2016,2026-06-18T15:37:16.071798,Bmw 535i M Sport 3.0 biturbo 2016,"5,7 s",250 km/h,,Injeção direta,Turbocompressor,2979 cm³,6 em linha,N55B30M0,"Duplo no cabeçote, corrente","89,6 mm",84 mm,Longitudinal,Dianteiro,"5,5 kg/cv","41,4 kg/kgfm","102,7 cv/litro",306 cv a 6000 rpm,"10,2:1",,,"13,7 kgfm/litro","40,8 kgfm a 1200 rpm",4,Admissão e escape,Conversor de torque,Automático,ZF 8HP,,8,Traseira,1464 mm,1600 mm,1627 mm,610 kg,4907 mm,2968 mm,1860 mm,1690 kg,520 litros,,,70 litros,98 mm,Disco ventilado,Disco ventilado,"2,31 m²","0,601 m²",,"0,26",Eletro-hidráulica,,12 m,"Independente, braços sobrepostos",Mola helicoidal,"Independente, multibraço",728 km,518 km,"10,4 km/l","7,4 km/l",141 mm,,,,,,7000 rpm,Hidráulicos,,,,,,,,,,,,,,,,,,,,,,,,,,,,,,,,,,,,,,,,,,,,,,,,
bmw,535i Gt,535i-gt,535i-gt-3-0-turbo-2010,535i-gt-3-0-turbo-2010,https://www.fichacompleta.com.br/carros/bmw/535i-gt-3-0-turbo-2010,2026-06-18T15:37:35.843011,Bmw 535i Gt 3.0 Turbo 2010,"6,3 s",250 km/h,,Injeção direta,Turbocompressor,2979 cm³,6 em linha,N55B30M0,"Duplo no cabeçote, corrente","89,6 mm",84 mm,Longitudinal,Dianteiro,"6,3 kg/cv","47,5 kg/kgfm","102,7 cv/litro",306 cv a 5800 rpm,"10,2:1",,,"13,7 kgfm/litro","40,8 kgfm a 1200 rpm",4,Admissão e escape,Conversor de torque,Automático,ZF 8HP,,8,Traseira,1559 mm,1611 mm,1654 mm,630 kg,4998 mm,3070 mm,1901 mm,1940 kg,440 litros,,,70 litros,123 mm,Disco ventilado,Disco ventilado,"2,52 m²","0,781 m²",,"0,31",Hidráulica,,"12,2 m","Independente, braços sobrepostos",Mola pneumática,"Independente, multibraço",714 km,420 km,"10,2 km/l",6 km/l,145 mm,,,,,,7000 rpm,Hidráulicos,,,,,,,,,,,,,,,,,,,,,,,,,,,,,,,,,,,,,,,,,,,,,,,,
bmw,535i Gt,535i-gt,535i-gt-3-0-turbo-2011,535i-gt-3-0-turbo-2011,https://www.fichacompleta.com.br/carros/bmw/535i-gt-3-0-turbo-2011,2026-06-18T15:37:39.644008,Bmw 535i Gt 3.0 Turbo 2011,"6,3 s",250 km/h,Corrente,Injeção direta,Turbocompressor,2979 cm³,6 em linha,N55B30M0,Duplo no cabeçote,"89,6 mm",84 mm,Longitudinal,Dianteiro,"6,3 kg/cv","47,5 kg/kgfm","102,7 cv/litro",306 cv,"10,2:1",5800 rpm,1200 rpm,"13,7 kgfm/litro","40,8 kgfm",4,Admissão e escape,Conversor de torque,Automático,ZF 8HP,8,8,Traseira,1559 mm,1611 mm,1654 mm,630 kg,4998 mm,3070 mm,1901 mm,1940 kg,440 litros,,,70 litros,123 mm,Disco ventilado,Disco ventilado,"2,52 m²","0,781 m²","0,31","0,31",Hidráulica,"12,2 m","12,2 m","Indep., braços sobrepostos",Mola pneumática,"Indep., multibraço",714 km,420 km,"10,2 km/l",6 km/l,145 mm,,,,,,7000 rpm,Hidráulicos,,,,,,,,,,,,,,,,,,,,,,,,,,,,,,,,,,,,,,,,,,,,,,,,
bmw,535i Gt,535i-gt,535i-gt-3-0-turbo-2012,535i-gt-3-0-turbo-2012,https://www.fichacompleta.com.br/carros/bmw/535i-gt-3-0-turbo-2012,2026-06-18T15:37:43.099792,Bmw 535i Gt 3.0 Turbo 2012,"6,3 s",250 km/h,Corrente,Injeção direta,Turbocompressor,2979 cm³,6 em linha,N55B30M0,Duplo no cabeçote,"89,6 mm",84 mm,Longitudinal,Dianteiro,"6,3 kg/cv","47,5 kg/kgfm","102,7 cv/litro",306 cv,"10,2:1",,,"13,7 kgfm/litro","40,8 kgfm",4,Admissão e escape,Conversor de torque,Automático,ZF 8HP,8,,Traseira,1559 mm,1611 mm,1654 mm,630 kg,4998 mm,3070 mm,1901 mm,1940 kg,440 litros,,,70 litros,123 mm,Disco ventilado,Disco ventilado,"2,52 m²","0,781 m²","0,31",,Hidráulica,"12,2 m",,"Indep., braços sobrepostos",Mola pneumática,"Indep., multibraço",714 km,420 km,"10,2 km/l",6 km/l,145 mm,,5800 rpm,1200 rpm,,,7000 rpm,Hidráulicos,,,,,,,,,,,,,,,,,,,,,,,,,,,,,,,,,,,,,,,,,,,,,,,,
bmw,540i,540i,540i-4-0-v8-1993,540i-4-0-v8-1993,https://www.fichacompleta.com.br/carros/bmw/540i-4-0-v8-1993,2026-06-18T15:38:03.180867,Bmw 540i 4.0 V8 1993,"6,8 s",250 km/h,,Injeção multiponto,Natural,3982 cm³,8 em V,M60B40,Duplo no cabeçote,80 mm,89 mm,Longitudinal,Dianteiro,"5,8 kg/cv","40,4 kg/kgfm","71,8 cv/litro",286 cv a 5800 rpm,10:1,,,"10,2 kgfm/litro","40,8 kgfm a 4500 rpm",4,,Conversor de torque,Automático,,,5,Traseira,1412 mm,1470 mm,1495 mm,510 kg,4720 mm,2761 mm,1751 mm,1650 kg,460 litros,,,80 litros,135 mm,Disco ventilado,Disco ventilado,"2,1 m²","0,672 m²",,"0,32",Hidráulica,,11 m,"Independente, McPherson",Mola helicoidal,"Independente, braços sobrepostos",592 km,368 km,"7,4 km/l","4,6 km/l",,,,,,,,,,,,,,,,,,,,,,,,,,,,,,,,,,,,,,,,,,,,,,,,,,,,,,,,
bmw,540i,540i,540i-4-0-v8-1994,540i-4-0-v8-1994,https://www.fichacompleta.com.br/carros/bmw/540i-4-0-v8-1994,2026-06-18T15:38:06.222610,Bmw 540i 4.0 V8 1994,"6,8 s",250 km/h,,Injeção multiponto,Natural,3982 cm³,8 em V,M60B40,Duplo no cabeçote,80 mm,89 mm,Longitudinal,Dianteiro,"5,8 kg/cv","40,4 kg/kgfm","71,8 cv/litro",286 cv,10:1,5800 rpm,4500 rpm,"10,2 kgfm/litro","40,8 kgfm",4,,Conversor de torque,Automático,,5,,Traseira,1412 mm,1470 mm,1495 mm,510 kg,4720 mm,2761 mm,1751 mm,1650 kg,460 litros,,,80 litros,135 mm,Disco ventilado,Disco ventilado,"2,1 m²","0,672 m²","0,32",,Hidráulica,11 m,,"Indep., McPherson",Mola helicoidal,"Indep., braços sobrepostos",592 km,368 km,"7,4 km/l","4,6 km/l",,,,,,,,,,,,,,,,,,,,,,,,,,,,,,,,,,,,,,,,,,,,,,,,,,,,,,,,
bmw,540i,540i,540i-4-0-v8-1995,540i-4-0-v8-1995,https://www.fichacompleta.com.br/carros/bmw/540i-4-0-v8-1995,2026-06-18T15:38:17.000796,Bmw 540i 4.0 V8 1995,"6,8 s",250 km/h,,Injeção multiponto,Natural,3982 cm³,8 em V,M60B40,Duplo no cabeçote,80 mm,89 mm,Longitudinal,Dianteiro,"5,8 kg/cv","40,4 kg/kgfm","71,8 cv/litro",286 cv,10:1,,,"10,2 kgfm/litro","40,8 kgfm",4,,Conversor de torque,Automático,,5,,Traseira,1412 mm,1470 mm,1495 mm,510 kg,4720 mm,2761 mm,1751 mm,1650 kg,460 litros,,,80 litros,135 mm,Disco ventilado,Disco ventilado,"2,1 m²","0,672 m²","0,32",,Hidráulica,11 m,,"Indep., McPherson",Mola helicoidal,"Indep., braços sobrepostos",592 km,368 km,"7,4 km/l","4,6 km/l",,,5800 rpm,4500 rpm,,,,,,,,,,,,,,,,,,,,,,,,,,,,,,,,,,,,,,,,,,,,,,,,,,,,
bmw,540i,540i,540i-4-4-v8-1996,540i-4-4-v8-1996,https://www.fichacompleta.com.br/carros/bmw/540i-4-4-v8-1996,2026-06-18T15:38:21.329842,Bmw 540i 4.4 V8 1996,"6,5 s",250 km/h,,Injeção multiponto,Natural,4398 cm³,8 em V,M62B44,Duplo no cabeçote,"82,7 mm",92 mm,Longitudinal,Dianteiro,"5,7 kg/cv","37,9 kg/kgfm","65,0 cv/litro",286 cv a 5700 rpm,10:1,,,"9,7 kgfm/litro","42,8 kgfm a 3900 rpm",4,,Conversor de torque,Automático,ZF 5HP,,5,Traseira,1435 mm,1512 mm,1526 mm,585 kg,4775 mm,2830 mm,1800 mm,1620 kg,460 litros,,,70 litros,124 mm,Disco ventilado,Disco ventilado,"2,2 m²","0,660 m²",,"0,3",Hidráulica,,"11,3 m","Independente, McPherson",Mola helicoidal,"Independente, multibraço",560 km,336 km,8 km/l,"4,8 km/l",,,,,,,6100 rpm,,,,,,,,,,,,,,,,,,,,,,,,,,,,,,,,,,,,,,,,,,,,,,,,,
bmw,540i,540i,540i-4-4-v8-1997,540i-4-4-v8-1997,https://www.fichacompleta.com.br/carros/bmw/540i-4-4-v8-1997,2026-06-18T15:38:24.813970,Bmw 540i 4.4 V8 1997,"6,5 s",250 km/h,,Injeção multiponto,Natural,4398 cm³,8 em V,M62B44,Duplo no cabeçote,"82,7 mm",92 mm,Longitudinal,Dianteiro,"5,7 kg/cv","37,9 kg/kgfm","65,0 cv/litro",286 cv,10:1,,,"9,7 kgfm/litro","42,8 kgfm",4,,Conversor de torque,Automático,ZF 5HP,5,,Traseira,1435 mm,1512 mm,1526 mm,585 kg,4775 mm,2830 mm,1800 mm,1620 kg,460 litros,,,70 litros,124 mm,Disco ventilado,Disco ventilado,"2,2 m²","0,660 m²","0,3",,Hidráulica,"11,3 m",,"Indep., McPherson",Mola helicoidal,"Indep., multibraço",560 km,336 km,8 km/l,"4,8 km/l",,,5700 rpm,3900 rpm,,,6100 rpm,,,,,,,,,,,,,,,,,,,,,,,,,,,,,,,,,,,,,,,,,,,,,,,,,
bmw,540i,540i,540i-4-4-v8-1998,540i-4-4-v8-1998,https://www.fichacompleta.com.br/carros/bmw/540i-4-4-v8-1998,2026-06-18T15:38:28.454788,Bmw 540i 4.4 V8 1998,"6,5 s",250 km/h,,Injeção multiponto,Natural,4398 cm³,8 em V,M62B44,Duplo no cabeçote,"82,7 mm",92 mm,Longitudinal,Dianteiro,"5,7 kg/cv","37,9 kg/kgfm","65,0 cv/litro",286 cv,10:1,,,"9,7 kgfm/litro","42,8 kgfm",4,,Conversor de torque,Automático,ZF 5HP,5,,Traseira,1435 mm,1512 mm,1526 mm,585 kg,4775 mm,2830 mm,1800 mm,1620 kg,460 litros,,,70 litros,124 mm,Disco ventilado,Disco ventilado,"2,2 m²","0,660 m²","0,3",,Hidráulica,"11,3 m",,"Indep., McPherson",Mola helicoidal,"Indep., multibraço",560 km,336 km,8 km/l,"4,8 km/l",,,5700 rpm,3900 rpm,,,6100 rpm,,,,,,,,,,,,,,,,,,,,,,,,,,,,,,,,,,,,,,,,,,,,,,,,,
bmw,540i,540i,540i-4-4-v8-1999,540i-4-4-v8-1999,https://www.fichacompleta.com.br/carros/bmw/540i-4-4-v8-1999,2026-06-18T15:38:31.366554,Bmw 540i 4.4 V8 1999,"6,5 s",250 km/h,,Injeção multiponto,Natural,4398 cm³,8 em V,M62TUB44,Duplo no cabeçote,"82,7 mm",92 mm,Longitudinal,Dianteiro,"5,9 kg/cv","37,3 kg/kgfm","65,0 cv/litro",286 cv a 5400 rpm,10:1,,,"10,2 kgfm/litro","44,9 kgfm a 3600 rpm",4,Admissão e escape,Conversor de torque,Automático,ZF 5HP,,5,Traseira,1435 mm,1512 mm,1526 mm,530 kg,4775 mm,2830 mm,1800 mm,1675 kg,460 litros,,,70 litros,124 mm,Disco ventilado,Disco ventilado,"2,2 m²","0,660 m²",,"0,3",Hidráulica,,"11,3 m","Independente, McPherson",Mola helicoidal,"Independente, multibraço",560 km,336 km,8 km/l,"4,8 km/l",,,,,,,,,,,,,,,,,,,,,,,,,,,,,,,,,,,,,,,,,,,,,,,,,,,,,,,,
bmw,540i,540i,540i-4-4-v8-2000,540i-4-4-v8-2000,https://www.fichacompleta.com.br/carros/bmw/540i-4-4-v8-2000,2026-06-18T15:38:35.668233,Bmw 540i 4.4 V8 2000,"6,5 s",250 km/h,,Injeção multiponto,Natural,4398 cm³,8 em V,M62TUB44,Duplo no cabeçote,"82,7 mm",92 mm,Longitudinal,Dianteiro,"5,9 kg/cv","37,3 kg/kgfm","65,0 cv/litro",286 cv,10:1,,,"10,2 kgfm/litro","44,9 kgfm",4,Admissão e escape,Conversor de torque,Automático,ZF 5HP,5,,Traseira,1435 mm,1512 mm,1526 mm,530 kg,4775 mm,2830 mm,1800 mm,1675 kg,460 litros,,,70 litros,124 mm,Disco ventilado,Disco ventilado,"2,2 m²","0,660 m²","0,3",,Hidráulica,"11,3 m",,"Indep., McPherson",Mola helicoidal,"Indep., multibraço",560 km,336 km,8 km/l,"4,8 km/l",,,5400 rpm,3600 rpm,,,,,,,,,,,,,,,,,,,,,,,,,,,,,,,,,,,,,,,,,,,,,,,,,,,,
bmw,540i,540i,540i-4-4-v8-2001,540i-4-4-v8-2001,https://www.fichacompleta.com.br/carros/bmw/540i-4-4-v8-2001,2026-06-18T15:38:39.832941,Bmw 540i 4.4 V8 2001,"6,4 s",250 km/h,,Injeção multiponto,Natural,4398 cm³,8 em V,M62TUB44,Duplo no cabeçote,"82,7 mm",92 mm,Longitudinal,Dianteiro,"5,9 kg/cv","37,3 kg/kgfm","65,0 cv/litro",286 cv a 5400 rpm,10:1,,,"10,2 kgfm/litro","44,9 kgfm a 3600 rpm",4,Admissão e escape,Conversor de torque,Automático,ZF 5HP,,5,Traseira,1435 mm,1512 mm,1526 mm,530 kg,4775 mm,2830 mm,1800 mm,1675 kg,460 litros,,,70 litros,124 mm,Disco ventilado,Disco ventilado,"2,2 m²","0,660 m²",,"0,3",Hidráulica,,"11,3 m","Independente, McPherson",Mola helicoidal,"Independente, multibraço",595 km,350 km,"8,5 km/l",5 km/l,,,,,,,,,,,,,,,,,,,,,,,,,,,,,,,,,,,,,,,,,,,,,,,,,,,,,,,,
bmw,540i,540i,540i-4-4-v8-2002,540i-4-4-v8-2002,https://www.fichacompleta.com.br/carros/bmw/540i-4-4-v8-2002,2026-06-18T15:38:42.851591,Bmw 540i 4.4 V8 2002,"6,4 s",250 km/h,,Injeção multiponto,Natural,4398 cm³,8 em V,M62TUB44,Duplo no cabeçote,"82,7 mm",92 mm,Longitudinal,Dianteiro,"5,9 kg/cv","37,3 kg/kgfm","65,0 cv/litro",286 cv,10:1,,,"10,2 kgfm/litro","44,9 kgfm",4,Admissão e escape,Conversor de torque,Automático,ZF 5HP,5,,Traseira,1435 mm,1512 mm,1526 mm,530 kg,4775 mm,2830 mm,1800 mm,1675 kg,460 litros,,,70 litros,124 mm,Disco ventilado,Disco ventilado,"2,2 m²","0,660 m²","0,3",,Hidráulica,"11,3 m",,"Indep., McPherson",Mola helicoidal,"Indep., multibraço",595 km,350 km,"8,5 km/l",5 km/l,,,5400 rpm,3600 rpm,,,,,,,,,,,,,,,,,,,,,,,,,,,,,,,,,,,,,,,,,,,,,,,,,,,,
bmw,540i,540i,540i-4-4-v8-2003,540i-4-4-v8-2003,https://www.fichacompleta.com.br/carros/bmw/540i-4-4-v8-2003,2026-06-18T15:38:47.103167,Bmw 540i 4.4 V8 2003,"6,4 s",250 km/h,,Injeção multiponto,Natural,4398 cm³,8 em V,M62TUB44,Duplo no cabeçote,"82,7 mm",92 mm,Longitudinal,Dianteiro,"5,9 kg/cv","37,3 kg/kgfm","65,0 cv/litro",286 cv a 5400 rpm,10:1,,,"10,2 kgfm/litro","44,9 kgfm a 3600 rpm",4,Admissão e escape,Conversor de torque,Automático,ZF 5HP,,5,Traseira,1435 mm,1512 mm,1526 mm,530 kg,4775 mm,2830 mm,1800 mm,1675 kg,460 litros,,,70 litros,124 mm,Disco ventilado,Disco ventilado,"2,2 m²","0,660 m²",,"0,3",Hidráulica,,"11,3 m","Independente, McPherson",Mola helicoidal,"Independente, multibraço",595 km,350 km,"8,5 km/l",5 km/l,,,,,,,,,,,,,,,,,,,,,,,,,,,,,,,,,,,,,,,,,,,,,,,,,,,,,,,,
bmw,540i,540i,540i-m-sport-3-0-biturbo-2017,540i-m-sport-3-0-biturbo-2017,https://www.fichacompleta.com.br/carros/bmw/540i-m-sport-3-0-biturbo-2017,2026-06-18T15:38:50.387094,Bmw 540i M Sport 3.0 biturbo 2017,"5,1 s",250 km/h,,Injeção direta,Turbocompressor,2998 cm³,6 em linha,B58B30M0,"Duplo no cabeçote, corrente","94,6 mm",82 mm,Longitudinal,Dianteiro,"4,7 kg/cv","34,8 kg/kgfm","113,4 cv/litro",340 cv a 5500 rpm,11:1,,,"15,3 kgfm/litro","45,8 kgfm a 1380 rpm",4,Admissão e escape,Conversor de torque,Automático,ZF 8HP,,8,Traseira,1479 mm,1605 mm,1630 mm,675 kg,4936 mm,2975 mm,1868 mm,1595 kg,390 litros,2000 kg,750 kg,68 litros,96 mm,Disco ventilado,Disco ventilado,"2,35 m²","0,588 m²",,"0,25",Eletro-hidráulica,,12 m,"Independente, braços sobrepostos",Mola helicoidal,"Independente, multibraço",789 km,571 km,"11,6 km/l","8,4 km/l",144 mm,,,,,,7000 rpm,Hidráulicos,,,,,,,,,,,,,,,,,,,,,,,,,,,,,,,,,,,,,,,,,,,,,,,,
bmw,540i,540i,540i-m-sport-3-0-biturbo-2018,540i-m-sport-3-0-biturbo-2018,https://www.fichacompleta.com.br/carros/bmw/540i-m-sport-3-0-biturbo-2018,2026-06-18T15:38:54.662127,Bmw 540i M Sport 3.0 biturbo 2018,"5,1 s",250 km/h,,Injeção direta,Turbocompressor,2998 cm³,6 em linha,B58B30M0,"Duplo no cabeçote, corrente","94,6 mm",82 mm,Longitudinal,Dianteiro,"4,7 kg/cv","34,8 kg/kgfm","113,4 cv/litro",340 cv a 5500 rpm,11:1,,,"15,3 kgfm/litro","45,8 kgfm a 1380 rpm",4,Admissão e escape,Conversor de torque,Automático,ZF 8HP,,8,Traseira,1479 mm,1605 mm,1630 mm,675 kg,4936 mm,2975 mm,1868 mm,1595 kg,390 litros,2000 kg,750 kg,68 litros,96 mm,Disco ventilado,Disco ventilado,"2,35 m²","0,588 m²",,"0,25",Eletro-hidráulica,,12 m,"Independente, braços sobrepostos",Mola helicoidal,"Independente, multibraço",789 km,578 km,"11,6 km/l","8,5 km/l",144 mm,,,,,,7000 rpm,Hidráulicos,,,,,,,,,,,,,,,,,,,,,,,,,,,,,,,,,,,,,,,,,,,,,,,,
bmw,540i,540i,540i-m-sport-3-0-biturbo-2019,540i-m-sport-3-0-biturbo-2019,https://www.fichacompleta.com.br/carros/bmw/540i-m-sport-3-0-biturbo-2019,2026-06-18T15:38:58.258687,Bmw 540i M Sport 3.0 biturbo 2019,"5,1 s",250 km/h,,Injeção direta,Turbocompressor,2998 cm³,6 em linha,B58B30M0,"Duplo no cabeçote, corrente","94,6 mm",82 mm,Longitudinal,Dianteiro,"4,7 kg/cv","34,8 kg/kgfm","113,4 cv/litro",340 cv a 5500 rpm,11:1,,,"15,3 kgfm/litro","45,8 kgfm a 1380 rpm",4,Admissão e escape,Conversor de torque,Automático,ZF 8HP,,8,Traseira,1479 mm,1605 mm,1630 mm,675 kg,4936 mm,2975 mm,1868 mm,1595 kg,390 litros,2000 kg,750 kg,68 litros,96 mm,Disco ventilado,Disco ventilado,"2,35 m²","0,588 m²",,"0,25",Eletro-hidráulica,,12 m,"Independente, braços sobrepostos",Mola helicoidal,"Independente, multibraço",789 km,578 km,"11,6 km/l","8,5 km/l",144 mm,,,,,,7000 rpm,Hidráulicos,,,,,,,,,,,,,,,,,,,,,,,,,,,,,,,,,,,,,,,,,,,,,,,,
bmw,540i,540i,540i-m-sport-3-0-biturbo-2020,540i-m-sport-3-0-biturbo-2020,https://www.fichacompleta.com.br/carros/bmw/540i-m-sport-3-0-biturbo-2020,2026-06-18T15:39:01.843226,Bmw 540i M Sport 3.0 biturbo 2020,"5,1 s",250 km/h,Corrente,Injeção direta,Turbocompressor,2998 cm³,6 em linha,B58B30M0,Duplo no cabeçote,"94,6 mm",82 mm,Longitudinal,Dianteiro,"4,7 kg/cv","34,8 kg/kgfm","113,4 cv/litro",340 cv,11:1,,,"15,3 kgfm/litro","45,8 kgfm",4,Admissão e escape,Conversor de torque,Automático,ZF 8HP,8,,Traseira,1479 mm,1605 mm,1630 mm,675 kg,4936 mm,2975 mm,1868 mm,1595 kg,390 litros,2000 kg,750 kg,68 litros,96 mm,Disco ventilado,Disco ventilado,"2,35 m²","0,588 m²","0,25",,Eletro-hidráulica,12 m,,"Indep., braços sobrepostos",Mola helicoidal,"Indep., multibraço",775 km,598 km,"11,4 km/l","8,8 km/l",144 mm,,5500 rpm,1380 rpm,,,7000 rpm,Hidráulicos,,,,,,,,,,,,,,,,,,,,,,,,,,,,,,,,,,,,,,,,,,,,,,,,
bmw,540i Touring,540i-touring,540i-touring-4-4-v8-1998,540i-touring-4-4-v8-1998,https://www.fichacompleta.com.br/carros/bmw/540i-touring-4-4-v8-1998,2026-06-18T15:39:22.686791,Bmw 540i Touring 4.4 V8 1998,"6,7 s",250 km/h,,Injeção multiponto,Natural,4398 cm³,8 em V,M62B44,Duplo no cabeçote,"82,7 mm",92 mm,Longitudinal,Dianteiro,"6,0 kg/cv","40,4 kg/kgfm","65,0 cv/litro",286 cv,10:1,,,"9,7 kgfm/litro","42,8 kgfm",4,,Conversor de torque,Automático,ZF 5HP,5,,Traseira,1445 mm,1512 mm,1522 mm,585 kg,4805 mm,2830 mm,1800 mm,1730 kg,410 litros,,,70 litros,124 mm,Disco ventilado,Disco ventilado,"2,21 m²","0,729 m²","0,33",,Hidráulica,"11,3 m",,"Indep., McPherson",Mola helicoidal,"Indep., multibraço",546 km,329 km,"7,8 km/l","4,7 km/l",,,5700 rpm,3900 rpm,,,6100 rpm,,,,,,,,,,,,,,,,,,,,,,,,,,,,,,,,,,,,,,,,,,,,,,,,,
bmw,540i Touring,540i-touring,540i-touring-4-4-v8-1999,540i-touring-4-4-v8-1999,https://www.fichacompleta.com.br/carros/bmw/540i-touring-4-4-v8-1999,2026-06-18T15:39:26.487933,Bmw 540i Touring 4.4 V8 1999,"6,7 s",250 km/h,,Injeção multiponto,Natural,4398 cm³,8 em V,M62B44,Duplo no cabeçote,"82,7 mm",92 mm,Longitudinal,Dianteiro,"6,0 kg/cv","40,4 kg/kgfm","65,0 cv/litro",286 cv a 5700 rpm,10:1,,,"9,7 kgfm/litro","42,8 kgfm a 3900 rpm",4,,Conversor de torque,Automático,ZF 5HP,,5,Traseira,1445 mm,1512 mm,1522 mm,585 kg,4805 mm,2830 mm,1800 mm,1730 kg,410 litros,,,70 litros,124 mm,Disco ventilado,Disco ventilado,"2,21 m²","0,729 m²",,"0,33",Hidráulica,,"11,3 m","Independente, McPherson",Mola helicoidal,"Independente, multibraço",546 km,329 km,"7,8 km/l","4,7 km/l",,,,,,,6100 rpm,,,,,,,,,,,,,,,,,,,,,,,,,,,,,,,,,,,,,,,,,,,,,,,,,
bmw,545i,545i,545i-4-4-v8-2004,545i-4-4-v8-2004,https://www.fichacompleta.com.br/carros/bmw/545i-4-4-v8-2004,2026-06-18T15:39:46.365987,Bmw 545i 4.4 V8 2004,"5,9 s",250 km/h,,Injeção multiponto,Natural,4398 cm³,8 em V,N62B44,Duplo no cabeçote,"82,7 mm",92 mm,Longitudinal,Dianteiro,"4,9 kg/cv","35,6 kg/kgfm","75,7 cv/litro",333 cv,10:1,,,"10,4 kgfm/litro","45,9 kgfm",4,Admissão e escape,Conversor de torque,Automático,ZF 6HP,6,,Traseira,1468 mm,1558 mm,1582 mm,560 kg,4841 mm,2888 mm,1846 mm,1635 kg,520 litros,,,70 litros,113 mm,Disco ventilado,Disco ventilado,"2,3 m²","0,644 m²","0,28",,Hidráulica,"11,4 m",,"Indep., McPherson",Mola helicoidal,"Indep., multibraço",595 km,315 km,"8,5 km/l","4,5 km/l",,,6100 rpm,3600 rpm,,,6500 rpm,,,,,,,,,,,,,,,,,,,,,,,,,,,,,,,,,,,,,,,,,,,,,,,,,
bmw,545i,545i,545i-4-4-v8-2005,545i-4-4-v8-2005,https://www.fichacompleta.com.br/carros/bmw/545i-4-4-v8-2005,2026-06-18T15:39:50.081864,Bmw 545i 4.4 V8 2005,"5,9 s",250 km/h,,Injeção multiponto,Natural,4398 cm³,8 em V,N62B44,Duplo no cabeçote,"82,7 mm",92 mm,Longitudinal,Dianteiro,"4,9 kg/cv","35,6 kg/kgfm","75,7 cv/litro",333 cv a 6100 rpm,10:1,,,"10,4 kgfm/litro","45,9 kgfm a 3600 rpm",4,Admissão e escape,Conversor de torque,Automático,ZF 6HP,,6,Traseira,1468 mm,1558 mm,1582 mm,560 kg,4841 mm,2888 mm,1846 mm,1635 kg,520 litros,,,70 litros,113 mm,Disco ventilado,Disco ventilado,"2,3 m²","0,644 m²",,"0,28",Hidráulica,,"11,4 m","Independente, McPherson",Mola helicoidal,"Independente, multibraço",595 km,315 km,"8,5 km/l","4,5 km/l",,,,,,,6500 rpm,,,,,,,,,,,,,,,,,,,,,,,,,,,,,,,,,,,,,,,,,,,,,,,,,
bmw,545i,545i,545i-4-4-v8-2006,545i-4-4-v8-2006,https://www.fichacompleta.com.br/carros/bmw/545i-4-4-v8-2006,2026-06-18T15:39:59.307010,Bmw 545i 4.4 V8 2006,"5,9 s",250 km/h,,Injeção multiponto,Natural,4398 cm³,8 em V,N62B44,Duplo no cabeçote,"82,7 mm",92 mm,Longitudinal,Dianteiro,"4,9 kg/cv","35,6 kg/kgfm","75,7 cv/litro",333 cv,10:1,,,"10,4 kgfm/litro","45,9 kgfm",4,Admissão e escape,Conversor de torque,Automático,ZF 6HP,6,,Traseira,1468 mm,1558 mm,1582 mm,560 kg,4841 mm,2888 mm,1846 mm,1635 kg,520 litros,,,70 litros,113 mm,Disco ventilado,Disco ventilado,"2,3 m²","0,644 m²","0,28",,Hidráulica,"11,4 m",,"Indep., McPherson",Mola helicoidal,"Indep., multibraço",595 km,315 km,"8,5 km/l","4,5 km/l",,,6100 rpm,3600 rpm,,,6500 rpm,,,,,,,,,,,,,,,,,,,,,,,,,,,,,,,,,,,,,,,,,,,,,,,,,
bmw,550i,550i,550i-4-8-v8-2006,550i-4-8-v8-2006,https://www.fichacompleta.com.br/carros/bmw/550i-4-8-v8-2006,2026-06-18T15:40:18.489828,Bmw 550i 4.8 V8 2006,"5,3 s",250 km/h,,Injeção multiponto,Natural,4799 cm³,8 em V,N62B48,Duplo no cabeçote,"88,3 mm",93 mm,Longitudinal,Dianteiro,"4,7 kg/cv","34,7 kg/kgfm","76,5 cv/litro",367 cv,"10,5:1",,,"10,4 kgfm/litro",50 kgfm,4,Admissão e escape,Conversor de torque,Automático,,6,,Traseira,1468 mm,1558 mm,1581 mm,560 kg,4841 mm,2888 mm,1846 mm,1735 kg,520 litros,,,70 litros,113 mm,Disco ventilado,Disco ventilado,"2,3 m²","0,621 m²","0,27",,Hidráulica,"11,4 m",,"Indep., McPherson",Mola helicoidal,"Indep., multibraço",497 km,259 km,"7,1 km/l","3,7 km/l",,,6300 rpm,3400 rpm,,,6500 rpm,,,,,,,,,,,,,,,,,,,,,,,,,,,,,,,,,,,,,,,,,,,,,,,,,
bmw,550i,550i,550i-4-8-v8-2007,550i-4-8-v8-2007,https://www.fichacompleta.com.br/carros/bmw/550i-4-8-v8-2007,2026-06-18T15:40:23.161344,Bmw 550i 4.8 V8 2007,"5,3 s",250 km/h,,Injeção multiponto,Natural,4799 cm³,8 em V,N62B48,Duplo no cabeçote,"88,3 mm",93 mm,Longitudinal,Dianteiro,"4,7 kg/cv","34,7 kg/kgfm","76,5 cv/litro",367 cv a 6300 rpm,"10,5:1",,,"10,4 kgfm/litro",50 kgfm a 3400 rpm,4,Admissão e escape,Conversor de torque,Automático,,,6,Traseira,1468 mm,1558 mm,1581 mm,560 kg,4841 mm,2888 mm,1846 mm,1735 kg,520 litros,,,70 litros,113 mm,Disco ventilado,Disco ventilado,"2,3 m²","0,621 m²",,"0,27",Hidráulica,,"11,4 m","Independente, McPherson",Mola helicoidal,"Independente, multibraço",497 km,259 km,"7,1 km/l","3,7 km/l",,,,,,,6500 rpm,,,,,,,,,,,,,,,,,,,,,,,,,,,,,,,,,,,,,,,,,,,,,,,,,
bmw,550i,550i,550i-4-8-v8-2008,550i-4-8-v8-2008,https://www.fichacompleta.com.br/carros/bmw/550i-4-8-v8-2008,2026-06-18T15:40:28.406737,Bmw 550i 4.8 V8 2008,"5,3 s",250 km/h,,Injeção multiponto,Natural,4799 cm³,8 em V,N62B48,Duplo no cabeçote,"88,3 mm",93 mm,Longitudinal,Dianteiro,"4,7 kg/cv","34,7 kg/kgfm","76,5 cv/litro",367 cv,"10,5:1",,,"10,4 kgfm/litro",50 kgfm,4,Admissão e escape,Conversor de torque,Automático,,6,,Traseira,1468 mm,1558 mm,1581 mm,560 kg,4841 mm,2888 mm,1846 mm,1735 kg,520 litros,,,70 litros,113 mm,Disco ventilado,Disco ventilado,"2,3 m²","0,621 m²","0,27",,Hidráulica,"11,4 m",,"Indep., McPherson",Mola helicoidal,"Indep., multibraço",497 km,259 km,"7,1 km/l","3,7 km/l",,,6300 rpm,3400 rpm,,,6500 rpm,,,,,,,,,,,,,,,,,,,,,,,,,,,,,,,,,,,,,,,,,,,,,,,,,
bmw,550i,550i,550i-4-8-v8-2009,550i-4-8-v8-2009,https://www.fichacompleta.com.br/carros/bmw/550i-4-8-v8-2009,2026-06-18T15:40:31.795095,Bmw 550i 4.8 V8 2009,"5,3 s",250 km/h,,Injeção multiponto,Natural,4799 cm³,8 em V,N62B48,Duplo no cabeçote,"88,3 mm",93 mm,Longitudinal,Dianteiro,"4,7 kg/cv","34,7 kg/kgfm","76,5 cv/litro",367 cv a 6300 rpm,"10,5:1",,,"10,4 kgfm/litro",50 kgfm a 3400 rpm,4,Admissão e escape,Conversor de torque,Automático,,,6,Traseira,1468 mm,1558 mm,1581 mm,560 kg,4841 mm,2888 mm,1846 mm,1735 kg,520 litros,,,70 litros,113 mm,Disco ventilado,Disco ventilado,"2,3 m²","0,621 m²",,"0,27",Hidráulica,,"11,4 m","Independente, McPherson",Mola helicoidal,"Independente, multibraço",497 km,259 km,"7,1 km/l","3,7 km/l",,,,,,,6500 rpm,,,,,,,,,,,,,,,,,,,,,,,,,,,,,,,,,,,,,,,,,,,,,,,,,
bmw,550i,550i,550i-4-4-v8-2010,550i-4-4-v8-2010,https://www.fichacompleta.com.br/carros/bmw/550i-4-4-v8-2010,2026-06-18T15:40:35.673303,Bmw 550i 4.4 V8 2010,5 s,250 km/h,Corrente,Injeção direta,Turbocompressor,4395 cm³,8 em V,N63B44,Duplo no cabeçote,"88,3 mm",89 mm,Longitudinal,Dianteiro,"4,5 kg/cv","29,9 kg/kgfm","92,2 cv/litro",405 cv,10:1,,,"13,9 kgfm/litro","61,2 kgfm",4,Admissão e escape,Conversor de torque,Automático,ZF 8HP,8,,Traseira,1464 mm,1600 mm,1627 mm,600 kg,4899 mm,2968 mm,1860 mm,1830 kg,520 litros,,,70 litros,110 mm,Disco ventilado,Disco ventilado,"2,31 m²","0,693 m²","0,3",,Hidráulica,12 m,,"Indep., braços sobrepostos",Mola helicoidal,"Indep., multibraço",714 km,357 km,"10,2 km/l","5,1 km/l",141 mm,,5500 rpm,1750 rpm,,,,Hidráulicos,,,,,,,,,,,,,,,,,,,,,,,,,,,,,,,,,,,,,,,,,,,,,,,,
bmw,550i,550i,550i-limited-sport-edition-4-8-v8-2010,550i-limited-sport-edition-4-8-v8-2010,https://www.fichacompleta.com.br/carros/bmw/550i-limited-sport-edition-4-8-v8-2010,2026-06-18T15:40:39.665557,Bmw 550i Limited Sport Edition 4.8 V8 2010,"5,3 s",250 km/h,,Injeção multiponto,Natural,,8 em V,N62B48,Duplo no cabeçote,"88,3 mm",93 mm,Longitudinal,Dianteiro,"4,73 kg/cv","34,7 kg/kgfm","76,5 cv/litro",367 cv,"10,5:1",,,"10,4 kgfm/litro",50 kgfm,4,Admissão e escape,Conversor de torque,Automático,,6,,Traseira,1468 mm,1558 mm,1581 mm,560 kg,4841 mm,2888 mm,1846 mm,1735 kg,520 litros,,,70 litros,113 mm,Disco ventilado,Disco ventilado,"2,3 m²","0,621 m²","0,27",,Hidráulica,"11,4 m",,"Indep., McPherson",Mola helicoidal,"Indep., multibraço",497 km,259 km,"7,1 km/l","3,7 km/l",,,6300 rpm,3400 rpm,600 cm³,4799 cm³,6500 rpm,,,,,,,,,,,,,,,,,,,,,,,,,,,,,,,,,,,,,,,,,,,,,,,,,
bmw,550i,550i,550i-4-4-v8-2011,550i-4-4-v8-2011,https://www.fichacompleta.com.br/carros/bmw/550i-4-4-v8-2011,2026-06-18T15:40:44.505865,Bmw 550i 4.4 V8 2011,5 s,250 km/h,Corrente,Injeção direta,Turbocompressor,4395 cm³,8 em V,N63B44,Duplo no cabeçote,"88,3 mm",89 mm,Longitudinal,Dianteiro,"4,5 kg/cv","29,9 kg/kgfm","92,2 cv/litro",405 cv,10:1,5500 rpm,1750 rpm,"13,9 kgfm/litro","61,2 kgfm",4,Admissão e escape,Conversor de torque,Automático,ZF 8HP,8,8,Traseira,1464 mm,1600 mm,1627 mm,600 kg,4899 mm,2968 mm,1860 mm,1830 kg,520 litros,,,70 litros,110 mm,Disco ventilado,Disco ventilado,"2,31 m²","0,693 m²","0,3","0,3",Hidráulica,12 m,12 m,"Indep., braços sobrepostos",Mola helicoidal,"Indep., multibraço",714 km,357 km,"10,2 km/l","5,1 km/l",141 mm,,,,,,,Hidráulicos,,,,,,,,,,,,,,,,,,,,,,,,,,,,,,,,,,,,,,,,,,,,,,,,
bmw,550i,550i,550i-4-4-v8-2012,550i-4-4-v8-2012,https://www.fichacompleta.com.br/carros/bmw/550i-4-4-v8-2012,2026-06-18T15:40:48.844711,Bmw 550i 4.4 V8 2012,5 s,250 km/h,,Injeção direta,Turbocompressor,4395 cm³,8 em V,N63B44,"Duplo no cabeçote, corrente","88,3 mm",89 mm,Longitudinal,Dianteiro,"4,5 kg/cv","29,9 kg/kgfm","92,2 cv/litro",405 cv a 5500 rpm,10:1,,,"13,9 kgfm/litro","61,2 kgfm a 1750 rpm",4,Admissão e escape,Conversor de torque,Automático,ZF 8HP,,8,Traseira,1464 mm,1600 mm,1627 mm,600 kg,4899 mm,2968 mm,1860 mm,1830 kg,520 litros,,,70 litros,110 mm,Disco ventilado,Disco ventilado,"2,31 m²","0,693 m²",,"0,3",Hidráulica,,12 m,"Independente, braços sobrepostos",Mola helicoidal,"Independente, multibraço",714 km,357 km,"10,2 km/l","5,1 km/l",141 mm,,,,,,,Hidráulicos,,,,,,,,,,,,,,,,,,,,,,,,,,,,,,,,,,,,,,,,,,,,,,,,
bmw,640i,640i,640i-gran-coupe-3-0-turbo-2013,640i-gran-coupe-3-0-turbo-2013,https://www.fichacompleta.com.br/carros/bmw/640i-gran-coupe-3-0-turbo-2013,2026-06-18T15:41:07.985863,Bmw 640i Gran Coupé 3.0 Turbo 2013,"5,4 s",250 km/h,,Injeção direta,Turbocompressor,2979 cm³,6 em linha,N55B30,"Duplo no cabeçote, corrente","89,6 mm",84 mm,Longitudinal,Dianteiro,"5,5 kg/cv","38,1 kg/kgfm","107,4 cv/litro",320 cv a 6000 rpm,"10,2:1",,,"15,4 kgfm/litro","45,9 kgfm a 1300 rpm",4,Admissão e escape,Conversor de torque,Automático,ZF 8HP,,8,Traseira,1392 mm,1600 mm,1665 mm,610 kg,5007 mm,2968 mm,1894 mm,1750 kg,460 litros,,,70 litros,98 mm,Disco ventilado,Disco ventilado,"2,24 m²","0,650 m²",,"0,29",Eletro-hidráulica,,12 m,"Independente, McPherson",Mola helicoidal,"Independente, multibraço",749 km,406 km,"10,7 km/l","5,8 km/l",126 mm,,,,,,7000 rpm,Hidráulicos,,,,,,,,,,,,,,,,,,,,,,,,,,,,,,,,,,,,,,,,,,,,,,,,
bmw,640i,640i,640i-gran-coupe-3-0-turbo-2014,640i-gran-coupe-3-0-turbo-2014,https://www.fichacompleta.com.br/carros/bmw/640i-gran-coupe-3-0-turbo-2014,2026-06-18T15:41:12.078520,Bmw 640i Gran Coupé 3.0 Turbo 2014,"5,4 s",250 km/h,,Injeção direta,Turbocompressor,2979 cm³,6 em linha,N55B30,"Duplo no cabeçote, corrente","89,6 mm",84 mm,Longitudinal,Dianteiro,"5,5 kg/cv","38,1 kg/kgfm","107,4 cv/litro",320 cv a 6000 rpm,"10,2:1",,,"15,4 kgfm/litro","45,9 kgfm a 1300 rpm",4,Admissão e escape,Conversor de torque,Automático,ZF 8HP,,8,Traseira,1392 mm,1600 mm,1665 mm,610 kg,5007 mm,2968 mm,1894 mm,1750 kg,460 litros,,,70 litros,98 mm,Disco ventilado,Disco ventilado,"2,24 m²","0,650 m²",,"0,29",Eletro-hidráulica,,12 m,"Independente, McPherson",Mola helicoidal,"Independente, multibraço",749 km,406 km,"10,7 km/l","5,8 km/l",126 mm,,,,,,7000 rpm,Hidráulicos,,,,,,,,,,,,,,,,,,,,,,,,,,,,,,,,,,,,,,,,,,,,,,,,
bmw,640i,640i,640i-gran-coupe-3-0-turbo-2015,640i-gran-coupe-3-0-turbo-2015,https://www.fichacompleta.com.br/carros/bmw/640i-gran-coupe-3-0-turbo-2015,2026-06-18T15:41:15.168866,Bmw 640i Gran Coupé 3.0 Turbo 2015,"5,4 s",250 km/h,Corrente,Injeção direta,Turbocompressor,2979 cm³,6 em linha,N55B30,Duplo no cabeçote,"89,6 mm",84 mm,Longitudinal,Dianteiro,"5,5 kg/cv","38,1 kg/kgfm","107,4 cv/litro",320 cv,"10,2:1",6000 rpm,1300 rpm,"15,4 kgfm/litro","45,9 kgfm",4,Admissão e escape,Conversor de torque,Automático,ZF 8HP,8,8,Traseira,1392 mm,1600 mm,1665 mm,610 kg,5007 mm,2968 mm,1894 mm,1750 kg,460 litros,,,70 litros,98 mm,Disco ventilado,Disco ventilado,"2,24 m²","0,650 m²","0,29","0,29",Eletro-hidráulica,12 m,12 m,"Indep., McPherson",Mola helicoidal,"Indep., multibraço",707 km,560 km,"10,1 km/l",8 km/l,126 mm,,,,,,7000 rpm,Hidráulicos,,,,,,,,,,,,,,,,,,,,,,,,,,,,,,,,,,,,,,,,,,,,,,,,
bmw,640i,640i,640i-gran-coupe-3-0-2016,640i-gran-coupe-3-0-2016,https://www.fichacompleta.com.br/carros/bmw/640i-gran-coupe-3-0-2016,2026-06-18T15:41:19.978731,Bmw 640i Gran Coupé 3.0 2016,"5,4 s",250 km/h,Corrente,Injeção direta,Turbocompressor,,6 em linha,N55B30,Duplo no cabeçote,"89,6 mm",84 mm,Longitudinal,Dianteiro,"5,47 kg/cv","38,1 kg/kgfm","107,4 cv/litro",320 cv,"10,2:1",,,"15,4 kgfm/litro","45,9 kgfm",4,Admissão e escape,Conversor de torque,Automático,ZF 8HP,8,,Traseira,1392 mm,1600 mm,1665 mm,610 kg,5007 mm,2968 mm,1894 mm,1750 kg,460 litros,,,70 litros,98 mm,Disco ventilado,Disco ventilado,"2,24 m²","0,650 m²","0,29",,Eletro-hidráulica,12 m,,"Indep., McPherson",Mola helicoidal,"Indep., multibraço",707 km,560 km,"10,1 km/l",8 km/l,126 mm,,6000 rpm,1300 rpm,497 cm³,2979 cm³,7000 rpm,Hidráulicos,,,,,,,,,,,,,,,,,,,,,,,,,,,,,,,,,,,,,,,,,,,,,,,,
bmw,650i,650i,650i-gran-coupe-4-4-v8-biturbo-2013,650i-gran-coupe-4-4-v8-biturbo-2013,https://www.fichacompleta.com.br/carros/bmw/650i-gran-coupe-4-4-v8-biturbo-2013,2026-06-18T15:42:07.457011,Bmw 650i Gran Coupé 4.4 V8 biturbo 2013,"4,6 s",250 km/h,,Injeção direta,Turbocompressor,4395 cm³,8 em V,N63B44TU,"Duplo no cabeçote, corrente","88,3 mm",89 mm,Longitudinal,Dianteiro,"4,1 kg/cv","28,1 kg/kgfm","102,4 cv/litro",450 cv a 5500 rpm,10:1,,,"15,1 kgfm/litro","66,3 kgfm a 2000 rpm",4,Admissão e escape,Conversor de torque,Automático,ZF 8HP,,8,Traseira,1392 mm,1600 mm,1665 mm,600 kg,5007 mm,2968 mm,1894 mm,1865 kg,460 litros,,,70 litros,96 mm,Disco ventilado,Disco ventilado,"2,24 m²","0,650 m²",,"0,29",Eletro-hidráulica,,12 m,"Independente, braços sobrepostos",Mola helicoidal,"Independente, multibraço",546 km,336 km,"7,8 km/l","4,8 km/l",126 mm,,,,,,7000 rpm,,,,,,,,,,,,,,,,,,,,,,,,,,,,,,,,,,,,,,,,,,,,,,,,,
bmw,650i,650i,650i-gran-coupe-4-4-v8-biturbo-2014,650i-gran-coupe-4-4-v8-biturbo-2014,https://www.fichacompleta.com.br/carros/bmw/650i-gran-coupe-4-4-v8-biturbo-2014,2026-06-18T15:42:11.359108,Bmw 650i Gran Coupé 4.4 V8 biturbo 2014,"4,6 s",250 km/h,,Injeção direta,Turbocompressor,4395 cm³,8 em V,N63B44TU,"Duplo no cabeçote, corrente","88,3 mm",89 mm,Longitudinal,Dianteiro,"4,1 kg/cv","28,1 kg/kgfm","102,4 cv/litro",450 cv a 5500 rpm,10:1,,,"15,1 kgfm/litro","66,3 kgfm a 2000 rpm",4,Admissão e escape,Conversor de torque,Automático,ZF 8HP,,8,Traseira,1392 mm,1600 mm,1665 mm,600 kg,5007 mm,2968 mm,1894 mm,1865 kg,460 litros,,,70 litros,96 mm,Disco ventilado,Disco ventilado,"2,24 m²","0,650 m²",,"0,29",Eletro-hidráulica,,12 m,"Independente, braços sobrepostos",Mola helicoidal,"Independente, multibraço",546 km,336 km,"7,8 km/l","4,8 km/l",126 mm,,,,,,7000 rpm,,,,,,,,,,,,,,,,,,,,,,,,,,,,,,,,,,,,,,,,,,,,,,,,,
bmw,650i,650i,650i-gran-coupe-4-4-v8-biturbo-2015,650i-gran-coupe-4-4-v8-biturbo-2015,https://www.fichacompleta.com.br/carros/bmw/650i-gran-coupe-4-4-v8-biturbo-2015,2026-06-18T15:42:15.009127,Bmw 650i Gran Coupé 4.4 V8 biturbo 2015,"4,6 s",250 km/h,,Injeção direta,Turbocompressor,4395 cm³,8 em V,N63B44TU,"Duplo no cabeçote, corrente","88,3 mm",89 mm,Longitudinal,Dianteiro,"4,1 kg/cv","28,1 kg/kgfm","102,4 cv/litro",450 cv a 5500 rpm,10:1,,,"15,1 kgfm/litro","66,3 kgfm a 2000 rpm",4,Admissão e escape,Conversor de torque,Automático,ZF 8HP,,8,Traseira,1392 mm,1600 mm,1665 mm,600 kg,5007 mm,2968 mm,1894 mm,1865 kg,460 litros,,,70 litros,96 mm,Disco ventilado,Disco ventilado,"2,24 m²","0,650 m²",,"0,29",Eletro-hidráulica,,12 m,"Independente, braços sobrepostos",Mola helicoidal,"Independente, multibraço",546 km,336 km,"7,8 km/l","4,8 km/l",126 mm,,,,,,7000 rpm,,,,,,,,,,,,,,,,,,,,,,,,,,,,,,,,,,,,,,,,,,,,,,,,,
bmw,650i,650i,650i-gran-coupe-4-4-v8-biturbo-2016,650i-gran-coupe-4-4-v8-biturbo-2016,https://www.fichacompleta.com.br/carros/bmw/650i-gran-coupe-4-4-v8-biturbo-2016,2026-06-18T15:42:19.691889,Bmw 650i Gran Coupé 4.4 V8 biturbo 2016,"4,6 s",250 km/h,,Injeção direta,Turbocompressor,4395 cm³,8 em V,N63B44TU,"Duplo no cabeçote, corrente","88,3 mm",89 mm,Longitudinal,Dianteiro,"4,1 kg/cv","28,1 kg/kgfm","102,4 cv/litro",450 cv a 5500 rpm,10:1,,,"15,1 kgfm/litro","66,3 kgfm a 2000 rpm",4,Admissão e escape,Conversor de torque,Automático,ZF 8HP,,8,Traseira,1392 mm,1600 mm,1665 mm,600 kg,5007 mm,2968 mm,1894 mm,1865 kg,460 litros,,,70 litros,96 mm,Disco ventilado,Disco ventilado,"2,24 m²","0,650 m²",,"0,29",Eletro-hidráulica,,12 m,"Independente, braços sobrepostos",Mola helicoidal,"Independente, multibraço",546 km,336 km,"7,8 km/l","4,8 km/l",126 mm,,,,,,7000 rpm,,,,,,,,,,,,,,,,,,,,,,,,,,,,,,,,,,,,,,,,,,,,,,,,,
bmw,650i Coupe,650i-coupe,650i-coupe-4-8-v8-2010,650i-coupe-4-8-v8-2010,https://www.fichacompleta.com.br/carros/bmw/650i-coupe-4-8-v8-2010,2026-06-18T15:42:52.697378,Bmw 650i Coupe 4.8 V8 2010,"5,2 s",250 km/h,,Injeção multiponto,Natural,4799 cm³,8 em V,N62B48,Duplo no cabeçote,"88,3 mm",93 mm,Longitudinal,Dianteiro,"4,5 kg/cv","33,0 kg/kgfm","76,5 cv/litro",367 cv,"10,5:1",,,"10,4 kgfm/litro",50 kgfm,4,,Conversor de torque,Automático,ZF 6HP,6,,Traseira,1374 mm,1558 mm,1596 mm,450 kg,4820 mm,2780 mm,1855 mm,1650 kg,450 litros,,,70 litros,98 mm,Disco ventilado,Disco ventilado,"2,17 m²","0,651 m²","0,3",,Eletro-hidráulica,"11,4 m",,"Indep., braços sobrepostos",Mola helicoidal,"Indep., multibraço",630 km,329 km,9 km/l,"4,7 km/l",,,6300 rpm,3400 rpm,,,6500 rpm,,,,,,,,,,,,,,,,,,,,,,,,,,,,,,,,,,,,,,,,,,,,,,,,,
bmw,650i Coupe,650i-coupe,650i-coupe-4-4-v8-biturbo-2012,650i-coupe-4-4-v8-biturbo-2012,https://www.fichacompleta.com.br/carros/bmw/650i-coupe-4-4-v8-biturbo-2012,2026-06-18T15:42:56.798435,Bmw 650i Coupe 4.4 V8 biturbo 2012,"4,9 s",250 km/h,Corrente,Injeção direta,Turbocompressor,4395 cm³,8 em V,N63B44,Duplo no cabeçote,"88,3 mm",89 mm,Longitudinal,Dianteiro,"4,3 kg/cv","28,9 kg/kgfm","92,6 cv/litro",407 cv,10:1,5500 rpm,1750 rpm,"13,9 kgfm/litro","61,2 kgfm",4,Admissão e escape,Conversor de torque,Automático,ZF 8HP,8,8,Traseira,1369 mm,1600 mm,1657 mm,380 kg,4894 mm,2855 mm,1894 mm,1770 kg,460 litros,,,70 litros,96 mm,Disco ventilado,Disco ventilado,"2,23 m²","0,691 m²","0,31","0,31",Eletro-hidráulica,"11,7 m","11,7 m","Indep., braços sobrepostos",Mola helicoidal,"Indep., multibraço",665 km,336 km,"9,5 km/l","4,8 km/l",124 mm,,,,,,,Hidráulicos,,,,,,,,,,,,,,,,,,,,,,,,,,,,,,,,,,,,,,,,,,,,,,,,
bmw,740i,740i,740i-4-4-v8-1996,740i-4-4-v8-1996,https://www.fichacompleta.com.br/carros/bmw/740i-4-4-v8-1996,2026-06-18T15:43:36.572500,Bmw 740i 4.4 V8 1996,7 s,250 km/h,,Injeção multiponto,Natural,4398 cm³,8 em V,M62B44,Duplo no cabeçote,,,Longitudinal,Dianteiro,"6,4 kg/cv","42,8 kg/kgfm","65,0 cv/litro",286 cv a 5700 rpm,10:1,,,"9,7 kgfm/litro","42,8 kgfm a 3900 rpm",4,,Conversor de torque,Automático,ZF 5HP,,5,Traseira,1435 mm,1552 mm,1568 mm,535 kg,4984 mm,2930 mm,1862 mm,1830 kg,500 litros,,,85 litros,141 mm,Disco ventilado,Disco sólido,"2,27 m²","0,681 m²",,"0,3",Hidráulica,,"11,6 m","Independente, braços sobrepostos",Mola helicoidal,"Independente, multibraço",595 km,383 km,7 km/l,"4,5 km/l",,,,,,,6100 rpm,,"82,7 mm",92 mm,,,,,,,,,,,,,,,,,,,,,,,,,,,,,,,,,,,,,,,,,,,,,,
bmw,740i,740i,740i-4-4-v8-1997,740i-4-4-v8-1997,https://www.fichacompleta.com.br/carros/bmw/740i-4-4-v8-1997,2026-06-18T15:43:39.317391,Bmw 740i 4.4 V8 1997,7 s,250 km/h,,Injeção multiponto,Natural,4398 cm³,8 em V,M62B44,Duplo no cabeçote,"82,7 mm",92 mm,Longitudinal,Dianteiro,"6,4 kg/cv","42,8 kg/kgfm","65,0 cv/litro",,10:1,5700 rpm,3900 rpm,"9,7 kgfm/litro",,4,,Conversor de torque,Automático,ZF 5HP,5,,Traseira,1435 mm,1552 mm,1568 mm,535 kg,4984 mm,2930 mm,1862 mm,1830 kg,500 litros,,,85 litros,141 mm,Disco ventilado,Disco sólido,"2,27 m²","0,681 m²","0,3",,Hidráulica,"11,6 m",,"Indep., braços sobrepostos",Mola helicoidal,"Indep., multibraço",595 km,383 km,7 km/l,"4,5 km/l",,,,,,,6100 rpm,,,,,,,,,,,,286 cv,"42,8 kgfm",,,,,,,,,,,,,,,,,,,,,,,,,,,,,,,,,,,,
bmw,740i,740i,740i-4-4-v8-1998,740i-4-4-v8-1998,https://www.fichacompleta.com.br/carros/bmw/740i-4-4-v8-1998,2026-06-18T15:43:42.833151,Bmw 740i 4.4 V8 1998,7 s,250 km/h,,Injeção multiponto,Natural,4398 cm³,8 em V,M62B44,Duplo no cabeçote,"82,7 mm",92 mm,Longitudinal,Dianteiro,"6,4 kg/cv","42,8 kg/kgfm","65,0 cv/litro",,10:1,5700 rpm,3900 rpm,"9,7 kgfm/litro",,4,,Conversor de torque,Automático,ZF 5HP,5,,Traseira,1435 mm,1552 mm,1568 mm,535 kg,4984 mm,2930 mm,1862 mm,1830 kg,500 litros,,,85 litros,141 mm,Disco ventilado,Disco sólido,"2,27 m²","0,681 m²","0,3",,Hidráulica,"11,6 m",,"Indep., braços sobrepostos",Mola helicoidal,"Indep., multibraço",595 km,383 km,7 km/l,"4,5 km/l",,,,,,,6100 rpm,,,,,,,,,,,,286 cv,"42,8 kgfm",,,,,,,,,,,,,,,,,,,,,,,,,,,,,,,,,,,,
bmw,740i,740i,740i-4-4-v8-1999,740i-4-4-v8-1999,https://www.fichacompleta.com.br/carros/bmw/740i-4-4-v8-1999,2026-06-18T15:43:46.726276,Bmw 740i 4.4 V8 1999,7 s,250 km/h,,Injeção multiponto,Natural,4398 cm³,8 em V,M62TUB44,Duplo no cabeçote,"82,7 mm",92 mm,Longitudinal,Dianteiro,"6,5 kg/cv","41,2 kg/kgfm","65,0 cv/litro",,10:1,5400 rpm,3600 rpm,"10,2 kgfm/litro",,4,Admissão,Conversor de torque,Automático,ZF 5HP,5,,Traseira,1435 mm,1552 mm,1568 mm,535 kg,4984 mm,2930 mm,1862 mm,1850 kg,500 litros,,,85 litros,141 mm,Disco ventilado,Disco sólido,"2,27 m²","0,681 m²","0,3",,Hidráulica,"11,6 m",,"Indep., braços sobrepostos",Mola helicoidal,"Indep., multibraço",595 km,383 km,7 km/l,"4,5 km/l",,,,,,,,,,,,,,,,,,,286 cv,"44,9 kgfm",,,,,,,,,,,,,,,,,,,,,,,,,,,,,,,,,,,,
bmw,740i,740i,740i-4-4-v8-2000,740i-4-4-v8-2000,https://www.fichacompleta.com.br/carros/bmw/740i-4-4-v8-2000,2026-06-18T15:43:51.509470,Bmw 740i 4.4 V8 2000,7 s,250 km/h,,Injeção multiponto,Natural,4398 cm³,8 em V,M62TUB44,Duplo no cabeçote,"82,7 mm",92 mm,Longitudinal,Dianteiro,"6,5 kg/cv","41,2 kg/kgfm","65,0 cv/litro",286 cv a 5400 rpm,10:1,,,"10,2 kgfm/litro","44,9 kgfm a 3600 rpm",4,Admissão,Conversor de torque,Automático,ZF 5HP,,5,Traseira,1435 mm,1552 mm,1568 mm,535 kg,4984 mm,2930 mm,1862 mm,1850 kg,500 litros,,,85 litros,141 mm,Disco ventilado,Disco sólido,"2,27 m²","0,681 m²",,"0,3",Hidráulica,,"11,6 m","Independente, braços sobrepostos",Mola helicoidal,"Independente, multibraço",595 km,383 km,7 km/l,"4,5 km/l",,,,,,,,,,,,,,,,,,,,,,,,,,,,,,,,,,,,,,,,,,,,,,,,,,,,,,,,
bmw,740i,740i,740i-4-4-v8-2001,740i-4-4-v8-2001,https://www.fichacompleta.com.br/carros/bmw/740i-4-4-v8-2001,2026-06-18T15:43:54.807236,Bmw 740i 4.4 V8 2001,7 s,250 km/h,,Injeção multiponto,Natural,4398 cm³,8 em V,M62TUB44,Duplo no cabeçote,"82,7 mm",92 mm,Longitudinal,Dianteiro,"6,5 kg/cv","41,2 kg/kgfm","65,0 cv/litro",,10:1,5400 rpm,3600 rpm,"10,2 kgfm/litro",,4,Admissão,Conversor de torque,Automático,ZF 5HP,5,,Traseira,1435 mm,1552 mm,1568 mm,535 kg,4984 mm,2930 mm,1862 mm,1850 kg,500 litros,,,85 litros,141 mm,Disco ventilado,Disco sólido,"2,27 m²","0,681 m²","0,3",,Hidráulica,"11,6 m",,"Indep., braços sobrepostos",Mola helicoidal,"Indep., multibraço",595 km,383 km,7 km/l,"4,5 km/l",,,,,,,,,,,,,,,,,,,286 cv,"44,9 kgfm",,,,,,,,,,,,,,,,,,,,,,,,,,,,,,,,,,,,
bmw,745e,745e,745e-l-m-sport-3-0-2020,745e-l-m-sport-3-0-2020,https://www.fichacompleta.com.br/carros/bmw/745e-l-m-sport-3-0-2020,2026-06-18T15:44:15.081618,Bmw 745e L M Sport 3.0 2020,"5,3 s",250 km/h,Corrente,Injeção direta,Turbocompressor,2998 cm³,6 em linha,,Duplo no cabeçote,"94,6 mm",82 mm,Longitudinal,Dianteiro,"7,1 kg/cv","44,3 kg/kgfm","95,4 cv/litro",286 cv,11:1,,,"15,3 kgfm/litro","45,9 kgfm",4,Admissão e escape,Conversor de torque,Automático,ZF 8HP,8,,Traseira,1479 mm,1611 mm,1640 mm,635 kg,5260 mm,3210 mm,1902 mm,2035 kg,420 litros,,,46 litros,96 mm,Disco ventilado,Disco ventilado,"2,41 m²","0,651 m²","0,27",,Eletro-hidráulica,"12,8 m",,"Indep., braços sobrepostos",Mola pneumática,"Indep., braços sobrepostos",,,,,135 mm,,5000 rpm,1500 rpm,,,,,,,,,,,,,,,113 cv (dianteiro),27 kgfm (dianteiro),,,,,51 km,12 kWh,"15,4 kWh/100 km",394 cv,"61,2 kgfm",140 km/h,1132 km,1003 km,"24,6 km/l","21,8 km/l",,,,,,,,,,,,,,,,,,,,,,
bmw,745e,745e,745e-l-m-sport-3-0-2021,745e-l-m-sport-3-0-2021,https://www.fichacompleta.com.br/carros/bmw/745e-l-m-sport-3-0-2021,2026-06-18T15:44:18.156706,Bmw 745e L M Sport 3.0 2021,"5,3 s",250 km/h,Corrente,Injeção direta,Turbocompressor,2998 cm³,6 em linha,,Duplo no cabeçote,"94,6 mm",82 mm,Longitudinal,Dianteiro,"7,1 kg/cv","44,3 kg/kgfm","95,4 cv/litro",286 cv,11:1,,,"15,3 kgfm/litro","45,9 kgfm",4,Admissão e escape,Conversor de torque,Automático,ZF 8HP,8,,Traseira,1479 mm,1611 mm,1640 mm,635 kg,5260 mm,3210 mm,1902 mm,2035 kg,420 litros,,,46 litros,96 mm,Disco ventilado,Disco ventilado,"2,41 m²","0,651 m²","0,27",,Eletro-hidráulica,"12,8 m",,"Indep., braços sobrepostos",Mola pneumática,"Indep., braços sobrepostos",,,,,135 mm,,5000 rpm,1500 rpm,,,,,,,,,,,,,,,113 cv (dianteiro),27 kgfm (dianteiro),,,,,51 km,12 kWh,"15,4 kWh/100 km",394 cv,"61,2 kgfm",140 km/h,1012 km,911 km,22 km/l,"19,8 km/l",,,,,,,,,,,,,,,,,,,,,,
bmw,745e,745e,745e-l-m-sport-dark-edition-3-0-2021,745e-l-m-sport-dark-edition-3-0-2021,https://www.fichacompleta.com.br/carros/bmw/745e-l-m-sport-dark-edition-3-0-2021,2026-06-18T15:44:23.054411,Bmw 745e L M Sport Dark Edition 3.0 2021,"5,3 s",250 km/h,Corrente,Injeção direta,Turbocompressor,2998 cm³,6 em linha,,Duplo no cabeçote,"94,6 mm",82 mm,Longitudinal,Dianteiro,"7,1 kg/cv","44,3 kg/kgfm","95,4 cv/litro",286 cv,11:1,,,"15,3 kgfm/litro","45,9 kgfm",4,Admissão e escape,Conversor de torque,Automático,ZF 8HP,8,,Traseira,1479 mm,1611 mm,1640 mm,635 kg,5260 mm,3210 mm,1902 mm,2035 kg,420 litros,,,46 litros,96 mm,Disco ventilado,Disco ventilado,"2,41 m²","0,651 m²","0,27",,Eletro-hidráulica,"12,8 m",,"Indep., braços sobrepostos",Mola pneumática,"Indep., braços sobrepostos",,,,,135 mm,,5000 rpm,1500 rpm,,,,,,,,,,,,,,,113 cv (dianteiro),27 kgfm (dianteiro),,,,,51 km,12 kWh,"15,4 kWh/100 km",394 cv,"61,2 kgfm",140 km/h,1012 km,911 km,22 km/l,"19,8 km/l",,,,,,,,,,,,,,,,,,,,,,
bmw,745e,745e,745e-l-m-sport-3-0-2022,745e-l-m-sport-3-0-2022,https://www.fichacompleta.com.br/carros/bmw/745e-l-m-sport-3-0-2022,2026-06-18T15:44:26.799875,Bmw 745e L M Sport 3.0 2022,"5,3 s",250 km/h,Corrente,Injeção direta,Turbocompressor,2998 cm³,6 em linha,,Duplo no cabeçote,"94,6 mm",82 mm,Longitudinal,Dianteiro,"7,1 kg/cv","44,3 kg/kgfm","95,4 cv/litro",,11:1,5000 rpm,1500 rpm,"15,3 kgfm/litro",,4,Admissão e escape,Conversor de torque,Automático,ZF 8HP,8,,Traseira,1479 mm,1611 mm,1640 mm,635 kg,5260 mm,3210 mm,1902 mm,2035 kg,420 litros,,,46 litros,96 mm,Disco ventilado,Disco ventilado,"2,41 m²","0,651 m²","0,27",,Eletro-hidráulica,"12,8 m",,"Indep., braços sobrepostos",Mola pneumática,"Indep., braços sobrepostos",,,,,135 mm,,,,,,,,,,,,,,,,,,113 cv (dianteiro),27 kgfm (dianteiro),,,,,51 km,12 kWh,"15,4 kWh/100 km",394 cv,"61,2 kgfm",140 km/h,1012 km,911 km,22 km/l,"19,8 km/l",,,,,,,,,,,,,,,,,,,,,,
bmw,745i,745i,745i-4-4-v8-2002,745i-4-4-v8-2002,https://www.fichacompleta.com.br/carros/bmw/745i-4-4-v8-2002,2026-06-18T15:44:45.544329,Bmw 745i 4.4 V8 2002,"6,3 s",250 km/h,,Injeção multiponto,Natural,4398 cm³,8 em V,,Duplo no cabeçote,"82,7 mm",92 mm,Longitudinal,Dianteiro,"5,8 kg/cv","42,4 kg/kgfm","75,7 cv/litro",333 cv,"10,5:1",,,"10,4 kgfm/litro","45,9 kgfm",4,,Conversor de torque,Automático,,6,,Traseira,1492 mm,1586 mm,1590 mm,580 kg,5029 mm,2990 mm,1902 mm,1945 kg,500 litros,,,88 litros,135 mm,Disco ventilado,Disco ventilado,"2,41 m²","0,699 m²","0,29",,Hidráulica,"12,1 m",,"Indep., braços sobrepostos",Mola helicoidal,"Indep., multibraço",642 km,378 km,"7,3 km/l","4,3 km/l",,,6100 rpm,3600 rpm,,,,,,,,,,,,,,,,,,,,,,,,,,,,,,,,,,,,,,,,,,,,,,,,,,,,
bmw,745i,745i,745i-4-4-v8-2003,745i-4-4-v8-2003,https://www.fichacompleta.com.br/carros/bmw/745i-4-4-v8-2003,2026-06-18T15:44:49.010429,Bmw 745i 4.4 V8 2003,"6,3 s",250 km/h,,Injeção multiponto,Natural,4398 cm³,8 em V,,Duplo no cabeçote,"82,7 mm",92 mm,Longitudinal,Dianteiro,"5,8 kg/cv","42,4 kg/kgfm","75,7 cv/litro",333 cv,"10,5:1",6100 rpm,3600 rpm,"10,4 kgfm/litro","45,9 kgfm",4,,Conversor de torque,Automático,,6,6,Traseira,1492 mm,1586 mm,1590 mm,580 kg,5029 mm,2990 mm,1902 mm,1945 kg,500 litros,,,88 litros,135 mm,Disco ventilado,Disco ventilado,"2,41 m²","0,699 m²","0,29","0,29",Hidráulica,"12,1 m","12,1 m","Indep., braços sobrepostos",Mola helicoidal,"Indep., multibraço",642 km,378 km,"7,3 km/l","4,3 km/l",,,,,,,,,,,,,,,,,,,,,,,,,,,,,,,,,,,,,,,,,,,,,,,,,,,,,,,,
bmw,745i,745i,745i-4-4-v8-2004,745i-4-4-v8-2004,https://www.fichacompleta.com.br/carros/bmw/745i-4-4-v8-2004,2026-06-18T15:44:52.070120,Bmw 745i 4.4 V8 2004,"6,3 s",250 km/h,,Injeção multiponto,Natural,4398 cm³,8 em V,,Duplo no cabeçote,,,Longitudinal,Dianteiro,"5,8 kg/cv","42,4 kg/kgfm","75,7 cv/litro",333 cv a 6100 rpm,"10,5:1",,,"10,4 kgfm/litro","45,9 kgfm a 3600 rpm",4,,Conversor de torque,Automático,,,6,Traseira,1492 mm,1586 mm,1590 mm,580 kg,5029 mm,2990 mm,1902 mm,1945 kg,500 litros,,,88 litros,135 mm,Disco ventilado,Disco ventilado,"2,41 m²","0,699 m²",,"0,29",Hidráulica,,"12,1 m","Independente, braços sobrepostos",Mola helicoidal,"Independente, multibraço",642 km,378 km,"7,3 km/l","4,3 km/l",,,,,,,,,"82,7 mm",92 mm,,,,,,,,,,,,,,,,,,,,,,,,,,,,,,,,,,,,,,,,,,,,,,
bmw,745i,745i,745i-4-4-v8-2005,745i-4-4-v8-2005,https://www.fichacompleta.com.br/carros/bmw/745i-4-4-v8-2005,2026-06-18T15:44:55.074648,Bmw 745i 4.4 V8 2005,"6,3 s",250 km/h,,Injeção multiponto,Natural,4398 cm³,8 em V,,Duplo no cabeçote,"82,7 mm",92 mm,Longitudinal,Dianteiro,"5,8 kg/cv","42,4 kg/kgfm","75,7 cv/litro",333 cv,"10,5:1",,,"10,4 kgfm/litro","45,9 kgfm",4,,Conversor de torque,Automático,,6,,Traseira,1492 mm,1586 mm,1590 mm,580 kg,5029 mm,2990 mm,1902 mm,1945 kg,500 litros,,,88 litros,135 mm,Disco ventilado,Disco ventilado,"2,41 m²","0,699 m²","0,29",,Hidráulica,"12,1 m",,"Indep., braços sobrepostos",Mola helicoidal,"Indep., multibraço",642 km,378 km,"7,3 km/l","4,3 km/l",,,6100 rpm,3600 rpm,,,,,,,,,,,,,,,,,,,,,,,,,,,,,,,,,,,,,,,,,,,,,,,,,,,,
bmw,750i,750i,750i-5-4-v12-1996,750i-5-4-v12-1996,https://www.fichacompleta.com.br/carros/bmw/750i-5-4-v12-1996,2026-06-18T15:45:14.881128,Bmw 750i 5.4 V12 1996,"6,6 s",250 km/h,,Injeção multiponto,Natural,5379 cm³,12 em V,,Único no cabeçote,79 mm,85 mm,Longitudinal,Dianteiro,"6,0 kg/cv","39,2 kg/kgfm","60,6 cv/litro",326 cv a 5000 rpm,10:1,,,"9,3 kgfm/litro",50 kgfm a 3900 rpm,4,,Conversor de torque,Automático,,,5,Traseira,1425 mm,1552 mm,1568 mm,535 kg,4984 mm,2930 mm,1862 mm,1960 kg,500 litros,,,95 litros,135 mm,Disco ventilado,Disco ventilado,"2,26 m²","0,723 m²",,"0,32",Hidráulica,,"12,2 m","Independente, braços sobrepostos",Mola helicoidal,"Independente, multibraço",627 km,380 km,"6,6 km/l",4 km/l,180 mm,,,,,,,,,,,,,,,,,,,,,,,,,,,,,,,,,,,,,,,,,,,,,,,,,,,,,,,
bmw,750i,750i,750i-5-4-v12-1997,750i-5-4-v12-1997,https://www.fichacompleta.com.br/carros/bmw/750i-5-4-v12-1997,2026-06-18T15:45:17.358524,Bmw 750i 5.4 V12 1997,"6,6 s",250 km/h,,Injeção multiponto,Natural,5379 cm³,12 em V,M73B54TU,Único no cabeçote,79 mm,85 mm,Longitudinal,Dianteiro,"6,0 kg/cv","39,2 kg/kgfm","60,6 cv/litro",,10:1,5000 rpm,3900 rpm,"9,3 kgfm/litro",,4,,Conversor de torque,Automático,ZF 5HP,5,,Traseira,1425 mm,1552 mm,1568 mm,535 kg,4984 mm,2930 mm,1862 mm,1960 kg,500 litros,,,95 litros,135 mm,Disco ventilado,Disco ventilado,"2,26 m²","0,723 m²","0,32",,Hidráulica,"11,6 m",,"Indep., braços sobrepostos",Mola helicoidal,"Indep., multibraço",627 km,380 km,"6,6 km/l",4 km/l,,,,,,,,,,,,,,,,,,,326 cv,50 kgfm,,,,,,,,,,,,,,,,,,,,,,,,,,,,,,,,,,,,
bmw,750i,750i,750i-5-4-v12-1998,750i-5-4-v12-1998,https://www.fichacompleta.com.br/carros/bmw/750i-5-4-v12-1998,2026-06-18T15:45:21.060702,Bmw 750i 5.4 V12 1998,"6,6 s",250 km/h,,Injeção multiponto,Natural,5379 cm³,12 em V,M73B54TU,Único no cabeçote,79 mm,85 mm,Longitudinal,Dianteiro,"6,0 kg/cv","39,2 kg/kgfm","60,6 cv/litro",,10:1,5000 rpm,3900 rpm,"9,3 kgfm/litro",,4,,Conversor de torque,Automático,ZF 5HP,5,,Traseira,1425 mm,1552 mm,1568 mm,535 kg,4984 mm,2930 mm,1862 mm,1960 kg,500 litros,,,95 litros,135 mm,Disco ventilado,Disco ventilado,"2,26 m²","0,723 m²","0,32",,Hidráulica,"11,6 m",,"Indep., braços sobrepostos",Mola helicoidal,"Indep., multibraço",627 km,380 km,"6,6 km/l",4 km/l,,,,,,,,,,,,,,,,,,,326 cv,50 kgfm,,,,,,,,,,,,,,,,,,,,,,,,,,,,,,,,,,,,
bmw,750i,750i,750i-5-4-v12-1999,750i-5-4-v12-1999,https://www.fichacompleta.com.br/carros/bmw/750i-5-4-v12-1999,2026-06-18T15:45:24.018332,Bmw 750i 5.4 V12 1999,"6,6 s",250 km/h,,Injeção multiponto,Natural,5379 cm³,12 em V,M73B54TU,Único no cabeçote,79 mm,85 mm,Longitudinal,Dianteiro,"6,0 kg/cv","39,2 kg/kgfm","60,6 cv/litro",,10:1,5000 rpm,3900 rpm,"9,3 kgfm/litro",,4,,Conversor de torque,Automático,ZF 5HP,5,,Traseira,1425 mm,1552 mm,1568 mm,535 kg,4984 mm,2930 mm,1862 mm,1960 kg,500 litros,,,95 litros,135 mm,Disco ventilado,Disco ventilado,"2,26 m²","0,723 m²","0,32",,Hidráulica,"11,6 m",,"Indep., braços sobrepostos",Mola helicoidal,"Indep., multibraço",627 km,380 km,"6,6 km/l",4 km/l,,,,,,,,,,,,,,,,,,,326 cv,50 kgfm,,,,,,,,,,,,,,,,,,,,,,,,,,,,,,,,,,,,
bmw,750i,750i,750i-5-4-v12-2000,750i-5-4-v12-2000,https://www.fichacompleta.com.br/carros/bmw/750i-5-4-v12-2000,2026-06-18T15:45:28.877128,Bmw 750i 5.4 V12 2000,"6,6 s",250 km/h,,Injeção multiponto,Natural,,12 em V,M73B54TU,Único no cabeçote,79 mm,85 mm,Longitudinal,Dianteiro,"6,0 kg/cv","39,2 kg/kgfm","60,6 cv/litro",cv,10:1,5000 rpm,3900 rpm,"9,3 kgfm/litro",50 kgfm,4,,Conversor de torque,Automático,ZF 5HP,5,,Traseira,1425 mm,1552 mm,1568 mm,535 kg,,2930 mm,1862 mm,,500 litros,,,95 litros,135 mm,Disco ventilado,Disco ventilado,"2,26 m²","0,723 m²","0,32",,Hidráulica,"11,6 m",,"Indep., braços sobrepostos",Mola helicoidal,"Indep., multibraço",627 km,380 km,"6,6 km/l",4 km/l,,,,,,,,,,,,,,,,,,,,,,,,,,,,,,,,,,,,,,,,,,,,,,,,,,,,,,,,
bmw,750i,750i,750i-5-4-v12-2001,750i-5-4-v12-2001,https://www.fichacompleta.com.br/carros/bmw/750i-5-4-v12-2001,2026-06-18T15:45:31.961504,Bmw 750i 5.4 V12 2001,"6,6 s",250 km/h,,Injeção multiponto,Natural,5379 cm³,12 em V,M73B54TU,Único no cabeçote,79 mm,85 mm,Longitudinal,Dianteiro,"6,0 kg/cv","39,2 kg/kgfm","60,6 cv/litro",,10:1,5000 rpm,3900 rpm,"9,3 kgfm/litro",,4,,Conversor de torque,Automático,ZF 5HP,5,,Traseira,1425 mm,1552 mm,1568 mm,535 kg,4984 mm,2930 mm,1862 mm,1960 kg,500 litros,,,95 litros,135 mm,Disco ventilado,Disco ventilado,"2,26 m²","0,723 m²","0,32",,Hidráulica,"11,6 m",,"Indep., braços sobrepostos",Mola helicoidal,"Indep., multibraço",627 km,380 km,"6,6 km/l",4 km/l,,,,,,,,,,,,,,,,,,,326 cv,50 kgfm,,,,,,,,,,,,,,,,,,,,,,,,,,,,,,,,,,,,
bmw,750i,750i,750i-4-8-v8-2006,750i-4-8-v8-2006,https://www.fichacompleta.com.br/carros/bmw/750i-4-8-v8-2006,2026-06-18T15:45:36.227978,Bmw 750i 4.8 V8 2006,"5,9 s",250 km/h,,Injeção multiponto,Natural,4799 cm³,8 em V,N62B48,Duplo no cabeçote,"88,3 mm",93 mm,Longitudinal,Dianteiro,"5,2 kg/cv","38,3 kg/kgfm","76,5 cv/litro",367 cv,"10,5:1",6300 rpm,3400 rpm,"10,4 kgfm/litro","49,9 kgfm",4,Admissão e escape,Conversor de torque,Automático,,6,6,Traseira,1492 mm,,,,5039 mm,2990 mm,1902 mm,1910 kg,500 litros,,,88 litros,123 mm,Disco ventilado,Disco ventilado,,,,,Hidráulica,"12,1 m","12,1 m","Indep., braços sobrepostos",Mola helicoidal,"Indep., multibraço",616 km,308 km,7 km/l,"3,5 km/l",,,,,,,,,,,,,,,,,,,,,,,,,,,,,,,,,,,,,,,,,,,,,,,,,,,,,,,,
bmw,750i,750i,750i-4-8-v8-2007,750i-4-8-v8-2007,https://www.fichacompleta.com.br/carros/bmw/750i-4-8-v8-2007,2026-06-18T15:45:39.824430,Bmw 750i 4.8 V8 2007,"5,9 s",250 km/h,,Injeção multiponto,Natural,4799 cm³,8 em V,N62B48,Duplo no cabeçote,"88,3 mm",93 mm,Longitudinal,Dianteiro,"5,2 kg/cv","38,3 kg/kgfm","76,5 cv/litro",367 cv,"10,5:1",6300 rpm,3400 rpm,"10,4 kgfm/litro","49,9 kgfm",4,Admissão e escape,Conversor de torque,Automático,ZF 6HP,6,,Traseira,1492 mm,,,,5039 mm,2990 mm,1902 mm,1910 kg,500 litros,,,88 litros,123 mm,Disco ventilado,Disco ventilado,,,,,Hidráulica,"12,1 m",,"Indep., braços sobrepostos",Mola helicoidal,"Indep., multibraço",616 km,308 km,7 km/l,"3,5 km/l",,,,,,,,,,,,,,,,,,,,,,,,,,,,,,,,,,,,,,,,,,,,,,,,,,,,,,,,
bmw,750i,750i,750i-4-8-v8-2008,750i-4-8-v8-2008,https://www.fichacompleta.com.br/carros/bmw/750i-4-8-v8-2008,2026-06-18T15:45:43.200330,Bmw 750i 4.8 V8 2008,"5,9 s",250 km/h,,Injeção multiponto,Natural,4799 cm³,8 em V,N62B48,Duplo no cabeçote,"88,3 mm",93 mm,Longitudinal,Dianteiro,"5,2 kg/cv","38,3 kg/kgfm","76,5 cv/litro",367 cv,"10,5:1",6300 rpm,3400 rpm,"10,4 kgfm/litro","49,9 kgfm",4,Admissão e escape,Conversor de torque,Automático,ZF 6HP,6,,Traseira,1492 mm,,,,5039 mm,2990 mm,1902 mm,1910 kg,500 litros,,,88 litros,123 mm,Disco ventilado,Disco ventilado,,,,,Hidráulica,"12,1 m",,"Indep., braços sobrepostos",Mola helicoidal,"Indep., multibraço",616 km,308 km,7 km/l,"3,5 km/l",,,,,,,,,,,,,,,,,,,,,,,,,,,,,,,,,,,,,,,,,,,,,,,,,,,,,,,,
bmw,750i,750i,750i-4-4-v8-2010,750i-4-4-v8-2010,https://www.fichacompleta.com.br/carros/bmw/750i-4-4-v8-2010,2026-06-18T15:45:46.598142,Bmw 750i 4.4 V8 2010,"5,2 s",250 km/h,Corrente,Injeção direta,Turbocompressor,4395 cm³,8 em V,N63B44,Duplo no cabeçote,"88,3 mm",89 mm,Longitudinal,Dianteiro,"4,8 kg/cv","31,8 kg/kgfm","92,8 cv/litro",408 cv,10:1,5500 rpm,1750 rpm,"13,9 kgfm/litro","61,2 kgfm",4,Admissão e escape,Conversor de torque,Automático,ZF 6HP,6,,Traseira,1479 mm,1611 mm,1650 mm,630 kg,5072 mm,3070 mm,1902 mm,1945 kg,500 litros,,,82 litros,123 mm,Disco ventilado,Disco ventilado,"2,41 m²","0,747 m²","0,31",,Hidráulica,"12,2 m",,"Indep., braços sobrepostos",Mola pneumática,"Indep., multibraço",738 km,394 km,9 km/l,"4,8 km/l",144 mm,,,,,,,Hidráulicos,,,,,,,,,,,,,,,,,,,,,,,,,,,,,,,,,,,,,,,,,,,,,,,,
bmw,750i,750i,750i-4-4-v8-2011,750i-4-4-v8-2011,https://www.fichacompleta.com.br/carros/bmw/750i-4-4-v8-2011,2026-06-18T15:45:50.336725,Bmw 750i 4.4 V8 2011,"5,2 s",250 km/h,Corrente,Injeção direta,Turbocompressor,4395 cm³,8 em V,N63B44,Duplo no cabeçote,"88,3 mm",89 mm,Longitudinal,Dianteiro,"4,8 kg/cv","31,8 kg/kgfm","92,8 cv/litro",408 cv,10:1,5500 rpm,1750 rpm,"13,9 kgfm/litro","61,2 kgfm",4,Admissão e escape,Conversor de torque,Automático,ZF 6HP,6,,Traseira,1479 mm,1611 mm,1650 mm,630 kg,5072 mm,3070 mm,1902 mm,1945 kg,500 litros,,,82 litros,123 mm,Disco ventilado,Disco ventilado,"2,41 m²","0,747 m²","0,31",,Hidráulica,"12,2 m",,"Indep., braços sobrepostos",Mola pneumática,"Indep., multibraço",738 km,394 km,9 km/l,"4,8 km/l",144 mm,,,,,,,Hidráulicos,,,,,,,,,,,,,,,,,,,,,,,,,,,,,,,,,,,,,,,,,,,,,,,,
bmw,750i,750i,750i-l-activehybrid-7-4-4-v8-2011,750i-l-activehybrid-7-4-4-v8-2011,https://www.fichacompleta.com.br/carros/bmw/750i-l-activehybrid-7-4-4-v8-2011,2026-06-18T15:45:52.921084,Bmw 750i L ActiveHybrid 7 4.4 V8 2011,"4,9 s",250 km/h,Corrente,Injeção direta,Turbocompressor,4395 cm³,8 em V,N63B44,Duplo no cabeçote,"88,3 mm",89 mm,Longitudinal,Dianteiro,"4,6 kg/cv","31,2 kg/kgfm","102,4 cv/litro",450 cv,10:1,5500 rpm,2000 rpm,"15,1 kgfm/litro","66,3 kgfm",4,Admissão e escape,Conversor de torque,Automático,ZF 8HP,8,,Traseira,1474 mm,1620 mm,1632 mm,590 kg,5212 mm,3210 mm,1902 mm,2070 kg,460 litros,,,80 litros,110 mm,Disco ventilado,Disco ventilado,"2,41 m²","0,747 m²","0,31",,Hidráulica,13 m,,"Indep., braços sobrepostos",Mola pneumática,"Indep., multibraço",1120 km,600 km,14 km/l,"7,5 km/l",151 mm,,,,,,,Hidráulicos,,,,,,,,,,,20 cv,"21,4 kgfm",,,,,,"0,4 kWh",,465 cv,"71,4 kgfm",,1120 km,600 km,14 km/l,"7,5 km/l",,,,,,,,,,,,,,,,,,,,,,
bmw,750i,750i,750i-4-4-v8-2012,750i-4-4-v8-2012,https://www.fichacompleta.com.br/carros/bmw/750i-4-4-v8-2012,2026-06-18T15:45:57.519956,Bmw 750i 4.4 V8 2012,"5,2 s",250 km/h,Corrente,Injeção direta,Turbocompressor,4395 cm³,8 em V,N63B44,Duplo no cabeçote,"88,3 mm",89 mm,Longitudinal,Dianteiro,"4,8 kg/cv","31,8 kg/kgfm","92,8 cv/litro",408 cv,10:1,5500 rpm,1750 rpm,"13,9 kgfm/litro","61,2 kgfm",4,Admissão e escape,Conversor de torque,Automático,ZF 6HP,6,,Traseira,1479 mm,1611 mm,1650 mm,630 kg,5072 mm,3070 mm,1902 mm,1945 kg,500 litros,,,82 litros,123 mm,Disco ventilado,Disco ventilado,"2,41 m²","0,747 m²","0,31",,Hidráulica,"12,2 m",,"Indep., braços sobrepostos",Mola pneumática,"Indep., multibraço",738 km,394 km,9 km/l,"4,8 km/l",144 mm,,,,,,,Hidráulicos,,,,,,,,,,,,,,,,,,,,,,,,,,,,,,,,,,,,,,,,,,,,,,,,
bmw,750i,750i,750i-l-activehybrid-7-4-4-v8-2012,750i-l-activehybrid-7-4-4-v8-2012,https://www.fichacompleta.com.br/carros/bmw/750i-l-activehybrid-7-4-4-v8-2012,2026-06-18T15:46:00.308182,Bmw 750i L ActiveHybrid 7 4.4 V8 2012,"4,9 s",250 km/h,Corrente,Injeção direta,Turbocompressor,4395 cm³,8 em V,N63B44,Duplo no cabeçote,"88,3 mm",89 mm,Longitudinal,Dianteiro,"4,6 kg/cv","31,2 kg/kgfm","102,4 cv/litro",450 cv,10:1,5500 rpm,2000 rpm,"15,1 kgfm/litro","66,3 kgfm",4,Admissão e escape,Conversor de torque,Automático,ZF 8HP,8,,Traseira,1474 mm,1620 mm,1632 mm,590 kg,5212 mm,3210 mm,1902 mm,2070 kg,460 litros,,,80 litros,110 mm,Disco ventilado,Disco ventilado,"2,41 m²","0,747 m²","0,31",,Hidráulica,13 m,,"Indep., braços sobrepostos",Mola pneumática,"Indep., multibraço",1120 km,600 km,14 km/l,"7,5 km/l",151 mm,,,,,,,Hidráulicos,,,,,,,,,,,20 cv,"21,4 kgfm",,,,,,"0,4 kWh",,465 cv,"71,4 kgfm",,1120 km,600 km,14 km/l,"7,5 km/l",,,,,,,,,,,,,,,,,,,,,,
bmw,750i,750i,750i-m-sport-4-4-v8-2014,750i-m-sport-4-4-v8-2014,https://www.fichacompleta.com.br/carros/bmw/750i-m-sport-4-4-v8-2014,2026-06-18T15:46:03.779741,Bmw 750i M Sport 4.4 V8 2014,"4,8 s",250 km/h,Corrente,Injeção direta,Turbocompressor,4395 cm³,8 em V,N63B44TU,Duplo no cabeçote,"88,3 mm",89 mm,Longitudinal,Dianteiro,"4,3 kg/cv","29,3 kg/kgfm","102,4 cv/litro",450 cv,10:1,5500 rpm,2000 rpm,"15,1 kgfm/litro","66,3 kgfm",4,Admissão e escape,Conversor de torque,Automático,ZF 8HP,8,,Traseira,1471 mm,1611 mm,1650 mm,660 kg,5079 mm,3070 mm,1902 mm,1940 kg,500 litros,2100 kg,750 kg,80 litros,96 mm,Disco ventilado,Disco ventilado,"2,38 m²","0,666 m²","0,28",,Eletro-hidráulica,"12,2 m",,"Indep., braços sobrepostos",Mola pneumática,"Indep., braços sobrepostos",624 km,416 km,"7,8 km/l","5,2 km/l",152 mm,,,,,,7000 rpm,Hidráulicos,,,,,,,,,,,,,,,,,,,,,,,,,,,,,,,,,,,,,,,,,,,,,,,,
bmw,750i,750i,750i-4-4-v8-2015,750i-4-4-v8-2015,https://www.fichacompleta.com.br/carros/bmw/750i-4-4-v8-2015,2026-06-18T15:46:07.543328,Bmw 750i 4.4 V8 2015,"4,8 s",250 km/h,,Injeção direta,Turbocompressor,4395 cm³,8 em V,N63B44TU,"Duplo no cabeçote, corrente","88,3 mm",89 mm,Longitudinal,Dianteiro,"4,3 kg/cv","29,3 kg/kgfm","102,4 cv/litro",450 cv a 5500 rpm,10:1,,,"15,1 kgfm/litro","66,3 kgfm a 2000 rpm",4,Admissão e escape,Conversor de torque,Automático,ZF 8HP,,8,Traseira,1471 mm,1611 mm,1650 mm,660 kg,5079 mm,3070 mm,1902 mm,1940 kg,500 litros,2100 kg,750 kg,80 litros,96 mm,Disco ventilado,Disco ventilado,"2,38 m²","0,666 m²",,"0,28",Eletro-hidráulica,,"12,2 m","Independente, braços sobrepostos",Mola pneumática,"Independente, braços sobrepostos",624 km,416 km,"7,8 km/l","5,2 km/l",152 mm,,,,,,7000 rpm,,,,,,,,,,,,,,,,,,,,,,,,,,,,,,,,,,,,,,,,,,,,,,,,,
bmw,750i,750i,750i-l-4-4-v8-2016,750i-l-4-4-v8-2016,https://www.fichacompleta.com.br/carros/bmw/750i-l-4-4-v8-2016,2026-06-18T15:46:10.435953,Bmw 750i L 4.4 V8 2016,"4,7 s",250 km/h,,Injeção direta,Turbocompressor,4395 cm³,8 em V,N63B44TU,"Duplo no cabeçote, corrente","88,3 mm",89 mm,Longitudinal,Dianteiro,"4,1 kg/cv","28,1 kg/kgfm","102,4 cv/litro",450 cv a 5500 rpm,"10,5:1",,,"15,1 kgfm/litro","66,3 kgfm a 1800 rpm",4,Admissão e escape,Conversor de torque,Automático,ZF 8HP,,8,Traseira,1479 mm,1612 mm,1640 mm,690 kg,5238 mm,3210 mm,1902 mm,1865 kg,515 litros,2100 kg,750 kg,78 litros,98 mm,Disco ventilado,Disco ventilado,"2,39 m²","0,621 m²",,"0,26",Eletro-hidráulica,,"12,5 m","Independente, braços sobrepostos",Mola pneumática,"Independente, braços sobrepostos",608 km,406 km,"7,8 km/l","5,2 km/l",135 mm,,,,,,7000 rpm,,,,,,,,,,,,,,,,,,,,,,,,,,,,,,,,,,,,,,,,,,,,,,,,,
bmw,750i,750i,750i-l-4-4-v8-2017,750i-l-4-4-v8-2017,https://www.fichacompleta.com.br/carros/bmw/750i-l-4-4-v8-2017,2026-06-18T15:46:13.009253,Bmw 750i L 4.4 V8 2017,"4,7 s",250 km/h,,Injeção direta,Turbocompressor,4395 cm³,8 em V,N63B44TU,"Duplo no cabeçote, corrente","88,3 mm",89 mm,Longitudinal,Dianteiro,"4,1 kg/cv","28,1 kg/kgfm","102,4 cv/litro",450 cv a 5500 rpm,"10,5:1",,,"15,1 kgfm/litro","66,3 kgfm a 1800 rpm",4,Admissão e escape,Conversor de torque,Automático,ZF 8HP,,8,Traseira,1479 mm,1612 mm,1640 mm,690 kg,5238 mm,3210 mm,1902 mm,1865 kg,515 litros,2100 kg,750 kg,78 litros,98 mm,Disco ventilado,Disco ventilado,"2,39 m²","0,621 m²",,"0,26",Eletro-hidráulica,,"12,5 m","Independente, braços sobrepostos",Mola pneumática,"Independente, braços sobrepostos",608 km,406 km,"7,8 km/l","5,2 km/l",135 mm,,,,,,7000 rpm,,,,,,,,,,,,,,,,,,,,,,,,,,,,,,,,,,,,,,,,,,,,,,,,,
bmw,750i,750i,750i-l-4-4-v8-2018,750i-l-4-4-v8-2018,https://www.fichacompleta.com.br/carros/bmw/750i-l-4-4-v8-2018,2026-06-18T15:46:17.444619,Bmw 750i L 4.4 V8 2018,"4,7 s",250 km/h,,Injeção direta,Turbocompressor,4395 cm³,8 em V,N63B44TU,"Duplo no cabeçote, corrente","88,3 mm",89 mm,Longitudinal,Dianteiro,"4,1 kg/cv","28,1 kg/kgfm","102,4 cv/litro",450 cv a 5500 rpm,"10,5:1",,,"15,1 kgfm/litro","66,3 kgfm a 1800 rpm",4,Admissão e escape,Conversor de torque,Automático,ZF 8HP,,8,Traseira,1479 mm,1612 mm,1640 mm,690 kg,5238 mm,3210 mm,1902 mm,1865 kg,515 litros,2100 kg,750 kg,78 litros,98 mm,Disco ventilado,Disco ventilado,"2,39 m²","0,621 m²",,"0,26",Eletro-hidráulica,,"12,5 m","Independente, braços sobrepostos",Mola pneumática,"Independente, braços sobrepostos",819 km,554 km,"10,5 km/l","7,1 km/l",135 mm,,,,,,7000 rpm,,,,,,,,,,,,,,,,,,,,,,,,,,,,,,,,,,,,,,,,,,,,,,,,,
bmw,750i,750i,750i-l-pure-excellence-4-4-v8-2018,750i-l-pure-excellence-4-4-v8-2018,https://www.fichacompleta.com.br/carros/bmw/750i-l-pure-excellence-4-4-v8-2018,2026-06-18T15:46:21.851368,Bmw 750i L Pure Excellence 4.4 V8 2018,"4,7 s",250 km/h,,Injeção direta,Turbocompressor,4395 cm³,8 em V,N63B44TU,"Duplo no cabeçote, corrente","88,3 mm",89 mm,Longitudinal,Dianteiro,"4,1 kg/cv","28,1 kg/kgfm","102,4 cv/litro",450 cv a 5500 rpm,"10,5:1",,,"15,1 kgfm/litro","66,3 kgfm a 1800 rpm",4,Admissão e escape,Conversor de torque,Automático,ZF 8HP,,8,Traseira,1479 mm,1612 mm,1640 mm,690 kg,5238 mm,3210 mm,1902 mm,1865 kg,515 litros,2100 kg,750 kg,78 litros,98 mm,Disco ventilado,Disco ventilado,"2,39 m²","0,621 m²",,"0,26",Eletro-hidráulica,,"12,5 m","Independente, braços sobrepostos",Mola pneumática,"Independente, braços sobrepostos",819 km,554 km,"10,5 km/l","7,1 km/l",135 mm,,,,,,7000 rpm,,,,,,,,,,,,,,,,,,,,,,,,,,,,,,,,,,,,,,,,,,,,,,,,,
bmw,750i,750i,750i-l-4-4-v8-2019,750i-l-4-4-v8-2019,https://www.fichacompleta.com.br/carros/bmw/750i-l-4-4-v8-2019,2026-06-18T15:46:25.917595,Bmw 750i L 4.4 V8 2019,"4,7 s",250 km/h,Corrente,Injeção direta,Turbocompressor,,8 em V,N63B44TU,Duplo no cabeçote,"88,3 mm",89 mm,Longitudinal,Dianteiro,"4,14 kg/cv","28,1 kg/kgfm","102,4 cv/litro",450 cv,"10,5:1",,,"15,1 kgfm/litro","66,3 kgfm",4,Admissão e escape,Conversor de torque,Automático,ZF 8HP,8,,Traseira,1479 mm,1612 mm,1640 mm,690 kg,5238 mm,3210 mm,1902 mm,1865 kg,515 litros,2100 kg,750 kg,78 litros,98 mm,Disco ventilado,Disco ventilado,"2,39 m²","0,621 m²","0,26",,Eletro-hidráulica,"12,5 m",,"Indep., braços sobrepostos",Mola pneumática,"Indep., braços sobrepostos",819 km,554 km,"10,5 km/l","7,1 km/l",135 mm,,5500 rpm,1800 rpm,549 cm³,4395 cm³,7000 rpm,,,,,,,,,,,,,,,,,,,,,,,,,,,,,,,,,,,,,,,,,,,,,,,,,
bmw,750i,750i,750i-l-pure-excellence-4-4-v8-2019,750i-l-pure-excellence-4-4-v8-2019,https://www.fichacompleta.com.br/carros/bmw/750i-l-pure-excellence-4-4-v8-2019,2026-06-18T15:46:30.664550,Bmw 750i L Pure Excellence 4.4 V8 2019,"4,7 s",250 km/h,Corrente,Injeção direta,Turbocompressor,4395 cm³,8 em V,N63B44TU,Duplo no cabeçote,"88,3 mm",89 mm,Longitudinal,Dianteiro,"4,1 kg/cv","28,1 kg/kgfm","102,4 cv/litro",450 cv,"10,5:1",,,"15,1 kgfm/litro","66,3 kgfm",4,Admissão e escape,Conversor de torque,Automático,ZF 8HP,8,,Traseira,1479 mm,1612 mm,1640 mm,690 kg,5238 mm,3210 mm,1902 mm,1865 kg,515 litros,2100 kg,750 kg,78 litros,98 mm,Disco ventilado,Disco ventilado,"2,39 m²","0,621 m²","0,26",,Eletro-hidráulica,"12,5 m",,"Indep., braços sobrepostos",Mola pneumática,"Indep., braços sobrepostos",819 km,554 km,"10,5 km/l","7,1 km/l",135 mm,,5500 rpm,1800 rpm,,,7000 rpm,,,,,,,,,,,,,,,,,,,,,,,,,,,,,,,,,,,,,,,,,,,,,,,,,
bmw,760i,760i,760i-6-0-v12-2003,760i-6-0-v12-2003,https://www.fichacompleta.com.br/carros/bmw/760i-6-0-v12-2003,2026-06-18T15:46:48.415503,Bmw 760i 6.0 V12 2003,"5,5 s",250 km/h,,Injeção multiponto,Natural,5972 cm³,12 em V,,Duplo no cabeçote,80 mm,89 mm,Longitudinal,Dianteiro,"4,5 kg/cv","32,9 kg/kgfm","74,5 cv/litro",445 cv a 6000 rpm,"11,3:1",,,"10,2 kgfm/litro","61,2 kgfm a 3950 rpm",4,Admissão e escape,Conversor de torque,Automático,,,6,Traseira,1492 mm,1578 mm,1582 mm,615 kg,5029 mm,2990 mm,1902 mm,2015 kg,500 litros,,,88 litros,123 mm,Disco ventilado,Disco ventilado,"2,41 m²","0,699 m²",,"0,29",Hidráulica,,"12,1 m","Independente, braços sobrepostos",Mola helicoidal,"Independente, multibraço",598 km,317 km,"6,8 km/l","3,6 km/l",,,,,,,,,,,,,,,,,,,,,,,,,,,,,,,,,,,,,,,,,,,,,,,,,,,,,,,,
bmw,760i,760i,760i-l-6-0-v12-2006,760i-l-6-0-v12-2006,https://www.fichacompleta.com.br/carros/bmw/760i-l-6-0-v12-2006,2026-06-18T15:46:51.933771,Bmw 760i L 6.0 V12 2006,"5,6 s",250 km/h,,Injeção multiponto,Natural,5972 cm³,12 em V,N73B60,Duplo no cabeçote,80 mm,89 mm,Longitudinal,Dianteiro,"4,9 kg/cv","35,6 kg/kgfm","74,5 cv/litro",445 cv,"11,3:1",6000 rpm,3950 rpm,"10,2 kgfm/litro","61,2 kgfm",4,Admissão,Conversor de torque,Automático,ZF 6HP,6,,Traseira,1484 mm,1578 mm,1596 mm,500 kg,5179 mm,3130 mm,1902 mm,2180 kg,500 litros,,,88 litros,123 mm,Disco ventilado,Disco ventilado,"2,4 m²","0,696 m²","0,29",,Hidráulica,"12,6 m",,"Indep., braços sobrepostos",Mola helicoidal,"Indep., multibraço",616 km,308 km,7 km/l,"3,5 km/l",,,,,,,,,,,,,,,,,,,,,,,,,,,,,,,,,,,,,,,,,,,,,,,,,,,,,,,,
bmw,760i,760i,760i-l-6-0-v12-2007,760i-l-6-0-v12-2007,https://www.fichacompleta.com.br/carros/bmw/760i-l-6-0-v12-2007,2026-06-18T15:46:55.117772,Bmw 760i L 6.0 V12 2007,"5,6 s",250 km/h,,Injeção multiponto,Natural,5972 cm³,12 em V,N73B60,Duplo no cabeçote,80 mm,89 mm,Longitudinal,Dianteiro,"4,9 kg/cv","35,6 kg/kgfm","74,5 cv/litro",445 cv,"11,3:1",6000 rpm,3950 rpm,"10,2 kgfm/litro","61,2 kgfm",4,Admissão,Conversor de torque,Automático,ZF 6HP,6,,Traseira,1484 mm,1578 mm,1596 mm,500 kg,5179 mm,3130 mm,1902 mm,2180 kg,500 litros,,,88 litros,123 mm,Disco ventilado,Disco ventilado,"2,4 m²","0,696 m²","0,29",,Hidráulica,"12,6 m",,"Indep., braços sobrepostos",Mola helicoidal,"Indep., multibraço",616 km,308 km,7 km/l,"3,5 km/l",,,,,,,,,,,,,,,,,,,,,,,,,,,,,,,,,,,,,,,,,,,,,,,,,,,,,,,,
bmw,760i,760i,760i-l-6-0-v12-2008,760i-l-6-0-v12-2008,https://www.fichacompleta.com.br/carros/bmw/760i-l-6-0-v12-2008,2026-06-18T15:46:58.085889,Bmw 760i L 6.0 V12 2008,"5,6 s",250 km/h,,Injeção multiponto,Natural,5972 cm³,12 em V,N73B60,Duplo no cabeçote,80 mm,89 mm,Longitudinal,Dianteiro,"4,9 kg/cv","35,6 kg/kgfm","74,5 cv/litro",445 cv,"11,3:1",6000 rpm,3950 rpm,"10,2 kgfm/litro","61,2 kgfm",4,Admissão,Conversor de torque,Automático,ZF 6HP,6,,Traseira,1484 mm,1578 mm,1596 mm,500 kg,5179 mm,3130 mm,1902 mm,2180 kg,500 litros,,,88 litros,123 mm,Disco ventilado,Disco ventilado,"2,4 m²","0,696 m²","0,29",,Hidráulica,"12,6 m",,"Indep., braços sobrepostos",Mola helicoidal,"Indep., multibraço",616 km,308 km,7 km/l,"3,5 km/l",,,,,,,,,,,,,,,,,,,,,,,,,,,,,,,,,,,,,,,,,,,,,,,,,,,,,,,,
bmw,760i,760i,760i-l-6-0-v12-2010,760i-l-6-0-v12-2010,https://www.fichacompleta.com.br/carros/bmw/760i-l-6-0-v12-2010,2026-06-18T15:47:00.527423,Bmw 760i L 6.0 V12 2010,"4,6 s",250 km/h,,Injeção direta,Turbocompressor,5972 cm³,12 em V,N74B60,Duplo no cabeçote,80 mm,89 mm,Longitudinal,Dianteiro,"4,0 kg/cv","28,4 kg/kgfm","91,1 cv/litro",544 cv,10:1,,,"12,8 kgfm/litro","76,5 kgfm",4,Admissão e escape,Conversor de torque,Automático,ZF 8HP,8,,Traseira,1478 mm,1611 mm,1650 mm,590 kg,5212 mm,3210 mm,1902 mm,2175 kg,500 litros,,,82 litros,123 mm,Disco ventilado,Disco ventilado,"2,41 m²","0,747 m²","0,31",,Hidráulica,"12,7 m",,"Indep., braços sobrepostos",Mola helicoidal,"Indep., multibraço",656 km,312 km,8 km/l,"3,8 km/l",151 mm,,5250 rpm,1500 rpm,,,,,,,,,,,,,,,,,,,,,,,,,,,,,,,,,,,,,,,,,,,,,,,,,,,,
bmw,760i,760i,760i-l-6-0-v12-2011,760i-l-6-0-v12-2011,https://www.fichacompleta.com.br/carros/bmw/760i-l-6-0-v12-2011,2026-06-18T15:47:04.530516,Bmw 760i L 6.0 V12 2011,"4,6 s",250 km/h,,Injeção direta,Turbocompressor,5972 cm³,12 em V,N74B60,Duplo no cabeçote,80 mm,89 mm,Longitudinal,Dianteiro,"4,0 kg/cv","28,4 kg/kgfm","91,1 cv/litro",544 cv,10:1,,,"12,8 kgfm/litro","76,5 kgfm",4,Admissão e escape,Conversor de torque,Automático,ZF 8HP,8,,Traseira,1478 mm,1611 mm,1650 mm,590 kg,5212 mm,3210 mm,1902 mm,2175 kg,500 litros,,,82 litros,123 mm,Disco ventilado,Disco ventilado,"2,41 m²","0,747 m²","0,31",,Hidráulica,"12,7 m",,"Indep., braços sobrepostos",Mola helicoidal,"Indep., multibraço",656 km,312 km,8 km/l,"3,8 km/l",151 mm,,5250 rpm,1500 rpm,,,,,,,,,,,,,,,,,,,,,,,,,,,,,,,,,,,,,,,,,,,,,,,,,,,,
bmw,760i,760i,760i-l-6-0-v12-2012,760i-l-6-0-v12-2012,https://www.fichacompleta.com.br/carros/bmw/760i-l-6-0-v12-2012,2026-06-18T15:47:07.109777,Bmw 760i L 6.0 V12 2012,"4,6 s",250 km/h,,Injeção direta,Turbocompressor,5972 cm³,12 em V,N74B60,Duplo no cabeçote,80 mm,89 mm,Longitudinal,Dianteiro,"4,0 kg/cv","28,4 kg/kgfm","91,1 cv/litro",544 cv,10:1,,,"12,8 kgfm/litro","76,5 kgfm",4,Admissão e escape,Conversor de torque,Automático,ZF 8HP,8,,Traseira,1478 mm,1611 mm,1650 mm,590 kg,5212 mm,3210 mm,1902 mm,2175 kg,500 litros,,,82 litros,123 mm,Disco ventilado,Disco ventilado,"2,41 m²","0,747 m²","0,31",,Hidráulica,"12,7 m",,"Indep., braços sobrepostos",Mola helicoidal,"Indep., multibraço",656 km,312 km,8 km/l,"3,8 km/l",151 mm,,5250 rpm,1500 rpm,,,,,,,,,,,,,,,,,,,,,,,,,,,,,,,,,,,,,,,,,,,,,,,,,,,,
bmw,760i,760i,760i-l-6-6-v12-2020,760i-l-6-6-v12-2020,https://www.fichacompleta.com.br/carros/bmw/760i-l-6-6-v12-2020,2026-06-18T15:47:10.113861,Bmw 760i L 6.6 V12 2020,"3,8 s",305 km/h,Corrente,Injeção direta,Turbocompressor,6592 cm³,12 em V,N74B66,Duplo no cabeçote,"88,3 mm",89 mm,Longitudinal,Dianteiro,"3,8 kg/cv","25,6 kg/kgfm","88,7 cv/litro",585 cv,10:1,,,"13,2 kgfm/litro","86,7 kgfm",4,Admissão e escape,Conversor de torque,Automático,ZF 8HP,8,,Integral permanente,1479 mm,1621 mm,1618 mm,620 kg,5260 mm,3210 mm,1902 mm,2220 kg,515 litros,,,78 litros,96 mm,Disco ventilado,Disco ventilado,"2,42 m²","0,726 m²","0,3",,Eletro-hidráulica,"12,9 m",,"Indep., braços sobrepostos",Mola pneumática,"Indep., braços sobrepostos",554 km,406 km,"7,1 km/l","5,2 km/l",135 mm,,5250 rpm,1600 rpm,,,,,,,,,,,,,,,,,,,,,,,,,,,,,,,,,,,,,,,,,,,,,,,,,,,,
bmw,760i,760i,760i-l-6-6-v12-2021,760i-l-6-6-v12-2021,https://www.fichacompleta.com.br/carros/bmw/760i-l-6-6-v12-2021,2026-06-18T15:47:14.006577,Bmw 760i L 6.6 V12 2021,"3,8 s",305 km/h,,Injeção direta,Turbocompressor,6592 cm³,12 em V,N74B66,"Duplo no cabeçote, corrente","88,3 mm",89 mm,Longitudinal,Dianteiro,"3,8 kg/cv","25,6 kg/kgfm","88,7 cv/litro",585 cv a 5250 rpm,10:1,,,"13,2 kgfm/litro","86,7 kgfm a 1600 rpm",4,Admissão e escape,Conversor de torque,Automático,ZF 8HP,,8,Integral permanente,1479 mm,1621 mm,1618 mm,620 kg,5260 mm,3210 mm,1902 mm,2220 kg,515 litros,,,78 litros,96 mm,Disco ventilado,Disco ventilado,"2,42 m²","0,726 m²",,"0,3",Eletro-hidráulica,,"12,9 m","Independente, braços sobrepostos",Mola pneumática,"Independente, braços sobrepostos",554 km,406 km,"7,1 km/l","5,2 km/l",135 mm,,,,,,,,,,,,,,,,,,,,,,,,,,,,,,,,,,,,,,,,,,,,,,,,,,,,,,,
bmw,760i,760i,760i-l-6-6-v12-2022,760i-l-6-6-v12-2022,https://www.fichacompleta.com.br/carros/bmw/760i-l-6-6-v12-2022,2026-06-18T15:47:17.948502,Bmw 760i L 6.6 V12 2022,"3,8 s",305 km/h,Corrente,Injeção direta,Turbocompressor,,12 em V,N74B66,Duplo no cabeçote,"88,3 mm",89 mm,Longitudinal,Dianteiro,"3,79 kg/cv","25,6 kg/kgfm","88,7 cv/litro",585 cv,10:1,,,"13,2 kgfm/litro","86,7 kgfm",4,Admissão e escape,Conversor de torque,Automático,ZF 8HP,8,,Integral permanente,1479 mm,1621 mm,1618 mm,620 kg,5260 mm,3210 mm,1902 mm,2220 kg,515 litros,,,78 litros,96 mm,Disco ventilado,Disco ventilado,"2,42 m²","0,726 m²","0,3",,Eletro-hidráulica,"12,9 m",,"Indep., braços sobrepostos",Mola pneumática,"Indep., braços sobrepostos",554 km,406 km,"7,1 km/l","5,2 km/l",135 mm,,5250 rpm,1600 rpm,549 cm³,6592 cm³,,,,,,,,,,,,,,,,,,,,,,,,,,,,,,,,,,,,,,,,,,,,,,,,,,
bmw,840ci,840ci,840ci-4-0-v8-1993,840ci-4-0-v8-1993,https://www.fichacompleta.com.br/carros/bmw/840ci-4-0-v8-1993,2026-06-18T15:47:35.184203,Bmw 840ci 4.0 V8 1993,"7,4 s",250 km/h,,Injeção multiponto,Natural,3982 cm³,8 em V,M60B40,Duplo no cabeçote,80 mm,89 mm,Longitudinal,Dianteiro,"6,4 kg/cv","44,9 kg/kgfm","71,8 cv/litro",286 cv a 5800 rpm,10:1,,,"10,2 kgfm/litro","40,8 kgfm a 4500 rpm",4,,Conversor de torque,Automático,ZF 5HP,,5,Traseira,1340 mm,1554 mm,1562 mm,400 kg,4780 mm,2684 mm,1855 mm,1830 kg,360 litros,,,90 litros,118 mm,Disco ventilado,Disco sólido,"2,11 m²","0,612 m²",,"0,29",Hidráulica,,"11,5 m","Independente, McPherson",Mola helicoidal,"Independente, multibraço",657 km,378 km,"7,3 km/l","4,2 km/l",140 mm,,,,,,,,,,,,,,,,,,,,,,,,,,,,,,,,,,,,,,,,,,,,,,,,,,,,,,,
bmw,840ci,840ci,840ci-4-4-v8-1995,840ci-4-4-v8-1995,https://www.fichacompleta.com.br/carros/bmw/840ci-4-4-v8-1995,2026-06-18T15:47:39.357975,Bmw 840ci 4.4 V8 1995,7 s,250 km/h,,Injeção multiponto,Natural,4398 cm³,8 em V,M62B44,Duplo no cabeçote,"82,7 mm",92 mm,Longitudinal,Dianteiro,"6,4 kg/cv","42,5 kg/kgfm","65,0 cv/litro",286 cv a 5700 rpm,10:1,,,"9,7 kgfm/litro","42,8 kgfm a 3900 rpm",4,,Conversor de torque,Automático,ZF 5HP,,5,Traseira,1340 mm,1554 mm,1562 mm,420 kg,4780 mm,2684 mm,1855 mm,1820 kg,360 litros,,,90 litros,118 mm,Disco ventilado,Disco sólido,"2,11 m²","0,612 m²",,"0,29",Hidráulica,,"11,5 m","Independente, McPherson",Mola helicoidal,"Independente, multibraço",657 km,378 km,"7,3 km/l","4,2 km/l",140 mm,,,,,,6100 rpm,,,,,,,,,,,,,,,,,,,,,,,,,,,,,,,,,,,,,,,,,,,,,,,,,
bmw,840ci,840ci,840ci-4-4-v8-1997,840ci-4-4-v8-1997,https://www.fichacompleta.com.br/carros/bmw/840ci-4-4-v8-1997,2026-06-18T15:47:42.029003,Bmw 840ci 4.4 V8 1997,7 s,250 km/h,,Injeção multiponto,Natural,4398 cm³,8 em V,M62B44,Duplo no cabeçote,"82,7 mm",92 mm,Longitudinal,Dianteiro,"6,4 kg/cv","42,5 kg/kgfm","65,0 cv/litro",286 cv,10:1,,,"9,7 kgfm/litro","42,8 kgfm",4,,Conversor de torque,Automático,ZF 5HP,5,,Traseira,1340 mm,1554 mm,1562 mm,420 kg,4780 mm,2684 mm,1855 mm,1820 kg,360 litros,,,90 litros,118 mm,Disco ventilado,Disco sólido,"2,11 m²","0,612 m²","0,29",,Hidráulica,"11,5 m",,"Indep., McPherson",Mola helicoidal,"Indep., multibraço",657 km,378 km,"7,3 km/l","4,2 km/l",140 mm,,5700 rpm,3900 rpm,,,6100 rpm,,,,,,,,,,,,,,,,,,,,,,,,,,,,,,,,,,,,,,,,,,,,,,,,,
bmw,850ci,850ci,850ci-5-0-v12-1992,850ci-5-0-v12-1992,https://www.fichacompleta.com.br/carros/bmw/850ci-5-0-v12-1992,2026-06-18T15:47:58.144850,Bmw 850ci 5.0 V12 1992,"7,4 s",250 km/h,,Injeção multiponto,Natural,4988 cm³,12 em V,M70B50,Único no cabeçote,75 mm,84 mm,Longitudinal,Dianteiro,"6,0 kg/cv","39,0 kg/kgfm","60,1 cv/litro",300 cv,"8,8:1",,,"9,2 kgfm/litro","45,9 kgfm",2,,Conversor de torque,Automático,ZF 4HP,4,,Traseira,1340 mm,1554 mm,1562 mm,400 kg,4780 mm,2684 mm,1855 mm,1790 kg,360 litros,,,90 litros,118 mm,Disco ventilado,Disco sólido,"2,11 m²","0,612 m²","0,29",,Hidráulica,"11,5 m",,"Indep., McPherson",Mola helicoidal,"Indep., multibraço",612 km,342 km,"6,8 km/l","3,8 km/l",140 mm,,5200 rpm,4100 rpm,,,,,,,,,,,,,,,,,,,,,,,,,,,,,,,,,,,,,,,,,,,,,,,,,,,,
bmw,850ci,850ci,850ci-5-0-v12-1994,850ci-5-0-v12-1994,https://www.fichacompleta.com.br/carros/bmw/850ci-5-0-v12-1994,2026-06-18T15:48:00.994288,Bmw 850ci 5.0 V12 1994,"7,4 s",250 km/h,,Injeção multiponto,Natural,4988 cm³,12 em V,M70B50,Único no cabeçote,75 mm,84 mm,Longitudinal,Dianteiro,"6,0 kg/cv","39,0 kg/kgfm","60,1 cv/litro",300 cv a 5200 rpm,"8,8:1",,,"9,2 kgfm/litro","45,9 kgfm a 4100 rpm",2,,Conversor de torque,Automático,ZF 4HP,,4,Traseira,1340 mm,1554 mm,1562 mm,400 kg,4780 mm,2684 mm,1855 mm,1790 kg,360 litros,,,90 litros,118 mm,Disco ventilado,Disco sólido,"2,11 m²","0,612 m²",,"0,29",Hidráulica,,"11,5 m","Independente, McPherson",Mola helicoidal,"Independente, multibraço",612 km,342 km,"6,8 km/l","3,8 km/l",140 mm,,,,,,,,,,,,,,,,,,,,,,,,,,,,,,,,,,,,,,,,,,,,,,,,,,,,,,,
bmw,850ci,850ci,850ci-5-4-v12-1996,850ci-5-4-v12-1996,https://www.fichacompleta.com.br/carros/bmw/850ci-5-4-v12-1996,2026-06-18T15:48:05.776116,Bmw 850ci 5.4 V12 1996,"6,3 s",250 km/h,,Injeção multiponto,Natural,5379 cm³,12 em V,M73B54,Único no cabeçote,79 mm,85 mm,Longitudinal,Dianteiro,"5,8 kg/cv","37,6 kg/kgfm","60,6 cv/litro",326 cv a 5000 rpm,10:1,,,"9,3 kgfm/litro",50 kgfm a 3900 rpm,2,,Conversor de torque,Automático,ZF 5HP,,5,Traseira,1340 mm,1554 mm,1562 mm,420 kg,4780 mm,2684 mm,1855 mm,1880 kg,360 litros,,,90 litros,118 mm,Disco ventilado,Disco sólido,"2,11 m²","0,612 m²",,"0,29",Hidráulica,,"11,5 m","Independente, McPherson",Mola helicoidal,"Independente, multibraço",594 km,324 km,"6,6 km/l","3,6 km/l",140 mm,,,,,,,,,,,,,,,,,,,,,,,,,,,,,,,,,,,,,,,,,,,,,,,,,,,,,,,
bmw,850ci,850ci,850ci-5-4-v12-1998,850ci-5-4-v12-1998,https://www.fichacompleta.com.br/carros/bmw/850ci-5-4-v12-1998,2026-06-18T15:48:09.678691,Bmw 850ci 5.4 V12 1998,"6,3 s",250 km/h,,Injeção multiponto,Natural,5379 cm³,12 em V,M73B54,Único no cabeçote,79 mm,85 mm,Longitudinal,Dianteiro,"5,8 kg/cv","37,6 kg/kgfm","60,6 cv/litro",326 cv,10:1,,,"9,3 kgfm/litro",50 kgfm,2,,Conversor de torque,Automático,ZF 5HP,5,,Traseira,1340 mm,1554 mm,1562 mm,420 kg,4780 mm,2684 mm,1855 mm,1880 kg,360 litros,,,90 litros,118 mm,Disco ventilado,Disco sólido,"2,11 m²","0,612 m²","0,29",,Hidráulica,"11,5 m",,"Indep., McPherson",Mola helicoidal,"Indep., multibraço",594 km,324 km,"6,6 km/l","3,6 km/l",140 mm,,5000 rpm,3900 rpm,,,,,,,,,,,,,,,,,,,,,,,,,,,,,,,,,,,,,,,,,,,,,,,,,,,,
bmw,850csi,850csi,850csi-5-6-v12-1993,850csi-5-6-v12-1993,https://www.fichacompleta.com.br/carros/bmw/850csi-5-6-v12-1993,2026-06-18T15:48:27.182891,Bmw 850csi 5.6 V12 1993,6 s,250 km/h,,Injeção multiponto,Natural,5576 cm³,12 em V,S70B56,Único no cabeçote,80 mm,86 mm,Longitudinal,Dianteiro,"4,9 kg/cv","33,2 kg/kgfm","68,1 cv/litro",380 cv a 5300 rpm,"9,8:1",,,"10,1 kgfm/litro","56,1 kgfm a 4100 rpm",2,,Embreagem monodisco a seco,Manual,,,6,Traseira,1330 mm,1554 mm,1562 mm,435 kg,4780 mm,2684 mm,1855 mm,1865 kg,360 litros,,,90 litros,106 mm,Disco ventilado,Disco ventilado,"2,1 m²","0,651 m²",,"0,31",Hidráulica,,"11,5 m","Independente, McPherson",Mola helicoidal,"Independente, multibraço",576 km,315 km,"6,4 km/l","3,5 km/l",125 mm,,,,,,6400 rpm,,,,,,,,,,,,,,,,,,,,,,,,,,,,,,,,,,,,,,,,,,,,,,,,,
bmw,850csi,850csi,850csi-5-6-v12-1995,850csi-5-6-v12-1995,https://www.fichacompleta.com.br/carros/bmw/850csi-5-6-v12-1995,2026-06-18T15:48:31.944308,Bmw 850csi 5.6 V12 1995,6 s,250 km/h,,Injeção multiponto,Natural,5576 cm³,12 em V,S70B56,Único no cabeçote,80 mm,86 mm,Longitudinal,Dianteiro,"4,9 kg/cv","33,2 kg/kgfm","68,1 cv/litro",380 cv a 5300 rpm,"9,8:1",,,"10,1 kgfm/litro","56,1 kgfm a 4100 rpm",2,,Embreagem monodisco a seco,Manual,,,6,Traseira,1330 mm,1554 mm,1562 mm,435 kg,4780 mm,2684 mm,1855 mm,1865 kg,360 litros,,,90 litros,106 mm,Disco ventilado,Disco ventilado,"2,1 m²","0,651 m²",,"0,31",Hidráulica,,"11,5 m","Independente, McPherson",Mola helicoidal,"Independente, multibraço",576 km,315 km,"6,4 km/l","3,5 km/l",125 mm,,,,,,6400 rpm,,,,,,,,,,,,,,,,,,,,,,,,,,,,,,,,,,,,,,,,,,,,,,,,,
bmw,850i,850i,850i-5-0-v12-1991,850i-5-0-v12-1991,https://www.fichacompleta.com.br/carros/bmw/850i-5-0-v12-1991,2026-06-18T15:48:49.248078,Bmw 850i 5.0 V12 1991,"7,4 s",250 km/h,,Injeção multiponto,Natural,4988 cm³,12 em V,M70B50,Único no cabeçote,75 mm,84 mm,Longitudinal,Dianteiro,"6,0 kg/cv","39,0 kg/kgfm","60,1 cv/litro",300 cv a 5200 rpm,"8,8:1",,,"9,2 kgfm/litro","45,9 kgfm a 4100 rpm",2,,Conversor de torque,Automático,ZF 4HP,,4,Traseira,1340 mm,1554 mm,1562 mm,400 kg,4780 mm,2684 mm,1855 mm,1790 kg,360 litros,,,90 litros,118 mm,Disco ventilado,Disco sólido,"2,11 m²","0,612 m²",,"0,29",Hidráulica,,"11,5 m","Independente, McPherson",Mola helicoidal,"Independente, multibraço",603 km,378 km,"6,7 km/l","4,2 km/l",140 mm,,,,,,6000 rpm,,,,,,,,,,,,,,,,,,,,,,,,,,,,,,,,,,,,,,,,,,,,,,,,,
bmw,850i,850i,850i-5-0-v12-1991-gasolina,850i-5-0-v12-1991-gasolina,https://www.fichacompleta.com.br/carros/bmw/850i-5-0-v12-1991-gasolina,2026-06-18T15:48:51.861790,Bmw 850i 5.0 V12 1991,"7,4 s",250 km/h,,Injeção multiponto,Natural,,12 em V,M70B50,Único no cabeçote,75 mm,84 mm,Longitudinal,Dianteiro,"5,97 kg/cv","39,0 kg/kgfm","60,1 cv/litro",300 cv,"8,8:1",,,"9,2 kgfm/litro","45,9 kgfm",2,,Conversor de torque,Automático,ZF 4HP,4,,Traseira,1340 mm,1554 mm,1562 mm,400 kg,4780 mm,2684 mm,1855 mm,1790 kg,360 litros,,,90 litros,118 mm,Disco ventilado,Disco sólido,"2,11 m²","0,612 m²","0,29",,Hidráulica,"11,5 m",,"Indep., McPherson",Mola helicoidal,"Indep., multibraço",603 km,378 km,"6,7 km/l","4,2 km/l",140 mm,,5200 rpm,4100 rpm,416 cm³,4988 cm³,6000 rpm,,,,,,,,,,,,,,,,,,,,,,,,,,,,,,,,,,,,,,,,,,,,,,,,,
bmw,850i,850i,850i-5-0-v12-1992,850i-5-0-v12-1992,https://www.fichacompleta.com.br/carros/bmw/850i-5-0-v12-1992,2026-06-18T15:48:54.384316,Bmw 850i 5.0 V12 1992,"7,4 s",250 km/h,,Injeção multiponto,Natural,4988 cm³,12 em V,M70B50,Único no cabeçote,75 mm,84 mm,Longitudinal,Dianteiro,"6,0 kg/cv","39,0 kg/kgfm","60,1 cv/litro",300 cv a 5200 rpm,"8,8:1",,,"9,2 kgfm/litro","45,9 kgfm a 4100 rpm",2,,Conversor de torque,Automático,ZF 4HP,,4,Traseira,1340 mm,1554 mm,1562 mm,400 kg,4780 mm,2684 mm,1855 mm,1790 kg,360 litros,,,90 litros,118 mm,Disco ventilado,Disco sólido,"2,11 m²","0,612 m²",,"0,29",Hidráulica,,"11,5 m","Independente, McPherson",Mola helicoidal,"Independente, multibraço",603 km,378 km,"6,7 km/l","4,2 km/l",140 mm,,,,,,6000 rpm,,,,,,,,,,,,,,,,,,,,,,,,,,,,,,,,,,,,,,,,,,,,,,,,,
bmw,850i,850i,850i-m-xdrive-4-4-v8-2019,850i-m-xdrive-4-4-v8-2019,https://www.fichacompleta.com.br/carros/bmw/850i-m-xdrive-4-4-v8-2019,2026-06-18T15:48:57.411596,Bmw 850i M xDrive 4.4 V8 2019,"3,7 s",250 km/h,Corrente,Injeção direta,Turbocompressor,4395 cm³,8 em V,N63B44T3,Duplo no cabeçote,"88,3 mm",89 mm,Longitudinal,Dianteiro,"3,6 kg/cv","24,7 kg/kgfm","120,6 cv/litro",530 cv,"10,5:1",,,"17,4 kgfm/litro","76,5 kgfm",4,Admissão e escape,Conversor de torque,Automático,ZF 8HP,8,,Integral permanente,1346 mm,1627 mm,1642 mm,505 kg,4851 mm,2822 mm,1902 mm,1890 kg,420 litros,,,68 litros,83 mm,Disco ventilado,Disco ventilado,"2,22 m²","0,733 m²","0,33",,Eletro-hidráulica,"11,9 m",,"Indep., braços sobrepostos",Mola helicoidal,"Indep., braços sobrepostos",714 km,483 km,"10,5 km/l","7,1 km/l",128 mm,,5500 rpm,1800 rpm,,,,,,,,,,,,,,,,,,,,,,,,,,,,,,,,,,,,,,,,,,,,,,,,,,,,
bmw,850i,850i,850i-m-xdrive-4-4-v8-2020,850i-m-xdrive-4-4-v8-2020,https://www.fichacompleta.com.br/carros/bmw/850i-m-xdrive-4-4-v8-2020,2026-06-18T15:49:00.947544,Bmw 850i M xDrive 4.4 V8 2020,"3,7 s",250 km/h,Corrente,Injeção direta,Turbocompressor,4395 cm³,8 em V,N63B44T3,Duplo no cabeçote,"88,3 mm",89 mm,Longitudinal,Dianteiro,"3,6 kg/cv","24,7 kg/kgfm","120,6 cv/litro",530 cv,"10,5:1",,,"17,4 kgfm/litro","76,5 kgfm",4,Admissão e escape,Conversor de torque,Automático,ZF 8HP,8,,Integral permanente,1346 mm,1627 mm,1642 mm,505 kg,4851 mm,2822 mm,1902 mm,1890 kg,420 litros,,,68 litros,83 mm,Disco ventilado,Disco ventilado,"2,22 m²","0,733 m²","0,33",,Eletro-hidráulica,"11,9 m",,"Indep., braços sobrepostos",Mola helicoidal,"Indep., braços sobrepostos",714 km,483 km,"10,5 km/l","7,1 km/l",128 mm,,5500 rpm,1800 rpm,,,,,,,,,,,,,,,,,,,,,,,,,,,,,,,,,,,,,,,,,,,,,,,,,,,,
bmw,I3,i3,i3-rex-2015,i3-rex-2015,https://www.fichacompleta.com.br/carros/bmw/i3-rex-2015,2026-06-18T15:49:18.624866,Bmw I3 REX 2015,"7,9 s",150 km/h,,Injeção multiponto,Natural,647 cm³,2,W20K06A,Duplo no cabeçote,66 mm,79 mm,Transversal,Traseiro,"39,4 kg/cv","235,1 kg/kgfm","52,6 cv/litro",34 cv,"10,6:1",5000 rpm,4500 rpm,"8,8 kgfm/litro","5,7 kgfm",4,,,Automático,,1,1,Traseira,1578 mm,1571 mm,1556 mm,395 kg,3999 mm,2570 mm,1775 mm,1340 kg,260 litros,,,9 litros,114 mm,Disco ventilado,Disco ventilado,"2,38 m²","0,714 m²","0,3","0,3",Eletro-Hidráulica,"9,9 m","9,9 m","Indep., McPherson",Mola helicoidal,"Indep., multibraço",,,,,140 mm,,,,,,,,,,,,,,,,,,170 cv (traseiro),"25,5 kgfm (traseiro)",,,,,,"27,2 kWh",,,,,,,,,,,,130 km,,,,,,,,,,,,,,,,,,
bmw,I3,i3,i3-rex-full-2015,i3-rex-full-2015,https://www.fichacompleta.com.br/carros/bmw/i3-rex-full-2015,2026-06-18T15:49:21.245799,Bmw I3 REX Full 2015,"7,9 s",150 km/h,,Injeção multiponto,Natural,647 cm³,2,W20K06A,Duplo no cabeçote,66 mm,79 mm,Transversal,Traseiro,"39,4 kg/cv","235,1 kg/kgfm","52,6 cv/litro",34 cv a 5000 rpm,"10,6:1",,,"8,8 kgfm/litro","5,7 kgfm a 4500 rpm",4,,,Automático,,,1,Traseira,1578 mm,1571 mm,1556 mm,395 kg,3999 mm,2570 mm,1775 mm,1340 kg,260 litros,,,9 litros,96 mm,Disco ventilado,Disco ventilado,"2,38 m²","0,714 m²",,"0,3",Eletro-Hidráulica,,"9,9 m","Independente, McPherson",Mola helicoidal,"Independente, multibraço",,,,,140 mm,,,,,,,,,,,,,,,,,,170 cv (traseiro),"25,5 kgfm (traseiro)",,,,,,"27,2 kWh",,,,,,,,,,,,130 km,,,,,,,,,,,,,,,,,,
bmw,I3,i3,i3-rex-2018,i3-rex-2018,https://www.fichacompleta.com.br/carros/bmw/i3-rex-2018,2026-06-18T15:49:25.109291,Bmw I3 REX 2018,"8,2 s",150 km/h,,Injeção multiponto,Natural,647 cm³,2,W20K06A,Duplo no cabeçote,66 mm,79 mm,Transversal,Traseiro,"35,3 kg/cv","235,1 kg/kgfm","58,7 cv/litro",38 cv a 5000 rpm,"10,6:1",,,"8,8 kgfm/litro","5,7 kgfm a 4500 rpm",4,,,Automático,,,1,Traseira,1598 mm,1571 mm,1556 mm,395 kg,4011 mm,2570 mm,1775 mm,1340 kg,260 litros,,,9 litros,105 mm,Disco ventilado,Disco ventilado,"2,38 m²","0,714 m²",,"0,3",Eletro-Hidráulica,,"9,9 m","Independente, McPherson",Mola helicoidal,"Independente, multibraço",,,,,140 mm,,,,,,,,,,,,,,,,,,170 cv (traseiro),"25,5 kgfm (traseiro)",,,,,,"27,2 kWh","11,5 kWh/100 km",,,,,,,,,,,200 km,,,,,,,,,,,,,,,,,,
bmw,I3,i3,i3-rex-connected-2018,i3-rex-connected-2018,https://www.fichacompleta.com.br/carros/bmw/i3-rex-connected-2018,2026-06-18T15:49:29.024285,Bmw I3 REX Connected 2018,"8,2 s",150 km/h,,Injeção multiponto,Natural,647 cm³,2,W20K06A,Duplo no cabeçote,66 mm,79 mm,Transversal,Traseiro,"35,3 kg/cv","235,1 kg/kgfm","58,7 cv/litro",38 cv a 5000 rpm,"10,6:1",,,"8,8 kgfm/litro","5,7 kgfm a 4500 rpm",4,,,Automático,,,1,Traseira,1598 mm,1571 mm,1556 mm,395 kg,4011 mm,2570 mm,1775 mm,1340 kg,260 litros,,,9 litros,105 mm,Disco ventilado,Disco ventilado,"2,38 m²","0,714 m²",,"0,3",Eletro-Hidráulica,,"9,9 m","Independente, McPherson",Mola helicoidal,"Independente, multibraço",,,,,140 mm,,,,,,,,,,,,,,,,,,170 cv (traseiro),"25,5 kgfm (traseiro)",,,,,,"27,2 kWh","11,9 kWh/100 km",,,,,,,,,,,200 km,,,,,,,,,,,,,,,,,,
bmw,I3,i3,i3-rex-full-2018,i3-rex-full-2018,https://www.fichacompleta.com.br/carros/bmw/i3-rex-full-2018,2026-06-18T15:49:31.934329,Bmw I3 REX Full 2018,"8,2 s",150 km/h,,Injeção multiponto,Natural,647 cm³,2,W20K06A,Duplo no cabeçote,66 mm,79 mm,Transversal,Traseiro,"35,3 kg/cv","235,1 kg/kgfm","58,7 cv/litro",38 cv a 5000 rpm,"10,6:1",,,"8,8 kgfm/litro","5,7 kgfm a 4500 rpm",4,,,Automático,,,1,Traseira,1598 mm,1571 mm,1556 mm,395 kg,4011 mm,2570 mm,1775 mm,1340 kg,260 litros,,,9 litros,96 mm,Disco ventilado,Disco ventilado,"2,38 m²","0,714 m²",,"0,3",Eletro-Hidráulica,,"9,9 m","Independente, McPherson",Mola helicoidal,"Independente, multibraço",,,,,140 mm,,,,,,,,,,,,,,,,,,170 cv (traseiro),"25,5 kgfm (traseiro)",,,,,,"27,2 kWh","11,5 kWh/100 km",,,,,,,,,,,200 km,,,,,,,,,,,,,,,,,,
bmw,I3,i3,i3-rex-2019,i3-rex-2019,https://www.fichacompleta.com.br/carros/bmw/i3-rex-2019,2026-06-18T15:49:34.971319,Bmw I3 REX 2019,"8,2 s",150 km/h,,Injeção multiponto,Natural,647 cm³,2,W20K06A,Duplo no cabeçote,66 mm,79 mm,Transversal,Traseiro,"35,3 kg/cv","235,1 kg/kgfm","58,7 cv/litro",38 cv,"10,6:1",,,"8,8 kgfm/litro","5,7 kgfm",4,,,Automático,,1,,Traseira,1598 mm,1571 mm,1556 mm,395 kg,4011 mm,2570 mm,1775 mm,1340 kg,260 litros,,,9 litros,105 mm,Disco ventilado,Disco ventilado,"2,38 m²","0,714 m²","0,3",,Eletro-Hidráulica,"9,9 m",,"Indep., McPherson",Mola helicoidal,"Indep., multibraço",,,,,140 mm,,5000 rpm,4500 rpm,,,,,,,,,,,,,,,170 cv (traseiro),"25,5 kgfm (traseiro)",,,,,,"27,2 kWh","11,5 kWh/100 km",,,,,,,,,,,200 km,,,,,,,,,,,,,,,,,,
bmw,I3,i3,i3-rex-connected-2019,i3-rex-connected-2019,https://www.fichacompleta.com.br/carros/bmw/i3-rex-connected-2019,2026-06-18T15:49:38.199273,Bmw I3 REX Connected 2019,"8,2 s",150 km/h,,Injeção multiponto,Natural,647 cm³,2,W20K06A,Duplo no cabeçote,66 mm,79 mm,Transversal,Traseiro,"35,3 kg/cv","235,1 kg/kgfm","58,7 cv/litro",38 cv,"10,6:1",,,"8,8 kgfm/litro","5,7 kgfm",4,,,Automático,,1,,Traseira,1598 mm,1571 mm,1556 mm,395 kg,4011 mm,2570 mm,1775 mm,1340 kg,260 litros,,,9 litros,105 mm,Disco ventilado,Disco ventilado,"2,38 m²","0,714 m²","0,3",,Eletro-Hidráulica,"9,9 m",,"Indep., McPherson",Mola helicoidal,"Indep., multibraço",,,,,140 mm,,5000 rpm,4500 rpm,,,,,,,,,,,,,,,170 cv (traseiro),"25,5 kgfm (traseiro)",,,,,,"27,2 kWh","11,5 kWh/100 km",,,,,,,,,,,200 km,,,,,,,,,,,,,,,,,,
bmw,I3,i3,i3-rex-full-2019,i3-rex-full-2019,https://www.fichacompleta.com.br/carros/bmw/i3-rex-full-2019,2026-06-18T15:49:40.935327,Bmw I3 REX Full 2019,"8,2 s",150 km/h,,Injeção multiponto,Natural,647 cm³,2,W20K06A,Duplo no cabeçote,66 mm,79 mm,Transversal,Traseiro,"35,3 kg/cv","235,1 kg/kgfm","58,7 cv/litro",38 cv a 5000 rpm,"10,6:1",,,"8,8 kgfm/litro","5,7 kgfm a 4500 rpm",4,,,Automático,,,1,Traseira,1598 mm,1571 mm,1556 mm,395 kg,4011 mm,2570 mm,1775 mm,1340 kg,260 litros,,,9 litros,96 mm,Disco ventilado,Disco ventilado,"2,38 m²","0,714 m²",,"0,3",Eletro-Hidráulica,,"9,9 m","Independente, McPherson",Mola helicoidal,"Independente, multibraço",,,,,140 mm,,,,,,,,,,,,,,,,,,170 cv (traseiro),"25,5 kgfm (traseiro)",,,,,,"27,2 kWh","11,9 kWh/100 km",,,,,,,,,,,200 km,,,,,,,,,,,,,,,,,,
bmw,I3,i3,i3-bev-2020,i3-bev-2020,https://www.fichacompleta.com.br/carros/bmw/i3-bev-2020,2026-06-18T15:49:43.505092,Bmw I3 BEV 2020,"7,3 s",150 km/h,,,,,,,,,,,,"7,32 kg/cv","48,82 kg/kgfm",,,,,,,,,,,Automático,,1,,Traseira,1598 mm,1571 mm,1556 mm,425 kg,4011 mm,2570 mm,1775 mm,1245 kg,260 litros,,,,105 mm,Disco ventilado,Disco ventilado,"2,38 m²","0,690 m²","0,29",,Elétrica,"9,9 m",,"Indep., McPherson",Mola helicoidal,"Indep., multibraço",,,,,140 mm,,,,,,,,,,,,,,,,,,170 cv (traseiro),"25,5 kgfm (traseiro)",,,,,,"42,2 kWh","13,1 kWh/100 km",,,,,,,,,,,335 km,,,,,,,,,,,,,,,,,,
bmw,I3,i3,i3-bev-connected-2020,i3-bev-connected-2020,https://www.fichacompleta.com.br/carros/bmw/i3-bev-connected-2020,2026-06-18T15:49:46.025585,Bmw I3 BEV Connected 2020,"7,3 s",150 km/h,,,,,,,,,,,,"7,32 kg/cv","48,82 kg/kgfm",,,,,,,,,,,Automático,,1,,Traseira,1598 mm,1571 mm,1556 mm,425 kg,4011 mm,2570 mm,1775 mm,1245 kg,260 litros,,,,105 mm,Disco ventilado,Disco ventilado,"2,38 m²","0,690 m²","0,29",,Elétrica,"9,9 m",,"Indep., McPherson",Mola helicoidal,"Indep., multibraço",,,,,140 mm,,,,,,,,,,,,,,,,,,170 cv (traseiro),"25,5 kgfm (traseiro)",,,,,,"42,2 kWh","13,1 kWh/100 km",,,,,,,,,,,335 km,,,,,,,,,,,,,,,,,,
bmw,I3,i3,i3-bev-full-2020,i3-bev-full-2020,https://www.fichacompleta.com.br/carros/bmw/i3-bev-full-2020,2026-06-18T15:49:50.850488,Bmw I3 BEV Full 2020,"7,3 s",150 km/h,,,,,,,,,,,,"7,32 kg/cv","48,82 kg/kgfm",,,,,,,,,,,Automático,,1,,Traseira,1598 mm,1571 mm,1556 mm,425 kg,4011 mm,2570 mm,1775 mm,1245 kg,260 litros,,,,105 mm,Disco ventilado,Disco ventilado,"2,38 m²","0,690 m²","0,29",,Elétrica,"9,9 m",,"Indep., McPherson",Mola helicoidal,"Indep., multibraço",,,,,140 mm,,,,,,,,,,,,,,,,,,170 cv (traseiro),"25,5 kgfm (traseiro)",,,,,,"42,2 kWh","13,1 kWh/100 km",,,,,,,,,,,335 km,,,,,,,,,,,,,,,,,,
bmw,I3,i3,i3-rex-2020,i3-rex-2020,https://www.fichacompleta.com.br/carros/bmw/i3-rex-2020,2026-06-18T15:49:55.084334,Bmw I3 REX 2020,"8,2 s",150 km/h,,Injeção multiponto,Natural,647 cm³,2,W20K06A,Duplo no cabeçote,66 mm,79 mm,Transversal,Traseiro,"35,3 kg/cv","235,1 kg/kgfm","58,7 cv/litro",38 cv,"10,6:1",,,"8,8 kgfm/litro","5,7 kgfm",4,,,Automático,,1,,Traseira,1598 mm,1571 mm,1556 mm,395 kg,4011 mm,2570 mm,1775 mm,1340 kg,260 litros,,,9 litros,105 mm,Disco ventilado,Disco ventilado,"2,38 m²","0,714 m²","0,3",,Elétrica,"9,9 m",,"Indep., McPherson",Mola helicoidal,"Indep., multibraço",,,,,140 mm,,5000 rpm,4500 rpm,,,,,,,,,,,,,,,170 cv (traseiro),"25,5 kgfm (traseiro)",,,,,,"42,2 kWh","11,5 kWh/100 km",,,,,,,,,,,290 km,,,,,,,,,,,,,,,,,,
bmw,I3,i3,i3-rex-connected-2020,i3-rex-connected-2020,https://www.fichacompleta.com.br/carros/bmw/i3-rex-connected-2020,2026-06-18T15:49:59.253989,Bmw I3 REX Connected 2020,"8,2 s",150 km/h,,Injeção multiponto,Natural,647 cm³,2,W20K06A,Duplo no cabeçote,66 mm,79 mm,Transversal,Traseiro,"35,3 kg/cv","235,1 kg/kgfm","58,7 cv/litro",38 cv,"10,6:1",,,"8,8 kgfm/litro","5,7 kgfm",4,,,Automático,,1,,Traseira,1598 mm,1571 mm,1556 mm,395 kg,4011 mm,2570 mm,1775 mm,1340 kg,260 litros,,,9 litros,105 mm,Disco ventilado,Disco ventilado,"2,38 m²","0,714 m²","0,3",,Elétrica,"9,9 m",,"Indep., McPherson",Mola helicoidal,"Indep., multibraço",,,,,140 mm,,5000 rpm,4500 rpm,,,,,,,,,,,,,,,170 cv (traseiro),"25,5 kgfm (traseiro)",,,,,,"42,2 kWh","11,5 kWh/100 km",,,,,,,,,,,290 km,,,,,,,,,,,,,,,,,,
bmw,I3,i3,i3-rex-full-2020,i3-rex-full-2020,https://www.fichacompleta.com.br/carros/bmw/i3-rex-full-2020,2026-06-18T15:50:03.753203,Bmw I3 REX Full 2020,"8,1 s",150 km/h,,Injeção multiponto,Natural,647 cm³,2,W20K06A,Duplo no cabeçote,66 mm,79 mm,Transversal,Traseiro,"35,3 kg/cv","235,1 kg/kgfm","58,7 cv/litro",38 cv,"10,6:1",,,"8,8 kgfm/litro","5,7 kgfm",4,,,Automático,,1,,Traseira,1598 mm,1571 mm,1556 mm,395 kg,4011 mm,2570 mm,1775 mm,1340 kg,260 litros,,,9 litros,96 mm,Disco ventilado,Disco ventilado,"2,38 m²","0,714 m²","0,3",,Elétrica,"9,9 m",,"Indep., McPherson",Mola helicoidal,"Indep., multibraço",,,,,140 mm,,5000 rpm,4500 rpm,,,,,,,,,,,,,,,170 cv (traseiro),"25,5 kgfm (traseiro)",,,,,,"42,2 kWh","11,9 kWh/100 km",,,,,,,,,,,290 km,,,,,,,,,,,,,,,,,,
bmw,I3,i3,i3-bev-2021,i3-bev-2021,https://www.fichacompleta.com.br/carros/bmw/i3-bev-2021,2026-06-18T15:50:07.203233,Bmw I3 BEV 2021,"7,3 s",150 km/h,,,,,,,,,,,,"7,32 kg/cv","48,82 kg/kgfm",,,,,,,,,,,Automático,,1,,Traseira,1598 mm,1571 mm,1556 mm,425 kg,4011 mm,2570 mm,1775 mm,1245 kg,260 litros,,,,105 mm,Disco ventilado,Disco ventilado,"2,38 m²","0,690 m²","0,29",,Elétrica,"9,9 m",,"Indep., McPherson",Mola helicoidal,"Indep., multibraço",,,,,140 mm,,,,,,,,,,,,,,,,,,170 cv (traseiro),"25,5 kgfm (traseiro)",,,,,,"42,2 kWh","13,1 kWh/100 km",,,,,,,,,,,335 km,,,,,,,,,,,,,,,,,,
bmw,I3,i3,i3-bev-connected-2021,i3-bev-connected-2021,https://www.fichacompleta.com.br/carros/bmw/i3-bev-connected-2021,2026-06-18T15:50:09.588463,Bmw I3 BEV Connected 2021,"7,3 s",150 km/h,,,,,,,,,,,,"7,32 kg/cv","48,82 kg/kgfm",,,,,,,,,,,Automático,,1,,Traseira,1598 mm,1571 mm,1556 mm,425 kg,4011 mm,2570 mm,1775 mm,1245 kg,260 litros,,,,105 mm,Disco ventilado,Disco ventilado,"2,38 m²","0,690 m²","0,29",,Elétrica,"9,9 m",,"Indep., McPherson",Mola helicoidal,"Indep., multibraço",,,,,140 mm,,,,,,,,,,,,,,,,,,170 cv (traseiro),"25,5 kgfm (traseiro)",,,,,,"42,2 kWh","13,1 kWh/100 km",,,,,,,,,,,335 km,,,,,,,,,,,,,,,,,,
bmw,I3,i3,i3-bev-full-2021,i3-bev-full-2021,https://www.fichacompleta.com.br/carros/bmw/i3-bev-full-2021,2026-06-18T15:50:13.726283,Bmw I3 BEV Full 2021,"7,3 s",150 km/h,,,,,,,,,,,,"7,32 kg/cv","48,82 kg/kgfm",,,,,,,,,,,Automático,,1,,Traseira,1598 mm,1571 mm,1556 mm,425 kg,4011 mm,2570 mm,1775 mm,1245 kg,260 litros,,,,105 mm,Disco ventilado,Disco ventilado,"2,38 m²","0,690 m²","0,29",,Elétrica,"9,9 m",,"Indep., McPherson",Mola helicoidal,"Indep., multibraço",,,,,140 mm,,,,,,,,,,,,,,,,,,170 cv (traseiro),"25,5 kgfm (traseiro)",,,,,,"42,2 kWh","13,1 kWh/100 km",,,,,,,,,,,335 km,,,,,,,,,,,,,,,,,,
bmw,I3,i3,i3-rex-full-2021,i3-rex-full-2021,https://www.fichacompleta.com.br/carros/bmw/i3-rex-full-2021,2026-06-18T15:50:16.756096,Bmw I3 REX Full 2021,"8,1 s",150 km/h,,Injeção multiponto,Natural,647 cm³,2,W20K06A,Duplo no cabeçote,,,Transversal,Traseiro,"35,3 kg/cv","235,1 kg/kgfm","58,7 cv/litro",38 cv a 5000 rpm,"10,6:1",,,"8,8 kgfm/litro","5,7 kgfm a 4500 rpm",4,,,Automático,,,1,Traseira,1598 mm,1571 mm,1556 mm,395 kg,4011 mm,2570 mm,1775 mm,1340 kg,260 litros,,,9 litros,96 mm,Disco ventilado,Disco ventilado,"2,38 m²","0,714 m²",,"0,3",Elétrica,,"9,9 m","Independente, McPherson",Mola helicoidal,"Independente, multibraço",,,,,140 mm,,,,,,,,66 mm,79 mm,,,,,,,,,170 cv (traseiro),"25,5 kgfm (traseiro)",,,,,,"42,2 kWh","11,9 kWh/100 km",,,,,,,,,,,290 km,,,,,,,,,,,,,,,,,,
bmw,I3,i3,i3-bev-full-2022,i3-bev-full-2022,https://www.fichacompleta.com.br/carros/bmw/i3-bev-full-2022,2026-06-18T15:50:20.188464,Bmw I3 BEV Full 2022,"7,3 s",150 km/h,,,,,,,,,,,,"7,32 kg/cv","48,82 kg/kgfm",,,,,,,,,,,Automático,,1,,Traseira,1598 mm,1571 mm,1556 mm,425 kg,4011 mm,2570 mm,1775 mm,1245 kg,260 litros,,,,105 mm,Disco ventilado,Disco ventilado,"2,38 m²","0,690 m²","0,29",,Elétrica,"9,9 m",,"Indep., McPherson",Mola helicoidal,"Indep., multibraço",,,,,140 mm,,,,,,,,,,,,,,,,,,170 cv (traseiro),"25,5 kgfm (traseiro)",,,,,,"42,2 kWh","13,1 kWh/100 km",,,,,,,,,,,335 km,,,,,,,,,,,,,,,,,,
bmw,I3,i3,i3-unique-forever-bev-full-2022,i3-unique-forever-bev-full-2022,https://www.fichacompleta.com.br/carros/bmw/i3-unique-forever-bev-full-2022,2026-06-18T15:50:22.802231,Bmw I3 Unique Forever BEV Full 2022,"7,3 s",150 km/h,,,,,,,,,,,,"7,32 kg/cv","48,82 kg/kgfm",,,,,,,,,,,Automático,,1,,Traseira,1598 mm,1571 mm,1556 mm,425 kg,4011 mm,2570 mm,1775 mm,1245 kg,260 litros,,,,96 mm,Disco ventilado,Disco ventilado,"2,38 m²","0,690 m²","0,29",,Elétrica,"9,9 m",,"Indep., McPherson",Mola helicoidal,"Indep., multibraço",,,,,140 mm,,,,,,,,,,,,,,,,,,170 cv (traseiro),"25,5 kgfm (traseiro)",,,,,,"42,2 kWh","13,1 kWh/100 km",,,,,,,,,,,335 km,,,,,,,,,,,,,,,,,,
bmw,I4,i4,i4-edrive35-m-sport-2023,i4-edrive35-m-sport-2023,https://www.fichacompleta.com.br/carros/bmw/i4-edrive35-m-sport-2023,2026-06-18T15:50:39.024252,Bmw I4 eDrive35 M Sport 2023,6 s,190 km/h,,,,,,,,,,,,"6,96 kg/cv","48,77 kg/kgfm",,,,,,,,,,,Automático,,1,,Traseira,1448 mm,1601 mm,1630 mm,555 kg,4783 mm,2856 mm,1852 mm,1990 kg,470 litros,1600 kg,750 kg,,124 mm,Disco ventilado,Disco ventilado,"2,31 m²","0,554 m²","0,24",,Elétrica,"12,5 m",,"Indep., McPherson",Mola helicoidal,"Indep., multibraço",,,,,125 mm,Kit de reparo e enchimento,,,,,,,,,,,,,,,,,286 cv (traseiro),"40,8 kgfm (traseiro)",,,,,,"70,2 kWh","15,8 kWh/100 km",,,,,,,,,,,339 km,,,,,,,,,,,,,,,,,,
bmw,I4,i4,i4-edrive40-2023,i4-edrive40-2023,https://www.fichacompleta.com.br/carros/bmw/i4-edrive40-2023,2026-06-18T15:50:43.573288,Bmw I4 eDrive40 2023,"5,7 s",190 km/h,,,,,,,,,,,,"6,03 kg/cv","46,80 kg/kgfm",,,,,,,,,,,Automático,,1,,Traseira,1448 mm,1601 mm,1630 mm,555 kg,4783 mm,2856 mm,1852 mm,2050 kg,470 litros,1600 kg,750 kg,,89 mm,Disco ventilado,Disco ventilado,"2,31 m²","0,554 m²","0,24",,Elétrica,"12,5 m",,"Indep., McPherson",Mola helicoidal,"Indep., multibraço",,,,,125 mm,Kit de reparo e enchimento,,,,,,,,,,,,,,,,,340 cv (traseiro),"43,8 kgfm (traseiro)",,,,,,"80,7 kWh","16,1 kWh/100 km",,,,,,,,,,,422 km,,,,,,,,,,,,,,,,,,
bmw,I4,i4,i4-m50-2023,i4-m50-2023,https://www.fichacompleta.com.br/carros/bmw/i4-m50-2023,2026-06-18T15:50:46.052048,Bmw I4 M50 2023,"3,9 s",225 km/h,,,,,,,,,,,,"4,07 kg/cv","27,31 kg/kgfm",,,,,,,,,,,Automático,,1,,Integral sob demanda,1448 mm,1589 mm,1606 mm,520 kg,4783 mm,2856 mm,1852 mm,2215 kg,470 litros,1600 kg,750 kg,,89 mm,Disco ventilado,Disco ventilado,"2,33 m²","0,583 m²","0,25",,Elétrica,"12,5 m",,"Indep., McPherson",Mola pneumática,"Indep., multibraço",,,,,125 mm,Kit de reparo e enchimento,,,,,,,,,,,,,,,,,258 cv (dianteiro),"43,8 kgfm (traseiro)",,,,,,"80,7 kWh","18,1 kWh/100 km",544 cv,"81,1 kgfm",,,,,,,,,335 km,,,,,,,,,,,,,,,,,,
bmw,I4,i4,i4-edrive35-m-sport-2024,i4-edrive35-m-sport-2024,https://www.fichacompleta.com.br/carros/bmw/i4-edrive35-m-sport-2024,2026-06-18T15:50:49.135829,Bmw I4 eDrive35 M Sport 2024,6 s,190 km/h,,,,,,,,,,,,"6,96 kg/cv","48,77 kg/kgfm",,,,,,,,,,,Automático,,1,,Traseira,1448 mm,1601 mm,1630 mm,555 kg,4783 mm,2856 mm,1852 mm,1990 kg,470 litros,1600 kg,750 kg,,124 mm,Disco ventilado,Disco ventilado,"2,31 m²","0,554 m²","0,24",,Elétrica,"12,5 m",,"Indep., McPherson",Mola helicoidal,"Indep., multibraço",,,,,125 mm,Kit de reparo e enchimento,,,,,,,,,,,,,,,,,286 cv (traseiro),"40,8 kgfm (traseiro)",,,,,,"70,2 kWh","15,8 kWh/100 km",,,,,,,,,,,339 km,,,,,,,,,,,,,,,,,,
bmw,I4,i4,i4-edrive40-m-sport-2024,i4-edrive40-m-sport-2024,https://www.fichacompleta.com.br/carros/bmw/i4-edrive40-m-sport-2024,2026-06-18T15:50:53.284278,Bmw I4 eDrive40 M Sport 2024,"5,7 s",190 km/h,,,,,,,,,,,,"6,03 kg/cv","46,80 kg/kgfm",,,,,,,,,,,Automático,,1,,Traseira,1448 mm,1601 mm,1630 mm,555 kg,4783 mm,2856 mm,1852 mm,2050 kg,470 litros,1600 kg,750 kg,,89 mm,Disco ventilado,Disco ventilado,"2,31 m²","0,554 m²","0,24",,Elétrica,"12,5 m",,"Indep., McPherson",Mola helicoidal,"Indep., multibraço",,,,,125 mm,Kit de reparo e enchimento,,,,,,,,,,,,,,,,,340 cv (traseiro),"43,8 kgfm (traseiro)",,,,,,"80,7 kWh","16,1 kWh/100 km",,,,,,,,,,,422 km,,,,,,,,,,,,,,,,,,
bmw,I4,i4,i4-m50-2024,i4-m50-2024,https://www.fichacompleta.com.br/carros/bmw/i4-m50-2024,2026-06-18T15:50:56.181569,Bmw I4 M50 2024,"3,9 s",225 km/h,,,,,,,,,,,,"4,07 kg/cv","27,31 kg/kgfm",,,,,,,,,,,Automático,,1,,Integral sob demanda,1448 mm,1589 mm,1606 mm,520 kg,4783 mm,2856 mm,1852 mm,2215 kg,470 litros,1600 kg,750 kg,,89 mm,Disco ventilado,Disco ventilado,"2,33 m²","0,583 m²","0,25",,Elétrica,"12,5 m",,"Indep., McPherson",Mola pneumática,"Indep., multibraço",,,,,125 mm,Kit de reparo e enchimento,,,,,,,,,,,,,,,,,258 cv (dianteiro),"43,8 kgfm (traseiro)",,,,,,"80,7 kWh","18,1 kWh/100 km",544 cv,"81,1 kgfm",,,,,,,,,335 km,,,,,,,,,,,,,,,,,,
bmw,I4,i4,i4-edrive40-m-sport-2025,i4-edrive40-m-sport-2025,https://www.fichacompleta.com.br/carros/bmw/i4-edrive40-m-sport-2025,2026-06-18T15:51:01.001857,Bmw I4 eDrive40 M Sport 2025,"5,7 s",190 km/h,,,,,,,,,,,,"6,03 kg/cv","46,80 kg/kgfm",,,,,,,,,,,Automático,,1,,Traseira,1448 mm,1601 mm,1630 mm,555 kg,4783 mm,2856 mm,1852 mm,2050 kg,470 litros,1600 kg,750 kg,,89 mm,Disco ventilado,Disco ventilado,"2,31 m²","0,554 m²","0,24",,Elétrica,"12,5 m",,"Indep., McPherson",Mola helicoidal,"Indep., multibraço",,,,,125 mm,Kit de reparo,,,,,,,,,,,,,,,,,340 cv (traseiro),"43,8 kgfm (traseiro)",,,,,,"81,3 kWh","16,1 kWh/100 km",,,,,,,,200 kW (DC),,,399 km,,,,,,,,,,,,,,,,,,
bmw,I4,i4,i4-m50-2025,i4-m50-2025,https://www.fichacompleta.com.br/carros/bmw/i4-m50-2025,2026-06-18T15:51:05.225220,Bmw I4 M50 2025,"3,9 s",225 km/h,,,,,,,,,,,,"4,07 kg/cv","27,31 kg/kgfm",,,,,,,,,,,Automático,,1,,Integral sob demanda,1448 mm,1589 mm,1606 mm,520 kg,4783 mm,2856 mm,1852 mm,2215 kg,470 litros,1600 kg,750 kg,,102 mm,Disco ventilado,Disco ventilado,"2,33 m²","0,583 m²","0,25",,Elétrica,"12,5 m",,"Indep., McPherson",Mola pneumática,"Indep., multibraço",,,,,125 mm,Kit de reparo,,,,,,,,,,,,,,,,,258 cv (dianteiro),"37,2 kgfm (dianteiro)",,,,,,"81,3 kWh","18,1 kWh/100 km",544 cv,"81,1 kgfm",,,,,,200 kW (DC),,,405 km,,,,,,,,,,,,,,,,,,
bmw,I5,i5,i5-m60-xdrive-2024,i5-m60-xdrive-2024,https://www.fichacompleta.com.br/carros/bmw/i5-m60-xdrive-2024,2026-06-18T15:51:24.433283,Bmw I5 M60 xDrive 2024,"3,8 s",230 km/h,,,,,,,,,,,,"3,84 kg/cv","27,57 kg/kgfm",,,,,,,,,,,Automático,,1,,Integral sob demanda,1505 mm,1692 mm,1716 mm,590 kg,5060 mm,2995 mm,1900 mm,2305 kg,490 litros,2000 kg,750 kg,,110 mm,Disco ventilado,Disco ventilado,"2,49 m²","0,623 m²","0,25",,Elétrica,"11,9 m",,"Indep., braços sobrepostos",Mola pneumática,"Indep., multibraço",,,,,136 mm,Kit de reparo,,,,,,,,,,,,,,,,,340 cv (traseiro),"43,8 kgfm (traseiro)",,,,,,"81,2 kWh","18,2 kWh/100 km",601 cv,"83,6 kgfm",,,,,,205 kW (DC),,,392 km,,,,,,,,,,,,,,,,,,
bmw,I5,i5,i5-m60-xdrive-2025,i5-m60-xdrive-2025,https://www.fichacompleta.com.br/carros/bmw/i5-m60-xdrive-2025,2026-06-18T15:51:26.814374,Bmw I5 M60 xDrive 2025,"3,8 s",230 km/h,,,,,,,,,,,,"3,84 kg/cv","27,57 kg/kgfm",,,,,,,,,,,Automático,,1,,Integral sob demanda,1505 mm,1692 mm,1716 mm,590 kg,5060 mm,2995 mm,1900 mm,2305 kg,490 litros,2000 kg,750 kg,,110 mm,Disco ventilado,Disco ventilado,"2,49 m²","0,623 m²","0,25",,Elétrica,"11,9 m",,"Indep., braços sobrepostos",Mola pneumática,"Indep., multibraço",,,,,136 mm,Kit de reparo,,,,,,,,,,,,,,,,,340 cv (traseiro),"43,8 kgfm (traseiro)",,,,,,"81,2 kWh","18,2 kWh/100 km",601 cv,"83,6 kgfm",,,,,,205 kW (DC),,,382 km,,,,,,,,,,,,,,,,,,
bmw,I7,i7,i7-xdrive60-m-sport-2024,i7-xdrive60-m-sport-2024,https://www.fichacompleta.com.br/carros/bmw/i7-xdrive60-m-sport-2024,2026-06-18T15:51:43.861685,Bmw I7 xDrive60 M Sport 2024,"4,7 s",240 km/h,,,,,,,,,,,,"4,85 kg/cv","34,74 kg/kgfm",,,,,,,,,,,Automático,,1,,Integral sob demanda,1544 mm,1662 mm,1683 mm,610 kg,5391 mm,3215 mm,1950 mm,2640 kg,500 litros,2000 kg,750 kg,,100 mm,Disco ventilado,Disco ventilado,"2,6 m²","0,624 m²","0,24",,Elétrica,"13,1 m",,"Indep., braços sobrepostos",Mola pneumática,"Indep., multibraço",,,,,136 mm,Kit de reparo e enchimento,,,,,,,,,,,,,,,,,313 cv (traseiro),"38,7 kgfm (traseiro)",,,,,,"101,7 kWh","18,4 kWh/100 km",544 cv,76 kgfm,,,,,,,,,479 km,,,,,,,,,,,,,,,,,,
bmw,I7,i7,i7-xdrive60-m-sport-2025,i7-xdrive60-m-sport-2025,https://www.fichacompleta.com.br/carros/bmw/i7-xdrive60-m-sport-2025,2026-06-18T15:51:47.611424,Bmw I7 xDrive60 M Sport 2025,"4,7 s",240 km/h,,,,,,,,,,,,"4,85 kg/cv","34,74 kg/kgfm",,,,,,,,,,,Automático,,1,,Integral sob demanda,1544 mm,1662 mm,1683 mm,610 kg,5391 mm,3215 mm,1950 mm,2640 kg,500 litros,2000 kg,750 kg,,100 mm,Disco ventilado,Disco ventilado,"2,6 m²","0,624 m²","0,24",,Elétrica,"13,1 m",,"Indep., braços sobrepostos",Mola pneumática,"Indep., multibraço",,,,,136 mm,Kit de reparo,,,,,,,,,,,,,,,,,313 cv (traseiro),"38,7 kgfm (traseiro)",,,,,,"101,7 kWh","18,4 kWh/100 km",544 cv,76 kgfm,,,,,,195 kW (DC),,,479 km,,,,,,,,,,,,,,,,,,
bmw,I8,i8,i8-1-5-turbo-2015,i8-1-5-turbo-2015,https://www.fichacompleta.com.br/carros/bmw/i8-1-5-turbo-2015,2026-06-18T15:52:26.049710,Bmw I8 1.5 Turbo 2015,"4,4 s",250 km/h,,Injeção direta,Turbocompressor,1499 cm³,3 em linha,B38K15T0,Duplo no cabeçote,"94,6 mm",82 mm,Transversal,Central,"6,6 kg/cv","47,1 kg/kgfm","154,1 cv/litro",231 cv,"9,5:1",5800 rpm,3700 rpm,"21,7 kgfm/litro","32,6 kgfm",4,Admissão e escape,Conversor de torque,Automático,,6,6,Integral sob demanda,1293 mm,1644 mm,1721 mm,385 kg,4689 mm,2800 mm,1942 mm,1535 kg,154 litros,,,30 litros,97 mm,Disco ventilado,Disco ventilado,"2,15 m²","0,559 m²","0,26","0,26",Elétrica,"12,3 m","12,3 m","Indep., braços sobrepostos",Mola helicoidal,"Indep., multibraço",,,,,117 mm,,,,,,,,,,,,,,,,,,131 cv (dianteiro),"25,5 kgfm (dianteiro)",,,,,37 km,"7,1 kWh",,362 cv,42 kgfm,,408 km,339 km,"13,6 km/l","11,3 km/l",,,,,,,,,,,,,,,,,,,,,,
bmw,I8,i8,i8-1-5-turbo-2016,i8-1-5-turbo-2016,https://www.fichacompleta.com.br/carros/bmw/i8-1-5-turbo-2016,2026-06-18T15:52:29.776622,Bmw I8 1.5 Turbo 2016,"4,4 s",250 km/h,,Injeção direta,Turbocompressor,1499 cm³,3 em linha,B38K15T0,Duplo no cabeçote,"94,6 mm",82 mm,Transversal,Central,"6,6 kg/cv","47,1 kg/kgfm","154,1 cv/litro",231 cv a 5800 rpm,"9,5:1",,,"21,7 kgfm/litro","32,6 kgfm a 3700 rpm",4,Admissão e escape,Conversor de torque,Automático,,,6,Integral sob demanda,1293 mm,1644 mm,1721 mm,385 kg,4689 mm,2800 mm,1942 mm,1535 kg,154 litros,,,30 litros,97 mm,Disco ventilado,Disco ventilado,"2,15 m²","0,559 m²",,"0,26",Elétrica,,"12,3 m","Independente, braços sobrepostos",Mola helicoidal,"Independente, multibraço",,,,,117 mm,,,,,,,,,,,,,,,,,,131 cv (dianteiro),"25,5 kgfm (dianteiro)",,,,,37 km,"7,1 kWh",,362 cv,42 kgfm,,408 km,339 km,"13,6 km/l","11,3 km/l",,,,,,,,,,,,,,,,,,,,,,
bmw,I8,i8,i8-roadster-1-5-turbo-2019,i8-roadster-1-5-turbo-2019,https://www.fichacompleta.com.br/carros/bmw/i8-roadster-1-5-turbo-2019,2026-06-18T15:52:34.349332,Bmw I8 Roadster 1.5 Turbo 2019,"4,6 s",250 km/h,,Injeção direta,Turbocompressor,1499 cm³,3 em linha,B38K15T0,Duplo no cabeçote,"94,6 mm",82 mm,Transversal,Central,"6,9 kg/cv","48,9 kg/kgfm","154,1 cv/litro",231 cv,"9,5:1",,,"21,7 kgfm/litro","32,6 kgfm",4,Admissão e escape,Conversor de torque,Automático,,6,,Integral sob demanda,1289 mm,1644 mm,1721 mm,305 kg,4689 mm,2800 mm,1942 mm,1595 kg,88 litros,,,30 litros,97 mm,Disco ventilado,Disco ventilado,"2,15 m²","0,602 m²","0,28",,Elétrica,"12,3 m",,"Indep., braços sobrepostos",Mola helicoidal,"Indep., multibraço",,,,,115 mm,,5800 rpm,3700 rpm,,,,,,,,,,,,,,,143 cv (dianteiro),"25,5 kgfm (dianteiro)",,,,,53 km,"11,6 kWh","14,5 kWh/100 km",374 cv,42 kgfm,,408 km,339 km,"13,6 km/l","11,3 km/l",,,,,,,,,,,,,,,,,,,,,,
bmw,I8,i8,i8-1-5-turbo-2020,i8-1-5-turbo-2020,https://www.fichacompleta.com.br/carros/bmw/i8-1-5-turbo-2020,2026-06-18T15:52:39.081176,Bmw I8 1.5 Turbo 2020,"4,4 s",250 km/h,,Injeção direta,Turbocompressor,1499 cm³,3 em linha,B38K15T0,Duplo no cabeçote,"94,6 mm",82 mm,Transversal,Central,"6,6 kg/cv","47,1 kg/kgfm","154,1 cv/litro",231 cv,"9,5:1",,,"21,7 kgfm/litro","32,6 kgfm",4,Admissão e escape,Conversor de torque,Automático,,6,,Integral sob demanda,1291 mm,1644 mm,1721 mm,385 kg,4689 mm,2800 mm,1942 mm,1535 kg,154 litros,,,30 litros,97 mm,Disco ventilado,Disco ventilado,"2,15 m²","0,559 m²","0,26",,Elétrica,"12,3 m",,"Indep., braços sobrepostos",Mola helicoidal,"Indep., multibraço",,,,,117 mm,,5800 rpm,3700 rpm,,,,,,,,,,,,,,,143 cv (dianteiro),"25,5 kgfm (dianteiro)",,,,,55 km,"11,6 kWh",14 kWh/100 km,374 cv,42 kgfm,,816 km,726 km,"27,2 km/l","24,2 km/l",,,,,,,,,,,,,,,,,,,,,,
bmw,I8,i8,i8-roadster-1-5-turbo-2020,i8-roadster-1-5-turbo-2020,https://www.fichacompleta.com.br/carros/bmw/i8-roadster-1-5-turbo-2020,2026-06-18T15:52:41.769939,Bmw I8 Roadster 1.5 Turbo 2020,"4,6 s",250 km/h,,Injeção direta,Turbocompressor,1499 cm³,3 em linha,B38K15T0,Duplo no cabeçote,"94,6 mm",82 mm,Transversal,Central,"6,9 kg/cv","48,9 kg/kgfm","154,1 cv/litro",231 cv,"9,5:1",,,"21,7 kgfm/litro","32,6 kgfm",4,Admissão e escape,Conversor de torque,Automático,,6,,Integral sob demanda,1289 mm,1644 mm,1721 mm,305 kg,4689 mm,2800 mm,1942 mm,1595 kg,88 litros,,,30 litros,97 mm,Disco ventilado,Disco ventilado,"2,15 m²","0,602 m²","0,28",,Elétrica,"12,3 m",,"Indep., braços sobrepostos",Mola helicoidal,"Indep., multibraço",,,,,115 mm,,5800 rpm,3700 rpm,,,,,,,,,,,,,,,143 cv (dianteiro),"25,5 kgfm (dianteiro)",,,,,53 km,"11,6 kWh","14,5 kWh/100 km",374 cv,42 kgfm,,816 km,726 km,"27,2 km/l","24,2 km/l",,,,,,,,,,,,,,,,,,,,,,
bmw,Ix,ix,ix-xdrive40-2022,ix-xdrive40-2022,https://www.fichacompleta.com.br/carros/bmw/ix-xdrive40-2022,2026-06-18T15:53:00.653203,Bmw Ix xDrive40 2022,"6,1 s",200 km/h,,,,,,,,,,,,"7,25 kg/cv","36,84 kg/kgfm",,,,,,,,,,,Automático,,1,,Integral sob demanda,1695 mm,1679 mm,1709 mm,645 kg,4953 mm,3000 mm,1967 mm,2365 kg,500 litros,2500 kg,750 kg,,141 mm,Disco ventilado,Disco ventilado,"2,82 m²","0,705 m²","0,25",,Elétrica,"12,8 m",,"Indep., braços sobrepostos",Mola pneumática,"Indep., multibraço",,,,,202 mm,Kit de reparo e enchimento,,,,,,,,,,,,,,,,,272 cv (traseiro),"34,7 kgfm (traseiro)",,,,,,"76,6 kWh",,326 cv,"64,2 kgfm",,,,,,,,,425 km,"17,5 graus","18,8 graus","20,7 graus",,,,,,,,,,,,,,,
bmw,Ix,ix,ix-xdrive50-2022,ix-xdrive50-2022,https://www.fichacompleta.com.br/carros/bmw/ix-xdrive50-2022,2026-06-18T15:53:03.791406,Bmw Ix xDrive50 2022,"4,6 s",200 km/h,,,,,,,,,,,,"4,80 kg/cv","32,18 kg/kgfm",,,,,,,,,,,Automático,,1,,Integral sob demanda,1696 mm,1679 mm,1709 mm,635 kg,4953 mm,3000 mm,1967 mm,2510 kg,500 litros,2500 kg,750 kg,,110 mm,Disco ventilado,Disco ventilado,"2,82 m²","0,705 m²","0,25",,Elétrica,"12,8 m",,"Indep., braços sobrepostos",Mola pneumática,"Indep., multibraço",,,,,203 mm,Kit de reparo e enchimento,,,,,,,,,,,,,,,,,313 cv (traseiro),"40,8 kgfm (traseiro)",,,,,,"111,5 kWh",,523 cv,78 kgfm,,,,,,,,,630 km,"17,6 graus","18,8 graus","20,8 graus",,,,,,,,,,,,,,,
bmw,Ix,ix,ix-m60-2023,ix-m60-2023,https://www.fichacompleta.com.br/carros/bmw/ix-m60-2023,2026-06-18T15:53:07.481573,Bmw Ix M60 2023,"3,8 s",250 km/h,,,,,,,,,,,,"4,17 kg/cv","25,33 kg/kgfm",,,,,,,,,,,Automático,,1,,Integral sob demanda,1696 mm,1661 mm,1691 mm,576 kg,4953 mm,3000 mm,1967 mm,2584 kg,500 litros,2500 kg,750 kg,,110 mm,Disco ventilado,Disco ventilado,"2,82 m²","0,733 m²","0,26",,Elétrica,"12,3 m",,"Indep., braços sobrepostos",Mola pneumática,"Indep., multibraço",,,,,203 mm,Kit de reparo e enchimento,,,,,,,,,,,,,,,,,489 cv (traseiro),"40,8 kgfm (traseiro)",,,,,,"111,5 kWh","21,9 kWh/100 km",619 cv,102 kgfm,,,,,,,,,431 km,"17,6 graus","18,8 graus","20,8 graus",,,,,,,,,,,,,,,
bmw,Ix,ix,ix-xdrive40-2023,ix-xdrive40-2023,https://www.fichacompleta.com.br/carros/bmw/ix-xdrive40-2023,2026-06-18T15:53:11.244632,Bmw Ix xDrive40 2023,"6,1 s",200 km/h,,,,,,,,,,,,"7,25 kg/cv","36,84 kg/kgfm",,,,,,,,,,,Automático,,1,,Integral sob demanda,1695 mm,1679 mm,1709 mm,645 kg,4953 mm,3000 mm,1967 mm,2365 kg,500 litros,2500 kg,750 kg,,128 mm,Disco ventilado,Disco ventilado,"2,82 m²","0,705 m²","0,25",,Elétrica,"12,8 m",,"Indep., braços sobrepostos",Mola helicoidal,"Indep., multibraço",,,,,202 mm,Kit de reparo e enchimento,,,,,,,,,,,,,,,,,272 cv (traseiro),"34,7 kgfm (traseiro)",,,,,,"76,6 kWh",,326 cv,"64,2 kgfm",,,,,,,,,327 km,"17,5 graus","18,8 graus","20,7 graus",,,,,,,,,,,,,,,
bmw,Ix,ix,ix-xdrive50-sport-2023,ix-xdrive50-sport-2023,https://www.fichacompleta.com.br/carros/bmw/ix-xdrive50-sport-2023,2026-06-18T15:53:14.166091,Bmw Ix xDrive50 Sport 2023,"4,6 s",200 km/h,,,,,,,,,,,,"4,80 kg/cv","32,18 kg/kgfm",,,,,,,,,,,Automático,,1,,Integral sob demanda,1696 mm,1679 mm,1709 mm,635 kg,4953 mm,3000 mm,1967 mm,2510 kg,500 litros,2500 kg,750 kg,,110 mm,Disco ventilado,Disco ventilado,"2,82 m²","0,705 m²","0,25",,Elétrica,"12,8 m",,"Indep., braços sobrepostos",Mola pneumática,"Indep., multibraço",,,,,203 mm,Kit de reparo e enchimento,,,,,,,,,,,,,,,,,313 cv (traseiro),"40,8 kgfm (traseiro)",,,,,,"111,5 kWh",,523 cv,78 kgfm,,,,,,,,,528 km,"17,6 graus","18,8 graus","20,8 graus",,,,,,,,,,,,,,,
bmw,Ix,ix,ix-m60-2024,ix-m60-2024,https://www.fichacompleta.com.br/carros/bmw/ix-m60-2024,2026-06-18T15:53:18.534237,Bmw Ix M60 2024,"3,8 s",250 km/h,,,,,,,,,,,,"4,17 kg/cv","25,33 kg/kgfm",,,,,,,,,,,Automático,,1,,Integral sob demanda,1696 mm,1661 mm,1691 mm,576 kg,4953 mm,3000 mm,1967 mm,2584 kg,500 litros,2500 kg,750 kg,,110 mm,Disco ventilado,Disco ventilado,"2,82 m²","0,733 m²","0,26",,Elétrica,"12,3 m",,"Indep., braços sobrepostos",Mola pneumática,"Indep., multibraço",,,,,203 mm,Kit de reparo e enchimento,,,,,,,,,,,,,,,,,489 cv (traseiro),"40,8 kgfm (traseiro)",,,,,,"111,5 kWh","21,9 kWh/100 km",619 cv,102 kgfm,,,,,,,,,431 km,"17,6 graus","18,8 graus","20,8 graus",,,,,,,,,,,,,,,
bmw,Ix,ix,ix-xdrive40-2024,ix-xdrive40-2024,https://www.fichacompleta.com.br/carros/bmw/ix-xdrive40-2024,2026-06-18T15:53:22.134956,Bmw Ix xDrive40 2024,"6,1 s",200 km/h,,,,,,,,,,,,"7,25 kg/cv","36,84 kg/kgfm",,,,,,,,,,,Automático,,1,,Integral sob demanda,1695 mm,1679 mm,1709 mm,645 kg,4953 mm,3000 mm,1967 mm,2365 kg,500 litros,2500 kg,750 kg,,128 mm,Disco ventilado,Disco ventilado,"2,82 m²","0,705 m²","0,25",,Elétrica,"12,8 m",,"Indep., braços sobrepostos",Mola helicoidal,"Indep., multibraço",,,,,202 mm,Kit de reparo e enchimento,,,,,,,,,,,,,,,,,272 cv (traseiro),"34,7 kgfm (traseiro)",,,,,,"76,6 kWh",,326 cv,"64,2 kgfm",,,,,,,,,327 km,"17,5 graus","18,8 graus","20,7 graus",,,,,,,,,,,,,,,
bmw,Ix,ix,ix-xdrive50-sport-2024,ix-xdrive50-sport-2024,https://www.fichacompleta.com.br/carros/bmw/ix-xdrive50-sport-2024,2026-06-18T15:53:26.744141,Bmw Ix xDrive50 Sport 2024,"4,6 s",200 km/h,,,,,,,,,,,,"4,80 kg/cv","32,18 kg/kgfm",,,,,,,,,,,Automático,,1,,Integral sob demanda,1696 mm,1679 mm,1709 mm,635 kg,4953 mm,3000 mm,1967 mm,2510 kg,500 litros,2500 kg,750 kg,,110 mm,Disco ventilado,Disco ventilado,"2,82 m²","0,705 m²","0,25",,Elétrica,"12,8 m",,"Indep., braços sobrepostos",Mola pneumática,"Indep., multibraço",,,,,203 mm,Kit de reparo e enchimento,,,,,,,,,,,,,,,,,313 cv (traseiro),"40,8 kgfm (traseiro)",,,,,,"111,5 kWh",,523 cv,78 kgfm,,,,,,,,,528 km,"17,6 graus","18,8 graus","20,8 graus",,,,,,,,,,,,,,,
bmw,Ix,ix,ix-xdrive40-2025,ix-xdrive40-2025,https://www.fichacompleta.com.br/carros/bmw/ix-xdrive40-2025,2026-06-18T15:53:29.254764,Bmw Ix xDrive40 2025,"6,1 s",200 km/h,,,,,,,,,,,,"7,25 kg/cv","36,84 kg/kgfm",,,,,,,,,,,Automático,,1,,Integral sob demanda,1695 mm,1679 mm,1709 mm,645 kg,4953 mm,3000 mm,1967 mm,2365 kg,500 litros,2500 kg,750 kg,,128 mm,Disco ventilado,Disco ventilado,"2,82 m²","0,705 m²","0,25",,Elétrica,"12,8 m",,"Indep., braços sobrepostos",Mola helicoidal,"Indep., multibraço",,,,,202 mm,Kit de reparo,,,,,,,,,,,,,,,,,272 cv (traseiro),"34,7 kgfm (traseiro)",,,,,,"76,6 kWh",,326 cv,"64,2 kgfm",,,,,,150 kW (DC),,,327 km,"17,5 graus","18,8 graus","20,7 graus",,,,,,,,,,,,,,,
bmw,Ix,ix,ix-xdrive50-sport-2025,ix-xdrive50-sport-2025,https://www.fichacompleta.com.br/carros/bmw/ix-xdrive50-sport-2025,2026-06-18T15:53:31.667456,Bmw Ix xDrive50 Sport 2025,"4,6 s",200 km/h,,,,,,,,,,,,"4,80 kg/cv","32,18 kg/kgfm",,,,,,,,,,,Automático,,1,,Integral sob demanda,1696 mm,1679 mm,1709 mm,635 kg,4953 mm,3000 mm,1967 mm,2510 kg,500 litros,2500 kg,750 kg,,110 mm,Disco ventilado,Disco ventilado,"2,82 m²","0,705 m²","0,25",,Elétrica,"12,8 m",,"Indep., braços sobrepostos",Mola pneumática,"Indep., multibraço",,,,,203 mm,Kit de reparo,,,,,,,,,,,,,,,,,313 cv (traseiro),"40,8 kgfm (traseiro)",,,,,,"111,5 kWh",,523 cv,78 kgfm,,,,,,195 kW (DC),,,528 km,"17,6 graus","18,8 graus","20,8 graus",,,,,,,,,,,,,,,
bmw,Ix1,ix1,ix1-edrive20-x-line-2024,ix1-edrive20-x-line-2024,https://www.fichacompleta.com.br/carros/bmw/ix1-edrive20-x-line-2024,2026-06-18T15:53:51.452463,Bmw Ix1 eDrive20 X-Line 2024,"8,6 s",170 km/h,,,,,,,,,,,,"9,14 kg/cv","73,14 kg/kgfm",,,,,,,,,,,Automático,,1,,Dianteira,1616 mm,1591 mm,1593 mm,495 kg,4500 mm,2692 mm,1845 mm,1865 kg,490 litros,750 kg,750 kg,,110 mm,Disco ventilado,Disco ventilado,"2,53 m²","0,658 m²","0,26",,Elétrica,"11,9 m",,"Indep., McPherson",Mola helicoidal,"Indep., multibraço",,,,,170 mm,,,,,,,,,,,,,,,,,,204 cv (dianteiro),"25,5 kgfm (dianteiro)",,,,,,"64,7 kWh","15,4 kWh/100 km",,,,,,,,130 kW (DC),,,332 km,,,,,,,,,,,,,,,,,,
bmw,Ix1,ix1,ix1-xdrive30-m-sport-2024,ix1-xdrive30-m-sport-2024,https://www.fichacompleta.com.br/carros/bmw/ix1-xdrive30-m-sport-2024,2026-06-18T15:53:54.779406,Bmw Ix1 xDrive30 M Sport 2024,"5,6 s",180 km/h,,,,,,,,,,,,"6,66 kg/cv","41,37 kg/kgfm",,,,,,,,,,,Automático,,1,,Integral sob demanda,1616 mm,1591 mm,1593 mm,495 kg,4500 mm,2692 mm,1845 mm,2085 kg,490 litros,1200 kg,750 kg,,98 mm,Disco ventilado,Disco ventilado,"2,53 m²","0,658 m²","0,26",,Elétrica,"11,9 m",,"Indep., McPherson",Mola helicoidal,"Indep., multibraço",,,,,170 mm,,,,,,,,,,,,,,,,,,190 cv (dianteiro),"25,2 kgfm (dianteiro)",,,,,,"66,5 kWh","16,8 kWh/100 km",313 cv,"50,4 kgfm",,,,,,,,,303 km,,,,,,,,,,,,,,,,,,
bmw,Ix1,ix1,ix1-edrive20-x-line-2025,ix1-edrive20-x-line-2025,https://www.fichacompleta.com.br/carros/bmw/ix1-edrive20-x-line-2025,2026-06-18T15:53:58.174235,Bmw Ix1 eDrive20 X-Line 2025,"8,6 s",170 km/h,,,,,,,,,,,,"9,14 kg/cv","73,14 kg/kgfm",,,,,,,,,,,Automático,,1,,Dianteira,1616 mm,1591 mm,1593 mm,495 kg,4500 mm,2692 mm,1845 mm,1865 kg,490 litros,750 kg,750 kg,,110 mm,Disco ventilado,Disco ventilado,"2,53 m²","0,658 m²","0,26",,Elétrica,"11,9 m",,"Indep., McPherson",Mola helicoidal,"Indep., multibraço",,,,,170 mm,,,,,,,,,,,,,,,,,,204 cv (dianteiro),"25,5 kgfm (dianteiro)",,,,,,"64,7 kWh","15,4 kWh/100 km",,,,,,,,130 kW (DC),,,332 km,,,,,,,,,,,,,,,,,,
bmw,Ix1,ix1,ix1-xdrive30-m-sport-2025,ix1-xdrive30-m-sport-2025,https://www.fichacompleta.com.br/carros/bmw/ix1-xdrive30-m-sport-2025,2026-06-18T15:54:02.608913,Bmw Ix1 xDrive30 M Sport 2025,"5,6 s",180 km/h,,,,,,,,,,,,"6,66 kg/cv","41,37 kg/kgfm",,,,,,,,,,,Automático,,1,,Integral sob demanda,1616 mm,1591 mm,1593 mm,495 kg,4500 mm,2692 mm,1845 mm,2085 kg,490 litros,1200 kg,750 kg,,98 mm,Disco ventilado,Disco ventilado,"2,53 m²","0,658 m²","0,26",,Elétrica,"11,9 m",,"Indep., McPherson",Mola helicoidal,"Indep., multibraço",,,,,170 mm,,,,,,,,,,,,,,,,,,190 cv (dianteiro),"25,2 kgfm (dianteiro)",,,,,,"66,5 kWh","16,8 kWh/100 km",313 cv,"50,4 kgfm",,,,,,130 kW (DC),,,324 km,,,,,,,,,,,,,,,,,,
bmw,Ix1,ix1,ix1-edrive20-x-line-2026,ix1-edrive20-x-line-2026,https://www.fichacompleta.com.br/carros/bmw/ix1-edrive20-x-line-2026,2026-06-18T15:54:05.258145,Bmw Ix1 eDrive20 X-Line 2026,"8,6 s",170 km/h,,,,,,,,,,,,"9,14 kg/cv","73,14 kg/kgfm",,,,,,,,,,,Automático,,1,,Dianteira,1616 mm,1591 mm,1593 mm,495 kg,4500 mm,2692 mm,1845 mm,1865 kg,490 litros,750 kg,750 kg,,110 mm,Disco ventilado,Disco ventilado,"2,53 m²","0,658 m²","0,26",,Elétrica,"11,9 m",,"Indep., McPherson",Mola helicoidal,"Indep., multibraço",,,,,170 mm,,,,,,,,,,,,,,,,,,204 cv (dianteiro),"25,5 kgfm (dianteiro)",,,,,,"64,7 kWh","15,4 kWh/100 km",,,,,,,,130 kW (DC),,,345 km,,,,,,,,,,,,,,,,,,
bmw,Ix1,ix1,ix1-xdrive30-m-sport-2026,ix1-xdrive30-m-sport-2026,https://www.fichacompleta.com.br/carros/bmw/ix1-xdrive30-m-sport-2026,2026-06-18T15:54:09.247408,Bmw Ix1 xDrive30 M Sport 2026,"5,6 s",180 km/h,,,,,,,,,,,,,,,,,,,,,,,,Automático,,1,,Integral sob demanda,1616 mm,1591 mm,1593 mm,495 kg,4500 mm,2692 mm,1845 mm,2085 kg,490 litros,1200 kg,750 kg,,98 mm,Disco ventilado,Disco ventilado,"2,53 m²","0,658 m²","0,26",,Elétrica,"11,9 m",,"Indep., McPherson",Mola helicoidal,"Indep., multibraço",,,,,170 mm,,,,,,,,,,,,,,,,,,190 cv (dianteiro),"25,2 kgfm (dianteiro)",,,,,,"66,5 kWh","16,8 kWh/100 km",313 cv,"50,4 kgfm",,,,,,130 kW (DC),"6,66 kg/cv","41,37 kg/kgfm",324 km,,,,,,,,,,,,,,,,,,
bmw,Ix2,ix2,ix2-xdrive30-m-sport-2024,ix2-xdrive30-m-sport-2024,https://www.fichacompleta.com.br/carros/bmw/ix2-xdrive30-m-sport-2024,2026-06-18T15:54:27.217308,Bmw Ix2 xDrive30 M Sport 2024,"5,6 s",180 km/h,,,,,,,,,,,,"6,45 kg/cv","40,08 kg/kgfm",,,,,,,,,,,Automático,,1,,Integral sob demanda,1560 mm,1591 mm,1593 mm,585 kg,4554 mm,2692 mm,1845 mm,2020 kg,525 litros,1200 kg,750 kg,,98 mm,Disco ventilado,Disco ventilado,"2,45 m²","0,613 m²","0,25",,Elétrica,"11,9 m",,"Indep., McPherson",Mola helicoidal,"Indep., multibraço",,,,,167 mm,,,,,,,,,,,,,,,,,,190 cv (dianteiro),"25,2 kgfm (dianteiro)",,,,,,"64,8 kWh","16,8 kWh/100 km",313 cv,"50,4 kgfm",,,,,,130 kW (DC),,,337 km,,,,,,,,,,,,,,,,,,
bmw,Ix2,ix2,ix2-xdrive30-m-sport-2025,ix2-xdrive30-m-sport-2025,https://www.fichacompleta.com.br/carros/bmw/ix2-xdrive30-m-sport-2025,2026-06-18T15:54:31.483948,Bmw Ix2 xDrive30 M Sport 2025,"5,6 s",180 km/h,,,,,,,,,,,,"6,45 kg/cv","40,08 kg/kgfm",,,,,,,,,,,Automático,,1,,Integral sob demanda,1560 mm,1591 mm,1593 mm,585 kg,4554 mm,2692 mm,1845 mm,2020 kg,525 litros,1200 kg,750 kg,,98 mm,Disco ventilado,Disco ventilado,"2,45 m²","0,613 m²","0,25",,Elétrica,"11,9 m",,"Indep., McPherson",Mola helicoidal,"Indep., multibraço",,,,,167 mm,,,,,,,,,,,,,,,,,,190 cv (dianteiro),"25,2 kgfm (dianteiro)",,,,,,"64,8 kWh","16,8 kWh/100 km",313 cv,"50,4 kgfm",,,,,,130 kW (DC),,,327 km,,,,,,,,,,,,,,,,,,
bmw,Ix3,ix3,ix3-m-sport-2022,ix3-m-sport-2022,https://www.fichacompleta.com.br/carros/bmw/ix3-m-sport-2022,2026-06-18T15:54:48.258078,Bmw Ix3 M Sport 2022,"6,8 s",180 km/h,,,,,,,,,,,,"7,64 kg/cv","53,55 kg/kgfm",,,,,,,,,,,Automático,,1,,Traseira,1668 mm,1600 mm,1616 mm,540 kg,4734 mm,2864 mm,1891 mm,2185 kg,410 litros,750 kg,750 kg,,123 mm,Disco ventilado,Disco ventilado,"2,65 m²","0,769 m²","0,29",,Elétrica,"12,1 m",,"Indep., McPherson",Mola helicoidal,"Indep., multibraço",,,,,179 mm,Kit de reparo e enchimento,,,,,,,,,,,,,,,,,286 cv (traseiro),"40,8 kgfm (traseiro)",,,,,,80 kWh,"18,5 kWh/100 km",,,,,,,,,,,460 km,"14,8 graus","23,1 graus","20,9 graus",,,,,,,,,,,,,,,
bmw,Ix3,ix3,ix3-m-sport-2023,ix3-m-sport-2023,https://www.fichacompleta.com.br/carros/bmw/ix3-m-sport-2023,2026-06-18T15:54:52.202676,Bmw Ix3 M Sport 2023,"6,8 s",180 km/h,,,,,,,,,,,,"7,64 kg/cv","53,55 kg/kgfm",,,,,,,,,,,Automático,,1,,Traseira,1668 mm,1600 mm,1616 mm,540 kg,4734 mm,2864 mm,1891 mm,2185 kg,410 litros,750 kg,750 kg,,123 mm,Disco ventilado,Disco ventilado,"2,65 m²","0,769 m²","0,29",,Elétrica,"12,1 m",,"Indep., McPherson",Mola helicoidal,"Indep., multibraço",,,,,179 mm,Kit de reparo e enchimento,,,,,,,,,,,,,,,,,286 cv (traseiro),"40,8 kgfm (traseiro)",,,,,,80 kWh,"18,5 kWh/100 km",,,,,,,,,,,381 km,"14,8 graus","23,1 graus","20,9 graus",,,,,,,,,,,,,,,
bmw,Ix3,ix3,ix3-m-sport-2024,ix3-m-sport-2024,https://www.fichacompleta.com.br/carros/bmw/ix3-m-sport-2024,2026-06-18T15:54:55.927214,Bmw Ix3 M Sport 2024,"6,8 s",180 km/h,,,,,,,,,,,,"7,64 kg/cv","53,55 kg/kgfm",,,,,,,,,,,Automático,,1,,Traseira,1668 mm,1600 mm,1616 mm,540 kg,4734 mm,2864 mm,1891 mm,2185 kg,410 litros,750 kg,750 kg,,123 mm,Disco ventilado,Disco ventilado,"2,65 m²","0,769 m²","0,29",,Elétrica,"12,1 m",,"Indep., McPherson",Mola helicoidal,"Indep., multibraço",,,,,179 mm,Kit de reparo,,,,,,,,,,,,,,,,,286 cv (traseiro),"40,8 kgfm (traseiro)",,,,,,80 kWh,"18,5 kWh/100 km",,,,,,,,150 kW (DC),,,381 km,"14,8 graus","23,1 graus","20,9 graus",,,,,,,,,,,,,,,
bmw,Ix3,ix3,ix3-m-sport-2025,ix3-m-sport-2025,https://www.fichacompleta.com.br/carros/bmw/ix3-m-sport-2025,2026-06-18T15:54:58.777359,Bmw Ix3 M Sport 2025,"6,8 s",180 km/h,,,,,,,,,,,,"7,64 kg/cv","53,55 kg/kgfm",,,,,,,,,,,Automático,,1,,Traseira,1668 mm,1600 mm,1616 mm,540 kg,4734 mm,2864 mm,1891 mm,2185 kg,410 litros,750 kg,750 kg,,123 mm,Disco ventilado,Disco ventilado,"2,65 m²","0,769 m²","0,29",,Elétrica,"12,1 m",,"Indep., McPherson",Mola helicoidal,"Indep., multibraço",,,,,179 mm,Kit de reparo,,,,,,,,,,,,,,,,,286 cv (traseiro),"40,8 kgfm (traseiro)",,,,,,80 kWh,"18,5 kWh/100 km",,,,,,,,150 kW (DC),,,381 km,"14,8 graus","23,1 graus","20,9 graus",,,,,,,,,,,,,,,
bmw,M1,m1,m1-coupe-3-0-2011,m1-coupe-3-0-2011,https://www.fichacompleta.com.br/carros/bmw/m1-coupe-3-0-2011,2026-06-18T15:55:15.974181,Bmw M1 Coupe 3.0 2011,"4,9 s",250 km/h,Corrente,Injeção direta,Turbocompressor,2979 cm³,6 em linha,N54B30TO,Duplo no cabeçote,"89,6 mm",84 mm,Longitudinal,Dianteiro,"4,6 kg/cv","34,2 kg/kgfm","114,1 cv/litro",340 cv,"10,2:1",5900 rpm,1500 rpm,"15,4 kgfm/litro","45,9 kgfm",4,Admissão e escape,Embreagem monodisco a seco,Manual,,6,6,Traseira,1420 mm,1541 mm,1541 mm,405 kg,4380 mm,2660 mm,1803 mm,1570 kg,370 litros,,,53 litros,93 mm,Disco ventilado,Disco ventilado,"2,18 m²","0,807 m²","0,37","0,37",Hidráulica,"11,5 m","11,5 m","Indep., McPherson",Mola helicoidal,"Indep., multibraço",551 km,355 km,"10,4 km/l","6,7 km/l",,,,,,,7000 rpm,Hidráulicos,,,,,,,,,,,,,,,,,,,,,,,,,,,,,,,,,,,,,,,,,,,,,,,,
bmw,M1,m1,m1-coupe-3-0-2012,m1-coupe-3-0-2012,https://www.fichacompleta.com.br/carros/bmw/m1-coupe-3-0-2012,2026-06-18T15:55:19.704514,Bmw M1 Coupe 3.0 2012,"4,9 s",250 km/h,Corrente,Injeção direta,Turbocompressor,2979 cm³,6 em linha,N54B30TO,Duplo no cabeçote,"89,6 mm",84 mm,Longitudinal,Dianteiro,"4,6 kg/cv","34,2 kg/kgfm","114,1 cv/litro",340 cv,"10,2:1",,,"15,4 kgfm/litro","45,9 kgfm",4,Admissão e escape,Embreagem monodisco a seco,Manual,,6,,Traseira,1420 mm,1541 mm,1541 mm,405 kg,4380 mm,2660 mm,1803 mm,1570 kg,370 litros,,,53 litros,93 mm,Disco ventilado,Disco ventilado,"2,18 m²","0,807 m²","0,37",,Hidráulica,"11,5 m",,"Indep., McPherson",Mola helicoidal,"Indep., multibraço",551 km,355 km,"10,4 km/l","6,7 km/l",,,5900 rpm,1500 rpm,,,7000 rpm,Hidráulicos,,,,,,,,,,,,,,,,,,,,,,,,,,,,,,,,,,,,,,,,,,,,,,,,
bmw,M2,m2,m2-3-0-turbo-2016,m2-3-0-turbo-2016,https://www.fichacompleta.com.br/carros/bmw/m2-3-0-turbo-2016,2026-06-18T15:55:36.845741,Bmw M2 3.0 Turbo 2016,"4,3 s",270 km/h,,Injeção direta,Turbocompressor,2979 cm³,6 em linha,N55B30,"Duplo no cabeçote, corrente","89,6 mm",84 mm,Longitudinal,Dianteiro,"4,0 kg/cv","31,5 kg/kgfm","124,2 cv/litro",370 cv a 6500 rpm,"10,2:1",,,"15,9 kgfm/litro","47,4 kgfm a 1400 rpm",4,Admissão e escape,Embreagem dupla banhada a óleo,Automatizado,,,7,Traseira,1410 mm,1579 mm,1601 mm,515 kg,4468 mm,2693 mm,1854 mm,1495 kg,390 litros,,,52 litros,93 mm,Disco ventilado,Disco ventilado,"2,21 m²","0,774 m²",,"0,35",Eletro-hidráulica,,"11,7 m","Independente, McPherson",Mola helicoidal,"Independente, multibraço",572 km,400 km,11 km/l,"7,7 km/l",123 mm,,,,,,,Hidráulicos,,,,,,,,,,,,,,,,,,,,,,,,,,,,,,,,,,,,,,,,,,,,,,,,
bmw,M2,m2,m2-3-0-turbo-2017,m2-3-0-turbo-2017,https://www.fichacompleta.com.br/carros/bmw/m2-3-0-turbo-2017,2026-06-18T15:55:41.618388,Bmw M2 3.0 Turbo 2017,"4,3 s",270 km/h,Corrente,Injeção direta,Turbocompressor,2979 cm³,6 em linha,N55B30,Duplo no cabeçote,"89,6 mm",84 mm,Longitudinal,Dianteiro,"4,0 kg/cv","31,5 kg/kgfm","124,2 cv/litro",370 cv,"10,2:1",,,"15,9 kgfm/litro","47,4 kgfm",4,Admissão e escape,Embreagem dupla banhada a óleo,Automatizado,,7,,Traseira,1410 mm,1579 mm,1601 mm,515 kg,4468 mm,2693 mm,1854 mm,1495 kg,390 litros,,,52 litros,93 mm,Disco ventilado,Disco ventilado,"2,21 m²","0,774 m²","0,35",,Eletro-hidráulica,"11,7 m",,"Indep., McPherson",Mola helicoidal,"Indep., multibraço",572 km,400 km,11 km/l,"7,7 km/l",123 mm,,6500 rpm,1400 rpm,,,,Hidráulicos,,,,,,,,,,,,,,,,,,,,,,,,,,,,,,,,,,,,,,,,,,,,,,,,
bmw,M2,m2,m2-3-0-turbo-2018,m2-3-0-turbo-2018,https://www.fichacompleta.com.br/carros/bmw/m2-3-0-turbo-2018,2026-06-18T15:55:44.553421,Bmw M2 3.0 Turbo 2018,"4,3 s",270 km/h,,Injeção direta,Turbocompressor,2979 cm³,6 em linha,N55B30,"Duplo no cabeçote, corrente","89,6 mm",84 mm,Longitudinal,Dianteiro,"4,0 kg/cv","31,5 kg/kgfm","124,2 cv/litro",370 cv a 6500 rpm,"10,2:1",,,"15,9 kgfm/litro","47,4 kgfm a 1400 rpm",4,Admissão e escape,Embreagem dupla banhada a óleo,Automatizado,,,7,Traseira,1410 mm,1579 mm,1601 mm,515 kg,4468 mm,2693 mm,1854 mm,1495 kg,390 litros,,,52 litros,93 mm,Disco ventilado,Disco ventilado,"2,21 m²","0,774 m²",,"0,35",Eletro-hidráulica,,"11,7 m","Independente, McPherson",Mola helicoidal,"Independente, multibraço",510 km,395 km,"9,8 km/l","7,6 km/l",123 mm,,,,,,,Hidráulicos,,,,,,,,,,,,,,,,,,,,,,,,,,,,,,,,,,,,,,,,,,,,,,,,
bmw,M2,m2,m2-competition-3-0-turbo-2019,m2-competition-3-0-turbo-2019,https://www.fichacompleta.com.br/carros/bmw/m2-competition-3-0-turbo-2019,2026-06-18T15:55:48.000599,Bmw M2 Competition 3.0 Turbo 2019,"4,2 s",280 km/h,,Injeção direta,Turbocompressor,2979 cm³,6 em linha,S55B30T0,"Duplo no cabeçote, corrente","89,6 mm",84 mm,Longitudinal,Dianteiro,"3,8 kg/cv","28,1 kg/kgfm","137,6 cv/litro",410 cv a 5250 rpm,"10,2:1",,,"18,8 kgfm/litro","56,1 kgfm a 2350 rpm",4,Admissão e escape,Embreagem dupla banhada a óleo,Automatizado,,,7,Traseira,1410 mm,1579 mm,1601 mm,435 kg,4461 mm,2693 mm,1854 mm,1575 kg,390 litros,,,52 litros,93 mm,Disco ventilado,Disco ventilado,"2,21 m²","0,796 m²",,"0,36",Eletro-hidráulica,,"11,7 m","Independente, McPherson",Mola helicoidal,"Independente, multibraço",484 km,400 km,"9,3 km/l","7,7 km/l",118 mm,,,,,,7500 rpm,Hidráulicos,,,,,,,,,,,,,,,,,,,,,,,,,,,,,,,,,,,,,,,,,,,,,,,,
bmw,M2,m2,m2-competition-3-0-turbo-2020,m2-competition-3-0-turbo-2020,https://www.fichacompleta.com.br/carros/bmw/m2-competition-3-0-turbo-2020,2026-06-18T15:55:51.313298,Bmw M2 Competition 3.0 Turbo 2020,"4,2 s",280 km/h,Corrente,Injeção direta,Turbocompressor,2979 cm³,6 em linha,S55B30T0,Duplo no cabeçote,"89,6 mm",84 mm,Longitudinal,Dianteiro,"3,8 kg/cv","28,1 kg/kgfm","137,6 cv/litro",410 cv,"10,2:1",,,"18,8 kgfm/litro","56,1 kgfm",4,Admissão e escape,Embreagem dupla banhada a óleo,Automatizado,,7,,Traseira,1410 mm,1579 mm,1601 mm,435 kg,4461 mm,2693 mm,1854 mm,1575 kg,390 litros,,,52 litros,93 mm,Disco ventilado,Disco ventilado,"2,21 m²","0,796 m²","0,36",,Eletro-hidráulica,"11,7 m",,"Indep., McPherson",Mola helicoidal,"Indep., multibraço",484 km,400 km,"9,3 km/l","7,7 km/l",118 mm,,5250 rpm,2350 rpm,,,7500 rpm,Hidráulicos,,,,,,,,,,,,,,,,,,,,,,,,,,,,,,,,,,,,,,,,,,,,,,,,
bmw,M2,m2,m2-competition-3-0-2021,m2-competition-3-0-2021,https://www.fichacompleta.com.br/carros/bmw/m2-competition-3-0-2021,2026-06-18T15:55:55.250676,Bmw M2 Competition 3.0 2021,"4,2 s",280 km/h,Corrente,Injeção direta,Turbocompressor,,6 em linha,S55B30T0,Duplo no cabeçote,"89,6 mm",84 mm,Longitudinal,Dianteiro,"3,84 kg/cv","28,1 kg/kgfm","137,6 cv/litro",410 cv,"10,2:1",,,"18,8 kgfm/litro","56,1 kgfm",4,Admissão e escape,Embreagem dupla banhada a óleo,Automatizado,,7,,Traseira,1410 mm,1579 mm,1601 mm,435 kg,4461 mm,2693 mm,1854 mm,1575 kg,390 litros,,,52 litros,93 mm,Disco ventilado,Disco ventilado,"2,21 m²","0,796 m²","0,36",,Elétrica,"11,7 m",,"Indep., McPherson",Mola helicoidal,"Indep., multibraço",484 km,400 km,"9,3 km/l","7,7 km/l",118 mm,,5250 rpm,2350 rpm,497 cm³,2979 cm³,7500 rpm,Hidráulicos,,,,,,,,,,,,,,,,,,,,,,,,,,,,,,,,,,,,,,,,,,,,,,,,
bmw,M2,m2,m2-competition-3-0-mt-2021,m2-competition-3-0-mt-2021,https://www.fichacompleta.com.br/carros/bmw/m2-competition-3-0-mt-2021,2026-06-18T15:55:58.728448,Bmw M2 Competition 3.0 MT 2021,"4,2 s",280 km/h,Corrente,Injeção direta,Turbocompressor,,6 em linha,S55B30T0,Duplo no cabeçote,"89,6 mm",84 mm,Longitudinal,Dianteiro,"3,78 kg/cv","27,6 kg/kgfm","137,6 cv/litro",410 cv,"10,2:1",,,"18,8 kgfm/litro","56,1 kgfm",4,Admissão e escape,Embreagem monodisco a seco,Manual,,6,,Traseira,1410 mm,1579 mm,1601 mm,460 kg,4461 mm,2693 mm,1854 mm,1550 kg,390 litros,,,52 litros,93 mm,Disco ventilado,Disco ventilado,"2,21 m²","0,796 m²","0,36",,Elétrica,"11,7 m",,"Indep., McPherson",Mola helicoidal,"Indep., multibraço",447 km,406 km,"8,6 km/l","7,8 km/l",118 mm,,5250 rpm,2350 rpm,497 cm³,2979 cm³,7600 rpm,Hidráulicos,,,,,,,,,,,,,,,,,,,,,,,,,,,,,,,,,,,,,,,,,,,,,,,,
bmw,M2,m2,m2-competition-3-0-turbo-mt-2021,m2-competition-3-0-turbo-mt-2021,https://www.fichacompleta.com.br/carros/bmw/m2-competition-3-0-turbo-mt-2021,2026-06-18T15:56:01.543079,Bmw M2 Competition 3.0 Turbo MT 2021,"4,2 s",280 km/h,,Injeção direta,Turbocompressor,2979 cm³,6 em linha,S55B30T0,"Duplo no cabeçote, corrente","89,6 mm",84 mm,Longitudinal,Dianteiro,"3,8 kg/cv","27,6 kg/kgfm","137,6 cv/litro",410 cv a 5250 rpm,"10,2:1",,,"18,8 kgfm/litro","56,1 kgfm a 2350 rpm",4,Admissão e escape,Embreagem monodisco a seco,Manual,,,6,Traseira,1410 mm,1579 mm,1601 mm,460 kg,4461 mm,2693 mm,1854 mm,1550 kg,390 litros,,,52 litros,93 mm,Disco ventilado,Disco ventilado,"2,21 m²","0,796 m²",,"0,36",Eletro-hidráulica,,"11,7 m","Independente, McPherson",Mola helicoidal,"Independente, multibraço",484 km,400 km,"9,3 km/l","7,7 km/l",118 mm,,,,,,7600 rpm,Hidráulicos,,,,,,,,,,,,,,,,,,,,,,,,,,,,,,,,,,,,,,,,,,,,,,,,
bmw,M2,m2,m2-cs-3-0-turbo-mt-2021,m2-cs-3-0-turbo-mt-2021,https://www.fichacompleta.com.br/carros/bmw/m2-cs-3-0-turbo-mt-2021,2026-06-18T15:56:04.586440,Bmw M2 CS 3.0 Turbo MT 2021,,,,,Turbocompressor,,,,,,,,,,"27,6 kg/kgfm","151,1 cv/litro",,,,,,"56,1 kgfm a 2350 rpm",,,,,,,,,1414 mm,,,,,,,,,,,,,245/35 R19,Disco ventilado,,,,,,,,,,"Independente, multibraço",,,,6 km/l,,,,,,,,,,,,,,,,,,,,,,,,,,,,,,,,,,,,,,,,,,,,,,,,,,,,,,,,
bmw,M2,m2,m2-3-0-2024,m2-3-0-2024,https://www.fichacompleta.com.br/carros/bmw/m2-3-0-2024,2026-06-18T15:56:08.425548,Bmw M2 3.0 2024,"4,1 s",290 km/h,Corrente,Injeção direta,Turbocompressor,,6 em linha,S58D30,Duplo no cabeçote,90 mm,84 mm,Longitudinal,Dianteiro,"3,75 kg/cv","30,7 kg/kgfm","153,7 cv/litro",460 cv,"9,3:1",,,"18,7 kgfm/litro","56,1 kgfm",4,Admissão e escape,Conversor de torque,Automático,ZF 8HP,8,,Traseira,1403 mm,1617 mm,1605 mm,430 kg,4580 mm,2747 mm,1887 mm,1725 kg,390 litros,,,52 litros,86 mm,Disco ventilado,Disco ventilado,,,,,Elétrica,"11,9 m",,"Indep., McPherson",Mola helicoidal,"Indep., multibraço",478 km,390 km,"9,2 km/l","7,5 km/l",123 mm,,6250 rpm,2650 rpm,499 cm³,2993 cm³,7200 rpm,Hidráulicos,,,,,,,,,,,,,,,,,,,,,,,,,,,,,,,,,,,,,,,,,,,,,,,,
bmw,M2,m2,m2-track-3-0-2024,m2-track-3-0-2024,https://www.fichacompleta.com.br/carros/bmw/m2-track-3-0-2024,2026-06-18T15:56:12.940042,Bmw M2 Track 3.0 2024,"4,1 s",285 km/h,Corrente,Injeção direta,Turbocompressor,,6 em linha,S58D30,Duplo no cabeçote,90 mm,84 mm,Longitudinal,Dianteiro,"3,75 kg/cv","30,7 kg/kgfm","153,7 cv/litro",460 cv,"9,3:1",,,"18,7 kgfm/litro","56,1 kgfm",4,Admissão e escape,Conversor de torque,Automático,ZF 8HP,8,,Traseira,1403 mm,1617 mm,1605 mm,430 kg,4580 mm,2747 mm,1887 mm,1725 kg,390 litros,,,52 litros,86 mm,Disco ventilado,Disco ventilado,,,,,Elétrica,"11,9 m",,"Indep., McPherson",Mola helicoidal,"Indep., multibraço",478 km,390 km,"9,2 km/l","7,5 km/l",123 mm,,6250 rpm,2650 rpm,499 cm³,2993 cm³,7200 rpm,Hidráulicos,,,,,,,,,,,,,,,,,,,,,,,,,,,,,,,,,,,,,,,,,,,,,,,,
bmw,M2,m2,m2-3-0-2025,m2-3-0-2025,https://www.fichacompleta.com.br/carros/bmw/m2-3-0-2025,2026-06-18T15:56:16.522142,Bmw M2 3.0 2025,4 s,250 km/h,Corrente,Injeção direta,Turbocompressor,,6 em linha,S58D30,Duplo no cabeçote,90 mm,84 mm,Longitudinal,Dianteiro,"3,60 kg/cv","28,3 kg/kgfm","160,4 cv/litro",480 cv,"9,3:1",,,"20,4 kgfm/litro","61,2 kgfm",4,Admissão e escape,Conversor de torque,Automático,ZF 8HP,8,,Traseira,1403 mm,1617 mm,1605 mm,425 kg,4580 mm,2747 mm,1887 mm,1730 kg,390 litros,,,52 litros,86 mm,Disco ventilado,Disco ventilado,"2,25 m²","0,765 m²","0,34",,Elétrica,"11,9 m",,"Indep., McPherson",Mola helicoidal,"Indep., multibraço",478 km,390 km,"9,2 km/l","7,5 km/l",123 mm,,6250 rpm,2650 rpm,499 cm³,2993 cm³,7200 rpm,Hidráulicos,,,,,,,,,,,,,,,,,,,,,,,,,,,,,,,,,,,,,,,,,,,,,,,,
bmw,M2,m2,m2-track-3-0-2025,m2-track-3-0-2025,https://www.fichacompleta.com.br/carros/bmw/m2-track-3-0-2025,2026-06-18T15:56:19.992194,Bmw M2 Track 3.0 2025,4 s,285 km/h,Corrente,Injeção direta,Turbocompressor,,6 em linha,S58D30,Duplo no cabeçote,90 mm,84 mm,Longitudinal,Dianteiro,"3,60 kg/cv","28,3 kg/kgfm","160,4 cv/litro",480 cv,"9,3:1",,,"20,4 kgfm/litro","61,2 kgfm",4,Admissão e escape,Conversor de torque,Automático,ZF 8HP,8,,Traseira,1403 mm,1617 mm,1605 mm,425 kg,4580 mm,2747 mm,1887 mm,1730 kg,390 litros,,,52 litros,86 mm,Disco ventilado,Disco ventilado,"2,25 m²","0,765 m²","0,34",,Elétrica,"11,9 m",,"Indep., McPherson",Mola helicoidal,"Indep., multibraço",478 km,390 km,"9,2 km/l","7,5 km/l",123 mm,,6250 rpm,2650 rpm,499 cm³,2993 cm³,7200 rpm,Hidráulicos,,,,,,,,,,,,,,,,,,,,,,,,,,,,,,,,,,,,,,,,,,,,,,,,
bmw,M2,m2,m2-3-0-2026,m2-3-0-2026,https://www.fichacompleta.com.br/carros/bmw/m2-3-0-2026,2026-06-18T15:56:22.817469,Bmw M2 3.0 2026,4 s,250 km/h,Corrente,Injeção direta,Turbocompressor,,6 em linha,S58D30,Duplo no cabeçote,90 mm,84 mm,Longitudinal,Dianteiro,"3,60 kg/cv","28,3 kg/kgfm","160,4 cv/litro",480 cv,"9,3:1",,,"20,4 kgfm/litro","61,2 kgfm",4,Admissão e escape,Conversor de torque,Automático,ZF 8HP,8,,Traseira,1403 mm,1617 mm,1605 mm,425 kg,4580 mm,2747 mm,1887 mm,1730 kg,390 litros,,,52 litros,86 mm,Disco ventilado,Disco ventilado,"2,25 m²","0,765 m²","0,34",,Elétrica,"11,9 m",,"Indep., McPherson",Mola helicoidal,"Indep., multibraço",484 km,374 km,"9,3 km/l","7,2 km/l",123 mm,,6250 rpm,2650 rpm,499 cm³,2993 cm³,7200 rpm,Hidráulicos,,,,,,,,,,,,,,,,,,,,,,,,,,,,,,,,,,,,,,,,,,,,,,,,
bmw,M2,m2,m2-cs-3-0-2026,m2-cs-3-0-2026,https://www.fichacompleta.com.br/carros/bmw/m2-cs-3-0-2026,2026-06-18T15:56:27.158632,Bmw M2 CS 3.0 2026,"3,8 s",302 km/h,Corrente,Injeção direta,Turbocompressor,,6 em linha,S58D30,Duplo no cabeçote,90 mm,84 mm,Longitudinal,Dianteiro,"3,33 kg/cv","25,6 kg/kgfm","170,4 cv/litro",510 cv,"9,3:1",,,"22,2 kgfm/litro","66,3 kgfm",4,Admissão e escape,Conversor de torque,Automático,ZF 8HP,8,,Traseira,1395 mm,1617 mm,1605 mm,425 kg,4587 mm,2747 mm,1887 mm,1700 kg,390 litros,,,52 litros,86 mm,Disco de carbono-cerâmica,Disco de carbono-cerâmica,,,,,Elétrica,"11,9 m",,"Indep., McPherson",Mola helicoidal,"Indep., multibraço",494 km,374 km,"9,5 km/l","7,2 km/l",,,6250 rpm,2750 rpm,499 cm³,2993 cm³,7200 rpm,Hidráulicos,,,,,,,,,,,,,,,,,,,,,,,,,,,,,,,,,,,,,,,,,,,,,,,,
bmw,M2,m2,m2-track-3-0-2026,m2-track-3-0-2026,https://www.fichacompleta.com.br/carros/bmw/m2-track-3-0-2026,2026-06-18T15:56:30.490316,Bmw M2 Track 3.0 2026,4 s,285 km/h,Corrente,Injeção direta,Turbocompressor,,6 em linha,S58D30,Duplo no cabeçote,90 mm,84 mm,Longitudinal,Dianteiro,"3,60 kg/cv","28,3 kg/kgfm","160,4 cv/litro",480 cv,"9,3:1",,,"20,4 kgfm/litro","61,2 kgfm",4,Admissão e escape,Conversor de torque,Automático,ZF 8HP,8,,Traseira,1403 mm,1617 mm,1605 mm,425 kg,4580 mm,2747 mm,1887 mm,1730 kg,390 litros,,,52 litros,86 mm,Disco ventilado,Disco ventilado,"2,25 m²","0,765 m²","0,34",,Elétrica,"11,9 m",,"Indep., McPherson",Mola helicoidal,"Indep., multibraço",484 km,374 km,"9,3 km/l","7,2 km/l",123 mm,,6250 rpm,2650 rpm,499 cm³,2993 cm³,7200 rpm,Hidráulicos,,,,,,,,,,,,,,,,,,,,,,,,,,,,,,,,,,,,,,,,,,,,,,,,
bmw,M3,m3,m3-3-0-1994,m3-3-0-1994,https://www.fichacompleta.com.br/carros/bmw/m3-3-0-1994,2026-06-18T15:56:48.708838,Bmw M3 3.0 1994,6 s,250 km/h,,Injeção multiponto,Natural,2990 cm³,6 em linha,S50B30,Duplo no cabeçote,"85,8 mm",86 mm,Longitudinal,Dianteiro,"5,1 kg/cv","44,8 kg/kgfm","95,7 cv/litro",286 cv,"10,8:1",,,"10,9 kgfm/litro","32,6 kgfm",4,Admissão,Embreagem monodisco a seco,Manual,,5,,Traseira,1335 mm,1422 mm,1444 mm,470 kg,4433 mm,2700 mm,1710 mm,1460 kg,405 litros,,,65 litros,94 mm,Disco ventilado,Disco ventilado,"1,94 m²","0,621 m²","0,32",,Hidráulica,"10,7 m",,"Indep., McPherson",Mola helicoidal,"Indep., multibraço",507 km,351 km,"7,8 km/l","5,4 km/l",110 mm,,7000 rpm,3600 rpm,,,7250 rpm,,,,,,,,,,,,,,,,,,,,,,,,,,,,,,,,,,,,,,,,,,,,,,,,,
bmw,M3,m3,m3-3-0-1995,m3-3-0-1995,https://www.fichacompleta.com.br/carros/bmw/m3-3-0-1995,2026-06-18T15:56:53.141467,Bmw M3 3.0 1995,6 s,250 km/h,,Injeção multiponto,Natural,2990 cm³,6 em linha,S50B30,Duplo no cabeçote,"85,8 mm",86 mm,Longitudinal,Dianteiro,"5,1 kg/cv","44,8 kg/kgfm","95,7 cv/litro",286 cv,"10,8:1",7000 rpm,3600 rpm,"10,9 kgfm/litro","32,6 kgfm",4,Admissão,Embreagem monodisco a seco,Manual,,5,5,Traseira,1335 mm,1422 mm,1444 mm,470 kg,4433 mm,2700 mm,1710 mm,1460 kg,405 litros,,,65 litros,94 mm,Disco ventilado,Disco ventilado,"1,94 m²","0,621 m²","0,32","0,32",Hidráulica,"10,7 m","10,7 m","Indep., McPherson",Mola helicoidal,"Indep., multibraço",507 km,351 km,"7,8 km/l","5,4 km/l",110 mm,,,,,,7250 rpm,,,,,,,,,,,,,,,,,,,,,,,,,,,,,,,,,,,,,,,,,,,,,,,,,
bmw,M3,m3,m3-3-2-1996,m3-3-2-1996,https://www.fichacompleta.com.br/carros/bmw/m3-3-2-1996,2026-06-18T15:56:55.754236,Bmw M3 3.2 1996,"5,5 s",250 km/h,Corrente,Injeção multiponto,Natural,,6 em linha,S50B32,Duplo no cabeçote,91 mm,"86,4 mm",Longitudinal,Dianteiro,"4,56 kg/cv","40,9 kg/kgfm","100,0 cv/litro",320 cv,"11,3:1",,,"11,2 kgfm/litro","35,7 kgfm",4,,Embreagem monodisco a seco,Manual,,6,,Traseira,1335 mm,1422 mm,1444 mm,490 kg,4433 mm,2700 mm,1710 mm,1460 kg,405 litros,,,65 litros,98 mm,Disco ventilado,Disco ventilado,"1,94 m²","0,621 m²","0,32",,Hidráulica,"10,7 m",,"Indep., McPherson",Mola helicoidal,"Indep., multibraço",585 km,325 km,9 km/l,5 km/l,110 mm,,7400 rpm,3250 rpm,534 cm³,3201 cm³,7600 rpm,,,,,,,,,,,,,,,,,,,,,,,,,,,,,,,,,,,,,,,,,,,,,,,,,
bmw,M3,m3,m3-3-2-1997,m3-3-2-1997,https://www.fichacompleta.com.br/carros/bmw/m3-3-2-1997,2026-06-18T15:57:00.263143,Bmw M3 3.2 1997,"5,5 s",250 km/h,Corrente,Injeção multiponto,Natural,3201 cm³,6 em linha,S50B32,Duplo no cabeçote,91 mm,"86,4 mm",Longitudinal,Dianteiro,"4,6 kg/cv","40,9 kg/kgfm","100,0 cv/litro",320 cv,"11,3:1",,,"11,2 kgfm/litro","35,7 kgfm",4,,Embreagem monodisco a seco,Manual,,6,,Traseira,1335 mm,1422 mm,1444 mm,490 kg,4433 mm,2700 mm,1710 mm,1460 kg,405 litros,,,65 litros,98 mm,Disco ventilado,Disco ventilado,"1,94 m²","0,621 m²","0,32",,Hidráulica,"10,7 m",,"Indep., McPherson",Mola helicoidal,"Indep., multibraço",585 km,325 km,9 km/l,5 km/l,110 mm,,7400 rpm,3250 rpm,,,7600 rpm,,,,,,,,,,,,,,,,,,,,,,,,,,,,,,,,,,,,,,,,,,,,,,,,,
bmw,M3,m3,m3-3-2-1998,m3-3-2-1998,https://www.fichacompleta.com.br/carros/bmw/m3-3-2-1998,2026-06-18T15:57:03.319068,Bmw M3 3.2 1998,"5,5 s",250 km/h,Corrente,Injeção multiponto,Natural,,6 em linha,S50B32,Duplo no cabeçote,91 mm,"86,4 mm",Longitudinal,Dianteiro,"4,56 kg/cv","40,9 kg/kgfm","100,0 cv/litro",320 cv,"11,3:1",,,"11,2 kgfm/litro","35,7 kgfm",4,,Embreagem monodisco a seco,Manual,,6,,Traseira,1335 mm,1422 mm,1444 mm,490 kg,4433 mm,2700 mm,1710 mm,1460 kg,405 litros,,,65 litros,98 mm,Disco ventilado,Disco ventilado,"1,94 m²","0,621 m²","0,32",,Hidráulica,"10,7 m",,"Indep., McPherson",Mola helicoidal,"Indep., multibraço",585 km,325 km,9 km/l,5 km/l,110 mm,,7400 rpm,3250 rpm,534 cm³,3201 cm³,7600 rpm,,,,,,,,,,,,,,,,,,,,,,,,,,,,,,,,,,,,,,,,,,,,,,,,,
bmw,M3,m3,m3-3-2-1999,m3-3-2-1999,https://www.fichacompleta.com.br/carros/bmw/m3-3-2-1999,2026-06-18T15:57:07.542549,Bmw M3 3.2 1999,"5,5 s",250 km/h,Corrente,Injeção multiponto,Natural,3201 cm³,6 em linha,S50B32,Duplo no cabeçote,91 mm,"86,4 mm",Longitudinal,Dianteiro,"4,6 kg/cv","40,9 kg/kgfm","100,0 cv/litro",320 cv,"11,3:1",,,"11,2 kgfm/litro","35,7 kgfm",4,,Embreagem monodisco a seco,Manual,,6,,Traseira,1335 mm,1422 mm,1444 mm,490 kg,4433 mm,2700 mm,1710 mm,1460 kg,405 litros,,,65 litros,98 mm,Disco ventilado,Disco ventilado,"1,94 m²","0,621 m²","0,32",,Hidráulica,"10,7 m",,"Indep., McPherson",Mola helicoidal,"Indep., multibraço",585 km,325 km,9 km/l,5 km/l,110 mm,,7400 rpm,3250 rpm,,,7600 rpm,,,,,,,,,,,,,,,,,,,,,,,,,,,,,,,,,,,,,,,,,,,,,,,,,
bmw,M3,m3,m3-3-2-2001,m3-3-2-2001,https://www.fichacompleta.com.br/carros/bmw/m3-3-2-2001,2026-06-18T15:57:10.217120,Bmw M3 3.2 2001,"5,2 s",250 km/h,,Injeção multiponto,Natural,3246 cm³,6 em linha,S54B32,"Duplo no cabeçote, corrente",91 mm,87 mm,Longitudinal,Dianteiro,"4,4 kg/cv","40,2 kg/kgfm","105,7 cv/litro",343 cv a 7900 rpm,"11,5:1",,,"11,5 kgfm/litro","37,2 kgfm a 4900 rpm",4,Admissão e escape,Embreagem monodisco a seco,Manual,,,6,Traseira,1372 mm,1508 mm,1525 mm,505 kg,4492 mm,2731 mm,1780 mm,1495 kg,410 litros,,,63 litros,101 mm,Disco ventilado,Disco ventilado,"2,08 m²","0,666 m²",,"0,32",Hidráulica,,11 m,"Independente, McPherson",Mola helicoidal,"Independente, multibraço",504 km,265 km,8 km/l,"4,2 km/l",,,,,,,8000 rpm,Hidráulicos,,,,,,,,,,,,,,,,,,,,,,,,,,,,,,,,,,,,,,,,,,,,,,,,
bmw,M3,m3,m3-3-2-2002,m3-3-2-2002,https://www.fichacompleta.com.br/carros/bmw/m3-3-2-2002,2026-06-18T15:57:14.775356,Bmw M3 3.2 2002,"5,2 s",250 km/h,Corrente,Injeção multiponto,Natural,,6 em linha,S54B32,Duplo no cabeçote,91 mm,87 mm,Longitudinal,Dianteiro,"4,36 kg/cv","40,2 kg/kgfm","105,7 cv/litro",343 cv,"11,5:1",,,"11,5 kgfm/litro","37,2 kgfm",4,Admissão e escape,Embreagem monodisco a seco,Manual,,6,,Traseira,1372 mm,1508 mm,1525 mm,505 kg,4492 mm,2731 mm,1780 mm,1495 kg,410 litros,,,63 litros,101 mm,Disco ventilado,Disco ventilado,"2,08 m²","0,666 m²","0,32",,Hidráulica,11 m,,"Indep., McPherson",Mola helicoidal,"Indep., multibraço",504 km,265 km,8 km/l,"4,2 km/l",,,7900 rpm,4900 rpm,541 cm³,3246 cm³,8000 rpm,Hidráulicos,,,,,,,,,,,,,,,,,,,,,,,,,,,,,,,,,,,,,,,,,,,,,,,,
bmw,M3,m3,m3-3-2-2003,m3-3-2-2003,https://www.fichacompleta.com.br/carros/bmw/m3-3-2-2003,2026-06-18T15:57:17.504104,Bmw M3 3.2 2003,"5,2 s",250 km/h,Corrente,Injeção multiponto,Natural,3246 cm³,6 em linha,S54B32,Duplo no cabeçote,91 mm,87 mm,Longitudinal,Dianteiro,"4,4 kg/cv","40,2 kg/kgfm","105,7 cv/litro",343 cv,"11,5:1",,,"11,5 kgfm/litro","37,2 kgfm",4,Admissão e escape,Embreagem monodisco a seco,Manual,,6,,Traseira,1372 mm,1508 mm,1525 mm,505 kg,4492 mm,2731 mm,1780 mm,1495 kg,410 litros,,,63 litros,101 mm,Disco ventilado,Disco ventilado,"2,08 m²","0,666 m²","0,32",,Hidráulica,11 m,,"Indep., McPherson",Mola helicoidal,"Indep., multibraço",504 km,265 km,8 km/l,"4,2 km/l",,,7900 rpm,4900 rpm,,,8000 rpm,Hidráulicos,,,,,,,,,,,,,,,,,,,,,,,,,,,,,,,,,,,,,,,,,,,,,,,,
bmw,M3,m3,m3-3-2-2004,m3-3-2-2004,https://www.fichacompleta.com.br/carros/bmw/m3-3-2-2004,2026-06-18T15:57:22.076001,Bmw M3 3.2 2004,"5,2 s",250 km/h,Corrente,Injeção multiponto,Natural,,6 em linha,S54B32,Duplo no cabeçote,91 mm,87 mm,Longitudinal,Dianteiro,"4,36 kg/cv","40,2 kg/kgfm","105,7 cv/litro",343 cv,"11,5:1",,,"11,5 kgfm/litro","37,2 kgfm",4,Admissão e escape,Embreagem monodisco a seco,Manual,,6,,Traseira,1372 mm,1508 mm,1525 mm,505 kg,4492 mm,2731 mm,1780 mm,1495 kg,410 litros,,,63 litros,101 mm,Disco ventilado,Disco ventilado,"2,08 m²","0,666 m²","0,32",,Hidráulica,11 m,,"Indep., McPherson",Mola helicoidal,"Indep., multibraço",504 km,265 km,8 km/l,"4,2 km/l",,,7900 rpm,4900 rpm,541 cm³,3246 cm³,8000 rpm,Hidráulicos,,,,,,,,,,,,,,,,,,,,,,,,,,,,,,,,,,,,,,,,,,,,,,,,
bmw,M3,m3,m3-csl-3-2-2004,m3-csl-3-2-2004,https://www.fichacompleta.com.br/carros/bmw/m3-csl-3-2-2004,2026-06-18T15:57:24.449093,Bmw M3 CSL 3.2 2004,"4,9 s",250 km/h,Corrente,Injeção multiponto,Natural,3246 cm³,6 em linha,S54B32,Duplo no cabeçote,91 mm,87 mm,Longitudinal,Dianteiro,"3,8 kg/cv","36,7 kg/kgfm","110,9 cv/litro",360 cv,"11,5:1",7900 rpm,4900 rpm,"11,6 kgfm/litro","37,7 kgfm",4,Admissão e escape,Embreagem monodisco a seco,Manual,,6,6,Traseira,1383 mm,1508 mm,1525 mm,490 kg,4492 mm,2731 mm,1780 mm,1385 kg,410 litros,,,63 litros,89 mm,Disco ventilado,Disco ventilado,"2,09 m²","0,669 m²","0,32","0,32",Hidráulica,11 m,11 m,"Indep., McPherson",Mola helicoidal,"Indep., multibraço",491 km,258 km,"7,8 km/l","4,1 km/l",,,,,,,8000 rpm,Hidráulicos,,,,,,,,,,,,,,,,,,,,,,,,,,,,,,,,,,"32,4 m",,,,,,,,,,,,,,
bmw,M3,m3,m3-3-2-2005,m3-3-2-2005,https://www.fichacompleta.com.br/carros/bmw/m3-3-2-2005,2026-06-18T15:57:27.582805,Bmw M3 3.2 2005,"5,2 s",250 km/h,Corrente,Injeção multiponto,Natural,3246 cm³,6 em linha,S54B32,Duplo no cabeçote,91 mm,87 mm,Longitudinal,Dianteiro,"4,4 kg/cv","40,2 kg/kgfm","105,7 cv/litro",343 cv,"11,5:1",,,"11,5 kgfm/litro","37,2 kgfm",4,Admissão e escape,Embreagem monodisco a seco,Manual,,6,,Traseira,1372 mm,1508 mm,1525 mm,505 kg,4492 mm,2731 mm,1780 mm,1495 kg,410 litros,,,63 litros,101 mm,Disco ventilado,Disco ventilado,"2,08 m²","0,666 m²","0,32",,Hidráulica,11 m,,"Indep., McPherson",Mola helicoidal,"Indep., multibraço",504 km,265 km,8 km/l,"4,2 km/l",,,7900 rpm,4900 rpm,,,8000 rpm,Hidráulicos,,,,,,,,,,,,,,,,,,,,,,,,,,,,,,,,,,,,,,,,,,,,,,,,
bmw,M3,m3,m3-4-0-v8-2008,m3-4-0-v8-2008,https://www.fichacompleta.com.br/carros/bmw/m3-4-0-v8-2008,2026-06-18T15:57:32.303946,Bmw M3 4.0 V8 2008,"4,8 s",250 km/h,,Injeção multiponto,Natural,3999 cm³,8 em V,S65B40,Duplo no cabeçote,"75,2 mm",92 mm,Longitudinal,Dianteiro,"3,9 kg/cv","40,6 kg/kgfm","105,0 cv/litro",420 cv,12:1,8300 rpm,3900 rpm,"10,2 kgfm/litro","40,8 kgfm",4,Admissão e escape,Embreagem monodisco a seco,Manual,,6,6,Traseira,1418 mm,1538 mm,1539 mm,500 kg,4615 mm,2761 mm,1817 mm,1655 kg,400 litros,,,63 litros,93 mm,Disco ventilado,Disco ventilado,"2,19 m²","0,679 m²","0,31","0,31",Hidráulica,"11,7 m","11,7 m","Indep., braços sobrepostos",Mola helicoidal,"Indep., multibraço",599 km,353 km,"9,5 km/l","5,6 km/l",,,,,,,8400 rpm,,,,,,,,,,,,,,,,,,,,,,,,,,,,,,,,,,,,,,,,,,,,,,,,,
bmw,M3,m3,m3-4-0-v8-2008-gasolina,m3-4-0-v8-2008-gasolina,https://www.fichacompleta.com.br/carros/bmw/m3-4-0-v8-2008-gasolina,2026-06-18T15:57:35.691614,Bmw M3 4.0 V8 2008,"4,9 s",250 km/h,,Injeção multiponto,Natural,3999 cm³,8 em V,S65B40,Duplo no cabeçote,"75,2 mm",92 mm,Longitudinal,Dianteiro,"4,0 kg/cv","41,2 kg/kgfm","105,0 cv/litro",420 cv a 8300 rpm,12:1,,,"10,2 kgfm/litro","40,8 kgfm a 3900 rpm",4,Admissão e escape,Embreagem monodisco a seco,Manual,,,6,Traseira,1447 mm,1540 mm,1539 mm,470 kg,4580 mm,2761 mm,1817 mm,1680 kg,450 litros,,,63 litros,106 mm,Disco ventilado,Disco ventilado,"2,23 m²","0,691 m²",,"0,31",Hidráulica,,"11,7 m","Independente, braços sobrepostos",Mola helicoidal,"Independente, multibraço",567 km,334 km,9 km/l,"5,3 km/l",,,,,,,8400 rpm,,,,,,,,,,,,,,,,,,,,,,,,,,,,,,,,,,,,,,,,,,,,,,,,,
bmw,M3,m3,m3-4-0-v8-2009-gasolina,m3-4-0-v8-2009-gasolina,https://www.fichacompleta.com.br/carros/bmw/m3-4-0-v8-2009-gasolina,2026-06-18T15:57:39.866890,Bmw M3 4.0 V8 2009,"4,8 s",250 km/h,,Injeção multiponto,Natural,,8 em V,S65B40,Duplo no cabeçote,"75,2 mm",92 mm,Longitudinal,Dianteiro,"3,94 kg/cv","40,6 kg/kgfm","105,0 cv/litro",420 cv,12:1,,,"10,2 kgfm/litro","40,8 kgfm",4,Admissão e escape,Embreagem monodisco a seco,Manual,,6,,Traseira,1418 mm,1538 mm,1539 mm,500 kg,4615 mm,2761 mm,1817 mm,1655 kg,400 litros,,,63 litros,93 mm,Disco ventilado,Disco ventilado,"2,19 m²","0,679 m²","0,31",,Hidráulica,"11,7 m",,"Indep., braços sobrepostos",Mola helicoidal,"Indep., multibraço",599 km,353 km,"9,5 km/l","5,6 km/l",,,8300 rpm,3900 rpm,500 cm³,3999 cm³,8400 rpm,,,,,,,,,,,,,,,,,,,,,,,,,,,,,,,,,,,,,,,,,,,,,,,,,
bmw,M3,m3,m3-4-0-v8-2009,m3-4-0-v8-2009,https://www.fichacompleta.com.br/carros/bmw/m3-4-0-v8-2009,2026-06-18T15:57:43.226746,Bmw M3 4.0 V8 2009,"4,9 s",250 km/h,,Injeção multiponto,Natural,,8 em V,S65B40,Duplo no cabeçote,"75,2 mm",92 mm,Longitudinal,Dianteiro,"4,00 kg/cv","41,2 kg/kgfm","105,0 cv/litro",420 cv,12:1,,,"10,2 kgfm/litro","40,8 kgfm",4,Admissão e escape,Embreagem monodisco a seco,Manual,,6,,Traseira,1447 mm,1540 mm,1539 mm,470 kg,4580 mm,2761 mm,1817 mm,1680 kg,450 litros,,,63 litros,106 mm,Disco ventilado,Disco ventilado,"2,23 m²","0,691 m²","0,31",,Hidráulica,"11,7 m",,"Indep., braços sobrepostos",Mola helicoidal,"Indep., multibraço",567 km,334 km,9 km/l,"5,3 km/l",,,8300 rpm,3900 rpm,500 cm³,3999 cm³,8400 rpm,,,,,,,,,,,,,,,,,,,,,,,,,,,,,,,,,,,,,,,,,,,,,,,,,
bmw,M3,m3,m3-4-0-v8-2010-gasolina,m3-4-0-v8-2010-gasolina,https://www.fichacompleta.com.br/carros/bmw/m3-4-0-v8-2010-gasolina,2026-06-18T15:57:46.620433,Bmw M3 4.0 V8 2010,"4,9 s",250 km/h,,Injeção multiponto,Natural,3999 cm³,8 em V,S65B40,Duplo no cabeçote,"75,2 mm",92 mm,Longitudinal,Dianteiro,"4,0 kg/cv","41,2 kg/kgfm","105,0 cv/litro",420 cv,12:1,,,"10,2 kgfm/litro","40,8 kgfm",4,Admissão e escape,Embreagem monodisco a seco,Manual,,6,,Traseira,1447 mm,1540 mm,1539 mm,470 kg,4580 mm,2761 mm,1817 mm,1680 kg,450 litros,,,63 litros,106 mm,Disco ventilado,Disco ventilado,"2,23 m²","0,691 m²","0,31",,Hidráulica,"11,7 m",,"Indep., braços sobrepostos",Mola helicoidal,"Indep., multibraço",567 km,334 km,9 km/l,"5,3 km/l",,,8300 rpm,3900 rpm,,,8400 rpm,,,,,,,,,,,,,,,,,,,,,,,,,,,,,,,,,,,,,,,,,,,,,,,,,
bmw,M3,m3,m3-4-0-v8-2010,m3-4-0-v8-2010,https://www.fichacompleta.com.br/carros/bmw/m3-4-0-v8-2010,2026-06-18T15:57:50.589352,Bmw M3 4.0 V8 2010,"4,8 s",250 km/h,,Injeção multiponto,Natural,3999 cm³,8 em V,S65B40,Duplo no cabeçote,"75,2 mm",92 mm,Longitudinal,Dianteiro,"3,9 kg/cv","40,6 kg/kgfm","105,0 cv/litro",420 cv a 8300 rpm,12:1,,,"10,2 kgfm/litro","40,8 kgfm a 3900 rpm",4,Admissão e escape,Embreagem monodisco a seco,Manual,,,6,Traseira,1418 mm,1538 mm,1539 mm,500 kg,4615 mm,2761 mm,1817 mm,1655 kg,400 litros,,,63 litros,93 mm,Disco ventilado,Disco ventilado,"2,19 m²","0,679 m²",,"0,31",Hidráulica,,"11,7 m","Independente, braços sobrepostos",Mola helicoidal,"Independente, multibraço",599 km,353 km,"9,5 km/l","5,6 km/l",,,,,,,8400 rpm,,,,,,,,,,,,,,,,,,,,,,,,,,,,,,,,,,,,,,,,,,,,,,,,,
bmw,M3,m3,m3-4-0-v8-2011,m3-4-0-v8-2011,https://www.fichacompleta.com.br/carros/bmw/m3-4-0-v8-2011,2026-06-18T15:57:53.094196,Bmw M3 4.0 V8 2011,"4,8 s",250 km/h,,Injeção multiponto,Natural,3999 cm³,8 em V,S65B40,Duplo no cabeçote,"75,2 mm",92 mm,Longitudinal,Dianteiro,"3,9 kg/cv","40,6 kg/kgfm","105,0 cv/litro",420 cv,12:1,,,"10,2 kgfm/litro","40,8 kgfm",4,Admissão e escape,Embreagem monodisco a seco,Manual,,6,,Traseira,1418 mm,1538 mm,1539 mm,500 kg,4615 mm,2761 mm,1817 mm,1655 kg,400 litros,,,63 litros,93 mm,Disco ventilado,Disco ventilado,"2,19 m²","0,679 m²","0,31",,Hidráulica,"11,7 m",,"Indep., braços sobrepostos",Mola helicoidal,"Indep., multibraço",599 km,353 km,"9,5 km/l","5,6 km/l",,,8300 rpm,3900 rpm,,,8400 rpm,,,,,,,,,,,,,,,,,,,,,,,,,,,,,,,,,,,,,,,,,,,,,,,,,
bmw,M3,m3,m3-4-0-v8-2011-gasolina,m3-4-0-v8-2011-gasolina,https://www.fichacompleta.com.br/carros/bmw/m3-4-0-v8-2011-gasolina,2026-06-18T15:57:57.043989,Bmw M3 4.0 V8 2011,"4,9 s",250 km/h,,Injeção multiponto,Natural,,8 em V,S65B40,Duplo no cabeçote,"75,2 mm",92 mm,Longitudinal,Dianteiro,"4,00 kg/cv","41,2 kg/kgfm","105,0 cv/litro",420 cv,12:1,,,"10,2 kgfm/litro","40,8 kgfm",4,Admissão e escape,Embreagem monodisco a seco,Manual,,6,,Traseira,1447 mm,1540 mm,1539 mm,470 kg,4580 mm,2761 mm,1817 mm,1680 kg,450 litros,,,63 litros,106 mm,Disco ventilado,Disco ventilado,"2,23 m²","0,691 m²","0,31",,Hidráulica,"11,7 m",,"Indep., braços sobrepostos",Mola helicoidal,"Indep., multibraço",567 km,334 km,9 km/l,"5,3 km/l",,,8300 rpm,3900 rpm,500 cm³,3999 cm³,8400 rpm,,,,,,,,,,,,,,,,,,,,,,,,,,,,,,,,,,,,,,,,,,,,,,,,,
bmw,M3,m3,m3-4-0-v8-2012-gasolina,m3-4-0-v8-2012-gasolina,https://www.fichacompleta.com.br/carros/bmw/m3-4-0-v8-2012-gasolina,2026-06-18T15:58:00.517092,Bmw M3 4.0 V8 2012,"4,9 s",250 km/h,,Injeção multiponto,Natural,3999 cm³,8 em V,S65B40,Duplo no cabeçote,"75,2 mm",92 mm,Longitudinal,Dianteiro,"4,0 kg/cv","41,2 kg/kgfm","105,0 cv/litro",420 cv a 8300 rpm,12:1,,,"10,2 kgfm/litro","40,8 kgfm a 3900 rpm",4,Admissão e escape,Embreagem monodisco a seco,Manual,,,6,Traseira,1447 mm,1540 mm,1539 mm,470 kg,4580 mm,2761 mm,1817 mm,1680 kg,450 litros,,,63 litros,106 mm,Disco ventilado,Disco ventilado,"2,23 m²","0,691 m²",,"0,31",Hidráulica,,"11,7 m","Independente, braços sobrepostos",Mola helicoidal,"Independente, multibraço",567 km,334 km,9 km/l,"5,3 km/l",,,,,,,8400 rpm,,,,,,,,,,,,,,,,,,,,,,,,,,,,,,,,,,,,,,,,,,,,,,,,,
bmw,M3,m3,m3-4-0-v8-2012,m3-4-0-v8-2012,https://www.fichacompleta.com.br/carros/bmw/m3-4-0-v8-2012,2026-06-18T15:58:03.180092,Bmw M3 4.0 V8 2012,"4,8 s",250 km/h,,Injeção multiponto,Natural,3999 cm³,8 em V,S65B40,Duplo no cabeçote,"75,2 mm",92 mm,Longitudinal,Dianteiro,"3,9 kg/cv","40,6 kg/kgfm","105,0 cv/litro",420 cv a 8300 rpm,12:1,,,"10,2 kgfm/litro","40,8 kgfm a 3900 rpm",4,Admissão e escape,Embreagem monodisco a seco,Manual,,,6,Traseira,1418 mm,1538 mm,1539 mm,500 kg,4615 mm,2761 mm,1817 mm,1655 kg,400 litros,,,63 litros,93 mm,Disco ventilado,Disco ventilado,"2,19 m²","0,679 m²",,"0,31",Hidráulica,,"11,7 m","Independente, braços sobrepostos",Mola helicoidal,"Independente, multibraço",599 km,353 km,"9,5 km/l","5,6 km/l",,,,,,,8400 rpm,,,,,,,,,,,,,,,,,,,,,,,,,,,,,,,,,,,,,,,,,,,,,,,,,
bmw,M3,m3,m3-4-0-v8-2013,m3-4-0-v8-2013,https://www.fichacompleta.com.br/carros/bmw/m3-4-0-v8-2013,2026-06-18T15:58:06.181693,Bmw M3 4.0 V8 2013,"4,8 s",250 km/h,,Injeção multiponto,Natural,3999 cm³,8 em V,S65B40,Duplo no cabeçote,,,Longitudinal,Dianteiro,"3,9 kg/cv","40,6 kg/kgfm","105,0 cv/litro",420 cv a 8300 rpm,12:1,,,"10,2 kgfm/litro","40,8 kgfm a 3900 rpm",4,Admissão e escape,Embreagem monodisco a seco,Manual,,,6,Traseira,1418 mm,1538 mm,1539 mm,500 kg,4615 mm,2761 mm,1817 mm,1655 kg,400 litros,,,63 litros,93 mm,Disco ventilado,Disco ventilado,"2,19 m²","0,679 m²",,"0,31",Hidráulica,,"11,7 m","Independente, braços sobrepostos",Mola helicoidal,"Independente, multibraço",599 km,353 km,"9,5 km/l","5,6 km/l",,,,,,,8400 rpm,,"75,2 mm",92 mm,,,,,,,,,,,,,,,,,,,,,,,,,,,,,,,,,,,,,,,,,,,,,,
bmw,M3,m3,m3-3-0-turbo-2015,m3-3-0-turbo-2015,https://www.fichacompleta.com.br/carros/bmw/m3-3-0-turbo-2015,2026-06-18T15:58:09.714788,Bmw M3 3.0 Turbo 2015,"4,1 s",250 km/h,,Injeção direta,Turbocompressor,2979 cm³,6 em linha,S55B30T0,"Duplo no cabeçote, corrente",,,Longitudinal,Dianteiro,"3,6 kg/cv","27,8 kg/kgfm","144,7 cv/litro",431 cv a 5500 rpm,"10,2:1",,,"18,8 kgfm/litro","56,1 kgfm a 1850 rpm",4,Admissão e escape,Embreagem dupla a seco,Automatizado,,,7,Traseira,1424 mm,1579 mm,1603 mm,540 kg,4671 mm,2812 mm,1877 mm,1560 kg,480 litros,,,60 litros,110 mm,Disco ventilado,Disco ventilado,"2,23 m²","0,758 m²",,"0,34",Eletro-hidráulica,,"12,2 m","Independente, McPherson",Mola helicoidal,"Independente, multibraço",612 km,456 km,"10,2 km/l","7,6 km/l",120 mm,,,,,,7500 rpm,Hidráulicos,"89,6 mm",84 mm,,,,,,,,,,,,,,,,,,,,,,,,,,,,,,,,,,,,,,,,,,,,,,
bmw,M3,m3,m3-3-0-turbo-2016,m3-3-0-turbo-2016,https://www.fichacompleta.com.br/carros/bmw/m3-3-0-turbo-2016,2026-06-18T15:58:12.626824,Bmw M3 3.0 Turbo 2016,"4,1 s",250 km/h,,Injeção direta,Turbocompressor,2979 cm³,6 em linha,S55B30T0,"Duplo no cabeçote, corrente","89,6 mm",84 mm,Longitudinal,Dianteiro,"3,6 kg/cv","27,8 kg/kgfm","144,7 cv/litro",431 cv a 5500 rpm,"10,2:1",,,"18,8 kgfm/litro","56,1 kgfm a 1850 rpm",4,Admissão e escape,Embreagem dupla a seco,Automatizado,,,7,Traseira,1424 mm,1579 mm,1603 mm,540 kg,4671 mm,2812 mm,1877 mm,1560 kg,480 litros,,,60 litros,110 mm,Disco ventilado,Disco ventilado,"2,23 m²","0,758 m²",,"0,34",Eletro-hidráulica,,"12,2 m","Independente, McPherson",Mola helicoidal,"Independente, multibraço",612 km,456 km,"10,2 km/l","7,6 km/l",120 mm,,,,,,7500 rpm,Hidráulicos,,,,,,,,,,,,,,,,,,,,,,,,,,,,,,,,,,,,,,,,,,,,,,,,
bmw,M3,m3,m3-3-0-turbo-2017,m3-3-0-turbo-2017,https://www.fichacompleta.com.br/carros/bmw/m3-3-0-turbo-2017,2026-06-18T15:58:15.113143,Bmw M3 3.0 Turbo 2017,"4,1 s",280 km/h,,Injeção direta,Turbocompressor,2979 cm³,6 em linha,S55B30T0,"Duplo no cabeçote, corrente","89,6 mm",84 mm,Longitudinal,Dianteiro,"3,6 kg/cv","27,8 kg/kgfm","144,7 cv/litro",431 cv a 5500 rpm,"10,2:1",,,"18,8 kgfm/litro","56,1 kgfm a 1850 rpm",4,Admissão e escape,Embreagem dupla a seco,Automatizado,,,7,Traseira,1424 mm,1579 mm,1603 mm,540 kg,4671 mm,2812 mm,1877 mm,1560 kg,480 litros,,,60 litros,96 mm,Disco ventilado,Disco ventilado,"2,23 m²","0,758 m²",,"0,34",Eletro-hidráulica,,"12,2 m","Independente, McPherson",Mola helicoidal,"Independente, multibraço",612 km,456 km,"10,2 km/l","7,6 km/l",120 mm,,,,,,7500 rpm,Hidráulicos,,,,,,,,,,,,,,,,,,,,,,,,,,,,,,,,,,,,,,,,,,,,,,,,
bmw,M3,m3,m3-3-0-turbo-2018,m3-3-0-turbo-2018,https://www.fichacompleta.com.br/carros/bmw/m3-3-0-turbo-2018,2026-06-18T15:58:17.908926,Bmw M3 3.0 Turbo 2018,"4,1 s",280 km/h,,Injeção direta,Turbocompressor,2979 cm³,6 em linha,S55B30T0,"Duplo no cabeçote, corrente","89,6 mm",84 mm,Longitudinal,Dianteiro,"3,6 kg/cv","27,8 kg/kgfm","144,7 cv/litro",431 cv a 5500 rpm,"10,2:1",,,"18,8 kgfm/litro","56,1 kgfm a 1850 rpm",4,Admissão e escape,Embreagem dupla a seco,Automatizado,,,7,Traseira,1424 mm,1579 mm,1603 mm,540 kg,4671 mm,2812 mm,1877 mm,1560 kg,480 litros,,,60 litros,96 mm,Disco ventilado,Disco ventilado,"2,23 m²","0,758 m²",,"0,34",Eletro-hidráulica,,"12,2 m","Independente, McPherson",Mola helicoidal,"Independente, multibraço",552 km,432 km,"9,2 km/l","7,2 km/l",120 mm,,,,,,7500 rpm,Hidráulicos,,,,,,,,,,,,,,,,,,,,,,,,,,,,,,,,,,,,,,,,,,,,,,,,
bmw,M3,m3,m3-cs-3-0-turbo-2018,m3-cs-3-0-turbo-2018,https://www.fichacompleta.com.br/carros/bmw/m3-cs-3-0-turbo-2018,2026-06-18T15:58:20.774500,Bmw M3 CS 3.0 Turbo 2018,"3,9 s",280 km/h,Corrente,Injeção direta,Turbocompressor,,6 em linha,S55B30T0,Duplo no cabeçote,"89,6 mm",84 mm,Longitudinal,Dianteiro,"3,45 kg/cv","25,9 kg/kgfm","154,4 cv/litro",460 cv,"10,2:1",,,"20,5 kgfm/litro","61,2 kgfm",4,Admissão e escape,Embreagem dupla a seco,Automatizado,,7,,Traseira,1424 mm,1579 mm,1604 mm,515 kg,4671 mm,2812 mm,1877 mm,1585 kg,480 litros,,,60 litros,86 mm,Disco ventilado,Disco ventilado,"2,25 m²","0,799 m²","0,355",,Eletro-hidráulica,"12,2 m",,"Indep., braços sobrepostos",Mola helicoidal,"Indep., multibraço",552 km,432 km,"9,2 km/l","7,2 km/l",119 mm,,6250 rpm,4000 rpm,497 cm³,2979 cm³,7600 rpm,Hidráulicos,,,,,,,,,,,,,,,,,,,,,,,,,,,,,,,,,,,,,,,,,,,,,,,,
bmw,M3,m3,m3-competition-3-0-turbo-2021,m3-competition-3-0-turbo-2021,https://www.fichacompleta.com.br/carros/bmw/m3-competition-3-0-turbo-2021,2026-06-18T15:58:25.615360,Bmw M3 Competition 3.0 Turbo 2021,"3,9 s",290 km/h,Corrente,Injeção direta,Turbocompressor,2993 cm³,6 em linha,S58D30,Duplo no cabeçote,90 mm,84 mm,Longitudinal,Dianteiro,"3,4 kg/cv","26,1 kg/kgfm","170,4 cv/litro",510 cv,"9,3:1",,,"22,2 kgfm/litro","66,3 kgfm",4,Admissão e escape,Conversor de torque,Automático,ZF 8HP,8,,Traseira,1433 mm,1617 mm,1605 mm,480 kg,4794 mm,2857 mm,1903 mm,1730 kg,480 litros,,,59 litros,100 mm,Disco ventilado,Disco ventilado,"2,34 m²","0,772 m²","0,33",,Eletro-hidráulica,"12,2 m",,"Indep., braços sobrepostos",Mola helicoidal,"Indep., multibraço",578 km,425 km,"9,8 km/l","7,2 km/l",120 mm,Kit de reparo e enchimento,6250 rpm,2750 rpm,,,7200 rpm,Hidráulicos,,,,,,,,,,,,,,,,,,,,,,,,,,,,,,,,,,,,,,,,,,,,,,,,
bmw,M3,m3,m3-competition-track-3-0-turbo-2021,m3-competition-track-3-0-turbo-2021,https://www.fichacompleta.com.br/carros/bmw/m3-competition-track-3-0-turbo-2021,2026-06-18T15:58:29.126709,Bmw M3 Competition Track 3.0 Turbo 2021,"3,9 s",290 km/h,,Injeção direta,Turbocompressor,2993 cm³,6 em linha,S58D30,"Duplo no cabeçote, corrente",90 mm,84 mm,Longitudinal,Dianteiro,"3,4 kg/cv","26,1 kg/kgfm","170,4 cv/litro",510 cv a 6250 rpm,"9,3:1",,,"22,2 kgfm/litro","66,3 kgfm a 2750 rpm",4,Admissão e escape,Conversor de torque,Automático,ZF,,8,Traseira,1433 mm,1617 mm,1605 mm,480 kg,4794 mm,2857 mm,1903 mm,1730 kg,480 litros,,,59 litros,100 mm,Disco de carbono-cerâmica,Disco de carbono-cerâmica,"2,34 m²","0,772 m²",,"0,33",Eletro-hidráulica,,"12,2 m","Independente, McPherson",Mola helicoidal,"Independente, multibraço",590 km,325 km,10 km/l,"5,5 km/l",120 mm,,,,,,7200 rpm,Hidráulicos,,,,,,,,,,,,,,,,,,,,,,,,,,,,,,,,,,,,,,,,,,,,,,,,
bmw,M3,m3,m3-competition-3-0-turbo-2022,m3-competition-3-0-turbo-2022,https://www.fichacompleta.com.br/carros/bmw/m3-competition-3-0-turbo-2022,2026-06-18T15:58:31.498164,Bmw M3 Competition 3.0 Turbo 2022,"3,9 s",290 km/h,Corrente,Injeção direta,Turbocompressor,2993 cm³,6 em linha,S58D30,Duplo no cabeçote,90 mm,84 mm,Longitudinal,Dianteiro,"3,4 kg/cv","26,1 kg/kgfm","170,4 cv/litro",,"9,3:1",6250 rpm,2750 rpm,"22,2 kgfm/litro",,4,Admissão e escape,Conversor de torque,Automático,ZF 8HP,8,,Traseira,1433 mm,1617 mm,1605 mm,480 kg,4794 mm,2857 mm,1903 mm,1730 kg,480 litros,,,59 litros,100 mm,Disco ventilado,Disco ventilado,"2,34 m²","0,772 m²","0,33",,Eletro-hidráulica,"12,2 m",,"Indep., braços sobrepostos",Mola helicoidal,"Indep., multibraço",555 km,431 km,"9,4 km/l","7,3 km/l",120 mm,Kit de reparo e enchimento,,,,,7200 rpm,Hidráulicos,,,,,,,,,,,510 cv,"66,3 kgfm",,,,,,,,,,,,,,,,,,,,,,,,,,,,,,,,,,,,
bmw,M3,m3,m3-competition-3-0-2023,m3-competition-3-0-2023,https://www.fichacompleta.com.br/carros/bmw/m3-competition-3-0-2023,2026-06-18T15:58:35.669561,Bmw M3 Competition 3.0 2023,"3,9 s",290 km/h,Corrente,Injeção direta,Turbocompressor,,6 em linha,S58D30,Duplo no cabeçote,90 mm,84 mm,Longitudinal,Dianteiro,"3,39 kg/cv","26,1 kg/kgfm","170,4 cv/litro",510 cv,"9,3:1",,,"22,2 kgfm/litro","66,3 kgfm",4,Admissão e escape,Conversor de torque,Automático,ZF 8HP,8,,Traseira,1433 mm,1617 mm,1605 mm,480 kg,4794 mm,2857 mm,1903 mm,1730 kg,480 litros,,,59 litros,100 mm,Disco ventilado,Disco ventilado,"2,34 m²","0,772 m²","0,33",,Elétrica,"12,2 m",,"Indep., braços sobrepostos",Mola helicoidal,"Indep., multibraço",555 km,431 km,"9,4 km/l","7,3 km/l",120 mm,Kit de reparo e enchimento,6250 rpm,2750 rpm,499 cm³,2993 cm³,7200 rpm,Hidráulicos,,,,,,,,,,,,,,,,,,,,,,,,,,,,,,,,,,,,,,,,,,,,,,,,
bmw,M3,m3,m3-competition-50-years-3-0-2023,m3-competition-50-years-3-0-2023,https://www.fichacompleta.com.br/carros/bmw/m3-competition-50-years-3-0-2023,2026-06-18T15:58:38.860545,Bmw M3 Competition 50 Years 3.0 2023,"3,9 s",290 km/h,Corrente,Injeção direta,Turbocompressor,,6 em linha,S58D30,Duplo no cabeçote,90 mm,84 mm,Longitudinal,Dianteiro,"3,39 kg/cv","26,1 kg/kgfm","170,4 cv/litro",510 cv,"9,3:1",,,"22,2 kgfm/litro","66,3 kgfm",4,Admissão e escape,Conversor de torque,Automático,ZF 8HP,8,,Traseira,1433 mm,1617 mm,1605 mm,480 kg,4794 mm,2857 mm,1903 mm,1730 kg,480 litros,,,59 litros,100 mm,Disco ventilado,Disco ventilado,"2,34 m²","0,772 m²","0,33",,Elétrica,"12,2 m",,"Indep., braços sobrepostos",Mola helicoidal,"Indep., multibraço",555 km,431 km,"9,4 km/l","7,3 km/l",120 mm,Kit de reparo e enchimento,6250 rpm,2750 rpm,499 cm³,2993 cm³,7200 rpm,Hidráulicos,,,,,,,,,,,,,,,,,,,,,,,,,,,,,,,,,,,,,,,,,,,,,,,,
bmw,M3,m3,m3-competition-3-0-2024,m3-competition-3-0-2024,https://www.fichacompleta.com.br/carros/bmw/m3-competition-3-0-2024,2026-06-18T15:58:41.524407,Bmw M3 Competition 3.0 2024,"3,9 s",290 km/h,Corrente,Injeção direta,Turbocompressor,,6 em linha,S58D30,Duplo no cabeçote,90 mm,84 mm,Longitudinal,Dianteiro,"3,39 kg/cv","26,1 kg/kgfm","170,4 cv/litro",510 cv,"9,3:1",,,"22,2 kgfm/litro","66,3 kgfm",4,Admissão e escape,Conversor de torque,Automático,ZF 8HP,8,,Traseira,1433 mm,1617 mm,1605 mm,480 kg,4794 mm,2857 mm,1903 mm,1730 kg,480 litros,,,59 litros,100 mm,Disco ventilado,Disco ventilado,"2,34 m²","0,772 m²","0,33",,Elétrica,"12,2 m",,"Indep., braços sobrepostos",Mola helicoidal,"Indep., multibraço",555 km,431 km,"9,4 km/l","7,3 km/l",120 mm,Kit de reparo e enchimento,6250 rpm,2750 rpm,499 cm³,2993 cm³,7200 rpm,Hidráulicos,,,,,,,,,,,,,,,,,,,,,,,,,,,,,,,,,,,,,,,,,,,,,,,,
bmw,M3,m3,m3-competition-track-3-0-2024,m3-competition-track-3-0-2024,https://www.fichacompleta.com.br/carros/bmw/m3-competition-track-3-0-2024,2026-06-18T15:58:45.580262,Bmw M3 Competition Track 3.0 2024,"3,9 s",290 km/h,Corrente,Injeção direta,Turbocompressor,,6 em linha,S58D30,Duplo no cabeçote,90 mm,84 mm,Longitudinal,Dianteiro,"3,39 kg/cv","26,1 kg/kgfm","170,4 cv/litro",510 cv,"9,3:1",,,"22,2 kgfm/litro","66,3 kgfm",4,Admissão e escape,Conversor de torque,Automático,ZF 8HP,8,,Traseira,1433 mm,1617 mm,1605 mm,480 kg,4794 mm,2857 mm,1903 mm,1730 kg,480 litros,,,59 litros,86 mm,Disco de carbono-cerâmica,Disco de carbono-cerâmica,"2,34 m²","0,772 m²","0,33",,Elétrica,"12,2 m",,"Indep., braços sobrepostos",Mola helicoidal,"Indep., multibraço",555 km,431 km,"9,4 km/l","7,3 km/l",120 mm,Kit de reparo,6250 rpm,2750 rpm,499 cm³,2993 cm³,7200 rpm,Hidráulicos,,,,,,,,,,,,,,,,,,,,,,,,,,,,,,,,,,,,,,,,,,,,,,,,
bmw,M3,m3,m3-cs-3-0-2024,m3-cs-3-0-2024,https://www.fichacompleta.com.br/carros/bmw/m3-cs-3-0-2024,2026-06-18T15:58:49.102959,Bmw M3 CS 3.0 2024,"3,4 s",302 km/h,Corrente,Injeção direta,Turbocompressor,,6 em linha,S58D30,Duplo no cabeçote,90 mm,84 mm,Longitudinal,Dianteiro,"3,21 kg/cv","26,6 kg/kgfm","183,8 cv/litro",550 cv,"9,3:1",,,"22,2 kgfm/litro","66,3 kgfm",4,Admissão e escape,Conversor de torque,Automático,ZF 8HP,8,,Integral permanente,1438 mm,1623 mm,1605 mm,480 kg,4795 mm,2857 mm,1918 mm,1765 kg,480 litros,,,59 litros,86 mm,Disco ventilado,Disco ventilado,"2,34 m²","0,819 m²","0,35",,Elétrica,"12,6 m",,"Indep., braços sobrepostos",Mola helicoidal,"Indep., multibraço",531 km,354 km,9 km/l,6 km/l,123 mm,Kit de reparo,6250 rpm,2750 rpm,499 cm³,2993 cm³,7200 rpm,Hidráulicos,,,,,,,,,,,,,,,,,,,,,,,,,,,,,,,,,,,,,,,,,,,,,,,,
bmw,M3,m3,m3-competition-3-0-2025,m3-competition-3-0-2025,https://www.fichacompleta.com.br/carros/bmw/m3-competition-3-0-2025,2026-06-18T15:58:53.414640,Bmw M3 Competition 3.0 2025,"3,9 s",290 km/h,Corrente,Injeção direta,Turbocompressor,,6 em linha,S58D30,Duplo no cabeçote,90 mm,84 mm,Longitudinal,Dianteiro,"3,39 kg/cv","26,1 kg/kgfm","170,4 cv/litro",510 cv,"9,3:1",,,"22,2 kgfm/litro","66,3 kgfm",4,Admissão e escape,Conversor de torque,Automático,ZF 8HP,8,,Traseira,1433 mm,1617 mm,1605 mm,480 kg,4794 mm,2857 mm,1903 mm,1730 kg,480 litros,,,59 litros,100 mm,Disco ventilado,Disco ventilado,"2,34 m²","0,772 m²","0,33",,Elétrica,"12,2 m",,"Indep., braços sobrepostos",Mola helicoidal,"Indep., multibraço",549 km,413 km,"9,3 km/l",7 km/l,120 mm,Kit de reparo,6250 rpm,2750 rpm,499 cm³,2993 cm³,7200 rpm,Hidráulicos,,,,,,,,,,,,,,,,,,,,,,,,,,,,,,,,,,,,,,,,,,,,,,,,
bmw,M3,m3,m3-competition-track-3-0-2025,m3-competition-track-3-0-2025,https://www.fichacompleta.com.br/carros/bmw/m3-competition-track-3-0-2025,2026-06-18T15:58:57.643638,Bmw M3 Competition Track 3.0 2025,"3,9 s",290 km/h,Corrente,Injeção direta,Turbocompressor,,6 em linha,S58D30,Duplo no cabeçote,90 mm,84 mm,Longitudinal,Dianteiro,"3,39 kg/cv","26,1 kg/kgfm","170,4 cv/litro",510 cv,"9,3:1",,,"22,2 kgfm/litro","66,3 kgfm",4,Admissão e escape,Conversor de torque,Automático,ZF 8HP,8,,Traseira,1433 mm,1617 mm,1605 mm,480 kg,4794 mm,2857 mm,1903 mm,1730 kg,480 litros,,,59 litros,86 mm,Disco de carbono-cerâmica,Disco de carbono-cerâmica,"2,34 m²","0,772 m²","0,33",,Elétrica,"12,2 m",,"Indep., braços sobrepostos",Mola helicoidal,"Indep., multibraço",549 km,413 km,"9,3 km/l",7 km/l,120 mm,Kit de reparo,6250 rpm,2750 rpm,499 cm³,2993 cm³,7200 rpm,Hidráulicos,,,,,,,,,,,,,,,,,,,,,,,,,,,,,,,,,,,,,,,,,,,,,,,,
bmw,M3,m3,m3-competition-3-0-2026,m3-competition-3-0-2026,https://www.fichacompleta.com.br/carros/bmw/m3-competition-3-0-2026,2026-06-18T15:59:02.314788,Bmw M3 Competition 3.0 2026,"3,9 s",290 km/h,Corrente,Injeção direta,Turbocompressor,,6 em linha,S58D30,Duplo no cabeçote,90 mm,84 mm,Longitudinal,Dianteiro,"3,39 kg/cv","26,1 kg/kgfm","170,4 cv/litro",510 cv,"9,3:1",,,"22,2 kgfm/litro","66,3 kgfm",4,Admissão e escape,Conversor de torque,Automático,ZF 8HP,8,,Traseira,1433 mm,1617 mm,1605 mm,480 kg,4794 mm,2857 mm,1903 mm,1730 kg,480 litros,,,59 litros,100 mm,Disco ventilado,Disco ventilado,"2,34 m²","0,772 m²","0,33",,Elétrica,"12,2 m",,"Indep., braços sobrepostos",Mola helicoidal,"Indep., multibraço",549 km,413 km,"9,3 km/l",7 km/l,120 mm,Kit de reparo,6250 rpm,2750 rpm,499 cm³,2993 cm³,7200 rpm,Hidráulicos,,,,,,,,,,,,,,,,,,,,,,,,,,,,,,,,,,,,,,,,,,,,,,,,
bmw,M3,m3,m3-competition-track-3-0-2026,m3-competition-track-3-0-2026,https://www.fichacompleta.com.br/carros/bmw/m3-competition-track-3-0-2026,2026-06-18T15:59:05.131723,Bmw M3 Competition Track 3.0 2026,"3,9 s",290 km/h,Corrente,Injeção direta,Turbocompressor,,6 em linha,S58D30,Duplo no cabeçote,90 mm,84 mm,Longitudinal,Dianteiro,"3,39 kg/cv","26,1 kg/kgfm","170,4 cv/litro",510 cv,"9,3:1",,,"22,2 kgfm/litro","66,3 kgfm",4,Admissão e escape,Conversor de torque,Automático,ZF 8HP,8,,Traseira,1433 mm,1617 mm,1605 mm,480 kg,4794 mm,2857 mm,1903 mm,1730 kg,480 litros,,,59 litros,86 mm,Disco de carbono-cerâmica,Disco de carbono-cerâmica,"2,34 m²","0,772 m²","0,33",,Elétrica,"12,2 m",,"Indep., braços sobrepostos",Mola helicoidal,"Indep., multibraço",549 km,413 km,"9,3 km/l",7 km/l,120 mm,Kit de reparo,6250 rpm,2750 rpm,499 cm³,2993 cm³,7200 rpm,Hidráulicos,,,,,,,,,,,,,,,,,,,,,,,,,,,,,,,,,,,,,,,,,,,,,,,,
bmw,M3 Cabriolet,m3-cabriolet,m3-cabriolet-3-0-1994,m3-cabriolet-3-0-1994,https://www.fichacompleta.com.br/carros/bmw/m3-cabriolet-3-0-1994,2026-06-18T15:59:22.561197,Bmw M3 Cabriolet 3.0 1994,"6,2 s",250 km/h,,Injeção multiponto,Natural,2990 cm³,6 em linha,S50B30,Duplo no cabeçote,"85,8 mm",86 mm,Longitudinal,Dianteiro,"5,4 kg/cv","47,2 kg/kgfm","95,7 cv/litro",286 cv a 7000 rpm,"10,8:1",,,"10,9 kgfm/litro","32,6 kgfm a 3600 rpm",4,Admissão,Embreagem monodisco a seco,Manual,,,5,Traseira,1340 mm,1422 mm,1444 mm,390 kg,4433 mm,2700 mm,1710 mm,1540 kg,230 litros,,,65 litros,94 mm,Disco ventilado,Disco ventilado,"1,95 m²","0,683 m²",,"0,35",Hidráulica,,"10,7 m","Independente, McPherson",Mola helicoidal,"Independente, multibraço",494 km,338 km,"7,6 km/l","5,2 km/l",,,,,,,7250 rpm,,,,,,,,,,,,,,,,,,,,,,,,,,,,,,,,,,,,,,,,,,,,,,,,,
bmw,M3 Cabriolet,m3-cabriolet,m3-cabriolet-3-0-1995,m3-cabriolet-3-0-1995,https://www.fichacompleta.com.br/carros/bmw/m3-cabriolet-3-0-1995,2026-06-18T15:59:27.314983,Bmw M3 Cabriolet 3.0 1995,"6,2 s",250 km/h,,Injeção multiponto,Natural,2990 cm³,6 em linha,S50B30,Duplo no cabeçote,"85,8 mm",86 mm,Longitudinal,Dianteiro,"5,4 kg/cv","47,2 kg/kgfm","95,7 cv/litro",286 cv,"10,8:1",,,"10,9 kgfm/litro","32,6 kgfm",4,Admissão,Embreagem monodisco a seco,Manual,,5,,Traseira,1340 mm,1422 mm,1444 mm,390 kg,4433 mm,2700 mm,1710 mm,1540 kg,230 litros,,,65 litros,94 mm,Disco ventilado,Disco ventilado,"1,95 m²","0,683 m²","0,35",,Hidráulica,"10,7 m",,"Indep., McPherson",Mola helicoidal,"Indep., multibraço",494 km,338 km,"7,6 km/l","5,2 km/l",,,7000 rpm,3600 rpm,,,7250 rpm,,,,,,,,,,,,,,,,,,,,,,,,,,,,,,,,,,,,,,,,,,,,,,,,,
bmw,M3 Cabriolet,m3-cabriolet,m3-cabriolet-4-0-v8-2009,m3-cabriolet-4-0-v8-2009,https://www.fichacompleta.com.br/carros/bmw/m3-cabriolet-4-0-v8-2009,2026-06-18T15:59:30.351876,Bmw M3 Cabriolet 4.0 V8 2009,"5,1 s",250 km/h,,Injeção multiponto,Natural,3999 cm³,8 em V,S65B40,Duplo no cabeçote,"75,2 mm",92 mm,Longitudinal,Dianteiro,"4,4 kg/cv","44,9 kg/kgfm","105,0 cv/litro",420 cv,12:1,,,"10,2 kgfm/litro","40,8 kgfm",4,Admissão e escape,Embreagem dupla banhada a óleo,Automatizado,DKG 436,7,,Traseira,1392 mm,1540 mm,1539 mm,450 kg,4615 mm,2761 mm,1804 mm,1830 kg,210 litros,,,63 litros,106 mm,Disco ventilado,Disco ventilado,"2,17 m²","0,694 m²","0,32",,Hidráulica,"11,7 m",,"Indep., braços sobrepostos",Mola helicoidal,"Indep., multibraço",554 km,321 km,"8,8 km/l","5,1 km/l",,,8300 rpm,3900 rpm,,,8400 rpm,,,,,,,,,,,,,,,,,,,,,,,,,,,,,,,,,,,,,,,,,,,,,,,,,
bmw,M3 Cabriolet,m3-cabriolet,m3-cabriolet-4-0-v8-2010,m3-cabriolet-4-0-v8-2010,https://www.fichacompleta.com.br/carros/bmw/m3-cabriolet-4-0-v8-2010,2026-06-18T15:59:33.451995,Bmw M3 Cabriolet 4.0 V8 2010,"5,1 s",250 km/h,,Injeção multiponto,Natural,3999 cm³,8 em V,S65B40,Duplo no cabeçote,"75,2 mm",92 mm,Longitudinal,Dianteiro,"4,4 kg/cv","44,9 kg/kgfm","105,0 cv/litro",420 cv,12:1,,,"10,2 kgfm/litro","40,8 kgfm",4,Admissão e escape,Embreagem dupla banhada a óleo,Automatizado,DKG 436,7,,Traseira,1392 mm,1540 mm,1539 mm,450 kg,4615 mm,2761 mm,1804 mm,1830 kg,210 litros,,,63 litros,106 mm,Disco ventilado,Disco ventilado,"2,17 m²","0,694 m²","0,32",,Hidráulica,"11,7 m",,"Indep., braços sobrepostos",Mola helicoidal,"Indep., multibraço",554 km,321 km,"8,8 km/l","5,1 km/l",,,8300 rpm,3900 rpm,,,8400 rpm,,,,,,,,,,,,,,,,,,,,,,,,,,,,,,,,,,,,,,,,,,,,,,,,,
bmw,M4,m4,m4-3-0-turbo-2015,m4-3-0-turbo-2015,https://www.fichacompleta.com.br/carros/bmw/m4-3-0-turbo-2015,2026-06-18T15:59:53.459746,Bmw M4 3.0 Turbo 2015,"4,1 s",250 km/h,,Injeção direta,Turbocompressor,2979 cm³,6 em linha,S55B30T0,"Duplo no cabeçote, corrente","89,6 mm",84 mm,Longitudinal,Dianteiro,"3,6 kg/cv","27,4 kg/kgfm","144,7 cv/litro",431 cv a 5500 rpm,"10,2:1",,,"18,8 kgfm/litro","56,1 kgfm a 1850 rpm",4,Admissão e escape,Embreagem dupla a seco,Automatizado,,,7,Traseira,1383 mm,1579 mm,1603 mm,503 kg,4671 mm,2812 mm,1870 mm,1537 kg,445 litros,,,60 litros,110 mm,Disco ventilado,Disco ventilado,"2,23 m²","0,758 m²",,"0,34",Eletro-hidráulica,,"12,2 m","Independente, McPherson",Mola helicoidal,"Independente, multibraço",576 km,354 km,"9,6 km/l","5,9 km/l",120 mm,,,,,,7500 rpm,Hidráulicos,,,,,,,,,,,,,,,,,,,,,,,,,,,,,,,,,,,,,,,,,,,,,,,,
bmw,M4,m4,m4-3-0-turbo-2016,m4-3-0-turbo-2016,https://www.fichacompleta.com.br/carros/bmw/m4-3-0-turbo-2016,2026-06-18T15:59:56.273404,Bmw M4 3.0 Turbo 2016,"4,1 s",250 km/h,,Injeção direta,Turbocompressor,2979 cm³,6 em linha,S55B30T0,"Duplo no cabeçote, corrente","89,6 mm",84 mm,Longitudinal,Dianteiro,"3,6 kg/cv","27,4 kg/kgfm","144,7 cv/litro",431 cv a 5500 rpm,"10,2:1",,,"18,8 kgfm/litro","56,1 kgfm a 1850 rpm",4,Admissão e escape,Embreagem dupla a seco,Automatizado,,,7,Traseira,1383 mm,1579 mm,1603 mm,503 kg,4671 mm,2812 mm,1870 mm,1537 kg,445 litros,,,60 litros,110 mm,Disco ventilado,Disco ventilado,"2,23 m²","0,758 m²",,"0,34",Eletro-hidráulica,,"12,2 m","Independente, McPherson",Mola helicoidal,"Independente, multibraço",612 km,456 km,"10,2 km/l","7,6 km/l",120 mm,,,,,,7500 rpm,Hidráulicos,,,,,,,,,,,,,,,,,,,,,,,,,,,,,,,,,,,,,,,,,,,,,,,,
bmw,M4,m4,m4-3-0-2017,m4-3-0-2017,https://www.fichacompleta.com.br/carros/bmw/m4-3-0-2017,2026-06-18T15:59:58.816865,Bmw M4 3.0 2017,"4,1 s",250 km/h,Corrente,Injeção direta,Turbocompressor,,6 em linha,S55B30T0,Duplo no cabeçote,"89,6 mm",84 mm,Longitudinal,Dianteiro,"3,57 kg/cv","27,4 kg/kgfm","144,7 cv/litro",431 cv,"10,2:1",,,"18,8 kgfm/litro","56,1 kgfm",4,Admissão e escape,Embreagem dupla a seco,Automatizado,,7,,Traseira,1383 mm,1579 mm,1603 mm,503 kg,4671 mm,2812 mm,1870 mm,1537 kg,445 litros,,,60 litros,110 mm,Disco ventilado,Disco ventilado,"2,23 m²","0,758 m²","0,34",,Eletro-hidráulica,"12,2 m",,"Indep., McPherson",Mola helicoidal,"Indep., multibraço",612 km,456 km,"10,2 km/l","7,6 km/l",120 mm,,5500 rpm,1850 rpm,497 cm³,2979 cm³,7500 rpm,Hidráulicos,,,,,,,,,,,,,,,,,,,,,,,,,,,,,,,,,,,,,,,,,,,,,,,,
bmw,M4,m4,m4-cs-3-0-turbo-2018,m4-cs-3-0-turbo-2018,https://www.fichacompleta.com.br/carros/bmw/m4-cs-3-0-turbo-2018,2026-06-18T16:00:02.154468,Bmw M4 CS 3.0 Turbo 2018,"3,9 s",280 km/h,,Injeção direta,Turbocompressor,2979 cm³,6 em linha,N55B30,"Duplo no cabeçote, corrente","89,6 mm",84 mm,Longitudinal,Dianteiro,"3,4 kg/cv","25,8 kg/kgfm","154,4 cv/litro",460 cv a 6250 rpm,"10,2:1",,,"20,5 kgfm/litro","61,2 kgfm a 4000 rpm",4,Admissão e escape,Embreagem dupla banhada a óleo,Automatizado,,,7,Traseira,1392 mm,1579 mm,1604 mm,460 kg,4672 mm,2812 mm,1870 mm,1580 kg,445 litros,,,60 litros,86 mm,Disco de carbono-cerâmica,Disco de carbono-cerâmica,"2,25 m²","0,810 m²",,"0,36",Eletro-hidráulica,,"12,2 m","Independente, McPherson",Mola helicoidal,"Independente, multibraço",552 km,432 km,"9,2 km/l","7,2 km/l",121 mm,,,,,,,Hidráulicos,,,,,,,,,,,,,,,,,,,,,,,,,,,,,,,,,,"32,3 m",,,,,,,,,,,,,,
bmw,M4,m4,m4-3-0-turbo-2019,m4-3-0-turbo-2019,https://www.fichacompleta.com.br/carros/bmw/m4-3-0-turbo-2019,2026-06-18T16:00:05.173445,Bmw M4 3.0 Turbo 2019,"4,1 s",250 km/h,,Injeção direta,Turbocompressor,2979 cm³,6 em linha,S55B30T0,"Duplo no cabeçote, corrente","89,6 mm",84 mm,Longitudinal,Dianteiro,"3,6 kg/cv","28,0 kg/kgfm","144,7 cv/litro",431 cv a 5600 rpm,"10,2:1",,,"18,8 kgfm/litro","56,1 kgfm a 1800 rpm",4,Admissão e escape,Embreagem dupla a seco,Automatizado,,,7,Traseira,1383 mm,1579 mm,1603 mm,468 kg,4671 mm,2812 mm,1870 mm,1572 kg,445 litros,,,60 litros,96 mm,Disco ventilado,Disco ventilado,"2,23 m²","0,758 m²",,"0,34",Eletro-hidráulica,,"12,2 m","Independente, McPherson",Mola helicoidal,"Independente, multibraço",552 km,444 km,"9,2 km/l","7,4 km/l",121 mm,,,,,,7500 rpm,Hidráulicos,,,,,,,,,,,,,,,,,,,,,,,,,,,,,,,,,,,,,,,,,,,,,,,,
bmw,M4,m4,m4-cs-3-0-2019,m4-cs-3-0-2019,https://www.fichacompleta.com.br/carros/bmw/m4-cs-3-0-2019,2026-06-18T16:00:08.458409,Bmw M4 CS 3.0 2019,"3,9 s",280 km/h,Corrente,Injeção direta,Turbocompressor,,6 em linha,N55B30,Duplo no cabeçote,"89,6 mm",84 mm,Longitudinal,Dianteiro,"3,43 kg/cv","25,8 kg/kgfm","154,4 cv/litro",460 cv,"10,2:1",,,"20,5 kgfm/litro","61,2 kgfm",4,Admissão e escape,Embreagem dupla banhada a óleo,Automatizado,,7,,Traseira,1392 mm,1579 mm,1604 mm,460 kg,4672 mm,2812 mm,1870 mm,1580 kg,445 litros,,,60 litros,86 mm,Disco de carbono-cerâmica,Disco de carbono-cerâmica,"2,25 m²","0,810 m²","0,36",,Eletro-hidráulica,"12,2 m",,"Indep., McPherson",Mola helicoidal,"Indep., multibraço",552 km,432 km,"9,2 km/l","7,2 km/l",121 mm,,6250 rpm,4000 rpm,497 cm³,2979 cm³,,Hidráulicos,,,,,,,,,,,,,,,,,,,,,,,,,,,,,,,,,,"32,3 m",,,,,,,,,,,,,,
bmw,M4,m4,m4-3-0-turbo-2020,m4-3-0-turbo-2020,https://www.fichacompleta.com.br/carros/bmw/m4-3-0-turbo-2020,2026-06-18T16:00:12.871853,Bmw M4 3.0 Turbo 2020,"4,1 s",250 km/h,Corrente,Injeção direta,Turbocompressor,2979 cm³,6 em linha,S55B30T0,Duplo no cabeçote,"89,6 mm",84 mm,Longitudinal,Dianteiro,"3,6 kg/cv","28,0 kg/kgfm","144,7 cv/litro",431 cv,"10,2:1",,,"18,8 kgfm/litro","56,1 kgfm",4,Admissão e escape,Embreagem dupla a seco,Automatizado,,7,,Traseira,1383 mm,1579 mm,1603 mm,468 kg,4671 mm,2812 mm,1870 mm,1572 kg,445 litros,,,60 litros,96 mm,Disco ventilado,Disco ventilado,"2,23 m²","0,758 m²","0,34",,Eletro-hidráulica,"12,2 m",,"Indep., McPherson",Mola helicoidal,"Indep., multibraço",552 km,444 km,"9,2 km/l","7,4 km/l",121 mm,,5600 rpm,1800 rpm,,,7500 rpm,Hidráulicos,,,,,,,,,,,,,,,,,,,,,,,,,,,,,,,,,,,,,,,,,,,,,,,,
bmw,M4,m4,m4-cs-3-0-2024,m4-cs-3-0-2024,https://www.fichacompleta.com.br/carros/bmw/m4-cs-3-0-2024,2026-06-18T16:00:15.613262,Bmw M4 CS 3.0 2024,"3,4 s",302 km/h,Corrente,Injeção direta,Turbocompressor,,6 em linha,S58D30,Duplo no cabeçote,90 mm,84 mm,Longitudinal,Dianteiro,"3,20 kg/cv","26,5 kg/kgfm","183,8 cv/litro",550 cv,"9,3:1",,,"22,2 kgfm/litro","66,3 kgfm",4,Admissão e escape,Conversor de torque,Automático,ZF 8HP,8,,Integral permanente,1399 mm,1623 mm,1605 mm,430 kg,4801 mm,2859 mm,1918 mm,1760 kg,440 litros,,,59 litros,86 mm,Disco de carbono-cerâmica,Disco de carbono-cerâmica,"2,28 m²","0,798 m²","0,35",,Elétrica,"12,6 m",,"Indep., braços sobrepostos",Mola helicoidal,"Indep., multibraço",502 km,413 km,"8,5 km/l",7 km/l,123 mm,Kit de reparo,6250 rpm,2750 rpm,499 cm³,2993 cm³,7200 rpm,Hidráulicos,,,,,,,,,,,,,,,,,,,,,,,,,,,,,,,,,,,,,,,,,,,,,,,,
bmw,M4 Cabriolet,m4-cabriolet,m4-cabriolet-3-0-turbo-2015,m4-cabriolet-3-0-turbo-2015,https://www.fichacompleta.com.br/carros/bmw/m4-cabriolet-3-0-turbo-2015,2026-06-18T16:00:38.235551,Bmw M4 Cabriolet 3.0 Turbo 2015,"4,4 s",250 km/h,,Injeção direta,Turbocompressor,2979 cm³,6 em linha,S55B30T0,"Duplo no cabeçote, corrente","89,6 mm",84 mm,Longitudinal,Dianteiro,"4,2 kg/cv","31,9 kg/kgfm","144,7 cv/litro",431 cv a 5500 rpm,"10,2:1",,,"18,8 kgfm/litro","56,1 kgfm a 1850 rpm",4,Admissão e escape,Embreagem dupla a seco,Automatizado,,,7,Traseira,1386 mm,1579 mm,1603 mm,460 kg,4671 mm,2812 mm,1870 mm,1790 kg,220 litros,,,60 litros,110 mm,Disco ventilado,Disco ventilado,"2,23 m²","0,758 m²",,"0,34",Eletro-hidráulica,,"12,2 m","Independente, McPherson",Mola helicoidal,"Independente, multibraço",576 km,354 km,"9,6 km/l","5,9 km/l",116 mm,,,,,,7500 rpm,Hidráulicos,,,,,,,,,,,,,,,,,,,,,,,,,,,,,,,,,,,,,,,,,,,,,,,,
bmw,M4 Cabriolet,m4-cabriolet,m4-cabriolet-3-0-turbo-2016,m4-cabriolet-3-0-turbo-2016,https://www.fichacompleta.com.br/carros/bmw/m4-cabriolet-3-0-turbo-2016,2026-06-18T16:00:42.825010,Bmw M4 Cabriolet 3.0 Turbo 2016,"4,4 s",250 km/h,,Injeção direta,Turbocompressor,2979 cm³,6 em linha,S55B30T0,"Duplo no cabeçote, corrente",,,Longitudinal,Dianteiro,"4,2 kg/cv","31,9 kg/kgfm","144,7 cv/litro",431 cv a 5500 rpm,"10,2:1",,,"18,8 kgfm/litro","56,1 kgfm a 1850 rpm",4,Admissão e escape,Embreagem dupla a seco,Automatizado,,,7,Traseira,1386 mm,1579 mm,1603 mm,460 kg,4671 mm,2812 mm,1870 mm,1790 kg,220 litros,,,60 litros,110 mm,Disco ventilado,Disco ventilado,"2,23 m²","0,758 m²",,"0,34",Eletro-hidráulica,,"12,2 m","Independente, McPherson",Mola helicoidal,"Independente, multibraço",552 km,432 km,"9,2 km/l","7,2 km/l",116 mm,,,,,,7500 rpm,Hidráulicos,"89,6 mm",84 mm,,,,,,,,,,,,,,,,,,,,,,,,,,,,,,,,,,,,,,,,,,,,,,
bmw,M5,m5,m5-3-6-1991,m5-3-6-1991,https://www.fichacompleta.com.br/carros/bmw/m5-3-6-1991,2026-06-18T16:00:58.888657,Bmw M5 3.6 1991,"6,3 s",250 km/h,,Injeção multiponto,Natural,3535 cm³,6 em linha,S38B36,Duplo no cabeçote,,,Longitudinal,Dianteiro,"5,3 kg/cv","45,5 kg/kgfm","89,1 cv/litro",315 cv a 6900 rpm,10:1,,,"10,4 kgfm/litro","36,7 kgfm a 4750 rpm",4,,Embreagem monodisco a seco,Manual,,,5,Traseira,1392 mm,1473 mm,1495 mm,430 kg,4720 mm,2761 mm,1751 mm,1670 kg,460 litros,,,80 litros,106 mm,Disco ventilado,Disco ventilado,"2,07 m²","0,704 m²",,"0,34",Hidráulica,,11 m,"Independente, McPherson",Mola helicoidal,"Independente, braços sobrepostos",592 km,368 km,"7,4 km/l","4,6 km/l",,,,,,,,,86 mm,"93,4 mm",,,,,,,,,,,,,,,,,,,,,,,,,,,,,,,,,,,,,,,,,,,,,,
bmw,M5,m5,m5-3-8-1993,m5-3-8-1993,https://www.fichacompleta.com.br/carros/bmw/m5-3-8-1993,2026-06-18T16:01:03.736914,Bmw M5 3.8 1993,"5,9 s",250 km/h,,Injeção multiponto,Natural,3795 cm³,6 em linha,S38B38,Duplo no cabeçote,90 mm,"94,6 mm",Longitudinal,Dianteiro,"4,9 kg/cv","40,4 kg/kgfm","89,6 cv/litro",340 cv a 6900 rpm,"10,5:1",,,"10,8 kgfm/litro","40,8 kgfm a 4750 rpm",4,,Embreagem monodisco a seco,Manual,,,5,Traseira,1392 mm,1473 mm,1495 mm,500 kg,4720 mm,2761 mm,1751 mm,1650 kg,460 litros,,,80 litros,106 mm,Disco ventilado,Disco ventilado,"2,07 m²","0,704 m²",,"0,34",Hidráulica,,11 m,"Independente, McPherson",Mola helicoidal,"Independente, braços sobrepostos",592 km,368 km,"7,4 km/l","4,6 km/l",,,,,,,,,,,,,,,,,,,,,,,,,,,,,,,,,,,,,,,,,,,,,,,,,,,,,,,,
bmw,M5,m5,m5-3-8-1995,m5-3-8-1995,https://www.fichacompleta.com.br/carros/bmw/m5-3-8-1995,2026-06-18T16:01:08.141760,Bmw M5 3.8 1995,"5,9 s",250 km/h,,Injeção multiponto,Natural,3795 cm³,6 em linha,S38B38,Duplo no cabeçote,90 mm,"94,6 mm",Longitudinal,Dianteiro,"4,9 kg/cv","40,4 kg/kgfm","89,6 cv/litro",340 cv,"10,5:1",,,"10,8 kgfm/litro","40,8 kgfm",4,,Embreagem monodisco a seco,Manual,,6,,Traseira,1392 mm,1473 mm,1495 mm,500 kg,4720 mm,2761 mm,1751 mm,1650 kg,460 litros,,,80 litros,106 mm,Disco ventilado,Disco ventilado,"2,07 m²","0,704 m²","0,34",,Hidráulica,11 m,,"Indep., McPherson",Mola helicoidal,"Indep., braços sobrepostos",592 km,368 km,"7,4 km/l","4,6 km/l",,,6900 rpm,4750 rpm,,,,,,,,,,,,,,,,,,,,,,,,,,,,,,,,,,,,,,,,,,,,,,,,,,,,
bmw,M5,m5,m5-5-0-v8-1999,m5-5-0-v8-1999,https://www.fichacompleta.com.br/carros/bmw/m5-5-0-v8-1999,2026-06-18T16:01:10.553031,Bmw M5 5.0 V8 1999,"5,3 s",250 km/h,,Injeção multiponto,Natural,4941 cm³,8 em V,,Duplo no cabeçote,89 mm,94 mm,Longitudinal,Dianteiro,"4,3 kg/cv","33,7 kg/kgfm","81,0 cv/litro",400 cv,11:1,6600 rpm,3800 rpm,"10,3 kgfm/litro",51 kgfm,4,Admissão e escape,Embreagem monodisco a seco,Manual,,6,,Traseira,1432 mm,1515 mm,1527 mm,570 kg,4784 mm,2830 mm,1800 mm,1720 kg,460 litros,,,70 litros,96 mm,Disco ventilado,Disco ventilado,"2,19 m²","0,635 m²","0,29",,Hidráulica,"11,6 m",,"Indep., braços sobrepostos",Mola helicoidal,"Indep., multibraço",518 km,287 km,"7,4 km/l","4,1 km/l",,,,,,,7000 rpm,,,,,,,,,,,,,,,,,,,,,,,,,,,,,,,,,,,,,,,,,,,,,,,,,
bmw,M5,m5,m5-5-0-v8-2000,m5-5-0-v8-2000,https://www.fichacompleta.com.br/carros/bmw/m5-5-0-v8-2000,2026-06-18T16:01:14.404668,Bmw M5 5.0 V8 2000,"5,3 s",250 km/h,,Injeção multiponto,Natural,,8 em V,,Duplo no cabeçote,89 mm,94 mm,Longitudinal,Dianteiro,"4,30 kg/cv","33,7 kg/kgfm","81,0 cv/litro",400 cv,11:1,,,"10,3 kgfm/litro",51 kgfm,4,Admissão e escape,Embreagem monodisco a seco,Manual,,6,,Traseira,1432 mm,1515 mm,1527 mm,570 kg,4784 mm,2830 mm,1800 mm,1720 kg,460 litros,,,70 litros,96 mm,Disco ventilado,Disco ventilado,"2,19 m²","0,635 m²","0,29",,Hidráulica,"11,6 m",,"Indep., braços sobrepostos",Mola helicoidal,"Indep., multibraço",518 km,287 km,"7,4 km/l","4,1 km/l",,,6600 rpm,3800 rpm,618 cm³,4941 cm³,7000 rpm,,,,,,,,,,,,,,,,,,,,,,,,,,,,,,,,,,,,,,,,,,,,,,,,,
bmw,M5,m5,m5-5-0-v8-2001,m5-5-0-v8-2001,https://www.fichacompleta.com.br/carros/bmw/m5-5-0-v8-2001,2026-06-18T16:01:17.683766,Bmw M5 5.0 V8 2001,"5,3 s",250 km/h,,Injeção multiponto,Natural,4941 cm³,8 em V,,Duplo no cabeçote,89 mm,94 mm,Longitudinal,Dianteiro,"4,3 kg/cv","33,7 kg/kgfm","81,0 cv/litro",400 cv a 6600 rpm,11:1,,,"10,3 kgfm/litro",51 kgfm a 3800 rpm,4,Admissão e escape,Embreagem monodisco a seco,Manual,,,6,Traseira,1432 mm,1515 mm,1527 mm,570 kg,4784 mm,2830 mm,1800 mm,1720 kg,460 litros,,,70 litros,96 mm,Disco ventilado,Disco ventilado,"2,19 m²","0,635 m²",,"0,29",Hidráulica,,"11,6 m","Independente, braços sobrepostos",Mola helicoidal,"Independente, multibraço",518 km,287 km,"7,4 km/l","4,1 km/l",,,,,,,7000 rpm,,,,,,,,,,,,,,,,,,,,,,,,,,,,,,,,,,,,,,,,,,,,,,,,,
bmw,M5,m5,m5-5-0-v8-2002,m5-5-0-v8-2002,https://www.fichacompleta.com.br/carros/bmw/m5-5-0-v8-2002,2026-06-18T16:01:20.528387,Bmw M5 5.0 V8 2002,"5,3 s",250 km/h,,Injeção multiponto,Natural,,8 em V,,Duplo no cabeçote,89 mm,94 mm,Longitudinal,Dianteiro,"4,30 kg/cv","33,7 kg/kgfm","81,0 cv/litro",400 cv,11:1,,,"10,3 kgfm/litro",51 kgfm,4,Admissão e escape,Embreagem monodisco a seco,Manual,,6,,Traseira,1432 mm,1515 mm,1527 mm,570 kg,4784 mm,2830 mm,1800 mm,1720 kg,460 litros,,,70 litros,96 mm,Disco ventilado,Disco ventilado,"2,19 m²","0,635 m²","0,29",,Hidráulica,"11,6 m",,"Indep., braços sobrepostos",Mola helicoidal,"Indep., multibraço",518 km,287 km,"7,4 km/l","4,1 km/l",,,6600 rpm,3800 rpm,618 cm³,4941 cm³,7000 rpm,,,,,,,,,,,,,,,,,,,,,,,,,,,,,,,,,,,,,,,,,,,,,,,,,
bmw,M5,m5,m5-5-0-v8-2003,m5-5-0-v8-2003,https://www.fichacompleta.com.br/carros/bmw/m5-5-0-v8-2003,2026-06-18T16:01:43.502033,Bmw M5 5.0 V8 2003,"5,3 s",250 km/h,,Injeção multiponto,Natural,4941 cm³,8 em V,,Duplo no cabeçote,89 mm,94 mm,Longitudinal,Dianteiro,"4,3 kg/cv","33,7 kg/kgfm","81,0 cv/litro",400 cv,11:1,,,"10,3 kgfm/litro",51 kgfm,4,Admissão e escape,Embreagem monodisco a seco,Manual,,6,,Traseira,1432 mm,1515 mm,1527 mm,570 kg,4784 mm,2830 mm,1800 mm,1720 kg,460 litros,,,70 litros,96 mm,Disco ventilado,Disco ventilado,"2,19 m²","0,635 m²","0,29",,Hidráulica,"11,6 m",,"Indep., braços sobrepostos",Mola helicoidal,"Indep., multibraço",518 km,287 km,"7,4 km/l","4,1 km/l",,,6600 rpm,3800 rpm,,,7000 rpm,,,,,,,,,,,,,,,,,,,,,,,,,,,,,,,,,,,,,,,,,,,,,,,,,
bmw,M5,m5,m5-5-0-v10-2006,m5-5-0-v10-2006,https://www.fichacompleta.com.br/carros/bmw/m5-5-0-v10-2006,2026-06-18T16:01:48.257746,Bmw M5 5.0 V10 2006,"4,7 s",250 km/h,,Injeção multiponto,Natural,,10 em V,,Duplo no cabeçote,"75,2 mm",92 mm,Longitudinal,Dianteiro,"3,46 kg/cv","33,1 kg/kgfm","101,4 cv/litro",507 cv,12:1,,,"10,6 kgfm/litro",53 kgfm,4,Admissão e escape,Embreagem monodisco a seco,Automatizado,,7,,Traseira,1469 mm,1580 mm,1566 mm,545 kg,4855 mm,2889 mm,1846 mm,1755 kg,500 litros,,,70 litros,100 mm,Disco ventilado,Disco ventilado,"2,31 m²","0,716 m²","0,31",,Hidráulica,"12,4 m",,"Indep., braços sobrepostos",Mola helicoidal,"Indep., multibraço",406 km,203 km,"5,8 km/l","2,9 km/l",,,7750 rpm,6100 rpm,500 cm³,4999 cm³,,,,,,,,,,,,,,,,,,,,,,,,,,,,,,,,,,,,,,,,,,,,,,,,,,
bmw,M5,m5,m5-5-0-v10-2007,m5-5-0-v10-2007,https://www.fichacompleta.com.br/carros/bmw/m5-5-0-v10-2007,2026-06-18T16:01:52.216913,Bmw M5 5.0 V10 2007,"4,7 s",250 km/h,,Injeção multiponto,Natural,4999 cm³,10 em V,,Duplo no cabeçote,"75,2 mm",92 mm,Longitudinal,Dianteiro,"3,5 kg/cv","33,1 kg/kgfm","101,4 cv/litro",507 cv,12:1,7750 rpm,6100 rpm,"10,6 kgfm/litro",53 kgfm,4,Admissão e escape,Embreagem monodisco a seco,Automatizado,,7,7,Traseira,1469 mm,1580 mm,1566 mm,545 kg,4855 mm,2889 mm,1846 mm,1755 kg,500 litros,,,70 litros,100 mm,Disco ventilado,Disco ventilado,"2,31 m²","0,716 m²","0,31","0,31",Hidráulica,"12,4 m","12,4 m","Indep., braços sobrepostos",Mola helicoidal,"Indep., multibraço",406 km,203 km,"5,8 km/l","2,9 km/l",,,,,,,,,,,,,,,,,,,,,,,,,,,,,,,,,,,,,,,,,,,,,,,,,,,,,,,,
bmw,M5,m5,m5-5-0-v10-2008,m5-5-0-v10-2008,https://www.fichacompleta.com.br/carros/bmw/m5-5-0-v10-2008,2026-06-18T16:01:55.860505,Bmw M5 5.0 V10 2008,"4,7 s",250 km/h,,Injeção multiponto,Natural,,10 em V,,Duplo no cabeçote,"75,2 mm",92 mm,Longitudinal,Dianteiro,"3,46 kg/cv","33,1 kg/kgfm","101,4 cv/litro",507 cv,12:1,,,"10,6 kgfm/litro",53 kgfm,4,Admissão e escape,Embreagem monodisco a seco,Automatizado,,7,,Traseira,1469 mm,1580 mm,1566 mm,545 kg,4855 mm,2889 mm,1846 mm,1755 kg,500 litros,,,70 litros,100 mm,Disco ventilado,Disco ventilado,"2,31 m²","0,716 m²","0,31",,Hidráulica,"12,4 m",,"Indep., braços sobrepostos",Mola helicoidal,"Indep., multibraço",406 km,203 km,"5,8 km/l","2,9 km/l",,,7750 rpm,6100 rpm,500 cm³,4999 cm³,,,,,,,,,,,,,,,,,,,,,,,,,,,,,,,,,,,,,,,,,,,,,,,,,,
bmw,M5,m5,m5-5-0-v10-2009,m5-5-0-v10-2009,https://www.fichacompleta.com.br/carros/bmw/m5-5-0-v10-2009,2026-06-18T16:01:58.509319,Bmw M5 5.0 V10 2009,"4,7 s",250 km/h,,Injeção multiponto,Natural,,10 em V,,Duplo no cabeçote,"75,2 mm",92 mm,Longitudinal,Dianteiro,"3,46 kg/cv","33,1 kg/kgfm","101,4 cv/litro",507 cv,12:1,,,"10,6 kgfm/litro",53 kgfm,4,Admissão e escape,Embreagem monodisco a seco,Automatizado,,7,,Traseira,1469 mm,1580 mm,1566 mm,545 kg,4855 mm,2889 mm,1846 mm,1755 kg,500 litros,,,70 litros,100 mm,Disco ventilado,Disco ventilado,"2,31 m²","0,716 m²","0,31",,Hidráulica,"12,4 m",,"Indep., braços sobrepostos",Mola helicoidal,"Indep., multibraço",406 km,203 km,"5,8 km/l","2,9 km/l",,,7750 rpm,6100 rpm,500 cm³,4999 cm³,,,,,,,,,,,,,,,,,,,,,,,,,,,,,,,,,,,,,,,,,,,,,,,,,,
bmw,M5,m5,m5-5-0-v10-2010,m5-5-0-v10-2010,https://www.fichacompleta.com.br/carros/bmw/m5-5-0-v10-2010,2026-06-18T16:02:02.054581,Bmw M5 5.0 V10 2010,"4,7 s",250 km/h,,Injeção multiponto,Natural,4999 cm³,10 em V,,Duplo no cabeçote,"75,2 mm",92 mm,Longitudinal,Dianteiro,"3,5 kg/cv","33,1 kg/kgfm","101,4 cv/litro",507 cv a 7750 rpm,12:1,,,"10,6 kgfm/litro",53 kgfm a 6100 rpm,4,Admissão e escape,Embreagem monodisco a seco,Automatizado,,,7,Traseira,1469 mm,1580 mm,1566 mm,545 kg,4855 mm,2889 mm,1846 mm,1755 kg,500 litros,,,70 litros,100 mm,Disco ventilado,Disco ventilado,"2,31 m²","0,716 m²",,"0,31",Hidráulica,,"12,4 m","Independente, braços sobrepostos",Mola helicoidal,"Independente, multibraço",406 km,203 km,"5,8 km/l","2,9 km/l",,,,,,,,,,,,,,,,,,,,,,,,,,,,,,,,,,,,,,,,,,,,,,,,,,,,,,,,
bmw,M5,m5,m5-4-4-v8-turbo-2012,m5-4-4-v8-turbo-2012,https://www.fichacompleta.com.br/carros/bmw/m5-4-4-v8-turbo-2012,2026-06-18T16:02:05.001329,Bmw M5 4.4 V8 Turbo 2012,"4,4 s",305 km/h,Corrente,Injeção direta,Turbocompressor,4395 cm³,8 em V,S63B44TU,Duplo no cabeçote,"88,3 mm",89 mm,Longitudinal,Dianteiro,"3,3 kg/cv","26,9 kg/kgfm","127,4 cv/litro",560 cv,10:1,,,"15,8 kgfm/litro","69,4 kgfm",4,Admissão e escape,Embreagem dupla a seco,Automatizado,,7,,Traseira,1456 mm,1627 mm,1582 mm,540 kg,4910 mm,2964 mm,1891 mm,1870 kg,520 litros,,,80 litros,89 mm,Disco de carbono-cerâmica,Disco de carbono-cerâmica,"2,34 m²","0,772 m²","0,33",,Eletro-hidráulica,"12,6 m",,"Indep., braços sobrepostos",Mola helicoidal,"Indep., multibraço",720 km,456 km,9 km/l,"5,7 km/l",117 mm,,6000 rpm,1500 rpm,,,7200 rpm,,,,,,,,,,,,,,,,,,,,,,,,,,,,,,,,,,,,,,,,,,,,,,,,,
bmw,M5,m5,m5-4-4-v8-turbo-2013,m5-4-4-v8-turbo-2013,https://www.fichacompleta.com.br/carros/bmw/m5-4-4-v8-turbo-2013,2026-06-18T16:02:09.482941,Bmw M5 4.4 V8 Turbo 2013,"4,4 s",305 km/h,Corrente,Injeção direta,Turbocompressor,4395 cm³,8 em V,S63B44TU,Duplo no cabeçote,"88,3 mm",89 mm,Longitudinal,Dianteiro,"3,3 kg/cv","26,9 kg/kgfm","127,4 cv/litro",560 cv,10:1,6000 rpm,1500 rpm,"15,8 kgfm/litro","69,4 kgfm",4,Admissão e escape,Embreagem dupla a seco,Automatizado,,7,7,Traseira,1456 mm,1627 mm,1582 mm,540 kg,4910 mm,2964 mm,1891 mm,1870 kg,520 litros,,,80 litros,89 mm,Disco de carbono-cerâmica,Disco de carbono-cerâmica,"2,34 m²","0,772 m²","0,33","0,33",Eletro-hidráulica,"12,6 m","12,6 m","Indep., braços sobrepostos",Mola helicoidal,"Indep., multibraço",720 km,456 km,9 km/l,"5,7 km/l",117 mm,,,,,,7200 rpm,,,,,,,,,,,,,,,,,,,,,,,,,,,,,,,,,,,,,,,,,,,,,,,,,
bmw,M5,m5,m5-4-4-v8-turbo-2014,m5-4-4-v8-turbo-2014,https://www.fichacompleta.com.br/carros/bmw/m5-4-4-v8-turbo-2014,2026-06-18T16:02:13.531750,Bmw M5 4.4 V8 Turbo 2014,"4,4 s",305 km/h,Corrente,Injeção direta,Turbocompressor,4395 cm³,8 em V,S63B44TU,Duplo no cabeçote,"88,3 mm",89 mm,Longitudinal,Dianteiro,"3,3 kg/cv","26,9 kg/kgfm","127,4 cv/litro",560 cv,10:1,,,"15,8 kgfm/litro","69,4 kgfm",4,Admissão e escape,Embreagem dupla a seco,Automatizado,,7,,Traseira,1456 mm,1627 mm,1582 mm,540 kg,4910 mm,2964 mm,1891 mm,1870 kg,520 litros,,,80 litros,89 mm,Disco de carbono-cerâmica,Disco de carbono-cerâmica,"2,34 m²","0,772 m²","0,33",,Eletro-hidráulica,"12,6 m",,"Indep., braços sobrepostos",Mola helicoidal,"Indep., multibraço",720 km,456 km,9 km/l,"5,7 km/l",117 mm,,6000 rpm,1500 rpm,,,7200 rpm,,,,,,,,,,,,,,,,,,,,,,,,,,,,,,,,,,,,,,,,,,,,,,,,,
bmw,M5,m5,m5-4-4-v8-turbo-2015,m5-4-4-v8-turbo-2015,https://www.fichacompleta.com.br/carros/bmw/m5-4-4-v8-turbo-2015,2026-06-18T16:02:16.347436,Bmw M5 4.4 V8 Turbo 2015,"4,4 s",305 km/h,,Injeção direta,Turbocompressor,4395 cm³,8 em V,S63B44TU,"Duplo no cabeçote, corrente","88,3 mm",89 mm,Longitudinal,Dianteiro,"3,3 kg/cv","26,9 kg/kgfm","127,4 cv/litro",560 cv a 6000 rpm,10:1,,,"15,8 kgfm/litro","69,4 kgfm a 1500 rpm",4,Admissão e escape,Embreagem dupla a seco,Automatizado,,,7,Traseira,1456 mm,1627 mm,1582 mm,540 kg,4910 mm,2964 mm,1891 mm,1870 kg,520 litros,,,80 litros,89 mm,Disco de carbono-cerâmica,Disco de carbono-cerâmica,"2,34 m²","0,772 m²",,"0,33",Eletro-hidráulica,,"12,6 m","Independente, braços sobrepostos",Mola helicoidal,"Independente, multibraço",720 km,456 km,9 km/l,"5,7 km/l",117 mm,,,,,,7200 rpm,,,,,,,,,,,,,,,,,,,,,,,,,,,,,,,,,,,,,,,,,,,,,,,,,
bmw,M5,m5,m5-4-4-v8-turbo-2019,m5-4-4-v8-turbo-2019,https://www.fichacompleta.com.br/carros/bmw/m5-4-4-v8-turbo-2019,2026-06-18T16:02:19.901765,Bmw M5 4.4 V8 Turbo 2019,"3,4 s",305 km/h,,Injeção direta,Turbocompressor,4395 cm³,8 em V,S63B44,"Duplo no cabeçote, corrente","88,3 mm",89 mm,Longitudinal,Dianteiro,"3,1 kg/cv","24,2 kg/kgfm","136,5 cv/litro",600 cv a 5700 rpm,10:1,,,"17,4 kgfm/litro","76,5 kgfm a 1800 rpm",4,Admissão e escape,Conversor de torque,Automático,ZF 8HP,,8,Integral sob demanda,1473 mm,1626 mm,1595 mm,585 kg,4965 mm,2982 mm,1903 mm,1855 kg,530 litros,2000 kg,750 kg,68 litros,89 mm,Disco ventilado,Disco ventilado,"2,35 m²","0,752 m²",,"0,32",Eletro-hidráulica,,"12,6 m","Independente, braços sobrepostos",Mola helicoidal,"Independente, multibraço",578 km,442 km,"8,5 km/l","6,5 km/l",132 mm,,,,,,7300 rpm,,,,,,,,,,,,,,,,,,,,,,,,,,,,,,,,,,,,,,,,,,,,,,,,,
bmw,M5,m5,m5-performance-pack-4-4-v8-turbo-2019,m5-performance-pack-4-4-v8-turbo-2019,https://www.fichacompleta.com.br/carros/bmw/m5-performance-pack-4-4-v8-turbo-2019,2026-06-18T16:02:23.450067,Bmw M5 Performance Pack 4.4 V8 Turbo 2019,"3,4 s",305 km/h,Corrente,Injeção direta,Turbocompressor,4395 cm³,8 em V,S63B44,Duplo no cabeçote,"88,3 mm",89 mm,Longitudinal,Dianteiro,"3,1 kg/cv","24,0 kg/kgfm","136,5 cv/litro",600 cv,10:1,,,"17,4 kgfm/litro","76,5 kgfm",4,Admissão e escape,Conversor de torque,Automático,ZF 8HP,8,,Integral sob demanda,1473 mm,1626 mm,1595 mm,585 kg,4965 mm,2982 mm,1903 mm,1834 kg,530 litros,2000 kg,750 kg,68 litros,89 mm,Disco de carbono-cerâmica,Disco de carbono-cerâmica,"2,35 m²","0,752 m²","0,32",,Eletro-hidráulica,"12,6 m",,"Indep., braços sobrepostos",Mola helicoidal,"Indep., multibraço",578 km,442 km,"8,5 km/l","6,5 km/l",132 mm,,5700 rpm,1800 rpm,,,7300 rpm,,,,,,,,,,,,,,,,,,,,,,,,,,,,,,,,,,,,,,,,,,,,,,,,,
bmw,M5,m5,m5-4-4-v8-turbo-2020,m5-4-4-v8-turbo-2020,https://www.fichacompleta.com.br/carros/bmw/m5-4-4-v8-turbo-2020,2026-06-18T16:02:26.350746,Bmw M5 4.4 V8 Turbo 2020,"3,4 s",305 km/h,Corrente,Injeção direta,Turbocompressor,4395 cm³,8 em V,S63B44,Duplo no cabeçote,"88,3 mm",89 mm,Longitudinal,Dianteiro,"3,1 kg/cv","24,2 kg/kgfm","136,5 cv/litro",600 cv,10:1,,,"17,4 kgfm/litro","76,5 kgfm",4,Admissão e escape,Conversor de torque,Automático,ZF 8HP,8,,Integral sob demanda,1473 mm,1626 mm,1595 mm,585 kg,4965 mm,2982 mm,1903 mm,1855 kg,530 litros,2000 kg,750 kg,68 litros,89 mm,Disco ventilado,Disco ventilado,"2,35 m²","0,752 m²","0,32",,Eletro-hidráulica,"12,6 m",,"Indep., braços sobrepostos",Mola helicoidal,"Indep., multibraço",598 km,449 km,"8,8 km/l","6,6 km/l",132 mm,,5700 rpm,1800 rpm,,,7300 rpm,,,,,,,,,,,,,,,,,,,,,,,,,,,,,,,,,,,,,,,,,,,,,,,,,
bmw,M5,m5,m5-performance-pack-4-4-v8-turbo-2020,m5-performance-pack-4-4-v8-turbo-2020,https://www.fichacompleta.com.br/carros/bmw/m5-performance-pack-4-4-v8-turbo-2020,2026-06-18T16:02:29.274943,Bmw M5 Performance Pack 4.4 V8 Turbo 2020,"3,4 s",305 km/h,Corrente,Injeção direta,Turbocompressor,4395 cm³,8 em V,S63B44,Duplo no cabeçote,"88,3 mm",89 mm,Longitudinal,Dianteiro,"3,1 kg/cv","24,0 kg/kgfm","136,5 cv/litro",600 cv,10:1,,,"17,4 kgfm/litro","76,5 kgfm",4,Admissão e escape,Conversor de torque,Automático,ZF 8HP,8,,Integral sob demanda,1473 mm,1626 mm,1595 mm,585 kg,4965 mm,2982 mm,1903 mm,1834 kg,530 litros,2000 kg,750 kg,68 litros,89 mm,Disco de carbono-cerâmica,Disco de carbono-cerâmica,"2,35 m²","0,752 m²","0,32",,Eletro-hidráulica,"12,6 m",,"Indep., braços sobrepostos",Mola helicoidal,"Indep., multibraço",598 km,449 km,"8,8 km/l","6,6 km/l",132 mm,,5700 rpm,1800 rpm,,,7300 rpm,,,,,,,,,,,,,,,,,,,,,,,,,,,,,,,,,,,,,,,,,,,,,,,,,
bmw,M5,m5,m5-competition-4-4-v8-2021,m5-competition-4-4-v8-2021,https://www.fichacompleta.com.br/carros/bmw/m5-competition-4-4-v8-2021,2026-06-18T16:02:32.561131,Bmw M5 Competition 4.4 V8 2021,"3,3 s",305 km/h,Corrente,Injeção direta,Turbocompressor,4395 cm³,8 em V,S63B44,Duplo no cabeçote,"88,3 mm",89 mm,Longitudinal,Dianteiro,"3,0 kg/cv","24,8 kg/kgfm","142,2 cv/litro",625 cv,10:1,,,"17,4 kgfm/litro","76,5 kgfm",4,Admissão e escape,Conversor de torque,Automático,ZF 8HP,8,,Integral sob demanda,1469 mm,1625 mm,1594 mm,545 kg,4983 mm,2982 mm,1903 mm,1895 kg,530 litros,2000 kg,750 kg,68 litros,100 mm,Disco de carbono-cerâmica,Disco de carbono-cerâmica,"2,35 m²","0,768 m²","0,327",,Eletro-hidráulica,"12,6 m",,"Indep., braços sobrepostos",Mola helicoidal,"Indep., multibraço",598 km,456 km,"8,8 km/l","6,7 km/l",128 mm,,6000 rpm,1800 rpm,,,7300 rpm,,,,,,,,,,,,,,,,,,,,,,,,,,,,,,,,,,,,,,,,,,,,,,,,,
bmw,M5,m5,m5-4-4-v8-turbo-2022,m5-4-4-v8-turbo-2022,https://www.fichacompleta.com.br/carros/bmw/m5-4-4-v8-turbo-2022,2026-06-18T16:02:36.567813,Bmw M5 4.4 V8 Turbo 2022,"3,4 s",305 km/h,Corrente,Injeção direta,Turbocompressor,4395 cm³,8 em V,S63B44,Duplo no cabeçote,"88,3 mm",89 mm,Longitudinal,Dianteiro,"3,1 kg/cv","24,2 kg/kgfm","136,5 cv/litro",,10:1,5700 rpm,1800 rpm,"17,4 kgfm/litro",,4,Admissão e escape,Conversor de torque,Automático,ZF 8HP,8,,Integral sob demanda,1473 mm,1626 mm,1595 mm,585 kg,4965 mm,2982 mm,1903 mm,1855 kg,530 litros,2000 kg,750 kg,68 litros,89 mm,Disco ventilado,Disco ventilado,"2,35 m²","0,752 m²","0,32",,Eletro-hidráulica,"12,6 m",,"Indep., braços sobrepostos",Mola helicoidal,"Indep., multibraço",598 km,456 km,"8,8 km/l","6,7 km/l",132 mm,,,,,,7300 rpm,,,,,,,,,,,,600 cv,"76,5 kgfm",,,,,,,,,,,,,,,,,,,,,,,,,,,,,,,,,,,,
bmw,M5,m5,m5-competition-4-4-v8-2022,m5-competition-4-4-v8-2022,https://www.fichacompleta.com.br/carros/bmw/m5-competition-4-4-v8-2022,2026-06-18T16:02:40.229015,Bmw M5 Competition 4.4 V8 2022,"3,3 s",305 km/h,Corrente,Injeção direta,Turbocompressor,4395 cm³,8 em V,S63B44,Duplo no cabeçote,"88,3 mm",89 mm,Longitudinal,Dianteiro,"3,0 kg/cv","24,8 kg/kgfm","142,2 cv/litro",,10:1,6000 rpm,1800 rpm,"17,4 kgfm/litro",,4,Admissão e escape,Conversor de torque,Automático,ZF 8HP,8,,Integral sob demanda,1469 mm,1625 mm,1594 mm,545 kg,4983 mm,2982 mm,1903 mm,1895 kg,530 litros,2000 kg,750 kg,68 litros,100 mm,Disco de carbono-cerâmica,Disco de carbono-cerâmica,"2,35 m²","0,768 m²","0,327",,Eletro-hidráulica,"12,6 m",,"Indep., braços sobrepostos",Mola helicoidal,"Indep., multibraço",598 km,456 km,"8,8 km/l","6,7 km/l",128 mm,,,,,,7300 rpm,,,,,,,,,,,,625 cv,"76,5 kgfm",,,,,,,,,,,,,,,,,,,,,,,,,,,,,,,,,,,,
bmw,M6,m6,m6-gran-coupe-4-4-v8-biturbo-2014,m6-gran-coupe-4-4-v8-biturbo-2014,https://www.fichacompleta.com.br/carros/bmw/m6-gran-coupe-4-4-v8-biturbo-2014,2026-06-18T16:02:58.596590,Bmw M6 Gran Coupé 4.4 V8 biturbo 2014,"4,2 s",250 km/h,Corrente,Injeção direta,Turbocompressor,4395 cm³,8 em V,S63B44TU,Duplo no cabeçote,"88,3 mm",89 mm,Longitudinal,Dianteiro,"3,3 kg/cv","27,1 kg/kgfm","127,4 cv/litro",560 cv,10:1,7000 rpm,1500 rpm,"15,8 kgfm/litro","69,3 kgfm",4,Admissão e escape,Embreagem dupla banhada a óleo,Automatizado,M-DKG 436,7,7,Traseira,1393 mm,1631 mm,1612 mm,535 kg,5011 mm,2964 mm,1899 mm,1875 kg,460 litros,,,80 litros,89 mm,Disco ventilado,Disco ventilado,"2,25 m²","0,743 m²","0,33","0,33",Eletro-hidráulica,"12,7 m","12,7 m","Indep., braços sobrepostos",Mola helicoidal,"Indep., braços sobrepostos",688 km,392 km,"8,6 km/l","4,9 km/l",107 mm,,,,,,7200 rpm,,,,,,,,,,,,,,,,,,,,,,,,,,,,,,,,,,,,,,,,,,,,,,,,,
bmw,M6,m6,m6-gran-coupe-4-4-v8-biturbo-2015,m6-gran-coupe-4-4-v8-biturbo-2015,https://www.fichacompleta.com.br/carros/bmw/m6-gran-coupe-4-4-v8-biturbo-2015,2026-06-18T16:03:03.350547,Bmw M6 Gran Coupé 4.4 V8 biturbo 2015,"4,2 s",250 km/h,,Injeção direta,Turbocompressor,4395 cm³,8 em V,S63B44TU,"Duplo no cabeçote, corrente",,,Longitudinal,Dianteiro,"3,3 kg/cv","27,1 kg/kgfm","127,4 cv/litro",560 cv a 7000 rpm,10:1,,,"15,8 kgfm/litro","69,3 kgfm a 1500 rpm",4,Admissão e escape,Embreagem dupla banhada a óleo,Automatizado,M-DKG 436,,7,Traseira,1393 mm,1631 mm,1612 mm,535 kg,5011 mm,2964 mm,1899 mm,1875 kg,460 litros,,,80 litros,89 mm,Disco ventilado,Disco ventilado,"2,25 m²","0,743 m²",,"0,33",Eletro-hidráulica,,"12,7 m","Independente, braços sobrepostos",Mola helicoidal,"Independente, braços sobrepostos",824 km,560 km,"10,3 km/l",7 km/l,107 mm,,,,,,7200 rpm,,"88,3 mm",89 mm,,,,,,,,,,,,,,,,,,,,,,,,,,,,,,,,,,,,,,,,,,,,,,
bmw,M6,m6,m6-gran-coupe-4-4-v8-biturbo-2016,m6-gran-coupe-4-4-v8-biturbo-2016,https://www.fichacompleta.com.br/carros/bmw/m6-gran-coupe-4-4-v8-biturbo-2016,2026-06-18T16:03:06.720243,Bmw M6 Gran Coupé 4.4 V8 biturbo 2016,"4,2 s",250 km/h,,Injeção direta,Turbocompressor,4395 cm³,8 em V,S63B44TU,"Duplo no cabeçote, corrente","88,3 mm",89 mm,Longitudinal,Dianteiro,"3,3 kg/cv","27,1 kg/kgfm","127,4 cv/litro",560 cv a 7000 rpm,10:1,,,"15,8 kgfm/litro","69,3 kgfm a 1500 rpm",4,Admissão e escape,Embreagem dupla banhada a óleo,Automatizado,M-DKG 436,,7,Traseira,1393 mm,1631 mm,1612 mm,535 kg,5011 mm,2964 mm,1899 mm,1875 kg,460 litros,,,80 litros,89 mm,Disco ventilado,Disco ventilado,"2,25 m²","0,743 m²",,"0,33",Eletro-hidráulica,,"12,7 m","Independente, braços sobrepostos",Mola helicoidal,"Independente, braços sobrepostos",824 km,560 km,"10,3 km/l",7 km/l,107 mm,,,,,,7200 rpm,,,,,,,,,,,,,,,,,,,,,,,,,,,,,,,,,,,,,,,,,,,,,,,,,
bmw,M6,m6,m6-gran-coupe-4-4-v8-biturbo-2017,m6-gran-coupe-4-4-v8-biturbo-2017,https://www.fichacompleta.com.br/carros/bmw/m6-gran-coupe-4-4-v8-biturbo-2017,2026-06-18T16:03:10.171853,Bmw M6 Gran Coupé 4.4 V8 biturbo 2017,"4,2 s",250 km/h,,Injeção direta,Turbocompressor,4395 cm³,8 em V,S63B44TU,"Duplo no cabeçote, corrente","88,3 mm",89 mm,Longitudinal,Dianteiro,"3,3 kg/cv","27,1 kg/kgfm","127,4 cv/litro",560 cv a 7000 rpm,10:1,,,"15,8 kgfm/litro","69,3 kgfm a 1500 rpm",4,Admissão e escape,Embreagem dupla banhada a óleo,Automatizado,M-DKG 436,,7,Traseira,1393 mm,1631 mm,1612 mm,535 kg,5011 mm,2964 mm,1899 mm,1875 kg,460 litros,,,80 litros,89 mm,Disco ventilado,Disco ventilado,"2,25 m²","0,743 m²",,"0,33",Eletro-hidráulica,,"12,7 m","Independente, braços sobrepostos",Mola helicoidal,"Independente, braços sobrepostos",824 km,560 km,"10,3 km/l",7 km/l,107 mm,,,,,,7200 rpm,,,,,,,,,,,,,,,,,,,,,,,,,,,,,,,,,,,,,,,,,,,,,,,,,
bmw,M6,m6,m6-gran-coupe-4-4-v8-biturbo-2018,m6-gran-coupe-4-4-v8-biturbo-2018,https://www.fichacompleta.com.br/carros/bmw/m6-gran-coupe-4-4-v8-biturbo-2018,2026-06-18T16:03:14.033955,Bmw M6 Gran Coupé 4.4 V8 biturbo 2018,"4,2 s",250 km/h,,Injeção direta,Turbocompressor,4395 cm³,8 em V,S63B44TU,"Duplo no cabeçote, corrente","88,3 mm",89 mm,Longitudinal,Dianteiro,"3,3 kg/cv","27,1 kg/kgfm","127,4 cv/litro",560 cv a 7000 rpm,10:1,,,"15,8 kgfm/litro","69,3 kgfm a 1500 rpm",4,Admissão e escape,Embreagem dupla banhada a óleo,Automatizado,M-DKG 436,,7,Traseira,1393 mm,1631 mm,1612 mm,535 kg,5011 mm,2964 mm,1899 mm,1875 kg,460 litros,,,80 litros,89 mm,Disco ventilado,Disco ventilado,"2,25 m²","0,743 m²",,"0,33",Eletro-hidráulica,,"12,7 m","Independente, braços sobrepostos",Mola helicoidal,"Independente, braços sobrepostos",664 km,496 km,"8,3 km/l","6,2 km/l",107 mm,,,,,,7200 rpm,,,,,,,,,,,,,,,,,,,,,,,,,,,,,,,,,,,,,,,,,,,,,,,,,
bmw,M6 Coupe,m6-coupe,m6-coupe-5-0-v10-2006,m6-coupe-5-0-v10-2006,https://www.fichacompleta.com.br/carros/bmw/m6-coupe-5-0-v10-2006,2026-06-18T16:03:30.822384,Bmw M6 Coupe 5.0 V10 2006,"4,6 s",250 km/h,,Injeção multiponto,Natural,4999 cm³,10 em V,S85B50,Duplo no cabeçote,"75,2 mm",92 mm,Longitudinal,Dianteiro,"3,4 kg/cv","32,3 kg/kgfm","101,4 cv/litro",507 cv,12:1,,,"10,6 kgfm/litro",53 kgfm,4,Admissão e escape,Embreagem monodisco a seco,Automatizado,SMG,7,,Traseira,1372 mm,1567 mm,1584 mm,490 kg,4871 mm,2781 mm,1855 mm,1710 kg,450 litros,,,70 litros,100 mm,Disco ventilado,Disco ventilado,"2,16 m²","0,691 m²","0,32",,Eletro-hidráulica,"12,5 m",,"Indep., braços sobrepostos",Mola helicoidal,"Indep., multibraço",525 km,266 km,"7,5 km/l","3,8 km/l",,,7750 rpm,6100 rpm,,,8250 rpm,,,,,,,,,,,,,,,,,,,,,,,,,,,,,,,,,,,,,,,,,,,,,,,,,
bmw,M6 Coupe,m6-coupe,m6-coupe-5-0-v10-2007,m6-coupe-5-0-v10-2007,https://www.fichacompleta.com.br/carros/bmw/m6-coupe-5-0-v10-2007,2026-06-18T16:03:33.973332,Bmw M6 Coupe 5.0 V10 2007,"4,6 s",250 km/h,,Injeção multiponto,Natural,4999 cm³,10 em V,S85B50,Duplo no cabeçote,"75,2 mm",92 mm,Longitudinal,Dianteiro,"3,4 kg/cv","32,3 kg/kgfm","101,4 cv/litro",507 cv,12:1,,,"10,6 kgfm/litro",53 kgfm,4,Admissão e escape,Embreagem monodisco a seco,Automatizado,SMG,7,,Traseira,1372 mm,1567 mm,1584 mm,490 kg,4871 mm,2781 mm,1855 mm,1710 kg,450 litros,,,70 litros,100 mm,Disco ventilado,Disco ventilado,"2,16 m²","0,691 m²","0,32",,Eletro-hidráulica,"12,5 m",,"Indep., braços sobrepostos",Mola helicoidal,"Indep., multibraço",525 km,266 km,"7,5 km/l","3,8 km/l",,,7750 rpm,6100 rpm,,,8250 rpm,,,,,,,,,,,,,,,,,,,,,,,,,,,,,,,,,,,,,,,,,,,,,,,,,
bmw,M6 Coupe,m6-coupe,m6-coupe-5-0-v10-2008,m6-coupe-5-0-v10-2008,https://www.fichacompleta.com.br/carros/bmw/m6-coupe-5-0-v10-2008,2026-06-18T16:03:36.438654,Bmw M6 Coupe 5.0 V10 2008,"4,6 s",250 km/h,,Injeção multiponto,Natural,4999 cm³,10 em V,S85B50,Duplo no cabeçote,"75,2 mm",92 mm,Longitudinal,Dianteiro,"3,4 kg/cv","32,3 kg/kgfm","101,4 cv/litro",507 cv,12:1,,,"10,6 kgfm/litro",53 kgfm,4,Admissão e escape,Embreagem monodisco a seco,Automatizado,SMG,7,,Traseira,1372 mm,1567 mm,1584 mm,490 kg,4871 mm,2781 mm,1855 mm,1710 kg,450 litros,,,70 litros,100 mm,Disco ventilado,Disco ventilado,"2,16 m²","0,691 m²","0,32",,Eletro-hidráulica,"12,5 m",,"Indep., braços sobrepostos",Mola helicoidal,"Indep., multibraço",525 km,266 km,"7,5 km/l","3,8 km/l",,,7750 rpm,6100 rpm,,,8250 rpm,,,,,,,,,,,,,,,,,,,,,,,,,,,,,,,,,,,,,,,,,,,,,,,,,
bmw,M6 Coupe,m6-coupe,m6-coupe-5-0-v10-2009,m6-coupe-5-0-v10-2009,https://www.fichacompleta.com.br/carros/bmw/m6-coupe-5-0-v10-2009,2026-06-18T16:03:41.074036,Bmw M6 Coupe 5.0 V10 2009,"4,6 s",250 km/h,,Injeção multiponto,Natural,4999 cm³,10 em V,S85B50,Duplo no cabeçote,"75,2 mm",92 mm,Longitudinal,Dianteiro,"3,4 kg/cv","32,3 kg/kgfm","101,4 cv/litro",507 cv,12:1,,,"10,6 kgfm/litro",53 kgfm,4,Admissão e escape,Embreagem monodisco a seco,Automatizado,SMG,7,,Traseira,1372 mm,1567 mm,1584 mm,490 kg,4871 mm,2781 mm,1855 mm,1710 kg,450 litros,,,70 litros,100 mm,Disco ventilado,Disco ventilado,"2,16 m²","0,691 m²","0,32",,Eletro-hidráulica,"12,5 m",,"Indep., braços sobrepostos",Mola helicoidal,"Indep., multibraço",525 km,266 km,"7,5 km/l","3,8 km/l",,,7750 rpm,6100 rpm,,,8250 rpm,,,,,,,,,,,,,,,,,,,,,,,,,,,,,,,,,,,,,,,,,,,,,,,,,
bmw,M6 Coupe,m6-coupe,m6-coupe-5-0-v10-2010,m6-coupe-5-0-v10-2010,https://www.fichacompleta.com.br/carros/bmw/m6-coupe-5-0-v10-2010,2026-06-18T16:03:45.734688,Bmw M6 Coupe 5.0 V10 2010,"4,6 s",250 km/h,,Injeção multiponto,Natural,4999 cm³,10 em V,S85B50,Duplo no cabeçote,"75,2 mm",92 mm,Longitudinal,Dianteiro,"3,4 kg/cv","32,3 kg/kgfm","101,4 cv/litro",507 cv,12:1,,,"10,6 kgfm/litro",53 kgfm,4,Admissão e escape,Embreagem monodisco a seco,Automatizado,SMG,7,,Traseira,1372 mm,1567 mm,1584 mm,490 kg,4871 mm,2781 mm,1855 mm,1710 kg,450 litros,,,70 litros,100 mm,Disco ventilado,Disco ventilado,"2,16 m²","0,691 m²","0,32",,Eletro-hidráulica,"12,5 m",,"Indep., braços sobrepostos",Mola helicoidal,"Indep., multibraço",525 km,266 km,"7,5 km/l","3,8 km/l",,,7750 rpm,6100 rpm,,,8250 rpm,,,,,,,,,,,,,,,,,,,,,,,,,,,,,,,,,,,,,,,,,,,,,,,,,
bmw,M6 Coupe,m6-coupe,m6-coupe-4-4-v8-biturbo-2013,m6-coupe-4-4-v8-biturbo-2013,https://www.fichacompleta.com.br/carros/bmw/m6-coupe-4-4-v8-biturbo-2013,2026-06-18T16:03:49.051912,Bmw M6 Coupe 4.4 V8 biturbo 2013,"4,2 s",250 km/h,Corrente,Injeção direta,Turbocompressor,4395 cm³,8 em V,S63B44TU,Duplo no cabeçote,"88,3 mm",89 mm,Longitudinal,Dianteiro,"3,3 kg/cv","27,1 kg/kgfm","127,4 cv/litro",560 cv,10:1,7000 rpm,1500 rpm,"15,8 kgfm/litro","69,3 kgfm",4,Admissão e escape,Embreagem dupla banhada a óleo,Automatizado,M-DKG 436,7,7,Traseira,1393 mm,1631 mm,1612 mm,535 kg,4898 mm,2851 mm,1899 mm,1875 kg,460 litros,,,80 litros,89 mm,Disco ventilado,Disco ventilado,"2,25 m²","0,743 m²","0,33","0,33",Eletro-hidráulica,"12,7 m","12,7 m","Indep., braços sobrepostos",Mola helicoidal,"Indep., braços sobrepostos",688 km,392 km,"8,6 km/l","4,9 km/l",107 mm,,,,,,7200 rpm,,,,,,,,,,,,,,,,,,,,,,,,,,,,,,,,,,,,,,,,,,,,,,,,,
bmw,M6 Coupe,m6-coupe,m6-coupe-4-4-v8-biturbo-2014,m6-coupe-4-4-v8-biturbo-2014,https://www.fichacompleta.com.br/carros/bmw/m6-coupe-4-4-v8-biturbo-2014,2026-06-18T16:03:52.106063,Bmw M6 Coupe 4.4 V8 biturbo 2014,"4,2 s",250 km/h,Corrente,Injeção direta,Turbocompressor,4395 cm³,8 em V,S63B44TU,Duplo no cabeçote,"88,3 mm",89 mm,Longitudinal,Dianteiro,"3,3 kg/cv","27,1 kg/kgfm","127,4 cv/litro",560 cv,10:1,,,"15,8 kgfm/litro","69,3 kgfm",4,Admissão e escape,Embreagem dupla banhada a óleo,Automatizado,M-DKG 436,7,,Traseira,1393 mm,1631 mm,1612 mm,535 kg,4898 mm,2851 mm,1899 mm,1875 kg,460 litros,,,80 litros,89 mm,Disco ventilado,Disco ventilado,"2,25 m²","0,743 m²","0,33",,Eletro-hidráulica,"12,7 m",,"Indep., braços sobrepostos",Mola helicoidal,"Indep., braços sobrepostos",688 km,392 km,"8,6 km/l","4,9 km/l",107 mm,,7000 rpm,1500 rpm,,,7200 rpm,,,,,,,,,,,,,,,,,,,,,,,,,,,,,,,,,,,,,,,,,,,,,,,,,
bmw,M6 Coupe,m6-coupe,m6-coupe-4-4-v8-biturbo-2015,m6-coupe-4-4-v8-biturbo-2015,https://www.fichacompleta.com.br/carros/bmw/m6-coupe-4-4-v8-biturbo-2015,2026-06-18T16:03:56.940997,Bmw M6 Coupe 4.4 V8 biturbo 2015,"4,2 s",250 km/h,,Injeção direta,Turbocompressor,4395 cm³,8 em V,S63B44TU,"Duplo no cabeçote, corrente","88,3 mm",89 mm,Longitudinal,Dianteiro,"3,3 kg/cv","27,1 kg/kgfm","127,4 cv/litro",560 cv a 7000 rpm,10:1,,,"15,8 kgfm/litro","69,3 kgfm a 1500 rpm",4,Admissão e escape,Embreagem dupla banhada a óleo,Automatizado,M-DKG 436,,7,Traseira,1393 mm,1631 mm,1612 mm,535 kg,4898 mm,2851 mm,1899 mm,1875 kg,460 litros,,,80 litros,89 mm,Disco ventilado,Disco ventilado,"2,25 m²","0,743 m²",,"0,33",Eletro-hidráulica,,"12,7 m","Independente, braços sobrepostos",Mola helicoidal,"Independente, braços sobrepostos",688 km,392 km,"8,6 km/l","4,9 km/l",107 mm,,,,,,7200 rpm,,,,,,,,,,,,,,,,,,,,,,,,,,,,,,,,,,,,,,,,,,,,,,,,,
bmw,M8,m8,m8-gran-coupe-competition-4-4-v8-2021,m8-gran-coupe-competition-4-4-v8-2021,https://www.fichacompleta.com.br/carros/bmw/m8-gran-coupe-competition-4-4-v8-2021,2026-06-18T16:04:14.932765,Bmw M8 Gran Coupe Competition 4.4 V8 2021,"3,3 s",305 km/h,Corrente,Injeção direta,Turbocompressor,4395 cm³,8 em V,S63B44,Duplo no cabeçote,"88,3 mm",89 mm,Longitudinal,Dianteiro,"3,2 kg/cv","25,9 kg/kgfm","142,2 cv/litro",625 cv,10:1,,,"17,4 kgfm/litro","76,5 kgfm",4,Admissão e escape,Conversor de torque,Automático,ZF 8HP,8,,Integral sob demanda,1420 mm,1626 mm,1660 mm,460 kg,5098 mm,3027 mm,1943 mm,1980 kg,440 litros,,,68 litros,100 mm,Disco de carbono-cerâmica,Disco de carbono-cerâmica,"2,31 m²","0,785 m²","0,34",,Eletro-hidráulica,"12,9 m",,"Indep., braços sobrepostos",Mola helicoidal,"Indep., braços sobrepostos",592 km,449 km,"8,7 km/l","6,6 km/l",130 mm,,6000 rpm,1800 rpm,,,7300 rpm,,,,,,,,,,,,,,,,,,,,,,,,,,,,,,,,,,,,,,,,,,,,,,,,,
bmw,M8,m8,m8-gran-coupe-competition-4-4-v8-2022,m8-gran-coupe-competition-4-4-v8-2022,https://www.fichacompleta.com.br/carros/bmw/m8-gran-coupe-competition-4-4-v8-2022,2026-06-18T16:04:18.674869,Bmw M8 Gran Coupe Competition 4.4 V8 2022,"3,3 s",305 km/h,Corrente,Injeção direta,Turbocompressor,4395 cm³,8 em V,S63B44,Duplo no cabeçote,"88,3 mm",89 mm,Longitudinal,Dianteiro,"3,2 kg/cv","25,9 kg/kgfm","142,2 cv/litro",,10:1,6000 rpm,1800 rpm,"17,4 kgfm/litro",,4,Admissão e escape,Conversor de torque,Automático,ZF 8HP,8,,Integral sob demanda,1420 mm,1626 mm,1660 mm,460 kg,5098 mm,3027 mm,1943 mm,1980 kg,440 litros,,,68 litros,100 mm,Disco de carbono-cerâmica,Disco de carbono-cerâmica,"2,31 m²","0,785 m²","0,34",,Eletro-hidráulica,"12,9 m",,"Indep., braços sobrepostos",Mola helicoidal,"Indep., braços sobrepostos",592 km,449 km,"8,7 km/l","6,6 km/l",130 mm,,,,,,7300 rpm,,,,,,,,,,,,625 cv,"76,5 kgfm",,,,,,,,,,,,,,,,,,,,,,,,,,,,,,,,,,,,
bmw,X1,x1,x1-xdrive28i-3-0-2010,x1-xdrive28i-3-0-2010,https://www.fichacompleta.com.br/carros/bmw/x1-xdrive28i-3-0-2010,2026-06-18T16:04:35.503809,Bmw X1 xDrive28i 3.0 2010,"6,8 s",205 km/h,Corrente,Injeção multiponto,Natural,2996 cm³,6 em linha,N52B30,Duplo no cabeçote,88 mm,85 mm,Longitudinal,Dianteiro,"6,5 kg/cv","53,3 kg/kgfm","86,1 cv/litro",258 cv,"10,7:1",6600 rpm,2600 rpm,"10,5 kgfm/litro","31,6 kgfm",4,Admissão e escape,Conversor de torque,Automático,,6,6,Integral sob demanda,1545 mm,1500 mm,1529 mm,550 kg,4454 mm,2760 mm,1798 mm,1685 kg,420 litros,,,63 litros,102 mm,Disco ventilado,Disco ventilado,"2,34 m²","0,772 m²","0,33","0,33",Hidráulica,"11,8 m","11,8 m","Indep., braços sobrepostos",Mola helicoidal,"Indep., multibraço",680 km,466 km,"10,8 km/l","7,4 km/l",194 mm,,,,,,,Hidráulicos,,,,,,,,,,,,,,,,,,,,,,,,,,,,,,,"16,8 graus",18 graus,"21,5 graus",,,,,,,,,,,,,,,
bmw,X1,x1,x1-sdrive18i-2-0-2011,x1-sdrive18i-2-0-2011,https://www.fichacompleta.com.br/carros/bmw/x1-sdrive18i-2-0-2011,2026-06-18T16:04:38.160938,Bmw X1 sDrive18i 2.0 2011,"10,4 s",200 km/h,Corrente,Injeção multiponto,Natural,1995 cm³,4 em linha,N46B20O1,Duplo no cabeçote,90 mm,84 mm,Longitudinal,Dianteiro,"9,7 kg/cv","71,3 kg/kgfm","75,2 cv/litro",150 cv,"10,5:1",6400 rpm,3600 rpm,"10,2 kgfm/litro","20,4 kgfm",4,Admissão e escape,Conversor de torque,Automático,,6,6,Traseira,1545 mm,1500 mm,1529 mm,550 kg,4454 mm,2760 mm,1798 mm,1455 kg,420 litros,,,63 litros,113 mm,Disco ventilado,Disco ventilado,"2,34 m²","0,749 m²","0,32","0,32",Hidráulica,"11,3 m","11,3 m","Indep., McPherson",Mola helicoidal,"Indep., multibraço",693 km,491 km,11 km/l,"7,8 km/l",194 mm,,,,,,,,,,,,,,,,,,,,,,,,,,,,,,,,,,,,,,"16,8 graus",18 graus,"21,5 graus",,,,,,,,,,,,,,,
bmw,X1,x1,x1-xdrive28i-3-0-2011,x1-xdrive28i-3-0-2011,https://www.fichacompleta.com.br/carros/bmw/x1-xdrive28i-3-0-2011,2026-06-18T16:04:42.831819,Bmw X1 xDrive28i 3.0 2011,"6,8 s",205 km/h,,Injeção multiponto,Natural,2996 cm³,6 em linha,N52B30,"Duplo no cabeçote, corrente",88 mm,85 mm,Longitudinal,Dianteiro,"6,5 kg/cv","53,3 kg/kgfm","86,1 cv/litro",258 cv a 6600 rpm,"10,7:1",,,"10,5 kgfm/litro","31,6 kgfm a 2600 rpm",4,Admissão e escape,Conversor de torque,Automático,,,6,Integral sob demanda,1545 mm,1500 mm,1529 mm,550 kg,4454 mm,2760 mm,1798 mm,1685 kg,420 litros,,,63 litros,102 mm,Disco ventilado,Disco ventilado,"2,34 m²","0,772 m²",,"0,33",Hidráulica,,"11,8 m","Independente, braços sobrepostos",Mola helicoidal,"Independente, multibraço",680 km,466 km,"10,8 km/l","7,4 km/l",194 mm,,,,,,,Hidráulicos,,,,,,,,,,,,,,,,,,,,,,,,,,,,,,,"16,8 graus",18 graus,"21,5 graus",,,,,,,,,,,,,,,
bmw,X1,x1,x1-sdrive18i-2-0-2012,x1-sdrive18i-2-0-2012,https://www.fichacompleta.com.br/carros/bmw/x1-sdrive18i-2-0-2012,2026-06-18T16:04:45.482843,Bmw X1 sDrive18i 2.0 2012,"10,4 s",200 km/h,,Injeção multiponto,Natural,1995 cm³,4 em linha,N46B20O1,"Duplo no cabeçote, corrente",90 mm,84 mm,Longitudinal,Dianteiro,"9,7 kg/cv","71,3 kg/kgfm","75,2 cv/litro",150 cv a 6400 rpm,"10,5:1",,,"10,2 kgfm/litro","20,4 kgfm a 3600 rpm",4,Admissão e escape,Conversor de torque,Automático,,,6,Traseira,1545 mm,1500 mm,1529 mm,550 kg,4454 mm,2760 mm,1798 mm,1455 kg,420 litros,,,63 litros,113 mm,Disco ventilado,Disco ventilado,"2,34 m²","0,749 m²",,"0,32",Hidráulica,,"11,3 m","Independente, McPherson",Mola helicoidal,"Independente, multibraço",693 km,491 km,11 km/l,"7,8 km/l",194 mm,,,,,,,,,,,,,,,,,,,,,,,,,,,,,,,,,,,,,,"16,8 graus",18 graus,"21,5 graus",,,,,,,,,,,,,,,
bmw,X1,x1,x1-xdrive28i-2-0-turbo-2012,x1-xdrive28i-2-0-turbo-2012,https://www.fichacompleta.com.br/carros/bmw/x1-xdrive28i-2-0-turbo-2012,2026-06-18T16:04:48.058285,Bmw X1 xDrive28i 2.0 Turbo 2012,"6,5 s",240 km/h,Corrente,Injeção direta,Turbocompressor,1997 cm³,4 em linha,N20B20,Duplo no cabeçote,"90,1 mm",84 mm,Longitudinal,Dianteiro,"6,5 kg/cv","44,7 kg/kgfm","122,7 cv/litro",245 cv,10:1,,,"17,9 kgfm/litro","35,7 kgfm",4,Admissão e escape,Conversor de torque,Automático,ZF 8HP,8,,Integral sob demanda,1545 mm,1500 mm,1529 mm,550 kg,4454 mm,2760 mm,1798 mm,1595 kg,420 litros,2000 kg,750 kg,63 litros,113 mm,Disco ventilado,Disco ventilado,"2,34 m²","0,796 m²","0,34",,Hidráulica,"11,8 m",,"Indep., braços sobrepostos",Mola helicoidal,"Indep., multibraço",693 km,504 km,11 km/l,8 km/l,194 mm,,5000 rpm,1250 rpm,,,,,,,,,,,,,,,,,,,,,,,,,,,,,,,,,,,"16,8 graus",18 graus,"21,5 graus",,,,,,,,,,,,,,,
bmw,X1,x1,x1-xdrive28i-3-0-2012,x1-xdrive28i-3-0-2012,https://www.fichacompleta.com.br/carros/bmw/x1-xdrive28i-3-0-2012,2026-06-18T16:04:51.369564,Bmw X1 xDrive28i 3.0 2012,"6,8 s",205 km/h,,Injeção multiponto,Natural,2996 cm³,6 em linha,N52B30,"Duplo no cabeçote, corrente",88 mm,85 mm,Longitudinal,Dianteiro,"6,5 kg/cv","53,3 kg/kgfm","86,1 cv/litro",258 cv a 6600 rpm,"10,7:1",,,"10,5 kgfm/litro","31,6 kgfm a 2600 rpm",4,Admissão e escape,Conversor de torque,Automático,,,6,Integral sob demanda,1545 mm,1500 mm,1529 mm,550 kg,4454 mm,2760 mm,1798 mm,1685 kg,420 litros,,,63 litros,102 mm,Disco ventilado,Disco ventilado,"2,34 m²","0,772 m²",,"0,33",Hidráulica,,"11,8 m","Independente, braços sobrepostos",Mola helicoidal,"Independente, multibraço",680 km,466 km,"10,8 km/l","7,4 km/l",194 mm,,,,,,,Hidráulicos,,,,,,,,,,,,,,,,,,,,,,,,,,,,,,,"16,8 graus",18 graus,"21,5 graus",,,,,,,,,,,,,,,
bmw,X1,x1,x1-sdrive18i-2-0-2013,x1-sdrive18i-2-0-2013,https://www.fichacompleta.com.br/carros/bmw/x1-sdrive18i-2-0-2013,2026-06-18T16:04:55.589268,Bmw X1 sDrive18i 2.0 2013,"10,4 s",200 km/h,Corrente,Injeção multiponto,Natural,1995 cm³,4 em linha,N46B20O1,Duplo no cabeçote,90 mm,84 mm,Longitudinal,Dianteiro,"9,7 kg/cv","71,3 kg/kgfm","75,2 cv/litro",150 cv,"10,5:1",,,"10,2 kgfm/litro","20,4 kgfm",4,Admissão e escape,Conversor de torque,Automático,,6,,Traseira,1545 mm,1500 mm,1529 mm,550 kg,4454 mm,2760 mm,1798 mm,1455 kg,420 litros,,,63 litros,113 mm,Disco ventilado,Disco ventilado,"2,34 m²","0,749 m²","0,32",,Hidráulica,"11,3 m",,"Indep., McPherson",Mola helicoidal,"Indep., multibraço",693 km,491 km,11 km/l,"7,8 km/l",194 mm,,6400 rpm,3600 rpm,,,,,,,,,,,,,,,,,,,,,,,,,,,,,,,,,,,"16,8 graus",18 graus,"21,5 graus",,,,,,,,,,,,,,,
bmw,X1,x1,x1-sdrive20i-2-0-turbo-2013,x1-sdrive20i-2-0-turbo-2013,https://www.fichacompleta.com.br/carros/bmw/x1-sdrive20i-2-0-turbo-2013,2026-06-18T16:04:58.480080,Bmw X1 sDrive20i 2.0 Turbo 2013,"7,7 s",205 km/h,Corrente,Injeção direta,Turbocompressor,1997 cm³,4 em linha,N20B20,Duplo no cabeçote,"90,1 mm",84 mm,Longitudinal,Dianteiro,"8,6 kg/cv","57,6 kg/kgfm","92,1 cv/litro",184 cv,10:1,5000 rpm,1250 rpm,"13,8 kgfm/litro","27,5 kgfm",4,Admissão e escape,Conversor de torque,Automático,ZF 8HP,8,8,Traseira,1545 mm,1500 mm,1529 mm,,4454 mm,2760 mm,1798 mm,1585 kg,420 litros,,,63 litros,113 mm,Disco ventilado,Disco ventilado,"2,36 m²","0,779 m²","0,33","0,33",Hidráulica,"11,3 m","11,3 m","Indep., McPherson",Mola helicoidal,"Indep., multibraço",756 km,542 km,12 km/l,"8,6 km/l",179 mm,,,,,,,,,,,,,,,,,,,,,,,,,,,,,,,,,,,,,,"16,8 graus",18 graus,"21,5 graus",,,,,,,,,,,,,,,
bmw,X1,x1,x1-xdrive28i-2-0-turbo-2013,x1-xdrive28i-2-0-turbo-2013,https://www.fichacompleta.com.br/carros/bmw/x1-xdrive28i-2-0-turbo-2013,2026-06-18T16:05:00.861930,Bmw X1 xDrive28i 2.0 Turbo 2013,"6,5 s",240 km/h,Corrente,Injeção direta,Turbocompressor,1997 cm³,4 em linha,N20B20,Duplo no cabeçote,"90,1 mm",84 mm,Longitudinal,Dianteiro,"6,5 kg/cv","44,7 kg/kgfm","122,7 cv/litro",245 cv,10:1,,,"17,9 kgfm/litro","35,7 kgfm",4,Admissão e escape,Conversor de torque,Automático,ZF 8HP,8,,Integral sob demanda,1545 mm,1500 mm,1529 mm,550 kg,4454 mm,2760 mm,1798 mm,1595 kg,420 litros,2000 kg,750 kg,63 litros,113 mm,Disco ventilado,Disco ventilado,"2,34 m²","0,796 m²","0,34",,Hidráulica,"11,8 m",,"Indep., braços sobrepostos",Mola helicoidal,"Indep., multibraço",693 km,504 km,11 km/l,8 km/l,194 mm,,5000 rpm,1250 rpm,,,,,,,,,,,,,,,,,,,,,,,,,,,,,,,,,,,"16,8 graus",18 graus,"21,5 graus",,,,,,,,,,,,,,,
bmw,X1,x1,x1-sdrive18i-2-0-2014,x1-sdrive18i-2-0-2014,https://www.fichacompleta.com.br/carros/bmw/x1-sdrive18i-2-0-2014,2026-06-18T16:05:05.737547,Bmw X1 sDrive18i 2.0 2014,"10,4 s",200 km/h,,Injeção multiponto,Natural,1995 cm³,4 em linha,N46B20O1,"Duplo no cabeçote, corrente",90 mm,84 mm,Longitudinal,Dianteiro,"9,7 kg/cv","71,3 kg/kgfm","75,2 cv/litro",150 cv a 6400 rpm,"10,5:1",,,"10,2 kgfm/litro","20,4 kgfm a 3600 rpm",4,Admissão e escape,Conversor de torque,Automático,,,6,Traseira,1545 mm,1500 mm,1529 mm,550 kg,4454 mm,2760 mm,1798 mm,1455 kg,420 litros,,,63 litros,113 mm,Disco ventilado,Disco ventilado,"2,34 m²","0,749 m²",,"0,32",Hidráulica,,"11,3 m","Independente, McPherson",Mola helicoidal,"Independente, multibraço",693 km,491 km,11 km/l,"7,8 km/l",194 mm,,,,,,,,,,,,,,,,,,,,,,,,,,,,,,,,,,,,,,"16,8 graus",18 graus,"21,5 graus",,,,,,,,,,,,,,,
bmw,X1,x1,x1-sdrive20i-2-0-turbo-2014,x1-sdrive20i-2-0-turbo-2014,https://www.fichacompleta.com.br/carros/bmw/x1-sdrive20i-2-0-turbo-2014,2026-06-18T16:05:09.430578,Bmw X1 sDrive20i 2.0 Turbo 2014,"7,7 s",205 km/h,,Injeção direta,Turbocompressor,1997 cm³,4 em linha,N20B20,"Duplo no cabeçote, corrente",,,Longitudinal,Dianteiro,"8,6 kg/cv","57,6 kg/kgfm","92,1 cv/litro",184 cv a 5000 rpm,10:1,,,"13,8 kgfm/litro","27,5 kgfm a 1250 rpm",4,Admissão e escape,Conversor de torque,Automático,ZF 8HP,,8,Traseira,1545 mm,1500 mm,1529 mm,,4454 mm,2760 mm,1798 mm,1585 kg,420 litros,,,63 litros,113 mm,Disco ventilado,Disco ventilado,"2,36 m²","0,779 m²",,"0,33",Hidráulica,,"11,3 m","Independente, McPherson",Mola helicoidal,"Independente, multibraço",756 km,542 km,12 km/l,"8,6 km/l",179 mm,,,,,,,,"90,1 mm",84 mm,,,,,,,,,,,,,,,,,,,,,,,,,,,,,"16,8 graus",18 graus,"21,5 graus",,,,,,,,,,,,,,,
bmw,X1,x1,x1-xdrive28i-2-0-turbo-2014,x1-xdrive28i-2-0-turbo-2014,https://www.fichacompleta.com.br/carros/bmw/x1-xdrive28i-2-0-turbo-2014,2026-06-18T16:05:13.818094,Bmw X1 xDrive28i 2.0 Turbo 2014,"6,5 s",240 km/h,Corrente,Injeção direta,Turbocompressor,1997 cm³,4 em linha,N20B20,Duplo no cabeçote,"90,1 mm",84 mm,Longitudinal,Dianteiro,"6,5 kg/cv","44,7 kg/kgfm","122,7 cv/litro",245 cv,10:1,,,"17,9 kgfm/litro","35,7 kgfm",4,Admissão e escape,Conversor de torque,Automático,ZF 8HP,8,,Integral sob demanda,1545 mm,1500 mm,1529 mm,550 kg,4454 mm,2760 mm,1798 mm,1595 kg,420 litros,2000 kg,750 kg,63 litros,113 mm,Disco ventilado,Disco ventilado,"2,34 m²","0,796 m²","0,34",,Hidráulica,"11,8 m",,"Indep., braços sobrepostos",Mola helicoidal,"Indep., multibraço",693 km,504 km,11 km/l,8 km/l,194 mm,,5000 rpm,1250 rpm,,,,,,,,,,,,,,,,,,,,,,,,,,,,,,,,,,,"16,8 graus",18 graus,"21,5 graus",,,,,,,,,,,,,,,
bmw,X1,x1,x1-sdrive20i-2-0-turbo-2015,x1-sdrive20i-2-0-turbo-2015,https://www.fichacompleta.com.br/carros/bmw/x1-sdrive20i-2-0-turbo-2015,2026-06-18T16:05:17.525230,Bmw X1 sDrive20i 2.0 Turbo 2015,"7,7 s",205 km/h,Corrente,Injeção direta,Turbocompressor,1997 cm³,4 em linha,N20B20,Duplo no cabeçote,"90,1 mm",84 mm,Longitudinal,Dianteiro,"8,6 kg/cv","57,6 kg/kgfm","92,1 cv/litro",184 cv (A) 184 cv (G) a 5000 rpm,10:1,5000 rpm,1250 rpm,"13,8 kgfm/litro","27,5 kgfm (A) 27,5 kgfm (G) a 1250 rpm",4,Admissão e escape,Conversor de torque,Automático,ZF 8HP,8,8,Traseira,1545 mm,1500 mm,1529 mm,,4454 mm,2760 mm,1798 mm,1585 kg,420 litros,,,63 litros,113 mm,Disco ventilado,Disco ventilado,"2,36 m²","0,779 m²","0,33","0,33",Hidráulica,"11,3 m","11,3 m","Indep., McPherson",Mola helicoidal,"Indep., multibraço",737 km,529 km,"11,7 km/l","8,4 km/l",179 mm,,,,,,,,,,510 km,378 km,"8,1 km/l",6 km/l,184 cv,184 cv,"27,5 kgfm","27,5 kgfm",,,,,,,,,,,,,,,,,,,,,"16,8 graus",18 graus,"21,5 graus",,,,,,,,,,,,,,,
bmw,X1,x1,x1-sdrive20i-x-line-2-0-turbo-2015,x1-sdrive20i-x-line-2-0-turbo-2015,https://www.fichacompleta.com.br/carros/bmw/x1-sdrive20i-x-line-2-0-turbo-2015,2026-06-18T16:05:21.499410,Bmw X1 sDrive20i X-Line 2.0 Turbo 2015,"7,7 s",205 km/h,Corrente,Injeção direta,Turbocompressor,,4 em linha,N20B20,Duplo no cabeçote,"90,1 mm",84 mm,Longitudinal,Dianteiro,"8,61 kg/cv","57,6 kg/kgfm","92,1 cv/litro",,10:1,,,"13,8 kgfm/litro",,4,Admissão e escape,Conversor de torque,Automático,ZF 8HP,8,,Traseira,1545 mm,1500 mm,1529 mm,,4454 mm,2760 mm,1798 mm,1585 kg,420 litros,,,63 litros,113 mm,Disco ventilado,Disco ventilado,"2,36 m²","0,779 m²","0,33",,Hidráulica,"11,3 m",,"Indep., McPherson",Mola helicoidal,"Indep., multibraço",737 km,529 km,"11,7 km/l","8,4 km/l",179 mm,,5000 rpm,1250 rpm,499 cm³,1997 cm³,,,,,510 km,378 km,"8,1 km/l",6 km/l,184 cv,184 cv,"27,5 kgfm","27,5 kgfm",,,,,,,,,,,,,,,,,,,,,"16,8 graus",18 graus,"21,5 graus",,,,,,,,,,,,,,,
bmw,X1,x1,x1-xdrive28i-2-0-turbo-2015,x1-xdrive28i-2-0-turbo-2015,https://www.fichacompleta.com.br/carros/bmw/x1-xdrive28i-2-0-turbo-2015,2026-06-18T16:05:25.553878,Bmw X1 xDrive28i 2.0 Turbo 2015,"6,4 s",240 km/h,Corrente,Injeção direta,Turbocompressor,1997 cm³,4 em linha,N20B20,Duplo no cabeçote,"90,1 mm",84 mm,Longitudinal,Dianteiro,"6,5 kg/cv","44,7 kg/kgfm","122,7 cv/litro",245 cv (A) 245 cv (G) a 5000 rpm,10:1,5000 rpm,1250 rpm,"17,9 kgfm/litro","35,7 kgfm (A) 35,7 kgfm (G) a 1250 rpm",4,Admissão e escape,Conversor de torque,Automático,ZF 8HP,8,8,Integral sob demanda,1545 mm,1500 mm,1529 mm,555 kg,4477 mm,2760 mm,1798 mm,1595 kg,420 litros,2000 kg,750 kg,63 litros,113 mm,Disco ventilado,Disco ventilado,"2,34 m²","0,772 m²","0,33","0,33",Hidráulica,"11,8 m","11,8 m","Indep., braços sobrepostos",Mola helicoidal,"Indep., multibraço",693 km,504 km,11 km/l,8 km/l,194 mm,,,,,,,,,,473 km,334 km,"7,5 km/l","5,3 km/l",245 cv,245 cv,"35,7 kgfm","35,7 kgfm",,,,,,,,,,,,,,,,,,,,,"16,8 graus",18 graus,"21,5 graus",,,,,,,,,,,,,,,
bmw,X1,x1,x1-sdrive20i-2-0-turbo-2016,x1-sdrive20i-2-0-turbo-2016,https://www.fichacompleta.com.br/carros/bmw/x1-sdrive20i-2-0-turbo-2016,2026-06-18T16:05:28.528622,Bmw X1 sDrive20i 2.0 Turbo 2016,"7,7 s",225 km/h,,Injeção direta,Turbocompressor,1998 cm³,4 em linha,B48A20M0,"Duplo no cabeçote, corrente","94,6 mm",82 mm,Transversal,Dianteiro,"7,7 kg/cv","52,1 kg/kgfm","96,1 cv/litro",192 cv a 5000 rpm,11:1,,,"14,3 kgfm/litro","28,5 kgfm a 1250 rpm",4,Admissão e escape,Conversor de torque,Automático,Aisin AWF835,,8,Dianteira,1612 mm,1561 mm,1562 mm,590 kg,4439 mm,2670 mm,1821 mm,1485 kg,505 litros,1800 kg,750 kg,61 litros,113 mm,Disco ventilado,Disco ventilado,"2,5 m²","0,750 m²",,"0,3",Eletro-hidráulica,,"11,4 m","Independente, McPherson",Mola helicoidal,"Independente, multibraço",817 km,634 km,"13,4 km/l","10,4 km/l",183 mm,,,,,,,Hidráulicos,,,,,,,,,,,,,,,,,,,,,,,,,,,,,,,,,,,,,,,,,,,,,,,,
bmw,X1,x1,x1-xdrive25i-2-0-turbo-2016,x1-xdrive25i-2-0-turbo-2016,https://www.fichacompleta.com.br/carros/bmw/x1-xdrive25i-2-0-turbo-2016,2026-06-18T16:05:31.008685,Bmw X1 xDrive25i 2.0 Turbo 2016,"6,5 s",235 km/h,,Injeção direta,Turbocompressor,1998 cm³,4 em linha,B48A20O0,"Duplo no cabeçote, corrente","94,6 mm",82 mm,Transversal,Dianteiro,"6,7 kg/cv","43,1 kg/kgfm","115,6 cv/litro",231 cv a 5000 rpm,11:1,,,"17,9 kgfm/litro","35,7 kgfm a 1250 rpm",4,Admissão e escape,Conversor de torque,Automático,Aisin AWF835,,8,Integral sob demanda,1612 mm,1561 mm,1562 mm,600 kg,4439 mm,2670 mm,1821 mm,1540 kg,505 litros,2000 kg,750 kg,61 litros,101 mm,Disco ventilado,Disco ventilado,"2,5 m²","0,775 m²",,"0,31",Eletro-hidráulica,,"11,4 m","Independente, McPherson",Mola helicoidal,"Independente, multibraço",805 km,573 km,"13,2 km/l","9,4 km/l",183 mm,,,,,,,Hidráulicos,,,,,,,,,,,,,,,,,,,,,,,,,,,,,,,,,,,,,,,,,,,,,,,,
bmw,X1,x1,x1-sdrive20i-2-0-turbo-2017,x1-sdrive20i-2-0-turbo-2017,https://www.fichacompleta.com.br/carros/bmw/x1-sdrive20i-2-0-turbo-2017,2026-06-18T16:05:33.437410,Bmw X1 sDrive20i 2.0 Turbo 2017,"7,7 s",225 km/h,,Injeção direta,Turbocompressor,1998 cm³,4 em linha,B48A20M0,"Duplo no cabeçote, corrente","94,6 mm",82 mm,Transversal,Dianteiro,"7,7 kg/cv","52,1 kg/kgfm","96,1 cv/litro",192 cv (A) 192 cv (G) a 5000 rpm,11:1,,,"14,3 kgfm/litro","28,5 kgfm (A) 28,5 kgfm (G) a 1250 rpm",4,Admissão e escape,Conversor de torque,Automático,Aisin AWF835,,8,Dianteira,1612 mm,1561 mm,1562 mm,590 kg,4439 mm,2670 mm,1821 mm,1485 kg,505 litros,1800 kg,750 kg,61 litros,113 mm,Disco ventilado,Disco ventilado,"2,5 m²","0,750 m²",,"0,3",Eletro-hidráulica,,"11,4 m","Independente, McPherson",Mola helicoidal,"Independente, multibraço",793 km,628 km,13 km/l,"10,3 km/l",183 mm,,,,,,,Hidráulicos,,,549 km,427 km,9 km/l,7 km/l,,,,,,,,,,,,,,,,,,,,,,,,,,,,,,,,,,,,,,,,,,
bmw,X1,x1,x1-sdrive20i-x-line-2-0-2017,x1-sdrive20i-x-line-2-0-2017,https://www.fichacompleta.com.br/carros/bmw/x1-sdrive20i-x-line-2-0-2017,2026-06-18T16:05:37.484850,Bmw X1 sDrive20i X-Line 2.0 2017,"7,7 s",225 km/h,Corrente,Injeção direta,Turbocompressor,1998 cm³,4 em linha,B48A20M0,Duplo no cabeçote,"94,6 mm",82 mm,Transversal,Dianteiro,"7,7 kg/cv","52,1 kg/kgfm","96,1 cv/litro",,11:1,,,"14,3 kgfm/litro",,4,Admissão e escape,Conversor de torque,Automático,Aisin AWF835,8,,Dianteira,1612 mm,1561 mm,1562 mm,590 kg,4439 mm,2670 mm,1821 mm,1485 kg,505 litros,1800 kg,750 kg,61 litros,113 mm,Disco ventilado,Disco ventilado,"2,5 m²","0,750 m²","0,3",,Eletro-hidráulica,"11,4 m",,"Indep., McPherson",Mola helicoidal,"Indep., multibraço",738 km,610 km,"12,1 km/l",10 km/l,183 mm,,5000 rpm,1250 rpm,,,,Hidráulicos,,,512 km,421 km,"8,4 km/l","6,9 km/l",192 cv,192 cv,"28,5 kgfm","28,5 kgfm",,,,,,,,,,,,,,,,,,,,,,,,,,,,,,,,,,,,,,
bmw,X1,x1,x1-sdrive20i-x-line-2-0-2017-flex,x1-sdrive20i-x-line-2-0-2017-flex,https://www.fichacompleta.com.br/carros/bmw/x1-sdrive20i-x-line-2-0-2017-flex,2026-06-18T16:05:40.188359,Bmw X1 sDrive20i X-Line 2.0 2017,"7,7 s",225 km/h,Corrente,Injeção direta,Turbocompressor,,4 em linha,B48A20M0,Duplo no cabeçote,"94,6 mm",82 mm,Transversal,Dianteiro,"7,73 kg/cv","52,1 kg/kgfm","96,1 cv/litro",,11:1,,,"14,3 kgfm/litro",,4,Admissão e escape,Conversor de torque,Automático,Aisin AWF835,8,,Dianteira,1612 mm,1561 mm,1562 mm,590 kg,4439 mm,2670 mm,1821 mm,1485 kg,505 litros,1800 kg,750 kg,61 litros,113 mm,Disco ventilado,Disco ventilado,"2,5 m²","0,750 m²","0,3",,Eletro-hidráulica,"11,4 m",,"Indep., McPherson",Mola helicoidal,"Indep., multibraço",738 km,610 km,"12,1 km/l",10 km/l,183 mm,,5000 rpm,1250 rpm,500 cm³,1998 cm³,,Hidráulicos,,,512 km,421 km,"8,4 km/l","6,9 km/l",192 cv,192 cv,"28,5 kgfm","28,5 kgfm",,,,,,,,,,,,,,,,,,,,,,,,,,,,,,,,,,,,,,
bmw,X1,x1,x1-xdrive25i-2-0-turbo-2017,x1-xdrive25i-2-0-turbo-2017,https://www.fichacompleta.com.br/carros/bmw/x1-xdrive25i-2-0-turbo-2017,2026-06-18T16:05:42.779053,Bmw X1 xDrive25i 2.0 Turbo 2017,"6,5 s",235 km/h,,Injeção direta,Turbocompressor,1998 cm³,4 em linha,B48A20O0,"Duplo no cabeçote, corrente","94,6 mm",82 mm,Transversal,Dianteiro,"6,7 kg/cv","43,1 kg/kgfm","115,6 cv/litro",231 cv (A) 231 cv (G) a 5000 rpm,11:1,,,"17,9 kgfm/litro","35,7 kgfm (A) 35,7 kgfm (G) a 1250 rpm",4,Admissão e escape,Conversor de torque,Automático,Aisin AWF835,,8,Integral sob demanda,1612 mm,1561 mm,1562 mm,600 kg,4439 mm,2670 mm,1821 mm,1540 kg,505 litros,2000 kg,750 kg,61 litros,101 mm,Disco ventilado,Disco ventilado,"2,5 m²","0,775 m²",,"0,31",Eletro-hidráulica,,"11,4 m","Independente, McPherson",Mola helicoidal,"Independente, multibraço",702 km,573 km,"11,5 km/l","9,4 km/l",183 mm,,,,,,,Hidráulicos,,,494 km,403 km,"8,1 km/l","6,6 km/l",,,,,,,,,,,,,,,,,,,,,,,,,,,,,,,,,,,,,,,,,,
bmw,X1,x1,x1-sdrive20i-2-0-turbo-2018,x1-sdrive20i-2-0-turbo-2018,https://www.fichacompleta.com.br/carros/bmw/x1-sdrive20i-2-0-turbo-2018,2026-06-18T16:05:45.150498,Bmw X1 sDrive20i 2.0 Turbo 2018,"7,7 s",225 km/h,,Injeção direta,Turbocompressor,1998 cm³,4 em linha,B48A20M0,"Duplo no cabeçote, corrente","94,6 mm",82 mm,Transversal,Dianteiro,"7,7 kg/cv","52,1 kg/kgfm","96,1 cv/litro",192 cv (A) 192 cv (G) a 5000 rpm,11:1,,,"14,3 kgfm/litro","28,5 kgfm (A) 28,5 kgfm (G) a 1250 rpm",4,Admissão e escape,Conversor de torque,Automático,Aisin AWF835,,8,Dianteira,1612 mm,1561 mm,1562 mm,590 kg,4439 mm,2670 mm,1821 mm,1485 kg,505 litros,1800 kg,750 kg,61 litros,113 mm,Disco ventilado,Disco ventilado,"2,5 m²","0,750 m²",,"0,3",Eletro-hidráulica,,"11,4 m","Independente, McPherson",Mola helicoidal,"Independente, multibraço",738 km,610 km,"12,1 km/l",10 km/l,183 mm,,,,,,,Hidráulicos,,,512 km,421 km,"8,4 km/l","6,9 km/l",,,,,,,,,,,,,,,,,,,,,,,,,,,,,,,,,,,,,,,,,,
bmw,X1,x1,x1-sdrive20i-x-line-2-0-turbo-2018,x1-sdrive20i-x-line-2-0-turbo-2018,https://www.fichacompleta.com.br/carros/bmw/x1-sdrive20i-x-line-2-0-turbo-2018,2026-06-18T16:05:47.619773,Bmw X1 sDrive20i X-Line 2.0 Turbo 2018,"7,7 s",225 km/h,,Injeção direta,Turbocompressor,1998 cm³,4 em linha,B48A20M0,"Duplo no cabeçote, corrente","94,6 mm",82 mm,Transversal,Dianteiro,"7,7 kg/cv","52,1 kg/kgfm","96,1 cv/litro",192 cv (A) 192 cv (G) a 5000 rpm,11:1,,,"14,3 kgfm/litro","28,5 kgfm (A) 28,5 kgfm (G) a 1250 rpm",4,Admissão e escape,Conversor de torque,Automático,Aisin AWF835,,8,Dianteira,1612 mm,1561 mm,1562 mm,590 kg,4439 mm,2670 mm,1821 mm,1485 kg,505 litros,1800 kg,750 kg,61 litros,113 mm,Disco ventilado,Disco ventilado,"2,5 m²","0,750 m²",,"0,3",Eletro-hidráulica,,"11,4 m","Independente, McPherson",Mola helicoidal,"Independente, multibraço",738 km,610 km,"12,1 km/l",10 km/l,183 mm,,,,,,,Hidráulicos,,,512 km,421 km,"8,4 km/l","6,9 km/l",,,,,,,,,,,,,,,,,,,,,,,,,,,,,,,,,,,,,,,,,,
bmw,X1,x1,x1-xdrive25i-2-0-turbo-2018,x1-xdrive25i-2-0-turbo-2018,https://www.fichacompleta.com.br/carros/bmw/x1-xdrive25i-2-0-turbo-2018,2026-06-18T16:05:50.015236,Bmw X1 xDrive25i 2.0 Turbo 2018,"6,5 s",235 km/h,,Injeção direta,Turbocompressor,1998 cm³,4 em linha,B48A20O0,"Duplo no cabeçote, corrente","94,6 mm",82 mm,Transversal,Dianteiro,"6,7 kg/cv","43,1 kg/kgfm","115,6 cv/litro",231 cv (A) 231 cv (G) a 5000 rpm,11:1,,,"17,9 kgfm/litro","35,7 kgfm (A) 35,7 kgfm (G) a 1250 rpm",4,Admissão e escape,Conversor de torque,Automático,Aisin AWF835,,8,Integral sob demanda,1612 mm,1561 mm,1562 mm,600 kg,4439 mm,2670 mm,1821 mm,1540 kg,505 litros,2000 kg,750 kg,61 litros,101 mm,Disco ventilado,Disco ventilado,"2,5 m²","0,775 m²",,"0,31",Eletro-hidráulica,,"11,4 m","Independente, McPherson",Mola helicoidal,"Independente, multibraço",695 km,573 km,"11,4 km/l","9,4 km/l",183 mm,,,,,,,Hidráulicos,,,494 km,403 km,"8,1 km/l","6,6 km/l",,,,,,,,,,,,,,,,,,,,,,,,,,,,,,,,,,,,,,,,,,
bmw,X1,x1,x1-sdrive20i-2-0-turbo-2019,x1-sdrive20i-2-0-turbo-2019,https://www.fichacompleta.com.br/carros/bmw/x1-sdrive20i-2-0-turbo-2019,2026-06-18T16:05:54.075363,Bmw X1 sDrive20i 2.0 Turbo 2019,"7,7 s",225 km/h,,Injeção direta,Turbocompressor,1998 cm³,4 em linha,B48A20M0,"Duplo no cabeçote, corrente","94,6 mm",82 mm,Transversal,Dianteiro,"7,7 kg/cv","52,1 kg/kgfm","96,1 cv/litro",192 cv (A) 192 cv (G) a 5000 rpm,11:1,,,"14,3 kgfm/litro","28,5 kgfm (A) 28,5 kgfm (G) a 1250 rpm",4,Admissão e escape,Conversor de torque,Automático,Aisin AWF835,,8,Dianteira,1612 mm,1561 mm,1562 mm,590 kg,4439 mm,2670 mm,1821 mm,1485 kg,505 litros,1800 kg,750 kg,61 litros,113 mm,Disco ventilado,Disco ventilado,"2,5 m²","0,750 m²",,"0,3",Eletro-hidráulica,,"11,4 m","Independente, McPherson",Mola helicoidal,"Independente, multibraço",738 km,610 km,"12,1 km/l",10 km/l,183 mm,,,,,,,Hidráulicos,,,512 km,421 km,"8,4 km/l","6,9 km/l",,,,,,,,,,,,,,,,,,,,,,,,,,,,,,,,,,,,,,,,,,
bmw,X1,x1,x1-sdrive20i-x-line-2-0-turbo-2019,x1-sdrive20i-x-line-2-0-turbo-2019,https://www.fichacompleta.com.br/carros/bmw/x1-sdrive20i-x-line-2-0-turbo-2019,2026-06-18T16:05:56.679543,Bmw X1 sDrive20i X-Line 2.0 Turbo 2019,"7,7 s",225 km/h,Corrente,Injeção direta,Turbocompressor,1998 cm³,4 em linha,B48A20M0,Duplo no cabeçote,"94,6 mm",82 mm,Transversal,Dianteiro,"7,7 kg/cv","52,1 kg/kgfm","96,1 cv/litro",,11:1,,,"14,3 kgfm/litro",,4,Admissão e escape,Conversor de torque,Automático,Aisin AWF835,8,,Dianteira,1612 mm,1561 mm,1562 mm,590 kg,4439 mm,2670 mm,1821 mm,1485 kg,505 litros,1800 kg,750 kg,61 litros,113 mm,Disco ventilado,Disco ventilado,"2,5 m²","0,750 m²","0,3",,Eletro-hidráulica,"11,4 m",,"Indep., McPherson",Mola helicoidal,"Indep., multibraço",738 km,610 km,"12,1 km/l",10 km/l,183 mm,,5000 rpm,1250 rpm,,,,Hidráulicos,,,512 km,421 km,"8,4 km/l","6,9 km/l",192 cv,192 cv,"28,5 kgfm","28,5 kgfm",,,,,,,,,,,,,,,,,,,,,,,,,,,,,,,,,,,,,,
bmw,X1,x1,x1-xdrive25i-2-0-turbo-2019,x1-xdrive25i-2-0-turbo-2019,https://www.fichacompleta.com.br/carros/bmw/x1-xdrive25i-2-0-turbo-2019,2026-06-18T16:05:59.878141,Bmw X1 xDrive25i 2.0 Turbo 2019,"6,5 s",235 km/h,,Injeção direta,Turbocompressor,1998 cm³,4 em linha,B48A20O0,"Duplo no cabeçote, corrente","94,6 mm",82 mm,Transversal,Dianteiro,"6,7 kg/cv","43,1 kg/kgfm","115,6 cv/litro",231 cv (A) 231 cv (G) a 5000 rpm,11:1,,,"17,9 kgfm/litro","35,7 kgfm (A) 35,7 kgfm (G) a 1250 rpm",4,Admissão e escape,Conversor de torque,Automático,Aisin AWF835,,8,Integral sob demanda,1612 mm,1561 mm,1562 mm,600 kg,4439 mm,2670 mm,1821 mm,1540 kg,505 litros,2000 kg,750 kg,61 litros,101 mm,Disco ventilado,Disco ventilado,"2,5 m²","0,775 m²",,"0,31",Eletro-hidráulica,,"11,4 m","Independente, McPherson",Mola helicoidal,"Independente, multibraço",695 km,573 km,"11,4 km/l","9,4 km/l",183 mm,,,,,,,Hidráulicos,,,494 km,403 km,"8,1 km/l","6,6 km/l",,,,,,,,,,,,,,,,,,,,,,,,,,,,,,,,,,,,,,,,,,
bmw,X1,x1,x1-sdrive20i-2-0-turbo-2020,x1-sdrive20i-2-0-turbo-2020,https://www.fichacompleta.com.br/carros/bmw/x1-sdrive20i-2-0-turbo-2020,2026-06-18T16:06:02.668678,Bmw X1 sDrive20i 2.0 Turbo 2020,"7,7 s",225 km/h,Corrente,Injeção direta,Turbocompressor,1998 cm³,4 em linha,B48A20M0,Duplo no cabeçote,"94,6 mm",82 mm,Transversal,Dianteiro,"7,7 kg/cv","52,1 kg/kgfm","96,1 cv/litro",,11:1,,,"14,3 kgfm/litro",,4,Admissão e escape,Conversor de torque,Automático,Aisin AWF835,8,,Dianteira,1598 mm,1561 mm,1562 mm,590 kg,4439 mm,2670 mm,1821 mm,1485 kg,505 litros,1800 kg,750 kg,61 litros,113 mm,Disco ventilado,Disco ventilado,"2,47 m²","0,741 m²","0,3",,Eletro-hidráulica,"11,4 m",,"Indep., McPherson",Mola helicoidal,"Indep., multibraço",738 km,610 km,"12,1 km/l",10 km/l,183 mm,,5000 rpm,1250 rpm,,,,Hidráulicos,,,512 km,421 km,"8,4 km/l","6,9 km/l",192 cv,192 cv,"28,5 kgfm","28,5 kgfm",,,,,,,,,,,,,,,,,,,,,,,,,,,,,,,,,,,,,,
bmw,X1,x1,x1-sdrive20i-x-line-2-0-turbo-2020,x1-sdrive20i-x-line-2-0-turbo-2020,https://www.fichacompleta.com.br/carros/bmw/x1-sdrive20i-x-line-2-0-turbo-2020,2026-06-18T16:06:05.121038,Bmw X1 sDrive20i X-Line 2.0 Turbo 2020,"7,7 s",225 km/h,Corrente,Injeção direta,Turbocompressor,1998 cm³,4 em linha,B48A20M0,Duplo no cabeçote,"94,6 mm",82 mm,Transversal,Dianteiro,"7,7 kg/cv","52,1 kg/kgfm","96,1 cv/litro",,11:1,,,"14,3 kgfm/litro",,4,Admissão e escape,Conversor de torque,Automático,Aisin AWF835,8,,Dianteira,1598 mm,1561 mm,1562 mm,590 kg,4439 mm,2670 mm,1821 mm,1485 kg,505 litros,1800 kg,750 kg,61 litros,113 mm,Disco ventilado,Disco ventilado,"2,47 m²","0,741 m²","0,3",,Eletro-hidráulica,"11,4 m",,"Indep., McPherson",Mola helicoidal,"Indep., multibraço",738 km,610 km,"12,1 km/l",10 km/l,183 mm,,5000 rpm,1250 rpm,,,,Hidráulicos,,,512 km,421 km,"8,4 km/l","6,9 km/l",192 cv,192 cv,"28,5 kgfm","28,5 kgfm",,,,,,,,,,,,,,,,,,,,,,,,,,,,,,,,,,,,,,
bmw,X1,x1,x1-xdrive25i-2-0-turbo-2020,x1-xdrive25i-2-0-turbo-2020,https://www.fichacompleta.com.br/carros/bmw/x1-xdrive25i-2-0-turbo-2020,2026-06-18T16:06:09.564475,Bmw X1 xDrive25i 2.0 Turbo 2020,"6,5 s",235 km/h,Corrente,Injeção direta,Turbocompressor,1998 cm³,4 em linha,B48A20O0,Duplo no cabeçote,"94,6 mm",82 mm,Transversal,Dianteiro,"6,7 kg/cv","43,1 kg/kgfm","115,6 cv/litro",,11:1,,,"17,9 kgfm/litro",,4,Admissão e escape,Conversor de torque,Automático,Aisin AWF835,8,,Integral sob demanda,1598 mm,1561 mm,1562 mm,600 kg,4439 mm,2670 mm,1821 mm,1540 kg,505 litros,2000 kg,750 kg,61 litros,101 mm,Disco ventilado,Disco ventilado,"2,47 m²","0,766 m²","0,31",,Eletro-hidráulica,"11,4 m",,"Indep., McPherson",Mola helicoidal,"Indep., multibraço",695 km,573 km,"11,4 km/l","9,4 km/l",183 mm,,5000 rpm,1250 rpm,,,,Hidráulicos,,,494 km,403 km,"8,1 km/l","6,6 km/l",231 cv,231 cv,"35,7 kgfm","35,7 kgfm",,,,,,,,,,,,,,,,,,,,,,,,,,,,,,,,,,,,,,
bmw,X1,x1,x1-sdrive20i-2-0-turbo-2021,x1-sdrive20i-2-0-turbo-2021,https://www.fichacompleta.com.br/carros/bmw/x1-sdrive20i-2-0-turbo-2021,2026-06-18T16:06:12.155267,Bmw X1 sDrive20i 2.0 Turbo 2021,"7,7 s",225 km/h,Corrente,Injeção direta,Turbocompressor,1998 cm³,4 em linha,B48A20M0,Duplo no cabeçote,"94,6 mm",82 mm,Transversal,Dianteiro,"7,7 kg/cv","52,1 kg/kgfm","96,1 cv/litro",,11:1,,,"14,3 kgfm/litro",,4,Admissão e escape,Conversor de torque,Automático,Aisin AWF835,8,,Dianteira,1598 mm,1561 mm,1562 mm,590 kg,4439 mm,2670 mm,1821 mm,1485 kg,505 litros,1800 kg,750 kg,61 litros,113 mm,Disco ventilado,Disco ventilado,"2,47 m²","0,741 m²","0,3",,Eletro-hidráulica,"11,4 m",,"Indep., McPherson",Mola helicoidal,"Indep., multibraço",738 km,592 km,"12,1 km/l","9,7 km/l",183 mm,,5000 rpm,1250 rpm,,,,Hidráulicos,,,500 km,403 km,"8,2 km/l","6,6 km/l",192 cv,192 cv,"28,5 kgfm","28,5 kgfm",,,,,,,,,,,,,,,,,,,,,,,,,,,,,,,,,,,,,,
bmw,X1,x1,x1-sdrive20i-m-sport-25-anos-2-0-2021,x1-sdrive20i-m-sport-25-anos-2-0-2021,https://www.fichacompleta.com.br/carros/bmw/x1-sdrive20i-m-sport-25-anos-2-0-2021,2026-06-18T16:06:16.481103,Bmw X1 sDrive20i M Sport 25 anos 2.0 2021,"7,7 s",225 km/h,Corrente,Injeção direta,Turbocompressor,1998 cm³,4 em linha,B48A20M0,Duplo no cabeçote,"94,6 mm",82 mm,Transversal,Dianteiro,"7,7 kg/cv","52,1 kg/kgfm","96,1 cv/litro",,11:1,,,"14,3 kgfm/litro",,4,Admissão e escape,Conversor de torque,Automático,Aisin AWF835,8,,Dianteira,1598 mm,1561 mm,1562 mm,590 kg,4439 mm,2670 mm,1821 mm,1485 kg,505 litros,1800 kg,750 kg,61 litros,101 mm,Disco ventilado,Disco ventilado,"2,47 m²","0,741 m²","0,3",,Eletro-hidráulica,"11,4 m",,"Indep., McPherson",Mola helicoidal,"Indep., multibraço",738 km,592 km,"12,1 km/l","9,7 km/l",183 mm,,5000 rpm,1250 rpm,,,,Hidráulicos,,,500 km,403 km,"8,2 km/l","6,6 km/l",192 cv,192 cv,"28,5 kgfm","28,5 kgfm",,,,,,,,,,,,,,,,,,,,,,,,,,,,,,,,,,,,,,
bmw,X1,x1,x1-sdrive20i-x-line-2-0-turbo-2021,x1-sdrive20i-x-line-2-0-turbo-2021,https://www.fichacompleta.com.br/carros/bmw/x1-sdrive20i-x-line-2-0-turbo-2021,2026-06-18T16:06:18.902926,Bmw X1 sDrive20i X-Line 2.0 Turbo 2021,"7,7 s",225 km/h,,Injeção direta,Turbocompressor,1998 cm³,4 em linha,B48A20M0,"Duplo no cabeçote, corrente",,,Transversal,Dianteiro,"7,7 kg/cv","52,1 kg/kgfm","96,1 cv/litro",192 cv (A) 192 cv (G) a 5000 rpm,11:1,,,"14,3 kgfm/litro","28,5 kgfm (A) 28,5 kgfm (G) a 1250 rpm",4,Admissão e escape,Conversor de torque,Automático,Aisin AWF835,,8,Dianteira,1598 mm,1561 mm,1562 mm,590 kg,4439 mm,2670 mm,1821 mm,1485 kg,505 litros,1800 kg,750 kg,61 litros,113 mm,Disco ventilado,Disco ventilado,"2,47 m²","0,741 m²",,"0,3",Eletro-hidráulica,,"11,4 m","Independente, McPherson",Mola helicoidal,"Independente, multibraço",738 km,610 km,"12,1 km/l",10 km/l,183 mm,,,,,,,Hidráulicos,"94,6 mm",82 mm,512 km,421 km,"8,4 km/l","6,9 km/l",,,,,,,,,,,,,,,,,,,,,,,,,,,,,,,,,,,,,,,,,,
bmw,X1,x1,x1-xdrive25i-2-0-turbo-2021,x1-xdrive25i-2-0-turbo-2021,https://www.fichacompleta.com.br/carros/bmw/x1-xdrive25i-2-0-turbo-2021,2026-06-18T16:06:22.224941,Bmw X1 xDrive25i 2.0 Turbo 2021,"6,5 s",235 km/h,,Injeção direta,Turbocompressor,1998 cm³,4 em linha,B48A20O0,"Duplo no cabeçote, corrente",,,Transversal,Dianteiro,"6,7 kg/cv","43,1 kg/kgfm","115,6 cv/litro",231 cv (A) 231 cv (G) a 5000 rpm,11:1,,,"17,9 kgfm/litro","35,7 kgfm (A) 35,7 kgfm (G) a 1250 rpm",4,Admissão e escape,Conversor de torque,Automático,Aisin AWF835,,8,Integral sob demanda,1598 mm,1561 mm,1562 mm,600 kg,4439 mm,2670 mm,1821 mm,1540 kg,505 litros,2000 kg,750 kg,61 litros,101 mm,225/45 R19,225/45 R19,"2,47 m²",,,"0,31",Eletro-hidráulica,,"11,4 m","Independente, McPherson",Mola helicoidal,"Independente, multibraço",695 km,573 km,"11,4 km/l","9,4 km/l",,,,,,,,Hidráulicos,"94,6 mm",82 mm,494 km,403 km,"8,1 km/l","6,6 km/l",,,,,,,,,,,,,,,,,,,,,,,,,,,,,,,,,,,,,,,,,,
bmw,X1,x1,x1-sdrive20i-2-0-2022,x1-sdrive20i-2-0-2022,https://www.fichacompleta.com.br/carros/bmw/x1-sdrive20i-2-0-2022,2026-06-18T16:06:25.940089,Bmw X1 sDrive20i 2.0 2022,"7,7 s",225 km/h,Corrente,Injeção direta,Turbocompressor,1998 cm³,4 em linha,B48A20M0,Duplo no cabeçote,"94,6 mm",82 mm,Transversal,Dianteiro,"7,7 kg/cv","52,1 kg/kgfm","96,1 cv/litro",,11:1,5000 rpm,1250 rpm,"14,3 kgfm/litro",,4,Admissão e escape,Conversor de torque,Automático,Aisin AWF835,8,,Dianteira,1598 mm,1561 mm,1562 mm,590 kg,4439 mm,2670 mm,1821 mm,1485 kg,505 litros,1800 kg,750 kg,61 litros,113 mm,Disco ventilado,Disco ventilado,"2,47 m²","0,741 m²","0,3",,Eletro-hidráulica,"11,4 m",,"Indep., McPherson",Mola helicoidal,"Indep., multibraço",744 km,598 km,"12,2 km/l","9,8 km/l",183 mm,,,,,,,Hidráulicos,,,512 km,415 km,"8,4 km/l","6,8 km/l",,,,,,,192 cv,192 cv,"28,5 kgfm","28,5 kgfm",,,,,,,,,,,,,,,,,,,,,,,,,,,,,,,,
bmw,X1,x1,x1-sdrive20i-gp-plus-2-0-2022,x1-sdrive20i-gp-plus-2-0-2022,https://www.fichacompleta.com.br/carros/bmw/x1-sdrive20i-gp-plus-2-0-2022,2026-06-18T16:06:30.190620,Bmw X1 sDrive20i GP Plus 2.0 2022,"7,7 s",225 km/h,Corrente,Injeção direta,Turbocompressor,1998 cm³,4 em linha,B48A20M0,Duplo no cabeçote,"94,6 mm",82 mm,Transversal,Dianteiro,"7,7 kg/cv","52,1 kg/kgfm","96,1 cv/litro",,11:1,5000 rpm,1250 rpm,"14,3 kgfm/litro","28,5 kgfm (A)",4,Admissão e escape,Conversor de torque,Automático,Aisin AWF835,8,,Dianteira,1598 mm,1561 mm,1562 mm,590 kg,4439 mm,2670 mm,1821 mm,1485 kg,505 litros,1800 kg,750 kg,61 litros,113 mm,Disco ventilado,Disco ventilado,"2,47 m²","0,741 m²","0,3",,Eletro-hidráulica,"11,4 m",,"Indep., McPherson",Mola helicoidal,"Indep., multibraço",738 km,592 km,"12,1 km/l","9,7 km/l",183 mm,,,,,,,Hidráulicos,,,500 km,403 km,"8,2 km/l","6,6 km/l",192 cv,192 cv,"28,5 kgfm","28,5 kgfm",,,,,,,,,,,,,,,,,,,,,,,,,,,,,,,,,,,,,,
bmw,X1,x1,x1-sdrive20i-m-sport-2-0-2022,x1-sdrive20i-m-sport-2-0-2022,https://www.fichacompleta.com.br/carros/bmw/x1-sdrive20i-m-sport-2-0-2022,2026-06-18T16:06:34.193772,Bmw X1 sDrive20i M Sport 2.0 2022,"7,7 s",225 km/h,Corrente,Injeção direta,Turbocompressor,1998 cm³,4 em linha,B48A20M0,Duplo no cabeçote,"94,6 mm",82 mm,Transversal,Dianteiro,"7,7 kg/cv","52,1 kg/kgfm","96,1 cv/litro",,11:1,5000 rpm,1250 rpm,"14,3 kgfm/litro",,4,Admissão e escape,Conversor de torque,Automático,Aisin AWF835,8,,Dianteira,1598 mm,1561 mm,1562 mm,590 kg,4439 mm,2670 mm,1821 mm,1485 kg,505 litros,1800 kg,750 kg,61 litros,101 mm,Disco ventilado,Disco ventilado,"2,47 m²","0,741 m²","0,3",,Eletro-hidráulica,"11,4 m",,"Indep., McPherson",Mola helicoidal,"Indep., multibraço",714 km,580 km,"11,7 km/l","9,5 km/l",183 mm,,,,,,,Hidráulicos,,,506 km,409 km,"8,3 km/l","6,7 km/l",,,,,,,192 cv,192 cv,"28,5 kgfm","28,5 kgfm",,,,,,,,,,,,,,,,,,,,,,,,,,,,,,,,
bmw,X1,x1,x1-sdrive20i-m-sport-plus-2-0-2022,x1-sdrive20i-m-sport-plus-2-0-2022,https://www.fichacompleta.com.br/carros/bmw/x1-sdrive20i-m-sport-plus-2-0-2022,2026-06-18T16:06:36.650397,Bmw X1 sDrive20i M Sport Plus 2.0 2022,"7,7 s",225 km/h,Corrente,Injeção direta,Turbocompressor,1998 cm³,4 em linha,B48A20M0,Duplo no cabeçote,"94,6 mm",82 mm,Transversal,Dianteiro,"7,7 kg/cv","52,1 kg/kgfm","96,1 cv/litro",,11:1,5000 rpm,1250 rpm,"14,3 kgfm/litro","28,5 kgfm (A)",4,Admissão e escape,Conversor de torque,Automático,Aisin AWF835,8,,Dianteira,1598 mm,1561 mm,1562 mm,590 kg,4439 mm,2670 mm,1821 mm,1485 kg,505 litros,1800 kg,750 kg,61 litros,101 mm,Disco ventilado,Disco ventilado,"2,47 m²","0,741 m²","0,3",,Eletro-hidráulica,"11,4 m",,"Indep., McPherson",Mola helicoidal,"Indep., multibraço",738 km,592 km,"12,1 km/l","9,7 km/l",183 mm,,,,,,,Hidráulicos,,,500 km,403 km,"8,2 km/l","6,6 km/l",192 cv,192 cv,"28,5 kgfm","28,5 kgfm",,,,,,,,,,,,,,,,,,,,,,,,,,,,,,,,,,,,,,
bmw,X1,x1,x1-sdrive20i-outdoor-2-0-2022,x1-sdrive20i-outdoor-2-0-2022,https://www.fichacompleta.com.br/carros/bmw/x1-sdrive20i-outdoor-2-0-2022,2026-06-18T16:06:39.848902,Bmw X1 sDrive20i Outdoor 2.0 2022,"7,7 s",225 km/h,Corrente,Injeção direta,Turbocompressor,,4 em linha,B48A20M0,Duplo no cabeçote,"94,6 mm",82 mm,Transversal,Dianteiro,"7,73 kg/cv","52,1 kg/kgfm","96,1 cv/litro",,11:1,,,"14,3 kgfm/litro",,4,Admissão e escape,Conversor de torque,Automático,Aisin AWF835,8,,Dianteira,1598 mm,1561 mm,1562 mm,590 kg,4439 mm,2670 mm,1821 mm,1485 kg,505 litros,1800 kg,750 kg,61 litros,113 mm,Disco ventilado,Disco ventilado,"2,47 m²","0,741 m²","0,3",,Eletro-hidráulica,"11,4 m",,"Indep., McPherson",Mola helicoidal,"Indep., multibraço",738 km,592 km,"12,1 km/l","9,7 km/l",183 mm,,5000 rpm,1250 rpm,500 cm³,1998 cm³,,Hidráulicos,,,500 km,403 km,"8,2 km/l","6,6 km/l",192 cv,192 cv,"28,5 kgfm","28,5 kgfm",,,,,,,,,,,,,,,,,,,,,,,,,,,,,,,,,,,,,,
bmw,X1,x1,x1-sdrive20i-x-line-2-0-2022,x1-sdrive20i-x-line-2-0-2022,https://www.fichacompleta.com.br/carros/bmw/x1-sdrive20i-x-line-2-0-2022,2026-06-18T16:06:42.532783,Bmw X1 sDrive20i X-Line 2.0 2022,"7,7 s",225 km/h,Corrente,Injeção direta,Turbocompressor,1998 cm³,4 em linha,B48A20M0,Duplo no cabeçote,"94,6 mm",82 mm,Transversal,Dianteiro,"7,7 kg/cv","52,1 kg/kgfm","96,1 cv/litro",,11:1,5000 rpm,1250 rpm,"14,3 kgfm/litro",,4,Admissão e escape,Conversor de torque,Automático,Aisin AWF835,8,,Dianteira,1598 mm,1561 mm,1562 mm,590 kg,4439 mm,2670 mm,1821 mm,1485 kg,505 litros,1800 kg,750 kg,61 litros,113 mm,Disco ventilado,Disco ventilado,"2,47 m²","0,741 m²","0,3",,Eletro-hidráulica,"11,4 m",,"Indep., McPherson",Mola helicoidal,"Indep., multibraço",714 km,580 km,"11,7 km/l","9,5 km/l",183 mm,,,,,,,Hidráulicos,,,506 km,409 km,"8,3 km/l","6,7 km/l",,,,,,,192 cv,192 cv,"28,5 kgfm","28,5 kgfm",,,,,,,,,,,,,,,,,,,,,,,,,,,,,,,,
bmw,X1,x1,x1-sdrive20i-x-line-plus-2-0-2022,x1-sdrive20i-x-line-plus-2-0-2022,https://www.fichacompleta.com.br/carros/bmw/x1-sdrive20i-x-line-plus-2-0-2022,2026-06-18T16:06:47.149322,Bmw X1 sDrive20i X-Line Plus 2.0 2022,"7,7 s",225 km/h,Corrente,Injeção direta,Turbocompressor,1998 cm³,4 em linha,B48A20M0,Duplo no cabeçote,"94,6 mm",82 mm,Transversal,Dianteiro,"7,7 kg/cv","52,1 kg/kgfm","96,1 cv/litro",,11:1,5000 rpm,1250 rpm,"14,3 kgfm/litro","28,5 kgfm (A)",4,Admissão e escape,Conversor de torque,Automático,Aisin AWF835,8,,Dianteira,1598 mm,1561 mm,1562 mm,590 kg,4439 mm,2670 mm,1821 mm,1485 kg,505 litros,1800 kg,750 kg,61 litros,113 mm,Disco ventilado,Disco ventilado,"2,47 m²","0,741 m²","0,3",,Eletro-hidráulica,"11,4 m",,"Indep., McPherson",Mola helicoidal,"Indep., multibraço",738 km,592 km,"12,1 km/l","9,7 km/l",183 mm,,,,,,,Hidráulicos,,,500 km,403 km,"8,2 km/l","6,6 km/l",192 cv,192 cv,"28,5 kgfm","28,5 kgfm",,,,,,,,,,,,,,,,,,,,,,,,,,,,,,,,,,,,,,
bmw,X1,x1,x1-xdrive25i-2-0-2022,x1-xdrive25i-2-0-2022,https://www.fichacompleta.com.br/carros/bmw/x1-xdrive25i-2-0-2022,2026-06-18T16:06:51.771834,Bmw X1 xDrive25i 2.0 2022,"6,5 s",235 km/h,Corrente,Injeção direta,Turbocompressor,1998 cm³,4 em linha,B48A20O0,Duplo no cabeçote,"94,6 mm",82 mm,Transversal,Dianteiro,"6,7 kg/cv","43,1 kg/kgfm","115,6 cv/litro",,11:1,5000 rpm,1250 rpm,"17,9 kgfm/litro",,4,Admissão e escape,Conversor de torque,Automático,Aisin AWF835,8,,Integral sob demanda,1598 mm,1561 mm,1562 mm,600 kg,4439 mm,2670 mm,1821 mm,1540 kg,505 litros,2000 kg,750 kg,61 litros,101 mm,Disco ventilado,Disco ventilado,"2,47 m²","0,766 m²","0,31",,Eletro-hidráulica,"11,4 m",,"Indep., McPherson",Mola helicoidal,"Indep., multibraço",665 km,537 km,"10,9 km/l","8,8 km/l",183 mm,,,,,,,Hidráulicos,,,464 km,366 km,"7,6 km/l",6 km/l,,,,,,,231 cv,231 cv,"35,7 kgfm","35,7 kgfm",,,,,,,,,,,,,,,,,,,,,,,,,,,,,,,,
bmw,X1,x1,x1-sdrive18i-1-5-2023,x1-sdrive18i-1-5-2023,https://www.fichacompleta.com.br/carros/bmw/x1-sdrive18i-1-5-2023,2026-06-18T16:06:56.446228,Bmw X1 sDrive18i 1.5 2023,"8,3 s",216 km/h,Corrente,Injeção direta,Turbocompressor,,3 em linha,B38A15,Duplo no cabeçote,"94,6 mm",82 mm,Transversal,Dianteiro,"10,42 kg/cv","66,3 kg/kgfm","104,1 cv/litro",156 cv,"11,1:1",,,"16,3 kgfm/litro","24,5 kgfm",4,Admissão e escape,Embreagem dupla banhada a óleo,Automatizado,,7,,Dianteira,1642 mm,1592 mm,1593 mm,570 kg,4500 mm,2692 mm,1845 mm,1625 kg,476 litros,1800 kg,750 kg,45 litros,113 mm,Disco ventilado,Disco ventilado,"2,58 m²","0,671 m²","0,26",,Elétrica,"11,7 m",,"Indep., McPherson",Mola helicoidal,"Indep., multibraço",608 km,513 km,"13,5 km/l","11,4 km/l",205 mm,135/80 R17,4700 rpm,1500 rpm,500 cm³,1499 cm³,6500 rpm,Hidráulicos,,,,,,,,,,,19 cv,"5,6 kgfm",,,,,,"0,96 kWh",,170 cv,"28,5 kgfm",,,,,,,,,,,,,,,,,,,,,,,,,,,
bmw,X1,x1,x1-sdrive20i-m-sport-2-0-2023,x1-sdrive20i-m-sport-2-0-2023,https://www.fichacompleta.com.br/carros/bmw/x1-sdrive20i-m-sport-2-0-2023,2026-06-18T16:07:01.308011,Bmw X1 sDrive20i M Sport 2.0 2023,"7,6 s",236 km/h,Corrente,Injeção direta,Turbocompressor,,4 em linha,B48A20M0,Duplo no cabeçote,"94,6 mm",82 mm,Transversal,Dianteiro,"8,33 kg/cv","52,1 kg/kgfm","102,1 cv/litro",204 cv,11:1,,,"16,3 kgfm/litro","32,6 kgfm",4,Admissão e escape,Embreagem dupla banhada a óleo,Automatizado,,7,,Dianteira,1642 mm,1592 mm,1593 mm,565 kg,4500 mm,2692 mm,1845 mm,1700 kg,476 litros,1800 kg,750 kg,45 litros,98 mm,Disco ventilado,Disco ventilado,"2,58 m²","0,671 m²","0,26",,Elétrica,"11,7 m",,"Indep., McPherson",Mola helicoidal,"Indep., multibraço",581 km,477 km,"12,9 km/l","10,6 km/l",205 mm,135/80 R17,5000 rpm,1500 rpm,500 cm³,1998 cm³,,Hidráulicos,,,,,,,,,,,19 cv,"5,6 kgfm",,,,,,"0,96 kWh",,218 cv,"36,7 kgfm",,,,,,,,,,,,,,,,,,,,,,,,,,,
bmw,X1,x1,x1-sdrive20i-x-line-2-0-2023,x1-sdrive20i-x-line-2-0-2023,https://www.fichacompleta.com.br/carros/bmw/x1-sdrive20i-x-line-2-0-2023,2026-06-18T16:07:05.867242,Bmw X1 sDrive20i X-Line 2.0 2023,"7,6 s",236 km/h,Corrente,Injeção direta,Turbocompressor,,4 em linha,B48A20M0,Duplo no cabeçote,"94,6 mm",82 mm,Transversal,Dianteiro,"8,33 kg/cv","52,1 kg/kgfm","102,1 cv/litro",204 cv,11:1,,,"16,3 kgfm/litro","32,6 kgfm",4,Admissão e escape,Embreagem dupla banhada a óleo,Automatizado,,7,,Dianteira,1642 mm,1592 mm,1593 mm,565 kg,4500 mm,2692 mm,1845 mm,1700 kg,476 litros,1800 kg,750 kg,45 litros,110 mm,Disco ventilado,Disco ventilado,"2,58 m²","0,671 m²","0,26",,Elétrica,"11,7 m",,"Indep., McPherson",Mola helicoidal,"Indep., multibraço",585 km,481 km,13 km/l,"10,7 km/l",205 mm,135/80 R17,5000 rpm,1500 rpm,500 cm³,1998 cm³,,Hidráulicos,,,,,,,,,,,19 cv,"5,6 kgfm",,,,,,"0,96 kWh",,218 cv,"36,7 kgfm",,,,,,,,,,,,,,,,,,,,,,,,,,,
bmw,X1,x1,x1-sdrive18i-1-5-2024,x1-sdrive18i-1-5-2024,https://www.fichacompleta.com.br/carros/bmw/x1-sdrive18i-1-5-2024,2026-06-18T16:07:08.631357,Bmw X1 sDrive18i 1.5 2024,"8,3 s",216 km/h,Corrente,Injeção direta,Turbocompressor,,3 em linha,B38A15,Duplo no cabeçote,"94,6 mm",82 mm,Transversal,Dianteiro,"10,42 kg/cv","66,3 kg/kgfm","104,1 cv/litro",156 cv,"11,1:1",,,"16,3 kgfm/litro","24,5 kgfm",4,Admissão e escape,Embreagem dupla banhada a óleo,Automatizado,,7,,Dianteira,1642 mm,1592 mm,1593 mm,570 kg,4500 mm,2692 mm,1845 mm,1625 kg,476 litros,1800 kg,750 kg,45 litros,113 mm,Disco ventilado,Disco ventilado,"2,58 m²","0,671 m²","0,26",,Elétrica,"11,7 m",,"Indep., McPherson",Mola helicoidal,"Indep., multibraço",608 km,513 km,"13,5 km/l","11,4 km/l",205 mm,135/80 R17,4700 rpm,1500 rpm,500 cm³,1499 cm³,6500 rpm,Hidráulicos,,,,,,,,,,,19 cv,"5,6 kgfm",,,,,,"0,96 kWh",,170 cv,"28,5 kgfm",,,,,,,,,,,,,,,,,,,,,,,,,,,
bmw,X1,x1,x1-sdrive20i-m-sport-2-0-2024,x1-sdrive20i-m-sport-2-0-2024,https://www.fichacompleta.com.br/carros/bmw/x1-sdrive20i-m-sport-2-0-2024,2026-06-18T16:07:13.592996,Bmw X1 sDrive20i M Sport 2.0 2024,"7,6 s",236 km/h,Corrente,Injeção direta,Turbocompressor,,4 em linha,B48A20M0,Duplo no cabeçote,"94,6 mm",82 mm,Transversal,Dianteiro,"8,33 kg/cv","52,1 kg/kgfm","102,1 cv/litro",204 cv,11:1,,,"16,3 kgfm/litro","32,6 kgfm",4,Admissão e escape,Embreagem dupla banhada a óleo,Automatizado,,7,,Dianteira,1642 mm,1592 mm,1593 mm,565 kg,4500 mm,2692 mm,1845 mm,1700 kg,476 litros,1800 kg,750 kg,45 litros,98 mm,Disco ventilado,Disco ventilado,"2,58 m²","0,671 m²","0,26",,Elétrica,"11,7 m",,"Indep., McPherson",Mola helicoidal,"Indep., multibraço",581 km,477 km,"12,9 km/l","10,6 km/l",205 mm,135/80 R17,5000 rpm,1500 rpm,500 cm³,1998 cm³,,Hidráulicos,,,,,,,,,,,19 cv,"5,6 kgfm",,,,,,"0,96 kWh",,218 cv,"36,7 kgfm",,,,,,,,,,,,,,,,,,,,,,,,,,,
bmw,X1,x1,x1-sdrive20i-x-line-2-0-2024,x1-sdrive20i-x-line-2-0-2024,https://www.fichacompleta.com.br/carros/bmw/x1-sdrive20i-x-line-2-0-2024,2026-06-18T16:07:17.531202,Bmw X1 sDrive20i X-Line 2.0 2024,"7,6 s",236 km/h,Corrente,Injeção direta,Turbocompressor,,4 em linha,B48A20M0,Duplo no cabeçote,"94,6 mm",82 mm,Transversal,Dianteiro,"8,33 kg/cv","52,1 kg/kgfm","102,1 cv/litro",204 cv,11:1,,,"16,3 kgfm/litro","32,6 kgfm",4,Admissão e escape,Embreagem dupla banhada a óleo,Automatizado,,7,,Dianteira,1642 mm,1592 mm,1593 mm,565 kg,4500 mm,2692 mm,1845 mm,1700 kg,476 litros,1800 kg,750 kg,45 litros,110 mm,Disco ventilado,Disco ventilado,"2,58 m²","0,671 m²","0,26",,Elétrica,"11,7 m",,"Indep., McPherson",Mola helicoidal,"Indep., multibraço",585 km,481 km,13 km/l,"10,7 km/l",205 mm,135/80 R17,5000 rpm,1500 rpm,500 cm³,1998 cm³,,Hidráulicos,,,,,,,,,,,19 cv,"5,6 kgfm",,,,,,"0,96 kWh",,218 cv,"36,7 kgfm",,,,,,,,,,,,,,,,,,,,,,,,,,,
bmw,X1,x1,x1-sdrive18i-1-5-2025,x1-sdrive18i-1-5-2025,https://www.fichacompleta.com.br/carros/bmw/x1-sdrive18i-1-5-2025,2026-06-18T16:07:20.943599,Bmw X1 sDrive18i 1.5 2025,"8,3 s",216 km/h,Corrente,Injeção direta,Turbocompressor,,3 em linha,B38A15,Duplo no cabeçote,"94,6 mm",82 mm,Transversal,Dianteiro,"10,42 kg/cv","66,3 kg/kgfm","104,1 cv/litro",156 cv,"11,1:1",,,"16,3 kgfm/litro","24,5 kgfm",4,Admissão e escape,Embreagem dupla banhada a óleo,Automatizado,,7,,Dianteira,1642 mm,1592 mm,1593 mm,570 kg,4500 mm,2692 mm,1845 mm,1625 kg,476 litros,1800 kg,750 kg,45 litros,113 mm,Disco ventilado,Disco ventilado,"2,58 m²","0,671 m²","0,26",,Elétrica,"11,7 m",,"Indep., McPherson",Mola helicoidal,"Indep., multibraço",608 km,513 km,"13,5 km/l","11,4 km/l",205 mm,135/80 R17,4700 rpm,1500 rpm,500 cm³,1499 cm³,6500 rpm,Hidráulicos,,,,,,,,,,,19 cv,"5,6 kgfm",,,,,,"0,96 kWh",,170 cv,"28,5 kgfm",,,,,,,,,,,,,,,,,,,,,,,,,,,
bmw,X1,x1,x1-sdrive20i-gp-2-0-2025,x1-sdrive20i-gp-2-0-2025,https://www.fichacompleta.com.br/carros/bmw/x1-sdrive20i-gp-2-0-2025,2026-06-18T16:07:23.641204,Bmw X1 sDrive20i GP 2.0 2025,"7,6 s",236 km/h,Corrente,Injeção direta,Turbocompressor,,4 em linha,B48A20M0,Duplo no cabeçote,"94,6 mm",82 mm,Transversal,Dianteiro,"8,33 kg/cv","52,1 kg/kgfm","102,1 cv/litro",204 cv,11:1,,,"16,3 kgfm/litro","32,6 kgfm",4,Admissão e escape,Embreagem dupla banhada a óleo,Automatizado,,7,,Dianteira,1642 mm,1592 mm,1593 mm,565 kg,4500 mm,2692 mm,1845 mm,1700 kg,476 litros,1800 kg,750 kg,45 litros,113 mm,Disco ventilado,Disco ventilado,"2,58 m²","0,671 m²","0,26",,Elétrica,"11,7 m",,"Indep., McPherson",Mola helicoidal,"Indep., multibraço",612 km,473 km,"13,6 km/l","10,5 km/l",205 mm,135/80 R17,5000 rpm,1500 rpm,500 cm³,1998 cm³,,Hidráulicos,,,,,,,,,,,19 cv,"5,6 kgfm",,,,,,"0,96 kWh",,218 cv,"36,7 kgfm",,,,,,,,,,,,,,,,,,,,,,,,,,,
bmw,X1,x1,x1-sdrive20i-m-sport-2-0-2025,x1-sdrive20i-m-sport-2-0-2025,https://www.fichacompleta.com.br/carros/bmw/x1-sdrive20i-m-sport-2-0-2025,2026-06-18T16:07:27.797324,Bmw X1 sDrive20i M Sport 2.0 2025,"7,6 s",236 km/h,Corrente,Injeção direta,Turbocompressor,,4 em linha,B48A20M0,Duplo no cabeçote,"94,6 mm",82 mm,Transversal,Dianteiro,"8,33 kg/cv","52,1 kg/kgfm","102,1 cv/litro",204 cv,11:1,,,"16,3 kgfm/litro","32,6 kgfm",4,Admissão e escape,Embreagem dupla banhada a óleo,Automatizado,,7,,Dianteira,1642 mm,1592 mm,1593 mm,565 kg,4500 mm,2692 mm,1845 mm,1700 kg,476 litros,1800 kg,750 kg,45 litros,98 mm,Disco ventilado,Disco ventilado,"2,58 m²","0,671 m²","0,26",,Elétrica,"11,7 m",,"Indep., McPherson",Mola helicoidal,"Indep., multibraço",599 km,464 km,"13,3 km/l","10,3 km/l",205 mm,135/80 R17,5000 rpm,1500 rpm,500 cm³,1998 cm³,,Hidráulicos,,,,,,,,,,,19 cv,"5,6 kgfm",,,,,,"0,96 kWh",,218 cv,"36,7 kgfm",,,,,,,,,,,,,,,,,,,,,,,,,,,
bmw,X1,x1,x1-sdrive20i-x-line-2-0-2025,x1-sdrive20i-x-line-2-0-2025,https://www.fichacompleta.com.br/carros/bmw/x1-sdrive20i-x-line-2-0-2025,2026-06-18T16:07:31.602305,Bmw X1 sDrive20i X-Line 2.0 2025,"7,6 s",236 km/h,Corrente,Injeção direta,Turbocompressor,,4 em linha,B48A20M0,Duplo no cabeçote,"94,6 mm",82 mm,Transversal,Dianteiro,"8,33 kg/cv","52,1 kg/kgfm","102,1 cv/litro",204 cv,11:1,,,"16,3 kgfm/litro","32,6 kgfm",4,Admissão e escape,Embreagem dupla banhada a óleo,Automatizado,,7,,Dianteira,1642 mm,1592 mm,1593 mm,565 kg,4500 mm,2692 mm,1845 mm,1700 kg,476 litros,1800 kg,750 kg,45 litros,110 mm,Disco ventilado,Disco ventilado,"2,58 m²","0,671 m²","0,26",,Elétrica,"11,7 m",,"Indep., McPherson",Mola helicoidal,"Indep., multibraço",585 km,481 km,13 km/l,"10,7 km/l",205 mm,135/80 R17,5000 rpm,1500 rpm,500 cm³,1998 cm³,,Hidráulicos,,,,,,,,,,,19 cv,"5,6 kgfm",,,,,,"0,96 kWh",,218 cv,"36,7 kgfm",,,,,,,,,,,,,,,,,,,,,,,,,,,
bmw,X1,x1,x1-sdrive20i-gp-2-0-2026,x1-sdrive20i-gp-2-0-2026,https://www.fichacompleta.com.br/carros/bmw/x1-sdrive20i-gp-2-0-2026,2026-06-18T16:07:34.281310,Bmw X1 sDrive20i GP 2.0 2026,"7,6 s",236 km/h,Corrente,Injeção direta,Turbocompressor,,4 em linha,B48A20M0,Duplo no cabeçote,"94,6 mm",82 mm,Transversal,Dianteiro,"8,33 kg/cv","52,1 kg/kgfm","102,1 cv/litro",204 cv,11:1,,,"16,3 kgfm/litro","32,6 kgfm",4,Admissão e escape,Embreagem dupla banhada a óleo,Automatizado,,7,,Dianteira,1642 mm,1592 mm,1593 mm,565 kg,4500 mm,2692 mm,1845 mm,1700 kg,476 litros,1800 kg,750 kg,45 litros,113 mm,Disco ventilado,Disco ventilado,"2,58 m²","0,671 m²","0,26",,Elétrica,"11,7 m",,"Indep., McPherson",Mola helicoidal,"Indep., multibraço",612 km,473 km,"13,6 km/l","10,5 km/l",205 mm,135/80 R17,5000 rpm,1500 rpm,500 cm³,1998 cm³,,Hidráulicos,,,,,,,,,,,19 cv,"5,6 kgfm",,,,,,"0,96 kWh",,218 cv,"36,7 kgfm",,,,,,,"7,80 kg/cv","46,32 kg/kgfm",,,,,,,,,,,,,,,,,,,
bmw,X1,x1,x1-sdrive20i-m-sport-2-0-2026,x1-sdrive20i-m-sport-2-0-2026,https://www.fichacompleta.com.br/carros/bmw/x1-sdrive20i-m-sport-2-0-2026,2026-06-18T16:07:37.112144,Bmw X1 sDrive20i M Sport 2.0 2026,"7,6 s",236 km/h,Corrente,Injeção direta,Turbocompressor,,4 em linha,B48A20M0,Duplo no cabeçote,"94,6 mm",82 mm,Transversal,Dianteiro,"8,33 kg/cv","52,1 kg/kgfm","102,1 cv/litro",204 cv,11:1,,,"16,3 kgfm/litro","32,6 kgfm",4,Admissão e escape,Embreagem dupla banhada a óleo,Automatizado,,7,,Dianteira,1642 mm,1592 mm,1593 mm,565 kg,4500 mm,2692 mm,1845 mm,1700 kg,476 litros,1800 kg,750 kg,45 litros,98 mm,Disco ventilado,Disco ventilado,"2,58 m²","0,671 m²","0,26",,Elétrica,"11,7 m",,"Indep., McPherson",Mola helicoidal,"Indep., multibraço",599 km,464 km,"13,3 km/l","10,3 km/l",205 mm,135/80 R17,5000 rpm,1500 rpm,500 cm³,1998 cm³,,Hidráulicos,,,,,,,,,,,19 cv,"5,6 kgfm",,,,,,"0,96 kWh",,218 cv,"36,7 kgfm",,,,,,,"7,80 kg/cv","46,32 kg/kgfm",,,,,,,,,,,,,,,,,,,
bmw,X1,x1,x1-sdrive20i-x-line-2-0-2026,x1-sdrive20i-x-line-2-0-2026,https://www.fichacompleta.com.br/carros/bmw/x1-sdrive20i-x-line-2-0-2026,2026-06-18T16:07:40.041356,Bmw X1 sDrive20i X-Line 2.0 2026,"7,6 s",236 km/h,Corrente,Injeção direta,Turbocompressor,,4 em linha,B48A20M0,Duplo no cabeçote,"94,6 mm",82 mm,Transversal,Dianteiro,"8,33 kg/cv","52,1 kg/kgfm","102,1 cv/litro",204 cv,11:1,,,"16,3 kgfm/litro","32,6 kgfm",4,Admissão e escape,Embreagem dupla banhada a óleo,Automatizado,,7,,Dianteira,1642 mm,1592 mm,1593 mm,565 kg,4500 mm,2692 mm,1845 mm,1700 kg,476 litros,1800 kg,750 kg,45 litros,110 mm,Disco ventilado,Disco ventilado,"2,58 m²","0,671 m²","0,26",,Elétrica,"11,7 m",,"Indep., McPherson",Mola helicoidal,"Indep., multibraço",612 km,473 km,"13,6 km/l","10,5 km/l",205 mm,135/80 R17,5000 rpm,1500 rpm,500 cm³,1998 cm³,,Hidráulicos,,,,,,,,,,,19 cv,"5,6 kgfm",,,,,,"0,96 kWh",,218 cv,"36,7 kgfm",,,,,,,"7,80 kg/cv","46,32 kg/kgfm",,,,,,,,,,,,,,,,,,,
bmw,X2,x2,x2-sdrive20i-m-sport-x-2-0-turbo-2018,x2-sdrive20i-m-sport-x-2-0-turbo-2018,https://www.fichacompleta.com.br/carros/bmw/x2-sdrive20i-m-sport-x-2-0-turbo-2018,2026-06-18T16:07:58.031329,Bmw X2 sDrive20i M Sport X 2.0 Turbo 2018,"7,7 s",227 km/h,,Injeção direta,Turbocompressor,1998 cm³,4 em linha,B48A20M0,"Duplo no cabeçote, corrente","94,6 mm",82 mm,Transversal,Dianteiro,"7,6 kg/cv","51,2 kg/kgfm","96,1 cv/litro",192 cv a 5000 rpm,11:1,,,"14,3 kgfm/litro","28,5 kgfm a 1350 rpm",4,Admissão e escape,Embreagem dupla banhada a óleo,Automatizado,,,7,Dianteira,1543 mm,1563 mm,1562 mm,595 kg,4360 mm,2670 mm,1824 mm,1460 kg,370 litros,1800 kg,750 kg,51 litros,106 mm,Disco ventilado,Disco ventilado,"2,37 m²","0,687 m²",,"0,29",Eletro-hidráulica,,"11,3 m","Independente, McPherson",Mola helicoidal,"Independente, multibraço",632 km,520 km,"12,4 km/l","10,2 km/l",182 mm,,,,,,,Hidráulicos,,,,,,,,,,,,,,,,,,,,,,,,,,,,,,,,,,,,,,,,,,,,,,,,
bmw,X2,x2,x2-sdrive18i-1-5-turbo-2019,x2-sdrive18i-1-5-turbo-2019,https://www.fichacompleta.com.br/carros/bmw/x2-sdrive18i-1-5-turbo-2019,2026-06-18T16:08:02.460105,Bmw X2 sDrive18i 1.5 Turbo 2019,"9,7 s",200 km/h,Corrente,Injeção direta,Turbocompressor,1499 cm³,3 em linha,B32S15M0,Duplo no cabeçote,"94,6 mm",82 mm,Transversal,Dianteiro,"11,7 kg/cv","71,1 kg/kgfm","90,7 cv/litro",,11:1,,,"14,9 kgfm/litro",,4,Admissão e escape,Conversor de torque,Automático,,6,,Dianteira,1526 mm,1563 mm,1562 mm,590 kg,4360 mm,2670 mm,1824 mm,1593 kg,370 litros,1700 kg,725 kg,51 litros,113 mm,Disco ventilado,Disco ventilado,"2,37 m²","0,664 m²","0,28",,Eletro-hidráulica,"11,3 m",,"Indep., McPherson",Mola helicoidal,"Indep., multibraço",638 km,541 km,"12,5 km/l","10,6 km/l",182 mm,,4400 rpm,1500 rpm,,,,Hidráulicos,,,444 km,377 km,"8,7 km/l","7,4 km/l",136 cv,136 cv,"22,4 kgfm","22,4 kgfm",,,,,,,,,,,,,,,,,,,,,,,,,,,,,,,,,,,,,,
bmw,X2,x2,x2-sdrive20i-2-0-2019,x2-sdrive20i-2-0-2019,https://www.fichacompleta.com.br/carros/bmw/x2-sdrive20i-2-0-2019,2026-06-18T16:08:05.799897,Bmw X2 sDrive20i 2.0 2019,"7,7 s",225 km/h,,Injeção direta,Turbocompressor,1998 cm³,4 em linha,B48A20M0,"Duplo no cabeçote, corrente","94,6 mm",82 mm,Transversal,Dianteiro,"7,6 kg/cv","51,2 kg/kgfm","96,1 cv/litro",192 cv (A) 192 cv (G) a 5000 rpm,11:1,,,"14,3 kgfm/litro","28,5 kgfm (A) 28,5 kgfm (G) a 1500 rpm",4,Admissão e escape,Conversor de torque,Automático,Aisin AWF835,,8,Dianteira,1543 mm,1563 mm,1562 mm,595 kg,4360 mm,2670 mm,1824 mm,1460 kg,370 litros,1800 kg,750 kg,51 litros,113 mm,Disco ventilado,Disco ventilado,"2,37 m²","0,687 m²",,"0,29",Eletro-hidráulica,,"11,3 m","Independente, McPherson",Mola helicoidal,"Independente, multibraço",668 km,530 km,"13,1 km/l","10,4 km/l",182 mm,,,,,,,Hidráulicos,,,449 km,347 km,"8,8 km/l","6,8 km/l",,,,,,,,,,,,,,,,,,,,,,,,,,,,,,,,,,,,,,,,,,
bmw,X2,x2,x2-sdrive20i-2-0-turbo-2019,x2-sdrive20i-2-0-turbo-2019,https://www.fichacompleta.com.br/carros/bmw/x2-sdrive20i-2-0-turbo-2019,2026-06-18T16:08:08.628833,Bmw X2 sDrive20i 2.0 Turbo 2019,"7,7 s",227 km/h,,Injeção direta,Turbocompressor,1998 cm³,4 em linha,B48A20M0,"Duplo no cabeçote, corrente",,,Transversal,Dianteiro,"7,6 kg/cv","51,2 kg/kgfm","96,1 cv/litro",192 cv a 5000 rpm,11:1,,,"14,3 kgfm/litro","28,5 kgfm a 1350 rpm",4,Admissão e escape,Embreagem dupla banhada a óleo,Automatizado,,,7,Dianteira,1543 mm,1563 mm,1562 mm,595 kg,4360 mm,2670 mm,1824 mm,1460 kg,370 litros,1800 kg,750 kg,51 litros,113 mm,Disco ventilado,Disco ventilado,"2,37 m²","0,687 m²",,"0,29",Eletro-hidráulica,,"11,3 m","Independente, McPherson",Mola helicoidal,"Independente, multibraço",632 km,520 km,"12,4 km/l","10,2 km/l",182 mm,,,,,,,Hidráulicos,"94,6 mm",82 mm,,,,,,,,,,,,,,,,,,,,,,,,,,,,,,,,,,,,,,,,,,,,,,
bmw,X2,x2,x2-sdrive20i-m-sport-x-2-0-2019,x2-sdrive20i-m-sport-x-2-0-2019,https://www.fichacompleta.com.br/carros/bmw/x2-sdrive20i-m-sport-x-2-0-2019,2026-06-18T16:08:12.028985,Bmw X2 sDrive20i M Sport X 2.0 2019,"7,7 s",225 km/h,,Injeção direta,Turbocompressor,1998 cm³,4 em linha,B48A20M0,"Duplo no cabeçote, corrente","94,6 mm",82 mm,Transversal,Dianteiro,"7,6 kg/cv","51,2 kg/kgfm","96,1 cv/litro",192 cv (A) 192 cv (G) a 5000 rpm,11:1,,,"14,3 kgfm/litro","28,5 kgfm (A) 28,5 kgfm (G) a 1500 rpm",4,Admissão e escape,Conversor de torque,Automático,Aisin AWF835,,8,Dianteira,1543 mm,1563 mm,1562 mm,595 kg,4360 mm,2670 mm,1824 mm,1460 kg,370 litros,1800 kg,750 kg,51 litros,106 mm,Disco ventilado,Disco ventilado,"2,37 m²","0,687 m²",,"0,29",Eletro-hidráulica,,"11,3 m","Independente, McPherson",Mola helicoidal,"Independente, multibraço",668 km,530 km,"13,1 km/l","10,4 km/l",182 mm,,,,,,,Hidráulicos,,,449 km,347 km,"8,8 km/l","6,8 km/l",,,,,,,,,,,,,,,,,,,,,,,,,,,,,,,,,,,,,,,,,,
bmw,X2,x2,x2-sdrive20i-m-sport-x-2-0-turbo-2019,x2-sdrive20i-m-sport-x-2-0-turbo-2019,https://www.fichacompleta.com.br/carros/bmw/x2-sdrive20i-m-sport-x-2-0-turbo-2019,2026-06-18T16:08:16.181771,Bmw X2 sDrive20i M Sport X 2.0 Turbo 2019,"7,7 s",227 km/h,,Injeção direta,Turbocompressor,1998 cm³,4 em linha,B48A20M0,"Duplo no cabeçote, corrente","94,6 mm",82 mm,Transversal,Dianteiro,"7,6 kg/cv","51,2 kg/kgfm","96,1 cv/litro",192 cv a 5000 rpm,11:1,,,"14,3 kgfm/litro","28,5 kgfm a 1350 rpm",4,Admissão e escape,Embreagem dupla banhada a óleo,Automatizado,,,7,Dianteira,1543 mm,1563 mm,1562 mm,595 kg,4360 mm,2670 mm,1824 mm,1460 kg,370 litros,1800 kg,750 kg,51 litros,106 mm,Disco ventilado,Disco ventilado,"2,37 m²","0,687 m²",,"0,29",Eletro-hidráulica,,"11,3 m","Independente, McPherson",Mola helicoidal,"Independente, multibraço",632 km,520 km,"12,4 km/l","10,2 km/l",182 mm,,,,,,,Hidráulicos,,,,,,,,,,,,,,,,,,,,,,,,,,,,,,,,,,,,,,,,,,,,,,,,
bmw,X2,x2,x2-sdrive18i-1-5-turbo-2020,x2-sdrive18i-1-5-turbo-2020,https://www.fichacompleta.com.br/carros/bmw/x2-sdrive18i-1-5-turbo-2020,2026-06-18T16:08:18.889527,Bmw X2 sDrive18i 1.5 Turbo 2020,"9,7 s",200 km/h,Corrente,Injeção direta,Turbocompressor,1499 cm³,3 em linha,B32S15M0,Duplo no cabeçote,"94,6 mm",82 mm,Transversal,Dianteiro,"11,7 kg/cv","71,1 kg/kgfm","90,7 cv/litro",,11:1,,,"14,9 kgfm/litro",,4,Admissão e escape,Conversor de torque,Automático,,6,,Dianteira,1526 mm,1563 mm,1562 mm,590 kg,4360 mm,2670 mm,1824 mm,1593 kg,370 litros,1700 kg,725 kg,51 litros,113 mm,Disco ventilado,Disco ventilado,"2,37 m²","0,664 m²","0,28",,Eletro-hidráulica,"11,3 m",,"Indep., McPherson",Mola helicoidal,"Indep., multibraço",638 km,541 km,"12,5 km/l","10,6 km/l",182 mm,,4400 rpm,1500 rpm,,,,Hidráulicos,,,444 km,377 km,"8,7 km/l","7,4 km/l",136 cv,136 cv,"22,4 kgfm","22,4 kgfm",,,,,,,,,,,,,,,,,,,,,,,,,,,,,,,,,,,,,,
bmw,X2,x2,x2-sdrive20i-2-0-turbo-2020,x2-sdrive20i-2-0-turbo-2020,https://www.fichacompleta.com.br/carros/bmw/x2-sdrive20i-2-0-turbo-2020,2026-06-18T16:08:23.670225,Bmw X2 sDrive20i 2.0 Turbo 2020,"7,7 s",225 km/h,Corrente,Injeção direta,Turbocompressor,1998 cm³,4 em linha,B48A20M0,Duplo no cabeçote,"94,6 mm",82 mm,Transversal,Dianteiro,"7,6 kg/cv","51,2 kg/kgfm","96,1 cv/litro",,11:1,,,"14,3 kgfm/litro",,4,Admissão e escape,Conversor de torque,Automático,Aisin AWF835,8,,Dianteira,1543 mm,1563 mm,1562 mm,595 kg,4360 mm,2670 mm,1824 mm,1460 kg,370 litros,1800 kg,750 kg,51 litros,113 mm,Disco ventilado,Disco ventilado,"2,37 m²","0,687 m²","0,29",,Eletro-hidráulica,"11,3 m",,"Indep., McPherson",Mola helicoidal,"Indep., multibraço",668 km,530 km,"13,1 km/l","10,4 km/l",182 mm,,5000 rpm,1500 rpm,,,,Hidráulicos,,,449 km,347 km,"8,8 km/l","6,8 km/l",192 cv,192 cv,"28,5 kgfm","28,5 kgfm",,,,,,,,,,,,,,,,,,,,,,,,,,,,,,,,,,,,,,
bmw,X2,x2,x2-sdrive20i-m-sport-x-2-0-turbo-2020,x2-sdrive20i-m-sport-x-2-0-turbo-2020,https://www.fichacompleta.com.br/carros/bmw/x2-sdrive20i-m-sport-x-2-0-turbo-2020,2026-06-18T16:08:26.654329,Bmw X2 sDrive20i M Sport X 2.0 Turbo 2020,"7,7 s",225 km/h,Corrente,Injeção direta,Turbocompressor,1998 cm³,4 em linha,B48A20M0,Duplo no cabeçote,"94,6 mm",82 mm,Transversal,Dianteiro,"7,6 kg/cv","51,2 kg/kgfm","96,1 cv/litro",,11:1,,,"14,3 kgfm/litro",,4,Admissão e escape,Conversor de torque,Automático,Aisin AWF835,8,,Dianteira,1543 mm,1563 mm,1562 mm,595 kg,4360 mm,2670 mm,1824 mm,1460 kg,370 litros,1800 kg,750 kg,51 litros,106 mm,Disco ventilado,Disco ventilado,"2,37 m²","0,687 m²","0,29",,Eletro-hidráulica,"11,3 m",,"Indep., McPherson",Mola helicoidal,"Indep., multibraço",668 km,530 km,"13,1 km/l","10,4 km/l",182 mm,,5000 rpm,1500 rpm,,,,Hidráulicos,,,449 km,347 km,"8,8 km/l","6,8 km/l",192 cv,192 cv,"28,5 kgfm","28,5 kgfm",,,,,,,,,,,,,,,,,,,,,,,,,,,,,,,,,,,,,,
bmw,X2,x2,x2-xdrive-m35i-2-0-2020,x2-xdrive-m35i-2-0-2020,https://www.fichacompleta.com.br/carros/bmw/x2-xdrive-m35i-2-0-2020,2026-06-18T16:08:30.513015,Bmw X2 xDrive M35i 2.0 2020,"4,9 s",250 km/h,Corrente,Injeção direta,Turbocompressor,,4 em linha,B48A20,Duplo no cabeçote,"94,6 mm",82 mm,Transversal,Dianteiro,"5,26 kg/cv","35,1 kg/kgfm","153,2 cv/litro",306 cv,"9,5:1",,,"23,0 kgfm/litro","45,9 kgfm",4,Admissão e escape,Conversor de torque,Automático,Aisin AWF835,8,,Integral sob demanda,1526 mm,1575 mm,1572 mm,580 kg,4360 mm,2670 mm,1824 mm,1610 kg,470 litros,,,61 litros,101 mm,Disco ventilado,Disco ventilado,"2,37 m²","0,711 m²","0,3",,Eletro-hidráulica,"11,3 m",,"Indep., McPherson",Mola helicoidal,"Indep., multibraço",677 km,531 km,"11,1 km/l","8,7 km/l",182 mm,,5000 rpm,1750 rpm,500 cm³,1998 cm³,6800 rpm,Hidráulicos,,,,,,,,,,,,,,,,,,,,,,,,,,,,,,,,,,,,,,,,,,,,,,,,
bmw,X2,x2,x2-xdrive-m35i-2-0-turbo-2020,x2-xdrive-m35i-2-0-turbo-2020,https://www.fichacompleta.com.br/carros/bmw/x2-xdrive-m35i-2-0-turbo-2020,2026-06-18T16:08:33.245055,Bmw X2 xDrive M35i 2.0 Turbo 2020,"4,9 s",250 km/h,Corrente,Injeção direta,Turbocompressor,1998 cm³,4 em linha,B48A20,Duplo no cabeçote,"94,6 mm",82 mm,Transversal,Dianteiro,"5,3 kg/cv","35,1 kg/kgfm","153,2 cv/litro",306 cv,"9,5:1",,,"23,0 kgfm/litro","45,9 kgfm",4,Admissão e escape,Conversor de torque,Automático,Aisin AWF835,8,,Integral sob demanda,1526 mm,1575 mm,1572 mm,580 kg,4360 mm,2670 mm,1824 mm,1610 kg,470 litros,,,61 litros,101 mm,Disco ventilado,Disco ventilado,"2,37 m²","0,711 m²","0,3",,Eletro-hidráulica,"11,3 m",,"Indep., McPherson",Mola helicoidal,"Indep., multibraço",677 km,531 km,"11,1 km/l","8,7 km/l",182 mm,,5000 rpm,1750 rpm,,,6800 rpm,Hidráulicos,,,,,,,,,,,,,,,,,,,,,,,,,,,,,,,,,,,,,,,,,,,,,,,,
bmw,X2,x2,x2-sdrive18i-1-5-turbo-2021,x2-sdrive18i-1-5-turbo-2021,https://www.fichacompleta.com.br/carros/bmw/x2-sdrive18i-1-5-turbo-2021,2026-06-18T16:55:12.349948,Bmw X2 sDrive18i 1.5 Turbo 2021,"9,7 s",200 km/h,,Injeção direta,Turbocompressor,1499 cm³,3 em linha,B32S15M0,"Duplo no cabeçote, corrente",,,Transversal,Dianteiro,"11,7 kg/cv","71,1 kg/kgfm","90,7 cv/litro",136 cv (A) 136 cv (G) a 4400 rpm,11:1,,,"14,9 kgfm/litro","22,4 kgfm (A) 22,4 kgfm (G) a 1500 rpm",4,Admissão e escape,,Automático,,,6,Dianteira,1526 mm,1563 mm,1562 mm,590 kg,4360 mm,2670 mm,1824 mm,1593 kg,370 litros,1700 kg,725 kg,51 litros,113 mm,225/50 R18,225/50 R18,"2,37 m²",,,"0,28",Eletro-hidráulica,,"11,3 m","Independente, McPherson",Mola helicoidal,"Independente, multibraço",638 km,541 km,"12,5 km/l","10,6 km/l",,,,,,,,Hidráulicos,"94,6 mm",82 mm,444 km,377 km,"8,7 km/l","7,4 km/l",,,,,,,,,,,,,,,,,,,,,,,,,,,,,,,,,,,,,,,,,,
bmw,X2,x2,x2-sdrive20i-2-0-turbo-2021,x2-sdrive20i-2-0-turbo-2021,https://www.fichacompleta.com.br/carros/bmw/x2-sdrive20i-2-0-turbo-2021,2026-06-18T16:55:29.406016,Bmw X2 sDrive20i 2.0 Turbo 2021,"7,7 s",225 km/h,Corrente,Injeção direta,Turbocompressor,1998 cm³,4 em linha,B48A20M0,Duplo no cabeçote,"94,6 mm",82 mm,Transversal,Dianteiro,"7,6 kg/cv","51,2 kg/kgfm","96,1 cv/litro",,11:1,,,"14,3 kgfm/litro",,4,Admissão e escape,Conversor de torque,Automático,Aisin AWF835,8,,Dianteira,1543 mm,1563 mm,1562 mm,595 kg,4360 mm,2670 mm,1824 mm,1460 kg,370 litros,1800 kg,750 kg,51 litros,113 mm,Disco ventilado,Disco ventilado,"2,37 m²","0,687 m²","0,29",,Eletro-hidráulica,"11,3 m",,"Indep., McPherson",Mola helicoidal,"Indep., multibraço",668 km,530 km,"13,1 km/l","10,4 km/l",182 mm,,5000 rpm,1500 rpm,,,,Hidráulicos,,,449 km,347 km,"8,8 km/l","6,8 km/l",192 cv,192 cv,"28,5 kgfm","28,5 kgfm",,,,,,,,,,,,,,,,,,,,,,,,,,,,,,,,,,,,,,
bmw,X2,x2,x2-sdrive18i-1-5-2022,x2-sdrive18i-1-5-2022,https://www.fichacompleta.com.br/carros/bmw/x2-sdrive18i-1-5-2022,2026-06-18T16:55:31.957109,Bmw X2 sDrive18i 1.5 2022,"9,7 s",200 km/h,Corrente,Injeção direta,Turbocompressor,1499 cm³,3 em linha,B32S15M0,Duplo no cabeçote,"94,6 mm",82 mm,Transversal,Dianteiro,"11,7 kg/cv","71,1 kg/kgfm","90,7 cv/litro",,11:1,4400 rpm,1500 rpm,"14,9 kgfm/litro",,4,Admissão e escape,Conversor de torque,Automático,,6,,Dianteira,1526 mm,1563 mm,1562 mm,590 kg,4360 mm,2670 mm,1824 mm,1593 kg,370 litros,1700 kg,725 kg,51 litros,113 mm,Disco ventilado,Disco ventilado,"2,37 m²","0,664 m²","0,28",,Eletro-hidráulica,"11,3 m",,"Indep., McPherson",Mola helicoidal,"Indep., multibraço",638 km,541 km,"12,5 km/l","10,6 km/l",182 mm,,,,,,,Hidráulicos,,,444 km,377 km,"8,7 km/l","7,4 km/l",,,,,,,136 cv,136 cv,"22,4 kgfm","22,4 kgfm",,,,,,,,,,,,,,,,,,,,,,,,,,,,,,,,
bmw,X2,x2,x2-sdrive20i-2-0-2022,x2-sdrive20i-2-0-2022,https://www.fichacompleta.com.br/carros/bmw/x2-sdrive20i-2-0-2022,2026-06-18T16:55:36.695883,Bmw X2 sDrive20i 2.0 2022,"7,7 s",225 km/h,Corrente,Injeção direta,Turbocompressor,1998 cm³,4 em linha,B48A20M0,Duplo no cabeçote,"94,6 mm",82 mm,Transversal,Dianteiro,"7,6 kg/cv","51,2 kg/kgfm","96,1 cv/litro",,11:1,5000 rpm,1500 rpm,"14,3 kgfm/litro",,4,Admissão e escape,Conversor de torque,Automático,Aisin AWF835,8,,Dianteira,1543 mm,1563 mm,1562 mm,595 kg,4360 mm,2670 mm,1824 mm,1460 kg,370 litros,1800 kg,750 kg,51 litros,113 mm,Disco ventilado,Disco ventilado,"2,37 m²","0,687 m²","0,29",,Eletro-hidráulica,"11,3 m",,"Indep., McPherson",Mola helicoidal,"Indep., multibraço",668 km,530 km,"13,1 km/l","10,4 km/l",182 mm,,,,,,,Hidráulicos,,,449 km,347 km,"8,8 km/l","6,8 km/l",,,,,,,192 cv,192 cv,"28,5 kgfm","28,5 kgfm",,,,,,,,,,,,,,,,,,,,,,,,,,,,,,,,
bmw,X2,x2,x2-xdrive20i-m-sport-2-0-2024,x2-xdrive20i-m-sport-2-0-2024,https://www.fichacompleta.com.br/carros/bmw/x2-xdrive20i-m-sport-2-0-2024,2026-06-18T16:55:39.911584,Bmw X2 xDrive20i M Sport 2.0 2024,"7,4 s",231 km/h,Corrente,Injeção direta,Turbocompressor,,4 em linha,B48A20M0,Duplo no cabeçote,"94,6 mm",82 mm,Transversal,Dianteiro,"8,46 kg/cv","56,4 kg/kgfm","102,1 cv/litro",204 cv,11:1,,,"15,3 kgfm/litro","30,6 kgfm",4,Admissão e escape,Embreagem dupla banhada a óleo,Automatizado,,7,,Integral sob demanda,1590 mm,1582 mm,1583 mm,455 kg,4554 mm,2692 mm,1845 mm,1725 kg,560 litros,,,45 litros,98 mm,Disco ventilado,Disco ventilado,"2,49 m²","0,697 m²","0,28",,Elétrica,"11,7 m",,"Indep., McPherson",Mola helicoidal,"Indep., multibraço",567 km,446 km,"12,6 km/l","9,9 km/l",206 mm,135/80 R17,5000 rpm,1500 rpm,500 cm³,1998 cm³,,Hidráulicos,,,,,,,,,,,19 cv,"5,6 kgfm",,,,,,"0,96 kWh",,218 cv,"36,7 kgfm",,,,,,,,,,,,,,,,,,,,,,,,,,,
bmw,X2,x2,x2-m35i-2-0-2025,x2-m35i-2-0-2025,https://www.fichacompleta.com.br/carros/bmw/x2-m35i-2-0-2025,2026-06-18T16:55:44.549826,Bmw X2 M35i 2.0 2025,"5,4 s",250 km/h,Corrente,Injeção direta,Turbocompressor,,4 em linha,B48A20,Duplo no cabeçote,"94,6 mm",82 mm,Transversal,Dianteiro,"5,50 kg/cv","42,7 kg/kgfm","158,7 cv/litro",317 cv,"9,5:1",,,"20,4 kgfm/litro","40,8 kgfm",4,Admissão e escape,Embreagem dupla banhada a óleo,Automatizado,,7,,Integral sob demanda,1590 mm,1582 mm,1583 mm,528 kg,4567 mm,2692 mm,1845 mm,1742 kg,560 litros,,,54 litros,86 mm,Disco ventilado,Disco ventilado,,,,,Elétrica,"11,7 m",,"Indep., McPherson",Mola helicoidal,"Indep., multibraço",599 km,470 km,"11,1 km/l","8,7 km/l",206 mm,135/80 R17,5750 rpm,2000 rpm,500 cm³,1998 cm³,,Hidráulicos,,,,,,,,,,,,,,,,,,,,,,,,,,,,,,,,,,,,,,,,,,,,,,,,
bmw,X2,x2,x2-xdrive20i-m-sport-2-0-2025,x2-xdrive20i-m-sport-2-0-2025,https://www.fichacompleta.com.br/carros/bmw/x2-xdrive20i-m-sport-2-0-2025,2026-06-18T16:55:47.004512,Bmw X2 xDrive20i M Sport 2.0 2025,"7,4 s",231 km/h,Corrente,Injeção direta,Turbocompressor,,4 em linha,B48A20M0,Duplo no cabeçote,"94,6 mm",82 mm,Transversal,Dianteiro,"8,46 kg/cv","56,4 kg/kgfm","102,1 cv/litro",204 cv,11:1,,,"15,3 kgfm/litro","30,6 kgfm",4,Admissão e escape,Embreagem dupla banhada a óleo,Automatizado,,7,,Integral sob demanda,1590 mm,1582 mm,1583 mm,455 kg,4554 mm,2692 mm,1845 mm,1725 kg,560 litros,,,45 litros,98 mm,Disco ventilado,Disco ventilado,"2,49 m²","0,697 m²","0,28",,Elétrica,"11,7 m",,"Indep., McPherson",Mola helicoidal,"Indep., multibraço",567 km,446 km,"12,6 km/l","9,9 km/l",206 mm,135/80 R17,5000 rpm,1500 rpm,500 cm³,1998 cm³,,Hidráulicos,,,,,,,,,,,19 cv,"5,6 kgfm",,,,,,"0,96 kWh",,218 cv,"36,7 kgfm",,,,,,,,,,,,,,,,,,,,,,,,,,,
bmw,X2,x2,x2-m35i-2-0-2026,x2-m35i-2-0-2026,https://www.fichacompleta.com.br/carros/bmw/x2-m35i-2-0-2026,2026-06-18T16:55:51.763321,Bmw X2 M35i 2.0 2026,"5,4 s",250 km/h,Corrente,Injeção direta,Turbocompressor,,4 em linha,B48A20,Duplo no cabeçote,"94,6 mm",82 mm,Transversal,Dianteiro,"5,50 kg/cv","42,7 kg/kgfm","158,7 cv/litro",317 cv,"9,5:1",,,"20,4 kgfm/litro","40,8 kgfm",4,Admissão e escape,Embreagem dupla banhada a óleo,Automatizado,,7,,Integral sob demanda,1590 mm,1582 mm,1583 mm,528 kg,4567 mm,2692 mm,1845 mm,1742 kg,560 litros,,,54 litros,86 mm,Disco ventilado,Disco ventilado,,,,,Elétrica,"11,7 m",,"Indep., McPherson",Mola helicoidal,"Indep., multibraço",637 km,491 km,"11,8 km/l","9,1 km/l",206 mm,135/80 R17,5750 rpm,2000 rpm,500 cm³,1998 cm³,,Hidráulicos,,,,,,,,,,,,,,,,,,,,,,,,,,,,,,,,,,,,,,,,,,,,,,,,
bmw,X2,x2,x2-xdrive20i-m-sport-2-0-2026,x2-xdrive20i-m-sport-2-0-2026,https://www.fichacompleta.com.br/carros/bmw/x2-xdrive20i-m-sport-2-0-2026,2026-06-18T16:55:54.195849,Bmw X2 xDrive20i M Sport 2.0 2026,"7,4 s",231 km/h,Corrente,Injeção direta,Turbocompressor,,4 em linha,B48A20M0,Duplo no cabeçote,"94,6 mm",82 mm,Transversal,Dianteiro,"8,46 kg/cv","56,4 kg/kgfm","102,1 cv/litro",204 cv,11:1,,,"15,3 kgfm/litro","30,6 kgfm",4,Admissão e escape,Embreagem dupla banhada a óleo,Automatizado,,7,,Integral sob demanda,1590 mm,1582 mm,1583 mm,455 kg,4554 mm,2692 mm,1845 mm,1725 kg,560 litros,,,45 litros,98 mm,Disco ventilado,Disco ventilado,"2,49 m²","0,697 m²","0,28",,Elétrica,"11,7 m",,"Indep., McPherson",Mola helicoidal,"Indep., multibraço",572 km,450 km,"12,7 km/l",10 km/l,206 mm,135/80 R17,5000 rpm,1500 rpm,500 cm³,1998 cm³,,Hidráulicos,,,,,,,,,,,19 cv,"5,6 kgfm",,,,,,"0,96 kWh",,218 cv,"36,7 kgfm",,,,,,,"7,91 kg/cv","47,00 kg/kgfm",,,,,,,,,,,,,,,,,,,
bmw,X3,x3,x3-2-5-2004,x3-2-5-2004,https://www.fichacompleta.com.br/carros/bmw/x3-2-5-2004,2026-06-18T16:56:32.497676,Bmw X3 2.5 2004,"9,8 s",208 km/h,,Injeção multiponto,Natural,2494 cm³,6 em linha,M54B25,"Duplo no cabeçote, corrente",75 mm,84 mm,Longitudinal,Dianteiro,"9,2 kg/cv","70,6 kg/kgfm","77,0 cv/litro",192 cv a 6000 rpm,"10,5:1",,,"10,0 kgfm/litro",25 kgfm a 3500 rpm,4,,Conversor de torque,Automático,,,5,Integral sob demanda,1674 mm,1524 mm,1542 mm,505 kg,4565 mm,2795 mm,1853 mm,1765 kg,480 litros,,,67 litros,129 mm,Disco ventilado,Disco ventilado,"2,64 m²","0,924 m²",,"0,35",Hidráulica,,"11,7 m","Independente, McPherson",Mola helicoidal,"Independente, multibraço",556 km,402 km,"8,3 km/l",6 km/l,,,,,,,6500 rpm,Hidráulicos,,,,,,,,,,,,,,,,,,,,,,,,,,,,,,,,,,,,,,,,,,,,,,,,
bmw,X3,x3,x3-3-0-2004,x3-3-0-2004,https://www.fichacompleta.com.br/carros/bmw/x3-3-0-2004,2026-06-18T16:56:35.600917,Bmw X3 3.0 2004,"8,1 s",221 km/h,Corrente,Injeção multiponto,Natural,2979 cm³,6 em linha,M54B30,Duplo no cabeçote,"89,6 mm",84 mm,Longitudinal,Dianteiro,"8,0 kg/cv","60,1 kg/kgfm","77,5 cv/litro",231 cv,"10,2:1",5900 rpm,3500 rpm,"10,3 kgfm/litro","30,6 kgfm",4,Admissão e escape,Conversor de torque,Automático,,5,,Integral sob demanda,1674 mm,1524 mm,1542 mm,500 kg,4565 mm,2795 mm,1853 mm,1840 kg,480 litros,,,67 litros,115 mm,Disco ventilado,Disco ventilado,"2,64 m²","0,924 m²","0,35",,Hidráulica,"11,7 m",,"Indep., McPherson",Mola helicoidal,"Indep., multibraço",536 km,335 km,8 km/l,5 km/l,200 mm,,,,,,6500 rpm,Hidráulicos,,,,,,,,,,,,,,,,,,,,,,,,,,,,,,,19 graus,26 graus,24 graus,,"26,6 graus","18,3 graus",500 mm,,,,,,,,,,,
bmw,X3,x3,x3-3-0-2005,x3-3-0-2005,https://www.fichacompleta.com.br/carros/bmw/x3-3-0-2005,2026-06-18T16:56:40.017349,Bmw X3 3.0 2005,"8,1 s",221 km/h,Corrente,Injeção multiponto,Natural,2979 cm³,6 em linha,M54B30,Duplo no cabeçote,"89,6 mm",84 mm,Longitudinal,Dianteiro,"8,0 kg/cv","60,1 kg/kgfm","77,5 cv/litro",231 cv,"10,2:1",,,"10,3 kgfm/litro","30,6 kgfm",4,Admissão e escape,Conversor de torque,Automático,,5,,Integral sob demanda,1674 mm,1524 mm,1542 mm,500 kg,4565 mm,2795 mm,1853 mm,1840 kg,480 litros,,,67 litros,115 mm,Disco ventilado,Disco ventilado,"2,64 m²","0,924 m²","0,35",,Hidráulica,"11,7 m",,"Indep., McPherson",Mola helicoidal,"Indep., multibraço",536 km,335 km,8 km/l,5 km/l,200 mm,,5900 rpm,3500 rpm,,,6500 rpm,Hidráulicos,,,,,,,,,,,,,,,,,,,,,,,,,,,,,,,19 graus,26 graus,24 graus,,"26,6 graus","18,3 graus",500 mm,,,,,,,,,,,
bmw,X3,x3,x3-3-0-2006,x3-3-0-2006,https://www.fichacompleta.com.br/carros/bmw/x3-3-0-2006,2026-06-18T16:56:42.385540,Bmw X3 3.0 2006,"8,1 s",221 km/h,,Injeção multiponto,Natural,2979 cm³,6 em linha,M54B30,"Duplo no cabeçote, corrente","89,6 mm",84 mm,Longitudinal,Dianteiro,"8,0 kg/cv","60,1 kg/kgfm","77,5 cv/litro",231 cv a 5900 rpm,"10,2:1",,,"10,3 kgfm/litro","30,6 kgfm a 3500 rpm",4,Admissão e escape,Conversor de torque,Automático,,,5,Integral sob demanda,1674 mm,1524 mm,1542 mm,500 kg,4565 mm,2795 mm,1853 mm,1840 kg,480 litros,,,67 litros,115 mm,Disco ventilado,Disco ventilado,"2,64 m²","0,924 m²",,"0,35",Hidráulica,,"11,7 m","Independente, McPherson",Mola helicoidal,"Independente, multibraço",536 km,335 km,8 km/l,5 km/l,200 mm,,,,,,6500 rpm,Hidráulicos,,,,,,,,,,,,,,,,,,,,,,,,,,,,,,,19 graus,26 graus,24 graus,,,"18,3 graus",500 mm,"26,6 graus",,,,,,,,,,
bmw,X3,x3,x3-2-5-2007,x3-2-5-2007,https://www.fichacompleta.com.br/carros/bmw/x3-2-5-2007,2026-06-18T16:56:46.967647,Bmw X3 2.5 2007,"8,9 s",220 km/h,,Injeção multiponto,Natural,2497 cm³,6 em linha,,Duplo no cabeçote,"78,8 mm",82 mm,Longitudinal,Dianteiro,"8,1 kg/cv","68,8 kg/kgfm","87,3 cv/litro",cv,11:1,6500 rpm,2750 rpm,"10,2 kgfm/litro","25,5 kgfm",4,Admissão e escape,Conversor de torque,Automático,,6,,Integral sob demanda,1674 mm,1524 mm,1542 mm,545 kg,4569 mm,2795 mm,1853 mm,1755 kg,480 litros,,,67 litros,129 mm,Disco ventilado,Disco ventilado,"2,64 m²","0,898 m²","0,34",,Hidráulica,"11,7 m",,"Indep., McPherson",Mola helicoidal,"Indep., multibraço",543 km,355 km,"8,1 km/l","5,3 km/l",200 mm,,,,,,,,,,,,,,,,,,218 cv,"25,5 kgfm",,,,,,,,,,,,,,,,,,,"17,2 graus","23,9 graus","21,8 graus",,,,,,,,,,,,,,,
bmw,X3,x3,x3-3-0-2007,x3-3-0-2007,https://www.fichacompleta.com.br/carros/bmw/x3-3-0-2007,2026-06-18T16:56:51.669617,Bmw X3 3.0 2007,"7,5 s",228 km/h,Corrente,Injeção multiponto,Natural,2996 cm³,6 em linha,N52B30,Duplo no cabeçote,88 mm,85 mm,Longitudinal,Dianteiro,"6,5 kg/cv","55,0 kg/kgfm","90,8 cv/litro",cv,"10,7:1",6650 rpm,2750 rpm,"10,7 kgfm/litro","32,1 kgfm",4,Admissão e escape,Conversor de torque,Automático,,6,,Integral sob demanda,1674 mm,1524 mm,1542 mm,535 kg,4569 mm,2795 mm,1853 mm,1765 kg,480 litros,,,67 litros,115 mm,Disco ventilado,Disco ventilado,"2,64 m²","0,898 m²","0,34",,Hidráulica,"11,7 m",,"Indep., McPherson",Mola helicoidal,"Indep., multibraço",536 km,335 km,8 km/l,5 km/l,200 mm,,,,,,,Hidráulicos,,,,,,,,,,,272 cv,"32,1 kgfm",,,,,,,,,,,,,,,,,,,"17,2 graus","23,9 graus","21,8 graus",,,,,,,,,,,,,,,
bmw,X3,x3,x3-2-5-2008,x3-2-5-2008,https://www.fichacompleta.com.br/carros/bmw/x3-2-5-2008,2026-06-18T16:56:56.177886,Bmw X3 2.5 2008,"8,9 s",220 km/h,,Injeção multiponto,Natural,2497 cm³,6 em linha,,Duplo no cabeçote,"78,8 mm",82 mm,Longitudinal,Dianteiro,"8,1 kg/cv","68,8 kg/kgfm","87,3 cv/litro",218 cv a 6500 rpm,11:1,,,"10,2 kgfm/litro","25,5 kgfm a 2750 rpm",4,Admissão e escape,Conversor de torque,Automático,,,6,Integral sob demanda,1674 mm,1524 mm,1542 mm,545 kg,4569 mm,2795 mm,1853 mm,1755 kg,480 litros,,,67 litros,129 mm,Disco ventilado,Disco ventilado,"2,64 m²","0,898 m²",,"0,34",Hidráulica,,"11,7 m","Independente, McPherson",Mola helicoidal,"Independente, multibraço",543 km,355 km,"8,1 km/l","5,3 km/l",200 mm,,,,,,,,,,,,,,,,,,,,,,,,,,,,,,,,,,,,,,"17,2 graus","23,9 graus","21,8 graus",,,,,,,,,,,,,,,
bmw,X3,x3,x3-3-0-2008,x3-3-0-2008,https://www.fichacompleta.com.br/carros/bmw/x3-3-0-2008,2026-06-18T16:56:59.654412,Bmw X3 3.0 2008,"7,5 s",228 km/h,,Injeção multiponto,Natural,2996 cm³,6 em linha,N52B30,"Duplo no cabeçote, corrente",88 mm,85 mm,Longitudinal,Dianteiro,"6,5 kg/cv","55,0 kg/kgfm","90,8 cv/litro",272 cv a 6650 rpm,"10,7:1",,,"10,7 kgfm/litro","32,1 kgfm a 2750 rpm",4,Admissão e escape,Conversor de torque,Automático,,,6,Integral sob demanda,1674 mm,1524 mm,1542 mm,535 kg,4569 mm,2795 mm,1853 mm,1765 kg,480 litros,,,67 litros,115 mm,Disco ventilado,Disco ventilado,"2,64 m²","0,898 m²",,"0,34",Hidráulica,,"11,7 m","Independente, McPherson",Mola helicoidal,"Independente, multibraço",536 km,335 km,8 km/l,5 km/l,200 mm,,,,,,,Hidráulicos,,,,,,,,,,,,,,,,,,,,,,,,,,,,,,,"17,2 graus","23,9 graus","21,8 graus",,,,,,,,,,,,,,,
bmw,X3,x3,x3-2-5-2009,x3-2-5-2009,https://www.fichacompleta.com.br/carros/bmw/x3-2-5-2009,2026-06-18T16:57:02.283676,Bmw X3 2.5 2009,"8,9 s",220 km/h,,Injeção multiponto,Natural,2497 cm³,6 em linha,,Duplo no cabeçote,"78,8 mm",82 mm,Longitudinal,Dianteiro,"8,1 kg/cv","68,8 kg/kgfm","87,3 cv/litro",cv,11:1,6500 rpm,2750 rpm,"10,2 kgfm/litro","25,5 kgfm",4,Admissão e escape,Conversor de torque,Automático,,6,,Integral sob demanda,1674 mm,1524 mm,1542 mm,545 kg,4569 mm,2795 mm,1853 mm,1755 kg,480 litros,,,67 litros,129 mm,Disco ventilado,Disco ventilado,"2,64 m²","0,898 m²","0,34",,Hidráulica,"11,7 m",,"Indep., McPherson",Mola helicoidal,"Indep., multibraço",543 km,355 km,"8,1 km/l","5,3 km/l",200 mm,,,,,,,,,,,,,,,,,,218 cv,"25,5 kgfm",,,,,,,,,,,,,,,,,,,"17,2 graus","23,9 graus","21,8 graus",,,,,,,,,,,,,,,
bmw,X3,x3,x3-3-0-2009,x3-3-0-2009,https://www.fichacompleta.com.br/carros/bmw/x3-3-0-2009,2026-06-18T16:57:05.714537,Bmw X3 3.0 2009,"7,5 s",228 km/h,Corrente,Injeção multiponto,Natural,2996 cm³,6 em linha,N52B30,Duplo no cabeçote,88 mm,85 mm,Longitudinal,Dianteiro,"6,5 kg/cv","55,0 kg/kgfm","90,8 cv/litro",,"10,7:1",6650 rpm,2750 rpm,"10,7 kgfm/litro",,4,Admissão e escape,Conversor de torque,Automático,,6,,Integral sob demanda,1674 mm,1524 mm,1542 mm,535 kg,4569 mm,2795 mm,1853 mm,1765 kg,480 litros,,,67 litros,115 mm,Disco ventilado,Disco ventilado,"2,64 m²","0,898 m²","0,34",,Hidráulica,"11,7 m",,"Indep., McPherson",Mola helicoidal,"Indep., multibraço",536 km,335 km,8 km/l,5 km/l,200 mm,,,,,,,Hidráulicos,,,,,,,,,,,272 cv,"32,1 kgfm",,,,,,,,,,,,,,,,,,,"17,2 graus","23,9 graus","21,8 graus",,,,,,,,,,,,,,,
bmw,X3,x3,x3-2-5-2010,x3-2-5-2010,https://www.fichacompleta.com.br/carros/bmw/x3-2-5-2010,2026-06-18T16:57:09.651901,Bmw X3 2.5 2010,"8,9 s",220 km/h,,Injeção multiponto,Natural,2497 cm³,6 em linha,,Duplo no cabeçote,"78,8 mm",82 mm,Longitudinal,Dianteiro,"8,1 kg/cv","68,8 kg/kgfm","87,3 cv/litro",218 cv,11:1,,,"10,2 kgfm/litro","25,5 kgfm",4,Admissão e escape,Conversor de torque,Automático,,6,,Integral sob demanda,1674 mm,1524 mm,1542 mm,545 kg,4569 mm,2795 mm,1853 mm,1755 kg,480 litros,,,67 litros,129 mm,Disco ventilado,Disco ventilado,"2,64 m²","0,898 m²","0,34",,Hidráulica,"11,7 m",,"Indep., McPherson",Mola helicoidal,"Indep., multibraço",543 km,355 km,"8,1 km/l","5,3 km/l",200 mm,,6500 rpm,2750 rpm,,,,,,,,,,,,,,,,,,,,,,,,,,,,,,,,,,,"17,2 graus","23,9 graus","21,8 graus",,,,,,,,,,,,,,,
bmw,X3,x3,x3-xdrive28i-3-0-2011,x3-xdrive28i-3-0-2011,https://www.fichacompleta.com.br/carros/bmw/x3-xdrive28i-3-0-2011,2026-06-18T16:57:14.484209,Bmw X3 xDrive28i 3.0 2011,"6,9 s",230 km/h,,Injeção multiponto,Natural,2996 cm³,6 em linha,N52B30,"Duplo no cabeçote, corrente",88 mm,85 mm,Longitudinal,Dianteiro,"6,8 kg/cv","55,2 kg/kgfm","86,1 cv/litro",258 cv a 6600 rpm,"10,7:1",,,"10,5 kgfm/litro","31,6 kgfm a 2600 rpm",4,Admissão e escape,Conversor de torque,Automático,ZF 8HP,,8,Integral sob demanda,1661 mm,1616 mm,1632 mm,560 kg,4648 mm,2810 mm,1881 mm,1745 kg,550 litros,2400 kg,750 kg,67 litros,135 mm,Disco ventilado,Disco ventilado,"2,66 m²","0,904 m²",,"0,34",Eletro-hidráulica,,"11,9 m","Independente, braços sobrepostos",Mola helicoidal,"Independente, multibraço",570 km,449 km,"8,5 km/l","6,7 km/l",212 mm,,,,,,,Hidráulicos,,,,,,,,,,,,,,,,,,,,,,,,,,,,,,,"19,4 graus","25,7 graus","22,6 graus",,,,,,,,,,,,,,,
bmw,X3,x3,x3-xdrive35i-3-0-2011,x3-xdrive35i-3-0-2011,https://www.fichacompleta.com.br/carros/bmw/x3-xdrive35i-3-0-2011,2026-06-18T16:57:17.773086,Bmw X3 xDrive35i 3.0 2011,"5,7 s",245 km/h,Corrente,Injeção direta,Turbocompressor,2979 cm³,6 em linha,N55B30M0,Duplo no cabeçote,"89,6 mm",84 mm,Longitudinal,Dianteiro,"5,9 kg/cv","44,2 kg/kgfm","102,7 cv/litro",306 cv,"10,2:1",5800 rpm,1200 rpm,"13,7 kgfm/litro","40,8 kgfm",4,Admissão e escape,Conversor de torque,Automático,ZF 8HP,8,8,Integral sob demanda,1661 mm,1594 mm,1610 mm,560 kg,4648 mm,2810 mm,1881 mm,1805 kg,550 litros,,,67 litros,110 mm,Disco ventilado,Disco ventilado,"2,66 m²","0,931 m²","0,35","0,35",Eletro-hidráulica,"11,9 m","11,9 m","Indep., braços sobrepostos",Mola helicoidal,"Indep., multibraço",549 km,442 km,"8,2 km/l","6,6 km/l",212 mm,,,,,,7000 rpm,Hidráulicos,,,,,,,,,,,,,,,,,,,,,,,,,,,,,,,"19,4 graus","25,7 graus","22,6 graus",,,,,,,,,,,,,,,
bmw,X3,x3,x3-xdrive20i-2-0-2012,x3-xdrive20i-2-0-2012,https://www.fichacompleta.com.br/carros/bmw/x3-xdrive20i-2-0-2012,2026-06-18T16:57:20.245373,Bmw X3 xDrive20i 2.0 2012,"8,6 s",210 km/h,,Injeção direta,Turbocompressor,1997 cm³,4 em linha,N20B20,"Duplo no cabeçote, corrente","90,1 mm",84 mm,Longitudinal,Dianteiro,"9,3 kg/cv","62,0 kg/kgfm","92,1 cv/litro",184 cv a 5000 rpm,10:1,,,"13,8 kgfm/litro","27,5 kgfm a 1250 rpm",4,Admissão e escape,Conversor de torque,Automático,ZF 8HP,,8,Integral sob demanda,1661 mm,1616 mm,1632 mm,590 kg,4648 mm,2810 mm,1881 mm,1705 kg,550 litros,2400 kg,750 kg,67 litros,153 mm,Disco ventilado,Disco ventilado,"2,65 m²","0,901 m²",,"0,34",Eletro-hidráulica,,"11,9 m","Independente, McPherson",Mola helicoidal,"Independente, multibraço",791 km,563 km,"11,8 km/l","8,4 km/l",212 mm,,,,,,,,,,,,,,,,,,,,,,,,,,,,,,,,,,,,,,"19,4 graus","25,7 graus","22,6 graus",,,,,,,,,,,,,,,
bmw,X3,x3,x3-xdrive28i-3-0-2012,x3-xdrive28i-3-0-2012,https://www.fichacompleta.com.br/carros/bmw/x3-xdrive28i-3-0-2012,2026-06-18T16:57:24.930311,Bmw X3 xDrive28i 3.0 2012,"6,9 s",230 km/h,Corrente,Injeção multiponto,Natural,2996 cm³,6 em linha,N52B30,Duplo no cabeçote,88 mm,85 mm,Longitudinal,Dianteiro,"6,8 kg/cv","55,2 kg/kgfm","86,1 cv/litro",258 cv,"10,7:1",,,"10,5 kgfm/litro","31,6 kgfm",4,Admissão e escape,Conversor de torque,Automático,ZF 8HP,8,,Integral sob demanda,1661 mm,1616 mm,1632 mm,560 kg,4648 mm,2810 mm,1881 mm,1745 kg,550 litros,2400 kg,750 kg,67 litros,135 mm,Disco ventilado,Disco ventilado,"2,66 m²","0,904 m²","0,34",,Eletro-hidráulica,"11,9 m",,"Indep., braços sobrepostos",Mola helicoidal,"Indep., multibraço",570 km,449 km,"8,5 km/l","6,7 km/l",212 mm,,6600 rpm,2600 rpm,,,,Hidráulicos,,,,,,,,,,,,,,,,,,,,,,,,,,,,,,,"19,4 graus","25,7 graus","22,6 graus",,,,,,,,,,,,,,,
bmw,X3,x3,x3-xdrive35i-3-0-2012,x3-xdrive35i-3-0-2012,https://www.fichacompleta.com.br/carros/bmw/x3-xdrive35i-3-0-2012,2026-06-18T16:57:29.062209,Bmw X3 xDrive35i 3.0 2012,"5,7 s",245 km/h,Corrente,Injeção direta,Turbocompressor,2979 cm³,6 em linha,N55B30M0,Duplo no cabeçote,"89,6 mm",84 mm,Longitudinal,Dianteiro,"5,9 kg/cv","44,2 kg/kgfm","102,7 cv/litro",306 cv,"10,2:1",,,"13,7 kgfm/litro","40,8 kgfm",4,Admissão e escape,Conversor de torque,Automático,ZF 8HP,8,,Integral sob demanda,1661 mm,1594 mm,1610 mm,560 kg,4648 mm,2810 mm,1881 mm,1805 kg,550 litros,,,67 litros,110 mm,Disco ventilado,Disco ventilado,"2,66 m²","0,931 m²","0,35",,Eletro-hidráulica,"11,9 m",,"Indep., braços sobrepostos",Mola helicoidal,"Indep., multibraço",549 km,442 km,"8,2 km/l","6,6 km/l",212 mm,,5800 rpm,1200 rpm,,,7000 rpm,Hidráulicos,,,,,,,,,,,,,,,,,,,,,,,,,,,,,,,"19,4 graus","25,7 graus","22,6 graus",,,,,,,,,,,,,,,
bmw,X3,x3,x3-xdrive20i-2-0-2013,x3-xdrive20i-2-0-2013,https://www.fichacompleta.com.br/carros/bmw/x3-xdrive20i-2-0-2013,2026-06-18T16:57:33.813998,Bmw X3 xDrive20i 2.0 2013,"8,6 s",210 km/h,,Injeção direta,Turbocompressor,1997 cm³,4 em linha,N20B20,"Duplo no cabeçote, corrente","90,1 mm",84 mm,Longitudinal,Dianteiro,"9,3 kg/cv","62,0 kg/kgfm","92,1 cv/litro",184 cv a 5000 rpm,10:1,,,"13,8 kgfm/litro","27,5 kgfm a 1250 rpm",4,Admissão e escape,Conversor de torque,Automático,ZF 8HP,,8,Integral sob demanda,1661 mm,1616 mm,1632 mm,590 kg,4648 mm,2810 mm,1881 mm,1705 kg,550 litros,2400 kg,750 kg,67 litros,153 mm,Disco ventilado,Disco ventilado,"2,65 m²","0,901 m²",,"0,34",Eletro-hidráulica,,"11,9 m","Independente, McPherson",Mola helicoidal,"Independente, multibraço",791 km,563 km,"11,8 km/l","8,4 km/l",212 mm,,,,,,,,,,,,,,,,,,,,,,,,,,,,,,,,,,,,,,"19,4 graus","25,7 graus","22,6 graus",,,,,,,,,,,,,,,
bmw,X3,x3,x3-xdrive28i-2-0-2013,x3-xdrive28i-2-0-2013,https://www.fichacompleta.com.br/carros/bmw/x3-xdrive28i-2-0-2013,2026-06-18T16:57:36.830311,Bmw X3 xDrive28i 2.0 2013,7 s,209 km/h,Corrente,Injeção direta,Turbocompressor,1997 cm³,4 em linha,N20B20,Duplo no cabeçote,"90,1 mm",84 mm,Longitudinal,Dianteiro,"7,6 kg/cv","52,0 kg/kgfm","122,7 cv/litro",245 cv,10:1,,,"17,9 kgfm/litro","35,7 kgfm",4,Admissão e escape,Conversor de torque,Automático,ZF 8HP,8,,Integral sob demanda,1661 mm,1616 mm,1632 mm,418 kg,4648 mm,2810 mm,1881 mm,1856 kg,550 litros,,,67 litros,115 mm,Disco ventilado,Disco ventilado,"2,66 m²","0,931 m²","0,35",,Eletro-hidráulica,"11,9 m",,"Indep., McPherson",Mola helicoidal,"Indep., multibraço",737 km,536 km,11 km/l,8 km/l,212 mm,,5000 rpm,1250 rpm,,,,,,,,,,,,,,,,,,,,,,,,,,,,,,,,,,,"19,4 graus","25,7 graus","22,6 graus",,,,,,,,,,,,,,,
bmw,X3,x3,x3-xdrive35i-3-0-2013,x3-xdrive35i-3-0-2013,https://www.fichacompleta.com.br/carros/bmw/x3-xdrive35i-3-0-2013,2026-06-18T16:57:41.058471,Bmw X3 xDrive35i 3.0 2013,"5,7 s",245 km/h,,Injeção direta,Turbocompressor,2979 cm³,6 em linha,N55B30M0,"Duplo no cabeçote, corrente","89,6 mm",84 mm,Longitudinal,Dianteiro,"5,9 kg/cv","44,2 kg/kgfm","102,7 cv/litro",306 cv a 5800 rpm,"10,2:1",,,"13,7 kgfm/litro","40,8 kgfm a 1200 rpm",4,Admissão e escape,Conversor de torque,Automático,ZF 8HP,,8,Integral sob demanda,1661 mm,1594 mm,1610 mm,560 kg,4648 mm,2810 mm,1881 mm,1805 kg,550 litros,,,67 litros,110 mm,Disco ventilado,Disco ventilado,"2,66 m²","0,931 m²",,"0,35",Eletro-hidráulica,,"11,9 m","Independente, braços sobrepostos",Mola helicoidal,"Independente, multibraço",549 km,442 km,"8,2 km/l","6,6 km/l",212 mm,,,,,,7000 rpm,Hidráulicos,,,,,,,,,,,,,,,,,,,,,,,,,,,,,,,"19,4 graus","25,7 graus","22,6 graus",,,,,,,,,,,,,,,
bmw,X3,x3,x3-xdrive20i-2-0-2014,x3-xdrive20i-2-0-2014,https://www.fichacompleta.com.br/carros/bmw/x3-xdrive20i-2-0-2014,2026-06-18T16:57:44.832151,Bmw X3 xDrive20i 2.0 2014,"8,6 s",210 km/h,Corrente,Injeção direta,Turbocompressor,1997 cm³,4 em linha,N20B20,Duplo no cabeçote,"90,1 mm",84 mm,Longitudinal,Dianteiro,"9,3 kg/cv","62,0 kg/kgfm","92,1 cv/litro",184 cv,10:1,,,"13,8 kgfm/litro","27,5 kgfm",4,Admissão e escape,Conversor de torque,Automático,ZF 8HP,8,,Integral sob demanda,1661 mm,1616 mm,1632 mm,590 kg,4648 mm,2810 mm,1881 mm,1705 kg,550 litros,2400 kg,750 kg,67 litros,153 mm,Disco ventilado,Disco ventilado,"2,65 m²","0,901 m²","0,34",,Eletro-hidráulica,"11,9 m",,"Indep., McPherson",Mola helicoidal,"Indep., multibraço",791 km,563 km,"11,8 km/l","8,4 km/l",212 mm,,5000 rpm,1250 rpm,,,,,,,,,,,,,,,,,,,,,,,,,,,,,,,,,,,"19,4 graus","25,7 graus","22,6 graus",,,,,,,,,,,,,,,
bmw,X3,x3,x3-xdrive28i-2-0-2014,x3-xdrive28i-2-0-2014,https://www.fichacompleta.com.br/carros/bmw/x3-xdrive28i-2-0-2014,2026-06-18T16:57:47.386617,Bmw X3 xDrive28i 2.0 2014,7 s,209 km/h,,Injeção direta,Turbocompressor,1997 cm³,4 em linha,N20B20,"Duplo no cabeçote, corrente","90,1 mm",84 mm,Longitudinal,Dianteiro,"7,6 kg/cv","52,0 kg/kgfm","122,7 cv/litro",245 cv a 5000 rpm,10:1,,,"17,9 kgfm/litro","35,7 kgfm a 1250 rpm",4,Admissão e escape,Conversor de torque,Automático,ZF 8HP,,8,Integral sob demanda,1661 mm,1616 mm,1632 mm,418 kg,4648 mm,2810 mm,1881 mm,1856 kg,550 litros,,,67 litros,115 mm,Disco ventilado,Disco ventilado,"2,66 m²","0,931 m²",,"0,35",Eletro-hidráulica,,"11,9 m","Independente, McPherson",Mola helicoidal,"Independente, multibraço",737 km,536 km,11 km/l,8 km/l,212 mm,,,,,,,,,,,,,,,,,,,,,,,,,,,,,,,,,,,,,,"19,4 graus","25,7 graus","22,6 graus",,,,,,,,,,,,,,,
bmw,X3,x3,x3-xdrive35i-3-0-2014,x3-xdrive35i-3-0-2014,https://www.fichacompleta.com.br/carros/bmw/x3-xdrive35i-3-0-2014,2026-06-18T16:57:51.941409,Bmw X3 xDrive35i 3.0 2014,"5,7 s",245 km/h,Corrente,Injeção direta,Turbocompressor,,6 em linha,N55B30M0,Duplo no cabeçote,"89,6 mm",84 mm,Longitudinal,Dianteiro,"5,90 kg/cv","44,2 kg/kgfm","102,7 cv/litro",306 cv,"10,2:1",,,"13,7 kgfm/litro","40,8 kgfm",4,Admissão e escape,Conversor de torque,Automático,ZF 8HP,8,,Integral sob demanda,1661 mm,1594 mm,1610 mm,560 kg,4648 mm,2810 mm,1881 mm,1805 kg,550 litros,,,67 litros,110 mm,Disco ventilado,Disco ventilado,"2,66 m²","0,931 m²","0,35",,Eletro-hidráulica,"11,9 m",,"Indep., braços sobrepostos",Mola helicoidal,"Indep., multibraço",549 km,442 km,"8,2 km/l","6,6 km/l",212 mm,,5800 rpm,1200 rpm,497 cm³,2979 cm³,7000 rpm,Hidráulicos,,,,,,,,,,,,,,,,,,,,,,,,,,,,,,,"19,4 graus","25,7 graus","22,6 graus",,,,,,,,,,,,,,,
bmw,X3,x3,x3-xdrive20i-2-0-2015,x3-xdrive20i-2-0-2015,https://www.fichacompleta.com.br/carros/bmw/x3-xdrive20i-2-0-2015,2026-06-18T16:57:56.231677,Bmw X3 xDrive20i 2.0 2015,"8,2 s",210 km/h,Corrente,Injeção direta,Turbocompressor,1997 cm³,4 em linha,N20B20,Duplo no cabeçote,"90,1 mm",84 mm,Longitudinal,Dianteiro,"9,4 kg/cv","63,1 kg/kgfm","92,1 cv/litro",184 cv,10:1,5000 rpm,1250 rpm,"13,8 kgfm/litro","27,5 kgfm",4,Admissão e escape,Conversor de torque,Automático,ZF 8HP,8,8,Integral sob demanda,1661 mm,1616 mm,1632 mm,590 kg,4657 mm,2810 mm,1881 mm,1735 kg,550 litros,2400 kg,750 kg,67 litros,115 mm,Disco ventilado,Disco ventilado,"2,66 m²","0,878 m²","0,33","0,33",Eletro-hidráulica,"11,9 m","11,9 m","Indep., McPherson",Mola helicoidal,"Indep., multibraço",616 km,489 km,"9,2 km/l","7,3 km/l",204 mm,,,,,,,,,,,,,,,,,,,,,,,,,,,,,,,,,,,,,,,,,,,,,,,,,,,,,,,
bmw,X3,x3,x3-xdrive20i-x-line-2-0-2015,x3-xdrive20i-x-line-2-0-2015,https://www.fichacompleta.com.br/carros/bmw/x3-xdrive20i-x-line-2-0-2015,2026-06-18T16:57:59.745096,Bmw X3 xDrive20i X-Line 2.0 2015,"8,2 s",210 km/h,,Injeção direta,Turbocompressor,1997 cm³,4 em linha,N20B20,"Duplo no cabeçote, corrente","90,1 mm",84 mm,Longitudinal,Dianteiro,"9,4 kg/cv","63,1 kg/kgfm","92,1 cv/litro",184 cv a 5000 rpm,10:1,,,"13,8 kgfm/litro","27,5 kgfm a 1250 rpm",4,Admissão e escape,Conversor de torque,Automático,ZF 8HP,,8,Integral sob demanda,1661 mm,1616 mm,1632 mm,590 kg,4657 mm,2810 mm,1881 mm,1735 kg,550 litros,2400 kg,750 kg,67 litros,115 mm,Disco ventilado,Disco ventilado,"2,66 m²","0,878 m²",,"0,33",Eletro-hidráulica,,"11,9 m","Independente, McPherson",Mola helicoidal,"Independente, multibraço",616 km,489 km,"9,2 km/l","7,3 km/l",204 mm,,,,,,,,,,,,,,,,,,,,,,,,,,,,,,,,,,,,,,,,,,,,,,,,,,,,,,,
bmw,X3,x3,x3-xdrive35i-3-0-2015,x3-xdrive35i-3-0-2015,https://www.fichacompleta.com.br/carros/bmw/x3-xdrive35i-3-0-2015,2026-06-18T16:58:03.231346,Bmw X3 xDrive35i 3.0 2015,"5,7 s",245 km/h,,Injeção direta,Turbocompressor,2979 cm³,6 em linha,N55B30M0,"Duplo no cabeçote, corrente","89,6 mm",84 mm,Longitudinal,Dianteiro,"5,9 kg/cv","44,2 kg/kgfm","102,7 cv/litro",306 cv a 5800 rpm,"10,2:1",,,"13,7 kgfm/litro","40,8 kgfm a 1200 rpm",4,Admissão e escape,Conversor de torque,Automático,ZF 8HP,,8,Integral sob demanda,1661 mm,1594 mm,1610 mm,560 kg,4648 mm,2810 mm,1881 mm,1805 kg,550 litros,,,67 litros,110 mm,Disco ventilado,Disco ventilado,"2,66 m²","0,931 m²",,"0,35",Eletro-hidráulica,,"11,9 m","Independente, braços sobrepostos",Mola helicoidal,"Independente, multibraço",549 km,442 km,"8,2 km/l","6,6 km/l",212 mm,,,,,,7000 rpm,Hidráulicos,,,,,,,,,,,,,,,,,,,,,,,,,,,,,,,"19,4 graus","25,7 graus","22,6 graus",,,,,,,,,,,,,,,
bmw,X3,x3,x3-xdrive20i-2-0-2016,x3-xdrive20i-2-0-2016,https://www.fichacompleta.com.br/carros/bmw/x3-xdrive20i-2-0-2016,2026-06-18T16:58:06.146714,Bmw X3 xDrive20i 2.0 2016,"8,2 s",210 km/h,,Injeção direta,Turbocompressor,1997 cm³,4 em linha,N20B20,"Duplo no cabeçote, corrente","90,1 mm",84 mm,Longitudinal,Dianteiro,"9,4 kg/cv","63,1 kg/kgfm","92,1 cv/litro",184 cv a 5000 rpm,10:1,,,"13,8 kgfm/litro","27,5 kgfm a 1250 rpm",4,Admissão e escape,Conversor de torque,Automático,ZF 8HP,,8,Integral sob demanda,1661 mm,1616 mm,1632 mm,590 kg,4657 mm,2810 mm,1881 mm,1735 kg,550 litros,2400 kg,750 kg,67 litros,115 mm,Disco ventilado,Disco ventilado,"2,66 m²","0,878 m²",,"0,33",Eletro-hidráulica,,"11,9 m","Independente, McPherson",Mola helicoidal,"Independente, multibraço",590 km,482 km,"8,8 km/l","7,2 km/l",204 mm,,,,,,,,,,,,,,,,,,,,,,,,,,,,,,,,,,,,,,,,,,,,,,,,,,,,,,,
bmw,X3,x3,x3-xdrive20i-x-line-2-0-2016,x3-xdrive20i-x-line-2-0-2016,https://www.fichacompleta.com.br/carros/bmw/x3-xdrive20i-x-line-2-0-2016,2026-06-18T16:58:09.066524,Bmw X3 xDrive20i X-Line 2.0 2016,"8,2 s",210 km/h,,Injeção direta,Turbocompressor,1997 cm³,4 em linha,N20B20,"Duplo no cabeçote, corrente",,,Longitudinal,Dianteiro,"9,4 kg/cv","63,1 kg/kgfm","92,1 cv/litro",184 cv a 5000 rpm,10:1,,,"13,8 kgfm/litro","27,5 kgfm a 1250 rpm",4,Admissão e escape,Conversor de torque,Automático,ZF 8HP,,8,Integral sob demanda,1661 mm,1616 mm,1632 mm,590 kg,4657 mm,2810 mm,1881 mm,1735 kg,550 litros,2400 kg,750 kg,67 litros,115 mm,Disco ventilado,Disco ventilado,"2,66 m²","0,878 m²",,"0,33",Eletro-hidráulica,,"11,9 m","Independente, McPherson",Mola helicoidal,"Independente, multibraço",590 km,482 km,"8,8 km/l","7,2 km/l",204 mm,,,,,,,,"90,1 mm",84 mm,,,,,,,,,,,,,,,,,,,,,,,,,,,,,,,,,,,,,,,,,,,,,,
bmw,X3,x3,x3-xdrive35i-3-0-2016,x3-xdrive35i-3-0-2016,https://www.fichacompleta.com.br/carros/bmw/x3-xdrive35i-3-0-2016,2026-06-18T16:58:11.981178,Bmw X3 xDrive35i 3.0 2016,"5,7 s",245 km/h,,Injeção direta,Turbocompressor,2979 cm³,6 em linha,N55B30M0,"Duplo no cabeçote, corrente","89,6 mm",84 mm,Longitudinal,Dianteiro,"5,9 kg/cv","44,2 kg/kgfm","102,7 cv/litro",306 cv a 5800 rpm,"10,2:1",,,"13,7 kgfm/litro","40,8 kgfm a 1200 rpm",4,Admissão e escape,Conversor de torque,Automático,ZF 8HP,,8,Integral sob demanda,1661 mm,1594 mm,1610 mm,560 kg,4648 mm,2810 mm,1881 mm,1805 kg,550 litros,,,67 litros,110 mm,Disco ventilado,Disco ventilado,"2,66 m²","0,931 m²",,"0,35",Eletro-hidráulica,,"11,9 m","Independente, braços sobrepostos",Mola helicoidal,"Independente, multibraço",610 km,476 km,"9,1 km/l","7,1 km/l",212 mm,,,,,,7000 rpm,Hidráulicos,,,,,,,,,,,,,,,,,,,,,,,,,,,,,,,"19,4 graus","25,7 graus","22,6 graus",,,,,,,,,,,,,,,
bmw,X3,x3,x3-xdrive20i-2-0-2017,x3-xdrive20i-2-0-2017,https://www.fichacompleta.com.br/carros/bmw/x3-xdrive20i-2-0-2017,2026-06-18T16:58:16.122232,Bmw X3 xDrive20i 2.0 2017,"8,2 s",210 km/h,,Injeção direta,Turbocompressor,1997 cm³,4 em linha,N20B20,"Duplo no cabeçote, corrente","90,1 mm",84 mm,Longitudinal,Dianteiro,"9,4 kg/cv","63,1 kg/kgfm","92,1 cv/litro",184 cv a 5000 rpm,10:1,,,"13,8 kgfm/litro","27,5 kgfm a 1250 rpm",4,Admissão e escape,Conversor de torque,Automático,ZF 8HP,,8,Integral sob demanda,1661 mm,1616 mm,1632 mm,590 kg,4657 mm,2810 mm,1881 mm,1735 kg,550 litros,2400 kg,750 kg,67 litros,115 mm,Disco ventilado,Disco ventilado,"2,66 m²","0,878 m²",,"0,33",Eletro-hidráulica,,"11,9 m","Independente, McPherson",Mola helicoidal,"Independente, multibraço",637 km,583 km,"9,5 km/l","8,7 km/l",204 mm,,,,,,,,,,,,,,,,,,,,,,,,,,,,,,,,,,,,,,,,,,,,,,,,,,,,,,,
bmw,X3,x3,x3-xdrive20i-x-line-2-0-2017,x3-xdrive20i-x-line-2-0-2017,https://www.fichacompleta.com.br/carros/bmw/x3-xdrive20i-x-line-2-0-2017,2026-06-18T16:58:18.507416,Bmw X3 xDrive20i X-Line 2.0 2017,"8,2 s",210 km/h,,Injeção direta,Turbocompressor,1997 cm³,4 em linha,N20B20,"Duplo no cabeçote, corrente","90,1 mm",84 mm,Longitudinal,Dianteiro,"9,4 kg/cv","63,1 kg/kgfm","92,1 cv/litro",184 cv a 5000 rpm,10:1,,,"13,8 kgfm/litro","27,5 kgfm a 1250 rpm",4,Admissão e escape,Conversor de torque,Automático,ZF 8HP,,8,Integral sob demanda,1661 mm,1616 mm,1632 mm,590 kg,4657 mm,2810 mm,1881 mm,1735 kg,550 litros,2400 kg,750 kg,67 litros,110 mm,Disco ventilado,Disco ventilado,"2,66 m²","0,878 m²",,"0,33",Eletro-hidráulica,,"11,9 m","Independente, McPherson",Mola helicoidal,"Independente, multibraço",603 km,563 km,9 km/l,"8,4 km/l",204 mm,,,,,,,,,,,,,,,,,,,,,,,,,,,,,,,,,,,,,,,,,,,,,,,,,,,,,,,
bmw,X3,x3,x3-xdrive35i-3-0-2017,x3-xdrive35i-3-0-2017,https://www.fichacompleta.com.br/carros/bmw/x3-xdrive35i-3-0-2017,2026-06-18T16:58:22.022304,Bmw X3 xDrive35i 3.0 2017,"5,7 s",245 km/h,,Injeção direta,Turbocompressor,2979 cm³,6 em linha,N55B30M0,"Duplo no cabeçote, corrente","89,6 mm",84 mm,Longitudinal,Dianteiro,"5,9 kg/cv","44,2 kg/kgfm","102,7 cv/litro",306 cv a 5800 rpm,"10,2:1",,,"13,7 kgfm/litro","40,8 kgfm a 1200 rpm",4,Admissão e escape,Conversor de torque,Automático,ZF 8HP,,8,Integral sob demanda,1661 mm,1594 mm,1610 mm,560 kg,4648 mm,2810 mm,1881 mm,1805 kg,550 litros,,,67 litros,110 mm,Disco ventilado,Disco ventilado,"2,66 m²","0,931 m²",,"0,35",Eletro-hidráulica,,"11,9 m","Independente, braços sobrepostos",Mola helicoidal,"Independente, multibraço",583 km,509 km,"8,7 km/l","7,6 km/l",212 mm,,,,,,7000 rpm,Hidráulicos,,,,,,,,,,,,,,,,,,,,,,,,,,,,,,,"19,4 graus","25,7 graus","22,6 graus",,,,,,,,,,,,,,,
bmw,X3,x3,x3-m40i-3-0-2018,x3-m40i-3-0-2018,https://www.fichacompleta.com.br/carros/bmw/x3-m40i-3-0-2018,2026-06-18T16:58:25.159131,Bmw X3 M40i 3.0 2018,"4,8 s",250 km/h,,Injeção direta,Turbocompressor,2998 cm³,6 em linha,B58B30,"Duplo no cabeçote, corrente","94,6 mm",82 mm,Longitudinal,Dianteiro,"5,0 kg/cv","35,5 kg/kgfm","120,1 cv/litro",360 cv a 5500 rpm,11:1,,,"17,0 kgfm/litro",51 kgfm a 1520 rpm,4,Admissão e escape,Conversor de torque,Automático,ZF 8HP,,8,Integral sob demanda,1676 mm,1610 mm,1594 mm,645 kg,4716 mm,2864 mm,1897 mm,1810 kg,450 litros,2400 kg,750 kg,65 litros,96 mm,Disco ventilado,Disco ventilado,"2,7 m²","0,891 m²",,"0,33",Eletro-hidráulica,,"12,1 m","Independente, McPherson",Mola helicoidal,"Independente, multibraço",657 km,527 km,"10,1 km/l","8,1 km/l",204 mm,,,,,,6500 rpm,Hidráulicos,,,,,,,,,,,,,,,,,,,,,,,,,,,,,,,,,,,,,,,,,,,,,,,,
bmw,X3,x3,x3-xdrive30i-x-line-2-0-2018,x3-xdrive30i-x-line-2-0-2018,https://www.fichacompleta.com.br/carros/bmw/x3-xdrive30i-x-line-2-0-2018,2026-06-18T16:58:27.823503,Bmw X3 xDrive30i X-Line 2.0 2018,"6,3 s",240 km/h,,Injeção direta,Turbocompressor,1998 cm³,4 em linha,B46,"Duplo no cabeçote, corrente","94,6 mm",82 mm,Longitudinal,Dianteiro,"6,8 kg/cv","48,0 kg/kgfm","126,1 cv/litro",252 cv a 5200 rpm,"10,2:1",,,"17,9 kgfm/litro","35,7 kgfm a 1450 rpm",4,Admissão e escape,Conversor de torque,Automático,ZF 8HP,,8,Integral sob demanda,1676 mm,1620 mm,1636 mm,670 kg,4708 mm,2864 mm,1891 mm,1715 kg,450 litros,2000 kg,750 kg,65 litros,110 mm,Disco ventilado,Disco ventilado,"2,69 m²","0,780 m²",,"0,29",Eletro-hidráulica,,12 m,"Independente, McPherson",Mola helicoidal,"Independente, multibraço",696 km,592 km,"10,7 km/l","9,1 km/l",204 mm,,,,,,6800 rpm,Hidráulicos,,,,,,,,,,,,,,,,,,,,,,,,,,,,,,,,,,,,,,,,,,,,,,,,
bmw,X3,x3,x3-m40i-3-0-2019,x3-m40i-3-0-2019,https://www.fichacompleta.com.br/carros/bmw/x3-m40i-3-0-2019,2026-06-18T16:58:32.342943,Bmw X3 M40i 3.0 2019,"4,8 s",250 km/h,,Injeção direta,Turbocompressor,2998 cm³,6 em linha,B58B30,"Duplo no cabeçote, corrente","94,6 mm",82 mm,Longitudinal,Dianteiro,"5,0 kg/cv","35,5 kg/kgfm","120,1 cv/litro",360 cv a 5500 rpm,11:1,,,"17,0 kgfm/litro",51 kgfm a 1520 rpm,4,Admissão e escape,Conversor de torque,Automático,ZF 8HP,,8,Integral sob demanda,1676 mm,1610 mm,1594 mm,645 kg,4716 mm,2864 mm,1897 mm,1810 kg,450 litros,2400 kg,750 kg,65 litros,96 mm,Disco ventilado,Disco ventilado,"2,7 m²","0,891 m²",,"0,33",Eletro-hidráulica,,"12,1 m","Independente, McPherson",Mola helicoidal,"Independente, multibraço",657 km,527 km,"10,1 km/l","8,1 km/l",204 mm,,,,,,6500 rpm,Hidráulicos,,,,,,,,,,,,,,,,,,,,,,,,,,,,,,,,,,,,,,,,,,,,,,,,
bmw,X3,x3,x3-xdrive20i-x-line-2-0-2019-gasolina,x3-xdrive20i-x-line-2-0-2019-gasolina,https://www.fichacompleta.com.br/carros/bmw/x3-xdrive20i-x-line-2-0-2019-gasolina,2026-06-18T16:58:35.363108,Bmw X3 xDrive20i X-Line 2.0 2019,"8,3 s",215 km/h,Corrente,Injeção direta,Turbocompressor,,4 em linha,B48B20,Duplo no cabeçote,"94,6 mm",82 mm,Longitudinal,Dianteiro,"9,32 kg/cv","62,4 kg/kgfm","92,1 cv/litro",184 cv,11:1,,,"13,8 kgfm/litro","27,5 kgfm",4,Admissão e escape,Conversor de torque,Automático,ZF 8HP,8,,Integral sob demanda,1676 mm,1620 mm,1636 mm,670 kg,4708 mm,2864 mm,1891 mm,1715 kg,450 litros,2000 kg,750 kg,60 litros,118 mm,Disco ventilado,Disco ventilado,"2,65 m²","0,769 m²","0,29",,Elétrica,12 m,,"Indep., McPherson",Mola helicoidal,"Indep., multibraço",690 km,558 km,"11,5 km/l","9,3 km/l",204 mm,,5000 rpm,1350 rpm,500 cm³,1998 cm³,6800 rpm,Hidráulicos,,,,,,,,,,,,,,,,,,,,,,,,,,,,,,,20 graus,25 graus,"23,4 graus",,,,,,,,,,,,,,,
bmw,X3,x3,x3-xdrive20i-x-line-2-0-2019,x3-xdrive20i-x-line-2-0-2019,https://www.fichacompleta.com.br/carros/bmw/x3-xdrive20i-x-line-2-0-2019,2026-06-18T16:58:39.892463,Bmw X3 xDrive20i X-Line 2.0 2019,"8,3 s",215 km/h,,Injeção direta,Turbocompressor,1998 cm³,4 em linha,B48B20,"Duplo no cabeçote, corrente","94,6 mm",82 mm,Longitudinal,Dianteiro,"9,3 kg/cv","62,4 kg/kgfm","92,1 cv/litro",184 cv a 5000 rpm,11:1,,,"13,8 kgfm/litro","27,5 kgfm a 1350 rpm",4,Admissão e escape,Conversor de torque,Automático,ZF 8HP,,8,Integral sob demanda,1676 mm,1620 mm,1636 mm,670 kg,4708 mm,2864 mm,1891 mm,1715 kg,450 litros,2000 kg,750 kg,60 litros,118 mm,Disco ventilado,Disco ventilado,"2,65 m²","0,769 m²",,"0,29",Eletro-hidráulica,,12 m,"Independente, McPherson",Mola helicoidal,"Independente, multibraço",690 km,558 km,"11,5 km/l","9,3 km/l",204 mm,,,,,,6800 rpm,Hidráulicos,,,,,,,,,,,,,,,,,,,,,,,,,,,,,,,20 graus,25 graus,"23,4 graus",,,,,,,,,,,,,,,
bmw,X3,x3,x3-xdrive30i-x-line-2-0-2019,x3-xdrive30i-x-line-2-0-2019,https://www.fichacompleta.com.br/carros/bmw/x3-xdrive30i-x-line-2-0-2019,2026-06-18T16:58:44.051287,Bmw X3 xDrive30i X-Line 2.0 2019,"6,3 s",240 km/h,Corrente,Injeção direta,Turbocompressor,1998 cm³,4 em linha,B46,Duplo no cabeçote,"94,6 mm",82 mm,Longitudinal,Dianteiro,"6,8 kg/cv","48,0 kg/kgfm","126,1 cv/litro",252 cv,"10,2:1",,,"17,9 kgfm/litro","35,7 kgfm",4,Admissão e escape,Conversor de torque,Automático,ZF 8HP,8,,Integral sob demanda,1676 mm,1620 mm,1636 mm,670 kg,4708 mm,2864 mm,1891 mm,1715 kg,450 litros,2000 kg,750 kg,65 litros,110 mm,Disco ventilado,Disco ventilado,"2,69 m²","0,780 m²","0,29",,Eletro-hidráulica,12 m,,"Indep., McPherson",Mola helicoidal,"Indep., multibraço",696 km,592 km,"10,7 km/l","9,1 km/l",204 mm,,5200 rpm,1450 rpm,,,6800 rpm,Hidráulicos,,,,,,,,,,,,,,,,,,,,,,,,,,,,,,,,,,,,,,,,,,,,,,,,
bmw,X3,x3,x3-m-competition-3-0-2020,x3-m-competition-3-0-2020,https://www.fichacompleta.com.br/carros/bmw/x3-m-competition-3-0-2020,2026-06-18T16:58:48.240348,Bmw X3 M Competition 3.0 2020,"4,1 s",285 km/h,Corrente,Injeção direta,Turbocompressor,2993 cm³,6 em linha,S58B30T0,Duplo no cabeçote,90 mm,84 mm,Longitudinal,Dianteiro,"3,9 kg/cv","32,2 kg/kgfm","170,4 cv/litro",510 cv,"9,3:1",,,"20,4 kgfm/litro","61,2 kgfm",4,Admissão e escape,Conversor de torque,Automático,ZF 8HP,8,,Integral sob demanda,1669 mm,1617 mm,1602 mm,530 kg,4726 mm,2864 mm,1897 mm,1970 kg,550 litros,2400 kg,750 kg,65 litros,106 mm,Disco ventilado,Disco ventilado,"2,69 m²","0,968 m²","0,36",,Eletro-hidráulica,"12,6 m",,"Indep., McPherson",Mola helicoidal,"Indep., multibraço",572 km,442 km,"8,8 km/l","6,8 km/l",206 mm,,6250 rpm,2600 rpm,,,7200 rpm,Hidráulicos,,,,,,,,,,,,,,,,,,,,,,,,,,,,,,,20 graus,25 graus,"23,4 graus",,,,,,,,,,,,,,,
bmw,X3,x3,x3-m40i-3-0-2020,x3-m40i-3-0-2020,https://www.fichacompleta.com.br/carros/bmw/x3-m40i-3-0-2020,2026-06-18T16:58:51.933352,Bmw X3 M40i 3.0 2020,"4,8 s",250 km/h,Corrente,Injeção direta,Turbocompressor,2998 cm³,6 em linha,B58B30,Duplo no cabeçote,"94,6 mm",82 mm,Longitudinal,Dianteiro,"5,0 kg/cv","35,5 kg/kgfm","120,1 cv/litro",360 cv,11:1,,,"17,0 kgfm/litro",51 kgfm,4,Admissão e escape,Conversor de torque,Automático,ZF 8HP,8,,Integral sob demanda,1676 mm,1610 mm,1594 mm,645 kg,4716 mm,2864 mm,1897 mm,1810 kg,450 litros,2400 kg,750 kg,65 litros,96 mm,Disco ventilado,Disco ventilado,"2,7 m²","0,891 m²","0,33",,Eletro-hidráulica,"12,1 m",,"Indep., McPherson",Mola helicoidal,"Indep., multibraço",631 km,540 km,"9,7 km/l","8,3 km/l",204 mm,,5500 rpm,1520 rpm,,,6500 rpm,Hidráulicos,,,,,,,,,,,,,,,,,,,,,,,,,,,,,,,,,,,,,,,,,,,,,,,,
bmw,X3,x3,x3-xdrive20i-x-line-2-0-2020,x3-xdrive20i-x-line-2-0-2020,https://www.fichacompleta.com.br/carros/bmw/x3-xdrive20i-x-line-2-0-2020,2026-06-18T16:58:56.462994,Bmw X3 xDrive20i X-Line 2.0 2020,"8,3 s",215 km/h,Corrente,Injeção direta,Turbocompressor,1998 cm³,4 em linha,B48B20,Duplo no cabeçote,"94,6 mm",82 mm,Longitudinal,Dianteiro,"9,3 kg/cv","62,4 kg/kgfm","92,1 cv/litro",184 cv,11:1,,,"13,8 kgfm/litro","27,5 kgfm",4,Admissão e escape,Conversor de torque,Automático,ZF 8HP,8,,Integral sob demanda,1676 mm,1620 mm,1636 mm,670 kg,4708 mm,2864 mm,1891 mm,1715 kg,450 litros,2000 kg,750 kg,60 litros,118 mm,Disco ventilado,Disco ventilado,"2,65 m²","0,769 m²","0,29",,Eletro-hidráulica,12 m,,"Indep., McPherson",Mola helicoidal,"Indep., multibraço",642 km,564 km,"10,7 km/l","9,4 km/l",204 mm,,5000 rpm,1350 rpm,,,6800 rpm,Hidráulicos,,,,,,,,,,,,,,,,,,,,,,,,,,,,,,,20 graus,25 graus,"23,4 graus",,,,,,,,,,,,,,,
bmw,X3,x3,x3-xdrive30i-x-line-2-0-2020,x3-xdrive30i-x-line-2-0-2020,https://www.fichacompleta.com.br/carros/bmw/x3-xdrive30i-x-line-2-0-2020,2026-06-18T16:58:59.858792,Bmw X3 xDrive30i X-Line 2.0 2020,"6,3 s",240 km/h,Corrente,Injeção direta,Turbocompressor,1998 cm³,4 em linha,B46,Duplo no cabeçote,"94,6 mm",82 mm,Longitudinal,Dianteiro,"6,8 kg/cv","48,0 kg/kgfm","126,1 cv/litro",252 cv,"10,2:1",,,"17,9 kgfm/litro","35,7 kgfm",4,Admissão e escape,Conversor de torque,Automático,ZF 8HP,8,,Integral sob demanda,1676 mm,1620 mm,1636 mm,670 kg,4708 mm,2864 mm,1891 mm,1715 kg,450 litros,2000 kg,750 kg,65 litros,110 mm,Disco ventilado,Disco ventilado,"2,69 m²","0,780 m²","0,29",,Eletro-hidráulica,12 m,,"Indep., McPherson",Mola helicoidal,"Indep., multibraço",683 km,605 km,"10,5 km/l","9,3 km/l",204 mm,,5200 rpm,1450 rpm,,,6800 rpm,Hidráulicos,,,,,,,,,,,,,,,,,,,,,,,,,,,,,,,,,,,,,,,,,,,,,,,,
bmw,X3,x3,x3-m-competition-3-0-2021,x3-m-competition-3-0-2021,https://www.fichacompleta.com.br/carros/bmw/x3-m-competition-3-0-2021,2026-06-18T16:59:03.021556,Bmw X3 M Competition 3.0 2021,"4,1 s",285 km/h,Corrente,Injeção direta,Turbocompressor,2993 cm³,6 em linha,S58B30T0,Duplo no cabeçote,90 mm,84 mm,Longitudinal,Dianteiro,"3,9 kg/cv","32,2 kg/kgfm","170,4 cv/litro",,"9,3:1",6250 rpm,2600 rpm,"20,4 kgfm/litro",,4,Admissão e escape,Conversor de torque,Automático,ZF 8HP,8,,Integral sob demanda,1669 mm,1617 mm,1602 mm,530 kg,4726 mm,2864 mm,1897 mm,1970 kg,550 litros,2400 kg,750 kg,65 litros,106 mm,Disco ventilado,Disco ventilado,"2,69 m²","0,968 m²","0,36",,Eletro-hidráulica,"12,6 m",,"Indep., McPherson",Mola helicoidal,"Indep., multibraço",572 km,442 km,"8,8 km/l","6,8 km/l",206 mm,,,,,,7200 rpm,Hidráulicos,,,,,,,,,,,510 cv,"61,2 kgfm",,,,,,,,,,,,,,,,,,,20 graus,25 graus,"23,4 graus",,,,,,,,,,,,,,,
bmw,X3,x3,x3-m40i-3-0-2021,x3-m40i-3-0-2021,https://www.fichacompleta.com.br/carros/bmw/x3-m40i-3-0-2021,2026-06-18T16:59:07.557360,Bmw X3 M40i 3.0 2021,"4,8 s",250 km/h,,Injeção direta,Turbocompressor,2998 cm³,6 em linha,B58B30,"Duplo no cabeçote, corrente",,,Longitudinal,Dianteiro,"5,0 kg/cv","35,5 kg/kgfm","120,1 cv/litro",360 cv a 5500 rpm,11:1,,,"17,0 kgfm/litro",51 kgfm a 1520 rpm,4,Admissão e escape,Conversor de torque,Automático,ZF 8HP,,8,Integral sob demanda,1676 mm,1610 mm,1594 mm,645 kg,4716 mm,2864 mm,1897 mm,1810 kg,450 litros,2400 kg,750 kg,65 litros,96 mm,Disco ventilado,275/35 R21,"2,7 m²",,,"0,33",Eletro-hidráulica,,"12,1 m","Independente, McPherson",Mola helicoidal,"Independente, multibraço",631 km,540 km,"9,7 km/l","8,3 km/l",,,,,,,,Hidráulicos,"94,6 mm",82 mm,,,,,,,,,,,,,,,,,,,,,,,,,,,,,,,,,,,,,,,,,,,,,,
bmw,X3,x3,x3-xdrive20i-x-line-2-0-2021,x3-xdrive20i-x-line-2-0-2021,https://www.fichacompleta.com.br/carros/bmw/x3-xdrive20i-x-line-2-0-2021,2026-06-18T16:59:11.204925,Bmw X3 xDrive20i X-Line 2.0 2021,"8,3 s",215 km/h,Corrente,Injeção direta,Turbocompressor,1998 cm³,4 em linha,B48B20,Duplo no cabeçote,"94,6 mm",82 mm,Longitudinal,Dianteiro,"9,3 kg/cv","62,4 kg/kgfm","92,1 cv/litro",184 cv,11:1,,,"13,8 kgfm/litro","27,5 kgfm",4,Admissão e escape,Conversor de torque,Automático,ZF 8HP,8,,Integral sob demanda,1676 mm,1620 mm,1636 mm,670 kg,4708 mm,2864 mm,1891 mm,1715 kg,450 litros,2000 kg,750 kg,60 litros,118 mm,Disco ventilado,Disco ventilado,"2,65 m²","0,769 m²","0,29",,Eletro-hidráulica,12 m,,"Indep., McPherson",Mola helicoidal,"Indep., multibraço",642 km,564 km,"10,7 km/l","9,4 km/l",204 mm,,5000 rpm,1350 rpm,,,6800 rpm,Hidráulicos,,,,,,,,,,,,,,,,,,,,,,,,,,,,,,,20 graus,25 graus,"23,4 graus",,,,,,,,,,,,,,,
bmw,X3,x3,x3-xdrive30e-2-0-2021,x3-xdrive30e-2-0-2021,https://www.fichacompleta.com.br/carros/bmw/x3-xdrive30e-2-0-2021,2026-06-18T16:59:14.291578,Bmw X3 xDrive30e 2.0 2021,"6,1 s",210 km/h,,Injeção direta,Turbocompressor,1998 cm³,4 em linha,B48B20,"Duplo no cabeçote, corrente",,,Longitudinal,Dianteiro,"10,8 kg/cv","65,0 kg/kgfm","92,1 cv/litro",184 cv a 5000 rpm,11:1,,,"15,3 kgfm/litro","30,6 kgfm a 1350 rpm",4,Admissão e escape,Conversor de torque,Automático,ZF 8HP,,8,Integral sob demanda,1676 mm,1620 mm,1636 mm,630 kg,4708 mm,2864 mm,1891 mm,1990 kg,450 litros,2000 kg,750 kg,50 litros,123 mm,Disco ventilado,Disco ventilado,"2,65 m²","0,848 m²",,"0,32",Eletro-hidráulica,,12 m,"Independente, McPherson",Mola helicoidal,"Independente, multibraço",,,,,204 mm,,,,,,6800 rpm,Hidráulicos,"94,6 mm",82 mm,,,,,,,,,109 cv,"10,7 kgfm",,,,,46 km,12 kWh,"17,2 kWh/100 km",292 cv,"42,8 kgfm",,1585 km,1450 km,"31,7 km/l",29 km/l,,,,,20 graus,"25,6 graus","22,8 graus",,,,,,135 km/h,,,,,,,,,
bmw,X3,x3,x3-xdrive30e-x-line-2-0-2021,x3-xdrive30e-x-line-2-0-2021,https://www.fichacompleta.com.br/carros/bmw/x3-xdrive30e-x-line-2-0-2021,2026-06-18T16:59:18.094638,Bmw X3 xDrive30e X-Line 2.0 2021,"6,1 s",210 km/h,,Injeção direta,Turbocompressor,1998 cm³,4 em linha,B48B20,"Duplo no cabeçote, corrente",,,Longitudinal,Dianteiro,"10,8 kg/cv","65,0 kg/kgfm","92,1 cv/litro",184 cv a 5000 rpm,11:1,,,"15,3 kgfm/litro","30,6 kgfm a 1350 rpm",4,Admissão e escape,Conversor de torque,Automático,ZF 8HP,,8,Integral sob demanda,1676 mm,1620 mm,1636 mm,630 kg,4708 mm,2864 mm,1891 mm,1990 kg,450 litros,2000 kg,750 kg,50 litros,110 mm,245/45 R20,275/40 R20,"2,65 m²",,,"0,32",Eletro-hidráulica,,12 m,"Independente, McPherson",Mola helicoidal,"Independente, multibraço",,,,,,,,,,,,Hidráulicos,"94,6 mm",82 mm,,,,,,,,,109 cv,"10,7 kgfm",,,,,46 km,12 kWh,"17,2 kWh/100 km",292 cv,"42,8 kgfm",,1585 km,1450 km,"31,7 km/l",29 km/l,,,,,,"25,6 graus","22,8 graus",,,,,,135 km/h,,,,,,,,,
bmw,X3,x3,x3-xdrive30i-x-line-2-0-2021,x3-xdrive30i-x-line-2-0-2021,https://www.fichacompleta.com.br/carros/bmw/x3-xdrive30i-x-line-2-0-2021,2026-06-18T16:59:21.188765,Bmw X3 xDrive30i X-Line 2.0 2021,"6,3 s",240 km/h,,Injeção direta,Turbocompressor,1998 cm³,4 em linha,B46,"Duplo no cabeçote, corrente",,,Longitudinal,Dianteiro,"6,8 kg/cv","48,0 kg/kgfm","126,1 cv/litro",252 cv a 5200 rpm,"10,2:1",,,"17,9 kgfm/litro","35,7 kgfm a 1450 rpm",4,Admissão e escape,Conversor de torque,Automático,ZF 8HP,,8,Integral sob demanda,1676 mm,1620 mm,1636 mm,670 kg,4708 mm,2864 mm,1891 mm,1715 kg,450 litros,2000 kg,750 kg,65 litros,110 mm,Disco ventilado,Disco ventilado,"2,69 m²","0,780 m²",,"0,29",Eletro-hidráulica,,12 m,"Independente, McPherson",Mola helicoidal,"Independente, multibraço",683 km,605 km,"10,5 km/l","9,3 km/l",204 mm,,,,,,6800 rpm,Hidráulicos,"94,6 mm",82 mm,,,,,,,,,,,,,,,,,,,,,,,,,,,,,,,,,,,,,,,,,,,,,,
bmw,X3,x3,x3-m40i-3-0-2022,x3-m40i-3-0-2022,https://www.fichacompleta.com.br/carros/bmw/x3-m40i-3-0-2022,2026-06-18T16:59:25.889496,Bmw X3 M40i 3.0 2022,"4,5 s",250 km/h,Corrente,Injeção direta,Turbocompressor,2998 cm³,6 em linha,B58B30,Duplo no cabeçote,"94,6 mm",82 mm,Longitudinal,Dianteiro,"4,7 kg/cv","35,5 kg/kgfm","129,1 cv/litro",387 cv,11:1,5500 rpm,1520 rpm,"17,0 kgfm/litro",51 kgfm,4,Admissão e escape,Conversor de torque,Automático,ZF 8HP,8,,Integral sob demanda,1676 mm,1615 mm,1594 mm,645 kg,4713 mm,2864 mm,1897 mm,1810 kg,450 litros,2400 kg,750 kg,65 litros,96 mm,Disco ventilado,Disco ventilado,"2,65 m²","0,875 m²","0,33",,Eletro-hidráulica,"12,1 m",,"Indep., McPherson",Mola helicoidal,"Indep., multibraço",618 km,507 km,"9,5 km/l","7,8 km/l",204 mm,,,,,,6500 rpm,Hidráulicos,,,,,,,,,,,,,,,,,,,,,,,,,,,,,,,20 graus,25 graus,"23,1 graus",,,,,,,,,,,,,,,
bmw,X3,x3,x3-m40i-m-sport-edition-3-0-2022,x3-m40i-m-sport-edition-3-0-2022,https://www.fichacompleta.com.br/carros/bmw/x3-m40i-m-sport-edition-3-0-2022,2026-06-18T16:59:28.722480,Bmw X3 M40i M Sport Edition 3.0 2022,"4,5 s",250 km/h,Corrente,Injeção direta,Turbocompressor,2998 cm³,6 em linha,B58B30,Duplo no cabeçote,"94,6 mm",82 mm,Longitudinal,Dianteiro,"4,7 kg/cv","35,5 kg/kgfm","129,1 cv/litro",387 cv,11:1,5500 rpm,1520 rpm,"17,0 kgfm/litro",51 kgfm,4,Admissão e escape,Conversor de torque,Automático,ZF 8HP,8,,Integral sob demanda,1676 mm,1615 mm,1594 mm,645 kg,4713 mm,2864 mm,1897 mm,1810 kg,450 litros,2400 kg,750 kg,65 litros,96 mm,Disco ventilado,Disco ventilado,"2,65 m²","0,875 m²","0,33",,Eletro-hidráulica,"12,1 m",,"Indep., McPherson",Mola helicoidal,"Indep., multibraço",618 km,507 km,"9,5 km/l","7,8 km/l",204 mm,,,,,,6500 rpm,Hidráulicos,,,,,,,,,,,,,,,,,,,,,,,,,,,,,,,20 graus,25 graus,"23,1 graus",,,,,,,,,,,,,,,
bmw,X3,x3,x3-xdrive30e-m-sport-2-0-2022,x3-xdrive30e-m-sport-2-0-2022,https://www.fichacompleta.com.br/carros/bmw/x3-xdrive30e-m-sport-2-0-2022,2026-06-18T16:59:33.434197,Bmw X3 xDrive30e M Sport 2.0 2022,"6,1 s",210 km/h,Corrente,Injeção direta,Turbocompressor,1998 cm³,4 em linha,B48B20,Duplo no cabeçote,"94,6 mm",82 mm,Longitudinal,Dianteiro,"10,8 kg/cv","65,0 kg/kgfm","92,1 cv/litro",,11:1,5000 rpm,1350 rpm,"15,3 kgfm/litro",,4,Admissão e escape,Conversor de torque,Automático,ZF 8HP,8,,Integral sob demanda,1676 mm,1620 mm,1636 mm,630 kg,4708 mm,2864 mm,1891 mm,1990 kg,450 litros,2000 kg,750 kg,50 litros,110 mm,Disco ventilado,Disco ventilado,"2,65 m²","0,848 m²","0,32",,Eletro-hidráulica,12 m,,"Indep., McPherson",Mola helicoidal,"Indep., multibraço",,,,,204 mm,Kit de reparo e enchimento,,,,,6800 rpm,Hidráulicos,,,,,,,,,,,109 cv,"10,7 kgfm",,,,,46 km,12 kWh,"17,2 kWh/100 km",292 cv,"42,8 kgfm",135 km/h,1050 km,970 km,21 km/l,"19,4 km/l",,,,,20 graus,"25,6 graus","22,8 graus",,,,,,,,,,,,,,,
bmw,X3,x3,x3-xdrive30e-m-sport-launch-edition-2-0-2022,x3-xdrive30e-m-sport-launch-edition-2-0-2022,https://www.fichacompleta.com.br/carros/bmw/x3-xdrive30e-m-sport-launch-edition-2-0-2022,2026-06-18T16:59:37.946993,Bmw X3 xDrive30e M Sport Launch Edition 2.0 2022,"6,1 s",210 km/h,Corrente,Injeção direta,Turbocompressor,1998 cm³,4 em linha,B48B20,Duplo no cabeçote,"94,6 mm",82 mm,Longitudinal,Dianteiro,"10,8 kg/cv","65,0 kg/kgfm","92,1 cv/litro",,11:1,5000 rpm,1350 rpm,"15,3 kgfm/litro",,4,Admissão e escape,Conversor de torque,Automático,ZF 8HP,8,,Integral sob demanda,1676 mm,1620 mm,1636 mm,630 kg,4708 mm,2864 mm,1891 mm,1990 kg,450 litros,2000 kg,750 kg,50 litros,110 mm,Disco ventilado,Disco ventilado,"2,65 m²","0,848 m²","0,32",,Eletro-hidráulica,12 m,,"Indep., McPherson",Mola helicoidal,"Indep., multibraço",,,,,204 mm,Kit de reparo e enchimento,,,,,6800 rpm,Hidráulicos,,,,,,,,,,,109 cv,"10,7 kgfm",,,,,46 km,12 kWh,"17,2 kWh/100 km",292 cv,"42,8 kgfm",135 km/h,1050 km,970 km,21 km/l,"19,4 km/l",,,,,20 graus,"25,6 graus","22,8 graus",,,,,,,,,,,,,,,
bmw,X3,x3,x3-xdrive30e-x-line-2-0-2022,x3-xdrive30e-x-line-2-0-2022,https://www.fichacompleta.com.br/carros/bmw/x3-xdrive30e-x-line-2-0-2022,2026-06-18T16:59:41.160241,Bmw X3 xDrive30e X-Line 2.0 2022,"6,1 s",210 km/h,Corrente,Injeção direta,Turbocompressor,1998 cm³,4 em linha,B48B20,Duplo no cabeçote,"94,6 mm",82 mm,Longitudinal,Dianteiro,"10,8 kg/cv","65,0 kg/kgfm","92,1 cv/litro",,11:1,5000 rpm,1350 rpm,"15,3 kgfm/litro",,4,Admissão e escape,Conversor de torque,Automático,ZF 8HP,8,,Integral sob demanda,1676 mm,1620 mm,1636 mm,630 kg,4708 mm,2864 mm,1891 mm,1990 kg,450 litros,2000 kg,750 kg,50 litros,110 mm,Disco ventilado,Disco ventilado,"2,65 m²","0,848 m²","0,32",,Eletro-hidráulica,12 m,,"Indep., McPherson",Mola helicoidal,"Indep., multibraço",,,,,204 mm,Kit de reparo e enchimento,,,,,6800 rpm,Hidráulicos,,,,,,,,,,,109 cv,"10,7 kgfm",,,,,46 km,12 kWh,"17,2 kWh/100 km",292 cv,"42,8 kgfm",135 km/h,1050 km,970 km,21 km/l,"19,4 km/l",,,,,20 graus,"25,6 graus","22,8 graus",,,,,,,,,,,,,,,
bmw,X3,x3,x3-m40i-3-0-2023,x3-m40i-3-0-2023,https://www.fichacompleta.com.br/carros/bmw/x3-m40i-3-0-2023,2026-06-18T16:59:45.075024,Bmw X3 M40i 3.0 2023,"4,5 s",250 km/h,Corrente,Injeção direta,Turbocompressor,,6 em linha,B58B30,Duplo no cabeçote,"94,6 mm",82 mm,Longitudinal,Dianteiro,"4,68 kg/cv","35,5 kg/kgfm","129,1 cv/litro",387 cv,11:1,,,"17,0 kgfm/litro",51 kgfm,4,Admissão e escape,Conversor de torque,Automático,ZF 8HP,8,,Integral sob demanda,1676 mm,1615 mm,1594 mm,645 kg,4713 mm,2864 mm,1897 mm,1810 kg,450 litros,2400 kg,750 kg,65 litros,96 mm,Disco ventilado,Disco ventilado,"2,65 m²","0,875 m²","0,33",,Elétrica,"12,1 m",,"Indep., McPherson",Mola helicoidal,"Indep., multibraço",618 km,507 km,"9,5 km/l","7,8 km/l",204 mm,,5500 rpm,1520 rpm,500 cm³,2998 cm³,6500 rpm,Hidráulicos,,,,,,,,,,,,,,,,,,,,,,,,,,,,,,,20 graus,25 graus,"23,1 graus",,,,,,,,,,,,,,,
bmw,X3,x3,x3-xdrive30e-x-line-2-0-2023,x3-xdrive30e-x-line-2-0-2023,https://www.fichacompleta.com.br/carros/bmw/x3-xdrive30e-x-line-2-0-2023,2026-06-18T16:59:50.182439,Bmw X3 xDrive30e X-Line 2.0 2023,"6,1 s",210 km/h,Corrente,Injeção direta,Turbocompressor,,4 em linha,B48B20,Duplo no cabeçote,"94,6 mm",82 mm,Longitudinal,Dianteiro,"10,82 kg/cv","65,0 kg/kgfm","92,1 cv/litro",184 cv,11:1,,,"15,3 kgfm/litro","30,6 kgfm",4,Admissão e escape,Conversor de torque,Automático,ZF 8HP,8,,Integral sob demanda,1676 mm,1620 mm,1636 mm,630 kg,4708 mm,2864 mm,1891 mm,1990 kg,450 litros,2000 kg,750 kg,50 litros,110 mm,Disco ventilado,Disco ventilado,"2,65 m²","0,848 m²","0,32",,Elétrica,12 m,,"Indep., McPherson",Mola helicoidal,"Indep., multibraço",,,,,204 mm,Kit de reparo e enchimento,5000 rpm,1350 rpm,500 cm³,1998 cm³,6800 rpm,Hidráulicos,,,,,,,,,,,109 cv,"10,7 kgfm",,,,,31 km,12 kWh,"17,2 kWh/100 km",292 cv,"42,8 kgfm",135 km/h,480 km,405 km,"9,6 km/l","8,1 km/l",,,,,20 graus,"25,6 graus","22,8 graus",,,,,,,,,,,,,,,
bmw,X3,x3,x3-m40i-3-0-2024,x3-m40i-3-0-2024,https://www.fichacompleta.com.br/carros/bmw/x3-m40i-3-0-2024,2026-06-18T16:59:54.059116,Bmw X3 M40i 3.0 2024,"4,5 s",250 km/h,Corrente,Injeção direta,Turbocompressor,,6 em linha,B58B30,Duplo no cabeçote,"94,6 mm",82 mm,Longitudinal,Dianteiro,"4,68 kg/cv","35,5 kg/kgfm","129,1 cv/litro",387 cv,11:1,,,"17,0 kgfm/litro",51 kgfm,4,Admissão e escape,Conversor de torque,Automático,ZF 8HP,8,,Integral sob demanda,1676 mm,1615 mm,1594 mm,645 kg,4713 mm,2864 mm,1897 mm,1810 kg,450 litros,2400 kg,750 kg,65 litros,96 mm,Disco ventilado,Disco ventilado,"2,65 m²","0,875 m²","0,33",,Elétrica,"12,1 m",,"Indep., McPherson",Mola helicoidal,"Indep., multibraço",618 km,507 km,"9,5 km/l","7,8 km/l",204 mm,,5500 rpm,1520 rpm,500 cm³,2998 cm³,6500 rpm,Hidráulicos,,,,,,,,,,,,,,,,,,,,,,,,,,,,,,,20 graus,25 graus,"23,1 graus",,,,,,,,,,,,,,,
bmw,X3,x3,x3-xdrive30e-m-sport-2-0-2024,x3-xdrive30e-m-sport-2-0-2024,https://www.fichacompleta.com.br/carros/bmw/x3-xdrive30e-m-sport-2-0-2024,2026-06-18T16:59:57.787067,Bmw X3 xDrive30e M Sport 2.0 2024,"6,1 s",210 km/h,Corrente,Injeção direta,Turbocompressor,,4 em linha,B48B20,Duplo no cabeçote,"94,6 mm",82 mm,Longitudinal,Dianteiro,"10,82 kg/cv","65,0 kg/kgfm","92,1 cv/litro",184 cv,11:1,,,"15,3 kgfm/litro","30,6 kgfm",4,Admissão e escape,Conversor de torque,Automático,ZF 8HP,8,,Integral sob demanda,1676 mm,1620 mm,1636 mm,630 kg,4708 mm,2864 mm,1891 mm,1990 kg,450 litros,2000 kg,750 kg,50 litros,110 mm,Disco ventilado,Disco ventilado,"2,65 m²","0,848 m²","0,32",,Elétrica,12 m,,"Indep., McPherson",Mola helicoidal,"Indep., multibraço",,,,,204 mm,Kit de reparo e enchimento,5000 rpm,1350 rpm,500 cm³,1998 cm³,6800 rpm,Hidráulicos,,,,,,,,,,,109 cv,"10,7 kgfm",,,,,31 km,12 kWh,"17,2 kWh/100 km",292 cv,"42,8 kgfm",135 km/h,480 km,405 km,"9,6 km/l","8,1 km/l",,,,,20 graus,"25,6 graus","22,8 graus",,,,,,,,,,,,,,,
bmw,X3,x3,x3-xdrive30e-x-line-2-0-2024,x3-xdrive30e-x-line-2-0-2024,https://www.fichacompleta.com.br/carros/bmw/x3-xdrive30e-x-line-2-0-2024,2026-06-18T17:00:00.588608,Bmw X3 xDrive30e X-Line 2.0 2024,"6,1 s",210 km/h,Corrente,Injeção direta,Turbocompressor,,4 em linha,B48B20,Duplo no cabeçote,"94,6 mm",82 mm,Longitudinal,Dianteiro,"10,82 kg/cv","65,0 kg/kgfm","92,1 cv/litro",184 cv,11:1,,,"15,3 kgfm/litro","30,6 kgfm",4,Admissão e escape,Conversor de torque,Automático,ZF 8HP,8,,Integral sob demanda,1676 mm,1620 mm,1636 mm,630 kg,4708 mm,2864 mm,1891 mm,1990 kg,450 litros,2000 kg,750 kg,50 litros,110 mm,Disco ventilado,Disco ventilado,"2,65 m²","0,848 m²","0,32",,Elétrica,12 m,,"Indep., McPherson",Mola helicoidal,"Indep., multibraço",,,,,204 mm,Kit de reparo e enchimento,5000 rpm,1350 rpm,500 cm³,1998 cm³,6800 rpm,Hidráulicos,,,,,,,,,,,109 cv,"10,7 kgfm",,,,,31 km,12 kWh,"17,2 kWh/100 km",292 cv,"42,8 kgfm",135 km/h,480 km,405 km,"9,6 km/l","8,1 km/l",,,,,20 graus,"25,6 graus","22,8 graus",,,,,,,,,,,,,,,
bmw,X3,x3,x3-m50i-3-0-2025,x3-m50i-3-0-2025,https://www.fichacompleta.com.br/carros/bmw/x3-m50i-3-0-2025,2026-06-18T17:00:03.411834,Bmw X3 M50i 3.0 2025,"4,6 s",250 km/h,Corrente,Injeção direta,Turbocompressor,,6 em linha,B58B30,Duplo no cabeçote,"94,6 mm",82 mm,Longitudinal,Dianteiro,"5,40 kg/cv","37,4 kg/kgfm","127,1 cv/litro",381 cv,11:1,,,"18,3 kgfm/litro",55 kgfm,4,Admissão e escape,Conversor de torque,Automático,ZF 8HP,8,,Integral sob demanda,1661 mm,1622 mm,1623 mm,563 kg,4755 mm,2865 mm,1920 mm,2057 kg,570 litros,,,65 litros,96 mm,Disco ventilado,Disco ventilado,,,,,Elétrica,"12,2 m",,"Indep., McPherson",Mola helicoidal,"Indep., multibraço",709 km,624 km,"10,9 km/l","9,6 km/l",211 mm,,5200 rpm,1900 rpm,500 cm³,2998 cm³,6500 rpm,Hidráulicos,,,,,,,,,,,18 cv (dianteiro),"20,4 kgfm (dianteiro)",,,,,,"0,96 kWh",,398 cv,"59,1 kgfm",,,,,,,,,,"18,7 graus","20,6 graus",22 graus,,,,,,,,,,,,,,,
bmw,X3,x3,x3-30-xdrive-m-sport-2-0-2026,x3-30-xdrive-m-sport-2-0-2026,https://www.fichacompleta.com.br/carros/bmw/x3-30-xdrive-m-sport-2-0-2026,2026-06-18T17:00:27.355939,Bmw X3 30 xDrive M Sport 2.0 2026,"6,3 s",209 km/h,Corrente,Injeção direta,Turbocompressor,,4 em linha,B48B20,Duplo no cabeçote,"94,6 mm",82 mm,Longitudinal,Dianteiro,"105,22 kg/cv","92,84 kg/kgfm","129,1 cv/litro",258 cv,11:1,,,"20,4 kgfm/litro","40,8 kgfm",4,Admissão e escape,Conversor de torque,Automático,ZF 8HP,8,,Integral sob demanda,1661 mm,1622 mm,1623 mm,606 kg,4755 mm,2865 mm,1920 mm,1894 kg,570 litros,,,65 litros,110 mm,Disco ventilado,Disco ventilado,,,,,Elétrica,"12,2 m",,"Indep., McPherson",Mola helicoidal,"Indep., multibraço",793 km,676 km,"12,2 km/l","10,4 km/l",211 mm,Kit de reparo,4700 rpm,1600 rpm,500 cm³,1998 cm³,6800 rpm,Hidráulicos,,,,,,,,,,,18 cv (dianteiro),"20,4 kgfm (dianteiro)",,,,,,"0,96 kWh",,,,,,,,,,,,,,,,,,,,,,,,,,,,,,
bmw,X3,x3,x3-m50i-3-0-2026,x3-m50i-3-0-2026,https://www.fichacompleta.com.br/carros/bmw/x3-m50i-3-0-2026,2026-06-18T17:00:31.024158,Bmw X3 M50i 3.0 2026,"4,6 s",250 km/h,Corrente,Injeção direta,Turbocompressor,,6 em linha,B58B30,Duplo no cabeçote,"94,6 mm",82 mm,Longitudinal,Dianteiro,"5,40 kg/cv","37,4 kg/kgfm","127,1 cv/litro",381 cv,11:1,,,"18,3 kgfm/litro",55 kgfm,4,Admissão e escape,Conversor de torque,Automático,ZF 8HP,8,,Integral sob demanda,1661 mm,1622 mm,1623 mm,563 kg,4755 mm,2865 mm,1920 mm,2057 kg,570 litros,,,65 litros,96 mm,Disco ventilado,Disco ventilado,,,,,Elétrica,"12,2 m",,"Indep., McPherson",Mola helicoidal,"Indep., multibraço",709 km,624 km,"10,9 km/l","9,6 km/l",211 mm,Kit de reparo,5200 rpm,1900 rpm,500 cm³,2998 cm³,6500 rpm,Hidráulicos,,,,,,,,,,,18 cv (dianteiro),"20,4 kgfm (dianteiro)",,,,,,"0,96 kWh",,398 cv,"59,1 kgfm",,,,,,,"5,17 kg/cv","34,81 kg/kgfm",,"18,7 graus","20,6 graus",22 graus,,,,,,,,,,,,,,,
bmw,X4,x4,x4-xdrive28i-2-0-2015,x4-xdrive28i-2-0-2015,https://www.fichacompleta.com.br/carros/bmw/x4-xdrive28i-2-0-2015,2026-06-18T17:00:49.536342,Bmw X4 xDrive28i 2.0 2015,"6,4 s",232 km/h,,Injeção direta,Turbocompressor,1997 cm³,4 em linha,N20B20,"Duplo no cabeçote, corrente","90,1 mm",84 mm,Longitudinal,Dianteiro,"7,2 kg/cv","49,6 kg/kgfm","122,7 cv/litro",245 cv a 5000 rpm,10:1,,,"17,9 kgfm/litro","35,7 kgfm a 1250 rpm",4,Admissão e escape,Conversor de torque,Automático,ZF 8HP,,8,Integral sob demanda,1624 mm,1616 mm,1632 mm,590 kg,4671 mm,2810 mm,1881 mm,1770 kg,500 litros,2400 kg,750 kg,67 litros,123 mm,Disco ventilado,Disco ventilado,"2,57 m²","0,874 m²",,"0,34",Eletro-hidráulica,,"11,9 m","Independente, McPherson",Mola helicoidal,"Independente, multibraço",630 km,489 km,"9,4 km/l","7,3 km/l",204 mm,,,,,,,,,,,,,,,,,,,,,,,,,,,,,,,,,,,,,,,,,,,,,,,,,,,,,,,
bmw,X4,x4,x4-xdrive35i-3-0-2015,x4-xdrive35i-3-0-2015,https://www.fichacompleta.com.br/carros/bmw/x4-xdrive35i-3-0-2015,2026-06-18T17:00:53.302973,Bmw X4 xDrive35i 3.0 2015,"5,5 s",247 km/h,,Injeção direta,Turbocompressor,2979 cm³,6 em linha,N55B30M0,"Duplo no cabeçote, corrente","89,6 mm",84 mm,Longitudinal,Dianteiro,"5,9 kg/cv","44,5 kg/kgfm","102,7 cv/litro",306 cv a 5800 rpm,"10,2:1",,,"13,7 kgfm/litro","40,8 kgfm a 1200 rpm",4,Admissão e escape,Conversor de torque,Automático,ZF 8HP,,8,Integral sob demanda,1624 mm,1616 mm,1632 mm,590 kg,4671 mm,2810 mm,1881 mm,1815 kg,500 litros,2400 kg,750 kg,67 litros,96 mm,Disco ventilado,Disco ventilado,"2,57 m²","0,874 m²",,"0,34",Eletro-hidráulica,,"11,9 m","Independente, McPherson",Mola helicoidal,"Independente, multibraço",590 km,449 km,"8,8 km/l","6,7 km/l",204 mm,,,,,,7000 rpm,Hidráulicos,,,,,,,,,,,,,,,,,,,,,,,,,,,,,,,,,,,,,,,,,,,,,,,,
bmw,X4,x4,x4-xdrive28i-2-0-2016,x4-xdrive28i-2-0-2016,https://www.fichacompleta.com.br/carros/bmw/x4-xdrive28i-2-0-2016,2026-06-18T17:00:56.631925,Bmw X4 xDrive28i 2.0 2016,"6,4 s",232 km/h,,Injeção direta,Turbocompressor,1997 cm³,4 em linha,N20B20,"Duplo no cabeçote, corrente","90,1 mm",84 mm,Longitudinal,Dianteiro,"7,2 kg/cv","49,6 kg/kgfm","122,7 cv/litro",245 cv a 5000 rpm,10:1,,,"17,9 kgfm/litro","35,7 kgfm a 1250 rpm",4,Admissão e escape,Conversor de torque,Automático,ZF 8HP,,8,Integral sob demanda,1624 mm,1616 mm,1632 mm,590 kg,4671 mm,2810 mm,1881 mm,1770 kg,500 litros,2400 kg,750 kg,67 litros,123 mm,Disco ventilado,Disco ventilado,"2,57 m²","0,874 m²",,"0,34",Eletro-hidráulica,,"11,9 m","Independente, McPherson",Mola helicoidal,"Independente, multibraço",704 km,523 km,"10,5 km/l","7,8 km/l",204 mm,,,,,,,,,,,,,,,,,,,,,,,,,,,,,,,,,,,,,,,,,,,,,,,,,,,,,,,
bmw,X4,x4,x4-xdrive35i-3-0-2016,x4-xdrive35i-3-0-2016,https://www.fichacompleta.com.br/carros/bmw/x4-xdrive35i-3-0-2016,2026-06-18T17:01:01.209853,Bmw X4 xDrive35i 3.0 2016,"5,5 s",247 km/h,,Injeção direta,Turbocompressor,2979 cm³,6 em linha,N55B30M0,"Duplo no cabeçote, corrente","89,6 mm",84 mm,Longitudinal,Dianteiro,"5,9 kg/cv","44,5 kg/kgfm","102,7 cv/litro",306 cv a 5800 rpm,"10,2:1",,,"13,7 kgfm/litro","40,8 kgfm a 1200 rpm",4,Admissão e escape,Conversor de torque,Automático,ZF 8HP,,8,Integral sob demanda,1624 mm,1616 mm,1632 mm,590 kg,4671 mm,2810 mm,1881 mm,1815 kg,500 litros,2400 kg,750 kg,67 litros,96 mm,Disco ventilado,Disco ventilado,"2,57 m²","0,874 m²",,"0,34",Eletro-hidráulica,,"11,9 m","Independente, McPherson",Mola helicoidal,"Independente, multibraço",650 km,456 km,"9,7 km/l","6,8 km/l",204 mm,,,,,,7000 rpm,Hidráulicos,,,,,,,,,,,,,,,,,,,,,,,,,,,,,,,,,,,,,,,,,,,,,,,,
bmw,X4,x4,x4-xdrive28i-2-0-2017,x4-xdrive28i-2-0-2017,https://www.fichacompleta.com.br/carros/bmw/x4-xdrive28i-2-0-2017,2026-06-18T17:01:05.869650,Bmw X4 xDrive28i 2.0 2017,"6,4 s",232 km/h,,Injeção direta,Turbocompressor,1997 cm³,4 em linha,N20B20,"Duplo no cabeçote, corrente","90,1 mm",84 mm,Longitudinal,Dianteiro,"7,2 kg/cv","49,6 kg/kgfm","122,7 cv/litro",245 cv a 5000 rpm,10:1,,,"17,9 kgfm/litro","35,7 kgfm a 1250 rpm",4,Admissão e escape,Conversor de torque,Automático,ZF 8HP,,8,Integral sob demanda,1624 mm,1616 mm,1632 mm,590 kg,4671 mm,2810 mm,1881 mm,1770 kg,500 litros,2400 kg,750 kg,67 litros,123 mm,Disco ventilado,Disco ventilado,"2,57 m²","0,874 m²",,"0,34",Eletro-hidráulica,,"11,9 m","Independente, McPherson",Mola helicoidal,"Independente, multibraço",704 km,523 km,"10,5 km/l","7,8 km/l",204 mm,,,,,,,,,,,,,,,,,,,,,,,,,,,,,,,,,,,,,,,,,,,,,,,,,,,,,,,
bmw,X4,x4,x4-xdrive35i-3-0-2017,x4-xdrive35i-3-0-2017,https://www.fichacompleta.com.br/carros/bmw/x4-xdrive35i-3-0-2017,2026-06-18T17:01:09.686433,Bmw X4 xDrive35i 3.0 2017,"5,5 s",247 km/h,,Injeção direta,Turbocompressor,2979 cm³,6 em linha,N55B30M0,"Duplo no cabeçote, corrente","89,6 mm",84 mm,Longitudinal,Dianteiro,"5,9 kg/cv","44,5 kg/kgfm","102,7 cv/litro",306 cv a 5800 rpm,"10,2:1",,,"13,7 kgfm/litro","40,8 kgfm a 1200 rpm",4,Admissão e escape,Conversor de torque,Automático,ZF 8HP,,8,Integral sob demanda,1624 mm,1616 mm,1632 mm,590 kg,4671 mm,2810 mm,1881 mm,1815 kg,500 litros,2400 kg,750 kg,67 litros,96 mm,Disco ventilado,Disco ventilado,"2,57 m²","0,874 m²",,"0,34",Eletro-hidráulica,,"11,9 m","Independente, McPherson",Mola helicoidal,"Independente, multibraço",650 km,456 km,"9,7 km/l","6,8 km/l",204 mm,,,,,,7000 rpm,Hidráulicos,,,,,,,,,,,,,,,,,,,,,,,,,,,,,,,,,,,,,,,,,,,,,,,,
bmw,X4,x4,x4-xdrive28i-2-0-2018,x4-xdrive28i-2-0-2018,https://www.fichacompleta.com.br/carros/bmw/x4-xdrive28i-2-0-2018,2026-06-18T17:01:14.133826,Bmw X4 xDrive28i 2.0 2018,"6,4 s",232 km/h,,Injeção direta,Turbocompressor,1997 cm³,4 em linha,N20B20,"Duplo no cabeçote, corrente","90,1 mm",84 mm,Longitudinal,Dianteiro,"7,2 kg/cv","49,6 kg/kgfm","122,7 cv/litro",245 cv a 5000 rpm,10:1,,,"17,9 kgfm/litro","35,7 kgfm a 1250 rpm",4,Admissão e escape,Conversor de torque,Automático,ZF 8HP,,8,Integral sob demanda,1624 mm,1616 mm,1632 mm,590 kg,4671 mm,2810 mm,1881 mm,1770 kg,500 litros,2400 kg,750 kg,67 litros,123 mm,Disco ventilado,Disco ventilado,"2,57 m²","0,874 m²",,"0,34",Eletro-hidráulica,,"11,9 m","Independente, McPherson",Mola helicoidal,"Independente, multibraço",630 km,536 km,"9,4 km/l",8 km/l,204 mm,,,,,,,,,,,,,,,,,,,,,,,,,,,,,,,,,,,,,,,,,,,,,,,,,,,,,,,
bmw,X4,x4,x4-m40i-3-0-2019,x4-m40i-3-0-2019,https://www.fichacompleta.com.br/carros/bmw/x4-m40i-3-0-2019,2026-06-18T17:01:18.930084,Bmw X4 M40i 3.0 2019,"4,8 s",250 km/h,,Injeção direta,Turbocompressor,2998 cm³,6 em linha,B58B30,"Duplo no cabeçote, corrente","94,6 mm",82 mm,Longitudinal,Dianteiro,"5,1 kg/cv","35,8 kg/kgfm","120,1 cv/litro",360 cv a 5500 rpm,11:1,,,"17,0 kgfm/litro",51 kgfm a 1520 rpm,4,Admissão e escape,Conversor de torque,Automático,ZF 8HP,,8,Integral sob demanda,1621 mm,1615 mm,1624 mm,605 kg,4752 mm,2864 mm,1938 mm,1825 kg,425 litros,2000 kg,750 kg,65 litros,96 mm,Disco ventilado,Disco ventilado,"2,59 m²","0,777 m²",,"0,3",Eletro-hidráulica,,"12,1 m","Independente, McPherson",Mola helicoidal,"Independente, multibraço",650 km,514 km,10 km/l,"7,9 km/l",204 mm,,,,,,6500 rpm,Hidráulicos,,,,,,,,,,,,,,,,,,,,,,,,,,,,,,,20 graus,25 graus,"21,9 graus",,,,,,,,,,,,,,,
bmw,X4,x4,x4-xdrive30i-2-0-2019,x4-xdrive30i-2-0-2019,https://www.fichacompleta.com.br/carros/bmw/x4-xdrive30i-2-0-2019,2026-06-18T17:01:22.868025,Bmw X4 xDrive30i 2.0 2019,"6,3 s",240 km/h,,Injeção direta,Turbocompressor,1998 cm³,4 em linha,B46,"Duplo no cabeçote, corrente","94,6 mm",82 mm,Longitudinal,Dianteiro,"6,8 kg/cv","48,2 kg/kgfm","126,1 cv/litro",252 cv a 5200 rpm,"10,2:1",,,"17,9 kgfm/litro","35,7 kgfm a 1450 rpm",4,Admissão e escape,Conversor de torque,Automático,ZF 8HP,,8,Integral sob demanda,1621 mm,1620 mm,1666 mm,680 kg,4752 mm,2864 mm,1918 mm,1720 kg,425 litros,2000 kg,750 kg,65 litros,110 mm,Disco ventilado,Disco ventilado,"2,59 m²","0,777 m²",,"0,3",Eletro-hidráulica,,"12,1 m","Independente, McPherson",Mola helicoidal,"Independente, multibraço",611 km,520 km,"9,4 km/l",8 km/l,204 mm,,,,,,6800 rpm,Hidráulicos,,,,,,,,,,,,,,,,,,,,,,,,,,,,,,,20 graus,25 graus,"21,9 graus",,,,,,,,,,,,,,,
bmw,X4,x4,x4-m-competition-3-0-2020,x4-m-competition-3-0-2020,https://www.fichacompleta.com.br/carros/bmw/x4-m-competition-3-0-2020,2026-06-18T17:01:26.795820,Bmw X4 M Competition 3.0 2020,"4,1 s",285 km/h,Corrente,Injeção direta,Turbocompressor,2993 cm³,6 em linha,S58B30T0,Duplo no cabeçote,90 mm,84 mm,Longitudinal,Dianteiro,"3,9 kg/cv","32,2 kg/kgfm","170,4 cv/litro",510 cv,"9,3:1",,,"20,4 kgfm/litro","61,2 kgfm",4,Admissão e escape,Conversor de torque,Automático,ZF 8HP,8,,Integral sob demanda,1620 mm,1617 mm,1632 mm,530 kg,4758 mm,2864 mm,1927 mm,1970 kg,525 litros,2400 kg,750 kg,65 litros,106 mm,Disco ventilado,Disco ventilado,"2,64 m²","0,950 m²","0,36",,Eletro-hidráulica,"12,6 m",,"Indep., McPherson",Mola helicoidal,"Indep., multibraço",618 km,403 km,"9,5 km/l","6,2 km/l",,,6250 rpm,2600 rpm,,,7200 rpm,Hidráulicos,,,,,,,,,,,,,,,,,,,,,,,,,,,,,,,20 graus,25 graus,"21,9 graus",,,,,,,,,,,,,,,
bmw,X4,x4,x4-m40i-3-0-2020,x4-m40i-3-0-2020,https://www.fichacompleta.com.br/carros/bmw/x4-m40i-3-0-2020,2026-06-18T17:01:30.346189,Bmw X4 M40i 3.0 2020,"4,8 s",250 km/h,Corrente,Injeção direta,Turbocompressor,2998 cm³,6 em linha,B58B30,Duplo no cabeçote,"94,6 mm",82 mm,Longitudinal,Dianteiro,"5,1 kg/cv","35,8 kg/kgfm","120,1 cv/litro",360 cv,11:1,,,"17,0 kgfm/litro",51 kgfm,4,Admissão e escape,Conversor de torque,Automático,ZF 8HP,8,,Integral sob demanda,1621 mm,1615 mm,1624 mm,605 kg,4752 mm,2864 mm,1938 mm,1825 kg,425 litros,2000 kg,750 kg,65 litros,96 mm,Disco ventilado,Disco ventilado,"2,59 m²","0,777 m²","0,3",,Eletro-hidráulica,"12,1 m",,"Indep., McPherson",Mola helicoidal,"Indep., multibraço",644 km,546 km,"9,9 km/l","8,4 km/l",204 mm,,5500 rpm,1520 rpm,,,6500 rpm,Hidráulicos,,,,,,,,,,,,,,,,,,,,,,,,,,,,,,,20 graus,25 graus,"21,9 graus",,,,,,,,,,,,,,,
bmw,X4,x4,x4-xdrive30i-2-0-2020,x4-xdrive30i-2-0-2020,https://www.fichacompleta.com.br/carros/bmw/x4-xdrive30i-2-0-2020,2026-06-18T17:01:34.845204,Bmw X4 xDrive30i 2.0 2020,"6,3 s",240 km/h,Corrente,Injeção direta,Turbocompressor,1998 cm³,4 em linha,B46,Duplo no cabeçote,"94,6 mm",82 mm,Longitudinal,Dianteiro,"6,8 kg/cv","48,2 kg/kgfm","126,1 cv/litro",252 cv,"10,2:1",,,"17,9 kgfm/litro","35,7 kgfm",4,Admissão e escape,Conversor de torque,Automático,ZF 8HP,8,,Integral sob demanda,1621 mm,1620 mm,1666 mm,680 kg,4752 mm,2864 mm,1918 mm,1720 kg,425 litros,2000 kg,750 kg,65 litros,110 mm,Disco ventilado,Disco ventilado,"2,59 m²","0,777 m²","0,3",,Eletro-hidráulica,"12,1 m",,"Indep., McPherson",Mola helicoidal,"Indep., multibraço",709 km,624 km,"10,9 km/l","9,6 km/l",204 mm,,5200 rpm,1450 rpm,,,6800 rpm,Hidráulicos,,,,,,,,,,,,,,,,,,,,,,,,,,,,,,,20 graus,25 graus,"21,9 graus",,,,,,,,,,,,,,,
bmw,X4,x4,x4-m-competition-3-0-2021,x4-m-competition-3-0-2021,https://www.fichacompleta.com.br/carros/bmw/x4-m-competition-3-0-2021,2026-06-18T17:01:38.359046,Bmw X4 M Competition 3.0 2021,"4,1 s",285 km/h,Corrente,Injeção direta,Turbocompressor,2993 cm³,6 em linha,S58B30T0,Duplo no cabeçote,90 mm,84 mm,Longitudinal,Dianteiro,"3,9 kg/cv","32,2 kg/kgfm","170,4 cv/litro",,"9,3:1",6250 rpm,2600 rpm,"20,4 kgfm/litro",,4,Admissão e escape,Conversor de torque,Automático,ZF 8HP,8,,Integral sob demanda,1620 mm,1617 mm,1632 mm,530 kg,4758 mm,2864 mm,1927 mm,1970 kg,525 litros,2400 kg,750 kg,65 litros,106 mm,Disco ventilado,Disco ventilado,"2,64 m²","0,950 m²","0,36",,Eletro-hidráulica,"12,6 m",,"Indep., McPherson",Mola helicoidal,"Indep., multibraço",585 km,455 km,9 km/l,7 km/l,,,,,,,7200 rpm,Hidráulicos,,,,,,,,,,,510 cv,"61,2 kgfm",,,,,,,,,,,,,,,,,,,20 graus,25 graus,"21,9 graus",,,,,,,,,,,,,,,
bmw,X4,x4,x4-m40i-3-0-2021,x4-m40i-3-0-2021,https://www.fichacompleta.com.br/carros/bmw/x4-m40i-3-0-2021,2026-06-18T17:01:42.607261,Bmw X4 M40i 3.0 2021,"4,8 s",250 km/h,Corrente,Injeção direta,Turbocompressor,2998 cm³,6 em linha,B58B30,Duplo no cabeçote,"94,6 mm",82 mm,Longitudinal,Dianteiro,"5,1 kg/cv","35,8 kg/kgfm","120,1 cv/litro",360 cv,11:1,,,"17,0 kgfm/litro",51 kgfm,4,Admissão e escape,Conversor de torque,Automático,ZF 8HP,8,,Integral sob demanda,1621 mm,1615 mm,1624 mm,605 kg,4752 mm,2864 mm,1938 mm,1825 kg,425 litros,2000 kg,750 kg,65 litros,96 mm,Disco ventilado,Disco ventilado,"2,59 m²","0,777 m²","0,3",,Eletro-hidráulica,"12,1 m",,"Indep., McPherson",Mola helicoidal,"Indep., multibraço",644 km,546 km,"9,9 km/l","8,4 km/l",204 mm,,5500 rpm,1520 rpm,,,6500 rpm,Hidráulicos,,,,,,,,,,,,,,,,,,,,,,,,,,,,,,,20 graus,25 graus,"21,9 graus",,,,,,,,,,,,,,,
bmw,X4,x4,x4-xdrive30i-2-0-2021,x4-xdrive30i-2-0-2021,https://www.fichacompleta.com.br/carros/bmw/x4-xdrive30i-2-0-2021,2026-06-18T17:01:45.326582,Bmw X4 xDrive30i 2.0 2021,"6,3 s",240 km/h,Corrente,Injeção direta,Turbocompressor,1998 cm³,4 em linha,B46,Duplo no cabeçote,"94,6 mm",82 mm,Longitudinal,Dianteiro,"6,8 kg/cv","48,2 kg/kgfm","126,1 cv/litro",,"10,2:1",5200 rpm,1450 rpm,"17,9 kgfm/litro",,4,Admissão e escape,Conversor de torque,Automático,ZF 8HP,8,,Integral sob demanda,1621 mm,1620 mm,1666 mm,680 kg,4752 mm,2864 mm,1918 mm,1720 kg,425 litros,2000 kg,750 kg,65 litros,110 mm,Disco ventilado,Disco ventilado,"2,59 m²","0,777 m²","0,3",,Eletro-hidráulica,"12,1 m",,"Indep., McPherson",Mola helicoidal,"Indep., multibraço",709 km,624 km,"10,9 km/l","9,6 km/l",204 mm,,,,,,6800 rpm,Hidráulicos,,,,,,,,,,,252 cv,"35,7 kgfm",,,,,,,,,,,,,,,,,,,20 graus,25 graus,"21,9 graus",,,,,,,,,,,,,,,
bmw,X4,x4,x4-m40i-3-0-2022,x4-m40i-3-0-2022,https://www.fichacompleta.com.br/carros/bmw/x4-m40i-3-0-2022,2026-06-18T17:01:48.328331,Bmw X4 M40i 3.0 2022,"4,5 s",250 km/h,Corrente,Injeção direta,Turbocompressor,2998 cm³,6 em linha,B58B30,Duplo no cabeçote,"94,6 mm",82 mm,Longitudinal,Dianteiro,"4,7 kg/cv","35,8 kg/kgfm","129,1 cv/litro",387 cv,11:1,5500 rpm,1520 rpm,"17,0 kgfm/litro",51 kgfm,4,Admissão e escape,Conversor de torque,Automático,ZF 8HP,8,,Integral sob demanda,1621 mm,1615 mm,1624 mm,605 kg,4752 mm,2864 mm,1938 mm,1825 kg,525 litros,2000 kg,750 kg,65 litros,96 mm,Disco ventilado,Disco ventilado,"2,59 m²","0,777 m²","0,3",,Eletro-hidráulica,"12,1 m",,"Indep., McPherson",Mola helicoidal,"Indep., multibraço",624 km,507 km,"9,6 km/l","7,8 km/l",204 mm,,,,,,6500 rpm,Hidráulicos,,,,,,,,,,,,,,,,,,,,,,,,,,,,,,,20 graus,25 graus,"21,9 graus",,,,,,,,,,,,,,,
bmw,X4,x4,x4-m40i-individual-edition-3-0-2022,x4-m40i-individual-edition-3-0-2022,https://www.fichacompleta.com.br/carros/bmw/x4-m40i-individual-edition-3-0-2022,2026-06-18T17:01:51.451419,Bmw X4 M40i Individual Edition 3.0 2022,"4,5 s",250 km/h,Corrente,Injeção direta,Turbocompressor,2998 cm³,6 em linha,B58B30,Duplo no cabeçote,"94,6 mm",82 mm,Longitudinal,Dianteiro,"4,7 kg/cv","35,8 kg/kgfm","129,1 cv/litro",387 cv,11:1,5500 rpm,1520 rpm,"17,0 kgfm/litro",51 kgfm,4,Admissão e escape,Conversor de torque,Automático,ZF 8HP,8,,Integral sob demanda,1621 mm,1615 mm,1624 mm,605 kg,4752 mm,2864 mm,1938 mm,1825 kg,525 litros,2000 kg,750 kg,65 litros,96 mm,Disco ventilado,Disco ventilado,"2,59 m²","0,777 m²","0,3",,Eletro-hidráulica,"12,1 m",,"Indep., McPherson",Mola helicoidal,"Indep., multibraço",624 km,507 km,"9,6 km/l","7,8 km/l",204 mm,,,,,,6500 rpm,Hidráulicos,,,,,,,,,,,,,,,,,,,,,,,,,,,,,,,20 graus,25 graus,"21,9 graus",,,,,,,,,,,,,,,
bmw,X4,x4,x4-m40i-m-sport-edition-3-0-2022,x4-m40i-m-sport-edition-3-0-2022,https://www.fichacompleta.com.br/carros/bmw/x4-m40i-m-sport-edition-3-0-2022,2026-06-18T17:01:53.987159,Bmw X4 M40i M Sport Edition 3.0 2022,"4,5 s",250 km/h,Corrente,Injeção direta,Turbocompressor,2998 cm³,6 em linha,B58B30,Duplo no cabeçote,"94,6 mm",82 mm,Longitudinal,Dianteiro,"4,7 kg/cv","35,8 kg/kgfm","129,1 cv/litro",387 cv,11:1,5500 rpm,1520 rpm,"17,0 kgfm/litro",51 kgfm,4,Admissão e escape,Conversor de torque,Automático,ZF 8HP,8,,Integral sob demanda,1621 mm,1615 mm,1624 mm,605 kg,4752 mm,2864 mm,1938 mm,1825 kg,525 litros,2000 kg,750 kg,65 litros,96 mm,Disco ventilado,Disco ventilado,"2,59 m²","0,777 m²","0,3",,Eletro-hidráulica,"12,1 m",,"Indep., McPherson",Mola helicoidal,"Indep., multibraço",624 km,507 km,"9,6 km/l","7,8 km/l",204 mm,,,,,,6500 rpm,Hidráulicos,,,,,,,,,,,,,,,,,,,,,,,,,,,,,,,20 graus,25 graus,"21,9 graus",,,,,,,,,,,,,,,
bmw,X4,x4,x4-xdrive30i-m-sport-2-0-2022,x4-xdrive30i-m-sport-2-0-2022,https://www.fichacompleta.com.br/carros/bmw/x4-xdrive30i-m-sport-2-0-2022,2026-06-18T17:01:57.297787,Bmw X4 xDrive30i M Sport 2.0 2022,"6,4 s",240 km/h,Corrente,Injeção direta,Turbocompressor,1998 cm³,4 em linha,B46,Duplo no cabeçote,"94,6 mm",82 mm,Longitudinal,Dianteiro,"6,8 kg/cv","48,2 kg/kgfm","126,1 cv/litro",252 cv,"10,2:1",5200 rpm,1450 rpm,"17,9 kgfm/litro","35,7 kgfm",4,Admissão e escape,Conversor de torque,Automático,ZF 8HP,8,,Integral sob demanda,1621 mm,1620 mm,1666 mm,680 kg,4752 mm,2864 mm,1918 mm,1720 kg,525 litros,2000 kg,750 kg,65 litros,110 mm,Disco ventilado,Disco ventilado,"2,59 m²","0,777 m²","0,3",,Eletro-hidráulica,"12,1 m",,"Indep., McPherson",Mola helicoidal,"Indep., multibraço",715 km,585 km,11 km/l,9 km/l,204 mm,,,,,,6800 rpm,Hidráulicos,,,,,,,,,,,,,,,,,,,,,,,,,,,,,,,20 graus,25 graus,"21,9 graus",,,,,,,,,,,,,,,
bmw,X4,x4,x4-m40i-3-0-2023,x4-m40i-3-0-2023,https://www.fichacompleta.com.br/carros/bmw/x4-m40i-3-0-2023,2026-06-18T17:02:01.423861,Bmw X4 M40i 3.0 2023,"4,5 s",250 km/h,Corrente,Injeção direta,Turbocompressor,,6 em linha,B58B30,Duplo no cabeçote,"94,6 mm",82 mm,Longitudinal,Dianteiro,"4,72 kg/cv","35,8 kg/kgfm","129,1 cv/litro",387 cv,11:1,,,"17,0 kgfm/litro",51 kgfm,4,Admissão e escape,Conversor de torque,Automático,ZF 8HP,8,,Integral sob demanda,1621 mm,1615 mm,1624 mm,605 kg,4752 mm,2864 mm,1938 mm,1825 kg,525 litros,2000 kg,750 kg,65 litros,96 mm,Disco ventilado,Disco ventilado,"2,59 m²","0,777 m²","0,3",,Elétrica,"12,1 m",,"Indep., McPherson",Mola helicoidal,"Indep., multibraço",624 km,507 km,"9,6 km/l","7,8 km/l",204 mm,,5500 rpm,1520 rpm,500 cm³,2998 cm³,6500 rpm,Hidráulicos,,,,,,,,,,,,,,,,,,,,,,,,,,,,,,,20 graus,25 graus,"21,9 graus",,,,,,,,,,,,,,,
bmw,X4,x4,x4-xdrive30i-m-sport-2-0-2023,x4-xdrive30i-m-sport-2-0-2023,https://www.fichacompleta.com.br/carros/bmw/x4-xdrive30i-m-sport-2-0-2023,2026-06-18T17:02:06.268320,Bmw X4 xDrive30i M Sport 2.0 2023,"6,4 s",240 km/h,Corrente,Injeção direta,Turbocompressor,,4 em linha,B46,Duplo no cabeçote,"94,6 mm",82 mm,Longitudinal,Dianteiro,"6,83 kg/cv","48,2 kg/kgfm","126,1 cv/litro",252 cv,"10,2:1",,,"17,9 kgfm/litro","35,7 kgfm",4,Admissão e escape,Conversor de torque,Automático,ZF 8HP,8,,Integral sob demanda,1621 mm,1620 mm,1666 mm,680 kg,4752 mm,2864 mm,1918 mm,1720 kg,525 litros,2000 kg,750 kg,65 litros,110 mm,Disco ventilado,Disco ventilado,"2,59 m²","0,777 m²","0,3",,Elétrica,"12,1 m",,"Indep., McPherson",Mola helicoidal,"Indep., multibraço",715 km,585 km,11 km/l,9 km/l,204 mm,,5200 rpm,1450 rpm,500 cm³,1998 cm³,6800 rpm,Hidráulicos,,,,,,,,,,,,,,,,,,,,,,,,,,,,,,,20 graus,25 graus,"21,9 graus",,,,,,,,,,,,,,,
bmw,X4,x4,x4-m40i-3-0-2024,x4-m40i-3-0-2024,https://www.fichacompleta.com.br/carros/bmw/x4-m40i-3-0-2024,2026-06-18T17:02:11.067101,Bmw X4 M40i 3.0 2024,"4,5 s",250 km/h,Corrente,Injeção direta,Turbocompressor,,6 em linha,B58B30,Duplo no cabeçote,"94,6 mm",82 mm,Longitudinal,Dianteiro,"4,72 kg/cv","35,8 kg/kgfm","129,1 cv/litro",387 cv,11:1,,,"17,0 kgfm/litro",51 kgfm,4,Admissão e escape,Conversor de torque,Automático,ZF 8HP,8,,Integral sob demanda,1621 mm,1615 mm,1624 mm,605 kg,4752 mm,2864 mm,1938 mm,1825 kg,525 litros,2000 kg,750 kg,65 litros,96 mm,Disco ventilado,Disco ventilado,"2,59 m²","0,777 m²","0,3",,Elétrica,"12,1 m",,"Indep., McPherson",Mola helicoidal,"Indep., multibraço",624 km,507 km,"9,6 km/l","7,8 km/l",204 mm,,5500 rpm,1520 rpm,500 cm³,2998 cm³,6500 rpm,Hidráulicos,,,,,,,,,,,,,,,,,,,,,,,,,,,,,,,20 graus,25 graus,"21,9 graus",,,,,,,,,,,,,,,
bmw,X4,x4,x4-xdrive30i-m-sport-2-0-2024,x4-xdrive30i-m-sport-2-0-2024,https://www.fichacompleta.com.br/carros/bmw/x4-xdrive30i-m-sport-2-0-2024,2026-06-18T17:02:14.115022,Bmw X4 xDrive30i M Sport 2.0 2024,"6,4 s",240 km/h,Corrente,Injeção direta,Turbocompressor,,4 em linha,B46,Duplo no cabeçote,"94,6 mm",82 mm,Longitudinal,Dianteiro,"6,83 kg/cv","48,2 kg/kgfm","126,1 cv/litro",252 cv,"10,2:1",,,"17,9 kgfm/litro","35,7 kgfm",4,Admissão e escape,Conversor de torque,Automático,ZF 8HP,8,,Integral sob demanda,1621 mm,1620 mm,1666 mm,680 kg,4752 mm,2864 mm,1918 mm,1720 kg,525 litros,2000 kg,750 kg,65 litros,110 mm,Disco ventilado,Disco ventilado,"2,59 m²","0,777 m²","0,3",,Elétrica,"12,1 m",,"Indep., McPherson",Mola helicoidal,"Indep., multibraço",715 km,585 km,11 km/l,9 km/l,204 mm,,5200 rpm,1450 rpm,500 cm³,1998 cm³,6800 rpm,Hidráulicos,,,,,,,,,,,,,,,,,,,,,,,,,,,,,,,20 graus,25 graus,"21,9 graus",,,,,,,,,,,,,,,
bmw,X4,x4,x4-m40i-3-0-2025,x4-m40i-3-0-2025,https://www.fichacompleta.com.br/carros/bmw/x4-m40i-3-0-2025,2026-06-18T17:02:18.556150,Bmw X4 M40i 3.0 2025,"4,5 s",250 km/h,Corrente,Injeção direta,Turbocompressor,,6 em linha,B58B30,Duplo no cabeçote,"94,6 mm",82 mm,Longitudinal,Dianteiro,"4,72 kg/cv","35,8 kg/kgfm","129,1 cv/litro",387 cv,11:1,,,"17,0 kgfm/litro",51 kgfm,4,Admissão e escape,Conversor de torque,Automático,ZF 8HP,8,,Integral sob demanda,1621 mm,1615 mm,1624 mm,605 kg,4752 mm,2864 mm,1938 mm,1825 kg,525 litros,2000 kg,750 kg,65 litros,96 mm,Disco ventilado,Disco ventilado,"2,59 m²","0,777 m²","0,3",,Elétrica,"12,1 m",,"Indep., McPherson",Mola helicoidal,"Indep., multibraço",624 km,507 km,"9,6 km/l","7,8 km/l",204 mm,,5500 rpm,1520 rpm,500 cm³,2998 cm³,6500 rpm,Hidráulicos,,,,,,,,,,,,,,,,,,,,,,,,,,,,,,,20 graus,25 graus,"21,9 graus",,,,,,,,,,,,,,,
bmw,X4,x4,x4-xdrive20i-m-sport-2-0-2025,x4-xdrive20i-m-sport-2-0-2025,https://www.fichacompleta.com.br/carros/bmw/x4-xdrive20i-m-sport-2-0-2025,2026-06-18T17:02:23.359973,Bmw X4 xDrive20i M Sport 2.0 2025,"8,4 s",215 km/h,Corrente,Injeção direta,Turbocompressor,,4 em linha,B48B20,Duplo no cabeçote,"94,6 mm",82 mm,Longitudinal,Dianteiro,"9,78 kg/cv","58,8 kg/kgfm","92,1 cv/litro",184 cv,11:1,,,"15,3 kgfm/litro","30,6 kgfm",4,Admissão e escape,Conversor de torque,Automático,ZF 8HP,8,,Integral sob demanda,1621 mm,1620 mm,1666 mm,620 kg,4751 mm,2864 mm,1918 mm,1800 kg,525 litros,2400 kg,750 kg,65 litros,110 mm,Disco ventilado,Disco ventilado,"2,59 m²","0,751 m²","0,29",,Elétrica,"12,1 m",,"Indep., McPherson",Mola helicoidal,"Indep., multibraço",780 km,585 km,12 km/l,9 km/l,204 mm,,5000 rpm,1350 rpm,500 cm³,1998 cm³,6800 rpm,Hidráulicos,,,,,,,,,,,,,,,,,,,,,,,,,,,,,,,20 graus,25 graus,"22,2 graus",,,,,,,,,,,,,,,
bmw,X4,x4,x4-xdrive30i-m-sport-2-0-2025,x4-xdrive30i-m-sport-2-0-2025,https://www.fichacompleta.com.br/carros/bmw/x4-xdrive30i-m-sport-2-0-2025,2026-06-18T17:02:27.436910,Bmw X4 xDrive30i M Sport 2.0 2025,"6,4 s",240 km/h,Corrente,Injeção direta,Turbocompressor,,4 em linha,B48B20,Duplo no cabeçote,"94,6 mm",82 mm,Longitudinal,Dianteiro,"6,83 kg/cv","48,2 kg/kgfm","126,1 cv/litro",252 cv,"10,2:1",,,"17,9 kgfm/litro","35,7 kgfm",4,Admissão e escape,Conversor de torque,Automático,ZF 8HP,8,,Integral sob demanda,1621 mm,1620 mm,1666 mm,680 kg,4752 mm,2864 mm,1918 mm,1720 kg,525 litros,2000 kg,750 kg,65 litros,110 mm,Disco ventilado,Disco ventilado,"2,59 m²","0,777 m²","0,3",,Elétrica,"12,1 m",,"Indep., McPherson",Mola helicoidal,"Indep., multibraço",715 km,585 km,11 km/l,9 km/l,204 mm,,5200 rpm,1450 rpm,500 cm³,1998 cm³,6800 rpm,Hidráulicos,,,,,,,,,,,,,,,,,,,,,,,,,,,,,,,20 graus,25 graus,"21,9 graus",,,,,,,,,,,,,,,
bmw,X5,x5,x5-3-0-2001,x5-3-0-2001,https://www.fichacompleta.com.br/carros/bmw/x5-3-0-2001,2026-06-18T17:02:47.666878,Bmw X5 3.0 2001,"8,8 s",202 km/h,,Injeção multiponto,Natural,2979 cm³,6 em linha,M54B30,"Duplo no cabeçote, corrente","89,6 mm",84 mm,Longitudinal,Dianteiro,"8,7 kg/cv","65,7 kg/kgfm","77,5 cv/litro",231 cv a 5900 rpm,"10,2:1",,,"10,3 kgfm/litro","30,6 kgfm a 3500 rpm",4,Admissão e escape,Conversor de torque,Automático,GM 5L40-E,,5,Integral sob demanda,1715 mm,1576 mm,1576 mm,600 kg,4667 mm,2820 mm,1872 mm,2010 kg,465 litros,,,93 litros,153 mm,Disco ventilado,Disco sólido,"2,73 m²","0,956 m²",,"0,35",Hidráulica,,"12,1 m","Independente, McPherson",Mola helicoidal,"Independente, multibraço",670 km,428 km,"7,2 km/l","4,6 km/l",,,,,,,6500 rpm,Hidráulicos,,,,,,,,,,,,,,,,,,,,,,,,,,,,,,,,"24,3 graus","21,5 graus",,,,600 mm,45 graus,,,,,,,,,,
bmw,X5,x5,x5-sport-4-4-v8-2001,x5-sport-4-4-v8-2001,https://www.fichacompleta.com.br/carros/bmw/x5-sport-4-4-v8-2001,2026-06-18T17:02:50.502816,Bmw X5 Sport 4.4 V8 2001,"7,5 s",206 km/h,,Injeção multiponto,Natural,4398 cm³,8 em V,M62TUB44,Duplo no cabeçote,"82,7 mm",92 mm,Longitudinal,Dianteiro,"7,4 kg/cv","47,2 kg/kgfm","65,0 cv/litro",286 cv,10:1,,,"10,2 kgfm/litro","44,9 kgfm",4,Admissão,Conversor de torque,Automático,ZF 5HP,5,,Integral sob demanda,1715 mm,1576 mm,1576 mm,580 kg,4667 mm,2820 mm,1872 mm,2120 kg,465 litros,,,93 litros,153 mm,Disco ventilado,Disco ventilado,"2,73 m²","0,983 m²","0,36",,Hidráulica,"12,1 m",,"Indep., McPherson",Mola helicoidal,"Indep., multibraço",539 km,316 km,"5,8 km/l","3,4 km/l",180 mm,,5400 rpm,3600 rpm,,,,Hidráulicos,,,,,,,,,,,,,,,,,,,,,,,,,,,,,,,,"24,3 graus","21,5 graus",,,,,,,,,,,,,,,
bmw,X5,x5,x5-3-0-2002,x5-3-0-2002,https://www.fichacompleta.com.br/carros/bmw/x5-3-0-2002,2026-06-18T17:02:53.723520,Bmw X5 3.0 2002,"8,8 s",202 km/h,Corrente,Injeção multiponto,Natural,,6 em linha,M54B30,Duplo no cabeçote,"89,6 mm",84 mm,Longitudinal,Dianteiro,"8,70 kg/cv","65,7 kg/kgfm","77,5 cv/litro",231 cv,"10,2:1",,,"10,3 kgfm/litro","30,6 kgfm",4,Admissão e escape,Conversor de torque,Automático,GM 5L40-E,5,,Integral sob demanda,1715 mm,1576 mm,1576 mm,600 kg,4667 mm,2820 mm,1872 mm,2010 kg,465 litros,,,93 litros,153 mm,Disco ventilado,Disco sólido,"2,73 m²","0,956 m²","0,35",,Hidráulica,"12,1 m",,"Indep., McPherson",Mola helicoidal,"Indep., multibraço",670 km,428 km,"7,2 km/l","4,6 km/l",,,5900 rpm,3500 rpm,497 cm³,2979 cm³,6500 rpm,Hidráulicos,,,,,,,,,,,,,,,,,,,,,,,,,,,,,,,,"24,3 graus","21,5 graus",,45 graus,,600 mm,,,,,,,,,,,
bmw,X5,x5,x5-sport-4-4-v8-2002,x5-sport-4-4-v8-2002,https://www.fichacompleta.com.br/carros/bmw/x5-sport-4-4-v8-2002,2026-06-18T17:02:56.403196,Bmw X5 Sport 4.4 V8 2002,"7,5 s",206 km/h,,Injeção multiponto,Natural,4398 cm³,8 em V,M62TUB44,Duplo no cabeçote,,,Longitudinal,Dianteiro,"7,4 kg/cv","47,2 kg/kgfm","65,0 cv/litro",286 cv a 5400 rpm,10:1,,,"10,2 kgfm/litro","44,9 kgfm a 3600 rpm",4,Admissão,Conversor de torque,Automático,ZF 5HP,,5,Integral sob demanda,1715 mm,1576 mm,1576 mm,580 kg,4667 mm,2820 mm,1872 mm,2120 kg,465 litros,,,93 litros,153 mm,Disco ventilado,Disco ventilado,"2,73 m²",,,"0,36",Hidráulica,,"12,1 m","Independente, McPherson",Mola helicoidal,"Independente, multibraço",539 km,316 km,"5,8 km/l","3,4 km/l",,,,,,,,Hidráulicos,"82,7 mm",92 mm,,,,,,,,,,,,,,,,,,,,,,,,,,,,,,"24,3 graus","21,5 graus",,,,,,,,,,,,,,,
bmw,X5,x5,x5-3-0-2003,x5-3-0-2003,https://www.fichacompleta.com.br/carros/bmw/x5-3-0-2003,2026-06-18T17:02:59.552485,Bmw X5 3.0 2003,"8,8 s",202 km/h,Corrente,Injeção multiponto,Natural,2979 cm³,6 em linha,M54B30,Duplo no cabeçote,"89,6 mm",84 mm,Longitudinal,Dianteiro,"8,7 kg/cv","65,7 kg/kgfm","77,5 cv/litro",231 cv,"10,2:1",5900 rpm,3500 rpm,"10,3 kgfm/litro","30,6 kgfm",4,Admissão e escape,Conversor de torque,Automático,GM 5L40-E,5,5,Integral sob demanda,1715 mm,1576 mm,1576 mm,600 kg,4667 mm,2820 mm,1872 mm,2010 kg,465 litros,,,93 litros,153 mm,Disco ventilado,Disco sólido,"2,73 m²","0,956 m²","0,35","0,35",Hidráulica,"12,1 m","12,1 m","Indep., McPherson",Mola helicoidal,"Indep., multibraço",670 km,428 km,"7,2 km/l","4,6 km/l",,,,,,,6500 rpm,Hidráulicos,,,,,,,,,,,,,,,,,,,,,,,,,,,,,,,,"24,3 graus","21,5 graus",,45 graus,,600 mm,45 graus,,,,,,,,,,
bmw,X5,x5,x5-sport-4-4-v8-2003,x5-sport-4-4-v8-2003,https://www.fichacompleta.com.br/carros/bmw/x5-sport-4-4-v8-2003,2026-06-18T17:03:02.479315,Bmw X5 Sport 4.4 V8 2003,"7,5 s",206 km/h,,Injeção multiponto,Natural,4398 cm³,8 em V,M62TUB44,Duplo no cabeçote,"82,7 mm",92 mm,Longitudinal,Dianteiro,"7,4 kg/cv","47,2 kg/kgfm","65,0 cv/litro",286 cv,10:1,,,"10,2 kgfm/litro","44,9 kgfm",4,Admissão,Conversor de torque,Automático,ZF 5HP,5,,Integral sob demanda,1715 mm,1576 mm,1576 mm,580 kg,4667 mm,2820 mm,1872 mm,2120 kg,465 litros,,,93 litros,153 mm,Disco ventilado,Disco ventilado,"2,73 m²","0,983 m²","0,36",,Hidráulica,"12,1 m",,"Indep., McPherson",Mola helicoidal,"Indep., multibraço",539 km,316 km,"5,8 km/l","3,4 km/l",180 mm,,5400 rpm,3600 rpm,,,,Hidráulicos,,,,,,,,,,,,,,,,,,,,,,,,,,,,,,,,"24,3 graus","21,5 graus",,,,,,,,,,,,,,,
bmw,X5,x5,x5-3-0-2004,x5-3-0-2004,https://www.fichacompleta.com.br/carros/bmw/x5-3-0-2004,2026-06-18T17:03:05.102839,Bmw X5 3.0 2004,"8,8 s",210 km/h,Corrente,Injeção multiponto,Natural,2979 cm³,6 em linha,M54B30,Duplo no cabeçote,"89,6 mm",84 mm,Longitudinal,Dianteiro,"8,7 kg/cv","66,0 kg/kgfm","77,5 cv/litro",231 cv,"10,2:1",,,"10,3 kgfm/litro","30,6 kgfm",4,Admissão e escape,Conversor de torque,Automático,GM 5L40-E,5,,Integral sob demanda,1715 mm,1576 mm,1576 mm,600 kg,4667 mm,2820 mm,1872 mm,2020 kg,465 litros,,,93 litros,153 mm,Disco ventilado,Disco sólido,"2,73 m²","0,956 m²","0,35",,Hidráulica,"12,1 m",,"Indep., McPherson",Mola helicoidal,"Indep., multibraço",698 km,465 km,"7,5 km/l",5 km/l,,,5900 rpm,3500 rpm,,,6500 rpm,Hidráulicos,,,,,,,,,,,,,,,,,,,,,,,,,,,,,,,,"24,3 graus","21,5 graus",,45 graus,,600 mm,,,,,,,,,,,
bmw,X5,x5,x5-sport-4-4-v8-2004,x5-sport-4-4-v8-2004,https://www.fichacompleta.com.br/carros/bmw/x5-sport-4-4-v8-2004,2026-06-18T17:03:09.105380,Bmw X5 Sport 4.4 V8 2004,7 s,240 km/h,,Injeção multiponto,Natural,4398 cm³,8 em V,N62B44,Duplo no cabeçote,"82,7 mm",92 mm,Longitudinal,Dianteiro,"6,6 kg/cv","47,2 kg/kgfm","72,8 cv/litro",320 cv,10:1,6100 rpm,3600 rpm,"10,2 kgfm/litro","44,9 kgfm",4,Admissão,Conversor de torque,Automático,ZF 6HP,6,6,Integral sob demanda,1707 mm,1576 mm,1576 mm,580 kg,4667 mm,2820 mm,1872 mm,2120 kg,465 litros,,,93 litros,140 mm,Disco ventilado,Disco ventilado,"2,72 m²","0,979 m²","0,36","0,36",Hidráulica,"12,1 m","12,1 m","Indep., McPherson",Mola helicoidal,"Indep., multibraço",595 km,344 km,"6,4 km/l","3,7 km/l",180 mm,,,,,,6500 rpm,Hidráulicos,,,,,,,,,,,,,,,,,,,,,,,,,,,,,,,,"24,3 graus","21,5 graus",,,,,,,,,,,,,,,
bmw,X5,x5,x5-3-0-2005,x5-3-0-2005,https://www.fichacompleta.com.br/carros/bmw/x5-3-0-2005,2026-06-18T17:03:11.975338,Bmw X5 3.0 2005,"8,8 s",210 km/h,Corrente,Injeção multiponto,Natural,2979 cm³,6 em linha,M54B30,Duplo no cabeçote,"89,6 mm",84 mm,Longitudinal,Dianteiro,"8,7 kg/cv","66,0 kg/kgfm","77,5 cv/litro",cv,"10,2:1",5900 rpm,3500 rpm,"10,3 kgfm/litro","30,6 kgfm",4,Admissão e escape,Conversor de torque,Automático,GM 5L40-E,5,,Integral sob demanda,1715 mm,1576 mm,1576 mm,600 kg,4667 mm,2820 mm,1872 mm,2020 kg,465 litros,,,93 litros,153 mm,Disco ventilado,Disco sólido,"2,73 m²","0,956 m²","0,35",,Hidráulica,"12,1 m",,"Indep., McPherson",Mola helicoidal,"Indep., multibraço",698 km,465 km,"7,5 km/l",5 km/l,,,,,,,6500 rpm,Hidráulicos,,,,,,,,,,,231 cv,"30,6 kgfm",,,,,,,,,,,,,,,,,,,,"24,3 graus","21,5 graus",,45 graus,,600 mm,,,,,,,,,,,
bmw,X5,x5,x5-sport-4-4-v8-2005,x5-sport-4-4-v8-2005,https://www.fichacompleta.com.br/carros/bmw/x5-sport-4-4-v8-2005,2026-06-18T17:03:16.768176,Bmw X5 Sport 4.4 V8 2005,7 s,240 km/h,,Injeção multiponto,Natural,4398 cm³,8 em V,N62B44,Duplo no cabeçote,"82,7 mm",92 mm,Longitudinal,Dianteiro,"6,6 kg/cv","47,2 kg/kgfm","72,8 cv/litro",cv,10:1,6100 rpm,3600 rpm,"10,2 kgfm/litro","44,9 kgfm",4,Admissão,Conversor de torque,Automático,ZF 6HP,6,,Integral sob demanda,1707 mm,1576 mm,1576 mm,580 kg,4667 mm,2820 mm,1872 mm,2120 kg,465 litros,,,93 litros,140 mm,Disco ventilado,Disco ventilado,"2,72 m²","0,979 m²","0,36",,Hidráulica,"12,1 m",,"Indep., McPherson",Mola helicoidal,"Indep., multibraço",595 km,344 km,"6,4 km/l","3,7 km/l",180 mm,,,,,,6500 rpm,Hidráulicos,,,,,,,,,,,320 cv,"44,9 kgfm",,,,,,,,,,,,,,,,,,,,"24,3 graus","21,5 graus",,,,,,,,,,,,,,,
bmw,X5,x5,x5-3-0-2006,x5-3-0-2006,https://www.fichacompleta.com.br/carros/bmw/x5-3-0-2006,2026-06-18T17:03:19.265934,Bmw X5 3.0 2006,"8,8 s",210 km/h,Corrente,Injeção multiponto,Natural,2979 cm³,6 em linha,M54B30,Duplo no cabeçote,"89,6 mm",84 mm,Longitudinal,Dianteiro,"8,7 kg/cv","66,0 kg/kgfm","77,5 cv/litro",231 cv,"10,2:1",,,"10,3 kgfm/litro","30,6 kgfm",4,Admissão e escape,Conversor de torque,Automático,GM 5L40-E,5,,Integral sob demanda,1715 mm,1576 mm,1576 mm,600 kg,4667 mm,2820 mm,1872 mm,2020 kg,465 litros,,,93 litros,153 mm,Disco ventilado,Disco sólido,"2,73 m²","0,956 m²","0,35",,Hidráulica,"12,1 m",,"Indep., McPherson",Mola helicoidal,"Indep., multibraço",698 km,465 km,"7,5 km/l",5 km/l,,,5900 rpm,3500 rpm,,,6500 rpm,Hidráulicos,,,,,,,,,,,,,,,,,,,,,,,,,,,,,,,,"24,3 graus","21,5 graus",,45 graus,,600 mm,,,,,,,,,,,
bmw,X5,x5,x5-sport-4-4-v8-2006,x5-sport-4-4-v8-2006,https://www.fichacompleta.com.br/carros/bmw/x5-sport-4-4-v8-2006,2026-06-18T17:03:21.744913,Bmw X5 Sport 4.4 V8 2006,7 s,240 km/h,,Injeção multiponto,Natural,4398 cm³,8 em V,N62B44,Duplo no cabeçote,"82,7 mm",92 mm,Longitudinal,Dianteiro,"6,6 kg/cv","47,2 kg/kgfm","72,8 cv/litro",320 cv,10:1,,,"10,2 kgfm/litro","44,9 kgfm",4,Admissão,Conversor de torque,Automático,ZF 6HP,6,,Integral sob demanda,1707 mm,1576 mm,1576 mm,580 kg,4667 mm,2820 mm,1872 mm,2120 kg,465 litros,,,93 litros,140 mm,Disco ventilado,Disco ventilado,"2,72 m²","0,979 m²","0,36",,Hidráulica,"12,1 m",,"Indep., McPherson",Mola helicoidal,"Indep., multibraço",595 km,344 km,"6,4 km/l","3,7 km/l",180 mm,,6100 rpm,3600 rpm,,,6500 rpm,Hidráulicos,,,,,,,,,,,,,,,,,,,,,,,,,,,,,,,,"24,3 graus","21,5 graus",,,,,,,,,,,,,,,
bmw,X5,x5,x5-4-8-v8-2007,x5-4-8-v8-2007,https://www.fichacompleta.com.br/carros/bmw/x5-4-8-v8-2007,2026-06-18T17:03:24.889648,Bmw X5 4.8 V8 2007,"6,1 s",246 km/h,,Injeção multiponto,Natural,4799 cm³,8 em V,N62B48,Duplo no cabeçote,"88,3 mm",93 mm,Longitudinal,Dianteiro,"6,1 kg/cv","43,1 kg/kgfm","75,0 cv/litro",360 cv,"10,5:1",,,"10,6 kgfm/litro",51 kgfm,4,Admissão e escape,Conversor de torque,Automático,ZF 6HP,6,,Integral sob demanda,1688 mm,1566 mm,1596 mm,500 kg,4667 mm,2820 mm,1925 mm,2200 kg,465 litros,,,93 litros,110 mm,Disco ventilado,Disco ventilado,"2,76 m²","1,049 m²","0,38",,Hidráulica,"12,1 m",,"Indep., braços sobrepostos",Mola pneumática,"Indep., multibraço",595 km,344 km,"6,4 km/l","3,7 km/l",,,6200 rpm,3500 rpm,,,6500 rpm,Hidráulicos,,,,,,,,,,,,,,,,,,,,,,,,,,,,,,,,,,,,,,,,,,,,,,,,
bmw,X5,x5,x5-sport-4-8-v8-2007,x5-sport-4-8-v8-2007,https://www.fichacompleta.com.br/carros/bmw/x5-sport-4-8-v8-2007,2026-06-18T17:03:28.648326,Bmw X5 Sport 4.8 V8 2007,"6,5 s",240 km/h,,Injeção multiponto,Natural,4799 cm³,8 em V,N62B48,Duplo no cabeçote,"88,3 mm",93 mm,Longitudinal,Dianteiro,"6,3 kg/cv","46,4 kg/kgfm","74,0 cv/litro",355 cv,"10,5:1",6300 rpm,3400 rpm,"10,1 kgfm/litro","48,4 kgfm",4,Admissão e escape,Conversor de torque,Automático,,6,6,Integral sob demanda,1766 mm,1644 mm,1650 mm,615 kg,4854 mm,2933 mm,1933 mm,2245 kg,,,,85 litros,128 mm,Disco ventilado,Disco ventilado,"2,9 m²","1,015 m²","0,35","0,35",Hidráulica,"12,8 m","12,8 m","Indep., braços sobrepostos",Mola pneumática,"Indep., multibraço",553 km,281 km,"6,5 km/l","3,3 km/l",212 mm,Kit de reparo e enchimento,,,,,,Hidráulicos,,,,,,,,,,,,,,,,,,,,,,,,,,,,,,,"19,7 graus","25,4 graus","22,9 graus",,,,,,,620 litros,200 litros,620 litros,200 litros,,,,,
bmw,X5,x5,x5-3-0-2008,x5-3-0-2008,https://www.fichacompleta.com.br/carros/bmw/x5-3-0-2008,2026-06-18T17:03:31.471195,Bmw X5 3.0 2008,"8,1 s",225 km/h,,Injeção multiponto,Natural,2996 cm³,6 em linha,N52B30,"Duplo no cabeçote, corrente",88 mm,85 mm,Longitudinal,Dianteiro,"7,4 kg/cv","62,3 kg/kgfm","90,8 cv/litro",272 cv a 6650 rpm,"10,7:1",,,"10,7 kgfm/litro","32,1 kgfm a 2750 rpm",4,Admissão e escape,Conversor de torque,Automático,,,6,Integral sob demanda,1729 mm,1644 mm,1650 mm,680 kg,4854 mm,2933 mm,1933 mm,2000 kg,,,,85 litros,140 mm,Disco ventilado,Disco ventilado,"2,84 m²","0,937 m²",,"0,33",Hidráulica,,"12,8 m","Independente, braços sobrepostos",Mola pneumática,"Independente, multibraço",655 km,425 km,"7,7 km/l",5 km/l,222 mm,Kit de reparo e enchimento,,,,,,Hidráulicos,,,,,,,,,,,,,,,,,,,,,,,,,,,,,,,"19,8 graus","25,5 graus","22,7 graus",,,,,,,,,620 litros,200 litros,,,,,
bmw,X5,x5,x5-sport-4-8-v8-2009,x5-sport-4-8-v8-2009,https://www.fichacompleta.com.br/carros/bmw/x5-sport-4-8-v8-2009,2026-06-18T17:03:35.431762,Bmw X5 Sport 4.8 V8 2009,"6,5 s",240 km/h,,Injeção multiponto,Natural,4799 cm³,8 em V,N62B48,Duplo no cabeçote,"88,3 mm",93 mm,Longitudinal,Dianteiro,"6,3 kg/cv","46,4 kg/kgfm","74,0 cv/litro",355 cv,"10,5:1",,,"10,1 kgfm/litro","48,4 kgfm",4,Admissão e escape,Conversor de torque,Automático,,6,,Integral sob demanda,1766 mm,1644 mm,1650 mm,615 kg,4854 mm,2933 mm,1933 mm,2245 kg,,,,85 litros,128 mm,Disco ventilado,Disco ventilado,"2,9 m²","1,015 m²","0,35",,Hidráulica,"12,8 m",,"Indep., braços sobrepostos",Mola pneumática,"Indep., multibraço",553 km,281 km,"6,5 km/l","3,3 km/l",212 mm,Kit de reparo e enchimento,6300 rpm,3400 rpm,,,,Hidráulicos,,,,,,,,,,,,,,,,,,,,,,,,,,,,,,,"19,7 graus","25,4 graus","22,9 graus",,,,,,,620 litros,200 litros,,,,,,,
bmw,X5,x5,x5-3-0-2010,x5-3-0-2010,https://www.fichacompleta.com.br/carros/bmw/x5-3-0-2010,2026-06-18T17:03:38.040340,Bmw X5 3.0 2010,"8,1 s",225 km/h,Corrente,Injeção multiponto,Natural,2996 cm³,6 em linha,N52B30,Duplo no cabeçote,88 mm,85 mm,Longitudinal,Dianteiro,"7,4 kg/cv","62,3 kg/kgfm","90,8 cv/litro",272 cv,"10,7:1",,,"10,7 kgfm/litro","32,1 kgfm",4,Admissão e escape,Conversor de torque,Automático,,6,,Integral sob demanda,1729 mm,1644 mm,1650 mm,680 kg,4854 mm,2933 mm,1933 mm,2000 kg,,,,85 litros,140 mm,Disco ventilado,Disco ventilado,"2,84 m²","0,937 m²","0,33",,Hidráulica,"12,8 m",,"Indep., braços sobrepostos",Mola pneumática,"Indep., multibraço",655 km,425 km,"7,7 km/l",5 km/l,222 mm,Kit de reparo e enchimento,6650 rpm,2750 rpm,,,,Hidráulicos,,,,,,,,,,,,,,,,,,,,,,,,,,,,,,,"19,8 graus","25,5 graus","22,7 graus",,,,,,,620 litros,200 litros,,,,,,,
bmw,X5,x5,x5-m-4-4-v8-2010,x5-m-4-4-v8-2010,https://www.fichacompleta.com.br/carros/bmw/x5-m-4-4-v8-2010,2026-06-18T17:03:42.601067,Bmw X5 M 4.4 V8 2010,"4,7 s",275 km/h,Corrente,Injeção direta,Turbocompressor,4395 cm³,8 em V,S63B44,Duplo no cabeçote,"88,3 mm",89 mm,Longitudinal,Dianteiro,"4,2 kg/cv","33,3 kg/kgfm","126,3 cv/litro",555 cv,"9,3:1",,,"15,8 kgfm/litro","69,3 kgfm",4,Admissão e escape,Conversor de torque,Automático,,6,,Integral permanente,1726 mm,1660 mm,1672 mm,600 kg,4851 mm,2933 mm,1994 mm,2305 kg,,3000 kg,750 kg,85 litros,110 mm,Disco ventilado,Disco ventilado,"2,93 m²","1,113 m²","0,38",,Hidráulica,"12,8 m",,"Indep., braços sobrepostos",Mola pneumática,"Indep., multibraço",553 km,306 km,"6,5 km/l","3,6 km/l",207 mm,Kit de reparo e enchimento,6000 rpm,1500 rpm,,,7000 rpm,Hidráulicos,,,,,,,,,,,,,,,,,,,,,,,,,,,,,,,"18,6 graus",22 graus,"21,5 graus",,,,,,,620 litros,200 litros,,,,,,,
bmw,X5,x5,x5-m-4-4-v8-2011,x5-m-4-4-v8-2011,https://www.fichacompleta.com.br/carros/bmw/x5-m-4-4-v8-2011,2026-06-18T17:03:47.518513,Bmw X5 M 4.4 V8 2011,"4,7 s",275 km/h,,Injeção direta,Turbocompressor,4395 cm³,8 em V,S63B44,"Duplo no cabeçote, corrente","88,3 mm",89 mm,Longitudinal,Dianteiro,"4,2 kg/cv","33,3 kg/kgfm","126,3 cv/litro",555 cv a 6000 rpm,"9,3:1",,,"15,8 kgfm/litro","69,3 kgfm a 1500 rpm",4,Admissão e escape,Conversor de torque,Automático,,,6,Integral permanente,1726 mm,1660 mm,1672 mm,600 kg,4851 mm,2933 mm,1994 mm,2305 kg,,3000 kg,750 kg,85 litros,110 mm,Disco ventilado,Disco ventilado,"2,93 m²","1,113 m²",,"0,38",Hidráulica,,"12,8 m","Independente, braços sobrepostos",Mola pneumática,"Independente, multibraço",553 km,306 km,"6,5 km/l","3,6 km/l",207 mm,Kit de reparo e enchimento,,,,,7000 rpm,Hidráulicos,,,,,,,,,,,,,,,,,,,,,,,,,,,,,,,"18,6 graus",22 graus,"21,5 graus",,,,,,,,,620 litros,200 litros,,,,,
bmw,X5,x5,x5-xdrive35i-3-0-2011,x5-xdrive35i-3-0-2011,https://www.fichacompleta.com.br/carros/bmw/x5-xdrive35i-3-0-2011,2026-06-18T17:03:52.064999,Bmw X5 xDrive35i 3.0 2011,"6,8 s",235 km/h,,Injeção direta,Turbocompressor,2979 cm³,6 em linha,N55B30M0,"Duplo no cabeçote, corrente","89,6 mm",84 mm,Longitudinal,Dianteiro,"6,8 kg/cv","50,7 kg/kgfm","102,7 cv/litro",306 cv a 5800 rpm,"10,2:1",,,"13,7 kgfm/litro","40,8 kgfm a 1200 rpm",4,Admissão e escape,Conversor de torque,Automático,ZF 8HP,,8,Integral sob demanda,1739 mm,1644 mm,1650 mm,680 kg,4857 mm,2933 mm,1933 mm,2070 kg,,3500 kg,750 kg,85 litros,140 mm,Disco ventilado,Disco ventilado,"2,86 m²","0,944 m²",,"0,33",Hidráulica,,"12,8 m","Independente, braços sobrepostos",Mola pneumática,"Independente, multibraço",799 km,485 km,"9,4 km/l","5,7 km/l",222 mm,Kit de reparo e enchimento,,,,,7000 rpm,Hidráulicos,,,,,,,,,,,,,,,,,,,,,,,,,,,,,,,"19,8 graus","25,5 graus","22,7 graus",,,,,,,,,620 litros,200 litros,,,,,
bmw,X5,x5,x5-xdrive50i-4-4-v8-2011,x5-xdrive50i-4-4-v8-2011,https://www.fichacompleta.com.br/carros/bmw/x5-xdrive50i-4-4-v8-2011,2026-06-18T17:03:54.641026,Bmw X5 xDrive50i 4.4 V8 2011,"5,5 s",250 km/h,,Injeção direta,Turbocompressor,4395 cm³,8 em V,N63B44,"Duplo no cabeçote, corrente","88,3 mm",89 mm,Longitudinal,Dianteiro,"5,4 kg/cv","35,8 kg/kgfm","92,8 cv/litro",408 cv a 5500 rpm,10:1,,,"13,9 kgfm/litro","61,2 kgfm a 1750 rpm",4,Admissão e escape,Conversor de torque,Automático,ZF 8HP,,8,Integral permanente,1739 mm,1640 mm,1646 mm,680 kg,4857 mm,2933 mm,1933 mm,2190 kg,,3500 kg,750 kg,85 litros,128 mm,Disco ventilado,Disco ventilado,"2,86 m²","1,001 m²",,"0,35",Hidráulica,,"12,8 m","Independente, braços sobrepostos",Mola pneumática,"Independente, multibraço",655 km,357 km,"7,7 km/l","4,2 km/l",222 mm,Kit de reparo e enchimento,,,,,,Hidráulicos,,,,,,,,,,,,,,,,,,,,,,,,,,,,,,,"19,8 graus","25,5 graus","22,7 graus",,,,,,,,,620 litros,200 litros,,,,,
bmw,X5,x5,x5-m-4-4-v8-2012,x5-m-4-4-v8-2012,https://www.fichacompleta.com.br/carros/bmw/x5-m-4-4-v8-2012,2026-06-18T17:03:58.524326,Bmw X5 M 4.4 V8 2012,"4,7 s",275 km/h,Corrente,Injeção direta,Turbocompressor,4395 cm³,8 em V,S63B44,Duplo no cabeçote,"88,3 mm",89 mm,Longitudinal,Dianteiro,"4,2 kg/cv","33,3 kg/kgfm","126,3 cv/litro",555 cv,"9,3:1",,,"15,8 kgfm/litro","69,3 kgfm",4,Admissão e escape,Conversor de torque,Automático,,6,,Integral permanente,1726 mm,1660 mm,1672 mm,600 kg,4851 mm,2933 mm,1994 mm,2305 kg,,3000 kg,750 kg,85 litros,110 mm,Disco ventilado,Disco ventilado,"2,93 m²","1,113 m²","0,38",,Hidráulica,"12,8 m",,"Indep., braços sobrepostos",Mola pneumática,"Indep., multibraço",553 km,306 km,"6,5 km/l","3,6 km/l",207 mm,Kit de reparo e enchimento,6000 rpm,1500 rpm,,,7000 rpm,Hidráulicos,,,,,,,,,,,,,,,,,,,,,,,,,,,,,,,"18,6 graus",22 graus,"21,5 graus",,,,,,,620 litros,200 litros,,,,,,,
bmw,X5,x5,x5-xdrive35i-3-0-2012,x5-xdrive35i-3-0-2012,https://www.fichacompleta.com.br/carros/bmw/x5-xdrive35i-3-0-2012,2026-06-18T17:04:01.352930,Bmw X5 xDrive35i 3.0 2012,"6,8 s",235 km/h,,Injeção direta,Turbocompressor,2979 cm³,6 em linha,N55B30M0,"Duplo no cabeçote, corrente","89,6 mm",84 mm,Longitudinal,Dianteiro,"6,8 kg/cv","50,7 kg/kgfm","102,7 cv/litro",306 cv a 5800 rpm,"10,2:1",,,"13,7 kgfm/litro","40,8 kgfm a 1200 rpm",4,Admissão e escape,Conversor de torque,Automático,ZF 8HP,,8,Integral sob demanda,1739 mm,1644 mm,1650 mm,680 kg,4857 mm,2933 mm,1933 mm,2070 kg,,3500 kg,750 kg,85 litros,140 mm,Disco ventilado,Disco ventilado,"2,86 m²","0,944 m²",,"0,33",Hidráulica,,"12,8 m","Independente, braços sobrepostos",Mola pneumática,"Independente, multibraço",799 km,485 km,"9,4 km/l","5,7 km/l",222 mm,Kit de reparo e enchimento,,,,,7000 rpm,Hidráulicos,,,,,,,,,,,,,,,,,,,,,,,,,,,,,,,"19,8 graus","25,5 graus","22,7 graus",,,,,,,,,620 litros,200 litros,,,,,
bmw,X5,x5,x5-xdrive50i-4-4-v8-2012,x5-xdrive50i-4-4-v8-2012,https://www.fichacompleta.com.br/carros/bmw/x5-xdrive50i-4-4-v8-2012,2026-06-18T17:04:04.337783,Bmw X5 xDrive50i 4.4 V8 2012,"5,5 s",250 km/h,Corrente,Injeção direta,Turbocompressor,4395 cm³,8 em V,N63B44,Duplo no cabeçote,"88,3 mm",89 mm,Longitudinal,Dianteiro,"5,4 kg/cv","35,8 kg/kgfm","92,8 cv/litro",408 cv,10:1,,,"13,9 kgfm/litro","61,2 kgfm",4,Admissão e escape,Conversor de torque,Automático,ZF 8HP,8,,Integral permanente,1739 mm,1640 mm,1646 mm,680 kg,4857 mm,2933 mm,1933 mm,2190 kg,,3500 kg,750 kg,85 litros,128 mm,Disco ventilado,Disco ventilado,"2,86 m²","1,001 m²","0,35",,Hidráulica,"12,8 m",,"Indep., braços sobrepostos",Mola pneumática,"Indep., multibraço",655 km,357 km,"7,7 km/l","4,2 km/l",222 mm,Kit de reparo e enchimento,5500 rpm,1750 rpm,,,,Hidráulicos,,,,,,,,,,,,,,,,,,,,,,,,,,,,,,,"19,8 graus","25,5 graus","22,7 graus",,,,,,,620 litros,200 litros,,,,,,,
bmw,X5,x5,x5-xdrive35i-3-0-2013,x5-xdrive35i-3-0-2013,https://www.fichacompleta.com.br/carros/bmw/x5-xdrive35i-3-0-2013,2026-06-18T17:04:08.466845,Bmw X5 xDrive35i 3.0 2013,"6,8 s",235 km/h,Corrente,Injeção direta,Turbocompressor,2979 cm³,6 em linha,N55B30M0,Duplo no cabeçote,"89,6 mm",84 mm,Longitudinal,Dianteiro,"6,8 kg/cv","50,7 kg/kgfm","102,7 cv/litro",306 cv,"10,2:1",,,"13,7 kgfm/litro","40,8 kgfm",4,Admissão e escape,Conversor de torque,Automático,ZF 8HP,8,,Integral sob demanda,1739 mm,1644 mm,1650 mm,680 kg,4857 mm,2933 mm,1933 mm,2070 kg,,3500 kg,750 kg,85 litros,140 mm,Disco ventilado,Disco ventilado,"2,86 m²","0,944 m²","0,33",,Hidráulica,"12,8 m",,"Indep., braços sobrepostos",Mola pneumática,"Indep., multibraço",799 km,485 km,"9,4 km/l","5,7 km/l",222 mm,Kit de reparo e enchimento,5800 rpm,1200 rpm,,,7000 rpm,Hidráulicos,,,,,,,,,,,,,,,,,,,,,,,,,,,,,,,"19,8 graus","25,5 graus","22,7 graus",,,,,,,620 litros,200 litros,,,,,,,
bmw,X5,x5,x5-xdrive50i-4-4-v8-2014,x5-xdrive50i-4-4-v8-2014,https://www.fichacompleta.com.br/carros/bmw/x5-xdrive50i-4-4-v8-2014,2026-06-18T17:04:12.851206,Bmw X5 xDrive50i 4.4 V8 2014,5 s,250 km/h,Corrente,Injeção direta,Turbocompressor,4395 cm³,8 em V,N63B44TU,Duplo no cabeçote,"88,3 mm",89 mm,Longitudinal,Dianteiro,"4,8 kg/cv","32,8 kg/kgfm","102,4 cv/litro",450 cv,10:1,6000 rpm,2000 rpm,"15,1 kgfm/litro","66,3 kgfm",4,Admissão e escape,Conversor de torque,Automático,ZF 8HP,8,8,Integral permanente,1762 mm,1640 mm,1646 mm,710 kg,4886 mm,2933 mm,1938 mm,2175 kg,650 litros,,,85 litros,128 mm,Disco ventilado,Disco ventilado,"2,9 m²","0,957 m²","0,33","0,33",Eletro-hidráulica,"12,7 m","12,7 m","Indep., braços sobrepostos",Mola helicoidal,"Indep., multibraço",646 km,323 km,"7,6 km/l","3,8 km/l",209 mm,Kit de reparo e enchimento,,,,,7000 rpm,Hidráulicos,,,,,,,,,,,,,,,,,,,,,,,,,,,,,,,,,,,,,,,,,,,,,,,,
bmw,X5,x5,x5-xdrive50i-m-sport-4-4-v8-2014,x5-xdrive50i-m-sport-4-4-v8-2014,https://www.fichacompleta.com.br/carros/bmw/x5-xdrive50i-m-sport-4-4-v8-2014,2026-06-18T17:04:15.924181,Bmw X5 xDrive50i M Sport 4.4 V8 2014,5 s,250 km/h,Corrente,Injeção direta,Turbocompressor,,8 em V,N63B44TU,Duplo no cabeçote,"88,3 mm",89 mm,Longitudinal,Dianteiro,"4,83 kg/cv","32,8 kg/kgfm","102,4 cv/litro",450 cv,10:1,,,"15,1 kgfm/litro","66,3 kgfm",4,Admissão e escape,Conversor de torque,Automático,ZF 8HP,8,,Integral permanente,1762 mm,1640 mm,1646 mm,710 kg,ABBE mm,2933 mm,1938 mm,2175 kg,650 litros,,,85 litros,128 mm,Disco ventilado,Disco ventilado,"2,9 m²","0,957 m²","0,33",,Eletro-hidráulica,"12,7 m",,"Indep., braços sobrepostos",Mola helicoidal,"Indep., multibraço",646 km,323 km,"7,6 km/l","3,8 km/l",209 mm,Kit de reparo e enchimento,6000 rpm,2000 rpm,549 cm³,4395 cm³,7000 rpm,Hidráulicos,,,,,,,,,,,,,,,,,,,,,,,,,,,,,,,,,,,,,,,,,,,,,,,,
bmw,X5,x5,x5-m50d-3-0-2015,x5-m50d-3-0-2015,https://www.fichacompleta.com.br/carros/bmw/x5-m50d-3-0-2015,2026-06-18T17:04:20.834621,Bmw X5 M50d 3.0 2015,"5,3 s",250 km/h,,Injeção direta,Turbocompressor,2993 cm³,6 em linha,N57D30,"Duplo no cabeçote, corrente",90 mm,84 mm,Longitudinal,Dianteiro,"5,7 kg/cv","29,0 kg/kgfm","127,3 cv/litro",381 cv a 4000 rpm,16:1,,,"25,2 kgfm/litro","75,5 kgfm a 2000 rpm",4,,Conversor de torque,Automático,ZF 8HP,,8,Integral sob demanda,1762 mm,1662 mm,1702 mm,710 kg,4886 mm,2933 mm,1938 mm,2190 kg,650 litros,3500 kg,750 kg,85 litros,110 mm,Disco ventilado,Disco ventilado,"2,9 m²","1,015 m²",,"0,35",Eletro-hidráulica,,"12,7 m","Independente, braços sobrepostos",Mola pneumática,"Independente, braços sobrepostos",,,,,209 mm,Kit de reparo e enchimento,,,,,,Hidráulicos,,,,,,,,,,,,,,,,,,,,,,,,,,,,,,,20 graus,25 graus,20 graus,,,,,,,,,,,927 km,842 km,"10,9 km/l","9,9 km/l",
bmw,X5,x5,x5-xdrive30d-3-0-2015,x5-xdrive30d-3-0-2015,https://www.fichacompleta.com.br/carros/bmw/x5-xdrive30d-3-0-2015,2026-06-18T17:04:24.769517,Bmw X5 xDrive30d 3.0 2015,"6,9 s",230 km/h,,Injeção direta,Turbocompressor,2993 cm³,6 em linha,,"Duplo no cabeçote, corrente",90 mm,84 mm,Longitudinal,Dianteiro,"8,3 kg/cv","37,6 kg/kgfm","86,2 cv/litro",258 cv a 4000 rpm,"16,5:1",,,"19,1 kgfm/litro","57,1 kgfm a 1500 rpm",4,,Conversor de torque,Automático,ZF 8HP,,8,Integral sob demanda,1762 mm,1644 mm,1650 mm,630 kg,4886 mm,2933 mm,1938 mm,2145 kg,650 litros,3500 kg,750 kg,85 litros,110 mm,Disco ventilado,Disco ventilado,"2,9 m²","0,899 m²",,"0,31",Eletro-hidráulica,,"12,7 m","Independente, braços sobrepostos",Mola helicoidal,"Independente, multibraço",,,,,209 mm,Kit de reparo e enchimento,,,,,,Hidráulicos,,,,,,,,,,,,,,,,,,,,,,,,,,,,,,,20 graus,25 graus,20 graus,,,,,,,,,,,893 km,680 km,"10,5 km/l",8 km/l,
bmw,X5,x5,x5-xdrive35i-3-0-2015-gasolina,x5-xdrive35i-3-0-2015-gasolina,https://www.fichacompleta.com.br/carros/bmw/x5-xdrive35i-3-0-2015-gasolina,2026-06-18T17:04:29.227250,Bmw X5 xDrive35i 3.0 2015,"6,5 s",235 km/h,Corrente,Injeção direta,Turbocompressor,,6 em linha,N55B30M0,Duplo no cabeçote,"89,6 mm",84 mm,Longitudinal,Dianteiro,"6,63 kg/cv","49,8 kg/kgfm","102,7 cv/litro",306 cv,"10,2:1",,,"13,7 kgfm/litro","40,8 kgfm",4,Admissão e escape,Conversor de torque,Automático,ZF 8HP,8,,Integral sob demanda,1762 mm,1644 mm,1650 mm,710 kg,ABBE mm,2933 mm,1938 mm,2030 kg,650 litros,,,85 litros,140 mm,Disco ventilado,Disco ventilado,"2,9 m²","0,899 m²","0,31",,Eletro-hidráulica,"12,7 m",,"Indep., braços sobrepostos",Mola helicoidal,"Indep., multibraço",697 km,527 km,"8,2 km/l","6,2 km/l",209 mm,Kit de reparo e enchimento,5800 rpm,1200 rpm,497 cm³,2979 cm³,7000 rpm,Hidráulicos,,,,,,,,,,,,,,,,,,,,,,,,,,,,,,,20 graus,25 graus,20 graus,,,,,,,,,,,,,,,
bmw,X5,x5,x5-xdrive35i-3-0-2015,x5-xdrive35i-3-0-2015,https://www.fichacompleta.com.br/carros/bmw/x5-xdrive35i-3-0-2015,2026-06-18T17:04:31.807817,Bmw X5 xDrive35i 3.0 2015,"6,5 s",235 km/h,Corrente,Injeção direta,Turbocompressor,2979 cm³,6 em linha,N55B30M0,Duplo no cabeçote,"89,6 mm",84 mm,Longitudinal,Dianteiro,"6,6 kg/cv","49,8 kg/kgfm","102,7 cv/litro",306 cv,"10,2:1",5800 rpm,1200 rpm,"13,7 kgfm/litro","40,8 kgfm",4,Admissão e escape,Conversor de torque,Automático,ZF 8HP,8,8,Integral sob demanda,1762 mm,1644 mm,1650 mm,710 kg,4886 mm,2933 mm,1938 mm,2030 kg,650 litros,,,85 litros,140 mm,Disco ventilado,Disco ventilado,"2,9 m²","0,899 m²","0,31","0,31",Eletro-hidráulica,"12,7 m","12,7 m","Indep., braços sobrepostos",Mola helicoidal,"Indep., multibraço",697 km,527 km,"8,2 km/l","6,2 km/l",209 mm,Kit de reparo e enchimento,,,,,7000 rpm,Hidráulicos,,,,,,,,,,,,,,,,,,,,,,,,,,,,,,,20 graus,25 graus,20 graus,,,,,,,,,,,,,,,
bmw,X5,x5,x5-xdrive50i-4-4-v8-2015,x5-xdrive50i-4-4-v8-2015,https://www.fichacompleta.com.br/carros/bmw/x5-xdrive50i-4-4-v8-2015,2026-06-18T17:04:34.569692,Bmw X5 xDrive50i 4.4 V8 2015,5 s,250 km/h,Corrente,Injeção direta,Turbocompressor,,8 em V,N63B44TU,Duplo no cabeçote,"88,3 mm",89 mm,Longitudinal,Dianteiro,"4,83 kg/cv","32,8 kg/kgfm","102,4 cv/litro",450 cv,10:1,,,"15,1 kgfm/litro","66,3 kgfm",4,Admissão e escape,Conversor de torque,Automático,ZF 8HP,8,,Integral permanente,1762 mm,1640 mm,1646 mm,710 kg,ABBE mm,2933 mm,1938 mm,2175 kg,650 litros,,,85 litros,128 mm,Disco ventilado,Disco ventilado,"2,9 m²","0,957 m²","0,33",,Eletro-hidráulica,"12,7 m",,"Indep., braços sobrepostos",Mola helicoidal,"Indep., multibraço",646 km,323 km,"7,6 km/l","3,8 km/l",209 mm,Kit de reparo e enchimento,6000 rpm,2000 rpm,549 cm³,4395 cm³,7000 rpm,Hidráulicos,,,,,,,,,,,,,,,,,,,,,,,,,,,,,,,,,,,,,,,,,,,,,,,,
bmw,X5,x5,x5-xdrive50i-m-sport-4-4-v8-2015,x5-xdrive50i-m-sport-4-4-v8-2015,https://www.fichacompleta.com.br/carros/bmw/x5-xdrive50i-m-sport-4-4-v8-2015,2026-06-18T17:04:38.484573,Bmw X5 xDrive50i M Sport 4.4 V8 2015,5 s,250 km/h,Corrente,Injeção direta,Turbocompressor,,8 em V,N63B44TU,Duplo no cabeçote,"88,3 mm",89 mm,Longitudinal,Dianteiro,"4,83 kg/cv","32,8 kg/kgfm","102,4 cv/litro",450 cv,10:1,,,"15,1 kgfm/litro","66,3 kgfm",4,Admissão e escape,Conversor de torque,Automático,ZF 8HP,8,,Integral permanente,1762 mm,1640 mm,1646 mm,710 kg,ABBE mm,2933 mm,1938 mm,2175 kg,650 litros,,,85 litros,128 mm,Disco ventilado,Disco ventilado,"2,9 m²","0,957 m²","0,33",,Eletro-hidráulica,"12,7 m",,"Indep., braços sobrepostos",Mola helicoidal,"Indep., multibraço",646 km,323 km,"7,6 km/l","3,8 km/l",209 mm,Kit de reparo e enchimento,6000 rpm,2000 rpm,549 cm³,4395 cm³,7000 rpm,Hidráulicos,,,,,,,,,,,,,,,,,,,,,,,,,,,,,,,,,,,,,,,,,,,,,,,,
bmw,X5,x5,x5-m50d-3-0-2016,x5-m50d-3-0-2016,https://www.fichacompleta.com.br/carros/bmw/x5-m50d-3-0-2016,2026-06-18T17:04:41.834379,Bmw X5 M50d 3.0 2016,"5,3 s",250 km/h,,Injeção direta,Turbocompressor,2993 cm³,6 em linha,N57D30,"Duplo no cabeçote, corrente",90 mm,84 mm,Longitudinal,Dianteiro,"5,7 kg/cv","29,0 kg/kgfm","127,3 cv/litro",381 cv a 4000 rpm,16:1,,,"25,2 kgfm/litro","75,5 kgfm a 2000 rpm",4,,Conversor de torque,Automático,ZF 8HP,,8,Integral sob demanda,1762 mm,1662 mm,1702 mm,710 kg,4886 mm,2933 mm,1938 mm,2190 kg,,3500 kg,750 kg,85 litros,110 mm,Disco ventilado,Disco ventilado,"2,9 m²","1,015 m²",,"0,35",Eletro-hidráulica,,"12,7 m","Independente, braços sobrepostos",Mola pneumática,"Independente, braços sobrepostos",,,,,209 mm,Kit de reparo e enchimento,,,,,,Hidráulicos,,,,,,,,,,,,,,,,,,,,,,,,,,,,,,,20 graus,25 graus,20 graus,,,,,,,,,650 litros,200 litros,927 km,842 km,"10,9 km/l","9,9 km/l",
bmw,X5,x5,x5-xdrive30d-3-0-2016,x5-xdrive30d-3-0-2016,https://www.fichacompleta.com.br/carros/bmw/x5-xdrive30d-3-0-2016,2026-06-18T17:04:45.779734,Bmw X5 xDrive30d 3.0 2016,"6,9 s",230 km/h,,Injeção direta,Turbocompressor,2993 cm³,6 em linha,,"Duplo no cabeçote, corrente",90 mm,84 mm,Longitudinal,Dianteiro,"8,3 kg/cv","37,6 kg/kgfm","86,2 cv/litro",258 cv a 4000 rpm,"16,5:1",,,"19,1 kgfm/litro","57,1 kgfm a 1500 rpm",4,,Conversor de torque,Automático,ZF 8HP,,8,Integral sob demanda,1762 mm,1644 mm,1650 mm,630 kg,4886 mm,2933 mm,1938 mm,2145 kg,,3500 kg,750 kg,85 litros,110 mm,Disco ventilado,Disco ventilado,"2,9 m²","0,899 m²",,"0,31",Eletro-hidráulica,,"12,7 m","Independente, braços sobrepostos",Mola helicoidal,"Independente, multibraço",,,,,209 mm,Kit de reparo e enchimento,,,,,,Hidráulicos,,,,,,,,,,,,,,,,,,,,,,,,,,,,,,,20 graus,25 graus,20 graus,,,,,,,,,650 litros,200 litros,893 km,680 km,"10,5 km/l",8 km/l,
bmw,X5,x5,x5-xdrive35i-3-0-2016,x5-xdrive35i-3-0-2016,https://www.fichacompleta.com.br/carros/bmw/x5-xdrive35i-3-0-2016,2026-06-18T17:04:50.338349,Bmw X5 xDrive35i 3.0 2016,"6,5 s",235 km/h,,Injeção direta,Turbocompressor,2979 cm³,6 em linha,N55B30M0,"Duplo no cabeçote, corrente","89,6 mm",84 mm,Longitudinal,Dianteiro,"6,6 kg/cv","49,8 kg/kgfm","102,7 cv/litro",306 cv a 5800 rpm,"10,2:1",,,"13,7 kgfm/litro","40,8 kgfm a 1200 rpm",4,Admissão e escape,Conversor de torque,Automático,ZF 8HP,,8,Integral sob demanda,1762 mm,1644 mm,1650 mm,710 kg,4886 mm,2933 mm,1938 mm,2030 kg,650 litros,,,85 litros,140 mm,Disco ventilado,Disco ventilado,"2,9 m²","0,899 m²",,"0,31",Eletro-hidráulica,,"12,7 m","Independente, braços sobrepostos",Mola helicoidal,"Independente, multibraço",697 km,527 km,"8,2 km/l","6,2 km/l",209 mm,Kit de reparo e enchimento,,,,,7000 rpm,Hidráulicos,,,,,,,,,,,,,,,,,,,,,,,,,,,,,,,20 graus,25 graus,20 graus,,,,,,,,,,,,,,,
bmw,X5,x5,x5-m50d-3-0-2017,x5-m50d-3-0-2017,https://www.fichacompleta.com.br/carros/bmw/x5-m50d-3-0-2017,2026-06-18T17:04:54.867805,Bmw X5 M50d 3.0 2017,"5,3 s",250 km/h,,Injeção direta,Turbocompressor,2993 cm³,6 em linha,N57D30,"Duplo no cabeçote, corrente",90 mm,84 mm,Longitudinal,Dianteiro,"5,7 kg/cv","29,0 kg/kgfm","127,3 cv/litro",381 cv a 4000 rpm,16:1,,,"25,2 kgfm/litro","75,5 kgfm a 2000 rpm",4,,Conversor de torque,Automático,ZF 8HP,,8,Integral sob demanda,1762 mm,1662 mm,1702 mm,710 kg,4886 mm,2933 mm,1938 mm,2190 kg,,3500 kg,750 kg,85 litros,110 mm,Disco ventilado,Disco ventilado,"2,9 m²","1,015 m²",,"0,35",Eletro-hidráulica,,"12,7 m","Independente, braços sobrepostos",Mola pneumática,"Independente, braços sobrepostos",,,,,209 mm,Kit de reparo e enchimento,,,,,,Hidráulicos,,,,,,,,,,,,,,,,,,,,,,,,,,,,,,,20 graus,25 graus,20 graus,,,,,,,,,650 litros,150 litros,927 km,842 km,"10,9 km/l","9,9 km/l",
bmw,X5,x5,x5-xdrive30d-3-0-2017,x5-xdrive30d-3-0-2017,https://www.fichacompleta.com.br/carros/bmw/x5-xdrive30d-3-0-2017,2026-06-18T17:04:58.777330,Bmw X5 xDrive30d 3.0 2017,"6,9 s",230 km/h,,Injeção direta,Turbocompressor,2993 cm³,6 em linha,,"Duplo no cabeçote, corrente",90 mm,84 mm,Longitudinal,Dianteiro,"8,3 kg/cv","37,6 kg/kgfm","86,2 cv/litro",258 cv a 4000 rpm,"16,5:1",,,"19,1 kgfm/litro","57,1 kgfm a 1500 rpm",4,,Conversor de torque,Automático,ZF 8HP,,8,Integral sob demanda,1762 mm,1644 mm,1650 mm,630 kg,4886 mm,2933 mm,1938 mm,2145 kg,,3500 kg,750 kg,85 litros,110 mm,Disco ventilado,Disco ventilado,"2,9 m²","0,899 m²",,"0,31",Eletro-hidráulica,,"12,7 m","Independente, braços sobrepostos",Mola helicoidal,"Independente, multibraço",,,,,209 mm,Kit de reparo e enchimento,,,,,,Hidráulicos,,,,,,,,,,,,,,,,,,,,,,,,,,,,,,,20 graus,25 graus,20 graus,,,,,,,,,650 litros,200 litros,893 km,680 km,"10,5 km/l",8 km/l,
bmw,X5,x5,x5-xdrive35i-3-0-2017,x5-xdrive35i-3-0-2017,https://www.fichacompleta.com.br/carros/bmw/x5-xdrive35i-3-0-2017,2026-06-18T17:05:01.494841,Bmw X5 xDrive35i 3.0 2017,"6,5 s",235 km/h,,Injeção direta,Turbocompressor,2979 cm³,6 em linha,N55B30M0,"Duplo no cabeçote, corrente","89,6 mm",84 mm,Longitudinal,Dianteiro,"7,3 kg/cv","54,5 kg/kgfm","102,7 cv/litro",306 cv a 5800 rpm,"10,2:1",,,"13,7 kgfm/litro","40,8 kgfm a 1200 rpm",4,Admissão e escape,Conversor de torque,Automático,ZF 8HP,,8,Integral sob demanda,1762 mm,1644 mm,1650 mm,601 kg,4886 mm,2933 mm,1938 mm,2224 kg,650 litros,,,85 litros,110 mm,Disco ventilado,Disco ventilado,"2,93 m²","0,908 m²",,"0,31",Eletro-hidráulica,,"12,7 m","Independente, braços sobrepostos",Mola helicoidal,"Independente, multibraço",697 km,527 km,"8,2 km/l","6,2 km/l",209 mm,Kit de reparo e enchimento,,,,,7000 rpm,Hidráulicos,,,,,,,,,,,,,,,,,,,,,,,,,,,,,,,20 graus,25 graus,20 graus,,,,,,,,,,,,,,,
bmw,X5,x5,x5-m-4-4-v8-2018-gasolina,x5-m-4-4-v8-2018-gasolina,https://www.fichacompleta.com.br/carros/bmw/x5-m-4-4-v8-2018-gasolina,2026-06-18T17:05:04.416672,Bmw X5 M 4.4 V8 2018,"4,2 s",250 km/h,Corrente,Injeção direta,Turbocompressor,,8 em V,S63B44,Duplo no cabeçote,"88,3 mm",89 mm,Longitudinal,Dianteiro,"4,15 kg/cv","31,2 kg/kgfm","130,8 cv/litro",575 cv,10:1,,,"17,4 kgfm/litro","76,5 kgfm",4,Admissão e escape,Conversor de torque,Automático,ZF 8HP,8,,Integral permanente,1717 mm,1666 mm,1667 mm,,4895 mm,2933 mm,1984 mm,2386 kg,650 litros,,,85 litros,98 mm,Disco ventilado,Disco ventilado,"2,9 m²","1,102 m²","0,38",,Eletro-hidráulica,"12,8 m",,"Indep., braços sobrepostos",Mola pneumática,"Indep., multibraço",621 km,493 km,"7,3 km/l","5,8 km/l",206 mm,Kit de reparo e enchimento,6000 rpm,2200 rpm,549 cm³,4395 cm³,,Hidráulicos,,,,,,,,,,,,,,,,,,,,,,,,,,,,,,,,,,,,,,,,,,,,,,,,
bmw,X5,x5,x5-m-4-4-v8-2018,x5-m-4-4-v8-2018,https://www.fichacompleta.com.br/carros/bmw/x5-m-4-4-v8-2018,2026-06-18T17:05:07.466800,Bmw X5 M 4.4 V8 2018,"4,2 s",250 km/h,,Injeção direta,Turbocompressor,4395 cm³,8 em V,S63B44,"Duplo no cabeçote, corrente","88,3 mm",89 mm,Longitudinal,Dianteiro,"4,1 kg/cv","31,2 kg/kgfm","130,8 cv/litro",575 cv a 6000 rpm,10:1,,,"17,4 kgfm/litro","76,5 kgfm a 2200 rpm",4,Admissão e escape,Conversor de torque,Automático,ZF 8HP,,8,Integral permanente,1717 mm,1666 mm,1667 mm,,4895 mm,2933 mm,1984 mm,2386 kg,650 litros,,,85 litros,98 mm,Disco ventilado,Disco ventilado,"2,9 m²","1,102 m²",,"0,38",Eletro-hidráulica,,"12,8 m","Independente, braços sobrepostos",Mola pneumática,"Independente, multibraço",621 km,493 km,"7,3 km/l","5,8 km/l",206 mm,Kit de reparo e enchimento,,,,,,Hidráulicos,,,,,,,,,,,,,,,,,,,,,,,,,,,,,,,,,,,,,,,,,,,,,,,,
bmw,X5,x5,x5-m50d-3-0-2018,x5-m50d-3-0-2018,https://www.fichacompleta.com.br/carros/bmw/x5-m50d-3-0-2018,2026-06-18T17:05:11.288893,Bmw X5 M50d 3.0 2018,"5,3 s",250 km/h,,Injeção direta,Turbocompressor,2993 cm³,6 em linha,N57D30,"Duplo no cabeçote, corrente",90 mm,84 mm,Longitudinal,Dianteiro,"5,7 kg/cv","29,0 kg/kgfm","127,3 cv/litro",381 cv a 4000 rpm,16:1,,,"25,2 kgfm/litro","75,5 kgfm a 2000 rpm",4,,Conversor de torque,Automático,ZF 8HP,,8,Integral sob demanda,1762 mm,1662 mm,1702 mm,710 kg,4886 mm,2933 mm,1938 mm,2190 kg,,3500 kg,750 kg,85 litros,110 mm,Disco ventilado,Disco ventilado,"2,9 m²","1,015 m²",,"0,35",Eletro-hidráulica,,"12,7 m","Independente, braços sobrepostos",Mola pneumática,"Independente, braços sobrepostos",,,,,209 mm,Kit de reparo e enchimento,,,,,,Hidráulicos,,,,,,,,,,,,,,,,,,,,,,,,,,,,,,,20 graus,25 graus,20 graus,,,,,,,,,650 litros,150 litros,952 km,799 km,"11,2 km/l","9,4 km/l",
bmw,X5,x5,x5-xdrive30d-3-0-2018,x5-xdrive30d-3-0-2018,https://www.fichacompleta.com.br/carros/bmw/x5-xdrive30d-3-0-2018,2026-06-18T17:05:15.576943,Bmw X5 xDrive30d 3.0 2018,"6,9 s",230 km/h,,Injeção direta,Turbocompressor,2993 cm³,6 em linha,,"Duplo no cabeçote, corrente",90 mm,84 mm,Longitudinal,Dianteiro,"8,3 kg/cv","37,6 kg/kgfm","86,2 cv/litro",258 cv a 4000 rpm,"16,5:1",,,"19,1 kgfm/litro","57,1 kgfm a 1500 rpm",4,,Conversor de torque,Automático,ZF 8HP,,8,Integral sob demanda,1762 mm,1644 mm,1650 mm,630 kg,4886 mm,2933 mm,1938 mm,2145 kg,,3500 kg,750 kg,85 litros,110 mm,Disco ventilado,Disco ventilado,"2,9 m²","0,899 m²",,"0,31",Eletro-hidráulica,,"12,7 m","Independente, braços sobrepostos",Mola helicoidal,"Independente, multibraço",,,,,209 mm,Kit de reparo e enchimento,,,,,,Hidráulicos,,,,,,,,,,,,,,,,,,,,,,,,,,,,,,,20 graus,25 graus,20 graus,,,,,,,,,650 litros,200 litros,901 km,774 km,"10,6 km/l","9,1 km/l",
bmw,X5,x5,x5-m50d-3-0-2019,x5-m50d-3-0-2019,https://www.fichacompleta.com.br/carros/bmw/x5-m50d-3-0-2019,2026-06-18T17:05:19.509497,Bmw X5 M50d 3.0 2019,"5,2 s",250 km/h,,Injeção direta,Turbocompressor,2993 cm³,6 em linha,N57D30,"Duplo no cabeçote, corrente",90 mm,84 mm,Longitudinal,Dianteiro,"5,7 kg/cv","29,4 kg/kgfm","133,6 cv/litro",400 cv a 4400 rpm,16:1,,,"25,9 kgfm/litro","77,5 kgfm a 2000 rpm",4,,Conversor de torque,Automático,ZF 8HP,,8,Integral permanente,1745 mm,1680 mm,1687 mm,735 kg,4922 mm,2975 mm,2004 mm,2275 kg,,2700 kg,750 kg,80 litros,110 mm,Disco ventilado,Disco ventilado,"2,9 m²","0,928 m²",,"0,32",Eletro-hidráulica,,"12,6 m","Independente, braços sobrepostos",Mola pneumática,"Independente, multibraço",,,,,214 mm,Kit de reparo e enchimento,,,,,,Hidráulicos,,,,,,,,,,,,,,,,,,,,,,,,,,,,,,,"20,2 graus","25,2 graus","22,3 graus",,,,,,,,,650 litros,150 litros,896 km,752 km,"11,2 km/l","9,4 km/l",
bmw,X5,x5,x5-xdrive30d-3-0-2019,x5-xdrive30d-3-0-2019,https://www.fichacompleta.com.br/carros/bmw/x5-xdrive30d-3-0-2019,2026-06-18T17:05:23.635491,Bmw X5 xDrive30d 3.0 2019,"6,5 s",230 km/h,,Injeção direta,Turbocompressor,2993 cm³,6 em linha,B57D30,"Duplo no cabeçote, corrente",90 mm,84 mm,Longitudinal,Dianteiro,"8,0 kg/cv","33,4 kg/kgfm","88,5 cv/litro",265 cv a 4000 rpm,"16,5:1",,,"21,1 kgfm/litro","63,2 kgfm a 2000 rpm",4,,Conversor de torque,Automático,ZF 8HP,,8,Integral sob demanda,1745 mm,1666 mm,1685 mm,750 kg,4922 mm,2975 mm,2004 mm,2110 kg,,2700 kg,750 kg,80 litros,110 mm,Disco ventilado,Disco ventilado,"2,9 m²","0,899 m²",,"0,31",Eletro-hidráulica,,"12,6 m","Independente, braços sobrepostos",Mola pneumática,"Independente, multibraço",,,,,214 mm,Kit de reparo e enchimento,,,,,,Hidráulicos,,,,,,,,,,,,,,,,,,,,,,,,,,,,,,,"20,2 graus","25,2 graus","22,3 graus",,,,,,,,,650 litros,150 litros,848 km,728 km,"10,6 km/l","9,1 km/l",
bmw,X5,x5,x5-xdrive30d-m-sport-3-0-2019,x5-xdrive30d-m-sport-3-0-2019,https://www.fichacompleta.com.br/carros/bmw/x5-xdrive30d-m-sport-3-0-2019,2026-06-18T17:05:27.639278,Bmw X5 xDrive30d M Sport 3.0 2019,"6,5 s",230 km/h,,Injeção direta,Turbocompressor,2993 cm³,6 em linha,B57D30,"Duplo no cabeçote, corrente",90 mm,84 mm,Longitudinal,Dianteiro,"8,0 kg/cv","33,4 kg/kgfm","88,5 cv/litro",265 cv a 4000 rpm,"16,5:1",,,"21,1 kgfm/litro","63,2 kgfm a 2000 rpm",4,,Conversor de torque,Automático,ZF 8HP,,8,Integral sob demanda,1745 mm,1666 mm,1685 mm,750 kg,4922 mm,2975 mm,2004 mm,2110 kg,,2700 kg,750 kg,80 litros,95 mm,Disco ventilado,Disco ventilado,"2,9 m²","0,899 m²",,"0,31",Eletro-hidráulica,,"12,6 m","Independente, braços sobrepostos",Mola pneumática,"Independente, multibraço",,,,,214 mm,Kit de reparo e enchimento,,,,,,Hidráulicos,,,,,,,,,,,,,,,,,,,,,,,,,,,,,,,"20,2 graus","25,2 graus","22,3 graus",,,,,,,,,650 litros,150 litros,848 km,728 km,"10,6 km/l","9,1 km/l",
bmw,X5,x5,x5-xdrive30d-m-sport-xoffroad-3-0-2019,x5-xdrive30d-m-sport-xoffroad-3-0-2019,https://www.fichacompleta.com.br/carros/bmw/x5-xdrive30d-m-sport-xoffroad-3-0-2019,2026-06-18T17:05:31.515672,Bmw X5 xDrive30d M Sport xOffroad 3.0 2019,"6,5 s",230 km/h,Corrente,Injeção direta,Turbocompressor,2993 cm³,6 em linha,B57D30,Duplo no cabeçote,90 mm,84 mm,Longitudinal,Dianteiro,"8,0 kg/cv","33,4 kg/kgfm","88,5 cv/litro",265 cv,"16,5:1",,,"21,1 kgfm/litro","63,2 kgfm",4,,Conversor de torque,Automático,ZF 8HP,8,,Integral sob demanda,1745 mm,1666 mm,1685 mm,750 kg,4922 mm,2975 mm,2004 mm,2110 kg,,2700 kg,750 kg,80 litros,95 mm,Disco ventilado,Disco ventilado,"2,9 m²","0,899 m²","0,31",,Eletro-hidráulica,"12,6 m",,"Indep., braços sobrepostos",Mola pneumática,"Indep., multibraço",,,,,214 mm,Kit de reparo e enchimento,4000 rpm,2000 rpm,,,,Hidráulicos,,,,,,,,,,,,,,,,,,,,,,,,,,,,,,,"20,2 graus","25,2 graus","22,3 graus",,,,,,,650 litros,150 litros,,,848 km,728 km,"10,6 km/l","9,1 km/l",
bmw,X5,x5,x5-m50d-3-0-2020,x5-m50d-3-0-2020,https://www.fichacompleta.com.br/carros/bmw/x5-m50d-3-0-2020,2026-06-18T17:05:34.428339,Bmw X5 M50d 3.0 2020,"5,2 s",250 km/h,Corrente,Injeção direta,Turbocompressor,2993 cm³,6 em linha,N57D30,Duplo no cabeçote,90 mm,84 mm,Longitudinal,Dianteiro,"5,7 kg/cv","29,4 kg/kgfm","133,6 cv/litro",400 cv,16:1,,,"25,9 kgfm/litro","77,5 kgfm",4,,Conversor de torque,Automático,ZF 8HP,8,,Integral permanente,1745 mm,1680 mm,1687 mm,735 kg,4922 mm,2975 mm,2004 mm,2275 kg,,2700 kg,750 kg,80 litros,110 mm,Disco ventilado,Disco ventilado,"2,9 m²","0,928 m²","0,32",,Eletro-hidráulica,"12,6 m",,"Indep., braços sobrepostos",Mola pneumática,"Indep., multibraço",,,,,214 mm,Kit de reparo e enchimento,4400 rpm,2000 rpm,,,,Hidráulicos,,,,,,,,,,,,,,,,,,,,,,,,,,,,,,,"20,2 graus","25,2 graus","22,3 graus",,,,,,,650 litros,150 litros,,,1024 km,840 km,"12,8 km/l","10,5 km/l",
bmw,X5,x5,x5-xdrive30d-3-0-2020,x5-xdrive30d-3-0-2020,https://www.fichacompleta.com.br/carros/bmw/x5-xdrive30d-3-0-2020,2026-06-18T17:05:38.871043,Bmw X5 xDrive30d 3.0 2020,"6,5 s",230 km/h,Corrente,Injeção direta,Turbocompressor,2993 cm³,6 em linha,B57D30,Duplo no cabeçote,90 mm,84 mm,Longitudinal,Dianteiro,"8,0 kg/cv","33,4 kg/kgfm","88,5 cv/litro",265 cv,"16,5:1",,,"21,1 kgfm/litro","63,2 kgfm",4,,Conversor de torque,Automático,ZF 8HP,8,,Integral sob demanda,1745 mm,1666 mm,1685 mm,750 kg,4922 mm,2975 mm,2004 mm,2110 kg,,2700 kg,750 kg,80 litros,110 mm,Disco ventilado,Disco ventilado,"2,9 m²","0,899 m²","0,31",,Eletro-hidráulica,"12,6 m",,"Indep., braços sobrepostos",Mola pneumática,"Indep., multibraço",,,,,214 mm,Kit de reparo e enchimento,4000 rpm,2000 rpm,,,,Hidráulicos,,,,,,,,,,,,,,,,,,,,,,,,,,,,,,,"20,2 graus","25,2 graus","22,3 graus",,,,,,,650 litros,150 litros,,,952 km,808 km,"11,9 km/l","10,1 km/l",
bmw,X5,x5,x5-xdrive30d-m-sport-3-0-2020,x5-xdrive30d-m-sport-3-0-2020,https://www.fichacompleta.com.br/carros/bmw/x5-xdrive30d-m-sport-3-0-2020,2026-06-18T17:05:42.347356,Bmw X5 xDrive30d M Sport 3.0 2020,"6,5 s",230 km/h,Corrente,Injeção direta,Turbocompressor,2993 cm³,6 em linha,B57D30,Duplo no cabeçote,90 mm,84 mm,Longitudinal,Dianteiro,"8,0 kg/cv","33,4 kg/kgfm","88,5 cv/litro",265 cv,"16,5:1",,,"21,1 kgfm/litro","63,2 kgfm",4,,Conversor de torque,Automático,ZF 8HP,8,,Integral sob demanda,1745 mm,1666 mm,1685 mm,750 kg,4922 mm,2975 mm,2004 mm,2110 kg,,2700 kg,750 kg,80 litros,95 mm,Disco ventilado,Disco ventilado,"2,9 m²","0,899 m²","0,31",,Eletro-hidráulica,"12,6 m",,"Indep., braços sobrepostos",Mola pneumática,"Indep., multibraço",,,,,214 mm,Kit de reparo e enchimento,4000 rpm,2000 rpm,,,,Hidráulicos,,,,,,,,,,,,,,,,,,,,,,,,,,,,,,,"20,2 graus","25,2 graus","22,3 graus",,,,,,,650 litros,150 litros,,,952 km,808 km,"11,9 km/l","10,1 km/l",
bmw,X5,x5,x5-xdrive45e-m-sport-3-0-2020,x5-xdrive45e-m-sport-3-0-2020,https://www.fichacompleta.com.br/carros/bmw/x5-xdrive45e-m-sport-3-0-2020,2026-06-18T17:05:46.589597,Bmw X5 xDrive45e M Sport 3.0 2020,"5,6 s",235 km/h,Corrente,Injeção direta,Turbocompressor,2998 cm³,6 em linha,,Duplo no cabeçote,"94,6 mm",82 mm,Longitudinal,Dianteiro,"8,5 kg/cv","53,1 kg/kgfm","95,4 cv/litro",286 cv,11:1,,,"15,3 kgfm/litro","45,9 kgfm",4,Admissão e escape,Conversor de torque,Automático,ZF 8HP,8,,Integral sob demanda,1745 mm,1678 mm,1698 mm,715 kg,4922 mm,2975 mm,2004 mm,2435 kg,500 litros,2700 kg,750 kg,69 litros,126 mm,Disco ventilado,Disco ventilado,"2,9 m²","0,957 m²","0,33",,Eletro-hidráulica,"12,6 m",,"Indep., braços sobrepostos",Mola pneumática,"Indep., multibraço",,,,,214 mm,Kit de reparo e enchimento,5000 rpm,1500 rpm,,,,Hidráulicos,,,,,,,,,,,113 cv,27 kgfm,,,,,87 km,24 kWh,"23,5 kWh/100 km",394 cv,"61,2 kgfm",135 km/h,1470 km,1421 km,"21,3 km/l","20,6 km/l",,,,,"20,2 graus","25,2 graus","22,3 graus",,,,,,,,,,,,,,,
bmw,X5,x5,x5-m-competition-4-4-v8-2021,x5-m-competition-4-4-v8-2021,https://www.fichacompleta.com.br/carros/bmw/x5-m-competition-4-4-v8-2021,2026-06-18T17:05:49.195532,Bmw X5 M Competition 4.4 V8 2021,"3,8 s",290 km/h,Corrente,Injeção direta,Turbocompressor,4395 cm³,8 em V,S63B44,Duplo no cabeçote,"88,3 mm",89 mm,Longitudinal,Dianteiro,"3,7 kg/cv","30,5 kg/kgfm","142,2 cv/litro",,10:1,6000 rpm,1800 rpm,"17,4 kgfm/litro",,4,Admissão e escape,Conversor de torque,Automático,ZF 8HP,8,,Integral permanente,1748 mm,1699 mm,1688 mm,665 kg,4938 mm,2972 mm,2015 mm,2335 kg,650 litros,3000 kg,750 kg,83 litros,95 mm,Disco ventilado,Disco ventilado,"2,99 m²","1,136 m²","0,38",,Eletro-hidráulica,"12,8 m",,"Indep., braços sobrepostos",Mola pneumática,"Indep., multibraço",639 km,490 km,"7,7 km/l","5,9 km/l",212 mm,Kit de reparo e enchimento,,,,,7000 rpm,Hidráulicos,,,,,,,,,,,625 cv,"76,5 kgfm",,,,,,,,,,,,,,,,,,,"20,2 graus","25,2 graus","22,3 graus",,,,,,,,,,,,,,,
bmw,X5,x5,x5-m50i-4-4-v8-2021,x5-m50i-4-4-v8-2021,https://www.fichacompleta.com.br/carros/bmw/x5-m50i-4-4-v8-2021,2026-06-18T17:05:51.689287,Bmw X5 M50i 4.4 V8 2021,"4,3 s",250 km/h,,Injeção direta,Turbocompressor,4395 cm³,8 em V,N63B44TU,"Duplo no cabeçote, corrente",,,Longitudinal,Dianteiro,"4,2 kg/cv","29,4 kg/kgfm","120,6 cv/litro",530 cv a 5500 rpm,"10,5:1",,,"17,4 kgfm/litro","76,5 kgfm a 1800 rpm",4,Admissão e escape,Conversor de torque,Automático,ZF 8HP,,8,Integral permanente,1745 mm,1680 mm,1687 mm,745 kg,4922 mm,2975 mm,2004 mm,2250 kg,650 litros,3500 kg,750 kg,83 litros,95 mm,275/35 R22,Disco ventilado,"2,9 m²",,,"0,37",Eletro-hidráulica,,"12,6 m","Independente, braços sobrepostos",Mola pneumática,"Independente, multibraço",747 km,415 km,9 km/l,5 km/l,,,,,,,,Hidráulicos,"88,3 mm",89 mm,,,,,,,,,,,,,,,,,,,,,,,,,,,,,,"25,2 graus","22,3 graus",,,,,,,,,,,,,,,
bmw,X5,x5,x5-xdrive45e-m-sport-3-0-2021,x5-xdrive45e-m-sport-3-0-2021,https://www.fichacompleta.com.br/carros/bmw/x5-xdrive45e-m-sport-3-0-2021,2026-06-18T17:05:56.148327,Bmw X5 xDrive45e M Sport 3.0 2021,"5,6 s",235 km/h,Corrente,Injeção direta,Turbocompressor,2998 cm³,6 em linha,,Duplo no cabeçote,"94,6 mm",82 mm,Longitudinal,Dianteiro,"8,5 kg/cv","53,1 kg/kgfm","95,4 cv/litro",286 cv,11:1,,,"15,3 kgfm/litro","45,9 kgfm",4,Admissão e escape,Conversor de torque,Automático,ZF 8HP,8,,Integral sob demanda,1745 mm,1678 mm,1698 mm,715 kg,4922 mm,2975 mm,2004 mm,2435 kg,500 litros,2700 kg,750 kg,69 litros,126 mm,Disco ventilado,Disco ventilado,"2,9 m²","0,957 m²","0,33",,Eletro-hidráulica,"12,6 m",,"Indep., braços sobrepostos",Mola pneumática,"Indep., multibraço",,,,,214 mm,Kit de reparo e enchimento,5000 rpm,1500 rpm,,,,Hidráulicos,,,,,,,,,,,113 cv,27 kgfm,,,,,87 km,24 kWh,"23,5 kWh/100 km",394 cv,"61,2 kgfm",135 km/h,1470 km,1421 km,"21,3 km/l","20,6 km/l",,,,,"20,2 graus","25,2 graus","22,3 graus",,,,,,,,,,,,,,,
bmw,X5,x5,x5-m-competition-4-4-v8-2022,x5-m-competition-4-4-v8-2022,https://www.fichacompleta.com.br/carros/bmw/x5-m-competition-4-4-v8-2022,2026-06-18T17:05:58.798689,Bmw X5 M Competition 4.4 V8 2022,"3,8 s",290 km/h,Corrente,Injeção direta,Turbocompressor,4395 cm³,8 em V,S63B44,Duplo no cabeçote,"88,3 mm",89 mm,Longitudinal,Dianteiro,"3,7 kg/cv","30,5 kg/kgfm","142,2 cv/litro",,10:1,6000 rpm,1800 rpm,"17,4 kgfm/litro",,4,Admissão e escape,Conversor de torque,Automático,ZF 8HP,8,,Integral permanente,1748 mm,1699 mm,1688 mm,665 kg,4938 mm,2972 mm,2015 mm,2335 kg,650 litros,3000 kg,750 kg,83 litros,95 mm,Disco ventilado,Disco ventilado,"2,99 m²","1,136 m²","0,38",,Eletro-hidráulica,"12,8 m",,"Indep., braços sobrepostos",Mola pneumática,"Indep., multibraço",639 km,490 km,"7,7 km/l","5,9 km/l",212 mm,Kit de reparo e enchimento,,,,,7000 rpm,Hidráulicos,,,,,,,,,,,625 cv,"76,5 kgfm",,,,,,,,,,,,,,,,,,,"20,2 graus","25,2 graus","22,3 graus",,,,,,,,,,,,,,,
bmw,X5,x5,x5-xdrive45e-m-sport-3-0-2022,x5-xdrive45e-m-sport-3-0-2022,https://www.fichacompleta.com.br/carros/bmw/x5-xdrive45e-m-sport-3-0-2022,2026-06-18T17:06:03.323553,Bmw X5 xDrive45e M Sport 3.0 2022,"5,6 s",235 km/h,Corrente,Injeção direta,Turbocompressor,2998 cm³,6 em linha,,Duplo no cabeçote,"94,6 mm",82 mm,Longitudinal,Dianteiro,"8,5 kg/cv","53,1 kg/kgfm","95,4 cv/litro",286 cv,11:1,5000 rpm,1500 rpm,"15,3 kgfm/litro","45,9 kgfm",4,Admissão e escape,Conversor de torque,Automático,ZF 8HP,8,,Integral sob demanda,1745 mm,1678 mm,1698 mm,715 kg,4922 mm,2975 mm,2004 mm,2435 kg,500 litros,2700 kg,750 kg,69 litros,126 mm,Disco ventilado,Disco ventilado,"2,9 m²","0,957 m²","0,33",,Eletro-hidráulica,"12,6 m",,"Indep., braços sobrepostos",Mola pneumática,"Indep., multibraço",,,,,214 mm,Kit de reparo e enchimento,,,,,,Hidráulicos,,,,,,,,,,,113 cv,27 kgfm,,,,,87 km,24 kWh,"23,5 kWh/100 km",394 cv,"61,2 kgfm",135 km/h,1428 km,1339 km,"20,7 km/l","19,4 km/l",,,,,"20,2 graus","25,2 graus","22,3 graus",,,,,,,,,,,,,,,
bmw,X5,x5,x5-xdrive45e-m-sport-3-0-2023,x5-xdrive45e-m-sport-3-0-2023,https://www.fichacompleta.com.br/carros/bmw/x5-xdrive45e-m-sport-3-0-2023,2026-06-18T17:06:06.724613,Bmw X5 xDrive45e M Sport 3.0 2023,"5,6 s",235 km/h,Corrente,Injeção direta,Turbocompressor,,6 em linha,,Duplo no cabeçote,"94,6 mm",82 mm,Longitudinal,Dianteiro,"8,51 kg/cv","53,1 kg/kgfm","95,4 cv/litro",286 cv,11:1,,,"15,3 kgfm/litro","45,9 kgfm",4,Admissão e escape,Conversor de torque,Automático,ZF 8HP,8,,Integral sob demanda,1745 mm,1678 mm,1698 mm,715 kg,4922 mm,2975 mm,2004 mm,2435 kg,500 litros,2700 kg,750 kg,69 litros,126 mm,Disco ventilado,Disco ventilado,"2,9 m²","0,957 m²","0,33",,Elétrica,"12,6 m",,"Indep., braços sobrepostos",Mola pneumática,"Indep., multibraço",,,,,214 mm,Kit de reparo e enchimento,5000 rpm,1500 rpm,500 cm³,2998 cm³,,Hidráulicos,,,,,,,,,,,113 cv,27 kgfm,,,,,54 km,24 kWh,"23,5 kWh/100 km",394 cv,"61,2 kgfm",135 km/h,600 km,524 km,"8,7 km/l","7,6 km/l",,,,,"20,2 graus","25,2 graus","22,3 graus",,,,,,,,,,,,,,,
bmw,X5,x5,x5-xdrive50e-m-sport-3-0-2024,x5-xdrive50e-m-sport-3-0-2024,https://www.fichacompleta.com.br/carros/bmw/x5-xdrive50e-m-sport-3-0-2024,2026-06-18T17:06:10.832080,Bmw X5 xDrive50e M Sport 3.0 2024,"4,8 s",250 km/h,Corrente,Injeção direta,Turbocompressor,,6 em linha,XB115M1,Duplo no cabeçote,"94,6 mm",82 mm,Longitudinal,Dianteiro,"7,78 kg/cv","53,1 kg/kgfm","104,4 cv/litro",313 cv,11:1,,,"15,3 kgfm/litro","45,9 kgfm",4,Admissão e escape,Conversor de torque,Automático,ZF 8HP,8,,Integral sob demanda,1755 mm,1678 mm,1698 mm,715 kg,4935 mm,2975 mm,2004 mm,2435 kg,500 litros,2700 kg,750 kg,69 litros,126 mm,Disco ventilado,Disco ventilado,"2,9 m²","0,957 m²","0,33",,Elétrica,"12,6 m",,"Indep., braços sobrepostos",Mola pneumática,"Indep., multibraço",,,,,214 mm,Kit de reparo e enchimento,5000 rpm,1750 rpm,500 cm³,2998 cm³,,Hidráulicos,,,,,,,,,,,197 cv,"28,5 kgfm",,,,,78 km,"25,7 kWh","22,9 kWh/100 km",489 cv,"71,4 kgfm",140 km/h,642 km,628 km,"9,3 km/l","9,1 km/l",,,,,"20,2 graus","25,2 graus","22,3 graus",,,,,,,,,,,,,,,
bmw,X5,x5,x5-xdrive50e-x-line-3-0-2024,x5-xdrive50e-x-line-3-0-2024,https://www.fichacompleta.com.br/carros/bmw/x5-xdrive50e-x-line-3-0-2024,2026-06-18T17:06:15.142148,Bmw X5 xDrive50e X-Line 3.0 2024,"4,8 s",250 km/h,Corrente,Injeção direta,Turbocompressor,,6 em linha,XB115M1,Duplo no cabeçote,"94,6 mm",82 mm,Longitudinal,Dianteiro,"7,78 kg/cv","53,1 kg/kgfm","104,4 cv/litro",313 cv,11:1,,,"15,3 kgfm/litro","45,9 kgfm",4,Admissão e escape,Conversor de torque,Automático,ZF 8HP,8,,Integral sob demanda,1755 mm,1678 mm,1698 mm,715 kg,4935 mm,2975 mm,2004 mm,2435 kg,500 litros,2700 kg,750 kg,69 litros,126 mm,Disco ventilado,Disco ventilado,"2,9 m²","0,957 m²","0,33",,Elétrica,"12,6 m",,"Indep., braços sobrepostos",Mola pneumática,"Indep., multibraço",,,,,214 mm,Kit de reparo e enchimento,5000 rpm,1750 rpm,500 cm³,2998 cm³,,Hidráulicos,,,,,,,,,,,197 cv,"28,5 kgfm",,,,,78 km,"25,7 kWh","22,9 kWh/100 km",489 cv,"71,4 kgfm",140 km/h,642 km,628 km,"9,3 km/l","9,1 km/l",,,,,"20,2 graus","25,2 graus","22,3 graus",,,,,,,,,,,,,,,
bmw,X5,x5,x5-xdrive50e-m-sport-3-0-2025,x5-xdrive50e-m-sport-3-0-2025,https://www.fichacompleta.com.br/carros/bmw/x5-xdrive50e-m-sport-3-0-2025,2026-06-18T17:06:19.983925,Bmw X5 xDrive50e M Sport 3.0 2025,"4,8 s",250 km/h,Corrente,Injeção direta,Turbocompressor,,6 em linha,XB115M1,Duplo no cabeçote,"94,6 mm",82 mm,Longitudinal,Dianteiro,"7,78 kg/cv","53,1 kg/kgfm","104,4 cv/litro",313 cv,11:1,,,"15,3 kgfm/litro","45,9 kgfm",4,Admissão e escape,Conversor de torque,Automático,ZF 8HP,8,,Integral sob demanda,1755 mm,1678 mm,1698 mm,715 kg,4935 mm,2975 mm,2004 mm,2435 kg,500 litros,2700 kg,750 kg,69 litros,126 mm,Disco ventilado,Disco ventilado,"2,9 m²","0,957 m²","0,33",,Elétrica,"12,6 m",,"Indep., braços sobrepostos",Mola pneumática,"Indep., multibraço",,,,,214 mm,Kit de reparo,5000 rpm,1750 rpm,500 cm³,2998 cm³,,Hidráulicos,,,,,,,,,,,197 cv,"28,5 kgfm",,,,,78 km,"25,7 kWh","22,9 kWh/100 km",489 cv,"71,4 kgfm",140 km/h,642 km,628 km,"9,3 km/l","9,1 km/l",22 kW (AC),,,,"20,2 graus","25,2 graus","22,3 graus",,,,,,,,,,,,,,,
bmw,X5,x5,x5-xdrive50e-x-line-3-0-2025,x5-xdrive50e-x-line-3-0-2025,https://www.fichacompleta.com.br/carros/bmw/x5-xdrive50e-x-line-3-0-2025,2026-06-18T17:06:24.376292,Bmw X5 xDrive50e X-Line 3.0 2025,"4,8 s",250 km/h,Corrente,Injeção direta,Turbocompressor,,6 em linha,XB115M1,Duplo no cabeçote,"94,6 mm",82 mm,Longitudinal,Dianteiro,"7,78 kg/cv","53,1 kg/kgfm","104,4 cv/litro",313 cv,11:1,,,"15,3 kgfm/litro","45,9 kgfm",4,Admissão e escape,Conversor de torque,Automático,ZF 8HP,8,,Integral sob demanda,1755 mm,1678 mm,1698 mm,715 kg,4935 mm,2975 mm,2004 mm,2435 kg,500 litros,2700 kg,750 kg,69 litros,126 mm,Disco ventilado,Disco ventilado,"2,9 m²","0,957 m²","0,33",,Elétrica,"12,6 m",,"Indep., braços sobrepostos",Mola pneumática,"Indep., multibraço",,,,,214 mm,Kit de reparo,5000 rpm,1750 rpm,500 cm³,2998 cm³,,Hidráulicos,,,,,,,,,,,197 cv,"28,5 kgfm",,,,,78 km,"25,7 kWh","22,9 kWh/100 km",489 cv,"71,4 kgfm",140 km/h,642 km,628 km,"9,3 km/l","9,1 km/l",22 kW (AC),,,,"20,2 graus","25,2 graus","22,3 graus",,,,,,,,,,,,,,,
bmw,X5,x5,x5-xdrive50e-m-sport-3-0-2026,x5-xdrive50e-m-sport-3-0-2026,https://www.fichacompleta.com.br/carros/bmw/x5-xdrive50e-m-sport-3-0-2026,2026-06-18T17:06:27.335487,Bmw X5 xDrive50e M Sport 3.0 2026,"4,8 s",250 km/h,Corrente,Injeção direta,Turbocompressor,,6 em linha,XB115M1,Duplo no cabeçote,"94,6 mm",82 mm,Longitudinal,Dianteiro,"7,78 kg/cv","53,1 kg/kgfm","104,4 cv/litro",313 cv,11:1,,,"15,3 kgfm/litro","45,9 kgfm",4,Admissão e escape,Conversor de torque,Automático,ZF 8HP,8,,Integral sob demanda,1755 mm,1678 mm,1698 mm,715 kg,4935 mm,2975 mm,2004 mm,2435 kg,500 litros,2700 kg,750 kg,69 litros,126 mm,Disco ventilado,Disco ventilado,"2,9 m²","0,957 m²","0,33",,Elétrica,"12,6 m",,"Indep., braços sobrepostos",Mola pneumática,"Indep., multibraço",,,,,214 mm,Kit de reparo,5000 rpm,1750 rpm,500 cm³,2998 cm³,,Hidráulicos,,,,,,,,,,,197 cv,"28,5 kgfm",,,,,76 km,"25,7 kWh","22,9 kWh/100 km",489 cv,"71,4 kgfm",140 km/h,683 km,635 km,"9,9 km/l","9,2 km/l",22 kW (AC),"4,98 kg/cv","34,10 kg/kgfm",,"20,2 graus","25,2 graus","22,3 graus",,,,,,,,,,,,,,,
bmw,X5,x5,x5-xdrive50e-x-line-3-0-2026,x5-xdrive50e-x-line-3-0-2026,https://www.fichacompleta.com.br/carros/bmw/x5-xdrive50e-x-line-3-0-2026,2026-06-18T17:06:31.533670,Bmw X5 xDrive50e X-Line 3.0 2026,"4,8 s",250 km/h,Corrente,Injeção direta,Turbocompressor,,6 em linha,XB115M1,Duplo no cabeçote,"94,6 mm",82 mm,Longitudinal,Dianteiro,"7,78 kg/cv","53,1 kg/kgfm","104,4 cv/litro",313 cv,11:1,,,"15,3 kgfm/litro","45,9 kgfm",4,Admissão e escape,Conversor de torque,Automático,ZF 8HP,8,,Integral sob demanda,1755 mm,1678 mm,1698 mm,715 kg,4935 mm,2975 mm,2004 mm,2435 kg,500 litros,2700 kg,750 kg,69 litros,126 mm,Disco ventilado,Disco ventilado,"2,9 m²","0,957 m²","0,33",,Elétrica,"12,6 m",,"Indep., braços sobrepostos",Mola pneumática,"Indep., multibraço",,,,,214 mm,Kit de reparo,5000 rpm,1750 rpm,500 cm³,2998 cm³,,Hidráulicos,,,,,,,,,,,197 cv,"28,5 kgfm",,,,,76 km,"25,7 kWh","22,9 kWh/100 km",489 cv,"71,4 kgfm",140 km/h,683 km,635 km,"9,9 km/l","9,2 km/l",22 kW (AC),"4,98 kg/cv","34,10 kg/kgfm",,"20,2 graus","25,2 graus","22,3 graus",,,,,,,,,,,,,,,
bmw,X6,x6,x6-xdrive35i-3-0-2008,x6-xdrive35i-3-0-2008,https://www.fichacompleta.com.br/carros/bmw/x6-xdrive35i-3-0-2008,2026-06-18T17:06:51.849158,Bmw X6 xDrive35i 3.0 2008,"6,7 s",240 km/h,Corrente,Injeção direta,Turbocompressor,,6 em linha,N54B30,Duplo no cabeçote,"89,6 mm",84 mm,Longitudinal,Dianteiro,"7,01 kg/cv","52,6 kg/kgfm","102,7 cv/litro",306 cv,"10,2:1",,,"13,7 kgfm/litro","40,8 kgfm",4,Admissão e escape,Conversor de torque,Automático,,6,,Integral permanente,1690 mm,1644 mm,1706 mm,600 kg,4877 mm,2933 mm,1983 mm,2145 kg,570 litros,,,85 litros,128 mm,Disco ventilado,Disco ventilado,"2,85 m²","0,969 m²","0,34",,Eletro-hidráulica,"12,8 m",,"Indep., braços sobrepostos",Mola helicoidal,"Indep., multibraço",739 km,425 km,"8,7 km/l",5 km/l,212 mm,Kit de reparo,5800 rpm,1300 rpm,497 cm³,2979 cm³,7000 rpm,Hidráulicos,,,,,,,,,,,,,,,,,,,,,,,,,,,,,,,"19,1 graus","25,1 graus","25,5 graus",,,,,,,,,,,,,,,
bmw,X6,x6,x6-xdrive35i-3-0-2009,x6-xdrive35i-3-0-2009,https://www.fichacompleta.com.br/carros/bmw/x6-xdrive35i-3-0-2009,2026-06-18T17:06:56.618974,Bmw X6 xDrive35i 3.0 2009,"6,7 s",240 km/h,Corrente,Injeção direta,Turbocompressor,2979 cm³,6 em linha,N54B30,Duplo no cabeçote,"89,6 mm",84 mm,Longitudinal,Dianteiro,"7,0 kg/cv","52,6 kg/kgfm","102,7 cv/litro",306 cv,"10,2:1",5800 rpm,1300 rpm,"13,7 kgfm/litro","40,8 kgfm",4,Admissão e escape,Conversor de torque,Automático,,6,6,Integral permanente,1690 mm,1644 mm,1706 mm,600 kg,4877 mm,2933 mm,1983 mm,2145 kg,570 litros,,,85 litros,128 mm,Disco ventilado,Disco ventilado,"2,85 m²","0,969 m²","0,34","0,34",Eletro-hidráulica,"12,8 m","12,8 m","Indep., braços sobrepostos",Mola helicoidal,"Indep., multibraço",739 km,425 km,"8,7 km/l",5 km/l,212 mm,Kit de reparo e enchimento,,,,,7000 rpm,Hidráulicos,,,,,,,,,,,,,,,,,,,,,,,,,,,,,,,"19,1 graus","25,1 graus","25,5 graus",,,,,,,,,,,,,,,
bmw,X6,x6,x6-m-4-4-v8-2010,x6-m-4-4-v8-2010,https://www.fichacompleta.com.br/carros/bmw/x6-m-4-4-v8-2010,2026-06-18T17:07:01.192466,Bmw X6 M 4.4 V8 2010,"4,7 s",275 km/h,Corrente,Injeção direta,Turbocompressor,4395 cm³,8 em V,S63B44,Duplo no cabeçote,"88,3 mm",89 mm,Longitudinal,Dianteiro,"4,3 kg/cv","34,3 kg/kgfm","126,3 cv/litro",555 cv,"9,3:1",6000 rpm,1500 rpm,"15,8 kgfm/litro","69,3 kgfm",4,Admissão e escape,Conversor de torque,Automático,,6,6,Integral permanente,1684 mm,1660 mm,1672 mm,600 kg,4876 mm,2933 mm,1983 mm,2380 kg,570 litros,,,85 litros,110 mm,Disco ventilado,Disco ventilado,"2,85 m²","1,083 m²","0,38","0,38",Eletro-hidráulica,"12,8 m","12,8 m","Indep., braços sobrepostos",Mola pneumática,"Indep., multibraço",553 km,289 km,"6,5 km/l","3,4 km/l",205 mm,Kit de reparo e enchimento,,,,,7000 rpm,Hidráulicos,,,,,,,,,,,,,,,,,,,,,,,,,,,,,,,"18,6 graus",22 graus,"21,5 graus",,,,,,,,,,,,,,,
bmw,X6,x6,x6-xdrive35i-3-0-2010,x6-xdrive35i-3-0-2010,https://www.fichacompleta.com.br/carros/bmw/x6-xdrive35i-3-0-2010,2026-06-18T17:07:05.351968,Bmw X6 xDrive35i 3.0 2010,"6,7 s",240 km/h,Corrente,Injeção direta,Turbocompressor,,6 em linha,N54B30,Duplo no cabeçote,"89,6 mm",84 mm,Longitudinal,Dianteiro,"7,01 kg/cv","52,6 kg/kgfm","102,7 cv/litro",306 cv,"10,2:1",,,"13,7 kgfm/litro","40,8 kgfm",4,Admissão e escape,Conversor de torque,Automático,,6,,Integral permanente,1690 mm,1644 mm,1706 mm,600 kg,ABTT mm,2933 mm,1983 mm,2145 kg,570 litros,,,85 litros,128 mm,Disco ventilado,Disco ventilado,"2,85 m²","0,969 m²","0,34",,Eletro-hidráulica,"12,8 m",,"Indep., braços sobrepostos",Mola helicoidal,"Indep., multibraço",739 km,425 km,"8,7 km/l",5 km/l,212 mm,Kit de reparo e enchimento,5800 rpm,1300 rpm,497 cm³,2979 cm³,7000 rpm,Hidráulicos,,,,,,,,,,,,,,,,,,,,,,,,,,,,,,,"19,1 graus","25,1 graus","25,5 graus",,,,,,,,,,,,,,,
bmw,X6,x6,x6-xdrive50i-4-4-v8-2010,x6-xdrive50i-4-4-v8-2010,https://www.fichacompleta.com.br/carros/bmw/x6-xdrive50i-4-4-v8-2010,2026-06-18T17:07:09.947983,Bmw X6 xDrive50i 4.4 V8 2010,"5,4 s",250 km/h,,Injeção direta,Turbocompressor,4395 cm³,8 em V,N63B44,"Duplo no cabeçote, corrente","88,3 mm",89 mm,Longitudinal,Dianteiro,"5,4 kg/cv","35,8 kg/kgfm","92,8 cv/litro",408 cv a 5600 rpm,10:1,,,"13,9 kgfm/litro","61,2 kgfm a 1750 rpm",4,Admissão e escape,Conversor de torque,Automático,,,6,Integral permanente,1690 mm,1644 mm,1706 mm,650 kg,4877 mm,2933 mm,1983 mm,2190 kg,570 litros,,,85 litros,128 mm,Disco ventilado,Disco ventilado,"2,82 m²","1,015 m²",,"0,36",Eletro-hidráulica,,"12,8 m","Independente, braços sobrepostos",Mola helicoidal,"Independente, multibraço",680 km,357 km,8 km/l,"4,2 km/l",212 mm,Kit de reparo e enchimento,,,,,,Hidráulicos,,,,,,,,,,,,,,,,,,,,,,,,,,,,,,,"19,1 graus","25,1 graus","25,5 graus",,,,,,,,,,,,,,,
bmw,X6,x6,x6-m-4-4-v8-2011,x6-m-4-4-v8-2011,https://www.fichacompleta.com.br/carros/bmw/x6-m-4-4-v8-2011,2026-06-18T17:07:12.507923,Bmw X6 M 4.4 V8 2011,"4,7 s",275 km/h,,Injeção direta,Turbocompressor,4395 cm³,8 em V,S63B44,"Duplo no cabeçote, corrente","88,3 mm",89 mm,Longitudinal,Dianteiro,"4,3 kg/cv","34,3 kg/kgfm","126,3 cv/litro",555 cv a 6000 rpm,"9,3:1",,,"15,8 kgfm/litro","69,3 kgfm a 1500 rpm",4,Admissão e escape,Conversor de torque,Automático,,,6,Integral permanente,1684 mm,1660 mm,1672 mm,600 kg,4876 mm,2933 mm,1983 mm,2380 kg,570 litros,,,85 litros,110 mm,Disco ventilado,Disco ventilado,"2,85 m²","1,083 m²",,"0,38",Eletro-hidráulica,,"12,8 m","Independente, braços sobrepostos",Mola pneumática,"Independente, multibraço",553 km,289 km,"6,5 km/l","3,4 km/l",205 mm,Kit de reparo e enchimento,,,,,7000 rpm,Hidráulicos,,,,,,,,,,,,,,,,,,,,,,,,,,,,,,,"18,6 graus",22 graus,"21,5 graus",,,,,,,,,,,,,,,
bmw,X6,x6,x6-xdrive35i-3-0-2011,x6-xdrive35i-3-0-2011,https://www.fichacompleta.com.br/carros/bmw/x6-xdrive35i-3-0-2011,2026-06-18T17:07:15.831889,Bmw X6 xDrive35i 3.0 2011,"6,7 s",240 km/h,Corrente,Injeção direta,Turbocompressor,2979 cm³,6 em linha,N54B30,Duplo no cabeçote,"89,6 mm",84 mm,Longitudinal,Dianteiro,"7,0 kg/cv","52,6 kg/kgfm","102,7 cv/litro",306 cv,"10,2:1",,,"13,7 kgfm/litro","40,8 kgfm",4,Admissão e escape,Conversor de torque,Automático,,6,,Integral permanente,1690 mm,1644 mm,1706 mm,600 kg,4877 mm,2933 mm,1983 mm,2145 kg,570 litros,,,85 litros,128 mm,Disco ventilado,Disco ventilado,"2,85 m²","0,969 m²","0,34",,Eletro-hidráulica,"12,8 m",,"Indep., braços sobrepostos",Mola helicoidal,"Indep., multibraço",739 km,425 km,"8,7 km/l",5 km/l,212 mm,Kit de reparo e enchimento,5800 rpm,1300 rpm,,,7000 rpm,Hidráulicos,,,,,,,,,,,,,,,,,,,,,,,,,,,,,,,"19,1 graus","25,1 graus","25,5 graus",,,,,,,,,,,,,,,
bmw,X6,x6,x6-xdrive50i-4-4-v8-2011,x6-xdrive50i-4-4-v8-2011,https://www.fichacompleta.com.br/carros/bmw/x6-xdrive50i-4-4-v8-2011,2026-06-18T17:07:19.553587,Bmw X6 xDrive50i 4.4 V8 2011,"5,4 s",250 km/h,Corrente,Injeção direta,Turbocompressor,4395 cm³,8 em V,N63B44,Duplo no cabeçote,"88,3 mm",89 mm,Longitudinal,Dianteiro,"5,4 kg/cv","35,8 kg/kgfm","92,8 cv/litro",408 cv,10:1,,,"13,9 kgfm/litro","61,2 kgfm",4,Admissão e escape,Conversor de torque,Automático,,6,,Integral permanente,1690 mm,1644 mm,1706 mm,650 kg,4877 mm,2933 mm,1983 mm,2190 kg,570 litros,,,85 litros,128 mm,Disco ventilado,Disco ventilado,"2,82 m²","1,015 m²","0,36",,Eletro-hidráulica,"12,8 m",,"Indep., braços sobrepostos",Mola helicoidal,"Indep., multibraço",680 km,357 km,8 km/l,"4,2 km/l",212 mm,Kit de reparo e enchimento,5600 rpm,1750 rpm,,,,Hidráulicos,,,,,,,,,,,,,,,,,,,,,,,,,,,,,,,"19,1 graus","25,1 graus","25,5 graus",,,,,,,,,,,,,,,
bmw,X6,x6,x6-m-4-4-v8-2012,x6-m-4-4-v8-2012,https://www.fichacompleta.com.br/carros/bmw/x6-m-4-4-v8-2012,2026-06-18T17:07:22.271682,Bmw X6 M 4.4 V8 2012,"4,7 s",275 km/h,Corrente,Injeção direta,Turbocompressor,,8 em V,S63B44,Duplo no cabeçote,"88,3 mm",89 mm,Longitudinal,Dianteiro,"4,29 kg/cv","34,3 kg/kgfm","126,3 cv/litro",555 cv,"9,3:1",,,"15,8 kgfm/litro","69,3 kgfm",4,Admissão e escape,Conversor de torque,Automático,,6,,Integral permanente,1684 mm,1660 mm,1672 mm,600 kg,4876 mm,2933 mm,1983 mm,2380 kg,570 litros,,,85 litros,110 mm,Disco ventilado,Disco ventilado,"2,85 m²","1,083 m²","0,38",,Eletro-hidráulica,"12,8 m",,"Indep., braços sobrepostos",Mola pneumática,"Indep., multibraço",553 km,289 km,"6,5 km/l","3,4 km/l",205 mm,Kit de reparo e enchimento,6000 rpm,1500 rpm,549 cm³,4395 cm³,7000 rpm,Hidráulicos,,,,,,,,,,,,,,,,,,,,,,,,,,,,,,,"18,6 graus",22 graus,"21,5 graus",,,,,,,,,,,,,,,
bmw,X6,x6,x6-xdrive35i-3-0-2012,x6-xdrive35i-3-0-2012,https://www.fichacompleta.com.br/carros/bmw/x6-xdrive35i-3-0-2012,2026-06-18T17:07:25.244742,Bmw X6 xDrive35i 3.0 2012,"6,7 s",240 km/h,Corrente,Injeção direta,Turbocompressor,,6 em linha,N54B30,Duplo no cabeçote,"89,6 mm",84 mm,Longitudinal,Dianteiro,"7,01 kg/cv","52,6 kg/kgfm","102,7 cv/litro",306 cv,"10,2:1",,,"13,7 kgfm/litro","40,8 kgfm",4,Admissão e escape,Conversor de torque,Automático,,6,,Integral permanente,1690 mm,1644 mm,1706 mm,600 kg,ABTT mm,2933 mm,1983 mm,2145 kg,570 litros,,,85 litros,128 mm,Disco ventilado,Disco ventilado,"2,85 m²","0,969 m²","0,34",,Eletro-hidráulica,"12,8 m",,"Indep., braços sobrepostos",Mola helicoidal,"Indep., multibraço",739 km,425 km,"8,7 km/l",5 km/l,212 mm,Kit de reparo e enchimento,5800 rpm,1300 rpm,497 cm³,2979 cm³,7000 rpm,Hidráulicos,,,,,,,,,,,,,,,,,,,,,,,,,,,,,,,"19,1 graus","25,1 graus","25,5 graus",,,,,,,,,,,,,,,
bmw,X6,x6,x6-xdrive50i-4-4-v8-2012,x6-xdrive50i-4-4-v8-2012,https://www.fichacompleta.com.br/carros/bmw/x6-xdrive50i-4-4-v8-2012,2026-06-18T17:07:28.667754,Bmw X6 xDrive50i 4.4 V8 2012,"5,4 s",250 km/h,,Injeção direta,Turbocompressor,4395 cm³,8 em V,N63B44,"Duplo no cabeçote, corrente","88,3 mm",89 mm,Longitudinal,Dianteiro,"5,4 kg/cv","35,8 kg/kgfm","92,8 cv/litro",408 cv a 5500 rpm,10:1,,,"13,9 kgfm/litro","61,2 kgfm a 1750 rpm",4,Admissão e escape,Conversor de torque,Automático,ZF 8HP,,8,Integral permanente,1690 mm,1644 mm,1706 mm,650 kg,4877 mm,2933 mm,1983 mm,2190 kg,570 litros,,,85 litros,128 mm,Disco ventilado,Disco ventilado,"2,82 m²","1,015 m²",,"0,36",Eletro-hidráulica,,"12,8 m","Independente, braços sobrepostos",Mola helicoidal,"Independente, multibraço",723 km,408 km,"8,5 km/l","4,8 km/l",212 mm,Kit de reparo e enchimento,,,,,,Hidráulicos,,,,,,,,,,,,,,,,,,,,,,,,,,,,,,,"19,1 graus","25,1 graus","25,5 graus",,,,,,,,,,,,,,,
bmw,X6,x6,x6-m-4-4-v8-2013,x6-m-4-4-v8-2013,https://www.fichacompleta.com.br/carros/bmw/x6-m-4-4-v8-2013,2026-06-18T17:07:32.795934,Bmw X6 M 4.4 V8 2013,"4,7 s",275 km/h,Corrente,Injeção direta,Turbocompressor,,8 em V,S63B44,Duplo no cabeçote,"88,3 mm",89 mm,Longitudinal,Dianteiro,"4,29 kg/cv","34,3 kg/kgfm","126,3 cv/litro",555 cv,"9,3:1",,,"15,8 kgfm/litro","69,3 kgfm",4,Admissão e escape,Conversor de torque,Automático,,6,,Integral permanente,1684 mm,1660 mm,1672 mm,600 kg,4876 mm,2933 mm,1983 mm,2380 kg,570 litros,,,85 litros,110 mm,Disco ventilado,Disco ventilado,"2,85 m²","1,083 m²","0,38",,Eletro-hidráulica,"12,8 m",,"Indep., braços sobrepostos",Mola pneumática,"Indep., multibraço",553 km,289 km,"6,5 km/l","3,4 km/l",205 mm,Kit de reparo e enchimento,6000 rpm,1500 rpm,549 cm³,4395 cm³,7000 rpm,Hidráulicos,,,,,,,,,,,,,,,,,,,,,,,,,,,,,,,"18,6 graus",22 graus,"21,5 graus",,,,,,,,,,,,,,,
bmw,X6,x6,x6-xdrive35i-3-0-2013,x6-xdrive35i-3-0-2013,https://www.fichacompleta.com.br/carros/bmw/x6-xdrive35i-3-0-2013,2026-06-18T17:07:36.327490,Bmw X6 xDrive35i 3.0 2013,"6,7 s",240 km/h,Corrente,Injeção direta,Turbocompressor,,6 em linha,N54B30,Duplo no cabeçote,"89,6 mm",84 mm,Longitudinal,Dianteiro,"7,01 kg/cv","52,6 kg/kgfm","102,7 cv/litro",306 cv,"10,2:1",,,"13,7 kgfm/litro","40,8 kgfm",4,Admissão e escape,Conversor de torque,Automático,,6,,Integral permanente,1690 mm,1644 mm,1706 mm,600 kg,ABTT mm,2933 mm,1983 mm,2145 kg,570 litros,,,85 litros,128 mm,Disco ventilado,Disco ventilado,"2,85 m²","0,969 m²","0,34",,Eletro-hidráulica,"12,8 m",,"Indep., braços sobrepostos",Mola helicoidal,"Indep., multibraço",739 km,425 km,"8,7 km/l",5 km/l,212 mm,Kit de reparo e enchimento,5800 rpm,1300 rpm,497 cm³,2979 cm³,7000 rpm,Hidráulicos,,,,,,,,,,,,,,,,,,,,,,,,,,,,,,,"19,1 graus","25,1 graus","25,5 graus",,,,,,,,,,,,,,,
bmw,X6,x6,x6-xdrive50i-4-4-v8-2013,x6-xdrive50i-4-4-v8-2013,https://www.fichacompleta.com.br/carros/bmw/x6-xdrive50i-4-4-v8-2013,2026-06-18T17:07:40.996178,Bmw X6 xDrive50i 4.4 V8 2013,"5,4 s",250 km/h,,Injeção direta,Turbocompressor,4395 cm³,8 em V,N63B44,"Duplo no cabeçote, corrente","88,3 mm",89 mm,Longitudinal,Dianteiro,"5,4 kg/cv","35,8 kg/kgfm","92,8 cv/litro",408 cv a 5500 rpm,10:1,,,"13,9 kgfm/litro","61,2 kgfm a 1750 rpm",4,Admissão e escape,Conversor de torque,Automático,ZF 8HP,,8,Integral permanente,1690 mm,1644 mm,1706 mm,650 kg,4877 mm,2933 mm,1983 mm,2190 kg,570 litros,,,85 litros,128 mm,Disco ventilado,Disco ventilado,"2,82 m²","1,015 m²",,"0,36",Eletro-hidráulica,,"12,8 m","Independente, braços sobrepostos",Mola helicoidal,"Independente, multibraço",723 km,408 km,"8,5 km/l","4,8 km/l",212 mm,Kit de reparo e enchimento,,,,,,Hidráulicos,,,,,,,,,,,,,,,,,,,,,,,,,,,,,,,"19,1 graus","25,1 graus","25,5 graus",,,,,,,,,,,,,,,
bmw,X6,x6,x6-m-4-4-v8-2014,x6-m-4-4-v8-2014,https://www.fichacompleta.com.br/carros/bmw/x6-m-4-4-v8-2014,2026-06-18T17:07:44.516443,Bmw X6 M 4.4 V8 2014,"4,7 s",275 km/h,Corrente,Injeção direta,Turbocompressor,,8 em V,S63B44,Duplo no cabeçote,"88,3 mm",89 mm,Longitudinal,Dianteiro,"4,29 kg/cv","34,3 kg/kgfm","126,3 cv/litro",555 cv,"9,3:1",,,"15,8 kgfm/litro","69,3 kgfm",4,Admissão e escape,Conversor de torque,Automático,,6,,Integral permanente,1684 mm,1660 mm,1672 mm,600 kg,4876 mm,2933 mm,1983 mm,2380 kg,570 litros,,,85 litros,110 mm,Disco ventilado,Disco ventilado,"2,85 m²","1,083 m²","0,38",,Eletro-hidráulica,"12,8 m",,"Indep., braços sobrepostos",Mola pneumática,"Indep., multibraço",553 km,289 km,"6,5 km/l","3,4 km/l",205 mm,Kit de reparo e enchimento,6000 rpm,1500 rpm,549 cm³,4395 cm³,7000 rpm,Hidráulicos,,,,,,,,,,,,,,,,,,,,,,,,,,,,,,,"18,6 graus",22 graus,"21,5 graus",,,,,,,,,,,,,,,
bmw,X6,x6,x6-xdrive35i-3-0-2014,x6-xdrive35i-3-0-2014,https://www.fichacompleta.com.br/carros/bmw/x6-xdrive35i-3-0-2014,2026-06-18T17:07:48.269674,Bmw X6 xDrive35i 3.0 2014,"6,7 s",240 km/h,Corrente,Injeção direta,Turbocompressor,,6 em linha,N54B30,Duplo no cabeçote,"89,6 mm",84 mm,Longitudinal,Dianteiro,"7,01 kg/cv","52,6 kg/kgfm","102,7 cv/litro",306 cv,"10,2:1",,,"13,7 kgfm/litro","40,8 kgfm",4,Admissão e escape,Conversor de torque,Automático,,6,,Integral permanente,1690 mm,1644 mm,1706 mm,600 kg,ABTT mm,2933 mm,1983 mm,2145 kg,570 litros,,,85 litros,128 mm,Disco ventilado,Disco ventilado,"2,85 m²","0,969 m²","0,34",,Eletro-hidráulica,"12,8 m",,"Indep., braços sobrepostos",Mola helicoidal,"Indep., multibraço",739 km,425 km,"8,7 km/l",5 km/l,212 mm,Kit de reparo e enchimento,5800 rpm,1300 rpm,497 cm³,2979 cm³,7000 rpm,Hidráulicos,,,,,,,,,,,,,,,,,,,,,,,,,,,,,,,"19,1 graus","25,1 graus","25,5 graus",,,,,,,,,,,,,,,
bmw,X6,x6,x6-xdrive50i-4-4-v8-2014,x6-xdrive50i-4-4-v8-2014,https://www.fichacompleta.com.br/carros/bmw/x6-xdrive50i-4-4-v8-2014,2026-06-18T17:07:50.833114,Bmw X6 xDrive50i 4.4 V8 2014,"5,4 s",250 km/h,,Injeção direta,Turbocompressor,4395 cm³,8 em V,N63B44,"Duplo no cabeçote, corrente","88,3 mm",89 mm,Longitudinal,Dianteiro,"5,4 kg/cv","35,8 kg/kgfm","92,8 cv/litro",408 cv a 5500 rpm,10:1,,,"13,9 kgfm/litro","61,2 kgfm a 1750 rpm",4,Admissão e escape,Conversor de torque,Automático,ZF 8HP,,8,Integral permanente,1690 mm,1644 mm,1706 mm,650 kg,4877 mm,2933 mm,1983 mm,2190 kg,570 litros,,,85 litros,128 mm,Disco ventilado,Disco ventilado,"2,82 m²","1,015 m²",,"0,36",Eletro-hidráulica,,"12,8 m","Independente, braços sobrepostos",Mola helicoidal,"Independente, multibraço",723 km,408 km,"8,5 km/l","4,8 km/l",212 mm,Kit de reparo e enchimento,,,,,,Hidráulicos,,,,,,,,,,,,,,,,,,,,,,,,,,,,,,,"19,1 graus","25,1 graus","25,5 graus",,,,,,,,,,,,,,,
bmw,X6,x6,x6-xdrive50i-4-4-v8-2015,x6-xdrive50i-4-4-v8-2015,https://www.fichacompleta.com.br/carros/bmw/x6-xdrive50i-4-4-v8-2015,2026-06-18T17:07:53.946579,Bmw X6 xDrive50i 4.4 V8 2015,"4,8 s",250 km/h,,Injeção direta,Turbocompressor,4395 cm³,8 em V,N63B44TU,"Duplo no cabeçote, corrente","88,3 mm",89 mm,Longitudinal,Dianteiro,"4,8 kg/cv","32,7 kg/kgfm","102,2 cv/litro",449 cv a 5500 rpm,10:1,,,"15,1 kgfm/litro","66,3 kgfm a 2000 rpm",4,Admissão e escape,Conversor de torque,Automático,ZF 8HP,,8,Integral permanente,1702 mm,1640 mm,1706 mm,715 kg,4909 mm,2933 mm,1989 mm,2170 kg,580 litros,3500 kg,750 kg,85 litros,128 mm,Disco ventilado,Disco ventilado,"2,88 m²","0,922 m²",,"0,32",Eletro-hidráulica,,"12,8 m","Independente, braços sobrepostos",Mola helicoidal,"Independente, multibraço",638 km,451 km,"7,5 km/l","5,3 km/l",,Kit de reparo e enchimento,,,,,7000 rpm,Hidráulicos,,,,,,,,,,,,,,,,,,,,,,,,,,,,,,,"19,1 graus","25,1 graus","25,5 graus",,,,,,,,,,,,,,,
bmw,X6,x6,x6-m-4-4-v8-2016-gasolina,x6-m-4-4-v8-2016-gasolina,https://www.fichacompleta.com.br/carros/bmw/x6-m-4-4-v8-2016-gasolina,2026-06-18T17:07:57.680152,Bmw X6 M 4.4 V8 2016,"4,2 s",280 km/h,Corrente,Injeção direta,Turbocompressor,,8 em V,S63B44,Duplo no cabeçote,"88,3 mm",89 mm,Longitudinal,Dianteiro,"3,94 kg/cv","29,6 kg/kgfm","130,8 cv/litro",575 cv,10:1,,,"17,4 kgfm/litro","76,5 kgfm",4,Admissão e escape,Conversor de torque,Automático,ZF 8HP,8,,Integral permanente,1689 mm,1666 mm,1667 mm,685 kg,4909 mm,2933 mm,1989 mm,2265 kg,550 litros,2950 kg,750 kg,85 litros,114 mm,Disco ventilado,Disco ventilado,"2,86 m²","1,058 m²","0,37",,Eletro-hidráulica,"12,8 m",,"Indep., braços sobrepostos",Mola pneumática,"Indep., multibraço",604 km,459 km,"7,1 km/l","5,4 km/l",195 mm,Kit de reparo e enchimento,6000 rpm,2200 rpm,549 cm³,4395 cm³,,Hidráulicos,,,,,,,,,,,,,,,,,,,,,,,,,,,,,,,"18,6 graus",22 graus,"21,5 graus",,,,,,,,,,,,,,,
bmw,X6,x6,x6-m-4-4-v8-2016,x6-m-4-4-v8-2016,https://www.fichacompleta.com.br/carros/bmw/x6-m-4-4-v8-2016,2026-06-18T17:08:01.530820,Bmw X6 M 4.4 V8 2016,"4,2 s",280 km/h,,Injeção direta,Turbocompressor,4395 cm³,8 em V,S63B44,"Duplo no cabeçote, corrente","88,3 mm",89 mm,Longitudinal,Dianteiro,"3,9 kg/cv","29,6 kg/kgfm","130,8 cv/litro",575 cv a 6000 rpm,10:1,,,"17,4 kgfm/litro","76,5 kgfm a 2200 rpm",4,Admissão e escape,Conversor de torque,Automático,ZF 8HP,,8,Integral permanente,1689 mm,1666 mm,1667 mm,685 kg,4909 mm,2933 mm,1989 mm,2265 kg,550 litros,2950 kg,750 kg,85 litros,114 mm,Disco ventilado,Disco ventilado,"2,86 m²","1,058 m²",,"0,37",Eletro-hidráulica,,"12,8 m","Independente, braços sobrepostos",Mola pneumática,"Independente, multibraço",604 km,459 km,"7,1 km/l","5,4 km/l",195 mm,Kit de reparo e enchimento,,,,,,Hidráulicos,,,,,,,,,,,,,,,,,,,,,,,,,,,,,,,"18,6 graus",22 graus,"21,5 graus",,,,,,,,,,,,,,,
bmw,X6,x6,x6-xdrive35i-3-0-2016,x6-xdrive35i-3-0-2016,https://www.fichacompleta.com.br/carros/bmw/x6-xdrive35i-3-0-2016,2026-06-18T17:08:05.260683,Bmw X6 xDrive35i 3.0 2016,"6,4 s",240 km/h,,Injeção direta,Turbocompressor,2979 cm³,6 em linha,N55B30M0,"Duplo no cabeçote, corrente",,,Longitudinal,Dianteiro,"6,9 kg/cv","51,5 kg/kgfm","102,7 cv/litro",306 cv a 5800 rpm,"10,2:1",,,"13,7 kgfm/litro","40,8 kgfm a 1200 rpm",4,Admissão e escape,Conversor de torque,Automático,ZF 8HP,,8,Integral permanente,1702 mm,1640 mm,1706 mm,600 kg,4909 mm,2933 mm,1989 mm,2100 kg,570 litros,2700 kg,750 kg,85 litros,128 mm,Disco ventilado,Disco ventilado,"2,88 m²","0,979 m²",,"0,34",Eletro-hidráulica,,"12,8 m","Independente, braços sobrepostos",Mola helicoidal,"Independente, multibraço",706 km,544 km,"8,3 km/l","6,4 km/l",212 mm,Kit de reparo e enchimento,,,,,7000 rpm,Hidráulicos,"89,6 mm",84 mm,,,,,,,,,,,,,,,,,,,,,,,,,,,,,"19,1 graus","25,1 graus","25,5 graus",,,,,,,,,,,,,,,
bmw,X6,x6,x6-xdrive35i-3-0-2016-gasolina,x6-xdrive35i-3-0-2016-gasolina,https://www.fichacompleta.com.br/carros/bmw/x6-xdrive35i-3-0-2016-gasolina,2026-06-18T17:08:09.785203,Bmw X6 xDrive35i 3.0 2016,"6,4 s",240 km/h,Corrente,Injeção direta,Turbocompressor,,6 em linha,N55B30M0,Duplo no cabeçote,"89,6 mm",84 mm,Longitudinal,Dianteiro,"6,86 kg/cv","51,5 kg/kgfm","102,7 cv/litro",306 cv,"10,2:1",,,"13,7 kgfm/litro","40,8 kgfm",4,Admissão e escape,Conversor de torque,Automático,ZF 8HP,8,,Integral permanente,1702 mm,1640 mm,1706 mm,600 kg,4909 mm,2933 mm,1989 mm,2100 kg,570 litros,2700 kg,750 kg,85 litros,128 mm,Disco ventilado,Disco ventilado,"2,88 m²","0,979 m²","0,34",,Eletro-hidráulica,"12,8 m",,"Indep., braços sobrepostos",Mola helicoidal,"Indep., multibraço",706 km,544 km,"8,3 km/l","6,4 km/l",212 mm,Kit de reparo e enchimento,5800 rpm,1200 rpm,497 cm³,2979 cm³,7000 rpm,Hidráulicos,,,,,,,,,,,,,,,,,,,,,,,,,,,,,,,"19,1 graus","25,1 graus","25,5 graus",,,,,,,,,,,,,,,
bmw,X6,x6,x6-xdrive50i-4-4-v8-2016,x6-xdrive50i-4-4-v8-2016,https://www.fichacompleta.com.br/carros/bmw/x6-xdrive50i-4-4-v8-2016,2026-06-18T17:08:13.194895,Bmw X6 xDrive50i 4.4 V8 2016,"4,8 s",250 km/h,,Injeção direta,Turbocompressor,4395 cm³,8 em V,N63B44TU,"Duplo no cabeçote, corrente","88,3 mm",89 mm,Longitudinal,Dianteiro,"4,8 kg/cv","32,7 kg/kgfm","102,2 cv/litro",449 cv a 5500 rpm,10:1,,,"15,1 kgfm/litro","66,3 kgfm a 2000 rpm",4,Admissão e escape,Conversor de torque,Automático,ZF 8HP,,8,Integral permanente,1702 mm,1640 mm,1706 mm,715 kg,4909 mm,2933 mm,1989 mm,2170 kg,580 litros,3500 kg,750 kg,85 litros,128 mm,Disco ventilado,Disco ventilado,"2,88 m²","0,922 m²",,"0,32",Eletro-hidráulica,,"12,8 m","Independente, braços sobrepostos",Mola helicoidal,"Independente, multibraço",638 km,451 km,"7,5 km/l","5,3 km/l",,Kit de reparo e enchimento,,,,,7000 rpm,Hidráulicos,,,,,,,,,,,,,,,,,,,,,,,,,,,,,,,"19,1 graus","25,1 graus","25,5 graus",,,,,,,,,,,,,,,
bmw,X6,x6,x6-m-4-4-v8-2017,x6-m-4-4-v8-2017,https://www.fichacompleta.com.br/carros/bmw/x6-m-4-4-v8-2017,2026-06-18T17:08:15.938267,Bmw X6 M 4.4 V8 2017,"4,2 s",280 km/h,,Injeção direta,Turbocompressor,4395 cm³,8 em V,S63B44,"Duplo no cabeçote, corrente","88,3 mm",89 mm,Longitudinal,Dianteiro,"3,9 kg/cv","29,6 kg/kgfm","130,8 cv/litro",575 cv a 6000 rpm,10:1,,,"17,4 kgfm/litro","76,5 kgfm a 2200 rpm",4,Admissão e escape,Conversor de torque,Automático,ZF 8HP,,8,Integral permanente,1689 mm,1666 mm,1667 mm,685 kg,4909 mm,2933 mm,1989 mm,2265 kg,550 litros,2950 kg,750 kg,85 litros,114 mm,Disco ventilado,Disco ventilado,"2,86 m²","1,058 m²",,"0,37",Eletro-hidráulica,,"12,8 m","Independente, braços sobrepostos",Mola pneumática,"Independente, multibraço",604 km,459 km,"7,1 km/l","5,4 km/l",195 mm,Kit de reparo e enchimento,,,,,,Hidráulicos,,,,,,,,,,,,,,,,,,,,,,,,,,,,,,,"18,6 graus",22 graus,"21,5 graus",,,,,,,,,,,,,,,
bmw,X6,x6,x6-xdrive35i-3-0-2017,x6-xdrive35i-3-0-2017,https://www.fichacompleta.com.br/carros/bmw/x6-xdrive35i-3-0-2017,2026-06-18T17:08:20.039095,Bmw X6 xDrive35i 3.0 2017,"6,4 s",240 km/h,,Injeção direta,Turbocompressor,2979 cm³,6 em linha,N55B30M0,"Duplo no cabeçote, corrente","89,6 mm",84 mm,Longitudinal,Dianteiro,"6,9 kg/cv","51,5 kg/kgfm","102,7 cv/litro",306 cv a 5800 rpm,"10,2:1",,,"13,7 kgfm/litro","40,8 kgfm a 1200 rpm",4,Admissão e escape,Conversor de torque,Automático,ZF 8HP,,8,Integral permanente,1702 mm,1640 mm,1706 mm,600 kg,4909 mm,2933 mm,1989 mm,2100 kg,570 litros,2700 kg,750 kg,85 litros,128 mm,Disco ventilado,Disco ventilado,"2,88 m²","0,979 m²",,"0,34",Eletro-hidráulica,,"12,8 m","Independente, braços sobrepostos",Mola helicoidal,"Independente, multibraço",706 km,544 km,"8,3 km/l","6,4 km/l",212 mm,Kit de reparo e enchimento,,,,,7000 rpm,Hidráulicos,,,,,,,,,,,,,,,,,,,,,,,,,,,,,,,"19,1 graus","25,1 graus","25,5 graus",,,,,,,,,,,,,,,
bmw,X6,x6,x6-m-4-4-v8-2018,x6-m-4-4-v8-2018,https://www.fichacompleta.com.br/carros/bmw/x6-m-4-4-v8-2018,2026-06-18T17:08:23.336525,Bmw X6 M 4.4 V8 2018,"4,2 s",280 km/h,,Injeção direta,Turbocompressor,4395 cm³,8 em V,S63B44,"Duplo no cabeçote, corrente","88,3 mm",89 mm,Longitudinal,Dianteiro,"3,9 kg/cv","29,6 kg/kgfm","130,8 cv/litro",575 cv a 6000 rpm,10:1,,,"17,4 kgfm/litro","76,5 kgfm a 2200 rpm",4,Admissão e escape,Conversor de torque,Automático,ZF 8HP,,8,Integral permanente,1689 mm,1666 mm,1667 mm,685 kg,4909 mm,2933 mm,1989 mm,2265 kg,550 litros,2950 kg,750 kg,85 litros,98 mm,Disco ventilado,Disco ventilado,"2,86 m²","1,058 m²",,"0,37",Eletro-hidráulica,,"12,8 m","Independente, braços sobrepostos",Mola pneumática,"Independente, multibraço",612 km,485 km,"7,2 km/l","5,7 km/l",195 mm,Kit de reparo e enchimento,,,,,,Hidráulicos,,,,,,,,,,,,,,,,,,,,,,,,,,,,,,,"18,6 graus",22 graus,"21,5 graus",,,,,,,,,,,,,,,
bmw,X6,x6,x6-xdrive35i-3-0-2018,x6-xdrive35i-3-0-2018,https://www.fichacompleta.com.br/carros/bmw/x6-xdrive35i-3-0-2018,2026-06-18T17:08:27.151035,Bmw X6 xDrive35i 3.0 2018,"6,4 s",240 km/h,,Injeção direta,Turbocompressor,2979 cm³,6 em linha,N55B30M0,"Duplo no cabeçote, corrente","89,6 mm",84 mm,Longitudinal,Dianteiro,"6,9 kg/cv","51,5 kg/kgfm","102,7 cv/litro",306 cv a 5800 rpm,"10,2:1",,,"13,7 kgfm/litro","40,8 kgfm a 1200 rpm",4,Admissão e escape,Conversor de torque,Automático,ZF 8HP,,8,Integral permanente,1702 mm,1640 mm,1706 mm,600 kg,4909 mm,2933 mm,1989 mm,2100 kg,570 litros,2700 kg,750 kg,85 litros,128 mm,Disco ventilado,Disco ventilado,"2,88 m²","0,979 m²",,"0,34",Eletro-hidráulica,,"12,8 m","Independente, braços sobrepostos",Mola helicoidal,"Independente, multibraço",714 km,587 km,"8,4 km/l","6,9 km/l",212 mm,Kit de reparo e enchimento,,,,,7000 rpm,Hidráulicos,,,,,,,,,,,,,,,,,,,,,,,,,,,,,,,"19,1 graus","25,1 graus","25,5 graus",,,,,,,,,,,,,,,
bmw,X6,x6,x6-m-4-4-v8-2019,x6-m-4-4-v8-2019,https://www.fichacompleta.com.br/carros/bmw/x6-m-4-4-v8-2019,2026-06-18T17:08:29.944861,Bmw X6 M 4.4 V8 2019,"4,2 s",280 km/h,,Injeção direta,Turbocompressor,4395 cm³,8 em V,S63B44,"Duplo no cabeçote, corrente","88,3 mm",89 mm,Longitudinal,Dianteiro,"3,9 kg/cv","29,6 kg/kgfm","130,8 cv/litro",575 cv a 6000 rpm,10:1,,,"17,4 kgfm/litro","76,5 kgfm a 2200 rpm",4,Admissão e escape,Conversor de torque,Automático,ZF 8HP,,8,Integral permanente,1689 mm,1666 mm,1667 mm,685 kg,4909 mm,2933 mm,1989 mm,2265 kg,550 litros,2950 kg,750 kg,85 litros,98 mm,Disco ventilado,Disco ventilado,"2,86 m²","1,058 m²",,"0,37",Eletro-hidráulica,,"12,8 m","Independente, braços sobrepostos",Mola pneumática,"Independente, multibraço",612 km,485 km,"7,2 km/l","5,7 km/l",195 mm,Kit de reparo e enchimento,,,,,,Hidráulicos,,,,,,,,,,,,,,,,,,,,,,,,,,,,,,,"18,6 graus",22 graus,"21,5 graus",,,,,,,,,,,,,,,
bmw,X6,x6,x6-xdrive35i-3-0-2019,x6-xdrive35i-3-0-2019,https://www.fichacompleta.com.br/carros/bmw/x6-xdrive35i-3-0-2019,2026-06-18T17:08:34.731628,Bmw X6 xDrive35i 3.0 2019,"6,4 s",240 km/h,,Injeção direta,Turbocompressor,2979 cm³,6 em linha,N55B30M0,"Duplo no cabeçote, corrente","89,6 mm",84 mm,Longitudinal,Dianteiro,"6,9 kg/cv","51,5 kg/kgfm","102,7 cv/litro",306 cv a 5800 rpm,"10,2:1",,,"13,7 kgfm/litro","40,8 kgfm a 1200 rpm",4,Admissão e escape,Conversor de torque,Automático,ZF 8HP,,8,Integral permanente,1702 mm,1640 mm,1706 mm,600 kg,4909 mm,2933 mm,1989 mm,2100 kg,570 litros,2700 kg,750 kg,85 litros,128 mm,Disco ventilado,Disco ventilado,"2,88 m²","0,979 m²",,"0,34",Eletro-hidráulica,,"12,8 m","Independente, braços sobrepostos",Mola helicoidal,"Independente, multibraço",714 km,587 km,"8,4 km/l","6,9 km/l",212 mm,Kit de reparo e enchimento,,,,,7000 rpm,Hidráulicos,,,,,,,,,,,,,,,,,,,,,,,,,,,,,,,"19,1 graus","25,1 graus","25,5 graus",,,,,,,,,,,,,,,
bmw,X6,x6,x6-xdrive40i-m-sport-3-0-2020,x6-xdrive40i-m-sport-3-0-2020,https://www.fichacompleta.com.br/carros/bmw/x6-xdrive40i-m-sport-3-0-2020,2026-06-18T17:08:37.387122,Bmw X6 xDrive40i M Sport 3.0 2020,"5,5 s",250 km/h,Corrente,Injeção direta,Turbocompressor,2998 cm³,6 em linha,B58B30,Duplo no cabeçote,"94,6 mm",82 mm,Longitudinal,Dianteiro,"6,0 kg/cv","44,8 kg/kgfm","113,4 cv/litro",340 cv,11:1,,,"15,3 kgfm/litro","45,9 kgfm",4,Admissão e escape,Conversor de torque,Automático,ZF 8HP,8,,Integral permanente,1696 mm,1678 mm,1688 mm,670 kg,4935 mm,2975 mm,2004 mm,2055 kg,580 litros,3500 kg,750 kg,83 litros,95 mm,Disco ventilado,Disco ventilado,"2,83 m²","0,906 m²","0,32",,Eletro-hidráulica,"12,6 m",,"Indep., braços sobrepostos",Mola pneumática,"Indep., multibraço",797 km,647 km,"9,6 km/l","7,8 km/l",216 mm,Kit de reparo e enchimento,5500 rpm,1500 rpm,,,6500 rpm,Hidráulicos,,,,,,,,,,,,,,,,,,,,,,,,,,,,,,,"17,9 graus","25,1 graus","21,7 graus",,,,,,,,,,,,,,,
bmw,X6,x6,x6-m-4-4-v8-2021,x6-m-4-4-v8-2021,https://www.fichacompleta.com.br/carros/bmw/x6-m-4-4-v8-2021,2026-06-18T17:08:41.449327,Bmw X6 M 4.4 V8 2021,"3,8 s",290 km/h,,Injeção direta,Turbocompressor,4395 cm³,8 em V,S63B44,"Duplo no cabeçote, corrente",,,Longitudinal,Dianteiro,"3,8 kg/cv","30,0 kg/kgfm","136,5 cv/litro",600 cv a 6000 rpm,10:1,,,"17,4 kgfm/litro","76,5 kgfm a 1800 rpm",4,Admissão e escape,Conversor de torque,Automático,ZF 8HP,,8,Integral permanente,1692 mm,1666 mm,1667 mm,705 kg,4941 mm,2972 mm,2019 mm,2295 kg,580 litros,3000 kg,750 kg,83 litros,95 mm,295/35 R21,Disco ventilado,"2,89 m²",,,"0,37",Eletro-hidráulica,,"12,9 m","Independente, braços sobrepostos",Mola pneumática,"Independente, multibraço",598 km,473 km,"7,2 km/l","5,7 km/l",,,,,,,,Hidráulicos,"88,3 mm",89 mm,,,,,,,,,,,,,,,,,,,,,,,,,,,,,,"25,1 graus","21,7 graus",,,,,,,,,,,,,,,
bmw,X6,x6,x6-xdrive40i-m-sport-3-0-2021,x6-xdrive40i-m-sport-3-0-2021,https://www.fichacompleta.com.br/carros/bmw/x6-xdrive40i-m-sport-3-0-2021,2026-06-18T17:08:45.479986,Bmw X6 xDrive40i M Sport 3.0 2021,"5,5 s",250 km/h,,Injeção direta,Turbocompressor,2998 cm³,6 em linha,B58B30,"Duplo no cabeçote, corrente",,,Longitudinal,Dianteiro,"6,0 kg/cv","44,8 kg/kgfm","113,4 cv/litro",340 cv a 5500 rpm,11:1,,,"15,3 kgfm/litro","45,9 kgfm a 1500 rpm",4,Admissão e escape,Conversor de torque,Automático,ZF 8HP,,8,Integral permanente,1696 mm,1678 mm,1688 mm,670 kg,4935 mm,2975 mm,2004 mm,2055 kg,580 litros,3500 kg,750 kg,83 litros,95 mm,275/35 R22,Disco ventilado,"2,83 m²",,,"0,32",Eletro-hidráulica,,"12,6 m","Independente, braços sobrepostos",Mola pneumática,"Independente, multibraço",797 km,647 km,"9,6 km/l","7,8 km/l",,,,,,,,Hidráulicos,"94,6 mm",82 mm,,,,,,,,,,,,,,,,,,,,,,,,,,,,,,"25,1 graus","21,7 graus",,,,,,,,,,,,,,,
bmw,X6,x6,x6-m-competition-4-4-v8-2022,x6-m-competition-4-4-v8-2022,https://www.fichacompleta.com.br/carros/bmw/x6-m-competition-4-4-v8-2022,2026-06-18T17:08:48.970838,Bmw X6 M Competition 4.4 V8 2022,"3,8 s",290 km/h,Corrente,Injeção direta,Turbocompressor,4395 cm³,8 em V,S63B44,Duplo no cabeçote,"88,3 mm",89 mm,Longitudinal,Dianteiro,"3,7 kg/cv","30,3 kg/kgfm","142,2 cv/litro",,10:1,6000 rpm,1800 rpm,"17,4 kgfm/litro",,4,Admissão e escape,Conversor de torque,Automático,ZF 8HP,8,,Integral permanente,1693 mm,1699 mm,1688 mm,680 kg,4941 mm,2972 mm,2019 mm,2320 kg,580 litros,3000 kg,750 kg,83 litros,95 mm,Disco ventilado,Disco ventilado,"2,89 m²","1,069 m²","0,37",,Eletro-hidráulica,"12,9 m",,"Indep., braços sobrepostos",Mola pneumática,"Indep., multibraço",639 km,490 km,"7,7 km/l","5,9 km/l",213 mm,Kit de reparo e enchimento,,,,,7000 rpm,Hidráulicos,,,,,,,,,,,625 cv,"76,5 kgfm",,,,,,,,,,,,,,,,,,,"17,9 graus","25,1 graus","21,7 graus",,,,,,,,,,,,,,,
bmw,X6,x6,x6-xdrive40i-black-vermilion-3-0-2022,x6-xdrive40i-black-vermilion-3-0-2022,https://www.fichacompleta.com.br/carros/bmw/x6-xdrive40i-black-vermilion-3-0-2022,2026-06-18T17:08:53.431754,Bmw X6 xDrive40i Black Vermilion 3.0 2022,"5,5 s",250 km/h,Corrente,Injeção direta,Turbocompressor,2998 cm³,6 em linha,B58B30,Duplo no cabeçote,"94,6 mm",82 mm,Longitudinal,Dianteiro,"6,0 kg/cv","44,8 kg/kgfm","113,4 cv/litro",340 cv,11:1,5500 rpm,1500 rpm,"15,3 kgfm/litro","45,9 kgfm",4,Admissão e escape,Conversor de torque,Automático,ZF 8HP,8,,Integral permanente,1696 mm,1678 mm,1688 mm,670 kg,4935 mm,2975 mm,2004 mm,2055 kg,580 litros,3500 kg,750 kg,83 litros,95 mm,Disco ventilado,Disco ventilado,"2,83 m²","0,906 m²","0,32",,Eletro-hidráulica,"12,6 m",,"Indep., braços sobrepostos",Mola pneumática,"Indep., multibraço",764 km,647 km,"9,2 km/l","7,8 km/l",216 mm,Kit de reparo e enchimento,,,,,6500 rpm,Hidráulicos,,,,,,,,,,,,,,,,,,,,,,,,,,,,,,,"17,9 graus","25,1 graus","21,7 graus",,,,,,,,,,,,,,,
bmw,X6,x6,x6-xdrive40i-m-sport-3-0-2022,x6-xdrive40i-m-sport-3-0-2022,https://www.fichacompleta.com.br/carros/bmw/x6-xdrive40i-m-sport-3-0-2022,2026-06-18T17:08:55.904115,Bmw X6 xDrive40i M Sport 3.0 2022,"5,5 s",250 km/h,Corrente,Injeção direta,Turbocompressor,2998 cm³,6 em linha,B58B30,Duplo no cabeçote,"94,6 mm",82 mm,Longitudinal,Dianteiro,"6,0 kg/cv","44,8 kg/kgfm","113,4 cv/litro",,11:1,5500 rpm,1500 rpm,"15,3 kgfm/litro",,4,Admissão e escape,Conversor de torque,Automático,ZF 8HP,8,,Integral permanente,1696 mm,1678 mm,1688 mm,670 kg,4935 mm,2975 mm,2004 mm,2055 kg,580 litros,3500 kg,750 kg,83 litros,95 mm,Disco ventilado,Disco ventilado,"2,83 m²","0,906 m²","0,32",,Eletro-hidráulica,"12,6 m",,"Indep., braços sobrepostos",Mola pneumática,"Indep., multibraço",797 km,647 km,"9,6 km/l","7,8 km/l",216 mm,Kit de reparo e enchimento,,,,,6500 rpm,Hidráulicos,,,,,,,,,,,340 cv,"45,9 kgfm",,,,,,,,,,,,,,,,,,,"17,9 graus","25,1 graus","21,7 graus",,,,,,,,,,,,,,,
bmw,X6,x6,x6-m-competition-4-4-v8-2023,x6-m-competition-4-4-v8-2023,https://www.fichacompleta.com.br/carros/bmw/x6-m-competition-4-4-v8-2023,2026-06-18T17:08:59.921676,Bmw X6 M Competition 4.4 V8 2023,"3,8 s",290 km/h,Corrente,Injeção direta,Turbocompressor,,8 em V,S63B44,Duplo no cabeçote,"88,3 mm",89 mm,Longitudinal,Dianteiro,"3,71 kg/cv","30,3 kg/kgfm","142,2 cv/litro",625 cv,10:1,,,"17,4 kgfm/litro","76,5 kgfm",4,Admissão e escape,Conversor de torque,Automático,ZF 8HP,8,,Integral permanente,1693 mm,1699 mm,1688 mm,680 kg,4941 mm,2972 mm,2019 mm,2320 kg,580 litros,3000 kg,750 kg,83 litros,95 mm,Disco ventilado,Disco ventilado,"2,89 m²","1,069 m²","0,37",,Elétrica,"12,9 m",,"Indep., braços sobrepostos",Mola pneumática,"Indep., multibraço",606 km,490 km,"7,3 km/l","5,9 km/l",213 mm,Kit de reparo e enchimento,6000 rpm,1800 rpm,549 cm³,4395 cm³,7000 rpm,Hidráulicos,,,,,,,,,,,,,,,,,,,,,,,,,,,,,,,"17,9 graus","25,1 graus","21,7 graus",,,,,,,,,,,,,,,
bmw,X6,x6,x6-m-competition-50-years-4-4-v8-2023,x6-m-competition-50-years-4-4-v8-2023,https://www.fichacompleta.com.br/carros/bmw/x6-m-competition-50-years-4-4-v8-2023,2026-06-18T17:09:03.412780,Bmw X6 M Competition 50 Years 4.4 V8 2023,"3,8 s",290 km/h,Corrente,Injeção direta,Turbocompressor,,8 em V,S63B44,Duplo no cabeçote,"88,3 mm",89 mm,Longitudinal,Dianteiro,"3,71 kg/cv","30,3 kg/kgfm","142,2 cv/litro",625 cv,10:1,,,"17,4 kgfm/litro","76,5 kgfm",4,Admissão e escape,Conversor de torque,Automático,ZF 8HP,8,,Integral permanente,1693 mm,1699 mm,1688 mm,680 kg,4941 mm,2972 mm,2019 mm,2320 kg,580 litros,3000 kg,750 kg,83 litros,95 mm,Disco ventilado,Disco ventilado,"2,89 m²","1,069 m²","0,37",,Elétrica,"12,9 m",,"Indep., braços sobrepostos",Mola pneumática,"Indep., multibraço",606 km,490 km,"7,3 km/l","5,9 km/l",213 mm,Kit de reparo e enchimento,6000 rpm,1800 rpm,549 cm³,4395 cm³,7000 rpm,Hidráulicos,,,,,,,,,,,,,,,,,,,,,,,,,,,,,,,"17,9 graus","25,1 graus","21,7 graus",,,,,,,,,,,,,,,
bmw,X6,x6,x6-xdrive40i-m-sport-3-0-2023,x6-xdrive40i-m-sport-3-0-2023,https://www.fichacompleta.com.br/carros/bmw/x6-xdrive40i-m-sport-3-0-2023,2026-06-18T17:09:06.548930,Bmw X6 xDrive40i M Sport 3.0 2023,"5,5 s",250 km/h,Corrente,Injeção direta,Turbocompressor,,6 em linha,B58B30,Duplo no cabeçote,"94,6 mm",82 mm,Longitudinal,Dianteiro,"6,04 kg/cv","44,8 kg/kgfm","113,4 cv/litro",340 cv,11:1,,,"15,3 kgfm/litro","45,9 kgfm",4,Admissão e escape,Conversor de torque,Automático,ZF 8HP,8,,Integral permanente,1696 mm,1678 mm,1688 mm,670 kg,4935 mm,2975 mm,2004 mm,2055 kg,580 litros,3500 kg,750 kg,83 litros,95 mm,Disco ventilado,Disco ventilado,"2,83 m²","0,906 m²","0,32",,Elétrica,"12,6 m",,"Indep., braços sobrepostos",Mola pneumática,"Indep., multibraço",764 km,647 km,"9,2 km/l","7,8 km/l",216 mm,Kit de reparo e enchimento,5500 rpm,1500 rpm,500 cm³,2998 cm³,6500 rpm,Hidráulicos,,,,,,,,,,,,,,,,,,,,,,,,,,,,,,,"17,9 graus","25,1 graus","21,7 graus",,,,,,,,,,,,,,,
bmw,X6,x6,x6-m-competition-4-4-v8-2024,x6-m-competition-4-4-v8-2024,https://www.fichacompleta.com.br/carros/bmw/x6-m-competition-4-4-v8-2024,2026-06-18T17:09:10.102240,Bmw X6 M Competition 4.4 V8 2024,"3,8 s",290 km/h,Corrente,Injeção direta,Turbocompressor,,8 em V,S63B44,Duplo no cabeçote,"88,3 mm",89 mm,Longitudinal,Dianteiro,"3,71 kg/cv","30,3 kg/kgfm","142,2 cv/litro",625 cv,10:1,,,"17,4 kgfm/litro","76,5 kgfm",4,Admissão e escape,Conversor de torque,Automático,ZF 8HP,8,,Integral permanente,1693 mm,1699 mm,1688 mm,680 kg,4941 mm,2972 mm,2019 mm,2320 kg,580 litros,3000 kg,750 kg,83 litros,95 mm,Disco ventilado,Disco ventilado,"2,89 m²","1,069 m²","0,37",,Elétrica,"12,9 m",,"Indep., braços sobrepostos",Mola pneumática,"Indep., multibraço",606 km,490 km,"7,3 km/l","5,9 km/l",213 mm,Kit de reparo e enchimento,6000 rpm,1800 rpm,549 cm³,4395 cm³,7000 rpm,Hidráulicos,,,,,,,,,,,,,,,,,,,,,,,,,,,,,,,"17,9 graus","25,1 graus","21,7 graus",,,,,,,,,,,,,,,
bmw,X6,x6,x6-m-competition-4-4-v8-2024-gasolina,x6-m-competition-4-4-v8-2024-gasolina,https://www.fichacompleta.com.br/carros/bmw/x6-m-competition-4-4-v8-2024-gasolina,2026-06-18T17:09:14.301050,Bmw X6 M Competition 4.4 V8 2024,"3,9 s",290 km/h,Corrente,Injeção direta,Turbocompressor,,8 em V,S63B44,Duplo no cabeçote,"88,3 mm",89 mm,Longitudinal,Dianteiro,"3,79 kg/cv","31,0 kg/kgfm","142,2 cv/litro",625 cv,"10,5:1",,,"17,4 kgfm/litro","76,5 kgfm",4,Admissão e escape,Conversor de torque,Automático,ZF 8HP,8,,Integral permanente,1695 mm,1699 mm,1688 mm,670 kg,4948 mm,2972 mm,2019 mm,2370 kg,580 litros,3000 kg,750 kg,83 litros,95 mm,Disco ventilado,Disco ventilado,"2,89 m²","1,098 m²","0,38",,Elétrica,"12,8 m",,"Indep., braços sobrepostos",Mola pneumática,"Indep., multibraço",614 km,473 km,"7,4 km/l","5,7 km/l",212 mm,Kit de reparo e enchimento,6000 rpm,1800 rpm,549 cm³,4395 cm³,7000 rpm,Hidráulicos,,,,,,,,,,,12 cv,"20,4 kgfm",,,,,,"0,96 kWh",,625 cv,"76,5 kgfm",,,,,,,,,,"18,2 graus","19,3 graus","22,1 graus",,,,,,,,,,,,,,,
bmw,X6,x6,x6-xdrive40i-m-sport-3-0-2024,x6-xdrive40i-m-sport-3-0-2024,https://www.fichacompleta.com.br/carros/bmw/x6-xdrive40i-m-sport-3-0-2024,2026-06-18T17:09:17.593820,Bmw X6 xDrive40i M Sport 3.0 2024,"5,4 s",250 km/h,Corrente,Injeção direta,Turbocompressor,,6 em linha,B58B30,Duplo no cabeçote,"94,6 mm",82 mm,Longitudinal,Dianteiro,"5,87 kg/cv","40,8 kg/kgfm","123,1 cv/litro",369 cv,11:1,,,"17,7 kgfm/litro",53 kgfm,4,Admissão e escape,Conversor de torque,Automático,ZF 8HP,8,,Integral permanente,1700 mm,1678 mm,1688 mm,720 kg,4960 mm,2975 mm,2004 mm,2165 kg,580 litros,3500 kg,750 kg,83 litros,122 mm,Disco ventilado,Disco ventilado,"2,86 m²","0,915 m²","0,32",,Elétrica,"12,6 m",,"Indep., braços sobrepostos",Mola pneumática,"Indep., multibraço",764 km,647 km,"9,2 km/l","7,8 km/l",216 mm,Kit de reparo e enchimento,5200 rpm,1850 rpm,500 cm³,2998 cm³,,Hidráulicos,,,,,,,,,,,12 cv,"20,4 kgfm",,,,,,"0,96 kWh",,381 cv,"55,1 kgfm",,,,,,,,,,"17,9 graus","25,1 graus","21,7 graus",,,,,,,,,,,,,,,
bmw,X6,x6,x6-xdrive40i-m-sport-3-0-2024-gasolina,x6-xdrive40i-m-sport-3-0-2024-gasolina,https://www.fichacompleta.com.br/carros/bmw/x6-xdrive40i-m-sport-3-0-2024-gasolina,2026-06-18T17:09:21.732068,Bmw X6 xDrive40i M Sport 3.0 2024,"5,5 s",250 km/h,Corrente,Injeção direta,Turbocompressor,,6 em linha,B58B30,Duplo no cabeçote,"94,6 mm",82 mm,Longitudinal,Dianteiro,"6,04 kg/cv","44,8 kg/kgfm","113,4 cv/litro",340 cv,11:1,,,"15,3 kgfm/litro","45,9 kgfm",4,Admissão e escape,Conversor de torque,Automático,ZF 8HP,8,,Integral permanente,1696 mm,1678 mm,1688 mm,670 kg,4935 mm,2975 mm,2004 mm,2055 kg,580 litros,3500 kg,750 kg,83 litros,95 mm,Disco ventilado,Disco ventilado,"2,83 m²","0,906 m²","0,32",,Elétrica,"12,6 m",,"Indep., braços sobrepostos",Mola pneumática,"Indep., multibraço",764 km,647 km,"9,2 km/l","7,8 km/l",216 mm,Kit de reparo e enchimento,5500 rpm,1500 rpm,500 cm³,2998 cm³,6500 rpm,Hidráulicos,,,,,,,,,,,,,,,,,,,,,,,,,,,,,,,"17,9 graus","25,1 graus","21,7 graus",,,,,,,,,,,,,,,
bmw,X6,x6,x6-m-competition-4-4-v8-2025,x6-m-competition-4-4-v8-2025,https://www.fichacompleta.com.br/carros/bmw/x6-m-competition-4-4-v8-2025,2026-06-18T17:09:25.277628,Bmw X6 M Competition 4.4 V8 2025,"3,9 s",290 km/h,Corrente,Injeção direta,Turbocompressor,,8 em V,S63B44,Duplo no cabeçote,"88,3 mm",89 mm,Longitudinal,Dianteiro,"3,79 kg/cv","31,0 kg/kgfm","142,2 cv/litro",625 cv,"10,5:1",,,"17,4 kgfm/litro","76,5 kgfm",4,Admissão e escape,Conversor de torque,Automático,ZF 8HP,8,,Integral permanente,1695 mm,1699 mm,1688 mm,670 kg,4948 mm,2972 mm,2019 mm,2370 kg,580 litros,3000 kg,750 kg,83 litros,95 mm,Disco ventilado,Disco ventilado,"2,89 m²","1,098 m²","0,38",,Elétrica,"12,8 m",,"Indep., braços sobrepostos",Mola pneumática,"Indep., multibraço",614 km,473 km,"7,4 km/l","5,7 km/l",212 mm,Kit de reparo,6000 rpm,1800 rpm,549 cm³,4395 cm³,7000 rpm,Hidráulicos,,,,,,,,,,,12 cv,"20,4 kgfm",,,,,,"0,96 kWh",,625 cv,"76,5 kgfm",,,,,,,,,,"18,2 graus","19,3 graus","22,1 graus",,,,,,,,,,,,,,,
bmw,X6,x6,x6-xdrive40i-m-sport-3-0-2025,x6-xdrive40i-m-sport-3-0-2025,https://www.fichacompleta.com.br/carros/bmw/x6-xdrive40i-m-sport-3-0-2025,2026-06-18T17:09:29.362042,Bmw X6 xDrive40i M Sport 3.0 2025,"5,4 s",250 km/h,Corrente,Injeção direta,Turbocompressor,,6 em linha,B58B30,Duplo no cabeçote,"94,6 mm",82 mm,Longitudinal,Dianteiro,"5,87 kg/cv","40,8 kg/kgfm","123,1 cv/litro",369 cv,11:1,,,"17,7 kgfm/litro",53 kgfm,4,Admissão e escape,Conversor de torque,Automático,ZF 8HP,8,,Integral permanente,1700 mm,1678 mm,1688 mm,720 kg,4960 mm,2975 mm,2004 mm,2165 kg,580 litros,3500 kg,750 kg,83 litros,122 mm,Disco ventilado,Disco ventilado,"2,86 m²","0,915 m²","0,32",,Elétrica,"12,6 m",,"Indep., braços sobrepostos",Mola pneumática,"Indep., multibraço",805 km,747 km,"9,7 km/l",9 km/l,216 mm,Kit de reparo,5200 rpm,1850 rpm,500 cm³,2998 cm³,,Hidráulicos,,,,,,,,,,,12 cv,"20,4 kgfm",,,,,,"0,96 kWh",,381 cv,"55,1 kgfm",,,,,,,,,,"17,9 graus","25,1 graus","21,7 graus",,,,,,,,,,,,,,,
bmw,X6,x6,x6-xdrive40i-m-sport-3-0-2026,x6-xdrive40i-m-sport-3-0-2026,https://www.fichacompleta.com.br/carros/bmw/x6-xdrive40i-m-sport-3-0-2026,2026-06-18T17:09:33.950142,Bmw X6 xDrive40i M Sport 3.0 2026,"5,4 s",250 km/h,Corrente,Injeção direta,Turbocompressor,,6 em linha,B58B30,Duplo no cabeçote,"94,6 mm",82 mm,Longitudinal,Dianteiro,"5,87 kg/cv","40,8 kg/kgfm","123,1 cv/litro",369 cv,11:1,,,"17,7 kgfm/litro",53 kgfm,4,Admissão e escape,Conversor de torque,Automático,ZF 8HP,8,,Integral permanente,1700 mm,1678 mm,1688 mm,720 kg,4960 mm,2975 mm,2004 mm,2165 kg,580 litros,3500 kg,750 kg,83 litros,95 mm,Disco ventilado,Disco ventilado,"2,86 m²","0,915 m²","0,32",,Elétrica,"12,6 m",,"Indep., braços sobrepostos",Mola pneumática,"Indep., multibraço",838 km,747 km,"10,1 km/l",9 km/l,216 mm,Kit de reparo,5200 rpm,1850 rpm,500 cm³,2998 cm³,6500 rpm,Hidráulicos,,,,,,,,,,,12 cv,"20,4 kgfm",,,,,,"0,96 kWh",,381 cv,"55,1 kgfm",,,,,,,"5,68 kg/cv","39,29 kg/kgfm",,"17,9 graus","25,1 graus","21,7 graus",,,,,,,,,,,,,,,
bmw,X6,x6,x6-xdrive40i-m-sport-dark-edition-3-0-2026,x6-xdrive40i-m-sport-dark-edition-3-0-2026,https://www.fichacompleta.com.br/carros/bmw/x6-xdrive40i-m-sport-dark-edition-3-0-2026,2026-06-18T17:09:37.005334,Bmw X6 xDrive40i M Sport Dark Edition 3.0 2026,"5,4 s",250 km/h,Corrente,Injeção direta,Turbocompressor,,6 em linha,B58B30,Duplo no cabeçote,"94,6 mm",82 mm,Longitudinal,Dianteiro,"5,87 kg/cv","40,8 kg/kgfm","123,1 cv/litro",369 cv,11:1,,,"17,7 kgfm/litro",53 kgfm,4,Admissão e escape,Conversor de torque,Automático,ZF 8HP,8,,Integral permanente,1700 mm,1678 mm,1688 mm,720 kg,4960 mm,2975 mm,2004 mm,2165 kg,580 litros,3500 kg,750 kg,83 litros,95 mm,Disco ventilado,Disco ventilado,"2,86 m²","0,915 m²","0,32",,Elétrica,"12,6 m",,"Indep., braços sobrepostos",Mola pneumática,"Indep., multibraço",838 km,747 km,"10,1 km/l",9 km/l,216 mm,Kit de reparo,5200 rpm,1850 rpm,500 cm³,2998 cm³,6500 rpm,Hidráulicos,,,,,,,,,,,12 cv,"20,4 kgfm",,,,,,"0,96 kWh",,381 cv,"55,1 kgfm",,,,,,,"5,68 kg/cv","39,29 kg/kgfm",,"17,9 graus","25,1 graus","21,7 graus",,,,,,,,,,,,,,,
bmw,X7,x7,x7-xdrive50i-4-4-v8-2019,x7-xdrive50i-4-4-v8-2019,https://www.fichacompleta.com.br/carros/bmw/x7-xdrive50i-4-4-v8-2019,2026-06-18T17:09:55.995648,Bmw X7 xDrive50i 4.4 V8 2019,"5,4 s",250 km/h,Corrente,Injeção direta,Turbocompressor,4395 cm³,8 em V,N63B44TU,Duplo no cabeçote,"88,3 mm",89 mm,Longitudinal,Dianteiro,"5,5 kg/cv","38,2 kg/kgfm","105,1 cv/litro",462 cv,"10,5:1",,,"15,1 kgfm/litro","66,3 kgfm",4,Admissão e escape,Conversor de torque,Automático,ZF 8HP,8,,Integral permanente,1805 mm,1684 mm,1705 mm,720 kg,5151 mm,3105 mm,2000 mm,2535 kg,,2700 kg,750 kg,83 litros,138 mm,Disco ventilado,Disco ventilado,"2,9 m²","0,986 m²","0,34",,Eletro-hidráulica,13 m,,"Indep., braços sobrepostos",Mola pneumática,"Indep., multibraço",747 km,415 km,9 km/l,5 km/l,221 mm,,5250 rpm,1500 rpm,,,,Hidráulicos,,,,,,,,,,,,,,,,,,,,,,,,,,,,,,,"19,8 graus",25 graus,"22,2 graus",,,,,,,750 litros,326 litros,,,,,,,
bmw,X7,x7,x7-m50i-4-4-v8-2020,x7-m50i-4-4-v8-2020,https://www.fichacompleta.com.br/carros/bmw/x7-m50i-4-4-v8-2020,2026-06-18T17:09:59.894427,Bmw X7 M50i 4.4 V8 2020,"4,7 s",250 km/h,Corrente,Injeção direta,Turbocompressor,4395 cm³,8 em V,N63B44TU,Duplo no cabeçote,"88,3 mm",89 mm,Longitudinal,Dianteiro,"4,8 kg/cv","33,4 kg/kgfm","120,6 cv/litro",530 cv,"10,5:1",,,"17,4 kgfm/litro","76,5 kgfm",4,Admissão e escape,Conversor de torque,Automático,ZF 8HP,8,,Integral permanente,1805 mm,1682 mm,1703 mm,730 kg,5151 mm,3105 mm,2000 mm,2555 kg,,3500 kg,750 kg,83 litros,110 mm,Disco ventilado,Disco ventilado,3 m²,"1,020 m²","0,34",,Eletro-hidráulica,13 m,,"Indep., braços sobrepostos",Mola pneumática,"Indep., multibraço",664 km,398 km,8 km/l,"4,8 km/l",221 mm,,5500 rpm,1800 rpm,,,,Hidráulicos,,,,,,,,,,,,,,,,,,,,,,,,,,,,,,,"19,8 graus",25 graus,"22,2 graus",,,,,,,750 litros,,,,,,,,326 litros
bmw,X7,x7,x7-xdrive50i-4-4-v8-2020,x7-xdrive50i-4-4-v8-2020,https://www.fichacompleta.com.br/carros/bmw/x7-xdrive50i-4-4-v8-2020,2026-06-18T17:10:04.375863,Bmw X7 xDrive50i 4.4 V8 2020,"5,4 s",250 km/h,Corrente,Injeção direta,Turbocompressor,4395 cm³,8 em V,N63B44TU,Duplo no cabeçote,"88,3 mm",89 mm,Longitudinal,Dianteiro,"5,5 kg/cv","38,2 kg/kgfm","105,1 cv/litro",462 cv,"10,5:1",,,"15,1 kgfm/litro","66,3 kgfm",4,Admissão e escape,Conversor de torque,Automático,ZF 8HP,8,,Integral permanente,1805 mm,1684 mm,1705 mm,720 kg,5151 mm,3105 mm,2000 mm,2535 kg,,2700 kg,750 kg,83 litros,138 mm,Disco ventilado,Disco ventilado,"2,9 m²","0,986 m²","0,34",,Eletro-hidráulica,13 m,,"Indep., braços sobrepostos",Mola pneumática,"Indep., multibraço",631 km,498 km,"7,6 km/l",6 km/l,221 mm,,5250 rpm,1500 rpm,,,,Hidráulicos,,,,,,,,,,,,,,,,,,,,,,,,,,,,,,,"19,8 graus",25 graus,"22,2 graus",,,,,,,750 litros,326 litros,,,,,,,
bmw,X7,x7,x7-dark-shadow-m50i-4-4-v8-2021,x7-dark-shadow-m50i-4-4-v8-2021,https://www.fichacompleta.com.br/carros/bmw/x7-dark-shadow-m50i-4-4-v8-2021,2026-06-18T17:10:06.955934,Bmw X7 Dark Shadow M50i 4.4 V8 2021,"4,7 s",250 km/h,Corrente,Injeção direta,Turbocompressor,4395 cm³,8 em V,N63B44TU,Duplo no cabeçote,"88,3 mm",89 mm,Longitudinal,Dianteiro,"4,8 kg/cv","33,4 kg/kgfm","120,6 cv/litro",530 cv,"10,5:1",,,"17,4 kgfm/litro","76,5 kgfm",4,Admissão e escape,Conversor de torque,Automático,ZF 8HP,8,,Integral permanente,1805 mm,1682 mm,1703 mm,730 kg,5151 mm,3105 mm,2000 mm,2555 kg,,3500 kg,750 kg,83 litros,110 mm,Disco ventilado,Disco ventilado,3 m²,"1,020 m²","0,34",,Eletro-hidráulica,13 m,,"Indep., braços sobrepostos",Mola pneumática,"Indep., multibraço",631 km,498 km,"7,6 km/l",6 km/l,221 mm,,5500 rpm,1800 rpm,,,,Hidráulicos,,,,,,,,,,,,,,,,,,,,,,,,,,,,,,,"19,8 graus",25 graus,"22,2 graus",,,,,,,750 litros,,,,,,,,326 litros
bmw,X7,x7,x7-m50i-4-4-v8-2021,x7-m50i-4-4-v8-2021,https://www.fichacompleta.com.br/carros/bmw/x7-m50i-4-4-v8-2021,2026-06-18T17:10:09.409694,Bmw X7 M50i 4.4 V8 2021,"4,7 s",250 km/h,Corrente,Injeção direta,Turbocompressor,4395 cm³,8 em V,N63B44TU,Duplo no cabeçote,"88,3 mm",89 mm,Longitudinal,Dianteiro,"4,8 kg/cv","33,4 kg/kgfm","120,6 cv/litro",530 cv,"10,5:1",,,"17,4 kgfm/litro","76,5 kgfm",4,Admissão e escape,Conversor de torque,Automático,ZF 8HP,8,,Integral permanente,1805 mm,1682 mm,1703 mm,730 kg,5151 mm,3105 mm,2000 mm,2555 kg,,3500 kg,750 kg,83 litros,110 mm,Disco ventilado,Disco ventilado,3 m²,"1,020 m²","0,34",,Eletro-hidráulica,13 m,,"Indep., braços sobrepostos",Mola pneumática,"Indep., multibraço",631 km,498 km,"7,6 km/l",6 km/l,221 mm,,5500 rpm,1800 rpm,,,,Hidráulicos,,,,,,,,,,,,,,,,,,,,,,,,,,,,,,,"19,8 graus",25 graus,"22,2 graus",,,,,,,750 litros,,,,,,,,326 litros
bmw,X7,x7,x7-m50i-4-4-v8-2022,x7-m50i-4-4-v8-2022,https://www.fichacompleta.com.br/carros/bmw/x7-m50i-4-4-v8-2022,2026-06-18T17:10:12.879817,Bmw X7 M50i 4.4 V8 2022,"4,7 s",250 km/h,Corrente,Injeção direta,Turbocompressor,4395 cm³,8 em V,N63B44TU,Duplo no cabeçote,"88,3 mm",89 mm,Longitudinal,Dianteiro,"4,8 kg/cv","33,4 kg/kgfm","120,6 cv/litro",,"10,5:1",5500 rpm,1800 rpm,"17,4 kgfm/litro",,4,Admissão e escape,Conversor de torque,Automático,ZF 8HP,8,,Integral permanente,1805 mm,1682 mm,1703 mm,730 kg,5151 mm,3105 mm,2000 mm,2555 kg,,3500 kg,750 kg,83 litros,110 mm,Disco ventilado,Disco ventilado,3 m²,"1,020 m²","0,34",,Eletro-hidráulica,13 m,,"Indep., braços sobrepostos",Mola pneumática,"Indep., multibraço",631 km,498 km,"7,6 km/l",6 km/l,221 mm,,,,,,,Hidráulicos,,,,,,,,,,,530 cv,"76,5 kgfm",,,,,,,,,,,,,,,,,,,"19,8 graus",25 graus,"22,2 graus",,,,,,,750 litros,,,,,,,,326 litros
bmw,X7,x7,x7-m60i-4-4-v8-2024,x7-m60i-4-4-v8-2024,https://www.fichacompleta.com.br/carros/bmw/x7-m60i-4-4-v8-2024,2026-06-18T17:10:17.266238,Bmw X7 M60i 4.4 V8 2024,"4,7 s",250 km/h,Corrente,Injeção direta,Turbocompressor,,8 em V,N63B44TU,Duplo no cabeçote,"88,3 mm",89 mm,Longitudinal,Dianteiro,"4,91 kg/cv","34,0 kg/kgfm","120,6 cv/litro",530 cv,"10,5:1",,,"17,4 kgfm/litro","76,5 kgfm",4,Admissão e escape,Conversor de torque,Automático,ZF 8HP,8,,Integral permanente,1835 mm,1682 mm,1703 mm,755 kg,5181 mm,3105 mm,2000 mm,2600 kg,,3500 kg,750 kg,83 litros,110 mm,Disco ventilado,Disco ventilado,3 m²,"1,020 m²","0,34",,Elétrica,"12,4 m",,"Indep., braços sobrepostos",Mola pneumática,"Indep., multibraço",639 km,523 km,"7,7 km/l","6,3 km/l",221 mm,,5500 rpm,1800 rpm,549 cm³,4395 cm³,,Hidráulicos,,,,,,,,,,,12 cv,"20,4 kgfm",,,,,,,,,,,,,,,,,,,"19,8 graus",25 graus,"22,2 graus",,,,,,,750 litros,,,,,,,,326 litros
bmw,X7,x7,x7-m60i-4-4-v8-2025,x7-m60i-4-4-v8-2025,https://www.fichacompleta.com.br/carros/bmw/x7-m60i-4-4-v8-2025,2026-06-18T17:10:20.259927,Bmw X7 M60i 4.4 V8 2025,"4,7 s",250 km/h,Corrente,Injeção direta,Turbocompressor,,8 em V,N63B44TU,Duplo no cabeçote,"88,3 mm",89 mm,Longitudinal,Dianteiro,"4,91 kg/cv","34,0 kg/kgfm","120,6 cv/litro",530 cv,"10,5:1",,,"17,4 kgfm/litro","76,5 kgfm",4,Admissão e escape,Conversor de torque,Automático,ZF 8HP,8,,Integral permanente,1835 mm,1682 mm,1703 mm,755 kg,5181 mm,3105 mm,2000 mm,2600 kg,,3500 kg,750 kg,83 litros,110 mm,Disco ventilado,Disco ventilado,3 m²,"1,020 m²","0,34",,Elétrica,"12,4 m",,"Indep., braços sobrepostos",Mola pneumática,"Indep., multibraço",639 km,523 km,"7,7 km/l","6,3 km/l",221 mm,,5500 rpm,1800 rpm,549 cm³,4395 cm³,,Hidráulicos,,,,,,,,,,,12 cv,"20,4 kgfm",,,,,,,,,,,,,,,,,,,"19,8 graus",25 graus,"22,2 graus",,,,,,,750 litros,326 litros,,,,,,,
bmw,X7,x7,x7-xdrive40i-m-sport-3-0-2026,x7-xdrive40i-m-sport-3-0-2026,https://www.fichacompleta.com.br/carros/bmw/x7-xdrive40i-m-sport-3-0-2026,2026-06-18T17:10:22.827286,Bmw X7 xDrive40i M Sport 3.0 2026,"5,8 s",250 km/h,Corrente,Injeção direta,Turbocompressor,,6 em linha,B58B30,Duplo no cabeçote,"94,6 mm",82 mm,Longitudinal,Dianteiro,"6,34 kg/cv","45,6 kg/kgfm","127,1 cv/litro",381 cv,11:1,,,"17,7 kgfm/litro",53 kgfm,4,Admissão e escape,Conversor de torque,Automático,ZF 8HP,8,,Integral permanente,1835 mm,,,800 kg,5181 mm,3105 mm,2000 mm,2415 kg,,,,83 litros,110 mm,Disco ventilado,Disco ventilado,"3,12 m²","0,998 m²","0,32",,Elétrica,"12,4 m",,"Indep., braços sobrepostos",Mola pneumática,"Indep., multibraço",747 km,540 km,9 km/l,"6,5 km/l",221 mm,Kit de reparo,5200 rpm,1850 rpm,500 cm³,2998 cm³,6500 rpm,Hidráulicos,,,,,,,,,,,12 cv,"20,4 kgfm",,,,,,"0,96 kWh",,381 cv,"55,1 kgfm",,,,,,,"6,34 kg/cv","43,83 kg/kgfm",,"19,8 graus",25 graus,"22,2 graus",,,,,,,750 litros,326 litros,,,,,,,
bmw,Z3,z3,z3-1-9-1996,z3-1-9-1996,https://www.fichacompleta.com.br/carros/bmw/z3-1-9-1996,2026-06-18T17:10:55.555991,Bmw Z3 1.9 1996,"9,5 s",205 km/h,,Injeção multiponto,Natural,1895 cm³,4 em linha,M44B19,Duplo no cabeçote,"83,5 mm",85 mm,Longitudinal,Dianteiro,"9,0 kg/cv","68,9 kg/kgfm","73,9 cv/litro",140 cv a 6000 rpm,10:1,,,"9,7 kgfm/litro","18,3 kgfm a 4300 rpm",4,,Embreagem monodisco a seco,Manual,,,5,Traseira,1288 mm,1411 mm,1427 mm,250 kg,4025 mm,2446 mm,1692 mm,1260 kg,144 litros,1200 kg,600 kg,51 litros,123 mm,Disco ventilado,Disco sólido,"1,85 m²","0,759 m²",,"0,41",Hidráulica,,Não informado,"Independente, braços sobrepostos",Mola helicoidal,"Independente, braço semi-arrastado",627 km,423 km,"12,3 km/l","8,3 km/l",,,,,,,,,,,,,,,,,,,,,,,,,,,,,,,,,,,,,,,,,,,,,,,,,,,,,,,,
bmw,Z3,z3,z3-1-9-1997,z3-1-9-1997,https://www.fichacompleta.com.br/carros/bmw/z3-1-9-1997,2026-06-18T17:10:59.792899,Bmw Z3 1.9 1997,"9,5 s",205 km/h,,Injeção multiponto,Natural,1895 cm³,4 em linha,M44B19,Duplo no cabeçote,"83,5 mm",85 mm,Longitudinal,Dianteiro,"9,0 kg/cv","68,9 kg/kgfm","73,9 cv/litro",,10:1,6000 rpm,4300 rpm,"9,7 kgfm/litro",,4,,Embreagem monodisco a seco,Manual,,5,,Traseira,1288 mm,1411 mm,1427 mm,250 kg,4025 mm,2446 mm,1692 mm,1260 kg,144 litros,1200 kg,600 kg,51 litros,123 mm,Disco ventilado,Disco sólido,"1,85 m²","0,759 m²","0,41",,Hidráulica,Não informado,,"Indep., braços sobrepostos",Mola helicoidal,"Indep., braço semiarrastado",627 km,423 km,"12,3 km/l","8,3 km/l",,,,,,,,,,,,,,,,,,,140 cv,"18,3 kgfm",,,,,,,,,,,,,,,,,,,,,,,,,,,,,,,,,,,,
bmw,Z3,z3,z3-2-8-1997,z3-2-8-1997,https://www.fichacompleta.com.br/carros/bmw/z3-2-8-1997,2026-06-18T17:11:02.919051,Bmw Z3 2.8 1997,"7,1 s",218 km/h,Corrente,Injeção multiponto,Natural,2793 cm³,6 em linha,M52B28,Duplo no cabeçote,84 mm,84 mm,Longitudinal,Dianteiro,"6,9 kg/cv","46,7 kg/kgfm","69,1 cv/litro",193 cv,"10,2:1",,,"10,2 kgfm/litro","28,6 kgfm",4,Admissão,Embreagem monodisco a seco,Manual,,5,,Traseira,1283 mm,1413 mm,1494 mm,250 kg,4025 mm,2446 mm,1740 mm,1335 kg,144 litros,,,51 litros,113 mm,Disco ventilado,Disco sólido,"1,9 m²","0,798 m²","0,42",,Hidráulica,Não informado,,"Indep., braços sobrepostos",Mola helicoidal,"Indep., braço semiarrastado",571 km,367 km,"11,2 km/l","7,2 km/l",,,5300 rpm,3950 rpm,,,6500 rpm,Hidráulicos,,,,,,,,,,,,,,,,,,,,,,,,,,,,,,,,,,,,,,,,,,,,,,,,
bmw,Z3,z3,z3-1-9-1998,z3-1-9-1998,https://www.fichacompleta.com.br/carros/bmw/z3-1-9-1998,2026-06-18T17:11:06.248675,Bmw Z3 1.9 1998,"9,5 s",205 km/h,,Injeção multiponto,Natural,1895 cm³,4 em linha,M44B19,Duplo no cabeçote,"83,5 mm",85 mm,Longitudinal,Dianteiro,"9,0 kg/cv","68,9 kg/kgfm","73,9 cv/litro",140 cv a 6000 rpm,10:1,,,"9,7 kgfm/litro","18,3 kgfm a 4300 rpm",4,,Embreagem monodisco a seco,Manual,,,5,Traseira,1288 mm,1411 mm,1427 mm,250 kg,4025 mm,2446 mm,1692 mm,1260 kg,144 litros,1200 kg,600 kg,51 litros,123 mm,Disco ventilado,Disco sólido,"1,85 m²","0,759 m²",,"0,41",Hidráulica,,Não informado,"Independente, braços sobrepostos",Mola helicoidal,"Independente, braço semi-arrastado",627 km,423 km,"12,3 km/l","8,3 km/l",,,,,,,,,,,,,,,,,,,,,,,,,,,,,,,,,,,,,,,,,,,,,,,,,,,,,,,,
bmw,Z3,z3,z3-2-8-1998,z3-2-8-1998,https://www.fichacompleta.com.br/carros/bmw/z3-2-8-1998,2026-06-18T17:11:10.805845,Bmw Z3 2.8 1998,"7,1 s",218 km/h,Corrente,Injeção multiponto,Natural,2793 cm³,6 em linha,M52B28,Duplo no cabeçote,84 mm,84 mm,Longitudinal,Dianteiro,"6,9 kg/cv","46,7 kg/kgfm","69,1 cv/litro",193 cv,"10,2:1",5300 rpm,3950 rpm,"10,2 kgfm/litro","28,6 kgfm",4,Admissão,Embreagem monodisco a seco,Manual,,5,5,Traseira,1283 mm,1413 mm,1494 mm,250 kg,4025 mm,2446 mm,1740 mm,1335 kg,144 litros,,,51 litros,113 mm,Disco ventilado,Disco sólido,"1,9 m²","0,798 m²","0,42","0,42",Hidráulica,Não informado,Não informado,"Indep., braços sobrepostos",Mola helicoidal,"Indep., braço semi-arrastado",571 km,367 km,"11,2 km/l","7,2 km/l",,,,,,,6500 rpm,Hidráulicos,,,,,,,,,,,,,,,,,,,,,,,,,,,,,,,,,,,,,,,,,,,,,,,,
bmw,Z3,z3,z3-m-3-2-1998,z3-m-3-2-1998,https://www.fichacompleta.com.br/carros/bmw/z3-m-3-2-1998,2026-06-18T17:11:13.762994,Bmw Z3 M 3.2 1998,"5,4 s",250 km/h,,Injeção multiponto,Natural,3201 cm³,6 em linha,S50B32,Duplo no cabeçote,91 mm,"86,4 mm",Longitudinal,Dianteiro,"4,4 kg/cv","39,9 kg/kgfm","100,3 cv/litro",321 cv a 7400 rpm,"11,3:1",,,"11,2 kgfm/litro","35,7 kgfm a 3250 rpm",4,,Embreagem monodisco a seco,Manual,,,5,Traseira,1266 mm,1422 mm,1492 mm,250 kg,4025 mm,2459 mm,1740 mm,1425 kg,144 litros,,,51 litros,110 mm,Disco ventilado,Disco sólido,"1,87 m²","0,767 m²",,"0,41",Hidráulica,,"10,4 m","Independente, braços sobrepostos",Mola helicoidal,"Independente, braço semi-arrastado",515 km,311 km,"10,1 km/l","6,1 km/l",,,,,,,7600 rpm,,,,,,,,,,,,,,,,,,,,,,,,,,,,,,,,,,,,,,,,,,,,,,,,,
bmw,Z3,z3,z3-2-8-2000,z3-2-8-2000,https://www.fichacompleta.com.br/carros/bmw/z3-2-8-2000,2026-06-18T17:11:17.799919,Bmw Z3 2.8 2000,"7,1 s",218 km/h,Corrente,Injeção multiponto,Natural,2793 cm³,6 em linha,M52B28,Duplo no cabeçote,84 mm,84 mm,Longitudinal,Dianteiro,"6,9 kg/cv","46,7 kg/kgfm","69,1 cv/litro",193 cv,"10,2:1",,,"10,2 kgfm/litro","28,6 kgfm",4,Admissão,Embreagem monodisco a seco,Manual,,5,,Traseira,1283 mm,1413 mm,1494 mm,250 kg,4025 mm,2446 mm,1740 mm,1335 kg,144 litros,,,51 litros,113 mm,Disco ventilado,Disco sólido,"1,9 m²","0,798 m²","0,42",,Hidráulica,Não informado,,"Indep., braços sobrepostos",Mola helicoidal,"Indep., braço semiarrastado",571 km,367 km,"11,2 km/l","7,2 km/l",,,5300 rpm,3950 rpm,,,6500 rpm,Hidráulicos,,,,,,,,,,,,,,,,,,,,,,,,,,,,,,,,,,,,,,,,,,,,,,,,
bmw,Z3,z3,z3-3-0-2001,z3-3-0-2001,https://www.fichacompleta.com.br/carros/bmw/z3-3-0-2001,2026-06-18T17:11:21.787845,Bmw Z3 3.0 2001,"6,3 s",236 km/h,Corrente,Injeção multiponto,Natural,2979 cm³,6 em linha,M54B30,Duplo no cabeçote,"89,6 mm",84 mm,Longitudinal,Dianteiro,"5,8 kg/cv","44,1 kg/kgfm","77,5 cv/litro",231 cv,"10,2:1",,,"10,3 kgfm/litro","30,6 kgfm",4,Admissão e escape,Conversor de torque,Automático,GM 5L40-E,5,,Traseira,1288 mm,1413 mm,1494 mm,270 kg,4050 mm,2446 mm,1740 mm,1350 kg,165 litros,1200 kg,600 kg,51 litros,113 mm,Disco ventilado,Disco sólido,"1,9 m²","0,798 m²","0,42",,Hidráulica,10 m,,"Indep., braços sobrepostos",Mola helicoidal,"Indep., braço semiarrastado",459 km,306 km,9 km/l,6 km/l,,,5900 rpm,3500 rpm,,,6500 rpm,Hidráulicos,,,,,,,,,,,,,,,,,,,,,,,,,,,,,,,,,,,,,,,,,,,,,,,,
bmw,Z4,z4,z4-3-0-2003,z4-3-0-2003,https://www.fichacompleta.com.br/carros/bmw/z4-3-0-2003,2026-06-18T17:11:41.146447,Bmw Z4 3.0 2003,"5,9 s",250 km/h,Corrente,Injeção multiponto,Natural,2979 cm³,6 em linha,M54B30,Duplo no cabeçote,"89,6 mm",84 mm,Longitudinal,Dianteiro,"5,6 kg/cv","42,2 kg/kgfm","77,5 cv/litro",231 cv,"10,2:1",5900 rpm,3500 rpm,"10,3 kgfm/litro","30,6 kgfm",4,Admissão e escape,Conversor de torque,Automático,,5,5,Traseira,1299 mm,,,,4086 mm,2495 mm,1785 mm,1290 kg,260 litros,,,55 litros,101 mm,Disco ventilado,Disco ventilado,,,,,Eletro-hidráulica,"9,8 m","9,8 m","Indep., McPherson",Mola helicoidal,"Indep., multibraço",495 km,385 km,9 km/l,7 km/l,,,,,,,6500 rpm,Hidráulicos,,,,,,,,,,,,,,,,,,,,,,,,,,,,,,,,,,,,,,,,,,,,,,,,
bmw,Z4,z4,z4-3-0-2005,z4-3-0-2005,https://www.fichacompleta.com.br/carros/bmw/z4-3-0-2005,2026-06-18T17:11:44.431558,Bmw Z4 3.0 2005,"5,9 s",250 km/h,Corrente,Injeção multiponto,Natural,2979 cm³,6 em linha,M54B30,Duplo no cabeçote,"89,6 mm",84 mm,Longitudinal,Dianteiro,"5,6 kg/cv","42,2 kg/kgfm","77,5 cv/litro",231 cv,"10,2:1",,,"10,3 kgfm/litro","30,6 kgfm",4,Admissão e escape,Conversor de torque,Automático,,5,,Traseira,1299 mm,,,,4086 mm,2495 mm,1785 mm,1290 kg,260 litros,,,55 litros,101 mm,Disco ventilado,Disco ventilado,,,,,Eletro-hidráulica,"9,8 m",,"Indep., McPherson",Mola helicoidal,"Indep., multibraço",495 km,385 km,9 km/l,7 km/l,,,5900 rpm,3500 rpm,,,6500 rpm,Hidráulicos,,,,,,,,,,,,,,,,,,,,,,,,,,,,,,,,,,,,,,,,,,,,,,,,
bmw,Z4,z4,z4-2-0-2007,z4-2-0-2007,https://www.fichacompleta.com.br/carros/bmw/z4-2-0-2007,2026-06-18T17:11:49.185894,Bmw Z4 2.0 2007,"8,2 s",220 km/h,Corrente,Injeção multiponto,Natural,1995 cm³,4 em linha,N46B20,Duplo no cabeçote,90 mm,84 mm,Longitudinal,Dianteiro,"8,1 kg/cv","59,8 kg/kgfm","75,2 cv/litro",150 cv,"10,5:1",,,"10,2 kgfm/litro","20,4 kgfm",4,Admissão,Embreagem monodisco a seco,Manual,,6,,Traseira,1299 mm,1473 mm,1523 mm,300 kg,4091 mm,2495 mm,1781 mm,1220 kg,240 litros,,,55 litros,113 mm,Disco ventilado,Disco ventilado,"1,91 m²","0,649 m²","0,34",,Eletro-hidráulica,"9,8 m",,"Indep., McPherson",Mola helicoidal,"Indep., multibraço",578 km,413 km,"10,5 km/l","7,5 km/l",,,6200 rpm,3600 rpm,,,6500 rpm,Hidráulicos,,,,,,,,,,,,,,,,,,,,,,,,,,,,,,,,,,,,,,,,,,,,,,,,
bmw,Z4,z4,z4-3-0-2007,z4-3-0-2007,https://www.fichacompleta.com.br/carros/bmw/z4-3-0-2007,2026-06-18T17:11:51.827581,Bmw Z4 3.0 2007,6 s,250 km/h,Corrente,Injeção multiponto,Natural,2996 cm³,6 em linha,N52B30,Duplo no cabeçote,88 mm,85 mm,Longitudinal,Dianteiro,"5,1 kg/cv","41,7 kg/kgfm","88,5 cv/litro",265 cv,11:1,,,"10,7 kgfm/litro","32,1 kgfm",4,Admissão e escape,Conversor de torque,Automático,ZF 6HP19,6,,Traseira,1299 mm,1473 mm,1523 mm,300 kg,4091 mm,2495 mm,1781 mm,1340 kg,260 litros,,,55 litros,101 mm,Disco ventilado,Disco ventilado,"1,91 m²","0,669 m²","0,35",,Eletro-hidráulica,"9,8 m",,"Indep., McPherson",Mola helicoidal,"Indep., multibraço",495 km,330 km,9 km/l,6 km/l,,,6600 rpm,2750 rpm,,,,Hidráulicos,,,,,,,,,,,,,,,,,,,,,,,,,,,,,,,,,,,,,,,,,,,,,,,,
bmw,Z4,z4,z4-m-3-2-2007,z4-m-3-2-2007,https://www.fichacompleta.com.br/carros/bmw/z4-m-3-2-2007,2026-06-18T17:11:55.150109,Bmw Z4 M 3.2 2007,5 s,250 km/h,Corrente,Injeção multiponto,Natural,3246 cm³,6 em linha,S54B32,Duplo no cabeçote,91 mm,87 mm,Longitudinal,Dianteiro,"4,1 kg/cv","37,9 kg/kgfm","105,7 cv/litro",343 cv,"11,5:1",,,"11,5 kgfm/litro","37,2 kgfm",4,Admissão e escape,Embreagem monodisco a seco,Manual,ZF H,6,,Traseira,1302 mm,1486 mm,1516 mm,295 kg,4113 mm,2497 mm,1781 mm,1410 kg,220 litros,,,55 litros,102 mm,Disco ventilado,Disco ventilado,"1,91 m²","0,707 m²","0,37",,Eletro-hidráulica,"9,8 m",,"Indep., McPherson",Mola helicoidal,"Indep., multibraço",440 km,275 km,8 km/l,5 km/l,,,7900 rpm,4900 rpm,,,8000 rpm,Hidráulicos,,,,,,,,,,,,,,,,,,,,,,,,,,,,,,,,,,,,,,,,,,,,,,,,
bmw,Z4,z4,z4-m-coupe-3-2-2007,z4-m-coupe-3-2-2007,https://www.fichacompleta.com.br/carros/bmw/z4-m-coupe-3-2-2007,2026-06-18T17:11:58.112741,Bmw Z4 M Coupé 3.2 2007,5 s,250 km/h,Corrente,Injeção multiponto,Natural,3246 cm³,6 em linha,S54B32,Duplo no cabeçote,91 mm,87 mm,Longitudinal,Dianteiro,"4,1 kg/cv","37,9 kg/kgfm","105,7 cv/litro",343 cv,"11,5:1",7900 rpm,4900 rpm,"11,5 kgfm/litro","37,2 kgfm",4,Admissão e escape,Embreagem monodisco a seco,Manual,,6,6,Traseira,1287 mm,1486 mm,1516 mm,320 kg,4113 mm,2497 mm,1781 mm,1410 kg,245 litros,,,55 litros,102 mm,Disco ventilado,Disco ventilado,,,,,Eletro-hidráulica,"10,5 m","10,5 m","Indep., McPherson",Mola helicoidal,"Indep., multibraço",468 km,330 km,"8,5 km/l",6 km/l,,,,,,,8000 rpm,Hidráulicos,,,,,,,,,,,,,,,,,,,,,,,,,,,,,,,,,,,,,,,,,,,,,,,,
bmw,Z4,z4,z4-m-coupe-3-2-2008,z4-m-coupe-3-2-2008,https://www.fichacompleta.com.br/carros/bmw/z4-m-coupe-3-2-2008,2026-06-18T17:12:01.045931,Bmw Z4 M Coupé 3.2 2008,5 s,250 km/h,Corrente,Injeção multiponto,Natural,3246 cm³,6 em linha,S54B32,Duplo no cabeçote,91 mm,87 mm,Longitudinal,Dianteiro,"4,1 kg/cv","37,9 kg/kgfm","105,7 cv/litro",343 cv,"11,5:1",,,"11,5 kgfm/litro","37,2 kgfm",4,Admissão e escape,Embreagem monodisco a seco,Manual,,6,,Traseira,1287 mm,1486 mm,1516 mm,320 kg,4113 mm,2497 mm,1781 mm,1410 kg,245 litros,,,55 litros,102 mm,Disco ventilado,Disco ventilado,,,,,Eletro-hidráulica,"10,5 m",,"Indep., McPherson",Mola helicoidal,"Indep., multibraço",468 km,330 km,"8,5 km/l",6 km/l,,,7900 rpm,4900 rpm,,,8000 rpm,Hidráulicos,,,,,,,,,,,,,,,,,,,,,,,,,,,,,,,,,,,,,,,,,,,,,,,,
bmw,Z4,z4,z4-2-0-2009,z4-2-0-2009,https://www.fichacompleta.com.br/carros/bmw/z4-2-0-2009,2026-06-18T17:12:04.791815,Bmw Z4 2.0 2009,"8,2 s",220 km/h,Corrente,Injeção multiponto,Natural,1995 cm³,4 em linha,N46B20,Duplo no cabeçote,90 mm,84 mm,Longitudinal,Dianteiro,"8,1 kg/cv","59,8 kg/kgfm","75,2 cv/litro",150 cv,"10,5:1",,,"10,2 kgfm/litro","20,4 kgfm",4,Admissão,Embreagem monodisco a seco,Manual,,6,,Traseira,1299 mm,1473 mm,1523 mm,300 kg,4091 mm,2495 mm,1781 mm,1220 kg,240 litros,,,55 litros,113 mm,Disco ventilado,Disco ventilado,"1,91 m²","0,649 m²","0,34",,Eletro-hidráulica,"9,8 m",,"Indep., McPherson",Mola helicoidal,"Indep., multibraço",578 km,413 km,"10,5 km/l","7,5 km/l",,,6200 rpm,3600 rpm,,,6500 rpm,Hidráulicos,,,,,,,,,,,,,,,,,,,,,,,,,,,,,,,,,,,,,,,,,,,,,,,,
bmw,Z4,z4,z4-sdrive-23i-2-5-2010,z4-sdrive-23i-2-5-2010,https://www.fichacompleta.com.br/carros/bmw/z4-sdrive-23i-2-5-2010,2026-06-18T17:12:08.082005,Bmw Z4 sDrive 23i 2.5 2010,"7,3 s",239 km/h,,Injeção direta,Natural,2497 cm³,6 em linha,N52B25,"Duplo no cabeçote, corrente","78,8 mm",82 mm,Longitudinal,Dianteiro,"7,0 kg/cv","56,1 kg/kgfm","81,7 cv/litro",204 cv a 6400 rpm,11:1,,,"10,2 kgfm/litro","25,5 kgfm a 2750 rpm",4,Admissão e escape,Conversor de torque,Automático,,,6,Traseira,1291 mm,1511 mm,1559 mm,330 kg,4239 mm,2495 mm,1790 mm,1430 kg,130 litros,,,55 litros,89 mm,Disco ventilado,Disco ventilado,"1,96 m²","0,666 m²",,"0,34",Eletro-hidráulica,,"10,7 m","Independente, McPherson",Mola helicoidal,"Independente, multibraço",616 km,429 km,"11,2 km/l","7,8 km/l",,,,,,,,Hidráulicos,,,,,,,,,,,,,,,,,,,,,,,,,,,,,,,,,,,,,,,,,,,,,,,,
bmw,Z4,z4,z4-sdrive-35i-3-0-turbo-2010,z4-sdrive-35i-3-0-turbo-2010,https://www.fichacompleta.com.br/carros/bmw/z4-sdrive-35i-3-0-turbo-2010,2026-06-18T17:12:12.799023,Bmw Z4 sDrive 35i 3.0 Turbo 2010,"5,1 s",250 km/h,Corrente,Injeção direta,Turbocompressor,2979 cm³,6 em linha,N54B30,Duplo no cabeçote,"89,6 mm",84 mm,Longitudinal,Dianteiro,"5,0 kg/cv","37,4 kg/kgfm","102,7 cv/litro",306 cv,"10,2:1",5800 rpm,1300 rpm,"13,7 kgfm/litro","40,8 kgfm",4,Admissão e escape,Embreagem dupla a seco,Automatizado,,7,,Traseira,1291 mm,1511 mm,1537 mm,330 kg,4239 mm,2495 mm,1790 mm,1525 kg,130 litros,,,55 litros,68 mm,Disco ventilado,Disco ventilado,"1,96 m²","0,686 m²","0,35",,Eletro-hidráulica,"10,7 m",,"Indep., McPherson",Mola helicoidal,"Indep., multibraço",495 km,330 km,9 km/l,6 km/l,,,,,,,7000 rpm,Hidráulicos,,,,,,,,,,,,,,,,,,,,,,,,,,,,,,,,,,,,,,,,,,,,,,,,
bmw,Z4,z4,z4-sdrive-23i-2-5-2011,z4-sdrive-23i-2-5-2011,https://www.fichacompleta.com.br/carros/bmw/z4-sdrive-23i-2-5-2011,2026-06-18T17:12:17.110982,Bmw Z4 sDrive 23i 2.5 2011,"7,3 s",239 km/h,Corrente,Injeção direta,Natural,2497 cm³,6 em linha,N52B25,Duplo no cabeçote,"78,8 mm",82 mm,Longitudinal,Dianteiro,"7,0 kg/cv","56,1 kg/kgfm","81,7 cv/litro",204 cv,11:1,,,"10,2 kgfm/litro","25,5 kgfm",4,Admissão e escape,Conversor de torque,Automático,,6,,Traseira,1291 mm,1511 mm,1559 mm,330 kg,4239 mm,2495 mm,1790 mm,1430 kg,130 litros,,,55 litros,89 mm,Disco ventilado,Disco ventilado,"1,96 m²","0,666 m²","0,34",,Eletro-hidráulica,"10,7 m",,"Indep., McPherson",Mola helicoidal,"Indep., multibraço",616 km,429 km,"11,2 km/l","7,8 km/l",,,6400 rpm,2750 rpm,,,,Hidráulicos,,,,,,,,,,,,,,,,,,,,,,,,,,,,,,,,,,,,,,,,,,,,,,,,
bmw,Z4,z4,z4-sdrive-35i-3-0-turbo-2011,z4-sdrive-35i-3-0-turbo-2011,https://www.fichacompleta.com.br/carros/bmw/z4-sdrive-35i-3-0-turbo-2011,2026-06-18T17:12:20.503084,Bmw Z4 sDrive 35i 3.0 Turbo 2011,"5,1 s",250 km/h,Corrente,Injeção direta,Turbocompressor,2979 cm³,6 em linha,N54B30,Duplo no cabeçote,"89,6 mm",84 mm,Longitudinal,Dianteiro,"5,0 kg/cv","37,4 kg/kgfm","102,7 cv/litro",306 cv,"10,2:1",,,"13,7 kgfm/litro","40,8 kgfm",4,Admissão e escape,Embreagem dupla a seco,Automatizado,,7,,Traseira,1291 mm,1511 mm,1537 mm,330 kg,4239 mm,2495 mm,1790 mm,1525 kg,130 litros,,,55 litros,68 mm,Disco ventilado,Disco ventilado,"1,96 m²","0,686 m²","0,35",,Eletro-hidráulica,"10,7 m",,"Indep., McPherson",Mola helicoidal,"Indep., multibraço",495 km,330 km,9 km/l,6 km/l,,,5800 rpm,1300 rpm,,,7000 rpm,Hidráulicos,,,,,,,,,,,,,,,,,,,,,,,,,,,,,,,,,,,,,,,,,,,,,,,,
bmw,Z4,z4,z4-sdrive-23i-2-5-2012,z4-sdrive-23i-2-5-2012,https://www.fichacompleta.com.br/carros/bmw/z4-sdrive-23i-2-5-2012,2026-06-18T17:12:24.393311,Bmw Z4 sDrive 23i 2.5 2012,"7,3 s",239 km/h,Corrente,Injeção direta,Natural,2497 cm³,6 em linha,N52B25,Duplo no cabeçote,"78,8 mm",82 mm,Longitudinal,Dianteiro,"7,0 kg/cv","56,1 kg/kgfm","81,7 cv/litro",204 cv,11:1,,,"10,2 kgfm/litro","25,5 kgfm",4,Admissão e escape,Conversor de torque,Automático,,6,,Traseira,1291 mm,1511 mm,1559 mm,330 kg,4239 mm,2495 mm,1790 mm,1430 kg,130 litros,,,55 litros,89 mm,Disco ventilado,Disco ventilado,"1,96 m²","0,666 m²","0,34",,Eletro-hidráulica,"10,7 m",,"Indep., McPherson",Mola helicoidal,"Indep., multibraço",616 km,429 km,"11,2 km/l","7,8 km/l",,,6400 rpm,2750 rpm,,,,Hidráulicos,,,,,,,,,,,,,,,,,,,,,,,,,,,,,,,,,,,,,,,,,,,,,,,,
bmw,Z4,z4,z4-sdrive-35i-3-0-turbo-2012,z4-sdrive-35i-3-0-turbo-2012,https://www.fichacompleta.com.br/carros/bmw/z4-sdrive-35i-3-0-turbo-2012,2026-06-18T17:12:27.049059,Bmw Z4 sDrive 35i 3.0 Turbo 2012,"5,1 s",250 km/h,Corrente,Injeção direta,Turbocompressor,2979 cm³,6 em linha,N54B30,Duplo no cabeçote,"89,6 mm",84 mm,Longitudinal,Dianteiro,"5,0 kg/cv","37,4 kg/kgfm","102,7 cv/litro",306 cv,"10,2:1",,,"13,7 kgfm/litro","40,8 kgfm",4,Admissão e escape,Embreagem dupla a seco,Automatizado,,7,,Traseira,1291 mm,1511 mm,1537 mm,330 kg,4239 mm,2495 mm,1790 mm,1525 kg,130 litros,,,55 litros,68 mm,Disco ventilado,Disco ventilado,"1,96 m²","0,686 m²","0,35",,Eletro-hidráulica,"10,7 m",,"Indep., McPherson",Mola helicoidal,"Indep., multibraço",495 km,330 km,9 km/l,6 km/l,,,5800 rpm,1300 rpm,,,7000 rpm,Hidráulicos,,,,,,,,,,,,,,,,,,,,,,,,,,,,,,,,,,,,,,,,,,,,,,,,
bmw,Z4,z4,z4-sdrive-20i-2-0-2013,z4-sdrive-20i-2-0-2013,https://www.fichacompleta.com.br/carros/bmw/z4-sdrive-20i-2-0-2013,2026-06-18T17:12:30.132697,Bmw Z4 sDrive 20i 2.0 2013,"7,6 s",232 km/h,,Injeção direta,Turbocompressor,1997 cm³,4 em linha,,Duplo no cabeçote,84 mm,"90,1 mm",Longitudinal,Dianteiro,"7,7 kg/cv","51,6 kg/kgfm","92,1 cv/litro",184 cv,10:1,5000 rpm,1250 rpm,"13,8 kgfm/litro","27,5 kgfm",4,,Conversor de torque,Automático,ZF 8HP,8,8,Traseira,1291 mm,1511 mm,1559 mm,330 kg,4239 mm,2495 mm,1790 mm,1420 kg,180 litros,,,55 litros,77 mm,Disco ventilado,Disco ventilado,"1,96 m²","0,666 m²","0,34","0,34",Eletro-hidráulica,"10,7 m","10,7 m","Indep., McPherson",Mola helicoidal,"Indep., multibraço",589 km,435 km,"10,7 km/l","7,9 km/l",,,,,,,,,,,,,,,,,,,,,,,,,,,,,,,,,,,,,,,,,,,,,,,,,,,,,,,,
bmw,Z4,z4,z4-sdrive-35i-3-0-turbo-2013,z4-sdrive-35i-3-0-turbo-2013,https://www.fichacompleta.com.br/carros/bmw/z4-sdrive-35i-3-0-turbo-2013,2026-06-18T17:12:34.966483,Bmw Z4 sDrive 35i 3.0 Turbo 2013,"5,1 s",250 km/h,,Injeção direta,Turbocompressor,2979 cm³,6 em linha,N54B30,"Duplo no cabeçote, corrente","89,6 mm",84 mm,Longitudinal,Dianteiro,"5,0 kg/cv","37,4 kg/kgfm","102,7 cv/litro",306 cv a 5800 rpm,"10,2:1",,,"13,7 kgfm/litro","40,8 kgfm a 1300 rpm",4,Admissão e escape,Embreagem dupla a seco,Automatizado,,,7,Traseira,1291 mm,1511 mm,1537 mm,330 kg,4239 mm,2495 mm,1790 mm,1525 kg,130 litros,,,55 litros,68 mm,Disco ventilado,Disco ventilado,"1,96 m²","0,686 m²",,"0,35",Eletro-hidráulica,,"10,7 m","Independente, McPherson",Mola helicoidal,"Independente, multibraço",495 km,330 km,9 km/l,6 km/l,,,,,,,7000 rpm,Hidráulicos,,,,,,,,,,,,,,,,,,,,,,,,,,,,,,,,,,,,,,,,,,,,,,,,
bmw,Z4,z4,z4-sdrive-20i-2-0-2014,z4-sdrive-20i-2-0-2014,https://www.fichacompleta.com.br/carros/bmw/z4-sdrive-20i-2-0-2014,2026-06-18T17:12:38.834916,Bmw Z4 sDrive 20i 2.0 2014,"7,6 s",232 km/h,,Injeção direta,Turbocompressor,1997 cm³,4 em linha,,Duplo no cabeçote,84 mm,"90,1 mm",Longitudinal,Dianteiro,"7,7 kg/cv","51,6 kg/kgfm","92,1 cv/litro",184 cv a 5000 rpm,10:1,,,"13,8 kgfm/litro","27,5 kgfm a 1250 rpm",4,,Conversor de torque,Automático,ZF 8HP,,8,Traseira,1291 mm,1511 mm,1559 mm,330 kg,4239 mm,2495 mm,1790 mm,1420 kg,180 litros,,,55 litros,77 mm,Disco ventilado,Disco ventilado,"1,96 m²","0,666 m²",,"0,34",Eletro-hidráulica,,"10,7 m","Independente, McPherson",Mola helicoidal,"Independente, multibraço",589 km,435 km,"10,7 km/l","7,9 km/l",,,,,,,,,,,,,,,,,,,,,,,,,,,,,,,,,,,,,,,,,,,,,,,,,,,,,,,,
bmw,Z4,z4,z4-sdrive-35i-3-0-turbo-2014,z4-sdrive-35i-3-0-turbo-2014,https://www.fichacompleta.com.br/carros/bmw/z4-sdrive-35i-3-0-turbo-2014,2026-06-18T17:12:42.124691,Bmw Z4 sDrive 35i 3.0 Turbo 2014,"5,1 s",250 km/h,Corrente,Injeção direta,Turbocompressor,2979 cm³,6 em linha,N54B30,Duplo no cabeçote,"89,6 mm",84 mm,Longitudinal,Dianteiro,"5,0 kg/cv","37,4 kg/kgfm","102,7 cv/litro",306 cv,"10,2:1",,,"13,7 kgfm/litro","40,8 kgfm",4,Admissão e escape,Embreagem dupla a seco,Automatizado,,7,,Traseira,1291 mm,1511 mm,1537 mm,330 kg,4239 mm,2495 mm,1790 mm,1525 kg,130 litros,,,55 litros,68 mm,Disco ventilado,Disco ventilado,"1,96 m²","0,686 m²","0,35",,Eletro-hidráulica,"10,7 m",,"Indep., McPherson",Mola helicoidal,"Indep., multibraço",495 km,330 km,9 km/l,6 km/l,,,5800 rpm,1300 rpm,,,7000 rpm,Hidráulicos,,,,,,,,,,,,,,,,,,,,,,,,,,,,,,,,,,,,,,,,,,,,,,,,
bmw,Z4,z4,z4-sdrive-20i-2-0-2015,z4-sdrive-20i-2-0-2015,https://www.fichacompleta.com.br/carros/bmw/z4-sdrive-20i-2-0-2015,2026-06-18T17:12:46.616675,Bmw Z4 sDrive 20i 2.0 2015,"7,6 s",232 km/h,,Injeção direta,Turbocompressor,1997 cm³,4 em linha,,Duplo no cabeçote,84 mm,"90,1 mm",Longitudinal,Dianteiro,"7,7 kg/cv","51,6 kg/kgfm","92,1 cv/litro",184 cv a 5000 rpm,10:1,,,"13,8 kgfm/litro","27,5 kgfm a 1250 rpm",4,,Conversor de torque,Automático,ZF 8HP,,8,Traseira,1291 mm,1511 mm,1559 mm,330 kg,4239 mm,2495 mm,1790 mm,1420 kg,180 litros,,,55 litros,77 mm,Disco ventilado,Disco ventilado,"1,96 m²","0,666 m²",,"0,34",Eletro-hidráulica,,"10,7 m","Independente, McPherson",Mola helicoidal,"Independente, multibraço",589 km,435 km,"10,7 km/l","7,9 km/l",,,,,,,,,,,,,,,,,,,,,,,,,,,,,,,,,,,,,,,,,,,,,,,,,,,,,,,,
bmw,Z4,z4,z4-sdrive-20i-2-0-2016,z4-sdrive-20i-2-0-2016,https://www.fichacompleta.com.br/carros/bmw/z4-sdrive-20i-2-0-2016,2026-06-18T17:12:50.373929,Bmw Z4 sDrive 20i 2.0 2016,"7,6 s",232 km/h,,Injeção direta,Turbocompressor,1997 cm³,4 em linha,,Duplo no cabeçote,84 mm,"90,1 mm",Longitudinal,Dianteiro,"7,7 kg/cv","51,6 kg/kgfm","92,1 cv/litro",184 cv a 5000 rpm,10:1,,,"13,8 kgfm/litro","27,5 kgfm a 1250 rpm",4,,Conversor de torque,Automático,ZF 8HP,,8,Traseira,1291 mm,1511 mm,1559 mm,330 kg,4239 mm,2495 mm,1790 mm,1420 kg,180 litros,,,55 litros,77 mm,Disco ventilado,Disco ventilado,"1,96 m²","0,666 m²",,"0,34",Eletro-hidráulica,,"10,7 m","Independente, McPherson",Mola helicoidal,"Independente, multibraço",589 km,435 km,"10,7 km/l","7,9 km/l",,,,,,,,,,,,,,,,,,,,,,,,,,,,,,,,,,,,,,,,,,,,,,,,,,,,,,,,
bmw,Z4,z4,z4-sdrive-30i-2-0-2019,z4-sdrive-30i-2-0-2019,https://www.fichacompleta.com.br/carros/bmw/z4-sdrive-30i-2-0-2019,2026-06-18T17:12:53.508589,Bmw Z4 sDrive 30i 2.0 2019,"5,4 s",250 km/h,,Injeção direta,Turbocompressor,1998 cm³,4 em linha,,Duplo no cabeçote,"94,6 mm",82 mm,Longitudinal,Dianteiro,"5,5 kg/cv","34,7 kg/kgfm","129,1 cv/litro",258 cv,"10,2:1",,,"20,4 kgfm/litro","40,8 kgfm",4,Admissão e escape,Conversor de torque,Automático,ZF 8HP,8,,Traseira,1304 mm,1609 mm,1616 mm,325 kg,4324 mm,2470 mm,1864 mm,1415 kg,281 litros,,,52 litros,77 mm,Disco ventilado,Disco ventilado,"2,07 m²","0,600 m²","0,29",,Eletro-hidráulica,11 m,,"Indep., McPherson",Mola helicoidal,"Indep., multibraço",556 km,411 km,"10,7 km/l","7,9 km/l",117 mm,,5000 rpm,1550 rpm,,,,,,,,,,,,,,,,,,,,,,,,,,,,,,,,,,,,,,,,,,,,,,,,,,,,
bmw,Z4,z4,z4-m40i-3-0-2020,z4-m40i-3-0-2020,https://www.fichacompleta.com.br/carros/bmw/z4-m40i-3-0-2020,2026-06-18T17:12:58.281101,Bmw Z4 M40i 3.0 2020,"4,5 s",250 km/h,,Injeção direta,Turbocompressor,2998 cm³,6 em linha,B58B30,Duplo no cabeçote,"94,6 mm",82 mm,Longitudinal,Dianteiro,"4,5 kg/cv","30,1 kg/kgfm","113,4 cv/litro",340 cv,11:1,,,"17,0 kgfm/litro",51 kgfm,4,Admissão e escape,Conversor de torque,Automático,ZF 8HP,8,,Traseira,1304 mm,1594 mm,1589 mm,325 kg,4324 mm,2470 mm,1864 mm,1535 kg,281 litros,,,52 litros,96 mm,Disco ventilado,Disco ventilado,"2,07 m²","0,642 m²","0,31",,Eletro-hidráulica,11 m,,"Indep., McPherson",Mola helicoidal,"Indep., multibraço",572 km,338 km,11 km/l,"6,5 km/l",114 mm,,5000 rpm,1600 rpm,,,6500 rpm,,,,,,,,,,,,,,,,,,,,,,,,,,,,,,,,,,,,,,,,,,,,,,,,,
bmw,Z4,z4,z4-m40i-3-0-2020-gasolina,z4-m40i-3-0-2020-gasolina,https://www.fichacompleta.com.br/carros/bmw/z4-m40i-3-0-2020-gasolina,2026-06-18T17:13:01.290919,Bmw Z4 M40i 3.0 2020,"4,5 s",250 km/h,,Injeção direta,Turbocompressor,,6 em linha,B58B30,Duplo no cabeçote,"94,6 mm",82 mm,Longitudinal,Dianteiro,"4,51 kg/cv","30,1 kg/kgfm","113,4 cv/litro",340 cv,11:1,,,"17,0 kgfm/litro",51 kgfm,4,Admissão e escape,Conversor de torque,Automático,ZF 8HP,8,,Traseira,1304 mm,1594 mm,1589 mm,325 kg,4324 mm,2470 mm,1864 mm,1535 kg,281 litros,,,52 litros,96 mm,Disco ventilado,Disco ventilado,"2,07 m²","0,642 m²","0,31",,Eletro-hidráulica,11 m,,"Indep., McPherson",Mola helicoidal,"Indep., multibraço",572 km,338 km,11 km/l,"6,5 km/l",114 mm,,5000 rpm,1600 rpm,500 cm³,2998 cm³,6500 rpm,,,,,,,,,,,,,,,,,,,,,,,,,,,,,,,,,,,,,,,,,,,,,,,,,
bmw,Z4,z4,z4-sdrive-30i-2-0-2020,z4-sdrive-30i-2-0-2020,https://www.fichacompleta.com.br/carros/bmw/z4-sdrive-30i-2-0-2020,2026-06-18T17:13:05.753260,Bmw Z4 sDrive 30i 2.0 2020,"5,4 s",250 km/h,,Injeção direta,Turbocompressor,1998 cm³,4 em linha,,Duplo no cabeçote,"94,6 mm",82 mm,Longitudinal,Dianteiro,"5,5 kg/cv","34,7 kg/kgfm","129,1 cv/litro",258 cv,"10,2:1",,,"20,4 kgfm/litro","40,8 kgfm",4,Admissão e escape,Conversor de torque,Automático,ZF 8HP,8,,Traseira,1304 mm,1609 mm,1616 mm,325 kg,4324 mm,2470 mm,1864 mm,1415 kg,281 litros,,,52 litros,77 mm,Disco ventilado,Disco ventilado,"2,07 m²","0,600 m²","0,29",,Eletro-hidráulica,11 m,,"Indep., McPherson",Mola helicoidal,"Indep., multibraço",598 km,510 km,"11,5 km/l","9,8 km/l",117 mm,,5000 rpm,1550 rpm,,,,,,,,,,,,,,,,,,,,,,,,,,,,,,,,,,,,,,,,,,,,,,,,,,,,
bmw,Z4,z4,z4-m40i-3-0-2021,z4-m40i-3-0-2021,https://www.fichacompleta.com.br/carros/bmw/z4-m40i-3-0-2021,2026-06-18T17:13:09.200916,Bmw Z4 M40i 3.0 2021,"4,5 s",250 km/h,,Injeção direta,Turbocompressor,2998 cm³,6 em linha,B58B30,Duplo no cabeçote,"94,6 mm",82 mm,Longitudinal,Dianteiro,"4,5 kg/cv","30,1 kg/kgfm","113,4 cv/litro",,11:1,5000 rpm,1600 rpm,"17,0 kgfm/litro",,4,Admissão e escape,Conversor de torque,Automático,ZF 8HP,8,,Traseira,1304 mm,1594 mm,1589 mm,325 kg,4324 mm,2470 mm,1864 mm,1535 kg,281 litros,,,52 litros,96 mm,Disco ventilado,Disco ventilado,"2,07 m²","0,642 m²","0,31",,Eletro-hidráulica,11 m,,"Indep., McPherson",Mola helicoidal,"Indep., multibraço",582 km,473 km,"11,2 km/l","9,1 km/l",114 mm,,,,,,6500 rpm,,,,,,,,,,,,340 cv,51 kgfm,,,,,,,,,,,,,,,,,,,,,,,,,,,,,,,,,,,,
bmw,Z4,z4,z4-sdrive-30i-2-0-2021,z4-sdrive-30i-2-0-2021,https://www.fichacompleta.com.br/carros/bmw/z4-sdrive-30i-2-0-2021,2026-06-18T17:13:13.427904,Bmw Z4 sDrive 30i 2.0 2021,"5,4 s",250 km/h,,Injeção direta,Turbocompressor,1998 cm³,4 em linha,,Duplo no cabeçote,"94,6 mm",82 mm,Longitudinal,Dianteiro,"5,5 kg/cv","34,7 kg/kgfm","129,1 cv/litro",258 cv,"10,2:1",,,"20,4 kgfm/litro","40,8 kgfm",4,Admissão e escape,Conversor de torque,Automático,ZF 8HP,8,,Traseira,1304 mm,1609 mm,1616 mm,325 kg,4324 mm,2470 mm,1864 mm,1415 kg,281 litros,,,52 litros,77 mm,Disco ventilado,Disco ventilado,"2,07 m²","0,600 m²","0,29",,Eletro-hidráulica,11 m,,"Indep., McPherson",Mola helicoidal,"Indep., multibraço",598 km,510 km,"11,5 km/l","9,8 km/l",117 mm,,5000 rpm,1550 rpm,,,,,,,,,,,,,,,,,,,,,,,,,,,,,,,,,,,,,,,,,,,,,,,,,,,,
bmw,Z4,z4,z4-m40i-3-0-2022,z4-m40i-3-0-2022,https://www.fichacompleta.com.br/carros/bmw/z4-m40i-3-0-2022,2026-06-18T17:13:18.264769,Bmw Z4 M40i 3.0 2022,"4,5 s",250 km/h,,Injeção direta,Turbocompressor,2998 cm³,6 em linha,B58B30,Duplo no cabeçote,"94,6 mm",82 mm,Longitudinal,Dianteiro,"4,5 kg/cv","30,1 kg/kgfm","113,4 cv/litro",340 cv,11:1,5000 rpm,1600 rpm,"17,0 kgfm/litro",51 kgfm,4,Admissão e escape,Conversor de torque,Automático,ZF 8HP,8,,Traseira,1304 mm,1594 mm,1589 mm,325 kg,4324 mm,2470 mm,1864 mm,1535 kg,281 litros,,,52 litros,96 mm,Disco ventilado,Disco ventilado,"2,07 m²","0,642 m²","0,31",,Eletro-hidráulica,11 m,,"Indep., McPherson",Mola helicoidal,"Indep., multibraço",582 km,473 km,"11,2 km/l","9,1 km/l",114 mm,,,,,,6500 rpm,,,,,,,,,,,,,,,,,,,,,,,,,,,,,,,,,,,,,,,,,,,,,,,,,
bmw,Z4,z4,z4-sdrive-30i-2-0-2022,z4-sdrive-30i-2-0-2022,https://www.fichacompleta.com.br/carros/bmw/z4-sdrive-30i-2-0-2022,2026-06-18T17:13:23.031146,Bmw Z4 sDrive 30i 2.0 2022,"5,4 s",250 km/h,,Injeção direta,Turbocompressor,1998 cm³,4 em linha,,Duplo no cabeçote,"94,6 mm",82 mm,Longitudinal,Dianteiro,"5,5 kg/cv","34,7 kg/kgfm","129,1 cv/litro",,"10,2:1",5000 rpm,1550 rpm,"20,4 kgfm/litro",,4,Admissão e escape,Conversor de torque,Automático,ZF 8HP,8,,Traseira,1304 mm,1609 mm,1616 mm,325 kg,4324 mm,2470 mm,1864 mm,1415 kg,281 litros,,,52 litros,77 mm,Disco ventilado,Disco ventilado,"2,07 m²","0,600 m²","0,29",,Eletro-hidráulica,11 m,,"Indep., McPherson",Mola helicoidal,"Indep., multibraço",598 km,510 km,"11,5 km/l","9,8 km/l",117 mm,,,,,,,,,,,,,,,,,,258 cv,"40,8 kgfm",,,,,,,,,,,,,,,,,,,,,,,,,,,,,,,,,,,,
