marca,modelo,modelo_slug,versao,versao_slug,url,coletado_em,titulo_pagina,geral__aceleracao_0100_kmh,geral__velocidade_maxima,geral__acoplamento,geral__cambio,geral__marchas,geral__tracao,geral__alimentacao,geral__aspiracao,geral__cilindrada,geral__cilindros,geral__codigo_do_motor,geral__comando_de_valvulas,geral__curso_do_pistao,geral__diametro_do_cilindro,geral__disposicao,geral__instalacao,geral__pesopotencia,geral__pesotorque,geral__potencia_especifica,geral__potencia_maxima,geral__razao_de_compressao,geral__regime_potencia_max,geral__regime_torque_max,geral__torque_especifico,geral__torque_maximo,geral__valvulas_por_cilindro,geral__altura,geral__altura_minima_do_solo,geral__bitola_dianteira,geral__bitola_traseira,geral__carga_util,geral__comprimento,geral__distancia_entreeixos,geral__largura,geral__peso,geral__portamalas,geral__tanque_de_combustivel,geral__altura_do_flanco,geral__dianteiros,geral__traseiros,geral__assistencia,geral__diametro_de_giro,geral__dianteira,geral__elemento_elastico,geral__traseira,geral__rodoviaria_d,geral__urbana_d,geral__rodoviario_d,geral__urbano_d,geral__quantidade_de_marchas,geral__diametro_minimo_de_giro,geral__potencia,geral__rotacao_potencia_max,geral__rotacao_torque_max,geral__torque,geral__curso_dos_pistoes,geral__diametro_dos_cilindros,geral__reboque_com_freio,geral__cilindrada_unitaria,geral__deslocamento,geral__reboque_sem_freio,geral__acionam_do_comando,geral__viscosidade_do_oleo,geral__variacao_do_comando,geral__area_frontal_a,geral__area_frontal_corrigida,geral__coef_de_arrasto_cx,geral__coeficiente_de_arrasto_cx,geral__rodoviaria_g,geral__urbana_g,geral__rodoviario_g,geral__urbano_g,geral__codigo_do_cambio,geral__estepe,geral__tuchos,geral__portamalas_5_lugares,geral__portamalas_7_lugares,geral__portamalas_com_5_lugares,geral__portamalas_com_7_lugares,geral__portamalas_8_lugares,geral__potencia_maxima_a,geral__potencia_maxima_g,geral__torque_maximo_a,geral__torque_maximo_g,geral__rodoviaria_a,geral__urbana_a,geral__rodoviario_a,geral__urbano_a,geral__rotacao_maxima,geral__potencia_a,geral__potencia_g,geral__torque_a,geral__torque_g,geral__autonomia,geral__capacidade_da_bateria,geral__potencia_combinada,geral__potencia_de_recarga,geral__torque_combinado,geral__pesopotencia_sistema,geral__pesotorque_sistema,geral__angulo_central,geral__angulo_de_entrada,geral__angulo_de_saida,geral__veloc_max_modo_elet,geral__rodoviaria,geral__urbana,geral__rodoviario,geral__urbano
kia,Besta,besta,besta-est-2-7-1994,besta-est-2-7-1994,https://www.fichacompleta.com.br/carros/kia/besta-est-2-7-1994,2026-06-18T12:00:55.855177,Kia Besta EST 2.7 1994,"30,4 s",130 km/h,Embreagem monodisco a seco,Manual,5,Traseira,Injeção indireta,Natural,2662 cm³,4 em linha,VN,Único no bloco,98 mm,93 mm,Longitudinal,Dianteiro,"19,5 kg/cv","89,1 kg/kgfm","30,1 cv/litro",80 cv,"21,5:1",4000 rpm,2000 rpm,"6,6 kgfm/litro","17,5 kgfm",2,1920 mm,195 mm,1460 mm,1420 mm,1200 kg,4685 mm,2400 mm,1690 mm,1560 kg,10 litros,55 litros,146 mm,Disco ventilado,Tambor,Não assistida,"9,8 m","Indep., braços sobrepostos",Feixe de molas semielípticas,Eixo rígido,468 km,407 km,"8,5 km/l","7,4 km/l",,,,,,,,,,,,,,,,,,,,,,,,,,,,,,,,,,,,,,,,,,,,,,,,,,,,,,,,,,,
kia,Besta,besta,besta-st-2-2-12-lugares-1994,besta-st-2-2-12-lugares-1994,https://www.fichacompleta.com.br/carros/kia/besta-st-2-2-12-lugares-1994,2026-06-18T12:00:59.616889,Kia Besta ST 2.2 12 lugares 1994,35 s,123 km/h,Embreagem monodisco a seco,Manual,,Traseira,Injeção indireta,Natural,2184 cm³,4 em linha,,Único no cabeçote,94 mm,86 mm,Longitudinal,Dianteiro,"21,7 kg/cv","104,8 kg/kgfm","32,1 cv/litro",70 cv a 4050 rpm,"22,9:1",,,"6,6 kgfm/litro","14,5 kgfm a 2500 rpm",2,1920 mm,195 mm,1460 mm,1420 mm,1200 kg,4685 mm,2400 mm,1690 mm,1520 kg,10 litros,55 litros,146 mm,Disco ventilado,Tambor,Não assistida,,"Independente, braços sobrepostos",Feixe de molas semielípticas,Eixo rígido,462 km,402 km,"8,4 km/l","7,3 km/l",5,"8,4 m",,,,,,,,,,,,,,,,,,,,,,,,,,,,,,,,,,,,,,,,,,,,,,,,,,,,,,,,,
kia,Besta,besta,besta-est-2-7-1995,besta-est-2-7-1995,https://www.fichacompleta.com.br/carros/kia/besta-est-2-7-1995,2026-06-18T12:01:03.509003,Kia Besta EST 2.7 1995,"30,4 s",130 km/h,Embreagem monodisco a seco,Manual,5,Traseira,Injeção indireta,Natural,2662 cm³,4 em linha,VN,Único no bloco,98 mm,93 mm,Longitudinal,Dianteiro,"19,5 kg/cv","89,1 kg/kgfm","30,1 cv/litro",,"21,5:1",,,"6,6 kgfm/litro",,2,1920 mm,195 mm,1460 mm,1420 mm,1200 kg,4685 mm,2400 mm,1690 mm,1560 kg,10 litros,55 litros,146 mm,Disco ventilado,Tambor,Não assistida,"9,8 m","Indep., braços sobrepostos",Feixe de molas semielípticas,Eixo rígido,468 km,407 km,"8,5 km/l","7,4 km/l",,,80 cv,4000 rpm,2000 rpm,"17,5 kgfm",,,,,,,,,,,,,,,,,,,,,,,,,,,,,,,,,,,,,,,,,,,,,,,,,,,,,
kia,Besta,besta,besta-st-2-2-12-lugares-1995,besta-st-2-2-12-lugares-1995,https://www.fichacompleta.com.br/carros/kia/besta-st-2-2-12-lugares-1995,2026-06-18T12:01:07.778412,Kia Besta ST 2.2 12 lugares 1995,35 s,123 km/h,Embreagem monodisco a seco,Manual,5,Traseira,Injeção indireta,Natural,2184 cm³,4 em linha,HW,Único no cabeçote,94 mm,86 mm,Longitudinal,Dianteiro,"23,4 kg/cv","104,8 kg/kgfm","29,8 cv/litro",,"22,9:1",,,"6,6 kgfm/litro",,2,1920 mm,195 mm,1460 mm,1420 mm,1200 kg,4685 mm,2400 mm,1690 mm,1520 kg,10 litros,55 litros,146 mm,Disco ventilado,Tambor,Não assistida,"8,4 m","Indep., braços sobrepostos",Feixe de molas semielípticas,Eixo rígido,462 km,402 km,"8,4 km/l","7,3 km/l",,,65 cv,4050 rpm,2500 rpm,"14,5 kgfm",,,,,,,,,,,,,,,,,,,,,,,,,,,,,,,,,,,,,,,,,,,,,,,,,,,,,
kia,Besta,besta,besta-est-2-7-1996,besta-est-2-7-1996,https://www.fichacompleta.com.br/carros/kia/besta-est-2-7-1996,2026-06-18T12:01:12.562319,Kia Besta EST 2.7 1996,"30,4 s",130 km/h,Embreagem monodisco a seco,Manual,5,Traseira,Injeção indireta,Natural,2662 cm³,4 em linha,VN,Único no bloco,98 mm,93 mm,Longitudinal,Dianteiro,"19,5 kg/cv","89,1 kg/kgfm","30,1 cv/litro",80 cv,"21,5:1",,,"6,6 kgfm/litro","17,5 kgfm",2,1920 mm,195 mm,1460 mm,1420 mm,1200 kg,4685 mm,2400 mm,1690 mm,1560 kg,10 litros,55 litros,146 mm,Disco ventilado,Tambor,Não assistida,"9,8 m","Indep., braços sobrepostos",Feixe de molas semielípticas,Eixo rígido,468 km,407 km,"8,5 km/l","7,4 km/l",5,"9,8 m",,4000 rpm,2000 rpm,,,,,,,,,,,,,,,,,,,,,,,,,,,,,,,,,,,,,,,,,,,,,,,,,,,,,,
kia,Besta,besta,besta-st-2-2-12-lugares-1996,besta-st-2-2-12-lugares-1996,https://www.fichacompleta.com.br/carros/kia/besta-st-2-2-12-lugares-1996,2026-06-18T12:01:15.922093,Kia Besta ST 2.2 12 lugares 1996,35 s,123 km/h,Embreagem monodisco a seco,Manual,5,Traseira,Injeção indireta,Natural,2184 cm³,4 em linha,HW,Único no cabeçote,94 mm,86 mm,Longitudinal,Dianteiro,"23,4 kg/cv","104,8 kg/kgfm","29,8 cv/litro",,"22,9:1",,,"6,6 kgfm/litro",,2,1920 mm,195 mm,1460 mm,1420 mm,1200 kg,4685 mm,2400 mm,1690 mm,1520 kg,10 litros,55 litros,146 mm,Disco ventilado,Tambor,Não assistida,"8,4 m","Indep., braços sobrepostos",Feixe de molas semielípticas,Eixo rígido,462 km,402 km,"8,4 km/l","7,3 km/l",,,65 cv,4050 rpm,2500 rpm,"14,5 kgfm",,,,,,,,,,,,,,,,,,,,,,,,,,,,,,,,,,,,,,,,,,,,,,,,,,,,,
kia,Besta,besta,besta-gs-2-7-1998,besta-gs-2-7-1998,https://www.fichacompleta.com.br/carros/kia/besta-gs-2-7-1998,2026-06-18T12:01:20.753344,Kia Besta GS 2.7 1998,25 s,130 km/h,Embreagem monodisco a seco,Manual,5,Traseira,Injeção indireta,Natural,2665 cm³,4 em linha,J2,Único no bloco,95 mm,"94,4 mm",Longitudinal,Dianteiro,"22,6 kg/cv","107,1 kg/kgfm","31,1 cv/litro",83 cv,"21,5:1",,,"6,6 kgfm/litro","17,5 kgfm",2,1970 mm,,,,,4820 mm,2580 mm,1810 mm,1875 kg,10 litros,65 litros,151 mm,Disco ventilado,Tambor,Hidráulica,Não informado,"Indep., braços sobrepostos",Mola helicoidal,Eixo rígido,1034 km,494 km,"15,9 km/l","7,6 km/l",,,,4150 rpm,2400 rpm,,,,,,,,,,,,,,,,,,,,,,,,,,,,,,,,,,,,,,,,,,,,,,,,,,,,,,
kia,Besta,besta,besta-gs-2-7-1999,besta-gs-2-7-1999,https://www.fichacompleta.com.br/carros/kia/besta-gs-2-7-1999,2026-06-18T12:01:23.314272,Kia Besta GS 2.7 1999,25 s,130 km/h,,Manual,,Traseira,Injeção indireta,Natural,2665 cm³,4 em linha,J2,Único no cabeçote,,,Longitudinal,Dianteiro,"22,6 kg/cv","107,1 kg/kgfm","31,1 cv/litro",83 cv a 4150 rpm,"21,5:1",,,"6,6 kgfm/litro","17,5 kgfm a 2400 rpm",2,1970 mm,,,,,4820 mm,2580 mm,1810 mm,1875 kg,10 litros,65 litros,151 mm,Disco ventilado,Tambor,Hidráulica,,"Independente, braços sobrepostos",Feixe de molas semielípticas,Eixo rígido,1034 km,494 km,"15,9 km/l","7,6 km/l",5,Não informado,,,,,95 mm,"94,4 mm",,,,,,,,,,,,,,,,,,,,,,,,,,,,,,,,,,,,,,,,,,,,,,,,,,,
kia,Besta,besta,besta-gs-2-7-2000,besta-gs-2-7-2000,https://www.fichacompleta.com.br/carros/kia/besta-gs-2-7-2000,2026-06-18T12:01:25.667089,Kia Besta GS 2.7 2000,25 s,130 km/h,Embreagem monodisco a seco,Manual,,Traseira,Injeção indireta,Natural,2665 cm³,4 em linha,J2,Único no cabeçote,,,Longitudinal,Dianteiro,"22,6 kg/cv","107,1 kg/kgfm","31,1 cv/litro",83 cv a 4150 rpm,"21,5:1",,,"6,6 kgfm/litro","17,5 kgfm a 2400 rpm",2,1970 mm,,,,,4820 mm,2580 mm,1810 mm,1875 kg,10 litros,65 litros,151 mm,Disco ventilado,Tambor,Hidráulica,,"Independente, braços sobrepostos",Feixe de molas semielípticas,Eixo rígido,1034 km,494 km,"15,9 km/l","7,6 km/l",5,Não informado,,,,,95 mm,"94,4 mm",,,,,,,,,,,,,,,,,,,,,,,,,,,,,,,,,,,,,,,,,,,,,,,,,,,
kia,Besta,besta,besta-furgao-2-7-2001,besta-furgao-2-7-2001,https://www.fichacompleta.com.br/carros/kia/besta-furgao-2-7-2001,2026-06-18T12:01:29.921550,Kia Besta Furgão 2.7 2001,25 s,130 km/h,Embreagem monodisco a seco,Manual,5,Traseira,Injeção indireta,Natural,2665 cm³,4 em linha,J2,Único no bloco,95 mm,"94,4 mm",Longitudinal,Dianteiro,"20,1 kg/cv","95,4 kg/kgfm","31,1 cv/litro",83 cv,"21,5:1",4150 rpm,2400 rpm,"6,6 kgfm/litro","17,5 kgfm",2,1970 mm,190 mm,1540 mm,1520 mm,1225 kg,4820 mm,2580 mm,1810 mm,1670 kg,6000 litros,65 litros,154 mm,Disco ventilado,Tambor,Hidráulica,"10,6 m","Indep., braços sobrepostos",Feixe de molas semielípticas,Eixo rígido,1034 km,494 km,"15,9 km/l","7,6 km/l",,,,,,,,,1600 kg,,,,,,,,,,,,,,,,,,,,,,,,,,,,,,,,,,,,,,,,,,,,,,,,,,
kia,Besta,besta,besta-gs-2-7-2001,besta-gs-2-7-2001,https://www.fichacompleta.com.br/carros/kia/besta-gs-2-7-2001,2026-06-18T12:01:33.258702,Kia Besta GS 2.7 2001,25 s,130 km/h,Embreagem monodisco a seco,Manual,,Traseira,Injeção indireta,Natural,2665 cm³,4 em linha,J2,Único no cabeçote,95 mm,"94,4 mm",Longitudinal,Dianteiro,"22,6 kg/cv","107,1 kg/kgfm","31,1 cv/litro",83 cv a 4150 rpm,"21,5:1",,,"6,6 kgfm/litro","17,5 kgfm a 2400 rpm",2,1970 mm,,,,,4820 mm,2580 mm,1810 mm,1875 kg,10 litros,65 litros,151 mm,Disco ventilado,Tambor,Hidráulica,,"Independente, braços sobrepostos",Feixe de molas semielípticas,Eixo rígido,1034 km,494 km,"15,9 km/l","7,6 km/l",5,Não informado,,,,,,,,,,,,,,,,,,,,,,,,,,,,,,,,,,,,,,,,,,,,,,,,,,,,,,,,,
kia,Besta,besta,besta-gs-grand-3-0-2001,besta-gs-grand-3-0-2001,https://www.fichacompleta.com.br/carros/kia/besta-gs-grand-3-0-2001,2026-06-18T12:01:37.405627,Kia Besta GS Grand 3.0 2001,25 s,130 km/h,Embreagem monodisco a seco,Manual,5,Traseira,Injeção indireta,Natural,2957 cm³,4 em linha,JT,Único no cabeçote,98 mm,98 mm,Longitudinal,Dianteiro,"23,1 kg/cv","105,9 kg/kgfm","28,7 cv/litro",,22:1,,,"6,3 kgfm/litro",,2,2060 mm,185 mm,1540 mm,1520 mm,1325 kg,5470 mm,2980 mm,1810 mm,1960 kg,10 litros,65 litros,154 mm,Disco ventilado,Tambor,Hidráulica,"11,4 m","Indep., braços sobrepostos",Feixe de molas semielípticas,Eixo rígido,1034 km,494 km,"15,9 km/l","7,6 km/l",,,85 cv,4000 rpm,2200 rpm,"18,5 kgfm",,,1400 kg,,,,,,,,,,,,,,,,,,,,,,,,,,,,,,,,,,,,,,,,,,,,,,,,,,
kia,Besta,besta,besta-furgao-2-7-2005,besta-furgao-2-7-2005,https://www.fichacompleta.com.br/carros/kia/besta-furgao-2-7-2005,2026-06-18T12:02:05.751087,Kia Besta Furgão 2.7 2005,25 s,130 km/h,Embreagem monodisco a seco,Manual,5,Traseira,Injeção indireta,Natural,2665 cm³,4 em linha,J2,Único no bloco,95 mm,"94,4 mm",Longitudinal,Dianteiro,"20,1 kg/cv","95,4 kg/kgfm","31,1 cv/litro",83 cv,"21,5:1",4150 rpm,2400 rpm,"6,6 kgfm/litro","17,5 kgfm",2,1980 mm,190 mm,1540 mm,1520 mm,1225 kg,4900 mm,2580 mm,1810 mm,1670 kg,6000 litros,70 litros,144 mm,Disco ventilado,Tambor,Hidráulica,"10,6 m","Indep., braços sobrepostos",Feixe de molas semielípticas,Eixo rígido,1113 km,532 km,"15,9 km/l","7,6 km/l",,,,,,,,,1600 kg,,,,,,,,,,,,,,,,,,,,,,,,,,,,,,,,,,,,,,,,,,,,,,,,,,
kia,Besta,besta,besta-gs-grand-3-0-2005,besta-gs-grand-3-0-2005,https://www.fichacompleta.com.br/carros/kia/besta-gs-grand-3-0-2005,2026-06-18T12:02:10.413403,Kia Besta GS Grand 3.0 2005,25 s,130 km/h,Embreagem monodisco a seco,Manual,5,Traseira,Injeção indireta,Natural,2957 cm³,4 em linha,JT,Único no cabeçote,98 mm,98 mm,Longitudinal,Dianteiro,"24,4 kg/cv","111,9 kg/kgfm","28,7 cv/litro",85 cv,22:1,4000 rpm,2200 rpm,"6,3 kgfm/litro","18,5 kgfm",2,2085 mm,185 mm,1540 mm,1540 mm,1310 kg,5550 mm,2980 mm,1810 mm,2070 kg,10 litros,70 litros,151 mm,Disco ventilado,Tambor,Hidráulica,"11,4 m","Indep., braços sobrepostos",Feixe de molas semielípticas,Eixo rígido,1113 km,532 km,"15,9 km/l","7,6 km/l",,,,,,,,,1600 kg,,,,,,,,,,,,,,,,,,,,,,,,,,,,,,,,,,,,,,,,,,,,,,,,,,
kia,Bongo,bongo,bongo-k2400-2-4-1993,bongo-k2400-2-4-1993,https://www.fichacompleta.com.br/carros/kia/bongo-k2400-2-4-1993,2026-06-18T12:02:29.947963,Kia Bongo K2400 2.4 1993,30 s,120 km/h,Embreagem monodisco a seco,Manual,5,Traseira,Injeção indireta,Natural,,4 em linha,SF,Único no bloco,89 mm,92 mm,Longitudinal,Dianteiro,"18,89 kg/cv","79,1 kg/kgfm","30,4 cv/litro",72 cv,"21,7:1",4200 rpm,2400 rpm,"7,3 kgfm/litro","17,2 kgfm",2,1880 mm,160 mm,1450 mm,1305 mm,1530 kg,4600 mm,2400 mm,1690 mm,1360 kg,1812 litros,60 litros,124 mm,Disco ventilado,Tambor,Hidráulica,"9,8 m","Indep., braços sobrepostos",Feixe de molas semielípticas,Eixo rígido,720 km,480 km,12 km/l,8 km/l,,,,,,,,,,592 cm³,2367 cm³,,,,,,,,,,,,,,,,,,,,,,,,,,,,,,,,,,,,,,,,,,,,,,,,
kia,Bongo,bongo,bongo-k2400-2-4-1994,bongo-k2400-2-4-1994,https://www.fichacompleta.com.br/carros/kia/bongo-k2400-2-4-1994,2026-06-18T12:02:32.561316,Kia Bongo K2400 2.4 1994,30 s,120 km/h,Embreagem monodisco a seco,Manual,5,Traseira,Injeção indireta,Natural,,4 em linha,SF,Único no bloco,89 mm,92 mm,Longitudinal,Dianteiro,"18,89 kg/cv","79,1 kg/kgfm","30,4 cv/litro",72 cv,"21,7:1",4200 rpm,2400 rpm,"7,3 kgfm/litro","17,2 kgfm",2,1880 mm,160 mm,1450 mm,1305 mm,1530 kg,4600 mm,2400 mm,1690 mm,1360 kg,1812 litros,60 litros,124 mm,Disco ventilado,Tambor,Hidráulica,"9,8 m","Indep., braços sobrepostos",Feixe de molas semielípticas,Eixo rígido,720 km,480 km,12 km/l,8 km/l,,,,,,,,,,592 cm³,2367 cm³,,,,,,,,,,,,,,,,,,,,,,,,,,,,,,,,,,,,,,,,,,,,,,,,
kia,Bongo,bongo,bongo-k2400-2-4-1995,bongo-k2400-2-4-1995,https://www.fichacompleta.com.br/carros/kia/bongo-k2400-2-4-1995,2026-06-18T12:02:36.643073,Kia Bongo K2400 2.4 1995,30 s,120 km/h,Embreagem monodisco a seco,Manual,5,Traseira,Injeção indireta,Natural,,4 em linha,SF,Único no bloco,89 mm,92 mm,Longitudinal,Dianteiro,"18,89 kg/cv","79,1 kg/kgfm","30,4 cv/litro",72 cv,"21,7:1",4200 rpm,2400 rpm,"7,3 kgfm/litro","17,2 kgfm",2,1880 mm,160 mm,1450 mm,1305 mm,1530 kg,4600 mm,2400 mm,1690 mm,1360 kg,1812 litros,60 litros,124 mm,Disco ventilado,Tambor,Hidráulica,"9,8 m","Indep., braços sobrepostos",Feixe de molas semielípticas,Eixo rígido,720 km,480 km,12 km/l,8 km/l,,,,,,,,,,592 cm³,2367 cm³,,,,,,,,,,,,,,,,,,,,,,,,,,,,,,,,,,,,,,,,,,,,,,,,
kia,Bongo,bongo,bongo-k2400-2-4-1996,bongo-k2400-2-4-1996,https://www.fichacompleta.com.br/carros/kia/bongo-k2400-2-4-1996,2026-06-18T12:02:41.459688,Kia Bongo K2400 2.4 1996,30 s,120 km/h,Embreagem monodisco a seco,Manual,5,Traseira,Injeção indireta,Natural,,4 em linha,SF,Único no bloco,89 mm,92 mm,Longitudinal,Dianteiro,"18,89 kg/cv","79,1 kg/kgfm","30,4 cv/litro",72 cv,"21,7:1",4200 rpm,2400 rpm,"7,3 kgfm/litro","17,2 kgfm",2,1880 mm,160 mm,1450 mm,1305 mm,1530 kg,4600 mm,2400 mm,1690 mm,1360 kg,1812 litros,60 litros,124 mm,Disco ventilado,Tambor,Hidráulica,"9,8 m","Indep., braços sobrepostos",Feixe de molas semielípticas,Eixo rígido,720 km,480 km,12 km/l,8 km/l,,,,,,,,,,592 cm³,2367 cm³,,,,,,,,,,,,,,,,,,,,,,,,,,,,,,,,,,,,,,,,,,,,,,,,
kia,Bongo,bongo,bongo-k2400-2-4-1997,bongo-k2400-2-4-1997,https://www.fichacompleta.com.br/carros/kia/bongo-k2400-2-4-1997,2026-06-18T12:02:44.330057,Kia Bongo K2400 2.4 1997,30 s,120 km/h,Embreagem monodisco a seco,Manual,5,Traseira,Injeção indireta,Natural,,4 em linha,SF,Único no bloco,89 mm,92 mm,Longitudinal,Dianteiro,"18,89 kg/cv","79,1 kg/kgfm","30,4 cv/litro",72 cv,"21,7:1",4200 rpm,2400 rpm,"7,3 kgfm/litro","17,2 kgfm",2,1880 mm,160 mm,1450 mm,1305 mm,1530 kg,4600 mm,2400 mm,1690 mm,1360 kg,1812 litros,60 litros,124 mm,Disco ventilado,Tambor,Hidráulica,"9,8 m","Indep., braços sobrepostos",Feixe de molas semielípticas,Eixo rígido,720 km,480 km,12 km/l,8 km/l,,,,,,,,,,592 cm³,2367 cm³,,,,,,,,,,,,,,,,,,,,,,,,,,,,,,,,,,,,,,,,,,,,,,,,
kia,Bongo,bongo,bongo-k2700-2-7-1999,bongo-k2700-2-7-1999,https://www.fichacompleta.com.br/carros/kia/bongo-k2700-2-7-1999,2026-06-18T12:02:48.464424,Kia Bongo K2700 2.7 1999,25 s,130 km/h,Embreagem monodisco a seco,Manual,5,Traseira,Injeção indireta,Natural,2665 cm³,4 em linha,J2,Único no bloco,95 mm,"94,4 mm",Longitudinal,Dianteiro,"18,9 kg/cv","89,6 kg/kgfm","31,1 cv/litro",,"21,5:1",,,"6,6 kgfm/litro",,2,1990 mm,,,,1530 kg,4770 mm,2385 mm,1750 mm,1568 kg,1812 litros,60 litros,124 mm,Disco ventilado,Tambor,Hidráulica,"9,8 m","Indep., braços sobrepostos",Feixe de molas semielípticas,Eixo rígido,720 km,480 km,12 km/l,8 km/l,,,83 cv,4150 rpm,2400 rpm,"17,5 kgfm",,,,,,,,,,,,,,,,,,,,,,,,,,,,,,,,,,,,,,,,,,,,,,,,,,,,,
kia,Bongo,bongo,bongo-k2700-2-7-2001,bongo-k2700-2-7-2001,https://www.fichacompleta.com.br/carros/kia/bongo-k2700-2-7-2001,2026-06-18T12:02:51.856696,Kia Bongo K2700 2.7 2001,25 s,130 km/h,Embreagem monodisco a seco,Manual,5,Traseira,Injeção indireta,Natural,2665 cm³,4 em linha,J2,Único no bloco,95 mm,"94,4 mm",Longitudinal,Dianteiro,"18,9 kg/cv","89,6 kg/kgfm","31,1 cv/litro",,"21,5:1",,,"6,6 kgfm/litro",,2,1990 mm,,,,1530 kg,4770 mm,2385 mm,1750 mm,1568 kg,1812 litros,60 litros,124 mm,Disco ventilado,Tambor,Hidráulica,"9,8 m","Indep., braços sobrepostos",Feixe de molas semielípticas,Eixo rígido,720 km,480 km,12 km/l,8 km/l,,,83 cv,4150 rpm,2400 rpm,"17,5 kgfm",,,,,,,,,,,,,,,,,,,,,,,,,,,,,,,,,,,,,,,,,,,,,,,,,,,,,
kia,Bongo,bongo,bongo-k2700-2-7-2001-diesel,bongo-k2700-2-7-2001-diesel,https://www.fichacompleta.com.br/carros/kia/bongo-k2700-2-7-2001-diesel,2026-06-18T12:02:56.971509,Kia Bongo K2700 2.7 2001,25 s,130 km/h,Embreagem monodisco a seco,Manual,5,Traseira,Injeção indireta,Natural,,4 em linha,J2,Único no bloco,95 mm,"94,4 mm",Longitudinal,Dianteiro,"18,89 kg/cv","89,6 kg/kgfm","31,1 cv/litro",83 cv,"21,5:1",4150 rpm,2400 rpm,"6,6 kgfm/litro","17,5 kgfm",2,1970 mm,186 mm,1490 mm,1460 mm,1530 kg,4840 mm,2385 mm,1750 mm,1568 kg,1812 litros,60 litros,156 mm,Disco ventilado,Tambor,Hidráulica,"9,8 m","Indep., braços sobrepostos",Feixe de molas semielípticas,Eixo rígido,720 km,480 km,12 km/l,8 km/l,,,,,,,,,,665 cm³,2665 cm³,,,,,,,,,,,,,,,,,,,,,,,,,,,,,,,,,,,,,,,,,,,,,,,,
kia,Bongo,bongo,bongo-k2700-2-7-2002,bongo-k2700-2-7-2002,https://www.fichacompleta.com.br/carros/kia/bongo-k2700-2-7-2002,2026-06-18T12:03:01.216901,Kia Bongo K2700 2.7 2002,25 s,130 km/h,Embreagem monodisco a seco,Manual,5,Traseira,Injeção indireta,Natural,,4 em linha,J2,Único no bloco,95 mm,"94,4 mm",Longitudinal,Dianteiro,"18,89 kg/cv","89,6 kg/kgfm","31,1 cv/litro",83 cv,"21,5:1",4150 rpm,2400 rpm,"6,6 kgfm/litro","17,5 kgfm",2,1970 mm,186 mm,1490 mm,1460 mm,1530 kg,4840 mm,2385 mm,1750 mm,1568 kg,1812 litros,60 litros,156 mm,Disco ventilado,Tambor,Hidráulica,"9,8 m","Indep., braços sobrepostos",Feixe de molas semielípticas,Eixo rígido,720 km,480 km,12 km/l,8 km/l,,,,,,,,,,665 cm³,2665 cm³,,,,,,,,,,,,,,,,,,,,,,,,,,,,,,,,,,,,,,,,,,,,,,,,
kia,Bongo,bongo,bongo-k2700-2-7-2003,bongo-k2700-2-7-2003,https://www.fichacompleta.com.br/carros/kia/bongo-k2700-2-7-2003,2026-06-18T12:03:05.844080,Kia Bongo K2700 2.7 2003,25 s,130 km/h,Embreagem monodisco a seco,Manual,5,Traseira,Injeção indireta,Natural,,4 em linha,J2,Único no bloco,95 mm,"94,4 mm",Longitudinal,Dianteiro,"18,89 kg/cv","89,6 kg/kgfm","31,1 cv/litro",83 cv,"21,5:1",4150 rpm,2400 rpm,"6,6 kgfm/litro","17,5 kgfm",2,1970 mm,186 mm,1490 mm,1460 mm,1530 kg,4840 mm,2385 mm,1750 mm,1568 kg,1812 litros,60 litros,156 mm,Disco ventilado,Tambor,Hidráulica,"9,8 m","Indep., braços sobrepostos",Feixe de molas semielípticas,Eixo rígido,720 km,480 km,12 km/l,8 km/l,,,,,,,,,,665 cm³,2665 cm³,,,,,,,,,,,,,,,,,,,,,,,,,,,,,,,,,,,,,,,,,,,,,,,,
kia,Bongo,bongo,bongo-k2700-2-7-2004,bongo-k2700-2-7-2004,https://www.fichacompleta.com.br/carros/kia/bongo-k2700-2-7-2004,2026-06-18T12:03:09.706123,Kia Bongo K2700 2.7 2004,25 s,130 km/h,Embreagem monodisco a seco,Manual,5,Traseira,Injeção indireta,Natural,,4 em linha,J2,Único no bloco,95 mm,"94,4 mm",Longitudinal,Dianteiro,"18,89 kg/cv","89,6 kg/kgfm","31,1 cv/litro",83 cv,"21,5:1",4150 rpm,2400 rpm,"6,6 kgfm/litro","17,5 kgfm",2,1970 mm,186 mm,1490 mm,1460 mm,1530 kg,4840 mm,2385 mm,1750 mm,1568 kg,1812 litros,60 litros,156 mm,Disco ventilado,Tambor,Hidráulica,"9,8 m","Indep., braços sobrepostos",Feixe de molas semielípticas,Eixo rígido,720 km,480 km,12 km/l,8 km/l,,,,,,,,,,665 cm³,2665 cm³,,,,,,,,,,,,,,,,,,,,,,,,,,,,,,,,,,,,,,,,,,,,,,,,
kia,Bongo,bongo,bongo-k2700-2-7-cd-2005,bongo-k2700-2-7-cd-2005,https://www.fichacompleta.com.br/carros/kia/bongo-k2700-2-7-cd-2005,2026-06-18T12:03:14.056487,Kia Bongo K2700 2.7 CD 2005,23 s,135 km/h,Embreagem monodisco a seco,Manual,5,Integral temporária,Injeção indireta,Natural,,4 em linha,,Único no bloco,,,Longitudinal,Dianteiro,"20,84 kg/cv","98,9 kg/kgfm","31,1 cv/litro",83 cv,"21,5:1",4150 rpm,2400 rpm,"6,6 kgfm/litro","17,5 kgfm",2,2090 mm,203 mm,1505 mm,1460 mm,1530 kg,4805 mm,2415 mm,1740 mm,1730 kg,1250 litros,60 litros,156 mm,Disco ventilado,Tambor,Hidráulica,10 m,"Indep., braços sobrepostos",Feixe de molas semielípticas,Eixo rígido,600 km,420 km,10 km/l,7 km/l,,,,,,,,,1120 kg,,2665 cm³,420 kg,,,,,,,,,,,,,,,,,,,,,,,,,,,,,,,,,,,,,,,,,,,,,,,
kia,Bongo,bongo,bongo-k2700-2-7-cs-2005,bongo-k2700-2-7-cs-2005,https://www.fichacompleta.com.br/carros/kia/bongo-k2700-2-7-cs-2005,2026-06-18T12:03:18.122759,Kia Bongo K2700 2.7 CS 2005,23 s,135 km/h,Embreagem monodisco a seco,Manual,5,Traseira,Injeção indireta,Natural,,4 em linha,,Único no bloco,,,Longitudinal,Dianteiro,"20,72 kg/cv","98,3 kg/kgfm","31,1 cv/litro",83 cv,"21,5:1",4150 rpm,2400 rpm,"6,6 kgfm/litro","17,5 kgfm",2,1970 mm,,1490 mm,1460 mm,1530 kg,4820 mm,2415 mm,1740 mm,1720 kg,1626 litros,60 litros,156 mm,Disco ventilado,Tambor,Hidráulica,10 m,"Indep., braços sobrepostos",Feixe de molas semielípticas,Eixo rígido,600 km,420 km,10 km/l,7 km/l,,,,,,,,,,,2665 cm³,,,,,,,,,,,,,,,,,,,,,,,,,,,,,,,,,,,,,,,,,,,,,,,,
kia,Bongo,bongo,bongo-k2700-2-7-cd-2006,bongo-k2700-2-7-cd-2006,https://www.fichacompleta.com.br/carros/kia/bongo-k2700-2-7-cd-2006,2026-06-18T12:03:22.377008,Kia Bongo K2700 2.7 CD 2006,23 s,135 km/h,Embreagem monodisco a seco,Manual,5,Integral temporária,Injeção indireta,Natural,,4 em linha,,Único no bloco,,,Longitudinal,Dianteiro,"20,84 kg/cv","98,9 kg/kgfm","31,1 cv/litro",83 cv,"21,5:1",4150 rpm,2400 rpm,"6,6 kgfm/litro","17,5 kgfm",2,2090 mm,203 mm,1505 mm,1460 mm,1530 kg,4805 mm,2415 mm,1740 mm,1730 kg,1250 litros,60 litros,156 mm,Disco ventilado,Tambor,Hidráulica,10 m,"Indep., braços sobrepostos",Feixe de molas semielípticas,Eixo rígido,600 km,420 km,10 km/l,7 km/l,,,,,,,,,1120 kg,,2665 cm³,420 kg,,,,,,,,,,,,,,,,,,,,,,,,,,,,,,,,,,,,,,,,,,,,,,,
kia,Bongo,bongo,bongo-k2700-2-7-cs-2006,bongo-k2700-2-7-cs-2006,https://www.fichacompleta.com.br/carros/kia/bongo-k2700-2-7-cs-2006,2026-06-18T12:03:25.664429,Kia Bongo K2700 2.7 CS 2006,23 s,135 km/h,Embreagem monodisco a seco,Manual,5,Traseira,Injeção indireta,Natural,,4 em linha,,Único no bloco,,,Longitudinal,Dianteiro,"20,72 kg/cv","98,3 kg/kgfm","31,1 cv/litro",83 cv,"21,5:1",4150 rpm,2400 rpm,"6,6 kgfm/litro","17,5 kgfm",2,1970 mm,,1490 mm,1460 mm,1530 kg,4820 mm,2415 mm,1740 mm,1720 kg,1626 litros,60 litros,156 mm,Disco ventilado,Tambor,Hidráulica,10 m,"Indep., braços sobrepostos",Feixe de molas semielípticas,Eixo rígido,600 km,420 km,10 km/l,7 km/l,,,,,,,,,,,2665 cm³,,,,,,,,,,,,,,,,,,,,,,,,,,,,,,,,,,,,,,,,,,,,,,,,
kia,Bongo,bongo,bongo-k2700-2-7-cd-2007,bongo-k2700-2-7-cd-2007,https://www.fichacompleta.com.br/carros/kia/bongo-k2700-2-7-cd-2007,2026-06-18T12:03:29.040772,Kia Bongo K2700 2.7 CD 2007,23 s,135 km/h,Embreagem monodisco a seco,Manual,5,Integral temporária,Injeção indireta,Natural,,4 em linha,,Único no bloco,,,Longitudinal,Dianteiro,"20,84 kg/cv","98,9 kg/kgfm","31,1 cv/litro",83 cv,"21,5:1",4150 rpm,2400 rpm,"6,6 kgfm/litro","17,5 kgfm",2,2090 mm,203 mm,1505 mm,1460 mm,1530 kg,4805 mm,2415 mm,1740 mm,1730 kg,1250 litros,60 litros,156 mm,Disco ventilado,Tambor,Hidráulica,10 m,"Indep., braços sobrepostos",Feixe de molas semielípticas,Eixo rígido,600 km,420 km,10 km/l,7 km/l,,,,,,,,,1120 kg,,2665 cm³,420 kg,,,,,,,,,,,,,,,,,,,,,,,,,,,,,,,,,,,,,,,,,,,,,,,
kia,Bongo,bongo,bongo-k2700-2-7-cs-2007,bongo-k2700-2-7-cs-2007,https://www.fichacompleta.com.br/carros/kia/bongo-k2700-2-7-cs-2007,2026-06-18T12:03:31.644524,Kia Bongo K2700 2.7 CS 2007,23 s,135 km/h,Embreagem monodisco a seco,Manual,5,Traseira,Injeção indireta,Natural,,4 em linha,,Único no bloco,,,Longitudinal,Dianteiro,"20,72 kg/cv","98,3 kg/kgfm","31,1 cv/litro",83 cv,"21,5:1",4150 rpm,2400 rpm,"6,6 kgfm/litro","17,5 kgfm",2,1970 mm,,1490 mm,1460 mm,1530 kg,4820 mm,2415 mm,1740 mm,1720 kg,1626 litros,60 litros,156 mm,Disco ventilado,Tambor,Hidráulica,10 m,"Indep., braços sobrepostos",Feixe de molas semielípticas,Eixo rígido,600 km,420 km,10 km/l,7 km/l,,,,,,,,,,,2665 cm³,,,,,,,,,,,,,,,,,,,,,,,,,,,,,,,,,,,,,,,,,,,,,,,,
kia,Bongo,bongo,bongo-k2500-2-5-turbo-2008,bongo-k2500-2-5-turbo-2008,https://www.fichacompleta.com.br/carros/kia/bongo-k2500-2-5-turbo-2008,2026-06-18T12:03:34.070563,Kia Bongo K2500 2.5 Turbo 2008,20 s,140 km/h,Embreagem monodisco a seco,Manual,5,Traseira,Injeção indireta,Turbocompressor,2476 cm³,4 em linha,,Único no cabeçote,,,Longitudinal,Dianteiro,"19,0 kg/cv","79,9 kg/kgfm","38,0 cv/litro",,"20,5:1",,,"9,0 kgfm/litro",,2,1972 mm,,1490 mm,1460 mm,1530 kg,4820 mm,2415 mm,1740 mm,1790 kg,1812 litros,60 litros,156 mm,Disco ventilado,Tambor,Hidráulica,10 m,"Indep., braços sobrepostos",Feixe de molas semielípticas,Eixo rígido,660 km,480 km,11 km/l,8 km/l,,,94 cv,3800 rpm,2000 rpm,"22,4 kgfm",,,,,,,,,,,,,,,,,,,,,,,,,,,,,,,,,,,,,,,,,,,,,,,,,,,,,
kia,Bongo,bongo,bongo-k2700-2-7-cd-2008,bongo-k2700-2-7-cd-2008,https://www.fichacompleta.com.br/carros/kia/bongo-k2700-2-7-cd-2008,2026-06-18T12:03:37.933943,Kia Bongo K2700 2.7 CD 2008,23 s,135 km/h,Embreagem monodisco a seco,Manual,5,Integral temporária,Injeção indireta,Natural,,4 em linha,,Único no bloco,,,Longitudinal,Dianteiro,"20,84 kg/cv","98,9 kg/kgfm","31,1 cv/litro",83 cv,"21,5:1",4150 rpm,2400 rpm,"6,6 kgfm/litro","17,5 kgfm",2,2090 mm,203 mm,1505 mm,1460 mm,1530 kg,4805 mm,2415 mm,1740 mm,1730 kg,1250 litros,60 litros,156 mm,Disco ventilado,Tambor,Hidráulica,10 m,"Indep., braços sobrepostos",Feixe de molas semielípticas,Eixo rígido,600 km,420 km,10 km/l,7 km/l,,,,,,,,,1120 kg,,2665 cm³,420 kg,,,,,,,,,,,,,,,,,,,,,,,,,,,,,,,,,,,,,,,,,,,,,,,
kia,Bongo,bongo,bongo-k2700-2-7-cs-2008,bongo-k2700-2-7-cs-2008,https://www.fichacompleta.com.br/carros/kia/bongo-k2700-2-7-cs-2008,2026-06-18T12:03:41.439189,Kia Bongo K2700 2.7 CS 2008,23 s,135 km/h,Embreagem monodisco a seco,Manual,5,Traseira,Injeção indireta,Natural,,4 em linha,,Único no bloco,,,Longitudinal,Dianteiro,"20,72 kg/cv","98,3 kg/kgfm","31,1 cv/litro",83 cv,"21,5:1",4150 rpm,2400 rpm,"6,6 kgfm/litro","17,5 kgfm",2,1970 mm,,1490 mm,1460 mm,1530 kg,4820 mm,2415 mm,1740 mm,1720 kg,1626 litros,60 litros,156 mm,Disco ventilado,Tambor,Hidráulica,10 m,"Indep., braços sobrepostos",Feixe de molas semielípticas,Eixo rígido,600 km,420 km,10 km/l,7 km/l,,,,,,,,,,,2665 cm³,,,,,,,,,,,,,,,,,,,,,,,,,,,,,,,,,,,,,,,,,,,,,,,,
kia,Bongo,bongo,bongo-k2500-2-5-turbo-2009,bongo-k2500-2-5-turbo-2009,https://www.fichacompleta.com.br/carros/kia/bongo-k2500-2-5-turbo-2009,2026-06-18T12:03:44.872187,Kia Bongo K2500 2.5 Turbo 2009,20 s,140 km/h,,Manual,,Traseira,Injeção indireta,Turbocompressor,2476 cm³,4 em linha,,Único no cabeçote,,,Transversal,Dianteiro,"19,0 kg/cv","79,9 kg/kgfm","38,0 cv/litro",94 cv a 3800 rpm,"20,5:1",,,"9,0 kgfm/litro","22,4 kgfm a 2000 rpm",2,1972 mm,,1490 mm,1460 mm,1530 kg,4820 mm,2415 mm,1740 mm,1790 kg,1812 litros,60 litros,156 mm,Disco ventilado,Tambor,Hidráulica,,"Independente, braços sobrepostos",Feixe de molas semielípticas,Eixo rígido,660 km,480 km,11 km/l,8 km/l,5,10 m,,,,,,,,,,,,,,,,,,,,,,,,,,,,,,,,,,,,,,,,,,,,,,,,,,,,,,,,,
kia,Bongo,bongo,bongo-k2700-2-7-cd-2009,bongo-k2700-2-7-cd-2009,https://www.fichacompleta.com.br/carros/kia/bongo-k2700-2-7-cd-2009,2026-06-18T12:03:48.127999,Kia Bongo K2700 2.7 CD 2009,23 s,135 km/h,Embreagem monodisco a seco,Manual,5,Integral temporária,Injeção indireta,Natural,,4 em linha,,Único no bloco,,,Longitudinal,Dianteiro,"20,84 kg/cv","98,9 kg/kgfm","31,1 cv/litro",83 cv,"21,5:1",4150 rpm,2400 rpm,"6,6 kgfm/litro","17,5 kgfm",2,2090 mm,203 mm,1505 mm,1460 mm,1530 kg,4805 mm,2415 mm,1740 mm,1730 kg,1250 litros,60 litros,156 mm,Disco ventilado,Tambor,Hidráulica,10 m,"Indep., braços sobrepostos",Feixe de molas semielípticas,Eixo rígido,600 km,420 km,10 km/l,7 km/l,,,,,,,,,1120 kg,,2665 cm³,420 kg,,,,,,,,,,,,,,,,,,,,,,,,,,,,,,,,,,,,,,,,,,,,,,,
kia,Bongo,bongo,bongo-k2700-2-7-cs-2009,bongo-k2700-2-7-cs-2009,https://www.fichacompleta.com.br/carros/kia/bongo-k2700-2-7-cs-2009,2026-06-18T12:03:50.985046,Kia Bongo K2700 2.7 CS 2009,23 s,135 km/h,Embreagem monodisco a seco,Manual,5,Traseira,Injeção indireta,Natural,,4 em linha,,Único no bloco,,,Longitudinal,Dianteiro,"20,72 kg/cv","98,3 kg/kgfm","31,1 cv/litro",83 cv,"21,5:1",4150 rpm,2400 rpm,"6,6 kgfm/litro","17,5 kgfm",2,1970 mm,,1490 mm,1460 mm,1530 kg,4820 mm,2415 mm,1740 mm,1720 kg,1626 litros,60 litros,156 mm,Disco ventilado,Tambor,Hidráulica,10 m,"Indep., braços sobrepostos",Feixe de molas semielípticas,Eixo rígido,600 km,420 km,10 km/l,7 km/l,,,,,,,,,,,2665 cm³,,,,,,,,,,,,,,,,,,,,,,,,,,,,,,,,,,,,,,,,,,,,,,,,
kia,Bongo,bongo,bongo-k2500-2-5-turbo-2010,bongo-k2500-2-5-turbo-2010,https://www.fichacompleta.com.br/carros/kia/bongo-k2500-2-5-turbo-2010,2026-06-18T12:03:55.453915,Kia Bongo K2500 2.5 Turbo 2010,20 s,140 km/h,Embreagem monodisco a seco,Manual,5,Traseira,Injeção indireta,Turbocompressor,2476 cm³,4 em linha,,Único no cabeçote,,,Longitudinal,Dianteiro,"19,0 kg/cv","79,9 kg/kgfm","38,0 cv/litro",94 cv,"20,5:1",3800 rpm,2000 rpm,"9,0 kgfm/litro","22,4 kgfm",2,1972 mm,,1490 mm,1460 mm,1530 kg,4820 mm,2415 mm,1740 mm,1790 kg,1812 litros,60 litros,156 mm,Disco ventilado,Tambor,Hidráulica,10 m,"Indep., braços sobrepostos",Feixe de molas semielípticas,Eixo rígido,660 km,480 km,11 km/l,8 km/l,,,,,,,,,,,,,,,,,,,,,,,,,,,,,,,,,,,,,,,,,,,,,,,,,,,,,,,,,,,
kia,Bongo,bongo,bongo-k2700-2-7-cd-2010,bongo-k2700-2-7-cd-2010,https://www.fichacompleta.com.br/carros/kia/bongo-k2700-2-7-cd-2010,2026-06-18T12:03:58.055780,Kia Bongo K2700 2.7 CD 2010,23 s,135 km/h,Embreagem monodisco a seco,Manual,5,Integral temporária,Injeção indireta,Natural,2665 cm³,4 em linha,,Único no bloco,,,Longitudinal,Dianteiro,"20,8 kg/cv","98,9 kg/kgfm","31,1 cv/litro",83 cv,"21,5:1",4150 rpm,2400 rpm,"6,6 kgfm/litro","17,5 kgfm",2,2090 mm,203 mm,1505 mm,1460 mm,1530 kg,4805 mm,2415 mm,1740 mm,1730 kg,1250 litros,60 litros,156 mm,Disco ventilado,Tambor,Hidráulica,10 m,"Indep., braços sobrepostos",Feixe de molas semielípticas,Eixo rígido,600 km,420 km,10 km/l,7 km/l,,,,,,,,,1120 kg,,,420 kg,,,,,,,,,,,,,,,,,,,,,,,,,,,,,,,,,,,,,,,,,,,,,,,
kia,Bongo,bongo,bongo-k2700-2-7-cs-2010,bongo-k2700-2-7-cs-2010,https://www.fichacompleta.com.br/carros/kia/bongo-k2700-2-7-cs-2010,2026-06-18T12:04:01.722211,Kia Bongo K2700 2.7 CS 2010,23 s,135 km/h,Embreagem monodisco a seco,Manual,5,Traseira,Injeção indireta,Natural,2665 cm³,4 em linha,,Único no bloco,,,Longitudinal,Dianteiro,"20,7 kg/cv","98,3 kg/kgfm","31,1 cv/litro",83 cv,"21,5:1",4150 rpm,2400 rpm,"6,6 kgfm/litro","17,5 kgfm",2,1970 mm,,1490 mm,1460 mm,1530 kg,4820 mm,2415 mm,1740 mm,1720 kg,1626 litros,60 litros,156 mm,Disco ventilado,Tambor,Hidráulica,10 m,"Indep., braços sobrepostos",Feixe de molas semielípticas,Eixo rígido,600 km,420 km,10 km/l,7 km/l,,,,,,,,,,,,,,,,,,,,,,,,,,,,,,,,,,,,,,,,,,,,,,,,,,,,,,,,,,,
kia,Bongo,bongo,bongo-k2500-2-5-turbo-2011,bongo-k2500-2-5-turbo-2011,https://www.fichacompleta.com.br/carros/kia/bongo-k2500-2-5-turbo-2011,2026-06-18T12:04:04.782023,Kia Bongo K2500 2.5 Turbo 2011,20 s,140 km/h,Embreagem monodisco a seco,Manual,5,Traseira,Injeção indireta,Turbocompressor,2476 cm³,4 em linha,,Único no cabeçote,,,Longitudinal,Dianteiro,"19,0 kg/cv","79,9 kg/kgfm","38,0 cv/litro",94 cv,"20,5:1",3800 rpm,2000 rpm,"9,0 kgfm/litro","22,4 kgfm",2,1972 mm,,1490 mm,1460 mm,1530 kg,4820 mm,2415 mm,1740 mm,1790 kg,1812 litros,60 litros,156 mm,Disco ventilado,Tambor,Hidráulica,10 m,"Indep., braços sobrepostos",Feixe de molas semielípticas,Eixo rígido,660 km,480 km,11 km/l,8 km/l,,,,,,,,,,,,,,,,,,,,,,,,,,,,,,,,,,,,,,,,,,,,,,,,,,,,,,,,,,,
kia,Bongo,bongo,bongo-k2700-2-7-cd-2011,bongo-k2700-2-7-cd-2011,https://www.fichacompleta.com.br/carros/kia/bongo-k2700-2-7-cd-2011,2026-06-18T12:04:09.667023,Kia Bongo K2700 2.7 CD 2011,23 s,135 km/h,Embreagem monodisco a seco,Manual,5,Integral temporária,Injeção indireta,Natural,2665 cm³,4 em linha,,Único no bloco,,,Longitudinal,Dianteiro,"20,8 kg/cv","98,9 kg/kgfm","31,1 cv/litro",83 cv,"21,5:1",4150 rpm,2400 rpm,"6,6 kgfm/litro","17,5 kgfm",2,2090 mm,203 mm,1505 mm,1460 mm,1530 kg,4805 mm,2415 mm,1740 mm,1730 kg,1250 litros,60 litros,156 mm,Disco ventilado,Tambor,Hidráulica,10 m,"Indep., braços sobrepostos",Feixe de molas semielípticas,Eixo rígido,600 km,420 km,10 km/l,7 km/l,,,,,,,,,1120 kg,,,420 kg,,,,,,,,,,,,,,,,,,,,,,,,,,,,,,,,,,,,,,,,,,,,,,,
kia,Bongo,bongo,bongo-k2700-2-7-cs-2011,bongo-k2700-2-7-cs-2011,https://www.fichacompleta.com.br/carros/kia/bongo-k2700-2-7-cs-2011,2026-06-18T12:04:13.345801,Kia Bongo K2700 2.7 CS 2011,23 s,135 km/h,Embreagem monodisco a seco,Manual,5,Traseira,Injeção indireta,Natural,2665 cm³,4 em linha,,Único no bloco,,,Longitudinal,Dianteiro,"20,7 kg/cv","98,3 kg/kgfm","31,1 cv/litro",83 cv,"21,5:1",4150 rpm,2400 rpm,"6,6 kgfm/litro","17,5 kgfm",2,1970 mm,,1490 mm,1460 mm,1530 kg,4820 mm,2415 mm,1740 mm,1720 kg,1626 litros,60 litros,156 mm,Disco ventilado,Tambor,Hidráulica,10 m,"Indep., braços sobrepostos",Feixe de molas semielípticas,Eixo rígido,600 km,420 km,10 km/l,7 km/l,,,,,,,,,,,,,,,,,,,,,,,,,,,,,,,,,,,,,,,,,,,,,,,,,,,,,,,,,,,
kia,Bongo,bongo,bongo-k2500-2-5-turbo-2012,bongo-k2500-2-5-turbo-2012,https://www.fichacompleta.com.br/carros/kia/bongo-k2500-2-5-turbo-2012,2026-06-18T12:04:17.980196,Kia Bongo K2500 2.5 Turbo 2012,20 s,140 km/h,Embreagem monodisco a seco,Manual,5,Traseira,Injeção indireta,Turbocompressor,2476 cm³,4 em linha,,Único no cabeçote,,,Longitudinal,Dianteiro,"19,0 kg/cv","79,9 kg/kgfm","38,0 cv/litro",94 cv,"20,5:1",,,"9,0 kgfm/litro","22,4 kgfm",2,1972 mm,,1490 mm,1460 mm,1530 kg,4820 mm,2415 mm,1740 mm,1790 kg,1812 litros,60 litros,156 mm,Disco ventilado,Tambor,Hidráulica,10 m,"Indep., braços sobrepostos",Feixe de molas semielípticas,Eixo rígido,660 km,480 km,11 km/l,8 km/l,5,10 m,,3800 rpm,2000 rpm,,,,,,,,,,,,,,,,,,,,,,,,,,,,,,,,,,,,,,,,,,,,,,,,,,,,,,
kia,Bongo,bongo,bongo-k2700-2-7-cd-2012,bongo-k2700-2-7-cd-2012,https://www.fichacompleta.com.br/carros/kia/bongo-k2700-2-7-cd-2012,2026-06-18T12:04:21.053194,Kia Bongo K2700 2.7 CD 2012,23 s,135 km/h,Embreagem monodisco a seco,Manual,,Integral temporária,Injeção indireta,Natural,2665 cm³,4 em linha,,no bloco,,,Transversal,Dianteiro,"20,8 kg/cv","98,9 kg/kgfm","31,1 cv/litro",83 cv a 4150 rpm,"21,5:1",,,"6,6 kgfm/litro","17,5 kgfm a 2400 rpm",2,2090 mm,203 mm,1505 mm,1460 mm,1530 kg,4805 mm,2415 mm,1740 mm,1730 kg,1250 litros,60 litros,156 mm,Disco ventilado,Tambor,Hidráulica,,"Independente, braços sobrepostos",Feixe de molas semielípticas,Eixo rígido,600 km,420 km,10 km/l,7 km/l,5,10 m,,,,,,,1120 kg,,,420 kg,,,,,,,,,,,,,,,,,,,,,,,,,,,,,,,,,,,,,,,,,,,,,,,
kia,Bongo,bongo,bongo-k2700-2-7-cs-2012,bongo-k2700-2-7-cs-2012,https://www.fichacompleta.com.br/carros/kia/bongo-k2700-2-7-cs-2012,2026-06-18T12:04:24.338306,Kia Bongo K2700 2.7 CS 2012,23 s,135 km/h,Embreagem monodisco a seco,Manual,5,Traseira,Injeção indireta,Natural,2665 cm³,4 em linha,,Único no bloco,,,Longitudinal,Dianteiro,"20,7 kg/cv","98,3 kg/kgfm","31,1 cv/litro",83 cv,"21,5:1",,,"6,6 kgfm/litro","17,5 kgfm",2,1970 mm,,1490 mm,1460 mm,1530 kg,4820 mm,2415 mm,1740 mm,1720 kg,1626 litros,60 litros,156 mm,Disco ventilado,Tambor,Hidráulica,10 m,"Indep., braços sobrepostos",Feixe de molas semielípticas,Eixo rígido,600 km,420 km,10 km/l,7 km/l,5,10 m,,4150 rpm,2400 rpm,,,,,,,,,,,,,,,,,,,,,,,,,,,,,,,,,,,,,,,,,,,,,,,,,,,,,,
kia,Bongo,bongo,bongo-k2500-2-5-turbo-2013,bongo-k2500-2-5-turbo-2013,https://www.fichacompleta.com.br/carros/kia/bongo-k2500-2-5-turbo-2013,2026-06-18T12:04:26.944705,Kia Bongo K2500 2.5 Turbo 2013,19 s,140 km/h,Embreagem monodisco a seco,Manual,,Traseira,Injeção direta,Turbocompressor,2497 cm³,4 em linha,,Duplo no cabeçote,,,Longitudinal,Dianteiro,"14,3 kg/cv","71,6 kg/kgfm","52,3 cv/litro","130,5 cv a 3800 rpm","16,4:1",,,"10,4 kgfm/litro",26 kgfm a 1500 rpm,4,1995 mm,203 mm,1490 mm,1460 mm,1812 kg,4825 mm,2415 mm,1740 mm,1862 kg,1812 litros,60 litros,137 mm,Disco ventilado,Tambor,Hidráulica,,"Independente, braços sobrepostos",Feixe de molas semielípticas,Eixo rígido,660 km,480 km,11 km/l,8 km/l,6,10 m,,,,,,,,,,,,,,,,,,,,,,,,,,,,,,,,,,,,,,,,,,,,,,,,,,,,,,,,,
kia,Bongo,bongo,bongo-k2500-2-5-turbo-2014,bongo-k2500-2-5-turbo-2014,https://www.fichacompleta.com.br/carros/kia/bongo-k2500-2-5-turbo-2014,2026-06-18T12:04:30.977771,Kia Bongo K2500 2.5 Turbo 2014,19 s,140 km/h,Embreagem monodisco a seco,Manual,6,Traseira,Injeção direta,Turbocompressor,2497 cm³,4 em linha,,Duplo no cabeçote,,,Longitudinal,Dianteiro,"14,3 kg/cv","71,6 kg/kgfm","52,3 cv/litro",130.F cv,"16,4:1",,,"10,4 kgfm/litro",26 kgfm,4,1995 mm,203 mm,1490 mm,1460 mm,1812 kg,4825 mm,2415 mm,1740 mm,1862 kg,1812 litros,60 litros,137 mm,Disco ventilado,Tambor,Hidráulica,10 m,"Indep., braços sobrepostos",Feixe de molas semielípticas,Eixo rígido,660 km,480 km,11 km/l,8 km/l,6,10 m,,3800 rpm,1500 rpm,,,,,,,,,,,,,,,,,,,,,,,,,,,,,,,,,,,,,,,,,,,,,,,,,,,,,,
kia,Bongo,bongo,bongo-k2500-2-5-turbo-2015,bongo-k2500-2-5-turbo-2015,https://www.fichacompleta.com.br/carros/kia/bongo-k2500-2-5-turbo-2015,2026-06-18T12:04:35.135652,Kia Bongo K2500 2.5 Turbo 2015,19 s,140 km/h,Embreagem monodisco a seco,Manual,,Traseira,Injeção direta,Turbocompressor,2497 cm³,4 em linha,,Duplo no cabeçote,"93,5 mm",82 mm,Longitudinal,Dianteiro,"14,3 kg/cv","71,6 kg/kgfm","52,3 cv/litro","130,5 cv a 3800 rpm","16,4:1",,,"10,4 kgfm/litro",26 kgfm a 1500 rpm,4,1995 mm,203 mm,1490 mm,1460 mm,1812 kg,4825 mm,2415 mm,1740 mm,1862 kg,1812 litros,60 litros,137 mm,Disco ventilado,Tambor,Hidráulica,,"Independente, braços sobrepostos",Feixe de molas semielípticas,Eixo rígido,660 km,480 km,11 km/l,8 km/l,6,10 m,,,,,,,,,,,,,,,,,,,,,,,,,,,,,,,,,,,,,,,,,,,,,,,,,,,,,,,,,
kia,Bongo,bongo,bongo-k2500-2-5-turbo-2016,bongo-k2500-2-5-turbo-2016,https://www.fichacompleta.com.br/carros/kia/bongo-k2500-2-5-turbo-2016,2026-06-18T12:04:38.206754,Kia Bongo K2500 2.5 Turbo 2016,19 s,140 km/h,Embreagem monodisco a seco,Manual,,Traseira,Injeção direta,Turbocompressor,2497 cm³,4 em linha,,Duplo no cabeçote,"93,5 mm",82 mm,Longitudinal,Dianteiro,"14,3 kg/cv","71,6 kg/kgfm","52,3 cv/litro","130,5 cv a 3800 rpm","16,4:1",,,"10,4 kgfm/litro",26 kgfm a 1500 rpm,4,1995 mm,203 mm,1490 mm,1460 mm,1812 kg,4825 mm,2415 mm,1740 mm,1862 kg,1812 litros,60 litros,137 mm,Disco ventilado,Tambor,Hidráulica,,"Independente, braços sobrepostos",Feixe de molas semielípticas,Eixo rígido,660 km,480 km,11 km/l,8 km/l,6,10 m,,,,,,,,,,,,,,,,,,,,,,,,,,,,,,,,,,,,,,,,,,,,,,,,,,,,,,,,,
kia,Bongo,bongo,bongo-k2500-2-5-turbo-2018,bongo-k2500-2-5-turbo-2018,https://www.fichacompleta.com.br/carros/kia/bongo-k2500-2-5-turbo-2018,2026-06-18T12:04:41.925948,Kia Bongo K2500 2.5 Turbo 2018,19 s,140 km/h,Embreagem monodisco a seco,Manual,,Traseira,Injeção direta,Turbocompressor,2497 cm³,4 em linha,,Duplo no cabeçote,"93,5 mm",82 mm,Longitudinal,Dianteiro,"14,3 kg/cv","71,6 kg/kgfm","52,3 cv/litro","130,5 cv a 3800 rpm","16,4:1",,,"10,4 kgfm/litro",26 kgfm a 1500 rpm,4,1995 mm,203 mm,1490 mm,1460 mm,1812 kg,4825 mm,2415 mm,1740 mm,1862 kg,1812 litros,60 litros,137 mm,Disco ventilado,Tambor,Hidráulica,,"Independente, braços sobrepostos",Feixe de molas semielípticas,Eixo rígido,660 km,480 km,11 km/l,8 km/l,6,10 m,,,,,,,,,,,,,,,,,,,,,,,,,,,,,,,,,,,,,,,,,,,,,,,,,,,,,,,,,
kia,Bongo,bongo,bongo-k2500-2-5-turbo-2019,bongo-k2500-2-5-turbo-2019,https://www.fichacompleta.com.br/carros/kia/bongo-k2500-2-5-turbo-2019,2026-06-18T12:04:46.724520,Kia Bongo K2500 2.5 Turbo 2019,19 s,140 km/h,Embreagem monodisco a seco,Manual,,Traseira,Injeção direta,Turbocompressor,2497 cm³,4 em linha,,Duplo no cabeçote,"93,5 mm",82 mm,Longitudinal,Dianteiro,"14,3 kg/cv","71,6 kg/kgfm","52,3 cv/litro","130,5 cv a 3800 rpm","16,4:1",,,"10,4 kgfm/litro",26 kgfm a 1500 rpm,4,1995 mm,203 mm,1490 mm,1460 mm,1812 kg,4825 mm,2415 mm,1740 mm,1862 kg,1812 litros,60 litros,137 mm,Disco ventilado,Tambor,Hidráulica,,"Independente, braços sobrepostos",Feixe de molas semielípticas,Eixo rígido,708 km,588 km,"11,8 km/l","9,8 km/l",6,10 m,,,,,,,,,,,,,,,,,,,,,,,,,,,,,,,,,,,,,,,,,,,,,,,,,,,,,,,,,
kia,Bongo,bongo,bongo-k2500-2-5-turbo-2020,bongo-k2500-2-5-turbo-2020,https://www.fichacompleta.com.br/carros/kia/bongo-k2500-2-5-turbo-2020,2026-06-18T12:04:50.248329,Kia Bongo K2500 2.5 Turbo 2020,19 s,140 km/h,Embreagem monodisco a seco,Manual,6,Traseira,Injeção direta,Turbocompressor,2497 cm³,4 em linha,,Duplo no cabeçote,"93,5 mm",82 mm,Longitudinal,Dianteiro,"14,3 kg/cv","71,6 kg/kgfm","52,3 cv/litro",130.F cv,"16,4:1",3800 rpm,1500 rpm,"10,4 kgfm/litro",26 kgfm,4,1995 mm,203 mm,1490 mm,1460 mm,1812 kg,4825 mm,2415 mm,1740 mm,1862 kg,1812 litros,60 litros,137 mm,Disco ventilado,Tambor,Hidráulica,10 m,"Indep., braços sobrepostos",Feixe de molas semielípticas,Eixo rígido,582 km,588 km,"9,7 km/l","9,8 km/l",,,,,,,,,,,,,,,,,,,,,,,,,,,,,,,,,,,,,,,,,,,,,,,,,,,,,,,,,,,
kia,Bongo,bongo,bongo-k2500-2-5-turbo-2021,bongo-k2500-2-5-turbo-2021,https://www.fichacompleta.com.br/carros/kia/bongo-k2500-2-5-turbo-2021,2026-06-18T12:04:54.557722,Kia Bongo K2500 2.5 Turbo 2021,19 s,140 km/h,Embreagem monodisco a seco,Manual,6,Traseira,Injeção direta,Turbocompressor,2497 cm³,4 em linha,,Duplo no cabeçote,"93,5 mm",82 mm,Longitudinal,Dianteiro,"14,3 kg/cv","71,6 kg/kgfm","52,3 cv/litro",130.F cv,"16,4:1",3800 rpm,1500 rpm,"10,4 kgfm/litro",26 kgfm,4,1995 mm,203 mm,1490 mm,1460 mm,1812 kg,4825 mm,2415 mm,1740 mm,1862 kg,1812 litros,60 litros,137 mm,Disco ventilado,Tambor,Hidráulica,10 m,"Indep., braços sobrepostos",Feixe de molas semielípticas,Eixo rígido,582 km,570 km,"9,7 km/l","9,5 km/l",,,,,,,,,,,,,,,,,,,,,,,,,,,,,,,,,,,,,,,,,,,,,,,,,,,,,,,,,,,
kia,Bongo,bongo,bongo-k2500-2-5-turbo-2022,bongo-k2500-2-5-turbo-2022,https://www.fichacompleta.com.br/carros/kia/bongo-k2500-2-5-turbo-2022,2026-06-18T12:04:58.425272,Kia Bongo K2500 2.5 Turbo 2022,19 s,140 km/h,Embreagem monodisco a seco,Manual,6,Traseira,Injeção direta,Turbocompressor,2497 cm³,4 em linha,,Duplo no cabeçote,"93,5 mm",82 mm,Longitudinal,Dianteiro,"14,3 kg/cv","71,6 kg/kgfm","52,3 cv/litro",130.F cv,"16,4:1",,,"10,4 kgfm/litro",26 kgfm,4,1995 mm,203 mm,1490 mm,1460 mm,1812 kg,4825 mm,2415 mm,1740 mm,1862 kg,1812 litros,60 litros,137 mm,Disco ventilado,Tambor,Hidráulica,10 m,"Indep., braços sobrepostos",Feixe de molas semielípticas,Eixo rígido,606 km,624 km,"10,1 km/l","10,4 km/l",,,,3800 rpm,1500 rpm,,,,,,,,,,,,,,,,,,,,,,,,,,,,,,,,,,,,,,,,,,,,,,,,,,,,,,
kia,Bongo,bongo,bongo-k2500-2-5-turbo-2023,bongo-k2500-2-5-turbo-2023,https://www.fichacompleta.com.br/carros/kia/bongo-k2500-2-5-turbo-2023,2026-06-18T12:05:02.363396,Kia Bongo K2500 2.5 Turbo 2023,19 s,140 km/h,Embreagem monodisco a seco,Manual,6,Traseira,Injeção direta,Turbocompressor,,4 em linha,D4CB,Duplo no cabeçote,"93,5 mm",82 mm,Longitudinal,Dianteiro,"14,27 kg/cv","71,6 kg/kgfm","52,3 cv/litro",1305 cv,"16,4:1",3800 rpm,1500 rpm,"10,4 kgfm/litro",26 kgfm,4,1995 mm,203 mm,1490 mm,1460 mm,1812 kg,4B25 mm,2415 mm,1740 mm,1862 kg,1812 litros,60 litros,137 mm,Disco ventilado,Tambor,Hidráulica,10 m,"Indep., braços sobrepostos",Feixe de molas semielípticas,Eixo rígido,606 km,624 km,"10,1 km/l","10,4 km/l",,,,,,,,,,494 cm³,2497 cm³,,Corrente,,,,,,,,,,,,,,,,,,,,,,,,,,,,,,,,,,,,,,,,,,,,,,
kia,Bongo,bongo,bongo-k2500-2-5-turbo-4x4-2024-diesel,bongo-k2500-2-5-turbo-4x4-2024-diesel,https://www.fichacompleta.com.br/carros/kia/bongo-k2500-2-5-turbo-4x4-2024-diesel,2026-06-18T12:05:05.406901,Kia Bongo K2500 2.5 Turbo 4x4 2024,19 s,140 km/h,Embreagem monodisco a seco,Manual,6,Integral temporária,Injeção direta,Turbocompressor,,4 em linha,D4CB,Duplo no cabeçote,"93,5 mm",82 mm,Longitudinal,Dianteiro,"14,27 kg/cv","71,6 kg/kgfm","52,3 cv/litro",1305 cv,"16,4:1",3800 rpm,1500 rpm,"10,4 kgfm/litro",26 kgfm,4,1995 mm,203 mm,1490 mm,1460 mm,1811 kg,4B25 mm,2415 mm,1740 mm,1862 kg,1812 litros,60 litros,137 mm,Disco ventilado,Tambor,Hidráulica,10 m,"Indep., braços sobrepostos",Feixe de molas semielípticas,Eixo rígido,516 km,552 km,"8,6 km/l","9,2 km/l",,,,,,,,,,494 cm³,2497 cm³,,Corrente,,,,,,,,,,,,,,,,,,,,,,,,,,,,,,,,,,,,,,,,,,,,,,
kia,Bongo,bongo,bongo-k2500-2-5-turbo-4x4-2024,bongo-k2500-2-5-turbo-4x4-2024,https://www.fichacompleta.com.br/carros/kia/bongo-k2500-2-5-turbo-4x4-2024,2026-06-18T12:05:08.878934,Kia Bongo K2500 2.5 Turbo 4x4 2024,19 s,140 km/h,Embreagem monodisco a seco,Manual,6,Integral temporária,Injeção direta,Turbocompressor,,4 em linha,D4CB,Duplo no cabeçote,"93,5 mm",82 mm,Longitudinal,Dianteiro,"14,27 kg/cv","71,6 kg/kgfm","52,3 cv/litro",1305 cv,"16,4:1",3800 rpm,1500 rpm,"10,4 kgfm/litro",26 kgfm,4,1995 mm,203 mm,1490 mm,1460 mm,1811 kg,4B25 mm,2415 mm,1740 mm,1862 kg,1812 litros,60 litros,137 mm,Disco ventilado,Tambor,Hidráulica,10 m,"Indep., braços sobrepostos",Feixe de molas semielípticas,Eixo rígido,516 km,552 km,"8,6 km/l","9,2 km/l",,,,,,,,,,494 cm³,2497 cm³,,Corrente,,,,,,,,,,,,,,,,,,,,,,,,,,,,,,,,,,,,,,,,,,,,,,
kia,Bongo,bongo,bongo-k2500-2-5-turbo-4x4-2025,bongo-k2500-2-5-turbo-4x4-2025,https://www.fichacompleta.com.br/carros/kia/bongo-k2500-2-5-turbo-4x4-2025,2026-06-18T12:05:13.457962,Kia Bongo K2500 2.5 Turbo 4x4 2025,19 s,140 km/h,Embreagem monodisco a seco,Manual,6,Integral temporária,Injeção direta,Turbocompressor,,4 em linha,D4CB,Duplo no cabeçote,"93,5 mm",82 mm,Longitudinal,Dianteiro,"14,27 kg/cv","71,6 kg/kgfm","52,3 cv/litro",1305 cv,"16,4:1",3800 rpm,1500 rpm,"10,4 kgfm/litro",26 kgfm,4,1995 mm,203 mm,1490 mm,1460 mm,1811 kg,4B25 mm,2415 mm,1740 mm,1862 kg,1812 litros,60 litros,137 mm,Disco ventilado,Tambor,Hidráulica,10 m,"Indep., braços sobrepostos",Feixe de molas semielípticas,Eixo rígido,516 km,552 km,"8,6 km/l","9,2 km/l",,,,,,,,,,494 cm³,2497 cm³,,Corrente,,,,,,,,,,,,,,,,,,,,,,,,,,,,,,,,,,,,,,,,,,,,,,
kia,Bongo,bongo,bongo-k2500-2-5-turbo-4x4-2026,bongo-k2500-2-5-turbo-4x4-2026,https://www.fichacompleta.com.br/carros/kia/bongo-k2500-2-5-turbo-4x4-2026,2026-06-18T12:05:18.016944,Kia Bongo K2500 2.5 Turbo 4x4 2026,19 s,140 km/h,Embreagem monodisco a seco,Manual,6,Integral temporária,Injeção direta,Turbocompressor,,4 em linha,D4CB,Duplo no cabeçote,"93,5 mm",82 mm,Longitudinal,Dianteiro,"14,27 kg/cv","71,6 kg/kgfm","52,3 cv/litro",130.F cv,"16,4:1",3800 rpm,1500 rpm,"10,4 kgfm/litro",26 kgfm,4,1995 mm,203 mm,1490 mm,1460 mm,1811 kg,4825 mm,2415 mm,1740 mm,1862 kg,1812 litros,60 litros,137 mm,Disco ventilado,Tambor,Hidráulica,10 m,"Indep., braços sobrepostos",Feixe de molas semielípticas,Eixo rígido,486 km,516 km,"8,1 km/l","8,6 km/l",,,,,,,,,,494 cm³,2497 cm³,,Corrente,5W-30 ³,,,,,,,,,,,,,,,,,,,,,,,,,,,,,,,,,,,,,,,,,,,,,
kia,Cadenza,cadenza,cadenza-3-5-v6-2011,cadenza-3-5-v6-2011,https://www.fichacompleta.com.br/carros/kia/cadenza-3-5-v6-2011,2026-06-18T12:05:37.735089,Kia Cadenza 3.5 V6 2011,"7,7 s",230 km/h,Conversor de torque,Automático,6,Dianteira,Injeção multiponto,Natural,3470 cm³,6 em V,Lambda,Duplo no cabeçote,87 mm,92 mm,Transversal,Dianteiro,"5,7 kg/cv","48,0 kg/kgfm","83,6 cv/litro",290 cv,"10,6:1",,,"9,9 kgfm/litro","34,5 kgfm",4,1475 mm,145 mm,1613 mm,1611 mm,445 kg,4965 mm,2845 mm,1850 mm,1655 kg,451 litros,70 litros,124 mm,Disco ventilado,Disco sólido,Hidráulica,"11,1 m","Indep., McPherson",Mola helicoidal,"Indep., multibraço",,,,,6,"11,1 m",,6600 rpm,5000 rpm,,,,,,,,Corrente,,Admissão e escape,"2,32 m²","0,673 m²","0,29","0,29",679 km,483 km,"9,7 km/l","6,9 km/l",,,,,,,,,,,,,,,,,,,,,,,,,,,,,,,,,,,,
kia,Cadenza,cadenza,cadenza-3-5-v6-2012,cadenza-3-5-v6-2012,https://www.fichacompleta.com.br/carros/kia/cadenza-3-5-v6-2012,2026-06-18T12:05:41.512082,Kia Cadenza 3.5 V6 2012,"7,7 s",230 km/h,Conversor de torque,Automático,,Dianteira,Injeção multiponto,Natural,3470 cm³,6 em V,Lambda,"Duplo no cabeçote, corrente",87 mm,92 mm,Transversal,Dianteiro,"5,7 kg/cv","48,0 kg/kgfm","83,6 cv/litro",290 cv a 6600 rpm,"10,6:1",,,"9,9 kgfm/litro","34,5 kgfm a 5000 rpm",4,1475 mm,145 mm,1613 mm,1611 mm,445 kg,4965 mm,2845 mm,1850 mm,1655 kg,451 litros,70 litros,124 mm,Disco ventilado,Disco sólido,Hidráulica,,"Independente, McPherson",Mola helicoidal,"Independente, multibraço",,,,,6,"11,1 m",,,,,,,,,,,,,Admissão e escape,"2,32 m²","0,673 m²",,"0,29",679 km,483 km,"9,7 km/l","6,9 km/l",,,,,,,,,,,,,,,,,,,,,,,,,,,,,,,,,,,,
kia,Cadenza,cadenza,cadenza-3-5-v6-2013,cadenza-3-5-v6-2013,https://www.fichacompleta.com.br/carros/kia/cadenza-3-5-v6-2013,2026-06-18T12:05:46.097890,Kia Cadenza 3.5 V6 2013,"7,7 s",230 km/h,Conversor de torque,Automático,,Dianteira,Injeção multiponto,Natural,3470 cm³,6 em V,Lambda,"Duplo no cabeçote, corrente",87 mm,92 mm,Transversal,Dianteiro,"5,7 kg/cv","48,0 kg/kgfm","83,6 cv/litro",290 cv a 6600 rpm,"10,6:1",,,"9,9 kgfm/litro","34,5 kgfm a 5000 rpm",4,1475 mm,145 mm,1613 mm,1611 mm,445 kg,4965 mm,2845 mm,1850 mm,1655 kg,451 litros,70 litros,124 mm,Disco ventilado,Disco sólido,Hidráulica,,"Independente, McPherson",Mola helicoidal,"Independente, multibraço",,,,,6,"11,1 m",,,,,,,,,,,,,Admissão e escape,"2,32 m²","0,673 m²",,"0,29",679 km,483 km,"9,7 km/l","6,9 km/l",,,,,,,,,,,,,,,,,,,,,,,,,,,,,,,,,,,,
kia,Cadenza,cadenza,cadenza-3-5-v6-2014,cadenza-3-5-v6-2014,https://www.fichacompleta.com.br/carros/kia/cadenza-3-5-v6-2014,2026-06-18T12:05:50.133655,Kia Cadenza 3.5 V6 2014,"7,7 s",230 km/h,Conversor de torque,Automático,6,Dianteira,Injeção multiponto,Natural,3470 cm³,6 em V,Lambda,Duplo no cabeçote,87 mm,92 mm,Transversal,Dianteiro,"5,7 kg/cv","48,0 kg/kgfm","83,6 cv/litro",290 cv,"10,6:1",,,"9,9 kgfm/litro","34,5 kgfm",4,1475 mm,145 mm,1601 mm,1600 mm,410 kg,4970 mm,2845 mm,1850 mm,1655 kg,451 litros,70 litros,98 mm,Disco ventilado,Disco sólido,Hidráulica,11 m,"Indep., McPherson",Mola helicoidal,"Indep., multibraço",,,,,,,,6600 rpm,5000 rpm,,,,,,,,Corrente,,Admissão e escape,"2,32 m²","0,673 m²","0,29",,679 km,483 km,"9,7 km/l","6,9 km/l",,,,,,,,,,,,,,,,,,,,,,,,,,,,,,,,,,,,
kia,Cadenza,cadenza,cadenza-3-5-v6-2015,cadenza-3-5-v6-2015,https://www.fichacompleta.com.br/carros/kia/cadenza-3-5-v6-2015,2026-06-18T12:05:53.858716,Kia Cadenza 3.5 V6 2015,"7,7 s",230 km/h,Conversor de torque,Automático,,Dianteira,Injeção multiponto,Natural,3470 cm³,6 em V,Lambda,"Duplo no cabeçote, corrente",87 mm,92 mm,Transversal,Dianteiro,"5,7 kg/cv","48,0 kg/kgfm","83,6 cv/litro",290 cv a 6600 rpm,"10,6:1",,,"9,9 kgfm/litro","34,5 kgfm a 5000 rpm",4,1475 mm,145 mm,1601 mm,1600 mm,410 kg,4970 mm,2845 mm,1850 mm,1655 kg,451 litros,70 litros,98 mm,Disco ventilado,Disco sólido,Hidráulica,,"Independente, McPherson",Mola helicoidal,"Independente, multibraço",,,,,6,11 m,,,,,,,,,,,,,Admissão e escape,"2,32 m²","0,673 m²",,"0,29",679 km,483 km,"9,7 km/l","6,9 km/l",,,,,,,,,,,,,,,,,,,,,,,,,,,,,,,,,,,,
kia,Cadenza,cadenza,cadenza-3-5-v6-2016,cadenza-3-5-v6-2016,https://www.fichacompleta.com.br/carros/kia/cadenza-3-5-v6-2016,2026-06-18T12:05:58.173679,Kia Cadenza 3.5 V6 2016,"7,7 s",230 km/h,Conversor de torque,Automático,,Dianteira,Injeção multiponto,Natural,3470 cm³,6 em V,Lambda,"Duplo no cabeçote, corrente",87 mm,92 mm,Transversal,Dianteiro,"5,7 kg/cv","48,0 kg/kgfm","83,6 cv/litro",290 cv a 6600 rpm,"10,6:1",,,"9,9 kgfm/litro","34,5 kgfm a 5000 rpm",4,1475 mm,145 mm,1601 mm,1600 mm,410 kg,4970 mm,2845 mm,1850 mm,1655 kg,451 litros,70 litros,98 mm,Disco ventilado,Disco sólido,Hidráulica,,"Independente, McPherson",Mola helicoidal,"Independente, multibraço",,,,,6,11 m,,,,,,,,,,,,,Admissão e escape,"2,32 m²","0,673 m²",,"0,29",700 km,504 km,10 km/l,"7,2 km/l",,,,,,,,,,,,,,,,,,,,,,,,,,,,,,,,,,,,
kia,Cadenza,cadenza,cadenza-3-5-v6-2017,cadenza-3-5-v6-2017,https://www.fichacompleta.com.br/carros/kia/cadenza-3-5-v6-2017,2026-06-18T12:06:01.445265,Kia Cadenza 3.5 V6 2017,"7,7 s",230 km/h,Conversor de torque,Automático,6,Dianteira,Injeção multiponto,Natural,,6 em V,Lambda,Duplo no cabeçote,87 mm,92 mm,Transversal,Dianteiro,"5,71 kg/cv","48,0 kg/kgfm","83,6 cv/litro",290 cv,"10,6:1",6600 rpm,5000 rpm,"9,9 kgfm/litro","34,5 kgfm",4,1475 mm,145 mm,1601 mm,1600 mm,410 kg,4970 mm,2845 mm,1850 mm,1655 kg,451 litros,70 litros,98 mm,Disco ventilado,Disco sólido,Hidráulica,11 m,"Indep., McPherson",Mola helicoidal,"Indep., multibraço",,,,,,,,,,,,,,578 cm³,3470 cm³,,Corrente,,Admissão e escape,"2,32 m²","0,673 m²","0,29",,700 km,504 km,10 km/l,"7,2 km/l",A6LF2,245/40 R19,,,,,,,,,,,,,,,,,,,,,,,,,,,,,,,,,,
kia,Carens,carens,carens-ls-1-8-2001,carens-ls-1-8-2001,https://www.fichacompleta.com.br/carros/kia/carens-ls-1-8-2001,2026-06-18T12:06:18.148082,Kia Carens LS 1.8 2001,"10,8 s",190 km/h,Embreagem monodisco a seco,Manual,5,Dianteira,Injeção multiponto,Natural,,4 em linha,,Duplo no cabeçote,87 mm,81 mm,Transversal,Dianteiro,"9,73 kg/cv","74,4 kg/kgfm","72,5 cv/litro",130 cv,"9,5:1",6000 rpm,4500 rpm,"9,5 kgfm/litro",17 kgfm,4,1600 mm,155 mm,1470 mm,1470 mm,700 kg,4450 mm,2570 mm,1730 mm,1265 kg,,55 litros,120 mm,Disco ventilado,Tambor,Hidráulica,"10,2 m","Indep., McPherson",Mola helicoidal,"Indep., braços sobrepostos",,,,,,,,,,,,,,448 cm³,1793 cm³,,,,,,,,,550 km,468 km,10 km/l,"8,5 km/l",,,Mecânicos,415 litros,80 litros,,,,,,,,,,,,,,,,,,,,,,,,,,,,,,,
kia,Carens,carens,carens-ex-2-0-2009,carens-ex-2-0-2009,https://www.fichacompleta.com.br/carros/kia/carens-ex-2-0-2009,2026-06-18T12:06:21.449886,Kia Carens EX 2.0 2009,"12,3 s",182 km/h,Conversor de torque,Automático,4,Dianteira,Injeção multiponto,Natural,1998 cm³,4 em linha,Theta,Duplo no cabeçote,86 mm,86 mm,Transversal,Dianteiro,"10,7 kg/cv","81,9 kg/kgfm","74,6 cv/litro",149 cv,"10,5:1",,,"9,8 kgfm/litro","19,5 kgfm",4,1650 mm,155 mm,1573 mm,1569 mm,558 kg,4545 mm,2700 mm,1820 mm,1597 kg,,55 litros,133 mm,Disco ventilado,Disco sólido,Hidráulica,"10,8 m","Indep., McPherson",Mola helicoidal,"Indep., multibraço",,,,,4,"10,8 m",,6000 rpm,4250 rpm,,,,,,,,Corrente,,,"2,55 m²","0,816 m²","0,32","0,32",616 km,468 km,"11,2 km/l","8,5 km/l",,,Mecânicos,450 litros,120 litros,450 litros,120 litros,,,,,,,,,,,,,,,,,,,,,,,,,,,,,
kia,Carens,carens,carens-ex-2-0-2010,carens-ex-2-0-2010,https://www.fichacompleta.com.br/carros/kia/carens-ex-2-0-2010,2026-06-18T12:06:24.694002,Kia Carens EX 2.0 2010,"12,3 s",182 km/h,Conversor de torque,Automático,,Dianteira,Injeção multiponto,Natural,1998 cm³,4 em linha,Theta,"Duplo no cabeçote, corrente",86 mm,86 mm,Transversal,Dianteiro,"10,7 kg/cv","81,9 kg/kgfm","74,6 cv/litro",149 cv a 6000 rpm,"10,5:1",,,"9,8 kgfm/litro","19,5 kgfm a 4250 rpm",4,1650 mm,155 mm,1573 mm,1569 mm,558 kg,4545 mm,2700 mm,1820 mm,1597 kg,,55 litros,133 mm,Disco ventilado,Disco sólido,Hidráulica,,"Independente, McPherson",Mola helicoidal,"Independente, multibraço",,,,,4,"10,8 m",,,,,,,,,,,,,,"2,55 m²","0,816 m²",,"0,32",616 km,468 km,"11,2 km/l","8,5 km/l",,,Mecânicos,,,450 litros,120 litros,,,,,,,,,,,,,,,,,,,,,,,,,,,,,
kia,Carens,carens,carens-ex-2-0-2011,carens-ex-2-0-2011,https://www.fichacompleta.com.br/carros/kia/carens-ex-2-0-2011,2026-06-18T12:06:29.449796,Kia Carens EX 2.0 2011,"12,3 s",182 km/h,Conversor de torque,Automático,,Dianteira,Injeção multiponto,Natural,1998 cm³,4 em linha,Theta,"Duplo no cabeçote, corrente",86 mm,86 mm,Transversal,Dianteiro,"10,7 kg/cv","81,9 kg/kgfm","74,6 cv/litro",149 cv a 6000 rpm,"10,5:1",,,"9,8 kgfm/litro","19,5 kgfm a 4250 rpm",4,1650 mm,155 mm,1573 mm,1569 mm,558 kg,4545 mm,2700 mm,1820 mm,1597 kg,,55 litros,133 mm,Disco ventilado,Disco sólido,Hidráulica,,"Independente, McPherson",Mola helicoidal,"Independente, multibraço",,,,,4,"10,8 m",,,,,,,,,,,,,,"2,55 m²","0,816 m²",,"0,32",616 km,468 km,"11,2 km/l","8,5 km/l",,,Mecânicos,,,450 litros,120 litros,,,,,,,,,,,,,,,,,,,,,,,,,,,,,
kia,Carens,carens,carens-ex-2-0-2012,carens-ex-2-0-2012,https://www.fichacompleta.com.br/carros/kia/carens-ex-2-0-2012,2026-06-18T12:06:34.208353,Kia Carens EX 2.0 2012,"12,3 s",182 km/h,Conversor de torque,Automático,,Dianteira,Injeção multiponto,Natural,1998 cm³,4 em linha,Theta,"Duplo no cabeçote, corrente",86 mm,86 mm,Transversal,Dianteiro,"10,7 kg/cv","81,9 kg/kgfm","74,6 cv/litro",149 cv a 6000 rpm,"10,5:1",,,"9,8 kgfm/litro","19,5 kgfm a 4250 rpm",4,1650 mm,155 mm,1573 mm,1569 mm,558 kg,4545 mm,2700 mm,1820 mm,1597 kg,,55 litros,133 mm,Disco ventilado,Disco sólido,Hidráulica,,"Independente, McPherson",Mola helicoidal,"Independente, multibraço",,,,,4,"10,8 m",,,,,,,,,,,,,,"2,55 m²","0,816 m²",,"0,32",616 km,468 km,"11,2 km/l","8,5 km/l",,,Mecânicos,,,450 litros,120 litros,,,,,,,,,,,,,,,,,,,,,,,,,,,,,
kia,Carens,carens,carens-ex-2-0-2013,carens-ex-2-0-2013,https://www.fichacompleta.com.br/carros/kia/carens-ex-2-0-2013,2026-06-18T12:06:37.378726,Kia Carens EX 2.0 2013,"12,3 s",182 km/h,Conversor de torque,Automático,,Dianteira,Injeção multiponto,Natural,1998 cm³,4 em linha,Theta,"Duplo no cabeçote, corrente",86 mm,86 mm,Transversal,Dianteiro,"10,7 kg/cv","81,9 kg/kgfm","74,6 cv/litro",149 cv a 6000 rpm,"10,5:1",,,"9,8 kgfm/litro","19,5 kgfm a 4250 rpm",4,1650 mm,155 mm,1573 mm,1569 mm,558 kg,4545 mm,2700 mm,1820 mm,1597 kg,,55 litros,133 mm,Disco ventilado,Disco sólido,Hidráulica,,"Independente, McPherson",Mola helicoidal,"Independente, multibraço",,,,,4,"10,8 m",,,,,,,,,,,,,,"2,55 m²","0,816 m²",,"0,32",616 km,468 km,"11,2 km/l","8,5 km/l",,,Mecânicos,,,450 litros,120 litros,,,,,,,,,,,,,,,,,,,,,,,,,,,,,
kia,Carnival,carnival,carnival-gs-2-5-v6-2000,carnival-gs-2-5-v6-2000,https://www.fichacompleta.com.br/carros/kia/carnival-gs-2-5-v6-2000,2026-06-18T12:06:56.654129,Kia Carnival GS 2.5 V6 2000,"15,5 s",170 km/h,Conversor de torque,Automático,,Dianteira,Injeção multiponto,Natural,2497 cm³,6 em V,Rover KV6,"Duplo no cabeçote, correia dentada","82,8 mm",80 mm,Transversal,Dianteiro,"10,8 kg/cv","79,0 kg/kgfm","66,1 cv/litro",165 cv a 6500 rpm,"10,4:1",,,"9,1 kgfm/litro","22,6 kgfm a 4100 rpm",4,1730 mm,,1625 mm,1600 mm,,4890 mm,2905 mm,1900 mm,1785 kg,,75 litros,140 mm,Disco ventilado,Disco sólido,Hidráulica,,"Independente, McPherson",Mola helicoidal,"Independente, multibraço",,,,,4,13 m,,,,,,,,,,,,,,"2,79 m²","1,116 m²",,"0,4",600 km,525 km,8 km/l,7 km/l,,,,,,665 litros,200 litros,,,,,,,,,,,,,,,,,,,,,,,,,,,,,
kia,Carnival,carnival,carnival-gs-2-5-v6-2001,carnival-gs-2-5-v6-2001,https://www.fichacompleta.com.br/carros/kia/carnival-gs-2-5-v6-2001,2026-06-18T12:07:01.323742,Kia Carnival GS 2.5 V6 2001,"15,5 s",170 km/h,Conversor de torque,Automático,4,Dianteira,Injeção multiponto,Natural,2497 cm³,6 em V,KV6,Duplo no cabeçote,"82,8 mm",80 mm,Transversal,Dianteiro,"10,0 kg/cv","77,2 kg/kgfm","70,1 cv/litro",175 cv,"10,4:1",6500 rpm,4000 rpm,"9,1 kgfm/litro","22,6 kgfm",4,1730 mm,,1635 mm,1600 mm,700 kg,4890 mm,2910 mm,1895 mm,1745 kg,,75 litros,151 mm,Disco ventilado,Tambor,Hidráulica,13 m,"Indep., McPherson",Mola helicoidal,Eixo rígido,,,,,,,,,,,,,,,,,Correia dentada,,,"2,79 m²","1,116 m²","0,4",,600 km,525 km,8 km/l,7 km/l,,,,665 litros,200 litros,,,,,,,,,,,,,,,,,,,,,,,,,,,,,,,
kia,Carnival,carnival,carnival-gs-2-9-turbo-2001,carnival-gs-2-9-turbo-2001,https://www.fichacompleta.com.br/carros/kia/carnival-gs-2-9-turbo-2001,2026-06-18T12:07:04.123014,Kia Carnival GS 2.9 Turbo 2001,19 s,167 km/h,Conversor de torque,Automático,,Dianteira,Injeção direta,Turbocompressor,2902 cm³,4 em linha,,Duplo no cabeçote,98 mm,"97,1 mm",Transversal,Dianteiro,"15,1 kg/cv","54,8 kg/kgfm","43,1 cv/litro",125 cv a 3600 rpm,19:1,,,"11,9 kgfm/litro","34,5 kgfm a 1950 rpm",4,1730 mm,,1625 mm,1600 mm,,4890 mm,2905 mm,1900 mm,1890 kg,,75 litros,140 mm,Disco ventilado,Disco sólido,Hidráulica,,"Independente, McPherson",Mola helicoidal,"Independente, multibraço",825 km,675 km,11 km/l,9 km/l,4,13 m,,,,,,,,,,,,,,"2,79 m²","1,116 m²",,"0,4",,,,,,,,,,665 litros,200 litros,,,,,,,,,,,,,,,,,,,,,,,,,,,,,
kia,Carnival,carnival,carnival-ex-3-8-v6-2006,carnival-ex-3-8-v6-2006,https://www.fichacompleta.com.br/carros/kia/carnival-ex-3-8-v6-2006,2026-06-18T12:07:06.557675,Kia Carnival EX 3.8 V6 2006,9 s,217 km/h,Conversor de torque,Automático,,Dianteira,Injeção multiponto,Natural,3778 cm³,6 em V,Lambda,"Duplo no cabeçote, corrente",87 mm,96 mm,Transversal,Dianteiro,"8,8 kg/cv","60,6 kg/kgfm","64,1 cv/litro",242 cv a 6000 rpm,"10,4:1",,,"9,3 kgfm/litro",35 kgfm a 3500 rpm,4,1815 mm,,1685 mm,1685 mm,659 kg,5130 mm,3020 mm,1985 mm,2121 kg,883 litros,80 litros,158 mm,Disco ventilado,Disco sólido,Hidráulica,,"Independente, McPherson",Mola helicoidal,"Independente, multibraço",,,,,5,"12,1 m",,,,,,,,,,,,,,"3,06 m²","1,040 m²",,"0,34",640 km,400 km,8 km/l,5 km/l,,,,,,,,,,,,,,,,,,,,,,,,,,,,,,,,,,,,
kia,Carnival,carnival,carnival-ex-3-8-v6-2007,carnival-ex-3-8-v6-2007,https://www.fichacompleta.com.br/carros/kia/carnival-ex-3-8-v6-2007,2026-06-18T12:07:12.342134,Kia Carnival EX 3.8 V6 2007,9 s,217 km/h,Conversor de torque,Automático,5,Dianteira,Injeção multiponto,Natural,3778 cm³,6 em V,Lambda,Duplo no cabeçote,87 mm,96 mm,Transversal,Dianteiro,"8,8 kg/cv","60,6 kg/kgfm","64,1 cv/litro",242 cv,"10,4:1",6000 rpm,3500 rpm,"9,3 kgfm/litro",35 kgfm,4,1815 mm,,1685 mm,1685 mm,659 kg,5130 mm,3020 mm,1985 mm,2121 kg,,80 litros,158 mm,Disco ventilado,Disco sólido,Hidráulica,"12,1 m","Indep., McPherson",Mola helicoidal,"Indep., multibraço",,,,,,,,,,,,,,,,,Corrente,,,"3,06 m²","1,040 m²","0,34",,640 km,400 km,8 km/l,5 km/l,,,,883 litros,,,,250 litros,,,,,,,,,,,,,,,,,,,,,,,,,,,,
kia,Carnival,carnival,carnival-ex-3-8-v6-2008,carnival-ex-3-8-v6-2008,https://www.fichacompleta.com.br/carros/kia/carnival-ex-3-8-v6-2008,2026-06-18T12:07:16.493622,Kia Carnival EX 3.8 V6 2008,9 s,217 km/h,,Automático,,Dianteira,Injeção multiponto,Natural,3778 cm³,6 em V,Lambda,"Duplo no cabeçote, corrente",,,Transversal,Dianteiro,"8,8 kg/cv","60,6 kg/kgfm","64,1 cv/litro",242 cv a 6000 rpm,"10,4:1",,,"9,3 kgfm/litro",35 kgfm a 3500 rpm,4,1815 mm,,1685 mm,1685 mm,659 kg,5130 mm,3020 mm,1985 mm,2121 kg,883 litros,80 litros,158 mm,Disco ventilado,Disco sólido,Hidráulica,,"Independente, McPherson",Mola helicoidal,"Independente, multibraço",,,,,5,"12,1 m",,,,,87 mm,96 mm,,,,,,,,"3,06 m²",,,"0,34",640 km,400 km,8 km/l,5 km/l,,,,,,,,,,,,,,,,,,,,,,,,,,,,,,,,,,,,
kia,Carnival,carnival,carnival-ex-3-8-v6-2009,carnival-ex-3-8-v6-2009,https://www.fichacompleta.com.br/carros/kia/carnival-ex-3-8-v6-2009,2026-06-18T12:07:22.115063,Kia Carnival EX 3.8 V6 2009,9 s,217 km/h,Conversor de torque,Automático,,Dianteira,Injeção multiponto,Natural,3778 cm³,6 em V,Lambda,"Duplo no cabeçote, corrente",87 mm,96 mm,Transversal,Dianteiro,"8,8 kg/cv","60,6 kg/kgfm","64,1 cv/litro",242 cv a 6000 rpm,"10,4:1",,,"9,3 kgfm/litro",35 kgfm a 3500 rpm,4,1815 mm,,1685 mm,1685 mm,659 kg,5130 mm,3020 mm,1985 mm,2121 kg,883 litros,80 litros,158 mm,Disco ventilado,Disco sólido,Hidráulica,,"Independente, McPherson",Mola helicoidal,"Independente, multibraço",,,,,5,"12,1 m",,,,,,,,,,,,,,"3,06 m²","1,040 m²",,"0,34",640 km,400 km,8 km/l,5 km/l,,,,,,,,,,,,,,,,,,,,,,,,,,,,,,,,,,,,
kia,Carnival,carnival,carnival-ex-3-8-v6-2010,carnival-ex-3-8-v6-2010,https://www.fichacompleta.com.br/carros/kia/carnival-ex-3-8-v6-2010,2026-06-18T12:07:26.929656,Kia Carnival EX 3.8 V6 2010,9 s,217 km/h,Conversor de torque,Automático,5,Dianteira,Injeção multiponto,Natural,3778 cm³,6 em V,Lambda,Duplo no cabeçote,87 mm,96 mm,Transversal,Dianteiro,"8,8 kg/cv","60,6 kg/kgfm","64,1 cv/litro",242 cv,"10,4:1",6000 rpm,3500 rpm,"9,3 kgfm/litro",35 kgfm,4,1815 mm,,1685 mm,1685 mm,659 kg,5130 mm,3020 mm,1985 mm,2121 kg,,80 litros,158 mm,Disco ventilado,Disco sólido,Hidráulica,"12,1 m","Indep., McPherson",Mola helicoidal,"Indep., multibraço",,,,,,,,,,,,,,,,,Corrente,,,"3,06 m²","1,040 m²","0,34",,640 km,400 km,8 km/l,5 km/l,,,,883 litros,,,,250 litros,,,,,,,,,,,,,,,,,,,,,,,,,,,,
kia,Carnival,carnival,carnival-ex-3-8-v6-2011,carnival-ex-3-8-v6-2011,https://www.fichacompleta.com.br/carros/kia/carnival-ex-3-8-v6-2011,2026-06-18T12:07:31.593298,Kia Carnival EX 3.8 V6 2011,9 s,217 km/h,Conversor de torque,Automático,5,Dianteira,Injeção multiponto,Natural,3778 cm³,6 em V,Lambda,Duplo no cabeçote,87 mm,96 mm,Transversal,Dianteiro,"8,8 kg/cv","60,6 kg/kgfm","64,1 cv/litro",242 cv,"10,4:1",,,"9,3 kgfm/litro",35 kgfm,4,1815 mm,,1685 mm,1685 mm,659 kg,5130 mm,3020 mm,1985 mm,2121 kg,883 litros,80 litros,158 mm,Disco ventilado,Disco sólido,Hidráulica,"12,1 m","Indep., McPherson",Mola helicoidal,"Indep., multibraço",,,,,5,"12,1 m",,6000 rpm,3500 rpm,,,,,,,,Corrente,,,"3,06 m²","1,040 m²","0,34","0,34",640 km,400 km,8 km/l,5 km/l,,,,883 litros,,,,250 litros,,,,,,,,,,,,,,,,,,,,,,,,,,,,
kia,Carnival,carnival,carnival-ex-3-5-v6-2012,carnival-ex-3-5-v6-2012,https://www.fichacompleta.com.br/carros/kia/carnival-ex-3-5-v6-2012,2026-06-18T12:07:36.547935,Kia Carnival EX 3.5 V6 2012,"8,5 s",220 km/h,Conversor de torque,Automático,6,Dianteira,Injeção multiponto,Natural,3470 cm³,6 em V,Lambda,Duplo no cabeçote,87 mm,92 mm,Transversal,Dianteiro,"7,7 kg/cv","62,0 kg/kgfm","79,5 cv/litro",276 cv,"10,6:1",,,"9,9 kgfm/litro","34,2 kgfm",4,1815 mm,,1685 mm,1685 mm,659 kg,5130 mm,3020 mm,1985 mm,2121 kg,883 litros,80 litros,141 mm,Disco ventilado,Disco sólido,Hidráulica,"12,1 m","Indep., McPherson",Mola helicoidal,"Indep., multibraço",,,,,6,"12,1 m",,6300 rpm,4500 rpm,,,,,,,,Corrente,,Admissão,"3,06 m²","1,040 m²","0,34","0,34",664 km,416 km,"8,3 km/l","5,2 km/l",,,,883 litros,,,,250 litros,,,,,,,,,,,,,,,,,,,,,,,,,,,,
kia,Carnival,carnival,carnival-ex-3-5-v6-2013,carnival-ex-3-5-v6-2013,https://www.fichacompleta.com.br/carros/kia/carnival-ex-3-5-v6-2013,2026-06-18T12:07:43.221305,Kia Carnival EX 3.5 V6 2013,"8,5 s",220 km/h,Conversor de torque,Automático,,Dianteira,Injeção multiponto,Natural,3470 cm³,6 em V,Lambda,"Duplo no cabeçote, corrente",87 mm,92 mm,Transversal,Dianteiro,"7,7 kg/cv","62,0 kg/kgfm","79,5 cv/litro",276 cv a 6300 rpm,"10,6:1",,,"9,9 kgfm/litro","34,2 kgfm a 4500 rpm",4,1815 mm,,1685 mm,1685 mm,659 kg,5130 mm,3020 mm,1985 mm,2121 kg,883 litros,80 litros,141 mm,Disco ventilado,Disco sólido,Hidráulica,,"Independente, McPherson",Mola helicoidal,"Independente, multibraço",,,,,6,"12,1 m",,,,,,,,,,,,,Admissão,"3,06 m²","1,040 m²",,"0,34",664 km,416 km,"8,3 km/l","5,2 km/l",,,,,,,,,,,,,,,,,,,,,,,,,,,,,,,,,,,,
kia,Carnival,carnival,carnival-ex-3-5-v6-2014,carnival-ex-3-5-v6-2014,https://www.fichacompleta.com.br/carros/kia/carnival-ex-3-5-v6-2014,2026-06-18T12:07:46.946313,Kia Carnival EX 3.5 V6 2014,"8,5 s",220 km/h,Conversor de torque,Automático,,Dianteira,Injeção multiponto,Natural,3470 cm³,6 em V,Lambda,"Duplo no cabeçote, corrente",87 mm,92 mm,Transversal,Dianteiro,"7,7 kg/cv","62,0 kg/kgfm","79,5 cv/litro",276 cv a 6300 rpm,"10,6:1",,,"9,9 kgfm/litro","34,2 kgfm a 4500 rpm",4,1815 mm,,1685 mm,1685 mm,659 kg,5130 mm,3020 mm,1985 mm,2121 kg,883 litros,80 litros,141 mm,Disco ventilado,Disco sólido,Hidráulica,,"Independente, McPherson",Mola helicoidal,"Independente, multibraço",,,,,6,"12,1 m",,,,,,,,,,,,,Admissão,"3,06 m²","1,040 m²",,"0,34",664 km,416 km,"8,3 km/l","5,2 km/l",,,,,,,,,,,,,,,,,,,,,,,,,,,,,,,,,,,,
kia,Carnival,carnival,carnival-ex-3-5-v6-2015,carnival-ex-3-5-v6-2015,https://www.fichacompleta.com.br/carros/kia/carnival-ex-3-5-v6-2015,2026-06-18T12:07:49.683556,Kia Carnival EX 3.5 V6 2015,"8,5 s",220 km/h,Conversor de torque,Automático,,Dianteira,Injeção multiponto,Natural,3470 cm³,6 em V,Lambda,"Duplo no cabeçote, corrente",87 mm,92 mm,Transversal,Dianteiro,"7,7 kg/cv","62,0 kg/kgfm","79,5 cv/litro",276 cv a 6300 rpm,"10,6:1",,,"9,9 kgfm/litro","34,2 kgfm a 4500 rpm",4,1815 mm,167 mm,1685 mm,1685 mm,659 kg,5130 mm,3020 mm,1985 mm,2121 kg,883 litros,80 litros,141 mm,Disco ventilado,Disco sólido,Hidráulica,,"Independente, McPherson",Mola helicoidal,"Independente, multibraço",,,,,6,"12,1 m",,,,,,,,,,,,,Admissão,"3,06 m²","1,040 m²",,"0,34",664 km,416 km,"8,3 km/l","5,2 km/l",,,,,,,,,,,,,,,,,,,,,,,,,,,,,,,,,,,,
kia,Carnival,carnival,carnival-3-3-v6-2016,carnival-3-3-v6-2016,https://www.fichacompleta.com.br/carros/kia/carnival-3-3-v6-2016,2026-06-18T12:07:53.698057,Kia Carnival 3.3 V6 2016,"8,5 s",200 km/h,Conversor de torque,Automático,,Dianteira,Injeção multiponto,Natural,3342 cm³,6 em V,Lambda,"Duplo no cabeçote, corrente","83,8 mm",92 mm,Transversal,Dianteiro,"8,0 kg/cv","66,5 kg/kgfm","80,8 cv/litro",270 cv a 6400 rpm,"10,6:1",,,"9,7 kgfm/litro","32,4 kgfm a 5300 rpm",4,1755 mm,170 mm,1735 mm,1742 mm,615 kg,5115 mm,3060 mm,1985 mm,2155 kg,960 litros,80 litros,141 mm,Disco ventilado,Disco sólido,Hidráulica,,"Independente, McPherson",Mola helicoidal,"Independente, multibraço",,,,,6,"11,2 m",,,,,,,,,,,,,Admissão e escape,,,,,696 km,520 km,"8,7 km/l","6,5 km/l",,,,,,,,,,,,,,,,,,,,,,,,,,,,,,,,,,,,
kia,Carnival,carnival,carnival-3-3-v6-2018,carnival-3-3-v6-2018,https://www.fichacompleta.com.br/carros/kia/carnival-3-3-v6-2018,2026-06-18T12:07:56.200431,Kia Carnival 3.3 V6 2018,"8,5 s",200 km/h,Conversor de torque,Automático,,Dianteira,Injeção multiponto,Natural,3342 cm³,6 em V,Lambda,"Duplo no cabeçote, corrente","83,8 mm",92 mm,Transversal,Dianteiro,"8,0 kg/cv","66,5 kg/kgfm","80,8 cv/litro",270 cv a 6400 rpm,"10,6:1",,,"9,7 kgfm/litro","32,4 kgfm a 5300 rpm",4,1755 mm,170 mm,1735 mm,1742 mm,615 kg,5115 mm,3060 mm,1985 mm,2155 kg,960 litros,80 litros,141 mm,Disco ventilado,Disco sólido,Hidráulica,,"Independente, McPherson",Mola helicoidal,"Independente, multibraço",,,,,6,"11,2 m",,,,,,,,,,,,,Admissão e escape,,,,,696 km,520 km,"8,7 km/l","6,5 km/l",,,,,,,,,,,,,,,,,,,,,,,,,,,,,,,,,,,,
kia,Carnival,carnival,carnival-3-3-v6-2019,carnival-3-3-v6-2019,https://www.fichacompleta.com.br/carros/kia/carnival-3-3-v6-2019,2026-06-18T12:07:59.660399,Kia Carnival 3.3 V6 2019,"8,5 s",200 km/h,Conversor de torque,Automático,6,Dianteira,Injeção multiponto,Natural,3342 cm³,6 em V,Lambda,Duplo no cabeçote,"83,8 mm",92 mm,Transversal,Dianteiro,"8,0 kg/cv","66,5 kg/kgfm","80,8 cv/litro",270 cv,"10,6:1",6400 rpm,5300 rpm,"9,7 kgfm/litro","32,4 kgfm",4,1755 mm,170 mm,1735 mm,1742 mm,615 kg,5115 mm,3060 mm,1985 mm,2155 kg,,80 litros,141 mm,Disco ventilado,Disco sólido,Hidráulica,"11,2 m","Indep., McPherson",Mola helicoidal,"Indep., multibraço",,,,,,,,,,,,,,,,,Corrente,,Admissão e escape,,,,,672 km,512 km,"8,4 km/l","6,4 km/l",A6LF1,235/60 R18,,883 litros,,,,300 litros,,,,,,,,,,,,,,,,,,,,,,,,,,,,
kia,Carnival,carnival,carnival-3-3-v6-2020,carnival-3-3-v6-2020,https://www.fichacompleta.com.br/carros/kia/carnival-3-3-v6-2020,2026-06-18T12:08:02.923931,Kia Carnival 3.3 V6 2020,"8,5 s",200 km/h,Conversor de torque,Automático,6,Dianteira,Injeção multiponto,Natural,3342 cm³,6 em V,Lambda,Duplo no cabeçote,"83,8 mm",92 mm,Transversal,Dianteiro,"8,0 kg/cv","66,5 kg/kgfm","80,8 cv/litro",270 cv,"10,6:1",6400 rpm,5300 rpm,"9,7 kgfm/litro","32,4 kgfm",4,1755 mm,170 mm,1735 mm,1742 mm,615 kg,5115 mm,3060 mm,1985 mm,2155 kg,,80 litros,141 mm,Disco ventilado,Disco sólido,Hidráulica,"11,2 m","Indep., McPherson",Mola helicoidal,"Indep., multibraço",,,,,,,,,,,,,,,,,Corrente,,Admissão e escape,,,,,672 km,512 km,"8,4 km/l","6,4 km/l",A6LF1,235/60 R18,,883 litros,,,,300 litros,,,,,,,,,,,,,,,,,,,,,,,,,,,,
kia,Carnival,carnival,carnival-3-3-v6-2021,carnival-3-3-v6-2021,https://www.fichacompleta.com.br/carros/kia/carnival-3-3-v6-2021,2026-06-18T12:08:07.198992,Kia Carnival 3.3 V6 2021,"8,5 s",200 km/h,Conversor de torque,Automático,6,Dianteira,Injeção multiponto,Natural,3342 cm³,6 em V,Lambda,Duplo no cabeçote,"83,8 mm",92 mm,Transversal,Dianteiro,"8,0 kg/cv","66,5 kg/kgfm","80,8 cv/litro",270 cv,"10,6:1",6400 rpm,5300 rpm,"9,7 kgfm/litro","32,4 kgfm",4,1755 mm,170 mm,1735 mm,1742 mm,615 kg,5115 mm,3060 mm,1985 mm,2155 kg,,80 litros,141 mm,Disco ventilado,Disco sólido,Elétrica,"11,2 m","Indep., McPherson",Mola helicoidal,"Indep., multibraço",,,,,,,,,,,,,,,,,Corrente,,Admissão e escape,,,,,672 km,512 km,"8,4 km/l","6,4 km/l",A6LF1,235/60 R18,,883 litros,,,,300 litros,,,,,,,,,,,,,,,,,,,,,,,,,,,,
kia,Carnival,carnival,carnival-3-5-v6-2022,carnival-3-5-v6-2022,https://www.fichacompleta.com.br/carros/kia/carnival-3-5-v6-2022,2026-06-18T12:08:11.447318,Kia Carnival 3.5 V6 2022,"8,5 s",200 km/h,Conversor de torque,Automático,8,Dianteira,Injeção multiponto,Natural,3470 cm³,6 em V,Lambda,Duplo no cabeçote,87 mm,92 mm,Transversal,Dianteiro,"7,7 kg/cv","63,2 kg/kgfm","78,4 cv/litro",,"10,6:1",,,"9,6 kgfm/litro",,4,1775 mm,172 mm,1746 mm,1741 mm,711 kg,5155 mm,3090 mm,1995 mm,2099 kg,,72 litros,129 mm,Disco ventilado,Disco sólido,Elétrica,"11,2 m","Indep., McPherson",Mola helicoidal,"Indep., multibraço",,,,,,,272 cv,6400 rpm,5000 rpm,"33,2 kgfm",,,,,,,Corrente,,Admissão e escape,,,,,713 km,526 km,"9,9 km/l","7,3 km/l",,135/90 R17,,883 litros,,,,350 litros,,,,,,,,,,,,,,,,,,,,,,,,,,,,
kia,Carnival,carnival,carnival-3-5-v6-2022-gasolina,carnival-3-5-v6-2022-gasolina,https://www.fichacompleta.com.br/carros/kia/carnival-3-5-v6-2022-gasolina,2026-06-18T12:08:15.832604,Kia Carnival 3.5 V6 2022,"8,5 s",200 km/h,Conversor de torque,Automático,8,Dianteira,Injeção multiponto,Natural,,6 em V,Lambda,Duplo no cabeçote,87 mm,92 mm,Transversal,Dianteiro,"7,72 kg/cv","63,2 kg/kgfm","78,4 cv/litro",272 cv,"10,6:1",6400 rpm,5000 rpm,"9,6 kgfm/litro","33,2 kgfm",4,1775 mm,172 mm,1746 mm,1741 mm,711 kg,5155 mm,3090 mm,1995 mm,2099 kg,,72 litros,129 mm,Disco ventilado,Disco sólido,Elétrica,"11,2 m","Indep., McPherson",Mola helicoidal,"Indep., multibraço",,,,,,,,,,,,,,578 cm³,3470 cm³,,Corrente,,Admissão e escape,,,,,713 km,526 km,"9,9 km/l","7,3 km/l",,135/90 R17,,883 litros,,,,350 litros,,,,,,,,,,,,,,,,,,,,,,,,,,,,
kia,Carnival,carnival,carnival-3-5-v6-2025,carnival-3-5-v6-2025,https://www.fichacompleta.com.br/carros/kia/carnival-3-5-v6-2025,2026-06-18T12:08:18.471391,Kia Carnival 3.5 V6 2025,"8,5 s",200 km/h,Conversor de torque,Automático,8,Dianteira,Injeção multiponto,Natural,,6 em V,Lambda,Duplo no cabeçote,87 mm,92 mm,Transversal,Dianteiro,"7,72 kg/cv","63,2 kg/kgfm","78,4 cv/litro",272 cv,"10,6:1",6400 rpm,5000 rpm,"9,6 kgfm/litro","33,2 kgfm",4,1775 mm,172 mm,1741 mm,1741 mm,711 kg,5155 mm,3090 mm,1995 mm,2099 kg,,72 litros,129 mm,Disco ventilado,Disco sólido,Elétrica,"11,2 m","Indep., McPherson",Mola helicoidal,"Indep., multibraço",,,,,,,,,,,,,,578 cm³,3470 cm³,,Corrente,,Admissão e escape,,,,,713 km,526 km,"9,9 km/l","7,3 km/l",,135/90 R17,,883 litros,,,,350 litros,,,,,,,,,,,,,,,,,,,,,,,,,,,,
kia,Carnival,carnival,carnival-3-5-v6-2025-gasolina,carnival-3-5-v6-2025-gasolina,https://www.fichacompleta.com.br/carros/kia/carnival-3-5-v6-2025-gasolina,2026-06-18T12:08:26.045985,Kia Carnival 3.5 V6 2025,"8,5 s",200 km/h,Conversor de torque,Automático,8,Dianteira,Injeção multiponto,Natural,,6 em V,Lambda,Duplo no cabeçote,87 mm,92 mm,Transversal,Dianteiro,"7,72 kg/cv","63,2 kg/kgfm","78,4 cv/litro",272 cv,"10,6:1",6400 rpm,5000 rpm,"9,6 kgfm/litro","33,2 kgfm",4,1775 mm,172 mm,1741 mm,1741 mm,711 kg,5155 mm,3090 mm,1995 mm,2099 kg,,72 litros,129 mm,Disco ventilado,Disco sólido,Elétrica,"11,2 m","Indep., McPherson",Mola helicoidal,"Indep., multibraço",,,,,,,,,,,,,,578 cm³,3470 cm³,,Corrente,5W-30 ³,Admissão e escape,,,,,713 km,526 km,"9,9 km/l","7,3 km/l",,135/90 R17,,883 litros,,,,350 litros,,,,,,,,,,,,,,,,,,,,,,,,,,,,
kia,Cerato,cerato,cerato-1-6-2006,cerato-1-6-2006,https://www.fichacompleta.com.br/carros/kia/cerato-1-6-2006,2026-06-18T12:08:45.508716,Kia Cerato 1.6 2006,11 s,185 km/h,Embreagem monodisco a seco,Manual,,Dianteira,Injeção multiponto,Natural,1599 cm³,4 em linha,Alpha,Duplo no cabeçote,87 mm,"76,5 mm",Transversal,Dianteiro,"11,6 kg/cv","82,9 kg/kgfm","65,0 cv/litro",104 cv a 5800 rpm,10:1,,,"9,1 kgfm/litro","14,6 kgfm a 4500 rpm",4,1470 mm,160 mm,1495 mm,1495 mm,510 kg,4480 mm,2610 mm,1735 mm,1210 kg,345 litros,55 litros,120 mm,Disco ventilado,Tambor,Hidráulica,,"Independente, McPherson",Mola helicoidal,Eixo de torção,,,,,5,"10,2 m",,,,,,,,,,,,,,"2,17 m²","0,694 m²",,"0,32",715 km,495 km,13 km/l,9 km/l,,185/65 R15,,,,,,,,,,,,,,,,,,,,,,,,,,,,,,,,,,
kia,Cerato,cerato,cerato-2-0-at-2006,cerato-2-0-at-2006,https://www.fichacompleta.com.br/carros/kia/cerato-2-0-at-2006,2026-06-18T12:08:48.163078,Kia Cerato 2.0 AT 2006,"11,7 s",190 km/h,Conversor de torque,Automático,4,Dianteira,Injeção multiponto,Natural,1975 cm³,4 em linha,Beta,Duplo no cabeçote,"93,5 mm",82 mm,Transversal,Dianteiro,"9,1 kg/cv","68,8 kg/kgfm","71,4 cv/litro",141 cv,"10,1:1",,,"9,4 kgfm/litro","18,6 kgfm",4,1470 mm,160 mm,1495 mm,1495 mm,510 kg,4480 mm,2610 mm,1735 mm,1280 kg,345 litros,55 litros,120 mm,Disco ventilado,Tambor,Hidráulica,"10,2 m","Indep., McPherson",Mola helicoidal,Eixo de torção,,,,,4,"10,2 m",,6000 rpm,4500 rpm,,,,,,,,Correia dentada,,Admissão,"2,17 m²","0,694 m²","0,32","0,32",699 km,473 km,"12,7 km/l","8,6 km/l",,185/65 R15,Mecânicos,,,,,,,,,,,,,,,,,,,,,,,,,,,,,,,,,
kia,Cerato,cerato,cerato-1-6-2007,cerato-1-6-2007,https://www.fichacompleta.com.br/carros/kia/cerato-1-6-2007,2026-06-18T12:08:52.994667,Kia Cerato 1.6 2007,11 s,185 km/h,Embreagem monodisco a seco,Manual,5,Dianteira,Injeção multiponto,Natural,1599 cm³,4 em linha,Alpha,Duplo no cabeçote,87 mm,"76,5 mm",Transversal,Dianteiro,"11,6 kg/cv","82,9 kg/kgfm","65,0 cv/litro",104 cv,10:1,5800 rpm,4500 rpm,"9,1 kgfm/litro","14,6 kgfm",4,1470 mm,160 mm,1495 mm,1495 mm,510 kg,4480 mm,2610 mm,1735 mm,1210 kg,345 litros,55 litros,120 mm,Disco ventilado,Tambor,Hidráulica,"10,2 m","Indep., McPherson",Mola helicoidal,Eixo de torção,,,,,,,,,,,,,,,,,,,,"2,17 m²","0,694 m²","0,32",,715 km,495 km,13 km/l,9 km/l,,185/65 R15,,,,,,,,,,,,,,,,,,,,,,,,,,,,,,,,,,
kia,Cerato,cerato,cerato-1-6-2008,cerato-1-6-2008,https://www.fichacompleta.com.br/carros/kia/cerato-1-6-2008,2026-06-18T12:08:56.861073,Kia Cerato 1.6 2008,11 s,185 km/h,Embreagem monodisco a seco,Manual,5,Dianteira,Injeção multiponto,Natural,1599 cm³,4 em linha,Alpha,Duplo no cabeçote,87 mm,"76,5 mm",Transversal,Dianteiro,"10,0 kg/cv","77,8 kg/kgfm","75,7 cv/litro",121 cv,10:1,6200 rpm,4200 rpm,"9,8 kgfm/litro","15,6 kgfm",4,1470 mm,,1495 mm,1485 mm,,4510 mm,2610 mm,1760 mm,1214 kg,345 litros,55 litros,120 mm,Disco ventilado,Tambor,Hidráulica,"10,3 m","Indep., McPherson",Mola helicoidal,Eixo de torção,,,,,,,,,,,,,,,,,,,Admissão,"2,2 m²","0,726 m²","0,33",,715 km,495 km,13 km/l,9 km/l,,185/65 R15,,,,,,,,,,,,,,,,,,,,,,,,,,,,,,,,,,
kia,Cerato,cerato,cerato-1-6-at-2008,cerato-1-6-at-2008,https://www.fichacompleta.com.br/carros/kia/cerato-1-6-at-2008,2026-06-18T12:08:59.349128,Kia Cerato 1.6 AT 2008,13 s,180 km/h,Conversor de torque,Automático,4,Dianteira,Injeção multiponto,Natural,1599 cm³,4 em linha,Alpha,Duplo no cabeçote,87 mm,"76,5 mm",Transversal,Dianteiro,"10,2 kg/cv","78,8 kg/kgfm","75,7 cv/litro",121 cv,10:1,6200 rpm,4200 rpm,"9,8 kgfm/litro","15,6 kgfm",4,1470 mm,,1495 mm,1485 mm,,4510 mm,2610 mm,1760 mm,1230 kg,345 litros,55 litros,120 mm,Disco ventilado,Tambor,Hidráulica,"10,3 m","Indep., McPherson",Mola helicoidal,Eixo de torção,,,,,,,,,,,,,,,,,,,Admissão,"2,2 m²","0,726 m²","0,33",,660 km,440 km,12 km/l,8 km/l,,185/65 R15,,,,,,,,,,,,,,,,,,,,,,,,,,,,,,,,,,
kia,Cerato,cerato,cerato-1-6-2009,cerato-1-6-2009,https://www.fichacompleta.com.br/carros/kia/cerato-1-6-2009,2026-06-18T12:09:04.824196,Kia Cerato 1.6 2009,11 s,185 km/h,Embreagem monodisco a seco,Manual,5,Dianteira,Injeção multiponto,Natural,1599 cm³,4 em linha,Alpha,Duplo no cabeçote,87 mm,"76,5 mm",Transversal,Dianteiro,"10,0 kg/cv","77,8 kg/kgfm","75,7 cv/litro",121 cv,10:1,6200 rpm,4200 rpm,"9,8 kgfm/litro","15,6 kgfm",4,1470 mm,,1495 mm,1485 mm,,4510 mm,2610 mm,1760 mm,1214 kg,345 litros,55 litros,120 mm,Disco ventilado,Tambor,Hidráulica,"10,3 m","Indep., McPherson",Mola helicoidal,Eixo de torção,,,,,,,,,,,,,,,,,,,Admissão,"2,2 m²","0,726 m²","0,33",,715 km,495 km,13 km/l,9 km/l,,185/65 R15,,,,,,,,,,,,,,,,,,,,,,,,,,,,,,,,,,
kia,Cerato,cerato,cerato-1-6-at-2009,cerato-1-6-at-2009,https://www.fichacompleta.com.br/carros/kia/cerato-1-6-at-2009,2026-06-18T12:09:09.579890,Kia Cerato 1.6 AT 2009,13 s,180 km/h,Conversor de torque,Automático,,Dianteira,Injeção multiponto,Natural,1599 cm³,4 em linha,Alpha,Duplo no cabeçote,,,Transversal,Dianteiro,"10,2 kg/cv","78,8 kg/kgfm","75,7 cv/litro",121 cv a 6200 rpm,10:1,,,"9,8 kgfm/litro","15,6 kgfm a 4200 rpm",4,1470 mm,,1495 mm,1485 mm,,4510 mm,2610 mm,1760 mm,1230 kg,345 litros,55 litros,120 mm,Disco ventilado,Tambor,Hidráulica,,"Independente, McPherson",Mola helicoidal,Eixo de torção,,,,,4,"10,3 m",,,,,87 mm,"76,5 mm",,,,,,,Admissão,"2,2 m²","0,726 m²",,"0,33",660 km,440 km,12 km/l,8 km/l,,185/65 R15,,,,,,,,,,,,,,,,,,,,,,,,,,,,,,,,,,
kia,Cerato,cerato,cerato-1-6-2010,cerato-1-6-2010,https://www.fichacompleta.com.br/carros/kia/cerato-1-6-2010,2026-06-18T12:09:14.440206,Kia Cerato 1.6 2010,11 s,195 km/h,Embreagem monodisco a seco,Manual,5,Dianteira,Injeção multiponto,Natural,1591 cm³,4 em linha,Gamma,Duplo no cabeçote,"85,4 mm",77 mm,Transversal,Dianteiro,"9,7 kg/cv","76,9 kg/kgfm","79,2 cv/litro",126 cv,"10,5:1",,,"10,0 kgfm/litro","15,9 kgfm",4,1460 mm,150 mm,1557 mm,1564 mm,457 kg,4530 mm,2650 mm,1775 mm,1223 kg,415 litros,52 litros,113 mm,Disco ventilado,Disco sólido,Hidráulica,"10,3 m","Indep., McPherson",Mola helicoidal,Eixo de torção,,,,,5,"10,3 m",,6300 rpm,4200 rpm,,,,,,,,Corrente,,Admissão,"2,2 m²","0,638 m²","0,29","0,29",655 km,510 km,"12,6 km/l","9,8 km/l",,205/55 R16,Mecânicos,,,,,,,,,,,,,,,,,,,,,,,,,,,,,,,,,
kia,Cerato,cerato,cerato-1-6-at-2010,cerato-1-6-at-2010,https://www.fichacompleta.com.br/carros/kia/cerato-1-6-at-2010,2026-06-18T12:09:17.408985,Kia Cerato 1.6 AT 2010,"12,4 s",189 km/h,Conversor de torque,Automático,4,Dianteira,Injeção multiponto,Natural,1591 cm³,4 em linha,Gamma,Duplo no cabeçote,"85,4 mm",77 mm,Transversal,Dianteiro,"9,9 kg/cv","78,5 kg/kgfm","79,2 cv/litro",126 cv,"10,5:1",,,"10,0 kgfm/litro","15,9 kgfm",4,1460 mm,150 mm,1557 mm,1564 mm,457 kg,4530 mm,2650 mm,1775 mm,1248 kg,415 litros,52 litros,113 mm,Disco ventilado,Disco sólido,Hidráulica,"10,3 m","Indep., McPherson",Mola helicoidal,Eixo de torção,,,,,4,"10,3 m",,6300 rpm,4200 rpm,,,,,,,,Corrente,,Admissão,"2,2 m²","0,638 m²","0,29","0,29",634 km,494 km,"12,2 km/l","9,5 km/l",,205/55 R16,Mecânicos,,,,,,,,,,,,,,,,,,,,,,,,,,,,,,,,,
kia,Cerato,cerato,cerato-1-6-2011,cerato-1-6-2011,https://www.fichacompleta.com.br/carros/kia/cerato-1-6-2011,2026-06-18T12:09:22.943142,Kia Cerato 1.6 2011,11 s,195 km/h,Embreagem monodisco a seco,Manual,,Dianteira,Injeção multiponto,Natural,1591 cm³,4 em linha,Gamma,"Duplo no cabeçote, corrente","85,4 mm",77 mm,Transversal,Dianteiro,"9,7 kg/cv","76,9 kg/kgfm","79,2 cv/litro",126 cv a 6300 rpm,"10,5:1",,,"10,0 kgfm/litro","15,9 kgfm a 4200 rpm",4,1460 mm,150 mm,1557 mm,1564 mm,457 kg,4530 mm,2650 mm,1775 mm,1223 kg,415 litros,52 litros,113 mm,Disco ventilado,Disco sólido,Hidráulica,,"Independente, McPherson",Mola helicoidal,Eixo de torção,,,,,6,"10,3 m",,,,,,,,,,,,,Admissão,"2,2 m²","0,638 m²",,"0,29",660 km,515 km,"12,7 km/l","9,9 km/l",,205/55 R16,Mecânicos,,,,,,,,,,,,,,,,,,,,,,,,,,,,,,,,,
kia,Cerato,cerato,cerato-1-6-at-2011,cerato-1-6-at-2011,https://www.fichacompleta.com.br/carros/kia/cerato-1-6-at-2011,2026-06-18T12:09:26.667020,Kia Cerato 1.6 AT 2011,"12,4 s",189 km/h,Conversor de torque,Automático,,Dianteira,Injeção multiponto,Natural,1591 cm³,4 em linha,Gamma,"Duplo no cabeçote, corrente","85,4 mm",77 mm,Transversal,Dianteiro,"9,9 kg/cv","78,5 kg/kgfm","79,2 cv/litro",126 cv a 6300 rpm,"10,5:1",,,"10,0 kgfm/litro","15,9 kgfm a 4200 rpm",4,1460 mm,150 mm,1557 mm,1564 mm,457 kg,4530 mm,2650 mm,1775 mm,1248 kg,415 litros,52 litros,113 mm,Disco ventilado,Disco sólido,Hidráulica,,"Independente, McPherson",Mola helicoidal,Eixo de torção,,,,,6,"10,3 m",,,,,,,,,,,,,Admissão,"2,2 m²","0,638 m²",,"0,29",640 km,515 km,"12,3 km/l","9,9 km/l",,205/55 R16,Mecânicos,,,,,,,,,,,,,,,,,,,,,,,,,,,,,,,,,
kia,Cerato,cerato,cerato-1-6-2012,cerato-1-6-2012,https://www.fichacompleta.com.br/carros/kia/cerato-1-6-2012,2026-06-18T12:09:29.293296,Kia Cerato 1.6 2012,11 s,195 km/h,Embreagem monodisco a seco,Manual,,Dianteira,Injeção multiponto,Natural,1591 cm³,4 em linha,Gamma,"Duplo no cabeçote, corrente","85,4 mm",77 mm,Transversal,Dianteiro,"9,7 kg/cv","76,9 kg/kgfm","79,2 cv/litro",126 cv a 6300 rpm,"10,5:1",,,"10,0 kgfm/litro","15,9 kgfm a 4200 rpm",4,1460 mm,150 mm,1557 mm,1564 mm,457 kg,4530 mm,2650 mm,1775 mm,1223 kg,415 litros,52 litros,113 mm,Disco ventilado,Disco sólido,Hidráulica,,"Independente, McPherson",Mola helicoidal,Eixo de torção,,,,,6,"10,3 m",,,,,,,,,,,,,Admissão,"2,2 m²","0,638 m²",,"0,29",660 km,515 km,"12,7 km/l","9,9 km/l",,205/55 R16,Mecânicos,,,,,,,,,,,,,,,,,,,,,,,,,,,,,,,,,
kia,Cerato,cerato,cerato-1-6-at-2012,cerato-1-6-at-2012,https://www.fichacompleta.com.br/carros/kia/cerato-1-6-at-2012,2026-06-18T12:09:32.197324,Kia Cerato 1.6 AT 2012,"12,4 s",189 km/h,Conversor de torque,Automático,,Dianteira,Injeção multiponto,Natural,1591 cm³,4 em linha,Gamma,"Duplo no cabeçote, corrente","85,4 mm",77 mm,Transversal,Dianteiro,"9,9 kg/cv","78,5 kg/kgfm","79,2 cv/litro",126 cv a 6300 rpm,"10,5:1",,,"10,0 kgfm/litro","15,9 kgfm a 4200 rpm",4,1460 mm,150 mm,1557 mm,1564 mm,457 kg,4530 mm,2650 mm,1775 mm,1248 kg,415 litros,52 litros,113 mm,Disco ventilado,Disco sólido,Hidráulica,,"Independente, McPherson",Mola helicoidal,Eixo de torção,,,,,6,"10,3 m",,,,,,,,,,,,,Admissão,"2,2 m²","0,638 m²",,"0,29",640 km,515 km,"12,3 km/l","9,9 km/l",,205/55 R16,Mecânicos,,,,,,,,,,,,,,,,,,,,,,,,,,,,,,,,,
kia,Cerato,cerato,cerato-1-6-2013,cerato-1-6-2013,https://www.fichacompleta.com.br/carros/kia/cerato-1-6-2013,2026-06-18T12:09:36.529583,Kia Cerato 1.6 2013,11 s,195 km/h,Embreagem monodisco a seco,Manual,,Dianteira,Injeção multiponto,Natural,1591 cm³,4 em linha,Gamma,"Duplo no cabeçote, corrente","85,4 mm",77 mm,Transversal,Dianteiro,"9,7 kg/cv","76,9 kg/kgfm","79,2 cv/litro",126 cv a 6300 rpm,"10,5:1",,,"10,0 kgfm/litro","15,9 kgfm a 4200 rpm",4,1460 mm,150 mm,1557 mm,1564 mm,457 kg,4530 mm,2650 mm,1775 mm,1223 kg,415 litros,52 litros,113 mm,Disco ventilado,Disco sólido,Hidráulica,,"Independente, McPherson",Mola helicoidal,Eixo de torção,,,,,6,"10,3 m",,,,,,,,,,,,,Admissão,"2,2 m²","0,638 m²",,"0,29",660 km,515 km,"12,7 km/l","9,9 km/l",,205/55 R16,Mecânicos,,,,,,,,,,,,,,,,,,,,,,,,,,,,,,,,,
kia,Cerato,cerato,cerato-1-6-at-2013,cerato-1-6-at-2013,https://www.fichacompleta.com.br/carros/kia/cerato-1-6-at-2013,2026-06-18T12:09:39.072139,Kia Cerato 1.6 AT 2013,"12,4 s",189 km/h,Conversor de torque,Automático,,Dianteira,Injeção multiponto,Natural,1591 cm³,4 em linha,Gamma,"Duplo no cabeçote, corrente","85,4 mm",77 mm,Transversal,Dianteiro,"9,9 kg/cv","78,5 kg/kgfm","79,2 cv/litro",126 cv a 6300 rpm,"10,5:1",,,"10,0 kgfm/litro","15,9 kgfm a 4200 rpm",4,1460 mm,150 mm,1557 mm,1564 mm,457 kg,4530 mm,2650 mm,1775 mm,1248 kg,415 litros,52 litros,113 mm,Disco ventilado,Disco sólido,Hidráulica,,"Independente, McPherson",Mola helicoidal,Eixo de torção,,,,,6,"10,3 m",,,,,,,,,,,,,Admissão,"2,2 m²","0,638 m²",,"0,29",640 km,515 km,"12,3 km/l","9,9 km/l",,205/55 R16,Mecânicos,,,,,,,,,,,,,,,,,,,,,,,,,,,,,,,,,
kia,Cerato,cerato,cerato-1-6-2014,cerato-1-6-2014,https://www.fichacompleta.com.br/carros/kia/cerato-1-6-2014,2026-06-18T12:09:42.450960,Kia Cerato 1.6 2014,"11,8 s",185 km/h,Embreagem monodisco a seco,Manual,6,Dianteira,Injeção multiponto,Natural,1591 cm³,4 em linha,Gamma,Duplo no cabeçote,"85,4 mm",77 mm,Transversal,Dianteiro,"9,1 kg/cv","71,0 kg/kgfm","80,5 cv/litro",128 cv (A) 122 cv (G) a 6000 rpm,12:1,,,"10,4 kgfm/litro","16,5 kgfm (A) 16 kgfm (G) a 5000 rpm",4,1460 mm,165 mm,1555 mm,1568 mm,549 kg,4560 mm,2700 mm,1780 mm,1171 kg,421 litros,50 litros,123 mm,Disco ventilado,Disco sólido,Elétrica,"10,6 m","Indep., McPherson",Mola helicoidal,Eixo de torção,,,,,6,"10,6 m",,6000 rpm,5000 rpm,,,,,,,,Corrente,,Admissão,"2,21 m²","0,597 m²","0,27","0,27",700 km,500 km,14 km/l,10 km/l,,205/60 R16,Mecânicos,,,,,,128 cv,122 cv,"16,5 kgfm",16 kgfm,465 km,340 km,"9,3 km/l","6,8 km/l",,,,,,,,,,,,,,,,,,,,
kia,Cerato,cerato,cerato-1-6-at-2014,cerato-1-6-at-2014,https://www.fichacompleta.com.br/carros/kia/cerato-1-6-at-2014,2026-06-18T12:09:47.209645,Kia Cerato 1.6 AT 2014,"12,9 s",180 km/h,Conversor de torque,Automático,6,Dianteira,Injeção multiponto,Natural,1591 cm³,4 em linha,Gamma,Duplo no cabeçote,"85,4 mm",77 mm,Transversal,Dianteiro,"9,4 kg/cv","73,0 kg/kgfm","80,5 cv/litro",128 cv (A) 122 cv (G) a 6000 rpm,12:1,,,"10,4 kgfm/litro","16,5 kgfm (A) 16 kgfm (G) a 5000 rpm",4,1460 mm,165 mm,1555 mm,1568 mm,515 kg,4560 mm,2700 mm,1780 mm,1205 kg,421 litros,50 litros,123 mm,Disco ventilado,Disco sólido,Elétrica,"10,6 m","Indep., McPherson",Mola helicoidal,Eixo de torção,,,,,6,"10,6 m",,6000 rpm,5000 rpm,,,,,,,,Corrente,,Admissão,"2,21 m²","0,597 m²","0,27","0,27",620 km,475 km,"12,4 km/l","9,5 km/l",,205/60 R16,Mecânicos,,,,,,128 cv,122 cv,"16,5 kgfm",16 kgfm,455 km,330 km,"9,1 km/l","6,6 km/l",,,,,,,,,,,,,,,,,,,,
kia,Cerato,cerato,cerato-1-6-at-2015,cerato-1-6-at-2015,https://www.fichacompleta.com.br/carros/kia/cerato-1-6-at-2015,2026-06-18T12:09:51.690357,Kia Cerato 1.6 AT 2015,"12,9 s",180 km/h,Conversor de torque,Automático,,Dianteira,Injeção multiponto,Natural,1591 cm³,4 em linha,Gamma,"Duplo no cabeçote, corrente","85,4 mm",77 mm,Transversal,Dianteiro,"9,4 kg/cv","73,0 kg/kgfm","80,5 cv/litro",128 cv (A) 122 cv (G) a 6000 rpm,12:1,,,"10,4 kgfm/litro","16,5 kgfm (A) 16 kgfm (G) a 5000 rpm",4,1460 mm,165 mm,1555 mm,1568 mm,515 kg,4560 mm,2700 mm,1780 mm,1205 kg,421 litros,50 litros,123 mm,Disco ventilado,Disco sólido,Elétrica,,"Independente, McPherson",Mola helicoidal,Eixo de torção,,,,,6,"10,6 m",,,,,,,,,,,,,Admissão,"2,21 m²","0,597 m²",,"0,27",620 km,475 km,"12,4 km/l","9,5 km/l",,205/60 R16,Mecânicos,,,,,,,,,,455 km,330 km,"9,1 km/l","6,6 km/l",,,,,,,,,,,,,,,,,,,,
kia,Cerato,cerato,cerato-1-6-at-2016,cerato-1-6-at-2016,https://www.fichacompleta.com.br/carros/kia/cerato-1-6-at-2016,2026-06-18T12:09:57.844351,Kia Cerato 1.6 AT 2016,"12,9 s",180 km/h,Conversor de torque,Automático,,Dianteira,Injeção multiponto,Natural,1591 cm³,4 em linha,Gamma,"Duplo no cabeçote, corrente","85,4 mm",77 mm,Transversal,Dianteiro,"9,4 kg/cv","73,0 kg/kgfm","80,5 cv/litro",128 cv (A) 122 cv (G) a 6000 rpm,12:1,,,"10,4 kgfm/litro","16,5 kgfm (A) 16 kgfm (G) a 5000 rpm",4,1460 mm,165 mm,1555 mm,1568 mm,515 kg,4560 mm,2700 mm,1780 mm,1205 kg,421 litros,50 litros,123 mm,Disco ventilado,Disco sólido,Elétrica,,"Independente, McPherson",Mola helicoidal,Eixo de torção,,,,,6,"10,6 m",,,,,,,,,,,,,Admissão,"2,21 m²","0,597 m²",,"0,27",620 km,475 km,"12,4 km/l","9,5 km/l",,205/60 R16,Mecânicos,,,,,,,,,,455 km,330 km,"9,1 km/l","6,6 km/l",,,,,,,,,,,,,,,,,,,,
kia,Cerato,cerato,cerato-1-6-at-2017,cerato-1-6-at-2017,https://www.fichacompleta.com.br/carros/kia/cerato-1-6-at-2017,2026-06-18T12:10:02.080277,Kia Cerato 1.6 AT 2017,"12,9 s",180 km/h,Conversor de torque,Automático,,Dianteira,Injeção multiponto,Natural,1591 cm³,4 em linha,Gamma,"Duplo no cabeçote, corrente","85,4 mm",77 mm,Transversal,Dianteiro,"9,4 kg/cv","73,0 kg/kgfm","80,5 cv/litro",128 cv (A) 122 cv (G) a 6000 rpm,12:1,,,"10,4 kgfm/litro","16,5 kgfm (A) 16 kgfm (G) a 5000 rpm",4,1445 mm,,1557 mm,1570 mm,515 kg,4560 mm,2700 mm,1780 mm,1205 kg,421 litros,50 litros,123 mm,Disco ventilado,Disco sólido,Elétrica,,"Independente, McPherson",Mola helicoidal,Eixo de torção,,,,,6,"10,8 m",,,,,,,,,,,,,Admissão,,,,,620 km,475 km,"12,4 km/l","9,5 km/l",,205/60 R16,Mecânicos,,,,,,,,,,455 km,330 km,"9,1 km/l","6,6 km/l",,,,,,,,,,,,,,,,,,,,
kia,Cerato,cerato,cerato-1-6-at-2018,cerato-1-6-at-2018,https://www.fichacompleta.com.br/carros/kia/cerato-1-6-at-2018,2026-06-18T12:10:06.385083,Kia Cerato 1.6 AT 2018,"12,9 s",180 km/h,Conversor de torque,Automático,,Dianteira,Injeção multiponto,Natural,1591 cm³,4 em linha,Gamma,"Duplo no cabeçote, corrente","85,4 mm",77 mm,Transversal,Dianteiro,"9,4 kg/cv","73,0 kg/kgfm","80,5 cv/litro",128 cv (A) 122 cv (G) a 6000 rpm,12:1,,,"10,4 kgfm/litro","16,5 kgfm (A) 16 kgfm (G) a 5000 rpm",4,1445 mm,,1557 mm,1570 mm,515 kg,4560 mm,2700 mm,1780 mm,1205 kg,421 litros,50 litros,123 mm,Disco ventilado,Disco sólido,Elétrica,,"Independente, McPherson",Mola helicoidal,Eixo de torção,,,,,6,"10,8 m",,,,,,,,,,,,,Admissão,,,,,620 km,475 km,"12,4 km/l","9,5 km/l",,205/60 R16,Mecânicos,,,,,,,,,,455 km,330 km,"9,1 km/l","6,6 km/l",,,,,,,,,,,,,,,,,,,,
kia,Cerato,cerato,cerato-1-6-at-2019,cerato-1-6-at-2019,https://www.fichacompleta.com.br/carros/kia/cerato-1-6-at-2019,2026-06-18T12:10:10.731037,Kia Cerato 1.6 AT 2019,"12,9 s",180 km/h,Conversor de torque,Automático,,Dianteira,Injeção multiponto,Natural,1591 cm³,4 em linha,Gamma,"Duplo no cabeçote, corrente","85,4 mm",77 mm,Transversal,Dianteiro,"9,4 kg/cv","73,0 kg/kgfm","80,5 cv/litro",128 cv (A) 122 cv (G) a 6000 rpm,12:1,,,"10,4 kgfm/litro","16,5 kgfm (A) 16 kgfm (G) a 5000 rpm",4,1445 mm,,1557 mm,1570 mm,515 kg,4560 mm,2700 mm,1780 mm,1205 kg,421 litros,50 litros,123 mm,Disco ventilado,Disco sólido,Elétrica,,"Independente, McPherson",Mola helicoidal,Eixo de torção,,,,,6,"10,8 m",,,,,,,,,,,,,Admissão,,,,,630 km,505 km,"12,6 km/l","10,1 km/l",,205/60 R16,Mecânicos,,,,,,,,,,465 km,350 km,"9,3 km/l",7 km/l,,,,,,,,,,,,,,,,,,,,
kia,Cerato,cerato,cerato-ex-2-0-2020,cerato-ex-2-0-2020,https://www.fichacompleta.com.br/carros/kia/cerato-ex-2-0-2020,2026-06-18T12:10:14.619152,Kia Cerato EX 2.0 2020,"10,5 s",195 km/h,Conversor de torque,Automático,6,Dianteira,Injeção multiponto,Natural,1999 cm³,4 em linha,Nu,Duplo no cabeçote,97 mm,81 mm,Transversal,Dianteiro,"7,7 kg/cv","62,3 kg/kgfm","83,5 cv/litro",,12:1,6200 rpm,4700 rpm,"10,3 kgfm/litro",,4,1465 mm,135 mm,1555 mm,1564 mm,447 kg,4640 mm,2700 mm,1800 mm,1283 kg,520 litros,50 litros,123 mm,Disco ventilado,Disco sólido,Elétrica,"10,8 m","Indep., McPherson",Mola helicoidal,Eixo de torção,,,,,,,,,,,,,350 kg,,,350 kg,Corrente,,Admissão e escape,"2,24 m²","0,605 m²","0,27",,655 km,480 km,"13,1 km/l","9,6 km/l",A6MF1,205/60 R16,Hidráulicos,,,,,,167 cv,157 cv,"20,6 kgfm","19,2 kgfm",465 km,325 km,"9,3 km/l","6,5 km/l",6500 rpm,,,,,,,,,,,,,,,,,,,
kia,Cerato,cerato,cerato-sx-2-0-2020,cerato-sx-2-0-2020,https://www.fichacompleta.com.br/carros/kia/cerato-sx-2-0-2020,2026-06-18T12:10:18.316027,Kia Cerato SX 2.0 2020,"10,5 s",195 km/h,Conversor de torque,Automático,6,Dianteira,Injeção multiponto,Natural,1999 cm³,4 em linha,Nu,Duplo no cabeçote,97 mm,81 mm,Transversal,Dianteiro,"7,7 kg/cv","62,3 kg/kgfm","83,5 cv/litro",,12:1,6200 rpm,4700 rpm,"10,3 kgfm/litro",,4,1465 mm,135 mm,1555 mm,1564 mm,447 kg,4640 mm,2700 mm,1800 mm,1283 kg,520 litros,50 litros,123 mm,Disco ventilado,Disco sólido,Elétrica,"10,8 m","Indep., McPherson",Mola helicoidal,Eixo de torção,,,,,,,,,,,,,350 kg,,,350 kg,Corrente,,Admissão e escape,"2,24 m²","0,605 m²","0,27",,655 km,480 km,"13,1 km/l","9,6 km/l",A6MF1,205/60 R16,Hidráulicos,,,,,,167 cv,157 cv,"20,6 kgfm","19,2 kgfm",465 km,325 km,"9,3 km/l","6,5 km/l",6500 rpm,,,,,,,,,,,,,,,,,,,
kia,Cerato,cerato,cerato-ex-2-0-2022,cerato-ex-2-0-2022,https://www.fichacompleta.com.br/carros/kia/cerato-ex-2-0-2022,2026-06-18T12:10:22.578781,Kia Cerato EX 2.0 2022,"10,5 s",195 km/h,Conversor de torque,Automático,6,Dianteira,Injeção multiponto,Natural,1999 cm³,4 em linha,Nu,Duplo no cabeçote,97 mm,81 mm,Transversal,Dianteiro,"7,7 kg/cv","62,3 kg/kgfm","83,5 cv/litro",,12:1,,,"10,3 kgfm/litro",,4,1440 mm,135 mm,,,447 kg,4640 mm,2700 mm,1800 mm,1283 kg,520 litros,50 litros,123 mm,Disco ventilado,Disco sólido,Elétrica,"10,8 m","Indep., McPherson",Mola helicoidal,Eixo de torção,,,,,,,,6200 rpm,4700 rpm,,,,,,,,Corrente,,Admissão e escape,"2,2 m²","0,594 m²","0,27",,655 km,480 km,"13,1 km/l","9,6 km/l",A6MF1,205/60 R16,Hidráulicos,,,,,,,,,,465 km,325 km,"9,3 km/l","6,5 km/l",6500 rpm,167 cv,157 cv,"20,6 kgfm","19,2 kgfm",,,,,,,,,,,,,,,
kia,Cerato,cerato,cerato-sx-2-0-2022,cerato-sx-2-0-2022,https://www.fichacompleta.com.br/carros/kia/cerato-sx-2-0-2022,2026-06-18T12:10:25.677433,Kia Cerato SX 2.0 2022,"10,5 s",195 km/h,Conversor de torque,Automático,6,Dianteira,Injeção multiponto,Natural,1999 cm³,4 em linha,Nu,Duplo no cabeçote,97 mm,81 mm,Transversal,Dianteiro,"7,7 kg/cv","62,3 kg/kgfm","83,5 cv/litro",,12:1,6200 rpm,4700 rpm,"10,3 kgfm/litro",,4,1465 mm,135 mm,1555 mm,1564 mm,447 kg,4640 mm,2700 mm,1800 mm,1283 kg,520 litros,50 litros,123 mm,Disco ventilado,Disco sólido,Elétrica,"10,8 m","Indep., McPherson",Mola helicoidal,Eixo de torção,,,,,,,,,,,,,350 kg,,,350 kg,Corrente,,Admissão e escape,"2,24 m²","0,605 m²","0,27",,655 km,480 km,"13,1 km/l","9,6 km/l",A6MF1,205/60 R16,Hidráulicos,,,,,,167 cv,157 cv,"20,6 kgfm","19,2 kgfm",465 km,325 km,"9,3 km/l","6,5 km/l",6500 rpm,,,,,,,,,,,,,,,,,,,
kia,Ceres,ceres,ceres-2-2-1993,ceres-2-2-1993,https://www.fichacompleta.com.br/carros/kia/ceres-2-2-1993,2026-06-18T12:10:47.831937,Kia Ceres 2.2 1993,35 s,120 km/h,Embreagem monodisco a seco,Manual,5,Integral temporária,Injeção indireta,Natural,,4 em linha,HW,Único no cabeçote,94 mm,86 mm,Longitudinal,Dianteiro,"27,54 kg/cv","123,4 kg/kgfm","29,8 cv/litro",65 cv,"22,9:1",4050 rpm,2500 rpm,"6,6 kgfm/litro","14,5 kgfm",2,1995 mm,,1490 mm,1460 mm,1530 kg,4585 mm,2415 mm,1600 mm,1790 kg,1812 litros,50 litros,156 mm,Tambor,Tambor,Não assistida,10 m,Eixo rígido,Feixe de molas semielípticas,Eixo rígido,420 km,365 km,"8,4 km/l","7,3 km/l",,,,,,,,,,546 cm³,2184 cm³,,,,,,,,,,,,,,,,,,,,,,,,,,,,,,,,,,,,,,,,,,,,,,,,
kia,Ceres,ceres,ceres-2-2-1994,ceres-2-2-1994,https://www.fichacompleta.com.br/carros/kia/ceres-2-2-1994,2026-06-18T12:10:53.832935,Kia Ceres 2.2 1994,35 s,120 km/h,Embreagem monodisco a seco,Manual,5,Integral temporária,Injeção indireta,Natural,,4 em linha,HW,Único no cabeçote,94 mm,86 mm,Longitudinal,Dianteiro,"27,54 kg/cv","123,4 kg/kgfm","29,8 cv/litro",65 cv,"22,9:1",4050 rpm,2500 rpm,"6,6 kgfm/litro","14,5 kgfm",2,1995 mm,,1490 mm,1460 mm,1530 kg,4585 mm,2415 mm,1600 mm,1790 kg,1812 litros,50 litros,156 mm,Tambor,Tambor,Não assistida,10 m,Eixo rígido,Feixe de molas semielípticas,Eixo rígido,420 km,365 km,"8,4 km/l","7,3 km/l",,,,,,,,,,546 cm³,2184 cm³,,,,,,,,,,,,,,,,,,,,,,,,,,,,,,,,,,,,,,,,,,,,,,,,
kia,Ceres,ceres,ceres-2-2-1995,ceres-2-2-1995,https://www.fichacompleta.com.br/carros/kia/ceres-2-2-1995,2026-06-18T12:10:59.733717,Kia Ceres 2.2 1995,35 s,123 km/h,Embreagem monodisco a seco,Manual,,Traseira,Injeção indireta,Natural,2184 cm³,4 em linha,,Único no cabeçote,,,Longitudinal,Dianteiro,"25,6 kg/cv","123,4 kg/kgfm","32,1 cv/litro",70 cv a 4050 rpm,"22,9:1",,,"6,6 kgfm/litro","14,5 kgfm a 2500 rpm",2,1972 mm,,1490 mm,1460 mm,1530 kg,4820 mm,2415 mm,1740 mm,1790 kg,1812 litros,55 litros,156 mm,Disco ventilado,Tambor,Não assistida,,"Independente, braços sobrepostos",Feixe de molas semielípticas,Eixo rígido,462 km,402 km,"8,4 km/l","7,3 km/l",5,10 m,,,,,94 mm,86 mm,,,,,,,,,,,,,,,,,,,,,,,,,,,,,,,,,,,,,,,,,,,,,,,,,,,
kia,Ceres,ceres,ceres-2-2-1996,ceres-2-2-1996,https://www.fichacompleta.com.br/carros/kia/ceres-2-2-1996,2026-06-18T12:11:02.245142,Kia Ceres 2.2 1996,35 s,120 km/h,Embreagem monodisco a seco,Manual,5,Integral temporária,Injeção indireta,Natural,,4 em linha,HW,Único no cabeçote,94 mm,86 mm,Longitudinal,Dianteiro,"27,54 kg/cv","123,4 kg/kgfm","29,8 cv/litro",65 cv,"22,9:1",4050 rpm,2500 rpm,"6,6 kgfm/litro","14,5 kgfm",2,1995 mm,,1490 mm,1460 mm,1530 kg,4585 mm,2415 mm,1600 mm,1790 kg,1812 litros,50 litros,156 mm,Tambor,Tambor,Não assistida,10 m,Eixo rígido,Feixe de molas semielípticas,Eixo rígido,420 km,365 km,"8,4 km/l","7,3 km/l",,,,,,,,,,546 cm³,2184 cm³,,,,,,,,,,,,,,,,,,,,,,,,,,,,,,,,,,,,,,,,,,,,,,,,
kia,Clarus,clarus,clarus-glx-2-0-1997,clarus-glx-2-0-1997,https://www.fichacompleta.com.br/carros/kia/clarus-glx-2-0-1997,2026-06-18T12:11:22.086513,Kia Clarus GLX 2.0 1997,"11,6 s",195 km/h,Embreagem monodisco a seco,Manual,5,Dianteira,Injeção multiponto,Natural,1998 cm³,4 em linha,FE,Duplo no cabeçote,86 mm,86 mm,Transversal,Dianteiro,"9,6 kg/cv","74,4 kg/kgfm","67,6 cv/litro",135 cv,"9,2:1",,,"8,8 kgfm/litro","17,5 kgfm",4,1420 mm,,,,430 kg,4696 mm,2659 mm,1770 mm,1302 kg,358 litros,60 litros,137 mm,Disco ventilado,Disco sólido,Hidráulica,"10,6 m","Indep., McPherson",Mola helicoidal,"Indep., braços sobrepostos",,,,,5,"10,6 m",,6000 rpm,4000 rpm,,,,,,,,Correia dentada,,,,,,,678 km,450 km,"11,3 km/l","7,5 km/l",,,,,,,,,,,,,,,,,,,,,,,,,,,,,,,,,,,,
kia,Clarus,clarus,clarus-glx-2-0-at-1997,clarus-glx-2-0-at-1997,https://www.fichacompleta.com.br/carros/kia/clarus-glx-2-0-at-1997,2026-06-18T12:11:31.686038,Kia Clarus GLX 2.0 AT 1997,13 s,190 km/h,Conversor de torque,Automático,4,Dianteira,Injeção multiponto,Natural,1998 cm³,4 em linha,FE,Duplo no cabeçote,86 mm,86 mm,Transversal,Dianteiro,"9,9 kg/cv","76,6 kg/kgfm","67,6 cv/litro",,"9,2:1",,,"8,8 kgfm/litro",,4,1420 mm,,,,430 kg,4696 mm,2659 mm,1770 mm,1340 kg,358 litros,60 litros,137 mm,Disco ventilado,Disco sólido,Hidráulica,"10,6 m","Indep., McPherson",Mola helicoidal,"Indep., braços sobrepostos",,,,,,,135 cv,6000 rpm,4000 rpm,"17,5 kgfm",,,,,,,Correia dentada,,,,,,,600 km,420 km,10 km/l,7 km/l,,,,,,,,,,,,,,,,,,,,,,,,,,,,,,,,,,,,
kia,Clarus,clarus,clarus-glx-2-0-1998,clarus-glx-2-0-1998,https://www.fichacompleta.com.br/carros/kia/clarus-glx-2-0-1998,2026-06-18T12:11:40.681195,Kia Clarus GLX 2.0 1998,"11,6 s",195 km/h,Embreagem monodisco a seco,Manual,5,Dianteira,Injeção multiponto,Natural,1998 cm³,4 em linha,FE,Duplo no cabeçote,86 mm,86 mm,Transversal,Dianteiro,"9,6 kg/cv","74,4 kg/kgfm","67,6 cv/litro",,"9,2:1",,,"8,8 kgfm/litro",,4,1420 mm,,,,430 kg,4696 mm,2659 mm,1770 mm,1302 kg,358 litros,60 litros,137 mm,Disco ventilado,Disco sólido,Hidráulica,"10,6 m","Indep., McPherson",Mola helicoidal,"Indep., braços sobrepostos",,,,,,,135 cv,6000 rpm,4000 rpm,"17,5 kgfm",,,,,,,Correia dentada,,,,,,,678 km,450 km,"11,3 km/l","7,5 km/l",,,,,,,,,,,,,,,,,,,,,,,,,,,,,,,,,,,,
kia,Clarus,clarus,clarus-glx-2-0-at-1998,clarus-glx-2-0-at-1998,https://www.fichacompleta.com.br/carros/kia/clarus-glx-2-0-at-1998,2026-06-18T12:11:47.658775,Kia Clarus GLX 2.0 AT 1998,13 s,190 km/h,Conversor de torque,Automático,4,Dianteira,Injeção multiponto,Natural,1998 cm³,4 em linha,FE,Duplo no cabeçote,86 mm,86 mm,Transversal,Dianteiro,"9,9 kg/cv","76,6 kg/kgfm","67,6 cv/litro",,"9,2:1",,,"8,8 kgfm/litro",,4,1420 mm,,,,430 kg,4696 mm,2659 mm,1770 mm,1340 kg,358 litros,60 litros,137 mm,Disco ventilado,Disco sólido,Hidráulica,"10,6 m","Indep., McPherson",Mola helicoidal,"Indep., braços sobrepostos",,,,,,,135 cv,6000 rpm,4000 rpm,"17,5 kgfm",,,,,,,Correia dentada,,,,,,,600 km,420 km,10 km/l,7 km/l,,,,,,,,,,,,,,,,,,,,,,,,,,,,,,,,,,,,
kia,Clarus,clarus,clarus-glx-2-0-1999,clarus-glx-2-0-1999,https://www.fichacompleta.com.br/carros/kia/clarus-glx-2-0-1999,2026-06-18T12:11:50.857996,Kia Clarus GLX 2.0 1999,"11,6 s",195 km/h,Embreagem monodisco a seco,Manual,,Dianteira,Injeção multiponto,Natural,1998 cm³,4 em linha,FE,"Duplo no cabeçote, correia dentada",86 mm,86 mm,Transversal,Dianteiro,"9,7 kg/cv","73,6 kg/kgfm","66,6 cv/litro",133 cv a 6000 rpm,"9,2:1",,,"8,8 kgfm/litro","17,5 kgfm a 4000 rpm",4,1420 mm,,,,,4700 mm,2660 mm,1770 mm,1288 kg,358 litros,60 litros,137 mm,Disco ventilado,Disco sólido,Hidráulica,,"Independente, McPherson",Mola helicoidal,"Independente, braços sobrepostos",,,,,5,"10,6 m",,,,,,,,,,,,,,,,,,678 km,450 km,"11,3 km/l","7,5 km/l",,,,,,,,,,,,,,,,,,,,,,,,,,,,,,,,,,,,
kia,Clarus,clarus,clarus-glx-2-0-at-1999,clarus-glx-2-0-at-1999,https://www.fichacompleta.com.br/carros/kia/clarus-glx-2-0-at-1999,2026-06-18T12:11:55.451225,Kia Clarus GLX 2.0 AT 1999,13 s,190 km/h,Conversor de torque,Automático,4,Dianteira,Injeção multiponto,Natural,1998 cm³,4 em linha,FE,Duplo no cabeçote,86 mm,86 mm,Transversal,Dianteiro,"10,1 kg/cv","76,6 kg/kgfm","66,6 cv/litro",,"9,2:1",,,"8,8 kgfm/litro",,4,1420 mm,165 mm,1500 mm,1500 mm,500 kg,4731 mm,2659 mm,1770 mm,1340 kg,351 litros,60 litros,137 mm,Disco ventilado,Disco sólido,Hidráulica,"10,6 m","Indep., McPherson",Mola helicoidal,"Indep., braços sobrepostos",,,,,,,133 cv,6000 rpm,4000 rpm,"17,5 kgfm",,,1650 kg,,,500 kg,Correia dentada,,,,,,,600 km,420 km,10 km/l,7 km/l,,,,,,,,,,,,,,,,,,,,,,,,,,,,,,,,,,,,
kia,Clarus,clarus,clarus-glx-2-0-2000,clarus-glx-2-0-2000,https://www.fichacompleta.com.br/carros/kia/clarus-glx-2-0-2000,2026-06-18T12:11:58.387871,Kia Clarus GLX 2.0 2000,"11,6 s",195 km/h,Embreagem monodisco a seco,Manual,5,Dianteira,Injeção multiponto,Natural,1998 cm³,4 em linha,FE,Duplo no cabeçote,86 mm,86 mm,Transversal,Dianteiro,"9,8 kg/cv","74,4 kg/kgfm","66,6 cv/litro",,"9,2:1",,,"8,8 kgfm/litro",,4,1420 mm,165 mm,1500 mm,1500 mm,500 kg,4731 mm,2659 mm,1770 mm,1302 kg,351 litros,60 litros,137 mm,Disco ventilado,Disco sólido,Hidráulica,"10,6 m","Indep., McPherson",Mola helicoidal,"Indep., braços sobrepostos",,,,,,,133 cv,6000 rpm,4000 rpm,"17,5 kgfm",,,1650 kg,,,500 kg,Correia dentada,,,,,,,678 km,450 km,"11,3 km/l","7,5 km/l",,,,,,,,,,,,,,,,,,,,,,,,,,,,,,,,,,,,
kia,Clarus,clarus,clarus-glx-2-0-at-2000,clarus-glx-2-0-at-2000,https://www.fichacompleta.com.br/carros/kia/clarus-glx-2-0-at-2000,2026-06-18T12:12:04.114012,Kia Clarus GLX 2.0 AT 2000,13 s,190 km/h,Conversor de torque,Automático,4,Dianteira,Injeção multiponto,Natural,1998 cm³,4 em linha,FE,Duplo no cabeçote,86 mm,86 mm,Transversal,Dianteiro,"10,1 kg/cv","76,6 kg/kgfm","66,6 cv/litro",,"9,2:1",,,"8,8 kgfm/litro",,4,1420 mm,165 mm,1500 mm,1500 mm,500 kg,4731 mm,2659 mm,1770 mm,1340 kg,351 litros,60 litros,137 mm,Disco ventilado,Disco sólido,Hidráulica,"10,6 m","Indep., McPherson",Mola helicoidal,"Indep., braços sobrepostos",,,,,,,133 cv,6000 rpm,4000 rpm,"17,5 kgfm",,,1650 kg,,,500 kg,Correia dentada,,,,,,,600 km,420 km,10 km/l,7 km/l,,,,,,,,,,,,,,,,,,,,,,,,,,,,,,,,,,,,
kia,Clarus Wagon,clarus-wagon,clarus-wagon-glx-2-0-1998,clarus-wagon-glx-2-0-1998,https://www.fichacompleta.com.br/carros/kia/clarus-wagon-glx-2-0-1998,2026-06-18T12:12:20.085089,Kia Clarus Wagon GLX 2.0 1998,"11,6 s",195 km/h,Embreagem monodisco a seco,Manual,5,Dianteira,Injeção multiponto,Natural,,4 em linha,FE,Duplo no cabeçote,86 mm,86 mm,Transversal,Dianteiro,"9,79 kg/cv","74,4 kg/kgfm","66,6 cv/litro",133 cv,"9,2:1",6000 rpm,4000 rpm,"8,8 kgfm/litro","17,5 kgfm",4,1440 mm,177 mm,1500 mm,1500 mm,500 kg,4750 mm,2659 mm,1785 mm,1302 kg,304 litros,60 litros,137 mm,Disco ventilado,Disco sólido,Hidráulica,"10,6 m","Indep., McPherson",Mola helicoidal,"Indep., braços sobrepostos",,,,,,,,,,,,,1650 kg,500 cm³,1998 cm³,500 kg,Correia dentada,,,,,,,678 km,450 km,"11,3 km/l","7,5 km/l",,,,,,,,,,,,,,,,,,,,,,,,,,,,,,,,,,,,
kia,Clarus Wagon,clarus-wagon,clarus-wagon-glx-2-0-1999,clarus-wagon-glx-2-0-1999,https://www.fichacompleta.com.br/carros/kia/clarus-wagon-glx-2-0-1999,2026-06-18T12:12:24.046051,Kia Clarus Wagon GLX 2.0 1999,"11,6 s",195 km/h,Embreagem monodisco a seco,Manual,5,Dianteira,Injeção multiponto,Natural,,4 em linha,FE,Duplo no cabeçote,86 mm,86 mm,Transversal,Dianteiro,"9,79 kg/cv","74,4 kg/kgfm","66,6 cv/litro",133 cv,"9,2:1",6000 rpm,4000 rpm,"8,8 kgfm/litro","17,5 kgfm",4,1440 mm,177 mm,1500 mm,1500 mm,500 kg,4750 mm,2659 mm,1785 mm,1302 kg,304 litros,60 litros,137 mm,Disco ventilado,Disco sólido,Hidráulica,"10,6 m","Indep., McPherson",Mola helicoidal,"Indep., braços sobrepostos",,,,,,,,,,,,,1650 kg,500 cm³,1998 cm³,500 kg,Correia dentada,,,,,,,678 km,450 km,"11,3 km/l","7,5 km/l",,,,,,,,,,,,,,,,,,,,,,,,,,,,,,,,,,,,
kia,Clarus Wagon,clarus-wagon,clarus-wagon-glx-2-0-at-1999,clarus-wagon-glx-2-0-at-1999,https://www.fichacompleta.com.br/carros/kia/clarus-wagon-glx-2-0-at-1999,2026-06-18T12:12:28.911153,Kia Clarus Wagon GLX 2.0 AT 1999,13 s,190 km/h,Conversor de torque,Automático,4,Dianteira,Injeção multiponto,Natural,,4 em linha,FE,Duplo no cabeçote,86 mm,86 mm,Transversal,Dianteiro,"10,12 kg/cv","76,9 kg/kgfm","66,6 cv/litro",133 cv,"9,2:1",6000 rpm,4000 rpm,"8,8 kgfm/litro","17,5 kgfm",4,1440 mm,177 mm,1500 mm,1500 mm,500 kg,4750 mm,2659 mm,1785 mm,1346 kg,304 litros,60 litros,137 mm,Disco ventilado,Disco sólido,Hidráulica,"10,6 m","Indep., McPherson",Mola helicoidal,"Indep., braços sobrepostos",,,,,,,,,,,,,1650 kg,500 cm³,1998 cm³,500 kg,Correia dentada,,,,,,,600 km,420 km,10 km/l,7 km/l,,,,,,,,,,,,,,,,,,,,,,,,,,,,,,,,,,,,
kia,Clarus Wagon,clarus-wagon,clarus-wagon-glx-2-0-2000,clarus-wagon-glx-2-0-2000,https://www.fichacompleta.com.br/carros/kia/clarus-wagon-glx-2-0-2000,2026-06-18T12:12:32.910256,Kia Clarus Wagon GLX 2.0 2000,"11,6 s",195 km/h,Embreagem monodisco a seco,Manual,5,Dianteira,Injeção multiponto,Natural,,4 em linha,FE,Duplo no cabeçote,86 mm,86 mm,Transversal,Dianteiro,"9,79 kg/cv","74,4 kg/kgfm","66,6 cv/litro",133 cv,"9,2:1",6000 rpm,4000 rpm,"8,8 kgfm/litro","17,5 kgfm",4,1440 mm,177 mm,1500 mm,1500 mm,500 kg,4750 mm,2659 mm,1785 mm,1302 kg,304 litros,60 litros,137 mm,Disco ventilado,Disco sólido,Hidráulica,"10,6 m","Indep., McPherson",Mola helicoidal,"Indep., braços sobrepostos",,,,,,,,,,,,,1650 kg,500 cm³,1998 cm³,500 kg,Correia dentada,,,,,,,678 km,450 km,"11,3 km/l","7,5 km/l",,,,,,,,,,,,,,,,,,,,,,,,,,,,,,,,,,,,
kia,Clarus Wagon,clarus-wagon,clarus-wagon-glx-2-0-at-2000,clarus-wagon-glx-2-0-at-2000,https://www.fichacompleta.com.br/carros/kia/clarus-wagon-glx-2-0-at-2000,2026-06-18T12:12:36.149516,Kia Clarus Wagon GLX 2.0 AT 2000,13 s,190 km/h,Conversor de torque,Automático,4,Dianteira,Injeção multiponto,Natural,,4 em linha,FE,Duplo no cabeçote,86 mm,86 mm,Transversal,Dianteiro,"10,12 kg/cv","76,9 kg/kgfm","66,6 cv/litro",133 cv,"9,2:1",6000 rpm,4000 rpm,"8,8 kgfm/litro","17,5 kgfm",4,1440 mm,177 mm,1500 mm,1500 mm,500 kg,4750 mm,2659 mm,1785 mm,1346 kg,304 litros,60 litros,137 mm,Disco ventilado,Disco sólido,Hidráulica,"10,6 m","Indep., McPherson",Mola helicoidal,"Indep., braços sobrepostos",,,,,,,,,,,,,1650 kg,500 cm³,1998 cm³,500 kg,Correia dentada,,,,,,,600 km,420 km,10 km/l,7 km/l,,,,,,,,,,,,,,,,,,,,,,,,,,,,,,,,,,,,
kia,Ev9,ev9,ev9-gt-line-2025,ev9-gt-line-2025,https://www.fichacompleta.com.br/carros/kia/ev9-gt-line-2025,2026-06-18T12:13:11.267415,Kia Ev9 GT-Line 2025,"5,3 s",200 km/h,,Automático,1,Integral sob demanda,,,,,,,,,,,"7,02 kg/cv","37,87 kg/kgfm",,,,,,,,,1780 mm,177 mm,1702 mm,1714 mm,536 kg,5015 mm,3100 mm,1980 mm,2704 kg,,,128 mm,Disco ventilado,Disco ventilado,Elétrica,"12,4 m","Indep., McPherson",Mola helicoidal,"Indep., multibraço",,,,,,,192 cv (traseiro),,,"35,7 kgfm (traseiro)",,,2500 kg,,,,,,,3 m²,"0,840 m²","0,28",,,,,,,Kit de reparo,,828 litros,333 litros,,,,,,,,,,,,,,,,,434 km,"99,8 kWh",385 cv,350 kW (DC),"71,4 kgfm",,,,,,,,,,
kia,Ev9,ev9,ev9-gt-line-2026,ev9-gt-line-2026,https://www.fichacompleta.com.br/carros/kia/ev9-gt-line-2026,2026-06-18T12:13:14.747698,Kia Ev9 GT-Line 2026,"5,3 s",200 km/h,,Automático,1,Integral sob demanda,,,,,,,,,,,,,,,,,,,,,1780 mm,177 mm,1702 mm,1714 mm,536 kg,5015 mm,3100 mm,1980 mm,2704 kg,,,128 mm,Disco ventilado,Disco ventilado,Elétrica,"12,4 m","Indep., McPherson",Mola helicoidal,"Indep., multibraço",,,,,,,192 cv (traseiro),,,"35,7 kgfm (traseiro)",,,2500 kg,,,,,,,3 m²,"0,840 m²","0,28",,,,,,,Kit de reparo,,828 litros,333 litros,,,,,,,,,,,,,,,,,434 km,"99,8 kWh",385 cv,350 kW (DC),"71,4 kgfm","7,02 kg/cv","37,87 kg/kgfm",,,,,,,,
kia,Koup,koup,koup-2-0-2011,koup-2-0-2011,https://www.fichacompleta.com.br/carros/kia/koup-2-0-2011,2026-06-18T12:13:30.857849,Kia Koup 2.0 2011,"10,2 s",214 km/h,Conversor de torque,Automático,6,Dianteira,Injeção multiponto,Natural,1998 cm³,4 em linha,Theta,Duplo no cabeçote,86 mm,86 mm,Transversal,Dianteiro,"7,8 kg/cv","61,2 kg/kgfm","78,1 cv/litro",156 cv,"10,5:1",,,"9,9 kgfm/litro","19,8 kgfm",4,1400 mm,140 mm,1560 mm,1564 mm,528 kg,4480 mm,2650 mm,1765 mm,1212 kg,451 litros,52 litros,97 mm,Disco ventilado,Disco sólido,Elétrica,"10,8 m","Indep., McPherson",Mola helicoidal,Eixo de torção,,,,,6,"10,8 m",,6200 rpm,4300 rpm,,,,,,,,Corrente,,,"2,1 m²","0,651 m²","0,31","0,31",598 km,458 km,"11,5 km/l","8,8 km/l",,,Mecânicos,,,,,,,,,,,,,,,,,,,,,,,,,,,,,,,,,
kia,Koup,koup,koup-2-0-2012,koup-2-0-2012,https://www.fichacompleta.com.br/carros/kia/koup-2-0-2012,2026-06-18T12:13:33.973610,Kia Koup 2.0 2012,"10,2 s",214 km/h,Conversor de torque,Automático,,Dianteira,Injeção multiponto,Natural,1998 cm³,4 em linha,Theta,"Duplo no cabeçote, corrente",86 mm,86 mm,Transversal,Dianteiro,"7,8 kg/cv","61,2 kg/kgfm","78,1 cv/litro",156 cv a 6200 rpm,"10,5:1",,,"9,9 kgfm/litro","19,8 kgfm a 4300 rpm",4,1400 mm,140 mm,1560 mm,1564 mm,528 kg,4480 mm,2650 mm,1765 mm,1212 kg,451 litros,52 litros,97 mm,Disco ventilado,Disco sólido,Elétrica,,"Independente, McPherson",Mola helicoidal,Eixo de torção,,,,,6,"10,8 m",,,,,,,,,,,,,,"2,1 m²","0,651 m²",,"0,31",598 km,458 km,"11,5 km/l","8,8 km/l",,,Mecânicos,,,,,,,,,,,,,,,,,,,,,,,,,,,,,,,,,
kia,Koup,koup,koup-2-0-2013,koup-2-0-2013,https://www.fichacompleta.com.br/carros/kia/koup-2-0-2013,2026-06-18T12:13:38.657934,Kia Koup 2.0 2013,"10,2 s",214 km/h,Conversor de torque,Automático,,Dianteira,Injeção multiponto,Natural,1998 cm³,4 em linha,Theta,"Duplo no cabeçote, corrente",,,Transversal,Dianteiro,"7,8 kg/cv","61,2 kg/kgfm","78,1 cv/litro",156 cv a 6200 rpm,"10,5:1",,,"9,9 kgfm/litro","19,8 kgfm a 4300 rpm",4,1400 mm,140 mm,1560 mm,1564 mm,528 kg,4480 mm,2650 mm,1765 mm,1212 kg,451 litros,52 litros,97 mm,Disco ventilado,Disco sólido,Elétrica,,"Independente, McPherson",Mola helicoidal,Eixo de torção,,,,,6,"10,8 m",,,,,86 mm,86 mm,,,,,,,,"2,1 m²","0,651 m²",,"0,31",598 km,458 km,"11,5 km/l","8,8 km/l",,,Mecânicos,,,,,,,,,,,,,,,,,,,,,,,,,,,,,,,,,
kia,Magentis,magentis,magentis-ex-2-0-2006,magentis-ex-2-0-2006,https://www.fichacompleta.com.br/carros/kia/magentis-ex-2-0-2006,2026-06-18T12:13:59.102203,Kia Magentis EX 2.0 2006,"11,8 s",188 km/h,Conversor de torque,Automático,,Dianteira,Injeção multiponto,Natural,1998 cm³,4 em linha,Theta,"Duplo no cabeçote, corrente",86 mm,86 mm,Transversal,Dianteiro,"9,9 kg/cv","74,2 kg/kgfm","72,6 cv/litro",145 cv a 6000 rpm,"10,5:1",,,"9,7 kgfm/litro","19,3 kgfm a 4250 rpm",4,1480 mm,,1563 mm,1552 mm,548 kg,4735 mm,2720 mm,1805 mm,1432 kg,420 litros,62 litros,123 mm,Disco ventilado,Disco sólido,Hidráulica,,"Independente, McPherson",Mola helicoidal,"Independente, multibraço",,,,,4,"10,8 m",,,,,,,,,,,,,,"2,27 m²","0,726 m²",,"0,32",626 km,490 km,"10,1 km/l","7,9 km/l",,,Mecânicos,,,,,,,,,,,,,,,,,,,,,,,,,,,,,,,,,
kia,Magentis,magentis,magentis-ex-2-0-2007,magentis-ex-2-0-2007,https://www.fichacompleta.com.br/carros/kia/magentis-ex-2-0-2007,2026-06-18T12:14:05.081452,Kia Magentis EX 2.0 2007,"11,8 s",188 km/h,Conversor de torque,Automático,4,Dianteira,Injeção multiponto,Natural,1998 cm³,4 em linha,Theta,Duplo no cabeçote,86 mm,86 mm,Transversal,Dianteiro,"9,9 kg/cv","74,2 kg/kgfm","72,6 cv/litro",145 cv,"10,5:1",,,"9,7 kgfm/litro","19,3 kgfm",4,1480 mm,,1563 mm,1552 mm,548 kg,4735 mm,2720 mm,1805 mm,1432 kg,420 litros,62 litros,123 mm,Disco ventilado,Disco sólido,Hidráulica,"10,8 m","Indep., McPherson",Mola helicoidal,"Indep., multibraço",,,,,4,"10,8 m",,6000 rpm,4250 rpm,,,,,,,,Corrente,,,"2,27 m²","0,726 m²","0,32","0,32",626 km,490 km,"10,1 km/l","7,9 km/l",,,Mecânicos,,,,,,,,,,,,,,,,,,,,,,,,,,,,,,,,,
kia,Magentis,magentis,magentis-ex-2-0-2008,magentis-ex-2-0-2008,https://www.fichacompleta.com.br/carros/kia/magentis-ex-2-0-2008,2026-06-18T12:14:08.273300,Kia Magentis EX 2.0 2008,"11,8 s",188 km/h,Conversor de torque,Automático,4,Dianteira,Injeção multiponto,Natural,1998 cm³,4 em linha,Theta,Duplo no cabeçote,86 mm,86 mm,Transversal,Dianteiro,"9,9 kg/cv","74,2 kg/kgfm","72,6 cv/litro",145 cv,"10,5:1",6000 rpm,4250 rpm,"9,7 kgfm/litro","19,3 kgfm",4,1480 mm,,1563 mm,1552 mm,548 kg,4735 mm,2720 mm,1805 mm,1432 kg,420 litros,62 litros,123 mm,Disco ventilado,Disco sólido,Hidráulica,"10,8 m","Indep., McPherson",Mola helicoidal,"Indep., multibraço",,,,,,,,,,,,,,,,,Corrente,,,"2,27 m²","0,726 m²","0,32",,626 km,490 km,"10,1 km/l","7,9 km/l",,,Mecânicos,,,,,,,,,,,,,,,,,,,,,,,,,,,,,,,,,
kia,Magentis,magentis,magentis-ex-2-0-2009,magentis-ex-2-0-2009,https://www.fichacompleta.com.br/carros/kia/magentis-ex-2-0-2009,2026-06-18T12:14:12.029512,Kia Magentis EX 2.0 2009,"11,3 s",195 km/h,Conversor de torque,Automático,4,Dianteira,Injeção multiponto,Natural,1998 cm³,4 em linha,Theta,Duplo no cabeçote,86 mm,86 mm,Transversal,Dianteiro,"9,1 kg/cv","73,9 kg/kgfm","82,1 cv/litro",164 cv,"10,5:1",,,"10,1 kgfm/litro","20,1 kgfm",4,1480 mm,160 mm,1558 mm,1552 mm,547 kg,4800 mm,2720 mm,1805 mm,1485 kg,420 litros,62 litros,123 mm,Disco ventilado,Disco sólido,Hidráulica,"10,8 m","Indep., McPherson",Mola helicoidal,"Indep., multibraço",,,,,4,"10,8 m",,6200 rpm,4600 rpm,,,,,,,,Corrente,,Admissão,"2,27 m²","0,726 m²","0,32","0,32",682 km,521 km,11 km/l,"8,4 km/l",,,Mecânicos,,,,,,,,,,,,,,,,,,,,,,,,,,,,,,,,,
kia,Magentis,magentis,magentis-ex-2-0-2010,magentis-ex-2-0-2010,https://www.fichacompleta.com.br/carros/kia/magentis-ex-2-0-2010,2026-06-18T12:14:15.286261,Kia Magentis EX 2.0 2010,"11,3 s",195 km/h,Conversor de torque,Automático,,Dianteira,Injeção multiponto,Natural,1998 cm³,4 em linha,Theta,"Duplo no cabeçote, corrente",86 mm,86 mm,Transversal,Dianteiro,"9,1 kg/cv","73,9 kg/kgfm","82,1 cv/litro",164 cv a 6200 rpm,"10,5:1",,,"10,1 kgfm/litro","20,1 kgfm a 4600 rpm",4,1480 mm,160 mm,1558 mm,1552 mm,547 kg,4800 mm,2720 mm,1805 mm,1485 kg,420 litros,62 litros,123 mm,Disco ventilado,Disco sólido,Hidráulica,,"Independente, McPherson",Mola helicoidal,"Independente, multibraço",,,,,4,"10,8 m",,,,,,,,,,,,,Admissão,"2,27 m²","0,726 m²",,"0,32",682 km,521 km,11 km/l,"8,4 km/l",,,Mecânicos,,,,,,,,,,,,,,,,,,,,,,,,,,,,,,,,,
kia,Magentis,magentis,magentis-ex-2-0-2011,magentis-ex-2-0-2011,https://www.fichacompleta.com.br/carros/kia/magentis-ex-2-0-2011,2026-06-18T12:14:19.825124,Kia Magentis EX 2.0 2011,"11,3 s",195 km/h,Conversor de torque,Automático,4,Dianteira,Injeção multiponto,Natural,1998 cm³,4 em linha,Theta,Duplo no cabeçote,86 mm,86 mm,Transversal,Dianteiro,"9,1 kg/cv","73,9 kg/kgfm","82,1 cv/litro",164 cv,"10,5:1",6200 rpm,4600 rpm,"10,1 kgfm/litro","20,1 kgfm",4,1480 mm,160 mm,1558 mm,1552 mm,547 kg,4800 mm,2720 mm,1805 mm,1485 kg,420 litros,62 litros,123 mm,Disco ventilado,Disco sólido,Hidráulica,"10,8 m","Indep., McPherson",Mola helicoidal,"Indep., multibraço",,,,,,,,,,,,,,,,,Corrente,,Admissão,"2,27 m²","0,726 m²","0,32",,682 km,521 km,11 km/l,"8,4 km/l",,,Mecânicos,,,,,,,,,,,,,,,,,,,,,,,,,,,,,,,,,
kia,Mohave,mohave,mohave-3-0-v6-turbodiesel-2008,mohave-3-0-v6-turbodiesel-2008,https://www.fichacompleta.com.br/carros/kia/mohave-3-0-v6-turbodiesel-2008,2026-06-18T12:14:38.784772,Kia Mohave 3.0 V6 Turbodiesel 2008,"9,6 s",190 km/h,Conversor de torque,Automático,6,Integral temporária,Injeção direta,Turbocompressor,,6 em V,D6EB,Duplo no cabeçote,89 mm,84 mm,Longitudinal,Dianteiro,"9,50 kg/cv","42,4 kg/kgfm","84,5 cv/litro",250 cv,"17,3:1",3800 rpm,2000 rpm,"18,9 kgfm/litro",56 kgfm,4,1810 mm,227 mm,1615 mm,1625 mm,450 kg,4880 mm,2895 mm,1915 mm,2375 kg,,82 litros,159 mm,Disco ventilado,Disco sólido,Hidráulica,11 m,"Indep., braços sobrepostos",Mola helicoidal,"Indep., multibraço",820 km,492 km,10 km/l,6 km/l,,,,,,,,,,493 cm³,2959 cm³,,Corrente,,,"2,95 m²","1,180 m²","0,4",,,,,,A6LF3,,Hidráulicos,500 litros,180 litros,,,,,,,,,,,,,,,,,,,,,,,,"20,1 graus","27,3 graus","22,5 graus",,,,,
kia,Mohave,mohave,mohave-3-0-v6-turbodiesel-2009,mohave-3-0-v6-turbodiesel-2009,https://www.fichacompleta.com.br/carros/kia/mohave-3-0-v6-turbodiesel-2009,2026-06-18T12:14:43.081134,Kia Mohave 3.0 V6 Turbodiesel 2009,"9,6 s",190 km/h,Conversor de torque,Automático,6,Integral temporária,Injeção direta,Turbocompressor,,6 em V,D6EB,Duplo no cabeçote,89 mm,84 mm,Longitudinal,Dianteiro,"9,50 kg/cv","42,4 kg/kgfm","84,5 cv/litro",250 cv,"17,3:1",3800 rpm,2000 rpm,"18,9 kgfm/litro",56 kgfm,4,1810 mm,227 mm,1615 mm,1625 mm,450 kg,4880 mm,2895 mm,1915 mm,2375 kg,,82 litros,159 mm,Disco ventilado,Disco sólido,Hidráulica,11 m,"Indep., braços sobrepostos",Mola helicoidal,"Indep., multibraço",820 km,492 km,10 km/l,6 km/l,,,,,,,,,,493 cm³,2959 cm³,,Corrente,,,"2,95 m²","1,180 m²","0,4",,,,,,A6LF3,,Hidráulicos,500 litros,180 litros,,,,,,,,,,,,,,,,,,,,,,,,"20,1 graus","27,3 graus","22,5 graus",,,,,
kia,Mohave,mohave,mohave-3-8-v6-2009,mohave-3-8-v6-2009,https://www.fichacompleta.com.br/carros/kia/mohave-3-8-v6-2009,2026-06-18T12:14:45.608599,Kia Mohave 3.8 V6 2009,"8,5 s",190 km/h,Conversor de torque,Automático,5,Integral temporária,Injeção multiponto,Natural,3778 cm³,6 em V,Lambda,Duplo no cabeçote,87 mm,96 mm,Longitudinal,Dianteiro,"7,7 kg/cv","57,5 kg/kgfm","72,8 cv/litro",275 cv,"10,4:1",6000 rpm,4400 rpm,"9,8 kgfm/litro","36,9 kgfm",4,1810 mm,227 mm,1615 mm,1625 mm,597 kg,4880 mm,2895 mm,1915 mm,2123 kg,,82 litros,159 mm,Disco ventilado,Disco sólido,Hidráulica,11 m,"Indep., braços sobrepostos",Mola helicoidal,"Indep., multibraço",,,,,,,,,,,,,,,,,Corrente,,,"2,95 m²","1,180 m²","0,4",,574 km,353 km,7 km/l,"4,3 km/l",,,,500 litros,180 litros,,,,,,,,,,,,,,,,,,,,,,,,"20,1 graus","27,3 graus","22,5 graus",,,,,
kia,Mohave,mohave,mohave-4-6-v8-2009,mohave-4-6-v8-2009,https://www.fichacompleta.com.br/carros/kia/mohave-4-6-v8-2009,2026-06-18T12:14:49.702673,Kia Mohave 4.6 V8 2009,"7,6 s",190 km/h,Conversor de torque,Automático,6,Integral temporária,Injeção multiponto,Natural,4627 cm³,8 em V,Tau,Duplo no cabeçote,87 mm,92 mm,Longitudinal,Dianteiro,"6,5 kg/cv","49,7 kg/kgfm","73,5 cv/litro",340 cv,"10,4:1",6000 rpm,3500 rpm,"9,6 kgfm/litro","44,4 kgfm",4,1810 mm,227 mm,1615 mm,1625 mm,,4880 mm,2895 mm,1915 mm,2205 kg,,82 litros,159 mm,Disco ventilado,Disco sólido,Hidráulica,11 m,"Indep., braços sobrepostos",Mola helicoidal,"Indep., multibraço",,,,,,,,,,,,,,,,,,,,"2,95 m²","1,180 m²","0,4",,492 km,312 km,6 km/l,"3,8 km/l",A6LF3,,,500 litros,180 litros,,,,,,,,,,,,,,,,,,,,,,,,"20,1 graus","27,3 graus","22,5 graus",,,,,
kia,Mohave,mohave,mohave-3-0-v6-turbodiesel-2010,mohave-3-0-v6-turbodiesel-2010,https://www.fichacompleta.com.br/carros/kia/mohave-3-0-v6-turbodiesel-2010,2026-06-18T12:14:54.244158,Kia Mohave 3.0 V6 Turbodiesel 2010,"9,6 s",190 km/h,Conversor de torque,Automático,6,Integral temporária,Injeção direta,Turbocompressor,2959 cm³,6 em V,,Duplo no cabeçote,89 mm,84 mm,Longitudinal,Dianteiro,"9,3 kg/cv","42,4 kg/kgfm","86,5 cv/litro",256 cv,"17,3:1",3800 rpm,2000 rpm,"18,9 kgfm/litro",56 kgfm,4,1810 mm,227 mm,1615 mm,1625 mm,450 kg,4880 mm,2895 mm,1915 mm,2375 kg,,82 litros,159 mm,Disco ventilado,Disco sólido,Hidráulica,11 m,"Indep., braços sobrepostos",Mola helicoidal,"Indep., multibraço",820 km,492 km,10 km/l,6 km/l,,,,,,,,,,,,,,,,"2,95 m²","1,180 m²","0,4",,,,,,A6LF3,,,500 litros,180 litros,,,,,,,,,,,,,,,,,,,,,,,,"20,1 graus","27,3 graus","22,5 graus",,,,,
kia,Mohave,mohave,mohave-3-8-v6-2010,mohave-3-8-v6-2010,https://www.fichacompleta.com.br/carros/kia/mohave-3-8-v6-2010,2026-06-18T12:15:00.755203,Kia Mohave 3.8 V6 2010,"8,5 s",190 km/h,Conversor de torque,Automático,5,Integral temporária,Injeção multiponto,Natural,3778 cm³,6 em V,Lambda,Duplo no cabeçote,87 mm,96 mm,Longitudinal,Dianteiro,"7,7 kg/cv","57,5 kg/kgfm","72,8 cv/litro",275 cv,"10,4:1",6000 rpm,4400 rpm,"9,8 kgfm/litro","36,9 kgfm",4,1810 mm,227 mm,1615 mm,1625 mm,597 kg,4880 mm,2895 mm,1915 mm,2123 kg,,82 litros,159 mm,Disco ventilado,Disco sólido,Hidráulica,11 m,"Indep., braços sobrepostos",Mola helicoidal,"Indep., multibraço",,,,,,,,,,,,,,,,,Corrente,,,"2,95 m²","1,180 m²","0,4",,574 km,353 km,7 km/l,"4,3 km/l",,,,500 litros,180 litros,,,,,,,,,,,,,,,,,,,,,,,,"20,1 graus","27,3 graus","22,5 graus",,,,,
kia,Mohave,mohave,mohave-4-6-v8-2010,mohave-4-6-v8-2010,https://www.fichacompleta.com.br/carros/kia/mohave-4-6-v8-2010,2026-06-18T12:15:03.397335,Kia Mohave 4.6 V8 2010,"7,6 s",190 km/h,Conversor de torque,Automático,,Integral temporária,Injeção multiponto,Natural,4627 cm³,8 em V,Tau,Duplo no cabeçote,87 mm,92 mm,Longitudinal,Dianteiro,"6,5 kg/cv","49,7 kg/kgfm","73,5 cv/litro",340 cv a 6000 rpm,"10,4:1",,,"9,6 kgfm/litro","44,4 kgfm a 3500 rpm",4,1810 mm,227 mm,1615 mm,1625 mm,,4880 mm,2895 mm,1915 mm,2205 kg,,82 litros,159 mm,Disco ventilado,Disco sólido,Hidráulica,,"Independente, braços sobrepostos",Mola helicoidal,"Independente, multibraço",,,,,6,11 m,,,,,,,,,,,,,,"2,95 m²","1,180 m²",,"0,4",492 km,312 km,6 km/l,"3,8 km/l",,,,,,500 litros,180 litros,,,,,,,,,,,,,,,,,,,,,,"20,1 graus","27,3 graus","22,5 graus",,,,,
kia,Mohave,mohave,mohave-3-0-v6-turbodiesel-2011,mohave-3-0-v6-turbodiesel-2011,https://www.fichacompleta.com.br/carros/kia/mohave-3-0-v6-turbodiesel-2011,2026-06-18T12:15:07.147387,Kia Mohave 3.0 V6 Turbodiesel 2011,"9,6 s",190 km/h,Conversor de torque,Automático,6,Integral temporária,Injeção direta,Turbocompressor,2959 cm³,6 em V,,Duplo no cabeçote,89 mm,84 mm,Longitudinal,Dianteiro,"9,3 kg/cv","42,4 kg/kgfm","86,5 cv/litro",256 cv,"17,3:1",,,"18,9 kgfm/litro",56 kgfm,4,1810 mm,227 mm,1615 mm,1625 mm,450 kg,4880 mm,2895 mm,1915 mm,2375 kg,,82 litros,159 mm,Disco ventilado,Disco sólido,Hidráulica,11 m,"Indep., braços sobrepostos",Mola helicoidal,"Indep., multibraço",820 km,492 km,10 km/l,6 km/l,,,,3800 rpm,2000 rpm,,,,,,,,,,,"2,95 m²","1,180 m²","0,4",,,,,,,,,500 litros,180 litros,,,,,,,,,,,,,,,,,,,,,,,,"20,1 graus","27,3 graus","22,5 graus",,,,,
kia,Mohave,mohave,mohave-3-8-v6-2011,mohave-3-8-v6-2011,https://www.fichacompleta.com.br/carros/kia/mohave-3-8-v6-2011,2026-06-18T12:15:11.240643,Kia Mohave 3.8 V6 2011,"8,5 s",190 km/h,Conversor de torque,Automático,5,Integral temporária,Injeção multiponto,Natural,3778 cm³,6 em V,Lambda,Duplo no cabeçote,87 mm,96 mm,Longitudinal,Dianteiro,"7,7 kg/cv","57,5 kg/kgfm","72,8 cv/litro",275 cv,"10,4:1",,,"9,8 kgfm/litro","36,9 kgfm",4,1810 mm,227 mm,1615 mm,1625 mm,597 kg,4880 mm,2895 mm,1915 mm,2123 kg,,82 litros,159 mm,Disco ventilado,Disco sólido,Hidráulica,11 m,"Indep., braços sobrepostos",Mola helicoidal,"Indep., multibraço",,,,,5,11 m,,6000 rpm,4400 rpm,,,,,,,,Corrente,,,"2,95 m²","1,180 m²","0,4","0,4",574 km,353 km,7 km/l,"4,3 km/l",,,,500 litros,180 litros,500 litros,180 litros,,,,,,,,,,,,,,,,,,,,,,"20,1 graus","27,3 graus","22,5 graus",,,,,
kia,Mohave,mohave,mohave-4-6-v8-2011,mohave-4-6-v8-2011,https://www.fichacompleta.com.br/carros/kia/mohave-4-6-v8-2011,2026-06-18T12:15:15.070246,Kia Mohave 4.6 V8 2011,"7,6 s",190 km/h,Conversor de torque,Automático,6,Integral temporária,Injeção multiponto,Natural,4627 cm³,8 em V,Tau,Duplo no cabeçote,87 mm,92 mm,Longitudinal,Dianteiro,"6,5 kg/cv","49,7 kg/kgfm","73,5 cv/litro",340 cv,"10,4:1",,,"9,6 kgfm/litro","44,4 kgfm",4,1810 mm,227 mm,1615 mm,1625 mm,,4880 mm,2895 mm,1915 mm,2205 kg,,82 litros,159 mm,Disco ventilado,Disco sólido,Hidráulica,11 m,"Indep., braços sobrepostos",Mola helicoidal,"Indep., multibraço",,,,,,,,6000 rpm,3500 rpm,,,,,,,,,,,"2,95 m²","1,180 m²","0,4",,492 km,312 km,6 km/l,"3,8 km/l",,,,500 litros,180 litros,,,,,,,,,,,,,,,,,,,,,,,,"20,1 graus","27,3 graus","22,5 graus",,,,,
kia,Mohave,mohave,mohave-3-0-v6-turbodiesel-2012,mohave-3-0-v6-turbodiesel-2012,https://www.fichacompleta.com.br/carros/kia/mohave-3-0-v6-turbodiesel-2012,2026-06-18T12:15:19.865924,Kia Mohave 3.0 V6 Turbodiesel 2012,"9,6 s",190 km/h,Conversor de torque,Automático,6,Integral temporária,Injeção direta,Turbocompressor,2959 cm³,6 em V,,Duplo no cabeçote,89 mm,84 mm,Longitudinal,Dianteiro,"9,3 kg/cv","42,4 kg/kgfm","86,5 cv/litro",256 cv,"17,3:1",3800 rpm,2000 rpm,"18,9 kgfm/litro",56 kgfm,4,1810 mm,227 mm,1615 mm,1625 mm,450 kg,4880 mm,2895 mm,1915 mm,2375 kg,,82 litros,159 mm,Disco ventilado,Disco sólido,Hidráulica,11 m,"Indep., braços sobrepostos",Mola helicoidal,"Indep., multibraço",820 km,492 km,10 km/l,6 km/l,,,,,,,,,,,,,,,,"2,95 m²","1,180 m²","0,4",,,,,,A6LF3,,,500 litros,180 litros,,,,,,,,,,,,,,,,,,,,,,,,"20,1 graus","27,3 graus","22,5 graus",,,,,
kia,Mohave,mohave,mohave-3-8-v6-2012,mohave-3-8-v6-2012,https://www.fichacompleta.com.br/carros/kia/mohave-3-8-v6-2012,2026-06-18T12:15:22.555996,Kia Mohave 3.8 V6 2012,"8,5 s",190 km/h,Conversor de torque,Automático,5,Integral temporária,Injeção multiponto,Natural,3778 cm³,6 em V,Lambda,Duplo no cabeçote,87 mm,96 mm,Longitudinal,Dianteiro,"7,7 kg/cv","57,5 kg/kgfm","72,8 cv/litro",275 cv,"10,4:1",6000 rpm,4400 rpm,"9,8 kgfm/litro","36,9 kgfm",4,1810 mm,227 mm,1615 mm,1625 mm,597 kg,4880 mm,2895 mm,1915 mm,2123 kg,,82 litros,159 mm,Disco ventilado,Disco sólido,Hidráulica,11 m,"Indep., braços sobrepostos",Mola helicoidal,"Indep., multibraço",,,,,,,,,,,,,,,,,Corrente,,,"2,95 m²","1,180 m²","0,4",,574 km,353 km,7 km/l,"4,3 km/l",,,,500 litros,180 litros,,,,,,,,,,,,,,,,,,,,,,,,"20,1 graus","27,3 graus","22,5 graus",,,,,
kia,Mohave,mohave,mohave-4-6-v8-2012,mohave-4-6-v8-2012,https://www.fichacompleta.com.br/carros/kia/mohave-4-6-v8-2012,2026-06-18T12:15:26.905328,Kia Mohave 4.6 V8 2012,"7,6 s",190 km/h,Conversor de torque,Automático,,Integral temporária,Injeção multiponto,Natural,4627 cm³,8 em V,Tau,Duplo no cabeçote,87 mm,92 mm,Longitudinal,Dianteiro,"6,5 kg/cv","49,7 kg/kgfm","73,5 cv/litro",340 cv a 6000 rpm,"10,4:1",,,"9,6 kgfm/litro","44,4 kgfm a 3500 rpm",4,1810 mm,227 mm,1615 mm,1625 mm,,4880 mm,2895 mm,1915 mm,2205 kg,,82 litros,159 mm,Disco ventilado,Disco sólido,Hidráulica,,"Independente, braços sobrepostos",Mola helicoidal,"Independente, multibraço",,,,,6,11 m,,,,,,,,,,,,,,"2,95 m²","1,180 m²",,"0,4",492 km,312 km,6 km/l,"3,8 km/l",,,,,,500 litros,180 litros,,,,,,,,,,,,,,,,,,,,,,"20,1 graus","27,3 graus","22,5 graus",,,,,
kia,Mohave,mohave,mohave-3-0-v6-turbodiesel-2013,mohave-3-0-v6-turbodiesel-2013,https://www.fichacompleta.com.br/carros/kia/mohave-3-0-v6-turbodiesel-2013,2026-06-18T12:15:29.987855,Kia Mohave 3.0 V6 Turbodiesel 2013,"9,6 s",190 km/h,Conversor de torque,Automático,,Integral temporária,Injeção direta,Turbocompressor,2959 cm³,6 em V,,Duplo no cabeçote,89 mm,84 mm,Longitudinal,Dianteiro,"9,3 kg/cv","42,4 kg/kgfm","86,5 cv/litro",256 cv a 3800 rpm,"17,3:1",,,"18,9 kgfm/litro",56 kgfm a 2000 rpm,4,1810 mm,227 mm,1615 mm,1625 mm,450 kg,4880 mm,2895 mm,1915 mm,2375 kg,,82 litros,159 mm,Disco ventilado,Disco sólido,Hidráulica,,"Independente, braços sobrepostos",Mola helicoidal,"Independente, multibraço",820 km,492 km,10 km/l,6 km/l,8,11 m,,,,,,,,,,,,,,"2,95 m²","1,180 m²",,"0,4",,,,,,,,,,500 litros,180 litros,,,,,,,,,,,,,,,,,,,,,,"20,1 graus","27,3 graus","22,5 graus",,,,,
kia,Mohave,mohave,mohave-3-8-v6-2013,mohave-3-8-v6-2013,https://www.fichacompleta.com.br/carros/kia/mohave-3-8-v6-2013,2026-06-18T12:15:32.910427,Kia Mohave 3.8 V6 2013,"8,5 s",190 km/h,Conversor de torque,Automático,,Integral temporária,Injeção multiponto,Natural,3778 cm³,6 em V,Lambda,"Duplo no cabeçote, corrente",87 mm,96 mm,Longitudinal,Dianteiro,"7,7 kg/cv","57,5 kg/kgfm","72,8 cv/litro",275 cv a 6000 rpm,"10,4:1",,,"9,8 kgfm/litro","36,9 kgfm a 4400 rpm",4,1810 mm,227 mm,1615 mm,1625 mm,597 kg,4880 mm,2895 mm,1915 mm,2123 kg,,82 litros,159 mm,Disco ventilado,Disco sólido,Hidráulica,,"Independente, braços sobrepostos",Mola helicoidal,"Independente, multibraço",,,,,5,11 m,,,,,,,,,,,,,,"2,95 m²","1,180 m²",,"0,4",574 km,353 km,7 km/l,"4,3 km/l",,,,,,500 litros,180 litros,,,,,,,,,,,,,,,,,,,,,,"20,1 graus","27,3 graus","22,5 graus",,,,,
kia,Mohave,mohave,mohave-3-0-v6-turbodiesel-2014,mohave-3-0-v6-turbodiesel-2014,https://www.fichacompleta.com.br/carros/kia/mohave-3-0-v6-turbodiesel-2014,2026-06-18T12:15:35.347152,Kia Mohave 3.0 V6 Turbodiesel 2014,"9,6 s",190 km/h,Conversor de torque,Automático,8,Integral temporária,Injeção direta,Turbocompressor,2959 cm³,6 em V,,Duplo no cabeçote,89 mm,84 mm,Longitudinal,Dianteiro,"9,3 kg/cv","42,4 kg/kgfm","86,5 cv/litro",256 cv,"17,3:1",3800 rpm,2000 rpm,"18,9 kgfm/litro",56 kgfm,4,1810 mm,227 mm,1615 mm,1625 mm,450 kg,4880 mm,2895 mm,1915 mm,2375 kg,,82 litros,159 mm,Disco ventilado,Disco sólido,Hidráulica,11 m,"Indep., braços sobrepostos",Mola helicoidal,"Indep., multibraço",820 km,492 km,10 km/l,6 km/l,,,,,,,,,,,,,,,,"2,95 m²","1,180 m²","0,4",,,,,,,,,500 litros,180 litros,,,,,,,,,,,,,,,,,,,,,,,,"20,1 graus","27,3 graus","22,5 graus",,,,,
kia,Mohave,mohave,mohave-3-0-v6-turbodiesel-2015,mohave-3-0-v6-turbodiesel-2015,https://www.fichacompleta.com.br/carros/kia/mohave-3-0-v6-turbodiesel-2015,2026-06-18T12:15:41.031856,Kia Mohave 3.0 V6 Turbodiesel 2015,"9,6 s",190 km/h,Conversor de torque,Automático,,Integral temporária,Injeção direta,Turbocompressor,2959 cm³,6 em V,,Duplo no cabeçote,89 mm,84 mm,Longitudinal,Dianteiro,"9,3 kg/cv","42,4 kg/kgfm","86,5 cv/litro",256 cv a 3800 rpm,"17,3:1",,,"18,9 kgfm/litro",56 kgfm a 2000 rpm,4,1810 mm,227 mm,1615 mm,1625 mm,450 kg,4880 mm,2895 mm,1915 mm,2375 kg,,82 litros,159 mm,Disco ventilado,Disco sólido,Hidráulica,,"Independente, braços sobrepostos",Mola helicoidal,"Independente, multibraço",820 km,492 km,10 km/l,6 km/l,8,11 m,,,,,,,,,,,,,,"2,95 m²","1,180 m²",,"0,4",,,,,,,,,,500 litros,180 litros,,,,,,,,,,,,,,,,,,,,,,"20,1 graus","27,3 graus","22,5 graus",,,,,
kia,Mohave,mohave,mohave-3-0-v6-turbodiesel-2016,mohave-3-0-v6-turbodiesel-2016,https://www.fichacompleta.com.br/carros/kia/mohave-3-0-v6-turbodiesel-2016,2026-06-18T12:15:45.364020,Kia Mohave 3.0 V6 Turbodiesel 2016,"9,6 s",190 km/h,Conversor de torque,Automático,,Integral temporária,Injeção direta,Turbocompressor,2959 cm³,6 em V,,Duplo no cabeçote,89 mm,84 mm,Longitudinal,Dianteiro,"9,3 kg/cv","42,4 kg/kgfm","86,5 cv/litro",256 cv a 3800 rpm,"17,3:1",,,"18,9 kgfm/litro",56 kgfm a 2000 rpm,4,1810 mm,227 mm,1615 mm,1625 mm,450 kg,4880 mm,2895 mm,1915 mm,2375 kg,,82 litros,159 mm,Disco ventilado,Disco sólido,Hidráulica,,"Independente, braços sobrepostos",Mola helicoidal,"Independente, multibraço",820 km,492 km,10 km/l,6 km/l,8,11 m,,,,,,,,,,,,,,"2,95 m²","1,180 m²",,"0,4",,,,,,,,,,500 litros,180 litros,,,,,,,,,,,,,,,,,,,,,,"20,1 graus","27,3 graus","22,5 graus",,,,,
kia,Mohave,mohave,mohave-3-0-v6-turbodiesel-2017,mohave-3-0-v6-turbodiesel-2017,https://www.fichacompleta.com.br/carros/kia/mohave-3-0-v6-turbodiesel-2017,2026-06-18T12:15:53.008956,Kia Mohave 3.0 V6 Turbodiesel 2017,"9,6 s",190 km/h,Conversor de torque,Automático,,Integral temporária,Injeção direta,Turbocompressor,2959 cm³,6 em V,,Duplo no cabeçote,89 mm,84 mm,Longitudinal,Dianteiro,"9,3 kg/cv","42,4 kg/kgfm","86,5 cv/litro",256 cv a 3800 rpm,"17,3:1",,,"18,9 kgfm/litro",56 kgfm a 2000 rpm,4,1810 mm,227 mm,1615 mm,1625 mm,450 kg,4880 mm,2895 mm,1915 mm,2375 kg,,82 litros,159 mm,Disco ventilado,Disco sólido,Hidráulica,,"Independente, braços sobrepostos",Mola helicoidal,"Independente, multibraço",820 km,492 km,10 km/l,6 km/l,8,11 m,,,,,,,,,,,,,,"2,95 m²","1,180 m²",,"0,4",,,,,,,,,,500 litros,180 litros,,,,,,,,,,,,,,,,,,,,,,"20,1 graus","27,3 graus","22,5 graus",,,,,
kia,Niro,niro,niro-ex-1-6-hev-2023,niro-ex-1-6-hev-2023,https://www.fichacompleta.com.br/carros/kia/niro-ex-1-6-hev-2023,2026-06-18T12:16:10.768810,Kia Niro EX 1.6 HEV 2023,"10,8 s",175 km/h,Embreagem dupla a seco,Automatizado,6,Dianteira,Injeção direta,Natural,,4 em linha,Kappa,Duplo no cabeçote,97 mm,72 mm,Transversal,Dianteiro,"13,28 kg/cv","94,8 kg/kgfm","66,5 cv/litro",105 cv,14:1,5700 rpm,4000 rpm,"9,3 kgfm/litro","14,7 kgfm",4,1545 mm,160 mm,1573 mm,1585 mm,546 kg,4420 mm,2720 mm,1825 mm,1394 kg,425 litros,42 litros,123 mm,Disco ventilado,Disco sólido,Elétrica,"10,6 m","Indep., McPherson",Mola helicoidal,"Indep., multibraço",,,,,,,44 cv,,,"17,3 kgfm",,,,395 cm³,1580 cm³,,Corrente,,Admissão e escape,"2,4 m²","0,684 m²","0,285",,743 km,832 km,"17,7 km/l","19,8 km/l",,125/80 R16,,,,,,,,,,,,,,,6000 rpm,,,,,,"1,56 kWh",141 cv,,27 kgfm,,,,,,120 km/h,,,,
kia,Niro,niro,niro-sx-prestige-1-6-hev-2023,niro-sx-prestige-1-6-hev-2023,https://www.fichacompleta.com.br/carros/kia/niro-sx-prestige-1-6-hev-2023,2026-06-18T12:16:13.756019,Kia Niro SX Prestige 1.6 HEV 2023,"10,8 s",175 km/h,Embreagem dupla a seco,Automatizado,6,Dianteira,Injeção direta,Natural,,4 em linha,Kappa,Duplo no cabeçote,97 mm,72 mm,Transversal,Dianteiro,"13,28 kg/cv","94,8 kg/kgfm","66,5 cv/litro",105 cv,14:1,5700 rpm,4000 rpm,"9,3 kgfm/litro","14,7 kgfm",4,1545 mm,160 mm,1573 mm,1585 mm,546 kg,4420 mm,2720 mm,1825 mm,1394 kg,425 litros,42 litros,101 mm,Disco ventilado,Disco sólido,Elétrica,"10,6 m","Indep., McPherson",Mola helicoidal,"Indep., multibraço",,,,,,,44 cv,,,"17,3 kgfm",,,,395 cm³,1580 cm³,,Corrente,,Admissão e escape,"2,4 m²","0,684 m²","0,285",,743 km,832 km,"17,7 km/l","19,8 km/l",,125/80 R16,,,,,,,,,,,,,,,6000 rpm,,,,,,"1,56 kWh",141 cv,,27 kgfm,,,,,,120 km/h,,,,
kia,Niro,niro,niro-ex-1-6-hev-2024,niro-ex-1-6-hev-2024,https://www.fichacompleta.com.br/carros/kia/niro-ex-1-6-hev-2024,2026-06-18T12:16:18.235918,Kia Niro EX 1.6 HEV 2024,"10,8 s",175 km/h,Embreagem dupla a seco,Automatizado,6,Dianteira,Injeção direta,Natural,,4 em linha,Kappa,Duplo no cabeçote,97 mm,72 mm,Transversal,Dianteiro,"13,28 kg/cv","94,8 kg/kgfm","66,5 cv/litro",105 cv,14:1,5700 rpm,4000 rpm,"9,3 kgfm/litro","14,7 kgfm",4,1545 mm,160 mm,1573 mm,1585 mm,546 kg,4420 mm,2720 mm,1825 mm,4394 kg,425 litros,42 litros,123 mm,Disco ventilado,Disco sólido,Elétrica,"10,6 m","Indep., McPherson",Mola helicoidal,"Indep., multibraço",,,,,,,44 cv,,,"17,3 kgfm",,,,395 cm³,1580 cm³,,Corrente,,Admissão e escape,"2,4 m²","0,684 m²","0,285",,743 km,832 km,"17,7 km/l","19,8 km/l",,125/80 R16,,,,,,,,,,,,,,,6000 rpm,,,,,,"1,56 kWh",141 cv,,27 kgfm,,,,,,120 km/h,,,,
kia,Niro,niro,niro-rio-open-limited-edition-1-6-hev-2024,niro-rio-open-limited-edition-1-6-hev-2024,https://www.fichacompleta.com.br/carros/kia/niro-rio-open-limited-edition-1-6-hev-2024,2026-06-18T12:16:22.448751,Kia Niro Rio Open Limited Edition 1.6 HEV 2024,"10,8 s",175 km/h,Embreagem dupla a seco,Automatizado,6,Dianteira,Injeção direta,Natural,,4 em linha,Kappa,Duplo no cabeçote,97 mm,72 mm,Transversal,Dianteiro,"13,28 kg/cv","94,8 kg/kgfm","66,5 cv/litro",105 cv,14:1,5700 rpm,4000 rpm,"9,3 kgfm/litro","14,7 kgfm",4,1545 mm,160 mm,1573 mm,1585 mm,546 kg,4420 mm,2720 mm,1825 mm,4394 kg,425 litros,42 litros,101 mm,Disco ventilado,Disco sólido,Elétrica,"10,6 m","Indep., McPherson",Mola helicoidal,"Indep., multibraço",,,,,,,44 cv,,,"17,3 kgfm",,,,395 cm³,1580 cm³,,Corrente,,Admissão e escape,"2,4 m²","0,684 m²","0,285",,743 km,832 km,"17,7 km/l","19,8 km/l",,125/80 R16,,,,,,,,,,,,,,,6000 rpm,,,,,,"1,56 kWh",141 cv,,27 kgfm,,,,,,120 km/h,,,,
kia,Niro,niro,niro-sx-prestige-1-6-hev-2024,niro-sx-prestige-1-6-hev-2024,https://www.fichacompleta.com.br/carros/kia/niro-sx-prestige-1-6-hev-2024,2026-06-18T12:16:25.746786,Kia Niro SX Prestige 1.6 HEV 2024,"10,8 s",175 km/h,Embreagem dupla a seco,Automatizado,6,Dianteira,Injeção direta,Natural,,4 em linha,Kappa,Duplo no cabeçote,97 mm,72 mm,Transversal,Dianteiro,"13,28 kg/cv","94,8 kg/kgfm","66,5 cv/litro",105 cv,14:1,5700 rpm,4000 rpm,"9,3 kgfm/litro","14,7 kgfm",4,1545 mm,160 mm,1573 mm,1585 mm,546 kg,4420 mm,2720 mm,1825 mm,4394 kg,425 litros,42 litros,101 mm,Disco ventilado,Disco sólido,Elétrica,"10,6 m","Indep., McPherson",Mola helicoidal,"Indep., multibraço",,,,,,,44 cv,,,"17,3 kgfm",,,,395 cm³,1580 cm³,,Corrente,,Admissão e escape,"2,4 m²","0,684 m²","0,285",,743 km,832 km,"17,7 km/l","19,8 km/l",,125/80 R16,,,,,,,,,,,,,,,6000 rpm,,,,,,"1,56 kWh",141 cv,,27 kgfm,,,,,,120 km/h,,,,
kia,Niro,niro,niro-ex-1-6-hev-2025,niro-ex-1-6-hev-2025,https://www.fichacompleta.com.br/carros/kia/niro-ex-1-6-hev-2025,2026-06-18T12:16:33.422625,Kia Niro EX 1.6 HEV 2025,"10,8 s",175 km/h,Embreagem dupla a seco,Automatizado,6,Dianteira,Injeção direta,Natural,,4 em linha,Kappa,Duplo no cabeçote,97 mm,72 mm,Transversal,Dianteiro,"13,28 kg/cv","94,8 kg/kgfm","66,5 cv/litro",105 cv,14:1,5700 rpm,4000 rpm,"9,3 kgfm/litro","14,7 kgfm",4,1545 mm,160 mm,1573 mm,1585 mm,546 kg,4420 mm,2720 mm,1825 mm,1394 kg,425 litros,42 litros,123 mm,Disco ventilado,Disco sólido,Elétrica,"10,6 m","Indep., McPherson",Mola helicoidal,"Indep., multibraço",,,,,,,44 cv,,,"17,3 kgfm",,,,395 cm³,1580 cm³,,Corrente,5W-30 ³,Admissão e escape,"2,4 m²","0,684 m²","0,285",,668 km,769 km,"15,9 km/l","18,3 km/l",D6F27DH,125/80 R16,Hidráulicos,,,,,,,,,,,,,,6000 rpm,,,,,,"1,56 kWh",141 cv,,27 kgfm,,,,,,120 km/h,,,,
kia,Niro,niro,niro-sx-prestige-1-6-hev-2025,niro-sx-prestige-1-6-hev-2025,https://www.fichacompleta.com.br/carros/kia/niro-sx-prestige-1-6-hev-2025,2026-06-18T12:16:36.551570,Kia Niro SX Prestige 1.6 HEV 2025,"10,8 s",175 km/h,Embreagem dupla a seco,Automatizado,6,Dianteira,Injeção direta,Natural,,4 em linha,Kappa,Duplo no cabeçote,97 mm,72 mm,Transversal,Dianteiro,"13,28 kg/cv","94,8 kg/kgfm","66,5 cv/litro",105 cv,14:1,5700 rpm,4000 rpm,"9,3 kgfm/litro","14,7 kgfm",4,1545 mm,160 mm,1573 mm,1585 mm,546 kg,4420 mm,2720 mm,1825 mm,1394 kg,425 litros,42 litros,101 mm,Disco ventilado,Disco sólido,Elétrica,"10,6 m","Indep., McPherson",Mola helicoidal,"Indep., multibraço",,,,,,,44 cv,,,"17,3 kgfm",,,,395 cm³,1580 cm³,,Corrente,5W-30 ³,Admissão e escape,"2,4 m²","0,684 m²","0,285",,668 km,769 km,"15,9 km/l","18,3 km/l",D6F27DH,125/80 R16,Hidráulicos,,,,,,,,,,,,,,6000 rpm,,,,,,"1,56 kWh",141 cv,,27 kgfm,,,,,,120 km/h,,,,
kia,Niro,niro,niro-ex-1-6-hev-2026,niro-ex-1-6-hev-2026,https://www.fichacompleta.com.br/carros/kia/niro-ex-1-6-hev-2026,2026-06-18T12:16:41.024633,Kia Niro EX 1.6 HEV 2026,"10,8 s",175 km/h,Embreagem dupla a seco,Automatizado,6,Dianteira,Injeção direta,Natural,,4 em linha,Kappa,Duplo no cabeçote,97 mm,72 mm,Transversal,Dianteiro,"13,28 kg/cv","94,8 kg/kgfm","66,5 cv/litro",105 cv,14:1,5700 rpm,4000 rpm,"9,3 kgfm/litro","14,7 kgfm",4,1545 mm,160 mm,1573 mm,1585 mm,546 kg,4420 mm,2720 mm,1825 mm,1394 kg,425 litros,42 litros,123 mm,Disco ventilado,Disco sólido,Elétrica,"10,6 m","Indep., McPherson",Mola helicoidal,"Indep., multibraço",,,,,,,44 cv,,,"17,3 kgfm",,,,395 cm³,1580 cm³,,Corrente,5W-30 ³,Admissão e escape,"2,4 m²","0,684 m²","0,285",,668 km,769 km,"15,9 km/l","18,3 km/l",D6F27DH,125/80 R16,Hidráulicos,,,,,,,,,,,,,,6000 rpm,,,,,,"1,56 kWh",141 cv,,27 kgfm,"9,89 kg/cv","51,63 kg/kgfm",,,,120 km/h,,,,
kia,Niro,niro,niro-sx-prestige-1-6-hev-2026,niro-sx-prestige-1-6-hev-2026,https://www.fichacompleta.com.br/carros/kia/niro-sx-prestige-1-6-hev-2026,2026-06-18T12:16:44.734228,Kia Niro SX Prestige 1.6 HEV 2026,"10,8 s",175 km/h,Embreagem dupla a seco,Automatizado,6,Dianteira,Injeção direta,Natural,,4 em linha,Kappa,Duplo no cabeçote,97 mm,72 mm,Transversal,Dianteiro,"13,28 kg/cv","94,8 kg/kgfm","66,5 cv/litro",105 cv,14:1,5700 rpm,4000 rpm,"9,3 kgfm/litro","14,7 kgfm",4,1545 mm,160 mm,1573 mm,1585 mm,546 kg,4420 mm,2720 mm,1825 mm,1394 kg,425 litros,42 litros,101 mm,Disco ventilado,Disco sólido,Elétrica,"10,6 m","Indep., McPherson",Mola helicoidal,"Indep., multibraço",,,,,,,44 cv,,,"17,3 kgfm",,,,395 cm³,1580 cm³,,Corrente,5W-30 ³,Admissão e escape,"2,4 m²","0,684 m²","0,285",,668 km,769 km,"15,9 km/l","18,3 km/l",D6F27DH,125/80 R16,Hidráulicos,,,,,,,,,,,,,,6000 rpm,,,,,,"1,56 kWh",141 cv,,27 kgfm,"9,89 kg/cv","51,63 kg/kgfm",,,,120 km/h,,,,
kia,Opirus,opirus,opirus-gl-3-5-v6-2005,opirus-gl-3-5-v6-2005,https://www.fichacompleta.com.br/carros/kia/opirus-gl-3-5-v6-2005,2026-06-18T12:17:06.080197,Kia Opirus GL 3.5 V6 2005,"9,4 s",216 km/h,Conversor de torque,Automático,5,Dianteira,Injeção multiponto,Natural,3497 cm³,6 em V,Sigma,Duplo no cabeçote,"85,8 mm",93 mm,Transversal,Dianteiro,"9,0 kg/cv","59,9 kg/kgfm","58,0 cv/litro",203 cv,10:1,,,"8,7 kgfm/litro","30,4 kgfm",4,1486 mm,,1570 mm,1560 mm,,4979 mm,2800 mm,1850 mm,1822 kg,480 litros,70 litros,135 mm,Disco ventilado,Disco sólido,Hidráulica,"11,7 m","Indep., braços sobrepostos",Mola helicoidal,"Indep., multibraço",,,,,5,"11,7 m",,5500 rpm,3500 rpm,,,,,,,,,,,"2,34 m²","0,749 m²","0,32","0,32",567 km,350 km,"8,1 km/l",5 km/l,,,,,,,,,,,,,,,,,,,,,,,,,,,,,,,,,,,,
kia,Opirus,opirus,opirus-gl-3-5-v6-2006,opirus-gl-3-5-v6-2006,https://www.fichacompleta.com.br/carros/kia/opirus-gl-3-5-v6-2006,2026-06-18T12:17:13.420338,Kia Opirus GL 3.5 V6 2006,"9,4 s",216 km/h,Conversor de torque,Automático,5,Dianteira,Injeção multiponto,Natural,3497 cm³,6 em V,Sigma,Duplo no cabeçote,"85,8 mm",93 mm,Transversal,Dianteiro,"9,0 kg/cv","59,9 kg/kgfm","58,0 cv/litro",,10:1,,,"8,7 kgfm/litro",,4,1486 mm,,1570 mm,1560 mm,,4979 mm,2800 mm,1850 mm,1822 kg,480 litros,70 litros,135 mm,Disco ventilado,Disco sólido,Hidráulica,"11,7 m","Indep., braços sobrepostos",Mola helicoidal,"Indep., multibraço",,,,,,,203 cv,5500 rpm,3500 rpm,"30,4 kgfm",,,,,,,,,,"2,34 m²","0,749 m²","0,32",,567 km,350 km,"8,1 km/l",5 km/l,,,,,,,,,,,,,,,,,,,,,,,,,,,,,,,,,,,,
kia,Opirus,opirus,opirus-gl-3-5-v6-2007,opirus-gl-3-5-v6-2007,https://www.fichacompleta.com.br/carros/kia/opirus-gl-3-5-v6-2007,2026-06-18T12:17:17.316830,Kia Opirus GL 3.5 V6 2007,"9,4 s",216 km/h,Conversor de torque,Automático,,Dianteira,Injeção multiponto,Natural,3497 cm³,6 em V,Sigma,Duplo no cabeçote,"85,8 mm",93 mm,Transversal,Dianteiro,"9,0 kg/cv","59,9 kg/kgfm","58,0 cv/litro",203 cv a 5500 rpm,10:1,,,"8,7 kgfm/litro","30,4 kgfm a 3500 rpm",4,1486 mm,,1570 mm,1560 mm,,4979 mm,2800 mm,1850 mm,1822 kg,480 litros,70 litros,135 mm,Disco ventilado,Disco sólido,Hidráulica,,"Independente, braços sobrepostos",Mola helicoidal,"Independente, multibraço",,,,,5,"11,7 m",,,,,,,,,,,,,,"2,34 m²","0,749 m²",,"0,32",567 km,350 km,"8,1 km/l",5 km/l,,,,,,,,,,,,,,,,,,,,,,,,,,,,,,,,,,,,
kia,Opirus,opirus,opirus-gl-3-8-v6-2008,opirus-gl-3-8-v6-2008,https://www.fichacompleta.com.br/carros/kia/opirus-gl-3-8-v6-2008,2026-06-18T12:17:21.187159,Kia Opirus GL 3.8 V6 2008,"9,2 s",218 km/h,Conversor de torque,Automático,5,Dianteira,Injeção multiponto,Natural,3778 cm³,6 em V,Lambda,Duplo no cabeçote,"85,8 mm",93 mm,Transversal,Dianteiro,"6,5 kg/cv","47,9 kg/kgfm","70,7 cv/litro",267 cv,"10,4:1",6000 rpm,4500 rpm,"9,5 kgfm/litro",36 kgfm,4,1485 mm,165 mm,1570 mm,1560 mm,505 kg,5000 mm,2800 mm,1850 mm,1725 kg,450 litros,70 litros,129 mm,Disco ventilado,Disco sólido,Hidráulica,"11,7 m","Indep., braços sobrepostos",Mola helicoidal,"Indep., multibraço",,,,,,,,,,,,,,,,,Corrente,,,"2,34 m²","0,749 m²","0,32",,567 km,350 km,"8,1 km/l",5 km/l,,,,,,,,,,,,,,,,,,,,,,,,,,,,,,,,,,,,
kia,Opirus,opirus,opirus-gl-3-8-v6-2009,opirus-gl-3-8-v6-2009,https://www.fichacompleta.com.br/carros/kia/opirus-gl-3-8-v6-2009,2026-06-18T12:17:24.468688,Kia Opirus GL 3.8 V6 2009,"9,2 s",218 km/h,Conversor de torque,Automático,,Dianteira,Injeção multiponto,Natural,3778 cm³,6 em V,Lambda,"Duplo no cabeçote, corrente","85,8 mm",93 mm,Transversal,Dianteiro,"6,5 kg/cv","47,9 kg/kgfm","70,7 cv/litro",267 cv a 6000 rpm,"10,4:1",,,"9,5 kgfm/litro",36 kgfm a 4500 rpm,4,1485 mm,165 mm,1570 mm,1560 mm,505 kg,5000 mm,2800 mm,1850 mm,1725 kg,450 litros,70 litros,129 mm,Disco ventilado,Disco sólido,Hidráulica,,"Independente, braços sobrepostos",Mola helicoidal,"Independente, multibraço",,,,,5,"11,7 m",,,,,,,,,,,,,,"2,34 m²","0,749 m²",,"0,32",567 km,350 km,"8,1 km/l",5 km/l,,,,,,,,,,,,,,,,,,,,,,,,,,,,,,,,,,,,
kia,Optima,optima,optima-2-4-2013,optima-2-4-2013,https://www.fichacompleta.com.br/carros/kia/optima-2-4-2013,2026-06-18T12:18:04.149103,Kia Optima 2.4 2013,11 s,210 km/h,Conversor de torque,Automático,6,Dianteira,Injeção multiponto,Natural,2359 cm³,4 em linha,Theta,Duplo no cabeçote,97 mm,88 mm,Transversal,Dianteiro,"8,6 kg/cv","65,7 kg/kgfm","76,3 cv/litro",180 cv,"10,5:1",,,"10,0 kgfm/litro","23,6 kgfm",4,1455 mm,135 mm,1591 mm,1591 mm,429 kg,4845 mm,2795 mm,1830 mm,1551 kg,437 litros,70 litros,101 mm,Disco ventilado,Disco sólido,Hidráulica,"10,9 m","Indep., McPherson",Mola helicoidal,"Indep., multibraço",,,,,6,"10,9 m",,6000 rpm,4000 rpm,,,,,,,,Corrente,,Admissão e escape,"2,26 m²","0,655 m²","0,29","0,29",644 km,518 km,"9,2 km/l","7,4 km/l",,,Mecânicos,,,,,,,,,,,,,,,,,,,,,,,,,,,,,,,,,
kia,Optima,optima,optima-2-0-2014,optima-2-0-2014,https://www.fichacompleta.com.br/carros/kia/optima-2-0-2014,2026-06-18T12:18:08.186065,Kia Optima 2.0 2014,12 s,208 km/h,Conversor de torque,Automático,6,Dianteira,Injeção multiponto,Natural,1999 cm³,4 em linha,Nu,Duplo no cabeçote,97 mm,81 mm,Transversal,Dianteiro,"9,3 kg/cv","76,2 kg/kgfm","82,5 cv/litro",165 cv,"10,5:1",,,"10,1 kgfm/litro","20,2 kgfm",4,1455 mm,135 mm,1595 mm,1595 mm,450 kg,4845 mm,2795 mm,1830 mm,1540 kg,437 litros,70 litros,101 mm,Disco ventilado,Disco sólido,Hidráulica,"10,9 m","Indep., McPherson",Mola helicoidal,"Indep., multibraço",,,,,6,"10,9 m",,6000 rpm,4600 rpm,,,,,,,,Corrente,,Admissão e escape,"2,26 m²","0,655 m²","0,29","0,29",826 km,609 km,"11,8 km/l","8,7 km/l",,,Hidráulicos,,,,,,,,,,,,,,,,,,,,,,,,,,,,,,,,,
kia,Optima,optima,optima-2-4-2014,optima-2-4-2014,https://www.fichacompleta.com.br/carros/kia/optima-2-4-2014,2026-06-18T12:18:13.169386,Kia Optima 2.4 2014,11 s,210 km/h,Conversor de torque,Automático,,Dianteira,Injeção multiponto,Natural,2356 cm³,4 em linha,Theta,"Duplo no cabeçote, corrente",97 mm,88 mm,Transversal,Dianteiro,"8,6 kg/cv","65,7 kg/kgfm","76,4 cv/litro",180 cv a 6000 rpm,"10,5:1",,,"10,0 kgfm/litro","23,6 kgfm a 4000 rpm",4,1455 mm,135 mm,1591 mm,1591 mm,429 kg,4845 mm,2795 mm,1830 mm,1551 kg,437 litros,70 litros,101 mm,Disco ventilado,Disco sólido,Hidráulica,,"Independente, McPherson",Mola helicoidal,"Independente, multibraço",,,,,6,"10,9 m",,,,,,,,,,,,,Admissão e escape,"2,26 m²","0,655 m²",,"0,29",644 km,518 km,"9,2 km/l","7,4 km/l",,,Mecânicos,,,,,,,,,,,,,,,,,,,,,,,,,,,,,,,,,
kia,Optima,optima,optima-2-0-2015,optima-2-0-2015,https://www.fichacompleta.com.br/carros/kia/optima-2-0-2015,2026-06-18T12:18:16.863860,Kia Optima 2.0 2015,12 s,208 km/h,Conversor de torque,Automático,6,Dianteira,Injeção multiponto,Natural,1999 cm³,4 em linha,Nu,Duplo no cabeçote,97 mm,81 mm,Transversal,Dianteiro,"9,3 kg/cv","76,2 kg/kgfm","82,5 cv/litro",165 cv,"10,5:1",6000 rpm,4600 rpm,"10,1 kgfm/litro","20,2 kgfm",4,1455 mm,135 mm,1595 mm,1595 mm,450 kg,4845 mm,2795 mm,1830 mm,1540 kg,437 litros,70 litros,101 mm,Disco ventilado,Disco sólido,Hidráulica,"10,9 m","Indep., McPherson",Mola helicoidal,"Indep., multibraço",,,,,,,,,,,,,,,,,Corrente,,Admissão e escape,"2,26 m²","0,655 m²","0,29",,826 km,609 km,"11,8 km/l","8,7 km/l",A6MF1,,Hidráulicos,,,,,,,,,,,,,,,,,,,,,,,,,,,,,,,,,
kia,Optima,optima,optima-2-0-2016,optima-2-0-2016,https://www.fichacompleta.com.br/carros/kia/optima-2-0-2016,2026-06-18T12:18:19.497948,Kia Optima 2.0 2016,12 s,208 km/h,Conversor de torque,Automático,,Dianteira,Injeção multiponto,Natural,1999 cm³,4 em linha,Nu,"Duplo no cabeçote, corrente",97 mm,81 mm,Transversal,Dianteiro,"9,3 kg/cv","76,2 kg/kgfm","82,5 cv/litro",165 cv a 6000 rpm,"10,5:1",,,"10,1 kgfm/litro","20,2 kgfm a 4600 rpm",4,1455 mm,135 mm,1595 mm,1595 mm,450 kg,4845 mm,2795 mm,1830 mm,1540 kg,437 litros,70 litros,101 mm,Disco ventilado,Disco sólido,Hidráulica,,"Independente, McPherson",Mola helicoidal,"Independente, multibraço",,,,,6,"10,9 m",,,,,,,,,,,,,Admissão e escape,"2,26 m²","0,655 m²",,"0,29",812 km,616 km,"11,6 km/l","8,8 km/l",,,Hidráulicos,,,,,,,,,,,,,,,,,,,,,,,,,,,,,,,,,
kia,Picanto,picanto,picanto-ex-1-1-2006,picanto-ex-1-1-2006,https://www.fichacompleta.com.br/carros/kia/picanto-ex-1-1-2006,2026-06-18T12:18:38.935883,Kia Picanto EX 1.1 2006,"15,1 s",154 km/h,Embreagem monodisco a seco,Manual,,Dianteira,Injeção multiponto,Natural,1086 cm³,4 em linha,Epsilon,Único no cabeçote,77 mm,67 mm,Transversal,Dianteiro,"13,9 kg/cv","89,9 kg/kgfm","58,9 cv/litro",64 cv a 5500 rpm,"10,1:1",,,"9,1 kgfm/litro","9,9 kgfm a 2800 rpm",3,1480 mm,,1400 mm,1385 mm,496 kg,3495 mm,2370 mm,1595 mm,890 kg,157 litros,35 litros,99 mm,Disco ventilado,Tambor,Hidráulica,,"Independente, McPherson",Mola helicoidal,Eixo de torção,,,,,5,"9,2 m",,,,,,,,,,,,,,"2,01 m²","0,683 m²",,"0,34",525 km,455 km,15 km/l,13 km/l,,,,,,,,,,,,,,,,,,,,,,,,,,,,,,,,,,,,
kia,Picanto,picanto,picanto-ex-1-1-at-2006,picanto-ex-1-1-at-2006,https://www.fichacompleta.com.br/carros/kia/picanto-ex-1-1-at-2006,2026-06-18T12:18:44.097893,Kia Picanto EX 1.1 AT 2006,"17,9 s",144 km/h,Conversor de torque,Automático,4,Dianteira,Injeção multiponto,Natural,1086 cm³,4 em linha,Epsilon,Único no cabeçote,77 mm,67 mm,Transversal,Dianteiro,"14,2 kg/cv","91,9 kg/kgfm","58,9 cv/litro",64 cv,"10,1:1",5500 rpm,2800 rpm,"9,1 kgfm/litro","9,9 kgfm",3,1480 mm,,1400 mm,1385 mm,478 kg,3495 mm,2370 mm,1595 mm,910 kg,157 litros,35 litros,99 mm,Disco ventilado,Tambor,Hidráulica,"9,2 m","Indep., McPherson",Mola helicoidal,Eixo de torção,,,,,,,,,,,,,,,,,,,,"2,01 m²","0,683 m²","0,34",,490 km,420 km,14 km/l,12 km/l,,,,,,,,,,,,,,,,,,,,,,,,,,,,,,,,,,,,
kia,Picanto,picanto,picanto-ex-1-1-2007,picanto-ex-1-1-2007,https://www.fichacompleta.com.br/carros/kia/picanto-ex-1-1-2007,2026-06-18T12:18:47.360130,Kia Picanto EX 1.1 2007,"15,1 s",154 km/h,Embreagem monodisco a seco,Manual,5,Dianteira,Injeção multiponto,Natural,1086 cm³,4 em linha,Epsilon,Único no cabeçote,77 mm,67 mm,Transversal,Dianteiro,"13,9 kg/cv","89,9 kg/kgfm","58,9 cv/litro",64 cv,"10,1:1",,,"9,1 kgfm/litro","9,9 kgfm",3,1480 mm,,1400 mm,1385 mm,496 kg,3495 mm,2370 mm,1595 mm,890 kg,157 litros,35 litros,99 mm,Disco ventilado,Tambor,Hidráulica,"9,2 m","Indep., McPherson",Mola helicoidal,Eixo de torção,,,,,5,"9,2 m",,5500 rpm,2800 rpm,,,,,,,,,,,"2,01 m²","0,683 m²","0,34","0,34",525 km,455 km,15 km/l,13 km/l,,,,,,,,,,,,,,,,,,,,,,,,,,,,,,,,,,,,
kia,Picanto,picanto,picanto-ex-1-1-at-2007,picanto-ex-1-1-at-2007,https://www.fichacompleta.com.br/carros/kia/picanto-ex-1-1-at-2007,2026-06-18T12:18:51.042003,Kia Picanto EX 1.1 AT 2007,"17,9 s",144 km/h,Conversor de torque,Automático,4,Dianteira,Injeção multiponto,Natural,1086 cm³,4 em linha,Epsilon,Único no cabeçote,77 mm,67 mm,Transversal,Dianteiro,"14,2 kg/cv","91,9 kg/kgfm","58,9 cv/litro",64 cv,"10,1:1",,,"9,1 kgfm/litro","9,9 kgfm",3,1480 mm,,1400 mm,1385 mm,478 kg,3495 mm,2370 mm,1595 mm,910 kg,157 litros,35 litros,99 mm,Disco ventilado,Tambor,Hidráulica,"9,2 m","Indep., McPherson",Mola helicoidal,Eixo de torção,,,,,4,"9,2 m",,5500 rpm,2800 rpm,,,,,,,,,,,"2,01 m²","0,683 m²","0,34","0,34",490 km,420 km,14 km/l,12 km/l,,,,,,,,,,,,,,,,,,,,,,,,,,,,,,,,,,,,
kia,Picanto,picanto,picanto-ex-1-0-2008,picanto-ex-1-0-2008,https://www.fichacompleta.com.br/carros/kia/picanto-ex-1-0-2008,2026-06-18T12:18:55.143463,Kia Picanto EX 1.0 2008,"17,2 s",155 km/h,Embreagem monodisco a seco,Manual,5,Dianteira,Injeção multiponto,Natural,999 cm³,4 em linha,Epsilon,Único no cabeçote,73 mm,66 mm,Transversal,Dianteiro,"13,9 kg/cv","100,0 kg/kgfm","64,1 cv/litro",64 cv,10:1,5600 rpm,4500 rpm,"8,9 kgfm/litro","8,9 kgfm",3,1480 mm,,1400 mm,1385 mm,354 kg,3535 mm,2370 mm,1595 mm,890 kg,157 litros,35 litros,109 mm,Disco ventilado,Tambor,Hidráulica,"9,2 m","Indep., McPherson",Mola helicoidal,Eixo de torção,,,,,,,,,,,,,,,,,,,,"2,01 m²","0,683 m²","0,34",,585 km,473 km,"16,7 km/l","13,5 km/l",,,,,,,,,,,,,,,,,,,,,,,,,,,,,,,,,,,,
kia,Picanto,picanto,picanto-ex-1-1-at-2008,picanto-ex-1-1-at-2008,https://www.fichacompleta.com.br/carros/kia/picanto-ex-1-1-at-2008,2026-06-18T12:18:58.569411,Kia Picanto EX 1.1 AT 2008,"17,9 s",144 km/h,Conversor de torque,Automático,4,Dianteira,Injeção multiponto,Natural,1086 cm³,4 em linha,Epsilon,Único no cabeçote,77 mm,67 mm,Transversal,Dianteiro,"14,2 kg/cv","91,9 kg/kgfm","58,9 cv/litro",64 cv,"10,1:1",5500 rpm,2800 rpm,"9,1 kgfm/litro","9,9 kgfm",3,1480 mm,,1400 mm,1385 mm,478 kg,3495 mm,2370 mm,1595 mm,910 kg,157 litros,35 litros,99 mm,Disco ventilado,Tambor,Hidráulica,"9,2 m","Indep., McPherson",Mola helicoidal,Eixo de torção,,,,,,,,,,,,,,,,,,,,"2,01 m²","0,683 m²","0,34",,490 km,420 km,14 km/l,12 km/l,,,,,,,,,,,,,,,,,,,,,,,,,,,,,,,,,,,,
kia,Picanto,picanto,picanto-ex-1-0-2009,picanto-ex-1-0-2009,https://www.fichacompleta.com.br/carros/kia/picanto-ex-1-0-2009,2026-06-18T12:19:05.224025,Kia Picanto EX 1.0 2009,"17,2 s",155 km/h,Embreagem monodisco a seco,Manual,5,Dianteira,Injeção multiponto,Natural,999 cm³,4 em linha,Epsilon,Único no cabeçote,73 mm,66 mm,Transversal,Dianteiro,"13,9 kg/cv","100,0 kg/kgfm","64,1 cv/litro",64 cv,10:1,,,"8,9 kgfm/litro","8,9 kgfm",3,1480 mm,,1400 mm,1385 mm,354 kg,3535 mm,2370 mm,1595 mm,890 kg,157 litros,35 litros,109 mm,Disco ventilado,Tambor,Hidráulica,"9,2 m","Indep., McPherson",Mola helicoidal,Eixo de torção,,,,,5,"9,2 m",,5600 rpm,4500 rpm,,,,,,,,,,,"2,01 m²","0,683 m²","0,34","0,34",585 km,473 km,"16,7 km/l","13,5 km/l",,,,,,,,,,,,,,,,,,,,,,,,,,,,,,,,,,,,
kia,Picanto,picanto,picanto-ex-1-0-at-2009,picanto-ex-1-0-at-2009,https://www.fichacompleta.com.br/carros/kia/picanto-ex-1-0-at-2009,2026-06-18T12:19:09.954881,Kia Picanto EX 1.0 AT 2009,19 s,153 km/h,Conversor de torque,Automático,4,Dianteira,Injeção multiponto,Natural,999 cm³,4 em linha,Epsilon,Único no cabeçote,73 mm,66 mm,Transversal,Dianteiro,"14,1 kg/cv","101,1 kg/kgfm","64,1 cv/litro",64 cv,10:1,,,"8,9 kgfm/litro","8,9 kgfm",3,1480 mm,,1400 mm,1385 mm,354 kg,3535 mm,2370 mm,1595 mm,900 kg,157 litros,35 litros,109 mm,Disco ventilado,Tambor,Hidráulica,"9,2 m","Indep., McPherson",Mola helicoidal,Eixo de torção,,,,,4,"9,2 m",,5500 rpm,4500 rpm,,,,,,,,,,,"2,01 m²","0,683 m²","0,34","0,34",560 km,466 km,16 km/l,"13,3 km/l",,,,,,,,,,,,,,,,,,,,,,,,,,,,,,,,,,,,
kia,Picanto,picanto,picanto-ex-1-0-2010,picanto-ex-1-0-2010,https://www.fichacompleta.com.br/carros/kia/picanto-ex-1-0-2010,2026-06-18T12:19:14.861843,Kia Picanto EX 1.0 2010,"17,2 s",155 km/h,Embreagem monodisco a seco,Manual,,Dianteira,Injeção multiponto,Natural,999 cm³,4 em linha,Epsilon,Único no cabeçote,73 mm,66 mm,Transversal,Dianteiro,"13,9 kg/cv","100,0 kg/kgfm","64,1 cv/litro",64 cv a 5600 rpm,10:1,,,"8,9 kgfm/litro","8,9 kgfm a 4500 rpm",3,1480 mm,,1400 mm,1385 mm,354 kg,3535 mm,2370 mm,1595 mm,890 kg,157 litros,35 litros,109 mm,Disco ventilado,Tambor,Hidráulica,,"Independente, McPherson",Mola helicoidal,Eixo de torção,,,,,5,"9,2 m",,,,,,,,,,,,,,"2,01 m²","0,683 m²",,"0,34",585 km,473 km,"16,7 km/l","13,5 km/l",,,,,,,,,,,,,,,,,,,,,,,,,,,,,,,,,,,,
kia,Picanto,picanto,picanto-ex-1-0-at-2010,picanto-ex-1-0-at-2010,https://www.fichacompleta.com.br/carros/kia/picanto-ex-1-0-at-2010,2026-06-18T12:19:18.333838,Kia Picanto EX 1.0 AT 2010,19 s,153 km/h,Conversor de torque,Automático,4,Dianteira,Injeção multiponto,Natural,999 cm³,4 em linha,Epsilon,Único no cabeçote,73 mm,66 mm,Transversal,Dianteiro,"14,1 kg/cv","101,1 kg/kgfm","64,1 cv/litro",64 cv,10:1,5500 rpm,4500 rpm,"8,9 kgfm/litro","8,9 kgfm",3,1480 mm,,1400 mm,1385 mm,354 kg,3535 mm,2370 mm,1595 mm,900 kg,157 litros,35 litros,109 mm,Disco ventilado,Tambor,Hidráulica,"9,2 m","Indep., McPherson",Mola helicoidal,Eixo de torção,,,,,,,,,,,,,,,,,,,,"2,01 m²","0,683 m²","0,34",,560 km,466 km,16 km/l,"13,3 km/l",,,,,,,,,,,,,,,,,,,,,,,,,,,,,,,,,,,,
kia,Picanto,picanto,picanto-ex-1-0-2011,picanto-ex-1-0-2011,https://www.fichacompleta.com.br/carros/kia/picanto-ex-1-0-2011,2026-06-18T12:19:22.730387,Kia Picanto EX 1.0 2011,"17,2 s",155 km/h,Embreagem monodisco a seco,Manual,,Dianteira,Injeção multiponto,Natural,999 cm³,4 em linha,Epsilon,Único no cabeçote,73 mm,66 mm,Transversal,Dianteiro,"13,9 kg/cv","100,0 kg/kgfm","64,1 cv/litro",64 cv a 5600 rpm,10:1,,,"8,9 kgfm/litro","8,9 kgfm a 4500 rpm",3,1480 mm,,1400 mm,1385 mm,354 kg,3535 mm,2370 mm,1595 mm,890 kg,157 litros,35 litros,109 mm,Disco ventilado,Tambor,Hidráulica,,"Independente, McPherson",Mola helicoidal,Eixo de torção,,,,,5,"9,2 m",,,,,,,,,,,,,,"2,01 m²","0,683 m²",,"0,34",585 km,473 km,"16,7 km/l","13,5 km/l",,,,,,,,,,,,,,,,,,,,,,,,,,,,,,,,,,,,
kia,Picanto,picanto,picanto-ex-1-0-at-2011,picanto-ex-1-0-at-2011,https://www.fichacompleta.com.br/carros/kia/picanto-ex-1-0-at-2011,2026-06-18T12:19:26.816970,Kia Picanto EX 1.0 AT 2011,19 s,153 km/h,Conversor de torque,Automático,,Dianteira,Injeção multiponto,Natural,999 cm³,4 em linha,Epsilon,Único no cabeçote,73 mm,66 mm,Transversal,Dianteiro,"14,1 kg/cv","101,1 kg/kgfm","64,1 cv/litro",64 cv a 5500 rpm,10:1,,,"8,9 kgfm/litro","8,9 kgfm a 4500 rpm",3,1480 mm,,1400 mm,1385 mm,354 kg,3535 mm,2370 mm,1595 mm,900 kg,157 litros,35 litros,109 mm,Disco ventilado,Tambor,Hidráulica,,"Independente, McPherson",Mola helicoidal,Eixo de torção,,,,,4,"9,2 m",,,,,,,,,,,,,,"2,01 m²","0,683 m²",,"0,34",560 km,466 km,16 km/l,"13,3 km/l",,,,,,,,,,,,,,,,,,,,,,,,,,,,,,,,,,,,
kia,Picanto,picanto,picanto-ex-1-0-2012,picanto-ex-1-0-2012,https://www.fichacompleta.com.br/carros/kia/picanto-ex-1-0-2012,2026-06-18T12:19:30.517046,Kia Picanto EX 1.0 2012,"14,4 s",165 km/h,Embreagem monodisco a seco,Manual,5,Dianteira,Injeção multiponto,Natural,998 cm³,3 em linha,Kappa,Duplo no cabeçote,84 mm,71 mm,Transversal,Dianteiro,"11,8 kg/cv","94,0 kg/kgfm","80,2 cv/litro",80 cv (A) 77 cv (G) a 6200 rpm,"12,5:1",,,"10,0 kgfm/litro","10 kgfm (A) 9,6 kgfm (G) a 4500 rpm",4,1490 mm,152 mm,1415 mm,1418 mm,400 kg,3595 mm,2385 mm,1595 mm,940 kg,200 litros,35 litros,99 mm,Disco ventilado,Tambor,Elétrica,"9,8 m","Indep., McPherson",Mola helicoidal,Eixo de torção,,,,,5,"9,8 m",,6200 rpm,4500 rpm,,,,,,,,Corrente,,Admissão e escape,,,,,504 km,420 km,"14,4 km/l",12 km/l,,,Mecânicos,,,,,,80 cv,77 cv,10 kgfm,"9,6 kgfm",343 km,287 km,"9,8 km/l","8,2 km/l",6500 rpm,,,,,,,,,,,,,,,,,,,
kia,Picanto,picanto,picanto-ex-1-0-at-2012,picanto-ex-1-0-at-2012,https://www.fichacompleta.com.br/carros/kia/picanto-ex-1-0-at-2012,2026-06-18T12:19:37.187336,Kia Picanto EX 1.0 AT 2012,"17,1 s",161 km/h,Conversor de torque,Automático,4,Dianteira,Injeção multiponto,Natural,998 cm³,3 em linha,Kappa,Duplo no cabeçote,84 mm,71 mm,Transversal,Dianteiro,"12,1 kg/cv","97,0 kg/kgfm","80,2 cv/litro",80 cv (A) 77 cv (G) a 6200 rpm,"12,5:1",,,"10,0 kgfm/litro","10 kgfm (A) 9,6 kgfm (G) a 4500 rpm",4,1490 mm,152 mm,1415 mm,1418 mm,400 kg,3595 mm,2385 mm,1595 mm,970 kg,200 litros,35 litros,99 mm,Disco ventilado,Tambor,Elétrica,"9,8 m","Indep., McPherson",Mola helicoidal,Eixo de torção,,,,,4,"9,8 m",,6200 rpm,4500 rpm,,,,,,,,Corrente,,Admissão e escape,,,,,459 km,399 km,"13,1 km/l","11,4 km/l",,,Mecânicos,,,,,,80 cv,77 cv,10 kgfm,"9,6 kgfm",329 km,291 km,"9,4 km/l","8,3 km/l",6500 rpm,,,,,,,,,,,,,,,,,,,
kia,Picanto,picanto,picanto-ex-1-0-2013,picanto-ex-1-0-2013,https://www.fichacompleta.com.br/carros/kia/picanto-ex-1-0-2013,2026-06-18T12:19:40.727020,Kia Picanto EX 1.0 2013,"14,4 s",165 km/h,Embreagem monodisco a seco,Manual,,Dianteira,Injeção multiponto,Natural,998 cm³,3 em linha,Kappa,"Duplo no cabeçote, corrente",84 mm,71 mm,Transversal,Dianteiro,"11,8 kg/cv","94,0 kg/kgfm","80,2 cv/litro",80 cv (A) 77 cv (G) a 6200 rpm,"12,5:1",,,"10,0 kgfm/litro","10 kgfm (A) 9,6 kgfm (G) a 4500 rpm",4,1490 mm,152 mm,1415 mm,1418 mm,400 kg,3595 mm,2385 mm,1595 mm,940 kg,200 litros,35 litros,99 mm,Disco ventilado,Tambor,Elétrica,,"Independente, McPherson",Mola helicoidal,Eixo de torção,,,,,5,"9,8 m",,,,,,,,,,,,,Admissão e escape,,,,,504 km,420 km,"14,4 km/l",12 km/l,,,Mecânicos,,,,,,,,,,343 km,287 km,"9,8 km/l","8,2 km/l",,,,,,,,,,,,,,,,,,,,
kia,Picanto,picanto,picanto-ex-1-0-at-2013,picanto-ex-1-0-at-2013,https://www.fichacompleta.com.br/carros/kia/picanto-ex-1-0-at-2013,2026-06-18T12:19:44.662558,Kia Picanto EX 1.0 AT 2013,"17,1 s",161 km/h,Conversor de torque,Automático,,Dianteira,Injeção multiponto,Natural,998 cm³,3 em linha,Kappa,"Duplo no cabeçote, corrente",84 mm,71 mm,Transversal,Dianteiro,"12,1 kg/cv","97,0 kg/kgfm","80,2 cv/litro",80 cv (A) 77 cv (G) a 6200 rpm,"12,5:1",,,"10,0 kgfm/litro","10 kgfm (A) 9,6 kgfm (G) a 4500 rpm",4,1490 mm,152 mm,1415 mm,1418 mm,400 kg,3595 mm,2385 mm,1595 mm,970 kg,200 litros,35 litros,99 mm,Disco ventilado,Tambor,Elétrica,,"Independente, McPherson",Mola helicoidal,Eixo de torção,,,,,4,"9,8 m",,,,,,,,,,,,,Admissão e escape,,,,,459 km,399 km,"13,1 km/l","11,4 km/l",,,Mecânicos,,,,,,,,,,329 km,291 km,"9,4 km/l","8,3 km/l",,,,,,,,,,,,,,,,,,,,
kia,Picanto,picanto,picanto-ex-1-0-2014,picanto-ex-1-0-2014,https://www.fichacompleta.com.br/carros/kia/picanto-ex-1-0-2014,2026-06-18T12:19:47.490146,Kia Picanto EX 1.0 2014,"14,4 s",165 km/h,Embreagem monodisco a seco,Manual,,Dianteira,Injeção multiponto,Natural,998 cm³,3 em linha,Kappa,"Duplo no cabeçote, corrente",84 mm,71 mm,Transversal,Dianteiro,"11,8 kg/cv","94,0 kg/kgfm","80,2 cv/litro",80 cv (A) 77 cv (G) a 6200 rpm,"12,5:1",,,"10,0 kgfm/litro","10 kgfm (A) 9,6 kgfm (G) a 4500 rpm",4,1490 mm,152 mm,1415 mm,1418 mm,400 kg,3595 mm,2385 mm,1595 mm,940 kg,200 litros,35 litros,99 mm,Disco ventilado,Tambor,Elétrica,,"Independente, McPherson",Mola helicoidal,Eixo de torção,,,,,5,"9,8 m",,,,,,,,,,,,,Admissão e escape,,,,,504 km,420 km,"14,4 km/l",12 km/l,,,Mecânicos,,,,,,,,,,343 km,287 km,"9,8 km/l","8,2 km/l",,,,,,,,,,,,,,,,,,,,
kia,Picanto,picanto,picanto-ex-1-0-at-2014,picanto-ex-1-0-at-2014,https://www.fichacompleta.com.br/carros/kia/picanto-ex-1-0-at-2014,2026-06-18T12:19:51.760055,Kia Picanto EX 1.0 AT 2014,"17,1 s",161 km/h,Conversor de torque,Automático,,Dianteira,Injeção multiponto,Natural,998 cm³,3 em linha,Kappa,"Duplo no cabeçote, corrente",84 mm,71 mm,Transversal,Dianteiro,"12,1 kg/cv","97,0 kg/kgfm","80,2 cv/litro",80 cv (A) 77 cv (G) a 6200 rpm,"12,5:1",,,"10,0 kgfm/litro","10 kgfm (A) 9,6 kgfm (G) a 4500 rpm",4,1490 mm,152 mm,1415 mm,1418 mm,400 kg,3595 mm,2385 mm,1595 mm,970 kg,200 litros,35 litros,99 mm,Disco ventilado,Tambor,Elétrica,,"Independente, McPherson",Mola helicoidal,Eixo de torção,,,,,4,"9,8 m",,,,,,,,,,,,,Admissão e escape,,,,,459 km,399 km,"13,1 km/l","11,4 km/l",,,Mecânicos,,,,,,,,,,329 km,291 km,"9,4 km/l","8,3 km/l",,,,,,,,,,,,,,,,,,,,
kia,Picanto,picanto,picanto-ex-1-0-at-2015,picanto-ex-1-0-at-2015,https://www.fichacompleta.com.br/carros/kia/picanto-ex-1-0-at-2015,2026-06-18T12:19:59.995480,Kia Picanto EX 1.0 AT 2015,"17,1 s",161 km/h,Conversor de torque,Automático,,Dianteira,Injeção multiponto,Natural,998 cm³,3 em linha,Kappa,"Duplo no cabeçote, corrente",84 mm,71 mm,Transversal,Dianteiro,"12,1 kg/cv","97,0 kg/kgfm","80,2 cv/litro",80 cv (A) 77 cv (G) a 6200 rpm,"12,5:1",,,"10,0 kgfm/litro","10 kgfm (A) 9,6 kgfm (G) a 4500 rpm",4,1490 mm,152 mm,1415 mm,1418 mm,400 kg,3595 mm,2385 mm,1595 mm,970 kg,200 litros,35 litros,99 mm,Disco ventilado,Tambor,Elétrica,,"Independente, McPherson",Mola helicoidal,Eixo de torção,,,,,4,"9,8 m",,,,,,,,,,,,,Admissão e escape,,,,,459 km,399 km,"13,1 km/l","11,4 km/l",,,Mecânicos,,,,,,,,,,329 km,291 km,"9,4 km/l","8,3 km/l",,,,,,,,,,,,,,,,,,,,
kia,Picanto,picanto,picanto-ex-1-0-2016,picanto-ex-1-0-2016,https://www.fichacompleta.com.br/carros/kia/picanto-ex-1-0-2016,2026-06-18T12:20:05.870007,Kia Picanto EX 1.0 2016,"14,4 s",165 km/h,Embreagem monodisco a seco,Manual,,Dianteira,Injeção multiponto,Natural,998 cm³,3 em linha,Kappa,"Duplo no cabeçote, corrente",84 mm,71 mm,Transversal,Dianteiro,"11,8 kg/cv","94,0 kg/kgfm","80,2 cv/litro",80 cv (A) 77 cv (G) a 6200 rpm,"12,5:1",,,"10,0 kgfm/litro","10 kgfm (A) 9,6 kgfm (G) a 4500 rpm",4,1490 mm,152 mm,1415 mm,1418 mm,400 kg,3595 mm,2385 mm,1595 mm,940 kg,200 litros,35 litros,99 mm,Disco ventilado,Tambor,Elétrica,,"Independente, McPherson",Mola helicoidal,Eixo de torção,,,,,5,"9,8 m",,,,,,,,,,,,,Admissão e escape,,,,,501 km,410 km,"14,3 km/l","11,7 km/l",,,Mecânicos,,,,,,,,,,350 km,287 km,10 km/l,"8,2 km/l",,,,,,,,,,,,,,,,,,,,
kia,Picanto,picanto,picanto-ex-1-0-at-2016,picanto-ex-1-0-at-2016,https://www.fichacompleta.com.br/carros/kia/picanto-ex-1-0-at-2016,2026-06-18T12:20:10.708615,Kia Picanto EX 1.0 AT 2016,"17,1 s",161 km/h,Conversor de torque,Automático,,Dianteira,Injeção multiponto,Natural,998 cm³,3 em linha,Kappa,"Duplo no cabeçote, corrente",84 mm,71 mm,Transversal,Dianteiro,"12,1 kg/cv","97,0 kg/kgfm","80,2 cv/litro",80 cv (A) 77 cv (G) a 6200 rpm,"12,5:1",,,"10,0 kgfm/litro","10 kgfm (A) 9,6 kgfm (G) a 4500 rpm",4,1490 mm,152 mm,1415 mm,1418 mm,400 kg,3595 mm,2385 mm,1595 mm,970 kg,200 litros,35 litros,99 mm,Disco ventilado,Tambor,Elétrica,,"Independente, McPherson",Mola helicoidal,Eixo de torção,,,,,4,"9,8 m",,,,,,,,,,,,,Admissão e escape,,,,,424 km,371 km,"12,1 km/l","10,6 km/l",,,Mecânicos,,,,,,,,,,312 km,280 km,"8,9 km/l",8 km/l,,,,,,,,,,,,,,,,,,,,
kia,Picanto,picanto,picanto-ex-1-0-2017,picanto-ex-1-0-2017,https://www.fichacompleta.com.br/carros/kia/picanto-ex-1-0-2017,2026-06-18T12:20:17.707993,Kia Picanto EX 1.0 2017,"14,4 s",165 km/h,Embreagem monodisco a seco,Manual,,Dianteira,Injeção multiponto,Natural,998 cm³,3 em linha,Kappa,"Duplo no cabeçote, corrente",84 mm,71 mm,Transversal,Dianteiro,"11,8 kg/cv","94,0 kg/kgfm","80,2 cv/litro",80 cv (A) 77 cv (G) a 6200 rpm,"12,5:1",,,"10,0 kgfm/litro","10 kgfm (A) 9,6 kgfm (G) a 4500 rpm",4,1490 mm,152 mm,1415 mm,1418 mm,400 kg,3595 mm,2385 mm,1595 mm,940 kg,200 litros,35 litros,99 mm,Disco ventilado,Tambor,Elétrica,,"Independente, McPherson",Mola helicoidal,Eixo de torção,,,,,5,"9,8 m",,,,,,,,,,,,,Admissão e escape,,,,,501 km,410 km,"14,3 km/l","11,7 km/l",,,Mecânicos,,,,,,,,,,350 km,287 km,10 km/l,"8,2 km/l",,,,,,,,,,,,,,,,,,,,
kia,Picanto,picanto,picanto-ex-1-0-at-2017,picanto-ex-1-0-at-2017,https://www.fichacompleta.com.br/carros/kia/picanto-ex-1-0-at-2017,2026-06-18T12:20:21.922790,Kia Picanto EX 1.0 AT 2017,"17,1 s",161 km/h,Conversor de torque,Automático,,Dianteira,Injeção multiponto,Natural,998 cm³,3 em linha,Kappa,"Duplo no cabeçote, corrente",84 mm,71 mm,Transversal,Dianteiro,"12,1 kg/cv","97,0 kg/kgfm","80,2 cv/litro",80 cv (A) 77 cv (G) a 6200 rpm,"12,5:1",,,"10,0 kgfm/litro","10 kgfm (A) 9,6 kgfm (G) a 4500 rpm",4,1490 mm,152 mm,1415 mm,1418 mm,400 kg,3595 mm,2385 mm,1595 mm,970 kg,200 litros,35 litros,99 mm,Disco ventilado,Tambor,Elétrica,,"Independente, McPherson",Mola helicoidal,Eixo de torção,,,,,4,"9,8 m",,,,,,,,,,,,,Admissão e escape,,,,,424 km,371 km,"12,1 km/l","10,6 km/l",,,Mecânicos,,,,,,,,,,312 km,280 km,"8,9 km/l",8 km/l,,,,,,,,,,,,,,,,,,,,
kia,Picanto,picanto,picanto-gt-1-0-at-2018,picanto-gt-1-0-at-2018,https://www.fichacompleta.com.br/carros/kia/picanto-gt-1-0-at-2018,2026-06-18T12:20:26.316021,Kia Picanto GT 1.0 AT 2018,"17,1 s",161 km/h,Conversor de torque,Automático,,Dianteira,Injeção multiponto,Natural,998 cm³,3 em linha,Kappa,"Duplo no cabeçote, corrente",84 mm,71 mm,Transversal,Dianteiro,"12,1 kg/cv","99,1 kg/kgfm","80,2 cv/litro",80 cv (A) 77 cv (G) a 6200 rpm,"12,5:1",,,"9,8 kgfm/litro","9,8 kgfm (A) 9,4 kgfm (G) a 4500 rpm",4,1495 mm,141 mm,1394 mm,1403 mm,400 kg,3595 mm,2400 mm,1595 mm,971 kg,200 litros,35 litros,102 mm,Disco ventilado,Tambor,Elétrica,,"Independente, McPherson",Mola helicoidal,Eixo de torção,,,,,4,"9,8 m",,,,,,,,,,,,,Admissão e escape,,,,,515 km,399 km,"14,7 km/l","11,4 km/l",,,Mecânicos,,,,,,,,,,347 km,284 km,"9,9 km/l","8,1 km/l",,,,,,,,,,,,,,,,,,,,
kia,Quoris,quoris,quoris-3-8-v6-2015,quoris-3-8-v6-2015,https://www.fichacompleta.com.br/carros/kia/quoris-3-8-v6-2015,2026-06-18T12:20:49.300938,Kia Quoris 3.8 V6 2015,"7,3 s",240 km/h,Conversor de torque,Automático,,Traseira,Injeção multiponto,Natural,3778 cm³,6 em V,Lambda,"Duplo no cabeçote, corrente",87 mm,96 mm,Transversal,Dianteiro,"6,8 kg/cv","54,8 kg/kgfm","77,8 cv/litro",294 cv a 6200 rpm,"11,5:1",,,"9,7 kgfm/litro","36,5 kgfm a 4500 rpm",4,1490 mm,150 mm,1616 mm,1634 mm,430 kg,5090 mm,3045 mm,1900 mm,2000 kg,455 litros,75 litros,123 mm,Disco ventilado,Disco ventilado,Eletro-hidráulica,,"Independente, braços sobrepostos",Mola helicoidal,"Independente, multibraço",,,,,8,"12,1 m",,,,,,,,,,,,,Admissão e escape,"2,41 m²","0,651 m²",,"0,27",675 km,405 km,9 km/l,"5,4 km/l",,,,,,,,,,,,,,,,,,,,,,,,,,,,,,,,,,,,
kia,Quoris,quoris,quoris-3-8-v6-2016,quoris-3-8-v6-2016,https://www.fichacompleta.com.br/carros/kia/quoris-3-8-v6-2016,2026-06-18T12:20:52.476409,Kia Quoris 3.8 V6 2016,"7,3 s",240 km/h,Conversor de torque,Automático,,Traseira,Injeção multiponto,Natural,3778 cm³,6 em V,Lambda,"Duplo no cabeçote, corrente",87 mm,96 mm,Transversal,Dianteiro,"6,8 kg/cv","54,8 kg/kgfm","77,8 cv/litro",294 cv a 6200 rpm,"11,5:1",,,"9,7 kgfm/litro","36,5 kgfm a 4500 rpm",4,1490 mm,150 mm,1616 mm,1634 mm,430 kg,5090 mm,3045 mm,1900 mm,2000 kg,455 litros,75 litros,123 mm,Disco ventilado,Disco ventilado,Eletro-hidráulica,,"Independente, braços sobrepostos",Mola helicoidal,"Independente, multibraço",,,,,8,"12,1 m",,,,,,,,,,,,,Admissão e escape,"2,41 m²","0,651 m²",,"0,27",675 km,405 km,9 km/l,"5,4 km/l",,,,,,,,,,,,,,,,,,,,,,,,,,,,,,,,,,,,
kia,Rio,rio,rio-ex-1-6-at-2020,rio-ex-1-6-at-2020,https://www.fichacompleta.com.br/carros/kia/rio-ex-1-6-at-2020,2026-06-18T12:21:09.960938,Kia Rio EX 1.6 AT 2020,"10,5 s",191 km/h,Conversor de torque,Automático,6,Dianteira,Injeção multiponto,Natural,1591 cm³,4 em linha,Gamma,Duplo no cabeçote,"85,4 mm",77 mm,Transversal,Dianteiro,"8,8 kg/cv","69,2 kg/kgfm","81,7 cv/litro",,11:1,6000 rpm,4500 rpm,"10,4 kgfm/litro",,4,1450 mm,140 mm,1518 mm,1524 mm,469 kg,4065 mm,2580 mm,1725 mm,1141 kg,325 litros,45 litros,120 mm,Disco ventilado,Tambor,Elétrica,"10,2 m","Indep., McPherson",Mola helicoidal,Eixo de torção,,,,,,,,,,,,,,,,,Corrente,,Admissão e escape,"2,13 m²","0,660 m²","0,31",,603 km,473 km,"13,4 km/l","10,5 km/l",A6GF1,,Mecânicos,,,,,,130 cv,123 cv,"16,5 kgfm",16 kgfm,419 km,324 km,"9,3 km/l","7,2 km/l",,,,,,,,,,,,,,,,,,,,
kia,Rio,rio,rio-lx-1-6-at-2020,rio-lx-1-6-at-2020,https://www.fichacompleta.com.br/carros/kia/rio-lx-1-6-at-2020,2026-06-18T12:21:17.804564,Kia Rio LX 1.6 AT 2020,"10,5 s",191 km/h,Conversor de torque,Automático,6,Dianteira,Injeção multiponto,Natural,1591 cm³,4 em linha,Gamma,Duplo no cabeçote,"85,4 mm",77 mm,Transversal,Dianteiro,"8,8 kg/cv","69,2 kg/kgfm","81,7 cv/litro",,11:1,6000 rpm,4500 rpm,"10,4 kgfm/litro",,4,1450 mm,140 mm,1518 mm,1524 mm,469 kg,4065 mm,2580 mm,1725 mm,1141 kg,325 litros,45 litros,120 mm,Disco ventilado,Tambor,Elétrica,"10,2 m","Indep., McPherson",Mola helicoidal,Eixo de torção,,,,,,,,,,,,,,,,,Corrente,,Admissão e escape,"2,13 m²","0,660 m²","0,31",,603 km,473 km,"13,4 km/l","10,5 km/l",A6GF1,,Mecânicos,,,,,,130 cv,123 cv,"16,5 kgfm",16 kgfm,419 km,324 km,"9,3 km/l","7,2 km/l",,,,,,,,,,,,,,,,,,,,
kia,Rio,rio,rio-ex-1-6-at-2021,rio-ex-1-6-at-2021,https://www.fichacompleta.com.br/carros/kia/rio-ex-1-6-at-2021,2026-06-18T12:21:24.381989,Kia Rio EX 1.6 AT 2021,"10,5 s",191 km/h,Conversor de torque,Automático,6,Dianteira,Injeção multiponto,Natural,1591 cm³,4 em linha,Gamma,Duplo no cabeçote,"85,4 mm",77 mm,Transversal,Dianteiro,"8,8 kg/cv","69,2 kg/kgfm","81,7 cv/litro",,11:1,6000 rpm,4500 rpm,"10,4 kgfm/litro",,4,1450 mm,140 mm,1518 mm,1524 mm,469 kg,4065 mm,2580 mm,1725 mm,1141 kg,325 litros,45 litros,135 mm,Disco ventilado,Disco ventilado,Elétrica,"10,2 m","Indep., McPherson",Mola helicoidal,Eixo de torção,,,,,,,,,,,,,,,,,Corrente,,Admissão e escape,"2,13 m²","0,660 m²","0,31",,603 km,473 km,"13,4 km/l","10,5 km/l",A6GF1,,Mecânicos,,,,,,130 cv,123 cv,"16,5 kgfm",16 kgfm,419 km,324 km,"9,3 km/l","7,2 km/l",,,,,,,,,,,,,,,,,,,,
kia,Sephia,sephia,sephia-gtx-1-5-1994,sephia-gtx-1-5-1994,https://www.fichacompleta.com.br/carros/kia/sephia-gtx-1-5-1994,2026-06-18T12:22:02.334985,Kia Sephia GTX 1.5 1994,"11,9 s",173 km/h,Embreagem monodisco a seco,Manual,5,Dianteira,Injeção multiponto,Natural,1498 cm³,4 em linha,B5-ME,Duplo no cabeçote,"78,4 mm",78 mm,Transversal,Dianteiro,"12,3 kg/cv","82,7 kg/kgfm","58,7 cv/litro",88 cv,"9,4:1",5500 rpm,4000 rpm,"8,7 kgfm/litro","13,1 kgfm",4,1390 mm,,1440 mm,1435 mm,,4280 mm,2500 mm,1692 mm,1084 kg,370 litros,50 litros,123 mm,Disco ventilado,Tambor,Hidráulica,"10,6 m","Indep., McPherson",Mola helicoidal,"Indep., McPherson",,,,,,,,,,,,,,,,,,,,2 m²,"0,660 m²","0,33",,700 km,500 km,14 km/l,10 km/l,G5M,,,,,,,,,,,,,,,,,,,,,,,,,,,,,,,,,,,
kia,Sephia,sephia,sephia-gtx-1-5-1995,sephia-gtx-1-5-1995,https://www.fichacompleta.com.br/carros/kia/sephia-gtx-1-5-1995,2026-06-18T12:22:05.664082,Kia Sephia GTX 1.5 1995,"11,9 s",173 km/h,Embreagem monodisco a seco,Manual,5,Dianteira,Injeção multiponto,Natural,1498 cm³,4 em linha,B5-ME,Duplo no cabeçote,"78,4 mm",78 mm,Transversal,Dianteiro,"12,3 kg/cv","82,7 kg/kgfm","58,7 cv/litro",88 cv,"9,4:1",,,"8,7 kgfm/litro","13,1 kgfm",4,1390 mm,,1440 mm,1435 mm,,4280 mm,2500 mm,1692 mm,1084 kg,370 litros,50 litros,123 mm,Disco ventilado,Tambor,Hidráulica,"10,6 m","Indep., McPherson",Mola helicoidal,"Indep., McPherson",,,,,5,"10,6 m",,5500 rpm,4000 rpm,,,,,,,,,,,2 m²,"0,660 m²","0,33","0,33",700 km,500 km,14 km/l,10 km/l,G5M,,,,,,,,,,,,,,,,,,,,,,,,,,,,,,,,,,,
kia,Sephia,sephia,sephia-gtx-1-6-1995,sephia-gtx-1-6-1995,https://www.fichacompleta.com.br/carros/kia/sephia-gtx-1-6-1995,2026-06-18T12:22:09.791278,Kia Sephia GTX 1.6 1995,"11,2 s",172 km/h,Embreagem monodisco a seco,Manual,5,Dianteira,Injeção multiponto,Natural,1598 cm³,4 em linha,B6,Único no cabeçote,"83,6 mm",78 mm,Transversal,Dianteiro,"13,4 kg/cv","85,4 kg/kgfm","50,7 cv/litro",81 cv,"9,3:1",5000 rpm,3500 rpm,"7,9 kgfm/litro","12,7 kgfm",2,1390 mm,,1440 mm,1435 mm,,4280 mm,2500 mm,1692 mm,1084 kg,370 litros,50 litros,123 mm,Disco ventilado,Tambor,Hidráulica,"10,6 m","Indep., McPherson",Mola helicoidal,"Indep., McPherson",,,,,,,,,,,,,,,,,Correia dentada,,,2 m²,"0,660 m²","0,33",,600 km,475 km,12 km/l,"9,5 km/l",,,,,,,,,,,,,,,,,,,,,,,,,,,,,,,,,,,,
kia,Sephia,sephia,sephia-gtx-1-6-at-1995,sephia-gtx-1-6-at-1995,https://www.fichacompleta.com.br/carros/kia/sephia-gtx-1-6-at-1995,2026-06-18T12:22:12.740468,Kia Sephia GTX 1.6 AT 1995,13 s,165 km/h,Conversor de torque,Automático,4,Dianteira,Injeção multiponto,Natural,1598 cm³,4 em linha,B6,Único no cabeçote,"83,6 mm",78 mm,Transversal,Dianteiro,"13,6 kg/cv","86,6 kg/kgfm","50,7 cv/litro",,"9,3:1",,,"7,9 kgfm/litro",,2,1390 mm,,1440 mm,1435 mm,,4280 mm,2500 mm,1692 mm,1100 kg,370 litros,50 litros,123 mm,Disco ventilado,Tambor,Hidráulica,"10,6 m","Indep., McPherson",Mola helicoidal,"Indep., McPherson",,,,,,,81 cv,5000 rpm,3500 rpm,"12,7 kgfm",,,,,,,Correia dentada,,,2 m²,"0,660 m²","0,33",,550 km,450 km,11 km/l,9 km/l,,,,,,,,,,,,,,,,,,,,,,,,,,,,,,,,,,,,
kia,Sephia,sephia,sephia-gtx-1-5-1996,sephia-gtx-1-5-1996,https://www.fichacompleta.com.br/carros/kia/sephia-gtx-1-5-1996,2026-06-18T12:22:17.626072,Kia Sephia GTX 1.5 1996,"11,9 s",173 km/h,Embreagem monodisco a seco,Manual,5,Dianteira,Injeção multiponto,Natural,1498 cm³,4 em linha,B5-ME,Duplo no cabeçote,"78,4 mm",78 mm,Transversal,Dianteiro,"12,0 kg/cv","81,7 kg/kgfm","59,4 cv/litro",89 cv,"9,4:1",5500 rpm,4000 rpm,"8,7 kgfm/litro","13,1 kgfm",4,1390 mm,,1440 mm,1435 mm,520 kg,4360 mm,2500 mm,1692 mm,1070 kg,370 litros,50 litros,123 mm,Disco ventilado,Tambor,Hidráulica,"10,2 m","Indep., McPherson",Mola helicoidal,"Indep., McPherson",,,,,,,,,,,,,,,,,,,,2 m²,"0,660 m²","0,33",,700 km,500 km,14 km/l,10 km/l,G5M,,,,,,,,,,,,,,,,,,,,,,,,,,,,,,,,,,,
kia,Sephia,sephia,sephia-gtx-1-5-at-1996,sephia-gtx-1-5-at-1996,https://www.fichacompleta.com.br/carros/kia/sephia-gtx-1-5-at-1996,2026-06-18T12:22:22.211118,Kia Sephia GTX 1.5 AT 1996,13 s,165 km/h,Conversor de torque,Automático,4,Dianteira,Injeção multiponto,Natural,1498 cm³,4 em linha,B5-ME,Duplo no cabeçote,"78,4 mm",78 mm,Transversal,Dianteiro,"12,4 kg/cv","84,0 kg/kgfm","59,4 cv/litro",,"9,4:1",,,"8,7 kgfm/litro",,4,1390 mm,,1440 mm,1435 mm,520 kg,4360 mm,2500 mm,1692 mm,1100 kg,370 litros,50 litros,123 mm,Disco ventilado,Tambor,Hidráulica,"10,2 m","Indep., McPherson",Mola helicoidal,"Indep., McPherson",,,,,,,89 cv,5500 rpm,4000 rpm,"13,1 kgfm",,,,,,,,,,2 m²,"0,660 m²","0,33",,650 km,475 km,13 km/l,"9,5 km/l",,,,,,,,,,,,,,,,,,,,,,,,,,,,,,,,,,,,
kia,Sephia,sephia,sephia-ls-1-5-1999,sephia-ls-1-5-1999,https://www.fichacompleta.com.br/carros/kia/sephia-ls-1-5-1999,2026-06-18T12:22:26.575515,Kia Sephia LS 1.5 1999,"13,8 s",180 km/h,Embreagem monodisco a seco,Manual,5,Dianteira,Injeção multiponto,Natural,1498 cm³,4 em linha,B5-DE,Duplo no cabeçote,"78,4 mm",78 mm,Transversal,Dianteiro,"10,8 kg/cv","75,9 kg/kgfm","70,1 cv/litro",105 cv,"9,3:1",,,"10,0 kgfm/litro",15 kgfm,4,1413 mm,,1465 mm,1455 mm,452 kg,4427 mm,2560 mm,1711 mm,1138 kg,349 litros,50 litros,120 mm,Disco ventilado,Tambor,Hidráulica,"10,6 m","Indep., McPherson",Mola helicoidal,Eixo de torção,,,,,5,"10,6 m",,5500 rpm,4000 rpm,,,,,,,,,,,"2,05 m²","0,636 m²","0,31","0,31",625 km,510 km,"12,5 km/l","10,2 km/l",G5M,,,,,,,,,,,,,,,,,,,,,,,,,,,,,,,,,,,
kia,Sephia,sephia,sephia-ls-1-5-2000,sephia-ls-1-5-2000,https://www.fichacompleta.com.br/carros/kia/sephia-ls-1-5-2000,2026-06-18T12:22:30.954472,Kia Sephia LS 1.5 2000,"13,8 s",180 km/h,Embreagem monodisco a seco,Manual,5,Dianteira,Injeção multiponto,Natural,1498 cm³,4 em linha,B5-DE,Duplo no cabeçote,"78,4 mm",78 mm,Transversal,Dianteiro,"10,8 kg/cv","75,9 kg/kgfm","70,1 cv/litro",105 cv,"9,3:1",5500 rpm,4000 rpm,"10,0 kgfm/litro",15 kgfm,4,1413 mm,,1465 mm,1455 mm,452 kg,4427 mm,2560 mm,1711 mm,1138 kg,349 litros,50 litros,120 mm,Disco ventilado,Tambor,Hidráulica,"10,6 m","Indep., McPherson",Mola helicoidal,Eixo de torção,,,,,,,,,,,,,,,,,,,,"2,05 m²","0,636 m²","0,31",,625 km,510 km,"12,5 km/l","10,2 km/l",G5M,,,,,,,,,,,,,,,,,,,,,,,,,,,,,,,,,,,
kia,Shuma,shuma,shuma-1-5-1998,shuma-1-5-1998,https://www.fichacompleta.com.br/carros/kia/shuma-1-5-1998,2026-06-18T12:22:47.858642,Kia Shuma 1.5 1998,"13,8 s",180 km/h,Embreagem monodisco a seco,Manual,5,Dianteira,Injeção multiponto,Natural,1498 cm³,4 em linha,BFD,Duplo no cabeçote,"78,4 mm",78 mm,Transversal,Dianteiro,"12,9 kg/cv","82,5 kg/kgfm","58,7 cv/litro",88 cv,"9,3:1",,,"9,2 kgfm/litro","13,8 kgfm",4,1413 mm,,1465 mm,1455 mm,452 kg,4427 mm,2560 mm,1711 mm,1138 kg,349 litros,50 litros,120 mm,Disco ventilado,Tambor,Hidráulica,"10,6 m","Indep., McPherson",Mola helicoidal,Eixo de torção,,,,,5,"10,6 m",,5000 rpm,4000 rpm,,,,,,,,,,,"2,05 m²","0,636 m²","0,31","0,31",625 km,510 km,"12,5 km/l","10,2 km/l",,,,,,,,,,,,,,,,,,,,,,,,,,,,,,,,,,,,
kia,Shuma,shuma,shuma-1-5-1999,shuma-1-5-1999,https://www.fichacompleta.com.br/carros/kia/shuma-1-5-1999,2026-06-18T12:22:51.299939,Kia Shuma 1.5 1999,"13,8 s",180 km/h,,Manual,,Dianteira,Injeção multiponto,Natural,1498 cm³,4 em linha,BFD,Duplo no cabeçote,,,Transversal,Dianteiro,"12,9 kg/cv","82,5 kg/kgfm","58,7 cv/litro",88 cv a 5000 rpm,"9,3:1",,,"9,2 kgfm/litro","13,8 kgfm a 4000 rpm",4,1413 mm,,1465 mm,1455 mm,452 kg,4427 mm,2560 mm,1711 mm,1138 kg,349 litros,50 litros,120 mm,185/65 R14,Tambor,Hidráulica,,"Independente, McPherson",Mola helicoidal,Eixo de torção,,,,,5,"10,6 m",,,,,"78,4 mm",78 mm,,,,,,,,"2,05 m²",,,"0,31",625 km,510 km,"12,5 km/l","10,2 km/l",,,,,,,,,,,,,,,,,,,,,,,,,,,,,,,,,,,,
kia,Shuma,shuma,shuma-1-5-2000,shuma-1-5-2000,https://www.fichacompleta.com.br/carros/kia/shuma-1-5-2000,2026-06-18T12:22:55.709802,Kia Shuma 1.5 2000,"13,8 s",180 km/h,Embreagem monodisco a seco,Manual,,Dianteira,Injeção multiponto,Natural,1498 cm³,4 em linha,BFD,Duplo no cabeçote,"78,4 mm",78 mm,Transversal,Dianteiro,"12,9 kg/cv","82,5 kg/kgfm","58,7 cv/litro",88 cv a 5000 rpm,"9,3:1",,,"9,2 kgfm/litro","13,8 kgfm a 4000 rpm",4,1413 mm,,1465 mm,1455 mm,452 kg,4427 mm,2560 mm,1711 mm,1138 kg,349 litros,50 litros,120 mm,Disco ventilado,Tambor,Hidráulica,,"Independente, McPherson",Mola helicoidal,Eixo de torção,,,,,5,"10,6 m",,,,,,,,,,,,,,"2,05 m²","0,636 m²",,"0,31",625 km,510 km,"12,5 km/l","10,2 km/l",,,,,,,,,,,,,,,,,,,,,,,,,,,,,,,,,,,,
kia,Sorento,sorento,sorento-3-5-v6-4x4-at-2004,sorento-3-5-v6-4x4-at-2004,https://www.fichacompleta.com.br/carros/kia/sorento-3-5-v6-4x4-at-2004,2026-06-18T12:23:15.959904,Kia Sorento 3.5 V6 4x4 AT 2004,12 s,185 km/h,Conversor de torque,Automático,4,Integral sob demanda,Injeção multiponto,Natural,3497 cm³,6 em V,Sigma,Duplo no cabeçote,"85,8 mm",93 mm,Transversal,Dianteiro,"9,9 kg/cv","64,8 kg/kgfm","56,3 cv/litro",197 cv,10:1,,,"8,6 kgfm/litro","30,1 kgfm",4,1725 mm,200 mm,1580 mm,1580 mm,630 kg,4567 mm,2710 mm,1863 mm,1950 kg,440 litros,80 litros,172 mm,Disco ventilado,Disco ventilado,Hidráulica,11 m,"Indep., braços sobrepostos",Mola helicoidal,Eixo rígido,,,,,,,,5500 rpm,3000 rpm,,,,,,,,,,,"2,73 m²","1,160 m²","0,425",,560 km,376 km,7 km/l,"4,7 km/l",,,,,,,,,,,,,,,,,,,,,,,,,,,,,22 graus,"27,9 graus","26,4 graus",,,,,
kia,Sorento,sorento,sorento-ex-2-5-diesel-4x4-at-2004,sorento-ex-2-5-diesel-4x4-at-2004,https://www.fichacompleta.com.br/carros/kia/sorento-ex-2-5-diesel-4x4-at-2004,2026-06-18T12:23:19.065280,Kia Sorento EX 2.5 Diesel 4x4 AT 2004,15 s,162 km/h,Conversor de torque,Automático,4,Integral sob demanda,Injeção direta,Turbocompressor,2497 cm³,4 em linha,,Duplo no cabeçote,96 mm,91 mm,Transversal,Dianteiro,"14,2 kg/cv","62,0 kg/kgfm","56,1 cv/litro",140 cv,"17,7:1",3800 rpm,2000 rpm,"12,8 kgfm/litro",32 kgfm,4,1725 mm,200 mm,1580 mm,1580 mm,600 kg,4567 mm,2710 mm,1863 mm,1984 kg,440 litros,80 litros,172 mm,Disco ventilado,Disco ventilado,Hidráulica,11 m,"Indep., braços sobrepostos",Mola helicoidal,Eixo rígido,824 km,688 km,"10,3 km/l","8,6 km/l",,,,,,,,,,,,,,,,"2,73 m²","1,160 m²","0,425",,,,,,,,,,,,,,,,,,,,,,,,,,,,,,,,,,22 graus,"27,9 graus","26,4 graus",,,,,
kia,Sorento,sorento,sorento-ex-2-5-diesel-4x4-at-2005,sorento-ex-2-5-diesel-4x4-at-2005,https://www.fichacompleta.com.br/carros/kia/sorento-ex-2-5-diesel-4x4-at-2005,2026-06-18T12:23:23.986960,Kia Sorento EX 2.5 Diesel 4x4 AT 2005,15 s,162 km/h,Conversor de torque,Automático,4,Integral sob demanda,Injeção direta,Turbocompressor,2497 cm³,4 em linha,,Duplo no cabeçote,96 mm,91 mm,Transversal,Dianteiro,"14,2 kg/cv","62,0 kg/kgfm","56,1 cv/litro",140 cv,"17,7:1",,,"12,8 kgfm/litro",32 kgfm,4,1725 mm,200 mm,1580 mm,1580 mm,600 kg,4567 mm,2710 mm,1863 mm,1984 kg,440 litros,80 litros,172 mm,Disco ventilado,Disco ventilado,Hidráulica,11 m,"Indep., braços sobrepostos",Mola helicoidal,Eixo rígido,824 km,688 km,"10,3 km/l","8,6 km/l",4,11 m,,3800 rpm,2000 rpm,,,,,,,,,,,"2,73 m²","1,160 m²","0,425","0,425",,,,,,,,,,,,,,,,,,,,,,,,,,,,,,,,,22 graus,"27,9 graus","26,4 graus",,,,,
kia,Sorento,sorento,sorento-lx-2-5-diesel-4x4-at-2005,sorento-lx-2-5-diesel-4x4-at-2005,https://www.fichacompleta.com.br/carros/kia/sorento-lx-2-5-diesel-4x4-at-2005,2026-06-18T12:23:26.404000,Kia Sorento LX 2.5 Diesel 4x4 AT 2005,15 s,162 km/h,Conversor de torque,Automático,4,Integral sob demanda,Injeção direta,Turbocompressor,,4 em linha,,Duplo no cabeçote,96 mm,91 mm,Transversal,Dianteiro,"14,17 kg/cv","62,0 kg/kgfm","56,1 cv/litro",140 cv,"17,7:1",3800 rpm,2000 rpm,"12,8 kgfm/litro",32 kgfm,4,1725 mm,200 mm,1580 mm,1580 mm,600 kg,4567 mm,2710 mm,1863 mm,1984 kg,440 litros,80 litros,172 mm,Disco ventilado,Disco ventilado,Hidráulica,11 m,"Indep., braços sobrepostos",Mola helicoidal,Eixo rígido,824 km,688 km,"10,3 km/l","8,6 km/l",,,,,,,,,,624 cm³,2497 cm³,,,,,"2,73 m²","1,160 m²","0,425",,,,,,,,,,,,,,,,,,,,,,,,,,,,,,,,,,22 graus,"27,9 graus","26,4 graus",,,,,
kia,Sorento,sorento,sorento-3-5-v6-4x4-at-2006,sorento-3-5-v6-4x4-at-2006,https://www.fichacompleta.com.br/carros/kia/sorento-3-5-v6-4x4-at-2006,2026-06-18T12:23:30.010028,Kia Sorento 3.5 V6 4x4 AT 2006,12 s,185 km/h,Conversor de torque,Automático,,Integral sob demanda,Injeção multiponto,Natural,3497 cm³,6 em V,Sigma,Duplo no cabeçote,"85,8 mm",93 mm,Transversal,Dianteiro,"9,9 kg/cv","64,8 kg/kgfm","56,3 cv/litro",197 cv a 5500 rpm,10:1,,,"8,6 kgfm/litro","30,1 kgfm a 3000 rpm",4,1725 mm,200 mm,1580 mm,1580 mm,630 kg,4567 mm,2710 mm,1863 mm,1950 kg,440 litros,80 litros,172 mm,Disco ventilado,Disco ventilado,Hidráulica,,"Independente, braços sobrepostos",Mola helicoidal,Eixo rígido,,,,,4,11 m,,,,,,,,,,,,,,"2,73 m²","1,160 m²",,"0,425",560 km,376 km,7 km/l,"4,7 km/l",,,,,,,,,,,,,,,,,,,,,,,,,,,,,22 graus,"27,9 graus","26,4 graus",,,,,
kia,Sorento,sorento,sorento-ex-2-5-diesel-4x4-2006,sorento-ex-2-5-diesel-4x4-2006,https://www.fichacompleta.com.br/carros/kia/sorento-ex-2-5-diesel-4x4-2006,2026-06-18T12:23:34.324693,Kia Sorento EX 2.5 Diesel 4x4 2006,"14,6 s",170 km/h,Embreagem monodisco a seco,Manual,,Integral sob demanda,Injeção direta,Turbocompressor,2497 cm³,4 em linha,,Duplo no cabeçote,96 mm,91 mm,Transversal,Dianteiro,"14,2 kg/cv","61,9 kg/kgfm","56,1 cv/litro",140 cv a 3800 rpm,"17,7:1",,,"12,8 kgfm/litro",32 kgfm a 2000 rpm,4,1725 mm,200 mm,1580 mm,1580 mm,619 kg,4567 mm,2710 mm,1863 mm,1981 kg,440 litros,80 litros,172 mm,Disco ventilado,Disco ventilado,Hidráulica,,"Independente, braços sobrepostos",Mola helicoidal,Eixo rígido,824 km,688 km,"10,3 km/l","8,6 km/l",5,11 m,,,,,,,,,,,,,,"2,73 m²","1,160 m²",,"0,425",,,,,,,,,,,,,,,,,,,,,,,,,,,,,,,,,22 graus,"27,9 graus","26,4 graus",,,,,
kia,Sorento,sorento,sorento-ex-2-5-diesel-4x4-at-2006,sorento-ex-2-5-diesel-4x4-at-2006,https://www.fichacompleta.com.br/carros/kia/sorento-ex-2-5-diesel-4x4-at-2006,2026-06-18T12:23:38.369419,Kia Sorento EX 2.5 Diesel 4x4 AT 2006,15 s,162 km/h,Conversor de torque,Automático,,Integral sob demanda,Injeção direta,Turbocompressor,2497 cm³,4 em linha,,Duplo no cabeçote,96 mm,91 mm,Transversal,Dianteiro,"14,2 kg/cv","62,0 kg/kgfm","56,1 cv/litro",140 cv a 3800 rpm,"17,7:1",,,"12,8 kgfm/litro",32 kgfm a 2000 rpm,4,1725 mm,200 mm,1580 mm,1580 mm,600 kg,4567 mm,2710 mm,1863 mm,1984 kg,440 litros,80 litros,172 mm,Disco ventilado,Disco ventilado,Hidráulica,,"Independente, braços sobrepostos",Mola helicoidal,Eixo rígido,824 km,688 km,"10,3 km/l","8,6 km/l",4,11 m,,,,,,,,,,,,,,"2,73 m²","1,160 m²",,"0,425",,,,,,,,,,,,,,,,,,,,,,,,,,,,,,,,,22 graus,"27,9 graus","26,4 graus",,,,,
kia,Sorento,sorento,sorento-ex-3-8-v6-4x4-at-2006,sorento-ex-3-8-v6-4x4-at-2006,https://www.fichacompleta.com.br/carros/kia/sorento-ex-3-8-v6-4x4-at-2006,2026-06-18T12:23:43.039944,Kia Sorento EX 3.8 V6 4x4 AT 2006,9 s,220 km/h,,Automático,,Integral sob demanda,Injeção multiponto,Natural,3778 cm³,6 em V,Lambda,"Duplo no cabeçote, corrente",,,Transversal,Dianteiro,"7,5 kg/cv","55,7 kg/kgfm","70,7 cv/litro",267 cv a 6000 rpm,"10,4:1",,,"9,5 kgfm/litro",36 kgfm a 4500 rpm,4,1811 mm,,1580 mm,1580 mm,570 kg,4590 mm,2710 mm,1885 mm,2004 kg,440 litros,80 litros,172 mm,Disco ventilado,Disco ventilado,Hidráulica,,"Independente, braços sobrepostos",Mola helicoidal,Eixo rígido,,,,,5,"11,8 m",,,,,87 mm,96 mm,,,,,,,Admissão,"2,9 m²",,,"0,425",472 km,344 km,"5,9 km/l","4,3 km/l",,,,,,,,,,,,,,,,,,,,,,,,,,,,,,"28,4 graus","25,8 graus",,,,,
kia,Sorento,sorento,sorento-lx-2-5-diesel-4x4-at-2006,sorento-lx-2-5-diesel-4x4-at-2006,https://www.fichacompleta.com.br/carros/kia/sorento-lx-2-5-diesel-4x4-at-2006,2026-06-18T12:23:47.653569,Kia Sorento LX 2.5 Diesel 4x4 AT 2006,15 s,162 km/h,Conversor de torque,Automático,4,Integral sob demanda,Injeção direta,Turbocompressor,,4 em linha,,Duplo no cabeçote,96 mm,91 mm,Transversal,Dianteiro,"14,17 kg/cv","62,0 kg/kgfm","56,1 cv/litro",140 cv,"17,7:1",3800 rpm,2000 rpm,"12,8 kgfm/litro",32 kgfm,4,1725 mm,200 mm,1580 mm,1580 mm,600 kg,4567 mm,2710 mm,1863 mm,1984 kg,440 litros,80 litros,172 mm,Disco ventilado,Disco ventilado,Hidráulica,11 m,"Indep., braços sobrepostos",Mola helicoidal,Eixo rígido,824 km,688 km,"10,3 km/l","8,6 km/l",,,,,,,,,,624 cm³,2497 cm³,,,,,"2,73 m²","1,160 m²","0,425",,,,,,,,,,,,,,,,,,,,,,,,,,,,,,,,,,22 graus,"27,9 graus","26,4 graus",,,,,
kia,Sorento,sorento,sorento-ex-2-5-diesel-4x4-at-2007,sorento-ex-2-5-diesel-4x4-at-2007,https://www.fichacompleta.com.br/carros/kia/sorento-ex-2-5-diesel-4x4-at-2007,2026-06-18T12:23:51.590646,Kia Sorento EX 2.5 Diesel 4x4 AT 2007,15 s,162 km/h,Conversor de torque,Automático,4,Integral sob demanda,Injeção direta,Turbocompressor,2497 cm³,4 em linha,,Duplo no cabeçote,96 mm,91 mm,Transversal,Dianteiro,"14,2 kg/cv","62,0 kg/kgfm","56,1 cv/litro",140 cv,"17,7:1",3800 rpm,2000 rpm,"12,8 kgfm/litro",32 kgfm,4,1725 mm,200 mm,1580 mm,1580 mm,600 kg,4567 mm,2710 mm,1863 mm,1984 kg,440 litros,80 litros,172 mm,Disco ventilado,Disco ventilado,Hidráulica,11 m,"Indep., braços sobrepostos",Mola helicoidal,Eixo rígido,824 km,688 km,"10,3 km/l","8,6 km/l",,,,,,,,,,,,,,,,"2,73 m²","1,160 m²","0,425",,,,,,,,,,,,,,,,,,,,,,,,,,,,,,,,,,22 graus,"27,9 graus","26,4 graus",,,,,
kia,Sorento,sorento,sorento-ex-3-8-v6-4x4-at-2007,sorento-ex-3-8-v6-4x4-at-2007,https://www.fichacompleta.com.br/carros/kia/sorento-ex-3-8-v6-4x4-at-2007,2026-06-18T12:23:54.473182,Kia Sorento EX 3.8 V6 4x4 AT 2007,9 s,220 km/h,Conversor de torque,Automático,,Integral sob demanda,Injeção multiponto,Natural,3778 cm³,6 em V,Lambda,"Duplo no cabeçote, corrente",,,Transversal,Dianteiro,"7,5 kg/cv","55,7 kg/kgfm","70,7 cv/litro",267 cv a 6000 rpm,"10,4:1",,,"9,5 kgfm/litro",36 kgfm a 4500 rpm,4,1811 mm,208 mm,1580 mm,1580 mm,570 kg,4590 mm,2710 mm,1885 mm,2004 kg,440 litros,80 litros,172 mm,Disco ventilado,Disco ventilado,Hidráulica,,"Independente, braços sobrepostos",Mola helicoidal,Eixo rígido,,,,,5,"11,8 m",,,,,87 mm,96 mm,,,,,,,Admissão,"2,9 m²","1,233 m²",,"0,425",472 km,344 km,"5,9 km/l","4,3 km/l",,,,,,,,,,,,,,,,,,,,,,,,,,,,,22 graus,"28,4 graus","25,8 graus",,,,,
kia,Sorento,sorento,sorento-ex-2-5-diesel-4x4-2008,sorento-ex-2-5-diesel-4x4-2008,https://www.fichacompleta.com.br/carros/kia/sorento-ex-2-5-diesel-4x4-2008,2026-06-18T12:23:59.172812,Kia Sorento EX 2.5 Diesel 4x4 2008,12 s,182 km/h,,Manual,,Integral sob demanda,Injeção direta,Turbocompressor,2497 cm³,4 em linha,,Duplo no cabeçote,,,Transversal,Dianteiro,"11,7 kg/cv","49,8 kg/kgfm","68,1 cv/litro",170 cv a 3800 rpm,"17,7:1",,,"16,0 kgfm/litro",40 kgfm a 2000 rpm,4,1725 mm,,1580 mm,1580 mm,650 kg,4590 mm,2710 mm,1865 mm,1990 kg,440 litros,80 litros,172 mm,Disco ventilado,Disco ventilado,Hidráulica,,"Independente, braços sobrepostos",Mola helicoidal,Eixo rígido,840 km,696 km,"10,5 km/l","8,7 km/l",5,"11,8 m",,,,,96 mm,91 mm,,,,,,,,"2,73 m²",,,"0,425",,,,,,,,,,,,,,,,,,,,,,,,,,,,,,,,,,28 graus,26 graus,,,,,
kia,Sorento,sorento,sorento-ex-2-5-diesel-4x4-at-2008,sorento-ex-2-5-diesel-4x4-at-2008,https://www.fichacompleta.com.br/carros/kia/sorento-ex-2-5-diesel-4x4-at-2008,2026-06-18T12:24:02.101885,Kia Sorento EX 2.5 Diesel 4x4 AT 2008,"12,3 s",182 km/h,Conversor de torque,Automático,5,Integral sob demanda,Injeção direta,Turbocompressor,2497 cm³,4 em linha,,Duplo no cabeçote,96 mm,91 mm,Transversal,Dianteiro,"11,8 kg/cv","50,1 kg/kgfm","68,1 cv/litro",170 cv,"17,7:1",3800 rpm,2000 rpm,"16,0 kgfm/litro",40 kgfm,4,1725 mm,200 mm,1580 mm,1580 mm,636 kg,4590 mm,2710 mm,1865 mm,2004 kg,440 litros,80 litros,172 mm,Disco ventilado,Disco ventilado,Hidráulica,11 m,"Indep., braços sobrepostos",Mola helicoidal,Eixo rígido,816 km,544 km,"10,2 km/l","6,8 km/l",,,,,,,,,,,,,,,,"2,73 m²","1,160 m²","0,425",,,,,,,,,,,,,,,,,,,,,,,,,,,,,,,,,,22 graus,"27,9 graus","26,4 graus",,,,,
kia,Sorento,sorento,sorento-ex-3-8-v6-4x4-at-2008,sorento-ex-3-8-v6-4x4-at-2008,https://www.fichacompleta.com.br/carros/kia/sorento-ex-3-8-v6-4x4-at-2008,2026-06-18T12:24:06.886848,Kia Sorento EX 3.8 V6 4x4 AT 2008,9 s,220 km/h,Conversor de torque,Automático,5,Integral sob demanda,Injeção multiponto,Natural,3778 cm³,6 em V,Lambda,Duplo no cabeçote,87 mm,96 mm,Transversal,Dianteiro,"7,5 kg/cv","55,7 kg/kgfm","70,7 cv/litro",267 cv,"10,4:1",,,"9,5 kgfm/litro",36 kgfm,4,1811 mm,208 mm,1580 mm,1580 mm,570 kg,4590 mm,2710 mm,1885 mm,2004 kg,440 litros,80 litros,172 mm,Disco ventilado,Disco ventilado,Hidráulica,"11,8 m","Indep., braços sobrepostos",Mola helicoidal,Eixo rígido,,,,,5,"11,8 m",,6000 rpm,4500 rpm,,,,,,,,Corrente,,Admissão,"2,9 m²","1,233 m²","0,425","0,425",472 km,344 km,"5,9 km/l","4,3 km/l",,,,,,,,,,,,,,,,,,,,,,,,,,,,,22 graus,"28,4 graus","25,8 graus",,,,,
kia,Sorento,sorento,sorento-ex-2-5-diesel-4x4-2009,sorento-ex-2-5-diesel-4x4-2009,https://www.fichacompleta.com.br/carros/kia/sorento-ex-2-5-diesel-4x4-2009,2026-06-18T12:24:11.319517,Kia Sorento EX 2.5 Diesel 4x4 2009,12 s,182 km/h,,Manual,,Integral sob demanda,Injeção direta,Turbocompressor,2497 cm³,4 em linha,,Duplo no cabeçote,,,Transversal,Dianteiro,"11,7 kg/cv","49,8 kg/kgfm","68,1 cv/litro",170 cv a 3800 rpm,"17,7:1",,,"16,0 kgfm/litro",40 kgfm a 2000 rpm,4,1725 mm,,1580 mm,1580 mm,650 kg,4590 mm,2710 mm,1865 mm,1990 kg,440 litros,80 litros,172 mm,Disco ventilado,Disco ventilado,Hidráulica,,"Independente, braços sobrepostos",Mola helicoidal,Eixo rígido,840 km,696 km,"10,5 km/l","8,7 km/l",5,"11,8 m",,,,,96 mm,91 mm,,,,,,,,"2,73 m²",,,"0,425",,,,,,,,,,,,,,,,,,,,,,,,,,,,,,,,,,28 graus,26 graus,,,,,
kia,Sorento,sorento,sorento-ex-2-5-diesel-4x4-at-2009,sorento-ex-2-5-diesel-4x4-at-2009,https://www.fichacompleta.com.br/carros/kia/sorento-ex-2-5-diesel-4x4-at-2009,2026-06-18T12:24:15.043994,Kia Sorento EX 2.5 Diesel 4x4 AT 2009,"12,3 s",182 km/h,Conversor de torque,Automático,5,Integral sob demanda,Injeção direta,Turbocompressor,2497 cm³,4 em linha,,Duplo no cabeçote,96 mm,91 mm,Transversal,Dianteiro,"11,8 kg/cv","50,1 kg/kgfm","68,1 cv/litro",170 cv,"17,7:1",,,"16,0 kgfm/litro",40 kgfm,4,1725 mm,200 mm,1580 mm,1580 mm,636 kg,4590 mm,2710 mm,1865 mm,2004 kg,440 litros,80 litros,172 mm,Disco ventilado,Disco ventilado,Hidráulica,11 m,"Indep., braços sobrepostos",Mola helicoidal,Eixo rígido,816 km,544 km,"10,2 km/l","6,8 km/l",5,11 m,,3800 rpm,2000 rpm,,,,,,,,,,,"2,73 m²","1,160 m²","0,425","0,425",,,,,,,,,,,,,,,,,,,,,,,,,,,,,,,,,22 graus,"27,9 graus","26,4 graus",,,,,
kia,Sorento,sorento,sorento-ex-3-8-v6-4x4-at-2009,sorento-ex-3-8-v6-4x4-at-2009,https://www.fichacompleta.com.br/carros/kia/sorento-ex-3-8-v6-4x4-at-2009,2026-06-18T12:24:19.649531,Kia Sorento EX 3.8 V6 4x4 AT 2009,9 s,220 km/h,Conversor de torque,Automático,5,Integral sob demanda,Injeção multiponto,Natural,3778 cm³,6 em V,Lambda,Duplo no cabeçote,87 mm,96 mm,Transversal,Dianteiro,"7,5 kg/cv","55,7 kg/kgfm","70,7 cv/litro",267 cv,"10,4:1",6000 rpm,4500 rpm,"9,5 kgfm/litro",36 kgfm,4,1811 mm,208 mm,1580 mm,1580 mm,570 kg,4590 mm,2710 mm,1885 mm,2004 kg,440 litros,80 litros,172 mm,Disco ventilado,Disco ventilado,Hidráulica,"11,8 m","Indep., braços sobrepostos",Mola helicoidal,Eixo rígido,,,,,,,,,,,,,,,,,Corrente,,Admissão,"2,9 m²","1,233 m²","0,425",,472 km,344 km,"5,9 km/l","4,3 km/l",,,,,,,,,,,,,,,,,,,,,,,,,,,,,22 graus,"28,4 graus","25,8 graus",,,,,
kia,Sorento,sorento,sorento-3-5-v6-4x4-at-2010,sorento-3-5-v6-4x4-at-2010,https://www.fichacompleta.com.br/carros/kia/sorento-3-5-v6-4x4-at-2010,2026-06-18T12:24:24.170249,Kia Sorento 3.5 V6 4x4 AT 2010,"8,2 s",190 km/h,Conversor de torque,Automático,6,Integral sob demanda,Injeção multiponto,Natural,3470 cm³,6 em V,,Duplo no cabeçote,87 mm,92 mm,Transversal,Dianteiro,"6,7 kg/cv","54,1 kg/kgfm","80,1 cv/litro",278 cv,"10,6:1",,,"9,9 kgfm/litro","34,2 kgfm",4,1755 mm,203 mm,1618 mm,1621 mm,725 kg,4685 mm,2700 mm,1885 mm,1850 kg,,70 litros,141 mm,Disco ventilado,Disco sólido,Hidráulica,"10,9 m","Indep., McPherson",Mola helicoidal,"Indep., multibraço",,,,,6,"10,9 m",,6300 rpm,5000 rpm,,,,,,,,Corrente,,,"2,81 m²","1,068 m²","0,38","0,38",539 km,441 km,"7,7 km/l","6,3 km/l",,,,440 litros,150 litros,440 litros,150 litros,,,,,,,,,,,,,,,,,,,,,,"17,1 graus","25,1 graus","23,1 graus",,,,,
kia,Sorento,sorento,sorento-2-4-4x2-at-2011,sorento-2-4-4x2-at-2011,https://www.fichacompleta.com.br/carros/kia/sorento-2-4-4x2-at-2011,2026-06-18T12:24:28.944918,Kia Sorento 2.4 4x2 AT 2011,"11,5 s",188 km/h,Conversor de torque,Automático,,Dianteira,Injeção multiponto,Natural,2359 cm³,4 em linha,Theta,"Duplo no cabeçote, corrente",97 mm,88 mm,Transversal,Dianteiro,"9,9 kg/cv","74,8 kg/kgfm","73,8 cv/litro",174 cv a 6000 rpm,"10,5:1",,,"9,7 kgfm/litro",23 kgfm a 3750 rpm,4,1755 mm,203 mm,1618 mm,1621 mm,790 kg,4685 mm,2700 mm,1885 mm,1720 kg,440 litros,70 litros,123 mm,Disco ventilado,Disco sólido,Hidráulica,,"Independente, McPherson",Mola helicoidal,"Independente, multibraço",,,,,6,"10,9 m",,,,,,,,,,,,,Admissão e escape,"2,81 m²","0,955 m²",,"0,34",574 km,476 km,"8,2 km/l","6,8 km/l",,,Mecânicos,,,,,,,,,,,,,,,,,,,,,,,,,,"17,1 graus","25,1 graus","23,1 graus",,,,,
kia,Sorento,sorento,sorento-2-4-4x4-at-2011,sorento-2-4-4x4-at-2011,https://www.fichacompleta.com.br/carros/kia/sorento-2-4-4x4-at-2011,2026-06-18T12:24:32.564016,Kia Sorento 2.4 4x4 AT 2011,"12,6 s",181 km/h,Conversor de torque,Automático,6,Integral sob demanda,Injeção multiponto,Natural,2359 cm³,4 em linha,Theta,Duplo no cabeçote,97 mm,88 mm,Transversal,Dianteiro,"10,4 kg/cv","79,0 kg/kgfm","73,8 cv/litro",174 cv,"10,5:1",,,"9,7 kgfm/litro",23 kgfm,4,1755 mm,203 mm,1618 mm,1621 mm,694 kg,4685 mm,2700 mm,1885 mm,1816 kg,,70 litros,141 mm,Disco ventilado,Disco sólido,Hidráulica,"10,9 m","Indep., McPherson",Mola helicoidal,"Indep., multibraço",,,,,6,"10,9 m",,6000 rpm,3750 rpm,,,,,,,,Corrente,,Admissão e escape,"2,81 m²","1,068 m²","0,38","0,38",574 km,476 km,"8,2 km/l","6,8 km/l",,,Mecânicos,440 litros,150 litros,440 litros,150 litros,,,,,,,,,,,,,,,,,,,,,,"17,1 graus","25,1 graus","23,1 graus",,,,,
kia,Sorento,sorento,sorento-3-5-v6-4x2-at-2011,sorento-3-5-v6-4x2-at-2011,https://www.fichacompleta.com.br/carros/kia/sorento-3-5-v6-4x2-at-2011,2026-06-18T12:24:35.487661,Kia Sorento 3.5 V6 4x2 AT 2011,"8,2 s",190 km/h,Conversor de torque,Automático,6,Dianteira,Injeção multiponto,Natural,3470 cm³,6 em V,Lambda,Duplo no cabeçote,87 mm,92 mm,Transversal,Dianteiro,"6,7 kg/cv","54,1 kg/kgfm","80,1 cv/litro",278 cv,"10,6:1",6300 rpm,5000 rpm,"9,9 kgfm/litro","34,2 kgfm",4,1755 mm,203 mm,1618 mm,1621 mm,725 kg,4685 mm,2700 mm,1885 mm,1850 kg,,70 litros,141 mm,Disco ventilado,Disco sólido,Hidráulica,"10,9 m","Indep., McPherson",Mola helicoidal,"Indep., multibraço",,,,,,,,,,,,,,,,,Corrente,,,"2,81 m²","1,068 m²","0,38",,539 km,441 km,"7,7 km/l","6,3 km/l",A6LF2,,,440 litros,150 litros,,,,,,,,,,,,,,,,,,,,,,,,"17,1 graus","25,1 graus","23,1 graus",,,,,
kia,Sorento,sorento,sorento-3-5-v6-4x4-at-2011,sorento-3-5-v6-4x4-at-2011,https://www.fichacompleta.com.br/carros/kia/sorento-3-5-v6-4x4-at-2011,2026-06-18T12:24:39.418455,Kia Sorento 3.5 V6 4x4 AT 2011,"8,2 s",190 km/h,Conversor de torque,Automático,6,Integral sob demanda,Injeção multiponto,Natural,3470 cm³,6 em V,Lambda,Duplo no cabeçote,87 mm,92 mm,Transversal,Dianteiro,"6,7 kg/cv","54,1 kg/kgfm","80,1 cv/litro",278 cv,"10,6:1",6300 rpm,5000 rpm,"9,9 kgfm/litro","34,2 kgfm",4,1755 mm,203 mm,1618 mm,1621 mm,725 kg,4685 mm,2700 mm,1885 mm,1850 kg,,70 litros,141 mm,Disco ventilado,Disco sólido,Hidráulica,"10,9 m","Indep., McPherson",Mola helicoidal,"Indep., multibraço",,,,,,,,,,,,,,,,,Corrente,,,"2,81 m²","1,068 m²","0,38",,539 km,441 km,"7,7 km/l","6,3 km/l",A6GF1,,,440 litros,150 litros,,,,,,,,,,,,,,,,,,,,,,,,"17,1 graus","25,1 graus","23,1 graus",,,,,
kia,Sorento,sorento,sorento-2-4-4x2-at-2012,sorento-2-4-4x2-at-2012,https://www.fichacompleta.com.br/carros/kia/sorento-2-4-4x2-at-2012,2026-06-18T12:24:44.809269,Kia Sorento 2.4 4x2 AT 2012,"11,5 s",188 km/h,Conversor de torque,Automático,,Dianteira,Injeção multiponto,Natural,2359 cm³,4 em linha,Theta,"Duplo no cabeçote, corrente",97 mm,88 mm,Transversal,Dianteiro,"9,9 kg/cv","74,8 kg/kgfm","73,8 cv/litro",174 cv a 6000 rpm,"10,5:1",,,"9,7 kgfm/litro",23 kgfm a 3750 rpm,4,1755 mm,203 mm,1618 mm,1621 mm,790 kg,4685 mm,2700 mm,1885 mm,1720 kg,440 litros,70 litros,123 mm,Disco ventilado,Disco sólido,Hidráulica,,"Independente, McPherson",Mola helicoidal,"Independente, multibraço",,,,,6,"10,9 m",,,,,,,,,,,,,Admissão e escape,"2,81 m²","0,955 m²",,"0,34",574 km,476 km,"8,2 km/l","6,8 km/l",,,Mecânicos,,,,,,,,,,,,,,,,,,,,,,,,,,"17,1 graus","25,1 graus","23,1 graus",,,,,
kia,Sorento,sorento,sorento-3-5-v6-4x2-at-2012,sorento-3-5-v6-4x2-at-2012,https://www.fichacompleta.com.br/carros/kia/sorento-3-5-v6-4x2-at-2012,2026-06-18T12:24:49.656885,Kia Sorento 3.5 V6 4x2 AT 2012,"8,2 s",190 km/h,Conversor de torque,Automático,,Dianteira,Injeção multiponto,Natural,3470 cm³,6 em V,Lambda,"Duplo no cabeçote, corrente",87 mm,92 mm,Transversal,Dianteiro,"6,7 kg/cv","54,1 kg/kgfm","80,1 cv/litro",278 cv a 6300 rpm,"10,6:1",,,"9,9 kgfm/litro","34,2 kgfm a 5000 rpm",4,1755 mm,203 mm,1618 mm,1621 mm,725 kg,4685 mm,2700 mm,1885 mm,1850 kg,,70 litros,141 mm,Disco ventilado,Disco sólido,Hidráulica,,"Independente, McPherson",Mola helicoidal,"Independente, multibraço",,,,,6,"10,9 m",,,,,,,,,,,,,,"2,81 m²","1,068 m²",,"0,38",539 km,441 km,"7,7 km/l","6,3 km/l",,,,,,440 litros,150 litros,,,,,,,,,,,,,,,,,,,,,,"17,1 graus","25,1 graus","23,1 graus",,,,,
kia,Sorento,sorento,sorento-3-5-v6-4x4-at-2012,sorento-3-5-v6-4x4-at-2012,https://www.fichacompleta.com.br/carros/kia/sorento-3-5-v6-4x4-at-2012,2026-06-18T12:24:52.208479,Kia Sorento 3.5 V6 4x4 AT 2012,"8,2 s",190 km/h,Conversor de torque,Automático,,Integral sob demanda,Injeção multiponto,Natural,3470 cm³,6 em V,Lambda,"Duplo no cabeçote, corrente",87 mm,92 mm,Transversal,Dianteiro,"6,7 kg/cv","54,1 kg/kgfm","80,1 cv/litro",278 cv a 6300 rpm,"10,6:1",,,"9,9 kgfm/litro","34,2 kgfm a 5000 rpm",4,1755 mm,203 mm,1618 mm,1621 mm,725 kg,4685 mm,2700 mm,1885 mm,1850 kg,,70 litros,141 mm,Disco ventilado,Disco sólido,Hidráulica,,"Independente, McPherson",Mola helicoidal,"Independente, multibraço",,,,,6,"10,9 m",,,,,,,,,,,,,,"2,81 m²","1,068 m²",,"0,38",539 km,441 km,"7,7 km/l","6,3 km/l",,,,,,440 litros,150 litros,,,,,,,,,,,,,,,,,,,,,,"17,1 graus","25,1 graus","23,1 graus",,,,,
kia,Sorento,sorento,sorento-2-4-4x2-at-2013,sorento-2-4-4x2-at-2013,https://www.fichacompleta.com.br/carros/kia/sorento-2-4-4x2-at-2013,2026-06-18T12:24:54.704136,Kia Sorento 2.4 4x2 AT 2013,"11,5 s",188 km/h,Conversor de torque,Automático,,Dianteira,Injeção multiponto,Natural,2359 cm³,4 em linha,Theta,"Duplo no cabeçote, corrente",97 mm,88 mm,Transversal,Dianteiro,"9,9 kg/cv","74,8 kg/kgfm","73,8 cv/litro",174 cv a 6000 rpm,"10,5:1",,,"9,7 kgfm/litro",23 kgfm a 3750 rpm,4,1755 mm,203 mm,1618 mm,1621 mm,790 kg,4685 mm,2700 mm,1885 mm,1720 kg,440 litros,70 litros,123 mm,Disco ventilado,Disco sólido,Hidráulica,,"Independente, McPherson",Mola helicoidal,"Independente, multibraço",,,,,6,"10,9 m",,,,,,,,,,,,,Admissão e escape,"2,81 m²","0,955 m²",,"0,34",574 km,476 km,"8,2 km/l","6,8 km/l",,,Mecânicos,,,,,,,,,,,,,,,,,,,,,,,,,,"17,1 graus","25,1 graus","23,1 graus",,,,,
kia,Sorento,sorento,sorento-3-5-v6-4x2-at-2013,sorento-3-5-v6-4x2-at-2013,https://www.fichacompleta.com.br/carros/kia/sorento-3-5-v6-4x2-at-2013,2026-06-18T12:24:59.002797,Kia Sorento 3.5 V6 4x2 AT 2013,"8,2 s",190 km/h,Conversor de torque,Automático,6,Dianteira,Injeção multiponto,Natural,3470 cm³,6 em V,Lambda,Duplo no cabeçote,87 mm,92 mm,Transversal,Dianteiro,"6,7 kg/cv","54,1 kg/kgfm","80,1 cv/litro",278 cv,"10,6:1",6300 rpm,5000 rpm,"9,9 kgfm/litro","34,2 kgfm",4,1755 mm,203 mm,1618 mm,1621 mm,725 kg,4685 mm,2700 mm,1885 mm,1850 kg,,70 litros,141 mm,Disco ventilado,Disco sólido,Hidráulica,"10,9 m","Indep., McPherson",Mola helicoidal,"Indep., multibraço",,,,,,,,,,,,,,,,,Corrente,,,"2,81 m²","1,068 m²","0,38",,539 km,441 km,"7,7 km/l","6,3 km/l",A6LF2,,,440 litros,150 litros,,,,,,,,,,,,,,,,,,,,,,,,"17,1 graus","25,1 graus","23,1 graus",,,,,
kia,Sorento,sorento,sorento-3-5-v6-4x4-at-2013,sorento-3-5-v6-4x4-at-2013,https://www.fichacompleta.com.br/carros/kia/sorento-3-5-v6-4x4-at-2013,2026-06-18T12:25:03.405290,Kia Sorento 3.5 V6 4x4 AT 2013,"8,2 s",190 km/h,Conversor de torque,Automático,,Integral sob demanda,Injeção multiponto,Natural,3470 cm³,6 em V,Lambda,"Duplo no cabeçote, corrente",87 mm,92 mm,Transversal,Dianteiro,"6,7 kg/cv","54,1 kg/kgfm","80,1 cv/litro",278 cv a 6300 rpm,"10,6:1",,,"9,9 kgfm/litro","34,2 kgfm a 5000 rpm",4,1755 mm,203 mm,1618 mm,1621 mm,725 kg,4685 mm,2700 mm,1885 mm,1850 kg,,70 litros,141 mm,Disco ventilado,Disco sólido,Hidráulica,,"Independente, McPherson",Mola helicoidal,"Independente, multibraço",,,,,6,"10,9 m",,,,,,,,,,,,,,"2,81 m²","1,068 m²",,"0,38",539 km,441 km,"7,7 km/l","6,3 km/l",,,,,,440 litros,150 litros,,,,,,,,,,,,,,,,,,,,,,"17,1 graus","25,1 graus","23,1 graus",,,,,
kia,Sorento,sorento,sorento-2-4-4x2-at-2014,sorento-2-4-4x2-at-2014,https://www.fichacompleta.com.br/carros/kia/sorento-2-4-4x2-at-2014,2026-06-18T12:25:07.781289,Kia Sorento 2.4 4x2 AT 2014,"11,5 s",188 km/h,Conversor de torque,Automático,6,Dianteira,Injeção multiponto,Natural,2359 cm³,4 em linha,Theta,Duplo no cabeçote,97 mm,88 mm,Transversal,Dianteiro,"9,9 kg/cv","74,8 kg/kgfm","73,8 cv/litro",174 cv,"10,5:1",,,"9,7 kgfm/litro",23 kgfm,4,1755 mm,203 mm,1618 mm,1621 mm,790 kg,4685 mm,2700 mm,1885 mm,1720 kg,440 litros,70 litros,123 mm,Disco ventilado,Disco sólido,Hidráulica,"10,9 m","Indep., McPherson",Mola helicoidal,"Indep., multibraço",,,,,6,"10,9 m",,6000 rpm,3750 rpm,,,,,,,,Corrente,,Admissão e escape,"2,81 m²","0,955 m²","0,34","0,34",574 km,476 km,"8,2 km/l","6,8 km/l",,,Mecânicos,,,,,,,,,,,,,,,,,,,,,,,,,,"17,1 graus","25,1 graus","23,1 graus",,,,,
kia,Sorento,sorento,sorento-3-5-v6-4x4-at-2014,sorento-3-5-v6-4x4-at-2014,https://www.fichacompleta.com.br/carros/kia/sorento-3-5-v6-4x4-at-2014,2026-06-18T12:25:12.928366,Kia Sorento 3.5 V6 4x4 AT 2014,"8,2 s",220 km/h,Conversor de torque,Automático,6,Integral sob demanda,Injeção multiponto,Natural,3470 cm³,6 em V,Lambda,Duplo no cabeçote,87 mm,92 mm,Transversal,Dianteiro,"6,9 kg/cv","55,8 kg/kgfm","80,1 cv/litro",278 cv,"10,6:1",,,"9,9 kgfm/litro","34,2 kgfm",4,1755 mm,203 mm,1618 mm,1621 mm,636 kg,4685 mm,2700 mm,1885 mm,1909 kg,,70 litros,123 mm,Disco ventilado,Disco sólido,Hidráulica,"10,9 m","Indep., McPherson",Mola helicoidal,"Indep., multibraço",,,,,6,"10,9 m",,6300 rpm,5000 rpm,,,,,,,,Corrente,,,"2,81 m²","0,955 m²","0,34","0,34",539 km,441 km,"7,7 km/l","6,3 km/l",,,,440 litros,150 litros,440 litros,150 litros,,,,,,,,,,,,,,,,,,,,,,"17,1 graus","25,1 graus","23,1 graus",,,,,
kia,Sorento,sorento,sorento-2-4-4x2-at-2015,sorento-2-4-4x2-at-2015,https://www.fichacompleta.com.br/carros/kia/sorento-2-4-4x2-at-2015,2026-06-18T12:25:36.600933,Kia Sorento 2.4 4x2 AT 2015,"11,5 s",188 km/h,Conversor de torque,Automático,,Dianteira,Injeção multiponto,Natural,2359 cm³,4 em linha,Theta,"Duplo no cabeçote, corrente",97 mm,88 mm,Transversal,Dianteiro,"9,9 kg/cv","74,8 kg/kgfm","73,8 cv/litro",174 cv a 6000 rpm,"10,5:1",,,"9,7 kgfm/litro",23 kgfm a 3750 rpm,4,1755 mm,203 mm,1618 mm,1621 mm,790 kg,4685 mm,2700 mm,1885 mm,1720 kg,440 litros,70 litros,123 mm,Disco ventilado,Disco sólido,Hidráulica,,"Independente, McPherson",Mola helicoidal,"Independente, multibraço",,,,,6,"10,9 m",,,,,,,,,,,,,Admissão e escape,"2,81 m²","0,955 m²",,"0,34",574 km,476 km,"8,2 km/l","6,8 km/l",,,Mecânicos,,,,,,,,,,,,,,,,,,,,,,,,,,"17,1 graus","25,1 graus","23,1 graus",,,,,
kia,Sorento,sorento,sorento-3-5-v6-4x4-at-2015,sorento-3-5-v6-4x4-at-2015,https://www.fichacompleta.com.br/carros/kia/sorento-3-5-v6-4x4-at-2015,2026-06-18T12:25:40.777024,Kia Sorento 3.5 V6 4x4 AT 2015,"8,2 s",210 km/h,Conversor de torque,Automático,,Integral sob demanda,Injeção multiponto,Natural,3470 cm³,6 em V,Lambda,"Duplo no cabeçote, corrente",87 mm,92 mm,Transversal,Dianteiro,"6,9 kg/cv","55,8 kg/kgfm","80,1 cv/litro",278 cv a 6300 rpm,"10,6:1",,,"9,9 kgfm/litro","34,2 kgfm a 5000 rpm",4,1755 mm,203 mm,1618 mm,1621 mm,636 kg,4685 mm,2700 mm,1885 mm,1909 kg,,70 litros,123 mm,Disco ventilado,Disco sólido,Hidráulica,,"Independente, McPherson",Mola helicoidal,"Independente, multibraço",,,,,6,"10,9 m",,,,,,,,,,,,,,"2,81 m²","0,955 m²",,"0,34",539 km,441 km,"7,7 km/l","6,3 km/l",,,,,,440 litros,150 litros,,,,,,,,,,,,,,,,,,,,,,"17,1 graus","25,1 graus","23,1 graus",,,,,
kia,Sorento,sorento,sorento-3-3-v6-4x2-at-2016,sorento-3-3-v6-4x2-at-2016,https://www.fichacompleta.com.br/carros/kia/sorento-3-3-v6-4x2-at-2016,2026-06-18T12:25:44.330874,Kia Sorento 3.3 V6 4x2 AT 2016,"8,5 s",223 km/h,Conversor de torque,Automático,,Dianteira,Injeção multiponto,Natural,3342 cm³,6 em V,Lambda,"Duplo no cabeçote, corrente","83,8 mm",92 mm,Transversal,Dianteiro,"7,4 kg/cv","61,5 kg/kgfm","80,8 cv/litro",270 cv a 6400 rpm,"10,6:1",,,"9,7 kgfm/litro","32,4 kgfm a 5300 rpm",4,1690 mm,185 mm,1628 mm,1639 mm,516 kg,4780 mm,2780 mm,1890 mm,1994 kg,,70 litros,141 mm,Disco ventilado,Disco sólido,Elétrica,,"Independente, McPherson",Mola helicoidal,"Independente, multibraço",,,,,6,"11,2 m",,,,,,,,,,,,,Admissão e escape,"2,71 m²","0,894 m²",,"0,33",651 km,504 km,"9,3 km/l","7,2 km/l",,,,,,440 litros,150 litros,,,,,,,,,,,,,,,,,,,,,,18 graus,"16,9 graus",21 graus,,,,,
kia,Sorento,sorento,sorento-3-3-v6-4x2-at-2017,sorento-3-3-v6-4x2-at-2017,https://www.fichacompleta.com.br/carros/kia/sorento-3-3-v6-4x2-at-2017,2026-06-18T12:25:48.353012,Kia Sorento 3.3 V6 4x2 AT 2017,"8,5 s",223 km/h,Conversor de torque,Automático,,Dianteira,Injeção multiponto,Natural,3342 cm³,6 em V,Lambda,"Duplo no cabeçote, corrente","83,8 mm",92 mm,Transversal,Dianteiro,"7,4 kg/cv","61,5 kg/kgfm","80,8 cv/litro",270 cv a 6400 rpm,"10,6:1",,,"9,7 kgfm/litro","32,4 kgfm a 5300 rpm",4,1690 mm,185 mm,1628 mm,1639 mm,516 kg,4780 mm,2780 mm,1890 mm,1994 kg,,70 litros,141 mm,Disco ventilado,Disco sólido,Elétrica,,"Independente, McPherson",Mola helicoidal,"Independente, multibraço",,,,,6,"11,2 m",,,,,,,,,,,,,Admissão e escape,"2,71 m²","0,894 m²",,"0,33",651 km,504 km,"9,3 km/l","7,2 km/l",,,,,,440 litros,150 litros,,,,,,,,,,,,,,,,,,,,,,18 graus,"16,9 graus",21 graus,,,,,
kia,Sorento,sorento,sorento-2-4-4x2-at-2018,sorento-2-4-4x2-at-2018,https://www.fichacompleta.com.br/carros/kia/sorento-2-4-4x2-at-2018,2026-06-18T12:25:52.760979,Kia Sorento 2.4 4x2 AT 2018,"11,5 s",188 km/h,Conversor de torque,Automático,,Dianteira,Injeção multiponto,Natural,2359 cm³,4 em linha,Theta,"Duplo no cabeçote, corrente",97 mm,88 mm,Transversal,Dianteiro,"10,9 kg/cv","83,1 kg/kgfm","72,9 cv/litro",172 cv a 6000 rpm,"10,5:1",,,"9,5 kgfm/litro","22,5 kgfm a 4000 rpm",4,1690 mm,185 mm,1629 mm,1639 mm,640 kg,4800 mm,2780 mm,1890 mm,1870 kg,,71 litros,141 mm,Disco ventilado,Disco sólido,Elétrica,,"Independente, McPherson",Mola helicoidal,"Independente, multibraço",,,,,6,"11,2 m",,,,,,,,,,,,,Admissão e escape,"2,71 m²","0,894 m²",,"0,33",696 km,533 km,"9,8 km/l","7,5 km/l",,,Mecânicos,,,440 litros,150 litros,,,,,,,,,,,,,,,,,,,,,,18 graus,"16,9 graus",21 graus,,,,,
kia,Sorento,sorento,sorento-2-4-4x4-at-2018,sorento-2-4-4x4-at-2018,https://www.fichacompleta.com.br/carros/kia/sorento-2-4-4x4-at-2018,2026-06-18T12:25:57.443942,Kia Sorento 2.4 4x4 AT 2018,"11,5 s",188 km/h,Conversor de torque,Automático,,Integral sob demanda,Injeção multiponto,Natural,2359 cm³,4 em linha,Theta,"Duplo no cabeçote, corrente",97 mm,88 mm,Transversal,Dianteiro,"10,9 kg/cv","83,1 kg/kgfm","72,9 cv/litro",172 cv a 6000 rpm,"10,5:1",,,"9,5 kgfm/litro","22,5 kgfm a 4000 rpm",4,1690 mm,185 mm,1629 mm,1639 mm,640 kg,4780 mm,2780 mm,1890 mm,1870 kg,,71 litros,141 mm,Disco ventilado,Disco sólido,Elétrica,,"Independente, McPherson",Mola helicoidal,"Independente, multibraço",,,,,6,"11,2 m",,,,,,,,,,,,,Admissão e escape,"2,71 m²","0,894 m²",,"0,33",696 km,533 km,"9,8 km/l","7,5 km/l",,,Mecânicos,,,440 litros,150 litros,,,,,,,,,,,,,,,,,,,,,,18 graus,"16,9 graus",21 graus,,,,,
kia,Sorento,sorento,sorento-3-3-v6-4x2-at-2018,sorento-3-3-v6-4x2-at-2018,https://www.fichacompleta.com.br/carros/kia/sorento-3-3-v6-4x2-at-2018,2026-06-18T12:26:01.397014,Kia Sorento 3.3 V6 4x2 AT 2018,"8,5 s",223 km/h,Conversor de torque,Automático,,Dianteira,Injeção multiponto,Natural,3342 cm³,6 em V,Lambda,"Duplo no cabeçote, corrente","83,8 mm",92 mm,Transversal,Dianteiro,"7,4 kg/cv","61,5 kg/kgfm","80,8 cv/litro",270 cv a 6400 rpm,"10,6:1",,,"9,7 kgfm/litro","32,4 kgfm a 5300 rpm",4,1690 mm,185 mm,1628 mm,1639 mm,516 kg,4780 mm,2780 mm,1890 mm,1994 kg,,71 litros,129 mm,Disco ventilado,Disco sólido,Elétrica,,"Independente, McPherson",Mola helicoidal,"Independente, multibraço",,,,,6,"11,2 m",,,,,,,,,,,,,Admissão e escape,"2,71 m²","0,894 m²",,"0,33",660 km,511 km,"9,3 km/l","7,2 km/l",,,,,,440 litros,150 litros,,,,,,,,,,,,,,,,,,,,,,18 graus,"16,9 graus",21 graus,,,,,
kia,Sorento,sorento,sorento-3-5-v6-4x4-at-2018,sorento-3-5-v6-4x4-at-2018,https://www.fichacompleta.com.br/carros/kia/sorento-3-5-v6-4x4-at-2018,2026-06-18T12:26:05.106678,Kia Sorento 3.5 V6 4x4 AT 2018,"8,5 s",223 km/h,Conversor de torque,Automático,,Integral sob demanda,Injeção multiponto,Natural,3470 cm³,6 em V,Lambda,"Duplo no cabeçote, corrente",87 mm,92 mm,Transversal,Dianteiro,"7,1 kg/cv","59,3 kg/kgfm","80,7 cv/litro",280 cv a 6300 rpm,"10,6:1",,,"9,7 kgfm/litro","33,6 kgfm a 5000 rpm",4,1690 mm,185 mm,1629 mm,1639 mm,516 kg,4780 mm,2780 mm,1890 mm,1994 kg,,71 litros,129 mm,Disco ventilado,Disco sólido,Elétrica,,"Independente, McPherson",Mola helicoidal,"Independente, multibraço",,,,,8,"11,2 m",,,,,,,,,,,,,Admissão e escape,"2,71 m²","0,894 m²",,"0,33",639 km,476 km,9 km/l,"6,7 km/l",,,,,,440 litros,150 litros,,,,,,,,,,,,,,,,,,,,,,18 graus,"16,9 graus",21 graus,,,,,
kia,Sorento,sorento,sorento-2-4-4x2-at-2019,sorento-2-4-4x2-at-2019,https://www.fichacompleta.com.br/carros/kia/sorento-2-4-4x2-at-2019,2026-06-18T12:26:07.921969,Kia Sorento 2.4 4x2 AT 2019,"11,5 s",188 km/h,Conversor de torque,Automático,,Dianteira,Injeção multiponto,Natural,2359 cm³,4 em linha,Theta,"Duplo no cabeçote, corrente",97 mm,88 mm,Transversal,Dianteiro,"10,9 kg/cv","83,1 kg/kgfm","72,9 cv/litro",172 cv a 6000 rpm,"10,5:1",,,"9,5 kgfm/litro","22,5 kgfm a 4000 rpm",4,1690 mm,185 mm,1629 mm,1639 mm,511 kg,4800 mm,2780 mm,1890 mm,1870 kg,,71 litros,141 mm,Disco ventilado,Disco sólido,Elétrica,,"Independente, McPherson",Mola helicoidal,"Independente, multibraço",,,,,6,"11,2 m",,,,,,,,,,,,,Admissão e escape,"2,71 m²","0,894 m²",,"0,33",696 km,533 km,"9,8 km/l","7,5 km/l",,,Mecânicos,,,440 litros,150 litros,,,,,,,,,,,,,,,,,,,,,,18 graus,"16,9 graus",21 graus,,,,,
kia,Sorento,sorento,sorento-2-4-4x4-at-2019,sorento-2-4-4x4-at-2019,https://www.fichacompleta.com.br/carros/kia/sorento-2-4-4x4-at-2019,2026-06-18T12:26:12.037839,Kia Sorento 2.4 4x4 AT 2019,"11,5 s",188 km/h,Conversor de torque,Automático,,Integral sob demanda,Injeção multiponto,Natural,2359 cm³,4 em linha,Theta,"Duplo no cabeçote, corrente",97 mm,88 mm,Transversal,Dianteiro,"10,9 kg/cv","83,1 kg/kgfm","72,9 cv/litro",172 cv a 6000 rpm,"10,5:1",,,"9,5 kgfm/litro","22,5 kgfm a 4000 rpm",4,1690 mm,185 mm,1629 mm,1639 mm,547 kg,4800 mm,2780 mm,1890 mm,1870 kg,,71 litros,141 mm,Disco ventilado,Disco sólido,Elétrica,,"Independente, McPherson",Mola helicoidal,"Independente, multibraço",,,,,6,"11,2 m",,,,,,,,,,,,,Admissão e escape,"2,71 m²","0,894 m²",,"0,33",696 km,533 km,"9,8 km/l","7,5 km/l",,,Mecânicos,,,440 litros,150 litros,,,,,,,,,,,,,,,,,,,,,,18 graus,"16,9 graus",21 graus,,,,,
kia,Sorento,sorento,sorento-3-5-v6-4x2-at-2019-gasolina,sorento-3-5-v6-4x2-at-2019-gasolina,https://www.fichacompleta.com.br/carros/kia/sorento-3-5-v6-4x2-at-2019-gasolina,2026-06-18T12:26:15.801358,Kia Sorento 3.5 V6 4x2 AT 2019,"8,5 s",223 km/h,Conversor de torque,Automático,8,Dianteira,Injeção multiponto,Natural,,6 em V,Lambda,Duplo no cabeçote,87 mm,92 mm,Transversal,Dianteiro,"6,94 kg/cv","57,8 kg/kgfm","80,7 cv/litro",280 cv,"10,6:1",6300 rpm,5000 rpm,"9,7 kgfm/litro","33,6 kgfm",4,1690 mm,185 mm,1628 mm,1639 mm,514 kg,4800 mm,2780 mm,1890 mm,1943 kg,,71 litros,129 mm,Disco ventilado,Disco ventilado,Elétrica,"11,2 m","Indep., McPherson",Mola helicoidal,"Indep., multibraço",,,,,,,,,,,,,,578 cm³,3470 cm³,,Corrente,,Admissão e escape,"2,71 m²","0,894 m²","0,33",,639 km,476 km,9 km/l,"6,7 km/l",,235/55 R19,,440 litros,150 litros,,,,,,,,,,,,,,,,,,,,,,,,18 graus,"16,9 graus",21 graus,,,,,
kia,Sorento,sorento,sorento-3-5-v6-4x2-at-2019,sorento-3-5-v6-4x2-at-2019,https://www.fichacompleta.com.br/carros/kia/sorento-3-5-v6-4x2-at-2019,2026-06-18T12:26:18.201694,Kia Sorento 3.5 V6 4x2 AT 2019,"8,5 s",223 km/h,Conversor de torque,Automático,,Dianteira,Injeção multiponto,Natural,3470 cm³,6 em V,Lambda,"Duplo no cabeçote, corrente",87 mm,92 mm,Transversal,Dianteiro,"6,9 kg/cv","57,8 kg/kgfm","80,7 cv/litro",280 cv a 6300 rpm,"10,6:1",,,"9,7 kgfm/litro","33,6 kgfm a 5000 rpm",4,1690 mm,185 mm,1628 mm,1639 mm,514 kg,4800 mm,2780 mm,1890 mm,1943 kg,,71 litros,129 mm,Disco ventilado,Disco ventilado,Elétrica,,"Independente, McPherson",Mola helicoidal,"Independente, multibraço",,,,,8,"11,2 m",,,,,,,,,,,,,Admissão e escape,"2,71 m²","0,894 m²",,"0,33",639 km,476 km,9 km/l,"6,7 km/l",,,,,,440 litros,150 litros,,,,,,,,,,,,,,,,,,,,,,18 graus,"16,9 graus",21 graus,,,,,
kia,Sorento,sorento,sorento-3-5-v6-4x4-at-2019,sorento-3-5-v6-4x4-at-2019,https://www.fichacompleta.com.br/carros/kia/sorento-3-5-v6-4x4-at-2019,2026-06-18T12:26:21.467186,Kia Sorento 3.5 V6 4x4 AT 2019,"8,5 s",223 km/h,Conversor de torque,Automático,,Integral sob demanda,Injeção multiponto,Natural,3470 cm³,6 em V,Lambda,"Duplo no cabeçote, corrente",87 mm,92 mm,Transversal,Dianteiro,"6,9 kg/cv","57,8 kg/kgfm","80,7 cv/litro",280 cv a 6300 rpm,"10,6:1",,,"9,7 kgfm/litro","33,6 kgfm a 5000 rpm",4,1690 mm,185 mm,1628 mm,1639 mm,504 kg,4800 mm,2780 mm,1890 mm,1943 kg,,71 litros,129 mm,Disco ventilado,Disco ventilado,Elétrica,,"Independente, McPherson",Mola helicoidal,"Independente, multibraço",,,,,8,"11,2 m",,,,,,,,,,,,,Admissão e escape,"2,71 m²","0,894 m²",,"0,33",639 km,476 km,9 km/l,"6,7 km/l",,,,,,440 litros,150 litros,,,,,,,,,,,,,,,,,,,,,,18 graus,"16,9 graus",21 graus,,,,,
kia,Sorento,sorento,sorento-2-4-4x2-at-2020,sorento-2-4-4x2-at-2020,https://www.fichacompleta.com.br/carros/kia/sorento-2-4-4x2-at-2020,2026-06-18T12:26:26.355392,Kia Sorento 2.4 4x2 AT 2020,"11,5 s",188 km/h,Conversor de torque,Automático,6,Dianteira,Injeção multiponto,Natural,2359 cm³,4 em linha,Theta,Duplo no cabeçote,97 mm,88 mm,Transversal,Dianteiro,"10,9 kg/cv","83,1 kg/kgfm","72,9 cv/litro",172 cv,"10,5:1",6000 rpm,4000 rpm,"9,5 kgfm/litro","22,5 kgfm",4,1690 mm,185 mm,1629 mm,1639 mm,511 kg,4800 mm,2780 mm,1890 mm,1870 kg,,71 litros,141 mm,Disco ventilado,Disco sólido,Elétrica,"11,2 m","Indep., McPherson",Mola helicoidal,"Indep., multibraço",,,,,,,,,,,,,,,,,Corrente,,Admissão e escape,"2,71 m²","0,894 m²","0,33",,696 km,533 km,"9,8 km/l","7,5 km/l",A6MF1,235/60 R18,Mecânicos,440 litros,150 litros,,,,,,,,,,,,,,,,,,,,,,,,18 graus,"16,9 graus",21 graus,,,,,
kia,Sorento,sorento,sorento-2-4-4x4-at-2020,sorento-2-4-4x4-at-2020,https://www.fichacompleta.com.br/carros/kia/sorento-2-4-4x4-at-2020,2026-06-18T12:26:30.550762,Kia Sorento 2.4 4x4 AT 2020,"11,5 s",188 km/h,Conversor de torque,Automático,6,Integral sob demanda,Injeção multiponto,Natural,2359 cm³,4 em linha,Theta,Duplo no cabeçote,97 mm,88 mm,Transversal,Dianteiro,"10,9 kg/cv","83,1 kg/kgfm","72,9 cv/litro",172 cv,"10,5:1",6000 rpm,4000 rpm,"9,5 kgfm/litro","22,5 kgfm",4,1690 mm,185 mm,1629 mm,1639 mm,547 kg,4800 mm,2780 mm,1890 mm,1870 kg,,71 litros,141 mm,Disco ventilado,Disco sólido,Elétrica,"11,2 m","Indep., McPherson",Mola helicoidal,"Indep., multibraço",,,,,,,,,,,,,,,,,Corrente,,Admissão e escape,"2,71 m²","0,894 m²","0,33",,696 km,533 km,"9,8 km/l","7,5 km/l",A6MF1,235/60 R18,Mecânicos,440 litros,150 litros,,,,,,,,,,,,,,,,,,,,,,,,18 graus,"16,9 graus",21 graus,,,,,
kia,Sorento,sorento,sorento-3-5-v6-4x4-at-2020,sorento-3-5-v6-4x4-at-2020,https://www.fichacompleta.com.br/carros/kia/sorento-3-5-v6-4x4-at-2020,2026-06-18T12:26:34.115977,Kia Sorento 3.5 V6 4x4 AT 2020,"8,5 s",223 km/h,Conversor de torque,Automático,8,Integral sob demanda,Injeção multiponto,Natural,3470 cm³,6 em V,Lambda,Duplo no cabeçote,87 mm,92 mm,Transversal,Dianteiro,"6,9 kg/cv","57,8 kg/kgfm","80,7 cv/litro",280 cv,"10,6:1",6300 rpm,5000 rpm,"9,7 kgfm/litro","33,6 kgfm",4,1690 mm,185 mm,1628 mm,1639 mm,504 kg,4800 mm,2780 mm,1890 mm,1943 kg,,71 litros,129 mm,Disco ventilado,Disco ventilado,Elétrica,"11,2 m","Indep., McPherson",Mola helicoidal,"Indep., multibraço",,,,,,,,,,,,,,,,,Corrente,,Admissão e escape,"2,71 m²","0,894 m²","0,33",,639 km,476 km,9 km/l,"6,7 km/l",,,,440 litros,150 litros,,,,,,,,,,,,,,,,,,,,,,,,18 graus,"16,9 graus",21 graus,,,,,
kia,Soul,soul,soul-1-6-2010,soul-1-6-2010,https://www.fichacompleta.com.br/carros/kia/soul-1-6-2010,2026-06-18T12:26:52.335737,Kia Soul 1.6 2010,11 s,175 km/h,Embreagem monodisco a seco,Manual,5,Dianteira,Injeção multiponto,Natural,1591 cm³,4 em linha,Gamma,Duplo no cabeçote,"85,4 mm",77 mm,Transversal,Dianteiro,"10,2 kg/cv","79,7 kg/kgfm","77,9 cv/litro",124 cv,"10,5:1",,,"10,0 kgfm/litro","15,9 kgfm",4,1660 mm,165 mm,1555 mm,1575 mm,413 kg,4120 mm,2550 mm,1785 mm,1267 kg,340 litros,48 litros,113 mm,Disco ventilado,Tambor,Elétrica,"10,5 m","Indep., McPherson",Mola helicoidal,Eixo de torção,,,,,5,"10,5 m",,6300 rpm,4200 rpm,,,,,,,,,,,,,,,629 km,533 km,"13,1 km/l","11,1 km/l",,,Mecânicos,,,,,,,,,,,,,,,,,,,,,,,,,,,,,,,,,
kia,Soul,soul,soul-1-6-at-2010,soul-1-6-at-2010,https://www.fichacompleta.com.br/carros/kia/soul-1-6-at-2010,2026-06-18T12:26:56.653831,Kia Soul 1.6 AT 2010,12 s,162 km/h,Conversor de torque,Automático,4,Dianteira,Injeção multiponto,Natural,1591 cm³,4 em linha,Gamma,Duplo no cabeçote,"85,4 mm",77 mm,Transversal,Dianteiro,"10,4 kg/cv","80,9 kg/kgfm","77,9 cv/litro",124 cv,"10,5:1",,,"10,0 kgfm/litro","15,9 kgfm",4,1660 mm,165 mm,1555 mm,1575 mm,,4120 mm,2550 mm,1785 mm,1287 kg,340 litros,48 litros,113 mm,Disco ventilado,Tambor,Elétrica,"10,5 m","Indep., McPherson",Mola helicoidal,Eixo de torção,,,,,4,"10,5 m",,6300 rpm,4200 rpm,,,,,,,,,,,,,,,528 km,432 km,11 km/l,9 km/l,,,Mecânicos,,,,,,,,,,,,,,,,,,,,,,,,,,,,,,,,,
kia,Soul,soul,soul-1-6-2011,soul-1-6-2011,https://www.fichacompleta.com.br/carros/kia/soul-1-6-2011,2026-06-18T12:26:59.975737,Kia Soul 1.6 2011,"11,4 s",175 km/h,Embreagem monodisco a seco,Manual,5,Dianteira,Injeção multiponto,Natural,1591 cm³,4 em linha,Gamma,Duplo no cabeçote,"85,4 mm",77 mm,Transversal,Dianteiro,"9,9 kg/cv","76,8 kg/kgfm","80,5 cv/litro",128 cv (A) 122 cv (G) a 6000 rpm,12:1,,,"10,4 kgfm/litro","16,5 kgfm (A) 16 kgfm (G) a 5000 rpm",4,1610 mm,165 mm,1555 mm,1575 mm,413 kg,4120 mm,2550 mm,1785 mm,1267 kg,340 litros,48 litros,113 mm,Disco ventilado,Tambor,Elétrica,"10,5 m","Indep., McPherson",Mola helicoidal,Eixo de torção,,,,,5,"10,5 m",,6000 rpm,5000 rpm,,,,,,,,,,Admissão,,,,,566 km,490 km,"11,8 km/l","10,2 km/l",,,Mecânicos,,,,,,128 cv,122 cv,"16,5 kgfm",16 kgfm,379 km,331 km,"7,9 km/l","6,9 km/l",,,,,,,,,,,,,,,,,,,,
kia,Soul,soul,soul-1-6-at-2011,soul-1-6-at-2011,https://www.fichacompleta.com.br/carros/kia/soul-1-6-at-2011,2026-06-18T12:27:04.541347,Kia Soul 1.6 AT 2011,12 s,162 km/h,Conversor de torque,Automático,4,Dianteira,Injeção multiponto,Natural,1591 cm³,4 em linha,Gamma,Duplo no cabeçote,"85,4 mm",77 mm,Transversal,Dianteiro,"10,1 kg/cv","78,0 kg/kgfm","80,5 cv/litro",128 cv (A) 122 cv (G) a 6000 rpm,12:1,,,"10,4 kgfm/litro","16,5 kgfm (A) 16 kgfm (G) a 5000 rpm",4,1610 mm,165 mm,1555 mm,1575 mm,413 kg,4120 mm,2550 mm,1785 mm,1287 kg,340 litros,48 litros,113 mm,Disco ventilado,Tambor,Elétrica,"10,5 m","Indep., McPherson",Mola helicoidal,Eixo de torção,,,,,4,"10,5 m",,6000 rpm,5000 rpm,,,,,,,,,,Admissão,,,,,542 km,456 km,"11,3 km/l","9,5 km/l",,,Mecânicos,,,,,,128 cv,122 cv,"16,5 kgfm",16 kgfm,360 km,307 km,"7,5 km/l","6,4 km/l",,,,,,,,,,,,,,,,,,,,
kia,Soul,soul,soul-1-6-2012,soul-1-6-2012,https://www.fichacompleta.com.br/carros/kia/soul-1-6-2012,2026-06-18T12:27:08.011876,Kia Soul 1.6 2012,"11,4 s",175 km/h,Embreagem monodisco a seco,Manual,,Dianteira,Injeção multiponto,Natural,1591 cm³,4 em linha,Gamma,Duplo no cabeçote,"85,4 mm",77 mm,Transversal,Dianteiro,"9,9 kg/cv","76,8 kg/kgfm","80,5 cv/litro",128 cv (A) 122 cv (G) a 6000 rpm,12:1,,,"10,4 kgfm/litro","16,5 kgfm (A) 16 kgfm (G) a 5000 rpm",4,1610 mm,165 mm,1555 mm,1575 mm,413 kg,4120 mm,2550 mm,1785 mm,1267 kg,340 litros,48 litros,113 mm,Disco ventilado,Tambor,Elétrica,,"Independente, McPherson",Mola helicoidal,Eixo de torção,,,,,6,"10,5 m",,,,,,,,,,,,,Admissão,,,,,566 km,494 km,"11,8 km/l","10,3 km/l",,,Mecânicos,,,,,,,,,,384 km,336 km,8 km/l,7 km/l,,,,,,,,,,,,,,,,,,,,
kia,Soul,soul,soul-1-6-at-2012,soul-1-6-at-2012,https://www.fichacompleta.com.br/carros/kia/soul-1-6-at-2012,2026-06-18T12:27:11.896611,Kia Soul 1.6 AT 2012,12 s,162 km/h,Conversor de torque,Automático,,Dianteira,Injeção multiponto,Natural,1591 cm³,4 em linha,Gamma,Duplo no cabeçote,"85,4 mm",77 mm,Transversal,Dianteiro,"10,1 kg/cv","78,0 kg/kgfm","80,5 cv/litro",128 cv (A) 122 cv (G) a 6000 rpm,12:1,,,"10,4 kgfm/litro","16,5 kgfm (A) 16 kgfm (G) a 5000 rpm",4,1610 mm,165 mm,1555 mm,1575 mm,413 kg,4120 mm,2550 mm,1785 mm,1287 kg,340 litros,48 litros,113 mm,Disco ventilado,Tambor,Elétrica,,"Independente, McPherson",Mola helicoidal,Eixo de torção,,,,,6,"10,5 m",,,,,,,,,,,,,Admissão,,,,,542 km,461 km,"11,3 km/l","9,6 km/l",,,Mecânicos,,,,,,,,,,365 km,312 km,"7,6 km/l","6,5 km/l",,,,,,,,,,,,,,,,,,,,
kia,Soul,soul,soul-1-6-2013,soul-1-6-2013,https://www.fichacompleta.com.br/carros/kia/soul-1-6-2013,2026-06-18T12:27:15.594039,Kia Soul 1.6 2013,"11,4 s",175 km/h,Embreagem monodisco a seco,Manual,,Dianteira,Injeção multiponto,Natural,1591 cm³,4 em linha,Gamma,Duplo no cabeçote,"85,4 mm",77 mm,Transversal,Dianteiro,"9,9 kg/cv","76,8 kg/kgfm","80,5 cv/litro",128 cv (A) 122 cv (G) a 6000 rpm,12:1,,,"10,4 kgfm/litro","16,5 kgfm (A) 16 kgfm (G) a 5000 rpm",4,1610 mm,165 mm,1555 mm,1575 mm,413 kg,4120 mm,2550 mm,1785 mm,1267 kg,340 litros,48 litros,113 mm,Disco ventilado,Tambor,Elétrica,,"Independente, McPherson",Mola helicoidal,Eixo de torção,,,,,6,"10,5 m",,,,,,,,,,,,,Admissão,,,,,566 km,494 km,"11,8 km/l","10,3 km/l",,,Mecânicos,,,,,,,,,,384 km,336 km,8 km/l,7 km/l,,,,,,,,,,,,,,,,,,,,
kia,Soul,soul,soul-1-6-at-2013,soul-1-6-at-2013,https://www.fichacompleta.com.br/carros/kia/soul-1-6-at-2013,2026-06-18T12:27:18.901540,Kia Soul 1.6 AT 2013,12 s,162 km/h,Conversor de torque,Automático,,Dianteira,Injeção multiponto,Natural,1591 cm³,4 em linha,Gamma,Duplo no cabeçote,"85,4 mm",77 mm,Transversal,Dianteiro,"10,1 kg/cv","78,0 kg/kgfm","80,5 cv/litro",128 cv (A) 122 cv (G) a 6000 rpm,12:1,,,"10,4 kgfm/litro","16,5 kgfm (A) 16 kgfm (G) a 5000 rpm",4,1610 mm,165 mm,1555 mm,1575 mm,413 kg,4120 mm,2550 mm,1785 mm,1287 kg,340 litros,48 litros,113 mm,Disco ventilado,Tambor,Elétrica,,"Independente, McPherson",Mola helicoidal,Eixo de torção,,,,,6,"10,5 m",,,,,,,,,,,,,Admissão,,,,,542 km,461 km,"11,3 km/l","9,6 km/l",,,Mecânicos,,,,,,,,,,365 km,312 km,"7,6 km/l","6,5 km/l",,,,,,,,,,,,,,,,,,,,
kia,Soul,soul,soul-1-6-2014,soul-1-6-2014,https://www.fichacompleta.com.br/carros/kia/soul-1-6-2014,2026-06-18T12:27:21.920495,Kia Soul 1.6 2014,"11,4 s",175 km/h,Embreagem monodisco a seco,Manual,,Dianteira,Injeção multiponto,Natural,1591 cm³,4 em linha,Gamma,Duplo no cabeçote,"85,4 mm",77 mm,Transversal,Dianteiro,"9,9 kg/cv","76,8 kg/kgfm","80,5 cv/litro",128 cv (A) 122 cv (G) a 6000 rpm,12:1,,,"10,4 kgfm/litro","16,5 kgfm (A) 16 kgfm (G) a 5000 rpm",4,1610 mm,165 mm,1555 mm,1575 mm,413 kg,4120 mm,2550 mm,1785 mm,1267 kg,340 litros,48 litros,113 mm,Disco ventilado,Tambor,Elétrica,,"Independente, McPherson",Mola helicoidal,Eixo de torção,,,,,6,"10,5 m",,,,,,,,,,,,,Admissão,,,,,566 km,494 km,"11,8 km/l","10,3 km/l",,,Mecânicos,,,,,,,,,,384 km,336 km,8 km/l,7 km/l,,,,,,,,,,,,,,,,,,,,
kia,Soul,soul,soul-1-6-at-2014,soul-1-6-at-2014,https://www.fichacompleta.com.br/carros/kia/soul-1-6-at-2014,2026-06-18T12:27:26.170447,Kia Soul 1.6 AT 2014,12 s,162 km/h,Conversor de torque,Automático,,Dianteira,Injeção multiponto,Natural,1591 cm³,4 em linha,Gamma,Duplo no cabeçote,"85,4 mm",77 mm,Transversal,Dianteiro,"10,1 kg/cv","78,0 kg/kgfm","80,5 cv/litro",128 cv (A) 122 cv (G) a 6000 rpm,12:1,,,"10,4 kgfm/litro","16,5 kgfm (A) 16 kgfm (G) a 5000 rpm",4,1610 mm,165 mm,1555 mm,1575 mm,413 kg,4120 mm,2550 mm,1785 mm,1287 kg,340 litros,48 litros,113 mm,Disco ventilado,Tambor,Elétrica,,"Independente, McPherson",Mola helicoidal,Eixo de torção,,,,,6,"10,5 m",,,,,,,,,,,,,Admissão,,,,,542 km,461 km,"11,3 km/l","9,6 km/l",,,Mecânicos,,,,,,,,,,365 km,312 km,"7,6 km/l","6,5 km/l",,,,,,,,,,,,,,,,,,,,
kia,Soul,soul,soul-1-6-at-2015,soul-1-6-at-2015,https://www.fichacompleta.com.br/carros/kia/soul-1-6-at-2015,2026-06-18T12:27:30.806559,Kia Soul 1.6 AT 2015,12 s,162 km/h,Conversor de torque,Automático,6,Dianteira,Injeção multiponto,Natural,1591 cm³,4 em linha,Gamma,Duplo no cabeçote,"85,4 mm",77 mm,Transversal,Dianteiro,"10,9 kg/cv","84,4 kg/kgfm","80,5 cv/litro",128 cv (A) 122 cv (G) a 6000 rpm,12:1,,,"10,4 kgfm/litro","16,5 kgfm (A) 16 kgfm (G) a 5000 rpm",4,1613 mm,150 mm,1560 mm,1573 mm,448 kg,4140 mm,2570 mm,1800 mm,1392 kg,340 litros,54 litros,106 mm,Disco ventilado,Disco sólido,Elétrica,"10,6 m","Indep., McPherson",Mola helicoidal,Eixo de torção,,,,,6,"10,6 m",,6000 rpm,5000 rpm,,,,,,,,,,Admissão,,,,,605 km,508 km,"11,2 km/l","9,4 km/l",,,Mecânicos,,,,,,128 cv,122 cv,"16,5 kgfm",16 kgfm,454 km,362 km,"8,4 km/l","6,7 km/l",,,,,,,,,,,,,,,,,,,,
kia,Soul,soul,soul-1-6-at-2016,soul-1-6-at-2016,https://www.fichacompleta.com.br/carros/kia/soul-1-6-at-2016,2026-06-18T12:27:33.267364,Kia Soul 1.6 AT 2016,12 s,162 km/h,Conversor de torque,Automático,,Dianteira,Injeção multiponto,Natural,1591 cm³,4 em linha,Gamma,Duplo no cabeçote,"85,4 mm",77 mm,Transversal,Dianteiro,"10,9 kg/cv","84,4 kg/kgfm","80,5 cv/litro",128 cv (A) 122 cv (G) a 6000 rpm,12:1,,,"10,4 kgfm/litro","16,5 kgfm (A) 16 kgfm (G) a 5000 rpm",4,1613 mm,150 mm,1560 mm,1573 mm,448 kg,4140 mm,2570 mm,1800 mm,1392 kg,340 litros,54 litros,106 mm,Disco ventilado,Disco sólido,Elétrica,,"Independente, McPherson",Mola helicoidal,Eixo de torção,,,,,6,"10,6 m",,,,,,,,,,,,,Admissão,,,,,605 km,508 km,"11,2 km/l","9,4 km/l",,,Mecânicos,,,,,,,,,,454 km,362 km,"8,4 km/l","6,7 km/l",,,,,,,,,,,,,,,,,,,,
kia,Soul,soul,soul-1-6-at-2017,soul-1-6-at-2017,https://www.fichacompleta.com.br/carros/kia/soul-1-6-at-2017,2026-06-18T12:27:36.735630,Kia Soul 1.6 AT 2017,12 s,162 km/h,Conversor de torque,Automático,,Dianteira,Injeção multiponto,Natural,1591 cm³,4 em linha,Gamma,Duplo no cabeçote,"85,4 mm",77 mm,Transversal,Dianteiro,"10,9 kg/cv","84,4 kg/kgfm","80,5 cv/litro",128 cv (A) 122 cv (G) a 6000 rpm,12:1,,,"10,4 kgfm/litro","16,5 kgfm (A) 16 kgfm (G) a 5000 rpm",4,1613 mm,150 mm,1560 mm,1573 mm,448 kg,4140 mm,2570 mm,1800 mm,1392 kg,340 litros,54 litros,106 mm,Disco ventilado,Disco sólido,Elétrica,,"Independente, McPherson",Mola helicoidal,Eixo de torção,,,,,6,"10,6 m",,,,,,,,,,,,,Admissão,,,,,605 km,508 km,"11,2 km/l","9,4 km/l",,,Mecânicos,,,,,,,,,,454 km,362 km,"8,4 km/l","6,7 km/l",,,,,,,,,,,,,,,,,,,,
kia,Soul,soul,soul-1-6-at-2018,soul-1-6-at-2018,https://www.fichacompleta.com.br/carros/kia/soul-1-6-at-2018,2026-06-18T12:27:39.744429,Kia Soul 1.6 AT 2018,12 s,162 km/h,Conversor de torque,Automático,,Dianteira,Injeção multiponto,Natural,1591 cm³,4 em linha,Gamma,Duplo no cabeçote,"85,4 mm",77 mm,Transversal,Dianteiro,"10,9 kg/cv","84,4 kg/kgfm","80,5 cv/litro",128 cv (A) 122 cv (G) a 6000 rpm,12:1,,,"10,4 kgfm/litro","16,5 kgfm (A) 16 kgfm (G) a 5000 rpm",4,1613 mm,150 mm,1560 mm,1573 mm,448 kg,4140 mm,2570 mm,1800 mm,1392 kg,340 litros,54 litros,106 mm,Disco ventilado,Disco sólido,Elétrica,,"Independente, McPherson",Mola helicoidal,Eixo de torção,,,,,6,"10,6 m",,,,,,,,,,,,,Admissão,,,,,605 km,508 km,"11,2 km/l","9,4 km/l",,,Mecânicos,,,,,,,,,,454 km,362 km,"8,4 km/l","6,7 km/l",,,,,,,,,,,,,,,,,,,,
kia,Soul,soul,soul-1-6-at-2019,soul-1-6-at-2019,https://www.fichacompleta.com.br/carros/kia/soul-1-6-at-2019,2026-06-18T12:27:44.556723,Kia Soul 1.6 AT 2019,12 s,162 km/h,Conversor de torque,Automático,,Dianteira,Injeção multiponto,Natural,1591 cm³,4 em linha,Gamma,Duplo no cabeçote,"85,4 mm",77 mm,Transversal,Dianteiro,"10,9 kg/cv","84,4 kg/kgfm","80,5 cv/litro",128 cv (A) 122 cv (G) a 6000 rpm,12:1,,,"10,4 kgfm/litro","16,5 kgfm (A) 16 kgfm (G) a 5000 rpm",4,1613 mm,150 mm,1560 mm,1573 mm,448 kg,4140 mm,2570 mm,1800 mm,1392 kg,340 litros,54 litros,106 mm,Disco ventilado,Disco sólido,Elétrica,,"Independente, McPherson",Mola helicoidal,Eixo de torção,,,,,6,"10,6 m",,,,,,,,,,,,,Admissão,,,,,594 km,551 km,11 km/l,"10,2 km/l",,,Mecânicos,,,,,,,,,,432 km,394 km,8 km/l,"7,3 km/l",,,,,,,,,,,,,,,,,,,,
kia,Sportage,sportage,sportage-dlx-2-2-1995,sportage-dlx-2-2-1995,https://www.fichacompleta.com.br/carros/kia/sportage-dlx-2-2-1995,2026-06-18T12:28:03.475337,Kia Sportage DLX 2.2 1995,"28,8 s",133 km/h,Embreagem monodisco a seco,Manual,5,Integral temporária,Injeção indireta,Natural,2184 cm³,4 em linha,RF,Único no cabeçote,96 mm,84 mm,Transversal,Dianteiro,"23,4 kg/cv","113,4 kg/kgfm","29,9 cv/litro",653 cv,"22,9:1",,,"6,2 kgfm/litro","13,5 kgfm",2,1655 mm,200 mm,1440 mm,1440 mm,,4125 mm,2650 mm,1735 mm,1531 kg,373 litros,60 litros,154 mm,Disco ventilado,Tambor,Hidráulica,"11,2 m","Indep., braços sobrepostos",Mola helicoidal,Eixo rígido,648 km,516 km,"10,8 km/l","8,6 km/l",5,"11,2 m",,4050 rpm,2500 rpm,,,,,,,,,,,"2,44 m²","0,952 m²","0,39","0,39",,,,,,,,,,,,,,,,,,,,,,,,,,,,,,,,,,,,,,,,
kia,Sportage,sportage,sportage-dlx-2-0-1996,sportage-dlx-2-0-1996,https://www.fichacompleta.com.br/carros/kia/sportage-dlx-2-0-1996,2026-06-18T12:28:06.842378,Kia Sportage DLX 2.0 1996,"14,7 s",166 km/h,Embreagem monodisco a seco,Manual,,Integral temporária,Injeção multiponto,Natural,1998 cm³,4 em linha,Mazda FE,"Duplo no cabeçote, correia dentada",86 mm,86 mm,Transversal,Dianteiro,"11,8 kg/cv","85,0 kg/kgfm","64,1 cv/litro",128 cv a 5300 rpm,"9,2:1",,,"8,9 kgfm/litro","17,8 kgfm a 2500 rpm",4,1655 mm,200 mm,1440 mm,1440 mm,490 kg,4125 mm,2650 mm,1735 mm,1513 kg,373 litros,60 litros,154 mm,Disco ventilado,Tambor,Hidráulica,,"Independente, braços sobrepostos",Mola helicoidal,Eixo rígido,,,,,5,"11,2 m",,,,,,,,,,,,,,"2,44 m²","0,952 m²",,"0,39",510 km,420 km,"8,5 km/l",7 km/l,,,,,,,,,,,,,,,,,,,,,,,,,,,,,,,,,,,,
kia,Sportage,sportage,sportage-dlx-2-0-1997,sportage-dlx-2-0-1997,https://www.fichacompleta.com.br/carros/kia/sportage-dlx-2-0-1997,2026-06-18T12:28:10.230322,Kia Sportage DLX 2.0 1997,"14,7 s",166 km/h,Embreagem monodisco a seco,Manual,,Integral temporária,Injeção multiponto,Natural,1998 cm³,4 em linha,Mazda FE,"Duplo no cabeçote, correia dentada",,,Transversal,Dianteiro,"11,8 kg/cv","85,0 kg/kgfm","64,1 cv/litro",128 cv a 5300 rpm,"9,2:1",,,"8,9 kgfm/litro","17,8 kgfm a 2500 rpm",4,1655 mm,200 mm,1440 mm,1440 mm,490 kg,4125 mm,2650 mm,1735 mm,1513 kg,373 litros,60 litros,154 mm,Disco ventilado,Tambor,Hidráulica,,"Independente, braços sobrepostos",Mola helicoidal,Eixo rígido,,,,,5,"11,2 m",,,,,86 mm,86 mm,,,,,,,,"2,44 m²","0,952 m²",,"0,39",510 km,420 km,"8,5 km/l",7 km/l,,,,,,,,,,,,,,,,,,,,,,,,,,,,,,,,,,,,
kia,Sportage,sportage,sportage-dlx-2-2-1997,sportage-dlx-2-2-1997,https://www.fichacompleta.com.br/carros/kia/sportage-dlx-2-2-1997,2026-06-18T12:28:14.230711,Kia Sportage DLX 2.2 1997,"28,8 s",133 km/h,Embreagem monodisco a seco,Manual,,Integral temporária,Injeção indireta,Natural,2184 cm³,4 em linha,RF,Único no cabeçote,96 mm,84 mm,Transversal,Dianteiro,"23,4 kg/cv","113,4 kg/kgfm","29,9 cv/litro","65,3 cv a 4050 rpm","22,9:1",,,"6,2 kgfm/litro","13,5 kgfm a 2500 rpm",2,1655 mm,200 mm,1440 mm,1440 mm,,4125 mm,2650 mm,1735 mm,1531 kg,373 litros,60 litros,154 mm,Disco ventilado,Tambor,Hidráulica,,"Independente, braços sobrepostos",Mola helicoidal,Eixo rígido,648 km,516 km,"10,8 km/l","8,6 km/l",5,"11,2 m",,,,,,,,,,,,,,"2,44 m²","0,952 m²",,"0,39",,,,,,,,,,,,,,,,,,,,,,,,,,,,,,,,,,,,,,,,
kia,Sportage,sportage,sportage-dlx-2-0-1998,sportage-dlx-2-0-1998,https://www.fichacompleta.com.br/carros/kia/sportage-dlx-2-0-1998,2026-06-18T12:28:19.015778,Kia Sportage DLX 2.0 1998,"14,7 s",166 km/h,Embreagem monodisco a seco,Manual,,Integral temporária,Injeção multiponto,Natural,1998 cm³,4 em linha,Mazda FE,"Duplo no cabeçote, correia dentada",86 mm,86 mm,Transversal,Dianteiro,"11,8 kg/cv","86,5 kg/kgfm","64,1 cv/litro",128 cv a 5300 rpm,"9,2:1",,,"8,8 kgfm/litro","17,5 kgfm a 4700 rpm",4,1655 mm,200 mm,1440 mm,1440 mm,490 kg,4125 mm,2650 mm,1735 mm,1513 kg,373 litros,60 litros,154 mm,Disco ventilado,Tambor,Hidráulica,,"Independente, braços sobrepostos",Mola helicoidal,Eixo rígido,,,,,5,"11,2 m",,,,,,,,,,,,,,"2,44 m²","0,952 m²",,"0,39",510 km,420 km,"8,5 km/l",7 km/l,,,,,,,,,,,,,,,,,,,,,,,,,,,,,,,,,,,,
kia,Sportage,sportage,sportage-dlx-2-0-1999,sportage-dlx-2-0-1999,https://www.fichacompleta.com.br/carros/kia/sportage-dlx-2-0-1999,2026-06-18T12:28:23.038397,Kia Sportage DLX 2.0 1999,"14,7 s",166 km/h,Embreagem monodisco a seco,Manual,,Integral temporária,Injeção multiponto,Natural,1998 cm³,4 em linha,Mazda FE,"Duplo no cabeçote, correia dentada",,,Transversal,Dianteiro,"11,8 kg/cv","85,0 kg/kgfm","64,1 cv/litro",128 cv a 5300 rpm,"9,2:1",,,"8,9 kgfm/litro","17,8 kgfm a 2500 rpm",4,1655 mm,200 mm,1440 mm,1440 mm,490 kg,4125 mm,2650 mm,1735 mm,1513 kg,373 litros,60 litros,154 mm,Disco ventilado,Tambor,Hidráulica,,"Independente, braços sobrepostos",Mola helicoidal,Eixo rígido,,,,,5,"11,2 m",,,,,86 mm,86 mm,,,,,,,,"2,44 m²","0,952 m²",,"0,39",510 km,420 km,"8,5 km/l",7 km/l,,,,,,,,,,,,,,,,,,,,,,,,,,,,,,,,,,,,
kia,Sportage,sportage,sportage-grand-2-0-1999,sportage-grand-2-0-1999,https://www.fichacompleta.com.br/carros/kia/sportage-grand-2-0-1999,2026-06-18T12:28:25.782929,Kia Sportage Grand 2.0 1999,"15,5 s",166 km/h,,Manual,,Integral temporária,Injeção multiponto,Natural,1998 cm³,4 em linha,Mazda FE,"Duplo no cabeçote, correia dentada",,,Transversal,Dianteiro,"12,9 kg/cv","92,8 kg/kgfm","64,1 cv/litro",128 cv a 5300 rpm,"9,2:1",,,"8,9 kgfm/litro","17,8 kgfm a 2500 rpm",4,1655 mm,,1440 mm,1440 mm,484 kg,4435 mm,2650 mm,1735 mm,1651 kg,483 litros,65 litros,154 mm,Disco ventilado,Tambor,Hidráulica,,"Independente, braços sobrepostos",Mola helicoidal,Eixo rígido,,,,,5,"11,2 m",,,,,86 mm,86 mm,,,,,,,,"2,44 m²",,,"0,39",507 km,455 km,"7,8 km/l",7 km/l,,,,,,,,,,,,,,,,,,,,,,,,,,,,,,,,,,,,
kia,Sportage,sportage,sportage-grand-2-0-at-1999,sportage-grand-2-0-at-1999,https://www.fichacompleta.com.br/carros/kia/sportage-grand-2-0-at-1999,2026-06-18T12:28:29.260941,Kia Sportage Grand 2.0 AT 1999,17 s,160 km/h,Conversor de torque,Automático,4,Integral temporária,Injeção multiponto,Natural,1998 cm³,4 em linha,Mazda FE,Duplo no cabeçote,86 mm,86 mm,Transversal,Dianteiro,"12,6 kg/cv","92,0 kg/kgfm","64,1 cv/litro",128 cv,"9,2:1",5300 rpm,4700 rpm,"8,8 kgfm/litro","17,5 kgfm",4,1735 mm,200 mm,1440 mm,1440 mm,500 kg,4500 mm,2650 mm,1735 mm,1610 kg,483 litros,65 litros,154 mm,Disco ventilado,Tambor,Hidráulica,"11,2 m","Indep., braços sobrepostos",Mola helicoidal,Eixo rígido,,,,,,,,,,,,,900 kg,,,450 kg,Correia dentada,,,"2,56 m²","0,998 m²","0,39",,488 km,423 km,"7,5 km/l","6,5 km/l",,,,,,,,,,,,,,,,,,,,,,,,,,,,,,,,,,,,
kia,Sportage,sportage,sportage-grand-2-0-turbo-1999,sportage-grand-2-0-turbo-1999,https://www.fichacompleta.com.br/carros/kia/sportage-grand-2-0-turbo-1999,2026-06-18T12:28:31.807858,Kia Sportage Grand 2.0 Turbo 1999,22 s,140 km/h,Embreagem monodisco a seco,Manual,5,Integral temporária,Injeção indireta,Turbocompressor,,4 em linha,Mazda RF,Único no cabeçote,86 mm,86 mm,Transversal,Dianteiro,"18,66 kg/cv","79,2 kg/kgfm","43,5 cv/litro",87 cv,21:1,4000 rpm,2000 rpm,"10,3 kgfm/litro","20,5 kgfm",2,1735 mm,200 mm,1440 mm,1440 mm,500 kg,4500 mm,2650 mm,1735 mm,1623 kg,483 litros,65 litros,154 mm,Disco ventilado,Tambor,Hidráulica,"11,2 m","Indep., braços sobrepostos",Mola helicoidal,Eixo rígido,676 km,611 km,"10,4 km/l","9,4 km/l",,,,,,,,,700 kg,500 cm³,1998 cm³,350 kg,,,,"2,56 m²","0,998 m²","0,39",,,,,,,,,,,,,,,,,,,,,,,,,,,,,,,,,,,,,,,,,
kia,Sportage,sportage,sportage-mrdi-2-0-1999,sportage-mrdi-2-0-1999,https://www.fichacompleta.com.br/carros/kia/sportage-mrdi-2-0-1999,2026-06-18T12:28:34.776260,Kia Sportage MRDi 2.0 1999,15 s,163 km/h,Conversor de torque,Automático,4,Integral temporária,Injeção multiponto,Natural,1998 cm³,4 em linha,Mazda FE,Duplo no cabeçote,86 mm,86 mm,Transversal,Dianteiro,"12,0 kg/cv","88,0 kg/kgfm","64,1 cv/litro",128 cv,"9,2:1",5300 rpm,4700 rpm,"8,8 kgfm/litro","17,5 kgfm",4,1655 mm,200 mm,1440 mm,1440 mm,490 kg,4125 mm,2650 mm,1735 mm,1540 kg,373 litros,60 litros,154 mm,Disco ventilado,Tambor,Hidráulica,"11,2 m","Indep., braços sobrepostos",Mola helicoidal,Eixo rígido,,,,,,,,,,,,,,,,,Correia dentada,,,"2,44 m²","0,952 m²","0,39",,450 km,390 km,"7,5 km/l","6,5 km/l",Mazda A44DE,,,,,,,,,,,,,,,,,,,,,,,,,,,,,,,,,,,
kia,Sportage,sportage,sportage-2-0-turbo-2000,sportage-2-0-turbo-2000,https://www.fichacompleta.com.br/carros/kia/sportage-2-0-turbo-2000,2026-06-18T12:28:38.735398,Kia Sportage 2.0 Turbo 2000,21 s,145 km/h,Embreagem monodisco a seco,Manual,,Integral temporária,Injeção indireta,Turbocompressor,1998 cm³,4 em linha,Mazda RF,Único no cabeçote,86 mm,86 mm,Transversal,Dianteiro,"18,2 kg/cv","77,2 kg/kgfm","43,5 cv/litro",87 cv a 4000 rpm,21:1,,,"10,3 kgfm/litro","20,5 kgfm a 2000 rpm",2,1655 mm,200 mm,1440 mm,1440 mm,500 kg,4325 mm,2650 mm,1735 mm,1583 kg,373 litros,60 litros,154 mm,Disco ventilado,Tambor,Hidráulica,,"Independente, braços sobrepostos",Mola helicoidal,Eixo rígido,630 km,570 km,"10,5 km/l","9,5 km/l",5,"11,2 m",,,,,,,700 kg,,,350 kg,,,,"2,44 m²","0,952 m²",,"0,39",,,,,,,,,,,,,,,,,,,,,,,,,,,,,,,,,,,,,,,,
kia,Sportage,sportage,sportage-dlx-2-0-2000,sportage-dlx-2-0-2000,https://www.fichacompleta.com.br/carros/kia/sportage-dlx-2-0-2000,2026-06-18T12:28:43.341880,Kia Sportage DLX 2.0 2000,"14,7 s",166 km/h,Embreagem monodisco a seco,Manual,,Integral temporária,Injeção multiponto,Natural,1998 cm³,4 em linha,Mazda FE,"Duplo no cabeçote, correia dentada",86 mm,86 mm,Transversal,Dianteiro,"11,8 kg/cv","86,5 kg/kgfm","64,1 cv/litro",128 cv a 5300 rpm,"9,2:1",,,"8,8 kgfm/litro","17,5 kgfm a 4700 rpm",4,1655 mm,200 mm,1440 mm,1440 mm,490 kg,4125 mm,2650 mm,1735 mm,1513 kg,373 litros,60 litros,154 mm,Disco ventilado,Tambor,Hidráulica,,"Independente, braços sobrepostos",Mola helicoidal,Eixo rígido,,,,,5,"11,2 m",,,,,,,,,,,,,,"2,44 m²","0,952 m²",,"0,39",510 km,420 km,"8,5 km/l",7 km/l,,,,,,,,,,,,,,,,,,,,,,,,,,,,,,,,,,,,
kia,Sportage,sportage,sportage-grand-2-0-2000,sportage-grand-2-0-2000,https://www.fichacompleta.com.br/carros/kia/sportage-grand-2-0-2000,2026-06-18T12:28:46.917365,Kia Sportage Grand 2.0 2000,"15,5 s",166 km/h,Embreagem monodisco a seco,Manual,,Integral temporária,Injeção multiponto,Natural,1998 cm³,4 em linha,Mazda FE,"Duplo no cabeçote, correia dentada",86 mm,86 mm,Transversal,Dianteiro,"12,9 kg/cv","92,8 kg/kgfm","64,1 cv/litro",128 cv a 5300 rpm,"9,2:1",,,"8,9 kgfm/litro","17,8 kgfm a 2500 rpm",4,1655 mm,200 mm,1440 mm,1440 mm,484 kg,4435 mm,2650 mm,1735 mm,1651 kg,483 litros,65 litros,154 mm,Disco ventilado,Tambor,Hidráulica,,"Independente, braços sobrepostos",Mola helicoidal,Eixo rígido,,,,,5,"11,2 m",,,,,,,,,,,,,,"2,44 m²","0,952 m²",,"0,39",507 km,455 km,"7,8 km/l",7 km/l,,,,,,,,,,,,,,,,,,,,,,,,,,,,,,,,,,,,
kia,Sportage,sportage,sportage-grand-2-0-at-2000,sportage-grand-2-0-at-2000,https://www.fichacompleta.com.br/carros/kia/sportage-grand-2-0-at-2000,2026-06-18T12:28:51.098166,Kia Sportage Grand 2.0 AT 2000,17 s,160 km/h,Conversor de torque,Automático,4,Integral temporária,Injeção multiponto,Natural,1998 cm³,4 em linha,Mazda FE,Duplo no cabeçote,86 mm,86 mm,Transversal,Dianteiro,"12,6 kg/cv","92,0 kg/kgfm","64,1 cv/litro",128 cv,"9,2:1",5300 rpm,4700 rpm,"8,8 kgfm/litro","17,5 kgfm",4,1735 mm,200 mm,1440 mm,1440 mm,500 kg,4500 mm,2650 mm,1735 mm,1610 kg,483 litros,65 litros,154 mm,Disco ventilado,Tambor,Hidráulica,"11,2 m","Indep., braços sobrepostos",Mola helicoidal,Eixo rígido,,,,,,,,,,,,,900 kg,,,450 kg,Correia dentada,,,"2,56 m²","0,998 m²","0,39",,488 km,423 km,"7,5 km/l","6,5 km/l",,,,,,,,,,,,,,,,,,,,,,,,,,,,,,,,,,,,
kia,Sportage,sportage,sportage-grand-2-0-turbo-2000,sportage-grand-2-0-turbo-2000,https://www.fichacompleta.com.br/carros/kia/sportage-grand-2-0-turbo-2000,2026-06-18T12:28:56.484958,Kia Sportage Grand 2.0 Turbo 2000,22 s,140 km/h,Embreagem monodisco a seco,Manual,,Integral temporária,Injeção indireta,Turbocompressor,1998 cm³,4 em linha,Mazda RF,Único no cabeçote,86 mm,86 mm,Transversal,Dianteiro,"18,8 kg/cv","79,8 kg/kgfm","43,5 cv/litro",87 cv a 4000 rpm,21:1,,,"10,3 kgfm/litro","20,5 kgfm a 2000 rpm",2,1655 mm,200 mm,1440 mm,1440 mm,,4430 mm,2650 mm,1735 mm,1635 kg,483 litros,65 litros,154 mm,Disco ventilado,Tambor,Hidráulica,,"Independente, braços sobrepostos",Mola helicoidal,Eixo rígido,676 km,611 km,"10,4 km/l","9,4 km/l",5,"11,2 m",,,,,,,,,,,,,,"2,44 m²","0,952 m²",,"0,39",,,,,,,,,,,,,,,,,,,,,,,,,,,,,,,,,,,,,,,,
kia,Sportage,sportage,sportage-mrdi-2-0-2000,sportage-mrdi-2-0-2000,https://www.fichacompleta.com.br/carros/kia/sportage-mrdi-2-0-2000,2026-06-18T12:28:59.337593,Kia Sportage MRDi 2.0 2000,15 s,163 km/h,Conversor de torque,Automático,4,Integral temporária,Injeção multiponto,Natural,1998 cm³,4 em linha,Mazda FE,Duplo no cabeçote,86 mm,86 mm,Transversal,Dianteiro,"12,0 kg/cv","88,0 kg/kgfm","64,1 cv/litro",128 cv,"9,2:1",5300 rpm,4700 rpm,"8,8 kgfm/litro","17,5 kgfm",4,1655 mm,200 mm,1440 mm,1440 mm,490 kg,4125 mm,2650 mm,1735 mm,1540 kg,373 litros,60 litros,154 mm,Disco ventilado,Tambor,Hidráulica,"11,2 m","Indep., braços sobrepostos",Mola helicoidal,Eixo rígido,,,,,,,,,,,,,,,,,Correia dentada,,,"2,44 m²","0,952 m²","0,39",,450 km,390 km,"7,5 km/l","6,5 km/l",Mazda A44DE,,,,,,,,,,,,,,,,,,,,,,,,,,,,,,,,,,,
kia,Sportage,sportage,sportage-2-0-turbo-2001,sportage-2-0-turbo-2001,https://www.fichacompleta.com.br/carros/kia/sportage-2-0-turbo-2001,2026-06-18T12:29:04.244105,Kia Sportage 2.0 Turbo 2001,21 s,145 km/h,Embreagem monodisco a seco,Manual,,Integral temporária,Injeção indireta,Turbocompressor,1998 cm³,4 em linha,Mazda RF,Único no cabeçote,86 mm,86 mm,Transversal,Dianteiro,"18,2 kg/cv","77,2 kg/kgfm","43,5 cv/litro",87 cv a 4000 rpm,21:1,,,"10,3 kgfm/litro","20,5 kgfm a 2000 rpm",2,1655 mm,200 mm,1440 mm,1440 mm,500 kg,4325 mm,2650 mm,1735 mm,1583 kg,373 litros,60 litros,154 mm,Disco ventilado,Tambor,Hidráulica,,"Independente, braços sobrepostos",Mola helicoidal,Eixo rígido,630 km,570 km,"10,5 km/l","9,5 km/l",5,"11,2 m",,,,,,,700 kg,,,350 kg,,,,"2,44 m²","0,952 m²",,"0,39",,,,,,,,,,,,,,,,,,,,,,,,,,,,,,,,,,,,,,,,
kia,Sportage,sportage,sportage-grand-2-0-2001,sportage-grand-2-0-2001,https://www.fichacompleta.com.br/carros/kia/sportage-grand-2-0-2001,2026-06-18T12:29:08.430783,Kia Sportage Grand 2.0 2001,"15,5 s",166 km/h,Embreagem monodisco a seco,Manual,5,Integral temporária,Injeção multiponto,Natural,1998 cm³,4 em linha,Mazda FE,Duplo no cabeçote,86 mm,86 mm,Transversal,Dianteiro,"12,3 kg/cv","89,7 kg/kgfm","64,1 cv/litro",128 cv,"9,2:1",5300 rpm,4700 rpm,"8,8 kgfm/litro","17,5 kgfm",4,1735 mm,200 mm,1440 mm,1440 mm,540 kg,4500 mm,2650 mm,1735 mm,1570 kg,483 litros,65 litros,154 mm,Disco ventilado,Tambor,Hidráulica,"11,2 m","Indep., braços sobrepostos",Mola helicoidal,Eixo rígido,,,,,,,,,,,,,900 kg,,,450 kg,Correia dentada,,,"2,56 m²","0,998 m²","0,39",,507 km,455 km,"7,8 km/l",7 km/l,,,,,,,,,,,,,,,,,,,,,,,,,,,,,,,,,,,,
kia,Sportage,sportage,sportage-grand-2-0-at-2001,sportage-grand-2-0-at-2001,https://www.fichacompleta.com.br/carros/kia/sportage-grand-2-0-at-2001,2026-06-18T12:29:11.298651,Kia Sportage Grand 2.0 AT 2001,17 s,160 km/h,Conversor de torque,Automático,4,Integral temporária,Injeção multiponto,Natural,1998 cm³,4 em linha,Mazda FE,Duplo no cabeçote,86 mm,86 mm,Transversal,Dianteiro,"12,6 kg/cv","92,0 kg/kgfm","64,1 cv/litro",128 cv,"9,2:1",5300 rpm,4700 rpm,"8,8 kgfm/litro","17,5 kgfm",4,1735 mm,200 mm,1440 mm,1440 mm,500 kg,4500 mm,2650 mm,1735 mm,1610 kg,483 litros,65 litros,154 mm,Disco ventilado,Tambor,Hidráulica,"11,2 m","Indep., braços sobrepostos",Mola helicoidal,Eixo rígido,,,,,,,,,,,,,900 kg,,,450 kg,Correia dentada,,,"2,56 m²","0,998 m²","0,39",,488 km,423 km,"7,5 km/l","6,5 km/l",,,,,,,,,,,,,,,,,,,,,,,,,,,,,,,,,,,,
kia,Sportage,sportage,sportage-grand-2-0-turbo-2001,sportage-grand-2-0-turbo-2001,https://www.fichacompleta.com.br/carros/kia/sportage-grand-2-0-turbo-2001,2026-06-18T12:29:15.003100,Kia Sportage Grand 2.0 Turbo 2001,22 s,140 km/h,Embreagem monodisco a seco,Manual,5,Integral temporária,Injeção indireta,Turbocompressor,1998 cm³,4 em linha,Mazda RF,Único no cabeçote,86 mm,86 mm,Transversal,Dianteiro,"18,7 kg/cv","79,2 kg/kgfm","43,5 cv/litro",87 cv,21:1,4000 rpm,2000 rpm,"10,3 kgfm/litro","20,5 kgfm",2,1735 mm,200 mm,1440 mm,1440 mm,500 kg,4500 mm,2650 mm,1735 mm,1623 kg,483 litros,65 litros,154 mm,Disco ventilado,Tambor,Hidráulica,"11,2 m","Indep., braços sobrepostos",Mola helicoidal,Eixo rígido,676 km,611 km,"10,4 km/l","9,4 km/l",,,,,,,,,700 kg,,,350 kg,,,,"2,56 m²","0,998 m²","0,39",,,,,,,,,,,,,,,,,,,,,,,,,,,,,,,,,,,,,,,,,
kia,Sportage,sportage,sportage-2-0-turbo-2002,sportage-2-0-turbo-2002,https://www.fichacompleta.com.br/carros/kia/sportage-2-0-turbo-2002,2026-06-18T12:29:18.806854,Kia Sportage 2.0 Turbo 2002,21 s,145 km/h,Embreagem monodisco a seco,Manual,5,Integral temporária,Injeção indireta,Turbocompressor,1998 cm³,4 em linha,Mazda RF,Único no cabeçote,86 mm,86 mm,Transversal,Dianteiro,"18,2 kg/cv","77,2 kg/kgfm","43,5 cv/litro",87 cv,21:1,4000 rpm,2000 rpm,"10,3 kgfm/litro","20,5 kgfm",2,1655 mm,200 mm,1440 mm,1440 mm,500 kg,4325 mm,2650 mm,1735 mm,1583 kg,373 litros,60 litros,154 mm,Disco ventilado,Tambor,Hidráulica,"11,2 m","Indep., braços sobrepostos",Mola helicoidal,Eixo rígido,630 km,570 km,"10,5 km/l","9,5 km/l",,,,,,,,,700 kg,,,350 kg,,,,"2,44 m²","0,952 m²","0,39",,,,,,,,,,,,,,,,,,,,,,,,,,,,,,,,,,,,,,,,,
kia,Sportage,sportage,sportage-grand-2-0-turbo-2002,sportage-grand-2-0-turbo-2002,https://www.fichacompleta.com.br/carros/kia/sportage-grand-2-0-turbo-2002,2026-06-18T12:29:21.275940,Kia Sportage Grand 2.0 Turbo 2002,22 s,140 km/h,Embreagem monodisco a seco,Manual,5,Integral temporária,Injeção indireta,Turbocompressor,1998 cm³,4 em linha,Mazda RF,Único no cabeçote,86 mm,86 mm,Transversal,Dianteiro,"18,7 kg/cv","79,2 kg/kgfm","43,5 cv/litro",87 cv,21:1,4000 rpm,2000 rpm,"10,3 kgfm/litro","20,5 kgfm",2,1735 mm,200 mm,1440 mm,1440 mm,500 kg,4500 mm,2650 mm,1735 mm,1623 kg,483 litros,65 litros,154 mm,Disco ventilado,Tambor,Hidráulica,"11,2 m","Indep., braços sobrepostos",Mola helicoidal,Eixo rígido,676 km,611 km,"10,4 km/l","9,4 km/l",,,,,,,,,700 kg,,,350 kg,,,,"2,56 m²","0,998 m²","0,39",,,,,,,,,,,,,,,,,,,,,,,,,,,,,,,,,,,,,,,,,
kia,Sportage,sportage,sportage-2-0-turbo-2003,sportage-2-0-turbo-2003,https://www.fichacompleta.com.br/carros/kia/sportage-2-0-turbo-2003,2026-06-18T12:29:25.205140,Kia Sportage 2.0 Turbo 2003,21 s,145 km/h,Embreagem monodisco a seco,Manual,,Integral temporária,Injeção indireta,Turbocompressor,1998 cm³,4 em linha,Mazda RF,Único no cabeçote,86 mm,86 mm,Transversal,Dianteiro,"17,7 kg/cv","75,1 kg/kgfm","43,5 cv/litro",87 cv a 4000 rpm,21:1,,,"10,3 kgfm/litro","20,5 kgfm a 2000 rpm",2,1655 mm,200 mm,1440 mm,1440 mm,,4125 mm,2650 mm,1735 mm,1540 kg,373 litros,60 litros,154 mm,Disco ventilado,Tambor,Hidráulica,,"Independente, braços sobrepostos",Mola helicoidal,Eixo rígido,630 km,570 km,"10,5 km/l","9,5 km/l",5,"11,2 m",,,,,,,,,,,,,,"2,44 m²","0,952 m²",,"0,39",,,,,,,,,,,,,,,,,,,,,,,,,,,,,,,,,,,,,,,,
kia,Sportage,sportage,sportage-grand-2-0-turbo-2003,sportage-grand-2-0-turbo-2003,https://www.fichacompleta.com.br/carros/kia/sportage-grand-2-0-turbo-2003,2026-06-18T12:29:29.655508,Kia Sportage Grand 2.0 Turbo 2003,22 s,140 km/h,Embreagem monodisco a seco,Manual,,Integral temporária,Injeção indireta,Turbocompressor,1998 cm³,4 em linha,Mazda RF,Único no cabeçote,86 mm,86 mm,Transversal,Dianteiro,"18,8 kg/cv","79,8 kg/kgfm","43,5 cv/litro",87 cv a 4000 rpm,21:1,,,"10,3 kgfm/litro","20,5 kgfm a 2000 rpm",2,1655 mm,200 mm,1440 mm,1440 mm,,4430 mm,2650 mm,1735 mm,1635 kg,483 litros,65 litros,154 mm,Disco ventilado,Tambor,Hidráulica,,"Independente, braços sobrepostos",Mola helicoidal,Eixo rígido,676 km,611 km,"10,4 km/l","9,4 km/l",5,"11,2 m",,,,,,,,,,,,,,"2,44 m²","0,952 m²",,"0,39",,,,,,,,,,,,,,,,,,,,,,,,,,,,,,,,,,,,,,,,
kia,Sportage,sportage,sportage-ex-2-7-v6-4x4-at-2006,sportage-ex-2-7-v6-4x4-at-2006,https://www.fichacompleta.com.br/carros/kia/sportage-ex-2-7-v6-4x4-at-2006,2026-06-18T12:29:32.695676,Kia Sportage EX 2.7 V6 4x4 AT 2006,"13,3 s",180 km/h,Conversor de torque,Automático,,Integral sob demanda,Injeção multiponto,Natural,2656 cm³,6 em V,Delta,Duplo no cabeçote,75 mm,"86,7 mm",Transversal,Dianteiro,"10,0 kg/cv","70,9 kg/kgfm","65,9 cv/litro",175 cv a 6000 rpm,10:1,,,"9,3 kgfm/litro","24,6 kgfm a 4000 rpm",4,1695 mm,202 mm,1540 mm,1540 mm,427 kg,4350 mm,2630 mm,1800 mm,1743 kg,667 litros,65 litros,141 mm,Disco ventilado,Disco sólido,Hidráulica,,"Independente, McPherson",Mola helicoidal,"Independente, multibraço",,,,,4,"10,8 m",,,,,,,,,,,,,,,,,,631 km,449 km,"9,7 km/l","6,9 km/l",,,,,,,,,,,,,,,,,,,,,,,,,,,,,"18,8 graus","29,4 graus","28,5 graus",,,,,
kia,Sportage,sportage,sportage-lx-2-0-2006,sportage-lx-2-0-2006,https://www.fichacompleta.com.br/carros/kia/sportage-lx-2-0-2006,2026-06-18T12:29:36.219750,Kia Sportage LX 2.0 2006,13 s,182 km/h,Embreagem monodisco a seco,Manual,,Dianteira,Injeção multiponto,Natural,1975 cm³,4 em linha,Beta,"Duplo no cabeçote, correia dentada","93,5 mm",82 mm,Transversal,Dianteiro,"11,4 kg/cv","86,2 kg/kgfm","71,9 cv/litro",142 cv a 6000 rpm,"10,1:1",,,"9,5 kgfm/litro","18,8 kgfm a 4500 rpm",4,1695 mm,202 mm,1540 mm,1540 mm,519 kg,4350 mm,2630 mm,1800 mm,1621 kg,667 litros,58 litros,140 mm,Disco ventilado,Tambor,Hidráulica,,"Independente, McPherson",Mola helicoidal,"Independente, multibraço",,,,,5,"10,8 m",,,,,,,,,,,,,Admissão,,,,,638 km,522 km,11 km/l,9 km/l,,,Mecânicos,,,,,,,,,,,,,,,,,,,,,,,,,,"18,9 graus",30 graus,"28,1 graus",,,,,
kia,Sportage,sportage,sportage-lx-2-0-at-2006,sportage-lx-2-0-at-2006,https://www.fichacompleta.com.br/carros/kia/sportage-lx-2-0-at-2006,2026-06-18T12:29:39.386444,Kia Sportage LX 2.0 AT 2006,"14,5 s",177 km/h,Conversor de torque,Automático,,Dianteira,Injeção multiponto,Natural,1975 cm³,4 em linha,Beta,"Duplo no cabeçote, correia dentada","93,5 mm",82 mm,Transversal,Dianteiro,"11,5 kg/cv","87,0 kg/kgfm","71,9 cv/litro",142 cv a 6000 rpm,"10,1:1",,,"9,5 kgfm/litro","18,8 kgfm a 4500 rpm",4,1695 mm,202 mm,1540 mm,1540 mm,505 kg,4350 mm,2630 mm,1800 mm,1635 kg,667 litros,58 litros,140 mm,Disco ventilado,Tambor,Hidráulica,,"Independente, McPherson",Mola helicoidal,"Independente, multibraço",,,,,4,"10,8 m",,,,,,,,,,,,,Admissão,,,,,592 km,516 km,"10,2 km/l","8,9 km/l",,,Mecânicos,,,,,,,,,,,,,,,,,,,,,,,,,,"18,9 graus",30 graus,"28,1 graus",,,,,
kia,Sportage,sportage,sportage-ex-2-7-v6-4x4-at-2007,sportage-ex-2-7-v6-4x4-at-2007,https://www.fichacompleta.com.br/carros/kia/sportage-ex-2-7-v6-4x4-at-2007,2026-06-18T12:29:43.283461,Kia Sportage EX 2.7 V6 4x4 AT 2007,"13,3 s",180 km/h,Conversor de torque,Automático,4,Integral sob demanda,Injeção multiponto,Natural,2656 cm³,6 em V,Delta,Duplo no cabeçote,75 mm,"86,7 mm",Transversal,Dianteiro,"10,0 kg/cv","70,9 kg/kgfm","65,9 cv/litro",175 cv,10:1,,,"9,3 kgfm/litro","24,6 kgfm",4,1695 mm,202 mm,1540 mm,1540 mm,427 kg,4350 mm,2630 mm,1800 mm,1743 kg,667 litros,65 litros,141 mm,Disco ventilado,Disco sólido,Hidráulica,"10,8 m","Indep., McPherson",Mola helicoidal,"Indep., multibraço",,,,,4,"10,8 m",,6000 rpm,4000 rpm,,,,,,,,,,,,,,,631 km,449 km,"9,7 km/l","6,9 km/l",,,,,,,,,,,,,,,,,,,,,,,,,,,,,"18,8 graus","29,4 graus","28,5 graus",,,,,
kia,Sportage,sportage,sportage-lx-2-0-2007,sportage-lx-2-0-2007,https://www.fichacompleta.com.br/carros/kia/sportage-lx-2-0-2007,2026-06-18T12:29:47.960686,Kia Sportage LX 2.0 2007,13 s,182 km/h,Embreagem monodisco a seco,Manual,5,Dianteira,Injeção multiponto,Natural,,4 em linha,Beta,Duplo no cabeçote,"93,5 mm",82 mm,Transversal,Dianteiro,"11,42 kg/cv","86,2 kg/kgfm","71,9 cv/litro",142 cv,"10,1:1",6000 rpm,4500 rpm,"9,5 kgfm/litro","18,8 kgfm",4,1695 mm,202 mm,1540 mm,1540 mm,519 kg,4350 mm,2630 mm,1800 mm,1621 kg,667 litros,58 litros,140 mm,Disco ventilado,Tambor,Hidráulica,"10,8 m","Indep., McPherson",Mola helicoidal,"Indep., multibraço",,,,,,,,,,,,,,494 cm³,1975 cm³,,Correia dentada,,Admissão,"2,59 m²","1,036 m²","0,4",,638 km,522 km,11 km/l,9 km/l,,215/65 R16,Mecânicos,,,,,,,,,,,,,,,,,,,,,,,,,,"18,9 graus",30 graus,"28,1 graus",,,,,
kia,Sportage,sportage,sportage-lx-2-0-at-2007,sportage-lx-2-0-at-2007,https://www.fichacompleta.com.br/carros/kia/sportage-lx-2-0-at-2007,2026-06-18T12:29:52.250423,Kia Sportage LX 2.0 AT 2007,"14,5 s",177 km/h,,Automático,,Dianteira,Injeção multiponto,Natural,1975 cm³,4 em linha,Beta,"Duplo no cabeçote, correia dentada",,,Transversal,Dianteiro,"11,5 kg/cv","87,0 kg/kgfm","71,9 cv/litro",142 cv a 6000 rpm,"10,1:1",,,"9,5 kgfm/litro","18,8 kgfm a 4500 rpm",4,1695 mm,,1540 mm,1540 mm,505 kg,4350 mm,2630 mm,1800 mm,1635 kg,667 litros,58 litros,140 mm,Disco ventilado,Tambor,Hidráulica,,"Independente, McPherson",Mola helicoidal,"Independente, multibraço",,,,,4,"10,8 m",,,,,"93,5 mm",82 mm,,,,,,,Admissão,,,,,592 km,516 km,"10,2 km/l","8,9 km/l",,,,,,,,,,,,,,,,,,,,,,,,,,,,,,30 graus,"28,1 graus",,,,,
kia,Sportage,sportage,sportage-ex-2-0-at-2008,sportage-ex-2-0-at-2008,https://www.fichacompleta.com.br/carros/kia/sportage-ex-2-0-at-2008,2026-06-18T12:29:56.518246,Kia Sportage EX 2.0 AT 2008,"14,5 s",177 km/h,Conversor de torque,Automático,,Dianteira,Injeção multiponto,Natural,1975 cm³,4 em linha,Beta,"Duplo no cabeçote, correia dentada",,,Transversal,Dianteiro,"11,5 kg/cv","87,0 kg/kgfm","71,9 cv/litro",142 cv a 6000 rpm,"10,1:1",,,"9,5 kgfm/litro","18,8 kgfm a 4500 rpm",4,1695 mm,202 mm,1540 mm,1540 mm,505 kg,4350 mm,2630 mm,1800 mm,1635 kg,667 litros,58 litros,140 mm,Disco ventilado,Tambor,Hidráulica,,"Independente, McPherson",Mola helicoidal,"Independente, multibraço",,,,,4,"10,8 m",,,,,"93,5 mm",82 mm,,,,,,,Admissão,,,,,592 km,516 km,"10,2 km/l","8,9 km/l",,,Mecânicos,,,,,,,,,,,,,,,,,,,,,,,,,,"18,9 graus",30 graus,"28,1 graus",,,,,
kia,Sportage,sportage,sportage-ex-2-7-v6-4x4-at-2008,sportage-ex-2-7-v6-4x4-at-2008,https://www.fichacompleta.com.br/carros/kia/sportage-ex-2-7-v6-4x4-at-2008,2026-06-18T12:29:59.083471,Kia Sportage EX 2.7 V6 4x4 AT 2008,"13,3 s",180 km/h,Conversor de torque,Automático,,Integral sob demanda,Injeção multiponto,Natural,2656 cm³,6 em V,Delta,Duplo no cabeçote,,,Transversal,Dianteiro,"10,0 kg/cv","70,9 kg/kgfm","65,9 cv/litro",175 cv a 6000 rpm,10:1,,,"9,3 kgfm/litro","24,6 kgfm a 4000 rpm",4,1695 mm,202 mm,1540 mm,1540 mm,427 kg,4350 mm,2630 mm,1800 mm,1743 kg,667 litros,65 litros,141 mm,Disco ventilado,Disco sólido,Hidráulica,,"Independente, McPherson",Mola helicoidal,"Independente, multibraço",,,,,4,"10,8 m",,,,,75 mm,"86,7 mm",,,,,,,,,,,,631 km,449 km,"9,7 km/l","6,9 km/l",,,,,,,,,,,,,,,,,,,,,,,,,,,,,"18,8 graus","29,4 graus","28,5 graus",,,,,
kia,Sportage,sportage,sportage-lx-2-0-2008,sportage-lx-2-0-2008,https://www.fichacompleta.com.br/carros/kia/sportage-lx-2-0-2008,2026-06-18T12:30:03.630682,Kia Sportage LX 2.0 2008,13 s,182 km/h,Embreagem monodisco a seco,Manual,5,Dianteira,Injeção multiponto,Natural,1975 cm³,4 em linha,Beta,Duplo no cabeçote,"93,5 mm",82 mm,Transversal,Dianteiro,"11,4 kg/cv","86,2 kg/kgfm","71,9 cv/litro",142 cv,"10,1:1",,,"9,5 kgfm/litro","18,8 kgfm",4,1695 mm,202 mm,1540 mm,1540 mm,519 kg,4350 mm,2630 mm,1800 mm,1621 kg,667 litros,58 litros,140 mm,Disco ventilado,Tambor,Hidráulica,"10,8 m","Indep., McPherson",Mola helicoidal,"Indep., multibraço",,,,,5,"10,8 m",,6000 rpm,4500 rpm,,,,,,,,Correia dentada,,Admissão,,,,,638 km,522 km,11 km/l,9 km/l,,,Mecânicos,,,,,,,,,,,,,,,,,,,,,,,,,,"18,9 graus",30 graus,"28,1 graus",,,,,
kia,Sportage,sportage,sportage-lx-2-0-at-2008,sportage-lx-2-0-at-2008,https://www.fichacompleta.com.br/carros/kia/sportage-lx-2-0-at-2008,2026-06-18T12:30:06.927002,Kia Sportage LX 2.0 AT 2008,"14,5 s",177 km/h,Conversor de torque,Automático,4,Dianteira,Injeção multiponto,Natural,1975 cm³,4 em linha,Beta,Duplo no cabeçote,"93,5 mm",82 mm,Transversal,Dianteiro,"11,5 kg/cv","87,0 kg/kgfm","71,9 cv/litro",142 cv,"10,1:1",,,"9,5 kgfm/litro","18,8 kgfm",4,1695 mm,202 mm,1540 mm,1540 mm,505 kg,4350 mm,2630 mm,1800 mm,1635 kg,667 litros,58 litros,140 mm,Disco ventilado,Tambor,Hidráulica,"10,8 m","Indep., McPherson",Mola helicoidal,"Indep., multibraço",,,,,4,"10,8 m",,6000 rpm,4500 rpm,,,,,,,,Correia dentada,,Admissão,,,,,592 km,516 km,"10,2 km/l","8,9 km/l",,,Mecânicos,,,,,,,,,,,,,,,,,,,,,,,,,,"18,9 graus",30 graus,"28,1 graus",,,,,
kia,Sportage,sportage,sportage-ex-2-0-2009,sportage-ex-2-0-2009,https://www.fichacompleta.com.br/carros/kia/sportage-ex-2-0-2009,2026-06-18T12:30:11.514046,Kia Sportage EX 2.0 2009,13 s,182 km/h,Embreagem monodisco a seco,Manual,5,Dianteira,Injeção multiponto,Natural,1975 cm³,4 em linha,Beta,Duplo no cabeçote,"93,5 mm",82 mm,Transversal,Dianteiro,"11,4 kg/cv","86,2 kg/kgfm","71,9 cv/litro",,"10,1:1",,,"9,5 kgfm/litro",,4,1695 mm,202 mm,1540 mm,1540 mm,519 kg,4350 mm,2630 mm,1800 mm,1621 kg,667 litros,58 litros,140 mm,Disco ventilado,Tambor,Hidráulica,"10,8 m","Indep., McPherson",Mola helicoidal,"Indep., multibraço",,,,,,,142 cv,6000 rpm,4500 rpm,"18,8 kgfm",,,,,,,Correia dentada,,Admissão,,,,,638 km,522 km,11 km/l,9 km/l,,,Mecânicos,,,,,,,,,,,,,,,,,,,,,,,,,,"18,9 graus",30 graus,"28,1 graus",,,,,
kia,Sportage,sportage,sportage-ex-2-0-at-2009,sportage-ex-2-0-at-2009,https://www.fichacompleta.com.br/carros/kia/sportage-ex-2-0-at-2009,2026-06-18T12:30:15.389947,Kia Sportage EX 2.0 AT 2009,"14,5 s",177 km/h,Conversor de torque,Automático,4,Dianteira,Injeção multiponto,Natural,1975 cm³,4 em linha,Beta,Duplo no cabeçote,"93,5 mm",82 mm,Transversal,Dianteiro,"11,5 kg/cv","87,0 kg/kgfm","71,9 cv/litro",142 cv,"10,1:1",6000 rpm,4500 rpm,"9,5 kgfm/litro","18,8 kgfm",4,1695 mm,202 mm,1540 mm,1540 mm,505 kg,4350 mm,2630 mm,1800 mm,1635 kg,667 litros,58 litros,140 mm,Disco ventilado,Tambor,Hidráulica,"10,8 m","Indep., McPherson",Mola helicoidal,"Indep., multibraço",,,,,,,,,,,,,,,,,Correia dentada,,Admissão,,,,,592 km,516 km,"10,2 km/l","8,9 km/l",,,Mecânicos,,,,,,,,,,,,,,,,,,,,,,,,,,"18,9 graus",30 graus,"28,1 graus",,,,,
kia,Sportage,sportage,sportage-ex-2-7-v6-4x4-at-2009,sportage-ex-2-7-v6-4x4-at-2009,https://www.fichacompleta.com.br/carros/kia/sportage-ex-2-7-v6-4x4-at-2009,2026-06-18T12:30:19.616658,Kia Sportage EX 2.7 V6 4x4 AT 2009,"13,3 s",180 km/h,,Automático,,Integral sob demanda,Injeção multiponto,Natural,2656 cm³,6 em V,Delta,Duplo no cabeçote,,,Transversal,Dianteiro,"10,0 kg/cv","70,9 kg/kgfm","65,9 cv/litro",175 cv a 6000 rpm,10:1,,,"9,3 kgfm/litro","24,6 kgfm a 4000 rpm",4,1695 mm,,1540 mm,1540 mm,427 kg,4350 mm,2630 mm,1800 mm,1743 kg,667 litros,65 litros,141 mm,Disco ventilado,Disco sólido,Hidráulica,,"Independente, McPherson",Mola helicoidal,"Independente, multibraço",,,,,4,"10,8 m",,,,,75 mm,"86,7 mm",,,,,,,,,,,,631 km,449 km,"9,7 km/l","6,9 km/l",,,,,,,,,,,,,,,,,,,,,,,,,,,,,,"29,4 graus","28,5 graus",,,,,
kia,Sportage,sportage,sportage-lx-2-0-2009,sportage-lx-2-0-2009,https://www.fichacompleta.com.br/carros/kia/sportage-lx-2-0-2009,2026-06-18T12:30:23.733387,Kia Sportage LX 2.0 2009,13 s,182 km/h,Embreagem monodisco a seco,Manual,5,Dianteira,Injeção multiponto,Natural,1975 cm³,4 em linha,Beta,Duplo no cabeçote,"93,5 mm",82 mm,Transversal,Dianteiro,"11,4 kg/cv","86,2 kg/kgfm","71,9 cv/litro",142 cv,"10,1:1",6000 rpm,4500 rpm,"9,5 kgfm/litro","18,8 kgfm",4,1695 mm,202 mm,1540 mm,1540 mm,519 kg,4350 mm,2630 mm,1800 mm,1621 kg,667 litros,58 litros,140 mm,Disco ventilado,Tambor,Hidráulica,"10,8 m","Indep., McPherson",Mola helicoidal,"Indep., multibraço",,,,,,,,,,,,,,,,,Correia dentada,,Admissão,,,,,638 km,522 km,11 km/l,9 km/l,,,Mecânicos,,,,,,,,,,,,,,,,,,,,,,,,,,"18,9 graus",30 graus,"28,1 graus",,,,,
kia,Sportage,sportage,sportage-lx-2-0-4x4-2009,sportage-lx-2-0-4x4-2009,https://www.fichacompleta.com.br/carros/kia/sportage-lx-2-0-4x4-2009,2026-06-18T12:30:26.452168,Kia Sportage LX 2.0 4x4 2009,"13,5 s",180 km/h,Embreagem monodisco a seco,Manual,5,Integral sob demanda,Injeção multiponto,Natural,1975 cm³,4 em linha,Beta,Duplo no cabeçote,"93,5 mm",82 mm,Transversal,Dianteiro,"11,5 kg/cv","87,2 kg/kgfm","71,9 cv/litro",142 cv,"10,1:1",6000 rpm,4500 rpm,"9,5 kgfm/litro","18,8 kgfm",4,1695 mm,202 mm,1540 mm,1540 mm,500 kg,4350 mm,2630 mm,1800 mm,1640 kg,667 litros,58 litros,140 mm,Disco ventilado,Tambor,Hidráulica,"10,8 m","Indep., McPherson",Mola helicoidal,"Indep., multibraço",,,,,,,,,,,,,,,,,Correia dentada,,Admissão,,,,,609 km,493 km,"10,5 km/l","8,5 km/l",,,Mecânicos,,,,,,,,,,,,,,,,,,,,,,,,,,"18,9 graus",30 graus,"28,1 graus",,,,,
kia,Sportage,sportage,sportage-ex-2-0-2010,sportage-ex-2-0-2010,https://www.fichacompleta.com.br/carros/kia/sportage-ex-2-0-2010,2026-06-18T12:30:29.277069,Kia Sportage EX 2.0 2010,13 s,182 km/h,Embreagem monodisco a seco,Manual,,Dianteira,Injeção multiponto,Natural,1975 cm³,4 em linha,Beta,"Duplo no cabeçote, correia dentada","93,5 mm",82 mm,Transversal,Dianteiro,"11,4 kg/cv","86,2 kg/kgfm","71,9 cv/litro",142 cv a 6000 rpm,"10,1:1",,,"9,5 kgfm/litro","18,8 kgfm a 4500 rpm",4,1695 mm,202 mm,1540 mm,1540 mm,519 kg,4350 mm,2630 mm,1800 mm,1621 kg,667 litros,58 litros,140 mm,Disco ventilado,Tambor,Hidráulica,,"Independente, McPherson",Mola helicoidal,"Independente, multibraço",,,,,5,"10,8 m",,,,,,,,,,,,,Admissão,,,,,638 km,522 km,11 km/l,9 km/l,,,Mecânicos,,,,,,,,,,,,,,,,,,,,,,,,,,"18,9 graus",30 graus,"28,1 graus",,,,,
kia,Sportage,sportage,sportage-ex-2-0-at-2010,sportage-ex-2-0-at-2010,https://www.fichacompleta.com.br/carros/kia/sportage-ex-2-0-at-2010,2026-06-18T12:30:33.125842,Kia Sportage EX 2.0 AT 2010,"14,5 s",177 km/h,Conversor de torque,Automático,,Dianteira,Injeção multiponto,Natural,1975 cm³,4 em linha,Beta,"Duplo no cabeçote, correia dentada","93,5 mm",82 mm,Transversal,Dianteiro,"11,5 kg/cv","87,0 kg/kgfm","71,9 cv/litro",142 cv a 6000 rpm,"10,1:1",,,"9,5 kgfm/litro","18,8 kgfm a 4500 rpm",4,1695 mm,202 mm,1540 mm,1540 mm,505 kg,4350 mm,2630 mm,1800 mm,1635 kg,667 litros,58 litros,140 mm,Disco ventilado,Tambor,Hidráulica,,"Independente, McPherson",Mola helicoidal,"Independente, multibraço",,,,,4,"10,8 m",,,,,,,,,,,,,Admissão,,,,,592 km,516 km,"10,2 km/l","8,9 km/l",,,Mecânicos,,,,,,,,,,,,,,,,,,,,,,,,,,"18,9 graus",30 graus,"28,1 graus",,,,,
kia,Sportage,sportage,sportage-ex-2-7-v6-4x4-at-2010,sportage-ex-2-7-v6-4x4-at-2010,https://www.fichacompleta.com.br/carros/kia/sportage-ex-2-7-v6-4x4-at-2010,2026-06-18T12:30:36.144143,Kia Sportage EX 2.7 V6 4x4 AT 2010,"13,3 s",180 km/h,Conversor de torque,Automático,,Integral sob demanda,Injeção multiponto,Natural,2656 cm³,6 em V,Delta,Duplo no cabeçote,75 mm,"86,7 mm",Transversal,Dianteiro,"10,0 kg/cv","70,9 kg/kgfm","65,9 cv/litro",175 cv a 6000 rpm,10:1,,,"9,3 kgfm/litro","24,6 kgfm a 4000 rpm",4,1695 mm,202 mm,1540 mm,1540 mm,427 kg,4350 mm,2630 mm,1800 mm,1743 kg,667 litros,65 litros,141 mm,Disco ventilado,Disco sólido,Hidráulica,,"Independente, McPherson",Mola helicoidal,"Independente, multibraço",,,,,4,"10,8 m",,,,,,,,,,,,,,,,,,631 km,449 km,"9,7 km/l","6,9 km/l",,,,,,,,,,,,,,,,,,,,,,,,,,,,,"18,8 graus","29,4 graus","28,5 graus",,,,,
kia,Sportage,sportage,sportage-lx-2-0-2010,sportage-lx-2-0-2010,https://www.fichacompleta.com.br/carros/kia/sportage-lx-2-0-2010,2026-06-18T12:30:40.471487,Kia Sportage LX 2.0 2010,13 s,182 km/h,Embreagem monodisco a seco,Manual,,Dianteira,Injeção multiponto,Natural,1975 cm³,4 em linha,Beta,"Duplo no cabeçote, correia dentada","93,5 mm",82 mm,Transversal,Dianteiro,"11,4 kg/cv","86,2 kg/kgfm","71,9 cv/litro",142 cv a 6000 rpm,"10,1:1",,,"9,5 kgfm/litro","18,8 kgfm a 4500 rpm",4,1695 mm,202 mm,1540 mm,1540 mm,519 kg,4350 mm,2630 mm,1800 mm,1621 kg,667 litros,58 litros,140 mm,Disco ventilado,Tambor,Hidráulica,,"Independente, McPherson",Mola helicoidal,"Independente, multibraço",,,,,5,"10,8 m",,,,,,,,,,,,,Admissão,,,,,638 km,522 km,11 km/l,9 km/l,,,Mecânicos,,,,,,,,,,,,,,,,,,,,,,,,,,"18,9 graus",30 graus,"28,1 graus",,,,,
kia,Sportage,sportage,sportage-lx-2-0-4x4-2010,sportage-lx-2-0-4x4-2010,https://www.fichacompleta.com.br/carros/kia/sportage-lx-2-0-4x4-2010,2026-06-18T12:30:44.464644,Kia Sportage LX 2.0 4x4 2010,"13,5 s",180 km/h,Embreagem monodisco a seco,Manual,5,Integral sob demanda,Injeção multiponto,Natural,1975 cm³,4 em linha,Beta,Duplo no cabeçote,"93,5 mm",82 mm,Transversal,Dianteiro,"11,5 kg/cv","87,2 kg/kgfm","71,9 cv/litro",,"10,1:1",,,"9,5 kgfm/litro",,4,1695 mm,202 mm,1540 mm,1540 mm,500 kg,4350 mm,2630 mm,1800 mm,1640 kg,667 litros,58 litros,140 mm,Disco ventilado,Tambor,Hidráulica,"10,8 m","Indep., McPherson",Mola helicoidal,"Indep., multibraço",,,,,,,142 cv,6000 rpm,4500 rpm,"18,8 kgfm",,,,,,,Correia dentada,,Admissão,,,,,609 km,493 km,"10,5 km/l","8,5 km/l",,,Mecânicos,,,,,,,,,,,,,,,,,,,,,,,,,,"18,9 graus",30 graus,"28,1 graus",,,,,
kia,Sportage,sportage,sportage-ex-2-0-4x4-at-2011,sportage-ex-2-0-4x4-at-2011,https://www.fichacompleta.com.br/carros/kia/sportage-ex-2-0-4x4-at-2011,2026-06-18T12:30:48.204838,Kia Sportage EX 2.0 4x4 AT 2011,"11,2 s",180 km/h,Conversor de torque,Automático,6,Integral sob demanda,Injeção multiponto,Natural,1998 cm³,4 em linha,Theta,Duplo no cabeçote,86 mm,86 mm,Transversal,Dianteiro,"9,5 kg/cv","78,4 kg/kgfm","83,1 cv/litro",166 cv,"10,5:1",,,"10,1 kgfm/litro","20,1 kgfm",4,1645 mm,172 mm,1618 mm,1601 mm,450 kg,4440 mm,2640 mm,1855 mm,1576 kg,465 litros,58 litros,129 mm,Disco ventilado,Disco sólido,Hidráulica,"10,6 m","Indep., McPherson",Mola helicoidal,"Indep., multibraço",,,,,6,"10,6 m",,6200 rpm,4600 rpm,,,,,,,,Corrente,,Admissão,"2,59 m²","0,907 m²","0,35","0,35",650 km,516 km,"11,2 km/l","8,9 km/l",,,Mecânicos,,,,,,,,,,,,,,,,,,,,,,,,,,"17,7 graus","28,1 graus","28,2 graus",,,,,
kia,Sportage,sportage,sportage-ex-2-0-at-2011,sportage-ex-2-0-at-2011,https://www.fichacompleta.com.br/carros/kia/sportage-ex-2-0-at-2011,2026-06-18T12:30:53.032673,Kia Sportage EX 2.0 AT 2011,"12,1 s",184 km/h,Conversor de torque,Automático,,Dianteira,Injeção multiponto,Natural,1998 cm³,4 em linha,Theta,"Duplo no cabeçote, corrente",86 mm,86 mm,Transversal,Dianteiro,"9,0 kg/cv","74,6 kg/kgfm","83,1 cv/litro",166 cv a 6200 rpm,"10,5:1",,,"10,1 kgfm/litro","20,1 kgfm a 4600 rpm",4,1645 mm,172 mm,1572 mm,1574 mm,,4445 mm,2640 mm,1855 mm,1500 kg,564 litros,55 litros,129 mm,Disco ventilado,Disco sólido,Hidráulica,,"Independente, McPherson",Mola helicoidal,"Independente, multibraço",,,,,6,"10,6 m",,,,,,,,,,,,,Admissão,"2,59 m²","0,907 m²",,"0,35",633 km,451 km,"11,5 km/l","8,2 km/l",,,Mecânicos,,,,,,,,,,,,,,,,,,,,,,,,,,"17,7 graus","28,1 graus","28,2 graus",,,,,
kia,Sportage,sportage,sportage-lx-2-0-2011,sportage-lx-2-0-2011,https://www.fichacompleta.com.br/carros/kia/sportage-lx-2-0-2011,2026-06-18T12:30:56.894211,Kia Sportage LX 2.0 2011,"11,8 s",185 km/h,Embreagem monodisco a seco,Manual,,Dianteira,Injeção multiponto,Natural,1998 cm³,4 em linha,Theta,"Duplo no cabeçote, corrente",86 mm,86 mm,Transversal,Dianteiro,"8,4 kg/cv","69,6 kg/kgfm","83,1 cv/litro",166 cv a 6200 rpm,"10,5:1",,,"10,1 kgfm/litro","20,1 kgfm a 4600 rpm",4,1645 mm,172 mm,1572 mm,1574 mm,,4445 mm,2640 mm,1855 mm,1399 kg,564 litros,55 litros,151 mm,Disco ventilado,Tambor,Hidráulica,,"Independente, McPherson",Mola helicoidal,"Independente, multibraço",,,,,5,"10,6 m",,,,,,,,,,,,,Admissão,"2,59 m²","0,907 m²",,"0,35",638 km,468 km,"11,6 km/l","8,5 km/l",,,Mecânicos,,,,,,,,,,,,,,,,,,,,,,,,,,"17,7 graus","28,1 graus","28,2 graus",,,,,
kia,Sportage,sportage,sportage-lx-2-0-at-2011,sportage-lx-2-0-at-2011,https://www.fichacompleta.com.br/carros/kia/sportage-lx-2-0-at-2011,2026-06-18T12:31:00.602358,Kia Sportage LX 2.0 AT 2011,"12,1 s",184 km/h,Conversor de torque,Automático,6,Dianteira,Injeção multiponto,Natural,1998 cm³,4 em linha,Theta,Duplo no cabeçote,86 mm,86 mm,Transversal,Dianteiro,"9,0 kg/cv","74,6 kg/kgfm","83,1 cv/litro",166 cv,"10,5:1",,,"10,1 kgfm/litro","20,1 kgfm",4,1645 mm,172 mm,1572 mm,1574 mm,,4445 mm,2640 mm,1855 mm,1500 kg,564 litros,55 litros,151 mm,Disco ventilado,Tambor,Hidráulica,"10,6 m","Indep., McPherson",Mola helicoidal,"Indep., multibraço",,,,,6,"10,6 m",,6200 rpm,4600 rpm,,,,,,,,Corrente,,Admissão,"2,59 m²","0,907 m²","0,35","0,35",633 km,451 km,"11,5 km/l","8,2 km/l",,,Mecânicos,,,,,,,,,,,,,,,,,,,,,,,,,,"17,7 graus","28,1 graus","28,2 graus",,,,,
kia,Sportage,sportage,sportage-ex-2-0-4x4-at-2012,sportage-ex-2-0-4x4-at-2012,https://www.fichacompleta.com.br/carros/kia/sportage-ex-2-0-4x4-at-2012,2026-06-18T12:31:03.905798,Kia Sportage EX 2.0 4x4 AT 2012,"12,3 s",180 km/h,Conversor de torque,Automático,,Integral sob demanda,Injeção multiponto,Natural,1999 cm³,4 em linha,Nu,"Duplo no cabeçote, corrente",97 mm,81 mm,Transversal,Dianteiro,"8,0 kg/cv","66,2 kg/kgfm","89,0 cv/litro",178 cv (A) 169 cv (G) a 6200 rpm,"12,5:1",,,"10,7 kgfm/litro","21,4 kgfm (A) 20 kgfm (G) a 4700 rpm",4,1645 mm,172 mm,1572 mm,1574 mm,563 kg,4445 mm,2640 mm,1855 mm,1417 kg,564 litros,58 litros,129 mm,Disco ventilado,Disco sólido,Elétrica,,"Independente, McPherson",Mola helicoidal,"Independente, multibraço",,,,,6,"9,8 m",,,,,,,,,,,,,Admissão e escape,"2,59 m²","0,907 m²",,"0,35",638 km,505 km,11 km/l,"8,7 km/l",,,Hidráulicos,,,,,,,,,,418 km,336 km,"7,2 km/l","5,8 km/l",6500 rpm,,,,,,,,,,,,"17,7 graus","28,1 graus","28,2 graus",,,,,
kia,Sportage,sportage,sportage-ex-2-0-at-2012,sportage-ex-2-0-at-2012,https://www.fichacompleta.com.br/carros/kia/sportage-ex-2-0-at-2012,2026-06-18T12:31:08.942638,Kia Sportage EX 2.0 AT 2012,"12,2 s",184 km/h,Conversor de torque,Automático,,Dianteira,Injeção multiponto,Natural,1999 cm³,4 em linha,Nu,"Duplo no cabeçote, corrente",97 mm,81 mm,Transversal,Dianteiro,"8,0 kg/cv","66,2 kg/kgfm","89,0 cv/litro",178 cv (A) 169 cv (G) a 6200 rpm,"12,5:1",,,"10,7 kgfm/litro","21,4 kgfm (A) 20 kgfm (G) a 4700 rpm",4,1645 mm,172 mm,1572 mm,1574 mm,563 kg,4445 mm,2640 mm,1855 mm,1417 kg,564 litros,58 litros,129 mm,Disco ventilado,Disco sólido,Elétrica,,"Independente, McPherson",Mola helicoidal,"Independente, multibraço",,,,,6,"9,8 m",,,,,,,,,,,,,Admissão e escape,"2,59 m²","0,907 m²",,"0,35",650 km,516 km,"11,2 km/l","8,9 km/l",,,Hidráulicos,,,,,,,,,,429 km,348 km,"7,4 km/l",6 km/l,6500 rpm,,,,,,,,,,,,"17,7 graus","28,1 graus","28,2 graus",,,,,
kia,Sportage,sportage,sportage-lx-2-0-2012,sportage-lx-2-0-2012,https://www.fichacompleta.com.br/carros/kia/sportage-lx-2-0-2012,2026-06-18T12:31:13.883354,Kia Sportage LX 2.0 2012,"11,8 s",185 km/h,Embreagem monodisco a seco,Manual,6,Dianteira,Injeção multiponto,Natural,1999 cm³,4 em linha,Nu,Duplo no cabeçote,97 mm,81 mm,Transversal,Dianteiro,"7,9 kg/cv","65,4 kg/kgfm","89,0 cv/litro",178 cv (A) 169 cv (G) a 6200 rpm,"12,5:1",,,"10,7 kgfm/litro","21,4 kgfm (A) 20 kgfm (G) a 4700 rpm",4,1645 mm,172 mm,1572 mm,1574 mm,581 kg,4445 mm,2640 mm,1855 mm,1399 kg,564 litros,58 litros,129 mm,Disco ventilado,Disco sólido,Elétrica,"9,8 m","Indep., McPherson",Mola helicoidal,"Indep., multibraço",,,,,6,"9,8 m",,6200 rpm,4700 rpm,,,,,,,,Corrente,,Admissão e escape,"2,59 m²","0,907 m²","0,35","0,35",597 km,493 km,"10,3 km/l","8,5 km/l",,,Hidráulicos,,,,,,178 cv,169 cv,"21,4 kgfm",20 kgfm,400 km,336 km,"6,9 km/l","5,8 km/l",6500 rpm,,,,,,,,,,,,"17,7 graus","28,1 graus","28,2 graus",,,,,
kia,Sportage,sportage,sportage-lx-2-0-at-2012,sportage-lx-2-0-at-2012,https://www.fichacompleta.com.br/carros/kia/sportage-lx-2-0-at-2012,2026-06-18T12:31:17.106502,Kia Sportage LX 2.0 AT 2012,"12,2 s",184 km/h,Conversor de torque,Automático,6,Dianteira,Injeção multiponto,Natural,1999 cm³,4 em linha,Nu,Duplo no cabeçote,97 mm,81 mm,Transversal,Dianteiro,"8,0 kg/cv","66,2 kg/kgfm","89,0 cv/litro",178 cv (A) 169 cv (G) a 6200 rpm,"12,5:1",,,"10,7 kgfm/litro","21,4 kgfm (A) 20 kgfm (G) a 4700 rpm",4,1645 mm,172 mm,1572 mm,1574 mm,563 kg,4445 mm,2640 mm,1855 mm,1417 kg,564 litros,58 litros,129 mm,Disco ventilado,Disco sólido,Elétrica,"9,8 m","Indep., McPherson",Mola helicoidal,"Indep., multibraço",,,,,6,"9,8 m",,6200 rpm,4700 rpm,,,,,,,,Corrente,,Admissão e escape,"2,59 m²","0,907 m²","0,35","0,35",650 km,516 km,"11,2 km/l","8,9 km/l",,,Hidráulicos,,,,,,178 cv,169 cv,"21,4 kgfm",20 kgfm,429 km,348 km,"7,4 km/l",6 km/l,6500 rpm,,,,,,,,,,,,"17,7 graus","28,1 graus","28,2 graus",,,,,
kia,Sportage,sportage,sportage-ex-2-0-at-2013,sportage-ex-2-0-at-2013,https://www.fichacompleta.com.br/carros/kia/sportage-ex-2-0-at-2013,2026-06-18T12:31:21.489158,Kia Sportage EX 2.0 AT 2013,"12,2 s",184 km/h,Conversor de torque,Automático,,Dianteira,Injeção multiponto,Natural,1999 cm³,4 em linha,Nu,"Duplo no cabeçote, corrente",97 mm,81 mm,Transversal,Dianteiro,"8,0 kg/cv","66,2 kg/kgfm","89,0 cv/litro",178 cv (A) 169 cv (G) a 6200 rpm,"12,5:1",,,"10,7 kgfm/litro","21,4 kgfm (A) 20 kgfm (G) a 4700 rpm",4,1645 mm,172 mm,1572 mm,1574 mm,563 kg,4445 mm,2640 mm,1855 mm,1417 kg,564 litros,58 litros,129 mm,Disco ventilado,Disco sólido,Elétrica,,"Independente, McPherson",Mola helicoidal,"Independente, multibraço",,,,,6,"9,8 m",,,,,,,,,,,,,Admissão e escape,"2,59 m²","0,907 m²",,"0,35",650 km,516 km,"11,2 km/l","8,9 km/l",,,Hidráulicos,,,,,,,,,,429 km,348 km,"7,4 km/l",6 km/l,6500 rpm,,,,,,,,,,,,"17,7 graus","28,1 graus","28,2 graus",,,,,
kia,Sportage,sportage,sportage-lx-2-0-2013,sportage-lx-2-0-2013,https://www.fichacompleta.com.br/carros/kia/sportage-lx-2-0-2013,2026-06-18T12:31:26.177775,Kia Sportage LX 2.0 2013,"11,8 s",185 km/h,Embreagem monodisco a seco,Manual,,Dianteira,Injeção multiponto,Natural,1999 cm³,4 em linha,Nu,"Duplo no cabeçote, corrente",97 mm,81 mm,Transversal,Dianteiro,"7,9 kg/cv","65,4 kg/kgfm","89,0 cv/litro",178 cv (A) 169 cv (G) a 6200 rpm,"12,5:1",,,"10,7 kgfm/litro","21,4 kgfm (A) 20 kgfm (G) a 4700 rpm",4,1645 mm,172 mm,1572 mm,1574 mm,581 kg,4445 mm,2640 mm,1855 mm,1399 kg,564 litros,58 litros,129 mm,Disco ventilado,Disco sólido,Elétrica,,"Independente, McPherson",Mola helicoidal,"Independente, multibraço",,,,,6,"9,8 m",,,,,,,,,,,,,Admissão e escape,"2,59 m²","0,907 m²",,"0,35",597 km,493 km,"10,3 km/l","8,5 km/l",,,Hidráulicos,,,,,,,,,,400 km,336 km,"6,9 km/l","5,8 km/l",6500 rpm,,,,,,,,,,,,"17,7 graus","28,1 graus","28,2 graus",,,,,
kia,Sportage,sportage,sportage-lx-2-0-4x4-at-2013,sportage-lx-2-0-4x4-at-2013,https://www.fichacompleta.com.br/carros/kia/sportage-lx-2-0-4x4-at-2013,2026-06-18T12:31:30.161558,Kia Sportage LX 2.0 4x4 AT 2013,"12,3 s",180 km/h,Conversor de torque,Automático,,Integral sob demanda,Injeção multiponto,Natural,1999 cm³,4 em linha,Nu,"Duplo no cabeçote, corrente",97 mm,81 mm,Transversal,Dianteiro,"8,0 kg/cv","66,2 kg/kgfm","89,0 cv/litro",178 cv (A) 169 cv (G) a 6200 rpm,"12,5:1",,,"10,7 kgfm/litro","21,4 kgfm (A) 20 kgfm (G) a 4700 rpm",4,1645 mm,172 mm,1572 mm,1574 mm,563 kg,4445 mm,2640 mm,1855 mm,1417 kg,564 litros,58 litros,129 mm,Disco ventilado,Disco sólido,Elétrica,,"Independente, McPherson",Mola helicoidal,"Independente, multibraço",,,,,6,"9,8 m",,,,,,,,,,,,,Admissão e escape,"2,59 m²","0,907 m²",,"0,35",638 km,505 km,11 km/l,"8,7 km/l",,,Hidráulicos,,,,,,,,,,418 km,336 km,"7,2 km/l","5,8 km/l",6500 rpm,,,,,,,,,,,,"17,7 graus","28,1 graus","28,2 graus",,,,,
kia,Sportage,sportage,sportage-lx-2-0-at-2013,sportage-lx-2-0-at-2013,https://www.fichacompleta.com.br/carros/kia/sportage-lx-2-0-at-2013,2026-06-18T12:31:35.083349,Kia Sportage LX 2.0 AT 2013,"12,2 s",184 km/h,Conversor de torque,Automático,,Dianteira,Injeção multiponto,Natural,1999 cm³,4 em linha,Nu,"Duplo no cabeçote, corrente",97 mm,81 mm,Transversal,Dianteiro,"8,0 kg/cv","66,2 kg/kgfm","89,0 cv/litro",178 cv (A) 169 cv (G) a 6200 rpm,"12,5:1",,,"10,7 kgfm/litro","21,4 kgfm (A) 20 kgfm (G) a 4700 rpm",4,1645 mm,172 mm,1572 mm,1574 mm,563 kg,4445 mm,2640 mm,1855 mm,1417 kg,564 litros,58 litros,129 mm,Disco ventilado,Disco sólido,Elétrica,,"Independente, McPherson",Mola helicoidal,"Independente, multibraço",,,,,6,"9,8 m",,,,,,,,,,,,,Admissão e escape,"2,59 m²","0,907 m²",,"0,35",650 km,516 km,"11,2 km/l","8,9 km/l",,,Hidráulicos,,,,,,,,,,429 km,348 km,"7,4 km/l",6 km/l,6500 rpm,,,,,,,,,,,,"17,7 graus","28,1 graus","28,2 graus",,,,,
kia,Sportage,sportage,sportage-ex-2-0-at-2014,sportage-ex-2-0-at-2014,https://www.fichacompleta.com.br/carros/kia/sportage-ex-2-0-at-2014,2026-06-18T12:31:59.090952,Kia Sportage EX 2.0 AT 2014,"12,2 s",184 km/h,Conversor de torque,Automático,,Dianteira,Injeção multiponto,Natural,1999 cm³,4 em linha,Nu,"Duplo no cabeçote, corrente",97 mm,81 mm,Transversal,Dianteiro,"8,0 kg/cv","66,2 kg/kgfm","89,0 cv/litro",178 cv (A) 169 cv (G) a 6200 rpm,"12,5:1",,,"10,7 kgfm/litro","21,4 kgfm (A) 20 kgfm (G) a 4700 rpm",4,1645 mm,172 mm,1572 mm,1574 mm,563 kg,4445 mm,2640 mm,1855 mm,1417 kg,564 litros,58 litros,129 mm,Disco ventilado,Disco sólido,Elétrica,,"Independente, McPherson",Mola helicoidal,"Independente, multibraço",,,,,6,"9,8 m",,,,,,,,,,,,,Admissão e escape,"2,59 m²","0,907 m²",,"0,35",650 km,516 km,"11,2 km/l","8,9 km/l",,,Hidráulicos,,,,,,,,,,429 km,348 km,"7,4 km/l",6 km/l,6500 rpm,,,,,,,,,,,,"17,7 graus","28,1 graus","28,2 graus",,,,,
kia,Sportage,sportage,sportage-lx-2-0-2014,sportage-lx-2-0-2014,https://www.fichacompleta.com.br/carros/kia/sportage-lx-2-0-2014,2026-06-18T12:32:03.610166,Kia Sportage LX 2.0 2014,"11,8 s",185 km/h,Embreagem monodisco a seco,Manual,6,Dianteira,Injeção multiponto,Natural,1999 cm³,4 em linha,Nu,Duplo no cabeçote,97 mm,81 mm,Transversal,Dianteiro,"7,9 kg/cv","65,4 kg/kgfm","89,0 cv/litro",,"12,5:1",6200 rpm,4700 rpm,"10,7 kgfm/litro",,4,1645 mm,172 mm,1572 mm,1574 mm,581 kg,4445 mm,2640 mm,1855 mm,1399 kg,564 litros,58 litros,129 mm,Disco ventilado,Disco sólido,Elétrica,"9,8 m","Indep., McPherson",Mola helicoidal,"Indep., multibraço",,,,,,,,,,,,,,,,,Corrente,,Admissão e escape,"2,59 m²","0,907 m²","0,35",,597 km,493 km,"10,3 km/l","8,5 km/l",,,Hidráulicos,,,,,,178 cv,169 cv,"21,4 kgfm",20 kgfm,400 km,336 km,"6,9 km/l","5,8 km/l",6500 rpm,,,,,,,,,,,,"17,7 graus","28,1 graus","28,2 graus",,,,,
kia,Sportage,sportage,sportage-lx-2-0-4x4-at-2014,sportage-lx-2-0-4x4-at-2014,https://www.fichacompleta.com.br/carros/kia/sportage-lx-2-0-4x4-at-2014,2026-06-18T12:32:06.580854,Kia Sportage LX 2.0 4x4 AT 2014,"12,3 s",180 km/h,Conversor de torque,Automático,6,Integral sob demanda,Injeção multiponto,Natural,1999 cm³,4 em linha,Nu,Duplo no cabeçote,97 mm,81 mm,Transversal,Dianteiro,"8,0 kg/cv","66,2 kg/kgfm","89,0 cv/litro",,"12,5:1",6200 rpm,4700 rpm,"10,7 kgfm/litro",,4,1645 mm,172 mm,1572 mm,1574 mm,563 kg,4445 mm,2640 mm,1855 mm,1417 kg,564 litros,58 litros,129 mm,Disco ventilado,Disco sólido,Elétrica,"9,8 m","Indep., McPherson",Mola helicoidal,"Indep., multibraço",,,,,,,,,,,,,,,,,Corrente,,Admissão e escape,"2,59 m²","0,907 m²","0,35",,638 km,505 km,11 km/l,"8,7 km/l",A6MF1,,Hidráulicos,,,,,,178 cv,169 cv,"21,4 kgfm",20 kgfm,418 km,336 km,"7,2 km/l","5,8 km/l",6500 rpm,,,,,,,,,,,,"17,7 graus","28,1 graus","28,2 graus",,,,,
kia,Sportage,sportage,sportage-lx-2-0-at-2014,sportage-lx-2-0-at-2014,https://www.fichacompleta.com.br/carros/kia/sportage-lx-2-0-at-2014,2026-06-18T12:32:09.544587,Kia Sportage LX 2.0 AT 2014,"12,2 s",184 km/h,Conversor de torque,Automático,,Dianteira,Injeção multiponto,Natural,1999 cm³,4 em linha,Nu,"Duplo no cabeçote, corrente",97 mm,81 mm,Transversal,Dianteiro,"8,0 kg/cv","66,2 kg/kgfm","89,0 cv/litro",178 cv (A) 169 cv (G) a 6200 rpm,"12,5:1",,,"10,7 kgfm/litro","21,4 kgfm (A) 20 kgfm (G) a 4700 rpm",4,1645 mm,172 mm,1572 mm,1574 mm,563 kg,4445 mm,2640 mm,1855 mm,1417 kg,564 litros,58 litros,129 mm,Disco ventilado,Disco sólido,Elétrica,,"Independente, McPherson",Mola helicoidal,"Independente, multibraço",,,,,6,"9,8 m",,,,,,,,,,,,,Admissão e escape,"2,59 m²","0,907 m²",,"0,35",650 km,516 km,"11,2 km/l","8,9 km/l",,,Hidráulicos,,,,,,,,,,429 km,348 km,"7,4 km/l",6 km/l,6500 rpm,,,,,,,,,,,,"17,7 graus","28,1 graus","28,2 graus",,,,,
kia,Sportage,sportage,sportage-ex-2-0-at-2015,sportage-ex-2-0-at-2015,https://www.fichacompleta.com.br/carros/kia/sportage-ex-2-0-at-2015,2026-06-18T12:32:13.314567,Kia Sportage EX 2.0 AT 2015,"12,2 s",184 km/h,Conversor de torque,Automático,,Dianteira,Injeção multiponto,Natural,1999 cm³,4 em linha,Nu,"Duplo no cabeçote, corrente",,,Transversal,Dianteiro,"8,0 kg/cv","65,0 kg/kgfm","89,0 cv/litro",178 cv (A) 169 cv (G) a 6200 rpm,"12,1:1",,,"10,9 kgfm/litro","21,8 kgfm (A) 20,4 kgfm (G) a 4700 rpm",4,1645 mm,172 mm,1572 mm,1574 mm,563 kg,4445 mm,2640 mm,1855 mm,1417 kg,564 litros,55 litros,129 mm,Disco ventilado,Disco sólido,Elétrica,,"Independente, McPherson",Mola helicoidal,"Independente, multibraço",,,,,6,"10,6 m",,,,,97 mm,81 mm,,,,,,,Admissão e escape,"2,59 m²","0,907 m²",,"0,35",622 km,501 km,"11,3 km/l","9,1 km/l",,,Hidráulicos,,,,,,,,,,424 km,347 km,"7,7 km/l","6,3 km/l",6500 rpm,,,,,,,,,,,,"17,7 graus","28,1 graus","28,2 graus",,,,,
kia,Sportage,sportage,sportage-lx-2-0-4x4-at-2015,sportage-lx-2-0-4x4-at-2015,https://www.fichacompleta.com.br/carros/kia/sportage-lx-2-0-4x4-at-2015,2026-06-18T12:32:16.936287,Kia Sportage LX 2.0 4x4 AT 2015,"12,5 s",180 km/h,Conversor de torque,Automático,,Integral sob demanda,Injeção multiponto,Natural,1999 cm³,4 em linha,Nu,"Duplo no cabeçote, corrente",,,Transversal,Dianteiro,"8,4 kg/cv","68,5 kg/kgfm","89,0 cv/litro",178 cv (A) 169 cv (G) a 6200 rpm,"12,1:1",,,"10,9 kgfm/litro","21,8 kgfm (A) 20,4 kgfm (G) a 4700 rpm",4,1645 mm,172 mm,1572 mm,1574 mm,537 kg,4445 mm,2640 mm,1855 mm,1493 kg,564 litros,55 litros,129 mm,Disco ventilado,Disco sólido,Elétrica,,"Independente, McPherson",Mola helicoidal,"Independente, multibraço",,,,,6,"10,6 m",,,,,97 mm,81 mm,,,,,,,Admissão e escape,"2,59 m²","0,907 m²",,"0,35",616 km,495 km,"11,2 km/l",9 km/l,,,Hidráulicos,,,,,,,,,,418 km,341 km,"7,6 km/l","6,2 km/l",6500 rpm,,,,,,,,,,,,"17,7 graus","28,1 graus","28,2 graus",,,,,
kia,Sportage,sportage,sportage-lx-2-0-at-2015,sportage-lx-2-0-at-2015,https://www.fichacompleta.com.br/carros/kia/sportage-lx-2-0-at-2015,2026-06-18T12:32:19.912025,Kia Sportage LX 2.0 AT 2015,"12,2 s",184 km/h,Conversor de torque,Automático,,Dianteira,Injeção multiponto,Natural,1999 cm³,4 em linha,Nu,"Duplo no cabeçote, corrente",97 mm,81 mm,Transversal,Dianteiro,"8,0 kg/cv","65,0 kg/kgfm","89,0 cv/litro",178 cv (A) 169 cv (G) a 6200 rpm,"12,1:1",,,"10,9 kgfm/litro","21,8 kgfm (A) 20,4 kgfm (G) a 4700 rpm",4,1645 mm,172 mm,1572 mm,1574 mm,563 kg,4445 mm,2640 mm,1855 mm,1417 kg,564 litros,55 litros,129 mm,Disco ventilado,Disco sólido,Elétrica,,"Independente, McPherson",Mola helicoidal,"Independente, multibraço",,,,,6,"10,6 m",,,,,,,,,,,,,Admissão e escape,"2,59 m²","0,907 m²",,"0,35",622 km,501 km,"11,3 km/l","9,1 km/l",,,Hidráulicos,,,,,,,,,,424 km,347 km,"7,7 km/l","6,3 km/l",6500 rpm,,,,,,,,,,,,"17,7 graus","28,1 graus","28,2 graus",,,,,
kia,Sportage,sportage,sportage-ex-2-0-at-2016,sportage-ex-2-0-at-2016,https://www.fichacompleta.com.br/carros/kia/sportage-ex-2-0-at-2016,2026-06-18T12:32:24.253488,Kia Sportage EX 2.0 AT 2016,"12,2 s",184 km/h,Conversor de torque,Automático,,Dianteira,Injeção multiponto,Natural,1999 cm³,4 em linha,Nu,"Duplo no cabeçote, corrente",97 mm,81 mm,Transversal,Dianteiro,"8,0 kg/cv","65,0 kg/kgfm","89,0 cv/litro",178 cv (A) 169 cv (G) a 6200 rpm,"12,1:1",,,"10,9 kgfm/litro","21,8 kgfm (A) 20,4 kgfm (G) a 4700 rpm",4,1645 mm,172 mm,1572 mm,1574 mm,563 kg,4445 mm,2640 mm,1855 mm,1417 kg,564 litros,55 litros,129 mm,Disco ventilado,Disco sólido,Elétrica,,"Independente, McPherson",Mola helicoidal,"Independente, multibraço",,,,,6,"10,6 m",,,,,,,,,,,,,Admissão e escape,"2,59 m²","0,907 m²",,"0,35",622 km,501 km,"11,3 km/l","9,1 km/l",,,Hidráulicos,,,,,,,,,,424 km,347 km,"7,7 km/l","6,3 km/l",6500 rpm,,,,,,,,,,,,"17,7 graus","28,1 graus","28,2 graus",,,,,
kia,Sportage,sportage,sportage-lx-2-0-4x4-at-2016,sportage-lx-2-0-4x4-at-2016,https://www.fichacompleta.com.br/carros/kia/sportage-lx-2-0-4x4-at-2016,2026-06-18T12:32:28.670205,Kia Sportage LX 2.0 4x4 AT 2016,"12,5 s",180 km/h,Conversor de torque,Automático,,Integral sob demanda,Injeção multiponto,Natural,1999 cm³,4 em linha,Nu,"Duplo no cabeçote, corrente",,,Transversal,Dianteiro,"8,4 kg/cv","68,5 kg/kgfm","89,0 cv/litro",178 cv (A) 169 cv (G) a 6200 rpm,"12,1:1",,,"10,9 kgfm/litro","21,8 kgfm (A) 20,4 kgfm (G) a 4700 rpm",4,1645 mm,172 mm,1572 mm,1574 mm,537 kg,4445 mm,2640 mm,1855 mm,1493 kg,564 litros,55 litros,129 mm,Disco ventilado,Disco sólido,Elétrica,,"Independente, McPherson",Mola helicoidal,"Independente, multibraço",,,,,6,"10,6 m",,,,,97 mm,81 mm,,,,,,,Admissão e escape,"2,59 m²","0,907 m²",,"0,35",616 km,495 km,"11,2 km/l",9 km/l,,,Hidráulicos,,,,,,,,,,418 km,341 km,"7,6 km/l","6,2 km/l",6500 rpm,,,,,,,,,,,,"17,7 graus","28,1 graus","28,2 graus",,,,,
kia,Sportage,sportage,sportage-lx-2-0-at-2016,sportage-lx-2-0-at-2016,https://www.fichacompleta.com.br/carros/kia/sportage-lx-2-0-at-2016,2026-06-18T12:32:32.430425,Kia Sportage LX 2.0 AT 2016,"12,2 s",184 km/h,Conversor de torque,Automático,,Dianteira,Injeção multiponto,Natural,1999 cm³,4 em linha,Nu,"Duplo no cabeçote, corrente",97 mm,81 mm,Transversal,Dianteiro,"8,0 kg/cv","65,0 kg/kgfm","89,0 cv/litro",178 cv (A) 169 cv (G) a 6200 rpm,"12,1:1",,,"10,9 kgfm/litro","21,8 kgfm (A) 20,4 kgfm (G) a 4700 rpm",4,1645 mm,172 mm,1572 mm,1574 mm,563 kg,4445 mm,2640 mm,1855 mm,1417 kg,564 litros,55 litros,129 mm,Disco ventilado,Disco sólido,Elétrica,,"Independente, McPherson",Mola helicoidal,"Independente, multibraço",,,,,6,"10,6 m",,,,,,,,,,,,,Admissão e escape,"2,59 m²","0,907 m²",,"0,35",622 km,501 km,"11,3 km/l","9,1 km/l",,,Hidráulicos,,,,,,,,,,424 km,347 km,"7,7 km/l","6,3 km/l",6500 rpm,,,,,,,,,,,,"17,7 graus","28,1 graus","28,2 graus",,,,,
kia,Sportage,sportage,sportage-ex-2-0-at-2017,sportage-ex-2-0-at-2017,https://www.fichacompleta.com.br/carros/kia/sportage-ex-2-0-at-2017,2026-06-18T12:32:36.571095,Kia Sportage EX 2.0 AT 2017,11 s,175 km/h,Conversor de torque,Automático,,Dianteira,Injeção multiponto,Natural,1999 cm³,4 em linha,Nu,"Duplo no cabeçote, corrente",97 mm,81 mm,Transversal,Dianteiro,"9,4 kg/cv","77,7 kg/kgfm","83,5 cv/litro",167 cv (A) 156 cv (G) a 6200 rpm,12:1,,,"10,1 kgfm/litro","20,2 kgfm (A) 18,8 kgfm (G) a 4700 rpm",4,1655 mm,182 mm,1612 mm,1625 mm,480 kg,4480 mm,2670 mm,1855 mm,1570 kg,503 litros,62 litros,110 mm,Disco ventilado,Disco sólido,Elétrica,,"Independente, McPherson",Mola helicoidal,"Independente, multibraço",,,,,6,"10,6 m",,,,,,,,,,,,,Admissão e escape,"2,61 m²","0,861 m²",,"0,33",682 km,539 km,11 km/l,"8,7 km/l",,,Hidráulicos,,,,,,,,,,465 km,372 km,"7,5 km/l",6 km/l,6500 rpm,,,,,,,,,,,,"19,5 graus","17,5 graus","24,6 graus",,,,,
kia,Sportage,sportage,sportage-lx-2-0-at-2017,sportage-lx-2-0-at-2017,https://www.fichacompleta.com.br/carros/kia/sportage-lx-2-0-at-2017,2026-06-18T12:32:40.869389,Kia Sportage LX 2.0 AT 2017,11 s,175 km/h,Conversor de torque,Automático,,Dianteira,Injeção multiponto,Natural,1999 cm³,4 em linha,Nu,"Duplo no cabeçote, corrente",97 mm,81 mm,Transversal,Dianteiro,"9,4 kg/cv","77,7 kg/kgfm","83,5 cv/litro",167 cv (A) 156 cv (G) a 6200 rpm,12:1,,,"10,1 kgfm/litro","20,2 kgfm (A) 18,8 kgfm (G) a 4700 rpm",4,1655 mm,182 mm,1612 mm,1625 mm,480 kg,4480 mm,2670 mm,1855 mm,1570 kg,503 litros,62 litros,135 mm,Disco ventilado,Disco sólido,Elétrica,,"Independente, McPherson",Mola helicoidal,"Independente, multibraço",,,,,6,"10,6 m",,,,,,,,,,,,,Admissão e escape,"2,61 m²","0,861 m²",,"0,33",682 km,539 km,11 km/l,"8,7 km/l",,,Hidráulicos,,,,,,,,,,465 km,372 km,"7,5 km/l",6 km/l,6500 rpm,,,,,,,,,,,,"19,5 graus","17,5 graus","24,6 graus",,,,,
kia,Sportage,sportage,sportage-ex-2-0-at-2018,sportage-ex-2-0-at-2018,https://www.fichacompleta.com.br/carros/kia/sportage-ex-2-0-at-2018,2026-06-18T12:32:45.497449,Kia Sportage EX 2.0 AT 2018,11 s,175 km/h,Conversor de torque,Automático,,Dianteira,Injeção multiponto,Natural,1999 cm³,4 em linha,Nu,"Duplo no cabeçote, corrente",97 mm,81 mm,Transversal,Dianteiro,"9,4 kg/cv","77,7 kg/kgfm","83,5 cv/litro",167 cv (A) 156 cv (G) a 6200 rpm,12:1,,,"10,1 kgfm/litro","20,2 kgfm (A) 18,8 kgfm (G) a 4700 rpm",4,1655 mm,182 mm,1612 mm,1625 mm,480 kg,4480 mm,2670 mm,1855 mm,1570 kg,503 litros,62 litros,110 mm,Disco ventilado,Disco sólido,Elétrica,,"Independente, McPherson",Mola helicoidal,"Independente, multibraço",,,,,6,"10,6 m",,,,,,,,,,,,,Admissão e escape,"2,61 m²","0,861 m²",,"0,33",682 km,539 km,11 km/l,"8,7 km/l",,,Hidráulicos,,,,,,,,,,465 km,372 km,"7,5 km/l",6 km/l,6500 rpm,,,,,,,,,,,,"19,5 graus","17,5 graus","24,6 graus",,,,,
kia,Sportage,sportage,sportage-lx-2-0-at-2018,sportage-lx-2-0-at-2018,https://www.fichacompleta.com.br/carros/kia/sportage-lx-2-0-at-2018,2026-06-18T12:32:50.152586,Kia Sportage LX 2.0 AT 2018,11 s,175 km/h,Conversor de torque,Automático,,Dianteira,Injeção multiponto,Natural,1999 cm³,4 em linha,Nu,"Duplo no cabeçote, corrente",97 mm,81 mm,Transversal,Dianteiro,"9,4 kg/cv","77,7 kg/kgfm","83,5 cv/litro",167 cv (A) 156 cv (G) a 6200 rpm,12:1,,,"10,1 kgfm/litro","20,2 kgfm (A) 18,8 kgfm (G) a 4700 rpm",4,1655 mm,182 mm,1612 mm,1625 mm,480 kg,4480 mm,2670 mm,1855 mm,1570 kg,503 litros,62 litros,135 mm,Disco ventilado,Disco sólido,Elétrica,,"Independente, McPherson",Mola helicoidal,"Independente, multibraço",,,,,6,"10,6 m",,,,,,,,,,,,,Admissão e escape,"2,61 m²","0,861 m²",,"0,33",682 km,539 km,11 km/l,"8,7 km/l",,,Hidráulicos,,,,,,,,,,465 km,372 km,"7,5 km/l",6 km/l,6500 rpm,,,,,,,,,,,,"19,5 graus","17,5 graus","24,6 graus",,,,,
kia,Sportage,sportage,sportage-ex-2-0-at-2019-flex-alcool-gasolina,sportage-ex-2-0-at-2019-flex-alcool-gasolina,https://www.fichacompleta.com.br/carros/kia/sportage-ex-2-0-at-2019-flex-alcool-gasolina,2026-06-18T12:32:52.945876,Kia Sportage EX 2.0 AT 2019,11 s,175 km/h,Conversor de torque,Automático,,Dianteira,Injeção multiponto,Natural,1999 cm³,4 em linha,Nu,"Duplo no cabeçote, corrente",97 mm,81 mm,Transversal,Dianteiro,"9,4 kg/cv","76,2 kg/kgfm","83,5 cv/litro",167 cv (A) 156 cv (G) a 6200 rpm,12:1,,,"10,3 kgfm/litro","20,6 kgfm (A) 19,2 kgfm (G) a 4700 rpm",4,1655 mm,182 mm,1612 mm,1625 mm,480 kg,4480 mm,2670 mm,1855 mm,1570 kg,503 litros,62 litros,110 mm,Disco ventilado,Disco sólido,Elétrica,,"Independente, McPherson",Mola helicoidal,"Independente, multibraço",,,,,6,"10,6 m",,,,,,,,,,,,,Admissão e escape,"2,61 m²","0,861 m²",,"0,33",657 km,533 km,"10,6 km/l","8,6 km/l",,,Hidráulicos,,,,,,,,,,465 km,372 km,"7,5 km/l",6 km/l,6500 rpm,,,,,,,,,,,,"19,5 graus","17,5 graus","24,6 graus",,,,,
kia,Sportage,sportage,sportage-ex-2-0-at-2019-flex,sportage-ex-2-0-at-2019-flex,https://www.fichacompleta.com.br/carros/kia/sportage-ex-2-0-at-2019-flex,2026-06-18T12:32:56.991589,Kia Sportage EX 2.0 AT 2019,11 s,175 km/h,Conversor de torque,Automático,,Dianteira,Injeção multiponto,Natural,1999 cm³,4 em linha,Nu,"Duplo no cabeçote, corrente",97 mm,81 mm,Transversal,Dianteiro,"9,4 kg/cv","76,2 kg/kgfm","83,5 cv/litro",167 cv (A) 156 cv (G) a 6200 rpm,12:1,,,"10,3 kgfm/litro","20,6 kgfm (A) 19,2 kgfm (G) a 4700 rpm",4,1655 mm,182 mm,1612 mm,1625 mm,480 kg,4480 mm,2670 mm,1855 mm,1570 kg,503 litros,62 litros,110 mm,Disco ventilado,Disco sólido,Elétrica,,"Independente, McPherson",Mola helicoidal,"Independente, multibraço",,,,,6,"10,6 m",,,,,,,,,,,,,Admissão e escape,"2,61 m²","0,861 m²",,"0,33",657 km,533 km,"10,6 km/l","8,6 km/l",,,Hidráulicos,,,,,,,,,,465 km,372 km,"7,5 km/l",6 km/l,6500 rpm,,,,,,,,,,,,"19,5 graus","17,5 graus","24,6 graus",,,,,
kia,Sportage,sportage,sportage-ex-2-0-at-2019,sportage-ex-2-0-at-2019,https://www.fichacompleta.com.br/carros/kia/sportage-ex-2-0-at-2019,2026-06-18T12:32:59.585472,Kia Sportage EX 2.0 AT 2019,11 s,175 km/h,Conversor de torque,Automático,,Dianteira,Injeção multiponto,Natural,1999 cm³,4 em linha,Nu,"Duplo no cabeçote, corrente",97 mm,81 mm,Transversal,Dianteiro,"9,4 kg/cv","76,2 kg/kgfm","83,5 cv/litro",167 cv (A) 156 cv (G) a 6200 rpm,12:1,,,"10,3 kgfm/litro","20,6 kgfm (A) 19,2 kgfm (G) a 4700 rpm",4,1655 mm,182 mm,1612 mm,1625 mm,480 kg,4480 mm,2670 mm,1855 mm,1570 kg,503 litros,62 litros,110 mm,Disco ventilado,Disco sólido,Elétrica,,"Independente, McPherson",Mola helicoidal,"Independente, multibraço",,,,,6,"10,6 m",,,,,,,,,,,,,Admissão e escape,"2,61 m²","0,861 m²",,"0,33",657 km,533 km,"10,6 km/l","8,6 km/l",,,Hidráulicos,,,,,,,,,,465 km,372 km,"7,5 km/l",6 km/l,6500 rpm,,,,,,,,,,,,"19,5 graus","17,5 graus","24,6 graus",,,,,
kia,Sportage,sportage,sportage-lx-2-0-at-2019,sportage-lx-2-0-at-2019,https://www.fichacompleta.com.br/carros/kia/sportage-lx-2-0-at-2019,2026-06-18T12:33:03.961043,Kia Sportage LX 2.0 AT 2019,11 s,175 km/h,Conversor de torque,Automático,,Dianteira,Injeção multiponto,Natural,1999 cm³,4 em linha,Nu,"Duplo no cabeçote, corrente",97 mm,81 mm,Transversal,Dianteiro,"9,4 kg/cv","76,2 kg/kgfm","83,5 cv/litro",167 cv (A) 156 cv (G) a 6200 rpm,12:1,,,"10,3 kgfm/litro","20,6 kgfm (A) 19,2 kgfm (G) a 4700 rpm",4,1655 mm,182 mm,1612 mm,1625 mm,480 kg,4480 mm,2670 mm,1855 mm,1570 kg,503 litros,62 litros,124 mm,Disco ventilado,Disco sólido,Elétrica,,"Independente, McPherson",Mola helicoidal,"Independente, multibraço",,,,,6,"10,6 m",,,,,,,,,,,,,Admissão e escape,"2,61 m²","0,861 m²",,"0,33",657 km,533 km,"10,6 km/l","8,6 km/l",,,Hidráulicos,,,,,,,,,,465 km,372 km,"7,5 km/l",6 km/l,6500 rpm,,,,,,,,,,,,"19,5 graus","17,5 graus","24,6 graus",,,,,
kia,Sportage,sportage,sportage-ex-2-0-at-2020,sportage-ex-2-0-at-2020,https://www.fichacompleta.com.br/carros/kia/sportage-ex-2-0-at-2020,2026-06-18T12:33:06.572589,Kia Sportage EX 2.0 AT 2020,11 s,175 km/h,Conversor de torque,Automático,6,Dianteira,Injeção multiponto,Natural,1999 cm³,4 em linha,Nu,Duplo no cabeçote,97 mm,81 mm,Transversal,Dianteiro,"9,4 kg/cv","76,2 kg/kgfm","83,5 cv/litro",,12:1,6200 rpm,4700 rpm,"10,3 kgfm/litro",,4,1655 mm,182 mm,1612 mm,1625 mm,480 kg,4480 mm,2670 mm,1855 mm,1570 kg,503 litros,62 litros,110 mm,Disco ventilado,Disco sólido,Elétrica,"10,6 m","Indep., McPherson",Mola helicoidal,"Indep., multibraço",,,,,,,,,,,,,,,,,Corrente,,Admissão e escape,"2,61 m²","0,861 m²","0,33",,707 km,546 km,"11,4 km/l","8,8 km/l",A6MF1,,Hidráulicos,,,,,,167 cv,156 cv,"20,6 kgfm","19,2 kgfm",490 km,378 km,"7,9 km/l","6,1 km/l",6500 rpm,,,,,,,,,,,,"19,5 graus","17,5 graus","24,6 graus",,,,,
kia,Sportage,sportage,sportage-lx-2-0-at-2020,sportage-lx-2-0-at-2020,https://www.fichacompleta.com.br/carros/kia/sportage-lx-2-0-at-2020,2026-06-18T12:33:10.867482,Kia Sportage LX 2.0 AT 2020,11 s,175 km/h,Conversor de torque,Automático,6,Dianteira,Injeção multiponto,Natural,1999 cm³,4 em linha,Nu,Duplo no cabeçote,97 mm,81 mm,Transversal,Dianteiro,"9,4 kg/cv","76,2 kg/kgfm","83,5 cv/litro",,12:1,6200 rpm,4700 rpm,"10,3 kgfm/litro",,4,1655 mm,182 mm,1612 mm,1625 mm,480 kg,4480 mm,2670 mm,1855 mm,1570 kg,503 litros,62 litros,124 mm,Disco ventilado,Disco sólido,Elétrica,"10,6 m","Indep., McPherson",Mola helicoidal,"Indep., multibraço",,,,,,,,,,,,,,,,,Corrente,,Admissão e escape,"2,61 m²","0,861 m²","0,33",,707 km,546 km,"11,4 km/l","8,8 km/l",A6MF1,,Hidráulicos,,,,,,167 cv,156 cv,"20,6 kgfm","19,2 kgfm",490 km,378 km,"7,9 km/l","6,1 km/l",6500 rpm,,,,,,,,,,,,"19,5 graus","17,5 graus","24,6 graus",,,,,
kia,Sportage,sportage,sportage-ex-2-0-at-2021,sportage-ex-2-0-at-2021,https://www.fichacompleta.com.br/carros/kia/sportage-ex-2-0-at-2021,2026-06-18T12:33:15.638712,Kia Sportage EX 2.0 AT 2021,11 s,175 km/h,Conversor de torque,Automático,6,Dianteira,Injeção multiponto,Natural,1999 cm³,4 em linha,Nu,Duplo no cabeçote,97 mm,81 mm,Transversal,Dianteiro,"9,4 kg/cv","76,2 kg/kgfm","83,5 cv/litro",,12:1,6200 rpm,4700 rpm,"10,3 kgfm/litro",,4,1655 mm,182 mm,1612 mm,1625 mm,480 kg,4480 mm,2670 mm,1855 mm,1570 kg,503 litros,62 litros,110 mm,Disco ventilado,Disco sólido,Elétrica,"10,6 m","Indep., McPherson",Mola helicoidal,"Indep., multibraço",,,,,,,,,,,,,,,,,Corrente,,Admissão e escape,"2,61 m²","0,861 m²","0,33",,707 km,546 km,"11,4 km/l","8,8 km/l",A6MF1,,Hidráulicos,,,,,,167 cv,156 cv,"20,6 kgfm","19,2 kgfm",490 km,378 km,"7,9 km/l","6,1 km/l",6500 rpm,,,,,,,,,,,,"19,5 graus","17,5 graus","24,6 graus",,,,,
kia,Sportage,sportage,sportage-lx-2-0-at-2021,sportage-lx-2-0-at-2021,https://www.fichacompleta.com.br/carros/kia/sportage-lx-2-0-at-2021,2026-06-18T12:33:18.985523,Kia Sportage LX 2.0 AT 2021,11 s,175 km/h,Conversor de torque,Automático,,Dianteira,Injeção multiponto,Natural,1999 cm³,4 em linha,Nu,"Duplo no cabeçote, corrente",,,Transversal,Dianteiro,"9,4 kg/cv","76,2 kg/kgfm","83,5 cv/litro",167 cv (A) 156 cv (G) a 6200 rpm,12:1,,,"10,3 kgfm/litro","20,6 kgfm (A) 19,2 kgfm (G) a 4700 rpm",4,1655 mm,182 mm,1612 mm,1625 mm,480 kg,4480 mm,2670 mm,1855 mm,1570 kg,503 litros,62 litros,124 mm,225/55 R18,225/55 R18,Elétrica,,"Independente, McPherson",Mola helicoidal,"Independente, multibraço",,,,,6,"10,6 m",,,,,97 mm,81 mm,,,,,,,Admissão e escape,"2,61 m²","0,861 m²",,"0,33",707 km,546 km,"11,4 km/l","8,8 km/l",,,Hidráulicos,,,,,,,,,,490 km,378 km,"7,9 km/l","6,1 km/l",6500 rpm,,,,,,,,,,,,"19,5 graus","17,5 graus","24,6 graus",,,,,
kia,Sportage,sportage,sportage-ex-2-0-at-2022,sportage-ex-2-0-at-2022,https://www.fichacompleta.com.br/carros/kia/sportage-ex-2-0-at-2022,2026-06-18T12:33:23.826811,Kia Sportage EX 2.0 AT 2022,11 s,175 km/h,Conversor de torque,Automático,6,Dianteira,Injeção multiponto,Natural,1999 cm³,4 em linha,Nu,Duplo no cabeçote,97 mm,81 mm,Transversal,Dianteiro,"9,4 kg/cv","76,2 kg/kgfm","83,5 cv/litro",,12:1,,,"10,3 kgfm/litro",,4,1655 mm,182 mm,1612 mm,1625 mm,480 kg,4480 mm,2670 mm,1855 mm,1570 kg,503 litros,62 litros,110 mm,Disco ventilado,Disco sólido,Elétrica,"10,6 m","Indep., McPherson",Mola helicoidal,"Indep., multibraço",,,,,,,,6200 rpm,4700 rpm,,,,,,,,Corrente,,Admissão e escape,"2,61 m²","0,861 m²","0,33",,707 km,546 km,"11,4 km/l","8,8 km/l",A6MF1,,Hidráulicos,,,,,,,,,,490 km,378 km,"7,9 km/l","6,1 km/l",6500 rpm,167 cv,156 cv,"20,6 kgfm","19,2 kgfm",,,,,,,,"19,5 graus","17,5 graus","24,6 graus",,,,,
kia,Sportage,sportage,sportage-1-6-turbo-2023,sportage-1-6-turbo-2023,https://www.fichacompleta.com.br/carros/kia/sportage-1-6-turbo-2023,2026-06-18T12:33:27.703573,Kia Sportage 1.6 Turbo 2023,"9,1 s",200 km/h,Embreagem dupla a seco,Automatizado,7,Dianteira,Injeção direta,Turbocompressor,1598 cm³,4 em linha,G4FP,Duplo no cabeçote,89 mm,"75,6 mm",Transversal,Dianteiro,"8,7 kg/cv","58,1 kg/kgfm","112,6 cv/litro",180 cv,"10,5:1",,,"16,9 kgfm/litro",27 kgfm,4,1650 mm,,1615 mm,1622 mm,480 kg,4515 mm,2680 mm,1865 mm,1570 kg,503 litros,54 litros,118 mm,Disco ventilado,Disco sólido,Elétrica,"10,6 m","Indep., McPherson",Mola helicoidal,"Indep., multibraço",,,,,,,,5500 rpm,1500 rpm,,,,,,,,Corrente,,Admissão e escape,,,,,675 km,589 km,"12,5 km/l","10,9 km/l",,,Hidráulicos,,,,,,,,,,,,,,,,,,,,"0,44 kWh",,,,,,,,,,675 km,589 km,"12,5 km/l","10,9 km/l"
kia,Sportage,sportage,sportage-ex-1-6-2023,sportage-ex-1-6-2023,https://www.fichacompleta.com.br/carros/kia/sportage-ex-1-6-2023,2026-06-18T12:33:31.962678,Kia Sportage EX 1.6 2023,"9,1 s",200 km/h,Embreagem dupla a seco,Automatizado,7,Dianteira,Injeção direta,Turbocompressor,,4 em linha,G4FP,Duplo no cabeçote,89 mm,"75,6 mm",Transversal,Dianteiro,"8,74 kg/cv","58,3 kg/kgfm","112,6 cv/litro",180 cv,"10,5:1",5500 rpm,1500 rpm,"16,9 kgfm/litro",27 kgfm,4,1650 mm,180 mm,1615 mm,1622 mm,536 kg,4515 mm,2680 mm,1865 mm,1574 kg,562 litros,54 litros,129 mm,Disco ventilado,Disco sólido,Elétrica,"10,6 m","Indep., McPherson",Mola helicoidal,"Indep., multibraço",,,,,,,,,,,,,,400 cm³,1598 cm³,,Corrente,5W-30 ³,Admissão e escape,,,,,653 km,621 km,"12,1 km/l","11,5 km/l",D7UF1,Kit de reparo,Hidráulicos,,,,,,,,,,,,,,,,,,,,"0,44 kWh",,,,,,10 graus,16 graus,20 graus,,,,,
kia,Sportage,sportage,sportage-ex-prestige-1-6-2023,sportage-ex-prestige-1-6-2023,https://www.fichacompleta.com.br/carros/kia/sportage-ex-prestige-1-6-2023,2026-06-18T12:33:35.807304,Kia Sportage EX Prestige 1.6 2023,"9,1 s",200 km/h,Embreagem dupla a seco,Automatizado,7,Dianteira,Injeção direta,Turbocompressor,,4 em linha,G4FP,Duplo no cabeçote,89 mm,"75,6 mm",Transversal,Dianteiro,"8,74 kg/cv","58,3 kg/kgfm","112,6 cv/litro",180 cv,"10,5:1",5500 rpm,1500 rpm,"16,9 kgfm/litro",27 kgfm,4,1650 mm,180 mm,1615 mm,1622 mm,536 kg,4515 mm,2680 mm,1865 mm,1574 kg,562 litros,54 litros,118 mm,Disco ventilado,Disco sólido,Elétrica,"10,6 m","Indep., McPherson",Mola helicoidal,"Indep., multibraço",,,,,,,,,,,,,,400 cm³,1598 cm³,,Corrente,,Admissão e escape,,,,,653 km,621 km,"12,1 km/l","11,5 km/l",,Kit de reparo e enchimento,Hidráulicos,,,,,,,,,,,,,,,,,,,,"0,44 kWh",,,,,,10 graus,16 graus,20 graus,,,,,
kia,Sportage,sportage,sportage-ex-1-6-2024,sportage-ex-1-6-2024,https://www.fichacompleta.com.br/carros/kia/sportage-ex-1-6-2024,2026-06-18T12:33:39.802989,Kia Sportage EX 1.6 2024,"9,1 s",200 km/h,Embreagem dupla a seco,Automatizado,7,Dianteira,Injeção direta,Turbocompressor,,4 em linha,G4FP,Duplo no cabeçote,89 mm,"75,6 mm",Transversal,Dianteiro,"8,74 kg/cv","58,3 kg/kgfm","112,6 cv/litro",180 cv,"10,5:1",5500 rpm,1500 rpm,"16,9 kgfm/litro",27 kgfm,4,1650 mm,180 mm,1615 mm,1622 mm,536 kg,4515 mm,2680 mm,1865 mm,1574 kg,562 litros,54 litros,129 mm,Disco ventilado,Disco sólido,Elétrica,"10,6 m","Indep., McPherson",Mola helicoidal,"Indep., multibraço",,,,,,,,,,,,,,400 cm³,1598 cm³,,Corrente,,Admissão e escape,,,,,653 km,621 km,"12,1 km/l","11,5 km/l",,Kit de reparo e enchimento,Hidráulicos,,,,,,,,,,,,,,,,,,,,"0,44 kWh",,,,,,10 graus,16 graus,20 graus,,,,,
kia,Sportage,sportage,sportage-ex-prestige-1-6-2024,sportage-ex-prestige-1-6-2024,https://www.fichacompleta.com.br/carros/kia/sportage-ex-prestige-1-6-2024,2026-06-18T12:33:42.391098,Kia Sportage EX Prestige 1.6 2024,"9,1 s",200 km/h,Embreagem dupla a seco,Automatizado,7,Dianteira,Injeção direta,Turbocompressor,,4 em linha,G4FP,Duplo no cabeçote,89 mm,"75,6 mm",Transversal,Dianteiro,"8,74 kg/cv","58,3 kg/kgfm","112,6 cv/litro",180 cv,"10,5:1",5500 rpm,1500 rpm,"16,9 kgfm/litro",27 kgfm,4,1650 mm,180 mm,1615 mm,1622 mm,536 kg,4515 mm,2680 mm,1865 mm,1574 kg,562 litros,54 litros,118 mm,Disco ventilado,Disco sólido,Elétrica,"10,6 m","Indep., McPherson",Mola helicoidal,"Indep., multibraço",,,,,,,,,,,,,,400 cm³,1598 cm³,,Corrente,,Admissão e escape,,,,,653 km,621 km,"12,1 km/l","11,5 km/l",,Kit de reparo e enchimento,Hidráulicos,,,,,,,,,,,,,,,,,,,,"0,44 kWh",,,,,,10 graus,16 graus,20 graus,,,,,
kia,Sportage,sportage,sportage-ex-prestige-1-6-2025,sportage-ex-prestige-1-6-2025,https://www.fichacompleta.com.br/carros/kia/sportage-ex-prestige-1-6-2025,2026-06-18T12:33:46.285617,Kia Sportage EX Prestige 1.6 2025,"9,1 s",200 km/h,Embreagem dupla a seco,Automatizado,7,Dianteira,Injeção direta,Turbocompressor,,4 em linha,G4FP,Duplo no cabeçote,89 mm,"75,6 mm",Transversal,Dianteiro,"8,74 kg/cv","58,3 kg/kgfm","112,6 cv/litro",180 cv,"10,5:1",5500 rpm,1500 rpm,"16,9 kgfm/litro",27 kgfm,4,1650 mm,180 mm,1615 mm,1622 mm,536 kg,4515 mm,2680 mm,1865 mm,1574 kg,562 litros,54 litros,118 mm,Disco ventilado,Disco sólido,Elétrica,"10,6 m","Indep., McPherson",Mola helicoidal,"Indep., multibraço",,,,,,,,,,,,,,400 cm³,1598 cm³,,Corrente,,Admissão e escape,,,,,653 km,621 km,"12,1 km/l","11,5 km/l",D7UF1,Kit de reparo,Hidráulicos,,,,,,,,,,,,,,,,,,,,"0,44 kWh",,,,,,10 graus,16 graus,20 graus,,,,,
kia,Sportage,sportage,sportage-ex-prestige-1-6-2026,sportage-ex-prestige-1-6-2026,https://www.fichacompleta.com.br/carros/kia/sportage-ex-prestige-1-6-2026,2026-06-18T12:33:50.456896,Kia Sportage EX Prestige 1.6 2026,"9,1 s",200 km/h,Embreagem dupla a seco,Automatizado,7,Dianteira,Injeção direta,Turbocompressor,,4 em linha,G4FP,Duplo no cabeçote,89 mm,"75,6 mm",Transversal,Dianteiro,"8,84 kg/cv","58,3 kg/kgfm","111,4 cv/litro",178 cv,"10,5:1",5500 rpm,1500 rpm,"16,9 kgfm/litro",27 kgfm,4,1650 mm,180 mm,1615 mm,1622 mm,536 kg,4515 mm,2680 mm,1865 mm,1574 kg,562 litros,54 litros,118 mm,Disco ventilado,Disco sólido,Elétrica,"10,6 m","Indep., McPherson",Mola helicoidal,"Indep., multibraço",,,,,,,,,,,,,,400 cm³,1598 cm³,,Corrente,5W-30 ³,Admissão e escape,,,,,713 km,675 km,"13,2 km/l","12,5 km/l",D7UF1,Kit de reparo,Hidráulicos,,,,,,,,,,,,,,,,,,,,"0,44 kWh",,,,,,10 graus,16 graus,20 graus,,,,,
kia,Stinger,stinger,stinger-gt-3-3-v6-2019,stinger-gt-3-3-v6-2019,https://www.fichacompleta.com.br/carros/kia/stinger-gt-3-3-v6-2019,2026-06-18T12:34:06.710119,Kia Stinger GT 3.3 V6 2019,"4,9 s",270 km/h,Conversor de torque,Automático,8,Integral sob demanda,Injeção direta,Turbocompressor,3342 cm³,6 em V,Lambda,Duplo no cabeçote,"83,8 mm",92 mm,Longitudinal,Dianteiro,"5,1 kg/cv","36,4 kg/kgfm","110,7 cv/litro",370 cv,10:1,6000 rpm,1300 rpm,"15,6 kgfm/litro",52 kgfm,4,1400 mm,130 mm,1594 mm,1619 mm,424 kg,4830 mm,2905 mm,1870 mm,1891 kg,406 litros,60 litros,89 mm,Disco ventilado,Disco ventilado,Elétrica,"11,7 m","Indep., McPherson",Mola helicoidal,"Indep., multibraço",,,,,,,,,,,,,1500 kg,,,750 kg,Corrente,,Admissão e escape,"2,23 m²","0,669 m²","0,3",,552 km,396 km,"9,2 km/l","6,6 km/l",A8TR1,,,,,,,,,,,,,,,,6500 rpm,,,,,,,,,,,,,"13,1 graus","16,5 graus",,,,,
kia,Stinger,stinger,stinger-gt-3-3-v6-2019-gasolina,stinger-gt-3-3-v6-2019-gasolina,https://www.fichacompleta.com.br/carros/kia/stinger-gt-3-3-v6-2019-gasolina,2026-06-18T12:34:09.506907,Kia Stinger GT 3.3 V6 2019,"4,9 s",270 km/h,Conversor de torque,Automático,8,Integral sob demanda,Injeção direta,Turbocompressor,,6 em V,Lambda,Duplo no cabeçote,"83,8 mm",92 mm,Longitudinal,Dianteiro,"5,11 kg/cv","36,4 kg/kgfm","110,7 cv/litro",370 cv,10:1,6000 rpm,1300 rpm,"15,6 kgfm/litro",52 kgfm,4,1400 mm,130 mm,1594 mm,1619 mm,424 kg,4830 mm,2905 mm,1870 mm,1891 kg,406 litros,60 litros,89 mm,Disco ventilado,Disco ventilado,Elétrica,"11,7 m","Indep., McPherson",Mola helicoidal,"Indep., multibraço",,,,,,,,,,,,,1500 kg,557 cm³,3342 cm³,750 kg,Corrente,,Admissão e escape,"2,23 m²","0,669 m²","0,3",,552 km,396 km,"9,2 km/l","6,6 km/l",A8TR1,,,,,,,,,,,,,,,,6500 rpm,,,,,,,,,,,,,"13,1 graus","16,5 graus",,,,,
kia,Stinger,stinger,stinger-gt-3-3-v6-2020,stinger-gt-3-3-v6-2020,https://www.fichacompleta.com.br/carros/kia/stinger-gt-3-3-v6-2020,2026-06-18T12:34:13.878527,Kia Stinger GT 3.3 V6 2020,"4,9 s",270 km/h,Conversor de torque,Automático,8,Integral sob demanda,Injeção direta,Turbocompressor,3342 cm³,6 em V,Lambda,Duplo no cabeçote,"83,8 mm",92 mm,Longitudinal,Dianteiro,"5,1 kg/cv","36,4 kg/kgfm","110,7 cv/litro",370 cv,10:1,6000 rpm,1300 rpm,"15,6 kgfm/litro",52 kgfm,4,1400 mm,130 mm,1594 mm,1619 mm,424 kg,4830 mm,2905 mm,1870 mm,1891 kg,406 litros,60 litros,89 mm,Disco ventilado,Disco ventilado,Elétrica,"11,7 m","Indep., McPherson",Mola helicoidal,"Indep., multibraço",,,,,,,,,,,,,1500 kg,,,750 kg,Corrente,,Admissão e escape,"2,23 m²","0,669 m²","0,3",,552 km,396 km,"9,2 km/l","6,6 km/l",A8TR1,,,,,,,,,,,,,,,,6500 rpm,,,,,,,,,,,,,"13,1 graus","16,5 graus",,,,,
kia,Stonic,stonic,stonic-1-0-turbo-2021,stonic-1-0-turbo-2021,https://www.fichacompleta.com.br/carros/kia/stonic-1-0-turbo-2021,2026-06-18T12:34:33.064245,Kia Stonic 1.0 Turbo 2021,"10,4 s",190 km/h,Embreagem dupla a seco,Automatizado,7,Dianteira,Injeção direta,Turbocompressor,998 cm³,3 em linha,Kappa,Duplo no cabeçote,84 mm,71 mm,Transversal,Dianteiro,"10,6 kg/cv","73,5 kg/kgfm","118,2 cv/litro",,"10,5:1",,,"17,1 kgfm/litro",,4,1520 mm,150 mm,1512 mm,1518 mm,424 kg,4140 mm,2580 mm,1760 mm,1256 kg,325 litros,45 litros,113 mm,Disco ventilado,Disco sólido,Elétrica,"10,4 m","Indep., McPherson",Mola helicoidal,Eixo de torção,,,,,,,118 cv,6000 rpm,4000 rpm,"17,1 kgfm",,,900 kg,,,450 kg,Corrente,,Admissão e escape,"2,27 m²","0,772 m²","0,34",,621 km,617 km,"13,8 km/l","13,7 km/l",,Kit de reparo e enchimento,Mecânicos,,,,,,,,,,,,,,,,,,,,,120 cv,,"20,4 kgfm",,,,"15,4 graus","30,4 graus",,,,,
kia,Stonic,stonic,stonic-sx-1-0-turbo-2024,stonic-sx-1-0-turbo-2024,https://www.fichacompleta.com.br/carros/kia/stonic-sx-1-0-turbo-2024,2026-06-18T12:34:37.267120,Kia Stonic SX 1.0 Turbo 2024,"10,4 s",190 km/h,Embreagem dupla a seco,Automatizado,7,Dianteira,Injeção direta,Turbocompressor,,3 em linha,Kappa,Duplo no cabeçote,84 mm,71 mm,Transversal,Dianteiro,"10,64 kg/cv","73,5 kg/kgfm","118,2 cv/litro",118 cv,"10,5:1",6000 rpm,4000 rpm,"17,1 kgfm/litro","17,1 kgfm",4,1520 mm,150 mm,1512 mm,1518 mm,424 kg,4140 mm,2580 mm,1760 mm,1256 kg,325 litros,45 litros,113 mm,Disco ventilado,Disco sólido,Elétrica,"10,4 m","Indep., McPherson",Mola helicoidal,Eixo de torção,,,,,,,,,,2 kgfm (dianteiro),,,900 kg,333 cm³,998 cm³,450 kg,Corrente,,Admissão e escape,"2,27 m²","0,772 m²","0,34",,621 km,617 km,"13,8 km/l","13,7 km/l",,Kit de reparo e enchimento,Mecânicos,,,,,,,,,,,,,,,,,,,,"0,4 kWh",120 cv,,"20,4 kgfm",,,,"15,4 graus","30,4 graus",,,,,
kia,Stonic,stonic,stonic-sx-1-0-2025,stonic-sx-1-0-2025,https://www.fichacompleta.com.br/carros/kia/stonic-sx-1-0-2025,2026-06-18T12:34:40.748984,Kia Stonic SX 1.0 2025,"10,4 s",190 km/h,Embreagem dupla a seco,Automatizado,7,Dianteira,Injeção direta,Turbocompressor,,3 em linha,Kappa,Duplo no cabeçote,84 mm,71 mm,Transversal,Dianteiro,"10,64 kg/cv","73,5 kg/kgfm","118,2 cv/litro",118 cv,"10,5:1",6000 rpm,4000 rpm,"17,1 kgfm/litro","17,1 kgfm",4,1520 mm,150 mm,1512 mm,1518 mm,424 kg,4140 mm,2580 mm,1760 mm,1256 kg,325 litros,45 litros,113 mm,Disco ventilado,Disco sólido,Elétrica,"10,4 m","Indep., McPherson",Mola helicoidal,Eixo de torção,,,,,,,,,,2 kgfm (dianteiro),,,900 kg,333 cm³,998 cm³,450 kg,Corrente,,Admissão e escape,"2,27 m²","0,772 m²","0,34",,621 km,617 km,"13,8 km/l","13,7 km/l",,Kit de reparo,Mecânicos,,,,,,,,,,,,,,,,,,,,"0,4 kWh",120 cv,,"20,4 kgfm",,,,"15,4 graus","30,4 graus",,,,,
