marca,modelo,modelo_slug,versao,versao_slug,url,coletado_em,titulo_pagina,geral__aceleracao_0100_kmh,geral__velocidade_maxima,geral__acoplamento,geral__cambio,geral__codigo_do_cambio,geral__quantidade_de_marchas,geral__tracao,geral__alimentacao,geral__aspiracao,geral__cilindrada,geral__cilindros,geral__codigo_do_motor,geral__comando_de_valvulas,geral__curso_do_pistao,geral__diametro_do_cilindro,geral__disposicao,geral__instalacao,geral__pesopotencia,geral__pesotorque,geral__potencia_especifica,geral__potencia_maxima,geral__razao_de_compressao,geral__rotacao_maxima,geral__torque_especifico,geral__torque_maximo,geral__valvulas_por_cilindro,geral__altura,geral__carga_util,geral__comprimento,geral__distancia_entreeixos,geral__largura,geral__peso,geral__portamalas,geral__tanque_de_combustivel,geral__altura_do_flanco,geral__dianteiros,geral__traseiros,geral__assistencia,geral__diametro_minimo_de_giro,geral__dianteira,geral__elemento_elastico,geral__traseira,geral__rodoviaria_g,geral__urbana_g,geral__rodoviario_g,geral__urbano_g,geral__marchas,geral__regime_potencia_max,geral__regime_torque_max,geral__diametro_de_giro,geral__bitola_dianteira,geral__bitola_traseira,geral__curso_dos_pistoes,geral__diametro_dos_cilindros,geral__rotacao_potencia_max,geral__rotacao_torque_max,geral__tuchos,geral__variacao_do_comando,geral__angulo_de_entrada,geral__angulo_de_saida,geral__reboque_com_freio,geral__reboque_sem_freio,geral__estepe,geral__area_frontal_a,geral__area_frontal_corrigida,geral__coeficiente_de_arrasto_cx,geral__rodoviaria_a,geral__urbana_a,geral__rodoviario_a,geral__urbano_a,geral__altura_minima_do_solo,geral__acionam_do_comando,geral__potencia_maxima_a,geral__potencia_maxima_g,geral__torque_maximo_a,geral__torque_maximo_g,geral__coef_de_arrasto_cx,geral__cilindrada_unitaria,geral__deslocamento,geral__viscosidade_do_oleo,geral__potencia_a,geral__potencia_g,geral__torque_a,geral__torque_g,geral__angulo_central,geral__capacidade_da_bateria,geral__potencia,geral__torque,geral__autonomia,geral__consumo_eletrico,geral__portamalas_5_lugares,geral__portamalas_7_lugares,geral__portamalas_com_5_lugares,geral__portamalas_com_7_lugares,geral__rodoviaria_d,geral__urbana_d,geral__rodoviario_d,geral__urbano_d,geral__cacamba,geral__potencia_de_recarga
peugeot,106,106,106-xt-1-0-1994,106-xt-1-0-1994,https://www.fichacompleta.com.br/carros/peugeot/106-xt-1-0-1994,2026-06-17T20:59:50.219809,Peugeot 106 XT 1.0 1994,"19,2 s",150 km/h,Embreagem monodisco a seco,Manual,MA/5,5,Dianteira,Injeção monoponto,Natural,954 cm³,4 em linha,TU9ML/Z,Único no cabeçote,62 mm,70 mm,Transversal,Dianteiro,"16,0 kg/cv","106,7 kg/kgfm","52,4 cv/litro",50 cv a 6000 rpm,"9,4:1",6400 rpm,"7,9 kgfm/litro","7,5 kgfm a 3700 rpm",2,1369 mm,440 kg,3564 mm,2385 mm,1590 mm,800 kg,215 litros,45 litros,102 mm,Disco sólido,Tambor,Não assistida,11 m,"Independente, McPherson",Mola helicoidal,Eixo de torção,752 km,436 km,"16,7 km/l","9,7 km/l",,,,,,,,,,,,,,,,,,,,,,,,,,,,,,,,,,,,,,,,,,,,,,,,,,,,,,
peugeot,106,106,106-kid-1-0-1995,106-kid-1-0-1995,https://www.fichacompleta.com.br/carros/peugeot/106-kid-1-0-1995,2026-06-17T20:59:54.474944,Peugeot 106 Kid 1.0 1995,20 s,145 km/h,Embreagem monodisco a seco,Manual,MA/5,,Dianteira,Carburador,Natural,954 cm³,4 em linha,TU9ML/Z,Único no cabeçote,62 mm,70 mm,Transversal,Dianteiro,"15,9 kg/cv","106,0 kg/kgfm","52,4 cv/litro",50 cv,"9,4:1",6400 rpm,"7,9 kgfm/litro","7,5 kgfm",2,1369 mm,440 kg,3564 mm,2385 mm,1590 mm,795 kg,215 litros,45 litros,102 mm,Disco sólido,Tambor,Não assistida,,"Indep., McPherson",Barra de torção,"Indep., braço arrastado",675 km,432 km,15 km/l,"9,6 km/l",5,6000 rpm,3700 rpm,11 m,,,,,,,,,,,,,,,,,,,,,,,,,,,,,,,,,,,,,,,,,,,,,,,,,,
peugeot,106,106,106-xn-1-0-1995,106-xn-1-0-1995,https://www.fichacompleta.com.br/carros/peugeot/106-xn-1-0-1995,2026-06-17T20:59:56.911175,Peugeot 106 XN 1.0 1995,"19,2 s",150 km/h,Embreagem monodisco a seco,Manual,MA/5,5,Dianteira,Injeção monoponto,Natural,954 cm³,4 em linha,TU9ML/Z,Único no cabeçote,62 mm,70 mm,Transversal,Dianteiro,"16,0 kg/cv","106,7 kg/kgfm","52,4 cv/litro",50 cv a 6000 rpm,"9,4:1",6400 rpm,"7,9 kgfm/litro","7,5 kgfm a 3700 rpm",2,1369 mm,440 kg,3564 mm,2385 mm,1590 mm,800 kg,215 litros,45 litros,102 mm,Disco sólido,Tambor,Não assistida,11 m,"Independente, McPherson",Mola helicoidal,Eixo de torção,752 km,436 km,"16,7 km/l","9,7 km/l",,,,,,,,,,,,,,,,,,,,,,,,,,,,,,,,,,,,,,,,,,,,,,,,,,,,,,
peugeot,106,106,106-xn-1-0-1995-gasolina,106-xn-1-0-1995-gasolina,https://www.fichacompleta.com.br/carros/peugeot/106-xn-1-0-1995-gasolina,2026-06-17T21:00:01.634532,Peugeot 106 XN 1.0 1995,"19,2 s",150 km/h,Embreagem monodisco a seco,Manual,MA/5,5,Dianteira,Injeção monoponto,Natural,954 cm³,4 em linha,TU9ML/Z,Único no cabeçote,62 mm,70 mm,Transversal,Dianteiro,"16,3 kg/cv","108,7 kg/kgfm","52,4 cv/litro",50 cv a 6000 rpm,"9,4:1",6400 rpm,"7,9 kgfm/litro","7,5 kgfm a 3700 rpm",2,1369 mm,440 kg,3564 mm,2385 mm,1590 mm,815 kg,215 litros,45 litros,102 mm,Disco sólido,Tambor,Não assistida,11 m,"Independente, McPherson",Mola helicoidal,Eixo de torção,752 km,436 km,"16,7 km/l","9,7 km/l",,,,,,,,,,,,,,,,,,,,,,,,,,,,,,,,,,,,,,,,,,,,,,,,,,,,,,
peugeot,106,106,106-passion-1-0-1998,106-passion-1-0-1998,https://www.fichacompleta.com.br/carros/peugeot/106-passion-1-0-1998,2026-06-17T21:00:05.300055,Peugeot 106 Passion 1.0 1998,"17,5 s",145 km/h,Embreagem monodisco a seco,Manual,MA/5,5,Dianteira,Injeção monoponto,Natural,954 cm³,4 em linha,TU9ML/Z,Único no cabeçote,62 mm,70 mm,Transversal,Dianteiro,"16,6 kg/cv","110,7 kg/kgfm","52,4 cv/litro",50 cv a 6000 rpm,"9,4:1",6400 rpm,"7,9 kgfm/litro","7,5 kgfm a 3700 rpm",2,1380 mm,480 kg,3678 mm,2385 mm,1590 mm,830 kg,215 litros,45 litros,102 mm,Disco sólido,Tambor,Não assistida,11 m,"Independente, McPherson",Mola helicoidal,Eixo de torção,752 km,436 km,"16,7 km/l","9,7 km/l",,,,,1380 mm,1300 mm,,,,,,,,,,,,,,,,,,,,,,,,,,,,,,,,,,,,,,,,,,,,,,,,
peugeot,106,106,106-soleil-1-0-1998,106-soleil-1-0-1998,https://www.fichacompleta.com.br/carros/peugeot/106-soleil-1-0-1998,2026-06-17T21:00:08.427082,Peugeot 106 Soleil 1.0 1998,"19,4 s",150 km/h,Embreagem monodisco a seco,Manual,MA/5,,Dianteira,Injeção monoponto,Natural,954 cm³,4 em linha,TU9ML/Z,Único no cabeçote,62 mm,70 mm,Transversal,Dianteiro,"15,9 kg/cv","106,0 kg/kgfm","52,4 cv/litro",50 cv,"9,4:1",6400 rpm,"7,9 kgfm/litro","7,5 kgfm",2,1380 mm,480 kg,3678 mm,2385 mm,1590 mm,795 kg,215 litros,45 litros,116 mm,Disco sólido,Tambor,Não assistida,,"Indep., McPherson",Barra de torção,"Indep., braço arrastado",752 km,436 km,"16,7 km/l","9,7 km/l",5,6000 rpm,3700 rpm,11 m,1380 mm,1300 mm,,,,,,,,,,,,,,,,,,,,,,,,,,,,,,,,,,,,,,,,,,,,,,,,
peugeot,106,106,106-soleil-1-0-1998-gasolina,106-soleil-1-0-1998-gasolina,https://www.fichacompleta.com.br/carros/peugeot/106-soleil-1-0-1998-gasolina,2026-06-17T21:00:12.742856,Peugeot 106 Soleil 1.0 1998,"19,4 s",150 km/h,Embreagem monodisco a seco,Manual,MA/5,,Dianteira,Injeção monoponto,Natural,954 cm³,4 em linha,TU9ML/Z,Único no cabeçote,62 mm,70 mm,Transversal,Dianteiro,"16,3 kg/cv","108,7 kg/kgfm","52,4 cv/litro",50 cv,"9,4:1",6400 rpm,"7,9 kgfm/litro","7,5 kgfm",2,1380 mm,480 kg,3678 mm,2385 mm,1590 mm,815 kg,215 litros,45 litros,116 mm,Disco sólido,Tambor,Não assistida,,"Indep., McPherson",Barra de torção,"Indep., braço arrastado",752 km,436 km,"16,7 km/l","9,7 km/l",5,6000 rpm,3700 rpm,11 m,1380 mm,1300 mm,,,,,,,,,,,,,,,,,,,,,,,,,,,,,,,,,,,,,,,,,,,,,,,,
peugeot,106,106,106-passion-1-0-1999,106-passion-1-0-1999,https://www.fichacompleta.com.br/carros/peugeot/106-passion-1-0-1999,2026-06-17T21:00:16.494476,Peugeot 106 Passion 1.0 1999,"19,4 s",150 km/h,Embreagem monodisco a seco,Manual,MA/5,,Dianteira,Injeção monoponto,Natural,954 cm³,4 em linha,TU9ML/Z,Único no cabeçote,62 mm,70 mm,Transversal,Dianteiro,"16,3 kg/cv","108,7 kg/kgfm","52,4 cv/litro",50 cv,"9,4:1",6400 rpm,"7,9 kgfm/litro","7,5 kgfm",2,1380 mm,480 kg,3678 mm,2385 mm,1590 mm,815 kg,215 litros,45 litros,116 mm,Disco sólido,Tambor,Não assistida,,"Indep., McPherson",Barra de torção,"Indep., braço arrastado",752 km,436 km,"16,7 km/l","9,7 km/l",5,6000 rpm,3700 rpm,11 m,1380 mm,1300 mm,,,,,,,,,,,,,,,,,,,,,,,,,,,,,,,,,,,,,,,,,,,,,,,,
peugeot,106,106,106-selection-1-0-1999,106-selection-1-0-1999,https://www.fichacompleta.com.br/carros/peugeot/106-selection-1-0-1999,2026-06-17T21:00:20.891952,Peugeot 106 Selection 1.0 1999,"17,5 s",145 km/h,Embreagem monodisco a seco,Manual,MA/5,5,Dianteira,Injeção monoponto,Natural,954 cm³,4 em linha,TU9ML/Z,Único no cabeçote,,,Transversal,Dianteiro,"16,6 kg/cv","110,7 kg/kgfm","52,4 cv/litro",50 cv a 6000 rpm,"9,4:1",,"7,9 kgfm/litro","7,5 kgfm a 3700 rpm",2,1380 mm,480 kg,3678 mm,2385 mm,1590 mm,830 kg,215 litros,45 litros,102 mm,145/70 R13,Tambor,Não assistida,11 m,"Independente, McPherson",Mola helicoidal,Eixo de torção,752 km,436 km,"16,7 km/l","9,7 km/l",,,,,1380 mm,1300 mm,62 mm,70 mm,,,,,,,,,,,,,,,,,,,,,,,,,,,,,,,,,,,,,,,,,,,,,,
peugeot,106,106,106-soleil-1-0-1999-gasolina,106-soleil-1-0-1999-gasolina,https://www.fichacompleta.com.br/carros/peugeot/106-soleil-1-0-1999-gasolina,2026-06-17T21:00:24.835900,Peugeot 106 Soleil 1.0 1999,"17,5 s",145 km/h,Embreagem monodisco a seco,Manual,MA/5,5,Dianteira,Injeção monoponto,Natural,954 cm³,4 em linha,TU9ML/Z,Único no cabeçote,,,Transversal,Dianteiro,"16,6 kg/cv","110,7 kg/kgfm","52,4 cv/litro",50 cv a 6000 rpm,"9,4:1",6400 rpm,"7,9 kgfm/litro","7,5 kgfm a 3700 rpm",2,1380 mm,480 kg,3678 mm,2385 mm,1590 mm,830 kg,215 litros,45 litros,102 mm,145/70 R13,Tambor,Não assistida,11 m,"Independente, McPherson",Mola helicoidal,Eixo de torção,752 km,436 km,"16,7 km/l","9,7 km/l",,,,,1380 mm,1300 mm,62 mm,70 mm,,,,,,,,,,,,,,,,,,,,,,,,,,,,,,,,,,,,,,,,,,,,,,
peugeot,106,106,106-soleil-1-0-1999,106-soleil-1-0-1999,https://www.fichacompleta.com.br/carros/peugeot/106-soleil-1-0-1999,2026-06-17T21:00:28.090653,Peugeot 106 Soleil 1.0 1999,"19,4 s",150 km/h,Embreagem monodisco a seco,Manual,MA/5,,Dianteira,Injeção monoponto,Natural,954 cm³,4 em linha,TU9ML/Z,Único no cabeçote,62 mm,70 mm,Transversal,Dianteiro,"15,9 kg/cv","106,0 kg/kgfm","52,4 cv/litro",50 cv,"9,4:1",6400 rpm,"7,9 kgfm/litro","7,5 kgfm",2,1380 mm,480 kg,3678 mm,2385 mm,1590 mm,795 kg,215 litros,45 litros,116 mm,Disco sólido,Tambor,Não assistida,,"Indep., McPherson",Barra de torção,"Indep., braço arrastado",752 km,436 km,"16,7 km/l","9,7 km/l",5,6000 rpm,3700 rpm,11 m,1380 mm,1300 mm,,,,,,,,,,,,,,,,,,,,,,,,,,,,,,,,,,,,,,,,,,,,,,,,
peugeot,106,106,106-passion-1-0-2000,106-passion-1-0-2000,https://www.fichacompleta.com.br/carros/peugeot/106-passion-1-0-2000,2026-06-17T21:00:32.716550,Peugeot 106 Passion 1.0 2000,"19,4 s",150 km/h,Embreagem monodisco a seco,Manual,MA/5,5,Dianteira,Injeção monoponto,Natural,954 cm³,4 em linha,TU9ML/Z,Único no cabeçote,62 mm,70 mm,Transversal,Dianteiro,"15,9 kg/cv","106,0 kg/kgfm","52,4 cv/litro",50 cv,"9,4:1",6400 rpm,"7,9 kgfm/litro","7,5 kgfm",2,1380 mm,480 kg,3678 mm,2385 mm,1590 mm,795 kg,215 litros,45 litros,116 mm,Disco sólido,Tambor,Não assistida,11 m,"Indep., McPherson",Barra de torção,"Indep., braço arrastado",752 km,436 km,"16,7 km/l","9,7 km/l",5,,,11 m,1380 mm,1300 mm,,,6000 rpm,3700 rpm,,,,,,,,,,,,,,,,,,,,,,,,,,,,,,,,,,,,,,,,,,,,
peugeot,106,106,106-selection-1-0-2000,106-selection-1-0-2000,https://www.fichacompleta.com.br/carros/peugeot/106-selection-1-0-2000,2026-06-17T21:00:36.889660,Peugeot 106 Selection 1.0 2000,"17,5 s",145 km/h,Embreagem monodisco a seco,Manual,MA/5,5,Dianteira,Injeção monoponto,Natural,954 cm³,4 em linha,TU9ML/Z,Único no cabeçote,,,Transversal,Dianteiro,"16,6 kg/cv","110,7 kg/kgfm","52,4 cv/litro",50 cv a 6000 rpm,"9,4:1",6400 rpm,"7,9 kgfm/litro","7,5 kgfm a 3700 rpm",2,1380 mm,480 kg,3678 mm,2385 mm,1590 mm,830 kg,215 litros,45 litros,102 mm,Disco sólido,Tambor,Não assistida,11 m,"Independente, McPherson",Mola helicoidal,Eixo de torção,752 km,436 km,"16,7 km/l","9,7 km/l",,,,,1380 mm,1300 mm,62 mm,70 mm,,,,,,,,,,,,,,,,,,,,,,,,,,,,,,,,,,,,,,,,,,,,,,
peugeot,106,106,106-soleil-1-0-2000,106-soleil-1-0-2000,https://www.fichacompleta.com.br/carros/peugeot/106-soleil-1-0-2000,2026-06-17T21:00:39.841792,Peugeot 106 Soleil 1.0 2000,"19,4 s",150 km/h,Embreagem monodisco a seco,Manual,MA/5,,Dianteira,Injeção monoponto,Natural,954 cm³,4 em linha,TU9ML/Z,Único no cabeçote,62 mm,70 mm,Transversal,Dianteiro,"15,9 kg/cv","106,0 kg/kgfm","52,4 cv/litro",50 cv,"9,4:1",6400 rpm,"7,9 kgfm/litro","7,5 kgfm",2,1380 mm,480 kg,3678 mm,2385 mm,1590 mm,795 kg,215 litros,45 litros,116 mm,Disco sólido,Tambor,Não assistida,,"Indep., McPherson",Barra de torção,"Indep., braço arrastado",752 km,436 km,"16,7 km/l","9,7 km/l",5,6000 rpm,3700 rpm,11 m,1380 mm,1300 mm,,,,,,,,,,,,,,,,,,,,,,,,,,,,,,,,,,,,,,,,,,,,,,,,
peugeot,106,106,106-soleil-1-0-2000-gasolina,106-soleil-1-0-2000-gasolina,https://www.fichacompleta.com.br/carros/peugeot/106-soleil-1-0-2000-gasolina,2026-06-17T21:00:43.138557,Peugeot 106 Soleil 1.0 2000,"19,4 s",150 km/h,Embreagem monodisco a seco,Manual,MA/5,,Dianteira,Injeção monoponto,Natural,954 cm³,4 em linha,TU9ML/Z,Único no cabeçote,62 mm,70 mm,Transversal,Dianteiro,"16,3 kg/cv","108,7 kg/kgfm","52,4 cv/litro",50 cv,"9,4:1",6400 rpm,"7,9 kgfm/litro","7,5 kgfm",2,1380 mm,480 kg,3678 mm,2385 mm,1590 mm,815 kg,215 litros,45 litros,116 mm,Disco sólido,Tambor,Não assistida,,"Indep., McPherson",Barra de torção,"Indep., braço arrastado",752 km,436 km,"16,7 km/l","9,7 km/l",5,6000 rpm,3700 rpm,11 m,1380 mm,1300 mm,,,,,,,,,,,,,,,,,,,,,,,,,,,,,,,,,,,,,,,,,,,,,,,,
peugeot,106,106,106-quiksilver-1-0-2001,106-quiksilver-1-0-2001,https://www.fichacompleta.com.br/carros/peugeot/106-quiksilver-1-0-2001,2026-06-17T21:00:47.673928,Peugeot 106 Quiksilver 1.0 2001,"19,4 s",150 km/h,Embreagem monodisco a seco,Manual,MA/5,,Dianteira,Injeção monoponto,Natural,954 cm³,4 em linha,TU9ML/Z,Único no cabeçote,62 mm,70 mm,Transversal,Dianteiro,"15,9 kg/cv","106,0 kg/kgfm","52,4 cv/litro",50 cv,"9,4:1",6400 rpm,"7,9 kgfm/litro","7,5 kgfm",2,1380 mm,480 kg,3678 mm,2385 mm,1590 mm,795 kg,215 litros,45 litros,116 mm,Disco sólido,Tambor,Não assistida,,"Indep., McPherson",Barra de torção,"Indep., braço arrastado",752 km,436 km,"16,7 km/l","9,7 km/l",5,6000 rpm,3700 rpm,11 m,1380 mm,1300 mm,,,,,,,,,,,,,,,,,,,,,,,,,,,,,,,,,,,,,,,,,,,,,,,,
peugeot,106,106,106-selection-1-0-2001-gasolina,106-selection-1-0-2001-gasolina,https://www.fichacompleta.com.br/carros/peugeot/106-selection-1-0-2001-gasolina,2026-06-17T21:00:52.043695,Peugeot 106 Selection 1.0 2001,"19,4 s",150 km/h,Embreagem monodisco a seco,Manual,MA/5,,Dianteira,Injeção monoponto,Natural,954 cm³,4 em linha,TU9ML/Z,Único no cabeçote,62 mm,70 mm,Transversal,Dianteiro,"16,3 kg/cv","108,7 kg/kgfm","52,4 cv/litro",50 cv,"9,4:1",6400 rpm,"7,9 kgfm/litro","7,5 kgfm",2,1380 mm,480 kg,3678 mm,2385 mm,1590 mm,815 kg,215 litros,45 litros,116 mm,Disco sólido,Tambor,Não assistida,,"Indep., McPherson",Barra de torção,"Indep., braço arrastado",752 km,436 km,"16,7 km/l","9,7 km/l",5,6000 rpm,3700 rpm,11 m,1380 mm,1300 mm,,,,,,,,,,,,,,,,,,,,,,,,,,,,,,,,,,,,,,,,,,,,,,,,
peugeot,106,106,106-selection-1-0-2001,106-selection-1-0-2001,https://www.fichacompleta.com.br/carros/peugeot/106-selection-1-0-2001,2026-06-17T21:00:56.647195,Peugeot 106 Selection 1.0 2001,"19,4 s",150 km/h,Embreagem monodisco a seco,Manual,MA/5,,Dianteira,Injeção monoponto,Natural,954 cm³,4 em linha,TU9ML/Z,Único no cabeçote,62 mm,70 mm,Transversal,Dianteiro,"15,9 kg/cv","106,0 kg/kgfm","52,4 cv/litro",50 cv,"9,4:1",6400 rpm,"7,9 kgfm/litro","7,5 kgfm",2,1380 mm,480 kg,3678 mm,2385 mm,1590 mm,795 kg,215 litros,45 litros,116 mm,Disco sólido,Tambor,Não assistida,,"Indep., McPherson",Barra de torção,"Indep., braço arrastado",752 km,436 km,"16,7 km/l","9,7 km/l",5,6000 rpm,3700 rpm,11 m,1380 mm,1300 mm,,,,,,,,,,,,,,,,,,,,,,,,,,,,,,,,,,,,,,,,,,,,,,,,
peugeot,106,106,106-soleil-1-0-2001,106-soleil-1-0-2001,https://www.fichacompleta.com.br/carros/peugeot/106-soleil-1-0-2001,2026-06-17T21:01:01.074120,Peugeot 106 Soleil 1.0 2001,"19,4 s",150 km/h,Embreagem monodisco a seco,Manual,MA/5,,Dianteira,Injeção monoponto,Natural,954 cm³,4 em linha,TU9ML/Z,Único no cabeçote,62 mm,70 mm,Transversal,Dianteiro,"16,3 kg/cv","108,7 kg/kgfm","52,4 cv/litro",50 cv,"9,4:1",6400 rpm,"7,9 kgfm/litro","7,5 kgfm",2,1380 mm,480 kg,3678 mm,2385 mm,1590 mm,815 kg,215 litros,45 litros,116 mm,Disco sólido,Tambor,Não assistida,,"Indep., McPherson",Barra de torção,"Indep., braço arrastado",752 km,436 km,"16,7 km/l","9,7 km/l",5,6000 rpm,3700 rpm,11 m,1380 mm,1300 mm,,,,,,,,,,,,,,,,,,,,,,,,,,,,,,,,,,,,,,,,,,,,,,,,
peugeot,106,106,106-soleil-1-0-2001-gasolina,106-soleil-1-0-2001-gasolina,https://www.fichacompleta.com.br/carros/peugeot/106-soleil-1-0-2001-gasolina,2026-06-17T21:01:05.261735,Peugeot 106 Soleil 1.0 2001,"17,5 s",145 km/h,Embreagem monodisco a seco,Manual,MA/5,5,Dianteira,Injeção monoponto,Natural,954 cm³,4 em linha,TU9ML/Z,Único no cabeçote,,,Transversal,Dianteiro,"16,3 kg/cv","108,7 kg/kgfm","52,4 cv/litro",50 cv a 6000 rpm,"9,4:1",6400 rpm,"7,9 kgfm/litro","7,5 kgfm a 3700 rpm",2,1380 mm,480 kg,3678 mm,2385 mm,1590 mm,815 kg,215 litros,45 litros,102 mm,145/70 R13,Tambor,Não assistida,11 m,"Independente, McPherson",Mola helicoidal,Eixo de torção,752 km,436 km,"16,7 km/l","9,7 km/l",,,,,1380 mm,1300 mm,62 mm,70 mm,,,,,,,,,,,,,,,,,,,,,,,,,,,,,,,,,,,,,,,,,,,,,,
peugeot,2008,2008,2008-allure-1-6-2015,2008-allure-1-6-2015,https://www.fichacompleta.com.br/carros/peugeot/2008-allure-1-6-2015,2026-06-17T21:01:23.670806,Peugeot 2008 Allure 1.6 2015,"10,2 s",190 km/h,Embreagem monodisco a seco,Manual,MA/5,5,Dianteira,Injeção multiponto,Natural,1587 cm³,4 em linha,EC5JP4,"Duplo no cabeçote, correia dentada",82 mm,"78,5 mm",Transversal,Dianteiro,"9,7 kg/cv","72,1 kg/kgfm","76,9 cv/litro",122 cv (A) 115 cv (G) a 5800 rpm,"12,5:1",,"10,3 kgfm/litro","16,4 kgfm (A) 15,5 kgfm (G) a 4000 rpm",4,1583 mm,427 kg,4159 mm,2542 mm,1739 mm,1183 kg,355 litros,55 litros,123 mm,Disco ventilado,Disco sólido,Elétrica,"10,4 m","Independente, McPherson",Mola helicoidal,Eixo de torção,638 km,561 km,"11,6 km/l","10,2 km/l",,,,,1477 mm,1488 mm,,,,,Hidráulicos,Admissão,22 graus,29 graus,400 kg,400 kg,185/60 R15,"2,3 m²","0,805 m²","0,35",451 km,402 km,"8,2 km/l","7,3 km/l",200 mm,,,,,,,,,,,,,,,,,,,,,,,,,,,,,
peugeot,2008,2008,2008-allure-1-6-at-2015,2008-allure-1-6-at-2015,https://www.fichacompleta.com.br/carros/peugeot/2008-allure-1-6-at-2015,2026-06-17T21:01:28.312084,Peugeot 2008 Allure 1.6 AT 2015,"11,9 s",177 km/h,Conversor de torque,Automático,AT8,4,Dianteira,Injeção multiponto,Natural,1587 cm³,4 em linha,EC5JP4,"Duplo no cabeçote, correia dentada",82 mm,"78,5 mm",Transversal,Dianteiro,"10,0 kg/cv","74,1 kg/kgfm","76,9 cv/litro",122 cv (A) 115 cv (G) a 5800 rpm,"12,5:1",,"10,3 kgfm/litro","16,4 kgfm (A) 15,5 kgfm (G) a 4000 rpm",4,1583 mm,436 kg,4159 mm,2542 mm,1739 mm,1215 kg,355 litros,55 litros,123 mm,Disco ventilado,Disco sólido,Elétrica,"10,4 m","Independente, McPherson",Mola helicoidal,Eixo de torção,605 km,517 km,11 km/l,"9,4 km/l",,,,,1477 mm,1488 mm,,,,,Hidráulicos,Admissão,22 graus,29 graus,350 kg,350 kg,185/60 R15,"2,3 m²","0,805 m²","0,35",435 km,374 km,"7,9 km/l","6,8 km/l",200 mm,,,,,,,,,,,,,,,,,,,,,,,,,,,,,
peugeot,2008,2008,2008-griffe-1-6-2015,2008-griffe-1-6-2015,https://www.fichacompleta.com.br/carros/peugeot/2008-griffe-1-6-2015,2026-06-17T21:01:30.821969,Peugeot 2008 Griffe 1.6 2015,"10,2 s",190 km/h,Embreagem monodisco a seco,Manual,MA/5,5,Dianteira,Injeção multiponto,Natural,1587 cm³,4 em linha,EC5JP4,"Duplo no cabeçote, correia dentada",82 mm,"78,5 mm",Transversal,Dianteiro,"9,9 kg/cv","73,5 kg/kgfm","76,9 cv/litro",122 cv (A) 115 cv (G) a 5800 rpm,"12,5:1",,"10,3 kgfm/litro","16,4 kgfm (A) 15,5 kgfm (G) a 4000 rpm",4,1583 mm,427 kg,4159 mm,2542 mm,1739 mm,1205 kg,355 litros,55 litros,123 mm,Disco ventilado,Disco sólido,Elétrica,"10,4 m","Independente, McPherson",Mola helicoidal,Eixo de torção,638 km,561 km,"11,6 km/l","10,2 km/l",,,,,1477 mm,1488 mm,,,,,Hidráulicos,Admissão,22 graus,29 graus,400 kg,400 kg,185/60 R15,"2,3 m²","0,805 m²","0,35",451 km,402 km,"8,2 km/l","7,3 km/l",200 mm,,,,,,,,,,,,,,,,,,,,,,,,,,,,,
peugeot,2008,2008,2008-griffe-1-6-at-2015,2008-griffe-1-6-at-2015,https://www.fichacompleta.com.br/carros/peugeot/2008-griffe-1-6-at-2015,2026-06-17T21:01:35.635209,Peugeot 2008 Griffe 1.6 AT 2015,"11,9 s",177 km/h,Conversor de torque,Automático,AT8,4,Dianteira,Injeção multiponto,Natural,1587 cm³,4 em linha,EC5JP4,"Duplo no cabeçote, correia dentada",82 mm,"78,5 mm",Transversal,Dianteiro,"10,1 kg/cv","75,4 kg/kgfm","76,9 cv/litro",122 cv (A) 115 cv (G) a 5800 rpm,"12,5:1",,"10,3 kgfm/litro","16,4 kgfm (A) 15,5 kgfm (G) a 4000 rpm",4,1583 mm,436 kg,4159 mm,2542 mm,1739 mm,1236 kg,355 litros,55 litros,123 mm,Disco ventilado,Disco sólido,Elétrica,"10,4 m","Independente, McPherson",Mola helicoidal,Eixo de torção,605 km,517 km,11 km/l,"9,4 km/l",,,,,1477 mm,1488 mm,,,,,Hidráulicos,Admissão,22 graus,29 graus,350 kg,350 kg,185/60 R15,"2,3 m²","0,805 m²","0,35",435 km,374 km,"7,9 km/l","6,8 km/l",200 mm,,,,,,,,,,,,,,,,,,,,,,,,,,,,,
peugeot,2008,2008,2008-griffe-1-6-turbo-2015,2008-griffe-1-6-turbo-2015,https://www.fichacompleta.com.br/carros/peugeot/2008-griffe-1-6-turbo-2015,2026-06-17T21:01:39.809684,Peugeot 2008 Griffe 1.6 Turbo 2015,"8,1 s",209 km/h,Embreagem monodisco a seco,Manual,MCB/6,6,Dianteira,Injeção direta,Turbocompressor,1598 cm³,4 em linha,EP6FDT M,"Duplo no cabeçote, corrente","85,8 mm",77 mm,Transversal,Dianteiro,"7,1 kg/cv","50,2 kg/kgfm","108,3 cv/litro",173 cv (A) 165 cv (G) a 6000 rpm,"10,2:1",6800 rpm,"15,3 kgfm/litro","24,5 kgfm (A) 24,5 kgfm (G) a 1750 rpm",4,1583 mm,400 kg,4159 mm,2542 mm,1739 mm,1231 kg,355 litros,55 litros,123 mm,Disco ventilado,Disco sólido,Elétrica,"10,4 m","Independente, McPherson",Mola helicoidal,Eixo de torção,682 km,589 km,"12,4 km/l","10,7 km/l",,,,,1477 mm,1488 mm,,,,,Hidráulicos,Admissão,22 graus,29 graus,400 kg,400 kg,185/60 R15,"2,3 m²","0,805 m²","0,35",468 km,391 km,"8,5 km/l","7,1 km/l",200 mm,,,,,,,,,,,,,,,,,,,,,,,,,,,,,
peugeot,2008,2008,2008-allure-1-6-2016,2008-allure-1-6-2016,https://www.fichacompleta.com.br/carros/peugeot/2008-allure-1-6-2016,2026-06-17T21:01:43.709203,Peugeot 2008 Allure 1.6 2016,"10,2 s",190 km/h,Embreagem monodisco a seco,Manual,MA/5,5,Dianteira,Injeção multiponto,Natural,1587 cm³,4 em linha,EC5JP4,"Duplo no cabeçote, correia dentada",82 mm,"78,5 mm",Transversal,Dianteiro,"9,7 kg/cv","72,1 kg/kgfm","76,9 cv/litro",122 cv (A) 115 cv (G) a 5800 rpm,"12,5:1",,"10,3 kgfm/litro","16,4 kgfm (A) 15,5 kgfm (G) a 4000 rpm",4,1583 mm,427 kg,4159 mm,2542 mm,1739 mm,1183 kg,355 litros,55 litros,123 mm,Disco ventilado,Disco sólido,Elétrica,"10,4 m","Independente, McPherson",Mola helicoidal,Eixo de torção,638 km,561 km,"11,6 km/l","10,2 km/l",,,,,1477 mm,1488 mm,,,,,Hidráulicos,Admissão,22 graus,29 graus,400 kg,400 kg,185/60 R15,"2,3 m²","0,805 m²","0,35",451 km,402 km,"8,2 km/l","7,3 km/l",200 mm,,,,,,,,,,,,,,,,,,,,,,,,,,,,,
peugeot,2008,2008,2008-allure-1-6-at-2016,2008-allure-1-6-at-2016,https://www.fichacompleta.com.br/carros/peugeot/2008-allure-1-6-at-2016,2026-06-17T21:01:48.164686,Peugeot 2008 Allure 1.6 AT 2016,"11,9 s",177 km/h,Conversor de torque,Automático,AT8,,Dianteira,Injeção multiponto,Natural,1587 cm³,4 em linha,EC5JP4,Duplo no cabeçote,82 mm,"78,5 mm",Transversal,Dianteiro,"10,0 kg/cv","74,1 kg/kgfm","76,9 cv/litro",,11:1,6500 rpm,"10,3 kgfm/litro",,4,1583 mm,436 kg,4159 mm,2542 mm,1739 mm,1215 kg,355 litros,55 litros,123 mm,Disco ventilado,Disco sólido,Elétrica,,"Indep., McPherson",Mola helicoidal,Eixo de torção,605 km,517 km,11 km/l,"9,4 km/l",4,5800 rpm,4000 rpm,"10,4 m",1477 mm,1488 mm,,,,,Hidráulicos,Admissão,22 graus,29 graus,350 kg,350 kg,185/60 R15,"2,3 m²","0,805 m²",,435 km,374 km,"7,9 km/l","6,8 km/l",200 mm,Correia dentada,122 cv,115 cv,"16,4 kgfm","15,5 kgfm","0,35",,,,,,,,,,,,,,,,,,,,,,,
peugeot,2008,2008,2008-griffe-1-6-2016,2008-griffe-1-6-2016,https://www.fichacompleta.com.br/carros/peugeot/2008-griffe-1-6-2016,2026-06-17T21:01:50.979841,Peugeot 2008 Griffe 1.6 2016,"10,2 s",190 km/h,Embreagem monodisco a seco,Manual,MA/5,5,Dianteira,Injeção multiponto,Natural,1587 cm³,4 em linha,EC5JP4,"Duplo no cabeçote, correia dentada",,,Transversal,Dianteiro,"9,9 kg/cv","73,5 kg/kgfm","76,9 cv/litro",122 cv (A) 115 cv (G) a 5800 rpm,"12,5:1",,"10,3 kgfm/litro","16,4 kgfm (A) 15,5 kgfm (G) a 4000 rpm",4,1583 mm,427 kg,4159 mm,2542 mm,1739 mm,1205 kg,355 litros,55 litros,123 mm,Disco ventilado,205/60 R16,Elétrica,"10,4 m","Independente, McPherson",Mola helicoidal,Eixo de torção,638 km,561 km,"11,6 km/l","10,2 km/l",,,,,1477 mm,1488 mm,82 mm,"78,5 mm",,,Hidráulicos,Admissão,22 graus,29 graus,400 kg,400 kg,,"2,3 m²",,"0,35",451 km,402 km,"8,2 km/l","7,3 km/l",,,,,,,,,,,,,,,,,,,,,,,,,,,,,,
peugeot,2008,2008,2008-griffe-1-6-at-2016,2008-griffe-1-6-at-2016,https://www.fichacompleta.com.br/carros/peugeot/2008-griffe-1-6-at-2016,2026-06-17T21:01:55.292605,Peugeot 2008 Griffe 1.6 AT 2016,"11,9 s",177 km/h,Conversor de torque,Automático,AT8,4,Dianteira,Injeção multiponto,Natural,1587 cm³,4 em linha,EC5JP4,"Duplo no cabeçote, correia dentada",82 mm,"78,5 mm",Transversal,Dianteiro,"10,1 kg/cv","75,4 kg/kgfm","76,9 cv/litro",122 cv (A) 115 cv (G) a 5800 rpm,"12,5:1",,"10,3 kgfm/litro","16,4 kgfm (A) 15,5 kgfm (G) a 4000 rpm",4,1583 mm,436 kg,4159 mm,2542 mm,1739 mm,1236 kg,355 litros,55 litros,123 mm,Disco ventilado,Disco sólido,Elétrica,"10,4 m","Independente, McPherson",Mola helicoidal,Eixo de torção,605 km,517 km,11 km/l,"9,4 km/l",,,,,1477 mm,1488 mm,,,,,Hidráulicos,Admissão,22 graus,29 graus,350 kg,350 kg,185/60 R15,"2,3 m²","0,805 m²","0,35",435 km,374 km,"7,9 km/l","6,8 km/l",200 mm,,,,,,,,,,,,,,,,,,,,,,,,,,,,,
peugeot,2008,2008,2008-griffe-1-6-turbo-2016,2008-griffe-1-6-turbo-2016,https://www.fichacompleta.com.br/carros/peugeot/2008-griffe-1-6-turbo-2016,2026-06-17T21:01:59.520051,Peugeot 2008 Griffe 1.6 Turbo 2016,"8,1 s",209 km/h,Embreagem monodisco a seco,Manual,MCB/6,,Dianteira,Injeção direta,Turbocompressor,1598 cm³,4 em linha,EP6FDT M,Duplo no cabeçote,"85,8 mm",77 mm,Transversal,Dianteiro,"7,1 kg/cv","50,2 kg/kgfm","108,3 cv/litro",,"10,2:1",6800 rpm,"15,3 kgfm/litro",,4,1583 mm,400 kg,4159 mm,2542 mm,1739 mm,1231 kg,355 litros,55 litros,123 mm,Disco ventilado,Disco sólido,Elétrica,,"Indep., McPherson",Mola helicoidal,Eixo de torção,682 km,589 km,"12,4 km/l","10,7 km/l",6,6000 rpm,1750 rpm,"10,4 m",1477 mm,1488 mm,,,,,Hidráulicos,Admissão,22 graus,29 graus,400 kg,400 kg,185/60 R15,"2,3 m²","0,805 m²",,468 km,391 km,"8,5 km/l","7,1 km/l",200 mm,Corrente,173 cv,165 cv,"24,5 kgfm","24,5 kgfm","0,35",,,,,,,,,,,,,,,,,,,,,,,
peugeot,2008,2008,2008-allure-1-6-2017,2008-allure-1-6-2017,https://www.fichacompleta.com.br/carros/peugeot/2008-allure-1-6-2017,2026-06-17T21:02:03.331093,Peugeot 2008 Allure 1.6 2017,"10,2 s",190 km/h,Embreagem monodisco a seco,Manual,MA/5,5,Dianteira,Injeção multiponto,Natural,1587 cm³,4 em linha,EC5JP4,"Duplo no cabeçote, correia dentada",82 mm,"78,5 mm",Transversal,Dianteiro,"9,7 kg/cv","72,1 kg/kgfm","76,9 cv/litro",122 cv (A) 115 cv (G) a 5800 rpm,"12,5:1",,"10,3 kgfm/litro","16,4 kgfm (A) 15,5 kgfm (G) a 4000 rpm",4,1583 mm,427 kg,4159 mm,2542 mm,1739 mm,1183 kg,355 litros,55 litros,123 mm,Disco ventilado,Disco sólido,Elétrica,"10,4 m","Independente, McPherson",Mola helicoidal,Eixo de torção,638 km,561 km,"11,6 km/l","10,2 km/l",,,,,1477 mm,1488 mm,,,,,Hidráulicos,Admissão,22 graus,29 graus,400 kg,400 kg,185/60 R15,"2,3 m²","0,805 m²","0,35",451 km,402 km,"8,2 km/l","7,3 km/l",200 mm,,,,,,,,,,,,,,,,,,,,,,,,,,,,,
peugeot,2008,2008,2008-allure-1-6-at-2017,2008-allure-1-6-at-2017,https://www.fichacompleta.com.br/carros/peugeot/2008-allure-1-6-at-2017,2026-06-17T21:02:07.822419,Peugeot 2008 Allure 1.6 AT 2017,"11,9 s",177 km/h,Conversor de torque,Automático,AT8,4,Dianteira,Injeção multiponto,Natural,1587 cm³,4 em linha,EC5JP4,"Duplo no cabeçote, correia dentada",82 mm,"78,5 mm",Transversal,Dianteiro,"10,0 kg/cv","74,1 kg/kgfm","76,9 cv/litro",122 cv (A) 115 cv (G) a 5800 rpm,"12,5:1",,"10,3 kgfm/litro","16,4 kgfm (A) 15,5 kgfm (G) a 4000 rpm",4,1583 mm,436 kg,4159 mm,2542 mm,1739 mm,1215 kg,355 litros,55 litros,123 mm,Disco ventilado,Disco sólido,Elétrica,"10,4 m","Independente, McPherson",Mola helicoidal,Eixo de torção,605 km,517 km,11 km/l,"9,4 km/l",,,,,1477 mm,1488 mm,,,,,Hidráulicos,Admissão,22 graus,29 graus,350 kg,350 kg,185/60 R15,"2,3 m²","0,805 m²","0,35",435 km,374 km,"7,9 km/l","6,8 km/l",200 mm,,,,,,,,,,,,,,,,,,,,,,,,,,,,,
peugeot,2008,2008,2008-allure-business-1-6-at-pcd-2017,2008-allure-business-1-6-at-pcd-2017,https://www.fichacompleta.com.br/carros/peugeot/2008-allure-business-1-6-at-pcd-2017,2026-06-17T21:02:11.359586,Peugeot 2008 Allure Business 1.6 AT [PCD] 2017,"11,9 s",186 km/h,Conversor de torque,Automático,Aisin TF-71SC,,Dianteira,Injeção multiponto,Natural,1587 cm³,4 em linha,EC5JP4,Duplo no cabeçote,82 mm,"78,5 mm",Transversal,Dianteiro,"10,3 kg/cv","75,5 kg/kgfm","74,4 cv/litro",,11:1,6500 rpm,"10,1 kgfm/litro",,4,1583 mm,436 kg,4159 mm,2542 mm,1739 mm,1215 kg,355 litros,55 litros,123 mm,Disco ventilado,Disco sólido,Elétrica,,"Indep., McPherson",Mola helicoidal,Eixo de torção,715 km,589 km,13 km/l,"10,7 km/l",6,5750 rpm,4000 rpm,"10,4 m",1477 mm,1488 mm,,,,,Hidráulicos,Admissão,22 graus,29 graus,350 kg,350 kg,185/60 R15,"2,3 m²","0,805 m²",,506 km,413 km,"9,2 km/l","7,5 km/l",200 mm,Correia dentada,118 cv,115 cv,"16,1 kgfm","16,1 kgfm","0,35",,,,,,,,,,,,,,,,,,,,,,,
peugeot,2008,2008,2008-crossway-1-6-at-2017,2008-crossway-1-6-at-2017,https://www.fichacompleta.com.br/carros/peugeot/2008-crossway-1-6-at-2017,2026-06-17T21:02:15.063363,Peugeot 2008 Crossway 1.6 AT 2017,"11,9 s",177 km/h,Conversor de torque,Automático,AT8,4,Dianteira,Injeção multiponto,Natural,1587 cm³,4 em linha,EC5JP4,"Duplo no cabeçote, correia dentada",82 mm,"78,5 mm",Transversal,Dianteiro,"10,1 kg/cv","75,4 kg/kgfm","76,9 cv/litro",122 cv (A) 115 cv (G) a 5800 rpm,"12,5:1",,"10,3 kgfm/litro","16,4 kgfm (A) 15,5 kgfm (G) a 4000 rpm",4,1583 mm,436 kg,4159 mm,2542 mm,1739 mm,1236 kg,355 litros,55 litros,123 mm,Disco ventilado,Disco sólido,Elétrica,"10,4 m","Independente, McPherson",Mola helicoidal,Eixo de torção,605 km,517 km,11 km/l,"9,4 km/l",,,,,1477 mm,1488 mm,,,,,Hidráulicos,Admissão,22 graus,29 graus,350 kg,350 kg,185/60 R15,"2,3 m²","0,805 m²","0,35",435 km,374 km,"7,9 km/l","6,8 km/l",200 mm,,,,,,,,,,,,,,,,,,,,,,,,,,,,,
peugeot,2008,2008,2008-griffe-1-6-2017,2008-griffe-1-6-2017,https://www.fichacompleta.com.br/carros/peugeot/2008-griffe-1-6-2017,2026-06-17T21:02:18.251882,Peugeot 2008 Griffe 1.6 2017,"10,2 s",190 km/h,Embreagem monodisco a seco,Manual,MA/5,5,Dianteira,Injeção multiponto,Natural,1587 cm³,4 em linha,EC5JP4,"Duplo no cabeçote, correia dentada",82 mm,"78,5 mm",Transversal,Dianteiro,"9,9 kg/cv","73,5 kg/kgfm","76,9 cv/litro",122 cv (A) 115 cv (G) a 5800 rpm,"12,5:1",,"10,3 kgfm/litro","16,4 kgfm (A) 15,5 kgfm (G) a 4000 rpm",4,1583 mm,427 kg,4159 mm,2542 mm,1739 mm,1205 kg,355 litros,55 litros,123 mm,Disco ventilado,Disco sólido,Elétrica,"10,4 m","Independente, McPherson",Mola helicoidal,Eixo de torção,638 km,561 km,"11,6 km/l","10,2 km/l",,,,,1477 mm,1488 mm,,,,,Hidráulicos,Admissão,22 graus,29 graus,400 kg,400 kg,185/60 R15,"2,3 m²","0,805 m²","0,35",451 km,402 km,"8,2 km/l","7,3 km/l",200 mm,,,,,,,,,,,,,,,,,,,,,,,,,,,,,
peugeot,2008,2008,2008-griffe-1-6-at-2017,2008-griffe-1-6-at-2017,https://www.fichacompleta.com.br/carros/peugeot/2008-griffe-1-6-at-2017,2026-06-17T21:02:22.534103,Peugeot 2008 Griffe 1.6 AT 2017,"11,9 s",177 km/h,Conversor de torque,Automático,AT8,4,Dianteira,Injeção multiponto,Natural,1587 cm³,4 em linha,EC5JP4,"Duplo no cabeçote, correia dentada",82 mm,"78,5 mm",Transversal,Dianteiro,"10,1 kg/cv","75,4 kg/kgfm","76,9 cv/litro",122 cv (A) 115 cv (G) a 5800 rpm,"12,5:1",,"10,3 kgfm/litro","16,4 kgfm (A) 15,5 kgfm (G) a 4000 rpm",4,1583 mm,436 kg,4159 mm,2542 mm,1739 mm,1236 kg,355 litros,55 litros,123 mm,Disco ventilado,Disco sólido,Elétrica,"10,4 m","Independente, McPherson",Mola helicoidal,Eixo de torção,605 km,517 km,11 km/l,"9,4 km/l",,,,,1477 mm,1488 mm,,,,,Hidráulicos,Admissão,22 graus,29 graus,350 kg,350 kg,185/60 R15,"2,3 m²","0,805 m²","0,35",435 km,374 km,"7,9 km/l","6,8 km/l",200 mm,,,,,,,,,,,,,,,,,,,,,,,,,,,,,
peugeot,2008,2008,2008-griffe-1-6-turbo-2017,2008-griffe-1-6-turbo-2017,https://www.fichacompleta.com.br/carros/peugeot/2008-griffe-1-6-turbo-2017,2026-06-17T21:02:25.847896,Peugeot 2008 Griffe 1.6 Turbo 2017,"8,1 s",209 km/h,Embreagem monodisco a seco,Manual,MCB/6,6,Dianteira,Injeção direta,Turbocompressor,1598 cm³,4 em linha,EP6FDT M,"Duplo no cabeçote, corrente","85,8 mm",77 mm,Transversal,Dianteiro,"7,1 kg/cv","50,2 kg/kgfm","108,3 cv/litro",173 cv (A) 165 cv (G) a 6000 rpm,"10,2:1",6800 rpm,"15,3 kgfm/litro","24,5 kgfm (A) 24,5 kgfm (G) a 1750 rpm",4,1583 mm,400 kg,4159 mm,2542 mm,1739 mm,1231 kg,355 litros,55 litros,123 mm,Disco ventilado,Disco sólido,Elétrica,"10,4 m","Independente, McPherson",Mola helicoidal,Eixo de torção,682 km,589 km,"12,4 km/l","10,7 km/l",,,,,1477 mm,1488 mm,,,,,Hidráulicos,Admissão,22 graus,29 graus,400 kg,400 kg,185/60 R15,"2,3 m²","0,805 m²","0,35",468 km,391 km,"8,5 km/l","7,1 km/l",200 mm,,,,,,,,,,,,,,,,,,,,,,,,,,,,,
peugeot,2008,2008,2008-allure-1-6-2018,2008-allure-1-6-2018,https://www.fichacompleta.com.br/carros/peugeot/2008-allure-1-6-2018,2026-06-17T21:02:29.930600,Peugeot 2008 Allure 1.6 2018,"10,2 s",190 km/h,Embreagem monodisco a seco,Manual,MA/5,5,Dianteira,Injeção multiponto,Natural,1587 cm³,4 em linha,EC5JP4,"Duplo no cabeçote, correia dentada",82 mm,"78,5 mm",Transversal,Dianteiro,"9,7 kg/cv","72,1 kg/kgfm","76,9 cv/litro",122 cv (A) 115 cv (G) a 5800 rpm,"12,5:1",,"10,3 kgfm/litro","16,4 kgfm (A) 15,5 kgfm (G) a 4000 rpm",4,1583 mm,427 kg,4159 mm,2542 mm,1739 mm,1183 kg,355 litros,55 litros,123 mm,Disco ventilado,Disco sólido,Elétrica,"10,4 m","Independente, McPherson",Mola helicoidal,Eixo de torção,638 km,561 km,"11,6 km/l","10,2 km/l",,,,,1477 mm,1488 mm,,,,,Hidráulicos,Admissão,22 graus,29 graus,400 kg,400 kg,185/60 R15,"2,3 m²","0,805 m²","0,35",451 km,402 km,"8,2 km/l","7,3 km/l",200 mm,,,,,,,,,,,,,,,,,,,,,,,,,,,,,
peugeot,2008,2008,2008-allure-1-6-at-2018,2008-allure-1-6-at-2018,https://www.fichacompleta.com.br/carros/peugeot/2008-allure-1-6-at-2018,2026-06-17T21:02:34.215065,Peugeot 2008 Allure 1.6 AT 2018,"11,9 s",186 km/h,Conversor de torque,Automático,Aisin TF-71SC,6,Dianteira,Injeção multiponto,Natural,1587 cm³,4 em linha,EC5JP4,"Duplo no cabeçote, correia dentada",82 mm,"78,5 mm",Transversal,Dianteiro,"10,3 kg/cv","75,5 kg/kgfm","74,4 cv/litro",118 cv (A) 115 cv (G) a 5750 rpm,"12,5:1",,"10,1 kgfm/litro","16,1 kgfm (A) 16,1 kgfm (G) a 4000 rpm",4,1583 mm,436 kg,4159 mm,2542 mm,1739 mm,1215 kg,355 litros,55 litros,123 mm,Disco ventilado,Disco sólido,Elétrica,"10,4 m","Independente, McPherson",Mola helicoidal,Eixo de torção,715 km,589 km,13 km/l,"10,7 km/l",,,,,1477 mm,1488 mm,,,,,Hidráulicos,Admissão,22 graus,29 graus,350 kg,350 kg,185/60 R15,"2,3 m²","0,805 m²","0,35",506 km,413 km,"9,2 km/l","7,5 km/l",200 mm,,,,,,,,,,,,,,,,,,,,,,,,,,,,,
peugeot,2008,2008,2008-allure-business-1-6-at-pcd-2018,2008-allure-business-1-6-at-pcd-2018,https://www.fichacompleta.com.br/carros/peugeot/2008-allure-business-1-6-at-pcd-2018,2026-06-17T21:02:37.450063,Peugeot 2008 Allure Business 1.6 AT [PCD] 2018,"11,9 s",186 km/h,Conversor de torque,Automático,Aisin TF-71SC,,Dianteira,Injeção multiponto,Natural,1587 cm³,4 em linha,EC5JP4,Duplo no cabeçote,82 mm,"78,5 mm",Transversal,Dianteiro,"10,3 kg/cv","75,5 kg/kgfm","74,4 cv/litro",,11:1,6500 rpm,"10,1 kgfm/litro",,4,1583 mm,436 kg,4159 mm,2542 mm,1739 mm,1215 kg,355 litros,55 litros,123 mm,Disco ventilado,Disco sólido,Elétrica,,"Indep., McPherson",Mola helicoidal,Eixo de torção,715 km,589 km,13 km/l,"10,7 km/l",6,5750 rpm,4000 rpm,"10,4 m",1477 mm,1488 mm,,,,,Hidráulicos,Admissão,22 graus,29 graus,350 kg,350 kg,185/60 R15,"2,3 m²","0,805 m²",,506 km,413 km,"9,2 km/l","7,5 km/l",200 mm,Correia dentada,118 cv,115 cv,"16,1 kgfm","16,1 kgfm","0,35",,,,,,,,,,,,,,,,,,,,,,,
peugeot,2008,2008,2008-crossway-1-6-at-2018,2008-crossway-1-6-at-2018,https://www.fichacompleta.com.br/carros/peugeot/2008-crossway-1-6-at-2018,2026-06-17T21:02:41.037807,Peugeot 2008 Crossway 1.6 AT 2018,"11,9 s",177 km/h,Conversor de torque,Automático,Aisin TF-71SC,6,Dianteira,Injeção multiponto,Natural,1587 cm³,4 em linha,EC5JP4,"Duplo no cabeçote, correia dentada",82 mm,"78,5 mm",Transversal,Dianteiro,"10,5 kg/cv","76,8 kg/kgfm","74,4 cv/litro",118 cv (A) 115 cv (G) a 5750 rpm,"12,5:1",,"10,1 kgfm/litro","16,1 kgfm (A) 16,1 kgfm (G) a 4000 rpm",4,1583 mm,436 kg,4159 mm,2542 mm,1739 mm,1236 kg,355 litros,55 litros,123 mm,Disco ventilado,Disco sólido,Elétrica,"10,4 m","Independente, McPherson",Mola helicoidal,Eixo de torção,715 km,589 km,13 km/l,"10,7 km/l",,,,,1477 mm,1488 mm,,,,,Hidráulicos,Admissão,22 graus,29 graus,350 kg,350 kg,185/60 R15,"2,3 m²","0,805 m²","0,35",506 km,413 km,"9,2 km/l","7,5 km/l",200 mm,,,,,,,,,,,,,,,,,,,,,,,,,,,,,
peugeot,2008,2008,2008-griffe-1-6-2018,2008-griffe-1-6-2018,https://www.fichacompleta.com.br/carros/peugeot/2008-griffe-1-6-2018,2026-06-17T21:02:44.089981,Peugeot 2008 Griffe 1.6 2018,"10,2 s",190 km/h,Embreagem monodisco a seco,Manual,MA/5,,Dianteira,Injeção multiponto,Natural,,4 em linha,EC5JP4,Duplo no cabeçote,82 mm,"78,5 mm",Transversal,Dianteiro,"9,88 kg/cv","73,5 kg/kgfm","76,9 cv/litro",,11:1,6500 rpm,"10,3 kgfm/litro",,4,1583 mm,427 kg,4159 mm,2542 mm,1739 mm,1205 kg,355 litros,55 litros,123 mm,Disco ventilado,Disco sólido,Elétrica,,"Indep., McPherson",Mola helicoidal,Eixo de torção,638 km,561 km,"11,6 km/l","10,2 km/l",5,5800 rpm,4000 rpm,"10,4 m",1477 mm,1488 mm,,,,,Hidráulicos,Admissão,22 graus,29 graus,400 kg,400 kg,185/60 R15,"2,3 m²","0,805 m²",,451 km,402 km,"8,2 km/l","7,3 km/l",200 mm,Correia dentada,122 cv,115 cv,"16,4 kgfm","15,5 kgfm","0,35",397 cm³,1587 cm³,0W-30 ³,,,,,,,,,,,,,,,,,,,,
peugeot,2008,2008,2008-griffe-1-6-at-2018,2008-griffe-1-6-at-2018,https://www.fichacompleta.com.br/carros/peugeot/2008-griffe-1-6-at-2018,2026-06-17T21:02:47.931965,Peugeot 2008 Griffe 1.6 AT 2018,"11,9 s",186 km/h,Conversor de torque,Automático,Aisin TF-71SC,6,Dianteira,Injeção multiponto,Natural,1587 cm³,4 em linha,EC5JP4,"Duplo no cabeçote, correia dentada",82 mm,"78,5 mm",Transversal,Dianteiro,"10,5 kg/cv","76,8 kg/kgfm","74,4 cv/litro",118 cv (A) 115 cv (G) a 5750 rpm,"12,5:1",,"10,1 kgfm/litro","16,1 kgfm (A) 16,1 kgfm (G) a 4000 rpm",4,1583 mm,436 kg,4159 mm,2542 mm,1739 mm,1236 kg,355 litros,55 litros,123 mm,Disco ventilado,Disco sólido,Elétrica,"10,4 m","Independente, McPherson",Mola helicoidal,Eixo de torção,715 km,589 km,13 km/l,"10,7 km/l",,,,,1477 mm,1488 mm,,,,,Hidráulicos,Admissão,22 graus,29 graus,350 kg,350 kg,185/60 R15,"2,3 m²","0,805 m²","0,35",506 km,413 km,"9,2 km/l","7,5 km/l",200 mm,,,,,,,,,,,,,,,,,,,,,,,,,,,,,
peugeot,2008,2008,2008-griffe-1-6-turbo-2018,2008-griffe-1-6-turbo-2018,https://www.fichacompleta.com.br/carros/peugeot/2008-griffe-1-6-turbo-2018,2026-06-17T21:02:51.685676,Peugeot 2008 Griffe 1.6 Turbo 2018,"8,1 s",209 km/h,Embreagem monodisco a seco,Manual,MCB/6,6,Dianteira,Injeção direta,Turbocompressor,1598 cm³,4 em linha,EP6FDT M,"Duplo no cabeçote, corrente","85,8 mm",77 mm,Transversal,Dianteiro,"7,1 kg/cv","50,2 kg/kgfm","108,3 cv/litro",173 cv (A) 165 cv (G) a 6000 rpm,"10,2:1",6800 rpm,"15,3 kgfm/litro","24,5 kgfm (A) 24,5 kgfm (G) a 1750 rpm",4,1583 mm,400 kg,4159 mm,2542 mm,1739 mm,1231 kg,355 litros,55 litros,123 mm,Disco ventilado,Disco sólido,Elétrica,"10,4 m","Independente, McPherson",Mola helicoidal,Eixo de torção,682 km,589 km,"12,4 km/l","10,7 km/l",,,,,1477 mm,1488 mm,,,,,Hidráulicos,Admissão,22 graus,29 graus,400 kg,400 kg,185/60 R15,"2,3 m²","0,805 m²","0,35",468 km,391 km,"8,5 km/l","7,1 km/l",200 mm,,,,,,,,,,,,,,,,,,,,,,,,,,,,,
peugeot,2008,2008,2008-allure-1-6-2019,2008-allure-1-6-2019,https://www.fichacompleta.com.br/carros/peugeot/2008-allure-1-6-2019,2026-06-17T21:02:54.440667,Peugeot 2008 Allure 1.6 2019,"10,2 s",190 km/h,Embreagem monodisco a seco,Manual,MA/5,5,Dianteira,Injeção multiponto,Natural,1587 cm³,4 em linha,EC5JP4,"Duplo no cabeçote, correia dentada",82 mm,"78,5 mm",Transversal,Dianteiro,"9,7 kg/cv","72,1 kg/kgfm","76,9 cv/litro",122 cv (A) 115 cv (G) a 5800 rpm,"12,5:1",,"10,3 kgfm/litro","16,4 kgfm (A) 15,5 kgfm (G) a 4000 rpm",4,1583 mm,427 kg,4159 mm,2542 mm,1739 mm,1183 kg,355 litros,55 litros,123 mm,Disco ventilado,Disco sólido,Elétrica,"10,4 m","Independente, McPherson",Mola helicoidal,Eixo de torção,710 km,638 km,"12,9 km/l","11,6 km/l",,,,,1477 mm,1488 mm,,,,,Hidráulicos,Admissão,22 graus,29 graus,400 kg,400 kg,185/60 R15,"2,3 m²","0,805 m²","0,35",490 km,457 km,"8,9 km/l","8,3 km/l",200 mm,,,,,,,,,,,,,,,,,,,,,,,,,,,,,
peugeot,2008,2008,2008-allure-1-6-at-2019,2008-allure-1-6-at-2019,https://www.fichacompleta.com.br/carros/peugeot/2008-allure-1-6-at-2019,2026-06-17T21:02:58.986533,Peugeot 2008 Allure 1.6 AT 2019,"11,9 s",186 km/h,Conversor de torque,Automático,Aisin TF-71SC,6,Dianteira,Injeção multiponto,Natural,1587 cm³,4 em linha,EC5JP4,"Duplo no cabeçote, correia dentada",82 mm,"78,5 mm",Transversal,Dianteiro,"10,3 kg/cv","75,5 kg/kgfm","74,4 cv/litro",118 cv (A) 115 cv (G) a 5750 rpm,"12,5:1",,"10,1 kgfm/litro","16,1 kgfm (A) 16,1 kgfm (G) a 4000 rpm",4,1583 mm,436 kg,4159 mm,2542 mm,1739 mm,1215 kg,355 litros,55 litros,123 mm,Disco ventilado,Disco sólido,Elétrica,"10,4 m","Independente, McPherson",Mola helicoidal,Eixo de torção,715 km,589 km,13 km/l,"10,7 km/l",,,,,1477 mm,1488 mm,,,,,Hidráulicos,Admissão,22 graus,29 graus,350 kg,350 kg,185/60 R15,"2,3 m²","0,805 m²","0,35",506 km,413 km,"9,2 km/l","7,5 km/l",200 mm,,,,,,,,,,,,,,,,,,,,,,,,,,,,,
peugeot,2008,2008,2008-allure-business-1-6-at-pcd-2019,2008-allure-business-1-6-at-pcd-2019,https://www.fichacompleta.com.br/carros/peugeot/2008-allure-business-1-6-at-pcd-2019,2026-06-17T21:03:03.619735,Peugeot 2008 Allure Business 1.6 AT [PCD] 2019,"11,9 s",186 km/h,Conversor de torque,Automático,Aisin TF-71SC,6,Dianteira,Injeção multiponto,Natural,1587 cm³,4 em linha,EC5JP4,"Duplo no cabeçote, correia dentada",82 mm,"78,5 mm",Transversal,Dianteiro,"10,3 kg/cv","75,5 kg/kgfm","74,4 cv/litro",118 cv (A) 115 cv (G) a 5750 rpm,"12,5:1",,"10,1 kgfm/litro","16,1 kgfm (A) 16,1 kgfm (G) a 4000 rpm",4,1583 mm,436 kg,4159 mm,2542 mm,1739 mm,1215 kg,355 litros,55 litros,123 mm,Disco ventilado,Disco sólido,Elétrica,"10,4 m","Independente, McPherson",Mola helicoidal,Eixo de torção,715 km,589 km,13 km/l,"10,7 km/l",,,,,1477 mm,1488 mm,,,,,Hidráulicos,Admissão,22 graus,29 graus,350 kg,350 kg,185/60 R15,"2,3 m²","0,805 m²","0,35",506 km,413 km,"9,2 km/l","7,5 km/l",200 mm,,,,,,,,,,,,,,,,,,,,,,,,,,,,,
peugeot,2008,2008,2008-crossway-1-6-at-2019,2008-crossway-1-6-at-2019,https://www.fichacompleta.com.br/carros/peugeot/2008-crossway-1-6-at-2019,2026-06-17T21:03:07.393427,Peugeot 2008 Crossway 1.6 AT 2019,"11,9 s",177 km/h,Conversor de torque,Automático,Aisin TF-71SC,6,Dianteira,Injeção multiponto,Natural,1587 cm³,4 em linha,EC5JP4,"Duplo no cabeçote, correia dentada",82 mm,"78,5 mm",Transversal,Dianteiro,"10,5 kg/cv","76,8 kg/kgfm","74,4 cv/litro",118 cv (A) 115 cv (G) a 5750 rpm,"12,5:1",,"10,1 kgfm/litro","16,1 kgfm (A) 16,1 kgfm (G) a 4000 rpm",4,1583 mm,436 kg,4159 mm,2542 mm,1739 mm,1236 kg,355 litros,55 litros,123 mm,Disco ventilado,Disco sólido,Elétrica,"10,4 m","Independente, McPherson",Mola helicoidal,Eixo de torção,715 km,589 km,13 km/l,"10,7 km/l",,,,,1477 mm,1488 mm,,,,,Hidráulicos,Admissão,22 graus,29 graus,350 kg,350 kg,185/60 R15,"2,3 m²","0,805 m²","0,35",506 km,413 km,"9,2 km/l","7,5 km/l",200 mm,,,,,,,,,,,,,,,,,,,,,,,,,,,,,
peugeot,2008,2008,2008-griffe-1-6-at-2019,2008-griffe-1-6-at-2019,https://www.fichacompleta.com.br/carros/peugeot/2008-griffe-1-6-at-2019,2026-06-17T21:03:10.288814,Peugeot 2008 Griffe 1.6 AT 2019,"11,9 s",186 km/h,Conversor de torque,Automático,Aisin TF-71SC,6,Dianteira,Injeção multiponto,Natural,1587 cm³,4 em linha,EC5JP4,"Duplo no cabeçote, correia dentada",82 mm,"78,5 mm",Transversal,Dianteiro,"10,5 kg/cv","76,8 kg/kgfm","74,4 cv/litro",118 cv (A) 115 cv (G) a 5750 rpm,"12,5:1",,"10,1 kgfm/litro","16,1 kgfm (A) 16,1 kgfm (G) a 4000 rpm",4,1583 mm,436 kg,4159 mm,2542 mm,1739 mm,1236 kg,355 litros,55 litros,123 mm,Disco ventilado,Disco sólido,Elétrica,"10,4 m","Independente, McPherson",Mola helicoidal,Eixo de torção,715 km,589 km,13 km/l,"10,7 km/l",,,,,1477 mm,1488 mm,,,,,Hidráulicos,Admissão,22 graus,29 graus,350 kg,350 kg,185/60 R15,"2,3 m²","0,805 m²","0,35",506 km,413 km,"9,2 km/l","7,5 km/l",200 mm,,,,,,,,,,,,,,,,,,,,,,,,,,,,,
peugeot,2008,2008,2008-griffe-1-6-turbo-2019,2008-griffe-1-6-turbo-2019,https://www.fichacompleta.com.br/carros/peugeot/2008-griffe-1-6-turbo-2019,2026-06-17T21:03:13.284221,Peugeot 2008 Griffe 1.6 Turbo 2019,"8,1 s",209 km/h,Embreagem monodisco a seco,Manual,MCB/6,6,Dianteira,Injeção direta,Turbocompressor,1598 cm³,4 em linha,EP6FDT M,"Duplo no cabeçote, corrente","85,8 mm",77 mm,Transversal,Dianteiro,"7,1 kg/cv","50,2 kg/kgfm","108,3 cv/litro",173 cv (A) 165 cv (G) a 6000 rpm,"10,2:1",6800 rpm,"15,3 kgfm/litro","24,5 kgfm (A) 24,5 kgfm (G) a 1750 rpm",4,1583 mm,400 kg,4159 mm,2542 mm,1739 mm,1231 kg,355 litros,55 litros,123 mm,Disco ventilado,Disco sólido,Elétrica,"10,4 m","Independente, McPherson",Mola helicoidal,Eixo de torção,743 km,688 km,"13,5 km/l","12,5 km/l",,,,,1477 mm,1488 mm,,,,,Hidráulicos,Admissão,22 graus,29 graus,400 kg,400 kg,185/60 R15,"2,3 m²","0,805 m²","0,35",512 km,462 km,"9,3 km/l","8,4 km/l",200 mm,,,,,,,,,,,,,,,,,,,,,,,,,,,,,
peugeot,2008,2008,2008-style-1-6-at-2019,2008-style-1-6-at-2019,https://www.fichacompleta.com.br/carros/peugeot/2008-style-1-6-at-2019,2026-06-17T21:03:17.101798,Peugeot 2008 Style 1.6 AT 2019,"11,9 s",186 km/h,Conversor de torque,Automático,Aisin TF-71SC,6,Dianteira,Injeção multiponto,Natural,1587 cm³,4 em linha,EC5JP4,"Duplo no cabeçote, correia dentada",82 mm,"78,5 mm",Transversal,Dianteiro,"10,3 kg/cv","75,5 kg/kgfm","74,4 cv/litro",118 cv (A) 115 cv (G) a 5750 rpm,"12,5:1",,"10,1 kgfm/litro","16,1 kgfm (A) 16,1 kgfm (G) a 4000 rpm",4,1583 mm,436 kg,4159 mm,2542 mm,1739 mm,1215 kg,355 litros,55 litros,123 mm,Disco ventilado,Disco sólido,Elétrica,"10,4 m","Independente, McPherson",Mola helicoidal,Eixo de torção,715 km,589 km,13 km/l,"10,7 km/l",,,,,1477 mm,1488 mm,,,,,Hidráulicos,Admissão,22 graus,29 graus,350 kg,350 kg,185/60 R15,"2,3 m²","0,805 m²","0,35",506 km,413 km,"9,2 km/l","7,5 km/l",200 mm,,,,,,,,,,,,,,,,,,,,,,,,,,,,,
peugeot,2008,2008,2008-allure-1-6-2020,2008-allure-1-6-2020,https://www.fichacompleta.com.br/carros/peugeot/2008-allure-1-6-2020,2026-06-17T21:03:20.697509,Peugeot 2008 Allure 1.6 2020,"10,2 s",190 km/h,Embreagem monodisco a seco,Manual,MA/5,,Dianteira,Injeção multiponto,Natural,,4 em linha,EC5JP4,Duplo no cabeçote,82 mm,"78,5 mm",Transversal,Dianteiro,"9,70 kg/cv","72,1 kg/kgfm","76,9 cv/litro",,11:1,6500 rpm,"10,3 kgfm/litro",,4,1583 mm,427 kg,4159 mm,2542 mm,1739 mm,1183 kg,355 litros,55 litros,123 mm,Disco ventilado,Disco sólido,Elétrica,,"Indep., McPherson",Mola helicoidal,Eixo de torção,710 km,638 km,"12,9 km/l","11,6 km/l",5,5800 rpm,4000 rpm,"10,4 m",1477 mm,1488 mm,,,,,Hidráulicos,Admissão,22 graus,29 graus,400 kg,400 kg,185/60 R15,"2,3 m²","0,805 m²",,490 km,457 km,"8,9 km/l","8,3 km/l",200 mm,Correia dentada,122 cv,115 cv,"16,4 kgfm","15,5 kgfm","0,35",397 cm³,1587 cm³,0W-30 ³,,,,,,,,,,,,,,,,,,,,
peugeot,2008,2008,2008-allure-1-6-at-2020,2008-allure-1-6-at-2020,https://www.fichacompleta.com.br/carros/peugeot/2008-allure-1-6-at-2020,2026-06-17T21:03:23.478319,Peugeot 2008 Allure 1.6 AT 2020,"12,4 s",186 km/h,Conversor de torque,Automático,Aisin TF-71SC,,Dianteira,Injeção multiponto,Natural,1587 cm³,4 em linha,EC5JP4,Duplo no cabeçote,82 mm,"78,5 mm",Transversal,Dianteiro,"10,3 kg/cv","75,5 kg/kgfm","74,4 cv/litro",,11:1,6500 rpm,"10,1 kgfm/litro",,4,1583 mm,400 kg,4170 mm,2537 mm,1739 mm,1215 kg,355 litros,55 litros,123 mm,Disco ventilado,Disco sólido,Elétrica,,"Indep., McPherson",Mola helicoidal,Eixo de torção,704 km,578 km,"12,8 km/l","10,5 km/l",6,5750 rpm,4750 rpm,"10,4 m",1477 mm,1488 mm,,,,,Hidráulicos,Admissão,23 graus,27 graus,350 kg,350 kg,185/60 R15,"2,3 m²","0,805 m²",,478 km,402 km,"8,7 km/l","7,3 km/l",200 mm,Correia dentada,118 cv,115 cv,"16,1 kgfm","16,1 kgfm","0,35",,,,,,,,,,,,,,,,,,,,,,,
peugeot,2008,2008,2008-allure-business-1-6-at-pcd-2020,2008-allure-business-1-6-at-pcd-2020,https://www.fichacompleta.com.br/carros/peugeot/2008-allure-business-1-6-at-pcd-2020,2026-06-17T21:03:26.844879,Peugeot 2008 Allure Business 1.6 AT [PCD] 2020,"11,9 s",186 km/h,Conversor de torque,Automático,Aisin TF-71SC,,Dianteira,Injeção multiponto,Natural,1587 cm³,4 em linha,EC5JP4,Duplo no cabeçote,82 mm,"78,5 mm",Transversal,Dianteiro,"10,3 kg/cv","75,5 kg/kgfm","74,4 cv/litro",,11:1,6500 rpm,"10,1 kgfm/litro",,4,1583 mm,400 kg,4170 mm,2537 mm,1739 mm,1215 kg,355 litros,55 litros,123 mm,Disco ventilado,Disco sólido,Elétrica,,"Indep., McPherson",Mola helicoidal,Eixo de torção,704 km,578 km,"12,8 km/l","10,5 km/l",6,5750 rpm,4000 rpm,"10,4 m",1477 mm,1488 mm,,,,,Hidráulicos,Admissão,22 graus,27 graus,350 kg,350 kg,185/60 R15,"2,3 m²","0,805 m²",,478 km,402 km,"8,7 km/l","7,3 km/l",200 mm,Correia dentada,118 cv,115 cv,"16,1 kgfm","16,1 kgfm","0,35",,,,,,,,,,,,,,,,,,,,,,,
peugeot,2008,2008,2008-allure-pack-1-6-at-2020,2008-allure-pack-1-6-at-2020,https://www.fichacompleta.com.br/carros/peugeot/2008-allure-pack-1-6-at-2020,2026-06-17T21:03:31.213149,Peugeot 2008 Allure Pack 1.6 AT 2020,"12,4 s",186 km/h,Conversor de torque,Automático,Aisin TF-71SC,,Dianteira,Injeção multiponto,Natural,1587 cm³,4 em linha,EC5JP4,Duplo no cabeçote,82 mm,"78,5 mm",Transversal,Dianteiro,"10,3 kg/cv","75,5 kg/kgfm","74,4 cv/litro",,11:1,6500 rpm,"10,1 kgfm/litro",,4,1583 mm,400 kg,4170 mm,2537 mm,1739 mm,1215 kg,355 litros,55 litros,123 mm,Disco ventilado,Disco sólido,Elétrica,,"Indep., McPherson",Mola helicoidal,Eixo de torção,704 km,578 km,"12,8 km/l","10,5 km/l",6,5750 rpm,4750 rpm,"10,4 m",1477 mm,1488 mm,,,,,Hidráulicos,Admissão,23 graus,27 graus,350 kg,350 kg,185/60 R15,"2,3 m²","0,805 m²",,478 km,402 km,"8,7 km/l","7,3 km/l",200 mm,Correia dentada,118 cv,115 cv,"16,1 kgfm","16,1 kgfm","0,35",,,,,,,,,,,,,,,,,,,,,,,
peugeot,2008,2008,2008-allure-pack-business-1-6-at-pcd-2020,2008-allure-pack-business-1-6-at-pcd-2020,https://www.fichacompleta.com.br/carros/peugeot/2008-allure-pack-business-1-6-at-pcd-2020,2026-06-17T21:03:34.517525,Peugeot 2008 Allure Pack Business 1.6 AT [PCD] 2020,"12,4 s",186 km/h,Conversor de torque,Automático,Aisin TF-71SC,,Dianteira,Injeção multiponto,Natural,1587 cm³,4 em linha,EC5JP4,Duplo no cabeçote,82 mm,"78,5 mm",Transversal,Dianteiro,"10,3 kg/cv","75,5 kg/kgfm","74,4 cv/litro",,11:1,6500 rpm,"10,1 kgfm/litro",,4,1583 mm,400 kg,4170 mm,2537 mm,1739 mm,1215 kg,355 litros,55 litros,123 mm,Disco ventilado,Disco sólido,Elétrica,,"Indep., McPherson",Mola helicoidal,Eixo de torção,704 km,578 km,"12,8 km/l","10,5 km/l",6,5750 rpm,4750 rpm,"10,4 m",1477 mm,1488 mm,,,,,Hidráulicos,Admissão,23 graus,27 graus,350 kg,350 kg,185/60 R15,"2,3 m²","0,805 m²",,478 km,402 km,"8,7 km/l","7,3 km/l",200 mm,Correia dentada,118 cv,115 cv,"16,1 kgfm","16,1 kgfm","0,35",,,,,,,,,,,,,,,,,,,,,,,
peugeot,2008,2008,2008-crossway-1-6-at-2020,2008-crossway-1-6-at-2020,https://www.fichacompleta.com.br/carros/peugeot/2008-crossway-1-6-at-2020,2026-06-17T21:03:38.826855,Peugeot 2008 Crossway 1.6 AT 2020,"11,9 s",177 km/h,Conversor de torque,Automático,Aisin TF-71SC,,Dianteira,Injeção multiponto,Natural,,4 em linha,EC5JP4,Duplo no cabeçote,82 mm,"78,5 mm",Transversal,Dianteiro,"10,47 kg/cv","76,8 kg/kgfm","74,4 cv/litro",,11:1,6500 rpm,"10,1 kgfm/litro",,4,1583 mm,436 kg,4159 mm,2542 mm,1739 mm,1236 kg,355 litros,55 litros,123 mm,Disco ventilado,Disco sólido,Elétrica,,"Indep., McPherson",Mola helicoidal,Eixo de torção,715 km,589 km,13 km/l,"10,7 km/l",6,5750 rpm,4000 rpm,"10,4 m",1477 mm,1488 mm,,,,,Hidráulicos,Admissão,22 graus,29 graus,350 kg,350 kg,185/60 R15,"2,3 m²","0,805 m²",,506 km,413 km,"9,2 km/l","7,5 km/l",200 mm,Correia dentada,118 cv,115 cv,"16,1 kgfm","16,1 kgfm","0,35",397 cm³,1587 cm³,0W-30 ³,,,,,,,,,,,,,,,,,,,,
peugeot,2008,2008,2008-griffe-1-6-at-2020,2008-griffe-1-6-at-2020,https://www.fichacompleta.com.br/carros/peugeot/2008-griffe-1-6-at-2020,2026-06-17T21:03:42.739388,Peugeot 2008 Griffe 1.6 AT 2020,"12,4 s",186 km/h,Conversor de torque,Automático,Aisin TF-71SC,,Dianteira,Injeção multiponto,Natural,1587 cm³,4 em linha,EC5JP4,Duplo no cabeçote,82 mm,"78,5 mm",Transversal,Dianteiro,"10,6 kg/cv","77,5 kg/kgfm","74,4 cv/litro",,11:1,6500 rpm,"10,1 kgfm/litro",,4,1583 mm,400 kg,4170 mm,2537 mm,1739 mm,1248 kg,355 litros,55 litros,123 mm,Disco ventilado,Disco sólido,Elétrica,,"Indep., McPherson",Mola helicoidal,Eixo de torção,704 km,578 km,"12,8 km/l","10,5 km/l",6,5750 rpm,4750 rpm,"10,4 m",1477 mm,1488 mm,,,,,Hidráulicos,Admissão,23 graus,27 graus,350 kg,350 kg,185/60 R15,"2,3 m²","0,805 m²",,478 km,402 km,"8,7 km/l","7,3 km/l",200 mm,Correia dentada,118 cv,115 cv,"16,1 kgfm","16,1 kgfm","0,35",,,,,,,,,,,,,,,,,,,,,,,
peugeot,2008,2008,2008-griffe-1-6-turbo-2020,2008-griffe-1-6-turbo-2020,https://www.fichacompleta.com.br/carros/peugeot/2008-griffe-1-6-turbo-2020,2026-06-17T21:03:46.642804,Peugeot 2008 Griffe 1.6 Turbo 2020,"8,1 s",209 km/h,Embreagem monodisco a seco,Manual,MCB/6,,Dianteira,Injeção direta,Turbocompressor,1598 cm³,4 em linha,EP6FDT M,Duplo no cabeçote,"85,8 mm",77 mm,Transversal,Dianteiro,"7,1 kg/cv","50,2 kg/kgfm","108,3 cv/litro",,"10,2:1",6800 rpm,"15,3 kgfm/litro",,4,1583 mm,400 kg,4159 mm,2542 mm,1739 mm,1231 kg,355 litros,55 litros,123 mm,Disco ventilado,Disco sólido,Elétrica,,"Indep., McPherson",Mola helicoidal,Eixo de torção,743 km,688 km,"13,5 km/l","12,5 km/l",6,,,"10,4 m",1477 mm,1488 mm,,,6000 rpm,1750 rpm,Hidráulicos,Admissão,22 graus,29 graus,400 kg,400 kg,185/60 R15,"2,3 m²","0,805 m²",,512 km,462 km,"9,3 km/l","8,4 km/l",200 mm,Corrente,,,,,"0,35",,,,173 cv,165 cv,"24,5 kgfm","24,5 kgfm",,,,,,,,,,,,,,,,
peugeot,2008,2008,2008-griffe-1-6-turbo-at-2020,2008-griffe-1-6-turbo-at-2020,https://www.fichacompleta.com.br/carros/peugeot/2008-griffe-1-6-turbo-at-2020,2026-06-17T21:03:51.174249,Peugeot 2008 Griffe 1.6 Turbo AT 2020,"8,8 s",209 km/h,Conversor de torque,Automático,Aisin TF-71SC,,Dianteira,Injeção direta,Turbocompressor,1598 cm³,4 em linha,EP6FDT M,Duplo no cabeçote,"85,8 mm",77 mm,Transversal,Dianteiro,"7,2 kg/cv","51,0 kg/kgfm","108,3 cv/litro",,"10,2:1",6800 rpm,"15,3 kgfm/litro",,4,1583 mm,400 kg,4170 mm,2537 mm,1739 mm,1250 kg,355 litros,55 litros,123 mm,Disco ventilado,Disco sólido,Elétrica,,"Indep., McPherson",Mola helicoidal,Eixo de torção,721 km,583 km,"13,1 km/l","10,6 km/l",6,6000 rpm,1400 rpm,"10,4 m",1477 mm,1488 mm,,,,,Hidráulicos,Admissão,23 graus,27 graus,350 kg,350 kg,185/60 R15,"2,3 m²","0,805 m²",,495 km,407 km,9 km/l,"7,4 km/l",200 mm,Corrente,173 cv,165 cv,"24,5 kgfm","24,5 kgfm","0,35",,,,,,,,,,,,,,,,,,,,,,,
peugeot,2008,2008,2008-in-concert-1-6-turbo-at-2020,2008-in-concert-1-6-turbo-at-2020,https://www.fichacompleta.com.br/carros/peugeot/2008-in-concert-1-6-turbo-at-2020,2026-06-17T21:03:54.874621,Peugeot 2008 In Concert 1.6 Turbo AT 2020,"8,8 s",209 km/h,Conversor de torque,Automático,Aisin TF-71SC,,Dianteira,Injeção direta,Turbocompressor,1598 cm³,4 em linha,EP6FDT M,Duplo no cabeçote,"85,8 mm",77 mm,Transversal,Dianteiro,"7,2 kg/cv","51,0 kg/kgfm","108,3 cv/litro",,"10,2:1",6800 rpm,"15,3 kgfm/litro",,4,1583 mm,400 kg,4170 mm,2537 mm,1739 mm,1250 kg,355 litros,55 litros,123 mm,Disco ventilado,Disco sólido,Elétrica,,"Indep., McPherson",Mola helicoidal,Eixo de torção,721 km,583 km,"13,1 km/l","10,6 km/l",6,6000 rpm,1400 rpm,"10,4 m",1477 mm,1488 mm,,,,,Hidráulicos,Admissão,23 graus,27 graus,350 kg,350 kg,185/60 R15,"2,3 m²","0,805 m²",,495 km,407 km,9 km/l,"7,4 km/l",200 mm,Corrente,173 cv,165 cv,"24,5 kgfm","24,5 kgfm","0,35",,,,,,,,,,,,,,,,,,,,,,,
peugeot,2008,2008,2008-allure-1-6-at-2021,2008-allure-1-6-at-2021,https://www.fichacompleta.com.br/carros/peugeot/2008-allure-1-6-at-2021,2026-06-17T21:03:59.601747,Peugeot 2008 Allure 1.6 AT 2021,"12,4 s",186 km/h,Conversor de torque,Automático,Aisin TF-71SC,6,Dianteira,Injeção multiponto,Natural,1587 cm³,4 em linha,EC5JP4,"Duplo no cabeçote, correia dentada",,,Transversal,Dianteiro,"10,3 kg/cv","75,5 kg/kgfm","74,4 cv/litro",118 cv (A) 115 cv (G) a 5750 rpm,"12,5:1",,"10,1 kgfm/litro","16,1 kgfm (A) 16,1 kgfm (G) a 4750 rpm",4,1583 mm,436 kg,4159 mm,2542 mm,1739 mm,1215 kg,355 litros,55 litros,123 mm,Disco ventilado,205/60 R16,Elétrica,"10,4 m","Independente, McPherson",Mola helicoidal,Eixo de torção,704 km,578 km,"12,8 km/l","10,5 km/l",,,,,1477 mm,1488 mm,82 mm,"78,5 mm",,,Hidráulicos,Admissão,23 graus,29 graus,350 kg,350 kg,,"2,3 m²",,"0,35",478 km,402 km,"8,7 km/l","7,3 km/l",,,,,,,,,,,,,,,,,,,,,,,,,,,,,,
peugeot,2008,2008,2008-allure-pack-1-6-at-2021,2008-allure-pack-1-6-at-2021,https://www.fichacompleta.com.br/carros/peugeot/2008-allure-pack-1-6-at-2021,2026-06-17T21:04:02.697096,Peugeot 2008 Allure Pack 1.6 AT 2021,"12,4 s",186 km/h,Conversor de torque,Automático,Aisin TF-71SC,,Dianteira,Injeção multiponto,Natural,1587 cm³,4 em linha,EC5JP4,Duplo no cabeçote,82 mm,"78,5 mm",Transversal,Dianteiro,"10,3 kg/cv","75,5 kg/kgfm","74,4 cv/litro",,11:1,6500 rpm,"10,1 kgfm/litro",,4,1583 mm,400 kg,4170 mm,2537 mm,1739 mm,1215 kg,355 litros,55 litros,123 mm,Disco ventilado,Disco sólido,Elétrica,,"Indep., McPherson",Mola helicoidal,Eixo de torção,704 km,578 km,"12,8 km/l","10,5 km/l",6,5750 rpm,4750 rpm,"10,4 m",1477 mm,1488 mm,,,,,Hidráulicos,Admissão,23 graus,27 graus,350 kg,350 kg,185/60 R15,"2,3 m²","0,805 m²",,478 km,402 km,"8,7 km/l","7,3 km/l",200 mm,Correia dentada,118 cv,115 cv,"16,1 kgfm","16,1 kgfm","0,35",,,,,,,,,,,,,,,,,,,,,,,
peugeot,2008,2008,2008-griffe-1-6-at-2021,2008-griffe-1-6-at-2021,https://www.fichacompleta.com.br/carros/peugeot/2008-griffe-1-6-at-2021,2026-06-17T21:04:06.163340,Peugeot 2008 Griffe 1.6 AT 2021,"12,4 s",186 km/h,Conversor de torque,Automático,Aisin TF-71SC,,Dianteira,Injeção multiponto,Natural,,4 em linha,EC5JP4,Duplo no cabeçote,82 mm,"78,5 mm",Transversal,Dianteiro,"10,58 kg/cv","77,5 kg/kgfm","74,4 cv/litro",,11:1,6500 rpm,"10,1 kgfm/litro",,4,1583 mm,400 kg,4170 mm,2537 mm,1739 mm,1248 kg,355 litros,55 litros,123 mm,Disco ventilado,Disco sólido,Elétrica,,"Indep., McPherson",Mola helicoidal,Eixo de torção,704 km,578 km,"12,8 km/l","10,5 km/l",6,5750 rpm,4750 rpm,"10,4 m",1477 mm,1488 mm,,,,,Hidráulicos,Admissão,23 graus,27 graus,350 kg,350 kg,185/60 R15,"2,3 m²","0,805 m²",,478 km,402 km,"8,7 km/l","7,3 km/l",200 mm,Correia dentada,118 cv,115 cv,"16,1 kgfm","16,1 kgfm","0,35",397 cm³,1587 cm³,0W-30 ³,,,,,,,,,,,,,,,,,,,,
peugeot,2008,2008,2008-griffe-1-6-turbo-at-2021,2008-griffe-1-6-turbo-at-2021,https://www.fichacompleta.com.br/carros/peugeot/2008-griffe-1-6-turbo-at-2021,2026-06-17T21:04:10.550250,Peugeot 2008 Griffe 1.6 Turbo AT 2021,"8,8 s",209 km/h,Conversor de torque,Automático,Aisin TF-71SC,6,Dianteira,Injeção direta,Turbocompressor,1598 cm³,4 em linha,EP6FDT M,"Duplo no cabeçote, corrente",,,Transversal,Dianteiro,"7,2 kg/cv","51,0 kg/kgfm","108,3 cv/litro",173 cv (A) 165 cv (G) a 6000 rpm,"10,2:1",6800 rpm,"15,3 kgfm/litro","24,5 kgfm (A) 24,5 kgfm (G) a 1400 rpm",4,1583 mm,400 kg,4159 mm,2542 mm,1739 mm,1250 kg,355 litros,55 litros,123 mm,Disco ventilado,Disco sólido,Elétrica,"10,4 m","Independente, McPherson",Mola helicoidal,Eixo de torção,721 km,583 km,"13,1 km/l","10,6 km/l",,,,,1477 mm,1488 mm,"85,8 mm",77 mm,,,Hidráulicos,Admissão,23 graus,29 graus,400 kg,400 kg,185/60 R15,"2,3 m²","0,805 m²","0,35",495 km,407 km,9 km/l,"7,4 km/l",200 mm,,,,,,,,,,,,,,,,,,,,,,,,,,,,,
peugeot,2008,2008,2008-allure-1-6-at-2022,2008-allure-1-6-at-2022,https://www.fichacompleta.com.br/carros/peugeot/2008-allure-1-6-at-2022,2026-06-17T21:04:14.708804,Peugeot 2008 Allure 1.6 AT 2022,"12,4 s",186 km/h,Conversor de torque,Automático,Aisin TF-71SC,,Dianteira,Injeção multiponto,Natural,,4 em linha,EC5JP4,Duplo no cabeçote,82 mm,"78,5 mm",Transversal,Dianteiro,"10,30 kg/cv","75,5 kg/kgfm","74,4 cv/litro",,11:1,6500 rpm,"10,1 kgfm/litro",,4,1583 mm,400 kg,4170 mm,2537 mm,1739 mm,1215 kg,355 litros,55 litros,123 mm,Disco ventilado,Disco sólido,Elétrica,,"Indep., McPherson",Mola helicoidal,Eixo de torção,704 km,578 km,"12,8 km/l","10,5 km/l",6,5750 rpm,4750 rpm,"10,4 m",1477 mm,1488 mm,,,,,Hidráulicos,Admissão,23 graus,27 graus,350 kg,350 kg,185/60 R15,"2,3 m²","0,805 m²",,478 km,402 km,"8,7 km/l","7,3 km/l",200 mm,Correia dentada,118 cv,115 cv,"16,1 kgfm","16,1 kgfm","0,35",397 cm³,1587 cm³,0W-30 ³,,,,,,,,,,,,,,,,,,,,
peugeot,2008,2008,2008-allure-pack-1-6-at-2022,2008-allure-pack-1-6-at-2022,https://www.fichacompleta.com.br/carros/peugeot/2008-allure-pack-1-6-at-2022,2026-06-17T21:04:17.730335,Peugeot 2008 Allure Pack 1.6 AT 2022,"12,4 s",186 km/h,Conversor de torque,Automático,Aisin TF-71SC,,Dianteira,Injeção multiponto,Natural,1587 cm³,4 em linha,EC5JP4,Duplo no cabeçote,82 mm,"78,5 mm",Transversal,Dianteiro,"10,3 kg/cv","75,5 kg/kgfm","74,4 cv/litro",,11:1,6500 rpm,"10,1 kgfm/litro",,4,1583 mm,400 kg,4170 mm,2537 mm,1739 mm,1215 kg,355 litros,55 litros,123 mm,Disco ventilado,Disco sólido,Elétrica,,"Indep., McPherson",Mola helicoidal,Eixo de torção,704 km,578 km,"12,8 km/l","10,5 km/l",6,5750 rpm,4750 rpm,"10,4 m",1477 mm,1488 mm,,,,,Hidráulicos,Admissão,23 graus,27 graus,350 kg,350 kg,185/60 R15,"2,3 m²","0,805 m²",,478 km,402 km,"8,7 km/l","7,3 km/l",200 mm,Correia dentada,118 cv,115 cv,"16,1 kgfm","16,1 kgfm","0,35",,,,,,,,,,,,,,,,,,,,,,,
peugeot,2008,2008,2008-griffe-1-6-turbo-at-2022,2008-griffe-1-6-turbo-at-2022,https://www.fichacompleta.com.br/carros/peugeot/2008-griffe-1-6-turbo-at-2022,2026-06-17T21:04:22.343007,Peugeot 2008 Griffe 1.6 Turbo AT 2022,"8,8 s",209 km/h,Conversor de torque,Automático,Aisin TF-71SC,,Dianteira,Injeção direta,Turbocompressor,1598 cm³,4 em linha,EP6FDT M,Duplo no cabeçote,"85,8 mm",77 mm,Transversal,Dianteiro,"7,2 kg/cv","51,0 kg/kgfm","108,3 cv/litro",,"10,2:1",6800 rpm,"15,3 kgfm/litro",,4,1583 mm,400 kg,4170 mm,2537 mm,1739 mm,1250 kg,355 litros,55 litros,123 mm,Disco ventilado,Disco sólido,Elétrica,,"Indep., McPherson",Mola helicoidal,Eixo de torção,721 km,583 km,"13,1 km/l","10,6 km/l",6,6000 rpm,1400 rpm,"10,4 m",1477 mm,1488 mm,,,,,Hidráulicos,Admissão,23 graus,27 graus,350 kg,350 kg,185/60 R15,"2,3 m²","0,805 m²",,495 km,407 km,9 km/l,"7,4 km/l",200 mm,Corrente,173 cv,165 cv,"24,5 kgfm","24,5 kgfm","0,35",,,,,,,,,,,,,,,,,,,,,,,
peugeot,2008,2008,2008-skywalker-1-6-turbo-at-2022,2008-skywalker-1-6-turbo-at-2022,https://www.fichacompleta.com.br/carros/peugeot/2008-skywalker-1-6-turbo-at-2022,2026-06-17T21:04:26.424958,Peugeot 2008 Skywalker 1.6 Turbo AT 2022,"8,8 s",209 km/h,Conversor de torque,Automático,Aisin TF-71SC,,Dianteira,Injeção direta,Turbocompressor,1598 cm³,4 em linha,EP6FDT M,Duplo no cabeçote,"85,8 mm",77 mm,Transversal,Dianteiro,"7,2 kg/cv","51,0 kg/kgfm","108,3 cv/litro",,"10,2:1",6800 rpm,"15,3 kgfm/litro",,4,1583 mm,400 kg,4170 mm,2537 mm,1739 mm,1250 kg,355 litros,55 litros,123 mm,Disco ventilado,Disco sólido,Elétrica,,"Indep., McPherson",Mola helicoidal,Eixo de torção,721 km,583 km,"13,1 km/l","10,6 km/l",6,6000 rpm,1400 rpm,"10,4 m",1477 mm,1488 mm,,,,,Hidráulicos,Admissão,23 graus,27 graus,350 kg,350 kg,185/60 R15,"2,3 m²","0,805 m²",,495 km,407 km,9 km/l,"7,4 km/l",200 mm,Corrente,173 cv,165 cv,"24,5 kgfm","24,5 kgfm","0,35",,,,,,,,,,,,,,,,,,,,,,,
peugeot,2008,2008,2008-allure-1-6-at-2023,2008-allure-1-6-at-2023,https://www.fichacompleta.com.br/carros/peugeot/2008-allure-1-6-at-2023,2026-06-17T21:04:30.585034,Peugeot 2008 Allure 1.6 AT 2023,14 s,186 km/h,Conversor de torque,Automático,Aisin TF-71SC,,Dianteira,Injeção multiponto,Natural,,4 em linha,EC5JP4,Duplo no cabeçote,82 mm,"78,5 mm",Transversal,Dianteiro,"10,18 kg/cv","77,8 kg/kgfm","75,6 cv/litro",,11:1,6500 rpm,"9,9 kgfm/litro",,4,1583 mm,400 kg,4159 mm,2542 mm,1739 mm,1222 kg,355 litros,55 litros,123 mm,Disco ventilado,Disco sólido,Elétrica,,"Indep., McPherson",Mola helicoidal,Eixo de torção,682 km,605 km,"12,4 km/l",11 km/l,6,6000 rpm,4500 rpm,"10,4 m",1477 mm,1488 mm,,,,,Hidráulicos,Admissão,23 graus,29 graus,350 kg,350 kg,185/60 R15,"2,3 m²","0,805 m²",,473 km,418 km,"8,6 km/l","7,6 km/l",200 mm,Correia dentada,120 cv,113 cv,"15,7 kgfm","15,4 kgfm","0,35",397 cm³,1587 cm³,,,,,,,,,,,,,,,,,,,,,
peugeot,2008,2008,2008-allure-pack-1-6-at-2023,2008-allure-pack-1-6-at-2023,https://www.fichacompleta.com.br/carros/peugeot/2008-allure-pack-1-6-at-2023,2026-06-17T21:04:33.413713,Peugeot 2008 Allure Pack 1.6 AT 2023,"12,4 s",186 km/h,Conversor de torque,Automático,Aisin TF-71SC,,Dianteira,Injeção multiponto,Natural,,4 em linha,EC5JP4,Duplo no cabeçote,82 mm,"78,5 mm",Transversal,Dianteiro,"10,30 kg/cv","75,5 kg/kgfm","74,4 cv/litro",,11:1,6500 rpm,"10,1 kgfm/litro",,4,1583 mm,400 kg,4170 mm,2537 mm,1739 mm,1215 kg,355 litros,55 litros,123 mm,Disco ventilado,Disco sólido,Elétrica,,"Indep., McPherson",Mola helicoidal,Eixo de torção,704 km,578 km,"12,8 km/l","10,5 km/l",6,5750 rpm,4750 rpm,"10,4 m",1477 mm,1488 mm,,,,,Hidráulicos,Admissão,23 graus,27 graus,350 kg,350 kg,185/60 R15,"2,3 m²","0,805 m²",,478 km,402 km,"8,7 km/l","7,3 km/l",200 mm,Correia dentada,118 cv,115 cv,"16,1 kgfm","16,1 kgfm","0,35",397 cm³,1587 cm³,0W-30 ³,,,,,,,,,,,,,,,,,,,,
peugeot,2008,2008,2008-griffe-1-6-turbo-at-2023,2008-griffe-1-6-turbo-at-2023,https://www.fichacompleta.com.br/carros/peugeot/2008-griffe-1-6-turbo-at-2023,2026-06-17T21:04:36.469346,Peugeot 2008 Griffe 1.6 Turbo AT 2023,"8,1 s",209 km/h,Conversor de torque,Automático,Aisin TF-71SC,,Dianteira,Injeção direta,Turbocompressor,,4 em linha,EP6FDT M,Duplo no cabeçote,"85,8 mm",77 mm,Transversal,Dianteiro,"7,20 kg/cv","50,9 kg/kgfm","108,3 cv/litro",,"10,2:1",6800 rpm,"15,3 kgfm/litro",,4,1583 mm,400 kg,4159 mm,2542 mm,1739 mm,1246 kg,355 litros,55 litros,123 mm,Disco ventilado,Disco sólido,Elétrica,,"Indep., McPherson",Mola helicoidal,Eixo de torção,710 km,616 km,"12,9 km/l","11,2 km/l",6,6000 rpm,1400 rpm,"10,4 m",1477 mm,1488 mm,,,,,Hidráulicos,Admissão,23 graus,29 graus,350 kg,350 kg,185/60 R15,"2,3 m²","0,805 m²",,501 km,429 km,"9,1 km/l","7,8 km/l",200 mm,Corrente,173 cv,165 cv,"24,5 kgfm","24,5 kgfm","0,35",400 cm³,1598 cm³,,,,,,,,,,,,,,,,,,,,,
peugeot,2008,2008,2008-roadtrip-1-6-at-2023,2008-roadtrip-1-6-at-2023,https://www.fichacompleta.com.br/carros/peugeot/2008-roadtrip-1-6-at-2023,2026-06-17T21:04:40.341772,Peugeot 2008 Roadtrip 1.6 AT 2023,14 s,186 km/h,Conversor de torque,Automático,Aisin TF-71SC,,Dianteira,Injeção multiponto,Natural,,4 em linha,EC5JP4,Duplo no cabeçote,82 mm,"78,5 mm",Transversal,Dianteiro,"10,18 kg/cv","77,8 kg/kgfm","75,6 cv/litro",,11:1,6500 rpm,"9,9 kgfm/litro",,4,1583 mm,400 kg,4159 mm,2542 mm,1739 mm,1222 kg,355 litros,55 litros,123 mm,Disco ventilado,Disco sólido,Elétrica,,"Indep., McPherson",Mola helicoidal,Eixo de torção,682 km,605 km,"12,4 km/l",11 km/l,6,6000 rpm,4500 rpm,"10,4 m",1477 mm,1488 mm,,,,,Hidráulicos,Admissão,23 graus,29 graus,350 kg,350 kg,185/60 R15,"2,3 m²","0,805 m²",,473 km,418 km,"8,6 km/l","7,6 km/l",200 mm,Correia dentada,120 cv,113 cv,"15,7 kgfm","15,4 kgfm","0,35",397 cm³,1587 cm³,,,,,,,,,,,,,,,,,,,,,
peugeot,2008,2008,2008-style-1-6-at-2023,2008-style-1-6-at-2023,https://www.fichacompleta.com.br/carros/peugeot/2008-style-1-6-at-2023,2026-06-17T21:04:43.702493,Peugeot 2008 Style 1.6 AT 2023,14 s,186 km/h,Conversor de torque,Automático,Aisin TF-71SC,,Dianteira,Injeção multiponto,Natural,,4 em linha,EC5JP4,Duplo no cabeçote,82 mm,"78,5 mm",Transversal,Dianteiro,"10,18 kg/cv","77,8 kg/kgfm","75,6 cv/litro",,11:1,6500 rpm,"9,9 kgfm/litro",,4,1583 mm,400 kg,4159 mm,2542 mm,1739 mm,1222 kg,355 litros,55 litros,123 mm,Disco ventilado,Disco sólido,Elétrica,,"Indep., McPherson",Mola helicoidal,Eixo de torção,682 km,605 km,"12,4 km/l",11 km/l,6,6000 rpm,4500 rpm,"10,4 m",1477 mm,1488 mm,,,,,Hidráulicos,Admissão,23 graus,29 graus,350 kg,350 kg,185/60 R15,"2,3 m²","0,805 m²",,473 km,418 km,"8,6 km/l","7,6 km/l",200 mm,Correia dentada,120 cv,113 cv,"15,7 kgfm","15,4 kgfm","0,35",397 cm³,1587 cm³,,,,,,,,,,,,,,,,,,,,,
peugeot,2008,2008,2008-style-1-6-turbo-at-2023,2008-style-1-6-turbo-at-2023,https://www.fichacompleta.com.br/carros/peugeot/2008-style-1-6-turbo-at-2023,2026-06-17T21:04:47.457134,Peugeot 2008 Style 1.6 Turbo AT 2023,"8,1 s",209 km/h,Conversor de torque,Automático,Aisin TF-71SC,,Dianteira,Injeção direta,Turbocompressor,,4 em linha,EP6FDT M,Duplo no cabeçote,"85,8 mm",77 mm,Transversal,Dianteiro,"7,20 kg/cv","50,9 kg/kgfm","108,3 cv/litro",,"10,2:1",6800 rpm,"15,3 kgfm/litro",,4,1583 mm,400 kg,4159 mm,2542 mm,1739 mm,1246 kg,355 litros,55 litros,123 mm,Disco ventilado,Disco sólido,Elétrica,,"Indep., McPherson",Mola helicoidal,Eixo de torção,710 km,616 km,"12,9 km/l","11,2 km/l",6,6000 rpm,1400 rpm,"10,4 m",1477 mm,1488 mm,,,,,Hidráulicos,Admissão,23 graus,29 graus,350 kg,350 kg,185/60 R15,"2,3 m²","0,805 m²",,501 km,429 km,"9,1 km/l","7,8 km/l",200 mm,Corrente,173 cv,165 cv,"24,5 kgfm","24,5 kgfm","0,35",400 cm³,1598 cm³,,,,,,,,,,,,,,,,,,,,,
peugeot,2008,2008,2008-allure-1-6-at-2024,2008-allure-1-6-at-2024,https://www.fichacompleta.com.br/carros/peugeot/2008-allure-1-6-at-2024,2026-06-17T21:04:50.413010,Peugeot 2008 Allure 1.6 AT 2024,14 s,186 km/h,Conversor de torque,Automático,Aisin TF-71SC,,Dianteira,Injeção multiponto,Natural,,4 em linha,EC5JP4,Duplo no cabeçote,82 mm,"78,5 mm",Transversal,Dianteiro,"10,18 kg/cv","77,8 kg/kgfm","75,6 cv/litro",,11:1,6500 rpm,"9,9 kgfm/litro",,4,1583 mm,400 kg,4159 mm,2542 mm,1739 mm,1222 kg,355 litros,55 litros,123 mm,Disco ventilado,Disco sólido,Elétrica,,"Indep., McPherson",Mola helicoidal,Eixo de torção,682 km,605 km,"12,4 km/l",11 km/l,6,6000 rpm,4500 rpm,"10,4 m",1477 mm,1488 mm,,,,,Hidráulicos,Admissão,23 graus,29 graus,350 kg,350 kg,185/60 R15,"2,3 m²","0,805 m²",,473 km,418 km,"8,6 km/l","7,6 km/l",200 mm,Correia dentada,120 cv,113 cv,"15,7 kgfm","15,4 kgfm","0,35",397 cm³,1587 cm³,,,,,,,,,,,,,,,,,,,,,
peugeot,2008,2008,2008-allure-pack-1-6-at-2024,2008-allure-pack-1-6-at-2024,https://www.fichacompleta.com.br/carros/peugeot/2008-allure-pack-1-6-at-2024,2026-06-17T21:04:54.309393,Peugeot 2008 Allure Pack 1.6 AT 2024,"12,4 s",186 km/h,Conversor de torque,Automático,Aisin TF-71SC,,Dianteira,Injeção multiponto,Natural,,4 em linha,EC5JP4,Duplo no cabeçote,82 mm,"78,5 mm",Transversal,Dianteiro,"10,30 kg/cv","75,5 kg/kgfm","74,4 cv/litro",,11:1,6500 rpm,"10,1 kgfm/litro",,4,1583 mm,400 kg,4170 mm,2537 mm,1739 mm,1215 kg,355 litros,55 litros,123 mm,Disco ventilado,Disco sólido,Elétrica,,"Indep., McPherson",Mola helicoidal,Eixo de torção,704 km,578 km,"12,8 km/l","10,5 km/l",6,5750 rpm,4750 rpm,"10,4 m",1477 mm,1488 mm,,,,,Hidráulicos,Admissão,23 graus,27 graus,350 kg,350 kg,185/60 R15,"2,3 m²","0,805 m²",,478 km,402 km,"8,7 km/l","7,3 km/l",200 mm,Correia dentada,118 cv,115 cv,"16,1 kgfm","16,1 kgfm","0,35",397 cm³,1587 cm³,0W-30 ³,,,,,,,,,,,,,,,,,,,,
peugeot,2008,2008,2008-griffe-1-6-turbo-at-2024,2008-griffe-1-6-turbo-at-2024,https://www.fichacompleta.com.br/carros/peugeot/2008-griffe-1-6-turbo-at-2024,2026-06-17T21:04:58.430021,Peugeot 2008 Griffe 1.6 Turbo AT 2024,"8,1 s",209 km/h,Conversor de torque,Automático,Aisin TF-71SC,,Dianteira,Injeção direta,Turbocompressor,,4 em linha,EP6FDT M,Duplo no cabeçote,"85,8 mm",77 mm,Transversal,Dianteiro,"7,20 kg/cv","50,9 kg/kgfm","108,3 cv/litro",,"10,2:1",6800 rpm,"15,3 kgfm/litro",,4,1583 mm,400 kg,4159 mm,2542 mm,1739 mm,1246 kg,355 litros,55 litros,123 mm,Disco ventilado,Disco sólido,Elétrica,,"Indep., McPherson",Mola helicoidal,Eixo de torção,710 km,616 km,"12,9 km/l","11,2 km/l",6,6000 rpm,1400 rpm,"10,4 m",1477 mm,1488 mm,,,,,Hidráulicos,Admissão,23 graus,29 graus,350 kg,350 kg,185/60 R15,"2,3 m²","0,805 m²",,501 km,429 km,"9,1 km/l","7,8 km/l",200 mm,Corrente,173 cv,165 cv,"24,5 kgfm","24,5 kgfm","0,35",400 cm³,1598 cm³,,,,,,,,,,,,,,,,,,,,,
peugeot,2008,2008,2008-roadtrip-1-6-at-2024,2008-roadtrip-1-6-at-2024,https://www.fichacompleta.com.br/carros/peugeot/2008-roadtrip-1-6-at-2024,2026-06-17T21:05:03.241046,Peugeot 2008 Roadtrip 1.6 AT 2024,14 s,186 km/h,Conversor de torque,Automático,Aisin TF-71SC,,Dianteira,Injeção multiponto,Natural,,4 em linha,EC5JP4,Duplo no cabeçote,82 mm,"78,5 mm",Transversal,Dianteiro,"10,18 kg/cv","77,8 kg/kgfm","75,6 cv/litro",,11:1,6500 rpm,"9,9 kgfm/litro",,4,1583 mm,400 kg,4159 mm,2542 mm,1739 mm,1222 kg,355 litros,55 litros,123 mm,Disco ventilado,Disco sólido,Elétrica,,"Indep., McPherson",Mola helicoidal,Eixo de torção,682 km,605 km,"12,4 km/l",11 km/l,6,6000 rpm,4500 rpm,"10,4 m",1477 mm,1488 mm,,,,,Hidráulicos,Admissão,23 graus,29 graus,350 kg,350 kg,185/60 R15,"2,3 m²","0,805 m²",,473 km,418 km,"8,6 km/l","7,6 km/l",200 mm,Correia dentada,120 cv,113 cv,"15,7 kgfm","15,4 kgfm","0,35",397 cm³,1587 cm³,,,,,,,,,,,,,,,,,,,,,
peugeot,2008,2008,2008-style-1-6-turbo-at-2024,2008-style-1-6-turbo-at-2024,https://www.fichacompleta.com.br/carros/peugeot/2008-style-1-6-turbo-at-2024,2026-06-17T21:05:06.383463,Peugeot 2008 Style 1.6 Turbo AT 2024,"8,1 s",209 km/h,Conversor de torque,Automático,Aisin TF-71SC,,Dianteira,Injeção direta,Turbocompressor,,4 em linha,EP6FDT M,Duplo no cabeçote,"85,8 mm",77 mm,Transversal,Dianteiro,"7,20 kg/cv","50,9 kg/kgfm","108,3 cv/litro",,"10,2:1",6800 rpm,"15,3 kgfm/litro",,4,1583 mm,400 kg,4159 mm,2542 mm,1739 mm,1246 kg,355 litros,55 litros,123 mm,Disco ventilado,Disco sólido,Elétrica,,"Indep., McPherson",Mola helicoidal,Eixo de torção,710 km,616 km,"12,9 km/l","11,2 km/l",6,6000 rpm,1400 rpm,"10,4 m",1477 mm,1488 mm,,,,,Hidráulicos,Admissão,23 graus,29 graus,350 kg,350 kg,185/60 R15,"2,3 m²","0,805 m²",,501 km,429 km,"9,1 km/l","7,8 km/l",200 mm,Corrente,173 cv,165 cv,"24,5 kgfm","24,5 kgfm","0,35",400 cm³,1598 cm³,,,,,,,,,,,,,,,,,,,,,
peugeot,2008,2008,2008-active-1-0-2025,2008-active-1-0-2025,https://www.fichacompleta.com.br/carros/peugeot/2008-active-1-0-2025,2026-06-17T21:05:10.549893,Peugeot 2008 Active 1.0 2025,"10,1 s",194 km/h,Conversor de torque,CVT,,,Dianteira,Injeção direta,Turbocompressor,,3 em linha,T200,Único no cabeçote,"86,5 mm",70 mm,Transversal,Dianteiro,"9,72 kg/cv","62,0 kg/kgfm","130,1 cv/litro",,"10,5:1",6500 rpm,"20,4 kgfm/litro",,4,1548 mm,,4309 mm,2612 mm,1776 mm,1264 kg,374 litros,47 litros,129 mm,Disco ventilado,Disco sólido,Elétrica,,"Indep., McPherson",Mola helicoidal,Eixo de torção,644 km,578 km,"13,7 km/l","12,3 km/l",7,5750 rpm,1750 rpm,Não informado,,,,,,,Hidráulicos,Admissão,"18,2 graus","29,7 graus",,,,"2,34 m²","0,796 m²",,461 km,404 km,"9,8 km/l","8,6 km/l",230 mm,Corrente,130 cv,125 cv,"20,4 kgfm","20,4 kgfm","0,34",333 cm³,999 cm³,0W-30 ³,,,,,"21,8 graus",,,,,,,,,,,,,,,
peugeot,2008,2008,2008-allure-1-0-2025,2008-allure-1-0-2025,https://www.fichacompleta.com.br/carros/peugeot/2008-allure-1-0-2025,2026-06-17T21:05:13.605585,Peugeot 2008 Allure 1.0 2025,"10,1 s",194 km/h,Conversor de torque,CVT,,,Dianteira,Injeção direta,Turbocompressor,,3 em linha,T200,Único no cabeçote,"86,5 mm",70 mm,Transversal,Dianteiro,"9,78 kg/cv","62,4 kg/kgfm","130,1 cv/litro",,"10,5:1",6500 rpm,"20,4 kgfm/litro",,4,1548 mm,,4309 mm,2612 mm,1776 mm,1272 kg,374 litros,47 litros,129 mm,Disco ventilado,Disco sólido,Elétrica,,"Indep., McPherson",Mola helicoidal,Eixo de torção,644 km,578 km,"13,7 km/l","12,3 km/l",7,5750 rpm,1750 rpm,Não informado,,,,,,,Hidráulicos,Admissão,"18,2 graus","29,7 graus",,,,"2,34 m²","0,796 m²",,461 km,404 km,"9,8 km/l","8,6 km/l",228 mm,Corrente,130 cv,125 cv,"20,4 kgfm","20,4 kgfm","0,34",333 cm³,999 cm³,0W-30 ³,,,,,"21,8 graus",,,,,,,,,,,,,,,
peugeot,2008,2008,2008-gt-1-0-2025,2008-gt-1-0-2025,https://www.fichacompleta.com.br/carros/peugeot/2008-gt-1-0-2025,2026-06-17T21:05:16.289699,Peugeot 2008 GT 1.0 2025,"10,1 s",194 km/h,Conversor de torque,CVT,,,Dianteira,Injeção direta,Turbocompressor,,3 em linha,T200,Único no cabeçote,"86,5 mm",70 mm,Transversal,Dianteiro,"10,00 kg/cv","63,7 kg/kgfm","130,1 cv/litro",,"10,5:1",6500 rpm,"20,4 kgfm/litro",,4,1548 mm,,4309 mm,2612 mm,1776 mm,1300 kg,374 litros,47 litros,129 mm,Disco ventilado,Disco sólido,Elétrica,,"Indep., McPherson",Mola helicoidal,Eixo de torção,644 km,578 km,"13,7 km/l","12,3 km/l",7,5750 rpm,1750 rpm,Não informado,,,,,,,Hidráulicos,Admissão,"18,2 graus","29,7 graus",,,,"2,34 m²","0,796 m²",,461 km,404 km,"9,8 km/l","8,6 km/l",227 mm,Corrente,130 cv,125 cv,"20,4 kgfm","20,4 kgfm","0,34",333 cm³,999 cm³,0W-30 ³,,,,,"21,8 graus",,,,,,,,,,,,,,,
peugeot,2008,2008,2008-active-1-0-2026,2008-active-1-0-2026,https://www.fichacompleta.com.br/carros/peugeot/2008-active-1-0-2026,2026-06-17T21:05:19.716601,Peugeot 2008 Active 1.0 2026,"10,3 s",195 km/h,Conversor de torque,CVT,Aisin K313,,Dianteira,Injeção direta,Turbocompressor,,3 em linha,T200,Único no cabeçote,"86,5 mm",70 mm,Transversal,Dianteiro,"9,72 kg/cv","62,0 kg/kgfm","130,1 cv/litro",,"10,5:1",6500 rpm,"20,4 kgfm/litro",,4,1548 mm,,4309 mm,2612 mm,1776 mm,1264 kg,374 litros,47 litros,129 mm,Disco ventilado,Disco sólido,Elétrica,,"Indep., McPherson",Mola helicoidal,Eixo de torção,644 km,578 km,"13,7 km/l","12,3 km/l",7,5750 rpm,1750 rpm,Não informado,,,,,,,Hidráulicos,Admissão,"18,2 graus","29,7 graus",,,125/85 R16,"2,34 m²","0,796 m²",,461 km,404 km,"9,8 km/l","8,6 km/l",230 mm,Corrente,130 cv,125 cv,"20,4 kgfm","20,4 kgfm","0,34",333 cm³,999 cm³,0W-30 ³,,,,,"21,8 graus",,,,,,,,,,,,,,,
peugeot,2008,2008,2008-allure-1-0-2026,2008-allure-1-0-2026,https://www.fichacompleta.com.br/carros/peugeot/2008-allure-1-0-2026,2026-06-17T21:05:22.519673,Peugeot 2008 Allure 1.0 2026,"10,3 s",195 km/h,Conversor de torque,CVT,Aisin K313,,Dianteira,Injeção direta,Turbocompressor,,3 em linha,T200,Único no cabeçote,"86,5 mm",70 mm,Transversal,Dianteiro,"9,78 kg/cv","62,4 kg/kgfm","130,1 cv/litro",,"10,5:1",6500 rpm,"20,4 kgfm/litro",,4,1548 mm,,4309 mm,2612 mm,1776 mm,1272 kg,374 litros,47 litros,129 mm,Disco ventilado,Disco sólido,Elétrica,,"Indep., McPherson",Mola helicoidal,Eixo de torção,644 km,578 km,"13,7 km/l","12,3 km/l",7,5750 rpm,1750 rpm,Não informado,,,,,,,Hidráulicos,Admissão,"18,2 graus","29,7 graus",,,125/85 R16,"2,34 m²","0,796 m²",,461 km,404 km,"9,8 km/l","8,6 km/l",228 mm,Corrente,130 cv,125 cv,"20,4 kgfm","20,4 kgfm","0,34",333 cm³,999 cm³,0W-30 ³,,,,,"21,8 graus",,,,,,,,,,,,,,,
peugeot,2008,2008,2008-gt-1-0-hybrid-2026,2008-gt-1-0-hybrid-2026,https://www.fichacompleta.com.br/carros/peugeot/2008-gt-1-0-hybrid-2026,2026-06-17T21:05:26.164334,Peugeot 2008 GT 1.0 Hybrid 2026,"10,3 s",195 km/h,Conversor de torque,CVT,Aisin K313,,Dianteira,Injeção direta,Turbocompressor,,3 em linha,T200,Único no cabeçote,"86,5 mm",70 mm,Transversal,Dianteiro,"327,50 kg/cv","1.310,00 kg/kgfm","130,1 cv/litro",130 cv (A),"10,5:1",6500 rpm,"20,4 kgfm/litro","20,4 kgfm (A)",4,1548 mm,,4309 mm,2612 mm,1776 mm,1310 kg,374 litros,47 litros,129 mm,Disco ventilado,Disco sólido,Elétrica,,"Indep., McPherson",Mola helicoidal,Eixo de torção,644 km,611 km,"13,7 km/l",13 km/l,7,5750 rpm,1750 rpm,Não informado,,,,,,,Hidráulicos,Admissão,"18,2 graus","29,7 graus",,,125/85 R16,"2,34 m²","0,796 m²",,451 km,423 km,"9,6 km/l",9 km/l,227 mm,Corrente,,,,,"0,34",333 cm³,999 cm³,0W-30 ³,,,,,"21,8 graus","0,132 kWh",4 cv (dianteiro),1 kgfm (dianteiro),,,,,,,,,,,,
peugeot,205,205,205-gti-1-9-1992,205-gti-1-9-1992,https://www.fichacompleta.com.br/carros/peugeot/205-gti-1-9-1992,2026-06-17T21:05:45.556717,Peugeot 205 GTi 1.9 1992,"7,8 s",206 km/h,Embreagem monodisco a seco,Manual,BE3/5,5,Dianteira,Injeção monoponto,Natural,1905 cm³,4 em linha,XU9JA,Único no cabeçote,88 mm,83 mm,Transversal,Dianteiro,"6,8 kg/cv","52,4 kg/kgfm","68,2 cv/litro",130 cv a 6000 rpm,"9,6:1",,"8,8 kgfm/litro","16,8 kgfm a 4750 rpm",2,1355 mm,420 kg,3705 mm,2420 mm,1572 mm,880 kg,290 litros,50 litros,111 mm,Disco ventilado,Disco sólido,Não assistida,Não informado,"Independente, McPherson",Mola helicoidal,"Independente, braço arrastado",650 km,400 km,13 km/l,8 km/l,,,,,1392 mm,1328 mm,,,,,,,,,,,,"1,81 m²","0,615 m²","0,34",,,,,,,,,,,,,,,,,,,,,,,,,,,,,,,,,,
peugeot,205,205,205-sx-1-4-1993,205-sx-1-4-1993,https://www.fichacompleta.com.br/carros/peugeot/205-sx-1-4-1993,2026-06-17T21:05:49.198142,Peugeot 205 SX 1.4 1993,"11,8 s",172 km/h,Embreagem monodisco a seco,Manual,MA/5,,Dianteira,Carburador,Natural,1360 cm³,4 em linha,TU3F2,Único no cabeçote,77 mm,75 mm,Transversal,Dianteiro,"9,6 kg/cv","72,6 kg/kgfm","62,5 cv/litro",,"9,3:1",,"8,3 kgfm/litro",,2,1376 mm,330 kg,3705 mm,2420 mm,1572 mm,820 kg,290 litros,45 litros,109 mm,Disco ventilado,Tambor,Não assistida,,"Indep., McPherson",Mola helicoidal,"Indep., braço arrastado",630 km,383 km,14 km/l,"8,5 km/l",5,,,Não informado,1350 mm,1300 mm,,,6400 rpm,4000 rpm,,,,,,,,,,,,,,,,Correia dentada,,,,,,,,,,,,,,,85 cv,"11,3 kgfm",,,,,,,,,,,,
peugeot,205,205,205-xsi-1-4-1994,205-xsi-1-4-1994,https://www.fichacompleta.com.br/carros/peugeot/205-xsi-1-4-1994,2026-06-17T21:05:52.002390,Peugeot 205 XSi 1.4 1994,13 s,165 km/h,Embreagem monodisco a seco,Manual,MA/5,5,Dianteira,Injeção monoponto,Natural,1360 cm³,4 em linha,TU3MC,"Único no cabeçote, correia dentada",77 mm,75 mm,Transversal,Dianteiro,"11,3 kg/cv","74,8 kg/kgfm","55,1 cv/litro",75 cv a 5500 rpm,"9,3:1",6500 rpm,"8,3 kgfm/litro","11,3 kgfm a 2800 rpm",2,1376 mm,,3705 mm,2420 mm,1572 mm,845 kg,290 litros,45 litros,109 mm,Disco ventilado,Tambor,,,"Independente, McPherson",Mola helicoidal,"Independente, braço arrastado",675 km,405 km,15 km/l,9 km/l,,,,,1350 mm,1350 mm,,,,,,,,,,,,,,,,,,,,,,,,,,,,,,,,,,,,,,,,,,,,,,,,
peugeot,205,205,205-xsi-1-4-1995,205-xsi-1-4-1995,https://www.fichacompleta.com.br/carros/peugeot/205-xsi-1-4-1995,2026-06-17T21:05:55.653896,Peugeot 205 XSi 1.4 1995,13 s,165 km/h,Embreagem monodisco a seco,Manual,MA/5,,Dianteira,Injeção monoponto,Natural,1360 cm³,4 em linha,TU3MC,Único no cabeçote,77 mm,75 mm,Transversal,Dianteiro,"11,3 kg/cv","74,8 kg/kgfm","55,1 cv/litro",75 cv,"9,3:1",6500 rpm,"8,3 kgfm/litro","11,3 kgfm",2,1376 mm,,3705 mm,2420 mm,1572 mm,845 kg,290 litros,45 litros,109 mm,Disco ventilado,Tambor,Não assistida,,"Indep., McPherson",Mola helicoidal,"Indep., braço arrastado",675 km,405 km,15 km/l,9 km/l,5,5500 rpm,2800 rpm,Não informado,1350 mm,1350 mm,,,,,,,,,,,,,,,,,,,,Correia dentada,,,,,,,,,,,,,,,,,,,,,,,,,,,,
peugeot,205,205,205-xsi-1-4-1996,205-xsi-1-4-1996,https://www.fichacompleta.com.br/carros/peugeot/205-xsi-1-4-1996,2026-06-17T21:05:58.803312,Peugeot 205 XSi 1.4 1996,13 s,165 km/h,Embreagem monodisco a seco,Manual,MA/5,,Dianteira,Injeção monoponto,Natural,1360 cm³,4 em linha,TU3MC,Único no cabeçote,77 mm,75 mm,Transversal,Dianteiro,"11,3 kg/cv","75,2 kg/kgfm","55,1 cv/litro",75 cv,"9,3:1",6500 rpm,"8,3 kgfm/litro","11,3 kgfm",2,1376 mm,,3705 mm,2420 mm,1572 mm,850 kg,290 litros,45 litros,109 mm,Disco ventilado,Tambor,Não assistida,,"Indep., McPherson",Mola helicoidal,"Indep., braço arrastado",675 km,405 km,15 km/l,9 km/l,5,5500 rpm,2800 rpm,Não informado,1350 mm,1350 mm,,,,,,,,,,,,,,,,,,,,Correia dentada,,,,,,,,,,,,,,,,,,,,,,,,,,,,
peugeot,205,205,205-xsi-1-4-1997,205-xsi-1-4-1997,https://www.fichacompleta.com.br/carros/peugeot/205-xsi-1-4-1997,2026-06-17T21:06:01.571720,Peugeot 205 XSi 1.4 1997,13 s,165 km/h,Embreagem monodisco a seco,Manual,MA/5,5,Dianteira,Injeção monoponto,Natural,1360 cm³,4 em linha,TU3MC,Único no cabeçote,77 mm,75 mm,Transversal,Dianteiro,"11,3 kg/cv","75,2 kg/kgfm","55,1 cv/litro",75 cv,"9,3:1",6500 rpm,"8,3 kgfm/litro","11,3 kgfm",2,1376 mm,,3705 mm,2420 mm,1572 mm,850 kg,290 litros,45 litros,109 mm,Disco ventilado,Tambor,,,"Indep., McPherson",Mola helicoidal,"Indep., braço arrastado",675 km,405 km,15 km/l,9 km/l,5,,,,1350 mm,1350 mm,,,5500 rpm,2800 rpm,,,,,,,,,,,,,,,,Correia dentada,,,,,,,,,,,,,,,,,,,,,,,,,,,,
peugeot,206,206,206-passion-1-6-8v-1999,206-passion-1-6-8v-1999,https://www.fichacompleta.com.br/carros/peugeot/206-passion-1-6-8v-1999,2026-06-17T21:06:20.009049,Peugeot 206 Passion 1.6 8V 1999,"11,7 s",185 km/h,Embreagem monodisco a seco,Manual,MA/5,5,Dianteira,Injeção multiponto,Natural,1587 cm³,4 em linha,TU5JP,Único no cabeçote,82 mm,"78,5 mm",Transversal,Dianteiro,"11,4 kg/cv","73,2 kg/kgfm","56,7 cv/litro",90 cv,"10,2:1",6300 rpm,"8,8 kgfm/litro",14 kgfm,2,1432 mm,,3835 mm,2442 mm,1652 mm,1025 kg,245 litros,50 litros,114 mm,Disco ventilado,Tambor,Hidráulica,"9,8 m","Indep., McPherson",Barra de torção,"Indep., braço arrastado",730 km,530 km,"14,6 km/l","10,6 km/l",5,,,"9,8 m",1435 mm,1430 mm,,,5500 rpm,3000 rpm,,,,,,,,"2,01 m²","0,643 m²","0,32",,,,,,Correia dentada,,,,,"0,32",,,,,,,,,,,,,,,,,,,,,,,
peugeot,206,206,206-soleil-1-6-8v-1999,206-soleil-1-6-8v-1999,https://www.fichacompleta.com.br/carros/peugeot/206-soleil-1-6-8v-1999,2026-06-17T21:06:23.605055,Peugeot 206 Soleil 1.6 8V 1999,"11,7 s",185 km/h,Embreagem monodisco a seco,Manual,MA/5,,Dianteira,Injeção multiponto,Natural,1587 cm³,4 em linha,TU5JP,Único no cabeçote,82 mm,"78,5 mm",Transversal,Dianteiro,"11,4 kg/cv","73,2 kg/kgfm","56,7 cv/litro",90 cv,"10,2:1",6300 rpm,"8,8 kgfm/litro",14 kgfm,2,1432 mm,,3835 mm,2442 mm,1652 mm,1025 kg,245 litros,50 litros,114 mm,Disco ventilado,Tambor,Hidráulica,,"Indep., McPherson",Barra de torção,"Indep., braço arrastado",730 km,530 km,"14,6 km/l","10,6 km/l",5,5500 rpm,3000 rpm,"9,8 m",1435 mm,1430 mm,,,,,,,,,,,,"2,01 m²","0,643 m²",,,,,,,Correia dentada,,,,,"0,32",,,,,,,,,,,,,,,,,,,,,,,
peugeot,206,206,206-soleil-1-6-8v-1999-gasolina,206-soleil-1-6-8v-1999-gasolina,https://www.fichacompleta.com.br/carros/peugeot/206-soleil-1-6-8v-1999-gasolina,2026-06-17T21:06:27.890591,Peugeot 206 Soleil 1.6 8V 1999,"11,7 s",185 km/h,Embreagem monodisco a seco,Manual,MA/5,,Dianteira,Injeção multiponto,Natural,1587 cm³,4 em linha,TU5JP,Único no cabeçote,82 mm,"78,5 mm",Transversal,Dianteiro,"11,4 kg/cv","73,2 kg/kgfm","56,7 cv/litro",90 cv,"10,2:1",6300 rpm,"8,8 kgfm/litro",14 kgfm,2,1432 mm,500 kg,3835 mm,2442 mm,1652 mm,1025 kg,245 litros,50 litros,114 mm,Disco ventilado,Tambor,Hidráulica,,"Indep., McPherson",Barra de torção,"Indep., braço arrastado",730 km,530 km,"14,6 km/l","10,6 km/l",5,5600 rpm,3000 rpm,"9,8 m",1435 mm,1430 mm,,,,,,,,,,,,"2,01 m²","0,663 m²",,,,,,,Correia dentada,,,,,"0,33",,,,,,,,,,,,,,,,,,,,,,,
peugeot,206,206,206-passion-1-6-8v-2000,206-passion-1-6-8v-2000,https://www.fichacompleta.com.br/carros/peugeot/206-passion-1-6-8v-2000,2026-06-17T21:06:32.631422,Peugeot 206 Passion 1.6 8V 2000,"11,7 s",185 km/h,Embreagem monodisco a seco,Manual,MA/5,,Dianteira,Injeção multiponto,Natural,1587 cm³,4 em linha,TU5JP,Único no cabeçote,82 mm,"78,5 mm",Transversal,Dianteiro,"11,4 kg/cv","73,2 kg/kgfm","56,7 cv/litro",90 cv,"10,2:1",6300 rpm,"8,8 kgfm/litro",14 kgfm,2,1432 mm,,3835 mm,2442 mm,1652 mm,1025 kg,245 litros,50 litros,114 mm,Disco ventilado,Tambor,Hidráulica,,"Indep., McPherson",Barra de torção,"Indep., braço arrastado",730 km,530 km,"14,6 km/l","10,6 km/l",5,5500 rpm,3000 rpm,"9,8 m",1435 mm,1430 mm,,,,,,,,,,,,"2,01 m²","0,643 m²",,,,,,,Correia dentada,,,,,"0,32",,,,,,,,,,,,,,,,,,,,,,,
peugeot,206,206,206-rallye-1-6-8v-2000,206-rallye-1-6-8v-2000,https://www.fichacompleta.com.br/carros/peugeot/206-rallye-1-6-8v-2000,2026-06-17T21:06:36.344892,Peugeot 206 Rallye 1.6 8V 2000,"11,7 s",185 km/h,Embreagem monodisco a seco,Manual,MA/5,,Dianteira,Injeção multiponto,Natural,1587 cm³,4 em linha,TU5JP,Único no cabeçote,82 mm,"78,5 mm",Transversal,Dianteiro,"11,4 kg/cv","73,2 kg/kgfm","56,7 cv/litro",90 cv,"10,2:1",6300 rpm,"8,8 kgfm/litro",14 kgfm,2,1432 mm,500 kg,3835 mm,2442 mm,1652 mm,1025 kg,245 litros,50 litros,114 mm,Disco ventilado,Tambor,Hidráulica,,"Indep., McPherson",Barra de torção,"Indep., braço arrastado",730 km,530 km,"14,6 km/l","10,6 km/l",5,5600 rpm,3000 rpm,"9,8 m",1435 mm,1430 mm,,,,,,,,,,,,"2,01 m²","0,663 m²",,,,,,,Correia dentada,,,,,"0,33",,,,,,,,,,,,,,,,,,,,,,,
peugeot,206,206,206-soleil-1-6-8v-2000-gasolina,206-soleil-1-6-8v-2000-gasolina,https://www.fichacompleta.com.br/carros/peugeot/206-soleil-1-6-8v-2000-gasolina,2026-06-17T21:06:40.220404,Peugeot 206 Soleil 1.6 8V 2000,"11,7 s",185 km/h,Embreagem monodisco a seco,Manual,MA/5,,Dianteira,Injeção multiponto,Natural,1587 cm³,4 em linha,TU5JP,Único no cabeçote,82 mm,"78,5 mm",Transversal,Dianteiro,"11,4 kg/cv","73,2 kg/kgfm","56,7 cv/litro",90 cv,"10,2:1",6300 rpm,"8,8 kgfm/litro",14 kgfm,2,1432 mm,500 kg,3835 mm,2442 mm,1652 mm,1025 kg,245 litros,50 litros,114 mm,Disco ventilado,Tambor,Hidráulica,,"Indep., McPherson",Barra de torção,"Indep., braço arrastado",730 km,530 km,"14,6 km/l","10,6 km/l",5,5600 rpm,3000 rpm,"9,8 m",1435 mm,1430 mm,,,,,,,,,,,,"2,01 m²","0,663 m²",,,,,,,Correia dentada,,,,,"0,33",,,,,,,,,,,,,,,,,,,,,,,
peugeot,206,206,206-soleil-1-6-8v-2000,206-soleil-1-6-8v-2000,https://www.fichacompleta.com.br/carros/peugeot/206-soleil-1-6-8v-2000,2026-06-17T21:06:44.380452,Peugeot 206 Soleil 1.6 8V 2000,"11,7 s",185 km/h,Embreagem monodisco a seco,Manual,MA/5,,Dianteira,Injeção multiponto,Natural,1587 cm³,4 em linha,TU5JP,Único no cabeçote,82 mm,"78,5 mm",Transversal,Dianteiro,"11,4 kg/cv","73,2 kg/kgfm","56,7 cv/litro",90 cv,"10,2:1",6300 rpm,"8,8 kgfm/litro",14 kgfm,2,1432 mm,,3835 mm,2442 mm,1652 mm,1025 kg,245 litros,50 litros,114 mm,Disco ventilado,Tambor,Hidráulica,,"Indep., McPherson",Barra de torção,"Indep., braço arrastado",730 km,530 km,"14,6 km/l","10,6 km/l",5,5500 rpm,3000 rpm,"9,8 m",1435 mm,1430 mm,,,,,,,,,,,,"2,01 m²","0,643 m²",,,,,,,Correia dentada,,,,,"0,32",,,,,,,,,,,,,,,,,,,,,,,
peugeot,206,206,206-passion-1-6-16v-2001,206-passion-1-6-16v-2001,https://www.fichacompleta.com.br/carros/peugeot/206-passion-1-6-16v-2001,2026-06-17T21:06:48.401924,Peugeot 206 Passion 1.6 16V 2001,"10,5 s",198 km/h,Embreagem monodisco a seco,Manual,MA/5,5,Dianteira,Injeção multiponto,Natural,1587 cm³,4 em linha,TU5JP4,"Duplo no cabeçote, correia dentada",,,Transversal,Dianteiro,"9,3 kg/cv","68,5 kg/kgfm","69,3 cv/litro",110 cv a 5800 rpm,"10,5:1",,"9,5 kgfm/litro",15 kgfm a 4000 rpm,4,1432 mm,,3835 mm,2442 mm,1652 mm,1027 kg,245 litros,50 litros,120 mm,Disco ventilado,Disco sólido,Hidráulica,"9,8 m","Independente, McPherson",Barra de torção,"Independente, braço arrastado",740 km,540 km,"14,8 km/l","10,8 km/l",,,,,1443 mm,1434 mm,82 mm,"78,5 mm",,,Hidráulicos,,,,,,,"2,01 m²",,"0,32",,,,,,,,,,,,,,,,,,,,,,,,,,,,,,,,,,
peugeot,206,206,206-rallye-1-6-16v-2001,206-rallye-1-6-16v-2001,https://www.fichacompleta.com.br/carros/peugeot/206-rallye-1-6-16v-2001,2026-06-17T21:06:52.352762,Peugeot 206 Rallye 1.6 16V 2001,"10,5 s",198 km/h,Embreagem monodisco a seco,Manual,MA/5,5,Dianteira,Injeção multiponto,Natural,1587 cm³,4 em linha,TU5JP4,"Duplo no cabeçote, correia dentada",,,Transversal,Dianteiro,"9,2 kg/cv","67,5 kg/kgfm","69,3 cv/litro",110 cv a 5750 rpm,"10,5:1",,"9,5 kgfm/litro",15 kgfm a 4000 rpm,4,1432 mm,,3835 mm,2442 mm,1652 mm,1013 kg,245 litros,50 litros,120 mm,Disco ventilado,Disco sólido,Hidráulica,"9,8 m","Independente, McPherson",Barra de torção,"Independente, braço arrastado",740 km,540 km,"14,8 km/l","10,8 km/l",,,,,1443 mm,1434 mm,82 mm,"78,5 mm",,,Hidráulicos,,,,,,,"2,01 m²",,"0,32",,,,,,,,,,,,,,,,,,,,,,,,,,,,,,,,,,
peugeot,206,206,206-rallye-1-6-8v-2001,206-rallye-1-6-8v-2001,https://www.fichacompleta.com.br/carros/peugeot/206-rallye-1-6-8v-2001,2026-06-17T21:06:56.203180,Peugeot 206 Rallye 1.6 8V 2001,"11,7 s",185 km/h,Embreagem monodisco a seco,Manual,MA/5,,Dianteira,Injeção multiponto,Natural,1587 cm³,4 em linha,TU5JP,Único no cabeçote,82 mm,"78,5 mm",Transversal,Dianteiro,"11,4 kg/cv","73,2 kg/kgfm","56,7 cv/litro",,"10,2:1",6300 rpm,"8,8 kgfm/litro",,2,1432 mm,500 kg,3835 mm,2442 mm,1652 mm,1025 kg,245 litros,50 litros,114 mm,Disco ventilado,Tambor,Hidráulica,,"Indep., McPherson",Barra de torção,"Indep., braço arrastado",730 km,530 km,"14,6 km/l","10,6 km/l",5,,,"9,8 m",1435 mm,1430 mm,,,5600 rpm,3000 rpm,,,,,,,,"2,01 m²","0,663 m²",,,,,,,Correia dentada,,,,,"0,33",,,,,,,,,,90 cv,14 kgfm,,,,,,,,,,,,
peugeot,206,206,206-selection-1-0-16v-2001-gasolina,206-selection-1-0-16v-2001-gasolina,https://www.fichacompleta.com.br/carros/peugeot/206-selection-1-0-16v-2001-gasolina,2026-06-17T21:06:59.187409,Peugeot 206 Selection 1.0 16V 2001,"14,4 s",160 km/h,Embreagem monodisco a seco,Manual,BE4/5,,Dianteira,Injeção multiponto,Natural,999 cm³,4 em linha,D4D,Único no cabeçote,"66,8 mm",69 mm,Transversal,Dianteiro,"13,1 kg/cv","96,5 kg/kgfm","70,1 cv/litro",70 cv,10:1,,"9,5 kgfm/litro","9,5 kgfm",4,1432 mm,500 kg,3835 mm,2442 mm,1652 mm,917 kg,245 litros,50 litros,114 mm,Disco sólido,Tambor,Não assistida,,"Indep., McPherson",Barra de torção,"Indep., braço arrastado",775 km,470 km,"15,5 km/l","9,4 km/l",5,5500 rpm,4200 rpm,"9,8 m",,,,,,,,,,,,,,"2,01 m²","0,643 m²",,,,,,,Correia dentada,,,,,"0,32",,,,,,,,,,,,,,,,,,,,,,,
peugeot,206,206,206-selection-1-0-16v-2001,206-selection-1-0-16v-2001,https://www.fichacompleta.com.br/carros/peugeot/206-selection-1-0-16v-2001,2026-06-17T21:07:02.037052,Peugeot 206 Selection 1.0 16V 2001,"14,4 s",160 km/h,Embreagem monodisco a seco,Manual,BE4/5,5,Dianteira,Injeção multiponto,Natural,999 cm³,4 em linha,D4D,"Único no cabeçote, correia dentada","66,8 mm",69 mm,Transversal,Dianteiro,"13,4 kg/cv","98,6 kg/kgfm","70,1 cv/litro",70 cv a 5500 rpm,10:1,,"9,5 kgfm/litro","9,5 kgfm a 4200 rpm",4,1432 mm,500 kg,3835 mm,2442 mm,1652 mm,937 kg,245 litros,50 litros,114 mm,Disco sólido,Tambor,Não assistida,"9,8 m","Independente, McPherson",Barra de torção,"Independente, braço arrastado",775 km,470 km,"15,5 km/l","9,4 km/l",,,,,,,,,,,,,,,,,,"2,01 m²","0,643 m²","0,32",,,,,,,,,,,,,,,,,,,,,,,,,,,,,,,,,,
peugeot,206,206,206-soleil-1-0-16v-2001,206-soleil-1-0-16v-2001,https://www.fichacompleta.com.br/carros/peugeot/206-soleil-1-0-16v-2001,2026-06-17T21:07:05.920701,Peugeot 206 Soleil 1.0 16V 2001,"14,4 s",160 km/h,Embreagem monodisco a seco,Manual,BE4/5,,Dianteira,Injeção multiponto,Natural,999 cm³,4 em linha,D4D,Único no cabeçote,"66,8 mm",69 mm,Transversal,Dianteiro,"13,4 kg/cv","98,6 kg/kgfm","70,1 cv/litro",,10:1,,"9,5 kgfm/litro",,4,1432 mm,500 kg,3835 mm,2442 mm,1652 mm,937 kg,245 litros,50 litros,114 mm,Disco sólido,Tambor,Não assistida,,"Indep., McPherson",Barra de torção,"Indep., braço arrastado",775 km,470 km,"15,5 km/l","9,4 km/l",5,,,"9,8 m",,,,,5500 rpm,4200 rpm,,,,,,,,"2,01 m²","0,643 m²",,,,,,,Correia dentada,,,,,"0,32",,,,,,,,,,70 cv,"9,5 kgfm",,,,,,,,,,,,
peugeot,206,206,206-soleil-1-6-8v-2001,206-soleil-1-6-8v-2001,https://www.fichacompleta.com.br/carros/peugeot/206-soleil-1-6-8v-2001,2026-06-17T21:07:09.908356,Peugeot 206 Soleil 1.6 8V 2001,"11,7 s",185 km/h,Embreagem monodisco a seco,Manual,MA/5,,Dianteira,Injeção multiponto,Natural,1587 cm³,4 em linha,TU5JP,Único no cabeçote,82 mm,"78,5 mm",Transversal,Dianteiro,"11,4 kg/cv","73,2 kg/kgfm","56,7 cv/litro",90 cv,"10,2:1",6300 rpm,"8,8 kgfm/litro",14 kgfm,2,1432 mm,,3835 mm,2442 mm,1652 mm,1025 kg,245 litros,50 litros,114 mm,Disco ventilado,Tambor,Hidráulica,,"Indep., McPherson",Barra de torção,"Indep., braço arrastado",730 km,530 km,"14,6 km/l","10,6 km/l",5,5500 rpm,3000 rpm,"9,8 m",1435 mm,1430 mm,,,,,,,,,,,,"2,01 m²","0,643 m²",,,,,,,Correia dentada,,,,,"0,32",,,,,,,,,,,,,,,,,,,,,,,
peugeot,206,206,206-soleil-1-6-8v-2001-gasolina,206-soleil-1-6-8v-2001-gasolina,https://www.fichacompleta.com.br/carros/peugeot/206-soleil-1-6-8v-2001-gasolina,2026-06-17T21:07:14.464493,Peugeot 206 Soleil 1.6 8V 2001,"11,7 s",185 km/h,Embreagem monodisco a seco,Manual,MA/5,,Dianteira,Injeção multiponto,Natural,1587 cm³,4 em linha,TU5JP,Único no cabeçote,82 mm,"78,5 mm",Transversal,Dianteiro,"11,4 kg/cv","73,2 kg/kgfm","56,7 cv/litro",90 cv,"10,2:1",6300 rpm,"8,8 kgfm/litro",14 kgfm,2,1432 mm,500 kg,3835 mm,2442 mm,1652 mm,1025 kg,245 litros,50 litros,114 mm,Disco ventilado,Tambor,Hidráulica,,"Indep., McPherson",Barra de torção,"Indep., braço arrastado",730 km,530 km,"14,6 km/l","10,6 km/l",5,,,"9,8 m",1435 mm,1430 mm,,,5600 rpm,3000 rpm,,,,,,,,"2,01 m²","0,663 m²",,,,,,,Correia dentada,,,,,"0,33",,,,,,,,,,,,,,,,,,,,,,,
peugeot,206,206,206-passion-1-6-16v-2002,206-passion-1-6-16v-2002,https://www.fichacompleta.com.br/carros/peugeot/206-passion-1-6-16v-2002,2026-06-17T21:07:17.583213,Peugeot 206 Passion 1.6 16V 2002,"10,5 s",198 km/h,Embreagem monodisco a seco,Manual,MA/5,5,Dianteira,Injeção multiponto,Natural,1587 cm³,4 em linha,TU5JP4,Duplo no cabeçote,82 mm,"78,5 mm",Transversal,Dianteiro,"9,3 kg/cv","68,5 kg/kgfm","69,3 cv/litro",110 cv,"10,5:1",6500 rpm,"9,5 kgfm/litro",15 kgfm,4,1432 mm,,3835 mm,2442 mm,1652 mm,1027 kg,245 litros,50 litros,120 mm,Disco ventilado,Disco sólido,Hidráulica,"9,8 m","Indep., McPherson",Barra de torção,"Indep., braço arrastado",740 km,540 km,"14,8 km/l","10,8 km/l",5,,,"9,8 m",1443 mm,1434 mm,,,5800 rpm,4000 rpm,Hidráulicos,,,,,,,"2,01 m²","0,643 m²","0,32",,,,,,Correia dentada,,,,,"0,32",,,,,,,,,,,,,,,,,,,,,,,
peugeot,206,206,206-quiksilver-1-0-16v-2002,206-quiksilver-1-0-16v-2002,https://www.fichacompleta.com.br/carros/peugeot/206-quiksilver-1-0-16v-2002,2026-06-17T21:07:21.802927,Peugeot 206 Quiksilver 1.0 16V 2002,"14,4 s",160 km/h,Embreagem monodisco a seco,Manual,BE4/5,,Dianteira,Injeção multiponto,Natural,999 cm³,4 em linha,D4D,Único no cabeçote,"66,8 mm",69 mm,Transversal,Dianteiro,"13,4 kg/cv","98,6 kg/kgfm","70,1 cv/litro",70 cv,10:1,,"9,5 kgfm/litro","9,5 kgfm",4,1432 mm,500 kg,3835 mm,2442 mm,1652 mm,937 kg,245 litros,50 litros,114 mm,Disco sólido,Tambor,Não assistida,,"Indep., McPherson",Barra de torção,"Indep., braço arrastado",775 km,470 km,"15,5 km/l","9,4 km/l",5,5500 rpm,4200 rpm,"9,8 m",,,,,,,,,,,,,,"2,01 m²","0,643 m²",,,,,,,Correia dentada,,,,,"0,32",,,,,,,,,,,,,,,,,,,,,,,
peugeot,206,206,206-quiksilver-1-6-16v-2002,206-quiksilver-1-6-16v-2002,https://www.fichacompleta.com.br/carros/peugeot/206-quiksilver-1-6-16v-2002,2026-06-17T21:07:25.974217,Peugeot 206 Quiksilver 1.6 16V 2002,"10,5 s",198 km/h,Embreagem monodisco a seco,Manual,MA/5,5,Dianteira,Injeção multiponto,Natural,1587 cm³,4 em linha,TU5JP4,"Duplo no cabeçote, correia dentada",,,Transversal,Dianteiro,"9,2 kg/cv","67,5 kg/kgfm","69,3 cv/litro",110 cv a 5800 rpm,"10,5:1",,"9,5 kgfm/litro",15 kgfm a 4000 rpm,4,1432 mm,,3835 mm,2442 mm,1652 mm,1013 kg,245 litros,50 litros,120 mm,Disco ventilado,Disco sólido,Hidráulica,"9,8 m","Independente, McPherson",Barra de torção,"Independente, braço arrastado",740 km,540 km,"14,8 km/l","10,8 km/l",,,,,1443 mm,1434 mm,82 mm,"78,5 mm",,,Hidráulicos,,,,,,,"2,01 m²",,"0,32",,,,,,,,,,,,,,,,,,,,,,,,,,,,,,,,,,
peugeot,206,206,206-rallye-1-6-16v-2002,206-rallye-1-6-16v-2002,https://www.fichacompleta.com.br/carros/peugeot/206-rallye-1-6-16v-2002,2026-06-17T21:07:30.952118,Peugeot 206 Rallye 1.6 16V 2002,"10,5 s",198 km/h,Embreagem monodisco a seco,Manual,MA/5,,Dianteira,Injeção multiponto,Natural,1587 cm³,4 em linha,TU5JP4,Duplo no cabeçote,82 mm,"78,5 mm",Transversal,Dianteiro,"9,2 kg/cv","67,5 kg/kgfm","69,3 cv/litro",110 cv,"10,5:1",6500 rpm,"9,5 kgfm/litro",15 kgfm,4,1432 mm,,3835 mm,2442 mm,1652 mm,1013 kg,245 litros,50 litros,120 mm,Disco ventilado,Disco sólido,Hidráulica,,"Indep., McPherson",Barra de torção,"Indep., braço arrastado",740 km,540 km,"14,8 km/l","10,8 km/l",5,5750 rpm,4000 rpm,"9,8 m",1443 mm,1434 mm,,,,,Hidráulicos,,,,,,,"2,01 m²","0,643 m²",,,,,,,Correia dentada,,,,,"0,32",,,,,,,,,,,,,,,,,,,,,,,
peugeot,206,206,206-selection-1-0-16v-2002,206-selection-1-0-16v-2002,https://www.fichacompleta.com.br/carros/peugeot/206-selection-1-0-16v-2002,2026-06-17T21:07:34.788558,Peugeot 206 Selection 1.0 16V 2002,"14,4 s",160 km/h,Embreagem monodisco a seco,Manual,BE4/5,,Dianteira,Injeção multiponto,Natural,999 cm³,4 em linha,D4D,Único no cabeçote,"66,8 mm",69 mm,Transversal,Dianteiro,"13,4 kg/cv","98,6 kg/kgfm","70,1 cv/litro",70 cv,10:1,,"9,5 kgfm/litro","9,5 kgfm",4,1432 mm,500 kg,3835 mm,2442 mm,1652 mm,937 kg,245 litros,50 litros,114 mm,Disco sólido,Tambor,Não assistida,,"Indep., McPherson",Barra de torção,"Indep., braço arrastado",775 km,470 km,"15,5 km/l","9,4 km/l",5,5500 rpm,4200 rpm,"9,8 m",,,,,,,,,,,,,,"2,01 m²","0,643 m²",,,,,,,Correia dentada,,,,,"0,32",,,,,,,,,,,,,,,,,,,,,,,
peugeot,206,206,206-soleil-1-0-16v-2002,206-soleil-1-0-16v-2002,https://www.fichacompleta.com.br/carros/peugeot/206-soleil-1-0-16v-2002,2026-06-17T21:07:37.604141,Peugeot 206 Soleil 1.0 16V 2002,"14,4 s",160 km/h,Embreagem monodisco a seco,Manual,BE4/5,5,Dianteira,Injeção multiponto,Natural,999 cm³,4 em linha,D4D,Único no cabeçote,"66,8 mm",69 mm,Transversal,Dianteiro,"13,4 kg/cv","98,6 kg/kgfm","70,1 cv/litro",70 cv,10:1,,"9,5 kgfm/litro","9,5 kgfm",4,1432 mm,500 kg,3835 mm,2442 mm,1652 mm,937 kg,245 litros,50 litros,114 mm,Disco sólido,Tambor,Não assistida,"9,8 m","Indep., McPherson",Barra de torção,"Indep., braço arrastado",775 km,470 km,"15,5 km/l","9,4 km/l",5,,,"9,8 m",,,,,5500 rpm,4200 rpm,,,,,,,,"2,01 m²","0,643 m²","0,32",,,,,,Correia dentada,,,,,"0,32",,,,,,,,,,,,,,,,,,,,,,,
peugeot,206,206,206-soleil-1-0-16v-2002-gasolina,206-soleil-1-0-16v-2002-gasolina,https://www.fichacompleta.com.br/carros/peugeot/206-soleil-1-0-16v-2002-gasolina,2026-06-17T21:07:40.392188,Peugeot 206 Soleil 1.0 16V 2002,"14,4 s",160 km/h,Embreagem monodisco a seco,Manual,BE4/5,,Dianteira,Injeção multiponto,Natural,999 cm³,4 em linha,D4D,Único no cabeçote,"66,8 mm",69 mm,Transversal,Dianteiro,"13,1 kg/cv","96,5 kg/kgfm","70,1 cv/litro",70 cv,10:1,,"9,5 kgfm/litro","9,5 kgfm",4,1432 mm,500 kg,3835 mm,2442 mm,1652 mm,917 kg,245 litros,50 litros,114 mm,Disco sólido,Tambor,Não assistida,,"Indep., McPherson",Barra de torção,"Indep., braço arrastado",775 km,470 km,"15,5 km/l","9,4 km/l",5,5500 rpm,4200 rpm,"9,8 m",,,,,,,,,,,,,,"2,01 m²","0,643 m²",,,,,,,Correia dentada,,,,,"0,32",,,,,,,,,,,,,,,,,,,,,,,
peugeot,206,206,206-soleil-1-6-16v-2002,206-soleil-1-6-16v-2002,https://www.fichacompleta.com.br/carros/peugeot/206-soleil-1-6-16v-2002,2026-06-17T21:07:44.994829,Peugeot 206 Soleil 1.6 16V 2002,"10,5 s",198 km/h,Embreagem monodisco a seco,Manual,MA/5,,Dianteira,Injeção multiponto,Natural,1587 cm³,4 em linha,TU5JP4,Duplo no cabeçote,82 mm,"78,5 mm",Transversal,Dianteiro,"9,3 kg/cv","68,5 kg/kgfm","69,3 cv/litro",110 cv,"10,5:1",6500 rpm,"9,5 kgfm/litro",15 kgfm,4,1432 mm,,3835 mm,2442 mm,1652 mm,1027 kg,245 litros,50 litros,120 mm,Disco ventilado,Disco sólido,Hidráulica,,"Indep., McPherson",Barra de torção,"Indep., braço arrastado",740 km,540 km,"14,8 km/l","10,8 km/l",5,5800 rpm,4000 rpm,"9,8 m",1443 mm,1434 mm,,,,,Hidráulicos,,,,,,,"2,01 m²","0,643 m²",,,,,,,Correia dentada,,,,,"0,32",,,,,,,,,,,,,,,,,,,,,,,
peugeot,206,206,206-passion-1-6-16v-2003,206-passion-1-6-16v-2003,https://www.fichacompleta.com.br/carros/peugeot/206-passion-1-6-16v-2003,2026-06-17T21:07:47.941312,Peugeot 206 Passion 1.6 16V 2003,"10,5 s",198 km/h,Embreagem monodisco a seco,Manual,MA/5,5,Dianteira,Injeção multiponto,Natural,1587 cm³,4 em linha,TU5JP4,"Duplo no cabeçote, correia dentada",,,Transversal,Dianteiro,"9,3 kg/cv","68,5 kg/kgfm","69,3 cv/litro",110 cv a 5800 rpm,"10,5:1",6500 rpm,"9,5 kgfm/litro",15 kgfm a 4000 rpm,4,1432 mm,,3835 mm,2442 mm,1652 mm,1027 kg,245 litros,50 litros,120 mm,Disco ventilado,Disco sólido,Hidráulica,"9,8 m","Independente, McPherson",Barra de torção,"Independente, braço arrastado",740 km,540 km,"14,8 km/l","10,8 km/l",,,,,1443 mm,1434 mm,82 mm,"78,5 mm",,,Hidráulicos,,,,,,,"2,01 m²","0,643 m²","0,32",,,,,,,,,,,,,,,,,,,,,,,,,,,,,,,,,,
peugeot,206,206,206-quiksilver-1-0-16v-2003,206-quiksilver-1-0-16v-2003,https://www.fichacompleta.com.br/carros/peugeot/206-quiksilver-1-0-16v-2003,2026-06-17T21:07:51.375778,Peugeot 206 Quiksilver 1.0 16V 2003,"14,4 s",160 km/h,Embreagem monodisco a seco,Manual,BE4/5,5,Dianteira,Injeção multiponto,Natural,999 cm³,4 em linha,D4D,"Único no cabeçote, correia dentada","66,8 mm",69 mm,Transversal,Dianteiro,"13,4 kg/cv","98,6 kg/kgfm","70,1 cv/litro",70 cv a 5500 rpm,10:1,,"9,5 kgfm/litro","9,5 kgfm a 4200 rpm",4,1432 mm,500 kg,3835 mm,2442 mm,1652 mm,937 kg,245 litros,50 litros,114 mm,Disco sólido,Tambor,Não assistida,"9,8 m","Independente, McPherson",Barra de torção,"Independente, braço arrastado",775 km,470 km,"15,5 km/l","9,4 km/l",,,,,,,,,,,,,,,,,,"2,01 m²","0,643 m²","0,32",,,,,,,,,,,,,,,,,,,,,,,,,,,,,,,,,,
peugeot,206,206,206-quiksilver-1-6-16v-2003,206-quiksilver-1-6-16v-2003,https://www.fichacompleta.com.br/carros/peugeot/206-quiksilver-1-6-16v-2003,2026-06-17T21:07:54.880332,Peugeot 206 Quiksilver 1.6 16V 2003,"10,5 s",198 km/h,Embreagem monodisco a seco,Manual,MA/5,5,Dianteira,Injeção multiponto,Natural,1587 cm³,4 em linha,TU5JP4,"Duplo no cabeçote, correia dentada",82 mm,"78,5 mm",Transversal,Dianteiro,"9,2 kg/cv","67,5 kg/kgfm","69,3 cv/litro",110 cv a 5800 rpm,"10,5:1",6500 rpm,"9,5 kgfm/litro",15 kgfm a 4000 rpm,4,1432 mm,,3835 mm,2442 mm,1652 mm,1013 kg,245 litros,50 litros,120 mm,Disco ventilado,Disco sólido,Hidráulica,"9,8 m","Independente, McPherson",Barra de torção,"Independente, braço arrastado",740 km,540 km,"14,8 km/l","10,8 km/l",,,,,1443 mm,1434 mm,,,,,Hidráulicos,,,,,,,"2,01 m²","0,643 m²","0,32",,,,,,,,,,,,,,,,,,,,,,,,,,,,,,,,,,
peugeot,206,206,206-rallye-1-6-16v-2003,206-rallye-1-6-16v-2003,https://www.fichacompleta.com.br/carros/peugeot/206-rallye-1-6-16v-2003,2026-06-17T21:07:58.757308,Peugeot 206 Rallye 1.6 16V 2003,"10,5 s",198 km/h,Embreagem monodisco a seco,Manual,MA/5,,Dianteira,Injeção multiponto,Natural,1587 cm³,4 em linha,TU5JP4,Duplo no cabeçote,82 mm,"78,5 mm",Transversal,Dianteiro,"9,2 kg/cv","67,5 kg/kgfm","69,3 cv/litro",110 cv,"10,5:1",6500 rpm,"9,5 kgfm/litro",15 kgfm,4,1432 mm,,3835 mm,2442 mm,1652 mm,1013 kg,245 litros,50 litros,120 mm,Disco ventilado,Disco sólido,Hidráulica,,"Indep., McPherson",Barra de torção,"Indep., braço arrastado",740 km,540 km,"14,8 km/l","10,8 km/l",5,5750 rpm,4000 rpm,"9,8 m",1443 mm,1434 mm,,,,,Hidráulicos,,,,,,,"2,01 m²","0,643 m²",,,,,,,Correia dentada,,,,,"0,32",,,,,,,,,,,,,,,,,,,,,,,
peugeot,206,206,206-selection-1-0-16v-2003,206-selection-1-0-16v-2003,https://www.fichacompleta.com.br/carros/peugeot/206-selection-1-0-16v-2003,2026-06-17T21:08:01.468705,Peugeot 206 Selection 1.0 16V 2003,"14,4 s",160 km/h,Embreagem monodisco a seco,Manual,BE4/5,,Dianteira,Injeção multiponto,Natural,999 cm³,4 em linha,D4D,Único no cabeçote,"66,8 mm",69 mm,Transversal,Dianteiro,"13,1 kg/cv","96,5 kg/kgfm","70,1 cv/litro",70 cv,10:1,,"9,5 kgfm/litro","9,5 kgfm",4,1432 mm,500 kg,3835 mm,2442 mm,1652 mm,917 kg,245 litros,50 litros,114 mm,Disco sólido,Tambor,Não assistida,,"Indep., McPherson",Barra de torção,"Indep., braço arrastado",775 km,470 km,"15,5 km/l","9,4 km/l",5,5500 rpm,4200 rpm,"9,8 m",,,,,,,,,,,,,,"2,01 m²","0,643 m²",,,,,,,Correia dentada,,,,,"0,32",,,,,,,,,,,,,,,,,,,,,,,
peugeot,206,206,206-selection-1-6-16v-2003,206-selection-1-6-16v-2003,https://www.fichacompleta.com.br/carros/peugeot/206-selection-1-6-16v-2003,2026-06-17T21:08:04.856744,Peugeot 206 Selection 1.6 16V 2003,"10,5 s",198 km/h,Embreagem monodisco a seco,Manual,MA/5,5,Dianteira,Injeção multiponto,Natural,1587 cm³,4 em linha,TU5JP4,"Duplo no cabeçote, correia dentada",,,Transversal,Dianteiro,"9,3 kg/cv","68,5 kg/kgfm","69,3 cv/litro",110 cv a 5800 rpm,"10,5:1",,"9,5 kgfm/litro",15 kgfm a 4000 rpm,4,1432 mm,,3835 mm,2442 mm,1652 mm,1027 kg,245 litros,50 litros,120 mm,Disco ventilado,Disco sólido,Hidráulica,"9,8 m","Independente, McPherson",Barra de torção,"Independente, braço arrastado",740 km,540 km,"14,8 km/l","10,8 km/l",,,,,1443 mm,1434 mm,82 mm,"78,5 mm",,,Hidráulicos,,,,,,,"2,01 m²",,"0,32",,,,,,,,,,,,,,,,,,,,,,,,,,,,,,,,,,
peugeot,206,206,206-soleil-1-0-16v-2003,206-soleil-1-0-16v-2003,https://www.fichacompleta.com.br/carros/peugeot/206-soleil-1-0-16v-2003,2026-06-17T21:08:09.035257,Peugeot 206 Soleil 1.0 16V 2003,"14,4 s",160 km/h,Embreagem monodisco a seco,Manual,BE4/5,5,Dianteira,Injeção multiponto,Natural,999 cm³,4 em linha,D4D,"Único no cabeçote, correia dentada","66,8 mm",69 mm,Transversal,Dianteiro,"13,4 kg/cv","98,6 kg/kgfm","70,1 cv/litro",70 cv a 5500 rpm,10:1,,"9,5 kgfm/litro","9,5 kgfm a 4200 rpm",4,1432 mm,500 kg,3835 mm,2442 mm,1652 mm,937 kg,245 litros,50 litros,114 mm,Disco sólido,Tambor,Não assistida,"9,8 m","Independente, McPherson",Barra de torção,"Independente, braço arrastado",775 km,470 km,"15,5 km/l","9,4 km/l",,,,,,,,,,,,,,,,,,"2,01 m²","0,643 m²","0,32",,,,,,,,,,,,,,,,,,,,,,,,,,,,,,,,,,
peugeot,206,206,206-soleil-1-6-16v-2003,206-soleil-1-6-16v-2003,https://www.fichacompleta.com.br/carros/peugeot/206-soleil-1-6-16v-2003,2026-06-17T21:08:13.261962,Peugeot 206 Soleil 1.6 16V 2003,"10,5 s",198 km/h,Embreagem monodisco a seco,Manual,MA/5,5,Dianteira,Injeção multiponto,Natural,1587 cm³,4 em linha,TU5JP4,"Duplo no cabeçote, correia dentada",,,Transversal,Dianteiro,"9,3 kg/cv","68,5 kg/kgfm","69,3 cv/litro",110 cv a 5800 rpm,"10,5:1",,"9,5 kgfm/litro",15 kgfm a 4000 rpm,4,1432 mm,,3835 mm,2442 mm,1652 mm,1027 kg,245 litros,50 litros,120 mm,Disco ventilado,Disco sólido,Hidráulica,"9,8 m","Independente, McPherson",Barra de torção,"Independente, braço arrastado",740 km,540 km,"14,8 km/l","10,8 km/l",,,,,1443 mm,1434 mm,82 mm,"78,5 mm",,,Hidráulicos,,,,,,,"2,01 m²",,"0,32",,,,,,,,,,,,,,,,,,,,,,,,,,,,,,,,,,
peugeot,206,206,206-techno-1-6-16v-2003,206-techno-1-6-16v-2003,https://www.fichacompleta.com.br/carros/peugeot/206-techno-1-6-16v-2003,2026-06-17T21:08:17.110986,Peugeot 206 Techno 1.6 16V 2003,"10,5 s",198 km/h,Embreagem monodisco a seco,Manual,MA/5,,Dianteira,Injeção multiponto,Natural,1587 cm³,4 em linha,TU5JP4,Duplo no cabeçote,82 mm,"78,5 mm",Transversal,Dianteiro,"9,3 kg/cv","68,5 kg/kgfm","69,3 cv/litro",,"10,5:1",6500 rpm,"9,5 kgfm/litro",,4,1432 mm,,3835 mm,2442 mm,1652 mm,1027 kg,245 litros,50 litros,120 mm,Disco ventilado,Disco sólido,Hidráulica,,"Indep., McPherson",Barra de torção,"Indep., braço arrastado",740 km,540 km,"14,8 km/l","10,8 km/l",5,,,"9,8 m",1443 mm,1434 mm,,,5750 rpm,4000 rpm,Hidráulicos,,,,,,,"2,01 m²","0,643 m²",,,,,,,Correia dentada,,,,,"0,32",,,,,,,,,,110 cv,15 kgfm,,,,,,,,,,,,
peugeot,206,206,206-feline-1-4-8v-2004,206-feline-1-4-8v-2004,https://www.fichacompleta.com.br/carros/peugeot/206-feline-1-4-8v-2004,2026-06-17T21:08:20.041681,Peugeot 206 Feline 1.4 8V 2004,"14,2 s",172 km/h,Embreagem monodisco a seco,Manual,MA/5,5,Dianteira,Injeção multiponto,Natural,1360 cm³,4 em linha,TU3JP,Único no cabeçote,77 mm,75 mm,Transversal,Dianteiro,"12,7 kg/cv","77,9 kg/kgfm","55,1 cv/litro",75 cv,"10,5:1",6500 rpm,"9,0 kgfm/litro","12,2 kgfm",2,1432 mm,,3835 mm,2442 mm,1652 mm,950 kg,245 litros,50 litros,114 mm,Disco sólido,Tambor,Hidráulica,"9,8 m","Indep., McPherson",Barra de torção,"Indep., braço arrastado",750 km,550 km,15 km/l,11 km/l,5,,,"9,8 m",1443 mm,1434 mm,,,5500 rpm,2800 rpm,,,,,,,,"2,01 m²","0,643 m²","0,32",,,,,,Correia dentada,,,,,"0,32",,,,,,,,,,,,,,,,,,,,,,,
peugeot,206,206,206-feline-1-6-16v-2004,206-feline-1-6-16v-2004,https://www.fichacompleta.com.br/carros/peugeot/206-feline-1-6-16v-2004,2026-06-17T21:08:24.669515,Peugeot 206 Feline 1.6 16V 2004,"10,5 s",198 km/h,Embreagem monodisco a seco,Manual,MA/5,,Dianteira,Injeção multiponto,Natural,1587 cm³,4 em linha,TU5JP4,Duplo no cabeçote,82 mm,"78,5 mm",Transversal,Dianteiro,"9,3 kg/cv","68,5 kg/kgfm","69,3 cv/litro",110 cv,"10,5:1",6500 rpm,"9,5 kgfm/litro",15 kgfm,4,1432 mm,,3835 mm,2442 mm,1652 mm,1027 kg,245 litros,50 litros,120 mm,Disco ventilado,Disco sólido,Hidráulica,,"Indep., McPherson",Barra de torção,"Indep., braço arrastado",740 km,540 km,"14,8 km/l","10,8 km/l",5,5750 rpm,4000 rpm,"9,8 m",1443 mm,1434 mm,,,,,Hidráulicos,,,,,,,"2,01 m²","0,643 m²",,,,,,,Correia dentada,,,,,"0,32",,,,,,,,,,,,,,,,,,,,,,,
peugeot,206,206,206-passion-1-6-16v-2004,206-passion-1-6-16v-2004,https://www.fichacompleta.com.br/carros/peugeot/206-passion-1-6-16v-2004,2026-06-17T21:08:29.295840,Peugeot 206 Passion 1.6 16V 2004,"10,5 s",198 km/h,Embreagem monodisco a seco,Manual,MA/5,,Dianteira,Injeção multiponto,Natural,1587 cm³,4 em linha,TU5JP4,Duplo no cabeçote,82 mm,"78,5 mm",Transversal,Dianteiro,"9,3 kg/cv","68,5 kg/kgfm","69,3 cv/litro",110 cv,"10,5:1",6500 rpm,"9,5 kgfm/litro",15 kgfm,4,1432 mm,,3835 mm,2442 mm,1652 mm,1027 kg,245 litros,50 litros,120 mm,Disco ventilado,Disco sólido,Hidráulica,,"Indep., McPherson",Barra de torção,"Indep., braço arrastado",740 km,540 km,"14,8 km/l","10,8 km/l",5,5800 rpm,4000 rpm,"9,8 m",1443 mm,1434 mm,,,,,Hidráulicos,,,,,,,"2,01 m²","0,643 m²",,,,,,,Correia dentada,,,,,"0,32",,,,,,,,,,,,,,,,,,,,,,,
peugeot,206,206,206-presence-1-4-8v-2004,206-presence-1-4-8v-2004,https://www.fichacompleta.com.br/carros/peugeot/206-presence-1-4-8v-2004,2026-06-17T21:08:33.998436,Peugeot 206 Presence 1.4 8V 2004,"14,2 s",172 km/h,Embreagem monodisco a seco,Manual,MA/5,5,Dianteira,Injeção multiponto,Natural,1360 cm³,4 em linha,TU3JP,"Único no cabeçote, correia dentada",77 mm,75 mm,Transversal,Dianteiro,"12,7 kg/cv","77,9 kg/kgfm","55,1 cv/litro",75 cv a 5500 rpm,"10,5:1",6500 rpm,"9,0 kgfm/litro","12,2 kgfm a 2800 rpm",2,1432 mm,,3835 mm,2442 mm,1652 mm,950 kg,245 litros,50 litros,114 mm,Disco sólido,Tambor,Hidráulica,"9,8 m","Independente, McPherson",Barra de torção,"Independente, braço arrastado",750 km,550 km,15 km/l,11 km/l,,,,,1443 mm,1434 mm,,,,,,,,,,,,"2,01 m²","0,643 m²","0,32",,,,,,,,,,,,,,,,,,,,,,,,,,,,,,,,,,
peugeot,206,206,206-presence-1-4-8v-2004-gasolina,206-presence-1-4-8v-2004-gasolina,https://www.fichacompleta.com.br/carros/peugeot/206-presence-1-4-8v-2004-gasolina,2026-06-17T21:08:37.335125,Peugeot 206 Presence 1.4 8V 2004,"14,2 s",172 km/h,Embreagem monodisco a seco,Manual,MA/5,,Dianteira,Injeção multiponto,Natural,,4 em linha,TU3JP,Único no cabeçote,77 mm,75 mm,Transversal,Dianteiro,"12,40 kg/cv","76,2 kg/kgfm","55,1 cv/litro",75 cv,"10,5:1",6500 rpm,"9,0 kgfm/litro","12,2 kgfm",2,1432 mm,,3835 mm,2442 mm,1652 mm,930 kg,245 litros,50 litros,114 mm,Disco sólido,Tambor,Hidráulica,,"Indep., McPherson",Barra de torção,"Indep., braço arrastado",750 km,550 km,15 km/l,11 km/l,5,5500 rpm,2800 rpm,"9,8 m",1443 mm,1434 mm,,,,,Mecânicos,,,,,,,"2,01 m²","0,643 m²",,,,,,,Correia dentada,,,,,"0,32",340 cm³,1360 cm³,,,,,,,,,,,,,,,,,,,,,
peugeot,206,206,206-presence-1-6-16v-2004,206-presence-1-6-16v-2004,https://www.fichacompleta.com.br/carros/peugeot/206-presence-1-6-16v-2004,2026-06-17T21:08:41.644582,Peugeot 206 Presence 1.6 16V 2004,"10,5 s",198 km/h,Embreagem monodisco a seco,Manual,MA/5,,Dianteira,Injeção multiponto,Natural,1587 cm³,4 em linha,TU5JP4,Duplo no cabeçote,82 mm,"78,5 mm",Transversal,Dianteiro,"9,3 kg/cv","68,5 kg/kgfm","69,3 cv/litro",110 cv,"10,5:1",6500 rpm,"9,5 kgfm/litro",15 kgfm,4,1432 mm,,3835 mm,2442 mm,1652 mm,1027 kg,245 litros,50 litros,120 mm,Disco ventilado,Disco sólido,Hidráulica,,"Indep., McPherson",Barra de torção,"Indep., braço arrastado",740 km,540 km,"14,8 km/l","10,8 km/l",5,5800 rpm,4000 rpm,"9,8 m",1443 mm,1434 mm,,,,,Hidráulicos,,,,,,,"2,01 m²","0,643 m²",,,,,,,Correia dentada,,,,,"0,32",,,,,,,,,,,,,,,,,,,,,,,
peugeot,206,206,206-quiksilver-1-0-16v-2004,206-quiksilver-1-0-16v-2004,https://www.fichacompleta.com.br/carros/peugeot/206-quiksilver-1-0-16v-2004,2026-06-17T21:08:46.304529,Peugeot 206 Quiksilver 1.0 16V 2004,"14,4 s",160 km/h,Embreagem monodisco a seco,Manual,BE4/5,5,Dianteira,Injeção multiponto,Natural,999 cm³,4 em linha,D4D,"Único no cabeçote, correia dentada",,,Transversal,Dianteiro,"13,4 kg/cv","98,6 kg/kgfm","70,1 cv/litro",70 cv a 5500 rpm,10:1,,"9,5 kgfm/litro","9,5 kgfm a 4200 rpm",4,1432 mm,500 kg,3835 mm,2442 mm,1652 mm,937 kg,245 litros,50 litros,114 mm,Disco sólido,Tambor,Não assistida,"9,8 m","Independente, McPherson",Barra de torção,"Independente, braço arrastado",775 km,470 km,"15,5 km/l","9,4 km/l",,,,,,,"66,8 mm",69 mm,,,,,,,,,,"2,01 m²","0,643 m²","0,32",,,,,,,,,,,,,,,,,,,,,,,,,,,,,,,,,,
peugeot,206,206,206-quiksilver-1-6-16v-2004,206-quiksilver-1-6-16v-2004,https://www.fichacompleta.com.br/carros/peugeot/206-quiksilver-1-6-16v-2004,2026-06-17T21:08:50.755260,Peugeot 206 Quiksilver 1.6 16V 2004,"10,5 s",198 km/h,Embreagem monodisco a seco,Manual,MA/5,,Dianteira,Injeção multiponto,Natural,1587 cm³,4 em linha,TU5JP4,Duplo no cabeçote,82 mm,"78,5 mm",Transversal,Dianteiro,"9,2 kg/cv","67,5 kg/kgfm","69,3 cv/litro",,"10,5:1",6500 rpm,"9,5 kgfm/litro",,4,1432 mm,,3835 mm,2442 mm,1652 mm,1013 kg,245 litros,50 litros,120 mm,Disco ventilado,Disco sólido,Hidráulica,,"Indep., McPherson",Barra de torção,"Indep., braço arrastado",740 km,540 km,"14,8 km/l","10,8 km/l",5,,,"9,8 m",1443 mm,1434 mm,,,5800 rpm,4000 rpm,Hidráulicos,,,,,,,"2,01 m²","0,643 m²",,,,,,,Correia dentada,,,,,"0,32",,,,,,,,,,110 cv,15 kgfm,,,,,,,,,,,,
peugeot,206,206,206-rallye-1-6-16v-2004,206-rallye-1-6-16v-2004,https://www.fichacompleta.com.br/carros/peugeot/206-rallye-1-6-16v-2004,2026-06-17T21:08:54.839006,Peugeot 206 Rallye 1.6 16V 2004,"10,5 s",198 km/h,Embreagem monodisco a seco,Manual,MA/5,,Dianteira,Injeção multiponto,Natural,1587 cm³,4 em linha,TU5JP4,Duplo no cabeçote,82 mm,"78,5 mm",Transversal,Dianteiro,"9,2 kg/cv","67,5 kg/kgfm","69,3 cv/litro",110 cv,"10,5:1",6500 rpm,"9,5 kgfm/litro",15 kgfm,4,1432 mm,,3835 mm,2442 mm,1652 mm,1013 kg,245 litros,50 litros,120 mm,Disco ventilado,Disco sólido,Hidráulica,,"Indep., McPherson",Barra de torção,"Indep., braço arrastado",740 km,540 km,"14,8 km/l","10,8 km/l",5,5750 rpm,4000 rpm,"9,8 m",1443 mm,1434 mm,,,,,Hidráulicos,,,,,,,"2,01 m²","0,643 m²",,,,,,,Correia dentada,,,,,"0,32",,,,,,,,,,,,,,,,,,,,,,,
peugeot,206,206,206-selection-1-0-16v-2004,206-selection-1-0-16v-2004,https://www.fichacompleta.com.br/carros/peugeot/206-selection-1-0-16v-2004,2026-06-17T21:08:57.291204,Peugeot 206 Selection 1.0 16V 2004,"14,4 s",160 km/h,Embreagem monodisco a seco,Manual,BE4/5,5,Dianteira,Injeção multiponto,Natural,999 cm³,4 em linha,D4D,"Único no cabeçote, correia dentada",,,Transversal,Dianteiro,"13,4 kg/cv","98,6 kg/kgfm","70,1 cv/litro",70 cv a 5500 rpm,10:1,,"9,5 kgfm/litro","9,5 kgfm a 4200 rpm",4,1432 mm,500 kg,3835 mm,2442 mm,1652 mm,937 kg,245 litros,50 litros,114 mm,Disco sólido,Tambor,Não assistida,"9,8 m","Independente, McPherson",Barra de torção,"Independente, braço arrastado",775 km,470 km,"15,5 km/l","9,4 km/l",,,,,,,"66,8 mm",69 mm,,,,,,,,,,"2,01 m²",,"0,32",,,,,,,,,,,,,,,,,,,,,,,,,,,,,,,,,,
peugeot,206,206,206-selection-1-6-16v-2004,206-selection-1-6-16v-2004,https://www.fichacompleta.com.br/carros/peugeot/206-selection-1-6-16v-2004,2026-06-17T21:09:00.795687,Peugeot 206 Selection 1.6 16V 2004,"10,5 s",198 km/h,Embreagem monodisco a seco,Manual,MA/5,,Dianteira,Injeção multiponto,Natural,1587 cm³,4 em linha,TU5JP4,Duplo no cabeçote,82 mm,"78,5 mm",Transversal,Dianteiro,"9,3 kg/cv","68,5 kg/kgfm","69,3 cv/litro",110 cv,"10,5:1",6500 rpm,"9,5 kgfm/litro",15 kgfm,4,1432 mm,,3835 mm,2442 mm,1652 mm,1027 kg,245 litros,50 litros,120 mm,Disco ventilado,Disco sólido,Hidráulica,,"Indep., McPherson",Barra de torção,"Indep., braço arrastado",740 km,540 km,"14,8 km/l","10,8 km/l",5,5800 rpm,4000 rpm,"9,8 m",1443 mm,1434 mm,,,,,Hidráulicos,,,,,,,"2,01 m²","0,643 m²",,,,,,,Correia dentada,,,,,"0,32",,,,,,,,,,,,,,,,,,,,,,,
peugeot,206,206,206-sensation-1-0-16v-2004-gasolina,206-sensation-1-0-16v-2004-gasolina,https://www.fichacompleta.com.br/carros/peugeot/206-sensation-1-0-16v-2004-gasolina,2026-06-17T21:09:03.957543,Peugeot 206 Sensation 1.0 16V 2004,"14,4 s",160 km/h,Embreagem monodisco a seco,Manual,BE4/5,,Dianteira,Injeção multiponto,Natural,999 cm³,4 em linha,D4D,Único no cabeçote,"66,8 mm",69 mm,Transversal,Dianteiro,"13,1 kg/cv","96,5 kg/kgfm","70,1 cv/litro",70 cv,10:1,,"9,5 kgfm/litro","9,5 kgfm",4,1432 mm,500 kg,3835 mm,2442 mm,1652 mm,917 kg,245 litros,50 litros,114 mm,Disco sólido,Tambor,Não assistida,,"Indep., McPherson",Barra de torção,"Indep., braço arrastado",775 km,470 km,"15,5 km/l","9,4 km/l",5,5500 rpm,4200 rpm,"9,8 m",,,,,,,,,,,,,,"2,01 m²","0,643 m²",,,,,,,Correia dentada,,,,,"0,32",,,,,,,,,,,,,,,,,,,,,,,
peugeot,206,206,206-sensation-1-0-16v-2004,206-sensation-1-0-16v-2004,https://www.fichacompleta.com.br/carros/peugeot/206-sensation-1-0-16v-2004,2026-06-17T21:09:07.887079,Peugeot 206 Sensation 1.0 16V 2004,"14,4 s",160 km/h,Embreagem monodisco a seco,Manual,BE4/5,5,Dianteira,Injeção multiponto,Natural,999 cm³,4 em linha,D4D,"Único no cabeçote, correia dentada","66,8 mm",69 mm,Transversal,Dianteiro,"13,4 kg/cv","98,6 kg/kgfm","70,1 cv/litro",70 cv a 5500 rpm,10:1,,"9,5 kgfm/litro","9,5 kgfm a 4200 rpm",4,1432 mm,500 kg,3835 mm,2442 mm,1652 mm,937 kg,245 litros,50 litros,114 mm,Disco sólido,Tambor,Não assistida,"9,8 m","Independente, McPherson",Barra de torção,"Independente, braço arrastado",775 km,470 km,"15,5 km/l","9,4 km/l",,,,,,,,,,,,,,,,,,"2,01 m²","0,643 m²","0,32",,,,,,,,,,,,,,,,,,,,,,,,,,,,,,,,,,
peugeot,206,206,206-soleil-1-0-16v-2004,206-soleil-1-0-16v-2004,https://www.fichacompleta.com.br/carros/peugeot/206-soleil-1-0-16v-2004,2026-06-17T21:09:11.245768,Peugeot 206 Soleil 1.0 16V 2004,"14,4 s",160 km/h,Embreagem monodisco a seco,Manual,BE4/5,5,Dianteira,Injeção multiponto,Natural,999 cm³,4 em linha,D4D,"Único no cabeçote, correia dentada",,,Transversal,Dianteiro,"13,4 kg/cv","98,6 kg/kgfm","70,1 cv/litro",70 cv a 5500 rpm,10:1,,"9,5 kgfm/litro","9,5 kgfm a 4200 rpm",4,1432 mm,500 kg,3835 mm,2442 mm,1652 mm,937 kg,245 litros,50 litros,114 mm,Disco sólido,Tambor,Não assistida,"9,8 m","Independente, McPherson",Barra de torção,"Independente, braço arrastado",775 km,470 km,"15,5 km/l","9,4 km/l",,,,,,,"66,8 mm",69 mm,,,,,,,,,,"2,01 m²",,"0,32",,,,,,,,,,,,,,,,,,,,,,,,,,,,,,,,,,
peugeot,206,206,206-techno-1-0-16v-2004,206-techno-1-0-16v-2004,https://www.fichacompleta.com.br/carros/peugeot/206-techno-1-0-16v-2004,2026-06-17T21:09:15.804373,Peugeot 206 Techno 1.0 16V 2004,"14,4 s",160 km/h,Embreagem monodisco a seco,Manual,BE4/5,,Dianteira,Injeção multiponto,Natural,999 cm³,4 em linha,D4D,Único no cabeçote,"66,8 mm",69 mm,Transversal,Dianteiro,"13,4 kg/cv","98,6 kg/kgfm","70,1 cv/litro",70 cv,10:1,,"9,5 kgfm/litro","9,5 kgfm",4,1432 mm,500 kg,3835 mm,2442 mm,1652 mm,937 kg,245 litros,50 litros,114 mm,Disco sólido,Tambor,Não assistida,,"Indep., McPherson",Barra de torção,"Indep., braço arrastado",775 km,470 km,"15,5 km/l","9,4 km/l",5,5500 rpm,4200 rpm,"9,8 m",,,,,,,,,,,,,,"2,01 m²","0,643 m²",,,,,,,Correia dentada,,,,,"0,32",,,,,,,,,,,,,,,,,,,,,,,
peugeot,206,206,206-techno-1-6-16v-2004,206-techno-1-6-16v-2004,https://www.fichacompleta.com.br/carros/peugeot/206-techno-1-6-16v-2004,2026-06-17T21:09:19.109379,Peugeot 206 Techno 1.6 16V 2004,"10,5 s",198 km/h,Embreagem monodisco a seco,Manual,MA/5,5,Dianteira,Injeção multiponto,Natural,1587 cm³,4 em linha,TU5JP4,"Duplo no cabeçote, correia dentada",,,Transversal,Dianteiro,"9,3 kg/cv","68,5 kg/kgfm","69,3 cv/litro",110 cv a 5750 rpm,"10,5:1",,"9,5 kgfm/litro",15 kgfm a 4000 rpm,4,1432 mm,,3835 mm,2442 mm,1652 mm,1027 kg,245 litros,50 litros,120 mm,Disco ventilado,Disco sólido,Hidráulica,"9,8 m","Independente, McPherson",Barra de torção,"Independente, braço arrastado",740 km,540 km,"14,8 km/l","10,8 km/l",,,,,1443 mm,1434 mm,82 mm,"78,5 mm",,,Hidráulicos,,,,,,,"2,01 m²",,"0,32",,,,,,,,,,,,,,,,,,,,,,,,,,,,,,,,,,
peugeot,206,206,206-feline-1-4-8v-2005,206-feline-1-4-8v-2005,https://www.fichacompleta.com.br/carros/peugeot/206-feline-1-4-8v-2005,2026-06-17T21:09:21.848494,Peugeot 206 Feline 1.4 8V 2005,"14,2 s",172 km/h,Embreagem monodisco a seco,Manual,MA/5,,Dianteira,Injeção multiponto,Natural,1360 cm³,4 em linha,TU3JP,Único no cabeçote,77 mm,75 mm,Transversal,Dianteiro,"12,7 kg/cv","77,9 kg/kgfm","55,1 cv/litro",75 cv,"10,5:1",6500 rpm,"9,0 kgfm/litro","12,2 kgfm",2,1432 mm,,3835 mm,2442 mm,1652 mm,950 kg,245 litros,50 litros,114 mm,Disco sólido,Tambor,Hidráulica,,"Indep., McPherson",Barra de torção,"Indep., braço arrastado",750 km,550 km,15 km/l,11 km/l,5,5500 rpm,2800 rpm,"9,8 m",1443 mm,1434 mm,,,,,,,,,,,,"2,01 m²","0,643 m²",,,,,,,Correia dentada,,,,,"0,32",,,,,,,,,,,,,,,,,,,,,,,
peugeot,206,206,206-feline-1-6-16v-2005,206-feline-1-6-16v-2005,https://www.fichacompleta.com.br/carros/peugeot/206-feline-1-6-16v-2005,2026-06-17T21:09:25.386761,Peugeot 206 Feline 1.6 16V 2005,"10,5 s",198 km/h,Embreagem monodisco a seco,Manual,MA/5,5,Dianteira,Injeção multiponto,Natural,1587 cm³,4 em linha,TU5JP4,Duplo no cabeçote,82 mm,"78,5 mm",Transversal,Dianteiro,"9,1 kg/cv","65,0 kg/kgfm","71,2 cv/litro",113 cv (A) 110 cv (G) a 5750 rpm,11:1,6500 rpm,"10,0 kgfm/litro","15,8 kgfm (A) 14,5 kgfm (G) a 4000 rpm",4,1432 mm,,3832 mm,2442 mm,1652 mm,1027 kg,245 litros,50 litros,120 mm,Disco ventilado,Disco sólido,Hidráulica,"9,8 m","Indep., McPherson",Barra de torção,"Indep., braço arrastado",710 km,515 km,"14,2 km/l","10,3 km/l",5,,,"9,8 m",1425 mm,1410 mm,,,5750 rpm,4000 rpm,Hidráulicos,,,,,,,"2,01 m²","0,643 m²","0,32",540 km,375 km,"10,8 km/l","7,5 km/l",,Correia dentada,113 cv,110 cv,"15,8 kgfm","14,5 kgfm","0,32",,,,,,,,,,,,,,,,,,,,,,,
peugeot,206,206,206-presence-1-4-8v-2005-gasolina,206-presence-1-4-8v-2005-gasolina,https://www.fichacompleta.com.br/carros/peugeot/206-presence-1-4-8v-2005-gasolina,2026-06-17T21:09:28.739638,Peugeot 206 Presence 1.4 8V 2005,"14,2 s",172 km/h,Embreagem monodisco a seco,Manual,MA/5,5,Dianteira,Injeção multiponto,Natural,1360 cm³,4 em linha,TU3JP,"Único no cabeçote, correia dentada",,,Transversal,Dianteiro,"12,7 kg/cv","77,9 kg/kgfm","55,1 cv/litro",75 cv a 5500 rpm,"10,5:1",,"9,0 kgfm/litro","12,2 kgfm a 2800 rpm",2,1432 mm,,3835 mm,2442 mm,1652 mm,950 kg,245 litros,50 litros,114 mm,175/65 R14,Tambor,Hidráulica,"9,8 m","Independente, McPherson",Barra de torção,"Independente, braço arrastado",750 km,550 km,15 km/l,11 km/l,,,,,1443 mm,1434 mm,77 mm,75 mm,,,,,,,,,,"2,01 m²",,"0,32",,,,,,,,,,,,,,,,,,,,,,,,,,,,,,,,,,
peugeot,206,206,206-presence-1-4-8v-2005,206-presence-1-4-8v-2005,https://www.fichacompleta.com.br/carros/peugeot/206-presence-1-4-8v-2005,2026-06-17T21:09:32.715975,Peugeot 206 Presence 1.4 8V 2005,"14,2 s",172 km/h,Embreagem monodisco a seco,Manual,MA/5,,Dianteira,Injeção multiponto,Natural,1360 cm³,4 em linha,TU3JP,Único no cabeçote,77 mm,75 mm,Transversal,Dianteiro,"12,4 kg/cv","76,2 kg/kgfm","55,1 cv/litro",75 cv,"10,5:1",6500 rpm,"9,0 kgfm/litro","12,2 kgfm",2,1432 mm,,3835 mm,2442 mm,1652 mm,930 kg,245 litros,50 litros,114 mm,Disco sólido,Tambor,Hidráulica,,"Indep., McPherson",Barra de torção,"Indep., braço arrastado",750 km,550 km,15 km/l,11 km/l,5,5500 rpm,2800 rpm,"9,8 m",1443 mm,1434 mm,,,,,,,,,,,,"2,01 m²","0,643 m²",,,,,,,Correia dentada,,,,,"0,32",,,,,,,,,,,,,,,,,,,,,,,
peugeot,206,206,206-presence-1-6-16v-2005,206-presence-1-6-16v-2005,https://www.fichacompleta.com.br/carros/peugeot/206-presence-1-6-16v-2005,2026-06-17T21:09:36.492067,Peugeot 206 Presence 1.6 16V 2005,"10,5 s",198 km/h,Embreagem monodisco a seco,Manual,MA/5,,Dianteira,Injeção multiponto,Natural,1587 cm³,4 em linha,TU5JP4,Duplo no cabeçote,82 mm,"78,5 mm",Transversal,Dianteiro,"9,1 kg/cv","65,0 kg/kgfm","71,2 cv/litro",,11:1,6500 rpm,"10,0 kgfm/litro",,4,1432 mm,,3832 mm,2442 mm,1652 mm,1027 kg,245 litros,50 litros,120 mm,Disco ventilado,Disco sólido,Hidráulica,,"Indep., McPherson",Barra de torção,"Indep., braço arrastado",710 km,515 km,"14,2 km/l","10,3 km/l",5,5750 rpm,4000 rpm,"9,8 m",1425 mm,1410 mm,,,,,Hidráulicos,,,,,,,"2,01 m²","0,643 m²",,540 km,375 km,"10,8 km/l","7,5 km/l",,Correia dentada,113 cv,110 cv,"15,8 kgfm","14,5 kgfm","0,32",,,,,,,,,,,,,,,,,,,,,,,
peugeot,206,206,206-rallye-1-6-16v-2005,206-rallye-1-6-16v-2005,https://www.fichacompleta.com.br/carros/peugeot/206-rallye-1-6-16v-2005,2026-06-17T21:09:40.471766,Peugeot 206 Rallye 1.6 16V 2005,"10,5 s",198 km/h,Embreagem monodisco a seco,Manual,MA/5,,Dianteira,Injeção multiponto,Natural,,4 em linha,TU5JP4,Duplo no cabeçote,82 mm,"78,5 mm",Transversal,Dianteiro,"9,21 kg/cv","67,5 kg/kgfm","69,3 cv/litro",110 cv,"10,5:1",6500 rpm,"9,5 kgfm/litro",15 kgfm,4,1432 mm,,3835 mm,2442 mm,1652 mm,1013 kg,245 litros,50 litros,120 mm,Disco ventilado,Disco sólido,Hidráulica,,"Indep., McPherson",Barra de torção,"Indep., braço arrastado",740 km,540 km,"14,8 km/l","10,8 km/l",5,5750 rpm,4000 rpm,"9,8 m",1443 mm,1434 mm,,,,,Hidráulicos,,,,,,,"2,01 m²","0,643 m²",,,,,,,Correia dentada,,,,,"0,32",397 cm³,1587 cm³,10W-40 ³,,,,,,,,,,,,,,,,,,,,
peugeot,206,206,206-selection-1-0-16v-2005,206-selection-1-0-16v-2005,https://www.fichacompleta.com.br/carros/peugeot/206-selection-1-0-16v-2005,2026-06-17T21:09:44.594969,Peugeot 206 Selection 1.0 16V 2005,"14,4 s",160 km/h,Embreagem monodisco a seco,Manual,BE4/5,,Dianteira,Injeção multiponto,Natural,999 cm³,4 em linha,D4D,Único no cabeçote,"66,8 mm",69 mm,Transversal,Dianteiro,"13,1 kg/cv","96,5 kg/kgfm","70,1 cv/litro",70 cv,10:1,,"9,5 kgfm/litro","9,5 kgfm",4,1432 mm,500 kg,3835 mm,2442 mm,1652 mm,917 kg,245 litros,50 litros,114 mm,Disco sólido,Tambor,Não assistida,,"Indep., McPherson",Barra de torção,"Indep., braço arrastado",775 km,470 km,"15,5 km/l","9,4 km/l",5,5500 rpm,4200 rpm,"9,8 m",,,,,,,,,,,,,,"2,01 m²","0,643 m²",,,,,,,Correia dentada,,,,,"0,32",,,,,,,,,,,,,,,,,,,,,,,
peugeot,206,206,206-sensation-1-0-16v-2005,206-sensation-1-0-16v-2005,https://www.fichacompleta.com.br/carros/peugeot/206-sensation-1-0-16v-2005,2026-06-17T21:09:49.324280,Peugeot 206 Sensation 1.0 16V 2005,"14,4 s",160 km/h,Embreagem monodisco a seco,Manual,BE4/5,5,Dianteira,Injeção multiponto,Natural,999 cm³,4 em linha,D4D,"Único no cabeçote, correia dentada",,,Transversal,Dianteiro,"13,4 kg/cv","98,6 kg/kgfm","70,1 cv/litro",70 cv a 5500 rpm,10:1,,"9,5 kgfm/litro","9,5 kgfm a 4200 rpm",4,1432 mm,500 kg,3835 mm,2442 mm,1652 mm,937 kg,245 litros,50 litros,114 mm,Disco sólido,Tambor,Não assistida,"9,8 m","Independente, McPherson",Barra de torção,"Independente, braço arrastado",775 km,470 km,"15,5 km/l","9,4 km/l",,,,,,,"66,8 mm",69 mm,,,,,,,,,,"2,01 m²",,"0,32",,,,,,,,,,,,,,,,,,,,,,,,,,,,,,,,,,
peugeot,206,206,206-feline-1-4-8v-2006,206-feline-1-4-8v-2006,https://www.fichacompleta.com.br/carros/peugeot/206-feline-1-4-8v-2006,2026-06-17T21:09:53.886802,Peugeot 206 Feline 1.4 8V 2006,"12,1 s",174 km/h,Embreagem monodisco a seco,Manual,MA/5,5,Dianteira,Injeção multiponto,Natural,1360 cm³,4 em linha,TU3JP,"Único no cabeçote, correia dentada",,,Transversal,Dianteiro,"12,5 kg/cv","80,2 kg/kgfm","60,3 cv/litro",82 cv (A) 80 cv (G) a 5250 rpm,"10,2:1",,"9,4 kgfm/litro","12,8 kgfm (A) 12,8 kgfm (G) a 3250 rpm",2,1432 mm,,3835 mm,2442 mm,1652 mm,1027 kg,245 litros,50 litros,114 mm,175/65 R14,Tambor,Hidráulica,"9,8 m","Independente, McPherson",Barra de torção,"Independente, braço arrastado",710 km,535 km,"14,2 km/l","10,7 km/l",,,,,,,77 mm,75 mm,,,,,,,,,,"2,01 m²",,"0,32",525 km,380 km,"10,5 km/l","7,6 km/l",,,,,,,,,,,,,,,,,,,,,,,,,,,,,,
peugeot,206,206,206-feline-1-6-16v-2006,206-feline-1-6-16v-2006,https://www.fichacompleta.com.br/carros/peugeot/206-feline-1-6-16v-2006,2026-06-17T21:09:58.791373,Peugeot 206 Feline 1.6 16V 2006,"10,5 s",198 km/h,Embreagem monodisco a seco,Manual,MA/5,5,Dianteira,Injeção multiponto,Natural,1587 cm³,4 em linha,TU5JP4,"Duplo no cabeçote, correia dentada",,,Transversal,Dianteiro,"9,1 kg/cv","65,0 kg/kgfm","71,2 cv/litro",113 cv (A) 110 cv (G) a 5750 rpm,11:1,6500 rpm,"10,0 kgfm/litro","15,8 kgfm (A) 14,5 kgfm (G) a 4000 rpm",4,1432 mm,,3832 mm,2442 mm,1652 mm,1027 kg,245 litros,50 litros,120 mm,Disco ventilado,Disco sólido,Hidráulica,"9,8 m","Independente, McPherson",Barra de torção,"Independente, braço arrastado",710 km,515 km,"14,2 km/l","10,3 km/l",,,,,1425 mm,1410 mm,82 mm,"78,5 mm",,,Hidráulicos,,,,,,,"2,01 m²","0,643 m²","0,32",540 km,375 km,"10,8 km/l","7,5 km/l",,,,,,,,,,,,,,,,,,,,,,,,,,,,,,
peugeot,206,206,206-holiday-1-4-8v-2006,206-holiday-1-4-8v-2006,https://www.fichacompleta.com.br/carros/peugeot/206-holiday-1-4-8v-2006,2026-06-17T21:10:04.704576,Peugeot 206 Holiday 1.4 8V 2006,"14,2 s",172 km/h,Embreagem monodisco a seco,Manual,MA/5,,Dianteira,Injeção multiponto,Natural,1360 cm³,4 em linha,TU3JP,Único no cabeçote,77 mm,75 mm,Transversal,Dianteiro,"12,7 kg/cv","77,9 kg/kgfm","55,1 cv/litro",75 cv,"10,5:1",6500 rpm,"9,0 kgfm/litro","12,2 kgfm",2,1432 mm,,3835 mm,2442 mm,1652 mm,950 kg,245 litros,50 litros,114 mm,Disco sólido,Tambor,Hidráulica,,"Indep., McPherson",Barra de torção,"Indep., braço arrastado",750 km,550 km,15 km/l,11 km/l,5,5500 rpm,2800 rpm,"9,8 m",1443 mm,1434 mm,,,,,,,,,,,,"2,01 m²","0,643 m²",,,,,,,Correia dentada,,,,,"0,32",,,,,,,,,,,,,,,,,,,,,,,
peugeot,206,206,206-holiday-1-6-16v-2006,206-holiday-1-6-16v-2006,https://www.fichacompleta.com.br/carros/peugeot/206-holiday-1-6-16v-2006,2026-06-17T21:10:08.435340,Peugeot 206 Holiday 1.6 16V 2006,"10,5 s",198 km/h,Embreagem monodisco a seco,Manual,MA/5,,Dianteira,Injeção multiponto,Natural,1587 cm³,4 em linha,TU5JP4,Duplo no cabeçote,82 mm,"78,5 mm",Transversal,Dianteiro,"9,1 kg/cv","65,0 kg/kgfm","71,2 cv/litro",,11:1,6500 rpm,"10,0 kgfm/litro",,4,1432 mm,,3832 mm,2442 mm,1652 mm,1027 kg,245 litros,50 litros,120 mm,Disco ventilado,Disco sólido,Hidráulica,,"Indep., McPherson",Barra de torção,"Indep., braço arrastado",710 km,515 km,"14,2 km/l","10,3 km/l",5,,,"9,8 m",1425 mm,1410 mm,,,5750 rpm,4000 rpm,Hidráulicos,,,,,,,"2,01 m²","0,643 m²",,540 km,375 km,"10,8 km/l","7,5 km/l",,Correia dentada,,,,,"0,32",,,,113 cv,110 cv,"15,8 kgfm","14,5 kgfm",,,,,,,,,,,,,,,,
peugeot,206,206,206-presence-1-4-8v-2006,206-presence-1-4-8v-2006,https://www.fichacompleta.com.br/carros/peugeot/206-presence-1-4-8v-2006,2026-06-17T21:10:11.468554,Peugeot 206 Presence 1.4 8V 2006,"12,1 s",174 km/h,Embreagem monodisco a seco,Manual,MA/5,,Dianteira,Injeção multiponto,Natural,1360 cm³,4 em linha,TU3JP,Único no cabeçote,77 mm,75 mm,Transversal,Dianteiro,"12,5 kg/cv","80,2 kg/kgfm","60,3 cv/litro",,"10,2:1",6500 rpm,"9,4 kgfm/litro",,2,1432 mm,,3835 mm,2442 mm,1652 mm,1027 kg,245 litros,50 litros,114 mm,Disco sólido,Tambor,Hidráulica,,"Indep., McPherson",Barra de torção,"Indep., braço arrastado",710 km,535 km,"14,2 km/l","10,7 km/l",5,5250 rpm,3250 rpm,"9,8 m",,,,,,,,,,,,,,"2,01 m²","0,643 m²",,525 km,380 km,"10,5 km/l","7,6 km/l",,Correia dentada,82 cv,80 cv,"12,8 kgfm","12,8 kgfm","0,32",,,,,,,,,,,,,,,,,,,,,,,
peugeot,206,206,206-presence-1-4-8v-2006-flex-alcool-gasolina,206-presence-1-4-8v-2006-flex-alcool-gasolina,https://www.fichacompleta.com.br/carros/peugeot/206-presence-1-4-8v-2006-flex-alcool-gasolina,2026-06-17T21:10:15.293860,Peugeot 206 Presence 1.4 8V 2006,"12,1 s",174 km/h,Embreagem monodisco a seco,Manual,MA/5,,Dianteira,Injeção multiponto,Natural,1360 cm³,4 em linha,TU3JP,Único no cabeçote,77 mm,75 mm,Transversal,Dianteiro,"12,4 kg/cv","79,1 kg/kgfm","60,3 cv/litro",,"10,2:1",6500 rpm,"9,4 kgfm/litro",,2,1432 mm,,3835 mm,2442 mm,1652 mm,1013 kg,245 litros,50 litros,114 mm,Disco sólido,Tambor,Hidráulica,,"Indep., McPherson",Barra de torção,"Indep., braço arrastado",710 km,535 km,"14,2 km/l","10,7 km/l",5,5250 rpm,3250 rpm,"9,8 m",,,,,,,,,,,,,,"2,01 m²","0,643 m²",,525 km,380 km,"10,5 km/l","7,6 km/l",,Correia dentada,82 cv,80 cv,"12,8 kgfm","12,8 kgfm","0,32",,,,,,,,,,,,,,,,,,,,,,,
peugeot,206,206,206-presence-1-6-16v-2006,206-presence-1-6-16v-2006,https://www.fichacompleta.com.br/carros/peugeot/206-presence-1-6-16v-2006,2026-06-17T21:10:19.162350,Peugeot 206 Presence 1.6 16V 2006,"10,5 s",198 km/h,Embreagem monodisco a seco,Manual,MA/5,,Dianteira,Injeção multiponto,Natural,1587 cm³,4 em linha,TU5JP4,Duplo no cabeçote,82 mm,"78,5 mm",Transversal,Dianteiro,"9,1 kg/cv","65,0 kg/kgfm","71,2 cv/litro",,11:1,6500 rpm,"10,0 kgfm/litro",,4,1432 mm,,3832 mm,2442 mm,1652 mm,1027 kg,245 litros,50 litros,120 mm,Disco ventilado,Disco sólido,Hidráulica,,"Indep., McPherson",Barra de torção,"Indep., braço arrastado",710 km,515 km,"14,2 km/l","10,3 km/l",5,5750 rpm,4000 rpm,"9,8 m",1425 mm,1410 mm,,,,,Hidráulicos,,,,,,,"2,01 m²","0,643 m²",,540 km,375 km,"10,8 km/l","7,5 km/l",,Correia dentada,113 cv,110 cv,"15,8 kgfm","14,5 kgfm","0,32",,,,,,,,,,,,,,,,,,,,,,,
peugeot,206,206,206-sensation-1-0-16v-2006,206-sensation-1-0-16v-2006,https://www.fichacompleta.com.br/carros/peugeot/206-sensation-1-0-16v-2006,2026-06-17T21:10:22.774587,Peugeot 206 Sensation 1.0 16V 2006,"14,4 s",160 km/h,Embreagem monodisco a seco,Manual,BE4/5,5,Dianteira,Injeção multiponto,Natural,999 cm³,4 em linha,D4D,"Único no cabeçote, correia dentada",,,Transversal,Dianteiro,"13,4 kg/cv","98,6 kg/kgfm","70,1 cv/litro",70 cv a 5500 rpm,10:1,,"9,5 kgfm/litro","9,5 kgfm a 4200 rpm",4,1432 mm,500 kg,3835 mm,2442 mm,1652 mm,937 kg,245 litros,50 litros,114 mm,Disco sólido,Tambor,Não assistida,"9,8 m","Independente, McPherson",Barra de torção,"Independente, braço arrastado",775 km,470 km,"15,5 km/l","9,4 km/l",,,,,,,"66,8 mm",69 mm,,,,,,,,,,"2,01 m²",,"0,32",,,,,,,,,,,,,,,,,,,,,,,,,,,,,,,,,,
peugeot,206,206,206-sensation-1-4-8v-2006,206-sensation-1-4-8v-2006,https://www.fichacompleta.com.br/carros/peugeot/206-sensation-1-4-8v-2006,2026-06-17T21:10:27.130684,Peugeot 206 Sensation 1.4 8V 2006,"12,1 s",174 km/h,Embreagem monodisco a seco,Manual,MA/5,5,Dianteira,Injeção multiponto,Natural,1360 cm³,4 em linha,TU3JP,Único no cabeçote,77 mm,75 mm,Transversal,Dianteiro,"12,5 kg/cv","80,2 kg/kgfm","60,3 cv/litro",82 cv (A) 80 cv (G) a 5250 rpm,"10,2:1",6500 rpm,"9,4 kgfm/litro","12,8 kgfm (A) 12,8 kgfm (G) a 3250 rpm",2,1432 mm,,3835 mm,2442 mm,1652 mm,1027 kg,245 litros,50 litros,114 mm,Disco sólido,Tambor,Hidráulica,"9,8 m","Indep., McPherson",Barra de torção,"Indep., braço arrastado",710 km,535 km,"14,2 km/l","10,7 km/l",5,,,"9,8 m",,,,,5250 rpm,3250 rpm,,,,,,,,"2,01 m²","0,643 m²","0,32",525 km,380 km,"10,5 km/l","7,6 km/l",,Correia dentada,82 cv,80 cv,"12,8 kgfm","12,8 kgfm","0,32",,,,,,,,,,,,,,,,,,,,,,,
peugeot,206,206,206-sensation-1-4-8v-2006-flex,206-sensation-1-4-8v-2006-flex,https://www.fichacompleta.com.br/carros/peugeot/206-sensation-1-4-8v-2006-flex,2026-06-17T21:10:29.928215,Peugeot 206 Sensation 1.4 8V 2006,"12,1 s",174 km/h,Embreagem monodisco a seco,Manual,MA/5,,Dianteira,Injeção multiponto,Natural,1360 cm³,4 em linha,TU3JP,Único no cabeçote,77 mm,75 mm,Transversal,Dianteiro,"12,3 kg/cv","78,7 kg/kgfm","60,3 cv/litro",,"10,2:1",6500 rpm,"9,4 kgfm/litro",,2,1432 mm,,3835 mm,2442 mm,1652 mm,1007 kg,245 litros,50 litros,114 mm,Disco sólido,Tambor,Hidráulica,,"Indep., McPherson",Barra de torção,"Indep., braço arrastado",710 km,535 km,"14,2 km/l","10,7 km/l",5,5250 rpm,3250 rpm,"9,8 m",,,,,,,,,,,,,,"2,01 m²","0,643 m²",,525 km,380 km,"10,5 km/l","7,6 km/l",,Correia dentada,82 cv,80 cv,"12,8 kgfm","12,8 kgfm","0,32",,,,,,,,,,,,,,,,,,,,,,,
peugeot,206,206,206-feline-1-4-8v-2007,206-feline-1-4-8v-2007,https://www.fichacompleta.com.br/carros/peugeot/206-feline-1-4-8v-2007,2026-06-17T21:10:34.552476,Peugeot 206 Feline 1.4 8V 2007,"12,1 s",174 km/h,Embreagem monodisco a seco,Manual,MA/5,5,Dianteira,Injeção multiponto,Natural,1360 cm³,4 em linha,TU3JP,"Único no cabeçote, correia dentada",77 mm,75 mm,Transversal,Dianteiro,"12,5 kg/cv","80,2 kg/kgfm","60,3 cv/litro",82 cv (A) 80 cv (G) a 5250 rpm,"10,2:1",6500 rpm,"9,4 kgfm/litro","12,8 kgfm (A) 12,8 kgfm (G) a 3250 rpm",2,1432 mm,,3835 mm,2442 mm,1652 mm,1027 kg,245 litros,50 litros,114 mm,Disco sólido,Tambor,Hidráulica,"9,8 m","Independente, McPherson",Barra de torção,"Independente, braço arrastado",710 km,535 km,"14,2 km/l","10,7 km/l",,,,,,,,,,,,,,,,,,"2,01 m²","0,643 m²","0,32",525 km,380 km,"10,5 km/l","7,6 km/l",,,,,,,,,,,,,,,,,,,,,,,,,,,,,,
peugeot,206,206,206-feline-1-6-16v-2007,206-feline-1-6-16v-2007,https://www.fichacompleta.com.br/carros/peugeot/206-feline-1-6-16v-2007,2026-06-17T21:10:38.369234,Peugeot 206 Feline 1.6 16V 2007,"10,5 s",198 km/h,Embreagem monodisco a seco,Manual,MA/5,,Dianteira,Injeção multiponto,Natural,1587 cm³,4 em linha,TU5JP4,Duplo no cabeçote,82 mm,"78,5 mm",Transversal,Dianteiro,"9,1 kg/cv","65,0 kg/kgfm","71,2 cv/litro",,11:1,6500 rpm,"10,0 kgfm/litro",,4,1432 mm,,3832 mm,2442 mm,1652 mm,1027 kg,245 litros,50 litros,120 mm,Disco ventilado,Disco sólido,Hidráulica,,"Indep., McPherson",Barra de torção,"Indep., braço arrastado",710 km,515 km,"14,2 km/l","10,3 km/l",5,5750 rpm,4000 rpm,"9,8 m",1425 mm,1410 mm,,,,,Hidráulicos,,,,,,,"2,01 m²","0,643 m²",,540 km,375 km,"10,8 km/l","7,5 km/l",,Correia dentada,113 cv,110 cv,"15,8 kgfm","14,5 kgfm","0,32",,,,,,,,,,,,,,,,,,,,,,,
peugeot,206,206,206-moonlight-1-4-8v-2007-flex,206-moonlight-1-4-8v-2007-flex,https://www.fichacompleta.com.br/carros/peugeot/206-moonlight-1-4-8v-2007-flex,2026-06-17T21:10:41.178069,Peugeot 206 Moonlight 1.4 8V 2007,"12,1 s",174 km/h,Embreagem monodisco a seco,Manual,MA/5,5,Dianteira,Injeção multiponto,Natural,1360 cm³,4 em linha,TU3JP,"Único no cabeçote, correia dentada",77 mm,75 mm,Transversal,Dianteiro,"12,5 kg/cv","80,2 kg/kgfm","60,3 cv/litro",82 cv (A) 80 cv (G) a 5250 rpm,"10,2:1",6500 rpm,"9,4 kgfm/litro","12,8 kgfm (A) 12,8 kgfm (G) a 3250 rpm",2,1432 mm,,3835 mm,2442 mm,1652 mm,1027 kg,245 litros,50 litros,114 mm,Disco sólido,Tambor,Hidráulica,"9,8 m","Independente, McPherson",Barra de torção,"Independente, braço arrastado",710 km,535 km,"14,2 km/l","10,7 km/l",,,,,,,,,,,,,,,,,,"2,01 m²","0,643 m²","0,32",525 km,380 km,"10,5 km/l","7,6 km/l",,,,,,,,,,,,,,,,,,,,,,,,,,,,,,
peugeot,206,206,206-moonlight-1-4-8v-2007,206-moonlight-1-4-8v-2007,https://www.fichacompleta.com.br/carros/peugeot/206-moonlight-1-4-8v-2007,2026-06-17T21:10:44.173177,Peugeot 206 Moonlight 1.4 8V 2007,"12,1 s",174 km/h,Embreagem monodisco a seco,Manual,MA/5,,Dianteira,Injeção multiponto,Natural,1360 cm³,4 em linha,TU3JP,Único no cabeçote,77 mm,75 mm,Transversal,Dianteiro,"12,4 kg/cv","79,1 kg/kgfm","60,3 cv/litro",,"10,2:1",6500 rpm,"9,4 kgfm/litro",,2,1432 mm,,3835 mm,2442 mm,1652 mm,1013 kg,245 litros,50 litros,114 mm,Disco sólido,Tambor,Hidráulica,,"Indep., McPherson",Barra de torção,"Indep., braço arrastado",710 km,535 km,"14,2 km/l","10,7 km/l",5,5250 rpm,3250 rpm,"9,8 m",,,,,,,,,,,,,,"2,01 m²","0,643 m²",,525 km,380 km,"10,5 km/l","7,6 km/l",,Correia dentada,82 cv,80 cv,"12,8 kgfm","12,8 kgfm","0,32",,,,,,,,,,,,,,,,,,,,,,,
peugeot,206,206,206-presence-1-4-8v-2007,206-presence-1-4-8v-2007,https://www.fichacompleta.com.br/carros/peugeot/206-presence-1-4-8v-2007,2026-06-17T21:10:47.374237,Peugeot 206 Presence 1.4 8V 2007,"12,1 s",174 km/h,Embreagem monodisco a seco,Manual,MA/5,,Dianteira,Injeção multiponto,Natural,1360 cm³,4 em linha,TU3JP,Único no cabeçote,77 mm,75 mm,Transversal,Dianteiro,"12,5 kg/cv","80,2 kg/kgfm","60,3 cv/litro",,"10,2:1",6500 rpm,"9,4 kgfm/litro",,2,1432 mm,,3835 mm,2442 mm,1652 mm,1027 kg,245 litros,50 litros,114 mm,Disco sólido,Tambor,Hidráulica,,"Indep., McPherson",Barra de torção,"Indep., braço arrastado",710 km,535 km,"14,2 km/l","10,7 km/l",5,5250 rpm,3250 rpm,"9,8 m",,,,,,,,,,,,,,"2,01 m²","0,643 m²",,525 km,380 km,"10,5 km/l","7,6 km/l",,Correia dentada,82 cv,80 cv,"12,8 kgfm","12,8 kgfm","0,32",,,,,,,,,,,,,,,,,,,,,,,
peugeot,206,206,206-presence-1-4-8v-2007-flex-alcool-gasolina,206-presence-1-4-8v-2007-flex-alcool-gasolina,https://www.fichacompleta.com.br/carros/peugeot/206-presence-1-4-8v-2007-flex-alcool-gasolina,2026-06-17T21:10:51.110158,Peugeot 206 Presence 1.4 8V 2007,"12,1 s",174 km/h,Embreagem monodisco a seco,Manual,MA/5,,Dianteira,Injeção multiponto,Natural,1360 cm³,4 em linha,TU3JP,Único no cabeçote,77 mm,75 mm,Transversal,Dianteiro,"12,4 kg/cv","79,1 kg/kgfm","60,3 cv/litro",,"10,2:1",6500 rpm,"9,4 kgfm/litro",,2,1432 mm,,3835 mm,2442 mm,1652 mm,1013 kg,245 litros,50 litros,114 mm,Disco sólido,Tambor,Hidráulica,,"Indep., McPherson",Barra de torção,"Indep., braço arrastado",710 km,535 km,"14,2 km/l","10,7 km/l",5,5250 rpm,3250 rpm,"9,8 m",,,,,,,,,,,,,,"2,01 m²","0,643 m²",,525 km,380 km,"10,5 km/l","7,6 km/l",,Correia dentada,82 cv,80 cv,"12,8 kgfm","12,8 kgfm","0,32",,,,,,,,,,,,,,,,,,,,,,,
peugeot,206,206,206-sensation-1-4-8v-2007-flex,206-sensation-1-4-8v-2007-flex,https://www.fichacompleta.com.br/carros/peugeot/206-sensation-1-4-8v-2007-flex,2026-06-17T21:10:55.022930,Peugeot 206 Sensation 1.4 8V 2007,"12,1 s",174 km/h,Embreagem monodisco a seco,Manual,MA/5,,Dianteira,Injeção multiponto,Natural,1360 cm³,4 em linha,TU3JP,Único no cabeçote,77 mm,75 mm,Transversal,Dianteiro,"12,3 kg/cv","78,7 kg/kgfm","60,3 cv/litro",,"10,2:1",6500 rpm,"9,4 kgfm/litro",,2,1432 mm,,3835 mm,2442 mm,1652 mm,1007 kg,245 litros,50 litros,114 mm,Disco sólido,Tambor,Hidráulica,,"Indep., McPherson",Barra de torção,"Indep., braço arrastado",710 km,535 km,"14,2 km/l","10,7 km/l",5,5250 rpm,3250 rpm,"9,8 m",,,,,,,,,,,,,,"2,01 m²","0,643 m²",,525 km,380 km,"10,5 km/l","7,6 km/l",,Correia dentada,82 cv,80 cv,"12,8 kgfm","12,8 kgfm","0,32",,,,,,,,,,,,,,,,,,,,,,,
peugeot,206,206,206-sensation-1-4-8v-2007,206-sensation-1-4-8v-2007,https://www.fichacompleta.com.br/carros/peugeot/206-sensation-1-4-8v-2007,2026-06-17T21:10:58.920610,Peugeot 206 Sensation 1.4 8V 2007,"12,1 s",174 km/h,Embreagem monodisco a seco,Manual,MA/5,,Dianteira,Injeção multiponto,Natural,1360 cm³,4 em linha,TU3JP,Único no cabeçote,77 mm,75 mm,Transversal,Dianteiro,"12,5 kg/cv","80,2 kg/kgfm","60,3 cv/litro",,"10,2:1",6500 rpm,"9,4 kgfm/litro",,2,1432 mm,,3835 mm,2442 mm,1652 mm,1027 kg,245 litros,50 litros,114 mm,Disco sólido,Tambor,Hidráulica,,"Indep., McPherson",Barra de torção,"Indep., braço arrastado",710 km,535 km,"14,2 km/l","10,7 km/l",5,5250 rpm,3250 rpm,"9,8 m",,,,,,,,,,,,,,"2,01 m²","0,643 m²",,525 km,380 km,"10,5 km/l","7,6 km/l",,Correia dentada,82 cv,80 cv,"12,8 kgfm","12,8 kgfm","0,32",,,,,,,,,,,,,,,,,,,,,,,
peugeot,206,206,206-allure-1-6-16v-2008,206-allure-1-6-16v-2008,https://www.fichacompleta.com.br/carros/peugeot/206-allure-1-6-16v-2008,2026-06-17T21:11:02.845786,Peugeot 206 Allure 1.6 16V 2008,"10,5 s",198 km/h,Embreagem monodisco a seco,Manual,MA/5,5,Dianteira,Injeção multiponto,Natural,1587 cm³,4 em linha,TU5JP4,"Duplo no cabeçote, correia dentada",82 mm,"78,5 mm",Transversal,Dianteiro,"9,1 kg/cv","65,0 kg/kgfm","71,2 cv/litro",113 cv (A) 110 cv (G) a 5750 rpm,11:1,6500 rpm,"10,0 kgfm/litro","15,8 kgfm (A) 14,5 kgfm (G) a 4000 rpm",4,1432 mm,,3832 mm,2442 mm,1652 mm,1027 kg,245 litros,50 litros,120 mm,Disco ventilado,Disco sólido,Hidráulica,"9,8 m","Independente, McPherson",Barra de torção,"Independente, braço arrastado",710 km,515 km,"14,2 km/l","10,3 km/l",,,,,1425 mm,1410 mm,,,,,Hidráulicos,,,,,,,"2,01 m²","0,643 m²","0,32",540 km,375 km,"10,8 km/l","7,5 km/l",,,,,,,,,,,,,,,,,,,,,,,,,,,,,,
peugeot,206,206,206-feline-1-4-8v-2008,206-feline-1-4-8v-2008,https://www.fichacompleta.com.br/carros/peugeot/206-feline-1-4-8v-2008,2026-06-17T21:11:06.986669,Peugeot 206 Feline 1.4 8V 2008,"12,1 s",174 km/h,Embreagem monodisco a seco,Manual,MA/5,,Dianteira,Injeção multiponto,Natural,,4 em linha,TU3JP,Único no cabeçote,77 mm,75 mm,Transversal,Dianteiro,"12,52 kg/cv","80,2 kg/kgfm","60,3 cv/litro",,"10,2:1",6500 rpm,"9,4 kgfm/litro",,2,1432 mm,,3835 mm,2442 mm,1652 mm,1027 kg,245 litros,50 litros,114 mm,Disco sólido,Tambor,Hidráulica,,"Indep., McPherson",Barra de torção,"Indep., braço arrastado",710 km,535 km,"14,2 km/l","10,7 km/l",5,5250 rpm,3250 rpm,"9,8 m",,,,,,,Mecânicos,,,,,,,"2,01 m²","0,643 m²",,525 km,380 km,"10,5 km/l","7,6 km/l",,Correia dentada,82 cv,80 cv,"12,8 kgfm","12,8 kgfm","0,32",340 cm³,1360 cm³,,,,,,,,,,,,,,,,,,,,,
peugeot,206,206,206-feline-1-6-16v-2008,206-feline-1-6-16v-2008,https://www.fichacompleta.com.br/carros/peugeot/206-feline-1-6-16v-2008,2026-06-17T21:11:09.555055,Peugeot 206 Feline 1.6 16V 2008,"10,5 s",198 km/h,Embreagem monodisco a seco,Manual,MA/5,5,Dianteira,Injeção multiponto,Natural,1587 cm³,4 em linha,TU5JP4,"Duplo no cabeçote, correia dentada",82 mm,"78,5 mm",Transversal,Dianteiro,"9,1 kg/cv","65,0 kg/kgfm","71,2 cv/litro",113 cv (A) 110 cv (G) a 5750 rpm,11:1,6500 rpm,"10,0 kgfm/litro","15,8 kgfm (A) 14,5 kgfm (G) a 4000 rpm",4,1432 mm,,3832 mm,2442 mm,1652 mm,1027 kg,245 litros,50 litros,120 mm,Disco ventilado,Disco sólido,Hidráulica,"9,8 m","Independente, McPherson",Barra de torção,"Independente, braço arrastado",710 km,515 km,"14,2 km/l","10,3 km/l",,,,,1425 mm,1410 mm,,,,,Hidráulicos,,,,,,,"2,01 m²","0,643 m²","0,32",540 km,375 km,"10,8 km/l","7,5 km/l",,,,,,,,,,,,,,,,,,,,,,,,,,,,,,
peugeot,206,206,206-feline-1-6-16v-at-2008,206-feline-1-6-16v-at-2008,https://www.fichacompleta.com.br/carros/peugeot/206-feline-1-6-16v-at-2008,2026-06-17T21:11:13.212103,Peugeot 206 Feline 1.6 16V AT 2008,"10,5 s",198 km/h,Conversor de torque,Automático,AL4,4,Dianteira,Injeção multiponto,Natural,1587 cm³,4 em linha,TU5JP4,Duplo no cabeçote,82 mm,"78,5 mm",Transversal,Dianteiro,"9,1 kg/cv","65,0 kg/kgfm","71,2 cv/litro",113 cv (A) 110 cv (G) a 5750 rpm,11:1,6500 rpm,"10,0 kgfm/litro","15,8 kgfm (A) 14,5 kgfm (G) a 4000 rpm",4,1432 mm,,3835 mm,2442 mm,1652 mm,1027 kg,245 litros,50 litros,120 mm,Disco ventilado,Disco sólido,Hidráulica,"9,8 m","Indep., McPherson",Barra de torção,"Indep., braço arrastado",600 km,475 km,12 km/l,"9,5 km/l",4,,,"9,8 m",1425 mm,1410 mm,,,5750 rpm,4000 rpm,Hidráulicos,,,,,,,"2,01 m²","0,643 m²","0,32",500 km,350 km,10 km/l,7 km/l,,Correia dentada,113 cv,110 cv,"15,8 kgfm","14,5 kgfm","0,32",,,,,,,,,,,,,,,,,,,,,,,
peugeot,206,206,206-moonlight-1-4-8v-2008,206-moonlight-1-4-8v-2008,https://www.fichacompleta.com.br/carros/peugeot/206-moonlight-1-4-8v-2008,2026-06-17T21:11:15.971650,Peugeot 206 Moonlight 1.4 8V 2008,"12,1 s",174 km/h,Embreagem monodisco a seco,Manual,MA/5,5,Dianteira,Injeção multiponto,Natural,1360 cm³,4 em linha,TU3JP,Único no cabeçote,77 mm,75 mm,Transversal,Dianteiro,"12,5 kg/cv","80,2 kg/kgfm","60,3 cv/litro",82 cv (A) 80 cv (G) a 5250 rpm,"10,2:1",6500 rpm,"9,4 kgfm/litro","12,8 kgfm (A) 12,8 kgfm (G) a 3250 rpm",2,1432 mm,,3835 mm,2442 mm,1652 mm,1027 kg,245 litros,50 litros,114 mm,Disco sólido,Tambor,Hidráulica,"9,8 m","Indep., McPherson",Barra de torção,"Indep., braço arrastado",710 km,535 km,"14,2 km/l","10,7 km/l",5,,,"9,8 m",,,,,5250 rpm,3250 rpm,,,,,,,,"2,01 m²","0,643 m²","0,32",525 km,380 km,"10,5 km/l","7,6 km/l",,Correia dentada,82 cv,80 cv,"12,8 kgfm","12,8 kgfm","0,32",,,,,,,,,,,,,,,,,,,,,,,
peugeot,206,206,206-moonlight-1-4-8v-2008-flex,206-moonlight-1-4-8v-2008-flex,https://www.fichacompleta.com.br/carros/peugeot/206-moonlight-1-4-8v-2008-flex,2026-06-17T21:11:20.495749,Peugeot 206 Moonlight 1.4 8V 2008,"12,1 s",174 km/h,Embreagem monodisco a seco,Manual,MA/5,5,Dianteira,Injeção multiponto,Natural,1360 cm³,4 em linha,TU3JP,"Único no cabeçote, correia dentada",77 mm,75 mm,Transversal,Dianteiro,"12,4 kg/cv","79,1 kg/kgfm","60,3 cv/litro",82 cv (A) 80 cv (G) a 5250 rpm,"10,2:1",6500 rpm,"9,4 kgfm/litro","12,8 kgfm (A) 12,8 kgfm (G) a 3250 rpm",2,1432 mm,,3835 mm,2442 mm,1652 mm,1013 kg,245 litros,50 litros,114 mm,Disco sólido,Tambor,Hidráulica,"9,8 m","Independente, McPherson",Barra de torção,"Independente, braço arrastado",710 km,535 km,"14,2 km/l","10,7 km/l",,,,,,,,,,,,,,,,,,"2,01 m²","0,643 m²","0,32",525 km,380 km,"10,5 km/l","7,6 km/l",,,,,,,,,,,,,,,,,,,,,,,,,,,,,,
peugeot,206,206,206-presence-1-4-8v-2008-flex-alcool-gasolina,206-presence-1-4-8v-2008-flex-alcool-gasolina,https://www.fichacompleta.com.br/carros/peugeot/206-presence-1-4-8v-2008-flex-alcool-gasolina,2026-06-17T21:11:23.530141,Peugeot 206 Presence 1.4 8V 2008,"12,1 s",174 km/h,Embreagem monodisco a seco,Manual,MA/5,,Dianteira,Injeção multiponto,Natural,1360 cm³,4 em linha,TU3JP,Único no cabeçote,77 mm,75 mm,Transversal,Dianteiro,"12,4 kg/cv","79,1 kg/kgfm","60,3 cv/litro",,"10,2:1",6500 rpm,"9,4 kgfm/litro",,2,1432 mm,,3835 mm,2442 mm,1652 mm,1013 kg,245 litros,50 litros,114 mm,Disco sólido,Tambor,Hidráulica,,"Indep., McPherson",Barra de torção,"Indep., braço arrastado",710 km,535 km,"14,2 km/l","10,7 km/l",5,5250 rpm,3250 rpm,"9,8 m",,,,,,,,,,,,,,"2,01 m²","0,643 m²",,525 km,380 km,"10,5 km/l","7,6 km/l",,Correia dentada,82 cv,80 cv,"12,8 kgfm","12,8 kgfm","0,32",,,,,,,,,,,,,,,,,,,,,,,
peugeot,206,206,206-presence-1-4-8v-2008,206-presence-1-4-8v-2008,https://www.fichacompleta.com.br/carros/peugeot/206-presence-1-4-8v-2008,2026-06-17T21:11:27.512206,Peugeot 206 Presence 1.4 8V 2008,"12,1 s",174 km/h,Embreagem monodisco a seco,Manual,MA/5,,Dianteira,Injeção multiponto,Natural,1360 cm³,4 em linha,TU3JP,Único no cabeçote,77 mm,75 mm,Transversal,Dianteiro,"12,5 kg/cv","80,2 kg/kgfm","60,3 cv/litro",,"10,2:1",6500 rpm,"9,4 kgfm/litro",,2,1432 mm,,3835 mm,2442 mm,1652 mm,1027 kg,245 litros,50 litros,114 mm,Disco sólido,Tambor,Hidráulica,,"Indep., McPherson",Barra de torção,"Indep., braço arrastado",710 km,535 km,"14,2 km/l","10,7 km/l",5,5250 rpm,3250 rpm,"9,8 m",,,,,,,,,,,,,,"2,01 m²","0,643 m²",,525 km,380 km,"10,5 km/l","7,6 km/l",,Correia dentada,82 cv,80 cv,"12,8 kgfm","12,8 kgfm","0,32",,,,,,,,,,,,,,,,,,,,,,,
peugeot,206,206,206-sensation-1-4-8v-2008,206-sensation-1-4-8v-2008,https://www.fichacompleta.com.br/carros/peugeot/206-sensation-1-4-8v-2008,2026-06-17T21:11:30.012781,Peugeot 206 Sensation 1.4 8V 2008,"12,1 s",174 km/h,Embreagem monodisco a seco,Manual,MA/5,5,Dianteira,Injeção multiponto,Natural,1360 cm³,4 em linha,TU3JP,"Único no cabeçote, correia dentada",77 mm,75 mm,Transversal,Dianteiro,"12,5 kg/cv","80,2 kg/kgfm","60,3 cv/litro",82 cv (A) 80 cv (G) a 5250 rpm,"10,2:1",6500 rpm,"9,4 kgfm/litro","12,8 kgfm (A) 12,8 kgfm (G) a 3250 rpm",2,1432 mm,,3835 mm,2442 mm,1652 mm,1027 kg,245 litros,50 litros,114 mm,Disco sólido,Tambor,Hidráulica,"9,8 m","Independente, McPherson",Barra de torção,"Independente, braço arrastado",710 km,535 km,"14,2 km/l","10,7 km/l",,,,,,,,,,,,,,,,,,"2,01 m²","0,643 m²","0,32",525 km,380 km,"10,5 km/l","7,6 km/l",,,,,,,,,,,,,,,,,,,,,,,,,,,,,,
peugeot,206,206,206-sensation-1-4-8v-2008-flex,206-sensation-1-4-8v-2008-flex,https://www.fichacompleta.com.br/carros/peugeot/206-sensation-1-4-8v-2008-flex,2026-06-17T21:11:34.390215,Peugeot 206 Sensation 1.4 8V 2008,"12,1 s",174 km/h,Embreagem monodisco a seco,Manual,MA/5,5,Dianteira,Injeção multiponto,Natural,1360 cm³,4 em linha,TU3JP,"Único no cabeçote, correia dentada",77 mm,75 mm,Transversal,Dianteiro,"12,3 kg/cv","78,7 kg/kgfm","60,3 cv/litro",82 cv (A) 80 cv (G) a 5250 rpm,"10,2:1",6500 rpm,"9,4 kgfm/litro","12,8 kgfm (A) 12,8 kgfm (G) a 3250 rpm",2,1432 mm,,3835 mm,2442 mm,1652 mm,1007 kg,245 litros,50 litros,114 mm,Disco sólido,Tambor,Hidráulica,"9,8 m","Independente, McPherson",Barra de torção,"Independente, braço arrastado",710 km,535 km,"14,2 km/l","10,7 km/l",,,,,,,,,,,,,,,,,,"2,01 m²","0,643 m²","0,32",525 km,380 km,"10,5 km/l","7,6 km/l",,,,,,,,,,,,,,,,,,,,,,,,,,,,,,
peugeot,206,206,206-sensation-1-4-8v-2009,206-sensation-1-4-8v-2009,https://www.fichacompleta.com.br/carros/peugeot/206-sensation-1-4-8v-2009,2026-06-17T21:11:37.676278,Peugeot 206 Sensation 1.4 8V 2009,"12,1 s",174 km/h,Embreagem monodisco a seco,Manual,MA/5,,Dianteira,Injeção multiponto,Natural,1360 cm³,4 em linha,TU3JP,Único no cabeçote,77 mm,75 mm,Transversal,Dianteiro,"12,5 kg/cv","80,2 kg/kgfm","60,3 cv/litro",,"10,2:1",6500 rpm,"9,4 kgfm/litro",,2,1432 mm,,3835 mm,2442 mm,1652 mm,1027 kg,245 litros,50 litros,114 mm,Disco sólido,Tambor,Hidráulica,,"Indep., McPherson",Barra de torção,"Indep., braço arrastado",710 km,535 km,"14,2 km/l","10,7 km/l",5,5250 rpm,3250 rpm,"9,8 m",,,,,,,,,,,,,,"2,01 m²","0,643 m²",,525 km,380 km,"10,5 km/l","7,6 km/l",,Correia dentada,82 cv,80 cv,"12,8 kgfm","12,8 kgfm","0,32",,,,,,,,,,,,,,,,,,,,,,,
peugeot,206,206,206-sensation-1-4-8v-2010-flex,206-sensation-1-4-8v-2010-flex,https://www.fichacompleta.com.br/carros/peugeot/206-sensation-1-4-8v-2010-flex,2026-06-17T21:11:40.612034,Peugeot 206 Sensation 1.4 8V 2010,"12,1 s",174 km/h,Embreagem monodisco a seco,Manual,MA/5,,Dianteira,Injeção multiponto,Natural,1360 cm³,4 em linha,TU3JP,Único no cabeçote,77 mm,75 mm,Transversal,Dianteiro,"12,3 kg/cv","78,7 kg/kgfm","60,3 cv/litro",,"10,2:1",6500 rpm,"9,4 kgfm/litro",,2,1432 mm,,3835 mm,2442 mm,1652 mm,1007 kg,245 litros,50 litros,114 mm,Disco sólido,Tambor,Hidráulica,,"Indep., McPherson",Barra de torção,"Indep., braço arrastado",710 km,535 km,"14,2 km/l","10,7 km/l",5,5250 rpm,3250 rpm,"9,8 m",,,,,,,,,,,,,,"2,01 m²","0,643 m²",,525 km,380 km,"10,5 km/l","7,6 km/l",,Correia dentada,82 cv,80 cv,"12,8 kgfm","12,8 kgfm","0,32",,,,,,,,,,,,,,,,,,,,,,,
peugeot,206,206,206-sensation-1-4-8v-2010,206-sensation-1-4-8v-2010,https://www.fichacompleta.com.br/carros/peugeot/206-sensation-1-4-8v-2010,2026-06-17T21:11:44.055725,Peugeot 206 Sensation 1.4 8V 2010,"12,1 s",174 km/h,Embreagem monodisco a seco,Manual,MA/5,5,Dianteira,Injeção multiponto,Natural,1360 cm³,4 em linha,TU3JP,"Único no cabeçote, correia dentada",77 mm,75 mm,Transversal,Dianteiro,"12,5 kg/cv","80,2 kg/kgfm","60,3 cv/litro",82 cv (A) 80 cv (G) a 5250 rpm,"10,2:1",6500 rpm,"9,4 kgfm/litro","12,8 kgfm (A) 12,8 kgfm (G) a 3250 rpm",2,1432 mm,,3835 mm,2442 mm,1652 mm,1027 kg,245 litros,50 litros,114 mm,Disco sólido,Tambor,Hidráulica,"9,8 m","Independente, McPherson",Barra de torção,"Independente, braço arrastado",710 km,535 km,"14,2 km/l","10,7 km/l",,,,,,,,,,,,,,,,,,"2,01 m²","0,643 m²","0,32",525 km,380 km,"10,5 km/l","7,6 km/l",,,,,,,,,,,,,,,,,,,,,,,,,,,,,,
peugeot,206 Cabriolet,206-cabriolet,206-cabriolet-1-6-16v-2001,206-cabriolet-1-6-16v-2001,https://www.fichacompleta.com.br/carros/peugeot/206-cabriolet-1-6-16v-2001,2026-06-17T21:12:02.049361,Peugeot 206 Cabriolet 1.6 16V 2001,"11,2 s",193 km/h,Embreagem monodisco a seco,Manual,MA/5,5,Dianteira,Injeção multiponto,Natural,1587 cm³,4 em linha,TU5JP4,Duplo no cabeçote,82 mm,"78,5 mm",Transversal,Dianteiro,"10,4 kg/cv","76,0 kg/kgfm","69,3 cv/litro",110 cv,11:1,6500 rpm,"9,5 kgfm/litro",15 kgfm,4,1373 mm,395 kg,3835 mm,2442 mm,1673 mm,1140 kg,175 litros,47 litros,107 mm,Disco ventilado,Disco sólido,Hidráulica,"9,8 m","Indep., McPherson",Barra de torção,"Indep., braço arrastado",663 km,390 km,"14,1 km/l","8,3 km/l",5,,,"9,8 m",1439 mm,1430 mm,,,5800 rpm,4000 rpm,Hidráulicos,,,,,,,"1,95 m²","0,683 m²","0,35",,,,,,Correia dentada,,,,,"0,35",,,,,,,,,,,,,,,,,,,,,,,
peugeot,206 Cabriolet,206-cabriolet,206-cabriolet-1-6-16v-2002,206-cabriolet-1-6-16v-2002,https://www.fichacompleta.com.br/carros/peugeot/206-cabriolet-1-6-16v-2002,2026-06-17T21:12:06.362640,Peugeot 206 Cabriolet 1.6 16V 2002,"11,2 s",193 km/h,Embreagem monodisco a seco,Manual,MA/5,,Dianteira,Injeção multiponto,Natural,1587 cm³,4 em linha,TU5JP4,Duplo no cabeçote,82 mm,"78,5 mm",Transversal,Dianteiro,"10,4 kg/cv","76,0 kg/kgfm","69,3 cv/litro",110 cv,11:1,6500 rpm,"9,5 kgfm/litro",15 kgfm,4,1373 mm,395 kg,3835 mm,2442 mm,1673 mm,1140 kg,175 litros,47 litros,107 mm,Disco ventilado,Disco sólido,Hidráulica,,"Indep., McPherson",Barra de torção,"Indep., braço arrastado",663 km,390 km,"14,1 km/l","8,3 km/l",5,5800 rpm,4000 rpm,"9,8 m",1439 mm,1430 mm,,,,,Hidráulicos,,,,,,,"1,95 m²","0,683 m²",,,,,,,Correia dentada,,,,,"0,35",,,,,,,,,,,,,,,,,,,,,,,
peugeot,206 Cabriolet,206-cabriolet,206-cabriolet-1-6-16v-2003,206-cabriolet-1-6-16v-2003,https://www.fichacompleta.com.br/carros/peugeot/206-cabriolet-1-6-16v-2003,2026-06-17T21:12:11.234638,Peugeot 206 Cabriolet 1.6 16V 2003,"11,2 s",193 km/h,Embreagem monodisco a seco,Manual,MA/5,,Dianteira,Injeção multiponto,Natural,1587 cm³,4 em linha,TU5JP4,Duplo no cabeçote,82 mm,"78,5 mm",Transversal,Dianteiro,"10,4 kg/cv","76,0 kg/kgfm","69,3 cv/litro",110 cv,11:1,6500 rpm,"9,5 kgfm/litro",15 kgfm,4,1373 mm,395 kg,3835 mm,2442 mm,1673 mm,1140 kg,175 litros,47 litros,107 mm,Disco ventilado,Disco sólido,Hidráulica,,"Indep., McPherson",Barra de torção,"Indep., braço arrastado",663 km,390 km,"14,1 km/l","8,3 km/l",5,5800 rpm,4000 rpm,"9,8 m",1439 mm,1430 mm,,,,,Hidráulicos,,,,,,,"1,95 m²","0,683 m²",,,,,,,Correia dentada,,,,,"0,35",,,,,,,,,,,,,,,,,,,,,,,
peugeot,206 Cabriolet,206-cabriolet,206-cabriolet-1-6-16v-2004,206-cabriolet-1-6-16v-2004,https://www.fichacompleta.com.br/carros/peugeot/206-cabriolet-1-6-16v-2004,2026-06-17T21:12:13.754529,Peugeot 206 Cabriolet 1.6 16V 2004,"11,2 s",193 km/h,Embreagem monodisco a seco,Manual,MA/5,5,Dianteira,Injeção multiponto,Natural,1587 cm³,4 em linha,TU5JP4,"Duplo no cabeçote, correia dentada",82 mm,"78,5 mm",Transversal,Dianteiro,"10,4 kg/cv","76,0 kg/kgfm","69,3 cv/litro",110 cv a 5800 rpm,11:1,6500 rpm,"9,5 kgfm/litro",15 kgfm a 4000 rpm,4,1373 mm,395 kg,3835 mm,2442 mm,1673 mm,1140 kg,175 litros,47 litros,107 mm,Disco ventilado,Disco sólido,Hidráulica,"9,8 m","Independente, McPherson",Barra de torção,"Independente, braço arrastado",663 km,390 km,"14,1 km/l","8,3 km/l",,,,,1439 mm,1430 mm,,,,,Hidráulicos,,,,,,,"1,95 m²","0,683 m²","0,35",,,,,,,,,,,,,,,,,,,,,,,,,,,,,,,,,,
peugeot,206 Cabriolet,206-cabriolet,206-cabriolet-1-6-16v-2005,206-cabriolet-1-6-16v-2005,https://www.fichacompleta.com.br/carros/peugeot/206-cabriolet-1-6-16v-2005,2026-06-17T21:12:17.004405,Peugeot 206 Cabriolet 1.6 16V 2005,"11,2 s",193 km/h,Embreagem monodisco a seco,Manual,MA/5,,Dianteira,Injeção multiponto,Natural,1587 cm³,4 em linha,TU5JP4,Duplo no cabeçote,82 mm,"78,5 mm",Transversal,Dianteiro,"10,4 kg/cv","76,0 kg/kgfm","69,3 cv/litro",110 cv,11:1,6500 rpm,"9,5 kgfm/litro",15 kgfm,4,1373 mm,395 kg,3835 mm,2442 mm,1673 mm,1140 kg,175 litros,47 litros,107 mm,Disco ventilado,Disco sólido,Hidráulica,,"Indep., McPherson",Barra de torção,"Indep., braço arrastado",663 km,390 km,"14,1 km/l","8,3 km/l",5,5800 rpm,4000 rpm,"9,8 m",1439 mm,1430 mm,,,,,Hidráulicos,,,,,,,"1,95 m²","0,683 m²",,,,,,,Correia dentada,,,,,"0,35",,,,,,,,,,,,,,,,,,,,,,,
peugeot,206 Cabriolet,206-cabriolet,206-cabriolet-1-6-16v-2007,206-cabriolet-1-6-16v-2007,https://www.fichacompleta.com.br/carros/peugeot/206-cabriolet-1-6-16v-2007,2026-06-17T21:12:21.843568,Peugeot 206 Cabriolet 1.6 16V 2007,"11,2 s",193 km/h,Embreagem monodisco a seco,Manual,MA/5,5,Dianteira,Injeção multiponto,Natural,1587 cm³,4 em linha,TU5JP4,"Duplo no cabeçote, correia dentada",82 mm,"78,5 mm",Transversal,Dianteiro,"10,4 kg/cv","76,0 kg/kgfm","69,3 cv/litro",110 cv a 5800 rpm,11:1,6500 rpm,"9,5 kgfm/litro",15 kgfm a 4000 rpm,4,1373 mm,395 kg,3835 mm,2442 mm,1673 mm,1140 kg,175 litros,47 litros,107 mm,Disco ventilado,Disco sólido,Hidráulica,"9,8 m","Independente, McPherson",Barra de torção,"Independente, braço arrastado",663 km,390 km,"14,1 km/l","8,3 km/l",,,,,1439 mm,1430 mm,,,,,Hidráulicos,,,,,,,"1,95 m²","0,683 m²","0,35",,,,,,,,,,,,,,,,,,,,,,,,,,,,,,,,,,
peugeot,206 Sw,206-sw,206-sw-feline-1-6-16v-2005,206-sw-feline-1-6-16v-2005,https://www.fichacompleta.com.br/carros/peugeot/206-sw-feline-1-6-16v-2005,2026-06-17T21:12:39.003385,Peugeot 206 Sw Feline 1.6 16V 2005,"11,3 s",194 km/h,Embreagem monodisco a seco,Manual,MA/5,5,Dianteira,Injeção multiponto,Natural,1587 cm³,4 em linha,TU5JP4,Duplo no cabeçote,82 mm,"78,5 mm",Transversal,Dianteiro,"10,4 kg/cv","76,5 kg/kgfm","69,3 cv/litro",110 cv,"10,5:1",6500 rpm,"9,5 kgfm/litro",15 kgfm,4,1460 mm,,4028 mm,2442 mm,1664 mm,1148 kg,313 litros,50 litros,120 mm,Disco ventilado,Tambor,Hidráulica,"9,8 m","Indep., McPherson",Barra de torção,"Indep., braço arrastado",730 km,515 km,"14,6 km/l","10,3 km/l",5,,,"9,8 m",,,,,5800 rpm,4000 rpm,Hidráulicos,,,,,,,,,,,,,,,Correia dentada,,,,,,,,,,,,,,,,,,,,,,,,,,,,
peugeot,206 Sw,206-sw,206-sw-presence-1-4-8v-2005,206-sw-presence-1-4-8v-2005,https://www.fichacompleta.com.br/carros/peugeot/206-sw-presence-1-4-8v-2005,2026-06-17T21:12:43.178262,Peugeot 206 Sw Presence 1.4 8V 2005,"14,8 s",172 km/h,Embreagem monodisco a seco,Manual,MA/5,5,Dianteira,Injeção multiponto,Natural,1360 cm³,4 em linha,TU3JP,Único no cabeçote,77 mm,75 mm,Transversal,Dianteiro,"14,3 kg/cv","88,0 kg/kgfm","55,1 cv/litro",75 cv,"10,5:1",6500 rpm,"9,0 kgfm/litro","12,2 kgfm",2,1460 mm,,4028 mm,2442 mm,1664 mm,1074 kg,313 litros,50 litros,114 mm,Disco sólido,Tambor,Hidráulica,"9,8 m","Indep., McPherson",Barra de torção,"Indep., braço arrastado",750 km,550 km,15 km/l,11 km/l,5,,,"9,8 m",,,,,5500 rpm,2800 rpm,,,,,,,,,,,,,,,,Correia dentada,,,,,,,,,,,,,,,,,,,,,,,,,,,,
peugeot,206 Sw,206-sw,206-sw-presence-1-6-16v-2005,206-sw-presence-1-6-16v-2005,https://www.fichacompleta.com.br/carros/peugeot/206-sw-presence-1-6-16v-2005,2026-06-17T21:12:47.721000,Peugeot 206 Sw Presence 1.6 16V 2005,"11,3 s",194 km/h,Embreagem monodisco a seco,Manual,MA/5,,Dianteira,Injeção multiponto,Natural,1587 cm³,4 em linha,TU5JP4,Duplo no cabeçote,82 mm,"78,5 mm",Transversal,Dianteiro,"10,4 kg/cv","76,5 kg/kgfm","69,3 cv/litro",110 cv,"10,5:1",6500 rpm,"9,5 kgfm/litro",15 kgfm,4,1460 mm,,4028 mm,2442 mm,1664 mm,1148 kg,313 litros,50 litros,120 mm,Disco ventilado,Tambor,Hidráulica,,"Indep., McPherson",Barra de torção,"Indep., braço arrastado",730 km,515 km,"14,6 km/l","10,3 km/l",5,5800 rpm,4000 rpm,"9,8 m",,,,,,,Hidráulicos,,,,,,,,,,,,,,,Correia dentada,,,,,,,,,,,,,,,,,,,,,,,,,,,,
peugeot,206 Sw,206-sw,206-sw-feline-1-6-16v-2006,206-sw-feline-1-6-16v-2006,https://www.fichacompleta.com.br/carros/peugeot/206-sw-feline-1-6-16v-2006,2026-06-17T21:12:50.706601,Peugeot 206 Sw Feline 1.6 16V 2006,"11,3 s",194 km/h,Embreagem monodisco a seco,Manual,MA/5,,Dianteira,Injeção multiponto,Natural,1587 cm³,4 em linha,TU5JP4,Duplo no cabeçote,82 mm,"78,5 mm",Transversal,Dianteiro,"10,2 kg/cv","72,7 kg/kgfm","71,2 cv/litro",,11:1,6500 rpm,"10,0 kgfm/litro",,4,1460 mm,,4028 mm,2442 mm,1664 mm,1148 kg,313 litros,50 litros,120 mm,Disco ventilado,Disco sólido,Hidráulica,,"Indep., McPherson",Barra de torção,"Indep., braço arrastado",700 km,510 km,14 km/l,"10,2 km/l",5,5750 rpm,4000 rpm,"9,8 m",,,,,,,Hidráulicos,,,,,,,,,,525 km,365 km,"10,5 km/l","7,3 km/l",,Correia dentada,113 cv,110 cv,"15,8 kgfm","14,5 kgfm",,,,,,,,,,,,,,,,,,,,,,,,
peugeot,206 Sw,206-sw,206-sw-presence-1-4-8v-2006,206-sw-presence-1-4-8v-2006,https://www.fichacompleta.com.br/carros/peugeot/206-sw-presence-1-4-8v-2006,2026-06-17T21:12:54.108399,Peugeot 206 Sw Presence 1.4 8V 2006,"14,8 s",172 km/h,Embreagem monodisco a seco,Manual,MA/5,5,Dianteira,Injeção multiponto,Natural,1360 cm³,4 em linha,TU3JP,"Único no cabeçote, correia dentada",77 mm,75 mm,Transversal,Dianteiro,"14,3 kg/cv","88,0 kg/kgfm","55,1 cv/litro",75 cv a 5500 rpm,"10,5:1",6500 rpm,"9,0 kgfm/litro","12,2 kgfm a 2800 rpm",2,1460 mm,,4028 mm,2442 mm,1664 mm,1074 kg,313 litros,50 litros,114 mm,Disco sólido,Tambor,Hidráulica,"9,8 m","Independente, McPherson",Barra de torção,"Independente, braço arrastado",750 km,550 km,15 km/l,11 km/l,,,,,,,,,,,,,,,,,,,,,,,,,,,,,,,,,,,,,,,,,,,,,,,,,,,,,,
peugeot,206 Sw,206-sw,206-sw-presence-1-6-16v-2006,206-sw-presence-1-6-16v-2006,https://www.fichacompleta.com.br/carros/peugeot/206-sw-presence-1-6-16v-2006,2026-06-17T21:12:56.826567,Peugeot 206 Sw Presence 1.6 16V 2006,"11,3 s",194 km/h,Embreagem monodisco a seco,Manual,MA/5,,Dianteira,Injeção multiponto,Natural,1587 cm³,4 em linha,TU5JP4,Duplo no cabeçote,82 mm,"78,5 mm",Transversal,Dianteiro,"10,2 kg/cv","72,7 kg/kgfm","71,2 cv/litro",,11:1,6500 rpm,"10,0 kgfm/litro",,4,1460 mm,,4028 mm,2442 mm,1664 mm,1148 kg,313 litros,50 litros,120 mm,Disco ventilado,Disco sólido,Hidráulica,,"Indep., McPherson",Barra de torção,"Indep., braço arrastado",700 km,510 km,14 km/l,"10,2 km/l",5,5750 rpm,4000 rpm,"9,8 m",,,,,,,Hidráulicos,,,,,,,,,,525 km,365 km,"10,5 km/l","7,3 km/l",,Correia dentada,113 cv,110 cv,"15,8 kgfm","14,5 kgfm",,,,,,,,,,,,,,,,,,,,,,,,
peugeot,206 Sw,206-sw,206-sw-escapade-1-6-16v-2007,206-sw-escapade-1-6-16v-2007,https://www.fichacompleta.com.br/carros/peugeot/206-sw-escapade-1-6-16v-2007,2026-06-17T21:13:01.307485,Peugeot 206 Sw Escapade 1.6 16V 2007,"11,3 s",194 km/h,Embreagem monodisco a seco,Manual,MA/5,5,Dianteira,Injeção multiponto,Natural,1587 cm³,4 em linha,TU5JP4,Duplo no cabeçote,82 mm,"78,5 mm",Transversal,Dianteiro,"10,2 kg/cv","72,7 kg/kgfm","71,2 cv/litro",113 cv (A) 110 cv (G) a 5750 rpm,11:1,6500 rpm,"10,0 kgfm/litro","15,8 kgfm (A) 14,5 kgfm (G) a 4000 rpm",4,1502 mm,,4035 mm,2439 mm,1647 mm,1148 kg,313 litros,50 litros,123 mm,Disco ventilado,Disco sólido,Hidráulica,Não informado,"Indep., McPherson",Barra de torção,"Indep., braço arrastado",605 km,415 km,"12,1 km/l","8,3 km/l",5,,,Não informado,,,,,5750 rpm,4000 rpm,Hidráulicos,,,,,,,,,,465 km,320 km,"9,3 km/l","6,4 km/l",,Correia dentada,113 cv,110 cv,"15,8 kgfm","14,5 kgfm",,,,,,,,,,,,,,,,,,,,,,,,
peugeot,206 Sw,206-sw,206-sw-feline-1-6-16v-2007,206-sw-feline-1-6-16v-2007,https://www.fichacompleta.com.br/carros/peugeot/206-sw-feline-1-6-16v-2007,2026-06-17T21:13:05.404963,Peugeot 206 Sw Feline 1.6 16V 2007,"11,3 s",194 km/h,Embreagem monodisco a seco,Manual,MA/5,5,Dianteira,Injeção multiponto,Natural,1587 cm³,4 em linha,TU5JP4,Duplo no cabeçote,82 mm,"78,5 mm",Transversal,Dianteiro,"10,2 kg/cv","72,7 kg/kgfm","71,2 cv/litro",113 cv (A) 110 cv (G) a 5750 rpm,11:1,6500 rpm,"10,0 kgfm/litro","15,8 kgfm (A) 14,5 kgfm (G) a 4000 rpm",4,1460 mm,,4028 mm,2442 mm,1664 mm,1148 kg,313 litros,50 litros,120 mm,Disco ventilado,Disco sólido,Hidráulica,"9,8 m","Indep., McPherson",Barra de torção,"Indep., braço arrastado",700 km,510 km,14 km/l,"10,2 km/l",5,,,"9,8 m",,,,,5750 rpm,4000 rpm,Hidráulicos,,,,,,,,,,525 km,365 km,"10,5 km/l","7,3 km/l",,Correia dentada,113 cv,110 cv,"15,8 kgfm","14,5 kgfm",,,,,,,,,,,,,,,,,,,,,,,,
peugeot,206 Sw,206-sw,206-sw-presence-1-4-8v-2007,206-sw-presence-1-4-8v-2007,https://www.fichacompleta.com.br/carros/peugeot/206-sw-presence-1-4-8v-2007,2026-06-17T21:13:08.759496,Peugeot 206 Sw Presence 1.4 8V 2007,"12,9 s",173 km/h,Embreagem monodisco a seco,Manual,MA/5,,Dianteira,Injeção multiponto,Natural,1360 cm³,4 em linha,TU3JP,Único no cabeçote,77 mm,75 mm,Transversal,Dianteiro,"14,0 kg/cv","89,7 kg/kgfm","60,3 cv/litro",,"10,2:1",6500 rpm,"9,4 kgfm/litro",,2,1460 mm,,4028 mm,2442 mm,1664 mm,1148 kg,313 litros,50 litros,114 mm,Disco sólido,Tambor,Hidráulica,,"Indep., McPherson",Barra de torção,"Indep., braço arrastado",700 km,525 km,14 km/l,"10,5 km/l",5,,,"9,8 m",,,,,5250 rpm,3250 rpm,,,,,,,,,,,515 km,375 km,"10,3 km/l","7,5 km/l",,Correia dentada,82 cv,80 cv,"12,8 kgfm","12,8 kgfm",,,,,,,,,,,,,,,,,,,,,,,,
peugeot,206 Sw,206-sw,206-sw-presence-1-6-16v-2007,206-sw-presence-1-6-16v-2007,https://www.fichacompleta.com.br/carros/peugeot/206-sw-presence-1-6-16v-2007,2026-06-17T21:13:11.510798,Peugeot 206 Sw Presence 1.6 16V 2007,"11,3 s",194 km/h,Embreagem monodisco a seco,Manual,MA/5,,Dianteira,Injeção multiponto,Natural,1587 cm³,4 em linha,TU5JP4,Duplo no cabeçote,82 mm,"78,5 mm",Transversal,Dianteiro,"10,2 kg/cv","72,7 kg/kgfm","71,2 cv/litro",,11:1,6500 rpm,"10,0 kgfm/litro",,4,1460 mm,,4028 mm,2442 mm,1664 mm,1148 kg,313 litros,50 litros,120 mm,Disco ventilado,Disco sólido,Hidráulica,,"Indep., McPherson",Barra de torção,"Indep., braço arrastado",700 km,510 km,14 km/l,"10,2 km/l",5,5750 rpm,4000 rpm,"9,8 m",,,,,,,Hidráulicos,,,,,,,,,,525 km,365 km,"10,5 km/l","7,3 km/l",,Correia dentada,113 cv,110 cv,"15,8 kgfm","14,5 kgfm",,,,,,,,,,,,,,,,,,,,,,,,
peugeot,206 Sw,206-sw,206-sw-escapade-1-6-16v-2008,206-sw-escapade-1-6-16v-2008,https://www.fichacompleta.com.br/carros/peugeot/206-sw-escapade-1-6-16v-2008,2026-06-17T21:13:14.602647,Peugeot 206 Sw Escapade 1.6 16V 2008,"11,3 s",194 km/h,Embreagem monodisco a seco,Manual,MA/5,,Dianteira,Injeção multiponto,Natural,1587 cm³,4 em linha,TU5JP4,Duplo no cabeçote,82 mm,"78,5 mm",Transversal,Dianteiro,"10,2 kg/cv","72,7 kg/kgfm","71,2 cv/litro",,11:1,6500 rpm,"10,0 kgfm/litro",,4,1502 mm,,4035 mm,2439 mm,1647 mm,1148 kg,313 litros,50 litros,123 mm,Disco ventilado,Disco sólido,Hidráulica,,"Indep., McPherson",Barra de torção,"Indep., braço arrastado",605 km,415 km,"12,1 km/l","8,3 km/l",5,5750 rpm,4000 rpm,Não informado,,,,,,,Hidráulicos,,,,,,,,,,465 km,320 km,"9,3 km/l","6,4 km/l",,Correia dentada,113 cv,110 cv,"15,8 kgfm","14,5 kgfm",,,,,,,,,,,,,,,,,,,,,,,,
peugeot,206 Sw,206-sw,206-sw-feline-1-6-16v-2008,206-sw-feline-1-6-16v-2008,https://www.fichacompleta.com.br/carros/peugeot/206-sw-feline-1-6-16v-2008,2026-06-17T21:13:18.721094,Peugeot 206 Sw Feline 1.6 16V 2008,"11,3 s",194 km/h,Embreagem monodisco a seco,Manual,MA/5,,Dianteira,Injeção multiponto,Natural,1587 cm³,4 em linha,TU5JP4,Duplo no cabeçote,82 mm,"78,5 mm",Transversal,Dianteiro,"10,2 kg/cv","72,7 kg/kgfm","71,2 cv/litro",,11:1,6500 rpm,"10,0 kgfm/litro",,4,1460 mm,,4028 mm,2442 mm,1664 mm,1148 kg,313 litros,50 litros,120 mm,Disco ventilado,Disco sólido,Hidráulica,,"Indep., McPherson",Barra de torção,"Indep., braço arrastado",700 km,510 km,14 km/l,"10,2 km/l",5,5750 rpm,4000 rpm,"9,8 m",,,,,,,Hidráulicos,,,,,,,,,,525 km,365 km,"10,5 km/l","7,3 km/l",,Correia dentada,113 cv,110 cv,"15,8 kgfm","14,5 kgfm",,,,,,,,,,,,,,,,,,,,,,,,
peugeot,206 Sw,206-sw,206-sw-feline-1-6-16v-at-2008,206-sw-feline-1-6-16v-at-2008,https://www.fichacompleta.com.br/carros/peugeot/206-sw-feline-1-6-16v-at-2008,2026-06-17T21:13:22.925708,Peugeot 206 Sw Feline 1.6 16V AT 2008,"11,3 s",194 km/h,Conversor de torque,Automático,AL4,,Dianteira,Injeção multiponto,Natural,1587 cm³,4 em linha,TU5JP4,Duplo no cabeçote,82 mm,"78,5 mm",Transversal,Dianteiro,"10,3 kg/cv","73,9 kg/kgfm","71,2 cv/litro",,11:1,6500 rpm,"10,0 kgfm/litro",,4,1460 mm,,4028 mm,2442 mm,1664 mm,1168 kg,313 litros,50 litros,120 mm,Disco ventilado,Disco sólido,Hidráulica,,"Indep., McPherson",Barra de torção,"Indep., braço arrastado",600 km,475 km,12 km/l,"9,5 km/l",4,5750 rpm,4000 rpm,"9,8 m",,,,,,,Hidráulicos,,,,,,,,,,500 km,350 km,10 km/l,7 km/l,,Correia dentada,113 cv,110 cv,"15,8 kgfm","14,5 kgfm",,,,,,,,,,,,,,,,,,,,,,,,
peugeot,206 Sw,206-sw,206-sw-moonlight-1-4-8v-2008,206-sw-moonlight-1-4-8v-2008,https://www.fichacompleta.com.br/carros/peugeot/206-sw-moonlight-1-4-8v-2008,2026-06-17T21:13:25.756470,Peugeot 206 Sw Moonlight 1.4 8V 2008,"12,9 s",173 km/h,Embreagem monodisco a seco,Manual,MA/5,5,Dianteira,Injeção multiponto,Natural,1360 cm³,4 em linha,TU3JP,"Único no cabeçote, correia dentada",77 mm,75 mm,Transversal,Dianteiro,"14,0 kg/cv","89,7 kg/kgfm","60,3 cv/litro",82 cv (A) 80 cv (G) a 5250 rpm,"10,2:1",6500 rpm,"9,4 kgfm/litro","12,8 kgfm (A) 12,8 kgfm (G) a 3250 rpm",2,1460 mm,,4028 mm,2442 mm,1664 mm,1148 kg,313 litros,50 litros,114 mm,Disco sólido,Tambor,Hidráulica,"9,8 m","Independente, McPherson",Barra de torção,"Independente, braço arrastado",700 km,525 km,14 km/l,"10,5 km/l",,,,,,,,,,,,,,,,,,,,,515 km,375 km,"10,3 km/l","7,5 km/l",,,,,,,,,,,,,,,,,,,,,,,,,,,,,,
peugeot,206 Sw,206-sw,206-sw-presence-1-4-8v-2008,206-sw-presence-1-4-8v-2008,https://www.fichacompleta.com.br/carros/peugeot/206-sw-presence-1-4-8v-2008,2026-06-17T21:13:29.162497,Peugeot 206 Sw Presence 1.4 8V 2008,"12,9 s",173 km/h,Embreagem monodisco a seco,Manual,MA/5,5,Dianteira,Injeção multiponto,Natural,1360 cm³,4 em linha,TU3JP,"Único no cabeçote, correia dentada",77 mm,75 mm,Transversal,Dianteiro,"14,0 kg/cv","89,7 kg/kgfm","60,3 cv/litro",82 cv (A) 80 cv (G) a 5250 rpm,"10,2:1",6500 rpm,"9,4 kgfm/litro","12,8 kgfm (A) 12,8 kgfm (G) a 3250 rpm",2,1460 mm,,4028 mm,2442 mm,1664 mm,1148 kg,313 litros,50 litros,114 mm,Disco sólido,Tambor,Hidráulica,"9,8 m","Independente, McPherson",Barra de torção,"Independente, braço arrastado",700 km,525 km,14 km/l,"10,5 km/l",,,,,,,,,,,,,,,,,,,,,515 km,375 km,"10,3 km/l","7,5 km/l",,,,,,,,,,,,,,,,,,,,,,,,,,,,,,
peugeot,207,207,207-x-line-1-4-8v-2009-flex,207-x-line-1-4-8v-2009-flex,https://www.fichacompleta.com.br/carros/peugeot/207-x-line-1-4-8v-2009-flex,2026-06-17T21:13:48.021198,Peugeot 207 X-Line 1.4 8V 2009,"13,1 s",162 km/h,Embreagem monodisco a seco,Manual,MA/5,,Dianteira,Injeção multiponto,Natural,,4 em linha,TU3JP,Único no cabeçote,77 mm,75 mm,Transversal,Dianteiro,"12,74 kg/cv","81,6 kg/kgfm","60,3 cv/litro",,"10,2:1",6500 rpm,"9,4 kgfm/litro",,2,1446 mm,,3872 mm,2443 mm,1669 mm,1045 kg,245 litros,50 litros,120 mm,Disco sólido,Tambor,Hidráulica,,"Indep., McPherson",Barra de torção,"Indep., braço arrastado",685 km,530 km,"13,7 km/l","10,6 km/l",5,5250 rpm,3250 rpm,Não informado,,,,,,,Mecânicos,,,,,,,,,,435 km,340 km,"8,7 km/l","6,8 km/l",,Correia dentada,82 cv,80 cv,"12,8 kgfm","12,8 kgfm",,340 cm³,1360 cm³,,,,,,,,,,,,,,,,,,,,,
peugeot,207,207,207-x-line-1-4-8v-2009,207-x-line-1-4-8v-2009,https://www.fichacompleta.com.br/carros/peugeot/207-x-line-1-4-8v-2009,2026-06-17T21:13:51.261006,Peugeot 207 X-Line 1.4 8V 2009,"13,1 s",162 km/h,Embreagem monodisco a seco,Manual,MA/5,,Dianteira,Injeção multiponto,Natural,,4 em linha,TU3JP,Único no cabeçote,77 mm,75 mm,Transversal,Dianteiro,"12,56 kg/cv","80,5 kg/kgfm","60,3 cv/litro",,"10,2:1",6500 rpm,"9,4 kgfm/litro",,2,1446 mm,,3872 mm,2443 mm,1669 mm,1030 kg,245 litros,50 litros,120 mm,Disco sólido,Tambor,Hidráulica,,"Indep., McPherson",Barra de torção,"Indep., braço arrastado",685 km,530 km,"13,7 km/l","10,6 km/l",5,5250 rpm,3250 rpm,Não informado,,,,,,,Mecânicos,,,,,,,,,,435 km,340 km,"8,7 km/l","6,8 km/l",,Correia dentada,82 cv,80 cv,"12,8 kgfm","12,8 kgfm",,340 cm³,1360 cm³,,,,,,,,,,,,,,,,,,,,,
peugeot,207,207,207-xr-1-4-8v-2009-flex,207-xr-1-4-8v-2009-flex,https://www.fichacompleta.com.br/carros/peugeot/207-xr-1-4-8v-2009-flex,2026-06-17T21:13:55.616583,Peugeot 207 XR 1.4 8V 2009,"13,1 s",162 km/h,Embreagem monodisco a seco,Manual,MA/5,,Dianteira,Injeção multiponto,Natural,1360 cm³,4 em linha,TU3JP,Único no cabeçote,77 mm,75 mm,Transversal,Dianteiro,"12,6 kg/cv","80,7 kg/kgfm","60,3 cv/litro",,"10,2:1",6500 rpm,"9,4 kgfm/litro",,2,1446 mm,,3872 mm,2443 mm,1669 mm,1033 kg,245 litros,50 litros,120 mm,Disco sólido,Tambor,Hidráulica,,"Indep., McPherson",Barra de torção,"Indep., braço arrastado",685 km,530 km,"13,7 km/l","10,6 km/l",5,5250 rpm,3250 rpm,Não informado,,,,,,,,,,,,,,,,,435 km,340 km,"8,7 km/l","6,8 km/l",,Correia dentada,82 cv,80 cv,"12,8 kgfm","12,8 kgfm",,,,,,,,,,,,,,,,,,,,,,,,
peugeot,207,207,207-xr-1-4-8v-2009,207-xr-1-4-8v-2009,https://www.fichacompleta.com.br/carros/peugeot/207-xr-1-4-8v-2009,2026-06-17T21:13:59.217696,Peugeot 207 XR 1.4 8V 2009,"13,1 s",162 km/h,Embreagem monodisco a seco,Manual,MA/5,5,Dianteira,Injeção multiponto,Natural,1360 cm³,4 em linha,TU3JP,"Único no cabeçote, correia dentada",77 mm,75 mm,Transversal,Dianteiro,"12,7 kg/cv","81,6 kg/kgfm","60,3 cv/litro",82 cv (A) 80 cv (G) a 5250 rpm,"10,2:1",6500 rpm,"9,4 kgfm/litro","12,8 kgfm (A) 12,8 kgfm (G) a 3250 rpm",2,1446 mm,,3872 mm,2443 mm,1669 mm,1045 kg,245 litros,50 litros,120 mm,Disco sólido,Tambor,Hidráulica,"10,2 m","Independente, McPherson",Barra de torção,"Independente, braço arrastado",685 km,530 km,"13,7 km/l","10,6 km/l",,,,,,,,,,,,,,,,,,"2,05 m²","0,656 m²","0,32",435 km,340 km,"8,7 km/l","6,8 km/l",,,,,,,,,,,,,,,,,,,,,,,,,,,,,,
peugeot,207,207,207-xr-sport-1-4-8v-2009-flex,207-xr-sport-1-4-8v-2009-flex,https://www.fichacompleta.com.br/carros/peugeot/207-xr-sport-1-4-8v-2009-flex,2026-06-17T21:14:03.457708,Peugeot 207 XR Sport 1.4 8V 2009,"13,1 s",162 km/h,Embreagem monodisco a seco,Manual,MA/5,,Dianteira,Injeção multiponto,Natural,,4 em linha,TU3JP,Único no cabeçote,77 mm,75 mm,Transversal,Dianteiro,"12,56 kg/cv","80,5 kg/kgfm","60,3 cv/litro",,"10,2:1",6500 rpm,"9,4 kgfm/litro",,2,1446 mm,,3872 mm,2443 mm,1669 mm,1030 kg,245 litros,50 litros,120 mm,Disco sólido,Tambor,Hidráulica,,"Indep., McPherson",Barra de torção,"Indep., braço arrastado",685 km,530 km,"13,7 km/l","10,6 km/l",5,5250 rpm,3250 rpm,"10,2 m",,,,,,,Mecânicos,,,,,,,"2,05 m²","0,656 m²",,435 km,340 km,"8,7 km/l","6,8 km/l",,Correia dentada,82 cv,80 cv,"12,8 kgfm","12,8 kgfm","0,32",340 cm³,1360 cm³,,,,,,,,,,,,,,,,,,,,,
peugeot,207,207,207-xr-sport-1-4-8v-2009,207-xr-sport-1-4-8v-2009,https://www.fichacompleta.com.br/carros/peugeot/207-xr-sport-1-4-8v-2009,2026-06-17T21:14:06.771780,Peugeot 207 XR Sport 1.4 8V 2009,"13,1 s",162 km/h,Embreagem monodisco a seco,Manual,MA/5,5,Dianteira,Injeção multiponto,Natural,1360 cm³,4 em linha,TU3JP,"Único no cabeçote, correia dentada",77 mm,75 mm,Transversal,Dianteiro,"12,7 kg/cv","81,6 kg/kgfm","60,3 cv/litro",82 cv (A) 80 cv (G) a 5250 rpm,"10,2:1",6500 rpm,"9,4 kgfm/litro","12,8 kgfm (A) 12,8 kgfm (G) a 3250 rpm",2,1446 mm,,3872 mm,2443 mm,1669 mm,1045 kg,245 litros,50 litros,120 mm,Disco sólido,Tambor,Hidráulica,"10,2 m","Independente, McPherson",Barra de torção,"Independente, braço arrastado",685 km,530 km,"13,7 km/l","10,6 km/l",,,,,,,,,,,,,,,,,,"2,05 m²","0,656 m²","0,32",435 km,340 km,"8,7 km/l","6,8 km/l",,,,,,,,,,,,,,,,,,,,,,,,,,,,,,
peugeot,207,207,207-xs-1-6-16v-2009,207-xs-1-6-16v-2009,https://www.fichacompleta.com.br/carros/peugeot/207-xs-1-6-16v-2009,2026-06-17T21:14:10.539434,Peugeot 207 XS 1.6 16V 2009,"9,6 s",192 km/h,Embreagem monodisco a seco,Manual,MA/5,5,Dianteira,Injeção multiponto,Natural,1587 cm³,4 em linha,TU5JP4,Duplo no cabeçote,82 mm,"78,5 mm",Transversal,Dianteiro,"9,8 kg/cv","69,9 kg/kgfm","71,2 cv/litro",113 cv (A) 110 cv (G) a 5750 rpm,11:1,6500 rpm,"10,0 kgfm/litro","15,8 kgfm (A) 14,5 kgfm (G) a 4000 rpm",4,1446 mm,,3872 mm,2443 mm,1669 mm,1105 kg,245 litros,50 litros,111 mm,Disco ventilado,Tambor,Hidráulica,"10,2 m","Indep., McPherson",Barra de torção,"Indep., braço arrastado",690 km,470 km,"13,8 km/l","9,4 km/l",5,,,"10,2 m",,,,,5750 rpm,4000 rpm,Hidráulicos,,,,,,,"2,05 m²","0,656 m²","0,32",530 km,360 km,"10,6 km/l","7,2 km/l",,Correia dentada,113 cv,110 cv,"15,8 kgfm","14,5 kgfm","0,32",,,,,,,,,,,,,,,,,,,,,,,
peugeot,207,207,207-xs-1-6-16v-2009-flex,207-xs-1-6-16v-2009-flex,https://www.fichacompleta.com.br/carros/peugeot/207-xs-1-6-16v-2009-flex,2026-06-17T21:14:15.382000,Peugeot 207 XS 1.6 16V 2009,"9,6 s",192 km/h,Embreagem monodisco a seco,Manual,MA/5,5,Dianteira,Injeção multiponto,Natural,1587 cm³,4 em linha,TU5JP4,"Duplo no cabeçote, correia dentada",82 mm,"78,5 mm",Transversal,Dianteiro,"9,7 kg/cv","69,2 kg/kgfm","71,2 cv/litro",113 cv (A) 110 cv (G) a 5750 rpm,11:1,6500 rpm,"10,0 kgfm/litro","15,8 kgfm (A) 14,5 kgfm (G) a 4000 rpm",4,1446 mm,,3872 mm,2443 mm,1669 mm,1093 kg,245 litros,50 litros,111 mm,Disco ventilado,Tambor,Hidráulica,"10,2 m","Independente, McPherson",Barra de torção,"Independente, braço arrastado",690 km,470 km,"13,8 km/l","9,4 km/l",,,,,,,,,,,Hidráulicos,,,,,,,"2,05 m²","0,656 m²","0,32",530 km,360 km,"10,6 km/l","7,2 km/l",,,,,,,,,,,,,,,,,,,,,,,,,,,,,,
peugeot,207,207,207-xs-1-6-16v-at-2009,207-xs-1-6-16v-at-2009,https://www.fichacompleta.com.br/carros/peugeot/207-xs-1-6-16v-at-2009,2026-06-17T21:14:18.490889,Peugeot 207 XS 1.6 16V AT 2009,"12,2 s",181 km/h,Conversor de torque,Automático,AL4,4,Dianteira,Injeção multiponto,Natural,1587 cm³,4 em linha,TU5JP4,"Duplo no cabeçote, correia dentada",82 mm,"78,5 mm",Transversal,Dianteiro,"10,2 kg/cv","73,2 kg/kgfm","71,2 cv/litro",113 cv (A) 110 cv (G) a 5750 rpm,11:1,6500 rpm,"10,0 kgfm/litro","15,8 kgfm (A) 14,5 kgfm (G) a 4000 rpm",4,1446 mm,,3872 mm,2443 mm,1669 mm,1156 kg,245 litros,50 litros,111 mm,Disco ventilado,Disco sólido,Hidráulica,"10,2 m","Independente, McPherson",Barra de torção,"Independente, braço arrastado",610 km,435 km,"12,2 km/l","8,7 km/l",,,,,,,,,,,Hidráulicos,,,,,,,"2,05 m²","0,656 m²","0,32",470 km,335 km,"9,4 km/l","6,7 km/l",,,,,,,,,,,,,,,,,,,,,,,,,,,,,,
peugeot,207,207,207-quiksilver-1-4-8v-2010-flex,207-quiksilver-1-4-8v-2010-flex,https://www.fichacompleta.com.br/carros/peugeot/207-quiksilver-1-4-8v-2010-flex,2026-06-17T21:14:22.597078,Peugeot 207 Quiksilver 1.4 8V 2010,"13,1 s",162 km/h,Embreagem monodisco a seco,Manual,MA/5,,Dianteira,Injeção multiponto,Natural,,4 em linha,TU3JP,Único no cabeçote,77 mm,75 mm,Transversal,Dianteiro,"12,56 kg/cv","80,5 kg/kgfm","60,3 cv/litro",,"10,2:1",6500 rpm,"9,4 kgfm/litro",,2,1446 mm,,3872 mm,2443 mm,1669 mm,1030 kg,245 litros,50 litros,120 mm,Disco sólido,Tambor,Hidráulica,,"Indep., McPherson",Barra de torção,"Indep., braço arrastado",685 km,530 km,"13,7 km/l","10,6 km/l",5,5250 rpm,3250 rpm,Não informado,,,,,,,Mecânicos,,,,,,,,,,435 km,340 km,"8,7 km/l","6,8 km/l",,Correia dentada,82 cv,80 cv,"12,8 kgfm","12,8 kgfm",,340 cm³,1360 cm³,,,,,,,,,,,,,,,,,,,,,
peugeot,207,207,207-quiksilver-1-4-8v-2010,207-quiksilver-1-4-8v-2010,https://www.fichacompleta.com.br/carros/peugeot/207-quiksilver-1-4-8v-2010,2026-06-17T21:14:24.988912,Peugeot 207 Quiksilver 1.4 8V 2010,"13,1 s",162 km/h,Embreagem monodisco a seco,Manual,MA/5,5,Dianteira,Injeção multiponto,Natural,1360 cm³,4 em linha,TU3JP,"Único no cabeçote, correia dentada",77 mm,75 mm,Transversal,Dianteiro,"12,7 kg/cv","81,6 kg/kgfm","60,3 cv/litro",82 cv (A) 80 cv (G) a 5250 rpm,"10,2:1",6500 rpm,"9,4 kgfm/litro","12,8 kgfm (A) 12,8 kgfm (G) a 3250 rpm",2,1446 mm,,3872 mm,2443 mm,1669 mm,1045 kg,245 litros,50 litros,120 mm,Disco sólido,Tambor,Hidráulica,Não informado,"Independente, McPherson",Barra de torção,"Independente, braço arrastado",685 km,530 km,"13,7 km/l","10,6 km/l",,,,,,,,,,,,,,,,,,,,,435 km,340 km,"8,7 km/l","6,8 km/l",,,,,,,,,,,,,,,,,,,,,,,,,,,,,,
peugeot,207,207,207-x-line-1-4-8v-2010-flex,207-x-line-1-4-8v-2010-flex,https://www.fichacompleta.com.br/carros/peugeot/207-x-line-1-4-8v-2010-flex,2026-06-17T21:14:29.347878,Peugeot 207 X-Line 1.4 8V 2010,"13,1 s",162 km/h,Embreagem monodisco a seco,Manual,MA/5,,Dianteira,Injeção multiponto,Natural,,4 em linha,TU3JP,Único no cabeçote,77 mm,75 mm,Transversal,Dianteiro,"12,56 kg/cv","80,5 kg/kgfm","60,3 cv/litro",,"10,2:1",6500 rpm,"9,4 kgfm/litro",,2,1446 mm,,3872 mm,2443 mm,1669 mm,1030 kg,245 litros,50 litros,120 mm,Disco sólido,Tambor,Hidráulica,,"Indep., McPherson",Barra de torção,"Indep., braço arrastado",685 km,530 km,"13,7 km/l","10,6 km/l",5,5250 rpm,3250 rpm,Não informado,,,,,,,Mecânicos,,,,,,,,,,435 km,340 km,"8,7 km/l","6,8 km/l",,Correia dentada,82 cv,80 cv,"12,8 kgfm","12,8 kgfm",,340 cm³,1360 cm³,,,,,,,,,,,,,,,,,,,,,
peugeot,207,207,207-x-line-1-4-8v-2010,207-x-line-1-4-8v-2010,https://www.fichacompleta.com.br/carros/peugeot/207-x-line-1-4-8v-2010,2026-06-17T21:14:33.602329,Peugeot 207 X-Line 1.4 8V 2010,"13,1 s",162 km/h,Embreagem monodisco a seco,Manual,MA/5,5,Dianteira,Injeção multiponto,Natural,1360 cm³,4 em linha,TU3JP,"Único no cabeçote, correia dentada",77 mm,75 mm,Transversal,Dianteiro,"12,7 kg/cv","81,6 kg/kgfm","60,3 cv/litro",82 cv (A) 80 cv (G) a 5250 rpm,"10,2:1",6500 rpm,"9,4 kgfm/litro","12,8 kgfm (A) 12,8 kgfm (G) a 3250 rpm",2,1446 mm,,3872 mm,2443 mm,1669 mm,1045 kg,245 litros,50 litros,120 mm,Disco sólido,Tambor,Hidráulica,Não informado,"Independente, McPherson",Barra de torção,"Independente, braço arrastado",685 km,530 km,"13,7 km/l","10,6 km/l",,,,,,,,,,,,,,,,,,,,,435 km,340 km,"8,7 km/l","6,8 km/l",,,,,,,,,,,,,,,,,,,,,,,,,,,,,,
peugeot,207,207,207-xr-1-4-8v-2010,207-xr-1-4-8v-2010,https://www.fichacompleta.com.br/carros/peugeot/207-xr-1-4-8v-2010,2026-06-17T21:14:37.453535,Peugeot 207 XR 1.4 8V 2010,"13,1 s",162 km/h,Embreagem monodisco a seco,Manual,MA/5,5,Dianteira,Injeção multiponto,Natural,1360 cm³,4 em linha,TU3JP,Único no cabeçote,77 mm,75 mm,Transversal,Dianteiro,"12,6 kg/cv","80,7 kg/kgfm","60,3 cv/litro",82 cv (A) 80 cv (G) a 5250 rpm,"10,2:1",6500 rpm,"9,4 kgfm/litro","12,8 kgfm (A) 12,8 kgfm (G) a 3250 rpm",2,1446 mm,,3872 mm,2443 mm,1669 mm,1033 kg,245 litros,50 litros,120 mm,Disco sólido,Tambor,Hidráulica,Não informado,"Indep., McPherson",Barra de torção,"Indep., braço arrastado",685 km,530 km,"13,7 km/l","10,6 km/l",5,,,Não informado,,,,,5250 rpm,3250 rpm,,,,,,,,,,,435 km,340 km,"8,7 km/l","6,8 km/l",,Correia dentada,82 cv,80 cv,"12,8 kgfm","12,8 kgfm",,,,,,,,,,,,,,,,,,,,,,,,
peugeot,207,207,207-xr-1-4-8v-2010-flex,207-xr-1-4-8v-2010-flex,https://www.fichacompleta.com.br/carros/peugeot/207-xr-1-4-8v-2010-flex,2026-06-17T21:14:40.991881,Peugeot 207 XR 1.4 8V 2010,"13,1 s",162 km/h,Embreagem monodisco a seco,Manual,MA/5,5,Dianteira,Injeção multiponto,Natural,1360 cm³,4 em linha,TU3JP,"Único no cabeçote, correia dentada",77 mm,75 mm,Transversal,Dianteiro,"12,7 kg/cv","81,6 kg/kgfm","60,3 cv/litro",82 cv (A) 80 cv (G) a 5250 rpm,"10,2:1",6500 rpm,"9,4 kgfm/litro","12,8 kgfm (A) 12,8 kgfm (G) a 3250 rpm",2,1446 mm,,3872 mm,2443 mm,1669 mm,1045 kg,245 litros,50 litros,120 mm,Disco sólido,Tambor,Hidráulica,"10,2 m","Independente, McPherson",Barra de torção,"Independente, braço arrastado",685 km,530 km,"13,7 km/l","10,6 km/l",,,,,,,,,,,,,,,,,,"2,05 m²","0,656 m²","0,32",435 km,340 km,"8,7 km/l","6,8 km/l",,,,,,,,,,,,,,,,,,,,,,,,,,,,,,
peugeot,207,207,207-xr-sport-1-4-8v-2010-flex,207-xr-sport-1-4-8v-2010-flex,https://www.fichacompleta.com.br/carros/peugeot/207-xr-sport-1-4-8v-2010-flex,2026-06-17T21:14:45.342130,Peugeot 207 XR Sport 1.4 8V 2010,"13,1 s",162 km/h,Embreagem monodisco a seco,Manual,MA/5,,Dianteira,Injeção multiponto,Natural,,4 em linha,TU3JP,Único no cabeçote,77 mm,75 mm,Transversal,Dianteiro,"12,56 kg/cv","80,5 kg/kgfm","60,3 cv/litro",,"10,2:1",6500 rpm,"9,4 kgfm/litro",,2,1446 mm,,3872 mm,2443 mm,1669 mm,1030 kg,245 litros,50 litros,120 mm,Disco sólido,Tambor,Hidráulica,,"Indep., McPherson",Barra de torção,"Indep., braço arrastado",685 km,530 km,"13,7 km/l","10,6 km/l",5,5250 rpm,3250 rpm,"10,2 m",,,,,,,Mecânicos,,,,,,,"2,05 m²","0,656 m²",,435 km,340 km,"8,7 km/l","6,8 km/l",,Correia dentada,82 cv,80 cv,"12,8 kgfm","12,8 kgfm","0,32",340 cm³,1360 cm³,,,,,,,,,,,,,,,,,,,,,
peugeot,207,207,207-xr-sport-1-4-8v-2010,207-xr-sport-1-4-8v-2010,https://www.fichacompleta.com.br/carros/peugeot/207-xr-sport-1-4-8v-2010,2026-06-17T21:14:49.391541,Peugeot 207 XR Sport 1.4 8V 2010,"13,1 s",162 km/h,Embreagem monodisco a seco,Manual,MA/5,5,Dianteira,Injeção multiponto,Natural,1360 cm³,4 em linha,TU3JP,"Único no cabeçote, correia dentada",77 mm,75 mm,Transversal,Dianteiro,"12,7 kg/cv","81,6 kg/kgfm","60,3 cv/litro",82 cv (A) 80 cv (G) a 5250 rpm,"10,2:1",6500 rpm,"9,4 kgfm/litro","12,8 kgfm (A) 12,8 kgfm (G) a 3250 rpm",2,1446 mm,,3872 mm,2443 mm,1669 mm,1045 kg,245 litros,50 litros,120 mm,Disco sólido,Tambor,Hidráulica,"10,2 m","Independente, McPherson",Barra de torção,"Independente, braço arrastado",685 km,530 km,"13,7 km/l","10,6 km/l",,,,,,,,,,,,,,,,,,"2,05 m²","0,656 m²","0,32",435 km,340 km,"8,7 km/l","6,8 km/l",,,,,,,,,,,,,,,,,,,,,,,,,,,,,,
peugeot,207,207,207-xs-1-6-16v-2010-flex,207-xs-1-6-16v-2010-flex,https://www.fichacompleta.com.br/carros/peugeot/207-xs-1-6-16v-2010-flex,2026-06-17T21:14:51.916856,Peugeot 207 XS 1.6 16V 2010,"9,6 s",192 km/h,Embreagem monodisco a seco,Manual,MA/5,5,Dianteira,Injeção multiponto,Natural,1587 cm³,4 em linha,TU5JP4,"Duplo no cabeçote, correia dentada",82 mm,"78,5 mm",Transversal,Dianteiro,"9,7 kg/cv","69,2 kg/kgfm","71,2 cv/litro",113 cv (A) 110 cv (G) a 5750 rpm,11:1,6500 rpm,"10,0 kgfm/litro","15,8 kgfm (A) 14,5 kgfm (G) a 4000 rpm",4,1446 mm,,3872 mm,2443 mm,1669 mm,1093 kg,245 litros,50 litros,111 mm,Disco ventilado,Tambor,Hidráulica,"10,2 m","Independente, McPherson",Barra de torção,"Independente, braço arrastado",690 km,470 km,"13,8 km/l","9,4 km/l",,,,,,,,,,,Hidráulicos,,,,,,,"2,05 m²","0,656 m²","0,32",530 km,360 km,"10,6 km/l","7,2 km/l",,,,,,,,,,,,,,,,,,,,,,,,,,,,,,
peugeot,207,207,207-xs-1-6-16v-2010,207-xs-1-6-16v-2010,https://www.fichacompleta.com.br/carros/peugeot/207-xs-1-6-16v-2010,2026-06-17T21:14:55.159659,Peugeot 207 XS 1.6 16V 2010,"9,6 s",192 km/h,Embreagem monodisco a seco,Manual,MA/5,,Dianteira,Injeção multiponto,Natural,1587 cm³,4 em linha,TU5JP4,Duplo no cabeçote,82 mm,"78,5 mm",Transversal,Dianteiro,"9,8 kg/cv","69,9 kg/kgfm","71,2 cv/litro",,11:1,6500 rpm,"10,0 kgfm/litro",,4,1446 mm,,3872 mm,2443 mm,1669 mm,1105 kg,245 litros,50 litros,111 mm,Disco ventilado,Tambor,Hidráulica,,"Indep., McPherson",Barra de torção,"Indep., braço arrastado",690 km,470 km,"13,8 km/l","9,4 km/l",5,5750 rpm,4000 rpm,"10,2 m",,,,,,,Hidráulicos,,,,,,,"2,05 m²","0,656 m²",,530 km,360 km,"10,6 km/l","7,2 km/l",,Correia dentada,113 cv,110 cv,"15,8 kgfm","14,5 kgfm","0,32",,,,,,,,,,,,,,,,,,,,,,,
peugeot,207,207,207-xs-1-6-16v-at-2010,207-xs-1-6-16v-at-2010,https://www.fichacompleta.com.br/carros/peugeot/207-xs-1-6-16v-at-2010,2026-06-17T21:14:59.416483,Peugeot 207 XS 1.6 16V AT 2010,"12,2 s",181 km/h,Conversor de torque,Automático,AL4,,Dianteira,Injeção multiponto,Natural,1587 cm³,4 em linha,TU5JP4,Duplo no cabeçote,82 mm,"78,5 mm",Transversal,Dianteiro,"10,2 kg/cv","73,2 kg/kgfm","71,2 cv/litro",,11:1,6500 rpm,"10,0 kgfm/litro",,4,1446 mm,,3872 mm,2443 mm,1669 mm,1156 kg,245 litros,50 litros,111 mm,Disco ventilado,Disco sólido,Hidráulica,,"Indep., McPherson",Barra de torção,"Indep., braço arrastado",610 km,435 km,"12,2 km/l","8,7 km/l",4,5750 rpm,4000 rpm,"10,2 m",,,,,,,Hidráulicos,,,,,,,"2,05 m²","0,656 m²",,470 km,335 km,"9,4 km/l","6,7 km/l",,Correia dentada,113 cv,110 cv,"15,8 kgfm","14,5 kgfm","0,32",,,,,,,,,,,,,,,,,,,,,,,
peugeot,207,207,207-quiksilver-1-4-8v-2011,207-quiksilver-1-4-8v-2011,https://www.fichacompleta.com.br/carros/peugeot/207-quiksilver-1-4-8v-2011,2026-06-17T21:15:03.644643,Peugeot 207 Quiksilver 1.4 8V 2011,"13,1 s",162 km/h,Embreagem monodisco a seco,Manual,MA/5,,Dianteira,Injeção multiponto,Natural,1360 cm³,4 em linha,TU3JP,Único no cabeçote,77 mm,75 mm,Transversal,Dianteiro,"12,7 kg/cv","81,6 kg/kgfm","60,3 cv/litro",,"10,2:1",6500 rpm,"9,4 kgfm/litro",,2,1446 mm,,3872 mm,2443 mm,1669 mm,1045 kg,245 litros,50 litros,120 mm,Disco sólido,Tambor,Hidráulica,,"Indep., McPherson",Barra de torção,"Indep., braço arrastado",685 km,530 km,"13,7 km/l","10,6 km/l",5,5250 rpm,3250 rpm,Não informado,,,,,,,,,,,,,,,,,435 km,340 km,"8,7 km/l","6,8 km/l",,Correia dentada,82 cv,80 cv,"12,8 kgfm","12,8 kgfm",,,,,,,,,,,,,,,,,,,,,,,,
peugeot,207,207,207-quiksilver-1-4-8v-2011-flex,207-quiksilver-1-4-8v-2011-flex,https://www.fichacompleta.com.br/carros/peugeot/207-quiksilver-1-4-8v-2011-flex,2026-06-17T21:15:06.599185,Peugeot 207 Quiksilver 1.4 8V 2011,"13,1 s",162 km/h,Embreagem monodisco a seco,Manual,MA/5,,Dianteira,Injeção multiponto,Natural,,4 em linha,TU3JP,Único no cabeçote,77 mm,75 mm,Transversal,Dianteiro,"12,56 kg/cv","80,5 kg/kgfm","60,3 cv/litro",,"10,2:1",6500 rpm,"9,4 kgfm/litro",,2,1446 mm,,3872 mm,2443 mm,1669 mm,1030 kg,245 litros,50 litros,120 mm,Disco sólido,Tambor,Hidráulica,,"Indep., McPherson",Barra de torção,"Indep., braço arrastado",685 km,530 km,"13,7 km/l","10,6 km/l",5,5250 rpm,3250 rpm,Não informado,,,,,,,Mecânicos,,,,,,,,,,435 km,340 km,"8,7 km/l","6,8 km/l",,Correia dentada,82 cv,80 cv,"12,8 kgfm","12,8 kgfm",,340 cm³,1360 cm³,,,,,,,,,,,,,,,,,,,,,
peugeot,207,207,207-x-line-1-4-8v-2011-flex,207-x-line-1-4-8v-2011-flex,https://www.fichacompleta.com.br/carros/peugeot/207-x-line-1-4-8v-2011-flex,2026-06-17T21:15:09.763144,Peugeot 207 X-Line 1.4 8V 2011,"13,1 s",162 km/h,Embreagem monodisco a seco,Manual,MA/5,,Dianteira,Injeção multiponto,Natural,,4 em linha,TU3JP,Único no cabeçote,77 mm,75 mm,Transversal,Dianteiro,"12,56 kg/cv","80,5 kg/kgfm","60,3 cv/litro",,"10,2:1",6500 rpm,"9,4 kgfm/litro",,2,1446 mm,,3872 mm,2443 mm,1669 mm,1030 kg,245 litros,50 litros,120 mm,Disco sólido,Tambor,Hidráulica,,"Indep., McPherson",Barra de torção,"Indep., braço arrastado",685 km,530 km,"13,7 km/l","10,6 km/l",5,5250 rpm,3250 rpm,Não informado,,,,,,,Mecânicos,,,,,,,,,,435 km,340 km,"8,7 km/l","6,8 km/l",,Correia dentada,82 cv,80 cv,"12,8 kgfm","12,8 kgfm",,340 cm³,1360 cm³,,,,,,,,,,,,,,,,,,,,,
peugeot,207,207,207-x-line-1-4-8v-2011,207-x-line-1-4-8v-2011,https://www.fichacompleta.com.br/carros/peugeot/207-x-line-1-4-8v-2011,2026-06-17T21:15:14.138240,Peugeot 207 X-Line 1.4 8V 2011,"13,1 s",162 km/h,Embreagem monodisco a seco,Manual,MA/5,5,Dianteira,Injeção multiponto,Natural,1360 cm³,4 em linha,TU3JP,"Único no cabeçote, correia dentada",77 mm,75 mm,Transversal,Dianteiro,"12,7 kg/cv","81,6 kg/kgfm","60,3 cv/litro",82 cv (A) 80 cv (G) a 5250 rpm,"10,2:1",6500 rpm,"9,4 kgfm/litro","12,8 kgfm (A) 12,8 kgfm (G) a 3250 rpm",2,1446 mm,,3872 mm,2443 mm,1669 mm,1045 kg,245 litros,50 litros,120 mm,Disco sólido,Tambor,Hidráulica,Não informado,"Independente, McPherson",Barra de torção,"Independente, braço arrastado",685 km,530 km,"13,7 km/l","10,6 km/l",,,,,,,,,,,,,,,,,,,,,435 km,340 km,"8,7 km/l","6,8 km/l",,,,,,,,,,,,,,,,,,,,,,,,,,,,,,
peugeot,207,207,207-xr-1-4-8v-2011-flex,207-xr-1-4-8v-2011-flex,https://www.fichacompleta.com.br/carros/peugeot/207-xr-1-4-8v-2011-flex,2026-06-17T21:15:17.996457,Peugeot 207 XR 1.4 8V 2011,"13,1 s",162 km/h,Embreagem monodisco a seco,Manual,MA/5,,Dianteira,Injeção multiponto,Natural,1360 cm³,4 em linha,TU3JP,Único no cabeçote,77 mm,75 mm,Transversal,Dianteiro,"12,6 kg/cv","80,7 kg/kgfm","60,3 cv/litro",,"10,2:1",6500 rpm,"9,4 kgfm/litro",,2,1446 mm,,3872 mm,2443 mm,1669 mm,1033 kg,245 litros,50 litros,120 mm,Disco sólido,Tambor,Hidráulica,,"Indep., McPherson",Barra de torção,"Indep., braço arrastado",685 km,530 km,"13,7 km/l","10,6 km/l",5,5250 rpm,3250 rpm,Não informado,,,,,,,,,,,,,,,,,435 km,340 km,"8,7 km/l","6,8 km/l",,Correia dentada,82 cv,80 cv,"12,8 kgfm","12,8 kgfm",,,,,,,,,,,,,,,,,,,,,,,,
peugeot,207,207,207-xr-1-4-8v-2011,207-xr-1-4-8v-2011,https://www.fichacompleta.com.br/carros/peugeot/207-xr-1-4-8v-2011,2026-06-17T21:15:21.751824,Peugeot 207 XR 1.4 8V 2011,"13,1 s",162 km/h,Embreagem monodisco a seco,Manual,MA/5,5,Dianteira,Injeção multiponto,Natural,1360 cm³,4 em linha,TU3JP,"Único no cabeçote, correia dentada",77 mm,75 mm,Transversal,Dianteiro,"12,7 kg/cv","81,6 kg/kgfm","60,3 cv/litro",82 cv (A) 80 cv (G) a 5250 rpm,"10,2:1",6500 rpm,"9,4 kgfm/litro","12,8 kgfm (A) 12,8 kgfm (G) a 3250 rpm",2,1446 mm,,3872 mm,2443 mm,1669 mm,1045 kg,245 litros,50 litros,120 mm,Disco sólido,Tambor,Hidráulica,"10,2 m","Independente, McPherson",Barra de torção,"Independente, braço arrastado",685 km,530 km,"13,7 km/l","10,6 km/l",,,,,,,,,,,,,,,,,,"2,05 m²","0,656 m²","0,32",435 km,340 km,"8,7 km/l","6,8 km/l",,,,,,,,,,,,,,,,,,,,,,,,,,,,,,
peugeot,207,207,207-xr-sport-1-4-8v-2011,207-xr-sport-1-4-8v-2011,https://www.fichacompleta.com.br/carros/peugeot/207-xr-sport-1-4-8v-2011,2026-06-17T21:15:25.315392,Peugeot 207 XR Sport 1.4 8V 2011,"13,1 s",162 km/h,Embreagem monodisco a seco,Manual,MA/5,5,Dianteira,Injeção multiponto,Natural,1360 cm³,4 em linha,TU3JP,Único no cabeçote,77 mm,75 mm,Transversal,Dianteiro,"12,7 kg/cv","81,6 kg/kgfm","60,3 cv/litro",82 cv (A) 80 cv (G) a 5250 rpm,"10,2:1",6500 rpm,"9,4 kgfm/litro","12,8 kgfm (A) 12,8 kgfm (G) a 3250 rpm",2,1446 mm,,3872 mm,2443 mm,1669 mm,1045 kg,245 litros,50 litros,120 mm,Disco sólido,Tambor,Hidráulica,Não informado,"Indep., McPherson",Barra de torção,"Indep., braço arrastado",685 km,530 km,"13,7 km/l","10,6 km/l",5,,,Não informado,,,,,5250 rpm,3250 rpm,,,,,,,,,,,435 km,340 km,"8,7 km/l","6,8 km/l",,Correia dentada,82 cv,80 cv,"12,8 kgfm","12,8 kgfm",,,,,,,,,,,,,,,,,,,,,,,,
peugeot,207,207,207-xs-1-6-16v-2011,207-xs-1-6-16v-2011,https://www.fichacompleta.com.br/carros/peugeot/207-xs-1-6-16v-2011,2026-06-17T21:15:29.822218,Peugeot 207 XS 1.6 16V 2011,"9,6 s",192 km/h,Embreagem monodisco a seco,Manual,MA/5,,Dianteira,Injeção multiponto,Natural,1587 cm³,4 em linha,TU5JP4,Duplo no cabeçote,82 mm,"78,5 mm",Transversal,Dianteiro,"9,8 kg/cv","69,9 kg/kgfm","71,2 cv/litro",,11:1,6500 rpm,"10,0 kgfm/litro",,4,1446 mm,,3872 mm,2443 mm,1669 mm,1105 kg,245 litros,50 litros,111 mm,Disco ventilado,Tambor,Hidráulica,,"Indep., McPherson",Barra de torção,"Indep., braço arrastado",690 km,470 km,"13,8 km/l","9,4 km/l",5,5750 rpm,4000 rpm,"10,2 m",,,,,,,Hidráulicos,,,,,,,"2,05 m²","0,656 m²",,530 km,360 km,"10,6 km/l","7,2 km/l",,Correia dentada,113 cv,110 cv,"15,8 kgfm","14,5 kgfm","0,32",,,,,,,,,,,,,,,,,,,,,,,
peugeot,207,207,207-xs-1-6-16v-at-2011,207-xs-1-6-16v-at-2011,https://www.fichacompleta.com.br/carros/peugeot/207-xs-1-6-16v-at-2011,2026-06-17T21:15:32.909582,Peugeot 207 XS 1.6 16V AT 2011,"12,2 s",181 km/h,Conversor de torque,Automático,AL4,4,Dianteira,Injeção multiponto,Natural,1587 cm³,4 em linha,TU5JP4,Duplo no cabeçote,82 mm,"78,5 mm",Transversal,Dianteiro,"10,2 kg/cv","73,2 kg/kgfm","71,2 cv/litro",113 cv (A) 110 cv (G) a 5750 rpm,11:1,6500 rpm,"10,0 kgfm/litro","15,8 kgfm (A) 14,5 kgfm (G) a 4000 rpm",4,1446 mm,,3872 mm,2443 mm,1669 mm,1156 kg,245 litros,50 litros,111 mm,Disco ventilado,Disco sólido,Hidráulica,Não informado,"Indep., McPherson",Barra de torção,"Indep., braço arrastado",610 km,435 km,"12,2 km/l","8,7 km/l",4,,,Não informado,,,,,5750 rpm,4000 rpm,Hidráulicos,,,,,,,,,,470 km,335 km,"9,4 km/l","6,7 km/l",,Correia dentada,113 cv,110 cv,"15,8 kgfm","14,5 kgfm",,,,,,,,,,,,,,,,,,,,,,,,
peugeot,207,207,207-quiksilver-1-6-16v-2012,207-quiksilver-1-6-16v-2012,https://www.fichacompleta.com.br/carros/peugeot/207-quiksilver-1-6-16v-2012,2026-06-17T21:15:35.472154,Peugeot 207 Quiksilver 1.6 16V 2012,"9,6 s",192 km/h,Embreagem monodisco a seco,Manual,MA/5,5,Dianteira,Injeção multiponto,Natural,1587 cm³,4 em linha,TU5JP4,"Duplo no cabeçote, correia dentada",82 mm,"78,5 mm",Transversal,Dianteiro,"9,8 kg/cv","69,9 kg/kgfm","71,2 cv/litro",113 cv (A) 110 cv (G) a 5750 rpm,"10,5:1",6500 rpm,"10,0 kgfm/litro","15,8 kgfm (A) 14,5 kgfm (G) a 4000 rpm",4,1446 mm,,3872 mm,2443 mm,1669 mm,1105 kg,245 litros,50 litros,111 mm,Disco ventilado,Tambor,Hidráulica,Não informado,"Independente, McPherson",Barra de torção,"Independente, braço arrastado",690 km,470 km,"13,8 km/l","9,4 km/l",,,,,,,,,,,Hidráulicos,,,,,,,"2,05 m²","0,656 m²","0,32",530 km,360 km,"10,6 km/l","7,2 km/l",,,,,,,,,,,,,,,,,,,,,,,,,,,,,,
peugeot,207,207,207-x-line-1-4-8v-2012,207-x-line-1-4-8v-2012,https://www.fichacompleta.com.br/carros/peugeot/207-x-line-1-4-8v-2012,2026-06-17T21:15:39.928239,Peugeot 207 X-Line 1.4 8V 2012,"13,1 s",162 km/h,Embreagem monodisco a seco,Manual,MA/5,5,Dianteira,Injeção multiponto,Natural,1360 cm³,4 em linha,TU3JP,"Único no cabeçote, correia dentada",77 mm,75 mm,Transversal,Dianteiro,"12,7 kg/cv","81,6 kg/kgfm","60,3 cv/litro",82 cv (A) 80 cv (G) a 5250 rpm,"10,2:1",6500 rpm,"9,4 kgfm/litro","12,8 kgfm (A) 12,8 kgfm (G) a 3250 rpm",2,1446 mm,,3872 mm,2443 mm,1669 mm,1045 kg,245 litros,50 litros,120 mm,Disco sólido,Tambor,Hidráulica,Não informado,"Independente, McPherson",Barra de torção,"Independente, braço arrastado",685 km,530 km,"13,7 km/l","10,6 km/l",,,,,,,,,,,,,,,,,,,,,435 km,340 km,"8,7 km/l","6,8 km/l",,,,,,,,,,,,,,,,,,,,,,,,,,,,,,
peugeot,207,207,207-x-line-1-4-8v-2012-flex,207-x-line-1-4-8v-2012-flex,https://www.fichacompleta.com.br/carros/peugeot/207-x-line-1-4-8v-2012-flex,2026-06-17T21:15:43.669419,Peugeot 207 X-Line 1.4 8V 2012,"13,1 s",162 km/h,Embreagem monodisco a seco,Manual,MA/5,,Dianteira,Injeção multiponto,Natural,,4 em linha,TU3JP,Único no cabeçote,77 mm,75 mm,Transversal,Dianteiro,"12,56 kg/cv","80,5 kg/kgfm","60,3 cv/litro",,"10,2:1",6500 rpm,"9,4 kgfm/litro",,2,1446 mm,,3872 mm,2443 mm,1669 mm,1030 kg,245 litros,50 litros,120 mm,Disco sólido,Tambor,Hidráulica,,"Indep., McPherson",Barra de torção,"Indep., braço arrastado",685 km,530 km,"13,7 km/l","10,6 km/l",5,5250 rpm,3250 rpm,Não informado,,,,,,,Mecânicos,,,,,,,,,,435 km,340 km,"8,7 km/l","6,8 km/l",,Correia dentada,82 cv,80 cv,"12,8 kgfm","12,8 kgfm",,340 cm³,1360 cm³,,,,,,,,,,,,,,,,,,,,,
peugeot,207,207,207-xr-1-4-8v-2012,207-xr-1-4-8v-2012,https://www.fichacompleta.com.br/carros/peugeot/207-xr-1-4-8v-2012,2026-06-17T21:15:48.451046,Peugeot 207 XR 1.4 8V 2012,"13,1 s",162 km/h,Embreagem monodisco a seco,Manual,MA/5,,Dianteira,Injeção multiponto,Natural,1360 cm³,4 em linha,TU3JP,Único no cabeçote,77 mm,75 mm,Transversal,Dianteiro,"12,6 kg/cv","80,7 kg/kgfm","60,3 cv/litro",,"10,2:1",6500 rpm,"9,4 kgfm/litro",,2,1446 mm,,3872 mm,2443 mm,1669 mm,1033 kg,245 litros,50 litros,120 mm,Disco sólido,Tambor,Hidráulica,,"Indep., McPherson",Barra de torção,"Indep., braço arrastado",685 km,530 km,"13,7 km/l","10,6 km/l",5,5250 rpm,3250 rpm,Não informado,,,,,,,,,,,,,,,,,435 km,340 km,"8,7 km/l","6,8 km/l",,Correia dentada,82 cv,80 cv,"12,8 kgfm","12,8 kgfm",,,,,,,,,,,,,,,,,,,,,,,,
peugeot,207,207,207-xr-1-4-8v-2012-flex,207-xr-1-4-8v-2012-flex,https://www.fichacompleta.com.br/carros/peugeot/207-xr-1-4-8v-2012-flex,2026-06-17T21:15:51.530962,Peugeot 207 XR 1.4 8V 2012,"13,1 s",162 km/h,Embreagem monodisco a seco,Manual,MA/5,5,Dianteira,Injeção multiponto,Natural,1360 cm³,4 em linha,TU3JP,"Único no cabeçote, correia dentada",77 mm,75 mm,Transversal,Dianteiro,"12,7 kg/cv","81,6 kg/kgfm","60,3 cv/litro",82 cv (A) 80 cv (G) a 5250 rpm,"10,2:1",6500 rpm,"9,4 kgfm/litro","12,8 kgfm (A) 12,8 kgfm (G) a 3250 rpm",2,1446 mm,,3872 mm,2443 mm,1669 mm,1045 kg,245 litros,50 litros,120 mm,Disco sólido,Tambor,Hidráulica,"10,2 m","Independente, McPherson",Barra de torção,"Independente, braço arrastado",685 km,530 km,"13,7 km/l","10,6 km/l",,,,,,,,,,,,,,,,,,"2,05 m²","0,656 m²","0,32",435 km,340 km,"8,7 km/l","6,8 km/l",,,,,,,,,,,,,,,,,,,,,,,,,,,,,,
peugeot,207,207,207-xr-sport-1-4-8v-2012,207-xr-sport-1-4-8v-2012,https://www.fichacompleta.com.br/carros/peugeot/207-xr-sport-1-4-8v-2012,2026-06-17T21:15:54.686614,Peugeot 207 XR Sport 1.4 8V 2012,"13,1 s",162 km/h,Embreagem monodisco a seco,Manual,MA/5,5,Dianteira,Injeção multiponto,Natural,1360 cm³,4 em linha,TU3JP,"Único no cabeçote, correia dentada",77 mm,75 mm,Transversal,Dianteiro,"12,7 kg/cv","81,6 kg/kgfm","60,3 cv/litro",82 cv (A) 80 cv (G) a 5250 rpm,"10,2:1",6500 rpm,"9,4 kgfm/litro","12,8 kgfm (A) 12,8 kgfm (G) a 3250 rpm",2,1446 mm,,3872 mm,2443 mm,1669 mm,1045 kg,245 litros,50 litros,120 mm,Disco sólido,Tambor,Hidráulica,Não informado,"Independente, McPherson",Barra de torção,"Independente, braço arrastado",685 km,530 km,"13,7 km/l","10,6 km/l",,,,,,,,,,,,,,,,,,,,,435 km,340 km,"8,7 km/l","6,8 km/l",,,,,,,,,,,,,,,,,,,,,,,,,,,,,,
peugeot,207,207,207-xs-1-6-16v-2012,207-xs-1-6-16v-2012,https://www.fichacompleta.com.br/carros/peugeot/207-xs-1-6-16v-2012,2026-06-17T21:15:58.994415,Peugeot 207 XS 1.6 16V 2012,"9,6 s",192 km/h,Embreagem monodisco a seco,Manual,MA/5,5,Dianteira,Injeção multiponto,Natural,1587 cm³,4 em linha,TU5JP4,"Duplo no cabeçote, correia dentada",82 mm,"78,5 mm",Transversal,Dianteiro,"9,8 kg/cv","69,9 kg/kgfm","71,2 cv/litro",113 cv (A) 110 cv (G) a 5750 rpm,11:1,6500 rpm,"10,0 kgfm/litro","15,8 kgfm (A) 14,5 kgfm (G) a 4000 rpm",4,1446 mm,,3872 mm,2443 mm,1669 mm,1105 kg,245 litros,50 litros,111 mm,Disco ventilado,Tambor,Hidráulica,"10,2 m","Independente, McPherson",Barra de torção,"Independente, braço arrastado",690 km,470 km,"13,8 km/l","9,4 km/l",,,,,,,,,,,Hidráulicos,,,,,,,"2,05 m²","0,656 m²","0,32",530 km,360 km,"10,6 km/l","7,2 km/l",,,,,,,,,,,,,,,,,,,,,,,,,,,,,,
peugeot,207,207,207-xs-1-6-16v-at-2012,207-xs-1-6-16v-at-2012,https://www.fichacompleta.com.br/carros/peugeot/207-xs-1-6-16v-at-2012,2026-06-17T21:16:02.967048,Peugeot 207 XS 1.6 16V AT 2012,"12,2 s",181 km/h,Conversor de torque,Automático,AL4,4,Dianteira,Injeção multiponto,Natural,1587 cm³,4 em linha,TU5JP4,"Duplo no cabeçote, correia dentada",82 mm,"78,5 mm",Transversal,Dianteiro,"10,2 kg/cv","73,2 kg/kgfm","71,2 cv/litro",113 cv (A) 110 cv (G) a 5750 rpm,11:1,6500 rpm,"10,0 kgfm/litro","15,8 kgfm (A) 14,5 kgfm (G) a 4000 rpm",4,1446 mm,,3872 mm,2443 mm,1669 mm,1156 kg,245 litros,50 litros,111 mm,Disco ventilado,Disco sólido,Hidráulica,Não informado,"Independente, McPherson",Barra de torção,"Independente, braço arrastado",610 km,435 km,"12,2 km/l","8,7 km/l",,,,,,,,,,,Hidráulicos,,,,,,,"2,05 m²","0,656 m²","0,32",470 km,335 km,"9,4 km/l","6,7 km/l",,,,,,,,,,,,,,,,,,,,,,,,,,,,,,
peugeot,207,207,207-active-1-4-8v-2013,207-active-1-4-8v-2013,https://www.fichacompleta.com.br/carros/peugeot/207-active-1-4-8v-2013,2026-06-17T21:16:07.108025,Peugeot 207 Active 1.4 8V 2013,"13,1 s",162 km/h,Embreagem monodisco a seco,Manual,MA/5,5,Dianteira,Injeção multiponto,Natural,1360 cm³,4 em linha,TU3JP,Único no cabeçote,77 mm,75 mm,Transversal,Dianteiro,"12,7 kg/cv","81,6 kg/kgfm","60,3 cv/litro",82 cv (A) 80 cv (G) a 5250 rpm,"10,2:1",6500 rpm,"9,4 kgfm/litro","12,8 kgfm (A) 12,8 kgfm (G) a 3250 rpm",2,1446 mm,,3872 mm,2443 mm,1669 mm,1045 kg,245 litros,50 litros,120 mm,Disco sólido,Tambor,Hidráulica,Não informado,"Indep., McPherson",Barra de torção,"Indep., braço arrastado",685 km,530 km,"13,7 km/l","10,6 km/l",5,,,Não informado,,,,,5250 rpm,3250 rpm,,,,,,,,,,,435 km,340 km,"8,7 km/l","6,8 km/l",,Correia dentada,82 cv,80 cv,"12,8 kgfm","12,8 kgfm",,,,,,,,,,,,,,,,,,,,,,,,
peugeot,207,207,207-blue-lion-1-4-8v-2013,207-blue-lion-1-4-8v-2013,https://www.fichacompleta.com.br/carros/peugeot/207-blue-lion-1-4-8v-2013,2026-06-17T21:16:10.364090,Peugeot 207 Blue Lion 1.4 8V 2013,"13,1 s",162 km/h,Embreagem monodisco a seco,Manual,MA/5,,Dianteira,Injeção multiponto,Natural,1360 cm³,4 em linha,TU3JP,Único no cabeçote,77 mm,75 mm,Transversal,Dianteiro,"12,7 kg/cv","81,6 kg/kgfm","60,3 cv/litro",,"10,2:1",6500 rpm,"9,4 kgfm/litro",,2,1446 mm,,3872 mm,2443 mm,1669 mm,1045 kg,245 litros,50 litros,120 mm,Disco sólido,Tambor,Hidráulica,,"Indep., McPherson",Barra de torção,"Indep., braço arrastado",750 km,580 km,15 km/l,"11,6 km/l",5,5250 rpm,3250 rpm,Não informado,,,,,,,,,,,,,,,,,500 km,390 km,10 km/l,"7,8 km/l",,Correia dentada,82 cv,80 cv,"12,8 kgfm","12,8 kgfm",,,,,,,,,,,,,,,,,,,,,,,,
peugeot,207,207,207-quiksilver-1-6-16v-2013,207-quiksilver-1-6-16v-2013,https://www.fichacompleta.com.br/carros/peugeot/207-quiksilver-1-6-16v-2013,2026-06-17T21:16:14.883244,Peugeot 207 Quiksilver 1.6 16V 2013,"9,6 s",192 km/h,Embreagem monodisco a seco,Manual,MA/5,,Dianteira,Injeção multiponto,Natural,1587 cm³,4 em linha,TU5JP4,Duplo no cabeçote,82 mm,"78,5 mm",Transversal,Dianteiro,"9,8 kg/cv","69,9 kg/kgfm","71,2 cv/litro",,"10,5:1",6500 rpm,"10,0 kgfm/litro",,4,1446 mm,,3872 mm,2443 mm,1669 mm,1105 kg,245 litros,50 litros,111 mm,Disco ventilado,Tambor,Hidráulica,,"Indep., McPherson",Barra de torção,"Indep., braço arrastado",690 km,470 km,"13,8 km/l","9,4 km/l",5,,,Não informado,,,,,5750 rpm,4000 rpm,Hidráulicos,,,,,,,"2,05 m²","0,656 m²",,530 km,360 km,"10,6 km/l","7,2 km/l",,Correia dentada,113 cv,110 cv,"15,8 kgfm","14,5 kgfm","0,32",,,,,,,,,,,,,,,,,,,,,,,
peugeot,207,207,207-xr-1-4-8v-2013-flex,207-xr-1-4-8v-2013-flex,https://www.fichacompleta.com.br/carros/peugeot/207-xr-1-4-8v-2013-flex,2026-06-17T21:16:17.686751,Peugeot 207 XR 1.4 8V 2013,"13,1 s",162 km/h,Embreagem monodisco a seco,Manual,MA/5,5,Dianteira,Injeção multiponto,Natural,1360 cm³,4 em linha,TU3JP,"Único no cabeçote, correia dentada",77 mm,75 mm,Transversal,Dianteiro,"12,7 kg/cv","81,6 kg/kgfm","60,3 cv/litro",82 cv (A) 80 cv (G) a 5250 rpm,"10,2:1",6500 rpm,"9,4 kgfm/litro","12,8 kgfm (A) 12,8 kgfm (G) a 3250 rpm",2,1446 mm,,3872 mm,2443 mm,1669 mm,1045 kg,245 litros,50 litros,120 mm,Disco sólido,Tambor,Hidráulica,"10,2 m","Independente, McPherson",Barra de torção,"Independente, braço arrastado",685 km,530 km,"13,7 km/l","10,6 km/l",,,,,,,,,,,,,,,,,,"2,05 m²","0,656 m²","0,32",435 km,340 km,"8,7 km/l","6,8 km/l",,,,,,,,,,,,,,,,,,,,,,,,,,,,,,
peugeot,207,207,207-xr-1-4-8v-2013,207-xr-1-4-8v-2013,https://www.fichacompleta.com.br/carros/peugeot/207-xr-1-4-8v-2013,2026-06-17T21:16:21.805163,Peugeot 207 XR 1.4 8V 2013,"13,1 s",162 km/h,Embreagem monodisco a seco,Manual,MA/5,5,Dianteira,Injeção multiponto,Natural,1360 cm³,4 em linha,TU3JP,"Único no cabeçote, correia dentada",77 mm,75 mm,Transversal,Dianteiro,"12,6 kg/cv","80,7 kg/kgfm","60,3 cv/litro",82 cv (A) 80 cv (G) a 5250 rpm,"10,2:1",6500 rpm,"9,4 kgfm/litro","12,8 kgfm (A) 12,8 kgfm (G) a 3250 rpm",2,1446 mm,,3872 mm,2443 mm,1669 mm,1033 kg,245 litros,50 litros,120 mm,Disco sólido,Tambor,Hidráulica,Não informado,"Independente, McPherson",Barra de torção,"Independente, braço arrastado",685 km,530 km,"13,7 km/l","10,6 km/l",,,,,,,,,,,,,,,,,,,,,435 km,340 km,"8,7 km/l","6,8 km/l",,,,,,,,,,,,,,,,,,,,,,,,,,,,,,
peugeot,207,207,207-xr-sport-1-4-8v-2013,207-xr-sport-1-4-8v-2013,https://www.fichacompleta.com.br/carros/peugeot/207-xr-sport-1-4-8v-2013,2026-06-17T21:16:24.788657,Peugeot 207 XR Sport 1.4 8V 2013,"13,1 s",162 km/h,Embreagem monodisco a seco,Manual,MA/5,,Dianteira,Injeção multiponto,Natural,1360 cm³,4 em linha,TU3JP,Único no cabeçote,77 mm,75 mm,Transversal,Dianteiro,"12,7 kg/cv","81,6 kg/kgfm","60,3 cv/litro",,"10,2:1",6500 rpm,"9,4 kgfm/litro",,2,1446 mm,,3872 mm,2443 mm,1669 mm,1045 kg,245 litros,50 litros,120 mm,Disco sólido,Tambor,Hidráulica,,"Indep., McPherson",Barra de torção,"Indep., braço arrastado",685 km,530 km,"13,7 km/l","10,6 km/l",5,5250 rpm,3250 rpm,Não informado,,,,,,,,,,,,,,,,,435 km,340 km,"8,7 km/l","6,8 km/l",,Correia dentada,82 cv,80 cv,"12,8 kgfm","12,8 kgfm",,,,,,,,,,,,,,,,,,,,,,,,
peugeot,207,207,207-xs-1-6-16v-2013,207-xs-1-6-16v-2013,https://www.fichacompleta.com.br/carros/peugeot/207-xs-1-6-16v-2013,2026-06-17T21:16:27.249681,Peugeot 207 XS 1.6 16V 2013,"9,6 s",192 km/h,Embreagem monodisco a seco,Manual,MA/5,,Dianteira,Injeção multiponto,Natural,1587 cm³,4 em linha,TU5JP4,Duplo no cabeçote,82 mm,"78,5 mm",Transversal,Dianteiro,"9,8 kg/cv","69,9 kg/kgfm","71,2 cv/litro",,11:1,6500 rpm,"10,0 kgfm/litro",,4,1446 mm,,3872 mm,2443 mm,1669 mm,1105 kg,245 litros,50 litros,111 mm,Disco ventilado,Tambor,Hidráulica,,"Indep., McPherson",Barra de torção,"Indep., braço arrastado",690 km,470 km,"13,8 km/l","9,4 km/l",5,5750 rpm,4000 rpm,"10,2 m",,,,,,,Hidráulicos,,,,,,,"2,05 m²","0,656 m²",,530 km,360 km,"10,6 km/l","7,2 km/l",,Correia dentada,113 cv,110 cv,"15,8 kgfm","14,5 kgfm","0,32",,,,,,,,,,,,,,,,,,,,,,,
peugeot,207,207,207-xs-1-6-16v-at-2013,207-xs-1-6-16v-at-2013,https://www.fichacompleta.com.br/carros/peugeot/207-xs-1-6-16v-at-2013,2026-06-17T21:16:30.555563,Peugeot 207 XS 1.6 16V AT 2013,"12,2 s",181 km/h,Conversor de torque,Automático,AL4,4,Dianteira,Injeção multiponto,Natural,1587 cm³,4 em linha,TU5JP4,"Duplo no cabeçote, correia dentada",82 mm,"78,5 mm",Transversal,Dianteiro,"10,2 kg/cv","73,2 kg/kgfm","71,2 cv/litro",113 cv (A) 110 cv (G) a 5750 rpm,11:1,6500 rpm,"10,0 kgfm/litro","15,8 kgfm (A) 14,5 kgfm (G) a 4000 rpm",4,1446 mm,,3872 mm,2443 mm,1669 mm,1156 kg,245 litros,50 litros,111 mm,Disco ventilado,Disco sólido,Hidráulica,Não informado,"Independente, McPherson",Barra de torção,"Independente, braço arrastado",610 km,435 km,"12,2 km/l","8,7 km/l",,,,,,,,,,,Hidráulicos,,,,,,,"2,05 m²","0,656 m²","0,32",470 km,335 km,"9,4 km/l","6,7 km/l",,,,,,,,,,,,,,,,,,,,,,,,,,,,,,
peugeot,207,207,207-active-1-4-8v-2014,207-active-1-4-8v-2014,https://www.fichacompleta.com.br/carros/peugeot/207-active-1-4-8v-2014,2026-06-17T21:16:33.649594,Peugeot 207 Active 1.4 8V 2014,"13,1 s",162 km/h,Embreagem monodisco a seco,Manual,MA/5,,Dianteira,Injeção multiponto,Natural,1360 cm³,4 em linha,TU3JP,Único no cabeçote,77 mm,75 mm,Transversal,Dianteiro,"12,7 kg/cv","81,6 kg/kgfm","60,3 cv/litro",,"10,2:1",6500 rpm,"9,4 kgfm/litro",,2,1446 mm,,3872 mm,2443 mm,1669 mm,1045 kg,245 litros,50 litros,120 mm,Disco sólido,Tambor,Hidráulica,,"Indep., McPherson",Barra de torção,"Indep., braço arrastado",685 km,530 km,"13,7 km/l","10,6 km/l",5,5250 rpm,3250 rpm,Não informado,,,,,,,,,,,,,,,,,435 km,340 km,"8,7 km/l","6,8 km/l",,Correia dentada,82 cv,80 cv,"12,8 kgfm","12,8 kgfm",,,,,,,,,,,,,,,,,,,,,,,,
peugeot,207,207,207-blue-lion-1-4-8v-2014,207-blue-lion-1-4-8v-2014,https://www.fichacompleta.com.br/carros/peugeot/207-blue-lion-1-4-8v-2014,2026-06-17T21:16:37.372709,Peugeot 207 Blue Lion 1.4 8V 2014,"13,1 s",162 km/h,Embreagem monodisco a seco,Manual,MA/5,5,Dianteira,Injeção multiponto,Natural,1360 cm³,4 em linha,TU3JP,"Único no cabeçote, correia dentada",77 mm,75 mm,Transversal,Dianteiro,"12,7 kg/cv","81,6 kg/kgfm","60,3 cv/litro",82 cv (A) 80 cv (G) a 5250 rpm,"10,2:1",6500 rpm,"9,4 kgfm/litro","12,8 kgfm (A) 12,8 kgfm (G) a 3250 rpm",2,1446 mm,,3872 mm,2443 mm,1669 mm,1045 kg,245 litros,50 litros,120 mm,Disco sólido,Tambor,Hidráulica,Não informado,"Independente, McPherson",Barra de torção,"Independente, braço arrastado",750 km,580 km,15 km/l,"11,6 km/l",,,,,,,,,,,,,,,,,,,,,500 km,390 km,10 km/l,"7,8 km/l",,,,,,,,,,,,,,,,,,,,,,,,,,,,,,
peugeot,207,207,207-xr-1-4-8v-2014,207-xr-1-4-8v-2014,https://www.fichacompleta.com.br/carros/peugeot/207-xr-1-4-8v-2014,2026-06-17T21:16:41.010822,Peugeot 207 XR 1.4 8V 2014,"13,1 s",162 km/h,Embreagem monodisco a seco,Manual,MA/5,,Dianteira,Injeção multiponto,Natural,1360 cm³,4 em linha,TU3JP,Único no cabeçote,77 mm,75 mm,Transversal,Dianteiro,"12,7 kg/cv","81,6 kg/kgfm","60,3 cv/litro",,"10,2:1",6500 rpm,"9,4 kgfm/litro",,2,1446 mm,,3872 mm,2443 mm,1669 mm,1045 kg,245 litros,50 litros,120 mm,Disco sólido,Tambor,Hidráulica,,"Indep., McPherson",Barra de torção,"Indep., braço arrastado",685 km,530 km,"13,7 km/l","10,6 km/l",5,5250 rpm,3250 rpm,"10,2 m",,,,,,,,,,,,,,"2,05 m²","0,656 m²",,435 km,340 km,"8,7 km/l","6,8 km/l",,Correia dentada,82 cv,80 cv,"12,8 kgfm","12,8 kgfm","0,32",,,,,,,,,,,,,,,,,,,,,,,
peugeot,207,207,207-active-1-4-8v-2015,207-active-1-4-8v-2015,https://www.fichacompleta.com.br/carros/peugeot/207-active-1-4-8v-2015,2026-06-17T21:16:43.785868,Peugeot 207 Active 1.4 8V 2015,"13,1 s",162 km/h,Embreagem monodisco a seco,Manual,MA/5,5,Dianteira,Injeção multiponto,Natural,1360 cm³,4 em linha,TU3JP,"Único no cabeçote, correia dentada",77 mm,75 mm,Transversal,Dianteiro,"12,7 kg/cv","81,6 kg/kgfm","60,3 cv/litro",82 cv (A) 80 cv (G) a 5250 rpm,"10,2:1",6500 rpm,"9,4 kgfm/litro","12,8 kgfm (A) 12,8 kgfm (G) a 3250 rpm",2,1446 mm,,3872 mm,2443 mm,1669 mm,1045 kg,245 litros,50 litros,120 mm,Disco sólido,Tambor,Hidráulica,Não informado,"Independente, McPherson",Barra de torção,"Independente, braço arrastado",685 km,530 km,"13,7 km/l","10,6 km/l",,,,,,,,,,,,,,,,,,,,,435 km,340 km,"8,7 km/l","6,8 km/l",,,,,,,,,,,,,,,,,,,,,,,,,,,,,,
peugeot,207 Passion,207-passion,207-passion-xr-1-4-2009,207-passion-xr-1-4-2009,https://www.fichacompleta.com.br/carros/peugeot/207-passion-xr-1-4-2009,2026-06-17T21:17:00.724801,Peugeot 207 Passion XR 1.4 2009,"13,3 s",166 km/h,Embreagem monodisco a seco,Manual,MA/5,5,Dianteira,Injeção multiponto,Natural,1360 cm³,4 em linha,TU3JP,"Único no cabeçote, correia dentada",77 mm,75 mm,Transversal,Dianteiro,"13,2 kg/cv","84,5 kg/kgfm","60,3 cv/litro",82 cv (A) 80 cv (G) a 5250 rpm,"10,5:1",6500 rpm,"9,4 kgfm/litro","12,8 kgfm (A) 12,8 kgfm (G) a 3250 rpm",2,1447 mm,,4235 mm,2443 mm,1669 mm,1081 kg,420 litros,50 litros,120 mm,Disco ventilado,Tambor,Hidráulica,Não informado,"Independente, McPherson",Barra de torção,"Independente, braço arrastado",685 km,530 km,"13,7 km/l","10,6 km/l",,,,,,,,,,,,,,,,,,,,,435 km,340 km,"8,7 km/l","6,8 km/l",,,,,,,,,,,,,,,,,,,,,,,,,,,,,,
peugeot,207 Passion,207-passion,207-passion-xr-sport-1-4-2009,207-passion-xr-sport-1-4-2009,https://www.fichacompleta.com.br/carros/peugeot/207-passion-xr-sport-1-4-2009,2026-06-17T21:17:04.794305,Peugeot 207 Passion XR Sport 1.4 2009,"13,3 s",166 km/h,Embreagem monodisco a seco,Manual,MA/5,5,Dianteira,Injeção multiponto,Natural,1360 cm³,4 em linha,TU3JP,"Único no cabeçote, correia dentada",77 mm,75 mm,Transversal,Dianteiro,"13,2 kg/cv","84,5 kg/kgfm","60,3 cv/litro",82 cv (A) 80 cv (G) a 5250 rpm,"10,5:1",6500 rpm,"9,4 kgfm/litro","12,8 kgfm (A) 12,8 kgfm (G) a 3250 rpm",2,1447 mm,,4235 mm,2443 mm,1669 mm,1081 kg,420 litros,50 litros,120 mm,Disco ventilado,Tambor,Hidráulica,Não informado,"Independente, McPherson",Barra de torção,"Independente, braço arrastado",685 km,530 km,"13,7 km/l","10,6 km/l",,,,,,,,,,,,,,,,,,,,,435 km,340 km,"8,7 km/l","6,8 km/l",,,,,,,,,,,,,,,,,,,,,,,,,,,,,,
peugeot,207 Passion,207-passion,207-passion-xs-1-6-2009,207-passion-xs-1-6-2009,https://www.fichacompleta.com.br/carros/peugeot/207-passion-xs-1-6-2009,2026-06-17T21:17:07.384073,Peugeot 207 Passion XS 1.6 2009,"9,8 s",195 km/h,Embreagem monodisco a seco,Manual,MA/5,5,Dianteira,Injeção multiponto,Natural,1587 cm³,4 em linha,TU5JP4,Duplo no cabeçote,82 mm,"78,5 mm",Transversal,Dianteiro,"10,0 kg/cv","71,8 kg/kgfm","71,2 cv/litro",113 cv (A) 110 cv (G) a 5750 rpm,11:1,6500 rpm,"10,0 kgfm/litro","15,8 kgfm (A) 14,5 kgfm (G) a 4000 rpm",4,1447 mm,,4235 mm,2443 mm,1669 mm,1134 kg,420 litros,50 litros,111 mm,Disco ventilado,Tambor,Hidráulica,Não informado,"Indep., McPherson",Barra de torção,"Indep., braço arrastado",585 km,495 km,"11,7 km/l","9,9 km/l",5,,,Não informado,,,,,5750 rpm,4000 rpm,Hidráulicos,,,,,,,,,,450 km,380 km,9 km/l,"7,6 km/l",,Correia dentada,113 cv,110 cv,"15,8 kgfm","14,5 kgfm",,,,,,,,,,,,,,,,,,,,,,,,
peugeot,207 Passion,207-passion,207-passion-xs-1-6-at-2009,207-passion-xs-1-6-at-2009,https://www.fichacompleta.com.br/carros/peugeot/207-passion-xs-1-6-at-2009,2026-06-17T21:17:11.877609,Peugeot 207 Passion XS 1.6 AT 2009,"12,3 s",185 km/h,Conversor de torque,Automático,AL4,4,Dianteira,Injeção multiponto,Natural,1587 cm³,4 em linha,TU5JP4,"Duplo no cabeçote, correia dentada",82 mm,"78,5 mm",Transversal,Dianteiro,"10,4 kg/cv","74,5 kg/kgfm","71,2 cv/litro",113 cv (A) 110 cv (G) a 5750 rpm,"10,5:1",6500 rpm,"10,0 kgfm/litro","15,8 kgfm (A) 14,5 kgfm (G) a 4000 rpm",4,1447 mm,,4235 mm,2443 mm,1669 mm,1177 kg,420 litros,50 litros,111 mm,Disco ventilado,Disco sólido,Hidráulica,Não informado,"Independente, McPherson",Barra de torção,"Independente, braço arrastado",610 km,435 km,"12,2 km/l","8,7 km/l",,,,,,,,,,,Hidráulicos,,,,,,,,,,470 km,335 km,"9,4 km/l","6,7 km/l",,,,,,,,,,,,,,,,,,,,,,,,,,,,,,
peugeot,207 Passion,207-passion,207-passion-xr-1-4-2010,207-passion-xr-1-4-2010,https://www.fichacompleta.com.br/carros/peugeot/207-passion-xr-1-4-2010,2026-06-17T21:17:14.375405,Peugeot 207 Passion XR 1.4 2010,"13,3 s",166 km/h,Embreagem monodisco a seco,Manual,MA/5,,Dianteira,Injeção multiponto,Natural,1360 cm³,4 em linha,TU3JP,Único no cabeçote,77 mm,75 mm,Transversal,Dianteiro,"13,2 kg/cv","84,5 kg/kgfm","60,3 cv/litro",,"10,5:1",6500 rpm,"9,4 kgfm/litro",,2,1447 mm,,4235 mm,2443 mm,1669 mm,1081 kg,420 litros,50 litros,120 mm,Disco ventilado,Tambor,Hidráulica,,"Indep., McPherson",Barra de torção,"Indep., braço arrastado",685 km,530 km,"13,7 km/l","10,6 km/l",5,5250 rpm,3250 rpm,Não informado,,,,,,,,,,,,,,,,,435 km,340 km,"8,7 km/l","6,8 km/l",,Correia dentada,82 cv,80 cv,"12,8 kgfm","12,8 kgfm",,,,,,,,,,,,,,,,,,,,,,,,
peugeot,207 Passion,207-passion,207-passion-xr-sport-1-4-2010,207-passion-xr-sport-1-4-2010,https://www.fichacompleta.com.br/carros/peugeot/207-passion-xr-sport-1-4-2010,2026-06-17T21:17:16.932211,Peugeot 207 Passion XR Sport 1.4 2010,"13,3 s",166 km/h,Embreagem monodisco a seco,Manual,MA/5,5,Dianteira,Injeção multiponto,Natural,1360 cm³,4 em linha,TU3JP,Único no cabeçote,77 mm,75 mm,Transversal,Dianteiro,"13,2 kg/cv","84,5 kg/kgfm","60,3 cv/litro",82 cv (A) 80 cv (G) a 5250 rpm,"10,5:1",6500 rpm,"9,4 kgfm/litro","12,8 kgfm (A) 12,8 kgfm (G) a 3250 rpm",2,1447 mm,,4235 mm,2443 mm,1669 mm,1081 kg,420 litros,50 litros,120 mm,Disco ventilado,Tambor,Hidráulica,Não informado,"Indep., McPherson",Barra de torção,"Indep., braço arrastado",685 km,530 km,"13,7 km/l","10,6 km/l",5,,,Não informado,,,,,5250 rpm,3250 rpm,,,,,,,,,,,435 km,340 km,"8,7 km/l","6,8 km/l",,Correia dentada,82 cv,80 cv,"12,8 kgfm","12,8 kgfm",,,,,,,,,,,,,,,,,,,,,,,,
peugeot,207 Passion,207-passion,207-passion-xs-1-6-2010,207-passion-xs-1-6-2010,https://www.fichacompleta.com.br/carros/peugeot/207-passion-xs-1-6-2010,2026-06-17T21:17:19.650273,Peugeot 207 Passion XS 1.6 2010,"9,8 s",195 km/h,Embreagem monodisco a seco,Manual,MA/5,,Dianteira,Injeção multiponto,Natural,1587 cm³,4 em linha,TU5JP4,Duplo no cabeçote,82 mm,"78,5 mm",Transversal,Dianteiro,"10,0 kg/cv","71,8 kg/kgfm","71,2 cv/litro",,11:1,6500 rpm,"10,0 kgfm/litro",,4,1447 mm,,4235 mm,2443 mm,1669 mm,1134 kg,420 litros,50 litros,111 mm,Disco ventilado,Tambor,Hidráulica,,"Indep., McPherson",Barra de torção,"Indep., braço arrastado",585 km,495 km,"11,7 km/l","9,9 km/l",5,5750 rpm,4000 rpm,Não informado,,,,,,,Hidráulicos,,,,,,,,,,450 km,380 km,9 km/l,"7,6 km/l",,Correia dentada,113 cv,110 cv,"15,8 kgfm","14,5 kgfm",,,,,,,,,,,,,,,,,,,,,,,,
peugeot,207 Passion,207-passion,207-passion-xs-1-6-at-2010,207-passion-xs-1-6-at-2010,https://www.fichacompleta.com.br/carros/peugeot/207-passion-xs-1-6-at-2010,2026-06-17T21:17:23.387615,Peugeot 207 Passion XS 1.6 AT 2010,"12,3 s",185 km/h,Conversor de torque,Automático,AL4,,Dianteira,Injeção multiponto,Natural,1587 cm³,4 em linha,TU5JP4,Duplo no cabeçote,82 mm,"78,5 mm",Transversal,Dianteiro,"10,4 kg/cv","74,5 kg/kgfm","71,2 cv/litro",,"10,5:1",6500 rpm,"10,0 kgfm/litro",,4,1447 mm,,4235 mm,2443 mm,1669 mm,1177 kg,420 litros,50 litros,111 mm,Disco ventilado,Disco sólido,Hidráulica,,"Indep., McPherson",Barra de torção,"Indep., braço arrastado",610 km,435 km,"12,2 km/l","8,7 km/l",4,5750 rpm,4000 rpm,Não informado,,,,,,,Hidráulicos,,,,,,,,,,470 km,335 km,"9,4 km/l","6,7 km/l",,Correia dentada,113 cv,110 cv,"15,8 kgfm","14,5 kgfm",,,,,,,,,,,,,,,,,,,,,,,,
peugeot,207 Passion,207-passion,207-passion-xr-1-4-2011,207-passion-xr-1-4-2011,https://www.fichacompleta.com.br/carros/peugeot/207-passion-xr-1-4-2011,2026-06-17T21:17:26.262781,Peugeot 207 Passion XR 1.4 2011,"13,3 s",166 km/h,Embreagem monodisco a seco,Manual,MA/5,5,Dianteira,Injeção multiponto,Natural,1360 cm³,4 em linha,TU3JP,"Único no cabeçote, correia dentada",77 mm,75 mm,Transversal,Dianteiro,"13,2 kg/cv","84,5 kg/kgfm","60,3 cv/litro",82 cv (A) 80 cv (G) a 5250 rpm,"10,5:1",6500 rpm,"9,4 kgfm/litro","12,8 kgfm (A) 12,8 kgfm (G) a 3250 rpm",2,1447 mm,,4235 mm,2443 mm,1669 mm,1081 kg,420 litros,50 litros,120 mm,Disco ventilado,Tambor,Hidráulica,Não informado,"Independente, McPherson",Barra de torção,"Independente, braço arrastado",685 km,530 km,"13,7 km/l","10,6 km/l",,,,,,,,,,,,,,,,,,,,,435 km,340 km,"8,7 km/l","6,8 km/l",,,,,,,,,,,,,,,,,,,,,,,,,,,,,,
peugeot,207 Passion,207-passion,207-passion-xr-sport-1-4-2011,207-passion-xr-sport-1-4-2011,https://www.fichacompleta.com.br/carros/peugeot/207-passion-xr-sport-1-4-2011,2026-06-17T21:17:30.592117,Peugeot 207 Passion XR Sport 1.4 2011,"13,3 s",166 km/h,Embreagem monodisco a seco,Manual,MA/5,,Dianteira,Injeção multiponto,Natural,1360 cm³,4 em linha,TU3JP,Único no cabeçote,77 mm,75 mm,Transversal,Dianteiro,"13,2 kg/cv","84,5 kg/kgfm","60,3 cv/litro",,"10,5:1",6500 rpm,"9,4 kgfm/litro",,2,1447 mm,,4235 mm,2443 mm,1669 mm,1081 kg,420 litros,50 litros,120 mm,Disco ventilado,Tambor,Hidráulica,,"Indep., McPherson",Barra de torção,"Indep., braço arrastado",685 km,530 km,"13,7 km/l","10,6 km/l",5,5250 rpm,3250 rpm,Não informado,,,,,,,,,,,,,,,,,435 km,340 km,"8,7 km/l","6,8 km/l",,Correia dentada,82 cv,80 cv,"12,8 kgfm","12,8 kgfm",,,,,,,,,,,,,,,,,,,,,,,,
peugeot,207 Passion,207-passion,207-passion-xs-1-6-2011,207-passion-xs-1-6-2011,https://www.fichacompleta.com.br/carros/peugeot/207-passion-xs-1-6-2011,2026-06-17T21:17:33.553139,Peugeot 207 Passion XS 1.6 2011,"9,8 s",195 km/h,Embreagem monodisco a seco,Manual,MA/5,,Dianteira,Injeção multiponto,Natural,1587 cm³,4 em linha,TU5JP4,Duplo no cabeçote,82 mm,"78,5 mm",Transversal,Dianteiro,"10,0 kg/cv","71,8 kg/kgfm","71,2 cv/litro",,11:1,6500 rpm,"10,0 kgfm/litro",,4,1447 mm,,4235 mm,2443 mm,1669 mm,1134 kg,420 litros,50 litros,111 mm,Disco ventilado,Tambor,Hidráulica,,"Indep., McPherson",Barra de torção,"Indep., braço arrastado",585 km,495 km,"11,7 km/l","9,9 km/l",5,5750 rpm,4000 rpm,Não informado,,,,,,,Hidráulicos,,,,,,,,,,450 km,380 km,9 km/l,"7,6 km/l",,Correia dentada,113 cv,110 cv,"15,8 kgfm","14,5 kgfm",,,,,,,,,,,,,,,,,,,,,,,,
peugeot,207 Passion,207-passion,207-passion-xs-1-6-at-2011,207-passion-xs-1-6-at-2011,https://www.fichacompleta.com.br/carros/peugeot/207-passion-xs-1-6-at-2011,2026-06-17T21:17:38.316898,Peugeot 207 Passion XS 1.6 AT 2011,"12,3 s",185 km/h,Conversor de torque,Automático,AL4,4,Dianteira,Injeção multiponto,Natural,1587 cm³,4 em linha,TU5JP4,Duplo no cabeçote,82 mm,"78,5 mm",Transversal,Dianteiro,"10,4 kg/cv","74,5 kg/kgfm","71,2 cv/litro",113 cv (A) 110 cv (G) a 5750 rpm,"10,5:1",6500 rpm,"10,0 kgfm/litro","15,8 kgfm (A) 14,5 kgfm (G) a 4000 rpm",4,1447 mm,,4235 mm,2443 mm,1669 mm,1177 kg,420 litros,50 litros,111 mm,Disco ventilado,Disco sólido,Hidráulica,Não informado,"Indep., McPherson",Barra de torção,"Indep., braço arrastado",610 km,435 km,"12,2 km/l","8,7 km/l",4,,,Não informado,,,,,5750 rpm,4000 rpm,Hidráulicos,,,,,,,,,,470 km,335 km,"9,4 km/l","6,7 km/l",,Correia dentada,113 cv,110 cv,"15,8 kgfm","14,5 kgfm",,,,,,,,,,,,,,,,,,,,,,,,
peugeot,207 Passion,207-passion,207-passion-xr-1-4-2012,207-passion-xr-1-4-2012,https://www.fichacompleta.com.br/carros/peugeot/207-passion-xr-1-4-2012,2026-06-17T21:17:42.167056,Peugeot 207 Passion XR 1.4 2012,"13,3 s",166 km/h,Embreagem monodisco a seco,Manual,MA/5,,Dianteira,Injeção multiponto,Natural,1360 cm³,4 em linha,TU3JP,Único no cabeçote,77 mm,75 mm,Transversal,Dianteiro,"13,2 kg/cv","84,5 kg/kgfm","60,3 cv/litro",,"10,2:1",6500 rpm,"9,4 kgfm/litro",,2,1447 mm,,4235 mm,2443 mm,1669 mm,1081 kg,420 litros,50 litros,120 mm,Disco sólido,Tambor,Hidráulica,,"Indep., McPherson",Barra de torção,"Indep., braço arrastado",685 km,530 km,"13,7 km/l","10,6 km/l",5,5250 rpm,3250 rpm,Não informado,,,,,,,,,,,,,,,,,435 km,340 km,"8,7 km/l","6,8 km/l",,Correia dentada,82 cv,80 cv,"12,8 kgfm","12,8 kgfm",,,,,,,,,,,,,,,,,,,,,,,,
peugeot,207 Passion,207-passion,207-passion-xr-sport-1-4-2012,207-passion-xr-sport-1-4-2012,https://www.fichacompleta.com.br/carros/peugeot/207-passion-xr-sport-1-4-2012,2026-06-17T21:17:44.820638,Peugeot 207 Passion XR Sport 1.4 2012,"13,3 s",166 km/h,Embreagem monodisco a seco,Manual,MA/5,5,Dianteira,Injeção multiponto,Natural,1360 cm³,4 em linha,TU3JP,"Único no cabeçote, correia dentada",77 mm,75 mm,Transversal,Dianteiro,"13,2 kg/cv","84,5 kg/kgfm","60,3 cv/litro",82 cv (A) 80 cv (G) a 5250 rpm,"10,5:1",6500 rpm,"9,4 kgfm/litro","12,8 kgfm (A) 12,8 kgfm (G) a 3250 rpm",2,1447 mm,,4235 mm,2443 mm,1669 mm,1081 kg,420 litros,50 litros,120 mm,Disco ventilado,Tambor,Hidráulica,Não informado,"Independente, McPherson",Barra de torção,"Independente, braço arrastado",685 km,530 km,"13,7 km/l","10,6 km/l",,,,,,,,,,,,,,,,,,,,,435 km,340 km,"8,7 km/l","6,8 km/l",,,,,,,,,,,,,,,,,,,,,,,,,,,,,,
peugeot,207 Passion,207-passion,207-passion-xs-1-6-2012,207-passion-xs-1-6-2012,https://www.fichacompleta.com.br/carros/peugeot/207-passion-xs-1-6-2012,2026-06-17T21:17:48.818776,Peugeot 207 Passion XS 1.6 2012,"9,8 s",195 km/h,Embreagem monodisco a seco,Manual,MA/5,5,Dianteira,Injeção multiponto,Natural,1587 cm³,4 em linha,TU5JP4,"Duplo no cabeçote, correia dentada",82 mm,"78,5 mm",Transversal,Dianteiro,"10,0 kg/cv","71,8 kg/kgfm","71,2 cv/litro",113 cv (A) 110 cv (G) a 5750 rpm,11:1,6500 rpm,"10,0 kgfm/litro","15,8 kgfm (A) 14,5 kgfm (G) a 4000 rpm",4,1447 mm,,4235 mm,2443 mm,1669 mm,1134 kg,420 litros,50 litros,111 mm,Disco ventilado,Tambor,Hidráulica,Não informado,"Independente, McPherson",Barra de torção,"Independente, braço arrastado",585 km,495 km,"11,7 km/l","9,9 km/l",,,,,,,,,,,Hidráulicos,,,,,,,,,,450 km,380 km,9 km/l,"7,6 km/l",,,,,,,,,,,,,,,,,,,,,,,,,,,,,,
peugeot,207 Passion,207-passion,207-passion-xs-1-6-at-2012,207-passion-xs-1-6-at-2012,https://www.fichacompleta.com.br/carros/peugeot/207-passion-xs-1-6-at-2012,2026-06-17T21:17:52.141462,Peugeot 207 Passion XS 1.6 AT 2012,"12,3 s",185 km/h,Conversor de torque,Automático,AL4,,Dianteira,Injeção multiponto,Natural,1587 cm³,4 em linha,TU5JP4,Duplo no cabeçote,82 mm,"78,5 mm",Transversal,Dianteiro,"10,4 kg/cv","74,5 kg/kgfm","71,2 cv/litro",,"10,5:1",6500 rpm,"10,0 kgfm/litro",,4,1447 mm,,4235 mm,2443 mm,1669 mm,1177 kg,420 litros,50 litros,111 mm,Disco ventilado,Disco sólido,Hidráulica,,"Indep., McPherson",Barra de torção,"Indep., braço arrastado",610 km,435 km,"12,2 km/l","8,7 km/l",4,5750 rpm,4000 rpm,Não informado,,,,,,,Hidráulicos,,,,,,,,,,470 km,335 km,"9,4 km/l","6,7 km/l",,Correia dentada,113 cv,110 cv,"15,8 kgfm","14,5 kgfm",,,,,,,,,,,,,,,,,,,,,,,,
peugeot,207 Passion,207-passion,207-passion-xr-1-4-2013,207-passion-xr-1-4-2013,https://www.fichacompleta.com.br/carros/peugeot/207-passion-xr-1-4-2013,2026-06-17T21:17:55.550733,Peugeot 207 Passion XR 1.4 2013,"13,3 s",166 km/h,Embreagem monodisco a seco,Manual,MA/5,,Dianteira,Injeção multiponto,Natural,1360 cm³,4 em linha,TU3JP,Único no cabeçote,77 mm,75 mm,Transversal,Dianteiro,"13,2 kg/cv","84,5 kg/kgfm","60,3 cv/litro",,"10,2:1",6500 rpm,"9,4 kgfm/litro",,2,1447 mm,,4235 mm,2443 mm,1669 mm,1081 kg,420 litros,50 litros,120 mm,Disco sólido,Tambor,Hidráulica,,"Indep., McPherson",Barra de torção,"Indep., braço arrastado",685 km,530 km,"13,7 km/l","10,6 km/l",5,5250 rpm,3250 rpm,Não informado,,,,,,,,,,,,,,,,,435 km,340 km,"8,7 km/l","6,8 km/l",,Correia dentada,82 cv,80 cv,"12,8 kgfm","12,8 kgfm",,,,,,,,,,,,,,,,,,,,,,,,
peugeot,207 Passion,207-passion,207-passion-xr-sport-1-4-2013,207-passion-xr-sport-1-4-2013,https://www.fichacompleta.com.br/carros/peugeot/207-passion-xr-sport-1-4-2013,2026-06-17T21:17:59.783111,Peugeot 207 Passion XR Sport 1.4 2013,"13,3 s",166 km/h,Embreagem monodisco a seco,Manual,MA/5,5,Dianteira,Injeção multiponto,Natural,1360 cm³,4 em linha,TU3JP,"Único no cabeçote, correia dentada",77 mm,75 mm,Transversal,Dianteiro,"13,2 kg/cv","84,5 kg/kgfm","60,3 cv/litro",82 cv (A) 80 cv (G) a 5250 rpm,"10,5:1",6500 rpm,"9,4 kgfm/litro","12,8 kgfm (A) 12,8 kgfm (G) a 3250 rpm",2,1447 mm,,4235 mm,2443 mm,1669 mm,1081 kg,420 litros,50 litros,120 mm,Disco ventilado,Tambor,Hidráulica,Não informado,"Independente, McPherson",Barra de torção,"Independente, braço arrastado",685 km,530 km,"13,7 km/l","10,6 km/l",,,,,,,,,,,,,,,,,,,,,435 km,340 km,"8,7 km/l","6,8 km/l",,,,,,,,,,,,,,,,,,,,,,,,,,,,,,
peugeot,207 Passion,207-passion,207-passion-xs-1-6-2013,207-passion-xs-1-6-2013,https://www.fichacompleta.com.br/carros/peugeot/207-passion-xs-1-6-2013,2026-06-17T21:18:02.400589,Peugeot 207 Passion XS 1.6 2013,"9,8 s",195 km/h,Embreagem monodisco a seco,Manual,MA/5,,Dianteira,Injeção multiponto,Natural,1587 cm³,4 em linha,TU5JP4,Duplo no cabeçote,82 mm,"78,5 mm",Transversal,Dianteiro,"10,0 kg/cv","71,8 kg/kgfm","71,2 cv/litro",,11:1,6500 rpm,"10,0 kgfm/litro",,4,1447 mm,,4235 mm,2443 mm,1669 mm,1134 kg,420 litros,50 litros,111 mm,Disco ventilado,Tambor,Hidráulica,,"Indep., McPherson",Barra de torção,"Indep., braço arrastado",585 km,495 km,"11,7 km/l","9,9 km/l",5,5750 rpm,4000 rpm,Não informado,,,,,,,Hidráulicos,,,,,,,,,,450 km,380 km,9 km/l,"7,6 km/l",,Correia dentada,113 cv,110 cv,"15,8 kgfm","14,5 kgfm",,,,,,,,,,,,,,,,,,,,,,,,
peugeot,207 Passion,207-passion,207-passion-xs-1-6-at-2013,207-passion-xs-1-6-at-2013,https://www.fichacompleta.com.br/carros/peugeot/207-passion-xs-1-6-at-2013,2026-06-17T21:18:06.329434,Peugeot 207 Passion XS 1.6 AT 2013,"12,3 s",185 km/h,Conversor de torque,Automático,AL4,4,Dianteira,Injeção multiponto,Natural,1587 cm³,4 em linha,TU5JP4,"Duplo no cabeçote, correia dentada",82 mm,"78,5 mm",Transversal,Dianteiro,"10,4 kg/cv","74,5 kg/kgfm","71,2 cv/litro",113 cv (A) 110 cv (G) a 5750 rpm,"10,5:1",6500 rpm,"10,0 kgfm/litro","15,8 kgfm (A) 14,5 kgfm (G) a 4000 rpm",4,1447 mm,,4235 mm,2443 mm,1669 mm,1177 kg,420 litros,50 litros,111 mm,Disco ventilado,Disco sólido,Hidráulica,Não informado,"Independente, McPherson",Barra de torção,"Independente, braço arrastado",610 km,435 km,"12,2 km/l","8,7 km/l",,,,,,,,,,,Hidráulicos,,,,,,,,,,470 km,335 km,"9,4 km/l","6,7 km/l",,,,,,,,,,,,,,,,,,,,,,,,,,,,,,
peugeot,207 Passion,207-passion,207-passion-active-1-4-2014,207-passion-active-1-4-2014,https://www.fichacompleta.com.br/carros/peugeot/207-passion-active-1-4-2014,2026-06-17T21:18:10.609825,Peugeot 207 Passion Active 1.4 2014,"13,3 s",166 km/h,Embreagem monodisco a seco,Manual,MA/5,,Dianteira,Injeção multiponto,Natural,1360 cm³,4 em linha,TU3JP,Único no cabeçote,77 mm,75 mm,Transversal,Dianteiro,"13,2 kg/cv","84,5 kg/kgfm","60,3 cv/litro",,"10,2:1",6500 rpm,"9,4 kgfm/litro",,2,1447 mm,,4235 mm,2443 mm,1669 mm,1081 kg,420 litros,50 litros,120 mm,Disco sólido,Tambor,Hidráulica,,"Indep., McPherson",Barra de torção,"Indep., braço arrastado",685 km,530 km,"13,7 km/l","10,6 km/l",5,5250 rpm,3250 rpm,Não informado,,,,,,,,,,,,,,,,,435 km,340 km,"8,7 km/l","6,8 km/l",,Correia dentada,82 cv,80 cv,"12,8 kgfm","12,8 kgfm",,,,,,,,,,,,,,,,,,,,,,,,
peugeot,207 Passion,207-passion,207-passion-allure-1-4-2014,207-passion-allure-1-4-2014,https://www.fichacompleta.com.br/carros/peugeot/207-passion-allure-1-4-2014,2026-06-17T21:18:13.476403,Peugeot 207 Passion Allure 1.4 2014,"13,3 s",166 km/h,Embreagem monodisco a seco,Manual,MA/5,,Dianteira,Injeção multiponto,Natural,,4 em linha,TU3JP,Único no cabeçote,77 mm,75 mm,Transversal,Dianteiro,"13,18 kg/cv","84,5 kg/kgfm","60,3 cv/litro",,"10,2:1",6500 rpm,"9,4 kgfm/litro",,2,1447 mm,,4235 mm,2443 mm,1669 mm,1081 kg,420 litros,50 litros,120 mm,Disco sólido,Tambor,Hidráulica,,"Indep., McPherson",Barra de torção,"Indep., braço arrastado",685 km,530 km,"13,7 km/l","10,6 km/l",5,5250 rpm,3250 rpm,Não informado,,,,,,,Mecânicos,,,,,,,,,,435 km,340 km,"8,7 km/l","6,8 km/l",,Correia dentada,82 cv,80 cv,"12,8 kgfm","12,8 kgfm",,340 cm³,1360 cm³,,,,,,,,,,,,,,,,,,,,,
peugeot,207 Passion,207-passion,207-passion-in-concert-1-4-2014,207-passion-in-concert-1-4-2014,https://www.fichacompleta.com.br/carros/peugeot/207-passion-in-concert-1-4-2014,2026-06-17T21:18:18.288554,Peugeot 207 Passion In Concert 1.4 2014,"13,3 s",166 km/h,Embreagem monodisco a seco,Manual,MA/5,5,Dianteira,Injeção multiponto,Natural,1360 cm³,4 em linha,TU3JP,Único no cabeçote,77 mm,75 mm,Transversal,Dianteiro,"13,2 kg/cv","84,5 kg/kgfm","60,3 cv/litro",82 cv (A) 80 cv (G) a 5250 rpm,"10,2:1",6500 rpm,"9,4 kgfm/litro","12,8 kgfm (A) 12,8 kgfm (G) a 3250 rpm",2,1447 mm,,4235 mm,2443 mm,1669 mm,1081 kg,420 litros,50 litros,120 mm,Disco sólido,Tambor,Hidráulica,Não informado,"Indep., McPherson",Barra de torção,"Indep., braço arrastado",685 km,530 km,"13,7 km/l","10,6 km/l",5,,,Não informado,,,,,5250 rpm,3250 rpm,,,,,,,,,,,435 km,340 km,"8,7 km/l","6,8 km/l",,Correia dentada,82 cv,80 cv,"12,8 kgfm","12,8 kgfm",,,,,,,,,,,,,,,,,,,,,,,,
peugeot,207 Passion,207-passion,207-passion-active-1-4-2015,207-passion-active-1-4-2015,https://www.fichacompleta.com.br/carros/peugeot/207-passion-active-1-4-2015,2026-06-17T21:18:22.177330,Peugeot 207 Passion Active 1.4 2015,"13,3 s",166 km/h,Embreagem monodisco a seco,Manual,MA/5,,Dianteira,Injeção multiponto,Natural,1360 cm³,4 em linha,TU3JP,Único no cabeçote,77 mm,75 mm,Transversal,Dianteiro,"13,2 kg/cv","84,5 kg/kgfm","60,3 cv/litro",,"10,2:1",6500 rpm,"9,4 kgfm/litro",,2,1447 mm,,4235 mm,2443 mm,1669 mm,1081 kg,420 litros,50 litros,120 mm,Disco sólido,Tambor,Hidráulica,,"Indep., McPherson",Barra de torção,"Indep., braço arrastado",685 km,530 km,"13,7 km/l","10,6 km/l",5,5250 rpm,3250 rpm,Não informado,,,,,,,,,,,,,,,,,435 km,340 km,"8,7 km/l","6,8 km/l",,Correia dentada,82 cv,80 cv,"12,8 kgfm","12,8 kgfm",,,,,,,,,,,,,,,,,,,,,,,,
peugeot,207 Sw,207-sw,207-sw-escapade-1-6-16v-2009,207-sw-escapade-1-6-16v-2009,https://www.fichacompleta.com.br/carros/peugeot/207-sw-escapade-1-6-16v-2009,2026-06-17T21:18:39.155234,Peugeot 207 Sw Escapade 1.6 16V 2009,"11,3 s",194 km/h,Embreagem monodisco a seco,Manual,MA/5,5,Dianteira,Injeção multiponto,Natural,1587 cm³,4 em linha,TU5JP4,Duplo no cabeçote,82 mm,"78,5 mm",Transversal,Dianteiro,"10,2 kg/cv","72,7 kg/kgfm","71,2 cv/litro",113 cv (A) 110 cv (G) a 5750 rpm,11:1,6500 rpm,"10,0 kgfm/litro","15,8 kgfm (A) 14,5 kgfm (G) a 4000 rpm",4,1484 mm,,4073 mm,2443 mm,1669 mm,1148 kg,313 litros,50 litros,123 mm,Disco ventilado,Tambor,Hidráulica,Não informado,"Indep., McPherson",Barra de torção,"Indep., braço arrastado",605 km,415 km,"12,1 km/l","8,3 km/l",5,,,Não informado,,,,,5750 rpm,4000 rpm,Hidráulicos,,,,,,,,,,465 km,320 km,"9,3 km/l","6,4 km/l",240 mm,Correia dentada,113 cv,110 cv,"15,8 kgfm","14,5 kgfm",,,,,,,,,,,,,,,,,,,,,,,,
peugeot,207 Sw,207-sw,207-sw-xr-1-4-8v-2009,207-sw-xr-1-4-8v-2009,https://www.fichacompleta.com.br/carros/peugeot/207-sw-xr-1-4-8v-2009,2026-06-17T21:18:44.048280,Peugeot 207 Sw XR 1.4 8V 2009,"13,7 s",161 km/h,Embreagem monodisco a seco,Manual,MA/5,5,Dianteira,Injeção multiponto,Natural,1360 cm³,4 em linha,TU3JP,Único no cabeçote,77 mm,75 mm,Transversal,Dianteiro,"13,6 kg/cv","87,0 kg/kgfm","60,3 cv/litro",82 cv (A) 80 cv (G) a 5250 rpm,"10,5:1",6500 rpm,"9,4 kgfm/litro","12,8 kgfm (A) 12,8 kgfm (G) a 3250 rpm",2,1484 mm,,4073 mm,2443 mm,1669 mm,1113 kg,313 litros,50 litros,120 mm,Disco ventilado,Tambor,Hidráulica,Não informado,"Indep., McPherson",Barra de torção,"Indep., braço arrastado",675 km,500 km,"13,5 km/l",10 km/l,5,,,Não informado,,,,,5250 rpm,3250 rpm,,,,,,,,,,,425 km,325 km,"8,5 km/l","6,5 km/l",,Correia dentada,82 cv,80 cv,"12,8 kgfm","12,8 kgfm",,,,,,,,,,,,,,,,,,,,,,,,
peugeot,207 Sw,207-sw,207-sw-xr-sport-1-4-8v-2009,207-sw-xr-sport-1-4-8v-2009,https://www.fichacompleta.com.br/carros/peugeot/207-sw-xr-sport-1-4-8v-2009,2026-06-17T21:18:47.772678,Peugeot 207 Sw XR Sport 1.4 8V 2009,"13,7 s",161 km/h,Embreagem monodisco a seco,Manual,MA/5,,Dianteira,Injeção multiponto,Natural,1360 cm³,4 em linha,TU3JP,Único no cabeçote,77 mm,75 mm,Transversal,Dianteiro,"13,6 kg/cv","87,0 kg/kgfm","60,3 cv/litro",,"10,5:1",6500 rpm,"9,4 kgfm/litro",,2,1484 mm,,4073 mm,2443 mm,1669 mm,1113 kg,313 litros,50 litros,120 mm,Disco ventilado,Tambor,Hidráulica,,"Indep., McPherson",Barra de torção,"Indep., braço arrastado",675 km,500 km,"13,5 km/l",10 km/l,5,5250 rpm,3250 rpm,Não informado,,,,,,,,,,,,,,,,,425 km,325 km,"8,5 km/l","6,5 km/l",,Correia dentada,82 cv,80 cv,"12,8 kgfm","12,8 kgfm",,,,,,,,,,,,,,,,,,,,,,,,
peugeot,207 Sw,207-sw,207-sw-xs-1-6-16v-at-2009,207-sw-xs-1-6-16v-at-2009,https://www.fichacompleta.com.br/carros/peugeot/207-sw-xs-1-6-16v-at-2009,2026-06-17T21:18:52.665642,Peugeot 207 Sw XS 1.6 16V AT 2009,"13,5 s",165 km/h,Conversor de torque,Automático,AL4,4,Dianteira,Injeção multiponto,Natural,1587 cm³,4 em linha,TU5JP4,Duplo no cabeçote,82 mm,"78,5 mm",Transversal,Dianteiro,"10,9 kg/cv","77,8 kg/kgfm","71,2 cv/litro",113 cv (A) 110 cv (G) a 5750 rpm,11:1,6500 rpm,"10,0 kgfm/litro","15,8 kgfm (A) 14,5 kgfm (G) a 4000 rpm",4,1484 mm,,4073 mm,2443 mm,1669 mm,1230 kg,313 litros,50 litros,111 mm,Disco ventilado,Disco sólido,Hidráulica,Não informado,"Indep., McPherson",Barra de torção,"Indep., braço arrastado",600 km,450 km,12 km/l,9 km/l,4,,,Não informado,,,,,5750 rpm,4000 rpm,Hidráulicos,,,,,,,,,,400 km,300 km,8 km/l,6 km/l,,Correia dentada,113 cv,110 cv,"15,8 kgfm","14,5 kgfm",,,,,,,,,,,,,,,,,,,,,,,,
peugeot,207 Sw,207-sw,207-sw-escapade-1-6-16v-2010,207-sw-escapade-1-6-16v-2010,https://www.fichacompleta.com.br/carros/peugeot/207-sw-escapade-1-6-16v-2010,2026-06-17T21:18:57.308215,Peugeot 207 Sw Escapade 1.6 16V 2010,"11,3 s",194 km/h,Embreagem monodisco a seco,Manual,MA/5,5,Dianteira,Injeção multiponto,Natural,1587 cm³,4 em linha,TU5JP4,"Duplo no cabeçote, correia dentada",82 mm,"78,5 mm",Transversal,Dianteiro,"10,2 kg/cv","72,7 kg/kgfm","71,2 cv/litro",113 cv (A) 110 cv (G) a 5750 rpm,11:1,6500 rpm,"10,0 kgfm/litro","15,8 kgfm (A) 14,5 kgfm (G) a 4000 rpm",4,1484 mm,,4073 mm,2443 mm,1669 mm,1148 kg,313 litros,50 litros,123 mm,Disco ventilado,Tambor,Hidráulica,Não informado,"Independente, McPherson",Barra de torção,"Independente, braço arrastado",605 km,415 km,"12,1 km/l","8,3 km/l",,,,,,,,,,,Hidráulicos,,,,,,,,,,465 km,320 km,"9,3 km/l","6,4 km/l",240 mm,,,,,,,,,,,,,,,,,,,,,,,,,,,,,
peugeot,207 Sw,207-sw,207-sw-xr-1-4-8v-2010,207-sw-xr-1-4-8v-2010,https://www.fichacompleta.com.br/carros/peugeot/207-sw-xr-1-4-8v-2010,2026-06-17T21:18:59.959479,Peugeot 207 Sw XR 1.4 8V 2010,"13,7 s",161 km/h,Embreagem monodisco a seco,Manual,MA/5,,Dianteira,Injeção multiponto,Natural,1360 cm³,4 em linha,TU3JP,Único no cabeçote,77 mm,75 mm,Transversal,Dianteiro,"13,6 kg/cv","87,0 kg/kgfm","60,3 cv/litro",,"10,5:1",6500 rpm,"9,4 kgfm/litro",,2,1484 mm,,4073 mm,2443 mm,1669 mm,1113 kg,313 litros,50 litros,120 mm,Disco ventilado,Tambor,Hidráulica,,"Indep., McPherson",Barra de torção,"Indep., braço arrastado",675 km,500 km,"13,5 km/l",10 km/l,5,5250 rpm,3250 rpm,Não informado,,,,,,,,,,,,,,,,,425 km,325 km,"8,5 km/l","6,5 km/l",,Correia dentada,82 cv,80 cv,"12,8 kgfm","12,8 kgfm",,,,,,,,,,,,,,,,,,,,,,,,
peugeot,207 Sw,207-sw,207-sw-xr-sport-1-4-8v-2010,207-sw-xr-sport-1-4-8v-2010,https://www.fichacompleta.com.br/carros/peugeot/207-sw-xr-sport-1-4-8v-2010,2026-06-17T21:19:03.942505,Peugeot 207 Sw XR Sport 1.4 8V 2010,"13,7 s",161 km/h,Embreagem monodisco a seco,Manual,MA/5,,Dianteira,Injeção multiponto,Natural,1360 cm³,4 em linha,TU3JP,Único no cabeçote,77 mm,75 mm,Transversal,Dianteiro,"13,6 kg/cv","87,0 kg/kgfm","60,3 cv/litro",,"10,5:1",6500 rpm,"9,4 kgfm/litro",,2,1484 mm,,4073 mm,2443 mm,1669 mm,1113 kg,313 litros,50 litros,120 mm,Disco ventilado,Tambor,Hidráulica,,"Indep., McPherson",Barra de torção,"Indep., braço arrastado",675 km,500 km,"13,5 km/l",10 km/l,5,5250 rpm,3250 rpm,Não informado,,,,,,,,,,,,,,,,,425 km,325 km,"8,5 km/l","6,5 km/l",,Correia dentada,82 cv,80 cv,"12,8 kgfm","12,8 kgfm",,,,,,,,,,,,,,,,,,,,,,,,
peugeot,207 Sw,207-sw,207-sw-xs-1-6-16v-at-2010,207-sw-xs-1-6-16v-at-2010,https://www.fichacompleta.com.br/carros/peugeot/207-sw-xs-1-6-16v-at-2010,2026-06-17T21:19:08.052392,Peugeot 207 Sw XS 1.6 16V AT 2010,"13,5 s",165 km/h,Conversor de torque,Automático,AL4,,Dianteira,Injeção multiponto,Natural,1587 cm³,4 em linha,TU5JP4,Duplo no cabeçote,82 mm,"78,5 mm",Transversal,Dianteiro,"10,9 kg/cv","77,8 kg/kgfm","71,2 cv/litro",,11:1,6500 rpm,"10,0 kgfm/litro",,4,1484 mm,,4073 mm,2443 mm,1669 mm,1230 kg,313 litros,50 litros,111 mm,Disco ventilado,Disco sólido,Hidráulica,,"Indep., McPherson",Barra de torção,"Indep., braço arrastado",600 km,450 km,12 km/l,9 km/l,4,5750 rpm,4000 rpm,Não informado,,,,,,,Hidráulicos,,,,,,,,,,400 km,300 km,8 km/l,6 km/l,,Correia dentada,113 cv,110 cv,"15,8 kgfm","14,5 kgfm",,,,,,,,,,,,,,,,,,,,,,,,
peugeot,207 Sw,207-sw,207-sw-escapade-1-6-16v-2011,207-sw-escapade-1-6-16v-2011,https://www.fichacompleta.com.br/carros/peugeot/207-sw-escapade-1-6-16v-2011,2026-06-17T21:19:12.315201,Peugeot 207 Sw Escapade 1.6 16V 2011,"11,3 s",194 km/h,Embreagem monodisco a seco,Manual,MA/5,,Dianteira,Injeção multiponto,Natural,1587 cm³,4 em linha,TU5JP4,Duplo no cabeçote,82 mm,"78,5 mm",Transversal,Dianteiro,"10,2 kg/cv","72,7 kg/kgfm","71,2 cv/litro",,11:1,6500 rpm,"10,0 kgfm/litro",,4,1484 mm,,4073 mm,2443 mm,1669 mm,1148 kg,313 litros,50 litros,123 mm,Disco ventilado,Tambor,Hidráulica,,"Indep., McPherson",Barra de torção,"Indep., braço arrastado",605 km,415 km,"12,1 km/l","8,3 km/l",5,5750 rpm,4000 rpm,Não informado,,,,,,,Hidráulicos,,,,,,,,,,465 km,320 km,"9,3 km/l","6,4 km/l",240 mm,Correia dentada,113 cv,110 cv,"15,8 kgfm","14,5 kgfm",,,,,,,,,,,,,,,,,,,,,,,,
peugeot,207 Sw,207-sw,207-sw-xr-1-4-8v-2011,207-sw-xr-1-4-8v-2011,https://www.fichacompleta.com.br/carros/peugeot/207-sw-xr-1-4-8v-2011,2026-06-17T21:19:16.367989,Peugeot 207 Sw XR 1.4 8V 2011,"13,7 s",161 km/h,Embreagem monodisco a seco,Manual,MA/5,5,Dianteira,Injeção multiponto,Natural,1360 cm³,4 em linha,TU3JP,"Único no cabeçote, correia dentada",77 mm,75 mm,Transversal,Dianteiro,"13,6 kg/cv","87,0 kg/kgfm","60,3 cv/litro",82 cv (A) 80 cv (G) a 5250 rpm,"10,5:1",6500 rpm,"9,4 kgfm/litro","12,8 kgfm (A) 12,8 kgfm (G) a 3250 rpm",2,1484 mm,,4073 mm,2443 mm,1669 mm,1113 kg,313 litros,50 litros,120 mm,Disco ventilado,Tambor,Hidráulica,Não informado,"Independente, McPherson",Barra de torção,"Independente, braço arrastado",675 km,500 km,"13,5 km/l",10 km/l,,,,,,,,,,,,,,,,,,,,,425 km,325 km,"8,5 km/l","6,5 km/l",,,,,,,,,,,,,,,,,,,,,,,,,,,,,,
peugeot,207 Sw,207-sw,207-sw-xr-sport-1-4-8v-2011,207-sw-xr-sport-1-4-8v-2011,https://www.fichacompleta.com.br/carros/peugeot/207-sw-xr-sport-1-4-8v-2011,2026-06-17T21:19:19.110425,Peugeot 207 Sw XR Sport 1.4 8V 2011,"13,7 s",161 km/h,Embreagem monodisco a seco,Manual,MA/5,,Dianteira,Injeção multiponto,Natural,1360 cm³,4 em linha,TU3JP,Único no cabeçote,77 mm,75 mm,Transversal,Dianteiro,"13,6 kg/cv","87,0 kg/kgfm","60,3 cv/litro",,"10,5:1",6500 rpm,"9,4 kgfm/litro",,2,1484 mm,,4073 mm,2443 mm,1669 mm,1113 kg,313 litros,50 litros,120 mm,Disco ventilado,Tambor,Hidráulica,,"Indep., McPherson",Barra de torção,"Indep., braço arrastado",675 km,500 km,"13,5 km/l",10 km/l,5,5250 rpm,3250 rpm,Não informado,,,,,,,,,,,,,,,,,425 km,325 km,"8,5 km/l","6,5 km/l",,Correia dentada,82 cv,80 cv,"12,8 kgfm","12,8 kgfm",,,,,,,,,,,,,,,,,,,,,,,,
peugeot,207 Sw,207-sw,207-sw-xs-1-6-16v-at-2011,207-sw-xs-1-6-16v-at-2011,https://www.fichacompleta.com.br/carros/peugeot/207-sw-xs-1-6-16v-at-2011,2026-06-17T21:19:21.574004,Peugeot 207 Sw XS 1.6 16V AT 2011,"13,5 s",165 km/h,Conversor de torque,Automático,AL4,4,Dianteira,Injeção multiponto,Natural,1587 cm³,4 em linha,TU5JP4,"Duplo no cabeçote, correia dentada",82 mm,"78,5 mm",Transversal,Dianteiro,"10,9 kg/cv","77,8 kg/kgfm","71,2 cv/litro",113 cv (A) 110 cv (G) a 5750 rpm,11:1,6500 rpm,"10,0 kgfm/litro","15,8 kgfm (A) 14,5 kgfm (G) a 4000 rpm",4,1484 mm,,4073 mm,2443 mm,1669 mm,1230 kg,313 litros,50 litros,111 mm,Disco ventilado,Disco sólido,Hidráulica,Não informado,"Independente, McPherson",Barra de torção,"Independente, braço arrastado",600 km,450 km,12 km/l,9 km/l,,,,,,,,,,,Hidráulicos,,,,,,,,,,400 km,300 km,8 km/l,6 km/l,,,,,,,,,,,,,,,,,,,,,,,,,,,,,,
peugeot,207 Sw,207-sw,207-sw-escapade-1-6-16v-2012,207-sw-escapade-1-6-16v-2012,https://www.fichacompleta.com.br/carros/peugeot/207-sw-escapade-1-6-16v-2012,2026-06-17T21:19:23.998407,Peugeot 207 Sw Escapade 1.6 16V 2012,"11,3 s",194 km/h,Embreagem monodisco a seco,Manual,MA/5,5,Dianteira,Injeção multiponto,Natural,1587 cm³,4 em linha,TU5JP4,"Duplo no cabeçote, correia dentada",82 mm,"78,5 mm",Transversal,Dianteiro,"10,2 kg/cv","72,7 kg/kgfm","71,2 cv/litro",113 cv (A) 110 cv (G) a 5750 rpm,11:1,6500 rpm,"10,0 kgfm/litro","15,8 kgfm (A) 14,5 kgfm (G) a 4000 rpm",4,1484 mm,,4073 mm,2443 mm,1669 mm,1148 kg,313 litros,50 litros,123 mm,Disco ventilado,Tambor,Hidráulica,Não informado,"Independente, McPherson",Barra de torção,"Independente, braço arrastado",605 km,415 km,"12,1 km/l","8,3 km/l",,,,,,,,,,,Hidráulicos,,,,,,,,,,465 km,320 km,"9,3 km/l","6,4 km/l",240 mm,,,,,,,,,,,,,,,,,,,,,,,,,,,,,
peugeot,207 Sw,207-sw,207-sw-xr-1-4-8v-2012,207-sw-xr-1-4-8v-2012,https://www.fichacompleta.com.br/carros/peugeot/207-sw-xr-1-4-8v-2012,2026-06-17T21:19:27.030881,Peugeot 207 Sw XR 1.4 8V 2012,"13,7 s",161 km/h,Embreagem monodisco a seco,Manual,MA/5,5,Dianteira,Injeção multiponto,Natural,1360 cm³,4 em linha,TU3JP,"Único no cabeçote, correia dentada",77 mm,75 mm,Transversal,Dianteiro,"13,6 kg/cv","87,0 kg/kgfm","60,3 cv/litro",82 cv (A) 80 cv (G) a 5250 rpm,"10,5:1",6500 rpm,"9,4 kgfm/litro","12,8 kgfm (A) 12,8 kgfm (G) a 3250 rpm",2,1484 mm,,4073 mm,2443 mm,1669 mm,1113 kg,313 litros,50 litros,120 mm,Disco ventilado,Tambor,Hidráulica,Não informado,"Independente, McPherson",Barra de torção,"Independente, braço arrastado",675 km,500 km,"13,5 km/l",10 km/l,,,,,,,,,,,,,,,,,,,,,425 km,325 km,"8,5 km/l","6,5 km/l",,,,,,,,,,,,,,,,,,,,,,,,,,,,,,
peugeot,207 Sw,207-sw,207-sw-xr-sport-1-4-8v-2012,207-sw-xr-sport-1-4-8v-2012,https://www.fichacompleta.com.br/carros/peugeot/207-sw-xr-sport-1-4-8v-2012,2026-06-17T21:19:30.401591,Peugeot 207 Sw XR Sport 1.4 8V 2012,"13,7 s",161 km/h,Embreagem monodisco a seco,Manual,MA/5,,Dianteira,Injeção multiponto,Natural,1360 cm³,4 em linha,TU3JP,Único no cabeçote,77 mm,75 mm,Transversal,Dianteiro,"13,6 kg/cv","87,0 kg/kgfm","60,3 cv/litro",,"10,5:1",6500 rpm,"9,4 kgfm/litro",,2,1484 mm,,4073 mm,2443 mm,1669 mm,1113 kg,313 litros,50 litros,120 mm,Disco ventilado,Tambor,Hidráulica,,"Indep., McPherson",Barra de torção,"Indep., braço arrastado",675 km,500 km,"13,5 km/l",10 km/l,5,5250 rpm,3250 rpm,Não informado,,,,,,,,,,,,,,,,,425 km,325 km,"8,5 km/l","6,5 km/l",,Correia dentada,82 cv,80 cv,"12,8 kgfm","12,8 kgfm",,,,,,,,,,,,,,,,,,,,,,,,
peugeot,207 Sw,207-sw,207-sw-xs-1-6-16v-at-2012,207-sw-xs-1-6-16v-at-2012,https://www.fichacompleta.com.br/carros/peugeot/207-sw-xs-1-6-16v-at-2012,2026-06-17T21:19:34.596619,Peugeot 207 Sw XS 1.6 16V AT 2012,"13,5 s",165 km/h,Conversor de torque,Automático,AL4,4,Dianteira,Injeção multiponto,Natural,1587 cm³,4 em linha,TU5JP4,"Duplo no cabeçote, correia dentada",82 mm,"78,5 mm",Transversal,Dianteiro,"10,9 kg/cv","77,8 kg/kgfm","71,2 cv/litro",113 cv (A) 110 cv (G) a 5750 rpm,11:1,6500 rpm,"10,0 kgfm/litro","15,8 kgfm (A) 14,5 kgfm (G) a 4000 rpm",4,1484 mm,,4073 mm,2443 mm,1669 mm,1230 kg,313 litros,50 litros,111 mm,Disco ventilado,Disco sólido,Hidráulica,Não informado,"Independente, McPherson",Barra de torção,"Independente, braço arrastado",600 km,450 km,12 km/l,9 km/l,,,,,,,,,,,Hidráulicos,,,,,,,,,,400 km,300 km,8 km/l,6 km/l,,,,,,,,,,,,,,,,,,,,,,,,,,,,,,
peugeot,207 Sw,207-sw,207-sw-escapade-1-6-16v-2013,207-sw-escapade-1-6-16v-2013,https://www.fichacompleta.com.br/carros/peugeot/207-sw-escapade-1-6-16v-2013,2026-06-17T21:19:38.492132,Peugeot 207 Sw Escapade 1.6 16V 2013,"11,3 s",194 km/h,Embreagem monodisco a seco,Manual,MA/5,,Dianteira,Injeção multiponto,Natural,1587 cm³,4 em linha,TU5JP4,Duplo no cabeçote,82 mm,"78,5 mm",Transversal,Dianteiro,"10,2 kg/cv","72,7 kg/kgfm","71,2 cv/litro",,11:1,6500 rpm,"10,0 kgfm/litro",,4,1484 mm,,4073 mm,2443 mm,1669 mm,1148 kg,313 litros,50 litros,123 mm,Disco ventilado,Tambor,Hidráulica,,"Indep., McPherson",Barra de torção,"Indep., braço arrastado",605 km,415 km,"12,1 km/l","8,3 km/l",5,5750 rpm,4000 rpm,Não informado,,,,,,,Hidráulicos,,,,,,,,,,465 km,320 km,"9,3 km/l","6,4 km/l",240 mm,Correia dentada,113 cv,110 cv,"15,8 kgfm","14,5 kgfm",,,,,,,,,,,,,,,,,,,,,,,,
peugeot,207 Sw,207-sw,207-sw-xr-1-4-8v-2013,207-sw-xr-1-4-8v-2013,https://www.fichacompleta.com.br/carros/peugeot/207-sw-xr-1-4-8v-2013,2026-06-17T21:19:43.021268,Peugeot 207 Sw XR 1.4 8V 2013,"13,7 s",161 km/h,Embreagem monodisco a seco,Manual,MA/5,,Dianteira,Injeção multiponto,Natural,1360 cm³,4 em linha,TU3JP,Único no cabeçote,77 mm,75 mm,Transversal,Dianteiro,"13,6 kg/cv","87,0 kg/kgfm","60,3 cv/litro",,"10,5:1",6500 rpm,"9,4 kgfm/litro",,2,1484 mm,,4073 mm,2443 mm,1669 mm,1113 kg,313 litros,50 litros,120 mm,Disco ventilado,Tambor,Hidráulica,,"Indep., McPherson",Barra de torção,"Indep., braço arrastado",675 km,500 km,"13,5 km/l",10 km/l,5,5250 rpm,3250 rpm,Não informado,,,,,,,,,,,,,,,,,425 km,325 km,"8,5 km/l","6,5 km/l",,Correia dentada,82 cv,80 cv,"12,8 kgfm","12,8 kgfm",,,,,,,,,,,,,,,,,,,,,,,,
peugeot,207 Sw,207-sw,207-sw-xr-sport-1-4-8v-2013,207-sw-xr-sport-1-4-8v-2013,https://www.fichacompleta.com.br/carros/peugeot/207-sw-xr-sport-1-4-8v-2013,2026-06-17T21:19:47.062763,Peugeot 207 Sw XR Sport 1.4 8V 2013,"13,7 s",161 km/h,Embreagem monodisco a seco,Manual,MA/5,5,Dianteira,Injeção multiponto,Natural,1360 cm³,4 em linha,TU3JP,"Único no cabeçote, correia dentada",77 mm,75 mm,Transversal,Dianteiro,"13,6 kg/cv","87,0 kg/kgfm","60,3 cv/litro",82 cv (A) 80 cv (G) a 5250 rpm,"10,5:1",6500 rpm,"9,4 kgfm/litro","12,8 kgfm (A) 12,8 kgfm (G) a 3250 rpm",2,1484 mm,,4073 mm,2443 mm,1669 mm,1113 kg,313 litros,50 litros,120 mm,Disco ventilado,Tambor,Hidráulica,Não informado,"Independente, McPherson",Barra de torção,"Independente, braço arrastado",675 km,500 km,"13,5 km/l",10 km/l,,,,,,,,,,,,,,,,,,,,,425 km,325 km,"8,5 km/l","6,5 km/l",,,,,,,,,,,,,,,,,,,,,,,,,,,,,,
peugeot,207 Sw,207-sw,207-sw-xs-1-6-16v-at-2013,207-sw-xs-1-6-16v-at-2013,https://www.fichacompleta.com.br/carros/peugeot/207-sw-xs-1-6-16v-at-2013,2026-06-17T21:19:50.406583,Peugeot 207 Sw XS 1.6 16V AT 2013,"13,5 s",165 km/h,Conversor de torque,Automático,AL4,4,Dianteira,Injeção multiponto,Natural,1587 cm³,4 em linha,TU5JP4,"Duplo no cabeçote, correia dentada",82 mm,"78,5 mm",Transversal,Dianteiro,"10,9 kg/cv","77,8 kg/kgfm","71,2 cv/litro",113 cv (A) 110 cv (G) a 5750 rpm,11:1,6500 rpm,"10,0 kgfm/litro","15,8 kgfm (A) 14,5 kgfm (G) a 4000 rpm",4,1484 mm,,4073 mm,2443 mm,1669 mm,1230 kg,313 litros,50 litros,111 mm,Disco ventilado,Disco sólido,Hidráulica,Não informado,"Independente, McPherson",Barra de torção,"Independente, braço arrastado",600 km,450 km,12 km/l,9 km/l,,,,,,,,,,,Hidráulicos,,,,,,,,,,400 km,300 km,8 km/l,6 km/l,,,,,,,,,,,,,,,,,,,,,,,,,,,,,,
peugeot,208,208,208-active-1-5-2013,208-active-1-5-2013,https://www.fichacompleta.com.br/carros/peugeot/208-active-1-5-2013,2026-06-17T21:20:08.515370,Peugeot 208 Active 1.5 2013,"10,9 s",181 km/h,Embreagem monodisco a seco,Manual,MA/5,5,Dianteira,Injeção multiponto,Natural,1449 cm³,4 em linha,TU4M,Único no cabeçote,82 mm,75 mm,Transversal,Dianteiro,"11,6 kg/cv","75,8 kg/kgfm","64,2 cv/litro",93 cv (A) 89 cv (G) a 5500 rpm,"12,5:1",,"9,8 kgfm/litro","14,2 kgfm (A) 13,5 kgfm (G) a 3000 rpm",2,1472 mm,,3966 mm,2541 mm,1702 mm,1076 kg,285 litros,55 litros,117 mm,Disco sólido,Tambor,Elétrica,"11,2 m","Indep., McPherson",Mola helicoidal,Eixo de torção,787 km,638 km,"14,3 km/l","11,6 km/l",5,,,"11,2 m",1475 mm,1470 mm,,,5500 rpm,3000 rpm,,,,,,,,"2,125 m²","0,680 m²","0,32",528 km,440 km,"9,6 km/l",8 km/l,,Correia dentada,93 cv,89 cv,"14,2 kgfm","13,5 kgfm","0,32",,,,,,,,,,,,,,,,,,,,,,,
peugeot,208,208,208-active-pack-1-5-2013,208-active-pack-1-5-2013,https://www.fichacompleta.com.br/carros/peugeot/208-active-pack-1-5-2013,2026-06-17T21:20:11.412377,Peugeot 208 Active Pack 1.5 2013,"10,9 s",181 km/h,Embreagem monodisco a seco,Manual,MA/5,5,Dianteira,Injeção multiponto,Natural,1449 cm³,4 em linha,TU4M,Único no cabeçote,82 mm,75 mm,Transversal,Dianteiro,"11,6 kg/cv","75,8 kg/kgfm","64,2 cv/litro",93 cv (A) 89 cv (G) a 5500 rpm,"12,5:1",,"9,8 kgfm/litro","14,2 kgfm (A) 13,5 kgfm (G) a 3000 rpm",2,1472 mm,,3966 mm,2541 mm,1702 mm,1076 kg,285 litros,55 litros,117 mm,Disco sólido,Tambor,Elétrica,"11,2 m","Indep., McPherson",Mola helicoidal,Eixo de torção,787 km,638 km,"14,3 km/l","11,6 km/l",5,,,"11,2 m",1475 mm,1470 mm,,,5500 rpm,3000 rpm,,,,,,,,"2,125 m²","0,680 m²","0,32",528 km,440 km,"9,6 km/l",8 km/l,,Correia dentada,93 cv,89 cv,"14,2 kgfm","13,5 kgfm","0,32",,,,,,,,,,,,,,,,,,,,,,,
peugeot,208,208,208-allure-1-5-2013,208-allure-1-5-2013,https://www.fichacompleta.com.br/carros/peugeot/208-allure-1-5-2013,2026-06-17T21:20:15.972836,Peugeot 208 Allure 1.5 2013,"10,9 s",181 km/h,Embreagem monodisco a seco,Manual,MA/5,5,Dianteira,Injeção multiponto,Natural,1449 cm³,4 em linha,TU4M,Único no cabeçote,82 mm,75 mm,Transversal,Dianteiro,"11,7 kg/cv","76,5 kg/kgfm","64,2 cv/litro",93 cv (A) 89 cv (G) a 5500 rpm,"12,5:1",,"9,8 kgfm/litro","14,2 kgfm (A) 13,5 kgfm (G) a 3000 rpm",2,1472 mm,,3966 mm,2541 mm,1702 mm,1086 kg,285 litros,55 litros,117 mm,Disco sólido,Tambor,Elétrica,"11,2 m","Indep., McPherson",Mola helicoidal,Eixo de torção,787 km,638 km,"14,3 km/l","11,6 km/l",5,,,"11,2 m",1475 mm,1470 mm,,,5500 rpm,3000 rpm,,,,,,,,"2,125 m²","0,680 m²","0,32",528 km,440 km,"9,6 km/l",8 km/l,,Correia dentada,93 cv,89 cv,"14,2 kgfm","13,5 kgfm","0,32",,,,,,,,,,,,,,,,,,,,,,,
peugeot,208,208,208-griffe-1-6-2013,208-griffe-1-6-2013,https://www.fichacompleta.com.br/carros/peugeot/208-griffe-1-6-2013,2026-06-17T21:20:18.984140,Peugeot 208 Griffe 1.6 2013,"9,7 s",198 km/h,Embreagem monodisco a seco,Manual,MA/5,5,Dianteira,Injeção multiponto,Natural,1587 cm³,4 em linha,EC5JP4,"Duplo no cabeçote, correia dentada",82 mm,"78,5 mm",Transversal,Dianteiro,"9,5 kg/cv","70,3 kg/kgfm","76,9 cv/litro",122 cv (A) 115 cv (G) a 5800 rpm,"12,5:1",,"10,3 kgfm/litro","16,4 kgfm (A) 15,5 kgfm (G) a 4000 rpm",4,1472 mm,,3966 mm,2541 mm,1702 mm,1153 kg,285 litros,55 litros,107 mm,Disco ventilado,Tambor,Elétrica,"11,2 m","Independente, McPherson",Mola helicoidal,Eixo de torção,710 km,583 km,"12,9 km/l","10,6 km/l",,,,,1475 mm,1470 mm,,,,,Hidráulicos,Admissão,,,,,,"2,125 m²","0,680 m²","0,32",490 km,391 km,"8,9 km/l","7,1 km/l",,,,,,,,,,,,,,,,,,,,,,,,,,,,,,
peugeot,208,208,208-griffe-1-6-at-2013,208-griffe-1-6-at-2013,https://www.fichacompleta.com.br/carros/peugeot/208-griffe-1-6-at-2013,2026-06-17T21:20:22.457395,Peugeot 208 Griffe 1.6 AT 2013,"10,7 s",191 km/h,Conversor de torque,Automático,AT8,,Dianteira,Injeção multiponto,Natural,1587 cm³,4 em linha,EC5JP4,Duplo no cabeçote,82 mm,"78,5 mm",Transversal,Dianteiro,"9,7 kg/cv","72,5 kg/kgfm","76,9 cv/litro",,11:1,6500 rpm,"10,3 kgfm/litro",,4,1472 mm,,3966 mm,2541 mm,1702 mm,1189 kg,285 litros,55 litros,107 mm,Disco ventilado,Tambor,Elétrica,,"Indep., McPherson",Mola helicoidal,Eixo de torção,605 km,495 km,11 km/l,9 km/l,4,,,"11,2 m",1475 mm,1470 mm,,,5800 rpm,4000 rpm,Hidráulicos,Admissão,,,,,,"2,125 m²","0,680 m²",,462 km,358 km,"8,4 km/l","6,5 km/l",,Correia dentada,122 cv,115 cv,"16,4 kgfm","15,5 kgfm","0,32",,,,,,,,,,,,,,,,,,,,,,,
peugeot,208,208,208-active-1-5-2014,208-active-1-5-2014,https://www.fichacompleta.com.br/carros/peugeot/208-active-1-5-2014,2026-06-17T21:20:26.853619,Peugeot 208 Active 1.5 2014,"10,9 s",181 km/h,Embreagem monodisco a seco,Manual,MA/5,,Dianteira,Injeção multiponto,Natural,1449 cm³,4 em linha,TU4M,Único no cabeçote,82 mm,75 mm,Transversal,Dianteiro,"11,6 kg/cv","75,8 kg/kgfm","64,2 cv/litro",,"12,5:1",,"9,8 kgfm/litro",,2,1472 mm,,3966 mm,2541 mm,1702 mm,1076 kg,285 litros,55 litros,117 mm,Disco sólido,Tambor,Elétrica,,"Indep., McPherson",Mola helicoidal,Eixo de torção,787 km,638 km,"14,3 km/l","11,6 km/l",5,5500 rpm,3000 rpm,"11,2 m",1475 mm,1470 mm,,,,,,,,,,,,"2,125 m²","0,680 m²",,528 km,440 km,"9,6 km/l",8 km/l,,Correia dentada,93 cv,89 cv,"14,2 kgfm","13,5 kgfm","0,32",,,,,,,,,,,,,,,,,,,,,,,
peugeot,208,208,208-active-pack-1-5-2014,208-active-pack-1-5-2014,https://www.fichacompleta.com.br/carros/peugeot/208-active-pack-1-5-2014,2026-06-17T21:20:30.090058,Peugeot 208 Active Pack 1.5 2014,"10,9 s",181 km/h,Embreagem monodisco a seco,Manual,MA/5,,Dianteira,Injeção multiponto,Natural,1449 cm³,4 em linha,TU4M,Único no cabeçote,82 mm,75 mm,Transversal,Dianteiro,"11,6 kg/cv","75,8 kg/kgfm","64,2 cv/litro",,"12,5:1",,"9,8 kgfm/litro",,2,1472 mm,,3966 mm,2541 mm,1702 mm,1076 kg,285 litros,55 litros,117 mm,Disco sólido,Tambor,Elétrica,,"Indep., McPherson",Mola helicoidal,Eixo de torção,787 km,638 km,"14,3 km/l","11,6 km/l",5,5500 rpm,3000 rpm,"11,2 m",1475 mm,1470 mm,,,,,,,,,,,,"2,125 m²","0,680 m²",,528 km,440 km,"9,6 km/l",8 km/l,,Correia dentada,93 cv,89 cv,"14,2 kgfm","13,5 kgfm","0,32",,,,,,,,,,,,,,,,,,,,,,,
peugeot,208,208,208-allure-1-5-2014-flex,208-allure-1-5-2014-flex,https://www.fichacompleta.com.br/carros/peugeot/208-allure-1-5-2014-flex,2026-06-17T21:20:34.107577,Peugeot 208 Allure 1.5 2014,"10,9 s",181 km/h,Embreagem monodisco a seco,Manual,MA/5,,Dianteira,Injeção multiponto,Natural,,4 em linha,TU4M,Único no cabeçote,82 mm,75 mm,Transversal,Dianteiro,"11,68 kg/cv","76,5 kg/kgfm","64,2 cv/litro",,"12,5:1",,"9,8 kgfm/litro",,2,1472 mm,,3966 mm,2541 mm,1702 mm,1086 kg,285 litros,55 litros,117 mm,Disco sólido,Tambor,Elétrica,,"Indep., McPherson",Mola helicoidal,Eixo de torção,787 km,638 km,"14,3 km/l","11,6 km/l",5,5500 rpm,3000 rpm,"11,2 m",1475 mm,1470 mm,,,,,Mecânicos,,,,,,,"2,125 m²","0,680 m²",,528 km,440 km,"9,6 km/l",8 km/l,,Correia dentada,93 cv,89 cv,"14,2 kgfm","13,5 kgfm","0,32",362 cm³,1449 cm³,10W-40 ³,,,,,,,,,,,,,,,,,,,,
peugeot,208,208,208-allure-1-5-2014,208-allure-1-5-2014,https://www.fichacompleta.com.br/carros/peugeot/208-allure-1-5-2014,2026-06-17T21:20:36.966366,Peugeot 208 Allure 1.5 2014,"10,9 s",181 km/h,Embreagem monodisco a seco,Manual,MA/5,,Dianteira,Injeção multiponto,Natural,1449 cm³,4 em linha,TU4M,Único no cabeçote,82 mm,75 mm,Transversal,Dianteiro,"11,7 kg/cv","76,5 kg/kgfm","64,2 cv/litro",,"12,5:1",,"9,8 kgfm/litro",,2,1472 mm,,3966 mm,2541 mm,1702 mm,1086 kg,285 litros,55 litros,117 mm,Disco sólido,Tambor,Elétrica,,"Indep., McPherson",Mola helicoidal,Eixo de torção,787 km,638 km,"14,3 km/l","11,6 km/l",5,5500 rpm,3000 rpm,"11,2 m",1475 mm,1470 mm,,,,,,,,,,,,"2,125 m²","0,680 m²",,528 km,440 km,"9,6 km/l",8 km/l,,Correia dentada,93 cv,89 cv,"14,2 kgfm","13,5 kgfm","0,32",,,,,,,,,,,,,,,,,,,,,,,
peugeot,208,208,208-griffe-1-6-2014,208-griffe-1-6-2014,https://www.fichacompleta.com.br/carros/peugeot/208-griffe-1-6-2014,2026-06-17T21:20:40.584540,Peugeot 208 Griffe 1.6 2014,"9,7 s",198 km/h,Embreagem monodisco a seco,Manual,MA/5,,Dianteira,Injeção multiponto,Natural,1587 cm³,4 em linha,EC5JP4,Duplo no cabeçote,82 mm,"78,5 mm",Transversal,Dianteiro,"9,5 kg/cv","70,3 kg/kgfm","76,9 cv/litro",,11:1,6500 rpm,"10,3 kgfm/litro",,4,1472 mm,,3966 mm,2541 mm,1702 mm,1153 kg,285 litros,55 litros,107 mm,Disco ventilado,Tambor,Elétrica,,"Indep., McPherson",Mola helicoidal,Eixo de torção,710 km,583 km,"12,9 km/l","10,6 km/l",5,5800 rpm,4000 rpm,"11,2 m",1475 mm,1470 mm,,,,,Hidráulicos,Admissão,,,,,,"2,125 m²","0,680 m²",,490 km,391 km,"8,9 km/l","7,1 km/l",,Correia dentada,122 cv,115 cv,"16,4 kgfm","15,5 kgfm","0,32",,,,,,,,,,,,,,,,,,,,,,,
peugeot,208,208,208-griffe-1-6-at-2014,208-griffe-1-6-at-2014,https://www.fichacompleta.com.br/carros/peugeot/208-griffe-1-6-at-2014,2026-06-17T21:20:45.393384,Peugeot 208 Griffe 1.6 AT 2014,"10,7 s",191 km/h,Conversor de torque,Automático,AT8,,Dianteira,Injeção multiponto,Natural,1587 cm³,4 em linha,EC5JP4,Duplo no cabeçote,82 mm,"78,5 mm",Transversal,Dianteiro,"9,7 kg/cv","72,5 kg/kgfm","76,9 cv/litro",,11:1,6500 rpm,"10,3 kgfm/litro",,4,1472 mm,,3966 mm,2541 mm,1702 mm,1189 kg,285 litros,55 litros,107 mm,Disco ventilado,Tambor,Elétrica,,"Indep., McPherson",Mola helicoidal,Eixo de torção,605 km,495 km,11 km/l,9 km/l,4,5800 rpm,4000 rpm,"11,2 m",1475 mm,1470 mm,,,,,Hidráulicos,Admissão,,,,,,"2,125 m²","0,680 m²",,462 km,358 km,"8,4 km/l","6,5 km/l",,Correia dentada,122 cv,115 cv,"16,4 kgfm","15,5 kgfm","0,32",,,,,,,,,,,,,,,,,,,,,,,
peugeot,208,208,208-premier-1-6-2014,208-premier-1-6-2014,https://www.fichacompleta.com.br/carros/peugeot/208-premier-1-6-2014,2026-06-17T21:20:48.149257,Peugeot 208 Premier 1.6 2014,"9,7 s",198 km/h,Embreagem monodisco a seco,Manual,MA/5,5,Dianteira,Injeção multiponto,Natural,1587 cm³,4 em linha,EC5JP4,Duplo no cabeçote,82 mm,"78,5 mm",Transversal,Dianteiro,"9,5 kg/cv","70,3 kg/kgfm","76,9 cv/litro",122 cv (A) 115 cv (G) a 5800 rpm,11:1,6500 rpm,"10,3 kgfm/litro","16,4 kgfm (A) 15,5 kgfm (G) a 4000 rpm",4,1472 mm,,3966 mm,2541 mm,1702 mm,1153 kg,285 litros,55 litros,107 mm,Disco ventilado,Tambor,Elétrica,"11,2 m","Indep., McPherson",Mola helicoidal,Eixo de torção,710 km,583 km,"12,9 km/l","10,6 km/l",5,,,"11,2 m",1475 mm,1470 mm,,,5800 rpm,4000 rpm,Hidráulicos,Admissão,,,,,,"2,125 m²","0,680 m²","0,32",490 km,391 km,"8,9 km/l","7,1 km/l",,Correia dentada,122 cv,115 cv,"16,4 kgfm","15,5 kgfm","0,32",,,,,,,,,,,,,,,,,,,,,,,
peugeot,208,208,208-active-1-5-2015,208-active-1-5-2015,https://www.fichacompleta.com.br/carros/peugeot/208-active-1-5-2015,2026-06-17T21:20:51.542490,Peugeot 208 Active 1.5 2015,"10,9 s",181 km/h,Embreagem monodisco a seco,Manual,MA/5,5,Dianteira,Injeção multiponto,Natural,1449 cm³,4 em linha,TU4M,"Único no cabeçote, correia dentada",82 mm,75 mm,Transversal,Dianteiro,"11,6 kg/cv","75,8 kg/kgfm","64,2 cv/litro",93 cv (A) 89 cv (G) a 5500 rpm,"12,5:1",,"9,8 kgfm/litro","14,2 kgfm (A) 13,5 kgfm (G) a 3000 rpm",2,1472 mm,,3966 mm,2541 mm,1702 mm,1076 kg,285 litros,55 litros,117 mm,Disco sólido,Tambor,Elétrica,"11,2 m","Independente, McPherson",Mola helicoidal,Eixo de torção,787 km,638 km,"14,3 km/l","11,6 km/l",,,,,1475 mm,1470 mm,,,,,,,,,,,,"2,125 m²","0,680 m²","0,32",528 km,440 km,"9,6 km/l",8 km/l,,,,,,,,,,,,,,,,,,,,,,,,,,,,,,
peugeot,208,208,208-active-pack-1-5-2015,208-active-pack-1-5-2015,https://www.fichacompleta.com.br/carros/peugeot/208-active-pack-1-5-2015,2026-06-17T21:20:55.245424,Peugeot 208 Active Pack 1.5 2015,"10,9 s",181 km/h,Embreagem monodisco a seco,Manual,MA/5,5,Dianteira,Injeção multiponto,Natural,1449 cm³,4 em linha,TU4M,"Único no cabeçote, correia dentada",82 mm,75 mm,Transversal,Dianteiro,"11,6 kg/cv","75,8 kg/kgfm","64,2 cv/litro",93 cv (A) 89 cv (G) a 5500 rpm,"12,5:1",,"9,8 kgfm/litro","14,2 kgfm (A) 13,5 kgfm (G) a 3000 rpm",2,1472 mm,,3966 mm,2541 mm,1702 mm,1076 kg,285 litros,55 litros,117 mm,Disco sólido,Tambor,Elétrica,"11,2 m","Independente, McPherson",Mola helicoidal,Eixo de torção,787 km,638 km,"14,3 km/l","11,6 km/l",,,,,1475 mm,1470 mm,,,,,,,,,,,,"2,125 m²","0,680 m²","0,32",528 km,440 km,"9,6 km/l",8 km/l,,,,,,,,,,,,,,,,,,,,,,,,,,,,,,
peugeot,208,208,208-active-pack-1-6-at-2015,208-active-pack-1-6-at-2015,https://www.fichacompleta.com.br/carros/peugeot/208-active-pack-1-6-at-2015,2026-06-17T21:20:57.790704,Peugeot 208 Active Pack 1.6 AT 2015,"10,7 s",191 km/h,Conversor de torque,Automático,AT8,4,Dianteira,Injeção multiponto,Natural,1587 cm³,4 em linha,EC5JP4,Duplo no cabeçote,82 mm,"78,5 mm",Transversal,Dianteiro,"9,6 kg/cv","71,6 kg/kgfm","76,9 cv/litro",122 cv (A) 115 cv (G) a 5800 rpm,11:1,6500 rpm,"10,3 kgfm/litro","16,4 kgfm (A) 15,5 kgfm (G) a 4000 rpm",4,1472 mm,,3966 mm,2541 mm,1702 mm,1175 kg,285 litros,55 litros,117 mm,Disco ventilado,Tambor,Elétrica,"11,2 m","Indep., McPherson",Mola helicoidal,Eixo de torção,605 km,495 km,11 km/l,9 km/l,4,,,"11,2 m",1475 mm,1470 mm,,,5800 rpm,4000 rpm,Hidráulicos,Admissão,,,,,,"2,125 m²","0,680 m²","0,32",462 km,358 km,"8,4 km/l","6,5 km/l",,Correia dentada,122 cv,115 cv,"16,4 kgfm","15,5 kgfm","0,32",,,,,,,,,,,,,,,,,,,,,,,
peugeot,208,208,208-allure-1-5-2015,208-allure-1-5-2015,https://www.fichacompleta.com.br/carros/peugeot/208-allure-1-5-2015,2026-06-17T21:21:01.679812,Peugeot 208 Allure 1.5 2015,"10,9 s",181 km/h,Embreagem monodisco a seco,Manual,MA/5,5,Dianteira,Injeção multiponto,Natural,1449 cm³,4 em linha,TU4M,"Único no cabeçote, correia dentada",82 mm,75 mm,Transversal,Dianteiro,"11,7 kg/cv","76,5 kg/kgfm","64,2 cv/litro",93 cv (A) 89 cv (G) a 5500 rpm,"12,5:1",,"9,8 kgfm/litro","14,2 kgfm (A) 13,5 kgfm (G) a 3000 rpm",2,1472 mm,,3966 mm,2541 mm,1702 mm,1086 kg,285 litros,55 litros,117 mm,Disco sólido,Tambor,Elétrica,"11,2 m","Independente, McPherson",Mola helicoidal,Eixo de torção,787 km,638 km,"14,3 km/l","11,6 km/l",,,,,1475 mm,1470 mm,,,,,,,,,,,,"2,125 m²","0,680 m²","0,32",528 km,440 km,"9,6 km/l",8 km/l,,,,,,,,,,,,,,,,,,,,,,,,,,,,,,
peugeot,208,208,208-griffe-1-6-2015,208-griffe-1-6-2015,https://www.fichacompleta.com.br/carros/peugeot/208-griffe-1-6-2015,2026-06-17T21:21:05.398157,Peugeot 208 Griffe 1.6 2015,"9,7 s",198 km/h,Embreagem monodisco a seco,Manual,MA/5,5,Dianteira,Injeção multiponto,Natural,1587 cm³,4 em linha,EC5JP4,"Duplo no cabeçote, correia dentada",82 mm,"78,5 mm",Transversal,Dianteiro,"9,5 kg/cv","70,3 kg/kgfm","76,9 cv/litro",122 cv (A) 115 cv (G) a 5800 rpm,"12,5:1",,"10,3 kgfm/litro","16,4 kgfm (A) 15,5 kgfm (G) a 4000 rpm",4,1472 mm,,3966 mm,2541 mm,1702 mm,1153 kg,285 litros,55 litros,107 mm,Disco ventilado,Tambor,Elétrica,"11,2 m","Independente, McPherson",Mola helicoidal,Eixo de torção,710 km,583 km,"12,9 km/l","10,6 km/l",,,,,1475 mm,1470 mm,,,,,Hidráulicos,Admissão,,,,,,"2,125 m²","0,680 m²","0,32",490 km,391 km,"8,9 km/l","7,1 km/l",,,,,,,,,,,,,,,,,,,,,,,,,,,,,,
peugeot,208,208,208-griffe-1-6-at-2015,208-griffe-1-6-at-2015,https://www.fichacompleta.com.br/carros/peugeot/208-griffe-1-6-at-2015,2026-06-17T21:21:09.300274,Peugeot 208 Griffe 1.6 AT 2015,"10,7 s",191 km/h,Conversor de torque,Automático,AT8,4,Dianteira,Injeção multiponto,Natural,1587 cm³,4 em linha,EC5JP4,"Duplo no cabeçote, correia dentada",82 mm,"78,5 mm",Transversal,Dianteiro,"9,7 kg/cv","72,5 kg/kgfm","76,9 cv/litro",122 cv (A) 115 cv (G) a 5800 rpm,"12,5:1",,"10,3 kgfm/litro","16,4 kgfm (A) 15,5 kgfm (G) a 4000 rpm",4,1472 mm,,3966 mm,2541 mm,1702 mm,1189 kg,285 litros,55 litros,107 mm,Disco ventilado,Tambor,Elétrica,"11,2 m","Independente, McPherson",Mola helicoidal,Eixo de torção,605 km,495 km,11 km/l,9 km/l,,,,,1475 mm,1470 mm,,,,,Hidráulicos,Admissão,,,,,,"2,125 m²","0,680 m²","0,32",462 km,358 km,"8,4 km/l","6,5 km/l",,,,,,,,,,,,,,,,,,,,,,,,,,,,,,
peugeot,208,208,208-active-1-5-2016,208-active-1-5-2016,https://www.fichacompleta.com.br/carros/peugeot/208-active-1-5-2016,2026-06-17T21:21:12.579559,Peugeot 208 Active 1.5 2016,"10,9 s",181 km/h,Embreagem monodisco a seco,Manual,MA/5,5,Dianteira,Injeção multiponto,Natural,1449 cm³,4 em linha,TU4M,"Único no cabeçote, correia dentada",,,Transversal,Dianteiro,"11,5 kg/cv","75,3 kg/kgfm","64,2 cv/litro",93 cv (A) 89 cv (G) a 5500 rpm,"12,5:1",,"9,8 kgfm/litro","14,2 kgfm (A) 13,5 kgfm (G) a 3000 rpm",2,1472 mm,,3966 mm,2541 mm,1702 mm,1069 kg,285 litros,55 litros,117 mm,Disco sólido,Tambor,Elétrica,"11,2 m","Independente, McPherson",Mola helicoidal,Eixo de torção,787 km,638 km,"14,3 km/l","11,6 km/l",,,,,1475 mm,1470 mm,82 mm,75 mm,,,,,,,,,,"2,125 m²","0,680 m²","0,32",528 km,440 km,"9,6 km/l",8 km/l,,,,,,,,,,,,,,,,,,,,,,,,,,,,,,
peugeot,208,208,208-active-pack-1-5-2016,208-active-pack-1-5-2016,https://www.fichacompleta.com.br/carros/peugeot/208-active-pack-1-5-2016,2026-06-17T21:21:17.150129,Peugeot 208 Active Pack 1.5 2016,"10,9 s",181 km/h,Embreagem monodisco a seco,Manual,MA/5,5,Dianteira,Injeção multiponto,Natural,1449 cm³,4 em linha,TU4M,"Único no cabeçote, correia dentada",82 mm,75 mm,Transversal,Dianteiro,"11,6 kg/cv","75,8 kg/kgfm","64,2 cv/litro",93 cv (A) 89 cv (G) a 5500 rpm,"12,5:1",,"9,8 kgfm/litro","14,2 kgfm (A) 13,5 kgfm (G) a 3000 rpm",2,1472 mm,,3966 mm,2541 mm,1702 mm,1077 kg,285 litros,55 litros,117 mm,Disco sólido,Tambor,Elétrica,"11,2 m","Independente, McPherson",Mola helicoidal,Eixo de torção,787 km,638 km,"14,3 km/l","11,6 km/l",,,,,1475 mm,1470 mm,,,,,,,,,,,,"2,125 m²","0,680 m²","0,32",528 km,440 km,"9,6 km/l",8 km/l,,,,,,,,,,,,,,,,,,,,,,,,,,,,,,
peugeot,208,208,208-allure-1-5-2016,208-allure-1-5-2016,https://www.fichacompleta.com.br/carros/peugeot/208-allure-1-5-2016,2026-06-17T21:21:20.563351,Peugeot 208 Allure 1.5 2016,"10,9 s",181 km/h,Embreagem monodisco a seco,Manual,MA/5,5,Dianteira,Injeção multiponto,Natural,1449 cm³,4 em linha,TU4M,"Único no cabeçote, correia dentada",,,Transversal,Dianteiro,"11,8 kg/cv","77,5 kg/kgfm","64,2 cv/litro",93 cv (A) 89 cv (G) a 5500 rpm,"12,5:1",,"9,8 kgfm/litro","14,2 kgfm (A) 13,5 kgfm (G) a 3000 rpm",2,1472 mm,,3966 mm,2541 mm,1702 mm,1101 kg,285 litros,55 litros,117 mm,Disco sólido,Tambor,Elétrica,"11,2 m","Independente, McPherson",Mola helicoidal,Eixo de torção,787 km,638 km,"14,3 km/l","11,6 km/l",,,,,1475 mm,1470 mm,82 mm,75 mm,,,,,,,,,,"2,125 m²","0,680 m²","0,32",528 km,440 km,"9,6 km/l",8 km/l,,,,,,,,,,,,,,,,,,,,,,,,,,,,,,
peugeot,208,208,208-allure-1-6-at-2016,208-allure-1-6-at-2016,https://www.fichacompleta.com.br/carros/peugeot/208-allure-1-6-at-2016,2026-06-17T21:21:23.629656,Peugeot 208 Allure 1.6 AT 2016,"10,7 s",191 km/h,Conversor de torque,Automático,AT8,4,Dianteira,Injeção multiponto,Natural,1587 cm³,4 em linha,EC5JP4,"Duplo no cabeçote, correia dentada",82 mm,"78,5 mm",Transversal,Dianteiro,"9,6 kg/cv","71,6 kg/kgfm","76,9 cv/litro",122 cv (A) 115 cv (G) a 5800 rpm,"12,5:1",,"10,3 kgfm/litro","16,4 kgfm (A) 15,5 kgfm (G) a 4000 rpm",4,1472 mm,,3966 mm,2541 mm,1702 mm,1175 kg,285 litros,55 litros,117 mm,Disco ventilado,Tambor,Elétrica,"11,2 m","Independente, McPherson",Mola helicoidal,Eixo de torção,605 km,495 km,11 km/l,9 km/l,,,,,1475 mm,1470 mm,,,,,Hidráulicos,Admissão,,,,,,"2,125 m²","0,680 m²","0,32",462 km,358 km,"8,4 km/l","6,5 km/l",,,,,,,,,,,,,,,,,,,,,,,,,,,,,,
peugeot,208,208,208-allure-in-concert-1-5-2016,208-allure-in-concert-1-5-2016,https://www.fichacompleta.com.br/carros/peugeot/208-allure-in-concert-1-5-2016,2026-06-17T21:21:26.390579,Peugeot 208 Allure In Concert 1.5 2016,"10,9 s",181 km/h,Embreagem monodisco a seco,Manual,MA/5,,Dianteira,Injeção multiponto,Natural,,4 em linha,TU4M,Único no cabeçote,82 mm,75 mm,Transversal,Dianteiro,"11,84 kg/cv","77,5 kg/kgfm","64,2 cv/litro",,"12,5:1",,"9,8 kgfm/litro",,2,1472 mm,,3966 mm,2541 mm,1702 mm,1101 kg,285 litros,55 litros,117 mm,Disco sólido,Tambor,Elétrica,,"Indep., McPherson",Mola helicoidal,Eixo de torção,787 km,638 km,"14,3 km/l","11,6 km/l",5,5500 rpm,3000 rpm,"11,2 m",1475 mm,1470 mm,,,,,Mecânicos,,,,,,,"2,125 m²","0,680 m²",,528 km,440 km,"9,6 km/l",8 km/l,,Correia dentada,93 cv,89 cv,"14,2 kgfm","13,5 kgfm","0,32",362 cm³,1449 cm³,,,,,,,,,,,,,,,,,,,,,
peugeot,208,208,208-allure-in-concert-1-6-at-2016,208-allure-in-concert-1-6-at-2016,https://www.fichacompleta.com.br/carros/peugeot/208-allure-in-concert-1-6-at-2016,2026-06-17T21:21:31.246093,Peugeot 208 Allure In Concert 1.6 AT 2016,"10,7 s",191 km/h,Conversor de torque,Automático,AT8,,Dianteira,Injeção multiponto,Natural,,4 em linha,EC5JP4,Duplo no cabeçote,82 mm,"78,5 mm",Transversal,Dianteiro,"9,63 kg/cv","71,6 kg/kgfm","76,9 cv/litro",,11:1,6500 rpm,"10,3 kgfm/litro",,4,1472 mm,,3966 mm,2541 mm,1702 mm,1175 kg,285 litros,55 litros,117 mm,Disco ventilado,Tambor,Elétrica,,"Indep., McPherson",Mola helicoidal,Eixo de torção,605 km,495 km,11 km/l,9 km/l,4,5800 rpm,4000 rpm,"11,2 m",1475 mm,1470 mm,,,,,Hidráulicos,Admissão,,,,,,"2,125 m²","0,680 m²",,462 km,358 km,"8,4 km/l","6,5 km/l",,Correia dentada,122 cv,115 cv,"16,4 kgfm","15,5 kgfm","0,32",397 cm³,1587 cm³,,,,,,,,,,,,,,,,,,,,,
peugeot,208,208,208-griffe-1-6-2016,208-griffe-1-6-2016,https://www.fichacompleta.com.br/carros/peugeot/208-griffe-1-6-2016,2026-06-17T21:21:35.761293,Peugeot 208 Griffe 1.6 2016,"9,7 s",198 km/h,Embreagem monodisco a seco,Manual,MA/5,5,Dianteira,Injeção multiponto,Natural,1587 cm³,4 em linha,EC5JP4,"Duplo no cabeçote, correia dentada",82 mm,"78,5 mm",Transversal,Dianteiro,"9,5 kg/cv","70,4 kg/kgfm","76,9 cv/litro",122 cv (A) 115 cv (G) a 5800 rpm,"12,5:1",,"10,3 kgfm/litro","16,4 kgfm (A) 15,5 kgfm (G) a 4000 rpm",4,1472 mm,,3966 mm,2541 mm,1702 mm,1154 kg,285 litros,55 litros,107 mm,Disco ventilado,Tambor,Elétrica,"11,2 m","Independente, McPherson",Mola helicoidal,Eixo de torção,710 km,583 km,"12,9 km/l","10,6 km/l",,,,,1475 mm,1470 mm,,,,,Hidráulicos,Admissão,,,,,,"2,125 m²","0,680 m²","0,32",490 km,391 km,"8,9 km/l","7,1 km/l",,,,,,,,,,,,,,,,,,,,,,,,,,,,,,
peugeot,208,208,208-griffe-1-6-at-2016,208-griffe-1-6-at-2016,https://www.fichacompleta.com.br/carros/peugeot/208-griffe-1-6-at-2016,2026-06-17T21:21:39.434684,Peugeot 208 Griffe 1.6 AT 2016,"10,7 s",191 km/h,Conversor de torque,Automático,AT8,4,Dianteira,Injeção multiponto,Natural,1587 cm³,4 em linha,EC5JP4,"Duplo no cabeçote, correia dentada",,,Transversal,Dianteiro,"9,7 kg/cv","72,3 kg/kgfm","76,9 cv/litro",122 cv (A) 115 cv (G) a 5800 rpm,"12,5:1",,"10,3 kgfm/litro","16,4 kgfm (A) 15,5 kgfm (G) a 4000 rpm",4,1472 mm,,3966 mm,2541 mm,1702 mm,1186 kg,285 litros,55 litros,107 mm,Disco ventilado,Tambor,Elétrica,"11,2 m","Independente, McPherson",Mola helicoidal,Eixo de torção,605 km,495 km,11 km/l,9 km/l,,,,,1475 mm,1470 mm,82 mm,"78,5 mm",,,Hidráulicos,Admissão,,,,,,"2,125 m²","0,680 m²","0,32",462 km,358 km,"8,4 km/l","6,5 km/l",,,,,,,,,,,,,,,,,,,,,,,,,,,,,,
peugeot,208,208,208-gt-1-6-turbo-2016,208-gt-1-6-turbo-2016,https://www.fichacompleta.com.br/carros/peugeot/208-gt-1-6-turbo-2016,2026-06-17T21:21:43.208932,Peugeot 208 GT 1.6 Turbo 2016,"7,6 s",222 km/h,Embreagem monodisco a seco,Manual,MCB/6,6,Dianteira,Injeção direta,Turbocompressor,1598 cm³,4 em linha,EP6FDT M,"Duplo no cabeçote, corrente","85,8 mm",77 mm,Transversal,Dianteiro,"6,9 kg/cv","48,8 kg/kgfm","108,3 cv/litro",173 cv (A) 166 cv (G) a 6000 rpm,"10,2:1",6500 rpm,"15,3 kgfm/litro","24,5 kgfm (A) 24,5 kgfm (G) a 1400 rpm",4,1472 mm,400 kg,3975 mm,2541 mm,1702 mm,1196 kg,285 litros,55 litros,92 mm,Disco ventilado,Disco sólido,Elétrica,"11,2 m","Independente, McPherson",Mola helicoidal,Eixo de torção,759 km,660 km,"13,8 km/l",12 km/l,,,,,1475 mm,1470 mm,,,,,Hidráulicos,Admissão,,,400 kg,400 kg,,"2,11 m²","0,696 m²","0,33",523 km,451 km,"9,5 km/l","8,2 km/l",,,,,,,,,,,,,,,,,,,,,,,,,,,,,,
peugeot,208,208,208-active-1-2-2017-flex,208-active-1-2-2017-flex,https://www.fichacompleta.com.br/carros/peugeot/208-active-1-2-2017-flex,2026-06-17T21:21:46.830733,Peugeot 208 Active 1.2 2017,"12,8 s",177 km/h,Embreagem monodisco a seco,Manual,MA/5,,Dianteira,Injeção multiponto,Natural,,3 em linha,EB2FF,Duplo no cabeçote,"90,5 mm",75 mm,Transversal,Dianteiro,"11,62 kg/cv","80,5 kg/kgfm","75,1 cv/litro",,"12,5:1",6500 rpm,"10,8 kgfm/litro",,4,1472 mm,,3975 mm,2541 mm,1702 mm,1046 kg,285 litros,55 litros,117 mm,Disco sólido,Tambor,Elétrica,,"Indep., McPherson",Mola helicoidal,Eixo de torção,929 km,831 km,"16,9 km/l","15,1 km/l",5,5750 rpm,2750 rpm,"11,2 m",1475 mm,1470 mm,,,,,Mecânicos,Admissão e escape,,,,,,"2,11 m²","0,696 m²",,644 km,600 km,"11,7 km/l","10,9 km/l",,Correia dentada,90 cv,84 cv,13 kgfm,"12,2 kgfm","0,33",400 cm³,1199 cm³,0W-30 ³,,,,,,,,,,,,,,,,,,,,
peugeot,208,208,208-active-1-2-2017,208-active-1-2-2017,https://www.fichacompleta.com.br/carros/peugeot/208-active-1-2-2017,2026-06-17T21:21:49.501547,Peugeot 208 Active 1.2 2017,"12,8 s",177 km/h,Embreagem monodisco a seco,Manual,MA/5,5,Dianteira,Injeção multiponto,Natural,1199 cm³,3 em linha,EB2FF,"Duplo no cabeçote, correia dentada","90,5 mm",75 mm,Transversal,Dianteiro,"11,6 kg/cv","80,5 kg/kgfm","75,1 cv/litro",90 cv (A) 84 cv (G) a 5750 rpm,"12,5:1",6500 rpm,"10,8 kgfm/litro","13 kgfm (A) 12,2 kgfm (G) a 2750 rpm",4,1472 mm,,3975 mm,2541 mm,1702 mm,1046 kg,285 litros,55 litros,117 mm,Disco sólido,Tambor,Elétrica,"11,2 m","Independente, McPherson",Mola helicoidal,Eixo de torção,929 km,831 km,"16,9 km/l","15,1 km/l",,,,,1475 mm,1470 mm,,,,,Mecânicos,Admissão e escape,,,,,,"2,11 m²","0,696 m²","0,33",644 km,600 km,"11,7 km/l","10,9 km/l",,,,,,,,,,,,,,,,,,,,,,,,,,,,,,
peugeot,208,208,208-active-pack-1-2-2017,208-active-pack-1-2-2017,https://www.fichacompleta.com.br/carros/peugeot/208-active-pack-1-2-2017,2026-06-17T21:21:54.192015,Peugeot 208 Active Pack 1.2 2017,"12,8 s",177 km/h,Embreagem monodisco a seco,Manual,MA/5,5,Dianteira,Injeção multiponto,Natural,1199 cm³,3 em linha,EB2FF,"Duplo no cabeçote, correia dentada","90,5 mm",75 mm,Transversal,Dianteiro,"11,7 kg/cv","81,0 kg/kgfm","75,1 cv/litro",90 cv (A) 84 cv (G) a 5750 rpm,"12,5:1",6500 rpm,"10,8 kgfm/litro","13 kgfm (A) 12,2 kgfm (G) a 2750 rpm",4,1472 mm,,3975 mm,2541 mm,1702 mm,1053 kg,285 litros,55 litros,117 mm,Disco sólido,Tambor,Elétrica,"11,2 m","Independente, McPherson",Mola helicoidal,Eixo de torção,929 km,831 km,"16,9 km/l","15,1 km/l",,,,,1475 mm,1470 mm,,,,,Mecânicos,Admissão e escape,,,,,,"2,11 m²","0,696 m²","0,33",644 km,600 km,"11,7 km/l","10,9 km/l",,,,,,,,,,,,,,,,,,,,,,,,,,,,,,
peugeot,208,208,208-allure-1-2-2017,208-allure-1-2-2017,https://www.fichacompleta.com.br/carros/peugeot/208-allure-1-2-2017,2026-06-17T21:21:56.614053,Peugeot 208 Allure 1.2 2017,"12,8 s",177 km/h,Embreagem monodisco a seco,Manual,MA/5,5,Dianteira,Injeção multiponto,Natural,1199 cm³,3 em linha,EB2FF,"Duplo no cabeçote, correia dentada","90,5 mm",75 mm,Transversal,Dianteiro,"11,9 kg/cv","82,5 kg/kgfm","75,1 cv/litro",90 cv (A) 84 cv (G) a 5750 rpm,"12,5:1",6500 rpm,"10,8 kgfm/litro","13 kgfm (A) 12,2 kgfm (G) a 2750 rpm",4,1472 mm,,3975 mm,2541 mm,1702 mm,1073 kg,285 litros,55 litros,117 mm,Disco sólido,Tambor,Elétrica,"11,2 m","Independente, McPherson",Mola helicoidal,Eixo de torção,929 km,831 km,"16,9 km/l","15,1 km/l",,,,,1475 mm,1470 mm,,,,,Mecânicos,Admissão e escape,,,,,,"2,11 m²","0,696 m²","0,33",644 km,600 km,"11,7 km/l","10,9 km/l",,,,,,,,,,,,,,,,,,,,,,,,,,,,,,
peugeot,208,208,208-allure-1-6-at-2017,208-allure-1-6-at-2017,https://www.fichacompleta.com.br/carros/peugeot/208-allure-1-6-at-2017,2026-06-17T21:22:00.505803,Peugeot 208 Allure 1.6 AT 2017,"10,7 s",191 km/h,Conversor de torque,Automático,AT8,4,Dianteira,Injeção multiponto,Natural,1587 cm³,4 em linha,EC5JP4,"Duplo no cabeçote, correia dentada",82 mm,"78,5 mm",Transversal,Dianteiro,"9,7 kg/cv","71,8 kg/kgfm","76,9 cv/litro",122 cv (A) 115 cv (G) a 5800 rpm,"12,5:1",,"10,3 kgfm/litro","16,4 kgfm (A) 15,5 kgfm (G) a 4000 rpm",4,1472 mm,,3975 mm,2541 mm,1702 mm,1178 kg,285 litros,55 litros,117 mm,Disco ventilado,Tambor,Elétrica,"11,2 m","Independente, McPherson",Mola helicoidal,Eixo de torção,715 km,644 km,13 km/l,"11,7 km/l",,,,,1475 mm,1470 mm,,,,,Hidráulicos,Admissão,,,,,,"2,11 m²","0,696 m²","0,33",501 km,446 km,"9,1 km/l","8,1 km/l",,,,,,,,,,,,,,,,,,,,,,,,,,,,,,
peugeot,208,208,208-griffe-1-6-2017,208-griffe-1-6-2017,https://www.fichacompleta.com.br/carros/peugeot/208-griffe-1-6-2017,2026-06-17T21:22:04.404433,Peugeot 208 Griffe 1.6 2017,"9,7 s",198 km/h,Embreagem monodisco a seco,Manual,MA/5,,Dianteira,Injeção multiponto,Natural,,4 em linha,EC5JP4,Duplo no cabeçote,82 mm,"78,5 mm",Transversal,Dianteiro,"9,46 kg/cv","70,4 kg/kgfm","76,9 cv/litro",,11:1,6500 rpm,"10,3 kgfm/litro",,4,1472 mm,,3966 mm,2541 mm,1702 mm,1154 kg,285 litros,55 litros,107 mm,Disco ventilado,Tambor,Elétrica,,"Indep., McPherson",Mola helicoidal,Eixo de torção,710 km,583 km,"12,9 km/l","10,6 km/l",5,5800 rpm,4000 rpm,"11,2 m",1475 mm,1470 mm,,,,,Hidráulicos,Admissão,,,,,,"2,125 m²","0,680 m²",,490 km,391 km,"8,9 km/l","7,1 km/l",,Correia dentada,122 cv,115 cv,"16,4 kgfm","15,5 kgfm","0,32",397 cm³,1587 cm³,0W-30 ³,,,,,,,,,,,,,,,,,,,,
peugeot,208,208,208-griffe-1-6-at-2017,208-griffe-1-6-at-2017,https://www.fichacompleta.com.br/carros/peugeot/208-griffe-1-6-at-2017,2026-06-17T21:22:07.232024,Peugeot 208 Griffe 1.6 AT 2017,"10,7 s",191 km/h,Conversor de torque,Automático,AT8,4,Dianteira,Injeção multiponto,Natural,1587 cm³,4 em linha,EC5JP4,"Duplo no cabeçote, correia dentada",82 mm,"78,5 mm",Transversal,Dianteiro,"9,7 kg/cv","72,0 kg/kgfm","76,9 cv/litro",122 cv (A) 115 cv (G) a 5800 rpm,"12,5:1",,"10,3 kgfm/litro","16,4 kgfm (A) 15,5 kgfm (G) a 4000 rpm",4,1472 mm,,3975 mm,2541 mm,1702 mm,1181 kg,285 litros,55 litros,107 mm,Disco ventilado,Tambor,Elétrica,"11,2 m","Independente, McPherson",Mola helicoidal,Eixo de torção,715 km,644 km,13 km/l,"11,7 km/l",,,,,1475 mm,1470 mm,,,,,Hidráulicos,Admissão,,,,,,"2,11 m²","0,696 m²","0,33",501 km,446 km,"9,1 km/l","8,1 km/l",,,,,,,,,,,,,,,,,,,,,,,,,,,,,,
peugeot,208,208,208-gt-1-6-turbo-2017,208-gt-1-6-turbo-2017,https://www.fichacompleta.com.br/carros/peugeot/208-gt-1-6-turbo-2017,2026-06-17T21:22:11.845083,Peugeot 208 GT 1.6 Turbo 2017,"7,6 s",222 km/h,Embreagem monodisco a seco,Manual,MCB/6,,Dianteira,Injeção direta,Turbocompressor,1598 cm³,4 em linha,EP6FDT M,Duplo no cabeçote,"85,8 mm",77 mm,Transversal,Dianteiro,"6,9 kg/cv","48,8 kg/kgfm","108,3 cv/litro",,"10,2:1",6500 rpm,"15,3 kgfm/litro",,4,1472 mm,400 kg,3975 mm,2541 mm,1702 mm,1196 kg,285 litros,55 litros,92 mm,Disco ventilado,Disco sólido,Elétrica,,"Indep., McPherson",Mola helicoidal,Eixo de torção,759 km,660 km,"13,8 km/l",12 km/l,6,6000 rpm,1400 rpm,"11,2 m",1475 mm,1470 mm,,,,,Hidráulicos,Admissão,,,400 kg,400 kg,,"2,11 m²","0,696 m²",,523 km,451 km,"9,5 km/l","8,2 km/l",,Corrente,173 cv,166 cv,"24,5 kgfm","24,5 kgfm","0,33",,,,,,,,,,,,,,,,,,,,,,,
peugeot,208,208,208-sport-1-6-2017,208-sport-1-6-2017,https://www.fichacompleta.com.br/carros/peugeot/208-sport-1-6-2017,2026-06-17T21:22:15.396054,Peugeot 208 Sport 1.6 2017,"9,7 s",198 km/h,Embreagem monodisco a seco,Manual,MA/5,5,Dianteira,Injeção multiponto,Natural,1587 cm³,4 em linha,EC5JP4,"Duplo no cabeçote, correia dentada",82 mm,"78,5 mm",Transversal,Dianteiro,"9,4 kg/cv","69,9 kg/kgfm","76,9 cv/litro",122 cv (A) 115 cv (G) a 5800 rpm,"12,5:1",,"10,3 kgfm/litro","16,4 kgfm (A) 15,5 kgfm (G) a 4000 rpm",4,1472 mm,,3975 mm,2541 mm,1702 mm,1146 kg,285 litros,55 litros,107 mm,Disco ventilado,Tambor,Elétrica,"11,2 m","Independente, McPherson",Mola helicoidal,Eixo de torção,770 km,677 km,14 km/l,"12,3 km/l",,,,,1475 mm,1470 mm,,,,,Hidráulicos,Admissão,,,,,,"2,11 m²","0,696 m²","0,33",550 km,468 km,10 km/l,"8,5 km/l",,,,,,,,,,,,,,,,,,,,,,,,,,,,,,
peugeot,208,208,208-active-1-2-2018,208-active-1-2-2018,https://www.fichacompleta.com.br/carros/peugeot/208-active-1-2-2018,2026-06-17T21:22:19.294046,Peugeot 208 Active 1.2 2018,"12,8 s",177 km/h,Embreagem monodisco a seco,Manual,MA/5,5,Dianteira,Injeção multiponto,Natural,1199 cm³,3 em linha,EB2FF,"Duplo no cabeçote, correia dentada","90,5 mm",75 mm,Transversal,Dianteiro,"11,6 kg/cv","80,5 kg/kgfm","75,1 cv/litro",90 cv (A) 84 cv (G) a 5750 rpm,"12,5:1",6500 rpm,"10,8 kgfm/litro","13 kgfm (A) 12,2 kgfm (G) a 2750 rpm",4,1472 mm,,3975 mm,2541 mm,1702 mm,1046 kg,285 litros,55 litros,117 mm,Disco sólido,Tambor,Elétrica,"11,2 m","Independente, McPherson",Mola helicoidal,Eixo de torção,929 km,831 km,"16,9 km/l","15,1 km/l",,,,,1475 mm,1470 mm,,,,,Mecânicos,Admissão e escape,,,,,,"2,11 m²","0,696 m²","0,33",644 km,600 km,"11,7 km/l","10,9 km/l",,,,,,,,,,,,,,,,,,,,,,,,,,,,,,
peugeot,208,208,208-active-pack-1-2-2018,208-active-pack-1-2-2018,https://www.fichacompleta.com.br/carros/peugeot/208-active-pack-1-2-2018,2026-06-17T21:22:24.979198,Peugeot 208 Active Pack 1.2 2018,"12,8 s",177 km/h,Embreagem monodisco a seco,Manual,MA/5,5,Dianteira,Injeção multiponto,Natural,1199 cm³,3 em linha,EB2FF,"Duplo no cabeçote, correia dentada","90,5 mm",75 mm,Transversal,Dianteiro,"11,7 kg/cv","81,0 kg/kgfm","75,1 cv/litro",90 cv (A) 84 cv (G) a 5750 rpm,"12,5:1",6500 rpm,"10,8 kgfm/litro","13 kgfm (A) 12,2 kgfm (G) a 2750 rpm",4,1472 mm,,3975 mm,2541 mm,1702 mm,1053 kg,285 litros,55 litros,117 mm,Disco sólido,Tambor,Elétrica,"11,2 m","Independente, McPherson",Mola helicoidal,Eixo de torção,929 km,831 km,"16,9 km/l","15,1 km/l",,,,,1475 mm,1470 mm,,,,,Mecânicos,Admissão e escape,,,,,,"2,11 m²","0,696 m²","0,33",644 km,600 km,"11,7 km/l","10,9 km/l",,,,,,,,,,,,,,,,,,,,,,,,,,,,,,
peugeot,208,208,208-allure-1-2-2018,208-allure-1-2-2018,https://www.fichacompleta.com.br/carros/peugeot/208-allure-1-2-2018,2026-06-17T21:22:30.103880,Peugeot 208 Allure 1.2 2018,"12,8 s",177 km/h,Embreagem monodisco a seco,Manual,MA/5,5,Dianteira,Injeção multiponto,Natural,1199 cm³,3 em linha,EB2FF,"Duplo no cabeçote, correia dentada","90,5 mm",75 mm,Transversal,Dianteiro,"11,9 kg/cv","82,5 kg/kgfm","75,1 cv/litro",90 cv (A) 84 cv (G) a 5750 rpm,"12,5:1",6500 rpm,"10,8 kgfm/litro","13 kgfm (A) 12,2 kgfm (G) a 2750 rpm",4,1472 mm,,3975 mm,2541 mm,1702 mm,1073 kg,285 litros,55 litros,117 mm,Disco sólido,Tambor,Elétrica,"11,2 m","Independente, McPherson",Mola helicoidal,Eixo de torção,929 km,831 km,"16,9 km/l","15,1 km/l",,,,,1475 mm,1470 mm,,,,,Mecânicos,Admissão e escape,,,,,,"2,11 m²","0,696 m²","0,33",644 km,600 km,"11,7 km/l","10,9 km/l",,,,,,,,,,,,,,,,,,,,,,,,,,,,,,
peugeot,208,208,208-allure-1-6-at-2018,208-allure-1-6-at-2018,https://www.fichacompleta.com.br/carros/peugeot/208-allure-1-6-at-2018,2026-06-17T21:22:33.433980,Peugeot 208 Allure 1.6 AT 2018,"11,5 s",196 km/h,Conversor de torque,Automático,Aisin TF-71SC,6,Dianteira,Injeção multiponto,Natural,1587 cm³,4 em linha,EC5JP4,"Duplo no cabeçote, correia dentada",82 mm,"78,5 mm",Transversal,Dianteiro,"10,0 kg/cv","73,5 kg/kgfm","74,4 cv/litro",118 cv (A) 115 cv (G) a 5750 rpm,"12,5:1",,"10,1 kgfm/litro","16,1 kgfm (A) 16,1 kgfm (G) a 4000 rpm",4,1472 mm,,3975 mm,2541 mm,1702 mm,1183 kg,285 litros,55 litros,117 mm,Disco ventilado,Tambor,Elétrica,"11,2 m","Independente, McPherson",Mola helicoidal,Eixo de torção,726 km,605 km,"13,2 km/l",11 km/l,,,,,1475 mm,1470 mm,,,,,Hidráulicos,Admissão,,,,,,"2,11 m²","0,696 m²","0,33",512 km,424 km,"9,3 km/l","7,7 km/l",,,,,,,,,,,,,,,,,,,,,,,,,,,,,,
peugeot,208,208,208-griffe-1-6-at-2018,208-griffe-1-6-at-2018,https://www.fichacompleta.com.br/carros/peugeot/208-griffe-1-6-at-2018,2026-06-17T21:22:36.294070,Peugeot 208 Griffe 1.6 AT 2018,"11,5 s",196 km/h,Conversor de torque,Automático,Aisin TF-71SC,6,Dianteira,Injeção multiponto,Natural,1587 cm³,4 em linha,EC5JP4,"Duplo no cabeçote, correia dentada",82 mm,"78,5 mm",Transversal,Dianteiro,"10,2 kg/cv","74,5 kg/kgfm","74,4 cv/litro",118 cv (A) 115 cv (G) a 5750 rpm,"12,5:1",,"10,1 kgfm/litro","16,1 kgfm (A) 16,1 kgfm (G) a 4000 rpm",4,1472 mm,,3975 mm,2541 mm,1702 mm,1200 kg,285 litros,55 litros,107 mm,Disco ventilado,Tambor,Elétrica,"11,2 m","Independente, McPherson",Mola helicoidal,Eixo de torção,726 km,605 km,"13,2 km/l",11 km/l,,,,,1475 mm,1470 mm,,,,,Hidráulicos,Admissão,,,,,,"2,11 m²","0,696 m²","0,33",512 km,424 km,"9,3 km/l","7,7 km/l",,,,,,,,,,,,,,,,,,,,,,,,,,,,,,
peugeot,208,208,208-gt-1-6-turbo-2018,208-gt-1-6-turbo-2018,https://www.fichacompleta.com.br/carros/peugeot/208-gt-1-6-turbo-2018,2026-06-17T21:22:40.000818,Peugeot 208 GT 1.6 Turbo 2018,"7,6 s",222 km/h,Embreagem monodisco a seco,Manual,MCB/6,6,Dianteira,Injeção direta,Turbocompressor,1598 cm³,4 em linha,EP6FDT M,"Duplo no cabeçote, corrente","85,8 mm",77 mm,Transversal,Dianteiro,"6,9 kg/cv","48,8 kg/kgfm","108,3 cv/litro",173 cv (A) 166 cv (G) a 6000 rpm,"10,2:1",6500 rpm,"15,3 kgfm/litro","24,5 kgfm (A) 24,5 kgfm (G) a 1400 rpm",4,1472 mm,400 kg,3975 mm,2541 mm,1702 mm,1196 kg,285 litros,55 litros,92 mm,Disco ventilado,Disco sólido,Elétrica,"11,2 m","Independente, McPherson",Mola helicoidal,Eixo de torção,759 km,660 km,"13,8 km/l",12 km/l,,,,,1475 mm,1470 mm,,,,,Hidráulicos,Admissão,,,400 kg,400 kg,,"2,11 m²","0,696 m²","0,33",523 km,451 km,"9,5 km/l","8,2 km/l",,,,,,,,,,,,,,,,,,,,,,,,,,,,,,
peugeot,208,208,208-sport-1-6-2018,208-sport-1-6-2018,https://www.fichacompleta.com.br/carros/peugeot/208-sport-1-6-2018,2026-06-17T21:22:42.407790,Peugeot 208 Sport 1.6 2018,"9,7 s",198 km/h,Embreagem monodisco a seco,Manual,MA/5,5,Dianteira,Injeção multiponto,Natural,1587 cm³,4 em linha,EC5JP4,"Duplo no cabeçote, correia dentada",82 mm,"78,5 mm",Transversal,Dianteiro,"9,4 kg/cv","69,9 kg/kgfm","76,9 cv/litro",122 cv (A) 115 cv (G) a 5800 rpm,"12,5:1",,"10,3 kgfm/litro","16,4 kgfm (A) 15,5 kgfm (G) a 4000 rpm",4,1472 mm,,3975 mm,2541 mm,1702 mm,1146 kg,285 litros,55 litros,107 mm,Disco ventilado,Tambor,Elétrica,"11,2 m","Independente, McPherson",Mola helicoidal,Eixo de torção,770 km,677 km,14 km/l,"12,3 km/l",,,,,1475 mm,1470 mm,,,,,Hidráulicos,Admissão,,,,,,"2,11 m²","0,696 m²","0,33",550 km,468 km,10 km/l,"8,5 km/l",,,,,,,,,,,,,,,,,,,,,,,,,,,,,,
peugeot,208,208,208-urbantech-1-6-at-2018,208-urbantech-1-6-at-2018,https://www.fichacompleta.com.br/carros/peugeot/208-urbantech-1-6-at-2018,2026-06-17T21:22:46.280702,Peugeot 208 Urbantech 1.6 AT 2018,"11,5 s",196 km/h,Conversor de torque,Automático,Aisin TF-71SC,6,Dianteira,Injeção multiponto,Natural,1587 cm³,4 em linha,EC5JP4,"Duplo no cabeçote, correia dentada",82 mm,"78,5 mm",Transversal,Dianteiro,"10,2 kg/cv","74,5 kg/kgfm","74,4 cv/litro",118 cv (A) 115 cv (G) a 5750 rpm,"12,5:1",,"10,1 kgfm/litro","16,1 kgfm (A) 16,1 kgfm (G) a 4000 rpm",4,1472 mm,,3975 mm,2541 mm,1702 mm,1200 kg,285 litros,55 litros,92 mm,Disco ventilado,Tambor,Elétrica,"11,2 m","Independente, McPherson",Mola helicoidal,Eixo de torção,726 km,605 km,"13,2 km/l",11 km/l,,,,,1475 mm,1470 mm,,,,,Hidráulicos,Admissão,,,,,,"2,11 m²","0,696 m²","0,33",512 km,424 km,"9,3 km/l","7,7 km/l",,,,,,,,,,,,,,,,,,,,,,,,,,,,,,
peugeot,208,208,208-active-1-2-2019,208-active-1-2-2019,https://www.fichacompleta.com.br/carros/peugeot/208-active-1-2-2019,2026-06-17T21:22:49.802931,Peugeot 208 Active 1.2 2019,"12,8 s",177 km/h,Embreagem monodisco a seco,Manual,MA/5,5,Dianteira,Injeção multiponto,Natural,1199 cm³,3 em linha,EB2FF,"Duplo no cabeçote, correia dentada","90,5 mm",75 mm,Transversal,Dianteiro,"11,6 kg/cv","80,5 kg/kgfm","75,1 cv/litro",90 cv (A) 84 cv (G) a 5750 rpm,"12,5:1",6500 rpm,"10,8 kgfm/litro","13 kgfm (A) 12,2 kgfm (G) a 2750 rpm",4,1472 mm,,3975 mm,2541 mm,1702 mm,1046 kg,285 litros,55 litros,117 mm,Disco sólido,Tambor,Elétrica,"11,2 m","Independente, McPherson",Mola helicoidal,Eixo de torção,853 km,765 km,"15,5 km/l","13,9 km/l",,,,,1475 mm,1470 mm,,,,,Mecânicos,Admissão e escape,,,,,,"2,11 m²","0,696 m²","0,33",589 km,528 km,"10,7 km/l","9,6 km/l",,,,,,,,,,,,,,,,,,,,,,,,,,,,,,
peugeot,208,208,208-active-pack-1-2-2019,208-active-pack-1-2-2019,https://www.fichacompleta.com.br/carros/peugeot/208-active-pack-1-2-2019,2026-06-17T21:22:54.650744,Peugeot 208 Active Pack 1.2 2019,"12,8 s",177 km/h,Embreagem monodisco a seco,Manual,MA/5,5,Dianteira,Injeção multiponto,Natural,1199 cm³,3 em linha,EB2FF,"Duplo no cabeçote, correia dentada","90,5 mm",75 mm,Transversal,Dianteiro,"11,7 kg/cv","81,0 kg/kgfm","75,1 cv/litro",90 cv (A) 84 cv (G) a 5750 rpm,"12,5:1",6500 rpm,"10,8 kgfm/litro","13 kgfm (A) 12,2 kgfm (G) a 2750 rpm",4,1472 mm,,3975 mm,2541 mm,1702 mm,1053 kg,285 litros,55 litros,117 mm,Disco sólido,Tambor,Elétrica,"11,2 m","Independente, McPherson",Mola helicoidal,Eixo de torção,853 km,765 km,"15,5 km/l","13,9 km/l",,,,,1475 mm,1470 mm,,,,,Mecânicos,Admissão e escape,,,,,,"2,11 m²","0,696 m²","0,33",589 km,528 km,"10,7 km/l","9,6 km/l",,,,,,,,,,,,,,,,,,,,,,,,,,,,,,
peugeot,208,208,208-active-pack-1-6-at-2019,208-active-pack-1-6-at-2019,https://www.fichacompleta.com.br/carros/peugeot/208-active-pack-1-6-at-2019,2026-06-17T21:22:57.426675,Peugeot 208 Active Pack 1.6 AT 2019,"11,5 s",196 km/h,Conversor de torque,Automático,Aisin TF-71SC,6,Dianteira,Injeção multiponto,Natural,1587 cm³,4 em linha,EC5JP4,"Duplo no cabeçote, correia dentada",82 mm,"78,5 mm",Transversal,Dianteiro,"10,0 kg/cv","73,5 kg/kgfm","74,4 cv/litro",118 cv (A) 115 cv (G) a 5750 rpm,"12,5:1",,"10,1 kgfm/litro","16,1 kgfm (A) 16,1 kgfm (G) a 4000 rpm",4,1472 mm,,3975 mm,2541 mm,1702 mm,1183 kg,285 litros,55 litros,117 mm,Disco ventilado,Tambor,Elétrica,"11,2 m","Independente, McPherson",Mola helicoidal,Eixo de torção,726 km,605 km,"13,2 km/l",11 km/l,,,,,1475 mm,1470 mm,,,,,Hidráulicos,Admissão,,,,,,"2,11 m²","0,696 m²","0,33",512 km,424 km,"9,3 km/l","7,7 km/l",,,,,,,,,,,,,,,,,,,,,,,,,,,,,,
peugeot,208,208,208-allure-1-2-2019,208-allure-1-2-2019,https://www.fichacompleta.com.br/carros/peugeot/208-allure-1-2-2019,2026-06-17T21:23:01.734145,Peugeot 208 Allure 1.2 2019,"12,8 s",177 km/h,Embreagem monodisco a seco,Manual,MA/5,5,Dianteira,Injeção multiponto,Natural,1199 cm³,3 em linha,EB2FF,"Duplo no cabeçote, correia dentada","90,5 mm",75 mm,Transversal,Dianteiro,"11,9 kg/cv","82,5 kg/kgfm","75,1 cv/litro",90 cv (A) 84 cv (G) a 5750 rpm,"12,5:1",6500 rpm,"10,8 kgfm/litro","13 kgfm (A) 12,2 kgfm (G) a 2750 rpm",4,1472 mm,,3975 mm,2541 mm,1702 mm,1073 kg,285 litros,55 litros,117 mm,Disco sólido,Tambor,Elétrica,"11,2 m","Independente, McPherson",Mola helicoidal,Eixo de torção,853 km,765 km,"15,5 km/l","13,9 km/l",,,,,1475 mm,1470 mm,,,,,Mecânicos,Admissão e escape,,,,,,"2,11 m²","0,696 m²","0,33",589 km,528 km,"10,7 km/l","9,6 km/l",,,,,,,,,,,,,,,,,,,,,,,,,,,,,,
peugeot,208,208,208-griffe-1-6-at-2019,208-griffe-1-6-at-2019,https://www.fichacompleta.com.br/carros/peugeot/208-griffe-1-6-at-2019,2026-06-17T21:23:05.456796,Peugeot 208 Griffe 1.6 AT 2019,"11,5 s",196 km/h,Conversor de torque,Automático,Aisin TF-71SC,6,Dianteira,Injeção multiponto,Natural,1587 cm³,4 em linha,EC5JP4,"Duplo no cabeçote, correia dentada",82 mm,"78,5 mm",Transversal,Dianteiro,"10,2 kg/cv","74,5 kg/kgfm","74,4 cv/litro",118 cv (A) 115 cv (G) a 5750 rpm,"12,5:1",,"10,1 kgfm/litro","16,1 kgfm (A) 16,1 kgfm (G) a 4000 rpm",4,1472 mm,,3975 mm,2541 mm,1702 mm,1200 kg,285 litros,55 litros,107 mm,Disco ventilado,Tambor,Elétrica,"11,2 m","Independente, McPherson",Mola helicoidal,Eixo de torção,726 km,605 km,"13,2 km/l",11 km/l,,,,,1475 mm,1470 mm,,,,,Hidráulicos,Admissão,,,,,,"2,11 m²","0,696 m²","0,33",512 km,424 km,"9,3 km/l","7,7 km/l",,,,,,,,,,,,,,,,,,,,,,,,,,,,,,
peugeot,208,208,208-griffe-business-1-6-at-pcd-2019,208-griffe-business-1-6-at-pcd-2019,https://www.fichacompleta.com.br/carros/peugeot/208-griffe-business-1-6-at-pcd-2019,2026-06-17T21:23:08.085102,Peugeot 208 Griffe Business 1.6 AT [PCD] 2019,"11,5 s",196 km/h,Conversor de torque,Automático,Aisin TF-71SC,6,Dianteira,Injeção multiponto,Natural,1587 cm³,4 em linha,EC5JP4,"Duplo no cabeçote, correia dentada",82 mm,"78,5 mm",Transversal,Dianteiro,"10,2 kg/cv","74,5 kg/kgfm","74,4 cv/litro",118 cv (A) 115 cv (G) a 5750 rpm,"12,5:1",,"10,1 kgfm/litro","16,1 kgfm (A) 16,1 kgfm (G) a 4000 rpm",4,1472 mm,,3975 mm,2541 mm,1702 mm,1200 kg,285 litros,55 litros,107 mm,Disco ventilado,Tambor,Elétrica,"11,2 m","Independente, McPherson",Mola helicoidal,Eixo de torção,726 km,605 km,"13,2 km/l",11 km/l,,,,,1475 mm,1470 mm,,,,,Hidráulicos,Admissão,,,,,,"2,11 m²","0,696 m²","0,33",512 km,424 km,"9,3 km/l","7,7 km/l",,,,,,,,,,,,,,,,,,,,,,,,,,,,,,
peugeot,208,208,208-gt-1-6-turbo-2019,208-gt-1-6-turbo-2019,https://www.fichacompleta.com.br/carros/peugeot/208-gt-1-6-turbo-2019,2026-06-17T21:23:11.092401,Peugeot 208 GT 1.6 Turbo 2019,"7,6 s",222 km/h,Embreagem monodisco a seco,Manual,MCB/6,6,Dianteira,Injeção direta,Turbocompressor,1598 cm³,4 em linha,EP6FDT M,"Duplo no cabeçote, corrente","85,8 mm",77 mm,Transversal,Dianteiro,"6,9 kg/cv","48,8 kg/kgfm","108,3 cv/litro",173 cv (A) 166 cv (G) a 6000 rpm,"10,2:1",6500 rpm,"15,3 kgfm/litro","24,5 kgfm (A) 24,5 kgfm (G) a 1400 rpm",4,1472 mm,400 kg,3975 mm,2541 mm,1702 mm,1196 kg,285 litros,55 litros,92 mm,Disco ventilado,Disco sólido,Elétrica,"11,2 m","Independente, McPherson",Mola helicoidal,Eixo de torção,759 km,660 km,"13,8 km/l",12 km/l,,,,,1475 mm,1470 mm,,,,,Hidráulicos,Admissão,,,400 kg,400 kg,,"2,11 m²","0,696 m²","0,33",523 km,451 km,"9,5 km/l","8,2 km/l",,,,,,,,,,,,,,,,,,,,,,,,,,,,,,
peugeot,208,208,208-in-concert-1-6-at-2019,208-in-concert-1-6-at-2019,https://www.fichacompleta.com.br/carros/peugeot/208-in-concert-1-6-at-2019,2026-06-17T21:23:15.257766,Peugeot 208 In Concert 1.6 AT 2019,"11,5 s",196 km/h,Conversor de torque,Automático,Aisin TF-71SC,6,Dianteira,Injeção multiponto,Natural,1587 cm³,4 em linha,EC5JP4,"Duplo no cabeçote, correia dentada",82 mm,"78,5 mm",Transversal,Dianteiro,"10,0 kg/cv","73,5 kg/kgfm","74,4 cv/litro",118 cv (A) 115 cv (G) a 5750 rpm,"12,5:1",,"10,1 kgfm/litro","16,1 kgfm (A) 16,1 kgfm (G) a 4000 rpm",4,1472 mm,,3975 mm,2541 mm,1702 mm,1183 kg,285 litros,55 litros,117 mm,Disco ventilado,Tambor,Elétrica,"11,2 m","Independente, McPherson",Mola helicoidal,Eixo de torção,726 km,605 km,"13,2 km/l",11 km/l,,,,,1475 mm,1470 mm,,,,,Hidráulicos,Admissão,,,,,,"2,11 m²","0,696 m²","0,33",512 km,424 km,"9,3 km/l","7,7 km/l",,,,,,,,,,,,,,,,,,,,,,,,,,,,,,
peugeot,208,208,208-active-1-2-2020,208-active-1-2-2020,https://www.fichacompleta.com.br/carros/peugeot/208-active-1-2-2020,2026-06-17T21:23:17.933930,Peugeot 208 Active 1.2 2020,"12,8 s",177 km/h,Embreagem monodisco a seco,Manual,MA/5,5,Dianteira,Injeção multiponto,Natural,1199 cm³,3 em linha,EB2FF,"Duplo no cabeçote, correia dentada",,,Transversal,Dianteiro,"11,6 kg/cv","80,5 kg/kgfm","75,1 cv/litro",90 cv (A) 84 cv (G) a 5750 rpm,"12,5:1",,"10,8 kgfm/litro","13 kgfm (A) 12,2 kgfm (G) a 2750 rpm",4,1472 mm,,3975 mm,2541 mm,1702 mm,1046 kg,285 litros,55 litros,117 mm,195/60 R15,195/60 R15,Elétrica,"11,2 m","Independente, McPherson",Mola helicoidal,Eixo de torção,853 km,765 km,"15,5 km/l","13,9 km/l",,,,,1475 mm,1470 mm,"90,5 mm",75 mm,,,Mecânicos,Admissão e escape,,,,,,"2,11 m²",,"0,33",589 km,528 km,"10,7 km/l","9,6 km/l",,,,,,,,,,,,,,,,,,,,,,,,,,,,,,
peugeot,208,208,208-active-pack-1-6-at-2020,208-active-pack-1-6-at-2020,https://www.fichacompleta.com.br/carros/peugeot/208-active-pack-1-6-at-2020,2026-06-17T21:23:20.641863,Peugeot 208 Active Pack 1.6 AT 2020,"11,5 s",196 km/h,Conversor de torque,Automático,Aisin TF-71SC,,Dianteira,Injeção multiponto,Natural,1587 cm³,4 em linha,EC5JP4,Duplo no cabeçote,82 mm,"78,5 mm",Transversal,Dianteiro,"10,0 kg/cv","73,5 kg/kgfm","74,4 cv/litro",,11:1,6500 rpm,"10,1 kgfm/litro",,4,1472 mm,,3975 mm,2541 mm,1702 mm,1183 kg,285 litros,55 litros,117 mm,Disco ventilado,Tambor,Elétrica,,"Indep., McPherson",Mola helicoidal,Eixo de torção,726 km,605 km,"13,2 km/l",11 km/l,6,5750 rpm,4000 rpm,"11,2 m",1475 mm,1470 mm,,,,,Hidráulicos,Admissão,,,,,,"2,11 m²","0,696 m²",,512 km,424 km,"9,3 km/l","7,7 km/l",,Correia dentada,118 cv,115 cv,"16,1 kgfm","16,1 kgfm","0,33",,,,,,,,,,,,,,,,,,,,,,,
peugeot,208,208,208-allure-1-2-2020,208-allure-1-2-2020,https://www.fichacompleta.com.br/carros/peugeot/208-allure-1-2-2020,2026-06-17T21:23:24.515869,Peugeot 208 Allure 1.2 2020,"12,8 s",177 km/h,Embreagem monodisco a seco,Manual,MA/5,,Dianteira,Injeção multiponto,Natural,1199 cm³,3 em linha,EB2FF,Duplo no cabeçote,"90,5 mm",75 mm,Transversal,Dianteiro,"11,9 kg/cv","82,5 kg/kgfm","75,1 cv/litro",,"12,5:1",6500 rpm,"10,8 kgfm/litro",,4,1472 mm,,3975 mm,2541 mm,1702 mm,1073 kg,285 litros,55 litros,117 mm,Disco sólido,Tambor,Elétrica,,"Indep., McPherson",Mola helicoidal,Eixo de torção,853 km,765 km,"15,5 km/l","13,9 km/l",5,5750 rpm,2750 rpm,"11,2 m",1475 mm,1470 mm,,,,,Mecânicos,Admissão e escape,,,,,,"2,11 m²","0,696 m²",,589 km,528 km,"10,7 km/l","9,6 km/l",,Correia dentada,90 cv,84 cv,13 kgfm,"12,2 kgfm","0,33",,,,,,,,,,,,,,,,,,,,,,,
peugeot,208,208,208-griffe-1-6-at-2020,208-griffe-1-6-at-2020,https://www.fichacompleta.com.br/carros/peugeot/208-griffe-1-6-at-2020,2026-06-17T21:23:28.242979,Peugeot 208 Griffe 1.6 AT 2020,"11,5 s",196 km/h,Conversor de torque,Automático,Aisin TF-71SC,,Dianteira,Injeção multiponto,Natural,1587 cm³,4 em linha,EC5JP4,Duplo no cabeçote,82 mm,"78,5 mm",Transversal,Dianteiro,"10,2 kg/cv","74,5 kg/kgfm","74,4 cv/litro",,11:1,6500 rpm,"10,1 kgfm/litro",,4,1472 mm,,3975 mm,2541 mm,1702 mm,1200 kg,285 litros,55 litros,107 mm,Disco ventilado,Tambor,Elétrica,,"Indep., McPherson",Mola helicoidal,Eixo de torção,726 km,605 km,"13,2 km/l",11 km/l,6,5750 rpm,4000 rpm,"11,2 m",1475 mm,1470 mm,,,,,Hidráulicos,Admissão,,,,,,"2,11 m²","0,696 m²",,512 km,424 km,"9,3 km/l","7,7 km/l",,Correia dentada,118 cv,115 cv,"16,1 kgfm","16,1 kgfm","0,33",,,,,,,,,,,,,,,,,,,,,,,
peugeot,208,208,208-griffe-business-1-6-at-pcd-2020,208-griffe-business-1-6-at-pcd-2020,https://www.fichacompleta.com.br/carros/peugeot/208-griffe-business-1-6-at-pcd-2020,2026-06-17T21:23:30.867569,Peugeot 208 Griffe Business 1.6 AT [PCD] 2020,"11,5 s",196 km/h,Conversor de torque,Automático,Aisin TF-71SC,,Dianteira,Injeção multiponto,Natural,1587 cm³,4 em linha,EC5JP4,Duplo no cabeçote,82 mm,"78,5 mm",Transversal,Dianteiro,"10,2 kg/cv","74,5 kg/kgfm","74,4 cv/litro",,11:1,6500 rpm,"10,1 kgfm/litro",,4,1472 mm,,3975 mm,2541 mm,1702 mm,1200 kg,285 litros,55 litros,107 mm,Disco ventilado,Tambor,Elétrica,,"Indep., McPherson",Mola helicoidal,Eixo de torção,726 km,605 km,"13,2 km/l",11 km/l,6,5750 rpm,4000 rpm,"11,2 m",1475 mm,1470 mm,,,,,Hidráulicos,Admissão,,,,,,"2,11 m²","0,696 m²",,512 km,424 km,"9,3 km/l","7,7 km/l",,Correia dentada,118 cv,115 cv,"16,1 kgfm","16,1 kgfm","0,33",,,,,,,,,,,,,,,,,,,,,,,
peugeot,208,208,208-gt-1-6-turbo-2020,208-gt-1-6-turbo-2020,https://www.fichacompleta.com.br/carros/peugeot/208-gt-1-6-turbo-2020,2026-06-17T21:23:34.660795,Peugeot 208 GT 1.6 Turbo 2020,"7,6 s",222 km/h,Embreagem monodisco a seco,Manual,MCB/6,,Dianteira,Injeção direta,Turbocompressor,1598 cm³,4 em linha,EP6FDT M,Duplo no cabeçote,"85,8 mm",77 mm,Transversal,Dianteiro,"6,9 kg/cv","48,8 kg/kgfm","108,3 cv/litro",,"10,2:1",6500 rpm,"15,3 kgfm/litro",,4,1472 mm,400 kg,3975 mm,2541 mm,1702 mm,1196 kg,285 litros,55 litros,92 mm,Disco ventilado,Disco sólido,Elétrica,,"Indep., McPherson",Mola helicoidal,Eixo de torção,759 km,660 km,"13,8 km/l",12 km/l,6,6000 rpm,1400 rpm,"11,2 m",1475 mm,1470 mm,,,,,Hidráulicos,Admissão,,,400 kg,400 kg,,"2,11 m²","0,696 m²",,523 km,451 km,"9,5 km/l","8,2 km/l",,Corrente,173 cv,166 cv,"24,5 kgfm","24,5 kgfm","0,33",,,,,,,,,,,,,,,,,,,,,,,
peugeot,208,208,208-like-essencial-1-6-2020,208-like-essencial-1-6-2020,https://www.fichacompleta.com.br/carros/peugeot/208-like-essencial-1-6-2020,2026-06-17T21:23:37.425628,Peugeot 208 Like Essencial 1.6 2020,"10,8 s",192 km/h,Embreagem monodisco a seco,Manual,MA/5,,Dianteira,Injeção multiponto,Natural,,4 em linha,EC5JP4,Duplo no cabeçote,82 mm,"78,5 mm",Transversal,Dianteiro,"10,17 kg/cv","77,4 kg/kgfm","74,4 cv/litro",,11:1,6500 rpm,"9,8 kgfm/litro",,4,1453 mm,400 kg,4055 mm,2538 mm,1738 mm,1200 kg,265 litros,47 litros,117 mm,Disco ventilado,Tambor,Elétrica,,"Indep., McPherson",Mola helicoidal,Eixo de torção,616 km,541 km,"13,1 km/l","11,5 km/l",5,5750 rpm,4000 rpm,"10,4 m",1500 mm,1500 mm,,,,,Hidráulicos,Admissão,16 graus,,500 kg,500 kg,125/80 R15,"2,09 m²","0,690 m²",,432 km,371 km,"9,2 km/l","7,9 km/l",,Correia dentada,118 cv,115 cv,"15,5 kgfm","15,4 kgfm","0,33",397 cm³,1587 cm³,,,,,,,,,,,,,,,,,,,,,
peugeot,208,208,208-active-1-6-at-2021,208-active-1-6-at-2021,https://www.fichacompleta.com.br/carros/peugeot/208-active-1-6-at-2021,2026-06-17T21:23:39.846822,Peugeot 208 Active 1.6 AT 2021,12 s,190 km/h,Conversor de torque,Automático,Aisin TF-71SC,,Dianteira,Injeção multiponto,Natural,1587 cm³,4 em linha,EC5JP4,Duplo no cabeçote,82 mm,"78,5 mm",Transversal,Dianteiro,"10,4 kg/cv","79,2 kg/kgfm","74,4 cv/litro",,11:1,6500 rpm,"9,8 kgfm/litro",,4,1453 mm,400 kg,4055 mm,2538 mm,1738 mm,1227 kg,265 litros,47 litros,107 mm,Disco ventilado,Tambor,Elétrica,,"Indep., McPherson",Mola helicoidal,Eixo de torção,616 km,512 km,"13,1 km/l","10,9 km/l",6,,,"10,4 m",1500 mm,1500 mm,,,5750 rpm,4000 rpm,Hidráulicos,Admissão,16 graus,,500 kg,500 kg,125/80 R15,"2,09 m²","0,690 m²",,423 km,353 km,9 km/l,"7,5 km/l",,Correia dentada,,,,,"0,33",,,,118 cv,115 cv,"15,5 kgfm","15,4 kgfm",,,,,,,,,,,,,,,,
peugeot,208,208,208-active-pack-1-6-at-2021,208-active-pack-1-6-at-2021,https://www.fichacompleta.com.br/carros/peugeot/208-active-pack-1-6-at-2021,2026-06-17T21:23:44.740590,Peugeot 208 Active Pack 1.6 AT 2021,12 s,190 km/h,Conversor de torque,Automático,Aisin TF-71SC,,Dianteira,Injeção multiponto,Natural,1587 cm³,4 em linha,EC5JP4,Duplo no cabeçote,82 mm,"78,5 mm",Transversal,Dianteiro,"10,4 kg/cv","79,2 kg/kgfm","74,4 cv/litro",,11:1,6500 rpm,"9,8 kgfm/litro",,4,1453 mm,400 kg,4055 mm,2538 mm,1738 mm,1227 kg,265 litros,47 litros,107 mm,Disco ventilado,Tambor,Elétrica,,"Indep., McPherson",Mola helicoidal,Eixo de torção,616 km,512 km,"13,1 km/l","10,9 km/l",6,5750 rpm,4000 rpm,"10,4 m",1500 mm,1500 mm,,,,,Hidráulicos,Admissão,16 graus,,500 kg,500 kg,125/80 R15,"2,09 m²","0,690 m²",,423 km,353 km,9 km/l,"7,5 km/l",,Correia dentada,118 cv,115 cv,"15,5 kgfm","15,4 kgfm","0,33",,,,,,,,,,,,,,,,,,,,,,,
peugeot,208,208,208-allure-1-6-at-2021,208-allure-1-6-at-2021,https://www.fichacompleta.com.br/carros/peugeot/208-allure-1-6-at-2021,2026-06-17T21:23:49.164047,Peugeot 208 Allure 1.6 AT 2021,12 s,190 km/h,Conversor de torque,Automático,Aisin TF-71SC,6,Dianteira,Injeção multiponto,Natural,1587 cm³,4 em linha,EC5JP4,"Duplo no cabeçote, correia dentada",,,Transversal,Dianteiro,"10,6 kg/cv","80,6 kg/kgfm","74,4 cv/litro",118 cv (A) 115 cv (G) a 5750 rpm,"12,5:1",,"9,8 kgfm/litro","15,5 kgfm (A) 15,4 kgfm (G) a 4000 rpm",4,1453 mm,,4055 mm,2538 mm,1738 mm,1249 kg,265 litros,47 litros,107 mm,Disco ventilado,Tambor,Elétrica,"10,4 m","Independente, McPherson",Mola helicoidal,Eixo de torção,620 km,517 km,"13,2 km/l",11 km/l,,,,,1500 mm,1500 mm,82 mm,"78,5 mm",,,Hidráulicos,Admissão,,,,,,"2,09 m²",,"0,33",437 km,362 km,"9,3 km/l","7,7 km/l",,,,,,,,,,,,,,,,,,,,,,,,,,,,,,
peugeot,208,208,208-e-gt-2021,208-e-gt-2021,https://www.fichacompleta.com.br/carros/peugeot/208-e-gt-2021,2026-06-17T21:23:53.834769,Peugeot 208 e-GT 2021,"8,3 s",150 km/h,,Automático,,,Dianteira,,,,,,,,,,,"11,32 kg/cv","58,08 kg/kgfm",,,,,,,,1453 mm,375 kg,4055 mm,2538 mm,1738 mm,1539 kg,265 litros,,92 mm,Disco ventilado,Disco sólido,Elétrica,,"Indep., McPherson",Mola helicoidal,Eixo de torção,,,,,1,,,"10,4 m",1500 mm,1500 mm,,,,,,,14 graus,,,,Kit de reparo e enchimento,"2,09 m²","0,690 m²",,,,,,112 mm,,,,,,"0,33",,,,,,,,,50 kWh,136 cv (dianteiro),"26,5 kgfm (dianteiro)",340 km,"17,6 kWh/100 km",,,,,,,,,,
peugeot,208,208,208-griffe-1-6-at-2021,208-griffe-1-6-at-2021,https://www.fichacompleta.com.br/carros/peugeot/208-griffe-1-6-at-2021,2026-06-17T21:23:57.351606,Peugeot 208 Griffe 1.6 AT 2021,12 s,190 km/h,Conversor de torque,Automático,Aisin TF-71SC,6,Dianteira,Injeção multiponto,Natural,1587 cm³,4 em linha,EC5JP4,"Duplo no cabeçote, correia dentada",,,Transversal,Dianteiro,"10,6 kg/cv","80,8 kg/kgfm","74,4 cv/litro",118 cv (A) 115 cv (G) a 5750 rpm,"12,5:1",,"9,8 kgfm/litro","15,5 kgfm (A) 15,4 kgfm (G) a 4000 rpm",4,1453 mm,,4055 mm,2538 mm,1738 mm,1252 kg,265 litros,47 litros,107 mm,Disco ventilado,Tambor,Elétrica,"10,4 m","Independente, McPherson",Mola helicoidal,Eixo de torção,620 km,517 km,"13,2 km/l",11 km/l,,,,,1500 mm,1500 mm,82 mm,"78,5 mm",,,Hidráulicos,Admissão,,,,,,"2,09 m²",,"0,33",437 km,362 km,"9,3 km/l","7,7 km/l",,,,,,,,,,,,,,,,,,,,,,,,,,,,,,
peugeot,208,208,208-like-1-6-2021,208-like-1-6-2021,https://www.fichacompleta.com.br/carros/peugeot/208-like-1-6-2021,2026-06-17T21:24:01.807139,Peugeot 208 Like 1.6 2021,"10,8 s",192 km/h,Embreagem monodisco a seco,Manual,MA/5,,Dianteira,Injeção multiponto,Natural,1587 cm³,4 em linha,EC5JP4,Duplo no cabeçote,82 mm,"78,5 mm",Transversal,Dianteiro,"10,2 kg/cv","77,4 kg/kgfm","74,4 cv/litro",,11:1,6500 rpm,"9,8 kgfm/litro",,4,1453 mm,400 kg,4055 mm,2538 mm,1738 mm,1200 kg,265 litros,47 litros,117 mm,Disco ventilado,Tambor,Elétrica,,"Indep., McPherson",Mola helicoidal,Eixo de torção,616 km,541 km,"13,1 km/l","11,5 km/l",5,5750 rpm,4000 rpm,"10,4 m",1500 mm,1500 mm,,,,,Hidráulicos,Admissão,16 graus,,500 kg,500 kg,125/80 R15,"2,09 m²","0,690 m²",,432 km,371 km,"9,2 km/l","7,9 km/l",,Correia dentada,118 cv,115 cv,"15,5 kgfm","15,4 kgfm","0,33",,,,,,,,,,,,,,,,,,,,,,,
peugeot,208,208,208-like-1-6-2021-flex,208-like-1-6-2021-flex,https://www.fichacompleta.com.br/carros/peugeot/208-like-1-6-2021-flex,2026-06-17T21:24:05.207198,Peugeot 208 Like 1.6 2021,"10,8 s",192 km/h,Embreagem monodisco a seco,Manual,MA/5,,Dianteira,Injeção multiponto,Natural,,4 em linha,EC5JP4,Duplo no cabeçote,82 mm,"78,5 mm",Transversal,Dianteiro,"10,17 kg/cv","77,4 kg/kgfm","74,4 cv/litro",,11:1,6500 rpm,"9,8 kgfm/litro",,4,1453 mm,400 kg,4055 mm,2538 mm,1738 mm,1200 kg,265 litros,47 litros,117 mm,Disco ventilado,Tambor,Elétrica,,"Indep., McPherson",Mola helicoidal,Eixo de torção,616 km,541 km,"13,1 km/l","11,5 km/l",5,5750 rpm,4000 rpm,"10,4 m",1500 mm,1500 mm,,,,,Hidráulicos,Admissão,16 graus,,500 kg,500 kg,125/80 R15,"2,09 m²","0,690 m²",,432 km,371 km,"9,2 km/l","7,9 km/l",,Correia dentada,118 cv,115 cv,"15,5 kgfm","15,4 kgfm","0,33",397 cm³,1587 cm³,,,,,,,,,,,,,,,,,,,,,
peugeot,208,208,208-like-essencial-1-6-2021,208-like-essencial-1-6-2021,https://www.fichacompleta.com.br/carros/peugeot/208-like-essencial-1-6-2021,2026-06-17T21:24:08.512088,Peugeot 208 Like Essencial 1.6 2021,"10,8 s",192 km/h,Embreagem monodisco a seco,Manual,MA/5,,Dianteira,Injeção multiponto,Natural,,4 em linha,EC5JP4,Duplo no cabeçote,82 mm,"78,5 mm",Transversal,Dianteiro,"10,17 kg/cv","77,4 kg/kgfm","74,4 cv/litro",,11:1,6500 rpm,"9,8 kgfm/litro",,4,1453 mm,400 kg,4055 mm,2538 mm,1738 mm,1200 kg,265 litros,47 litros,117 mm,Disco ventilado,Tambor,Elétrica,,"Indep., McPherson",Mola helicoidal,Eixo de torção,616 km,541 km,"13,1 km/l","11,5 km/l",5,5750 rpm,4000 rpm,"10,4 m",1500 mm,1500 mm,,,,,Hidráulicos,Admissão,16 graus,,500 kg,500 kg,125/80 R15,"2,09 m²","0,690 m²",,432 km,371 km,"9,2 km/l","7,9 km/l",,Correia dentada,118 cv,115 cv,"15,5 kgfm","15,4 kgfm","0,33",397 cm³,1587 cm³,,,,,,,,,,,,,,,,,,,,,
peugeot,208,208,208-like-pack-1-6-2021,208-like-pack-1-6-2021,https://www.fichacompleta.com.br/carros/peugeot/208-like-pack-1-6-2021,2026-06-17T21:24:12.777309,Peugeot 208 Like Pack 1.6 2021,"10,8 s",192 km/h,Embreagem monodisco a seco,Manual,MA/5,,Dianteira,Injeção multiponto,Natural,1587 cm³,4 em linha,EC5JP4,Duplo no cabeçote,82 mm,"78,5 mm",Transversal,Dianteiro,"10,2 kg/cv","77,4 kg/kgfm","74,4 cv/litro",,11:1,6500 rpm,"9,8 kgfm/litro",,4,1453 mm,400 kg,4055 mm,2538 mm,1738 mm,1200 kg,265 litros,47 litros,117 mm,Disco ventilado,Tambor,Elétrica,,"Indep., McPherson",Mola helicoidal,Eixo de torção,616 km,541 km,"13,1 km/l","11,5 km/l",5,5750 rpm,4000 rpm,"10,4 m",1500 mm,1500 mm,,,,,Hidráulicos,Admissão,16 graus,,500 kg,500 kg,125/80 R15,"2,09 m²","0,690 m²",,432 km,371 km,"9,2 km/l","7,9 km/l",,Correia dentada,118 cv,115 cv,"15,5 kgfm","15,4 kgfm","0,33",,,,,,,,,,,,,,,,,,,,,,,
peugeot,208,208,208-active-1-6-at-2022,208-active-1-6-at-2022,https://www.fichacompleta.com.br/carros/peugeot/208-active-1-6-at-2022,2026-06-17T21:24:17.209345,Peugeot 208 Active 1.6 AT 2022,12 s,190 km/h,Conversor de torque,Automático,Aisin TF-71SC,,Dianteira,Injeção multiponto,Natural,1587 cm³,4 em linha,EC5JP4,Duplo no cabeçote,82 mm,"78,5 mm",Transversal,Dianteiro,"10,4 kg/cv","79,2 kg/kgfm","74,4 cv/litro",,11:1,6500 rpm,"9,8 kgfm/litro",,4,1453 mm,400 kg,4055 mm,2538 mm,1738 mm,1227 kg,265 litros,47 litros,107 mm,Disco ventilado,Tambor,Elétrica,,"Indep., McPherson",Mola helicoidal,Eixo de torção,616 km,512 km,"13,1 km/l","10,9 km/l",6,,,"10,4 m",1500 mm,1500 mm,,,5750 rpm,4000 rpm,Hidráulicos,Admissão,16 graus,,500 kg,500 kg,125/80 R15,"2,09 m²","0,690 m²",,423 km,353 km,9 km/l,"7,5 km/l",,Correia dentada,,,,,"0,33",,,,118 cv,115 cv,"15,5 kgfm","15,4 kgfm",,,,,,,,,,,,,,,,
peugeot,208,208,208-allure-1-6-at-2022,208-allure-1-6-at-2022,https://www.fichacompleta.com.br/carros/peugeot/208-allure-1-6-at-2022,2026-06-17T21:24:21.149366,Peugeot 208 Allure 1.6 AT 2022,12 s,190 km/h,Conversor de torque,Automático,Aisin TF-71SC,,Dianteira,Injeção multiponto,Natural,1587 cm³,4 em linha,EC5JP4,Duplo no cabeçote,82 mm,"78,5 mm",Transversal,Dianteiro,"10,6 kg/cv","80,6 kg/kgfm","74,4 cv/litro",,11:1,6500 rpm,"9,8 kgfm/litro",,4,1453 mm,400 kg,4055 mm,2538 mm,1738 mm,1249 kg,265 litros,47 litros,107 mm,Disco ventilado,Tambor,Elétrica,,"Indep., McPherson",Mola helicoidal,Eixo de torção,616 km,512 km,"13,1 km/l","10,9 km/l",6,,,"10,4 m",1500 mm,1500 mm,,,5750 rpm,4000 rpm,Hidráulicos,Admissão,16 graus,,500 kg,500 kg,125/80 R15,"2,09 m²","0,690 m²",,423 km,353 km,9 km/l,"7,5 km/l",,Correia dentada,,,,,"0,33",,,,118 cv,115 cv,"15,5 kgfm","15,4 kgfm",,,,,,,,,,,,,,,,
peugeot,208,208,208-griffe-1-6-at-2022,208-griffe-1-6-at-2022,https://www.fichacompleta.com.br/carros/peugeot/208-griffe-1-6-at-2022,2026-06-17T21:24:25.288741,Peugeot 208 Griffe 1.6 AT 2022,12 s,190 km/h,Conversor de torque,Automático,Aisin TF-71SC,,Dianteira,Injeção multiponto,Natural,1587 cm³,4 em linha,EC5JP4,Duplo no cabeçote,82 mm,"78,5 mm",Transversal,Dianteiro,"10,6 kg/cv","80,8 kg/kgfm","74,4 cv/litro",,11:1,6500 rpm,"9,8 kgfm/litro",,4,1453 mm,400 kg,4055 mm,2538 mm,1738 mm,1252 kg,265 litros,47 litros,107 mm,Disco ventilado,Tambor,Elétrica,,"Indep., McPherson",Mola helicoidal,Eixo de torção,616 km,512 km,"13,1 km/l","10,9 km/l",6,,,"10,4 m",1500 mm,1500 mm,,,5750 rpm,4000 rpm,Hidráulicos,Admissão,16 graus,,500 kg,500 kg,125/80 R15,"2,09 m²","0,690 m²",,423 km,353 km,9 km/l,"7,5 km/l",,Correia dentada,,,,,"0,33",,,,118 cv,115 cv,"15,5 kgfm","15,4 kgfm",,,,,,,,,,,,,,,,
peugeot,208,208,208-like-1-6-2022,208-like-1-6-2022,https://www.fichacompleta.com.br/carros/peugeot/208-like-1-6-2022,2026-06-17T21:24:27.652697,Peugeot 208 Like 1.6 2022,"10,8 s",192 km/h,Embreagem monodisco a seco,Manual,MA/5,,Dianteira,Injeção multiponto,Natural,1587 cm³,4 em linha,EC5JP4,Duplo no cabeçote,82 mm,"78,5 mm",Transversal,Dianteiro,"10,2 kg/cv","77,4 kg/kgfm","74,4 cv/litro",,11:1,6500 rpm,"9,8 kgfm/litro",,4,1453 mm,400 kg,4055 mm,2538 mm,1738 mm,1200 kg,265 litros,47 litros,117 mm,Disco ventilado,Tambor,Elétrica,,"Indep., McPherson",Mola helicoidal,Eixo de torção,616 km,541 km,"13,1 km/l","11,5 km/l",5,,,"10,4 m",1500 mm,1500 mm,,,5750 rpm,4000 rpm,Hidráulicos,Admissão,16 graus,,500 kg,500 kg,125/80 R15,"2,09 m²","0,690 m²",,432 km,371 km,"9,2 km/l","7,9 km/l",,Correia dentada,,,,,"0,33",,,,118 cv,115 cv,"15,5 kgfm","15,4 kgfm",,,,,,,,,,,,,,,,
peugeot,208,208,208-like-essencial-1-6-2022,208-like-essencial-1-6-2022,https://www.fichacompleta.com.br/carros/peugeot/208-like-essencial-1-6-2022,2026-06-17T21:24:31.878910,Peugeot 208 Like Essencial 1.6 2022,"10,8 s",192 km/h,Embreagem monodisco a seco,Manual,MA/5,,Dianteira,Injeção multiponto,Natural,1587 cm³,4 em linha,EC5JP4,Duplo no cabeçote,82 mm,"78,5 mm",Transversal,Dianteiro,"10,2 kg/cv","77,4 kg/kgfm","74,4 cv/litro",,11:1,6500 rpm,"9,8 kgfm/litro","15,5 kgfm (A)",4,1453 mm,400 kg,4055 mm,2538 mm,1738 mm,1200 kg,265 litros,47 litros,117 mm,Disco ventilado,Tambor,Elétrica,,"Indep., McPherson",Mola helicoidal,Eixo de torção,616 km,541 km,"13,1 km/l","11,5 km/l",5,,,"10,4 m",1500 mm,1500 mm,,,5750 rpm,4000 rpm,Hidráulicos,Admissão,16 graus,,500 kg,500 kg,125/80 R15,"2,09 m²","0,690 m²",,432 km,371 km,"9,2 km/l","7,9 km/l",,Correia dentada,118 cv,115 cv,"15,5 kgfm","15,4 kgfm","0,33",,,,,,,,,,,,,,,,,,,,,,,
peugeot,208,208,208-active-1-6-at-2023,208-active-1-6-at-2023,https://www.fichacompleta.com.br/carros/peugeot/208-active-1-6-at-2023,2026-06-17T21:24:36.073864,Peugeot 208 Active 1.6 AT 2023,12 s,190 km/h,Conversor de torque,Automático,Aisin TF-71SC,,Dianteira,Injeção multiponto,Natural,,4 em linha,EC5JP4,Duplo no cabeçote,82 mm,"78,5 mm",Transversal,Dianteiro,"10,23 kg/cv","78,2 kg/kgfm","75,6 cv/litro",,11:1,6500 rpm,"9,9 kgfm/litro",,4,1453 mm,400 kg,4055 mm,2538 mm,1738 mm,1227 kg,265 litros,47 litros,107 mm,Disco ventilado,Tambor,Elétrica,,"Indep., McPherson",Mola helicoidal,Eixo de torção,606 km,522 km,"12,9 km/l","11,1 km/l",6,6000 rpm,4500 rpm,"10,4 m",1500 mm,1500 mm,,,,,Hidráulicos,Admissão,16 graus,,500 kg,500 kg,125/80 R15,"2,09 m²","0,690 m²",,428 km,362 km,"9,1 km/l","7,7 km/l",165 mm,Correia dentada,120 cv,113 cv,"15,7 kgfm","15,4 kgfm","0,33",397 cm³,1587 cm³,,,,,,,,,,,,,,,,,,,,,
peugeot,208,208,208-allure-1-6-at-2023,208-allure-1-6-at-2023,https://www.fichacompleta.com.br/carros/peugeot/208-allure-1-6-at-2023,2026-06-17T21:24:38.843005,Peugeot 208 Allure 1.6 AT 2023,12 s,190 km/h,Conversor de torque,Automático,Aisin TF-71SC,,Dianteira,Injeção multiponto,Natural,,4 em linha,EC5JP4,Duplo no cabeçote,82 mm,"78,5 mm",Transversal,Dianteiro,"10,41 kg/cv","79,6 kg/kgfm","75,6 cv/litro",,11:1,6500 rpm,"9,9 kgfm/litro",,4,1453 mm,400 kg,4055 mm,2538 mm,1738 mm,1249 kg,265 litros,47 litros,107 mm,Disco ventilado,Tambor,Elétrica,,"Indep., McPherson",Mola helicoidal,Eixo de torção,606 km,522 km,"12,9 km/l","11,1 km/l",6,6000 rpm,4500 rpm,"10,4 m",1500 mm,1500 mm,,,,,Hidráulicos,Admissão,16 graus,,500 kg,500 kg,125/80 R15,"2,09 m²","0,690 m²",,428 km,362 km,"9,1 km/l","7,7 km/l",165 mm,Correia dentada,120 cv,113 cv,"15,7 kgfm","15,4 kgfm","0,33",397 cm³,1587 cm³,,,,,,,,,,,,,,,,,,,,,
peugeot,208,208,208-griffe-1-6-at-2023,208-griffe-1-6-at-2023,https://www.fichacompleta.com.br/carros/peugeot/208-griffe-1-6-at-2023,2026-06-17T21:24:43.507557,Peugeot 208 Griffe 1.6 AT 2023,12 s,190 km/h,Conversor de torque,Automático,Aisin TF-71SC,,Dianteira,Injeção multiponto,Natural,,4 em linha,EC5JP4,Duplo no cabeçote,82 mm,"78,5 mm",Transversal,Dianteiro,"10,43 kg/cv","79,7 kg/kgfm","75,6 cv/litro",,11:1,6500 rpm,"9,9 kgfm/litro",,4,1453 mm,400 kg,4055 mm,2538 mm,1738 mm,1252 kg,265 litros,47 litros,107 mm,Disco ventilado,Tambor,Elétrica,,"Indep., McPherson",Mola helicoidal,Eixo de torção,606 km,522 km,"12,9 km/l","11,1 km/l",6,6000 rpm,4500 rpm,"10,4 m",1500 mm,1500 mm,,,,,Hidráulicos,Admissão,16 graus,,500 kg,500 kg,125/80 R15,"2,09 m²","0,690 m²",,428 km,362 km,"9,1 km/l","7,7 km/l",165 mm,Correia dentada,120 cv,113 cv,"15,7 kgfm","15,4 kgfm","0,33",397 cm³,1587 cm³,,,,,,,,,,,,,,,,,,,,,
peugeot,208,208,208-like-1-0-2023,208-like-1-0-2023,https://www.fichacompleta.com.br/carros/peugeot/208-like-1-0-2023,2026-06-17T21:24:48.138825,Peugeot 208 Like 1.0 2023,"13,4 s",162 km/h,Embreagem monodisco a seco,Manual,C513,,Dianteira,Injeção multiponto,Natural,,3 em linha,Firefly,Único no cabeçote,"86,5 mm",70 mm,Transversal,Dianteiro,"13,96 kg/cv","97,9 kg/kgfm","75,1 cv/litro",,"13,2:1",6500 rpm,"10,7 kgfm/litro",,2,1453 mm,400 kg,4055 mm,2538 mm,1738 mm,1047 kg,265 litros,47 litros,127 mm,Disco ventilado,Tambor,Elétrica,,"Indep., McPherson",Mola helicoidal,Eixo de torção,766 km,691 km,"16,3 km/l","14,7 km/l",5,6000 rpm,3250 rpm,"10,4 m",1500 mm,1500 mm,,,,,Hidráulicos,Admissão e escape,16 graus,,500 kg,500 kg,125/80 R15,"2,09 m²","0,690 m²",,531 km,489 km,"11,3 km/l","10,4 km/l",165 mm,Corrente,75 cv,71 cv,"10,7 kgfm",10 kgfm,"0,33",333 cm³,999 cm³,,,,,,,,,,,,,,,,,,,,,
peugeot,208,208,208-roadtrip-1-6-at-2023,208-roadtrip-1-6-at-2023,https://www.fichacompleta.com.br/carros/peugeot/208-roadtrip-1-6-at-2023,2026-06-17T21:24:50.958243,Peugeot 208 Roadtrip 1.6 AT 2023,12 s,190 km/h,Conversor de torque,Automático,Aisin TF-71SC,,Dianteira,Injeção multiponto,Natural,,4 em linha,EC5JP4,Duplo no cabeçote,82 mm,"78,5 mm",Transversal,Dianteiro,"9,81 kg/cv","75,0 kg/kgfm","75,6 cv/litro",,11:1,6500 rpm,"9,9 kgfm/litro",,4,1453 mm,400 kg,4055 mm,2538 mm,1738 mm,1177 kg,265 litros,47 litros,107 mm,Disco ventilado,Tambor,Elétrica,,"Indep., McPherson",Mola helicoidal,Eixo de torção,606 km,522 km,"12,9 km/l","11,1 km/l",6,6000 rpm,4500 rpm,"10,4 m",1500 mm,1500 mm,,,,,Hidráulicos,Admissão,16 graus,,500 kg,500 kg,125/80 R15,"2,09 m²","0,690 m²",,428 km,362 km,"9,1 km/l","7,7 km/l",165 mm,Correia dentada,120 cv,113 cv,"15,7 kgfm","15,4 kgfm","0,33",397 cm³,1587 cm³,,,,,,,,,,,,,,,,,,,,,
peugeot,208,208,208-style-1-0-2023,208-style-1-0-2023,https://www.fichacompleta.com.br/carros/peugeot/208-style-1-0-2023,2026-06-17T21:24:54.205954,Peugeot 208 Style 1.0 2023,"13,4 s",162 km/h,Embreagem monodisco a seco,Manual,C513,,Dianteira,Injeção multiponto,Natural,,3 em linha,Firefly,Único no cabeçote,"86,5 mm",70 mm,Transversal,Dianteiro,"14,69 kg/cv","103,0 kg/kgfm","75,1 cv/litro",,"13,2:1",6500 rpm,"10,7 kgfm/litro",,2,1453 mm,400 kg,4055 mm,2538 mm,1738 mm,1102 kg,265 litros,47 litros,107 mm,Disco ventilado,Tambor,Elétrica,,"Indep., McPherson",Mola helicoidal,Eixo de torção,729 km,639 km,"15,5 km/l","13,6 km/l",5,6000 rpm,3250 rpm,"10,4 m",1500 mm,1500 mm,,,,,Hidráulicos,Admissão e escape,16 graus,,500 kg,500 kg,125/80 R15,"2,09 m²","0,690 m²",,517 km,451 km,11 km/l,"9,6 km/l",165 mm,Corrente,75 cv,71 cv,"10,7 kgfm",10 kgfm,"0,33",333 cm³,999 cm³,,,,,,,,,,,,,,,,,,,,,
peugeot,208,208,208-active-1-6-at-2024,208-active-1-6-at-2024,https://www.fichacompleta.com.br/carros/peugeot/208-active-1-6-at-2024,2026-06-17T21:24:57.854058,Peugeot 208 Active 1.6 AT 2024,12 s,190 km/h,Conversor de torque,Automático,Aisin TF-71SC,,Dianteira,Injeção multiponto,Natural,,4 em linha,EC5JP4,Duplo no cabeçote,82 mm,"78,5 mm",Transversal,Dianteiro,"9,67 kg/cv","73,9 kg/kgfm","75,6 cv/litro",,11:1,6500 rpm,"9,9 kgfm/litro",,4,1453 mm,400 kg,4055 mm,2538 mm,1738 mm,1160 kg,265 litros,47 litros,107 mm,Disco ventilado,Tambor,Elétrica,,"Indep., McPherson",Mola helicoidal,Eixo de torção,606 km,522 km,"12,9 km/l","11,1 km/l",6,6000 rpm,4500 rpm,"10,4 m",1500 mm,1500 mm,,,,,Hidráulicos,Admissão,16 graus,,500 kg,500 kg,125/80 R15,"2,138 m²","0,770 m²",,428 km,362 km,"9,1 km/l","7,7 km/l",165 mm,Correia dentada,120 cv,113 cv,"15,7 kgfm","15,4 kgfm","0,36",397 cm³,1587 cm³,,,,,,,,,,,,,,,,,,,,,
peugeot,208,208,208-allure-1-0-turbo-2024,208-allure-1-0-turbo-2024,https://www.fichacompleta.com.br/carros/peugeot/208-allure-1-0-turbo-2024,2026-06-17T21:25:00.801001,Peugeot 208 Allure 1.0 Turbo 2024,9 s,206 km/h,Conversor de torque,CVT,,,Dianteira,Injeção direta,Turbocompressor,,3 em linha,GSE T200,Duplo no cabeçote,"86,5 mm",70 mm,Transversal,Dianteiro,"8,90 kg/cv","56,7 kg/kgfm","130,1 cv/litro",,"10,5:1",6500 rpm,"20,4 kgfm/litro",,4,1453 mm,400 kg,4055 mm,2538 mm,1738 mm,1157 kg,265 litros,47 litros,107 mm,Disco ventilado,Tambor,Elétrica,,"Indep., McPherson",Mola helicoidal,Eixo de torção,663 km,588 km,"14,1 km/l","12,5 km/l",7,5750 rpm,1750 rpm,"10,4 m",1500 mm,1500 mm,,,,,Hidráulicos,Admissão,16 graus,,500 kg,500 kg,125/80 R15,"2,138 m²","0,770 m²",,470 km,414 km,10 km/l,"8,8 km/l",165 mm,Corrente,130 cv,125 cv,"20,4 kgfm","20,4 kgfm","0,36",333 cm³,999 cm³,,,,,,,,,,,,,,,,,,,,,
peugeot,208,208,208-griffe-1-0-turbo-2024,208-griffe-1-0-turbo-2024,https://www.fichacompleta.com.br/carros/peugeot/208-griffe-1-0-turbo-2024,2026-06-17T21:25:04.268469,Peugeot 208 Griffe 1.0 Turbo 2024,9 s,206 km/h,Conversor de torque,CVT,,,Dianteira,Injeção direta,Turbocompressor,,3 em linha,GSE T200,Duplo no cabeçote,"86,5 mm",70 mm,Transversal,Dianteiro,"8,99 kg/cv","57,3 kg/kgfm","130,1 cv/litro",,"10,5:1",6500 rpm,"20,4 kgfm/litro",,4,1453 mm,400 kg,4055 mm,2538 mm,1738 mm,1169 kg,265 litros,47 litros,107 mm,Disco ventilado,Tambor,Elétrica,,"Indep., McPherson",Mola helicoidal,Eixo de torção,663 km,588 km,"14,1 km/l","12,5 km/l",7,5750 rpm,1750 rpm,"10,4 m",1500 mm,1500 mm,,,,,Hidráulicos,Admissão,16 graus,,500 kg,500 kg,125/80 R15,"2,138 m²","0,770 m²",,470 km,414 km,10 km/l,"8,8 km/l",165 mm,Corrente,130 cv,125 cv,"20,4 kgfm","20,4 kgfm","0,36",333 cm³,999 cm³,,,,,,,,,,,,,,,,,,,,,
peugeot,208,208,208-griffe-1-6-at-2024,208-griffe-1-6-at-2024,https://www.fichacompleta.com.br/carros/peugeot/208-griffe-1-6-at-2024,2026-06-17T21:25:07.604447,Peugeot 208 Griffe 1.6 AT 2024,12 s,190 km/h,Conversor de torque,Automático,Aisin AWF6F16,,Dianteira,Injeção multiponto,Natural,,4 em linha,EC5JP4,Duplo no cabeçote,82 mm,"78,5 mm",Transversal,Dianteiro,"10,43 kg/cv","79,7 kg/kgfm","75,6 cv/litro",,11:1,6500 rpm,"9,9 kgfm/litro",,4,1453 mm,400 kg,4055 mm,2538 mm,1738 mm,1252 kg,265 litros,47 litros,107 mm,Disco ventilado,Tambor,Elétrica,,"Indep., McPherson",Mola helicoidal,Eixo de torção,606 km,522 km,"12,9 km/l","11,1 km/l",6,6000 rpm,4500 rpm,"10,4 m",1500 mm,1500 mm,,,,,Hidráulicos,Admissão,16 graus,,500 kg,500 kg,125/80 R15,"2,09 m²","0,690 m²",,428 km,362 km,"9,1 km/l","7,7 km/l",165 mm,Correia dentada,120 cv,113 cv,"15,7 kgfm","15,4 kgfm","0,33",397 cm³,1587 cm³,0W-30 ³,,,,,,,,,,,,,,,,,,,,
peugeot,208,208,208-like-1-0-2024,208-like-1-0-2024,https://www.fichacompleta.com.br/carros/peugeot/208-like-1-0-2024,2026-06-17T21:25:10.744216,Peugeot 208 Like 1.0 2024,"14,5 s",164 km/h,Embreagem monodisco a seco,Manual,C513,,Dianteira,Injeção multiponto,Natural,,3 em linha,Firefly,Único no cabeçote,"86,5 mm",70 mm,Transversal,Dianteiro,"14,13 kg/cv","99,1 kg/kgfm","75,1 cv/litro",,"13,2:1",6500 rpm,"10,7 kgfm/litro",,2,1453 mm,400 kg,4055 mm,2538 mm,1738 mm,1060 kg,265 litros,47 litros,120 mm,Disco ventilado,Tambor,Elétrica,,"Indep., McPherson",Mola helicoidal,Eixo de torção,743 km,625 km,"15,8 km/l","13,3 km/l",5,6000 rpm,3250 rpm,"10,4 m",1500 mm,1500 mm,,,,,Hidráulicos,Admissão e escape,16 graus,,500 kg,500 kg,125/80 R15,"2,138 m²","0,770 m²",,522 km,451 km,"11,1 km/l","9,6 km/l",165 mm,Corrente,75 cv,71 cv,"10,7 kgfm",10 kgfm,"0,36",333 cm³,999 cm³,,,,,,,,,,,,,,,,,,,,,
peugeot,208,208,208-roadtrip-1-6-at-2024,208-roadtrip-1-6-at-2024,https://www.fichacompleta.com.br/carros/peugeot/208-roadtrip-1-6-at-2024,2026-06-17T21:25:13.693098,Peugeot 208 Roadtrip 1.6 AT 2024,12 s,190 km/h,Conversor de torque,Automático,Aisin TF-71SC,,Dianteira,Injeção multiponto,Natural,,4 em linha,EC5JP4,Duplo no cabeçote,82 mm,"78,5 mm",Transversal,Dianteiro,"9,81 kg/cv","75,0 kg/kgfm","75,6 cv/litro",,11:1,6500 rpm,"9,9 kgfm/litro",,4,1453 mm,400 kg,4055 mm,2538 mm,1738 mm,1177 kg,265 litros,47 litros,107 mm,Disco ventilado,Tambor,Elétrica,,"Indep., McPherson",Mola helicoidal,Eixo de torção,606 km,522 km,"12,9 km/l","11,1 km/l",6,6000 rpm,4500 rpm,"10,4 m",1500 mm,1500 mm,,,,,Hidráulicos,Admissão,16 graus,,500 kg,500 kg,125/80 R15,"2,138 m²","0,770 m²",,428 km,362 km,"9,1 km/l","7,7 km/l",165 mm,Correia dentada,120 cv,113 cv,"15,7 kgfm","15,4 kgfm","0,36",397 cm³,1587 cm³,,,,,,,,,,,,,,,,,,,,,
peugeot,208,208,208-style-1-0-2024,208-style-1-0-2024,https://www.fichacompleta.com.br/carros/peugeot/208-style-1-0-2024,2026-06-17T21:25:16.325230,Peugeot 208 Style 1.0 2024,"14,5 s",164 km/h,Embreagem monodisco a seco,Manual,C513,,Dianteira,Injeção multiponto,Natural,,3 em linha,Firefly,Único no cabeçote,"86,5 mm",70 mm,Transversal,Dianteiro,"14,69 kg/cv","103,0 kg/kgfm","75,1 cv/litro",,"13,2:1",6500 rpm,"10,7 kgfm/litro",,2,1453 mm,400 kg,4055 mm,2538 mm,1738 mm,1102 kg,265 litros,47 litros,107 mm,Disco ventilado,Tambor,Elétrica,,"Indep., McPherson",Mola helicoidal,Eixo de torção,743 km,625 km,"15,8 km/l","13,3 km/l",5,6000 rpm,3250 rpm,"10,4 m",1500 mm,1500 mm,,,,,Hidráulicos,Admissão e escape,16 graus,,500 kg,500 kg,125/80 R15,"2,138 m²","0,770 m²",,522 km,451 km,"11,1 km/l","9,6 km/l",165 mm,Corrente,75 cv,71 cv,"10,7 kgfm",10 kgfm,"0,36",333 cm³,999 cm³,,,,,,,,,,,,,,,,,,,,,
peugeot,208,208,208-style-1-0-turbo-2024,208-style-1-0-turbo-2024,https://www.fichacompleta.com.br/carros/peugeot/208-style-1-0-turbo-2024,2026-06-17T21:25:19.094208,Peugeot 208 Style 1.0 Turbo 2024,9 s,206 km/h,Conversor de torque,CVT,,,Dianteira,Injeção direta,Turbocompressor,,3 em linha,GSE T200,Duplo no cabeçote,"86,5 mm",70 mm,Transversal,Dianteiro,"9,05 kg/cv","57,7 kg/kgfm","130,1 cv/litro",,"10,5:1",6500 rpm,"20,4 kgfm/litro",,4,1453 mm,400 kg,4055 mm,2538 mm,1738 mm,1177 kg,265 litros,47 litros,92 mm,Disco ventilado,Tambor,Elétrica,,"Indep., McPherson",Mola helicoidal,Eixo de torção,639 km,564 km,"13,6 km/l",12 km/l,7,5750 rpm,1750 rpm,"10,4 m",1500 mm,1500 mm,,,,,Hidráulicos,Admissão,16 graus,,500 kg,500 kg,125/80 R15,"2,138 m²","0,770 m²",,461 km,390 km,"9,8 km/l","8,3 km/l",130 mm,Corrente,130 cv,125 cv,"20,4 kgfm","20,4 kgfm","0,36",333 cm³,999 cm³,,,,,,,,,,,,,,,,,,,,,
peugeot,208,208,208-active-1-0-2025,208-active-1-0-2025,https://www.fichacompleta.com.br/carros/peugeot/208-active-1-0-2025,2026-06-17T21:25:22.275675,Peugeot 208 Active 1.0 2025,"14,5 s",164 km/h,Embreagem monodisco a seco,Manual,C513,,Dianteira,Injeção multiponto,Natural,,3 em linha,Firefly,Único no cabeçote,"86,5 mm",70 mm,Transversal,Dianteiro,"14,13 kg/cv","99,1 kg/kgfm","75,1 cv/litro",,"13,2:1",6500 rpm,"10,7 kgfm/litro",,2,1453 mm,400 kg,4055 mm,2538 mm,1738 mm,1060 kg,265 litros,47 litros,120 mm,Disco ventilado,Tambor,Elétrica,,"Indep., McPherson",Mola helicoidal,Eixo de torção,743 km,625 km,"15,8 km/l","13,3 km/l",5,6000 rpm,3250 rpm,"10,4 m",1500 mm,1500 mm,,,,,Hidráulicos,Admissão e escape,16 graus,,500 kg,500 kg,125/80 R15,"2,138 m²","0,770 m²",,522 km,451 km,"11,1 km/l","9,6 km/l",165 mm,Corrente,75 cv,71 cv,"10,7 kgfm",10 kgfm,"0,36",333 cm³,999 cm³,0W-20 ³,,,,,,,,,,,,,,,,,,,,
peugeot,208,208,208-allure-1-0-turbo-2025,208-allure-1-0-turbo-2025,https://www.fichacompleta.com.br/carros/peugeot/208-allure-1-0-turbo-2025,2026-06-17T21:25:27.124205,Peugeot 208 Allure 1.0 Turbo 2025,9 s,206 km/h,Conversor de torque,CVT,Aisin K313,,Dianteira,Injeção direta,Turbocompressor,,3 em linha,T200,Único no cabeçote,"86,5 mm",70 mm,Transversal,Dianteiro,"9,05 kg/cv","57,7 kg/kgfm","130,1 cv/litro",,"10,5:1",6500 rpm,"20,4 kgfm/litro",,4,1453 mm,400 kg,4055 mm,2538 mm,1738 mm,1177 kg,265 litros,47 litros,107 mm,Disco ventilado,Tambor,Elétrica,,"Indep., McPherson",Mola helicoidal,Eixo de torção,672 km,592 km,"14,3 km/l","12,6 km/l",7,5750 rpm,1750 rpm,"10,4 m",1500 mm,1500 mm,,,,,Hidráulicos,Admissão,16 graus,,500 kg,500 kg,125/80 R15,"2,138 m²","0,770 m²",,475 km,414 km,"10,1 km/l","8,8 km/l",165 mm,Corrente,130 cv,125 cv,"20,4 kgfm","20,4 kgfm","0,36",333 cm³,999 cm³,0W-30 ³,,,,,,,,,,,,,,,,,,,,
peugeot,208,208,208-gt-1-0-turbo-2025,208-gt-1-0-turbo-2025,https://www.fichacompleta.com.br/carros/peugeot/208-gt-1-0-turbo-2025,2026-06-17T21:25:29.702200,Peugeot 208 GT 1.0 Turbo 2025,9 s,206 km/h,Conversor de torque,CVT,,,Dianteira,Injeção direta,Turbocompressor,,3 em linha,T200,Único no cabeçote,"86,5 mm",70 mm,Transversal,Dianteiro,"8,90 kg/cv","56,7 kg/kgfm","130,1 cv/litro",,"10,5:1",6500 rpm,"20,4 kgfm/litro",,4,1453 mm,400 kg,4055 mm,2538 mm,1738 mm,1157 kg,265 litros,47 litros,92 mm,Disco ventilado,Tambor,Elétrica,,"Indep., McPherson",Mola helicoidal,Eixo de torção,663 km,588 km,"14,1 km/l","12,5 km/l",7,5750 rpm,1750 rpm,"10,4 m",1500 mm,1500 mm,,,,,Hidráulicos,Admissão,16 graus,,500 kg,500 kg,125/80 R15,"2,138 m²","0,770 m²",,470 km,414 km,10 km/l,"8,8 km/l",165 mm,Corrente,130 cv,125 cv,"20,4 kgfm","20,4 kgfm","0,36",333 cm³,999 cm³,0W-30 ³,,,,,,,,,,,,,,,,,,,,
peugeot,208,208,208-style-1-0-2025,208-style-1-0-2025,https://www.fichacompleta.com.br/carros/peugeot/208-style-1-0-2025,2026-06-17T21:25:32.363774,Peugeot 208 Style 1.0 2025,"14,5 s",164 km/h,Embreagem monodisco a seco,Manual,C513,,Dianteira,Injeção multiponto,Natural,,3 em linha,Firefly,Único no cabeçote,"86,5 mm",70 mm,Transversal,Dianteiro,"14,69 kg/cv","103,0 kg/kgfm","75,1 cv/litro",,"13,2:1",6500 rpm,"10,7 kgfm/litro",,2,1453 mm,400 kg,4055 mm,2538 mm,1738 mm,1102 kg,265 litros,47 litros,107 mm,Disco ventilado,Tambor,Elétrica,,"Indep., McPherson",Mola helicoidal,Eixo de torção,719 km,639 km,"15,3 km/l","13,6 km/l",5,6000 rpm,3250 rpm,"10,4 m",1500 mm,1500 mm,,,,,Hidráulicos,Admissão e escape,16 graus,,500 kg,500 kg,125/80 R15,"2,138 m²","0,770 m²",,508 km,447 km,"10,8 km/l","9,5 km/l",165 mm,Corrente,75 cv,71 cv,"10,7 kgfm",10 kgfm,"0,36",333 cm³,999 cm³,0W-20 ³,,,,,,,,,,,,,,,,,,,,
peugeot,208,208,208-active-1-0-turbo-2026,208-active-1-0-turbo-2026,https://www.fichacompleta.com.br/carros/peugeot/208-active-1-0-turbo-2026,2026-06-17T21:25:35.918666,Peugeot 208 Active 1.0 Turbo 2026,"8,6 s",205 km/h,Conversor de torque,CVT,Aisin K313,,Dianteira,Injeção direta,Turbocompressor,,3 em linha,T200,Único no cabeçote,"86,5 mm",70 mm,Transversal,Dianteiro,"9,05 kg/cv","57,7 kg/kgfm","130,1 cv/litro",,"10,5:1",6500 rpm,"20,4 kgfm/litro",,4,1453 mm,400 kg,4055 mm,2538 mm,1738 mm,1177 kg,265 litros,47 litros,107 mm,Disco ventilado,Tambor,Elétrica,,"Indep., McPherson",Mola helicoidal,Eixo de torção,672 km,592 km,"14,3 km/l","12,6 km/l",7,5750 rpm,1750 rpm,"10,4 m",1500 mm,1500 mm,,,,,Hidráulicos,Admissão,16 graus,,500 kg,500 kg,125/80 R15,"2,138 m²","0,770 m²",,475 km,414 km,"10,1 km/l","8,8 km/l",165 mm,Corrente,130 cv,125 cv,"20,4 kgfm","20,4 kgfm","0,36",333 cm³,999 cm³,0W-30 ³,,,,,,,,,,,,,,,,,,,,
peugeot,208,208,208-allure-1-0-turbo-2026,208-allure-1-0-turbo-2026,https://www.fichacompleta.com.br/carros/peugeot/208-allure-1-0-turbo-2026,2026-06-17T21:25:39.452774,Peugeot 208 Allure 1.0 Turbo 2026,"8,6 s",205 km/h,Conversor de torque,CVT,Aisin K313,,Dianteira,Injeção direta,Turbocompressor,,3 em linha,T200,Único no cabeçote,"86,5 mm",70 mm,Transversal,Dianteiro,"9,05 kg/cv","57,7 kg/kgfm","130,1 cv/litro",,"10,5:1",6500 rpm,"20,4 kgfm/litro",,4,1453 mm,400 kg,4055 mm,2538 mm,1738 mm,1177 kg,265 litros,47 litros,107 mm,Disco ventilado,Tambor,Elétrica,,"Indep., McPherson",Mola helicoidal,Eixo de torção,672 km,592 km,"14,3 km/l","12,6 km/l",7,5750 rpm,1750 rpm,"10,4 m",1500 mm,1500 mm,,,,,Hidráulicos,Admissão,16 graus,,500 kg,500 kg,125/80 R15,"2,138 m²","0,770 m²",,475 km,414 km,"10,1 km/l","8,8 km/l",165 mm,Corrente,130 cv,125 cv,"20,4 kgfm","20,4 kgfm","0,36",333 cm³,999 cm³,0W-30 ³,,,,,,,,,,,,,,,,,,,,
peugeot,208,208,208-gt-1-0-turbo-hybrid-2026,208-gt-1-0-turbo-hybrid-2026,https://www.fichacompleta.com.br/carros/peugeot/208-gt-1-0-turbo-hybrid-2026,2026-06-17T21:25:41.885385,Peugeot 208 GT 1.0 Turbo Hybrid 2026,"8,6 s",205 km/h,Conversor de torque,CVT,Aisin K313,,Dianteira,Injeção direta,Turbocompressor,,3 em linha,T200,Único no cabeçote,"86,5 mm",70 mm,Transversal,Dianteiro,"291,75 kg/cv","1.167,00 kg/kgfm","130,1 cv/litro",130 cv (A),"10,5:1",6500 rpm,"20,4 kgfm/litro","20,4 kgfm (A)",4,1453 mm,400 kg,4055 mm,2538 mm,1738 mm,1167 kg,265 litros,47 litros,92 mm,Disco ventilado,Tambor,Elétrica,,"Indep., McPherson",Mola helicoidal,Eixo de torção,649 km,611 km,"13,8 km/l",13 km/l,7,5750 rpm,1750 rpm,"10,4 m",1500 mm,1500 mm,,,,,Hidráulicos,Admissão,16 graus,,500 kg,500 kg,125/80 R15,"2,138 m²","0,770 m²",,451 km,428 km,"9,6 km/l","9,1 km/l",165 mm,Corrente,,,,,"0,36",333 cm³,999 cm³,0W-30 ³,,,,,,"0,132 kWh",4 cv (dianteiro),1 kgfm (dianteiro),,,,,,,,,,,,
peugeot,208,208,208-style-1-0-2026,208-style-1-0-2026,https://www.fichacompleta.com.br/carros/peugeot/208-style-1-0-2026,2026-06-17T21:25:45.661216,Peugeot 208 Style 1.0 2026,"14,1 s",161 km/h,Embreagem monodisco a seco,Manual,C513,,Dianteira,Injeção multiponto,Natural,,3 em linha,Firefly,Único no cabeçote,"86,5 mm",70 mm,Transversal,Dianteiro,"14,69 kg/cv","103,0 kg/kgfm","75,1 cv/litro",,"13,2:1",6500 rpm,"10,7 kgfm/litro",,2,1453 mm,400 kg,4055 mm,2538 mm,1738 mm,1102 kg,265 litros,47 litros,107 mm,Disco ventilado,Tambor,Elétrica,,"Indep., McPherson",Mola helicoidal,Eixo de torção,719 km,639 km,"15,3 km/l","13,6 km/l",5,6000 rpm,3250 rpm,"10,4 m",1500 mm,1500 mm,,,,,Hidráulicos,Admissão e escape,16 graus,,500 kg,500 kg,125/80 R15,"2,138 m²","0,770 m²",,508 km,447 km,"10,8 km/l","9,5 km/l",165 mm,Corrente,75 cv,71 cv,"10,7 kgfm",10 kgfm,"0,36",333 cm³,999 cm³,0W-20 ³,,,,,,,,,,,,,,,,,,,,
peugeot,3008,3008,3008-allure-1-6-turbo-2011,3008-allure-1-6-turbo-2011,https://www.fichacompleta.com.br/carros/peugeot/3008-allure-1-6-turbo-2011,2026-06-17T21:26:23.200548,Peugeot 3008 Allure 1.6 Turbo 2011,"9,5 s",202 km/h,Conversor de torque,Automático,Aisin TF-70SC,,Dianteira,Injeção direta,Turbocompressor,1598 cm³,4 em linha,EP6CDT,Duplo no cabeçote,"85,8 mm",77 mm,Transversal,Dianteiro,"9,5 kg/cv","61,7 kg/kgfm","97,6 cv/litro",156 cv,"10,5:1",6800 rpm,"15,0 kgfm/litro",24 kgfm,4,1635 mm,,4365 mm,2613 mm,1837 mm,1480 kg,432 litros,60 litros,113 mm,Disco ventilado,Disco sólido,Eletro-hidráulica,,"Indep., McPherson",Mola helicoidal,Eixo de torção,660 km,522 km,11 km/l,"8,7 km/l",6,,,11 m,1532 mm,1527 mm,,,6000 rpm,1400 rpm,Hidráulicos,Admissão,,,,,,"2,56 m²","0,758 m²",,,,,,150 mm,Corrente,,,,,"0,296",,,,,,,,,,,,,,,,,,,,,,,
peugeot,3008,3008,3008-griffe-1-6-turbo-2011,3008-griffe-1-6-turbo-2011,https://www.fichacompleta.com.br/carros/peugeot/3008-griffe-1-6-turbo-2011,2026-06-17T21:26:27.361663,Peugeot 3008 Griffe 1.6 Turbo 2011,"9,5 s",202 km/h,Conversor de torque,Automático,Aisin TF-70SC,6,Dianteira,Injeção direta,Turbocompressor,1598 cm³,4 em linha,EP6CDT,Duplo no cabeçote,"85,8 mm",77 mm,Transversal,Dianteiro,"9,5 kg/cv","61,7 kg/kgfm","97,6 cv/litro",156 cv,"10,5:1",6800 rpm,"15,0 kgfm/litro",24 kgfm,4,1635 mm,,4365 mm,2613 mm,1837 mm,1480 kg,432 litros,60 litros,113 mm,Disco ventilado,Disco sólido,Eletro-hidráulica,11 m,"Indep., McPherson",Mola helicoidal,Eixo de torção,660 km,522 km,11 km/l,"8,7 km/l",6,,,11 m,1532 mm,1527 mm,,,6000 rpm,1400 rpm,Hidráulicos,Admissão,,,,,,"2,56 m²","0,758 m²","0,296",,,,,150 mm,Corrente,,,,,"0,296",,,,,,,,,,,,,,,,,,,,,,,
peugeot,3008,3008,3008-allure-1-6-turbo-2012,3008-allure-1-6-turbo-2012,https://www.fichacompleta.com.br/carros/peugeot/3008-allure-1-6-turbo-2012,2026-06-17T21:26:32.195166,Peugeot 3008 Allure 1.6 Turbo 2012,"9,9 s",202 km/h,Conversor de torque,Automático,Aisin TF-70SC,6,Dianteira,Injeção direta,Turbocompressor,1598 cm³,4 em linha,EP6CDT M,Duplo no cabeçote,"85,8 mm",77 mm,Transversal,Dianteiro,"9,0 kg/cv","60,4 kg/kgfm","103,3 cv/litro",165 cv,"10,5:1",6800 rpm,"15,3 kgfm/litro","24,5 kgfm",4,1635 mm,,4365 mm,2613 mm,1837 mm,1480 kg,432 litros,60 litros,113 mm,Disco ventilado,Disco sólido,Eletro-hidráulica,11 m,"Indep., McPherson",Mola helicoidal,Eixo de torção,666 km,528 km,"11,1 km/l","8,8 km/l",6,,,11 m,1532 mm,1527 mm,,,6000 rpm,1400 rpm,Hidráulicos,Admissão,,,,,,"2,56 m²","0,758 m²","0,296",,,,,150 mm,Corrente,,,,,"0,296",,,,,,,,,,,,,,,,,,,,,,,
peugeot,3008,3008,3008-griffe-1-6-turbo-2012,3008-griffe-1-6-turbo-2012,https://www.fichacompleta.com.br/carros/peugeot/3008-griffe-1-6-turbo-2012,2026-06-17T21:26:36.229620,Peugeot 3008 Griffe 1.6 Turbo 2012,"9,9 s",202 km/h,Conversor de torque,Automático,Aisin TF-70SC,,Dianteira,Injeção direta,Turbocompressor,1598 cm³,4 em linha,EP6CDT M,Duplo no cabeçote,"85,8 mm",77 mm,Transversal,Dianteiro,"9,0 kg/cv","60,4 kg/kgfm","103,3 cv/litro",165 cv,"10,5:1",6800 rpm,"15,3 kgfm/litro","24,5 kgfm",4,1635 mm,,4365 mm,2613 mm,1837 mm,1480 kg,432 litros,60 litros,113 mm,Disco ventilado,Disco sólido,Eletro-hidráulica,,"Indep., McPherson",Mola helicoidal,Eixo de torção,666 km,528 km,"11,1 km/l","8,8 km/l",6,,,11 m,1532 mm,1527 mm,,,6000 rpm,1400 rpm,Hidráulicos,Admissão,,,,,,"2,56 m²","0,758 m²",,,,,,150 mm,Corrente,,,,,"0,296",,,,,,,,,,,,,,,,,,,,,,,
peugeot,3008,3008,3008-allure-1-6-turbo-2013,3008-allure-1-6-turbo-2013,https://www.fichacompleta.com.br/carros/peugeot/3008-allure-1-6-turbo-2013,2026-06-17T21:26:38.937593,Peugeot 3008 Allure 1.6 Turbo 2013,"9,9 s",202 km/h,Conversor de torque,Automático,Aisin TF-70SC,6,Dianteira,Injeção direta,Turbocompressor,1598 cm³,4 em linha,EP6CDT M,"Duplo no cabeçote, corrente","85,8 mm",77 mm,Transversal,Dianteiro,"9,0 kg/cv","60,4 kg/kgfm","103,3 cv/litro",165 cv a 6000 rpm,"10,5:1",6800 rpm,"15,3 kgfm/litro","24,5 kgfm a 1400 rpm",4,1635 mm,,4365 mm,2613 mm,1837 mm,1480 kg,432 litros,60 litros,113 mm,Disco ventilado,Disco sólido,Eletro-hidráulica,11 m,"Independente, McPherson",Mola helicoidal,Eixo de torção,666 km,528 km,"11,1 km/l","8,8 km/l",,,,,1532 mm,1527 mm,,,,,Hidráulicos,Admissão,,,,,,"2,56 m²","0,758 m²","0,296",,,,,150 mm,,,,,,,,,,,,,,,,,,,,,,,,,,,,,
peugeot,3008,3008,3008-griffe-1-6-turbo-2013,3008-griffe-1-6-turbo-2013,https://www.fichacompleta.com.br/carros/peugeot/3008-griffe-1-6-turbo-2013,2026-06-17T21:26:41.513928,Peugeot 3008 Griffe 1.6 Turbo 2013,"9,9 s",202 km/h,Conversor de torque,Automático,Aisin TF-70SC,6,Dianteira,Injeção direta,Turbocompressor,1598 cm³,4 em linha,EP6CDT M,"Duplo no cabeçote, corrente","85,8 mm",77 mm,Transversal,Dianteiro,"9,0 kg/cv","60,4 kg/kgfm","103,3 cv/litro",165 cv a 6000 rpm,"10,5:1",6800 rpm,"15,3 kgfm/litro","24,5 kgfm a 1400 rpm",4,1635 mm,,4365 mm,2613 mm,1837 mm,1480 kg,432 litros,60 litros,113 mm,Disco ventilado,Disco sólido,Eletro-hidráulica,11 m,"Independente, McPherson",Mola helicoidal,Eixo de torção,666 km,528 km,"11,1 km/l","8,8 km/l",,,,,1532 mm,1527 mm,,,,,Hidráulicos,Admissão,,,,,,"2,56 m²","0,758 m²","0,296",,,,,150 mm,,,,,,,,,,,,,,,,,,,,,,,,,,,,,
peugeot,3008,3008,3008-allure-1-6-turbo-2014,3008-allure-1-6-turbo-2014,https://www.fichacompleta.com.br/carros/peugeot/3008-allure-1-6-turbo-2014,2026-06-17T21:26:44.940387,Peugeot 3008 Allure 1.6 Turbo 2014,"9,9 s",202 km/h,Conversor de torque,Automático,Aisin TF-70SC,6,Dianteira,Injeção direta,Turbocompressor,1598 cm³,4 em linha,EP6CDT M,"Duplo no cabeçote, corrente","85,8 mm",77 mm,Transversal,Dianteiro,"9,0 kg/cv","60,4 kg/kgfm","103,3 cv/litro",165 cv a 6000 rpm,"10,5:1",6800 rpm,"15,3 kgfm/litro","24,5 kgfm a 1400 rpm",4,1635 mm,,4365 mm,2613 mm,1837 mm,1480 kg,432 litros,60 litros,113 mm,Disco ventilado,Disco sólido,Eletro-hidráulica,11 m,"Independente, McPherson",Mola helicoidal,Eixo de torção,666 km,528 km,"11,1 km/l","8,8 km/l",,,,,1532 mm,1527 mm,,,,,Hidráulicos,Admissão,,,,,,"2,56 m²","0,758 m²","0,296",,,,,150 mm,,,,,,,,,,,,,,,,,,,,,,,,,,,,,
peugeot,3008,3008,3008-griffe-1-6-turbo-2014,3008-griffe-1-6-turbo-2014,https://www.fichacompleta.com.br/carros/peugeot/3008-griffe-1-6-turbo-2014,2026-06-17T21:26:49.329371,Peugeot 3008 Griffe 1.6 Turbo 2014,"9,9 s",202 km/h,Conversor de torque,Automático,Aisin TF-70SC,6,Dianteira,Injeção direta,Turbocompressor,1598 cm³,4 em linha,EP6CDT M,"Duplo no cabeçote, corrente","85,8 mm",77 mm,Transversal,Dianteiro,"9,0 kg/cv","60,4 kg/kgfm","103,3 cv/litro",165 cv a 6000 rpm,"10,5:1",6800 rpm,"15,3 kgfm/litro","24,5 kgfm a 1400 rpm",4,1635 mm,,4365 mm,2613 mm,1837 mm,1480 kg,432 litros,60 litros,113 mm,Disco ventilado,Disco sólido,Eletro-hidráulica,11 m,"Independente, McPherson",Mola helicoidal,Eixo de torção,666 km,528 km,"11,1 km/l","8,8 km/l",,,,,1532 mm,1527 mm,,,,,Hidráulicos,Admissão,,,,,,"2,56 m²","0,758 m²","0,296",,,,,150 mm,,,,,,,,,,,,,,,,,,,,,,,,,,,,,
peugeot,3008,3008,3008-roland-garros-1-6-turbo-2014,3008-roland-garros-1-6-turbo-2014,https://www.fichacompleta.com.br/carros/peugeot/3008-roland-garros-1-6-turbo-2014,2026-06-17T21:26:51.995600,Peugeot 3008 Roland Garros 1.6 Turbo 2014,"9,9 s",202 km/h,Conversor de torque,Automático,Aisin TF-70SC,,Dianteira,Injeção direta,Turbocompressor,1598 cm³,4 em linha,EP6CDT M,Duplo no cabeçote,"85,8 mm",77 mm,Transversal,Dianteiro,"9,0 kg/cv","60,4 kg/kgfm","103,3 cv/litro",,"10,5:1",6800 rpm,"15,3 kgfm/litro",,4,1635 mm,,4365 mm,2613 mm,1837 mm,1480 kg,432 litros,60 litros,113 mm,Disco ventilado,Disco sólido,Eletro-hidráulica,,"Indep., McPherson",Mola helicoidal,Eixo de torção,666 km,528 km,"11,1 km/l","8,8 km/l",6,,,11 m,1532 mm,1527 mm,,,6000 rpm,1400 rpm,Hidráulicos,Admissão,,,,,,"2,56 m²","0,758 m²",,,,,,150 mm,Corrente,,,,,"0,296",,,,,,,,,,165 cv,"24,5 kgfm",,,,,,,,,,,,
peugeot,3008,3008,3008-griffe-1-6-turbo-2015,3008-griffe-1-6-turbo-2015,https://www.fichacompleta.com.br/carros/peugeot/3008-griffe-1-6-turbo-2015,2026-06-17T21:26:56.786675,Peugeot 3008 Griffe 1.6 Turbo 2015,"9,9 s",202 km/h,Conversor de torque,Automático,Aisin TF-70SC,6,Dianteira,Injeção direta,Turbocompressor,1598 cm³,4 em linha,EP6CDT M,Duplo no cabeçote,"85,8 mm",77 mm,Transversal,Dianteiro,"9,0 kg/cv","60,4 kg/kgfm","103,3 cv/litro",165 cv,"10,5:1",6800 rpm,"15,3 kgfm/litro","24,5 kgfm",4,1639 mm,,4365 mm,2613 mm,1837 mm,1480 kg,432 litros,60 litros,113 mm,Disco ventilado,Disco sólido,Eletro-hidráulica,11 m,"Indep., McPherson",Mola helicoidal,Eixo de torção,666 km,528 km,"11,1 km/l","8,8 km/l",6,,,11 m,1532 mm,1527 mm,,,6000 rpm,1400 rpm,Hidráulicos,Admissão,,,,,,"2,56 m²","0,758 m²","0,296",,,,,150 mm,Corrente,,,,,"0,296",,,,,,,,,,,,,,,,,,,,,,,
peugeot,3008,3008,3008-griffe-1-6-turbo-2016,3008-griffe-1-6-turbo-2016,https://www.fichacompleta.com.br/carros/peugeot/3008-griffe-1-6-turbo-2016,2026-06-17T21:27:00.962423,Peugeot 3008 Griffe 1.6 Turbo 2016,"9,9 s",202 km/h,Conversor de torque,Automático,Aisin TF-70SC,6,Dianteira,Injeção direta,Turbocompressor,1598 cm³,4 em linha,EP6CDT M,"Duplo no cabeçote, corrente","85,8 mm",77 mm,Transversal,Dianteiro,"9,0 kg/cv","60,4 kg/kgfm","103,3 cv/litro",165 cv a 6000 rpm,"10,5:1",6800 rpm,"15,3 kgfm/litro","24,5 kgfm a 1400 rpm",4,1639 mm,,4365 mm,2613 mm,1837 mm,1480 kg,432 litros,60 litros,113 mm,Disco ventilado,Disco sólido,Eletro-hidráulica,11 m,"Independente, McPherson",Mola helicoidal,Eixo de torção,666 km,498 km,"11,1 km/l","8,3 km/l",,,,,1532 mm,1527 mm,,,,,Hidráulicos,Admissão,,,,,,"2,56 m²","0,758 m²","0,296",,,,,150 mm,,,,,,,,,,,,,,,,,,,,,,,,,,,,,
peugeot,3008,3008,3008-griffe-pack-1-6-2017,3008-griffe-pack-1-6-2017,https://www.fichacompleta.com.br/carros/peugeot/3008-griffe-pack-1-6-2017,2026-06-17T21:27:03.874157,Peugeot 3008 Griffe Pack 1.6 2017,"8,9 s",206 km/h,Conversor de torque,Automático,Aisin TF-71SC,,Dianteira,Injeção direta,Turbocompressor,,4 em linha,EP6FDT M,Duplo no cabeçote,"85,8 mm",77 mm,Transversal,Dianteiro,"9,48 kg/cv","63,8 kg/kgfm","103,3 cv/litro",165 cv,"10,5:1",6800 rpm,"15,3 kgfm/litro","24,5 kgfm",4,1625 mm,495 kg,4447 mm,2675 mm,1841 mm,1564 kg,520 litros,53 litros,118 mm,Disco ventilado,Disco sólido,Elétrica,,"Indep., McPherson",Mola helicoidal,Eixo de torção,641 km,519 km,"12,1 km/l","9,8 km/l",6,6000 rpm,1400 rpm,"10,7 m",1579 mm,1587 mm,,,,,Hidráulicos,Admissão,20 graus,29 graus,600 kg,600 kg,,,,,,,,,219 mm,Corrente,,,,,,400 cm³,1598 cm³,,,,,,,,,,,,,,,,,,,,,
peugeot,3008,3008,3008-griffe-1-6-2018,3008-griffe-1-6-2018,https://www.fichacompleta.com.br/carros/peugeot/3008-griffe-1-6-2018,2026-06-17T21:27:07.466574,Peugeot 3008 Griffe 1.6 2018,"8,9 s",206 km/h,Conversor de torque,Automático,Aisin TF-71SC,,Dianteira,Injeção direta,Turbocompressor,,4 em linha,EP6FDT M,Duplo no cabeçote,"85,8 mm",77 mm,Transversal,Dianteiro,"9,48 kg/cv","63,8 kg/kgfm","103,3 cv/litro",165 cv,"10,5:1",6800 rpm,"15,3 kgfm/litro","24,5 kgfm",4,1625 mm,495 kg,4447 mm,2675 mm,1841 mm,1564 kg,520 litros,53 litros,118 mm,Disco ventilado,Disco sólido,Elétrica,,"Indep., McPherson",Mola helicoidal,Eixo de torção,641 km,504 km,"12,1 km/l","9,5 km/l",6,6000 rpm,1400 rpm,"10,7 m",1579 mm,1587 mm,,,,,Hidráulicos,Admissão,20 graus,29 graus,600 kg,600 kg,,,,,,,,,219 mm,Corrente,,,,,,400 cm³,1598 cm³,,,,,,,,,,,,,,,,,,,,,
peugeot,3008,3008,3008-griffe-1-6-turbo-2018,3008-griffe-1-6-turbo-2018,https://www.fichacompleta.com.br/carros/peugeot/3008-griffe-1-6-turbo-2018,2026-06-17T21:27:11.317899,Peugeot 3008 Griffe 1.6 Turbo 2018,"8,9 s",206 km/h,Conversor de torque,Automático,Aisin TF-71SC,6,Dianteira,Injeção direta,Turbocompressor,1598 cm³,4 em linha,EP6FDT M,"Duplo no cabeçote, corrente","85,8 mm",77 mm,Transversal,Dianteiro,"8,3 kg/cv","56,1 kg/kgfm","103,3 cv/litro",165 cv a 6000 rpm,"10,5:1",6800 rpm,"15,3 kgfm/litro","24,5 kgfm a 1400 rpm",4,1625 mm,650 kg,4447 mm,2675 mm,1841 mm,1375 kg,520 litros,53 litros,118 mm,Disco ventilado,Disco sólido,Elétrica,"10,7 m","Independente, McPherson",Mola helicoidal,Eixo de torção,641 km,504 km,"12,1 km/l","9,5 km/l",,,,,1579 mm,1587 mm,,,,,Hidráulicos,Admissão,20 graus,29 graus,1550 kg,685 kg,,,,,,,,,219 mm,,,,,,,,,,,,,,,,,,,,,,,,,,,,,
peugeot,3008,3008,3008-griffe-1-6-turbo-2019,3008-griffe-1-6-turbo-2019,https://www.fichacompleta.com.br/carros/peugeot/3008-griffe-1-6-turbo-2019,2026-06-17T21:27:16.081196,Peugeot 3008 Griffe 1.6 Turbo 2019,"8,9 s",206 km/h,Conversor de torque,Automático,Aisin TF-71SC,6,Dianteira,Injeção direta,Turbocompressor,1598 cm³,4 em linha,EP6FDT M,"Duplo no cabeçote, corrente","85,8 mm",77 mm,Transversal,Dianteiro,"8,3 kg/cv","56,1 kg/kgfm","103,3 cv/litro",165 cv a 6000 rpm,"10,5:1",6800 rpm,"15,3 kgfm/litro","24,5 kgfm a 1400 rpm",4,1625 mm,650 kg,4447 mm,2675 mm,1841 mm,1375 kg,520 litros,53 litros,118 mm,Disco ventilado,Disco sólido,Elétrica,"10,7 m","Independente, McPherson",Mola helicoidal,Eixo de torção,641 km,519 km,"12,1 km/l","9,8 km/l",,,,,1579 mm,1587 mm,,,,,Hidráulicos,Admissão,20 graus,29 graus,1550 kg,685 kg,,,,,,,,,219 mm,,,,,,,,,,,,,,,,,,,,,,,,,,,,,
peugeot,3008,3008,3008-griffe-pack-1-6-2019,3008-griffe-pack-1-6-2019,https://www.fichacompleta.com.br/carros/peugeot/3008-griffe-pack-1-6-2019,2026-06-17T21:27:20.399817,Peugeot 3008 Griffe Pack 1.6 2019,"8,9 s",206 km/h,Conversor de torque,Automático,Aisin TF-71SC,,Dianteira,Injeção direta,Turbocompressor,,4 em linha,EP6FDT M,Duplo no cabeçote,"85,8 mm",77 mm,Transversal,Dianteiro,"9,48 kg/cv","63,8 kg/kgfm","103,3 cv/litro",165 cv,"10,5:1",6800 rpm,"15,3 kgfm/litro","24,5 kgfm",4,1625 mm,495 kg,4447 mm,2675 mm,1841 mm,1564 kg,520 litros,53 litros,118 mm,Disco ventilado,Disco sólido,Elétrica,,"Indep., McPherson",Mola helicoidal,Eixo de torção,641 km,519 km,"12,1 km/l","9,8 km/l",6,6000 rpm,1400 rpm,"10,7 m",1579 mm,1587 mm,,,,,Hidráulicos,Admissão,20 graus,29 graus,600 kg,600 kg,,,,,,,,,219 mm,Corrente,,,,,,400 cm³,1598 cm³,,,,,,,,,,,,,,,,,,,,,
peugeot,3008,3008,3008-griffe-pack-1-6-turbo-2019,3008-griffe-pack-1-6-turbo-2019,https://www.fichacompleta.com.br/carros/peugeot/3008-griffe-pack-1-6-turbo-2019,2026-06-17T21:27:23.735247,Peugeot 3008 Griffe Pack 1.6 Turbo 2019,"8,9 s",206 km/h,Conversor de torque,Automático,Aisin TF-71SC,6,Dianteira,Injeção direta,Turbocompressor,1598 cm³,4 em linha,EP6FDT M,"Duplo no cabeçote, corrente","85,8 mm",77 mm,Transversal,Dianteiro,"8,3 kg/cv","56,1 kg/kgfm","103,3 cv/litro",165 cv a 6000 rpm,"10,5:1",6800 rpm,"15,3 kgfm/litro","24,5 kgfm a 1400 rpm",4,1625 mm,650 kg,4447 mm,2675 mm,1841 mm,1375 kg,520 litros,53 litros,118 mm,Disco ventilado,Disco sólido,Elétrica,"10,7 m","Independente, McPherson",Mola helicoidal,Eixo de torção,641 km,519 km,"12,1 km/l","9,8 km/l",,,,,1579 mm,1587 mm,,,,,Hidráulicos,Admissão,20 graus,29 graus,1550 kg,685 kg,,,,,,,,,219 mm,,,,,,,,,,,,,,,,,,,,,,,,,,,,,
peugeot,3008,3008,3008-allure-1-6-turbo-2020,3008-allure-1-6-turbo-2020,https://www.fichacompleta.com.br/carros/peugeot/3008-allure-1-6-turbo-2020,2026-06-17T21:27:27.087079,Peugeot 3008 Allure 1.6 Turbo 2020,"8,9 s",206 km/h,Conversor de torque,Automático,Aisin TF-71SC,,Dianteira,Injeção direta,Turbocompressor,1598 cm³,4 em linha,EP6FDT M,Duplo no cabeçote,"85,8 mm",77 mm,Transversal,Dianteiro,"9,5 kg/cv","63,8 kg/kgfm","103,3 cv/litro",165 cv,"10,5:1",6800 rpm,"15,3 kgfm/litro","24,5 kgfm",4,1625 mm,495 kg,4447 mm,2675 mm,1841 mm,1564 kg,520 litros,53 litros,118 mm,Disco ventilado,Disco sólido,Elétrica,,"Indep., McPherson",Mola helicoidal,Eixo de torção,641 km,519 km,"12,1 km/l","9,8 km/l",6,6000 rpm,1400 rpm,"10,7 m",1579 mm,1587 mm,,,,,Hidráulicos,Admissão,20 graus,29 graus,600 kg,600 kg,,,,,,,,,219 mm,Corrente,,,,,,,,,,,,,,,,,,,,,,,,,,,,
peugeot,3008,3008,3008-griffe-pack-1-6-turbo-2020,3008-griffe-pack-1-6-turbo-2020,https://www.fichacompleta.com.br/carros/peugeot/3008-griffe-pack-1-6-turbo-2020,2026-06-17T21:27:31.911259,Peugeot 3008 Griffe Pack 1.6 Turbo 2020,"8,9 s",206 km/h,Conversor de torque,Automático,Aisin TF-71SC,,Dianteira,Injeção direta,Turbocompressor,1598 cm³,4 em linha,EP6FDT M,Duplo no cabeçote,"85,8 mm",77 mm,Transversal,Dianteiro,"9,5 kg/cv","63,8 kg/kgfm","103,3 cv/litro",165 cv,"10,5:1",6800 rpm,"15,3 kgfm/litro","24,5 kgfm",4,1625 mm,495 kg,4447 mm,2675 mm,1841 mm,1564 kg,520 litros,53 litros,118 mm,Disco ventilado,Disco sólido,Elétrica,,"Indep., McPherson",Mola helicoidal,Eixo de torção,641 km,519 km,"12,1 km/l","9,8 km/l",6,6000 rpm,1400 rpm,"10,7 m",1579 mm,1587 mm,,,,,Hidráulicos,Admissão,20 graus,29 graus,600 kg,600 kg,,,,,,,,,219 mm,Corrente,,,,,,,,,,,,,,,,,,,,,,,,,,,,
peugeot,3008,3008,3008-griffe-1-6-turbo-2022,3008-griffe-1-6-turbo-2022,https://www.fichacompleta.com.br/carros/peugeot/3008-griffe-1-6-turbo-2022,2026-06-17T21:27:35.027029,Peugeot 3008 Griffe 1.6 Turbo 2022,"8,9 s",206 km/h,Conversor de torque,Automático,Aisin TF-71SC,,Dianteira,Injeção direta,Turbocompressor,1598 cm³,4 em linha,EP6FDT M,Duplo no cabeçote,"85,8 mm",77 mm,Transversal,Dianteiro,"9,5 kg/cv","63,8 kg/kgfm","103,3 cv/litro",,"10,5:1",6800 rpm,"15,3 kgfm/litro",,4,1625 mm,495 kg,4447 mm,2675 mm,1841 mm,1564 kg,520 litros,53 litros,118 mm,Disco ventilado,Disco sólido,Elétrica,,"Indep., McPherson",Mola helicoidal,Eixo de torção,631 km,525 km,"11,9 km/l","9,9 km/l",6,,,"10,7 m",1579 mm,1587 mm,,,6000 rpm,1400 rpm,Hidráulicos,Admissão,20 graus,29 graus,600 kg,600 kg,,,,,,,,,219 mm,Corrente,,,,,,,,,,,,,,,165 cv,"24,5 kgfm",,,,,,,,,,,,
peugeot,3008,3008,3008-gt-pack-1-6-turbo-2022,3008-gt-pack-1-6-turbo-2022,https://www.fichacompleta.com.br/carros/peugeot/3008-gt-pack-1-6-turbo-2022,2026-06-17T21:27:38.745836,Peugeot 3008 GT Pack 1.6 Turbo 2022,"8,9 s",206 km/h,Conversor de torque,Automático,Aisin TF-71SC,,Dianteira,Injeção direta,Turbocompressor,1598 cm³,4 em linha,EP6FDT M,Duplo no cabeçote,"85,8 mm",77 mm,Transversal,Dianteiro,"9,5 kg/cv","63,8 kg/kgfm","103,3 cv/litro",,"10,5:1",6800 rpm,"15,3 kgfm/litro",,4,1625 mm,495 kg,4447 mm,2675 mm,1841 mm,1564 kg,520 litros,53 litros,118 mm,Disco ventilado,Disco sólido,Elétrica,,"Indep., McPherson",Mola helicoidal,Eixo de torção,631 km,525 km,"11,9 km/l","9,9 km/l",6,,,"10,7 m",1579 mm,1587 mm,,,6000 rpm,1400 rpm,Hidráulicos,Admissão,20 graus,29 graus,600 kg,600 kg,,,,,,,,,219 mm,Corrente,,,,,,,,,,,,,,,165 cv,"24,5 kgfm",,,,,,,,,,,,
peugeot,3008,3008,3008-griffe-1-6-2023,3008-griffe-1-6-2023,https://www.fichacompleta.com.br/carros/peugeot/3008-griffe-1-6-2023,2026-06-17T21:27:42.666329,Peugeot 3008 Griffe 1.6 2023,"8,9 s",206 km/h,Conversor de torque,Automático,Aisin TF-71SC,,Dianteira,Injeção direta,Turbocompressor,,4 em linha,EP6FDT M,Duplo no cabeçote,"85,8 mm",77 mm,Transversal,Dianteiro,"9,48 kg/cv","63,8 kg/kgfm","103,3 cv/litro",165 cv,"10,5:1",6800 rpm,"15,3 kgfm/litro","24,5 kgfm",4,1625 mm,495 kg,4447 mm,2675 mm,1841 mm,1564 kg,520 litros,53 litros,118 mm,Disco ventilado,Disco sólido,Elétrica,,"Indep., McPherson",Mola helicoidal,Eixo de torção,631 km,525 km,"11,9 km/l","9,9 km/l",6,6000 rpm,1400 rpm,"10,7 m",1579 mm,1587 mm,,,,,Hidráulicos,Admissão,20 graus,29 graus,600 kg,600 kg,,,,,,,,,219 mm,Corrente,,,,,,400 cm³,1598 cm³,,,,,,,,,,,,,,,,,,,,,
peugeot,3008,3008,3008-gt-pack-1-6-2023,3008-gt-pack-1-6-2023,https://www.fichacompleta.com.br/carros/peugeot/3008-gt-pack-1-6-2023,2026-06-17T21:27:45.259101,Peugeot 3008 GT Pack 1.6 2023,"8,9 s",206 km/h,Conversor de torque,Automático,Aisin TF-71SC,,Dianteira,Injeção direta,Turbocompressor,,4 em linha,EP6FDT M,Duplo no cabeçote,"85,8 mm",77 mm,Transversal,Dianteiro,"9,48 kg/cv","63,8 kg/kgfm","103,3 cv/litro",165 cv,"10,5:1",6800 rpm,"15,3 kgfm/litro","24,5 kgfm",4,1625 mm,495 kg,4447 mm,2675 mm,1841 mm,1564 kg,520 litros,53 litros,118 mm,Disco ventilado,Disco sólido,Elétrica,,"Indep., McPherson",Mola helicoidal,Eixo de torção,631 km,525 km,"11,9 km/l","9,9 km/l",6,6000 rpm,1400 rpm,"10,7 m",1579 mm,1587 mm,,,,,Hidráulicos,Admissão,20 graus,29 graus,600 kg,600 kg,,,,,,,,,219 mm,Corrente,,,,,,400 cm³,1598 cm³,,,,,,,,,,,,,,,,,,,,,
peugeot,306,306,306-s16-2-0-1994,306-s16-2-0-1994,https://www.fichacompleta.com.br/carros/peugeot/306-s16-2-0-1994,2026-06-17T21:28:01.130622,Peugeot 306 S16 2.0 1994,"9,3 s",210 km/h,Embreagem monodisco a seco,Manual,BE3/5,5,Dianteira,Injeção multiponto,Natural,1998 cm³,4 em linha,XU10J4/LZ,"Duplo no cabeçote, correia dentada",,,Transversal,Dianteiro,"7,5 kg/cv","60,7 kg/kgfm","77,6 cv/litro",155 cv a 6500 rpm,"10,4:1",,"9,6 kgfm/litro","19,1 kgfm a 3500 rpm",4,1365 mm,,3995 mm,2580 mm,1692 mm,1160 kg,338 litros,60 litros,107 mm,195/55 R15,Disco sólido,Hidráulica,Não informado,"Independente, McPherson",Barra de torção,"Independente, braço arrastado",726 km,468 km,"12,1 km/l","7,8 km/l",,,,,1464 mm,1439 mm,86 mm,86 mm,,,,,,,,,,"1,96 m²",,"0,33",,,,,,,,,,,,,,,,,,,,,,,,,,,,,,,,,,
peugeot,306,306,306-xsi-2-0-1994,306-xsi-2-0-1994,https://www.fichacompleta.com.br/carros/peugeot/306-xsi-2-0-1994,2026-06-17T21:28:04.228361,Peugeot 306 XSi 2.0 1994,"10,4 s",195 km/h,Embreagem monodisco a seco,Manual,BE3/5,,Dianteira,Injeção multiponto,Natural,1998 cm³,4 em linha,XU10J2,Único no cabeçote,86 mm,86 mm,Transversal,Dianteiro,"9,3 kg/cv","62,3 kg/kgfm","61,6 cv/litro",,"9,5:1",6800 rpm,"9,2 kgfm/litro",,2,1380 mm,510 kg,3995 mm,2580 mm,1692 mm,1140 kg,338 litros,60 litros,102 mm,Disco ventilado,Disco sólido,Hidráulica,,"Indep., McPherson",Barra de torção,"Indep., braço arrastado",720 km,510 km,12 km/l,"8,5 km/l",5,,,"10,8 m",1462 mm,1435 mm,,,5750 rpm,2750 rpm,Mecânicos,,,,,,,"1,98 m²","0,634 m²",,,,,,,Correia dentada,,,,,"0,32",,,,,,,,,,123 cv,"18,3 kgfm",,,,,,,,,,,,
peugeot,306,306,306-s16-2-0-1995,306-s16-2-0-1995,https://www.fichacompleta.com.br/carros/peugeot/306-s16-2-0-1995,2026-06-17T21:28:09.038242,Peugeot 306 S16 2.0 1995,"9,3 s",210 km/h,Embreagem monodisco a seco,Manual,BE3/5,5,Dianteira,Injeção multiponto,Natural,1998 cm³,4 em linha,XU10J4/LZ,"Duplo no cabeçote, correia dentada",86 mm,86 mm,Transversal,Dianteiro,"7,5 kg/cv","60,7 kg/kgfm","77,6 cv/litro",155 cv a 6500 rpm,"10,4:1",7000 rpm,"9,6 kgfm/litro","19,1 kgfm a 3500 rpm",4,1365 mm,,3995 mm,2580 mm,1692 mm,1160 kg,338 litros,60 litros,107 mm,Disco ventilado,Disco sólido,Hidráulica,Não informado,"Independente, McPherson",Barra de torção,"Independente, braço arrastado",726 km,468 km,"12,1 km/l","7,8 km/l",,,,,1464 mm,1439 mm,,,,,,,,,,,,"1,96 m²","0,647 m²","0,33",,,,,,,,,,,,,,,,,,,,,,,,,,,,,,,,,,
peugeot,306,306,306-xs-1-6-1995,306-xs-1-6-1995,https://www.fichacompleta.com.br/carros/peugeot/306-xs-1-6-1995,2026-06-17T21:28:11.568232,Peugeot 306 XS 1.6 1995,"12,9 s",180 km/h,Embreagem monodisco a seco,Manual,MA/5,5,Dianteira,Injeção multiponto,Natural,1587 cm³,4 em linha,TU5JP,"Único no cabeçote, correia dentada",,,Transversal,Dianteiro,"11,2 kg/cv","73,3 kg/kgfm","56,7 cv/litro",90 cv a 5600 rpm,"9,6:1",,"8,7 kgfm/litro","13,8 kgfm a 3000 rpm",2,1380 mm,,3995 mm,2580 mm,1692 mm,1011 kg,338 litros,60 litros,123 mm,175/70 R13,Tambor,Hidráulica,"10,8 m","Independente, McPherson",Barra de torção,"Independente, braço arrastado",780 km,480 km,13 km/l,8 km/l,,,,,1462 mm,1435 mm,82 mm,"78,5 mm",,,,,,,,,,"1,98 m²",,"0,32",,,,,,,,,,,,,,,,,,,,,,,,,,,,,,,,,,
peugeot,306,306,306-xsi-2-0-1995-gasolina,306-xsi-2-0-1995-gasolina,https://www.fichacompleta.com.br/carros/peugeot/306-xsi-2-0-1995-gasolina,2026-06-17T21:28:15.545924,Peugeot 306 XSi 2.0 1995,"10,4 s",195 km/h,Embreagem monodisco a seco,Manual,BE3/5,,Dianteira,Injeção multiponto,Natural,1998 cm³,4 em linha,XU10J2,Único no cabeçote,86 mm,86 mm,Transversal,Dianteiro,"9,4 kg/cv","63,4 kg/kgfm","61,6 cv/litro",,"9,5:1",6800 rpm,"9,2 kgfm/litro",,2,1380 mm,490 kg,3995 mm,2580 mm,1692 mm,1160 kg,338 litros,60 litros,102 mm,Disco ventilado,Disco sólido,Hidráulica,,"Indep., McPherson",Barra de torção,"Indep., braço arrastado",720 km,510 km,12 km/l,"8,5 km/l",5,,,"10,8 m",1462 mm,1435 mm,,,5750 rpm,2750 rpm,Mecânicos,,,,,,,"1,98 m²","0,634 m²",,,,,,,Correia dentada,,,,,"0,32",,,,,,,,,,123 cv,"18,3 kgfm",,,,,,,,,,,,
peugeot,306,306,306-xsi-2-0-1995,306-xsi-2-0-1995,https://www.fichacompleta.com.br/carros/peugeot/306-xsi-2-0-1995,2026-06-17T21:28:19.603696,Peugeot 306 XSi 2.0 1995,"10,3 s",195 km/h,Embreagem monodisco a seco,Manual,BE3/5,5,Dianteira,Injeção multiponto,Natural,1998 cm³,4 em linha,XU10J2,"Único no cabeçote, correia dentada",86 mm,86 mm,Transversal,Dianteiro,"10,1 kg/cv","69,6 kg/kgfm","61,6 cv/litro",123 cv a 5750 rpm,"9,5:1",6800 rpm,"9,0 kgfm/litro","17,9 kgfm a 2750 rpm",2,1380 mm,,3995 mm,2580 mm,1692 mm,1246 kg,338 litros,60 litros,102 mm,Disco ventilado,Disco sólido,Hidráulica,"10,8 m","Independente, McPherson",Barra de torção,"Independente, braço arrastado",720 km,510 km,12 km/l,"8,5 km/l",,,,,1462 mm,1435 mm,,,,,,,,,,,,"1,98 m²","0,634 m²","0,32",,,,,,,,,,,,,,,,,,,,,,,,,,,,,,,,,,
peugeot,306,306,306-xr-1-8-1996,306-xr-1-8-1996,https://www.fichacompleta.com.br/carros/peugeot/306-xr-1-8-1996,2026-06-17T21:28:23.493948,Peugeot 306 XR 1.8 1996,"11,2 s",181 km/h,Embreagem monodisco a seco,Manual,BE3/5,,Dianteira,Injeção multiponto,Natural,1761 cm³,4 em linha,XU7JP,Único no cabeçote,"81,4 mm",83 mm,Transversal,Dianteiro,"10,5 kg/cv","67,5 kg/kgfm","58,5 cv/litro",,"9,25:1",6300 rpm,"9,1 kgfm/litro",,2,1380 mm,,3995 mm,2580 mm,1692 mm,1080 kg,338 litros,60 litros,114 mm,Disco ventilado,Tambor,Hidráulica,,"Indep., McPherson",Barra de torção,"Indep., braço arrastado",852 km,504 km,"14,2 km/l","8,4 km/l",5,,,"11,3 m",1450 mm,1430 mm,,,6000 rpm,3000 rpm,,,,,,,,"1,98 m²","0,634 m²",,,,,,,Correia dentada,,,,,"0,32",,,,,,,,,,103 cv,16 kgfm,,,,,,,,,,,,
peugeot,306,306,306-xs-1-6-1996,306-xs-1-6-1996,https://www.fichacompleta.com.br/carros/peugeot/306-xs-1-6-1996,2026-06-17T21:28:25.891819,Peugeot 306 XS 1.6 1996,"12,9 s",180 km/h,Embreagem monodisco a seco,Manual,MA/5,,Dianteira,Injeção multiponto,Natural,1587 cm³,4 em linha,TU5JP,Único no cabeçote,82 mm,"78,5 mm",Transversal,Dianteiro,"11,2 kg/cv","73,3 kg/kgfm","56,7 cv/litro",90 cv,"9,6:1",,"8,7 kgfm/litro","13,8 kgfm",2,1380 mm,,3995 mm,2580 mm,1692 mm,1011 kg,338 litros,60 litros,123 mm,Disco ventilado,Tambor,Hidráulica,,"Indep., McPherson",Barra de torção,"Indep., braço arrastado",780 km,480 km,13 km/l,8 km/l,5,5600 rpm,3000 rpm,"10,8 m",1462 mm,1435 mm,,,,,,,,,,,,"1,98 m²","0,634 m²",,,,,,,Correia dentada,,,,,"0,32",,,,,,,,,,,,,,,,,,,,,,,
peugeot,306,306,306-xsi-2-0-1996,306-xsi-2-0-1996,https://www.fichacompleta.com.br/carros/peugeot/306-xsi-2-0-1996,2026-06-17T21:28:28.412121,Peugeot 306 XSi 2.0 1996,"10,4 s",195 km/h,Embreagem monodisco a seco,Manual,BE3/5,,Dianteira,Injeção multiponto,Natural,1998 cm³,4 em linha,XU10J2,Único no cabeçote,86 mm,86 mm,Transversal,Dianteiro,"9,3 kg/cv","62,3 kg/kgfm","61,6 cv/litro",,"9,5:1",6800 rpm,"9,2 kgfm/litro",,2,1380 mm,510 kg,3995 mm,2580 mm,1692 mm,1140 kg,338 litros,60 litros,102 mm,Disco ventilado,Disco sólido,Hidráulica,,"Indep., McPherson",Barra de torção,"Indep., braço arrastado",720 km,510 km,12 km/l,"8,5 km/l",5,,,"10,8 m",1462 mm,1435 mm,,,5750 rpm,2750 rpm,Mecânicos,,,,,,,"1,98 m²","0,634 m²",,,,,,,Correia dentada,,,,,"0,32",,,,,,,,,,123 cv,"18,3 kgfm",,,,,,,,,,,,
peugeot,306,306,306-xn-1-8-1997,306-xn-1-8-1997,https://www.fichacompleta.com.br/carros/peugeot/306-xn-1-8-1997,2026-06-17T21:28:32.396664,Peugeot 306 XN 1.8 1997,"11,2 s",181 km/h,Embreagem monodisco a seco,Manual,BE3/5,5,Dianteira,Injeção multiponto,Natural,1761 cm³,4 em linha,XU7JP,"Único no cabeçote, correia dentada",,,Transversal,Dianteiro,"10,5 kg/cv","67,5 kg/kgfm","58,5 cv/litro",103 cv a 6000 rpm,"9,25:1",6300 rpm,"9,1 kgfm/litro",16 kgfm a 3000 rpm,2,1380 mm,,3995 mm,2580 mm,1692 mm,1080 kg,338 litros,60 litros,114 mm,Disco ventilado,Tambor,Hidráulica,"11,3 m","Independente, McPherson",Barra de torção,"Independente, braço arrastado",852 km,504 km,"14,2 km/l","8,4 km/l",,,,,1450 mm,1430 mm,"81,4 mm",83 mm,,,,,,,,,,"1,98 m²","0,634 m²","0,32",,,,,,,,,,,,,,,,,,,,,,,,,,,,,,,,,,
peugeot,306,306,306-xr-1-8-1997,306-xr-1-8-1997,https://www.fichacompleta.com.br/carros/peugeot/306-xr-1-8-1997,2026-06-17T21:28:36.730573,Peugeot 306 XR 1.8 1997,"11,2 s",181 km/h,Embreagem monodisco a seco,Manual,BE3/5,5,Dianteira,Injeção multiponto,Natural,1761 cm³,4 em linha,XU7JP,Único no cabeçote,"81,4 mm",83 mm,Transversal,Dianteiro,"10,5 kg/cv","67,5 kg/kgfm","58,5 cv/litro",103 cv,"9,25:1",6300 rpm,"9,1 kgfm/litro",16 kgfm,2,1380 mm,,3995 mm,2580 mm,1692 mm,1080 kg,338 litros,60 litros,114 mm,Disco ventilado,Tambor,Hidráulica,"11,3 m","Indep., McPherson",Barra de torção,"Indep., braço arrastado",852 km,504 km,"14,2 km/l","8,4 km/l",5,,,"11,3 m",1450 mm,1430 mm,,,6000 rpm,3000 rpm,,,,,,,,"1,98 m²","0,634 m²","0,32",,,,,,Correia dentada,,,,,"0,32",,,,,,,,,,,,,,,,,,,,,,,
peugeot,306,306,306-xs-1-6-1997,306-xs-1-6-1997,https://www.fichacompleta.com.br/carros/peugeot/306-xs-1-6-1997,2026-06-17T21:28:39.565751,Peugeot 306 XS 1.6 1997,"12,9 s",180 km/h,Embreagem monodisco a seco,Manual,MA/5,5,Dianteira,Injeção multiponto,Natural,1587 cm³,4 em linha,TU5JP,"Único no cabeçote, correia dentada",,,Transversal,Dianteiro,"11,2 kg/cv","73,3 kg/kgfm","56,7 cv/litro",90 cv a 5600 rpm,"9,6:1",,"8,7 kgfm/litro","13,8 kgfm a 3000 rpm",2,1380 mm,,3995 mm,2580 mm,1692 mm,1011 kg,338 litros,60 litros,123 mm,175/70 R13,Tambor,Hidráulica,"10,8 m","Independente, McPherson",Barra de torção,"Independente, braço arrastado",780 km,480 km,13 km/l,8 km/l,,,,,1462 mm,1435 mm,82 mm,"78,5 mm",,,,,,,,,,"1,98 m²",,"0,32",,,,,,,,,,,,,,,,,,,,,,,,,,,,,,,,,,
peugeot,306,306,306-gti-2-0-16v-1998,306-gti-2-0-16v-1998,https://www.fichacompleta.com.br/carros/peugeot/306-gti-2-0-16v-1998,2026-06-17T21:28:41.936625,Peugeot 306 GTi 2.0 16V 1998,"8,8 s",213 km/h,Embreagem monodisco a seco,Manual,BE3/5,6,Dianteira,Injeção multiponto,Natural,1998 cm³,4 em linha,XU10J4RS,Duplo no cabeçote,86 mm,86 mm,Transversal,Dianteiro,"7,2 kg/cv","60,0 kg/kgfm","83,6 cv/litro",167 cv,"10,4:1",7300 rpm,"10,1 kgfm/litro","20,1 kgfm",4,1350 mm,,4030 mm,2580 mm,1680 mm,1206 kg,338 litros,60 litros,107 mm,Disco ventilado,Disco sólido,Hidráulica,Não informado,"Indep., McPherson",Barra de torção,"Indep., braço arrastado",780 km,462 km,13 km/l,"7,7 km/l",6,,,Não informado,,,,,6500 rpm,5500 rpm,Hidráulicos,,,,,,,,,,,,,,,Correia dentada,,,,,,,,,,,,,,,,,,,,,,,,,,,,
peugeot,306,306,306-passion-1-8-16v-1998,306-passion-1-8-16v-1998,https://www.fichacompleta.com.br/carros/peugeot/306-passion-1-8-16v-1998,2026-06-17T21:28:46.783836,Peugeot 306 Passion 1.8 16V 1998,"11,6 s",190 km/h,Embreagem monodisco a seco,Manual,BE3/5,5,Dianteira,Injeção multiponto,Natural,1761 cm³,4 em linha,XU7JP4,"Duplo no cabeçote, correia dentada",,,Transversal,Dianteiro,"9,8 kg/cv","68,0 kg/kgfm","63,6 cv/litro",112 cv a 5500 rpm,"9,4:1",6400 rpm,"9,1 kgfm/litro","16,1 kgfm a 4250 rpm",4,1370 mm,465 kg,4030 mm,2580 mm,1680 mm,1095 kg,338 litros,60 litros,120 mm,Disco ventilado,Tambor,Hidráulica,11 m,"Independente, McPherson",Barra de torção,"Independente, braço arrastado",738 km,402 km,"12,3 km/l","6,7 km/l",,,,,,,"81,4 mm",83 mm,,,,,,,,,,,,,,,,,,,,,,,,,,,,,,,,,,,,,,,,,,,,,,
peugeot,306,306,306-rallye-1-8-16v-1998,306-rallye-1-8-16v-1998,https://www.fichacompleta.com.br/carros/peugeot/306-rallye-1-8-16v-1998,2026-06-17T21:28:50.586348,Peugeot 306 Rallye 1.8 16V 1998,"11,6 s",190 km/h,Embreagem monodisco a seco,Manual,BE3/5,5,Dianteira,Injeção multiponto,Natural,1761 cm³,4 em linha,XU7JP4,"Duplo no cabeçote, correia dentada","81,4 mm",83 mm,Transversal,Dianteiro,"9,8 kg/cv","68,0 kg/kgfm","63,6 cv/litro",112 cv a 5500 rpm,"9,4:1",6400 rpm,"9,1 kgfm/litro","16,1 kgfm a 4250 rpm",4,1370 mm,465 kg,4030 mm,2580 mm,1680 mm,1095 kg,338 litros,60 litros,120 mm,Disco ventilado,Tambor,Hidráulica,11 m,"Independente, McPherson",Barra de torção,"Independente, braço arrastado",738 km,402 km,"12,3 km/l","6,7 km/l",,,,,,,,,,,,,,,,,,,,,,,,,,,,,,,,,,,,,,,,,,,,,,,,,,,,,,
peugeot,306,306,306-selection-1-8-16v-1998,306-selection-1-8-16v-1998,https://www.fichacompleta.com.br/carros/peugeot/306-selection-1-8-16v-1998,2026-06-17T21:28:54.551903,Peugeot 306 Selection 1.8 16V 1998,"11,6 s",190 km/h,Embreagem monodisco a seco,Manual,BE3/5,,Dianteira,Injeção multiponto,Natural,1761 cm³,4 em linha,XU7JP4,Duplo no cabeçote,"81,4 mm",83 mm,Transversal,Dianteiro,"9,8 kg/cv","68,0 kg/kgfm","63,6 cv/litro",112 cv,"9,4:1",6400 rpm,"9,1 kgfm/litro","16,1 kgfm",4,1370 mm,465 kg,4030 mm,2580 mm,1680 mm,1095 kg,338 litros,60 litros,120 mm,Disco ventilado,Tambor,Hidráulica,,"Indep., McPherson",Barra de torção,"Indep., braço arrastado",738 km,402 km,"12,3 km/l","6,7 km/l",5,5500 rpm,4250 rpm,11 m,,,,,,,,,,,,,,,,,,,,,,Correia dentada,,,,,,,,,,,,,,,,,,,,,,,,,,,,
peugeot,306,306,306-xn-1-8-1998,306-xn-1-8-1998,https://www.fichacompleta.com.br/carros/peugeot/306-xn-1-8-1998,2026-06-17T21:28:57.299068,Peugeot 306 XN 1.8 1998,"11,2 s",181 km/h,Embreagem monodisco a seco,Manual,BE3/5,5,Dianteira,Injeção multiponto,Natural,1761 cm³,4 em linha,XU7JP,"Único no cabeçote, correia dentada",,,Transversal,Dianteiro,"10,5 kg/cv","67,5 kg/kgfm","58,5 cv/litro",103 cv a 6000 rpm,"9,25:1",,"9,1 kgfm/litro",16 kgfm a 3000 rpm,2,1380 mm,,3995 mm,2580 mm,1692 mm,1080 kg,338 litros,60 litros,114 mm,175/65 R14,Tambor,Hidráulica,"11,3 m","Independente, McPherson",Barra de torção,"Independente, braço arrastado",852 km,504 km,"14,2 km/l","8,4 km/l",,,,,1450 mm,1430 mm,"81,4 mm",83 mm,,,,,,,,,,"1,98 m²",,"0,32",,,,,,,,,,,,,,,,,,,,,,,,,,,,,,,,,,
peugeot,306,306,306-xr-1-8-1998,306-xr-1-8-1998,https://www.fichacompleta.com.br/carros/peugeot/306-xr-1-8-1998,2026-06-17T21:29:00.195250,Peugeot 306 XR 1.8 1998,"11,2 s",181 km/h,Embreagem monodisco a seco,Manual,BE3/5,,Dianteira,Injeção multiponto,Natural,1761 cm³,4 em linha,XU7JP,Único no cabeçote,"81,4 mm",83 mm,Transversal,Dianteiro,"10,5 kg/cv","67,5 kg/kgfm","58,5 cv/litro",103 cv,"9,25:1",6300 rpm,"9,1 kgfm/litro",16 kgfm,2,1380 mm,,3995 mm,2580 mm,1692 mm,1080 kg,338 litros,60 litros,114 mm,Disco ventilado,Tambor,Hidráulica,,"Indep., McPherson",Barra de torção,"Indep., braço arrastado",852 km,504 km,"14,2 km/l","8,4 km/l",5,6000 rpm,3000 rpm,"11,3 m",1450 mm,1430 mm,,,,,,,,,,,,"1,98 m²","0,634 m²",,,,,,,Correia dentada,,,,,"0,32",,,,,,,,,,,,,,,,,,,,,,,
peugeot,306,306,306-gti-2-0-16v-1999,306-gti-2-0-16v-1999,https://www.fichacompleta.com.br/carros/peugeot/306-gti-2-0-16v-1999,2026-06-17T21:29:04.368995,Peugeot 306 GTi 2.0 16V 1999,"8,8 s",213 km/h,Embreagem monodisco a seco,Manual,BE3/5,6,Dianteira,Injeção multiponto,Natural,1998 cm³,4 em linha,XU10J4RS,"Duplo no cabeçote, correia dentada",,,Transversal,Dianteiro,"7,2 kg/cv","60,3 kg/kgfm","83,6 cv/litro",167 cv a 6500 rpm,"10,4:1",7300 rpm,"10,0 kgfm/litro",20 kgfm a 5500 rpm,4,1350 mm,,4030 mm,2580 mm,1680 mm,1206 kg,338 litros,60 litros,107 mm,Disco ventilado,Disco sólido,Hidráulica,Não informado,"Independente, McPherson",Barra de torção,"Independente, braço arrastado",720 km,462 km,12 km/l,"7,7 km/l",,,,,,,86 mm,86 mm,,,,,,,,,,,,,,,,,,,,,,,,,,,,,,,,,,,,,,,,,,,,,,
peugeot,306,306,306-passion-1-8-16v-1999,306-passion-1-8-16v-1999,https://www.fichacompleta.com.br/carros/peugeot/306-passion-1-8-16v-1999,2026-06-17T21:29:08.435858,Peugeot 306 Passion 1.8 16V 1999,"11,6 s",190 km/h,Embreagem monodisco a seco,Manual,BE3/5,,Dianteira,Injeção multiponto,Natural,1761 cm³,4 em linha,XU7JP4,Duplo no cabeçote,"81,4 mm",83 mm,Transversal,Dianteiro,"9,8 kg/cv","68,0 kg/kgfm","63,6 cv/litro",112 cv,"9,4:1",6400 rpm,"9,1 kgfm/litro","16,1 kgfm",4,1370 mm,465 kg,4030 mm,2580 mm,1680 mm,1095 kg,338 litros,60 litros,120 mm,Disco ventilado,Tambor,Hidráulica,,"Indep., McPherson",Barra de torção,"Indep., braço arrastado",738 km,402 km,"12,3 km/l","6,7 km/l",5,5500 rpm,4250 rpm,11 m,,,,,,,,,,,,,,,,,,,,,,Correia dentada,,,,,,,,,,,,,,,,,,,,,,,,,,,,
peugeot,306,306,306-rallye-1-8-16v-1999,306-rallye-1-8-16v-1999,https://www.fichacompleta.com.br/carros/peugeot/306-rallye-1-8-16v-1999,2026-06-17T21:29:11.578943,Peugeot 306 Rallye 1.8 16V 1999,"11,6 s",190 km/h,Embreagem monodisco a seco,Manual,BE3/5,5,Dianteira,Injeção multiponto,Natural,1761 cm³,4 em linha,XU7JP4,"Duplo no cabeçote, correia dentada",,,Transversal,Dianteiro,"9,8 kg/cv","68,0 kg/kgfm","63,6 cv/litro",112 cv a 5500 rpm,"9,4:1",,"9,1 kgfm/litro","16,1 kgfm a 4250 rpm",4,1370 mm,465 kg,4030 mm,2580 mm,1680 mm,1095 kg,338 litros,60 litros,120 mm,185/65 R14,Tambor,Hidráulica,11 m,"Independente, McPherson",Barra de torção,"Independente, braço arrastado",738 km,402 km,"12,3 km/l","6,7 km/l",,,,,,,"81,4 mm",83 mm,,,,,,,,,,,,,,,,,,,,,,,,,,,,,,,,,,,,,,,,,,,,,,
peugeot,306,306,306-selection-1-8-16v-1999,306-selection-1-8-16v-1999,https://www.fichacompleta.com.br/carros/peugeot/306-selection-1-8-16v-1999,2026-06-17T21:29:14.966002,Peugeot 306 Selection 1.8 16V 1999,"11,6 s",190 km/h,Embreagem monodisco a seco,Manual,BE3/5,5,Dianteira,Injeção multiponto,Natural,1761 cm³,4 em linha,XU7JP4,"Duplo no cabeçote, correia dentada",,,Transversal,Dianteiro,"9,8 kg/cv","68,0 kg/kgfm","63,6 cv/litro",112 cv a 5500 rpm,"9,4:1",,"9,1 kgfm/litro","16,1 kgfm a 4250 rpm",4,1370 mm,465 kg,4030 mm,2580 mm,1680 mm,1095 kg,338 litros,60 litros,120 mm,185/65 R14,Tambor,Hidráulica,11 m,"Independente, McPherson",Barra de torção,"Independente, braço arrastado",738 km,402 km,"12,3 km/l","6,7 km/l",,,,,,,"81,4 mm",83 mm,,,,,,,,,,,,,,,,,,,,,,,,,,,,,,,,,,,,,,,,,,,,,,
peugeot,306,306,306-passion-1-8-16v-2000,306-passion-1-8-16v-2000,https://www.fichacompleta.com.br/carros/peugeot/306-passion-1-8-16v-2000,2026-06-17T21:29:18.882612,Peugeot 306 Passion 1.8 16V 2000,"11,6 s",190 km/h,Embreagem monodisco a seco,Manual,BE3/5,5,Dianteira,Injeção multiponto,Natural,1761 cm³,4 em linha,XU7JP4,Duplo no cabeçote,"81,4 mm",83 mm,Transversal,Dianteiro,"9,8 kg/cv","68,0 kg/kgfm","63,6 cv/litro",112 cv,"9,4:1",6400 rpm,"9,1 kgfm/litro","16,1 kgfm",4,1370 mm,465 kg,4030 mm,2580 mm,1680 mm,1095 kg,338 litros,60 litros,120 mm,Disco ventilado,Tambor,Hidráulica,11 m,"Indep., McPherson",Barra de torção,"Indep., braço arrastado",738 km,402 km,"12,3 km/l","6,7 km/l",5,,,11 m,,,,,5500 rpm,4250 rpm,,,,,,,,,,,,,,,,Correia dentada,,,,,,,,,,,,,,,,,,,,,,,,,,,,
peugeot,306,306,306-rallye-1-8-16v-2000,306-rallye-1-8-16v-2000,https://www.fichacompleta.com.br/carros/peugeot/306-rallye-1-8-16v-2000,2026-06-17T21:29:21.735573,Peugeot 306 Rallye 1.8 16V 2000,"11,6 s",190 km/h,Embreagem monodisco a seco,Manual,BE3/5,,Dianteira,Injeção multiponto,Natural,1761 cm³,4 em linha,XU7JP4,Duplo no cabeçote,"81,4 mm",83 mm,Transversal,Dianteiro,"9,8 kg/cv","68,0 kg/kgfm","63,6 cv/litro",112 cv,"9,4:1",6400 rpm,"9,1 kgfm/litro","16,1 kgfm",4,1370 mm,465 kg,4030 mm,2580 mm,1680 mm,1095 kg,338 litros,60 litros,120 mm,Disco ventilado,Tambor,Hidráulica,,"Indep., McPherson",Barra de torção,"Indep., braço arrastado",738 km,402 km,"12,3 km/l","6,7 km/l",5,5500 rpm,4250 rpm,11 m,,,,,,,,,,,,,,,,,,,,,,Correia dentada,,,,,,,,,,,,,,,,,,,,,,,,,,,,
peugeot,306,306,306-selection-1-8-16v-2000,306-selection-1-8-16v-2000,https://www.fichacompleta.com.br/carros/peugeot/306-selection-1-8-16v-2000,2026-06-17T21:29:25.237799,Peugeot 306 Selection 1.8 16V 2000,"11,6 s",190 km/h,Embreagem monodisco a seco,Manual,BE3/5,,Dianteira,Injeção multiponto,Natural,1761 cm³,4 em linha,XU7JP4,Duplo no cabeçote,"81,4 mm",83 mm,Transversal,Dianteiro,"9,8 kg/cv","68,0 kg/kgfm","63,6 cv/litro",112 cv,"9,4:1",6400 rpm,"9,1 kgfm/litro","16,1 kgfm",4,1370 mm,465 kg,4030 mm,2580 mm,1680 mm,1095 kg,338 litros,60 litros,120 mm,Disco ventilado,Tambor,Hidráulica,,"Indep., McPherson",Barra de torção,"Indep., braço arrastado",738 km,402 km,"12,3 km/l","6,7 km/l",5,5500 rpm,4250 rpm,11 m,,,,,,,,,,,,,,,,,,,,,,Correia dentada,,,,,,,,,,,,,,,,,,,,,,,,,,,,
peugeot,306,306,306-soleil-1-8-16v-2000,306-soleil-1-8-16v-2000,https://www.fichacompleta.com.br/carros/peugeot/306-soleil-1-8-16v-2000,2026-06-17T21:29:27.915427,Peugeot 306 Soleil 1.8 16V 2000,"11,6 s",190 km/h,Embreagem monodisco a seco,Manual,BE3/5,,Dianteira,Injeção multiponto,Natural,1761 cm³,4 em linha,XU7JP4,Duplo no cabeçote,"81,4 mm",83 mm,Transversal,Dianteiro,"9,8 kg/cv","68,0 kg/kgfm","63,6 cv/litro",112 cv,"9,4:1",6400 rpm,"9,1 kgfm/litro","16,1 kgfm",4,1370 mm,465 kg,4030 mm,2580 mm,1680 mm,1095 kg,338 litros,60 litros,120 mm,Disco ventilado,Tambor,Hidráulica,,"Indep., McPherson",Barra de torção,"Indep., braço arrastado",738 km,402 km,"12,3 km/l","6,7 km/l",5,5500 rpm,4250 rpm,11 m,,,,,,,,,,,,,,,,,,,,,,Correia dentada,,,,,,,,,,,,,,,,,,,,,,,,,,,,
peugeot,306,306,306-passion-1-8-16v-2001,306-passion-1-8-16v-2001,https://www.fichacompleta.com.br/carros/peugeot/306-passion-1-8-16v-2001,2026-06-17T21:29:32.353865,Peugeot 306 Passion 1.8 16V 2001,"11,6 s",190 km/h,Embreagem monodisco a seco,Manual,BE3/5,5,Dianteira,Injeção multiponto,Natural,1761 cm³,4 em linha,XU7JP4,"Duplo no cabeçote, correia dentada",,,Transversal,Dianteiro,"9,8 kg/cv","68,0 kg/kgfm","63,6 cv/litro",112 cv a 5500 rpm,"9,4:1",6400 rpm,"9,1 kgfm/litro","16,1 kgfm a 4250 rpm",4,1370 mm,465 kg,4030 mm,2580 mm,1680 mm,1095 kg,338 litros,60 litros,120 mm,Disco ventilado,Tambor,Hidráulica,11 m,"Independente, McPherson",Barra de torção,"Independente, braço arrastado",738 km,402 km,"12,3 km/l","6,7 km/l",,,,,,,"81,4 mm",83 mm,,,,,,,,,,,,,,,,,,,,,,,,,,,,,,,,,,,,,,,,,,,,,,
peugeot,306,306,306-soleil-1-8-16v-2001,306-soleil-1-8-16v-2001,https://www.fichacompleta.com.br/carros/peugeot/306-soleil-1-8-16v-2001,2026-06-17T21:29:36.547861,Peugeot 306 Soleil 1.8 16V 2001,"11,6 s",190 km/h,Embreagem monodisco a seco,Manual,BE3/5,,Dianteira,Injeção multiponto,Natural,1761 cm³,4 em linha,XU7JP4,Duplo no cabeçote,"81,4 mm",83 mm,Transversal,Dianteiro,"9,8 kg/cv","68,0 kg/kgfm","63,6 cv/litro",,"9,4:1",6400 rpm,"9,1 kgfm/litro",,4,1370 mm,465 kg,4030 mm,2580 mm,1680 mm,1095 kg,338 litros,60 litros,120 mm,Disco ventilado,Tambor,Hidráulica,,"Indep., McPherson",Barra de torção,"Indep., braço arrastado",738 km,402 km,"12,3 km/l","6,7 km/l",5,,,11 m,,,,,5500 rpm,4250 rpm,,,,,,,,,,,,,,,,Correia dentada,,,,,,,,,,,,,,,112 cv,"16,1 kgfm",,,,,,,,,,,,
peugeot,306 Break,306-break,306-break-passion-1-8-16v-1999,306-break-passion-1-8-16v-1999,https://www.fichacompleta.com.br/carros/peugeot/306-break-passion-1-8-16v-1999,2026-06-17T21:29:55.223627,Peugeot 306 Break Passion 1.8 16V 1999,"11,8 s",193 km/h,Embreagem monodisco a seco,Manual,BE3/5,5,Dianteira,Injeção multiponto,Natural,1761 cm³,4 em linha,XU7JP4,"Duplo no cabeçote, correia dentada",,,Transversal,Dianteiro,"10,7 kg/cv","74,5 kg/kgfm","63,6 cv/litro",112 cv a 5500 rpm,"9,4:1",6400 rpm,"9,1 kgfm/litro","16,1 kgfm a 4250 rpm",4,1410 mm,445 kg,4340 mm,2580 mm,1690 mm,1200 kg,442 litros,60 litros,120 mm,Disco ventilado,Tambor,Hidráulica,11 m,"Independente, McPherson",Barra de torção,"Independente, braço arrastado",732 km,510 km,"12,2 km/l","8,5 km/l",,,,,,,"81,4 mm",83 mm,,,,,,,,,,,,,,,,,,,,,,,,,,,,,,,,,,,,,,,,,,,,,,
peugeot,306 Break,306-break,306-break-passion-1-8-16v-2000,306-break-passion-1-8-16v-2000,https://www.fichacompleta.com.br/carros/peugeot/306-break-passion-1-8-16v-2000,2026-06-17T21:29:59.894508,Peugeot 306 Break Passion 1.8 16V 2000,"11,8 s",193 km/h,Embreagem monodisco a seco,Manual,BE3/5,5,Dianteira,Injeção multiponto,Natural,1761 cm³,4 em linha,XU7JP4,Duplo no cabeçote,"81,4 mm",83 mm,Transversal,Dianteiro,"10,7 kg/cv","74,5 kg/kgfm","63,6 cv/litro",112 cv,"9,4:1",6400 rpm,"9,1 kgfm/litro","16,1 kgfm",4,1410 mm,445 kg,4340 mm,2580 mm,1690 mm,1200 kg,442 litros,60 litros,120 mm,Disco ventilado,Tambor,Hidráulica,11 m,"Indep., McPherson",Barra de torção,"Indep., braço arrastado",732 km,510 km,"12,2 km/l","8,5 km/l",5,,,11 m,,,,,5500 rpm,4250 rpm,,,,,,,,,,,,,,,,Correia dentada,,,,,,,,,,,,,,,,,,,,,,,,,,,,
peugeot,306 Break,306-break,306-break-soleil-1-8-16v-2000,306-break-soleil-1-8-16v-2000,https://www.fichacompleta.com.br/carros/peugeot/306-break-soleil-1-8-16v-2000,2026-06-17T21:30:03.983647,Peugeot 306 Break Soleil 1.8 16V 2000,"11,8 s",193 km/h,Embreagem monodisco a seco,Manual,BE3/5,5,Dianteira,Injeção multiponto,Natural,1761 cm³,4 em linha,XU7JP4,"Duplo no cabeçote, correia dentada",,,Transversal,Dianteiro,"10,7 kg/cv","74,5 kg/kgfm","63,6 cv/litro",112 cv a 5500 rpm,"9,4:1",,"9,1 kgfm/litro","16,1 kgfm a 4250 rpm",4,1410 mm,445 kg,4340 mm,2580 mm,1690 mm,1200 kg,442 litros,60 litros,120 mm,185/65 R14,Tambor,Hidráulica,11 m,"Independente, McPherson",Barra de torção,"Independente, braço arrastado",732 km,510 km,"12,2 km/l","8,5 km/l",,,,,,,"81,4 mm",83 mm,,,,,,,,,,,,,,,,,,,,,,,,,,,,,,,,,,,,,,,,,,,,,,
peugeot,306 Break,306-break,306-break-soleil-1-8-16v-2001,306-break-soleil-1-8-16v-2001,https://www.fichacompleta.com.br/carros/peugeot/306-break-soleil-1-8-16v-2001,2026-06-17T21:30:08.053908,Peugeot 306 Break Soleil 1.8 16V 2001,"11,8 s",193 km/h,Embreagem monodisco a seco,Manual,BE3/5,,Dianteira,Injeção multiponto,Natural,1761 cm³,4 em linha,XU7JP4,Duplo no cabeçote,"81,4 mm",83 mm,Transversal,Dianteiro,"10,7 kg/cv","74,5 kg/kgfm","63,6 cv/litro",112 cv,"9,4:1",6400 rpm,"9,1 kgfm/litro","16,1 kgfm",4,1410 mm,445 kg,4340 mm,2580 mm,1690 mm,1200 kg,442 litros,60 litros,120 mm,Disco ventilado,Tambor,Hidráulica,,"Indep., McPherson",Barra de torção,"Indep., braço arrastado",732 km,510 km,"12,2 km/l","8,5 km/l",5,5500 rpm,4250 rpm,11 m,,,,,,,,,,,,,,,,,,,,,,Correia dentada,,,,,,,,,,,,,,,,,,,,,,,,,,,,
peugeot,306 Cabriolet,306-cabriolet,306-cabriolet-1-8-1994,306-cabriolet-1-8-1994,https://www.fichacompleta.com.br/carros/peugeot/306-cabriolet-1-8-1994,2026-06-17T21:30:23.653105,Peugeot 306 Cabriolet 1.8 1994,"12,6 s",181 km/h,Embreagem monodisco a seco,Manual,BE3/5,,Dianteira,Injeção multiponto,Natural,1761 cm³,4 em linha,XU7JP,Único no cabeçote,"81,4 mm",83 mm,Transversal,Dianteiro,"11,8 kg/cv","76,3 kg/kgfm","58,5 cv/litro",,"9,25:1",6300 rpm,"9,1 kgfm/litro",,2,1356 mm,,4144 mm,2580 mm,1689 mm,1220 kg,274 litros,56 litros,111 mm,Disco ventilado,Tambor,Hidráulica,,"Indep., McPherson",Barra de torção,"Indep., braço arrastado",672 km,459 km,12 km/l,"8,2 km/l",5,,,Não informado,1464 mm,1439 mm,,,6000 rpm,3000 rpm,,,,,,,,,,,,,,,,Correia dentada,,,,,,,,,,,,,,,103 cv,16 kgfm,,,,,,,,,,,,
peugeot,306 Cabriolet,306-cabriolet,306-cabriolet-2-0-1994,306-cabriolet-2-0-1994,https://www.fichacompleta.com.br/carros/peugeot/306-cabriolet-2-0-1994,2026-06-17T21:30:27.724060,Peugeot 306 Cabriolet 2.0 1994,12 s,193 km/h,Embreagem monodisco a seco,Manual,BE3/5,,Dianteira,Injeção multiponto,Natural,1998 cm³,4 em linha,XU10J2,Único no cabeçote,86 mm,86 mm,Transversal,Dianteiro,"10,4 kg/cv","71,6 kg/kgfm","61,6 cv/litro",123 cv,"9,5:1",6800 rpm,"9,0 kgfm/litro","17,9 kgfm",2,1356 mm,,4144 mm,2580 mm,1689 mm,1281 kg,274 litros,56 litros,102 mm,Disco ventilado,Disco sólido,Hidráulica,,"Indep., McPherson",Barra de torção,"Indep., braço arrastado",655 km,476 km,"11,7 km/l","8,5 km/l",5,5750 rpm,2750 rpm,Não informado,1464 mm,1439 mm,,,,,Mecânicos,,,,,,,,,,,,,,,Correia dentada,,,,,,,,,,,,,,,,,,,,,,,,,,,,
peugeot,306 Cabriolet,306-cabriolet,306-cabriolet-1-8-1995,306-cabriolet-1-8-1995,https://www.fichacompleta.com.br/carros/peugeot/306-cabriolet-1-8-1995,2026-06-17T21:30:30.582764,Peugeot 306 Cabriolet 1.8 1995,"12,6 s",181 km/h,Embreagem monodisco a seco,Manual,BE3/5,,Dianteira,Injeção multiponto,Natural,1761 cm³,4 em linha,XU7JP,Único no cabeçote,"81,4 mm",83 mm,Transversal,Dianteiro,"11,8 kg/cv","76,3 kg/kgfm","58,5 cv/litro",,"9,25:1",6300 rpm,"9,1 kgfm/litro",,2,1356 mm,,4144 mm,2580 mm,1689 mm,1220 kg,274 litros,56 litros,111 mm,Disco ventilado,Tambor,Hidráulica,,"Indep., McPherson",Barra de torção,"Indep., braço arrastado",672 km,459 km,12 km/l,"8,2 km/l",5,,,Não informado,1464 mm,1439 mm,,,6000 rpm,3000 rpm,,,,,,,,,,,,,,,,Correia dentada,,,,,,,,,,,,,,,103 cv,16 kgfm,,,,,,,,,,,,
peugeot,306 Cabriolet,306-cabriolet,306-cabriolet-2-0-1995,306-cabriolet-2-0-1995,https://www.fichacompleta.com.br/carros/peugeot/306-cabriolet-2-0-1995,2026-06-17T21:30:35.663244,Peugeot 306 Cabriolet 2.0 1995,12 s,193 km/h,Embreagem monodisco a seco,Manual,BE3/5,5,Dianteira,Injeção multiponto,Natural,1998 cm³,4 em linha,XU10J2,Único no cabeçote,86 mm,86 mm,Transversal,Dianteiro,"10,4 kg/cv","71,6 kg/kgfm","61,6 cv/litro",123 cv,"9,5:1",6800 rpm,"9,0 kgfm/litro","17,9 kgfm",2,1356 mm,,4144 mm,2580 mm,1689 mm,1281 kg,274 litros,56 litros,102 mm,Disco ventilado,Disco sólido,Hidráulica,Não informado,"Indep., McPherson",Barra de torção,"Indep., braço arrastado",655 km,476 km,"11,7 km/l","8,5 km/l",5,,,Não informado,1464 mm,1439 mm,,,5750 rpm,2750 rpm,Mecânicos,,,,,,,,,,,,,,,Correia dentada,,,,,,,,,,,,,,,,,,,,,,,,,,,,
peugeot,306 Cabriolet,306-cabriolet,306-cabriolet-2-0-1999,306-cabriolet-2-0-1999,https://www.fichacompleta.com.br/carros/peugeot/306-cabriolet-2-0-1999,2026-06-17T21:30:39.384880,Peugeot 306 Cabriolet 2.0 1999,12 s,193 km/h,Embreagem monodisco a seco,Manual,BE3/5,,Dianteira,Injeção multiponto,Natural,1998 cm³,4 em linha,XU10J2,Único no cabeçote,86 mm,86 mm,Transversal,Dianteiro,"10,4 kg/cv","71,6 kg/kgfm","61,6 cv/litro",123 cv,"9,5:1",6800 rpm,"9,0 kgfm/litro","17,9 kgfm",2,1356 mm,,4144 mm,2580 mm,1689 mm,1281 kg,274 litros,56 litros,102 mm,Disco ventilado,Disco sólido,Hidráulica,,"Indep., McPherson",Barra de torção,"Indep., braço arrastado",655 km,476 km,"11,7 km/l","8,5 km/l",5,5750 rpm,2750 rpm,Não informado,1464 mm,1439 mm,,,,,Mecânicos,,,,,,,,,,,,,,,Correia dentada,,,,,,,,,,,,,,,,,,,,,,,,,,,,
peugeot,306 Sedan,306-sedan,306-sedan-passion-1-8-16v-1998,306-sedan-passion-1-8-16v-1998,https://www.fichacompleta.com.br/carros/peugeot/306-sedan-passion-1-8-16v-1998,2026-06-17T21:30:56.728955,Peugeot 306 Sedan Passion 1.8 16V 1998,"11,6 s",193 km/h,Embreagem monodisco a seco,Manual,BE3/5,5,Dianteira,Injeção multiponto,Natural,1761 cm³,4 em linha,XU7JP4,"Duplo no cabeçote, correia dentada","81,4 mm",83 mm,Transversal,Dianteiro,"9,8 kg/cv","68,0 kg/kgfm","63,6 cv/litro",112 cv a 5500 rpm,"9,4:1",6400 rpm,"9,1 kgfm/litro","16,1 kgfm a 4250 rpm",4,1380 mm,465 kg,4260 mm,2580 mm,1690 mm,1095 kg,465 litros,60 litros,120 mm,Disco ventilado,Tambor,Hidráulica,11 m,"Independente, McPherson",Barra de torção,"Independente, braço arrastado",720 km,516 km,12 km/l,"8,6 km/l",,,,,1460 mm,1430 mm,,,,,,,,,,,,"1,98 m²","0,634 m²","0,32",,,,,,,,,,,,,,,,,,,,,,,,,,,,,,,,,,
peugeot,306 Sedan,306-sedan,306-sedan-selection-1-8-16v-1998,306-sedan-selection-1-8-16v-1998,https://www.fichacompleta.com.br/carros/peugeot/306-sedan-selection-1-8-16v-1998,2026-06-17T21:31:01.213895,Peugeot 306 Sedan Selection 1.8 16V 1998,"11,6 s",193 km/h,Embreagem monodisco a seco,Manual,BE3/5,,Dianteira,Injeção multiponto,Natural,1761 cm³,4 em linha,XU7JP4,Duplo no cabeçote,"81,4 mm",83 mm,Transversal,Dianteiro,"9,8 kg/cv","68,0 kg/kgfm","63,6 cv/litro",112 cv,"9,4:1",6400 rpm,"9,1 kgfm/litro","16,1 kgfm",4,1380 mm,465 kg,4260 mm,2580 mm,1690 mm,1095 kg,465 litros,60 litros,120 mm,Disco ventilado,Tambor,Hidráulica,,"Indep., McPherson",Barra de torção,"Indep., braço arrastado",720 km,516 km,12 km/l,"8,6 km/l",5,,,11 m,1460 mm,1430 mm,,,5500 rpm,4250 rpm,,,,,,,,"1,98 m²","0,634 m²",,,,,,,Correia dentada,,,,,"0,32",,,,,,,,,,,,,,,,,,,,,,,
peugeot,306 Sedan,306-sedan,306-sedan-passion-1-8-16v-1999,306-sedan-passion-1-8-16v-1999,https://www.fichacompleta.com.br/carros/peugeot/306-sedan-passion-1-8-16v-1999,2026-06-17T21:31:05.127767,Peugeot 306 Sedan Passion 1.8 16V 1999,"11,6 s",193 km/h,Embreagem monodisco a seco,Manual,BE3/5,,Dianteira,Injeção multiponto,Natural,1761 cm³,4 em linha,XU7JP4,Duplo no cabeçote,"81,4 mm",83 mm,Transversal,Dianteiro,"9,8 kg/cv","68,0 kg/kgfm","63,6 cv/litro",112 cv,"9,4:1",6400 rpm,"9,1 kgfm/litro","16,1 kgfm",4,1380 mm,465 kg,4260 mm,2580 mm,1690 mm,1095 kg,465 litros,60 litros,120 mm,Disco ventilado,Tambor,Hidráulica,,"Indep., McPherson",Barra de torção,"Indep., braço arrastado",720 km,516 km,12 km/l,"8,6 km/l",5,5500 rpm,4250 rpm,11 m,1460 mm,1430 mm,,,,,,,,,,,,"1,98 m²","0,634 m²",,,,,,,Correia dentada,,,,,"0,32",,,,,,,,,,,,,,,,,,,,,,,
peugeot,306 Sedan,306-sedan,306-sedan-selection-1-8-16v-1999,306-sedan-selection-1-8-16v-1999,https://www.fichacompleta.com.br/carros/peugeot/306-sedan-selection-1-8-16v-1999,2026-06-17T21:31:09.609934,Peugeot 306 Sedan Selection 1.8 16V 1999,"11,6 s",193 km/h,Embreagem monodisco a seco,Manual,BE3/5,,Dianteira,Injeção multiponto,Natural,1761 cm³,4 em linha,XU7JP4,Duplo no cabeçote,"81,4 mm",83 mm,Transversal,Dianteiro,"9,8 kg/cv","68,0 kg/kgfm","63,6 cv/litro",112 cv,"9,4:1",6400 rpm,"9,1 kgfm/litro","16,1 kgfm",4,1380 mm,465 kg,4260 mm,2580 mm,1690 mm,1095 kg,465 litros,60 litros,120 mm,Disco ventilado,Tambor,Hidráulica,,"Indep., McPherson",Barra de torção,"Indep., braço arrastado",720 km,516 km,12 km/l,"8,6 km/l",5,,,11 m,1460 mm,1430 mm,,,5500 rpm,4250 rpm,,,,,,,,"1,98 m²","0,634 m²",,,,,,,Correia dentada,,,,,"0,32",,,,,,,,,,,,,,,,,,,,,,,
peugeot,306 Sedan,306-sedan,306-sedan-passion-1-8-16v-2000,306-sedan-passion-1-8-16v-2000,https://www.fichacompleta.com.br/carros/peugeot/306-sedan-passion-1-8-16v-2000,2026-06-17T21:31:12.303688,Peugeot 306 Sedan Passion 1.8 16V 2000,"11,6 s",193 km/h,Embreagem monodisco a seco,Manual,BE3/5,5,Dianteira,Injeção multiponto,Natural,1761 cm³,4 em linha,XU7JP4,Duplo no cabeçote,"81,4 mm",83 mm,Transversal,Dianteiro,"9,8 kg/cv","68,0 kg/kgfm","63,6 cv/litro",112 cv,"9,4:1",6400 rpm,"9,1 kgfm/litro","16,1 kgfm",4,1380 mm,465 kg,4260 mm,2580 mm,1690 mm,1095 kg,465 litros,60 litros,120 mm,Disco ventilado,Tambor,Hidráulica,11 m,"Indep., McPherson",Barra de torção,"Indep., braço arrastado",720 km,516 km,12 km/l,"8,6 km/l",5,,,11 m,1460 mm,1430 mm,,,5500 rpm,4250 rpm,,,,,,,,"1,98 m²","0,634 m²","0,32",,,,,,Correia dentada,,,,,"0,32",,,,,,,,,,,,,,,,,,,,,,,
peugeot,306 Sedan,306-sedan,306-sedan-selection-1-8-16v-2000,306-sedan-selection-1-8-16v-2000,https://www.fichacompleta.com.br/carros/peugeot/306-sedan-selection-1-8-16v-2000,2026-06-17T21:31:14.774081,Peugeot 306 Sedan Selection 1.8 16V 2000,"11,6 s",193 km/h,Embreagem monodisco a seco,Manual,BE3/5,,Dianteira,Injeção multiponto,Natural,1761 cm³,4 em linha,XU7JP4,Duplo no cabeçote,"81,4 mm",83 mm,Transversal,Dianteiro,"9,8 kg/cv","68,0 kg/kgfm","63,6 cv/litro",112 cv,"9,4:1",6400 rpm,"9,1 kgfm/litro","16,1 kgfm",4,1380 mm,465 kg,4260 mm,2580 mm,1690 mm,1095 kg,465 litros,60 litros,120 mm,Disco ventilado,Tambor,Hidráulica,,"Indep., McPherson",Barra de torção,"Indep., braço arrastado",720 km,516 km,12 km/l,"8,6 km/l",5,,,11 m,1460 mm,1430 mm,,,5500 rpm,4250 rpm,,,,,,,,"1,98 m²","0,634 m²",,,,,,,Correia dentada,,,,,"0,32",,,,,,,,,,,,,,,,,,,,,,,
peugeot,306 Sedan,306-sedan,306-sedan-passion-1-8-16v-2001,306-sedan-passion-1-8-16v-2001,https://www.fichacompleta.com.br/carros/peugeot/306-sedan-passion-1-8-16v-2001,2026-06-17T21:31:19.599676,Peugeot 306 Sedan Passion 1.8 16V 2001,"11,6 s",193 km/h,Embreagem monodisco a seco,Manual,BE3/5,,Dianteira,Injeção multiponto,Natural,1761 cm³,4 em linha,XU7JP4,Duplo no cabeçote,"81,4 mm",83 mm,Transversal,Dianteiro,"9,8 kg/cv","68,0 kg/kgfm","63,6 cv/litro",112 cv,"9,4:1",6400 rpm,"9,1 kgfm/litro","16,1 kgfm",4,1380 mm,465 kg,4260 mm,2580 mm,1690 mm,1095 kg,465 litros,60 litros,120 mm,Disco ventilado,Tambor,Hidráulica,,"Indep., McPherson",Barra de torção,"Indep., braço arrastado",720 km,516 km,12 km/l,"8,6 km/l",5,5500 rpm,4250 rpm,11 m,1460 mm,1430 mm,,,,,,,,,,,,"1,98 m²","0,634 m²",,,,,,,Correia dentada,,,,,"0,32",,,,,,,,,,,,,,,,,,,,,,,
peugeot,307,307,307-passion-1-6-2002,307-passion-1-6-2002,https://www.fichacompleta.com.br/carros/peugeot/307-passion-1-6-2002,2026-06-17T21:31:37.397247,Peugeot 307 Passion 1.6 2002,"11,9 s",186 km/h,Embreagem monodisco a seco,Manual,MA/5,5,Dianteira,Injeção multiponto,Natural,1587 cm³,4 em linha,TU5JP4,Duplo no cabeçote,82 mm,"78,5 mm",Transversal,Dianteiro,"11,5 kg/cv","84,5 kg/kgfm","69,3 cv/litro",110 cv,"10,5:1",6500 rpm,"9,5 kgfm/litro",15 kgfm,4,1510 mm,410 kg,4202 mm,2608 mm,1746 mm,1268 kg,420 litros,60 litros,127 mm,Disco ventilado,Disco sólido,Hidráulica,"11,1 m","Indep., McPherson",Mola helicoidal,Eixo de torção,804 km,474 km,"13,4 km/l","7,9 km/l",5,,,"11,1 m",1505 mm,1513 mm,,,5800 rpm,4000 rpm,Hidráulicos,,,,,,,"2,24 m²","0,694 m²","0,31",,,,,,Correia dentada,,,,,"0,31",,,,,,,,,,,,,,,,,,,,,,,
peugeot,307,307,307-soleil-1-6-2002,307-soleil-1-6-2002,https://www.fichacompleta.com.br/carros/peugeot/307-soleil-1-6-2002,2026-06-17T21:31:40.445984,Peugeot 307 Soleil 1.6 2002,"11,9 s",186 km/h,Embreagem monodisco a seco,Manual,MA/5,,Dianteira,Injeção multiponto,Natural,1587 cm³,4 em linha,TU5JP4,Duplo no cabeçote,82 mm,"78,5 mm",Transversal,Dianteiro,"11,5 kg/cv","84,5 kg/kgfm","69,3 cv/litro",110 cv,"10,5:1",6500 rpm,"9,5 kgfm/litro",15 kgfm,4,1510 mm,410 kg,4202 mm,2608 mm,1746 mm,1268 kg,420 litros,60 litros,127 mm,Disco ventilado,Disco sólido,Hidráulica,,"Indep., McPherson",Mola helicoidal,Eixo de torção,804 km,474 km,"13,4 km/l","7,9 km/l",5,5800 rpm,4000 rpm,"11,1 m",1505 mm,1513 mm,,,,,Hidráulicos,,,,,,,"2,24 m²","0,694 m²",,,,,,,Correia dentada,,,,,"0,31",,,,,,,,,,,,,,,,,,,,,,,
peugeot,307,307,307-passion-1-6-2003,307-passion-1-6-2003,https://www.fichacompleta.com.br/carros/peugeot/307-passion-1-6-2003,2026-06-17T21:31:43.525862,Peugeot 307 Passion 1.6 2003,"11,9 s",186 km/h,Embreagem monodisco a seco,Manual,MA/5,,Dianteira,Injeção multiponto,Natural,1587 cm³,4 em linha,TU5JP4,Duplo no cabeçote,82 mm,"78,5 mm",Transversal,Dianteiro,"11,5 kg/cv","86,3 kg/kgfm","69,3 cv/litro",110 cv,"10,5:1",6500 rpm,"9,3 kgfm/litro","14,7 kgfm",4,1510 mm,410 kg,4202 mm,2608 mm,1746 mm,1268 kg,420 litros,60 litros,127 mm,Disco ventilado,Disco sólido,Hidráulica,,"Indep., McPherson",Mola helicoidal,Eixo de torção,804 km,474 km,"13,4 km/l","7,9 km/l",5,5800 rpm,4000 rpm,"11,1 m",1505 mm,1513 mm,,,,,Hidráulicos,,,,,,,"2,24 m²","0,694 m²",,,,,,,Correia dentada,,,,,"0,31",,,,,,,,,,,,,,,,,,,,,,,
peugeot,307,307,307-rallye-1-6-2003,307-rallye-1-6-2003,https://www.fichacompleta.com.br/carros/peugeot/307-rallye-1-6-2003,2026-06-17T21:31:47.649472,Peugeot 307 Rallye 1.6 2003,"11,6 s",190 km/h,Embreagem monodisco a seco,Manual,MA/5,,Dianteira,Injeção multiponto,Natural,1587 cm³,4 em linha,TU5JP4,Duplo no cabeçote,82 mm,"78,5 mm",Transversal,Dianteiro,"11,5 kg/cv","84,5 kg/kgfm","69,3 cv/litro",,11:1,6500 rpm,"9,5 kgfm/litro",,4,1510 mm,410 kg,4202 mm,2608 mm,1746 mm,1268 kg,420 litros,60 litros,127 mm,Disco ventilado,Disco sólido,Hidráulica,,"Indep., McPherson",Mola helicoidal,Eixo de torção,834 km,528 km,"13,9 km/l","8,8 km/l",5,,,"11,1 m",1505 mm,1513 mm,,,5800 rpm,4000 rpm,Hidráulicos,,,,,,,"2,24 m²","0,694 m²",,,,,,,Correia dentada,,,,,"0,31",,,,,,,,,,110 cv,15 kgfm,,,,,,,,,,,,
peugeot,307,307,307-rallye-2-0-2003,307-rallye-2-0-2003,https://www.fichacompleta.com.br/carros/peugeot/307-rallye-2-0-2003,2026-06-17T21:31:51.783680,Peugeot 307 Rallye 2.0 2003,"9,8 s",205 km/h,Embreagem monodisco a seco,Manual,MA/5,5,Dianteira,Injeção multiponto,Natural,1997 cm³,4 em linha,EW10J4,"Duplo no cabeçote, correia dentada",88 mm,85 mm,Transversal,Dianteiro,"9,4 kg/cv","66,7 kg/kgfm","69,1 cv/litro",138 cv a 6000 rpm,"10,8:1",,"9,7 kgfm/litro","19,4 kgfm a 4100 rpm",4,1510 mm,,4202 mm,2608 mm,1746 mm,1294 kg,420 litros,60 litros,127 mm,Disco ventilado,Disco sólido,Eletro-hidráulica,"11,1 m","Independente, McPherson",Mola helicoidal,Eixo de torção,720 km,450 km,12 km/l,"7,5 km/l",,,,,1505 mm,1513 mm,,,,,Hidráulicos,,,,,,,"2,24 m²","0,694 m²","0,31",,,,,,,,,,,,,,,,,,,,,,,,,,,,,,,,,,
peugeot,307,307,307-soleil-1-6-2003,307-soleil-1-6-2003,https://www.fichacompleta.com.br/carros/peugeot/307-soleil-1-6-2003,2026-06-17T21:31:56.526327,Peugeot 307 Soleil 1.6 2003,"11,9 s",186 km/h,Embreagem monodisco a seco,Manual,MA/5,,Dianteira,Injeção multiponto,Natural,1587 cm³,4 em linha,TU5JP4,Duplo no cabeçote,82 mm,"78,5 mm",Transversal,Dianteiro,"11,5 kg/cv","86,3 kg/kgfm","69,3 cv/litro",110 cv,"10,5:1",6500 rpm,"9,3 kgfm/litro","14,7 kgfm",4,1510 mm,410 kg,4202 mm,2608 mm,1746 mm,1268 kg,420 litros,60 litros,127 mm,Disco ventilado,Disco sólido,Hidráulica,,"Indep., McPherson",Mola helicoidal,Eixo de torção,804 km,474 km,"13,4 km/l","7,9 km/l",5,5800 rpm,4000 rpm,"11,1 m",1505 mm,1513 mm,,,,,Hidráulicos,,,,,,,"2,24 m²","0,694 m²",,,,,,,Correia dentada,,,,,"0,31",,,,,,,,,,,,,,,,,,,,,,,
peugeot,307,307,307-feline-2-0-2004,307-feline-2-0-2004,https://www.fichacompleta.com.br/carros/peugeot/307-feline-2-0-2004,2026-06-17T21:32:00.982732,Peugeot 307 Feline 2.0 2004,"9,8 s",205 km/h,Embreagem monodisco a seco,Manual,MA/5,,Dianteira,Injeção multiponto,Natural,1997 cm³,4 em linha,EW10J4,Duplo no cabeçote,88 mm,85 mm,Transversal,Dianteiro,"9,4 kg/cv","66,7 kg/kgfm","69,1 cv/litro",138 cv,"10,8:1",,"9,7 kgfm/litro","19,4 kgfm",4,1510 mm,,4202 mm,2608 mm,1746 mm,1294 kg,420 litros,60 litros,127 mm,Disco ventilado,Disco sólido,Eletro-hidráulica,,"Indep., McPherson",Mola helicoidal,Eixo de torção,720 km,450 km,12 km/l,"7,5 km/l",5,6000 rpm,4100 rpm,"11,1 m",1505 mm,1513 mm,,,,,Hidráulicos,,,,,,,"2,24 m²","0,694 m²",,,,,,,Correia dentada,,,,,"0,31",,,,,,,,,,,,,,,,,,,,,,,
peugeot,307,307,307-presence-1-6-2004,307-presence-1-6-2004,https://www.fichacompleta.com.br/carros/peugeot/307-presence-1-6-2004,2026-06-17T21:32:04.195239,Peugeot 307 Presence 1.6 2004,"11,6 s",190 km/h,Embreagem monodisco a seco,Manual,MA/5,5,Dianteira,Injeção multiponto,Natural,1587 cm³,4 em linha,TU5JP4,Duplo no cabeçote,82 mm,"78,5 mm",Transversal,Dianteiro,"11,5 kg/cv","84,5 kg/kgfm","69,3 cv/litro",110 cv,11:1,6500 rpm,"9,5 kgfm/litro",15 kgfm,4,1510 mm,410 kg,4202 mm,2608 mm,1746 mm,1268 kg,420 litros,60 litros,127 mm,Disco ventilado,Disco sólido,Hidráulica,"11,1 m","Indep., McPherson",Mola helicoidal,Eixo de torção,834 km,528 km,"13,9 km/l","8,8 km/l",5,,,"11,1 m",1505 mm,1513 mm,,,5800 rpm,4000 rpm,Hidráulicos,,,,,,,"2,24 m²","0,694 m²","0,31",,,,,,Correia dentada,,,,,"0,31",,,,,,,,,,,,,,,,,,,,,,,
peugeot,307,307,307-rallye-2-0-2004,307-rallye-2-0-2004,https://www.fichacompleta.com.br/carros/peugeot/307-rallye-2-0-2004,2026-06-17T21:32:06.788109,Peugeot 307 Rallye 2.0 2004,"9,8 s",205 km/h,Embreagem monodisco a seco,Manual,MA/5,,Dianteira,Injeção multiponto,Natural,1997 cm³,4 em linha,EW10J4,Duplo no cabeçote,88 mm,85 mm,Transversal,Dianteiro,"9,4 kg/cv","66,7 kg/kgfm","69,1 cv/litro",138 cv,"10,8:1",,"9,7 kgfm/litro","19,4 kgfm",4,1510 mm,,4202 mm,2608 mm,1746 mm,1294 kg,420 litros,60 litros,127 mm,Disco ventilado,Disco sólido,Eletro-hidráulica,,"Indep., McPherson",Mola helicoidal,Eixo de torção,720 km,450 km,12 km/l,"7,5 km/l",5,6000 rpm,4100 rpm,"11,1 m",1505 mm,1513 mm,,,,,Hidráulicos,,,,,,,"2,24 m²","0,694 m²",,,,,,,Correia dentada,,,,,"0,31",,,,,,,,,,,,,,,,,,,,,,,
peugeot,307,307,307-rallye-2-0-at-2004,307-rallye-2-0-at-2004,https://www.fichacompleta.com.br/carros/peugeot/307-rallye-2-0-at-2004,2026-06-17T21:32:09.742750,Peugeot 307 Rallye 2.0 AT 2004,"11,8 s",202 km/h,Conversor de torque,Automático,AL4,,Dianteira,Injeção multiponto,Natural,1997 cm³,4 em linha,EW10J4,Duplo no cabeçote,88 mm,85 mm,Transversal,Dianteiro,"9,6 kg/cv","68,6 kg/kgfm","69,1 cv/litro",138 cv,"10,8:1",,"9,7 kgfm/litro","19,4 kgfm",4,1510 mm,410 kg,4202 mm,2608 mm,1746 mm,1330 kg,420 litros,60 litros,127 mm,Disco ventilado,Disco sólido,Eletro-hidráulica,,"Indep., McPherson",Mola helicoidal,Eixo de torção,660 km,390 km,11 km/l,"6,5 km/l",4,6000 rpm,4100 rpm,"11,1 m",1505 mm,1513 mm,,,,,Hidráulicos,,,,,,,"2,24 m²","0,694 m²",,,,,,,Correia dentada,,,,,"0,31",,,,,,,,,,,,,,,,,,,,,,,
peugeot,307,307,307-soleil-1-6-2004,307-soleil-1-6-2004,https://www.fichacompleta.com.br/carros/peugeot/307-soleil-1-6-2004,2026-06-17T21:32:13.758107,Peugeot 307 Soleil 1.6 2004,"11,9 s",186 km/h,Embreagem monodisco a seco,Manual,MA/5,,Dianteira,Injeção multiponto,Natural,1587 cm³,4 em linha,TU5JP4,Duplo no cabeçote,82 mm,"78,5 mm",Transversal,Dianteiro,"11,5 kg/cv","86,3 kg/kgfm","69,3 cv/litro",110 cv,"10,5:1",6500 rpm,"9,3 kgfm/litro","14,7 kgfm",4,1510 mm,410 kg,4202 mm,2608 mm,1746 mm,1268 kg,420 litros,60 litros,127 mm,Disco ventilado,Disco sólido,Hidráulica,,"Indep., McPherson",Mola helicoidal,Eixo de torção,804 km,474 km,"13,4 km/l","7,9 km/l",5,5800 rpm,4000 rpm,"11,1 m",1505 mm,1513 mm,,,,,Hidráulicos,,,,,,,"2,24 m²","0,694 m²",,,,,,,Correia dentada,,,,,"0,31",,,,,,,,,,,,,,,,,,,,,,,
peugeot,307,307,307-feline-2-0-2005,307-feline-2-0-2005,https://www.fichacompleta.com.br/carros/peugeot/307-feline-2-0-2005,2026-06-17T21:32:17.418100,Peugeot 307 Feline 2.0 2005,"9,8 s",205 km/h,Embreagem monodisco a seco,Manual,MA/5,,Dianteira,Injeção multiponto,Natural,1997 cm³,4 em linha,EW10J4,Duplo no cabeçote,88 mm,85 mm,Transversal,Dianteiro,"9,4 kg/cv","66,7 kg/kgfm","69,1 cv/litro",,"10,8:1",,"9,7 kgfm/litro",,4,1510 mm,,4202 mm,2608 mm,1746 mm,1294 kg,420 litros,60 litros,127 mm,Disco ventilado,Disco sólido,Eletro-hidráulica,,"Indep., McPherson",Mola helicoidal,Eixo de torção,720 km,450 km,12 km/l,"7,5 km/l",5,,,"11,1 m",1505 mm,1513 mm,,,6000 rpm,4100 rpm,Hidráulicos,,,,,,,"2,24 m²","0,694 m²",,,,,,,Correia dentada,,,,,"0,31",,,,,,,,,,138 cv,"19,4 kgfm",,,,,,,,,,,,
peugeot,307,307,307-feline-2-0-at-2005,307-feline-2-0-at-2005,https://www.fichacompleta.com.br/carros/peugeot/307-feline-2-0-at-2005,2026-06-17T21:32:20.899966,Peugeot 307 Feline 2.0 AT 2005,"11,8 s",202 km/h,Conversor de torque,Automático,AL4,,Dianteira,Injeção multiponto,Natural,1997 cm³,4 em linha,EW10J4,Duplo no cabeçote,88 mm,85 mm,Transversal,Dianteiro,"9,6 kg/cv","68,6 kg/kgfm","69,1 cv/litro",138 cv,"10,8:1",,"9,7 kgfm/litro","19,4 kgfm",4,1510 mm,410 kg,4202 mm,2608 mm,1746 mm,1330 kg,420 litros,60 litros,127 mm,Disco ventilado,Disco sólido,Eletro-hidráulica,,"Indep., McPherson",Mola helicoidal,Eixo de torção,660 km,390 km,11 km/l,"6,5 km/l",4,6000 rpm,4100 rpm,"11,1 m",1505 mm,1513 mm,,,,,Hidráulicos,,,,,,,"2,24 m²","0,694 m²",,,,,,,Correia dentada,,,,,"0,31",,,,,,,,,,,,,,,,,,,,,,,
peugeot,307,307,307-presence-1-6-2005,307-presence-1-6-2005,https://www.fichacompleta.com.br/carros/peugeot/307-presence-1-6-2005,2026-06-17T21:32:25.036749,Peugeot 307 Presence 1.6 2005,"11,6 s",190 km/h,Embreagem monodisco a seco,Manual,MA/5,,Dianteira,Injeção multiponto,Natural,1587 cm³,4 em linha,TU5JP4,Duplo no cabeçote,82 mm,"78,5 mm",Transversal,Dianteiro,"11,5 kg/cv","84,5 kg/kgfm","69,3 cv/litro",110 cv,11:1,6500 rpm,"9,5 kgfm/litro",15 kgfm,4,1510 mm,410 kg,4202 mm,2608 mm,1746 mm,1268 kg,420 litros,60 litros,127 mm,Disco ventilado,Disco sólido,Hidráulica,,"Indep., McPherson",Mola helicoidal,Eixo de torção,834 km,528 km,"13,9 km/l","8,8 km/l",5,5800 rpm,4000 rpm,"11,1 m",1505 mm,1513 mm,,,,,Hidráulicos,,,,,,,"2,24 m²","0,694 m²",,,,,,,Correia dentada,,,,,"0,31",,,,,,,,,,,,,,,,,,,,,,,
peugeot,307,307,307-rallye-2-0-2005,307-rallye-2-0-2005,https://www.fichacompleta.com.br/carros/peugeot/307-rallye-2-0-2005,2026-06-17T21:32:28.708782,Peugeot 307 Rallye 2.0 2005,"9,8 s",205 km/h,Embreagem monodisco a seco,Manual,MA/5,,Dianteira,Injeção multiponto,Natural,1997 cm³,4 em linha,EW10J4,Duplo no cabeçote,88 mm,85 mm,Transversal,Dianteiro,"9,4 kg/cv","66,7 kg/kgfm","69,1 cv/litro",138 cv,"10,8:1",,"9,7 kgfm/litro","19,4 kgfm",4,1510 mm,,4202 mm,2608 mm,1746 mm,1294 kg,420 litros,60 litros,127 mm,Disco ventilado,Disco sólido,Eletro-hidráulica,,"Indep., McPherson",Mola helicoidal,Eixo de torção,720 km,450 km,12 km/l,"7,5 km/l",5,6000 rpm,4100 rpm,"11,1 m",1505 mm,1513 mm,,,,,Hidráulicos,,,,,,,"2,24 m²","0,694 m²",,,,,,,Correia dentada,,,,,"0,31",,,,,,,,,,,,,,,,,,,,,,,
peugeot,307,307,307-rallye-2-0-at-2005,307-rallye-2-0-at-2005,https://www.fichacompleta.com.br/carros/peugeot/307-rallye-2-0-at-2005,2026-06-17T21:32:32.746231,Peugeot 307 Rallye 2.0 AT 2005,"11,8 s",202 km/h,Conversor de torque,Automático,AL4,,Dianteira,Injeção multiponto,Natural,1997 cm³,4 em linha,EW10J4,Duplo no cabeçote,88 mm,85 mm,Transversal,Dianteiro,"9,6 kg/cv","68,6 kg/kgfm","69,1 cv/litro",138 cv,"10,8:1",,"9,7 kgfm/litro","19,4 kgfm",4,1510 mm,410 kg,4202 mm,2608 mm,1746 mm,1330 kg,420 litros,60 litros,127 mm,Disco ventilado,Disco sólido,Eletro-hidráulica,,"Indep., McPherson",Mola helicoidal,Eixo de torção,660 km,390 km,11 km/l,"6,5 km/l",4,6000 rpm,4100 rpm,"11,1 m",1505 mm,1513 mm,,,,,Hidráulicos,,,,,,,"2,24 m²","0,694 m²",,,,,,,Correia dentada,,,,,"0,31",,,,,,,,,,,,,,,,,,,,,,,
peugeot,307,307,307-feline-2-0-2006,307-feline-2-0-2006,https://www.fichacompleta.com.br/carros/peugeot/307-feline-2-0-2006,2026-06-17T21:32:36.283846,Peugeot 307 Feline 2.0 2006,"9,8 s",205 km/h,Embreagem monodisco a seco,Manual,MA/5,,Dianteira,Injeção multiponto,Natural,1997 cm³,4 em linha,EW10J4,Duplo no cabeçote,88 mm,85 mm,Transversal,Dianteiro,"9,4 kg/cv","66,7 kg/kgfm","69,1 cv/litro",,"10,8:1",,"9,7 kgfm/litro",,4,1510 mm,,4202 mm,2608 mm,1746 mm,1294 kg,420 litros,60 litros,127 mm,Disco ventilado,Disco sólido,Eletro-hidráulica,,"Indep., McPherson",Mola helicoidal,Eixo de torção,720 km,450 km,12 km/l,"7,5 km/l",5,,,"11,1 m",1505 mm,1513 mm,,,6000 rpm,4100 rpm,Hidráulicos,,,,,,,"2,24 m²","0,694 m²",,,,,,,Correia dentada,,,,,"0,31",,,,,,,,,,138 cv,"19,4 kgfm",,,,,,,,,,,,
peugeot,307,307,307-feline-2-0-at-2006,307-feline-2-0-at-2006,https://www.fichacompleta.com.br/carros/peugeot/307-feline-2-0-at-2006,2026-06-17T21:32:40.640993,Peugeot 307 Feline 2.0 AT 2006,"11,8 s",202 km/h,Conversor de torque,Automático,AL4,,Dianteira,Injeção multiponto,Natural,1997 cm³,4 em linha,EW10J4,Duplo no cabeçote,88 mm,85 mm,Transversal,Dianteiro,"9,6 kg/cv","68,6 kg/kgfm","69,1 cv/litro",,"10,8:1",,"9,7 kgfm/litro",,4,1510 mm,410 kg,4202 mm,2608 mm,1746 mm,1330 kg,420 litros,60 litros,127 mm,Disco ventilado,Disco sólido,Eletro-hidráulica,,"Indep., McPherson",Mola helicoidal,Eixo de torção,660 km,390 km,11 km/l,"6,5 km/l",4,,,"11,1 m",1505 mm,1513 mm,,,6000 rpm,4100 rpm,Hidráulicos,,,,,,,"2,24 m²","0,694 m²",,,,,,,Correia dentada,,,,,"0,31",,,,,,,,,,138 cv,"19,4 kgfm",,,,,,,,,,,,
peugeot,307,307,307-presence-1-6-2006,307-presence-1-6-2006,https://www.fichacompleta.com.br/carros/peugeot/307-presence-1-6-2006,2026-06-17T21:32:43.373579,Peugeot 307 Presence 1.6 2006,"11,6 s",190 km/h,Embreagem monodisco a seco,Manual,MA/5,,Dianteira,Injeção multiponto,Natural,1587 cm³,4 em linha,TU5JP4,Duplo no cabeçote,82 mm,"78,5 mm",Transversal,Dianteiro,"11,5 kg/cv","84,5 kg/kgfm","69,3 cv/litro",110 cv,11:1,6500 rpm,"9,5 kgfm/litro",15 kgfm,4,1510 mm,410 kg,4202 mm,2608 mm,1746 mm,1268 kg,420 litros,60 litros,127 mm,Disco ventilado,Disco sólido,Hidráulica,,"Indep., McPherson",Mola helicoidal,Eixo de torção,834 km,528 km,"13,9 km/l","8,8 km/l",5,5800 rpm,4000 rpm,"11,1 m",1505 mm,1513 mm,,,,,Hidráulicos,,,,,,,"2,24 m²","0,694 m²",,,,,,,Correia dentada,,,,,"0,31",,,,,,,,,,,,,,,,,,,,,,,
peugeot,307,307,307-rallye-2-0-at-2006,307-rallye-2-0-at-2006,https://www.fichacompleta.com.br/carros/peugeot/307-rallye-2-0-at-2006,2026-06-17T21:32:46.246615,Peugeot 307 Rallye 2.0 AT 2006,"11,8 s",202 km/h,Conversor de torque,Automático,AL4,,Dianteira,Injeção multiponto,Natural,1997 cm³,4 em linha,EW10J4,Duplo no cabeçote,88 mm,85 mm,Transversal,Dianteiro,"9,6 kg/cv","68,6 kg/kgfm","69,1 cv/litro",138 cv,"10,8:1",,"9,7 kgfm/litro","19,4 kgfm",4,1510 mm,410 kg,4202 mm,2608 mm,1746 mm,1330 kg,420 litros,60 litros,127 mm,Disco ventilado,Disco sólido,Eletro-hidráulica,,"Indep., McPherson",Mola helicoidal,Eixo de torção,660 km,390 km,11 km/l,"6,5 km/l",4,6000 rpm,4100 rpm,"11,1 m",1505 mm,1513 mm,,,,,Hidráulicos,,,,,,,"2,24 m²","0,694 m²",,,,,,,Correia dentada,,,,,"0,31",,,,,,,,,,,,,,,,,,,,,,,
peugeot,307,307,307-feline-2-0-2007,307-feline-2-0-2007,https://www.fichacompleta.com.br/carros/peugeot/307-feline-2-0-2007,2026-06-17T21:32:49.998256,Peugeot 307 Feline 2.0 2007,"9,8 s",205 km/h,Embreagem monodisco a seco,Manual,BE4/5,5,Dianteira,Injeção multiponto,Natural,1997 cm³,4 em linha,EW10A,Duplo no cabeçote,88 mm,85 mm,Transversal,Dianteiro,"9,0 kg/cv","64,7 kg/kgfm","71,6 cv/litro",143 cv,"10,8:1",,"10,0 kgfm/litro",20 kgfm,4,1520 mm,,4212 mm,2612 mm,1762 mm,1294 kg,420 litros,60 litros,127 mm,Disco ventilado,Disco sólido,Hidráulica,Não informado,"Indep., McPherson",Mola helicoidal,Eixo de torção,750 km,540 km,"12,5 km/l",9 km/l,5,,,Não informado,,,,,6000 rpm,4000 rpm,Hidráulicos,Admissão,,,,,,"2,28 m²","0,707 m²","0,31",,,,,,Correia dentada,,,,,"0,31",,,,,,,,,,,,,,,,,,,,,,,
peugeot,307,307,307-feline-2-0-at-2007,307-feline-2-0-at-2007,https://www.fichacompleta.com.br/carros/peugeot/307-feline-2-0-at-2007,2026-06-17T21:32:54.805074,Peugeot 307 Feline 2.0 AT 2007,"11,1 s",200 km/h,Conversor de torque,Automático,AL4,,Dianteira,Injeção multiponto,Natural,1997 cm³,4 em linha,EW10A,Duplo no cabeçote,88 mm,85 mm,Transversal,Dianteiro,"9,3 kg/cv","66,5 kg/kgfm","71,6 cv/litro",143 cv,"10,8:1",,"10,0 kgfm/litro",20 kgfm,4,1520 mm,,4212 mm,2612 mm,1762 mm,1330 kg,420 litros,60 litros,127 mm,Disco ventilado,Disco sólido,Hidráulica,,"Indep., McPherson",Mola helicoidal,Eixo de torção,684 km,498 km,"11,4 km/l","8,3 km/l",4,6000 rpm,4000 rpm,Não informado,,,,,,,Hidráulicos,Admissão,,,,,,"2,28 m²","0,707 m²",,,,,,,Correia dentada,,,,,"0,31",,,,,,,,,,,,,,,,,,,,,,,
peugeot,307,307,307-griffe-2-0-at-2007,307-griffe-2-0-at-2007,https://www.fichacompleta.com.br/carros/peugeot/307-griffe-2-0-at-2007,2026-06-17T21:32:58.612232,Peugeot 307 Griffe 2.0 AT 2007,"11,1 s",200 km/h,Conversor de torque,Automático,AL4,4,Dianteira,Injeção multiponto,Natural,1997 cm³,4 em linha,EW10A,Duplo no cabeçote,88 mm,85 mm,Transversal,Dianteiro,"9,3 kg/cv","66,5 kg/kgfm","71,6 cv/litro",143 cv,"10,8:1",,"10,0 kgfm/litro",20 kgfm,4,1520 mm,,4212 mm,2612 mm,1762 mm,1330 kg,420 litros,60 litros,127 mm,Disco ventilado,Disco sólido,Hidráulica,Não informado,"Indep., McPherson",Mola helicoidal,Eixo de torção,684 km,498 km,"11,4 km/l","8,3 km/l",4,,,Não informado,,,,,6000 rpm,4000 rpm,Hidráulicos,Admissão,,,,,,"2,28 m²","0,707 m²","0,31",,,,,,Correia dentada,,,,,"0,31",,,,,,,,,,,,,,,,,,,,,,,
peugeot,307,307,307-presence-1-6-2007,307-presence-1-6-2007,https://www.fichacompleta.com.br/carros/peugeot/307-presence-1-6-2007,2026-06-17T21:33:02.068378,Peugeot 307 Presence 1.6 2007,"11,7 s",190 km/h,Embreagem monodisco a seco,Manual,MA/5,5,Dianteira,Injeção multiponto,Natural,1587 cm³,4 em linha,TU5JP4,Duplo no cabeçote,82 mm,"78,5 mm",Transversal,Dianteiro,"11,2 kg/cv","80,3 kg/kgfm","71,2 cv/litro",113 cv (A) 110 cv (G) a 5750 rpm,11:1,6500 rpm,"10,0 kgfm/litro","15,8 kgfm (A) 14,5 kgfm (G) a 4000 rpm",4,1520 mm,,4212 mm,2612 mm,1762 mm,1268 kg,420 litros,60 litros,127 mm,Disco ventilado,Disco sólido,Hidráulica,11 m,"Indep., McPherson",Mola helicoidal,Eixo de torção,720 km,480 km,12 km/l,8 km/l,5,,,11 m,,,,,5750 rpm,4000 rpm,Hidráulicos,,,,,,,"2,28 m²","0,707 m²","0,31",600 km,402 km,10 km/l,"6,7 km/l",,Correia dentada,113 cv,110 cv,"15,8 kgfm","14,5 kgfm","0,31",,,,,,,,,,,,,,,,,,,,,,,
peugeot,307,307,307-feline-2-0-2008,307-feline-2-0-2008,https://www.fichacompleta.com.br/carros/peugeot/307-feline-2-0-2008,2026-06-17T21:33:05.136183,Peugeot 307 Feline 2.0 2008,"9,8 s",205 km/h,Embreagem monodisco a seco,Manual,BE4/5,5,Dianteira,Injeção multiponto,Natural,1997 cm³,4 em linha,EW10A,"Duplo no cabeçote, correia dentada",,,Transversal,Dianteiro,"9,0 kg/cv","64,7 kg/kgfm","71,6 cv/litro",143 cv a 6000 rpm,"10,8:1",,"10,0 kgfm/litro",20 kgfm a 4000 rpm,4,1520 mm,,4212 mm,2612 mm,1762 mm,1294 kg,420 litros,60 litros,127 mm,Disco ventilado,Disco sólido,Hidráulica,Não informado,"Independente, McPherson",Mola helicoidal,Eixo de torção,750 km,540 km,"12,5 km/l",9 km/l,,,,,,,88 mm,85 mm,,,Hidráulicos,Admissão,,,,,,"2,28 m²","0,707 m²","0,31",,,,,,,,,,,,,,,,,,,,,,,,,,,,,,,,,,
peugeot,307,307,307-feline-2-0-at-2008,307-feline-2-0-at-2008,https://www.fichacompleta.com.br/carros/peugeot/307-feline-2-0-at-2008,2026-06-17T21:33:09.642359,Peugeot 307 Feline 2.0 AT 2008,"11,1 s",200 km/h,Conversor de torque,Automático,AL4,,Dianteira,Injeção multiponto,Natural,1997 cm³,4 em linha,EW10A,Duplo no cabeçote,88 mm,85 mm,Transversal,Dianteiro,"9,3 kg/cv","66,5 kg/kgfm","71,6 cv/litro",143 cv,"10,8:1",,"10,0 kgfm/litro",20 kgfm,4,1520 mm,,4212 mm,2612 mm,1762 mm,1330 kg,420 litros,60 litros,127 mm,Disco ventilado,Disco sólido,Hidráulica,,"Indep., McPherson",Mola helicoidal,Eixo de torção,684 km,498 km,"11,4 km/l","8,3 km/l",4,6000 rpm,4000 rpm,Não informado,,,,,,,Hidráulicos,Admissão,,,,,,"2,28 m²","0,707 m²",,,,,,,Correia dentada,,,,,"0,31",,,,,,,,,,,,,,,,,,,,,,,
peugeot,307,307,307-griffe-2-0-at-2008,307-griffe-2-0-at-2008,https://www.fichacompleta.com.br/carros/peugeot/307-griffe-2-0-at-2008,2026-06-17T21:33:13.531046,Peugeot 307 Griffe 2.0 AT 2008,"11,1 s",200 km/h,Conversor de torque,Automático,AL4,,Dianteira,Injeção multiponto,Natural,1997 cm³,4 em linha,EW10A,Duplo no cabeçote,88 mm,85 mm,Transversal,Dianteiro,"9,3 kg/cv","66,5 kg/kgfm","71,6 cv/litro",143 cv,"10,8:1",,"10,0 kgfm/litro",20 kgfm,4,1520 mm,,4212 mm,2612 mm,1762 mm,1330 kg,420 litros,60 litros,127 mm,Disco ventilado,Disco sólido,Hidráulica,,"Indep., McPherson",Mola helicoidal,Eixo de torção,684 km,498 km,"11,4 km/l","8,3 km/l",4,6000 rpm,4000 rpm,Não informado,,,,,,,Hidráulicos,Admissão,,,,,,"2,28 m²","0,707 m²",,,,,,,Correia dentada,,,,,"0,31",,,,,,,,,,,,,,,,,,,,,,,
peugeot,307,307,307-presence-1-6-2008,307-presence-1-6-2008,https://www.fichacompleta.com.br/carros/peugeot/307-presence-1-6-2008,2026-06-17T21:33:18.136499,Peugeot 307 Presence 1.6 2008,"11,7 s",190 km/h,Embreagem monodisco a seco,Manual,MA/5,5,Dianteira,Injeção multiponto,Natural,1587 cm³,4 em linha,TU5JP4,"Duplo no cabeçote, correia dentada",82 mm,"78,5 mm",Transversal,Dianteiro,"11,2 kg/cv","80,3 kg/kgfm","71,2 cv/litro",113 cv (A) 110 cv (G) a 5750 rpm,11:1,6500 rpm,"10,0 kgfm/litro","15,8 kgfm (A) 14,5 kgfm (G) a 4000 rpm",4,1520 mm,,4212 mm,2612 mm,1762 mm,1268 kg,420 litros,60 litros,127 mm,Disco ventilado,Disco sólido,Hidráulica,11 m,"Independente, McPherson",Mola helicoidal,Eixo de torção,720 km,480 km,12 km/l,8 km/l,,,,,,,,,,,Hidráulicos,,,,,,,"2,28 m²","0,707 m²","0,31",600 km,402 km,10 km/l,"6,7 km/l",,,,,,,,,,,,,,,,,,,,,,,,,,,,,,
peugeot,307,307,307-feline-2-0-2009,307-feline-2-0-2009,https://www.fichacompleta.com.br/carros/peugeot/307-feline-2-0-2009,2026-06-17T21:33:20.680803,Peugeot 307 Feline 2.0 2009,"9,8 s",206 km/h,Embreagem monodisco a seco,Manual,BE4/5,5,Dianteira,Injeção multiponto,Natural,1997 cm³,4 em linha,EW10A,"Duplo no cabeçote, correia dentada",88 mm,85 mm,Transversal,Dianteiro,"8,6 kg/cv","59,1 kg/kgfm","75,6 cv/litro",151 cv (A) 143 cv (G) a 6000 rpm,"10,8:1",,"11,0 kgfm/litro",22 kgfm (A) 20 kgfm (G) a 4000 rpm,4,1520 mm,,4212 mm,2612 mm,1762 mm,1300 kg,420 litros,60 litros,113 mm,Disco ventilado,Disco sólido,Eletro-hidráulica,Não informado,"Independente, McPherson",Mola helicoidal,Eixo de torção,720 km,540 km,12 km/l,9 km/l,,,,,,,,,,,Hidráulicos,Admissão,,,,,,"2,28 m²","0,707 m²","0,31",540 km,360 km,9 km/l,6 km/l,,,,,,,,,,,,,,,,,,,,,,,,,,,,,,
peugeot,307,307,307-feline-2-0-at-2009,307-feline-2-0-at-2009,https://www.fichacompleta.com.br/carros/peugeot/307-feline-2-0-at-2009,2026-06-17T21:33:24.996714,Peugeot 307 Feline 2.0 AT 2009,"10,5 s",206 km/h,Conversor de torque,Automático,AL4,4,Dianteira,Injeção multiponto,Natural,1997 cm³,4 em linha,EW10A,"Duplo no cabeçote, correia dentada",88 mm,85 mm,Transversal,Dianteiro,"9,1 kg/cv","62,2 kg/kgfm","75,6 cv/litro",151 cv (A) 143 cv (G) a 6000 rpm,"10,8:1",,"11,0 kgfm/litro",22 kgfm (A) 20 kgfm (G) a 4000 rpm,4,1520 mm,,4212 mm,2612 mm,1762 mm,1368 kg,420 litros,60 litros,113 mm,Disco ventilado,Disco sólido,Eletro-hidráulica,Não informado,"Independente, McPherson",Mola helicoidal,Eixo de torção,672 km,486 km,"11,2 km/l","8,1 km/l",,,,,,,,,,,Hidráulicos,Admissão,,,,,,"2,28 m²","0,707 m²","0,31",468 km,330 km,"7,8 km/l","5,5 km/l",,,,,,,,,,,,,,,,,,,,,,,,,,,,,,
peugeot,307,307,307-presence-1-6-2009,307-presence-1-6-2009,https://www.fichacompleta.com.br/carros/peugeot/307-presence-1-6-2009,2026-06-17T21:33:28.065585,Peugeot 307 Presence 1.6 2009,"11,7 s",190 km/h,Embreagem monodisco a seco,Manual,MA/5,5,Dianteira,Injeção multiponto,Natural,1587 cm³,4 em linha,TU5JP4,"Duplo no cabeçote, correia dentada",82 mm,"78,5 mm",Transversal,Dianteiro,"11,2 kg/cv","80,3 kg/kgfm","71,2 cv/litro",113 cv (A) 110 cv (G) a 5750 rpm,11:1,6500 rpm,"10,0 kgfm/litro","15,8 kgfm (A) 14,5 kgfm (G) a 4000 rpm",4,1520 mm,,4212 mm,2612 mm,1762 mm,1268 kg,420 litros,60 litros,127 mm,Disco ventilado,Disco sólido,Hidráulica,11 m,"Independente, McPherson",Mola helicoidal,Eixo de torção,720 km,480 km,12 km/l,8 km/l,,,,,,,,,,,Hidráulicos,,,,,,,"2,28 m²","0,707 m²","0,31",600 km,402 km,10 km/l,"6,7 km/l",,,,,,,,,,,,,,,,,,,,,,,,,,,,,,
peugeot,307,307,307-feline-2-0-at-2010,307-feline-2-0-at-2010,https://www.fichacompleta.com.br/carros/peugeot/307-feline-2-0-at-2010,2026-06-17T21:33:31.884312,Peugeot 307 Feline 2.0 AT 2010,"10,5 s",206 km/h,Conversor de torque,Automático,AL4,4,Dianteira,Injeção multiponto,Natural,1997 cm³,4 em linha,EW10A,Duplo no cabeçote,88 mm,85 mm,Transversal,Dianteiro,"9,1 kg/cv","62,2 kg/kgfm","75,6 cv/litro",151 cv (A) 143 cv (G) a 6000 rpm,"10,8:1",,"11,0 kgfm/litro",22 kgfm (A) 20 kgfm (G) a 4000 rpm,4,1520 mm,,4212 mm,2612 mm,1762 mm,1368 kg,420 litros,60 litros,113 mm,Disco ventilado,Disco sólido,Eletro-hidráulica,Não informado,"Indep., McPherson",Mola helicoidal,Eixo de torção,672 km,486 km,"11,2 km/l","8,1 km/l",4,,,Não informado,,,,,6000 rpm,4000 rpm,Hidráulicos,Admissão,,,,,,"2,28 m²","0,707 m²","0,31",468 km,330 km,"7,8 km/l","5,5 km/l",,Correia dentada,151 cv,143 cv,22 kgfm,20 kgfm,"0,31",,,,,,,,,,,,,,,,,,,,,,,
peugeot,307,307,307-presence-1-6-2010,307-presence-1-6-2010,https://www.fichacompleta.com.br/carros/peugeot/307-presence-1-6-2010,2026-06-17T21:33:34.915732,Peugeot 307 Presence 1.6 2010,"11,7 s",190 km/h,Embreagem monodisco a seco,Manual,MA/5,5,Dianteira,Injeção multiponto,Natural,1587 cm³,4 em linha,TU5JP4,"Duplo no cabeçote, correia dentada",82 mm,"78,5 mm",Transversal,Dianteiro,"11,2 kg/cv","80,3 kg/kgfm","71,2 cv/litro",113 cv (A) 110 cv (G) a 5750 rpm,11:1,6500 rpm,"10,0 kgfm/litro","15,8 kgfm (A) 14,5 kgfm (G) a 4000 rpm",4,1520 mm,,4212 mm,2612 mm,1762 mm,1268 kg,420 litros,60 litros,127 mm,Disco ventilado,Disco sólido,Hidráulica,11 m,"Independente, McPherson",Mola helicoidal,Eixo de torção,720 km,480 km,12 km/l,8 km/l,,,,,,,,,,,Hidráulicos,,,,,,,"2,28 m²","0,707 m²","0,31",600 km,402 km,10 km/l,"6,7 km/l",,,,,,,,,,,,,,,,,,,,,,,,,,,,,,
peugeot,307,307,307-presence-2-0-at-2010,307-presence-2-0-at-2010,https://www.fichacompleta.com.br/carros/peugeot/307-presence-2-0-at-2010,2026-06-17T21:33:39.754071,Peugeot 307 Presence 2.0 AT 2010,"10,5 s",206 km/h,Conversor de torque,Automático,AL4,,Dianteira,Injeção multiponto,Natural,1997 cm³,4 em linha,EW10A,Duplo no cabeçote,88 mm,85 mm,Transversal,Dianteiro,"9,1 kg/cv","62,2 kg/kgfm","75,6 cv/litro",,"10,8:1",,"11,0 kgfm/litro",,4,1520 mm,,4212 mm,2612 mm,1762 mm,1368 kg,420 litros,60 litros,113 mm,Disco ventilado,Disco sólido,Eletro-hidráulica,,"Indep., McPherson",Mola helicoidal,Eixo de torção,672 km,486 km,"11,2 km/l","8,1 km/l",4,6000 rpm,4000 rpm,Não informado,,,,,,,Hidráulicos,Admissão,,,,,,"2,28 m²","0,707 m²",,468 km,330 km,"7,8 km/l","5,5 km/l",,Correia dentada,151 cv,143 cv,22 kgfm,20 kgfm,"0,31",,,,,,,,,,,,,,,,,,,,,,,
peugeot,307,307,307-feline-2-0-at-2011,307-feline-2-0-at-2011,https://www.fichacompleta.com.br/carros/peugeot/307-feline-2-0-at-2011,2026-06-17T21:33:43.113921,Peugeot 307 Feline 2.0 AT 2011,"10,5 s",206 km/h,Conversor de torque,Automático,AL4,,Dianteira,Injeção multiponto,Natural,1997 cm³,4 em linha,EW10A,Duplo no cabeçote,88 mm,85 mm,Transversal,Dianteiro,"9,1 kg/cv","62,2 kg/kgfm","75,6 cv/litro",,"10,8:1",,"11,0 kgfm/litro",,4,1520 mm,,4212 mm,2612 mm,1762 mm,1368 kg,420 litros,60 litros,113 mm,Disco ventilado,Disco sólido,Eletro-hidráulica,,"Indep., McPherson",Mola helicoidal,Eixo de torção,672 km,486 km,"11,2 km/l","8,1 km/l",4,6000 rpm,4000 rpm,Não informado,,,,,,,Hidráulicos,Admissão,,,,,,"2,28 m²","0,707 m²",,468 km,330 km,"7,8 km/l","5,5 km/l",,Correia dentada,151 cv,143 cv,22 kgfm,20 kgfm,"0,31",,,,,,,,,,,,,,,,,,,,,,,
peugeot,307,307,307-millesim-200-1-6-2011,307-millesim-200-1-6-2011,https://www.fichacompleta.com.br/carros/peugeot/307-millesim-200-1-6-2011,2026-06-17T21:33:45.779972,Peugeot 307 Millesim 200 1.6 2011,"11,7 s",190 km/h,Embreagem monodisco a seco,Manual,MA/5,5,Dianteira,Injeção multiponto,Natural,1587 cm³,4 em linha,TU5JP4,"Duplo no cabeçote, correia dentada",82 mm,"78,5 mm",Transversal,Dianteiro,"11,2 kg/cv","80,3 kg/kgfm","71,2 cv/litro",113 cv (A) 110 cv (G) a 5750 rpm,11:1,6500 rpm,"10,0 kgfm/litro","15,8 kgfm (A) 14,5 kgfm (G) a 4000 rpm",4,1520 mm,,4212 mm,2612 mm,1762 mm,1268 kg,420 litros,60 litros,127 mm,Disco ventilado,Disco sólido,Hidráulica,11 m,"Independente, McPherson",Mola helicoidal,Eixo de torção,720 km,480 km,12 km/l,8 km/l,,,,,,,,,,,Hidráulicos,,,,,,,"2,28 m²","0,707 m²","0,31",600 km,402 km,10 km/l,"6,7 km/l",,,,,,,,,,,,,,,,,,,,,,,,,,,,,,
peugeot,307,307,307-presence-1-6-2011,307-presence-1-6-2011,https://www.fichacompleta.com.br/carros/peugeot/307-presence-1-6-2011,2026-06-17T21:33:49.524031,Peugeot 307 Presence 1.6 2011,"11,7 s",190 km/h,Embreagem monodisco a seco,Manual,MA/5,,Dianteira,Injeção multiponto,Natural,1587 cm³,4 em linha,TU5JP4,Duplo no cabeçote,82 mm,"78,5 mm",Transversal,Dianteiro,"11,2 kg/cv","80,3 kg/kgfm","71,2 cv/litro",,11:1,6500 rpm,"10,0 kgfm/litro",,4,1520 mm,,4212 mm,2612 mm,1762 mm,1268 kg,420 litros,60 litros,127 mm,Disco ventilado,Disco sólido,Hidráulica,,"Indep., McPherson",Mola helicoidal,Eixo de torção,720 km,480 km,12 km/l,8 km/l,5,5750 rpm,4000 rpm,11 m,,,,,,,Hidráulicos,,,,,,,"2,28 m²","0,707 m²",,600 km,402 km,10 km/l,"6,7 km/l",,Correia dentada,113 cv,110 cv,"15,8 kgfm","14,5 kgfm","0,31",,,,,,,,,,,,,,,,,,,,,,,
peugeot,307,307,307-presence-2-0-at-2011,307-presence-2-0-at-2011,https://www.fichacompleta.com.br/carros/peugeot/307-presence-2-0-at-2011,2026-06-17T21:33:52.219158,Peugeot 307 Presence 2.0 AT 2011,"10,5 s",206 km/h,Conversor de torque,Automático,AL4,,Dianteira,Injeção multiponto,Natural,1997 cm³,4 em linha,EW10A,Duplo no cabeçote,88 mm,85 mm,Transversal,Dianteiro,"9,1 kg/cv","62,2 kg/kgfm","75,6 cv/litro",,"10,8:1",,"11,0 kgfm/litro",,4,1520 mm,,4212 mm,2612 mm,1762 mm,1368 kg,420 litros,60 litros,113 mm,Disco ventilado,Disco sólido,Eletro-hidráulica,,"Indep., McPherson",Mola helicoidal,Eixo de torção,672 km,486 km,"11,2 km/l","8,1 km/l",4,6000 rpm,4000 rpm,Não informado,,,,,,,Hidráulicos,Admissão,,,,,,"2,28 m²","0,707 m²",,468 km,330 km,"7,8 km/l","5,5 km/l",,Correia dentada,151 cv,143 cv,22 kgfm,20 kgfm,"0,31",,,,,,,,,,,,,,,,,,,,,,,
peugeot,307,307,307-premium-2-0-at-2012,307-premium-2-0-at-2012,https://www.fichacompleta.com.br/carros/peugeot/307-premium-2-0-at-2012,2026-06-17T21:33:54.693862,Peugeot 307 Premium 2.0 AT 2012,"10,5 s",206 km/h,Conversor de torque,Automático,AT8,4,Dianteira,Injeção multiponto,Natural,1997 cm³,4 em linha,EW10A,"Duplo no cabeçote, correia dentada",88 mm,85 mm,Transversal,Dianteiro,"9,1 kg/cv","62,2 kg/kgfm","75,6 cv/litro",151 cv (A) 143 cv (G) a 6000 rpm,"10,8:1",,"11,0 kgfm/litro",22 kgfm (A) 20 kgfm (G) a 4000 rpm,4,1520 mm,,4212 mm,2612 mm,1762 mm,1368 kg,420 litros,60 litros,113 mm,Disco ventilado,Disco sólido,Eletro-hidráulica,Não informado,"Independente, McPherson",Mola helicoidal,Eixo de torção,672 km,486 km,"11,2 km/l","8,1 km/l",,,,,,,,,,,Hidráulicos,Admissão,,,,,,"2,28 m²","0,707 m²","0,31",468 km,330 km,"7,8 km/l","5,5 km/l",,,,,,,,,,,,,,,,,,,,,,,,,,,,,,
peugeot,307,307,307-presence-1-6-2012,307-presence-1-6-2012,https://www.fichacompleta.com.br/carros/peugeot/307-presence-1-6-2012,2026-06-17T21:33:57.403850,Peugeot 307 Presence 1.6 2012,"11,7 s",190 km/h,Embreagem monodisco a seco,Manual,MA/5,5,Dianteira,Injeção multiponto,Natural,1587 cm³,4 em linha,TU5JP4,"Duplo no cabeçote, correia dentada",82 mm,"78,5 mm",Transversal,Dianteiro,"11,2 kg/cv","80,3 kg/kgfm","71,2 cv/litro",113 cv (A) 110 cv (G) a 5750 rpm,11:1,6500 rpm,"10,0 kgfm/litro","15,8 kgfm (A) 14,5 kgfm (G) a 4000 rpm",4,1520 mm,,4212 mm,2612 mm,1762 mm,1268 kg,420 litros,60 litros,127 mm,Disco ventilado,Disco sólido,Hidráulica,11 m,"Independente, McPherson",Mola helicoidal,Eixo de torção,720 km,480 km,12 km/l,8 km/l,,,,,,,,,,,Hidráulicos,,,,,,,"2,28 m²","0,707 m²","0,31",600 km,402 km,10 km/l,"6,7 km/l",,,,,,,,,,,,,,,,,,,,,,,,,,,,,,
peugeot,307,307,307-presence-2-0-at-2012,307-presence-2-0-at-2012,https://www.fichacompleta.com.br/carros/peugeot/307-presence-2-0-at-2012,2026-06-17T21:34:00.912523,Peugeot 307 Presence 2.0 AT 2012,"10,5 s",206 km/h,Conversor de torque,Automático,AT8,,Dianteira,Injeção multiponto,Natural,1997 cm³,4 em linha,EW10A,Duplo no cabeçote,88 mm,85 mm,Transversal,Dianteiro,"9,1 kg/cv","62,2 kg/kgfm","75,6 cv/litro",,"10,8:1",,"11,0 kgfm/litro",,4,1520 mm,,4212 mm,2612 mm,1762 mm,1368 kg,420 litros,60 litros,113 mm,Disco ventilado,Disco sólido,Eletro-hidráulica,,"Indep., McPherson",Mola helicoidal,Eixo de torção,672 km,486 km,"11,2 km/l","8,1 km/l",4,6000 rpm,4000 rpm,Não informado,,,,,,,Hidráulicos,Admissão,,,,,,"2,28 m²","0,707 m²",,468 km,330 km,"7,8 km/l","5,5 km/l",,Correia dentada,151 cv,143 cv,22 kgfm,20 kgfm,"0,31",,,,,,,,,,,,,,,,,,,,,,,
peugeot,307 Cabriolet,307-cabriolet,307-cabriolet-2-0-2004,307-cabriolet-2-0-2004,https://www.fichacompleta.com.br/carros/peugeot/307-cabriolet-2-0-2004,2026-06-17T21:34:19.093875,Peugeot 307 Cabriolet 2.0 2004,"12,7 s",204 km/h,Conversor de torque,Automático,AL4,4,Dianteira,Injeção multiponto,Natural,1997 cm³,4 em linha,EW10J4,"Duplo no cabeçote, correia dentada",88 mm,85 mm,Transversal,Dianteiro,"10,8 kg/cv","76,7 kg/kgfm","69,1 cv/litro",138 cv a 6000 rpm,"10,8:1",,"9,7 kgfm/litro","19,4 kgfm a 4100 rpm",4,1424 mm,,4347 mm,2605 mm,1759 mm,1488 kg,232 litros,60 litros,113 mm,Disco ventilado,Disco sólido,Hidráulica,"11,1 m","Independente, McPherson",Mola helicoidal,Eixo de torção,720 km,480 km,12 km/l,8 km/l,,,,,,,,,,,Hidráulicos,,,,,,,,,,,,,,,,,,,,,,,,,,,,,,,,,,,,,,,,,,,
peugeot,307 Cabriolet,307-cabriolet,307-cabriolet-2-0-2005,307-cabriolet-2-0-2005,https://www.fichacompleta.com.br/carros/peugeot/307-cabriolet-2-0-2005,2026-06-17T21:34:23.773765,Peugeot 307 Cabriolet 2.0 2005,"12,7 s",204 km/h,Conversor de torque,Automático,AL4,4,Dianteira,Injeção multiponto,Natural,1997 cm³,4 em linha,EW10J4,"Duplo no cabeçote, correia dentada",88 mm,85 mm,Transversal,Dianteiro,"10,8 kg/cv","76,7 kg/kgfm","69,1 cv/litro",138 cv a 6000 rpm,"10,8:1",,"9,7 kgfm/litro","19,4 kgfm a 4100 rpm",4,1424 mm,,4347 mm,2605 mm,1759 mm,1488 kg,232 litros,60 litros,113 mm,Disco ventilado,Disco sólido,Hidráulica,"11,1 m","Independente, McPherson",Mola helicoidal,Eixo de torção,720 km,480 km,12 km/l,8 km/l,,,,,,,,,,,Hidráulicos,,,,,,,,,,,,,,,,,,,,,,,,,,,,,,,,,,,,,,,,,,,
peugeot,307 Cabriolet,307-cabriolet,307-cabriolet-2-0-2005-gasolina,307-cabriolet-2-0-2005-gasolina,https://www.fichacompleta.com.br/carros/peugeot/307-cabriolet-2-0-2005-gasolina,2026-06-17T21:34:27.684867,Peugeot 307 Cabriolet 2.0 2005,12 s,204 km/h,Embreagem monodisco a seco,Manual,BE4/5,,Dianteira,Injeção multiponto,Natural,1997 cm³,4 em linha,EW10J4,Duplo no cabeçote,88 mm,85 mm,Transversal,Dianteiro,"10,6 kg/cv","75,7 kg/kgfm","69,1 cv/litro",138 cv,"10,8:1",,"9,7 kgfm/litro","19,4 kgfm",4,1424 mm,,4347 mm,2605 mm,1759 mm,1468 kg,232 litros,60 litros,113 mm,Disco ventilado,Disco sólido,Hidráulica,,"Indep., McPherson",Mola helicoidal,Eixo de torção,720 km,480 km,12 km/l,8 km/l,5,6000 rpm,4100 rpm,"11,1 m",,,,,,,Hidráulicos,,,,,,,,,,,,,,,Correia dentada,,,,,,,,,,,,,,,,,,,,,,,,,,,,
peugeot,307 Cabriolet,307-cabriolet,307-cabriolet-2-0-2007,307-cabriolet-2-0-2007,https://www.fichacompleta.com.br/carros/peugeot/307-cabriolet-2-0-2007,2026-06-17T21:34:32.213980,Peugeot 307 Cabriolet 2.0 2007,"10,7 s",206 km/h,Conversor de torque,Automático,AL4,,Dianteira,Injeção multiponto,Natural,1997 cm³,4 em linha,EW10A,Duplo no cabeçote,88 mm,85 mm,Transversal,Dianteiro,"10,4 kg/cv","74,4 kg/kgfm","71,6 cv/litro",143 cv,"10,8:1",,"10,0 kgfm/litro",20 kgfm,4,1424 mm,,4357 mm,2605 mm,1759 mm,1488 kg,232 litros,60 litros,103 mm,Disco ventilado,Disco sólido,Eletro-hidráulica,,"Indep., McPherson",Mola helicoidal,Eixo de torção,720 km,480 km,12 km/l,8 km/l,4,6000 rpm,4000 rpm,Não informado,,,,,,,Hidráulicos,Admissão,,,,,,,,,,,,,,Correia dentada,,,,,,,,,,,,,,,,,,,,,,,,,,,,
peugeot,307 Cabriolet,307-cabriolet,307-cabriolet-2-0-2008,307-cabriolet-2-0-2008,https://www.fichacompleta.com.br/carros/peugeot/307-cabriolet-2-0-2008,2026-06-17T21:34:36.667796,Peugeot 307 Cabriolet 2.0 2008,"10,7 s",206 km/h,Conversor de torque,Automático,AL4,4,Dianteira,Injeção multiponto,Natural,1997 cm³,4 em linha,EW10A,Duplo no cabeçote,88 mm,85 mm,Transversal,Dianteiro,"10,4 kg/cv","74,4 kg/kgfm","71,6 cv/litro",143 cv,"10,8:1",,"10,0 kgfm/litro",20 kgfm,4,1424 mm,,4357 mm,2605 mm,1759 mm,1488 kg,232 litros,60 litros,103 mm,Disco ventilado,Disco sólido,Eletro-hidráulica,Não informado,"Indep., McPherson",Mola helicoidal,Eixo de torção,720 km,480 km,12 km/l,8 km/l,4,,,Não informado,,,,,6000 rpm,4000 rpm,Hidráulicos,Admissão,,,,,,,,,,,,,,Correia dentada,,,,,,,,,,,,,,,,,,,,,,,,,,,,
peugeot,307 Sedan,307-sedan,307-sedan-feline-2-0-2007,307-sedan-feline-2-0-2007,https://www.fichacompleta.com.br/carros/peugeot/307-sedan-feline-2-0-2007,2026-06-17T21:34:56.769016,Peugeot 307 Sedan Feline 2.0 2007,10 s,203 km/h,Embreagem monodisco a seco,Manual,BE4/5,,Dianteira,Injeção multiponto,Natural,1997 cm³,4 em linha,EW10A,Duplo no cabeçote,88 mm,85 mm,Transversal,Dianteiro,"9,7 kg/cv","69,0 kg/kgfm","71,6 cv/litro",143 cv,"10,8:1",,"10,0 kgfm/litro",20 kgfm,4,1528 mm,,4480 mm,2612 mm,1762 mm,1380 kg,506 litros,60 litros,127 mm,Disco ventilado,Disco sólido,Hidráulica,,"Indep., McPherson",Mola helicoidal,Eixo de torção,750 km,540 km,"12,5 km/l",9 km/l,5,6000 rpm,4000 rpm,Não informado,,,,,,,Hidráulicos,Admissão,,,,,,,,,,,,,,Correia dentada,,,,,,,,,,,,,,,,,,,,,,,,,,,,
peugeot,307 Sedan,307-sedan,307-sedan-feline-2-0-at-2007,307-sedan-feline-2-0-at-2007,https://www.fichacompleta.com.br/carros/peugeot/307-sedan-feline-2-0-at-2007,2026-06-17T21:35:01.184196,Peugeot 307 Sedan Feline 2.0 AT 2007,"10,7 s",203 km/h,Conversor de torque,Automático,AL4,4,Dianteira,Injeção multiponto,Natural,1997 cm³,4 em linha,EW10A,"Duplo no cabeçote, correia dentada",,,Transversal,Dianteiro,"9,9 kg/cv","70,6 kg/kgfm","71,6 cv/litro",143 cv a 6000 rpm,"10,8:1",,"10,0 kgfm/litro",20 kgfm a 4000 rpm,4,1528 mm,,4480 mm,2612 mm,1762 mm,1411 kg,506 litros,60 litros,127 mm,Disco ventilado,Disco sólido,Hidráulica,Não informado,"Independente, McPherson",Mola helicoidal,Eixo de torção,696 km,468 km,"11,6 km/l","7,8 km/l",,,,,,,88 mm,85 mm,,,Hidráulicos,Admissão,,,,,,,,,,,,,,,,,,,,,,,,,,,,,,,,,,,,,,,,,,
peugeot,307 Sedan,307-sedan,307-sedan-griffe-2-0-at-2007,307-sedan-griffe-2-0-at-2007,https://www.fichacompleta.com.br/carros/peugeot/307-sedan-griffe-2-0-at-2007,2026-06-17T21:35:05.097733,Peugeot 307 Sedan Griffe 2.0 AT 2007,"10,7 s",203 km/h,Conversor de torque,Automático,AL4,4,Dianteira,Injeção multiponto,Natural,1997 cm³,4 em linha,EW10A,Duplo no cabeçote,88 mm,85 mm,Transversal,Dianteiro,"9,9 kg/cv","70,6 kg/kgfm","71,6 cv/litro",143 cv,"10,8:1",,"10,0 kgfm/litro",20 kgfm,4,1528 mm,,4480 mm,2612 mm,1762 mm,1411 kg,506 litros,60 litros,127 mm,Disco ventilado,Disco sólido,Hidráulica,Não informado,"Indep., McPherson",Mola helicoidal,Eixo de torção,696 km,468 km,"11,6 km/l","7,8 km/l",4,,,Não informado,,,,,6000 rpm,4000 rpm,Hidráulicos,Admissão,,,,,,,,,,,,,,Correia dentada,,,,,,,,,,,,,,,,,,,,,,,,,,,,
peugeot,307 Sedan,307-sedan,307-sedan-presence-1-6-2007,307-sedan-presence-1-6-2007,https://www.fichacompleta.com.br/carros/peugeot/307-sedan-presence-1-6-2007,2026-06-17T21:35:08.612255,Peugeot 307 Sedan Presence 1.6 2007,"12,6 s",186 km/h,Embreagem monodisco a seco,Manual,MA/5,5,Dianteira,Injeção multiponto,Natural,1587 cm³,4 em linha,TU5JP4,Duplo no cabeçote,82 mm,"78,5 mm",Transversal,Dianteiro,"12,1 kg/cv","86,3 kg/kgfm","71,2 cv/litro",113 cv (A) 110 cv (G) a 5750 rpm,11:1,6500 rpm,"10,0 kgfm/litro","15,8 kgfm (A) 14,5 kgfm (G) a 4000 rpm",4,1528 mm,,4480 mm,2612 mm,1762 mm,1363 kg,506 litros,60 litros,127 mm,Disco ventilado,Disco sólido,Hidráulica,Não informado,"Indep., McPherson",Mola helicoidal,Eixo de torção,708 km,546 km,"11,8 km/l","9,1 km/l",5,,,Não informado,,,,,5750 rpm,4000 rpm,Hidráulicos,,,,,,,,,,444 km,360 km,"7,4 km/l",6 km/l,,Correia dentada,113 cv,110 cv,"15,8 kgfm","14,5 kgfm",,,,,,,,,,,,,,,,,,,,,,,,
peugeot,307 Sedan,307-sedan,307-sedan-feline-2-0-at-2008,307-sedan-feline-2-0-at-2008,https://www.fichacompleta.com.br/carros/peugeot/307-sedan-feline-2-0-at-2008,2026-06-17T21:35:13.197484,Peugeot 307 Sedan Feline 2.0 AT 2008,"10,7 s",203 km/h,Conversor de torque,Automático,AL4,4,Dianteira,Injeção multiponto,Natural,1997 cm³,4 em linha,EW10A,"Duplo no cabeçote, correia dentada",,,Transversal,Dianteiro,"9,9 kg/cv","70,6 kg/kgfm","71,6 cv/litro",143 cv a 6000 rpm,"10,8:1",,"10,0 kgfm/litro",20 kgfm a 4000 rpm,4,1528 mm,,4480 mm,2612 mm,1762 mm,1411 kg,506 litros,60 litros,127 mm,Disco ventilado,Disco sólido,Hidráulica,Não informado,"Independente, McPherson",Mola helicoidal,Eixo de torção,696 km,468 km,"11,6 km/l","7,8 km/l",,,,,,,88 mm,85 mm,,,Hidráulicos,Admissão,,,,,,,,,,,,,,,,,,,,,,,,,,,,,,,,,,,,,,,,,,
peugeot,307 Sedan,307-sedan,307-sedan-presence-1-6-2008,307-sedan-presence-1-6-2008,https://www.fichacompleta.com.br/carros/peugeot/307-sedan-presence-1-6-2008,2026-06-17T21:35:16.381374,Peugeot 307 Sedan Presence 1.6 2008,"12,6 s",186 km/h,Embreagem monodisco a seco,Manual,MA/5,,Dianteira,Injeção multiponto,Natural,1587 cm³,4 em linha,TU5JP4,Duplo no cabeçote,82 mm,"78,5 mm",Transversal,Dianteiro,"12,1 kg/cv","86,3 kg/kgfm","71,2 cv/litro",,11:1,6500 rpm,"10,0 kgfm/litro",,4,1528 mm,,4480 mm,2612 mm,1762 mm,1363 kg,506 litros,60 litros,127 mm,Disco ventilado,Disco sólido,Hidráulica,,"Indep., McPherson",Mola helicoidal,Eixo de torção,708 km,546 km,"11,8 km/l","9,1 km/l",5,5750 rpm,4000 rpm,Não informado,,,,,,,Hidráulicos,,,,,,,,,,444 km,360 km,"7,4 km/l",6 km/l,,Correia dentada,113 cv,110 cv,"15,8 kgfm","14,5 kgfm",,,,,,,,,,,,,,,,,,,,,,,,
peugeot,307 Sedan,307-sedan,307-sedan-feline-2-0-at-2009,307-sedan-feline-2-0-at-2009,https://www.fichacompleta.com.br/carros/peugeot/307-sedan-feline-2-0-at-2009,2026-06-17T21:35:19.817109,Peugeot 307 Sedan Feline 2.0 AT 2009,"10,7 s",203 km/h,Conversor de torque,Automático,AL4,4,Dianteira,Injeção multiponto,Natural,1997 cm³,4 em linha,EW10A,"Duplo no cabeçote, correia dentada",,,Transversal,Dianteiro,"9,9 kg/cv","70,6 kg/kgfm","71,6 cv/litro",143 cv a 6000 rpm,"10,8:1",,"10,0 kgfm/litro",20 kgfm a 4000 rpm,4,1528 mm,,4480 mm,2612 mm,1762 mm,1411 kg,506 litros,60 litros,127 mm,195/65 R15,Disco sólido,Hidráulica,Não informado,"Independente, McPherson",Mola helicoidal,Eixo de torção,696 km,468 km,"11,6 km/l","7,8 km/l",,,,,,,88 mm,85 mm,,,Hidráulicos,Admissão,,,,,,,,,,,,,,,,,,,,,,,,,,,,,,,,,,,,,,,,,,
peugeot,307 Sedan,307-sedan,307-sedan-presence-1-6-2009,307-sedan-presence-1-6-2009,https://www.fichacompleta.com.br/carros/peugeot/307-sedan-presence-1-6-2009,2026-06-17T21:35:22.346303,Peugeot 307 Sedan Presence 1.6 2009,"12,6 s",186 km/h,Embreagem monodisco a seco,Manual,MA/5,,Dianteira,Injeção multiponto,Natural,1587 cm³,4 em linha,TU5JP4,Duplo no cabeçote,82 mm,"78,5 mm",Transversal,Dianteiro,"12,1 kg/cv","86,3 kg/kgfm","71,2 cv/litro",,11:1,6500 rpm,"10,0 kgfm/litro",,4,1528 mm,,4480 mm,2612 mm,1762 mm,1363 kg,506 litros,60 litros,127 mm,Disco ventilado,Disco sólido,Hidráulica,,"Indep., McPherson",Mola helicoidal,Eixo de torção,708 km,546 km,"11,8 km/l","9,1 km/l",5,5750 rpm,4000 rpm,Não informado,,,,,,,Hidráulicos,,,,,,,,,,444 km,360 km,"7,4 km/l",6 km/l,,Correia dentada,113 cv,110 cv,"15,8 kgfm","14,5 kgfm",,,,,,,,,,,,,,,,,,,,,,,,
peugeot,307 Sedan,307-sedan,307-sedan-feline-2-0-at-2010,307-sedan-feline-2-0-at-2010,https://www.fichacompleta.com.br/carros/peugeot/307-sedan-feline-2-0-at-2010,2026-06-17T21:35:25.878851,Peugeot 307 Sedan Feline 2.0 AT 2010,"10,7 s",203 km/h,Conversor de torque,Automático,AL4,4,Dianteira,Injeção multiponto,Natural,1997 cm³,4 em linha,EW10A,"Duplo no cabeçote, correia dentada",88 mm,85 mm,Transversal,Dianteiro,"9,3 kg/cv","64,1 kg/kgfm","75,6 cv/litro",151 cv (A) 143 cv (G) a 6000 rpm,"10,8:1",,"11,0 kgfm/litro",22 kgfm (A) 20 kgfm (G) a 4000 rpm,4,1528 mm,,4480 mm,2612 mm,1762 mm,1411 kg,506 litros,60 litros,113 mm,Disco ventilado,Disco sólido,Eletro-hidráulica,Não informado,"Independente, McPherson",Mola helicoidal,Eixo de torção,672 km,486 km,"11,2 km/l","8,1 km/l",,,,,,,,,,,Hidráulicos,Admissão,,,,,,,,,468 km,330 km,"7,8 km/l","5,5 km/l",,,,,,,,,,,,,,,,,,,,,,,,,,,,,,
peugeot,307 Sedan,307-sedan,307-sedan-presence-1-6-2010,307-sedan-presence-1-6-2010,https://www.fichacompleta.com.br/carros/peugeot/307-sedan-presence-1-6-2010,2026-06-17T21:35:29.345892,Peugeot 307 Sedan Presence 1.6 2010,"12,6 s",186 km/h,Embreagem monodisco a seco,Manual,MA/5,5,Dianteira,Injeção multiponto,Natural,1587 cm³,4 em linha,TU5JP4,"Duplo no cabeçote, correia dentada",82 mm,"78,5 mm",Transversal,Dianteiro,"12,1 kg/cv","86,3 kg/kgfm","71,2 cv/litro",113 cv (A) 110 cv (G) a 5750 rpm,11:1,6500 rpm,"10,0 kgfm/litro","15,8 kgfm (A) 14,5 kgfm (G) a 4000 rpm",4,1528 mm,,4480 mm,2612 mm,1762 mm,1363 kg,506 litros,60 litros,127 mm,Disco ventilado,Disco sólido,Hidráulica,Não informado,"Independente, McPherson",Mola helicoidal,Eixo de torção,708 km,546 km,"11,8 km/l","9,1 km/l",,,,,,,,,,,Hidráulicos,,,,,,,,,,444 km,360 km,"7,4 km/l",6 km/l,,,,,,,,,,,,,,,,,,,,,,,,,,,,,,
peugeot,307 Sedan,307-sedan,307-sedan-presence-2-0-at-2010,307-sedan-presence-2-0-at-2010,https://www.fichacompleta.com.br/carros/peugeot/307-sedan-presence-2-0-at-2010,2026-06-17T21:35:33.286793,Peugeot 307 Sedan Presence 2.0 AT 2010,"10,7 s",203 km/h,Conversor de torque,Automático,AL4,,Dianteira,Injeção multiponto,Natural,1997 cm³,4 em linha,EW10A,Duplo no cabeçote,88 mm,85 mm,Transversal,Dianteiro,"9,3 kg/cv","64,1 kg/kgfm","75,6 cv/litro",,"10,8:1",,"11,0 kgfm/litro",,4,1528 mm,,4480 mm,2612 mm,1762 mm,1411 kg,506 litros,60 litros,113 mm,Disco ventilado,Disco sólido,Eletro-hidráulica,,"Indep., McPherson",Mola helicoidal,Eixo de torção,672 km,486 km,"11,2 km/l","8,1 km/l",4,6000 rpm,4000 rpm,Não informado,,,,,,,Hidráulicos,Admissão,,,,,,,,,468 km,330 km,"7,8 km/l","5,5 km/l",,Correia dentada,151 cv,143 cv,22 kgfm,20 kgfm,,,,,,,,,,,,,,,,,,,,,,,,
peugeot,307 Sedan,307-sedan,307-sedan-feline-2-0-at-2011,307-sedan-feline-2-0-at-2011,https://www.fichacompleta.com.br/carros/peugeot/307-sedan-feline-2-0-at-2011,2026-06-17T21:35:36.297513,Peugeot 307 Sedan Feline 2.0 AT 2011,"10,7 s",203 km/h,Conversor de torque,Automático,AL4,4,Dianteira,Injeção multiponto,Natural,1997 cm³,4 em linha,EW10A,"Duplo no cabeçote, correia dentada",88 mm,85 mm,Transversal,Dianteiro,"9,3 kg/cv","64,1 kg/kgfm","75,6 cv/litro",151 cv (A) 143 cv (G) a 6000 rpm,"10,8:1",,"11,0 kgfm/litro",22 kgfm (A) 20 kgfm (G) a 4000 rpm,4,1528 mm,,4480 mm,2612 mm,1762 mm,1411 kg,506 litros,60 litros,113 mm,Disco ventilado,Disco sólido,Eletro-hidráulica,Não informado,"Independente, McPherson",Mola helicoidal,Eixo de torção,672 km,486 km,"11,2 km/l","8,1 km/l",,,,,,,,,,,Hidráulicos,Admissão,,,,,,,,,468 km,330 km,"7,8 km/l","5,5 km/l",,,,,,,,,,,,,,,,,,,,,,,,,,,,,,
peugeot,307 Sedan,307-sedan,307-sedan-presence-1-6-2011,307-sedan-presence-1-6-2011,https://www.fichacompleta.com.br/carros/peugeot/307-sedan-presence-1-6-2011,2026-06-17T21:35:39.445881,Peugeot 307 Sedan Presence 1.6 2011,"12,6 s",186 km/h,Embreagem monodisco a seco,Manual,MA/5,,Dianteira,Injeção multiponto,Natural,1587 cm³,4 em linha,TU5JP4,Duplo no cabeçote,82 mm,"78,5 mm",Transversal,Dianteiro,"12,1 kg/cv","86,3 kg/kgfm","71,2 cv/litro",,11:1,6500 rpm,"10,0 kgfm/litro",,4,1528 mm,,4480 mm,2612 mm,1762 mm,1363 kg,506 litros,60 litros,127 mm,Disco ventilado,Disco sólido,Hidráulica,,"Indep., McPherson",Mola helicoidal,Eixo de torção,708 km,546 km,"11,8 km/l","9,1 km/l",5,5750 rpm,4000 rpm,Não informado,,,,,,,Hidráulicos,,,,,,,,,,444 km,360 km,"7,4 km/l",6 km/l,,Correia dentada,113 cv,110 cv,"15,8 kgfm","14,5 kgfm",,,,,,,,,,,,,,,,,,,,,,,,
peugeot,307 Sedan,307-sedan,307-sedan-presence-2-0-at-2011,307-sedan-presence-2-0-at-2011,https://www.fichacompleta.com.br/carros/peugeot/307-sedan-presence-2-0-at-2011,2026-06-17T21:35:42.502834,Peugeot 307 Sedan Presence 2.0 AT 2011,"10,7 s",203 km/h,Conversor de torque,Automático,AL4,,Dianteira,Injeção multiponto,Natural,1997 cm³,4 em linha,EW10A,Duplo no cabeçote,88 mm,85 mm,Transversal,Dianteiro,"9,3 kg/cv","64,1 kg/kgfm","75,6 cv/litro",,"10,8:1",,"11,0 kgfm/litro",,4,1528 mm,,4480 mm,2612 mm,1762 mm,1411 kg,506 litros,60 litros,113 mm,Disco ventilado,Disco sólido,Eletro-hidráulica,,"Indep., McPherson",Mola helicoidal,Eixo de torção,672 km,486 km,"11,2 km/l","8,1 km/l",4,6000 rpm,4000 rpm,Não informado,,,,,,,Hidráulicos,Admissão,,,,,,,,,468 km,330 km,"7,8 km/l","5,5 km/l",,Correia dentada,151 cv,143 cv,22 kgfm,20 kgfm,,,,,,,,,,,,,,,,,,,,,,,,
peugeot,307 Sedan,307-sedan,307-sedan-presence-1-6-2012,307-sedan-presence-1-6-2012,https://www.fichacompleta.com.br/carros/peugeot/307-sedan-presence-1-6-2012,2026-06-17T21:35:47.029343,Peugeot 307 Sedan Presence 1.6 2012,"12,6 s",186 km/h,Embreagem monodisco a seco,Manual,MA/5,5,Dianteira,Injeção multiponto,Natural,1587 cm³,4 em linha,TU5JP4,"Duplo no cabeçote, correia dentada",82 mm,"78,5 mm",Transversal,Dianteiro,"12,1 kg/cv","86,3 kg/kgfm","71,2 cv/litro",113 cv (A) 110 cv (G) a 5750 rpm,11:1,6500 rpm,"10,0 kgfm/litro","15,8 kgfm (A) 14,5 kgfm (G) a 4000 rpm",4,1528 mm,,4480 mm,2612 mm,1762 mm,1363 kg,506 litros,60 litros,127 mm,Disco ventilado,Disco sólido,Hidráulica,Não informado,"Independente, McPherson",Mola helicoidal,Eixo de torção,708 km,546 km,"11,8 km/l","9,1 km/l",,,,,,,,,,,Hidráulicos,,,,,,,,,,444 km,360 km,"7,4 km/l",6 km/l,,,,,,,,,,,,,,,,,,,,,,,,,,,,,,
peugeot,307 Sw,307-sw,307-sw-2-0-2003,307-sw-2-0-2003,https://www.fichacompleta.com.br/carros/peugeot/307-sw-2-0-2003,2026-06-17T21:36:04.982541,Peugeot 307 Sw 2.0 2003,"10,5 s",200 km/h,Embreagem monodisco a seco,Manual,BE4/5,5,Dianteira,Injeção multiponto,Natural,1997 cm³,4 em linha,EW10J4,Duplo no cabeçote,88 mm,85 mm,Transversal,Dianteiro,"9,8 kg/cv","69,8 kg/kgfm","69,1 cv/litro",138 cv,"10,8:1",,"9,7 kgfm/litro","19,4 kgfm",4,1544 mm,585 kg,4419 mm,2708 mm,1757 mm,1355 kg,520 litros,60 litros,127 mm,Disco ventilado,Disco sólido,Hidráulica,"11,4 m","Indep., McPherson",Mola helicoidal,Eixo de torção,714 km,408 km,"11,9 km/l","6,8 km/l",5,,,"11,4 m",1505 mm,1509 mm,,,6000 rpm,4100 rpm,Hidráulicos,,,,,,,"2,31 m²","0,762 m²","0,33",,,,,,Correia dentada,,,,,"0,33",,,,,,,,,,,,,,,,,,,,,,,
peugeot,307 Sw,307-sw,307-sw-2-0-2004,307-sw-2-0-2004,https://www.fichacompleta.com.br/carros/peugeot/307-sw-2-0-2004,2026-06-17T21:36:08.703831,Peugeot 307 Sw 2.0 2004,"10,5 s",200 km/h,Embreagem monodisco a seco,Manual,BE4/5,,Dianteira,Injeção multiponto,Natural,1997 cm³,4 em linha,EW10J4,Duplo no cabeçote,88 mm,85 mm,Transversal,Dianteiro,"9,8 kg/cv","69,8 kg/kgfm","69,1 cv/litro",138 cv,"10,8:1",,"9,7 kgfm/litro","19,4 kgfm",4,1544 mm,585 kg,4419 mm,2708 mm,1757 mm,1355 kg,520 litros,60 litros,127 mm,Disco ventilado,Disco sólido,Hidráulica,,"Indep., McPherson",Mola helicoidal,Eixo de torção,714 km,408 km,"11,9 km/l","6,8 km/l",5,6000 rpm,4100 rpm,"11,4 m",1505 mm,1509 mm,,,,,Hidráulicos,,,,,,,"2,31 m²","0,762 m²",,,,,,,Correia dentada,,,,,"0,33",,,,,,,,,,,,,,,,,,,,,,,
peugeot,307 Sw,307-sw,307-sw-2-0-2005,307-sw-2-0-2005,https://www.fichacompleta.com.br/carros/peugeot/307-sw-2-0-2005,2026-06-17T21:36:12.400445,Peugeot 307 Sw 2.0 2005,"10,5 s",200 km/h,Embreagem monodisco a seco,Manual,BE4/5,,Dianteira,Injeção multiponto,Natural,1997 cm³,4 em linha,EW10J4,Duplo no cabeçote,88 mm,85 mm,Transversal,Dianteiro,"9,8 kg/cv","69,8 kg/kgfm","69,1 cv/litro",138 cv,"10,8:1",,"9,7 kgfm/litro","19,4 kgfm",4,1544 mm,585 kg,4419 mm,2708 mm,1757 mm,1355 kg,520 litros,60 litros,127 mm,Disco ventilado,Disco sólido,Hidráulica,,"Indep., McPherson",Mola helicoidal,Eixo de torção,714 km,408 km,"11,9 km/l","6,8 km/l",5,6000 rpm,4100 rpm,"11,4 m",1505 mm,1509 mm,,,,,Hidráulicos,,,,,,,"2,31 m²","0,762 m²",,,,,,,Correia dentada,,,,,"0,33",,,,,,,,,,,,,,,,,,,,,,,
peugeot,307 Sw,307-sw,307-sw-2-0-at-2005,307-sw-2-0-at-2005,https://www.fichacompleta.com.br/carros/peugeot/307-sw-2-0-at-2005,2026-06-17T21:36:15.312854,Peugeot 307 Sw 2.0 AT 2005,"10,5 s",200 km/h,Conversor de torque,Automático,AL4,,Dianteira,Injeção multiponto,Natural,1997 cm³,4 em linha,EW10J4,Duplo no cabeçote,88 mm,85 mm,Transversal,Dianteiro,"9,8 kg/cv","69,8 kg/kgfm","69,1 cv/litro",138 cv,"10,8:1",,"9,7 kgfm/litro","19,4 kgfm",4,1544 mm,585 kg,4419 mm,2708 mm,1757 mm,1355 kg,,60 litros,127 mm,Disco ventilado,Disco sólido,Hidráulica,,"Indep., McPherson",Mola helicoidal,Eixo de torção,690 km,390 km,"11,5 km/l","6,5 km/l",4,6000 rpm,4100 rpm,"11,4 m",1505 mm,1509 mm,,,,,Hidráulicos,,,,,,,"2,31 m²","0,762 m²",,,,,,,Correia dentada,,,,,"0,33",,,,,,,,,,,,,,520 litros,137 litros,,,,,,,,
peugeot,307 Sw,307-sw,307-sw-2-0-at-2007,307-sw-2-0-at-2007,https://www.fichacompleta.com.br/carros/peugeot/307-sw-2-0-at-2007,2026-06-17T21:36:18.608077,Peugeot 307 Sw 2.0 AT 2007,12 s,200 km/h,Conversor de torque,Automático,AL4,,Dianteira,Injeção multiponto,Natural,1997 cm³,4 em linha,EW10A,Duplo no cabeçote,88 mm,85 mm,Transversal,Dianteiro,"9,5 kg/cv","67,8 kg/kgfm","71,6 cv/litro",143 cv,"10,8:1",,"10,0 kgfm/litro",20 kgfm,4,1544 mm,585 kg,4429 mm,2708 mm,1757 mm,1355 kg,562 litros,60 litros,127 mm,Disco ventilado,Disco sólido,Eletro-hidráulica,,"Indep., McPherson",Mola helicoidal,Eixo de torção,708 km,510 km,"11,8 km/l","8,5 km/l",4,,,Não informado,1505 mm,1509 mm,,,6000 rpm,4000 rpm,Hidráulicos,Admissão,,,,,,"2,31 m²","0,762 m²",,,,,,,Correia dentada,,,,,"0,33",,,,,,,,,,,,,,,,,,,,,,,
peugeot,307 Sw,307-sw,307-sw-allure-2-0-2007,307-sw-allure-2-0-2007,https://www.fichacompleta.com.br/carros/peugeot/307-sw-allure-2-0-2007,2026-06-17T21:36:23.058615,Peugeot 307 Sw Allure 2.0 2007,12 s,200 km/h,Embreagem monodisco a seco,Manual,BE4/5,5,Dianteira,Injeção multiponto,Natural,1997 cm³,4 em linha,EW10A,"Duplo no cabeçote, correia dentada",,,Transversal,Dianteiro,"9,5 kg/cv","67,8 kg/kgfm","71,6 cv/litro",143 cv a 6000 rpm,"10,8:1",,"10,0 kgfm/litro",20 kgfm a 4000 rpm,4,1544 mm,585 kg,4429 mm,2708 mm,1757 mm,1355 kg,562 litros,60 litros,127 mm,Disco ventilado,Disco sólido,Eletro-hidráulica,Não informado,"Independente, McPherson",Mola helicoidal,Eixo de torção,720 km,534 km,12 km/l,"8,9 km/l",,,,,1505 mm,1509 mm,88 mm,85 mm,,,Hidráulicos,Admissão,,,,,,"2,31 m²","0,762 m²","0,33",,,,,,,,,,,,,,,,,,,,,,,,,,,,,,,,,,
peugeot,307 Sw,307-sw,307-sw-allure-2-0-at-2007,307-sw-allure-2-0-at-2007,https://www.fichacompleta.com.br/carros/peugeot/307-sw-allure-2-0-at-2007,2026-06-17T21:36:25.737160,Peugeot 307 Sw Allure 2.0 AT 2007,12 s,200 km/h,Conversor de torque,Automático,AL4,,Dianteira,Injeção multiponto,Natural,1997 cm³,4 em linha,EW10A,Duplo no cabeçote,88 mm,85 mm,Transversal,Dianteiro,"9,5 kg/cv","67,8 kg/kgfm","71,6 cv/litro",143 cv,"10,8:1",,"10,0 kgfm/litro",20 kgfm,4,1544 mm,585 kg,4429 mm,2708 mm,1757 mm,1355 kg,562 litros,60 litros,127 mm,Disco ventilado,Disco sólido,Eletro-hidráulica,,"Indep., McPherson",Mola helicoidal,Eixo de torção,708 km,510 km,"11,8 km/l","8,5 km/l",4,6000 rpm,4000 rpm,Não informado,1505 mm,1509 mm,,,,,Hidráulicos,Admissão,,,,,,"2,31 m²","0,762 m²",,,,,,,Correia dentada,,,,,"0,33",,,,,,,,,,,,,,,,,,,,,,,
peugeot,307 Sw,307-sw,307-sw-feline-2-0-at-2007,307-sw-feline-2-0-at-2007,https://www.fichacompleta.com.br/carros/peugeot/307-sw-feline-2-0-at-2007,2026-06-17T21:36:29.595090,Peugeot 307 Sw Feline 2.0 AT 2007,12 s,200 km/h,Conversor de torque,Automático,AL4,,Dianteira,Injeção multiponto,Natural,1997 cm³,4 em linha,EW10A,Duplo no cabeçote,88 mm,85 mm,Transversal,Dianteiro,"9,5 kg/cv","67,8 kg/kgfm","71,6 cv/litro",,"10,8:1",,"10,0 kgfm/litro",,4,1544 mm,585 kg,4429 mm,2708 mm,1757 mm,1355 kg,562 litros,60 litros,127 mm,Disco ventilado,Disco sólido,Eletro-hidráulica,,"Indep., McPherson",Mola helicoidal,Eixo de torção,708 km,510 km,"11,8 km/l","8,5 km/l",4,,,Não informado,1505 mm,1509 mm,,,6000 rpm,4000 rpm,Hidráulicos,Admissão,,,,,,"2,31 m²","0,762 m²",,,,,,,Correia dentada,,,,,"0,33",,,,,,,,,,143 cv,20 kgfm,,,,,,,,,,,,
peugeot,307 Sw,307-sw,307-sw-allure-2-0-2008,307-sw-allure-2-0-2008,https://www.fichacompleta.com.br/carros/peugeot/307-sw-allure-2-0-2008,2026-06-17T21:36:32.996800,Peugeot 307 Sw Allure 2.0 2008,12 s,200 km/h,Embreagem monodisco a seco,Manual,BE4/5,5,Dianteira,Injeção multiponto,Natural,1997 cm³,4 em linha,EW10A,"Duplo no cabeçote, correia dentada",,,Transversal,Dianteiro,"9,5 kg/cv","67,8 kg/kgfm","71,6 cv/litro",143 cv a 6000 rpm,"10,8:1",,"10,0 kgfm/litro",20 kgfm a 4000 rpm,4,1544 mm,585 kg,4429 mm,2708 mm,1757 mm,1355 kg,562 litros,60 litros,127 mm,Disco ventilado,Disco sólido,Eletro-hidráulica,Não informado,"Independente, McPherson",Mola helicoidal,Eixo de torção,720 km,534 km,12 km/l,"8,9 km/l",,,,,1505 mm,1509 mm,88 mm,85 mm,,,Hidráulicos,Admissão,,,,,,"2,31 m²",,"0,33",,,,,,,,,,,,,,,,,,,,,,,,,,,,,,,,,,
peugeot,307 Sw,307-sw,307-sw-allure-2-0-at-2008,307-sw-allure-2-0-at-2008,https://www.fichacompleta.com.br/carros/peugeot/307-sw-allure-2-0-at-2008,2026-06-17T21:36:37.356245,Peugeot 307 Sw Allure 2.0 AT 2008,12 s,200 km/h,Conversor de torque,Automático,AL4,,Dianteira,Injeção multiponto,Natural,1997 cm³,4 em linha,EW10A,Duplo no cabeçote,88 mm,85 mm,Transversal,Dianteiro,"9,5 kg/cv","67,8 kg/kgfm","71,6 cv/litro",143 cv,"10,8:1",,"10,0 kgfm/litro",20 kgfm,4,1544 mm,585 kg,4429 mm,2708 mm,1757 mm,1355 kg,562 litros,60 litros,127 mm,Disco ventilado,Disco sólido,Eletro-hidráulica,,"Indep., McPherson",Mola helicoidal,Eixo de torção,708 km,510 km,"11,8 km/l","8,5 km/l",4,6000 rpm,4000 rpm,Não informado,1505 mm,1509 mm,,,,,Hidráulicos,Admissão,,,,,,"2,31 m²","0,762 m²",,,,,,,Correia dentada,,,,,"0,33",,,,,,,,,,,,,,,,,,,,,,,
peugeot,307 Sw,307-sw,307-sw-feline-2-0-at-2008,307-sw-feline-2-0-at-2008,https://www.fichacompleta.com.br/carros/peugeot/307-sw-feline-2-0-at-2008,2026-06-17T21:36:41.690422,Peugeot 307 Sw Feline 2.0 AT 2008,12 s,200 km/h,Conversor de torque,Automático,AL4,,Dianteira,Injeção multiponto,Natural,1997 cm³,4 em linha,EW10A,Duplo no cabeçote,88 mm,85 mm,Transversal,Dianteiro,"9,5 kg/cv","67,8 kg/kgfm","71,6 cv/litro",143 cv,"10,8:1",,"10,0 kgfm/litro",20 kgfm,4,1544 mm,585 kg,4429 mm,2708 mm,1757 mm,1355 kg,562 litros,60 litros,127 mm,Disco ventilado,Disco sólido,Eletro-hidráulica,,"Indep., McPherson",Mola helicoidal,Eixo de torção,708 km,510 km,"11,8 km/l","8,5 km/l",4,6000 rpm,4000 rpm,Não informado,1505 mm,1509 mm,,,,,Hidráulicos,Admissão,,,,,,"2,31 m²","0,762 m²",,,,,,,Correia dentada,,,,,"0,33",,,,,,,,,,,,,,,,,,,,,,,
peugeot,308,308,308-allure-1-6-2012,308-allure-1-6-2012,https://www.fichacompleta.com.br/carros/peugeot/308-allure-1-6-2012,2026-06-17T21:37:00.380464,Peugeot 308 Allure 1.6 2012,"10,3 s",196 km/h,Embreagem monodisco a seco,Manual,BE4/5,5,Dianteira,Injeção multiponto,Natural,1587 cm³,4 em linha,EC5JP4,"Duplo no cabeçote, correia dentada",82 mm,"78,5 mm",Transversal,Dianteiro,"10,8 kg/cv","80,4 kg/kgfm","76,9 cv/litro",122 cv (A) 115 cv (G) a 5800 rpm,"12,5:1",,"10,3 kgfm/litro","16,4 kgfm (A) 15,5 kgfm (G) a 4000 rpm",4,1498 mm,,4276 mm,2608 mm,1815 mm,1318 kg,430 litros,60 litros,113 mm,Disco ventilado,Disco sólido,Eletro-hidráulica,"10,8 m","Independente, McPherson",Mola helicoidal,Eixo de torção,780 km,546 km,13 km/l,"9,1 km/l",,,,,1535 mm,1530 mm,,,,,Hidráulicos,Admissão,,,,,205/55 R16,"2,31 m²","0,647 m²","0,28",600 km,420 km,10 km/l,7 km/l,,,,,,,,,,,,,,,,,,,,,,,,,,,,,,
peugeot,308,308,308-allure-2-0-2012,308-allure-2-0-2012,https://www.fichacompleta.com.br/carros/peugeot/308-allure-2-0-2012,2026-06-17T21:37:04.579668,Peugeot 308 Allure 2.0 2012,"9,7 s",206 km/h,Embreagem monodisco a seco,Manual,BE4/5,,Dianteira,Injeção multiponto,Natural,1997 cm³,4 em linha,EW10A,Duplo no cabeçote,88 mm,85 mm,Transversal,Dianteiro,"8,8 kg/cv","60,4 kg/kgfm","75,6 cv/litro",,"10,8:1",,"11,0 kgfm/litro",,4,1498 mm,400 kg,4276 mm,2608 mm,1815 mm,1328 kg,430 litros,60 litros,101 mm,Disco ventilado,Disco sólido,Eletro-hidráulica,,"Indep., McPherson",Mola helicoidal,Eixo de torção,750 km,510 km,"12,5 km/l","8,5 km/l",5,,,"10,8 m",1532 mm,1513 mm,,,6000 rpm,4000 rpm,Hidráulicos,Admissão,,,600 kg,600 kg,205/55 R16,"2,31 m²","0,647 m²",,576 km,390 km,"9,6 km/l","6,5 km/l",,Correia dentada,151 cv,143 cv,22 kgfm,20 kgfm,"0,28",,,,,,,,,,,,,,,,,,,,,,,
peugeot,308,308,308-feline-2-0-at-2012,308-feline-2-0-at-2012,https://www.fichacompleta.com.br/carros/peugeot/308-feline-2-0-at-2012,2026-06-17T21:37:07.938649,Peugeot 308 Feline 2.0 AT 2012,"9,9 s",206 km/h,Conversor de torque,Automático,AT8,4,Dianteira,Injeção multiponto,Natural,1997 cm³,4 em linha,EW10A,Duplo no cabeçote,88 mm,85 mm,Transversal,Dianteiro,"9,2 kg/cv","63,0 kg/kgfm","75,6 cv/litro",151 cv (A) 143 cv (G) a 6000 rpm,"10,8:1",,"11,0 kgfm/litro",22 kgfm (A) 20 kgfm (G) a 4000 rpm,4,1498 mm,400 kg,4276 mm,2608 mm,1815 mm,1387 kg,430 litros,60 litros,101 mm,Disco ventilado,Disco sólido,Eletro-hidráulica,"10,8 m","Indep., McPherson",Mola helicoidal,Eixo de torção,642 km,396 km,"10,7 km/l","6,6 km/l",4,,,"10,8 m",1532 mm,1513 mm,,,6000 rpm,4000 rpm,Hidráulicos,Admissão,,,600 kg,600 kg,205/55 R16,"2,31 m²","0,647 m²","0,28",462 km,276 km,"7,7 km/l","4,6 km/l",,Correia dentada,151 cv,143 cv,22 kgfm,20 kgfm,"0,28",,,,,,,,,,,,,,,,,,,,,,,
peugeot,308,308,308-active-1-6-2013,308-active-1-6-2013,https://www.fichacompleta.com.br/carros/peugeot/308-active-1-6-2013,2026-06-17T21:37:11.734880,Peugeot 308 Active 1.6 2013,"10,3 s",196 km/h,Embreagem monodisco a seco,Manual,BE4/5,5,Dianteira,Injeção multiponto,Natural,1587 cm³,4 em linha,EC5JP4,Duplo no cabeçote,82 mm,"78,5 mm",Transversal,Dianteiro,"10,8 kg/cv","80,4 kg/kgfm","76,9 cv/litro",122 cv (A) 115 cv (G) a 5800 rpm,11:1,6500 rpm,"10,3 kgfm/litro","16,4 kgfm (A) 15,5 kgfm (G) a 4000 rpm",4,1498 mm,400 kg,4276 mm,2608 mm,1815 mm,1318 kg,430 litros,60 litros,113 mm,Disco ventilado,Disco sólido,Eletro-hidráulica,"10,8 m","Indep., McPherson",Mola helicoidal,Eixo de torção,780 km,546 km,13 km/l,"9,1 km/l",5,,,"10,8 m",1532 mm,1513 mm,,,5800 rpm,4000 rpm,Hidráulicos,Admissão,,,600 kg,600 kg,205/55 R16,"2,31 m²","0,647 m²","0,28",600 km,420 km,10 km/l,7 km/l,,Correia dentada,122 cv,115 cv,"16,4 kgfm","15,5 kgfm","0,28",,,,,,,,,,,,,,,,,,,,,,,
peugeot,308,308,308-allure-1-6-2013,308-allure-1-6-2013,https://www.fichacompleta.com.br/carros/peugeot/308-allure-1-6-2013,2026-06-17T21:37:15.051508,Peugeot 308 Allure 1.6 2013,"10,3 s",196 km/h,Embreagem monodisco a seco,Manual,BE4/5,5,Dianteira,Injeção multiponto,Natural,1587 cm³,4 em linha,EC5JP4,"Duplo no cabeçote, correia dentada",82 mm,"78,5 mm",Transversal,Dianteiro,"10,8 kg/cv","80,4 kg/kgfm","76,9 cv/litro",122 cv (A) 115 cv (G) a 5800 rpm,"12,5:1",,"10,3 kgfm/litro","16,4 kgfm (A) 15,5 kgfm (G) a 4000 rpm",4,1498 mm,,4276 mm,2608 mm,1815 mm,1318 kg,430 litros,60 litros,113 mm,Disco ventilado,Disco sólido,Eletro-hidráulica,"10,8 m","Independente, McPherson",Mola helicoidal,Eixo de torção,780 km,546 km,13 km/l,"9,1 km/l",,,,,1535 mm,1530 mm,,,,,Hidráulicos,Admissão,,,,,205/55 R16,"2,31 m²","0,647 m²","0,28",600 km,420 km,10 km/l,7 km/l,,,,,,,,,,,,,,,,,,,,,,,,,,,,,,
peugeot,308,308,308-allure-2-0-2013,308-allure-2-0-2013,https://www.fichacompleta.com.br/carros/peugeot/308-allure-2-0-2013,2026-06-17T21:37:18.745568,Peugeot 308 Allure 2.0 2013,"9,7 s",206 km/h,Embreagem monodisco a seco,Manual,BE4/5,5,Dianteira,Injeção multiponto,Natural,1997 cm³,4 em linha,EW10A,"Duplo no cabeçote, correia dentada",88 mm,85 mm,Transversal,Dianteiro,"8,8 kg/cv","60,4 kg/kgfm","75,6 cv/litro",151 cv (A) 143 cv (G) a 6000 rpm,"10,8:1",,"11,0 kgfm/litro",22 kgfm (A) 20 kgfm (G) a 4000 rpm,4,1498 mm,,4276 mm,2608 mm,1815 mm,1328 kg,430 litros,60 litros,101 mm,Disco ventilado,Disco sólido,Eletro-hidráulica,"10,8 m","Independente, McPherson",Mola helicoidal,Eixo de torção,750 km,510 km,"12,5 km/l","8,5 km/l",,,,,1535 mm,1530 mm,,,,,Hidráulicos,Admissão,,,,,205/55 R16,"2,31 m²","0,647 m²","0,28",576 km,390 km,"9,6 km/l","6,5 km/l",,,,,,,,,,,,,,,,,,,,,,,,,,,,,,
peugeot,308,308,308-allure-2-0-at-2013,308-allure-2-0-at-2013,https://www.fichacompleta.com.br/carros/peugeot/308-allure-2-0-at-2013,2026-06-17T21:37:22.903742,Peugeot 308 Allure 2.0 AT 2013,"9,9 s",206 km/h,Conversor de torque,Automático,AT8,4,Dianteira,Injeção multiponto,Natural,1997 cm³,4 em linha,EW10A,"Duplo no cabeçote, correia dentada",88 mm,85 mm,Transversal,Dianteiro,"9,2 kg/cv","63,0 kg/kgfm","75,6 cv/litro",151 cv (A) 143 cv (G) a 6000 rpm,"10,8:1",,"11,0 kgfm/litro",22 kgfm (A) 20 kgfm (G) a 4000 rpm,4,1498 mm,,4276 mm,2608 mm,1815 mm,1387 kg,430 litros,60 litros,101 mm,Disco ventilado,Disco sólido,Eletro-hidráulica,"10,8 m","Independente, McPherson",Mola helicoidal,Eixo de torção,642 km,396 km,"10,7 km/l","6,6 km/l",,,,,1535 mm,1530 mm,,,,,Hidráulicos,Admissão,,,,,205/55 R16,"2,31 m²","0,647 m²","0,28",462 km,276 km,"7,7 km/l","4,6 km/l",,,,,,,,,,,,,,,,,,,,,,,,,,,,,,
peugeot,308,308,308-feline-1-6-turbo-at-2013,308-feline-1-6-turbo-at-2013,https://www.fichacompleta.com.br/carros/peugeot/308-feline-1-6-turbo-at-2013,2026-06-17T21:37:25.543517,Peugeot 308 Feline 1.6 Turbo AT 2013,"8,3 s",215 km/h,Conversor de torque,Automático,Aisin TF-70SC,6,Dianteira,Injeção direta,Turbocompressor,1598 cm³,4 em linha,EP6CDT M,Duplo no cabeçote,"85,8 mm",77 mm,Transversal,Dianteiro,"8,4 kg/cv","56,6 kg/kgfm","103,3 cv/litro",165 cv,11:1,6800 rpm,"15,3 kgfm/litro","24,5 kgfm",4,1498 mm,400 kg,4276 mm,2608 mm,1815 mm,1387 kg,430 litros,60 litros,101 mm,Disco ventilado,Disco sólido,Eletro-hidráulica,"10,8 m","Indep., McPherson",Mola helicoidal,Eixo de torção,792 km,510 km,"13,2 km/l","8,5 km/l",6,,,"10,8 m",1532 mm,1513 mm,,,6000 rpm,1400 rpm,Hidráulicos,Admissão,,,600 kg,600 kg,205/55 R16,"2,31 m²","0,647 m²","0,28",,,,,,Corrente,,,,,"0,28",,,,,,,,,,,,,,,,,,,,,,,
peugeot,308,308,308-feline-2-0-at-2013,308-feline-2-0-at-2013,https://www.fichacompleta.com.br/carros/peugeot/308-feline-2-0-at-2013,2026-06-17T21:37:30.076875,Peugeot 308 Feline 2.0 AT 2013,"9,9 s",206 km/h,Conversor de torque,Automático,AT8,4,Dianteira,Injeção multiponto,Natural,1997 cm³,4 em linha,EW10A,"Duplo no cabeçote, correia dentada",88 mm,85 mm,Transversal,Dianteiro,"9,2 kg/cv","63,0 kg/kgfm","75,6 cv/litro",151 cv (A) 143 cv (G) a 6000 rpm,"10,8:1",,"11,0 kgfm/litro",22 kgfm (A) 20 kgfm (G) a 4000 rpm,4,1498 mm,,4276 mm,2608 mm,1815 mm,1387 kg,430 litros,60 litros,101 mm,Disco ventilado,Disco sólido,Eletro-hidráulica,"10,8 m","Independente, McPherson",Mola helicoidal,Eixo de torção,642 km,396 km,"10,7 km/l","6,6 km/l",,,,,1535 mm,1530 mm,,,,,Hidráulicos,Admissão,,,,,205/55 R16,"2,31 m²","0,647 m²","0,28",462 km,276 km,"7,7 km/l","4,6 km/l",,,,,,,,,,,,,,,,,,,,,,,,,,,,,,
peugeot,308,308,308-active-1-6-2014,308-active-1-6-2014,https://www.fichacompleta.com.br/carros/peugeot/308-active-1-6-2014,2026-06-17T21:37:32.823491,Peugeot 308 Active 1.6 2014,"10,3 s",196 km/h,Embreagem monodisco a seco,Manual,BE4/5,5,Dianteira,Injeção multiponto,Natural,1587 cm³,4 em linha,EC5JP4,"Duplo no cabeçote, correia dentada",82 mm,"78,5 mm",Transversal,Dianteiro,"10,8 kg/cv","80,4 kg/kgfm","76,9 cv/litro",122 cv (A) 115 cv (G) a 5800 rpm,"12,5:1",,"10,3 kgfm/litro","16,4 kgfm (A) 15,5 kgfm (G) a 4000 rpm",4,1498 mm,,4276 mm,2608 mm,1815 mm,1318 kg,430 litros,60 litros,113 mm,Disco ventilado,Disco sólido,Eletro-hidráulica,"10,8 m","Independente, McPherson",Mola helicoidal,Eixo de torção,780 km,546 km,13 km/l,"9,1 km/l",,,,,1535 mm,1530 mm,,,,,Hidráulicos,Admissão,,,,,205/55 R16,"2,31 m²","0,647 m²","0,28",600 km,420 km,10 km/l,7 km/l,,,,,,,,,,,,,,,,,,,,,,,,,,,,,,
peugeot,308,308,308-allure-2-0-2014,308-allure-2-0-2014,https://www.fichacompleta.com.br/carros/peugeot/308-allure-2-0-2014,2026-06-17T21:37:37.623717,Peugeot 308 Allure 2.0 2014,"8,9 s",213 km/h,Embreagem monodisco a seco,Manual,BE4/5,5,Dianteira,Injeção multiponto,Natural,1997 cm³,4 em linha,EW10A,"Duplo no cabeçote, correia dentada",88 mm,85 mm,Transversal,Dianteiro,"8,8 kg/cv","60,4 kg/kgfm","75,6 cv/litro",151 cv (A) 143 cv (G) a 6000 rpm,"10,8:1",,"11,0 kgfm/litro",22 kgfm (A) 20 kgfm (G) a 4000 rpm,4,1498 mm,,4276 mm,2608 mm,1815 mm,1328 kg,430 litros,60 litros,101 mm,Disco ventilado,Disco sólido,Eletro-hidráulica,"10,8 m","Independente, McPherson",Mola helicoidal,Eixo de torção,750 km,510 km,"12,5 km/l","8,5 km/l",,,,,1535 mm,1530 mm,,,,,Hidráulicos,Admissão,,,,,205/55 R16,"2,31 m²","0,647 m²","0,28",576 km,390 km,"9,6 km/l","6,5 km/l",,,,,,,,,,,,,,,,,,,,,,,,,,,,,,
peugeot,308,308,308-allure-2-0-at-2014,308-allure-2-0-at-2014,https://www.fichacompleta.com.br/carros/peugeot/308-allure-2-0-at-2014,2026-06-17T21:37:41.189743,Peugeot 308 Allure 2.0 AT 2014,"9,1 s",208 km/h,Conversor de torque,Automático,Aisin TF-70SC,6,Dianteira,Injeção multiponto,Natural,1997 cm³,4 em linha,EW10A,Duplo no cabeçote,88 mm,85 mm,Transversal,Dianteiro,"9,0 kg/cv","61,8 kg/kgfm","75,6 cv/litro",151 cv (A) 143 cv (G) a 6000 rpm,"10,8:1",,"11,0 kgfm/litro",22 kgfm (A) 20 kgfm (G) a 4000 rpm,4,1498 mm,400 kg,4276 mm,2608 mm,1815 mm,1360 kg,430 litros,60 litros,101 mm,Disco ventilado,Disco sólido,Eletro-hidráulica,"10,8 m","Indep., McPherson",Mola helicoidal,Eixo de torção,654 km,408 km,"10,9 km/l","6,8 km/l",6,,,"10,8 m",1532 mm,1513 mm,,,6000 rpm,4000 rpm,Hidráulicos,Admissão,,,600 kg,600 kg,205/55 R16,"2,31 m²","0,647 m²","0,28",474 km,288 km,"7,9 km/l","4,8 km/l",,Correia dentada,151 cv,143 cv,22 kgfm,20 kgfm,"0,28",,,,,,,,,,,,,,,,,,,,,,,
peugeot,308,308,308-griffe-1-6-turbo-at-2014,308-griffe-1-6-turbo-at-2014,https://www.fichacompleta.com.br/carros/peugeot/308-griffe-1-6-turbo-at-2014,2026-06-17T21:37:45.716022,Peugeot 308 Griffe 1.6 Turbo AT 2014,"8,3 s",215 km/h,Conversor de torque,Automático,Aisin TF-70SC,6,Dianteira,Injeção direta,Turbocompressor,1598 cm³,4 em linha,EP6CDT M,"Duplo no cabeçote, corrente","85,8 mm",77 mm,Transversal,Dianteiro,"8,4 kg/cv","56,6 kg/kgfm","103,3 cv/litro",165 cv a 6000 rpm,11:1,6800 rpm,"15,3 kgfm/litro","24,5 kgfm a 1400 rpm",4,1498 mm,,4276 mm,2608 mm,1815 mm,1387 kg,430 litros,60 litros,101 mm,Disco ventilado,Disco sólido,Eletro-hidráulica,"10,8 m","Independente, McPherson",Mola helicoidal,Eixo de torção,792 km,510 km,"13,2 km/l","8,5 km/l",,,,,1535 mm,1530 mm,,,,,Hidráulicos,Admissão,,,,,205/55 R16,"2,31 m²","0,647 m²","0,28",,,,,,,,,,,,,,,,,,,,,,,,,,,,,,,,,,
peugeot,308,308,308-roland-garros-1-6-turbo-at-2014,308-roland-garros-1-6-turbo-at-2014,https://www.fichacompleta.com.br/carros/peugeot/308-roland-garros-1-6-turbo-at-2014,2026-06-17T21:37:48.533829,Peugeot 308 Roland Garros 1.6 Turbo AT 2014,"8,3 s",215 km/h,Conversor de torque,Automático,Aisin TF-70SC,6,Dianteira,Injeção direta,Turbocompressor,1598 cm³,4 em linha,EP6CDT M,Duplo no cabeçote,"85,8 mm",77 mm,Transversal,Dianteiro,"8,4 kg/cv","56,6 kg/kgfm","103,3 cv/litro",165 cv,11:1,6800 rpm,"15,3 kgfm/litro","24,5 kgfm",4,1498 mm,400 kg,4276 mm,2608 mm,1815 mm,1387 kg,430 litros,60 litros,101 mm,Disco ventilado,Disco sólido,Eletro-hidráulica,"10,8 m","Indep., McPherson",Mola helicoidal,Eixo de torção,792 km,510 km,"13,2 km/l","8,5 km/l",6,,,"10,8 m",1532 mm,1513 mm,,,6000 rpm,1400 rpm,Hidráulicos,Admissão,,,600 kg,600 kg,205/55 R16,"2,31 m²","0,647 m²","0,28",,,,,,Corrente,,,,,"0,28",,,,,,,,,,,,,,,,,,,,,,,
peugeot,308,308,308-active-1-6-2015,308-active-1-6-2015,https://www.fichacompleta.com.br/carros/peugeot/308-active-1-6-2015,2026-06-17T21:37:52.206353,Peugeot 308 Active 1.6 2015,"10,3 s",196 km/h,Embreagem monodisco a seco,Manual,BE4/5,5,Dianteira,Injeção multiponto,Natural,1587 cm³,4 em linha,EC5JP4,"Duplo no cabeçote, correia dentada",82 mm,"78,5 mm",Transversal,Dianteiro,"10,8 kg/cv","80,4 kg/kgfm","76,9 cv/litro",122 cv (A) 115 cv (G) a 5800 rpm,"12,5:1",,"10,3 kgfm/litro","16,4 kgfm (A) 15,5 kgfm (G) a 4000 rpm",4,1498 mm,,4276 mm,2608 mm,1815 mm,1318 kg,430 litros,60 litros,101 mm,Disco ventilado,Disco sólido,Eletro-hidráulica,"10,8 m","Independente, McPherson",Mola helicoidal,Eixo de torção,780 km,546 km,13 km/l,"9,1 km/l",,,,,1535 mm,1530 mm,,,,,Hidráulicos,Admissão,,,,,205/55 R16,"2,31 m²","0,647 m²","0,28",600 km,420 km,10 km/l,7 km/l,,,,,,,,,,,,,,,,,,,,,,,,,,,,,,
peugeot,308,308,308-allure-2-0-at-2015,308-allure-2-0-at-2015,https://www.fichacompleta.com.br/carros/peugeot/308-allure-2-0-at-2015,2026-06-17T21:37:56.655374,Peugeot 308 Allure 2.0 AT 2015,"9,1 s",208 km/h,Conversor de torque,Automático,Aisin TF-70SC,6,Dianteira,Injeção multiponto,Natural,1997 cm³,4 em linha,EW10A,"Duplo no cabeçote, correia dentada",88 mm,85 mm,Transversal,Dianteiro,"9,0 kg/cv","61,8 kg/kgfm","75,6 cv/litro",151 cv (A) 143 cv (G) a 6000 rpm,"10,8:1",,"11,0 kgfm/litro",22 kgfm (A) 20 kgfm (G) a 4000 rpm,4,1498 mm,,4276 mm,2608 mm,1815 mm,1360 kg,430 litros,60 litros,101 mm,Disco ventilado,Disco sólido,Eletro-hidráulica,"10,8 m","Independente, McPherson",Mola helicoidal,Eixo de torção,654 km,408 km,"10,9 km/l","6,8 km/l",,,,,1535 mm,1530 mm,,,,,Hidráulicos,Admissão,,,,,205/55 R16,"2,31 m²","0,647 m²","0,28",474 km,288 km,"7,9 km/l","4,8 km/l",,,,,,,,,,,,,,,,,,,,,,,,,,,,,,
peugeot,308,308,308-griffe-1-6-turbo-at-2015,308-griffe-1-6-turbo-at-2015,https://www.fichacompleta.com.br/carros/peugeot/308-griffe-1-6-turbo-at-2015,2026-06-17T21:38:00.897690,Peugeot 308 Griffe 1.6 Turbo AT 2015,"8,3 s",215 km/h,Conversor de torque,Automático,Aisin TF-70SC,6,Dianteira,Injeção direta,Turbocompressor,1598 cm³,4 em linha,EP6CDT M,"Duplo no cabeçote, corrente","85,8 mm",77 mm,Transversal,Dianteiro,"8,4 kg/cv","56,6 kg/kgfm","103,3 cv/litro",165 cv a 6000 rpm,11:1,6800 rpm,"15,3 kgfm/litro","24,5 kgfm a 1400 rpm",4,1498 mm,,4276 mm,2608 mm,1815 mm,1387 kg,430 litros,60 litros,101 mm,Disco ventilado,Disco sólido,Eletro-hidráulica,"10,8 m","Independente, McPherson",Mola helicoidal,Eixo de torção,792 km,510 km,"13,2 km/l","8,5 km/l",,,,,1535 mm,1530 mm,,,,,Hidráulicos,Admissão,,,,,205/55 R16,"2,31 m²","0,647 m²","0,28",,,,,,,,,,,,,,,,,,,,,,,,,,,,,,,,,,
peugeot,308,308,308-quiksilver-1-6-2015,308-quiksilver-1-6-2015,https://www.fichacompleta.com.br/carros/peugeot/308-quiksilver-1-6-2015,2026-06-17T21:38:03.553731,Peugeot 308 Quiksilver 1.6 2015,"10,3 s",196 km/h,Embreagem monodisco a seco,Manual,BE4/5,5,Dianteira,Injeção multiponto,Natural,1587 cm³,4 em linha,EC5JP4,"Duplo no cabeçote, correia dentada",82 mm,"78,5 mm",Transversal,Dianteiro,"10,8 kg/cv","80,4 kg/kgfm","76,9 cv/litro",122 cv (A) 115 cv (G) a 5800 rpm,"12,5:1",,"10,3 kgfm/litro","16,4 kgfm (A) 15,5 kgfm (G) a 4000 rpm",4,1498 mm,,4276 mm,2608 mm,1815 mm,1318 kg,430 litros,60 litros,101 mm,Disco ventilado,Disco sólido,Eletro-hidráulica,"10,8 m","Independente, McPherson",Mola helicoidal,Eixo de torção,780 km,546 km,13 km/l,"9,1 km/l",,,,,1535 mm,1530 mm,,,,,Hidráulicos,Admissão,,,,,205/55 R16,"2,31 m²","0,647 m²","0,28",600 km,420 km,10 km/l,7 km/l,,,,,,,,,,,,,,,,,,,,,,,,,,,,,,
peugeot,308,308,308-roland-garros-1-6-turbo-at-2015,308-roland-garros-1-6-turbo-at-2015,https://www.fichacompleta.com.br/carros/peugeot/308-roland-garros-1-6-turbo-at-2015,2026-06-17T21:38:06.853874,Peugeot 308 Roland Garros 1.6 Turbo AT 2015,"8,3 s",215 km/h,Conversor de torque,Automático,Aisin TF-70SC,6,Dianteira,Injeção direta,Turbocompressor,1587 cm³,4 em linha,EP6CDT M,"Duplo no cabeçote, corrente","85,8 mm",77 mm,Transversal,Dianteiro,"8,4 kg/cv","56,6 kg/kgfm","104,0 cv/litro",165 cv a 6000 rpm,11:1,6800 rpm,"15,4 kgfm/litro","24,5 kgfm a 1400 rpm",4,1498 mm,,4276 mm,2608 mm,1815 mm,1387 kg,430 litros,60 litros,101 mm,Disco ventilado,Disco sólido,Eletro-hidráulica,"10,8 m","Independente, McPherson",Mola helicoidal,Eixo de torção,792 km,510 km,"13,2 km/l","8,5 km/l",,,,,1535 mm,1530 mm,,,,,Hidráulicos,Admissão,,,,,205/55 R16,"2,31 m²","0,647 m²","0,28",,,,,,,,,,,,,,,,,,,,,,,,,,,,,,,,,,
peugeot,308,308,308-allure-1-6-2016,308-allure-1-6-2016,https://www.fichacompleta.com.br/carros/peugeot/308-allure-1-6-2016,2026-06-17T21:38:09.769075,Peugeot 308 Allure 1.6 2016,"10,3 s",196 km/h,Embreagem monodisco a seco,Manual,BE4/5,5,Dianteira,Injeção multiponto,Natural,1587 cm³,4 em linha,EC5JP4,"Duplo no cabeçote, correia dentada",82 mm,"78,5 mm",Transversal,Dianteiro,"10,8 kg/cv","80,4 kg/kgfm","76,9 cv/litro",122 cv (A) 115 cv (G) a 5800 rpm,"12,5:1",,"10,3 kgfm/litro","16,4 kgfm (A) 15,5 kgfm (G) a 4000 rpm",4,1518 mm,,4292 mm,2608 mm,1815 mm,1318 kg,430 litros,60 litros,101 mm,Disco ventilado,Disco sólido,Eletro-hidráulica,"10,8 m","Independente, McPherson",Mola helicoidal,Eixo de torção,780 km,546 km,13 km/l,"9,1 km/l",,,,,1535 mm,1530 mm,,,,,Hidráulicos,Admissão,,,,,205/55 R16,"2,34 m²","0,655 m²","0,28",600 km,420 km,10 km/l,7 km/l,,,,,,,,,,,,,,,,,,,,,,,,,,,,,,
peugeot,308,308,308-allure-2-0-at-2016,308-allure-2-0-at-2016,https://www.fichacompleta.com.br/carros/peugeot/308-allure-2-0-at-2016,2026-06-17T21:38:12.264940,Peugeot 308 Allure 2.0 AT 2016,"9,1 s",208 km/h,Conversor de torque,Automático,Aisin TF-70SC,6,Dianteira,Injeção multiponto,Natural,1997 cm³,4 em linha,EW10A,"Duplo no cabeçote, correia dentada",88 mm,85 mm,Transversal,Dianteiro,"8,8 kg/cv","60,4 kg/kgfm","75,6 cv/litro",151 cv (A) 143 cv (G) a 6000 rpm,"10,8:1",,"11,0 kgfm/litro",22 kgfm (A) 20 kgfm (G) a 4000 rpm,4,1518 mm,,4292 mm,2608 mm,1815 mm,1328 kg,430 litros,60 litros,101 mm,Disco ventilado,Disco sólido,Eletro-hidráulica,"10,8 m","Independente, McPherson",Mola helicoidal,Eixo de torção,654 km,408 km,"10,9 km/l","6,8 km/l",,,,,1535 mm,1530 mm,,,,,Hidráulicos,Admissão,,,,,205/55 R16,"2,34 m²","0,655 m²","0,28",474 km,288 km,"7,9 km/l","4,8 km/l",,,,,,,,,,,,,,,,,,,,,,,,,,,,,,
peugeot,308,308,308-griffe-1-6-turbo-at-2016,308-griffe-1-6-turbo-at-2016,https://www.fichacompleta.com.br/carros/peugeot/308-griffe-1-6-turbo-at-2016,2026-06-17T21:38:17.029067,Peugeot 308 Griffe 1.6 Turbo AT 2016,"8,3 s",215 km/h,Conversor de torque,Automático,Aisin TF-70SC,6,Dianteira,Injeção direta,Turbocompressor,1598 cm³,4 em linha,EP6FDT M,"Duplo no cabeçote, corrente","85,8 mm",77 mm,Transversal,Dianteiro,"8,0 kg/cv","58,0 kg/kgfm","108,3 cv/litro",173 cv (A) 166 cv (G) a 6000 rpm,"10,2:1",6800 rpm,"15,0 kgfm/litro",24 kgfm (A) 24 kgfm (G) a 1400 rpm,4,1518 mm,,4292 mm,2608 mm,1815 mm,1392 kg,430 litros,60 litros,101 mm,Disco ventilado,Disco sólido,Eletro-hidráulica,"10,8 m","Independente, McPherson",Mola helicoidal,Eixo de torção,750 km,576 km,"12,5 km/l","9,6 km/l",,,,,1535 mm,1530 mm,,,,,Hidráulicos,Admissão,,,,,205/55 R16,"2,34 m²","0,655 m²","0,28",510 km,396 km,"8,5 km/l","6,6 km/l",,,,,,,,,,,,,,,,,,,,,,,,,,,,,,
peugeot,308,308,308-griffe-1-6-turbo-at-2016-gasolina,308-griffe-1-6-turbo-at-2016-gasolina,https://www.fichacompleta.com.br/carros/peugeot/308-griffe-1-6-turbo-at-2016-gasolina,2026-06-17T21:38:20.553551,Peugeot 308 Griffe 1.6 Turbo AT 2016,"8,3 s",215 km/h,Conversor de torque,Automático,Aisin TF-70SC,,Dianteira,Injeção direta,Turbocompressor,,4 em linha,EP6CDT M,Duplo no cabeçote,"85,8 mm",77 mm,Transversal,Dianteiro,"8,41 kg/cv","56,6 kg/kgfm","103,3 cv/litro",165 cv,11:1,6800 rpm,"15,3 kgfm/litro","24,5 kgfm",4,1498 mm,400 kg,4276 mm,2608 mm,1815 mm,1387 kg,430 litros,60 litros,101 mm,Disco ventilado,Disco sólido,Eletro-hidráulica,,"Indep., McPherson",Mola helicoidal,Eixo de torção,792 km,510 km,"13,2 km/l","8,5 km/l",6,6000 rpm,1400 rpm,"10,8 m",1532 mm,1513 mm,,,,,Hidráulicos,Admissão,,,600 kg,600 kg,205/55 R16,"2,31 m²","0,647 m²",,,,,,,Corrente,,,,,"0,28",400 cm³,1598 cm³,5W-30 ³,,,,,,,,,,,,,,,,,,,,
peugeot,308,308,308-allure-1-6-turbo-at-2017,308-allure-1-6-turbo-at-2017,https://www.fichacompleta.com.br/carros/peugeot/308-allure-1-6-turbo-at-2017,2026-06-17T21:38:25.450679,Peugeot 308 Allure 1.6 Turbo AT 2017,"8,3 s",215 km/h,Conversor de torque,Automático,Aisin TF-70SC,6,Dianteira,Injeção direta,Turbocompressor,1598 cm³,4 em linha,EP6FDT M,"Duplo no cabeçote, corrente","85,8 mm",77 mm,Transversal,Dianteiro,"8,0 kg/cv","58,0 kg/kgfm","108,3 cv/litro",173 cv (A) 166 cv (G) a 6000 rpm,"10,2:1",6800 rpm,"15,0 kgfm/litro",24 kgfm (A) 24 kgfm (G) a 1400 rpm,4,1518 mm,,4292 mm,2608 mm,1815 mm,1392 kg,430 litros,60 litros,101 mm,Disco ventilado,Disco sólido,Eletro-hidráulica,"10,8 m","Independente, McPherson",Mola helicoidal,Eixo de torção,774 km,636 km,"12,9 km/l","10,6 km/l",,,,,1535 mm,1530 mm,,,,,Hidráulicos,Admissão,,,,,205/55 R16,"2,34 m²","0,655 m²","0,28",534 km,432 km,"8,9 km/l","7,2 km/l",,,,,,,,,,,,,,,,,,,,,,,,,,,,,,
peugeot,308,308,308-business-1-6-turbo-at-2017,308-business-1-6-turbo-at-2017,https://www.fichacompleta.com.br/carros/peugeot/308-business-1-6-turbo-at-2017,2026-06-17T21:38:29.729623,Peugeot 308 Business 1.6 Turbo AT 2017,"8,3 s",215 km/h,Conversor de torque,Automático,Aisin TF-70SC,6,Dianteira,Injeção direta,Turbocompressor,1598 cm³,4 em linha,EP6FDT M,"Duplo no cabeçote, corrente","85,8 mm",77 mm,Transversal,Dianteiro,"8,0 kg/cv","58,0 kg/kgfm","108,3 cv/litro",173 cv (A) 166 cv (G) a 6000 rpm,"10,2:1",6800 rpm,"15,0 kgfm/litro",24 kgfm (A) 24 kgfm (G) a 1400 rpm,4,1518 mm,,4292 mm,2608 mm,1815 mm,1392 kg,430 litros,60 litros,113 mm,Disco ventilado,Disco sólido,Eletro-hidráulica,"10,8 m","Independente, McPherson",Mola helicoidal,Eixo de torção,774 km,636 km,"12,9 km/l","10,6 km/l",,,,,1535 mm,1530 mm,,,,,Hidráulicos,Admissão,,,,,205/55 R16,"2,34 m²","0,655 m²","0,28",534 km,432 km,"8,9 km/l","7,2 km/l",,,,,,,,,,,,,,,,,,,,,,,,,,,,,,
peugeot,308,308,308-griffe-1-6-turbo-at-2017,308-griffe-1-6-turbo-at-2017,https://www.fichacompleta.com.br/carros/peugeot/308-griffe-1-6-turbo-at-2017,2026-06-17T21:38:33.465257,Peugeot 308 Griffe 1.6 Turbo AT 2017,"8,3 s",215 km/h,Conversor de torque,Automático,Aisin TF-70SC,6,Dianteira,Injeção direta,Turbocompressor,1598 cm³,4 em linha,EP6FDT M,"Duplo no cabeçote, corrente","85,8 mm",77 mm,Transversal,Dianteiro,"8,0 kg/cv","58,0 kg/kgfm","108,3 cv/litro",173 cv (A) 166 cv (G) a 6000 rpm,"10,2:1",6800 rpm,"15,0 kgfm/litro",24 kgfm (A) 24 kgfm (G) a 1400 rpm,4,1518 mm,,4292 mm,2608 mm,1815 mm,1392 kg,430 litros,60 litros,101 mm,Disco ventilado,Disco sólido,Eletro-hidráulica,"10,8 m","Independente, McPherson",Mola helicoidal,Eixo de torção,774 km,636 km,"12,9 km/l","10,6 km/l",,,,,1535 mm,1530 mm,,,,,Hidráulicos,Admissão,,,,,205/55 R16,"2,34 m²","0,655 m²","0,28",534 km,432 km,"8,9 km/l","7,2 km/l",,,,,,,,,,,,,,,,,,,,,,,,,,,,,,
peugeot,308,308,308-allure-1-6-turbo-at-2018,308-allure-1-6-turbo-at-2018,https://www.fichacompleta.com.br/carros/peugeot/308-allure-1-6-turbo-at-2018,2026-06-17T21:38:36.758336,Peugeot 308 Allure 1.6 Turbo AT 2018,"8,3 s",215 km/h,Conversor de torque,Automático,Aisin TF-70SC,,Dianteira,Injeção direta,Turbocompressor,,4 em linha,EP6FDT M,Duplo no cabeçote,"85,8 mm",77 mm,Transversal,Dianteiro,"8,05 kg/cv","58,0 kg/kgfm","108,3 cv/litro",,"10,2:1",6800 rpm,"15,0 kgfm/litro",,4,1518 mm,400 kg,4292 mm,2608 mm,1815 mm,4392 kg,430 litros,60 litros,101 mm,Disco ventilado,Disco sólido,Eletro-hidráulica,,"Indep., McPherson",Mola helicoidal,Eixo de torção,774 km,636 km,"12,9 km/l","10,6 km/l",6,6000 rpm,1400 rpm,"10,8 m",1532 mm,1513 mm,,,,,Hidráulicos,Admissão,,,600 kg,600 kg,205/55 R16,"2,34 m²","0,655 m²",,534 km,432 km,"8,9 km/l","7,2 km/l",,Corrente,173 cv,166 cv,24 kgfm,24 kgfm,"0,28",400 cm³,1598 cm³,0W-30 ³,,,,,,,,,,,,,,,,,,,,
peugeot,308,308,308-business-1-6-turbo-at-2018,308-business-1-6-turbo-at-2018,https://www.fichacompleta.com.br/carros/peugeot/308-business-1-6-turbo-at-2018,2026-06-17T21:38:40.255595,Peugeot 308 Business 1.6 Turbo AT 2018,"8,3 s",215 km/h,Conversor de torque,Automático,Aisin TF-70SC,6,Dianteira,Injeção direta,Turbocompressor,1598 cm³,4 em linha,EP6FDT M,"Duplo no cabeçote, corrente","85,8 mm",77 mm,Transversal,Dianteiro,"8,0 kg/cv","58,0 kg/kgfm","108,3 cv/litro",173 cv (A) 166 cv (G) a 6000 rpm,"10,2:1",6800 rpm,"15,0 kgfm/litro",24 kgfm (A) 24 kgfm (G) a 1400 rpm,4,1518 mm,,4292 mm,2608 mm,1815 mm,1392 kg,430 litros,60 litros,113 mm,Disco ventilado,Disco sólido,Eletro-hidráulica,"10,8 m","Independente, McPherson",Mola helicoidal,Eixo de torção,774 km,636 km,"12,9 km/l","10,6 km/l",,,,,1535 mm,1530 mm,,,,,Hidráulicos,Admissão,,,,,205/55 R16,"2,34 m²","0,655 m²","0,28",534 km,432 km,"8,9 km/l","7,2 km/l",,,,,,,,,,,,,,,,,,,,,,,,,,,,,,
peugeot,308,308,308-business-pro-1-6-turbo-at-pcd-2018,308-business-pro-1-6-turbo-at-pcd-2018,https://www.fichacompleta.com.br/carros/peugeot/308-business-pro-1-6-turbo-at-pcd-2018,2026-06-17T21:38:43.965993,Peugeot 308 Business Pro 1.6 Turbo AT [PCD] 2018,"8,3 s",215 km/h,Conversor de torque,Automático,Aisin TF-70SC,,Dianteira,Injeção direta,Turbocompressor,1598 cm³,4 em linha,EP6FDT M,Duplo no cabeçote,"85,8 mm",77 mm,Transversal,Dianteiro,"8,0 kg/cv","58,0 kg/kgfm","108,3 cv/litro",,"10,2:1",6800 rpm,"15,0 kgfm/litro",,4,1518 mm,400 kg,4292 mm,2608 mm,1815 mm,1392 kg,430 litros,60 litros,113 mm,Disco ventilado,Disco sólido,Eletro-hidráulica,,"Indep., McPherson",Mola helicoidal,Eixo de torção,774 km,636 km,"12,9 km/l","10,6 km/l",6,6000 rpm,1400 rpm,"10,8 m",1532 mm,1513 mm,,,,,Hidráulicos,Admissão,,,600 kg,600 kg,205/55 R16,"2,34 m²","0,655 m²",,534 km,432 km,"8,9 km/l","7,2 km/l",,Corrente,173 cv,166 cv,24 kgfm,24 kgfm,"0,28",,,,,,,,,,,,,,,,,,,,,,,
peugeot,308,308,308-griffe-1-6-turbo-at-2018,308-griffe-1-6-turbo-at-2018,https://www.fichacompleta.com.br/carros/peugeot/308-griffe-1-6-turbo-at-2018,2026-06-17T21:38:46.787144,Peugeot 308 Griffe 1.6 Turbo AT 2018,"8,3 s",215 km/h,Conversor de torque,Automático,Aisin TF-70SC,6,Dianteira,Injeção direta,Turbocompressor,1598 cm³,4 em linha,EP6FDT M,"Duplo no cabeçote, corrente","85,8 mm",77 mm,Transversal,Dianteiro,"8,0 kg/cv","58,0 kg/kgfm","108,3 cv/litro",173 cv (A) 166 cv (G) a 6000 rpm,"10,2:1",6800 rpm,"15,0 kgfm/litro",24 kgfm (A) 24 kgfm (G) a 1400 rpm,4,1518 mm,,4292 mm,2608 mm,1815 mm,1392 kg,430 litros,60 litros,101 mm,Disco ventilado,Disco sólido,Eletro-hidráulica,"10,8 m","Independente, McPherson",Mola helicoidal,Eixo de torção,774 km,636 km,"12,9 km/l","10,6 km/l",,,,,1535 mm,1530 mm,,,,,Hidráulicos,Admissão,,,,,205/55 R16,"2,34 m²","0,655 m²","0,28",534 km,432 km,"8,9 km/l","7,2 km/l",,,,,,,,,,,,,,,,,,,,,,,,,,,,,,
peugeot,308,308,308-roland-garros-1-6-turbo-at-2018,308-roland-garros-1-6-turbo-at-2018,https://www.fichacompleta.com.br/carros/peugeot/308-roland-garros-1-6-turbo-at-2018,2026-06-17T21:38:49.934812,Peugeot 308 Roland Garros 1.6 Turbo AT 2018,"8,3 s",215 km/h,Conversor de torque,Automático,Aisin TF-70SC,6,Dianteira,Injeção direta,Turbocompressor,1598 cm³,4 em linha,EP6FDT M,"Duplo no cabeçote, corrente","85,8 mm",77 mm,Transversal,Dianteiro,"8,0 kg/cv","58,0 kg/kgfm","108,3 cv/litro",173 cv (A) 166 cv (G) a 6000 rpm,"10,2:1",6800 rpm,"15,0 kgfm/litro",24 kgfm (A) 24 kgfm (G) a 1400 rpm,4,1518 mm,,4292 mm,2608 mm,1815 mm,1392 kg,430 litros,60 litros,101 mm,Disco ventilado,Disco sólido,Eletro-hidráulica,"10,8 m","Independente, McPherson",Mola helicoidal,Eixo de torção,774 km,636 km,"12,9 km/l","10,6 km/l",,,,,1535 mm,1530 mm,,,,,Hidráulicos,Admissão,,,,,205/55 R16,"2,34 m²","0,655 m²","0,28",534 km,432 km,"8,9 km/l","7,2 km/l",,,,,,,,,,,,,,,,,,,,,,,,,,,,,,
peugeot,308,308,308-business-1-6-turbo-at-2019,308-business-1-6-turbo-at-2019,https://www.fichacompleta.com.br/carros/peugeot/308-business-1-6-turbo-at-2019,2026-06-17T21:38:54.104806,Peugeot 308 Business 1.6 Turbo AT 2019,"8,3 s",215 km/h,Conversor de torque,Automático,Aisin TF-70SC,6,Dianteira,Injeção direta,Turbocompressor,1598 cm³,4 em linha,EP6FDT M,"Duplo no cabeçote, corrente","85,8 mm",77 mm,Transversal,Dianteiro,"8,0 kg/cv","58,0 kg/kgfm","108,3 cv/litro",173 cv (A) 166 cv (G) a 6000 rpm,"10,2:1",6800 rpm,"15,0 kgfm/litro",24 kgfm (A) 24 kgfm (G) a 1400 rpm,4,1518 mm,,4292 mm,2608 mm,1815 mm,1392 kg,430 litros,60 litros,113 mm,Disco ventilado,Disco sólido,Eletro-hidráulica,"10,8 m","Independente, McPherson",Mola helicoidal,Eixo de torção,774 km,636 km,"12,9 km/l","10,6 km/l",,,,,1535 mm,1530 mm,,,,,Hidráulicos,Admissão,,,,,205/55 R16,"2,34 m²","0,655 m²","0,28",534 km,432 km,"8,9 km/l","7,2 km/l",,,,,,,,,,,,,,,,,,,,,,,,,,,,,,
peugeot,308,308,308-business-pro-1-6-turbo-at-pcd-2019,308-business-pro-1-6-turbo-at-pcd-2019,https://www.fichacompleta.com.br/carros/peugeot/308-business-pro-1-6-turbo-at-pcd-2019,2026-06-17T21:38:57.747500,Peugeot 308 Business Pro 1.6 Turbo AT [PCD] 2019,"8,3 s",215 km/h,Conversor de torque,Automático,Aisin TF-70SC,,Dianteira,Injeção direta,Turbocompressor,1598 cm³,4 em linha,EP6FDT M,Duplo no cabeçote,"85,8 mm",77 mm,Transversal,Dianteiro,"8,0 kg/cv","58,0 kg/kgfm","108,3 cv/litro",,"10,2:1",6800 rpm,"15,0 kgfm/litro",,4,1518 mm,400 kg,4292 mm,2608 mm,1815 mm,1392 kg,430 litros,60 litros,113 mm,Disco ventilado,Disco sólido,Eletro-hidráulica,,"Indep., McPherson",Mola helicoidal,Eixo de torção,774 km,636 km,"12,9 km/l","10,6 km/l",6,6000 rpm,1400 rpm,"10,8 m",1532 mm,1513 mm,,,,,Hidráulicos,Admissão,,,600 kg,600 kg,205/55 R16,"2,34 m²","0,655 m²",,534 km,432 km,"8,9 km/l","7,2 km/l",,Corrente,173 cv,166 cv,24 kgfm,24 kgfm,"0,28",,,,,,,,,,,,,,,,,,,,,,,
peugeot,308,308,308-griffe-1-6-turbo-at-2019,308-griffe-1-6-turbo-at-2019,https://www.fichacompleta.com.br/carros/peugeot/308-griffe-1-6-turbo-at-2019,2026-06-17T21:39:00.712776,Peugeot 308 Griffe 1.6 Turbo AT 2019,"8,3 s",215 km/h,Conversor de torque,Automático,Aisin TF-70SC,,Dianteira,Injeção direta,Turbocompressor,1598 cm³,4 em linha,EP6FDT M,Duplo no cabeçote,"85,8 mm",77 mm,Transversal,Dianteiro,"8,0 kg/cv","58,0 kg/kgfm","108,3 cv/litro",,"10,2:1",6800 rpm,"15,0 kgfm/litro",,4,1518 mm,400 kg,4292 mm,2608 mm,1815 mm,1392 kg,430 litros,60 litros,101 mm,Disco ventilado,Disco sólido,Eletro-hidráulica,,"Indep., McPherson",Mola helicoidal,Eixo de torção,774 km,636 km,"12,9 km/l","10,6 km/l",6,6000 rpm,1400 rpm,"10,8 m",1532 mm,1513 mm,,,,,Hidráulicos,Admissão,,,600 kg,600 kg,205/55 R16,"2,34 m²","0,655 m²",,534 km,432 km,"8,9 km/l","7,2 km/l",,Corrente,173 cv,166 cv,24 kgfm,24 kgfm,"0,28",,,,,,,,,,,,,,,,,,,,,,,
peugeot,308 Cabriolet,308-cabriolet,308-cabriolet-1-6-turbo-at-2012,308-cabriolet-1-6-turbo-at-2012,https://www.fichacompleta.com.br/carros/peugeot/308-cabriolet-1-6-turbo-at-2012,2026-06-17T21:39:16.736562,Peugeot 308 Cabriolet 1.6 Turbo AT 2012,"9,8 s",212 km/h,Conversor de torque,Automático,Aisin TF-70SC,6,Dianteira,Injeção direta,Turbocompressor,1598 cm³,4 em linha,EP6CDT M,Duplo no cabeçote,"85,8 mm",77 mm,Transversal,Dianteiro,"9,3 kg/cv","62,4 kg/kgfm","103,3 cv/litro",165 cv,11:1,6800 rpm,"15,3 kgfm/litro","24,5 kgfm",4,1426 mm,,4440 mm,2605 mm,1817 mm,1530 kg,266 litros,60 litros,90 mm,Disco ventilado,Disco sólido,Eletro-hidráulica,Não informado,"Indep., McPherson",Mola helicoidal,Eixo de torção,720 km,492 km,12 km/l,"8,2 km/l",6,,,Não informado,,,,,6000 rpm,1400 rpm,Hidráulicos,Admissão,,,,,,,,,,,,,,Corrente,,,,,,,,,,,,,,,,,,,,,,,,,,,,
peugeot,308 Cabriolet,308-cabriolet,308-cabriolet-1-6-turbo-at-2013,308-cabriolet-1-6-turbo-at-2013,https://www.fichacompleta.com.br/carros/peugeot/308-cabriolet-1-6-turbo-at-2013,2026-06-17T21:39:19.239890,Peugeot 308 Cabriolet 1.6 Turbo AT 2013,"9,8 s",212 km/h,Conversor de torque,Automático,Aisin TF-70SC,,Dianteira,Injeção direta,Turbocompressor,1598 cm³,4 em linha,EP6CDT M,Duplo no cabeçote,"85,8 mm",77 mm,Transversal,Dianteiro,"9,3 kg/cv","62,4 kg/kgfm","103,3 cv/litro",165 cv,11:1,6800 rpm,"15,3 kgfm/litro","24,5 kgfm",4,1426 mm,,4440 mm,2605 mm,1817 mm,1530 kg,266 litros,60 litros,90 mm,Disco ventilado,Disco sólido,Eletro-hidráulica,,"Indep., McPherson",Mola helicoidal,Eixo de torção,720 km,492 km,12 km/l,"8,2 km/l",6,6000 rpm,1400 rpm,Não informado,,,,,,,Hidráulicos,Admissão,,,,,,,,,,,,,,Corrente,,,,,,,,,,,,,,,,,,,,,,,,,,,,
peugeot,308 Cabriolet,308-cabriolet,308-cabriolet-1-6-turbo-at-2014,308-cabriolet-1-6-turbo-at-2014,https://www.fichacompleta.com.br/carros/peugeot/308-cabriolet-1-6-turbo-at-2014,2026-06-17T21:39:22.115828,Peugeot 308 Cabriolet 1.6 Turbo AT 2014,"9,8 s",212 km/h,Conversor de torque,Automático,Aisin TF-70SC,,Dianteira,Injeção direta,Turbocompressor,1598 cm³,4 em linha,EP6CDT M,Duplo no cabeçote,"85,8 mm",77 mm,Transversal,Dianteiro,"9,3 kg/cv","62,4 kg/kgfm","103,3 cv/litro",165 cv,11:1,6800 rpm,"15,3 kgfm/litro","24,5 kgfm",4,1426 mm,,4440 mm,2605 mm,1817 mm,1530 kg,266 litros,60 litros,90 mm,Disco ventilado,Disco sólido,Eletro-hidráulica,,"Indep., McPherson",Mola helicoidal,Eixo de torção,720 km,492 km,12 km/l,"8,2 km/l",6,6000 rpm,1400 rpm,Não informado,,,,,,,Hidráulicos,Admissão,,,,,,,,,,,,,,Corrente,,,,,,,,,,,,,,,,,,,,,,,,,,,,
peugeot,308 Cabriolet,308-cabriolet,308-cabriolet-roland-garros-1-6-turbo-at-2014,308-cabriolet-roland-garros-1-6-turbo-at-2014,https://www.fichacompleta.com.br/carros/peugeot/308-cabriolet-roland-garros-1-6-turbo-at-2014,2026-06-17T21:39:26.767874,Peugeot 308 Cabriolet Roland Garros 1.6 Turbo AT 2014,"8,5 s",212 km/h,Conversor de torque,Automático,Aisin TF-70SC,6,Dianteira,Injeção direta,Turbocompressor,1598 cm³,4 em linha,EP6CDT M,"Duplo no cabeçote, corrente","85,8 mm",77 mm,Transversal,Dianteiro,"9,3 kg/cv","62,4 kg/kgfm","103,3 cv/litro",165 cv a 6000 rpm,11:1,6800 rpm,"15,3 kgfm/litro","24,5 kgfm a 1400 rpm",4,1426 mm,,4440 mm,2605 mm,1817 mm,1530 kg,266 litros,60 litros,90 mm,Disco ventilado,Disco sólido,Eletro-hidráulica,Não informado,"Independente, McPherson",Mola helicoidal,Eixo de torção,720 km,492 km,12 km/l,"8,2 km/l",,,,,,,,,,,Hidráulicos,Admissão,,,,,,,,,,,,,,,,,,,,,,,,,,,,,,,,,,,,,,,,,,
peugeot,308 Cabriolet,308-cabriolet,308-cabriolet-1-6-turbo-at-2015,308-cabriolet-1-6-turbo-at-2015,https://www.fichacompleta.com.br/carros/peugeot/308-cabriolet-1-6-turbo-at-2015,2026-06-17T21:39:30.634935,Peugeot 308 Cabriolet 1.6 Turbo AT 2015,"8,5 s",212 km/h,Conversor de torque,Automático,Aisin TF-70SC,6,Dianteira,Injeção direta,Turbocompressor,1598 cm³,4 em linha,EP6CDT M,"Duplo no cabeçote, corrente",,,Transversal,Dianteiro,"9,3 kg/cv","62,4 kg/kgfm","103,3 cv/litro",165 cv a 6000 rpm,11:1,6800 rpm,"15,3 kgfm/litro","24,5 kgfm a 1400 rpm",4,1426 mm,,4440 mm,2605 mm,1817 mm,1530 kg,266 litros,60 litros,90 mm,Disco ventilado,Disco sólido,Eletro-hidráulica,Não informado,"Independente, McPherson",Mola helicoidal,Eixo de torção,720 km,492 km,12 km/l,"8,2 km/l",,,,,1535 mm,1530 mm,"85,8 mm",77 mm,,,Hidráulicos,Admissão,,,,,,,,,,,,,,,,,,,,,,,,,,,,,,,,,,,,,,,,,,
peugeot,405,405,405-gl-1-6-1993,405-gl-1-6-1993,https://www.fichacompleta.com.br/carros/peugeot/405-gl-1-6-1993,2026-06-17T21:39:51.213244,Peugeot 405 GL 1.6 1993,"12,5 s",175 km/h,Embreagem monodisco a seco,Manual,BE3/5,5,Dianteira,Carburador,Natural,1580 cm³,4 em linha,XU5JP,"Único no cabeçote, correia dentada",73 mm,83 mm,Transversal,Dianteiro,"12,6 kg/cv","83,5 kg/kgfm","54,4 cv/litro",86 cv a 6000 rpm,"9,2:1",,"8,2 kgfm/litro",13 kgfm a 2700 rpm,2,1406 mm,400 kg,4408 mm,2669 mm,1694 mm,1085 kg,470 litros,70 litros,123 mm,Disco sólido,Tambor,Hidráulica,11 m,"Independente, McPherson",Barra de torção,"Independente, braço arrastado",1050 km,700 km,15 km/l,10 km/l,,,,,1450 mm,1436 mm,,,,,,,,,,,,"2,02 m²","0,626 m²","0,31",,,,,123 mm,,,,,,,,,,,,,,,,,,,,,,,,,,,,,
peugeot,405,405,405-2-0-mi-16v-1994,405-2-0-mi-16v-1994,https://www.fichacompleta.com.br/carros/peugeot/405-2-0-mi-16v-1994,2026-06-17T21:39:55.953789,Peugeot 405 2.0 Mi 16V 1994,"8,4 s",215 km/h,Embreagem monodisco a seco,Manual,BE3/5,5,Dianteira,Injeção multiponto,Natural,1998 cm³,4 em linha,XU10J4/LZ,"Duplo no cabeçote, correia dentada",86 mm,86 mm,Transversal,Dianteiro,"7,4 kg/cv","62,2 kg/kgfm","77,6 cv/litro",155 cv a 6500 rpm,"10,4:1",,"9,2 kgfm/litro","18,4 kgfm a 3500 rpm",4,1406 mm,400 kg,4408 mm,2669 mm,1694 mm,1145 kg,470 litros,70 litros,107 mm,Disco ventilado,Disco sólido,Hidráulica,11 m,"Independente, McPherson",Barra de torção,"Independente, braço arrastado",840 km,560 km,12 km/l,8 km/l,,,,,1450 mm,1436 mm,,,,,,,,,,,,"2,02 m²","0,626 m²","0,31",,,,,,,,,,,,,,,,,,,,,,,,,,,,,,,,,,
peugeot,405,405,405-sri-1-8-1994,405-sri-1-8-1994,https://www.fichacompleta.com.br/carros/peugeot/405-sri-1-8-1994,2026-06-17T21:40:00.074459,Peugeot 405 SRi 1.8 1994,"11,9 s",185 km/h,Embreagem monodisco a seco,Manual,BE3/5,5,Dianteira,Injeção multiponto,Natural,1761 cm³,4 em linha,XU7JP,"Único no cabeçote, correia dentada",,,Transversal,Dianteiro,"10,4 kg/cv","68,4 kg/kgfm","58,5 cv/litro",103 cv a 6000 rpm,"9,3:1",,"8,9 kgfm/litro","15,6 kgfm a 3000 rpm",2,1406 mm,400 kg,4408 mm,2669 mm,1694 mm,1067 kg,470 litros,70 litros,123 mm,Disco ventilado,Tambor,Hidráulica,11 m,"Independente, McPherson",Barra de torção,"Independente, braço arrastado",973 km,609 km,"13,9 km/l","8,7 km/l",,,,,1450 mm,1436 mm,"81,4 mm",83 mm,,,,,,,,,,"2,02 m²",,"0,31",,,,,,,,,,,,,,,,,,,,,,,,,,,,,,,,,,
peugeot,405,405,405-sri-2-0-1994,405-sri-2-0-1994,https://www.fichacompleta.com.br/carros/peugeot/405-sri-2-0-1994,2026-06-17T21:40:03.483633,Peugeot 405 SRi 2.0 1994,"9,9 s",198 km/h,Embreagem monodisco a seco,Manual,BE3/5,5,Dianteira,Injeção multiponto,Natural,1998 cm³,4 em linha,XU10J2C,Único no cabeçote,86 mm,86 mm,Transversal,Dianteiro,"9,5 kg/cv","63,4 kg/kgfm","60,1 cv/litro",120 cv,"8,8:1",,"9,0 kgfm/litro","17,9 kgfm",2,1406 mm,400 kg,4408 mm,2669 mm,1694 mm,1135 kg,470 litros,70 litros,130 mm,Disco ventilado,Disco sólido,Hidráulica,11 m,"Indep., McPherson",Barra de torção,"Indep., braço arrastado",931 km,574 km,"13,3 km/l","8,2 km/l",5,,,11 m,1450 mm,1436 mm,,,5750 rpm,2750 rpm,Mecânicos,,,,,,,"2,02 m²","0,626 m²","0,31",,,,,123 mm,Correia dentada,,,,,"0,31",,,,,,,,,,,,,,,,,,,,,,,
peugeot,405,405,405-sti-2-0-at-1994,405-sti-2-0-at-1994,https://www.fichacompleta.com.br/carros/peugeot/405-sti-2-0-at-1994,2026-06-17T21:40:08.112339,Peugeot 405 STi 2.0 AT 1994,"12,5 s",193 km/h,Conversor de torque,Automático,ZF 4HP,,Dianteira,Injeção multiponto,Natural,1998 cm³,4 em linha,XU10J2C,Único no cabeçote,86 mm,86 mm,Transversal,Dianteiro,"9,7 kg/cv","64,8 kg/kgfm","60,1 cv/litro",120 cv,"9,5:1",,"9,0 kgfm/litro","17,9 kgfm",2,1406 mm,400 kg,4408 mm,2669 mm,1694 mm,1160 kg,470 litros,70 litros,120 mm,Disco ventilado,Disco sólido,Hidráulica,,"Indep., McPherson",Barra de torção,"Indep., braço arrastado",805 km,560 km,"11,5 km/l",8 km/l,4,5750 rpm,2750 rpm,11 m,1450 mm,1443 mm,,,,,Mecânicos,,,,1200 kg,580 kg,,"2,02 m²","0,626 m²",,,,,,123 mm,Correia dentada,,,,,"0,31",,,,,,,,,,,,,,,,,,,,,,,
peugeot,405,405,405-gli-1-6-1995,405-gli-1-6-1995,https://www.fichacompleta.com.br/carros/peugeot/405-gli-1-6-1995,2026-06-17T21:40:11.392692,Peugeot 405 GLi 1.6 1995,"12,5 s",178 km/h,Embreagem monodisco a seco,Manual,BE3/5,5,Dianteira,Injeção monoponto,Natural,1580 cm³,4 em linha,XU5JP,"Único no cabeçote, correia dentada",,,Transversal,Dianteiro,"12,1 kg/cv","83,5 kg/kgfm","57,0 cv/litro",90 cv a 6400 rpm,"9,2:1",,"8,2 kgfm/litro",13 kgfm a 3000 rpm,2,1406 mm,400 kg,4408 mm,2669 mm,1694 mm,1085 kg,470 litros,70 litros,123 mm,Disco sólido,Tambor,Hidráulica,11 m,"Independente, McPherson",Barra de torção,"Independente, braço arrastado",1050 km,700 km,15 km/l,10 km/l,,,,,1450 mm,1436 mm,73 mm,83 mm,,,,,,,,,,"2,02 m²",,"0,31",,,,,,,,,,,,,,,,,,,,,,,,,,,,,,,,,,
peugeot,405,405,405-sri-1-8-1995,405-sri-1-8-1995,https://www.fichacompleta.com.br/carros/peugeot/405-sri-1-8-1995,2026-06-17T21:40:14.678108,Peugeot 405 SRi 1.8 1995,"11,9 s",185 km/h,Embreagem monodisco a seco,Manual,BE3/5,5,Dianteira,Injeção multiponto,Natural,1761 cm³,4 em linha,XU7JP,"Único no cabeçote, correia dentada","81,4 mm",83 mm,Transversal,Dianteiro,"10,4 kg/cv","66,7 kg/kgfm","58,5 cv/litro",103 cv a 6000 rpm,"9,3:1",6300 rpm,"9,1 kgfm/litro",16 kgfm a 3000 rpm,2,1406 mm,400 kg,4408 mm,2669 mm,1694 mm,1067 kg,470 litros,70 litros,123 mm,Disco ventilado,Tambor,Hidráulica,11 m,"Independente, McPherson",Barra de torção,"Independente, braço arrastado",973 km,609 km,"13,9 km/l","8,7 km/l",,,,,1450 mm,1436 mm,,,,,,,,,,,,"2,02 m²","0,626 m²","0,31",,,,,123 mm,,,,,,,,,,,,,,,,,,,,,,,,,,,,,
peugeot,405,405,405-sri-2-0-1995,405-sri-2-0-1995,https://www.fichacompleta.com.br/carros/peugeot/405-sri-2-0-1995,2026-06-17T21:40:18.750470,Peugeot 405 SRi 2.0 1995,"9,9 s",198 km/h,Embreagem monodisco a seco,Manual,BE3/5,,Dianteira,Injeção multiponto,Natural,1998 cm³,4 em linha,XU10J2C,Único no cabeçote,86 mm,86 mm,Transversal,Dianteiro,"9,5 kg/cv","63,4 kg/kgfm","60,1 cv/litro",120 cv,"8,8:1",,"9,0 kgfm/litro","17,9 kgfm",2,1406 mm,400 kg,4408 mm,2669 mm,1694 mm,1135 kg,470 litros,70 litros,130 mm,Disco ventilado,Disco sólido,Hidráulica,,"Indep., McPherson",Barra de torção,"Indep., braço arrastado",931 km,574 km,"13,3 km/l","8,2 km/l",5,5750 rpm,2750 rpm,11 m,1450 mm,1436 mm,,,,,Mecânicos,,,,,,,"2,02 m²","0,626 m²",,,,,,123 mm,Correia dentada,,,,,"0,31",,,,,,,,,,,,,,,,,,,,,,,
peugeot,405,405,405-sti-2-0-1995,405-sti-2-0-1995,https://www.fichacompleta.com.br/carros/peugeot/405-sti-2-0-1995,2026-06-17T21:40:22.894965,Peugeot 405 STi 2.0 1995,"9,9 s",198 km/h,Embreagem monodisco a seco,Manual,BE3/5,5,Dianteira,Injeção multiponto,Natural,1998 cm³,4 em linha,XU10J2C,"Único no cabeçote, correia dentada",,,Transversal,Dianteiro,"9,5 kg/cv","63,4 kg/kgfm","60,1 cv/litro",120 cv a 5750 rpm,"8,8:1",,"9,0 kgfm/litro","17,9 kgfm a 2750 rpm",2,1406 mm,400 kg,4408 mm,2669 mm,1694 mm,1135 kg,470 litros,70 litros,130 mm,Disco ventilado,Disco sólido,Hidráulica,11 m,"Independente, McPherson",Barra de torção,"Independente, braço arrastado",931 km,574 km,"13,3 km/l","8,2 km/l",,,,,1450 mm,1436 mm,86 mm,86 mm,,,,,,,,,,"2,02 m²",,"0,31",,,,,,,,,,,,,,,,,,,,,,,,,,,,,,,,,,
peugeot,405,405,405-gri-1-8-1996,405-gri-1-8-1996,https://www.fichacompleta.com.br/carros/peugeot/405-gri-1-8-1996,2026-06-17T21:40:25.947008,Peugeot 405 GRi 1.8 1996,"11,9 s",185 km/h,Embreagem monodisco a seco,Manual,BE3/5,,Dianteira,Injeção multiponto,Natural,1761 cm³,4 em linha,XU7JP,Único no cabeçote,"81,4 mm",83 mm,Transversal,Dianteiro,"10,4 kg/cv","66,7 kg/kgfm","58,5 cv/litro",,"9,3:1",6300 rpm,"9,1 kgfm/litro",,2,1406 mm,400 kg,4408 mm,2669 mm,1694 mm,1067 kg,470 litros,70 litros,123 mm,Disco ventilado,Tambor,Hidráulica,,"Indep., McPherson",Barra de torção,"Indep., braço arrastado",973 km,609 km,"13,9 km/l","8,7 km/l",5,,,11 m,1450 mm,1436 mm,,,6000 rpm,3000 rpm,,,,,,,,"2,02 m²","0,626 m²",,,,,,123 mm,Correia dentada,,,,,"0,31",,,,,,,,,,103 cv,16 kgfm,,,,,,,,,,,,
peugeot,405,405,405-sri-2-0-1996,405-sri-2-0-1996,https://www.fichacompleta.com.br/carros/peugeot/405-sri-2-0-1996,2026-06-17T21:40:29.762338,Peugeot 405 SRi 2.0 1996,"9,9 s",198 km/h,Embreagem monodisco a seco,Manual,BE3/5,,Dianteira,Injeção multiponto,Natural,1998 cm³,4 em linha,XU10J2C,Único no cabeçote,86 mm,86 mm,Transversal,Dianteiro,"9,5 kg/cv","63,4 kg/kgfm","60,1 cv/litro",120 cv,"8,8:1",,"9,0 kgfm/litro","17,9 kgfm",2,1406 mm,400 kg,4408 mm,2669 mm,1694 mm,1135 kg,470 litros,70 litros,130 mm,Disco ventilado,Disco sólido,Hidráulica,,"Indep., McPherson",Barra de torção,"Indep., braço arrastado",931 km,574 km,"13,3 km/l","8,2 km/l",5,5750 rpm,2750 rpm,11 m,1450 mm,1436 mm,,,,,Mecânicos,,,,,,,"2,02 m²","0,626 m²",,,,,,123 mm,Correia dentada,,,,,"0,31",,,,,,,,,,,,,,,,,,,,,,,
peugeot,405,405,405-sri-2-0-1998,405-sri-2-0-1998,https://www.fichacompleta.com.br/carros/peugeot/405-sri-2-0-1998,2026-06-17T21:40:34.553617,Peugeot 405 SRi 2.0 1998,"9,9 s",198 km/h,Embreagem monodisco a seco,Manual,BE3/5,,Dianteira,Injeção multiponto,Natural,1998 cm³,4 em linha,XU10J2C,Único no cabeçote,86 mm,86 mm,Transversal,Dianteiro,"9,5 kg/cv","63,4 kg/kgfm","60,1 cv/litro",120 cv,"8,8:1",,"9,0 kgfm/litro","17,9 kgfm",2,1406 mm,400 kg,4408 mm,2669 mm,1694 mm,1135 kg,470 litros,70 litros,130 mm,Disco ventilado,Disco sólido,Hidráulica,,"Indep., McPherson",Barra de torção,"Indep., braço arrastado",931 km,574 km,"13,3 km/l","8,2 km/l",5,5750 rpm,2750 rpm,11 m,1450 mm,1436 mm,,,,,Mecânicos,,,,,,,"2,02 m²","0,626 m²",,,,,,123 mm,Correia dentada,,,,,"0,31",,,,,,,,,,,,,,,,,,,,,,,
peugeot,405 Break,405-break,405-break-sri-2-0-1993,405-break-sri-2-0-1993,https://www.fichacompleta.com.br/carros/peugeot/405-break-sri-2-0-1993,2026-06-17T21:40:54.619534,Peugeot 405 Break SRi 2.0 1993,"12,8 s",182 km/h,Embreagem monodisco a seco,Manual,BE3/5,,Dianteira,Injeção multiponto,Natural,1998 cm³,4 em linha,XU10J2C,Único no cabeçote,86 mm,86 mm,Transversal,Dianteiro,"8,8 kg/cv","59,2 kg/kgfm","60,6 cv/litro",121 cv,"8,8:1",,"9,0 kgfm/litro","17,9 kgfm",2,1445 mm,,4410 mm,2670 mm,1715 mm,1060 kg,425 litros,70 litros,120 mm,Disco ventilado,Disco sólido,Hidráulica,,"Indep., McPherson",Barra de torção,"Indep., braço arrastado",924 km,567 km,"13,2 km/l","8,1 km/l",5,,,11 m,1450 mm,1435 mm,,,5750 rpm,2750 rpm,Mecânicos,,,,,,,"2,11 m²","0,654 m²",,,,,,123 mm,Correia dentada,,,,,"0,31",,,,,,,,,,,,,,,,,,,,,,,
peugeot,405 Break,405-break,405-break-sri-2-0-1994,405-break-sri-2-0-1994,https://www.fichacompleta.com.br/carros/peugeot/405-break-sri-2-0-1994,2026-06-17T21:40:58.734579,Peugeot 405 Break SRi 2.0 1994,"12,8 s",182 km/h,Embreagem monodisco a seco,Manual,BE3/5,5,Dianteira,Injeção multiponto,Natural,1998 cm³,4 em linha,XU10J2C,"Único no cabeçote, correia dentada",86 mm,86 mm,Transversal,Dianteiro,"8,8 kg/cv","59,2 kg/kgfm","60,6 cv/litro",121 cv a 5750 rpm,"8,8:1",,"9,0 kgfm/litro","17,9 kgfm a 2750 rpm",2,1445 mm,,4410 mm,2670 mm,1715 mm,1060 kg,425 litros,70 litros,120 mm,Disco ventilado,Disco sólido,Hidráulica,11 m,"Independente, McPherson",Barra de torção,"Independente, braço arrastado",924 km,567 km,"13,2 km/l","8,1 km/l",,,,,1450 mm,1435 mm,,,,,,,,,,,,"2,11 m²","0,654 m²","0,31",,,,,123 mm,,,,,,,,,,,,,,,,,,,,,,,,,,,,,
peugeot,405 Break,405-break,405-break-sri-2-0-1995,405-break-sri-2-0-1995,https://www.fichacompleta.com.br/carros/peugeot/405-break-sri-2-0-1995,2026-06-17T21:41:01.777714,Peugeot 405 Break SRi 2.0 1995,"12,8 s",182 km/h,Embreagem monodisco a seco,Manual,BE3/5,,Dianteira,Injeção multiponto,Natural,1998 cm³,4 em linha,XU10J2C,Único no cabeçote,86 mm,86 mm,Transversal,Dianteiro,"8,8 kg/cv","59,2 kg/kgfm","60,6 cv/litro",121 cv,"8,8:1",,"9,0 kgfm/litro","17,9 kgfm",2,1445 mm,,4410 mm,2670 mm,1715 mm,1060 kg,425 litros,70 litros,120 mm,Disco ventilado,Disco sólido,Hidráulica,,"Indep., McPherson",Barra de torção,"Indep., braço arrastado",924 km,567 km,"13,2 km/l","8,1 km/l",5,,,11 m,1450 mm,1435 mm,,,5750 rpm,2750 rpm,Mecânicos,,,,,,,"2,11 m²","0,654 m²",,,,,,123 mm,Correia dentada,,,,,"0,31",,,,,,,,,,,,,,,,,,,,,,,
peugeot,406,406,406-st-2-0-1997,406-st-2-0-1997,https://www.fichacompleta.com.br/carros/peugeot/406-st-2-0-1997,2026-06-17T21:41:19.403780,Peugeot 406 ST 2.0 1997,"11,2 s",204 km/h,Embreagem monodisco a seco,Manual,BE3/5,,Dianteira,Injeção multiponto,Natural,1998 cm³,4 em linha,XU10J4,Duplo no cabeçote,86 mm,86 mm,Transversal,Dianteiro,"9,7 kg/cv","70,3 kg/kgfm","67,6 cv/litro",135 cv,11:1,6800 rpm,"9,4 kgfm/litro","18,7 kgfm",4,1396 mm,500 kg,4555 mm,2700 mm,1764 mm,1315 kg,430 litros,70 litros,127 mm,Disco ventilado,Disco sólido,Hidráulica,,"Indep., McPherson",Mola helicoidal,"Indep., multibraço",840 km,546 km,12 km/l,"7,8 km/l",5,5500 rpm,4200 rpm,12 m,1502 mm,1488 mm,,,,,,,,,,,,"2,09 m²","0,627 m²",,,,,,130 mm,Correia dentada,,,,,"0,3",,,,,,,,,,,,,,,,,,,,,,,
peugeot,406,406,406-sva-2-0-at-1997,406-sva-2-0-at-1997,https://www.fichacompleta.com.br/carros/peugeot/406-sva-2-0-at-1997,2026-06-17T21:41:23.403721,Peugeot 406 SVA 2.0 AT 1997,"14,1 s",198 km/h,Conversor de torque,Automático,,,Dianteira,Injeção multiponto,Natural,1998 cm³,4 em linha,XU10J4,Duplo no cabeçote,86 mm,86 mm,Transversal,Dianteiro,"10,0 kg/cv","72,5 kg/kgfm","67,6 cv/litro",cv,"10,4:1",,"9,4 kgfm/litro","18,7 kgfm",4,1396 mm,500 kg,4555 mm,2700 mm,1764 mm,1355 kg,430 litros,70 litros,127 mm,Disco ventilado,Disco sólido,Hidráulica,,"Indep., McPherson",Mola helicoidal,"Indep., multibraço",700 km,532 km,10 km/l,"7,6 km/l",4,,,"11,5 m",1502 mm,1488 mm,,,5500 rpm,4200 rpm,,,,,1500 kg,710 kg,,"2,09 m²","0,669 m²",,,,,,130 mm,Correia dentada,,,,,"0,32",,,,,,,,,,135 cv,"18,7 kgfm",,,,,,,,,,,,
peugeot,406,406,406-sv-2-0-1998,406-sv-2-0-1998,https://www.fichacompleta.com.br/carros/peugeot/406-sv-2-0-1998,2026-06-17T21:41:27.967204,Peugeot 406 SV 2.0 1998,"11,2 s",204 km/h,Embreagem monodisco a seco,Manual,BE3/5,,Dianteira,Injeção multiponto,Natural,1998 cm³,4 em linha,XU10J4,Duplo no cabeçote,86 mm,86 mm,Transversal,Dianteiro,"9,7 kg/cv","70,3 kg/kgfm","67,6 cv/litro",135 cv,11:1,6800 rpm,"9,4 kgfm/litro","18,7 kgfm",4,1396 mm,500 kg,4555 mm,2700 mm,1764 mm,1315 kg,430 litros,70 litros,127 mm,Disco ventilado,Disco sólido,Hidráulica,,"Indep., McPherson",Mola helicoidal,"Indep., multibraço",840 km,546 km,12 km/l,"7,8 km/l",5,5500 rpm,4200 rpm,12 m,1502 mm,1488 mm,,,,,,,,,,,,"2,09 m²","0,627 m²",,,,,,130 mm,Correia dentada,,,,,"0,3",,,,,,,,,,,,,,,,,,,,,,,
peugeot,406,406,406-sva-2-0-at-1998,406-sva-2-0-at-1998,https://www.fichacompleta.com.br/carros/peugeot/406-sva-2-0-at-1998,2026-06-17T21:41:30.931157,Peugeot 406 SVA 2.0 AT 1998,"14,1 s",198 km/h,Conversor de torque,Automático,,,Dianteira,Injeção multiponto,Natural,1998 cm³,4 em linha,XU10J4,Duplo no cabeçote,86 mm,86 mm,Transversal,Dianteiro,"10,0 kg/cv","72,5 kg/kgfm","67,6 cv/litro",cv,"10,4:1",,"9,4 kgfm/litro","18,7 kgfm",4,1396 mm,500 kg,4555 mm,2700 mm,1764 mm,1355 kg,430 litros,70 litros,127 mm,Disco ventilado,Disco sólido,Hidráulica,,"Indep., McPherson",Mola helicoidal,"Indep., multibraço",700 km,532 km,10 km/l,"7,6 km/l",4,,,"11,5 m",1502 mm,1488 mm,,,5500 rpm,4200 rpm,,,,,1500 kg,710 kg,,"2,09 m²","0,669 m²",,,,,,130 mm,Correia dentada,,,,,"0,32",,,,,,,,,,135 cv,"18,7 kgfm",,,,,,,,,,,,
peugeot,406,406,406-sv-2-0-1999,406-sv-2-0-1999,https://www.fichacompleta.com.br/carros/peugeot/406-sv-2-0-1999,2026-06-17T21:41:35.859908,Peugeot 406 SV 2.0 1999,"11,2 s",204 km/h,Embreagem monodisco a seco,Manual,BE3/5,5,Dianteira,Injeção multiponto,Natural,1998 cm³,4 em linha,XU10J4,Duplo no cabeçote,86 mm,86 mm,Transversal,Dianteiro,"9,7 kg/cv","70,3 kg/kgfm","67,6 cv/litro",135 cv,11:1,6800 rpm,"9,4 kgfm/litro","18,7 kgfm",4,1396 mm,500 kg,4555 mm,2700 mm,1764 mm,1315 kg,430 litros,70 litros,127 mm,Disco ventilado,Disco sólido,Hidráulica,12 m,"Indep., McPherson",Mola helicoidal,"Indep., multibraço",840 km,546 km,12 km/l,"7,8 km/l",5,,,12 m,1502 mm,1488 mm,,,5500 rpm,4200 rpm,,,,,,,,"2,09 m²","0,627 m²","0,3",,,,,130 mm,Correia dentada,,,,,"0,3",,,,,,,,,,,,,,,,,,,,,,,
peugeot,406,406,406-sva-2-0-at-1999,406-sva-2-0-at-1999,https://www.fichacompleta.com.br/carros/peugeot/406-sva-2-0-at-1999,2026-06-17T21:41:39.463407,Peugeot 406 SVA 2.0 AT 1999,"14,1 s",198 km/h,Conversor de torque,Automático,,,Dianteira,Injeção multiponto,Natural,1998 cm³,4 em linha,XU10J4,Duplo no cabeçote,86 mm,86 mm,Transversal,Dianteiro,"10,0 kg/cv","72,5 kg/kgfm","67,6 cv/litro",cv,"10,4:1",,"9,4 kgfm/litro","18,7 kgfm",4,1396 mm,500 kg,4555 mm,2700 mm,1764 mm,1355 kg,430 litros,70 litros,127 mm,Disco ventilado,Disco sólido,Hidráulica,,"Indep., McPherson",Mola helicoidal,"Indep., multibraço",700 km,532 km,10 km/l,"7,6 km/l",4,,,"11,5 m",1502 mm,1488 mm,,,5500 rpm,4200 rpm,,,,,1500 kg,710 kg,,"2,09 m²","0,669 m²",,,,,,130 mm,Correia dentada,,,,,"0,32",,,,,,,,,,135 cv,"18,7 kgfm",,,,,,,,,,,,
peugeot,406,406,406-st-2-0-2000,406-st-2-0-2000,https://www.fichacompleta.com.br/carros/peugeot/406-st-2-0-2000,2026-06-17T21:41:42.966191,Peugeot 406 ST 2.0 2000,"14,1 s",198 km/h,Conversor de torque,Automático,AL4,,Dianteira,Injeção multiponto,Natural,1997 cm³,4 em linha,XU10J4,Duplo no cabeçote,86 mm,86 mm,Transversal,Dianteiro,"9,9 kg/cv","71,4 kg/kgfm","67,6 cv/litro",135 cv,11:1,6800 rpm,"9,4 kgfm/litro","18,7 kgfm",4,1396 mm,555 kg,4600 mm,2700 mm,1764 mm,1335 kg,430 litros,70 litros,127 mm,Disco ventilado,Disco sólido,Hidráulica,,"Indep., McPherson",Mola helicoidal,"Indep., multibraço",805 km,525 km,"11,5 km/l","7,5 km/l",4,5500 rpm,4200 rpm,12 m,1500 mm,1500 mm,,,,,,,,,,,,"2,09 m²","0,627 m²",,,,,,,Correia dentada,,,,,"0,3",,,,,,,,,,,,,,,,,,,,,,,
peugeot,406,406,406-st-2-0-2000-gasolina,406-st-2-0-2000-gasolina,https://www.fichacompleta.com.br/carros/peugeot/406-st-2-0-2000-gasolina,2026-06-17T21:41:47.884017,Peugeot 406 ST 2.0 2000,"10,4 s",208 km/h,Embreagem monodisco a seco,Manual,BE3/5,,Dianteira,Injeção multiponto,Natural,,4 em linha,EW10J4,Duplo no cabeçote,88 mm,85 mm,Transversal,Dianteiro,"9,53 kg/cv","65,8 kg/kgfm","69,1 cv/litro",138 cv,"10,8:1",,"10,0 kgfm/litro",20 kgfm,4,1396 mm,600 kg,4600 mm,2700 mm,1764 mm,1315 kg,430 litros,70 litros,127 mm,Disco ventilado,Disco sólido,Hidráulica,,"Indep., McPherson",Mola helicoidal,"Indep., multibraço",840 km,560 km,12 km/l,8 km/l,5,6000 rpm,4100 rpm,12 m,1500 mm,1500 mm,,,,,Hidráulicos,,,,,,,"2,09 m²","0,627 m²",,,,,,,Correia dentada,,,,,"0,3",499 cm³,1997 cm³,10W-40 ³,,,,,,,,,,,,,,,,,,,,
peugeot,406,406,406-st-2-0-2001,406-st-2-0-2001,https://www.fichacompleta.com.br/carros/peugeot/406-st-2-0-2001,2026-06-17T21:41:51.232335,Peugeot 406 ST 2.0 2001,"14,1 s",198 km/h,Conversor de torque,Automático,AL4,4,Dianteira,Injeção multiponto,Natural,1997 cm³,4 em linha,XU10J4,"Duplo no cabeçote, correia dentada",86 mm,86 mm,Transversal,Dianteiro,"10,6 kg/cv","71,4 kg/kgfm","63,1 cv/litro",126 cv a 5500 rpm,11:1,6800 rpm,"9,4 kgfm/litro","18,7 kgfm a 4200 rpm",4,1396 mm,555 kg,4600 mm,2700 mm,1764 mm,1335 kg,430 litros,70 litros,127 mm,Disco ventilado,Disco sólido,Hidráulica,12 m,"Independente, McPherson",Mola helicoidal,"Independente, multibraço",805 km,525 km,"11,5 km/l","7,5 km/l",,,,,1500 mm,1500 mm,,,,,,,,,,,,"2,09 m²","0,627 m²","0,3",,,,,,,,,,,,,,,,,,,,,,,,,,,,,,,,,,
peugeot,406,406,406-st-2-0-2001-gasolina,406-st-2-0-2001-gasolina,https://www.fichacompleta.com.br/carros/peugeot/406-st-2-0-2001-gasolina,2026-06-17T21:41:55.451264,Peugeot 406 ST 2.0 2001,"10,4 s",208 km/h,Embreagem monodisco a seco,Manual,BE3/5,,Dianteira,Injeção multiponto,Natural,,4 em linha,EW10J4,Duplo no cabeçote,88 mm,85 mm,Transversal,Dianteiro,"9,53 kg/cv","65,8 kg/kgfm","69,1 cv/litro",138 cv,"10,8:1",,"10,0 kgfm/litro",20 kgfm,4,1396 mm,600 kg,4600 mm,2700 mm,1764 mm,1315 kg,430 litros,70 litros,127 mm,Disco ventilado,Disco sólido,Hidráulica,,"Indep., McPherson",Mola helicoidal,"Indep., multibraço",840 km,560 km,12 km/l,8 km/l,5,6000 rpm,4100 rpm,12 m,1500 mm,1500 mm,,,,,Hidráulicos,,,,,,,"2,09 m²","0,627 m²",,,,,,,Correia dentada,,,,,"0,3",499 cm³,1997 cm³,10W-40 ³,,,,,,,,,,,,,,,,,,,,
peugeot,406 Break,406-break,406-break-2-0-1999,406-break-2-0-1999,https://www.fichacompleta.com.br/carros/peugeot/406-break-2-0-1999,2026-06-17T21:42:13.688958,Peugeot 406 Break 2.0 1999,"10,8 s",208 km/h,Embreagem monodisco a seco,Manual,BE3/5,5,Dianteira,Injeção multiponto,Natural,1997 cm³,4 em linha,XU10J4,"Duplo no cabeçote, correia dentada",86 mm,86 mm,Transversal,Dianteiro,"10,7 kg/cv","77,0 kg/kgfm","67,6 cv/litro",135 cv a 5500 rpm,11:1,6800 rpm,"9,4 kgfm/litro","18,7 kgfm a 4200 rpm",4,1500 mm,630 kg,4730 mm,2700 mm,1764 mm,1440 kg,525 litros,70 litros,127 mm,Disco ventilado,Disco sólido,Hidráulica,12 m,"Independente, McPherson",Mola helicoidal,"Independente, multibraço",840 km,539 km,12 km/l,"7,7 km/l",,,,,1500 mm,1500 mm,,,,,,,,,,,,,,,,,,,,,,,,,,,,,,,,,,,,,,,,,,,,,,,,
peugeot,406 Break,406-break,406-break-2-0-2000,406-break-2-0-2000,https://www.fichacompleta.com.br/carros/peugeot/406-break-2-0-2000,2026-06-17T21:42:18.051568,Peugeot 406 Break 2.0 2000,"10,8 s",208 km/h,Embreagem monodisco a seco,Manual,BE3/5,,Dianteira,Injeção multiponto,Natural,1997 cm³,4 em linha,XU10J4,Duplo no cabeçote,86 mm,86 mm,Transversal,Dianteiro,"10,7 kg/cv","77,0 kg/kgfm","67,6 cv/litro",135 cv,11:1,6800 rpm,"9,4 kgfm/litro","18,7 kgfm",4,1500 mm,630 kg,4730 mm,2700 mm,1764 mm,1440 kg,525 litros,70 litros,127 mm,Disco ventilado,Disco sólido,Hidráulica,,"Indep., McPherson",Mola helicoidal,"Indep., multibraço",840 km,539 km,12 km/l,"7,7 km/l",5,5500 rpm,4200 rpm,12 m,1500 mm,1500 mm,,,,,,,,,,,,,,,,,,,,Correia dentada,,,,,,,,,,,,,,,,,,,,,,,,,,,,
peugeot,406 Break,406-break,406-break-2-0-2001,406-break-2-0-2001,https://www.fichacompleta.com.br/carros/peugeot/406-break-2-0-2001,2026-06-17T21:42:21.694036,Peugeot 406 Break 2.0 2001,"10,8 s",208 km/h,Embreagem monodisco a seco,Manual,BE3/5,,Dianteira,Injeção multiponto,Natural,1997 cm³,4 em linha,XU10J4,Duplo no cabeçote,86 mm,86 mm,Transversal,Dianteiro,"11,4 kg/cv","77,0 kg/kgfm","63,1 cv/litro",126 cv,11:1,6800 rpm,"9,4 kgfm/litro","18,7 kgfm",4,1500 mm,630 kg,4730 mm,2700 mm,1764 mm,1440 kg,525 litros,70 litros,127 mm,Disco ventilado,Disco sólido,Hidráulica,,"Indep., McPherson",Mola helicoidal,"Indep., multibraço",840 km,539 km,12 km/l,"7,7 km/l",5,5500 rpm,4200 rpm,12 m,1500 mm,1500 mm,,,,,,,,,,,,,,,,,,,,Correia dentada,,,,,,,,,,,,,,,,,,,,,,,,,,,,
peugeot,406 Break,406-break,406-break-2-0-2002,406-break-2-0-2002,https://www.fichacompleta.com.br/carros/peugeot/406-break-2-0-2002,2026-06-17T21:42:24.474543,Peugeot 406 Break 2.0 2002,"10,8 s",208 km/h,Embreagem monodisco a seco,Manual,BE3/5,,Dianteira,Injeção multiponto,Natural,1997 cm³,4 em linha,XU10J4,Duplo no cabeçote,86 mm,86 mm,Transversal,Dianteiro,"11,4 kg/cv","77,0 kg/kgfm","63,1 cv/litro",126 cv,11:1,6800 rpm,"9,4 kgfm/litro","18,7 kgfm",4,1500 mm,630 kg,4730 mm,2700 mm,1764 mm,1440 kg,525 litros,70 litros,127 mm,Disco ventilado,Disco sólido,Hidráulica,,"Indep., McPherson",Mola helicoidal,"Indep., multibraço",840 km,539 km,12 km/l,"7,7 km/l",5,5500 rpm,4200 rpm,12 m,1500 mm,1500 mm,,,,,,,,,,,,,,,,,,,,Correia dentada,,,,,,,,,,,,,,,,,,,,,,,,,,,,
peugeot,406 Break,406-break,406-break-2-0-2003,406-break-2-0-2003,https://www.fichacompleta.com.br/carros/peugeot/406-break-2-0-2003,2026-06-17T21:42:28.323528,Peugeot 406 Break 2.0 2003,"10,8 s",208 km/h,Embreagem monodisco a seco,Manual,BE3/5,,Dianteira,Injeção multiponto,Natural,1997 cm³,4 em linha,XU10J4,Duplo no cabeçote,86 mm,86 mm,Transversal,Dianteiro,"11,4 kg/cv","77,0 kg/kgfm","63,1 cv/litro",126 cv,11:1,6800 rpm,"9,4 kgfm/litro","18,7 kgfm",4,1500 mm,630 kg,4730 mm,2700 mm,1764 mm,1440 kg,525 litros,70 litros,127 mm,Disco ventilado,Disco sólido,Hidráulica,,"Indep., McPherson",Mola helicoidal,"Indep., multibraço",840 km,539 km,12 km/l,"7,7 km/l",5,5500 rpm,4200 rpm,12 m,1500 mm,1500 mm,,,,,,,,,,,,,,,,,,,,Correia dentada,,,,,,,,,,,,,,,,,,,,,,,,,,,,
peugeot,406 Coupe,406-coupe,406-coupe-3-0-v6-1998,406-coupe-3-0-v6-1998,https://www.fichacompleta.com.br/carros/peugeot/406-coupe-3-0-v6-1998,2026-06-17T21:42:46.204257,Peugeot 406 Coupe 3.0 V6 1998,"7,9 s",235 km/h,Embreagem monodisco a seco,Manual,BE3/5,5,Dianteira,Injeção multiponto,Natural,2946 cm³,6 em V,ES9J4,Duplo no cabeçote,"82,6 mm",87 mm,Transversal,Dianteiro,"7,5 kg/cv","53,4 kg/kgfm","65,9 cv/litro",194 cv a 5500 rpm,"10,5:1",6520 rpm,"9,3 kgfm/litro","27,3 kgfm a 4000 rpm",4,1354 mm,369 kg,4615 mm,2700 mm,1780 mm,1458 kg,390 litros,70 litros,118 mm,Disco ventilado,Disco sólido,Hidráulica,"11,7 m","Independente, McPherson",Mola helicoidal,"Independente, multibraço",679 km,455 km,"9,7 km/l","6,5 km/l",,,,,1511 mm,1525 mm,,,,,,,,,1300 kg,750 kg,,"2,05 m²","0,656 m²","0,32",,,,,125 mm,,,,,,,,,,,,,,,,,,,,,,,,,,,,,
peugeot,406 Coupe,406-coupe,406-coupe-3-0-v6-2001,406-coupe-3-0-v6-2001,https://www.fichacompleta.com.br/carros/peugeot/406-coupe-3-0-v6-2001,2026-06-17T21:42:50.186391,Peugeot 406 Coupe 3.0 V6 2001,"9,5 s",232 km/h,Conversor de torque,Automático,ZF 4HP,4,Dianteira,Injeção multiponto,Natural,2946 cm³,6 em V,ES9J4S,Duplo no cabeçote,"82,6 mm",87 mm,Transversal,Dianteiro,"7,1 kg/cv","51,0 kg/kgfm","70,3 cv/litro",207 cv,"10,9:1",,"9,8 kgfm/litro",29 kgfm,4,1354 mm,452 kg,4615 mm,2700 mm,1780 mm,1478 kg,390 litros,70 litros,118 mm,Disco ventilado,Disco sólido,Hidráulica,"11,7 m","Indep., McPherson",Mola helicoidal,"Indep., multibraço",749 km,469 km,"10,7 km/l","6,7 km/l",4,,,"11,7 m",1511 mm,1525 mm,,,6000 rpm,3750 rpm,,Admissão,,,1300 kg,750 kg,,"2,05 m²","0,656 m²","0,32",,,,,125 mm,,,,,,"0,32",,,,,,,,,,,,,,,,,,,,,,,
peugeot,406 Coupe,406-coupe,406-coupe-3-0-v6-2002,406-coupe-3-0-v6-2002,https://www.fichacompleta.com.br/carros/peugeot/406-coupe-3-0-v6-2002,2026-06-17T21:42:54.258465,Peugeot 406 Coupe 3.0 V6 2002,"9,5 s",232 km/h,Conversor de torque,Automático,ZF 4HP,,Dianteira,Injeção multiponto,Natural,2946 cm³,6 em V,ES9J4S,Duplo no cabeçote,"82,6 mm",87 mm,Transversal,Dianteiro,"7,1 kg/cv","51,0 kg/kgfm","70,3 cv/litro",,"10,9:1",,"9,8 kgfm/litro",,4,1354 mm,452 kg,4615 mm,2700 mm,1780 mm,1478 kg,390 litros,70 litros,118 mm,Disco ventilado,Disco sólido,Hidráulica,,"Indep., McPherson",Mola helicoidal,"Indep., multibraço",749 km,469 km,"10,7 km/l","6,7 km/l",4,,,"11,7 m",1511 mm,1525 mm,,,6000 rpm,3750 rpm,,Admissão,,,1300 kg,750 kg,,"2,05 m²","0,656 m²",,,,,,125 mm,,,,,,"0,32",,,,,,,,,,207 cv,29 kgfm,,,,,,,,,,,,
peugeot,407,407,407-2-0-2005,407-2-0-2005,https://www.fichacompleta.com.br/carros/peugeot/407-2-0-2005,2026-06-17T21:43:12.778726,Peugeot 407 2.0 2005,"10,9 s",206 km/h,Conversor de torque,Automático,AL4,4,Dianteira,Injeção multiponto,Natural,1997 cm³,4 em linha,EW10J4,Duplo no cabeçote,88 mm,85 mm,Transversal,Dianteiro,"11,7 kg/cv","84,5 kg/kgfm","69,1 cv/litro",138 cv,"10,8:1",,"9,6 kgfm/litro","19,1 kgfm",4,1447 mm,407 kg,4676 mm,2725 mm,1811 mm,1613 kg,468 litros,66 litros,123 mm,Disco ventilado,Disco sólido,Hidráulica,12 m,"Indep., braços sobrepostos",Mola helicoidal,"Indep., multibraço",792 km,561 km,12 km/l,"8,5 km/l",4,,,12 m,,,,,6000 rpm,4100 rpm,Hidráulicos,,,,,,,"2,23 m²","0,647 m²","0,29",,,,,,Correia dentada,,,,,"0,29",,,,,,,,,,,,,,,,,,,,,,,
peugeot,407,407,407-3-0-v6-2005,407-3-0-v6-2005,https://www.fichacompleta.com.br/carros/peugeot/407-3-0-v6-2005,2026-06-17T21:43:17.213422,Peugeot 407 3.0 V6 2005,"8,4 s",235 km/h,Conversor de torque,Automático,Aisin TF-80SC,6,Dianteira,Injeção multiponto,Natural,2946 cm³,6 em V,ES9A,Duplo no cabeçote,"86,2 mm",87 mm,Transversal,Dianteiro,"8,2 kg/cv","58,4 kg/kgfm","71,6 cv/litro",211 cv,"10,9:1",,"10,0 kgfm/litro","29,6 kgfm",4,1447 mm,411 kg,4676 mm,2725 mm,1811 mm,1729 kg,468 litros,66 litros,118 mm,Disco ventilado,Disco sólido,Hidráulica,12 m,"Indep., braços sobrepostos",Mola helicoidal,"Indep., multibraço",680 km,521 km,"10,3 km/l","7,9 km/l",6,,,12 m,,,,,6000 rpm,3750 rpm,,Admissão,,,,,,"2,23 m²","0,647 m²","0,29",,,,,,,,,,,"0,29",,,,,,,,,,,,,,,,,,,,,,,
peugeot,407,407,407-2-0-2006,407-2-0-2006,https://www.fichacompleta.com.br/carros/peugeot/407-2-0-2006,2026-06-17T21:43:20.930389,Peugeot 407 2.0 2006,"10,9 s",206 km/h,Conversor de torque,Automático,AL4,,Dianteira,Injeção multiponto,Natural,1997 cm³,4 em linha,EW10J4,Duplo no cabeçote,88 mm,85 mm,Transversal,Dianteiro,"11,7 kg/cv","84,5 kg/kgfm","69,1 cv/litro",138 cv,"10,8:1",,"9,6 kgfm/litro","19,1 kgfm",4,1447 mm,407 kg,4676 mm,2725 mm,1811 mm,1613 kg,468 litros,66 litros,123 mm,Disco ventilado,Disco sólido,Hidráulica,,"Indep., braços sobrepostos",Mola helicoidal,"Indep., multibraço",792 km,561 km,12 km/l,"8,5 km/l",4,6000 rpm,4100 rpm,12 m,,,,,,,Hidráulicos,,,,,,,"2,23 m²","0,647 m²",,,,,,,Correia dentada,,,,,"0,29",,,,,,,,,,,,,,,,,,,,,,,
peugeot,407,407,407-3-0-v6-2006,407-3-0-v6-2006,https://www.fichacompleta.com.br/carros/peugeot/407-3-0-v6-2006,2026-06-17T21:43:25.304772,Peugeot 407 3.0 V6 2006,"8,4 s",235 km/h,Conversor de torque,Automático,Aisin TF-80SC,,Dianteira,Injeção multiponto,Natural,2946 cm³,6 em V,ES9A,Duplo no cabeçote,"86,2 mm",87 mm,Transversal,Dianteiro,"8,2 kg/cv","58,4 kg/kgfm","71,6 cv/litro",211 cv,"10,9:1",,"10,0 kgfm/litro","29,6 kgfm",4,1447 mm,411 kg,4676 mm,2725 mm,1811 mm,1729 kg,468 litros,66 litros,118 mm,Disco ventilado,Disco sólido,Hidráulica,,"Indep., braços sobrepostos",Mola helicoidal,"Indep., multibraço",680 km,521 km,"10,3 km/l","7,9 km/l",6,6000 rpm,3750 rpm,12 m,,,,,,,,Admissão,,,,,,"2,23 m²","0,647 m²",,,,,,,,,,,,"0,29",,,,,,,,,,,,,,,,,,,,,,,
peugeot,407,407,407-2-0-2007,407-2-0-2007,https://www.fichacompleta.com.br/carros/peugeot/407-2-0-2007,2026-06-17T21:43:29.726549,Peugeot 407 2.0 2007,"10,9 s",206 km/h,Conversor de torque,Automático,AL4,,Dianteira,Injeção multiponto,Natural,1997 cm³,4 em linha,EW10J4,Duplo no cabeçote,88 mm,85 mm,Transversal,Dianteiro,"11,7 kg/cv","84,5 kg/kgfm","69,1 cv/litro",138 cv,"10,8:1",,"9,6 kgfm/litro","19,1 kgfm",4,1447 mm,407 kg,4676 mm,2725 mm,1811 mm,1613 kg,468 litros,66 litros,123 mm,Disco ventilado,Disco sólido,Hidráulica,,"Indep., braços sobrepostos",Mola helicoidal,"Indep., multibraço",792 km,561 km,12 km/l,"8,5 km/l",4,6000 rpm,4100 rpm,12 m,,,,,,,Hidráulicos,,,,,,,"2,23 m²","0,647 m²",,,,,,,Correia dentada,,,,,"0,29",,,,,,,,,,,,,,,,,,,,,,,
peugeot,407,407,407-3-0-v6-2007,407-3-0-v6-2007,https://www.fichacompleta.com.br/carros/peugeot/407-3-0-v6-2007,2026-06-17T21:43:32.400132,Peugeot 407 3.0 V6 2007,"8,4 s",235 km/h,Conversor de torque,Automático,Aisin TF-80SC,,Dianteira,Injeção multiponto,Natural,2946 cm³,6 em V,ES9A,Duplo no cabeçote,"86,2 mm",87 mm,Transversal,Dianteiro,"8,2 kg/cv","58,4 kg/kgfm","71,6 cv/litro",211 cv,"10,9:1",,"10,0 kgfm/litro","29,6 kgfm",4,1447 mm,411 kg,4676 mm,2725 mm,1811 mm,1729 kg,468 litros,66 litros,118 mm,Disco ventilado,Disco sólido,Hidráulica,,"Indep., braços sobrepostos",Mola helicoidal,"Indep., multibraço",680 km,521 km,"10,3 km/l","7,9 km/l",6,6000 rpm,3750 rpm,12 m,,,,,,,,Admissão,,,,,,"2,23 m²","0,647 m²",,,,,,,,,,,,"0,29",,,,,,,,,,,,,,,,,,,,,,,
peugeot,407,407,407-allure-2-0-2007,407-allure-2-0-2007,https://www.fichacompleta.com.br/carros/peugeot/407-allure-2-0-2007,2026-06-17T21:43:35.336056,Peugeot 407 Allure 2.0 2007,"10,5 s",207 km/h,Conversor de torque,Automático,AL4,,Dianteira,Injeção multiponto,Natural,1997 cm³,4 em linha,EW10A,Duplo no cabeçote,88 mm,85 mm,Transversal,Dianteiro,"11,3 kg/cv","80,7 kg/kgfm","71,6 cv/litro",,"10,8:1",,"10,0 kgfm/litro",,4,1447 mm,407 kg,4676 mm,2725 mm,1811 mm,1613 kg,468 litros,66 litros,123 mm,Disco ventilado,Disco sólido,Hidráulica,,"Indep., braços sobrepostos",Mola helicoidal,"Indep., multibraço",792 km,561 km,12 km/l,"8,5 km/l",4,,,12 m,,,,,6000 rpm,4100 rpm,Hidráulicos,Admissão,,,,,,"2,23 m²","0,647 m²",,,,,,,Correia dentada,,,,,"0,29",,,,,,,,,,143 cv,20 kgfm,,,,,,,,,,,,
peugeot,407,407,407-allure-2-0-2008,407-allure-2-0-2008,https://www.fichacompleta.com.br/carros/peugeot/407-allure-2-0-2008,2026-06-17T21:43:38.610645,Peugeot 407 Allure 2.0 2008,"10,5 s",207 km/h,Conversor de torque,Automático,AL4,4,Dianteira,Injeção multiponto,Natural,1997 cm³,4 em linha,EW10A,"Duplo no cabeçote, correia dentada",88 mm,85 mm,Transversal,Dianteiro,"11,3 kg/cv","80,7 kg/kgfm","71,6 cv/litro",143 cv a 6000 rpm,"10,8:1",,"10,0 kgfm/litro",20 kgfm a 4100 rpm,4,1447 mm,407 kg,4676 mm,2725 mm,1811 mm,1613 kg,468 litros,66 litros,123 mm,Disco ventilado,Disco sólido,Hidráulica,12 m,"Independente, braços sobrepostos",Mola helicoidal,"Independente, multibraço",792 km,561 km,12 km/l,"8,5 km/l",,,,,,,,,,,Hidráulicos,Admissão,,,,,,"2,23 m²","0,647 m²","0,29",,,,,,,,,,,,,,,,,,,,,,,,,,,,,,,,,,
peugeot,407,407,407-feline-3-0-v6-2008,407-feline-3-0-v6-2008,https://www.fichacompleta.com.br/carros/peugeot/407-feline-3-0-v6-2008,2026-06-17T21:43:42.608597,Peugeot 407 Feline 3.0 V6 2008,"8,4 s",235 km/h,Conversor de torque,Automático,Aisin TF-80SC,6,Dianteira,Injeção multiponto,Natural,2946 cm³,6 em V,ES9A,Duplo no cabeçote,"86,2 mm",87 mm,Transversal,Dianteiro,"8,2 kg/cv","59,6 kg/kgfm","71,6 cv/litro",211 cv a 6000 rpm,"10,9:1",,"9,8 kgfm/litro",29 kgfm a 3750 rpm,4,1447 mm,411 kg,4676 mm,2725 mm,1811 mm,1729 kg,468 litros,66 litros,118 mm,Disco ventilado,Disco sólido,Hidráulica,12 m,"Independente, braços sobrepostos",Mola helicoidal,"Independente, multibraço",680 km,521 km,"10,3 km/l","7,9 km/l",,,,,,,,,,,,Admissão,,,,,,"2,23 m²","0,647 m²","0,29",,,,,,,,,,,,,,,,,,,,,,,,,,,,,,,,,,
peugeot,407,407,407-allure-2-0-2009,407-allure-2-0-2009,https://www.fichacompleta.com.br/carros/peugeot/407-allure-2-0-2009,2026-06-17T21:43:46.231534,Peugeot 407 Allure 2.0 2009,"10,5 s",207 km/h,Conversor de torque,Automático,AL4,,Dianteira,Injeção multiponto,Natural,1997 cm³,4 em linha,EW10A,Duplo no cabeçote,88 mm,85 mm,Transversal,Dianteiro,"11,3 kg/cv","80,7 kg/kgfm","71,6 cv/litro",143 cv,"10,8:1",,"10,0 kgfm/litro",20 kgfm,4,1447 mm,407 kg,4676 mm,2725 mm,1811 mm,1613 kg,468 litros,66 litros,123 mm,Disco ventilado,Disco sólido,Hidráulica,,"Indep., braços sobrepostos",Mola helicoidal,"Indep., multibraço",792 km,561 km,12 km/l,"8,5 km/l",4,6000 rpm,4100 rpm,12 m,,,,,,,Hidráulicos,Admissão,,,,,,"2,23 m²","0,647 m²",,,,,,,Correia dentada,,,,,"0,29",,,,,,,,,,,,,,,,,,,,,,,
peugeot,407,407,407-feline-3-0-v6-2009,407-feline-3-0-v6-2009,https://www.fichacompleta.com.br/carros/peugeot/407-feline-3-0-v6-2009,2026-06-17T21:43:50.514447,Peugeot 407 Feline 3.0 V6 2009,"8,4 s",235 km/h,Conversor de torque,Automático,Aisin TF-80SC,6,Dianteira,Injeção multiponto,Natural,2946 cm³,6 em V,ES9A,Duplo no cabeçote,"86,2 mm",87 mm,Transversal,Dianteiro,"8,2 kg/cv","59,6 kg/kgfm","71,6 cv/litro",211 cv a 6000 rpm,"10,9:1",,"9,8 kgfm/litro",29 kgfm a 3750 rpm,4,1447 mm,411 kg,4676 mm,2725 mm,1811 mm,1729 kg,468 litros,66 litros,118 mm,Disco ventilado,Disco sólido,Hidráulica,12 m,"Independente, braços sobrepostos",Mola helicoidal,"Independente, multibraço",680 km,521 km,"10,3 km/l","7,9 km/l",,,,,,,,,,,,Admissão,,,,,,"2,23 m²","0,647 m²","0,29",,,,,,,,,,,,,,,,,,,,,,,,,,,,,,,,,,
peugeot,407 Sw,407-sw,407-sw-3-0-v6-2005,407-sw-3-0-v6-2005,https://www.fichacompleta.com.br/carros/peugeot/407-sw-3-0-v6-2005,2026-06-17T21:44:09.178747,Peugeot 407 Sw 3.0 V6 2005,"8,7 s",229 km/h,Conversor de torque,Automático,Aisin TF-80SC,6,Dianteira,Injeção multiponto,Natural,2946 cm³,6 em V,ES9A,Duplo no cabeçote,"86,2 mm",87 mm,Transversal,Dianteiro,"8,5 kg/cv","60,5 kg/kgfm","71,6 cv/litro",211 cv,"10,9:1",,"10,0 kgfm/litro","29,6 kgfm",4,1488 mm,403 kg,4763 mm,2725 mm,1811 mm,1792 kg,489 litros,66 litros,118 mm,Disco ventilado,Disco sólido,Hidráulica,12 m,"Indep., braços sobrepostos",Mola helicoidal,"Indep., multibraço",667 km,508 km,"10,1 km/l","7,7 km/l",6,,,12 m,,,,,6000 rpm,3750 rpm,,Admissão,,,,,,,,,,,,,,,,,,,,,,,,,,,,,,,,,,,,,,,,,,
peugeot,407 Sw,407-sw,407-sw-2-0-2006,407-sw-2-0-2006,https://www.fichacompleta.com.br/carros/peugeot/407-sw-2-0-2006,2026-06-17T21:44:13.368881,Peugeot 407 Sw 2.0 2006,"11,2 s",201 km/h,Conversor de torque,Automático,AL4,,Dianteira,Injeção multiponto,Natural,1997 cm³,4 em linha,EW10J4,Duplo no cabeçote,88 mm,85 mm,Transversal,Dianteiro,"11,9 kg/cv","86,1 kg/kgfm","69,1 cv/litro",138 cv,"10,8:1",,"9,6 kgfm/litro","19,1 kgfm",4,1488 mm,460 kg,4763 mm,2725 mm,1811 mm,1645 kg,489 litros,66 litros,123 mm,Disco ventilado,Disco sólido,Hidráulica,,"Indep., braços sobrepostos",Mola helicoidal,"Indep., multibraço",726 km,528 km,11 km/l,8 km/l,4,,,12 m,,,,,6000 rpm,4100 rpm,Hidráulicos,,,,,,,,,,,,,,,Correia dentada,,,,,,,,,,,,,,,,,,,,,,,,,,,,
peugeot,407 Sw,407-sw,407-sw-2-0-2007,407-sw-2-0-2007,https://www.fichacompleta.com.br/carros/peugeot/407-sw-2-0-2007,2026-06-17T21:44:16.315992,Peugeot 407 Sw 2.0 2007,"11,2 s",201 km/h,Conversor de torque,Automático,AL4,4,Dianteira,Injeção multiponto,Natural,1997 cm³,4 em linha,EW10J4,"Duplo no cabeçote, correia dentada",,,Transversal,Dianteiro,"11,9 kg/cv","86,1 kg/kgfm","69,1 cv/litro",138 cv a 6000 rpm,"10,8:1",,"9,6 kgfm/litro","19,1 kgfm a 4100 rpm",4,1488 mm,460 kg,4763 mm,2725 mm,1811 mm,1645 kg,489 litros,66 litros,123 mm,205/60 R16,Disco sólido,Hidráulica,12 m,"Independente, braços sobrepostos",Mola helicoidal,"Independente, multibraço",726 km,528 km,11 km/l,8 km/l,,,,,,,88 mm,85 mm,,,Hidráulicos,,,,,,,,,,,,,,,,,,,,,,,,,,,,,,,,,,,,,,,,,,,
peugeot,407 Sw,407-sw,407-sw-feline-3-0-v6-2007,407-sw-feline-3-0-v6-2007,https://www.fichacompleta.com.br/carros/peugeot/407-sw-feline-3-0-v6-2007,2026-06-17T21:44:20.796967,Peugeot 407 Sw Feline 3.0 V6 2007,"8,7 s",229 km/h,Conversor de torque,Automático,Aisin TF-80SC,,Dianteira,Injeção multiponto,Natural,2946 cm³,6 em V,ES9A,Duplo no cabeçote,"86,2 mm",87 mm,Transversal,Dianteiro,"8,5 kg/cv","60,5 kg/kgfm","71,6 cv/litro",,"10,9:1",,"10,0 kgfm/litro",,4,1488 mm,403 kg,4763 mm,2725 mm,1811 mm,1792 kg,489 litros,66 litros,118 mm,Disco ventilado,Disco sólido,Hidráulica,,"Indep., braços sobrepostos",Mola helicoidal,"Indep., multibraço",667 km,508 km,"10,1 km/l","7,7 km/l",6,,,12 m,,,,,6000 rpm,3750 rpm,,Admissão,,,,,,,,,,,,,,,,,,,,,,,,,,,,,211 cv,"29,6 kgfm",,,,,,,,,,,,
peugeot,407 Sw,407-sw,407-sw-allure-2-0-2008,407-sw-allure-2-0-2008,https://www.fichacompleta.com.br/carros/peugeot/407-sw-allure-2-0-2008,2026-06-17T21:44:23.910047,Peugeot 407 Sw Allure 2.0 2008,"11,2 s",201 km/h,Conversor de torque,Automático,AL4,4,Dianteira,Injeção multiponto,Natural,1997 cm³,4 em linha,EW10A,"Duplo no cabeçote, correia dentada",88 mm,85 mm,Transversal,Dianteiro,"11,5 kg/cv","82,3 kg/kgfm","71,6 cv/litro",143 cv a 6000 rpm,"10,8:1",,"10,0 kgfm/litro",20 kgfm a 4100 rpm,4,1488 mm,460 kg,4763 mm,2725 mm,1811 mm,1645 kg,489 litros,66 litros,123 mm,Disco ventilado,Disco sólido,Hidráulica,12 m,"Independente, braços sobrepostos",Mola helicoidal,"Independente, multibraço",726 km,528 km,11 km/l,8 km/l,,,,,,,,,,,Hidráulicos,Admissão,,,,,,,,,,,,,,,,,,,,,,,,,,,,,,,,,,,,,,,,,,
peugeot,407 Sw,407-sw,407-sw-feline-3-0-v6-2008,407-sw-feline-3-0-v6-2008,https://www.fichacompleta.com.br/carros/peugeot/407-sw-feline-3-0-v6-2008,2026-06-17T21:44:28.661508,Peugeot 407 Sw Feline 3.0 V6 2008,"8,7 s",229 km/h,Conversor de torque,Automático,Aisin TF-80SC,6,Dianteira,Injeção multiponto,Natural,2946 cm³,6 em V,ES9A,Duplo no cabeçote,"86,2 mm",87 mm,Transversal,Dianteiro,"8,5 kg/cv","61,8 kg/kgfm","71,6 cv/litro",211 cv a 6000 rpm,"10,9:1",,"9,8 kgfm/litro",29 kgfm a 3750 rpm,4,1488 mm,403 kg,4763 mm,2725 mm,1811 mm,1792 kg,489 litros,66 litros,118 mm,Disco ventilado,Disco sólido,Hidráulica,12 m,"Independente, braços sobrepostos",Mola helicoidal,"Independente, multibraço",667 km,508 km,"10,1 km/l","7,7 km/l",,,,,,,,,,,,Admissão,,,,,,,,,,,,,,,,,,,,,,,,,,,,,,,,,,,,,,,,,,
peugeot,407 Sw,407-sw,407-sw-feline-3-0-v6-2009,407-sw-feline-3-0-v6-2009,https://www.fichacompleta.com.br/carros/peugeot/407-sw-feline-3-0-v6-2009,2026-06-17T21:44:31.918105,Peugeot 407 Sw Feline 3.0 V6 2009,"8,7 s",229 km/h,Conversor de torque,Automático,Aisin TF-80SC,,Dianteira,Injeção multiponto,Natural,2946 cm³,6 em V,ES9A,Duplo no cabeçote,"86,2 mm",87 mm,Transversal,Dianteiro,"8,5 kg/cv","60,5 kg/kgfm","71,6 cv/litro",211 cv,"10,9:1",,"10,0 kgfm/litro","29,6 kgfm",4,1488 mm,403 kg,4763 mm,2725 mm,1811 mm,1792 kg,489 litros,66 litros,118 mm,Disco ventilado,Disco sólido,Hidráulica,,"Indep., braços sobrepostos",Mola helicoidal,"Indep., multibraço",667 km,508 km,"10,1 km/l","7,7 km/l",6,6000 rpm,3750 rpm,12 m,,,,,,,,Admissão,,,,,,,,,,,,,,,,,,,,,,,,,,,,,,,,,,,,,,,,,,
peugeot,408,408,408-allure-2-0-2011,408-allure-2-0-2011,https://www.fichacompleta.com.br/carros/peugeot/408-allure-2-0-2011,2026-06-17T21:44:49.369769,Peugeot 408 Allure 2.0 2011,"10,4 s",212 km/h,Embreagem monodisco a seco,Manual,,5,Dianteira,Injeção multiponto,Natural,1997 cm³,4 em linha,EW10A,"Duplo no cabeçote, correia dentada",88 mm,85 mm,Transversal,Dianteiro,"9,7 kg/cv","66,7 kg/kgfm","75,6 cv/litro",151 cv (A) 143 cv (G) a 6000 rpm,"10,8:1",,"11,0 kgfm/litro",22 kgfm (A) 20 kgfm (G) a 4000 rpm,4,1519 mm,,4690 mm,2710 mm,1815 mm,1468 kg,526 litros,60 litros,113 mm,Disco ventilado,Disco sólido,Eletro-hidráulica,Não informado,"Independente, McPherson",Mola helicoidal,Eixo de torção,666 km,534 km,"11,1 km/l","8,9 km/l",,,,,,,,,,,Hidráulicos,Admissão,,,,,205/55 R16,"2,34 m²","0,721 m²","0,308",456 km,372 km,"7,6 km/l","6,2 km/l",,,,,,,,,,,,,,,,,,,,,,,,,,,,,,
peugeot,408,408,408-allure-2-0-at-2011,408-allure-2-0-at-2011,https://www.fichacompleta.com.br/carros/peugeot/408-allure-2-0-at-2011,2026-06-17T21:44:53.753762,Peugeot 408 Allure 2.0 AT 2011,"11,9 s",208 km/h,Conversor de torque,Automático,AT8,4,Dianteira,Injeção multiponto,Natural,1997 cm³,4 em linha,EW10A,"Duplo no cabeçote, correia dentada",88 mm,85 mm,Transversal,Dianteiro,"10,1 kg/cv","69,3 kg/kgfm","75,6 cv/litro",151 cv (A) 143 cv (G) a 6000 rpm,"10,8:1",,"11,0 kgfm/litro",22 kgfm (A) 20 kgfm (G) a 4000 rpm,4,1519 mm,,4690 mm,2710 mm,1815 mm,1524 kg,526 litros,60 litros,113 mm,Disco ventilado,Disco sólido,Eletro-hidráulica,Não informado,"Independente, McPherson",Mola helicoidal,Eixo de torção,696 km,474 km,"11,6 km/l","7,9 km/l",,,,,,,,,,,Hidráulicos,Admissão,,,,,205/55 R16,"2,34 m²","0,721 m²","0,308",456 km,366 km,"7,6 km/l","6,1 km/l",,,,,,,,,,,,,,,,,,,,,,,,,,,,,,
peugeot,408,408,408-feline-2-0-at-2011,408-feline-2-0-at-2011,https://www.fichacompleta.com.br/carros/peugeot/408-feline-2-0-at-2011,2026-06-17T21:44:56.398295,Peugeot 408 Feline 2.0 AT 2011,"11,9 s",208 km/h,Conversor de torque,Automático,AT8,4,Dianteira,Injeção multiponto,Natural,1997 cm³,4 em linha,EW10A,Duplo no cabeçote,88 mm,85 mm,Transversal,Dianteiro,"10,1 kg/cv","69,3 kg/kgfm","75,6 cv/litro",151 cv (A) 143 cv (G) a 6000 rpm,"10,8:1",,"11,0 kgfm/litro",22 kgfm (A) 20 kgfm (G) a 4000 rpm,4,1519 mm,400 kg,4690 mm,2710 mm,1815 mm,1524 kg,526 litros,60 litros,101 mm,Disco ventilado,Disco sólido,Eletro-hidráulica,Não informado,"Indep., McPherson",Mola helicoidal,Eixo de torção,696 km,474 km,"11,6 km/l","7,9 km/l",4,,,Não informado,1532 mm,1513 mm,,,6000 rpm,4000 rpm,Hidráulicos,Admissão,,,,,205/55 R16,"2,34 m²","0,721 m²","0,308",456 km,366 km,"7,6 km/l","6,1 km/l",,Correia dentada,151 cv,143 cv,22 kgfm,20 kgfm,"0,308",,,,,,,,,,,,,,,,,,,,,,,
peugeot,408,408,408-griffe-2-0-at-2011,408-griffe-2-0-at-2011,https://www.fichacompleta.com.br/carros/peugeot/408-griffe-2-0-at-2011,2026-06-17T21:44:59.253536,Peugeot 408 Griffe 2.0 AT 2011,"11,9 s",208 km/h,Conversor de torque,Automático,AT8,4,Dianteira,Injeção multiponto,Natural,1997 cm³,4 em linha,EW10A,"Duplo no cabeçote, correia dentada",88 mm,85 mm,Transversal,Dianteiro,"10,1 kg/cv","69,3 kg/kgfm","75,6 cv/litro",151 cv (A) 143 cv (G) a 6000 rpm,"10,8:1",,"11,0 kgfm/litro",22 kgfm (A) 20 kgfm (G) a 4000 rpm,4,1519 mm,,4690 mm,2710 mm,1815 mm,1524 kg,526 litros,60 litros,101 mm,Disco ventilado,Disco sólido,Eletro-hidráulica,Não informado,"Independente, McPherson",Mola helicoidal,Eixo de torção,696 km,474 km,"11,6 km/l","7,9 km/l",,,,,,,,,,,Hidráulicos,Admissão,,,,,205/55 R16,"2,34 m²","0,721 m²","0,308",456 km,366 km,"7,6 km/l","6,1 km/l",,,,,,,,,,,,,,,,,,,,,,,,,,,,,,
peugeot,408,408,408-allure-2-0-2012,408-allure-2-0-2012,https://www.fichacompleta.com.br/carros/peugeot/408-allure-2-0-2012,2026-06-17T21:45:03.887192,Peugeot 408 Allure 2.0 2012,"10,4 s",212 km/h,Embreagem monodisco a seco,Manual,,5,Dianteira,Injeção multiponto,Natural,1997 cm³,4 em linha,EW10A,"Duplo no cabeçote, correia dentada",88 mm,85 mm,Transversal,Dianteiro,"9,7 kg/cv","66,7 kg/kgfm","75,6 cv/litro",151 cv (A) 143 cv (G) a 6000 rpm,"10,8:1",,"11,0 kgfm/litro",22 kgfm (A) 20 kgfm (G) a 4000 rpm,4,1519 mm,,4690 mm,2710 mm,1815 mm,1468 kg,526 litros,60 litros,113 mm,Disco ventilado,Disco sólido,Eletro-hidráulica,Não informado,"Independente, McPherson",Mola helicoidal,Eixo de torção,666 km,534 km,"11,1 km/l","8,9 km/l",,,,,,,,,,,Hidráulicos,Admissão,,,,,205/55 R16,"2,34 m²","0,721 m²","0,308",456 km,372 km,"7,6 km/l","6,2 km/l",,,,,,,,,,,,,,,,,,,,,,,,,,,,,,
peugeot,408,408,408-allure-2-0-at-2012,408-allure-2-0-at-2012,https://www.fichacompleta.com.br/carros/peugeot/408-allure-2-0-at-2012,2026-06-17T21:45:07.485565,Peugeot 408 Allure 2.0 AT 2012,"11,9 s",208 km/h,Conversor de torque,Automático,AT8,4,Dianteira,Injeção multiponto,Natural,1997 cm³,4 em linha,EW10A,"Duplo no cabeçote, correia dentada",88 mm,85 mm,Transversal,Dianteiro,"10,1 kg/cv","69,3 kg/kgfm","75,6 cv/litro",151 cv (A) 143 cv (G) a 6000 rpm,"10,8:1",,"11,0 kgfm/litro",22 kgfm (A) 20 kgfm (G) a 4000 rpm,4,1519 mm,,4690 mm,2710 mm,1815 mm,1524 kg,526 litros,60 litros,113 mm,Disco ventilado,Disco sólido,Eletro-hidráulica,Não informado,"Independente, McPherson",Mola helicoidal,Eixo de torção,696 km,474 km,"11,6 km/l","7,9 km/l",,,,,,,,,,,Hidráulicos,Admissão,,,,,205/55 R16,"2,34 m²","0,721 m²","0,308",456 km,366 km,"7,6 km/l","6,1 km/l",,,,,,,,,,,,,,,,,,,,,,,,,,,,,,
peugeot,408,408,408-feline-2-0-at-2012,408-feline-2-0-at-2012,https://www.fichacompleta.com.br/carros/peugeot/408-feline-2-0-at-2012,2026-06-17T21:45:11.614540,Peugeot 408 Feline 2.0 AT 2012,"11,9 s",208 km/h,Conversor de torque,Automático,AT8,4,Dianteira,Injeção multiponto,Natural,1997 cm³,4 em linha,EW10A,"Duplo no cabeçote, correia dentada",88 mm,85 mm,Transversal,Dianteiro,"10,1 kg/cv","69,3 kg/kgfm","75,6 cv/litro",151 cv (A) 143 cv (G) a 6000 rpm,"10,8:1",,"11,0 kgfm/litro",22 kgfm (A) 20 kgfm (G) a 4000 rpm,4,1519 mm,,4690 mm,2710 mm,1815 mm,1524 kg,526 litros,60 litros,101 mm,Disco ventilado,Disco sólido,Eletro-hidráulica,Não informado,"Independente, McPherson",Mola helicoidal,Eixo de torção,696 km,474 km,"11,6 km/l","7,9 km/l",,,,,,,,,,,Hidráulicos,Admissão,,,,,205/55 R16,"2,34 m²","0,721 m²","0,308",456 km,366 km,"7,6 km/l","6,1 km/l",,,,,,,,,,,,,,,,,,,,,,,,,,,,,,
peugeot,408,408,408-griffe-1-6-turbo-at-2012,408-griffe-1-6-turbo-at-2012,https://www.fichacompleta.com.br/carros/peugeot/408-griffe-1-6-turbo-at-2012,2026-06-17T21:45:15.534051,Peugeot 408 Griffe 1.6 Turbo AT 2012,"8,8 s",213 km/h,Conversor de torque,Automático,Aisin TF-70SC,6,Dianteira,Injeção direta,Turbocompressor,1598 cm³,4 em linha,EP6CDT M,Duplo no cabeçote,"85,8 mm",77 mm,Transversal,Dianteiro,"9,3 kg/cv","62,3 kg/kgfm","103,3 cv/litro",165 cv,"10,5:1",6800 rpm,"15,3 kgfm/litro","24,5 kgfm",4,1519 mm,400 kg,4690 mm,2710 mm,1815 mm,1527 kg,526 litros,60 litros,101 mm,Disco ventilado,Disco sólido,Eletro-hidráulica,Não informado,"Indep., McPherson",Mola helicoidal,Eixo de torção,672 km,600 km,"11,2 km/l",10 km/l,6,,,Não informado,1532 mm,1513 mm,,,6000 rpm,1400 rpm,Hidráulicos,Admissão,,,,,205/55 R16,"2,34 m²","0,721 m²","0,308",,,,,,Corrente,,,,,"0,308",,,,,,,,,,,,,,,,,,,,,,,
peugeot,408,408,408-griffe-2-0-at-2012,408-griffe-2-0-at-2012,https://www.fichacompleta.com.br/carros/peugeot/408-griffe-2-0-at-2012,2026-06-17T21:45:19.498137,Peugeot 408 Griffe 2.0 AT 2012,"11,9 s",208 km/h,Conversor de torque,Automático,AT8,4,Dianteira,Injeção multiponto,Natural,1997 cm³,4 em linha,EW10A,"Duplo no cabeçote, correia dentada",88 mm,85 mm,Transversal,Dianteiro,"10,1 kg/cv","69,3 kg/kgfm","75,6 cv/litro",151 cv (A) 143 cv (G) a 6000 rpm,"10,8:1",,"11,0 kgfm/litro",22 kgfm (A) 20 kgfm (G) a 4000 rpm,4,1519 mm,,4690 mm,2710 mm,1815 mm,1524 kg,526 litros,60 litros,101 mm,Disco ventilado,Disco sólido,Eletro-hidráulica,Não informado,"Independente, McPherson",Mola helicoidal,Eixo de torção,696 km,474 km,"11,6 km/l","7,9 km/l",,,,,,,,,,,Hidráulicos,Admissão,,,,,205/55 R16,"2,34 m²","0,721 m²","0,308",456 km,366 km,"7,6 km/l","6,1 km/l",,,,,,,,,,,,,,,,,,,,,,,,,,,,,,
peugeot,408,408,408-limited-2-0-at-2012,408-limited-2-0-at-2012,https://www.fichacompleta.com.br/carros/peugeot/408-limited-2-0-at-2012,2026-06-17T21:45:23.393516,Peugeot 408 Limited 2.0 AT 2012,"11,9 s",208 km/h,Conversor de torque,Automático,AT8,4,Dianteira,Injeção multiponto,Natural,1997 cm³,4 em linha,EW10A,"Duplo no cabeçote, correia dentada",88 mm,85 mm,Transversal,Dianteiro,"10,1 kg/cv","69,3 kg/kgfm","75,6 cv/litro",151 cv (A) 143 cv (G) a 6000 rpm,"10,8:1",,"11,0 kgfm/litro",22 kgfm (A) 20 kgfm (G) a 4000 rpm,4,1519 mm,,4690 mm,2710 mm,1815 mm,1524 kg,526 litros,60 litros,101 mm,Disco ventilado,Disco sólido,Eletro-hidráulica,Não informado,"Independente, McPherson",Mola helicoidal,Eixo de torção,696 km,474 km,"11,6 km/l","7,9 km/l",,,,,,,,,,,Hidráulicos,Admissão,,,,,205/55 R16,"2,34 m²","0,721 m²","0,308",456 km,366 km,"7,6 km/l","6,1 km/l",,,,,,,,,,,,,,,,,,,,,,,,,,,,,,
peugeot,408,408,408-allure-2-0-2013,408-allure-2-0-2013,https://www.fichacompleta.com.br/carros/peugeot/408-allure-2-0-2013,2026-06-17T21:45:26.765766,Peugeot 408 Allure 2.0 2013,"10,4 s",212 km/h,Embreagem monodisco a seco,Manual,,5,Dianteira,Injeção multiponto,Natural,1997 cm³,4 em linha,EW10A,"Duplo no cabeçote, correia dentada",88 mm,85 mm,Transversal,Dianteiro,"9,7 kg/cv","66,7 kg/kgfm","75,6 cv/litro",151 cv (A) 143 cv (G) a 6000 rpm,"10,8:1",,"11,0 kgfm/litro",22 kgfm (A) 20 kgfm (G) a 4000 rpm,4,1519 mm,,4690 mm,2710 mm,1815 mm,1468 kg,526 litros,60 litros,113 mm,Disco ventilado,Disco sólido,Eletro-hidráulica,Não informado,"Independente, McPherson",Mola helicoidal,Eixo de torção,666 km,534 km,"11,1 km/l","8,9 km/l",,,,,,,,,,,Hidráulicos,Admissão,,,,,205/55 R16,"2,34 m²","0,721 m²","0,308",456 km,372 km,"7,6 km/l","6,2 km/l",,,,,,,,,,,,,,,,,,,,,,,,,,,,,,
peugeot,408,408,408-allure-2-0-at-2013,408-allure-2-0-at-2013,https://www.fichacompleta.com.br/carros/peugeot/408-allure-2-0-at-2013,2026-06-17T21:45:29.935655,Peugeot 408 Allure 2.0 AT 2013,"11,9 s",208 km/h,Conversor de torque,Automático,AT8,4,Dianteira,Injeção multiponto,Natural,1997 cm³,4 em linha,EW10A,"Duplo no cabeçote, correia dentada",88 mm,85 mm,Transversal,Dianteiro,"10,1 kg/cv","69,3 kg/kgfm","75,6 cv/litro",151 cv (A) 143 cv (G) a 6000 rpm,"10,8:1",,"11,0 kgfm/litro",22 kgfm (A) 20 kgfm (G) a 4000 rpm,4,1519 mm,,4690 mm,2710 mm,1815 mm,1524 kg,526 litros,60 litros,113 mm,Disco ventilado,Disco sólido,Eletro-hidráulica,Não informado,"Independente, McPherson",Mola helicoidal,Eixo de torção,696 km,474 km,"11,6 km/l","7,9 km/l",,,,,,,,,,,Hidráulicos,Admissão,,,,,205/55 R16,"2,34 m²","0,721 m²","0,308",456 km,366 km,"7,6 km/l","6,1 km/l",,,,,,,,,,,,,,,,,,,,,,,,,,,,,,
peugeot,408,408,408-feline-2-0-at-2013,408-feline-2-0-at-2013,https://www.fichacompleta.com.br/carros/peugeot/408-feline-2-0-at-2013,2026-06-17T21:45:34.527852,Peugeot 408 Feline 2.0 AT 2013,"11,9 s",208 km/h,Conversor de torque,Automático,AT8,4,Dianteira,Injeção multiponto,Natural,1997 cm³,4 em linha,EW10A,"Duplo no cabeçote, correia dentada",88 mm,85 mm,Transversal,Dianteiro,"10,1 kg/cv","69,3 kg/kgfm","75,6 cv/litro",151 cv (A) 143 cv (G) a 6000 rpm,"10,8:1",,"11,0 kgfm/litro",22 kgfm (A) 20 kgfm (G) a 4000 rpm,4,1519 mm,,4690 mm,2710 mm,1815 mm,1524 kg,526 litros,60 litros,101 mm,Disco ventilado,Disco sólido,Eletro-hidráulica,Não informado,"Independente, McPherson",Mola helicoidal,Eixo de torção,696 km,474 km,"11,6 km/l","7,9 km/l",,,,,,,,,,,Hidráulicos,Admissão,,,,,205/55 R16,"2,34 m²","0,721 m²","0,308",456 km,366 km,"7,6 km/l","6,1 km/l",,,,,,,,,,,,,,,,,,,,,,,,,,,,,,
peugeot,408,408,408-griffe-1-6-turbo-at-2013,408-griffe-1-6-turbo-at-2013,https://www.fichacompleta.com.br/carros/peugeot/408-griffe-1-6-turbo-at-2013,2026-06-17T21:45:37.270718,Peugeot 408 Griffe 1.6 Turbo AT 2013,"8,8 s",213 km/h,Conversor de torque,Automático,Aisin TF-70SC,6,Dianteira,Injeção direta,Turbocompressor,1598 cm³,4 em linha,EP6CDT M,"Duplo no cabeçote, corrente","85,8 mm",77 mm,Transversal,Dianteiro,"9,3 kg/cv","62,3 kg/kgfm","103,3 cv/litro",165 cv a 6000 rpm,"10,5:1",6800 rpm,"15,3 kgfm/litro","24,5 kgfm a 1400 rpm",4,1519 mm,,4690 mm,2710 mm,1815 mm,1527 kg,526 litros,60 litros,101 mm,Disco ventilado,Disco sólido,Eletro-hidráulica,Não informado,"Independente, McPherson",Mola helicoidal,Eixo de torção,672 km,600 km,"11,2 km/l",10 km/l,,,,,,,,,,,Hidráulicos,Admissão,,,,,205/55 R16,"2,34 m²","0,721 m²","0,308",,,,,,,,,,,,,,,,,,,,,,,,,,,,,,,,,,
peugeot,408,408,408-allure-2-0-2014,408-allure-2-0-2014,https://www.fichacompleta.com.br/carros/peugeot/408-allure-2-0-2014,2026-06-17T21:45:39.743363,Peugeot 408 Allure 2.0 2014,"10,4 s",212 km/h,Embreagem monodisco a seco,Manual,,5,Dianteira,Injeção multiponto,Natural,1997 cm³,4 em linha,EW10A,Duplo no cabeçote,88 mm,85 mm,Transversal,Dianteiro,"9,7 kg/cv","66,7 kg/kgfm","75,6 cv/litro",151 cv (A) 143 cv (G) a 6000 rpm,"10,8:1",,"11,0 kgfm/litro",22 kgfm (A) 20 kgfm (G) a 4000 rpm,4,1519 mm,400 kg,4690 mm,2710 mm,1815 mm,1468 kg,526 litros,60 litros,113 mm,Disco ventilado,Disco sólido,Eletro-hidráulica,Não informado,"Indep., McPherson",Mola helicoidal,Eixo de torção,666 km,534 km,"11,1 km/l","8,9 km/l",5,,,Não informado,1532 mm,1513 mm,,,6000 rpm,4000 rpm,Hidráulicos,Admissão,,,,,205/55 R16,"2,34 m²","0,721 m²","0,308",456 km,372 km,"7,6 km/l","6,2 km/l",,Correia dentada,151 cv,143 cv,22 kgfm,20 kgfm,"0,308",,,,,,,,,,,,,,,,,,,,,,,
peugeot,408,408,408-allure-2-0-at-2014,408-allure-2-0-at-2014,https://www.fichacompleta.com.br/carros/peugeot/408-allure-2-0-at-2014,2026-06-17T21:45:42.646678,Peugeot 408 Allure 2.0 AT 2014,"10,5 s",209 km/h,Conversor de torque,Automático,Aisin TF-70SC,6,Dianteira,Injeção multiponto,Natural,1997 cm³,4 em linha,EW10A,Duplo no cabeçote,88 mm,85 mm,Transversal,Dianteiro,"9,9 kg/cv","67,9 kg/kgfm","75,6 cv/litro",151 cv (A) 143 cv (G) a 6000 rpm,"10,8:1",,"11,0 kgfm/litro",22 kgfm (A) 20 kgfm (G) a 4000 rpm,4,1519 mm,400 kg,4690 mm,2710 mm,1815 mm,1494 kg,526 litros,60 litros,101 mm,Disco ventilado,Disco sólido,Eletro-hidráulica,Não informado,"Indep., McPherson",Mola helicoidal,Eixo de torção,666 km,492 km,"11,1 km/l","8,2 km/l",6,,,Não informado,1532 mm,1513 mm,,,6000 rpm,4000 rpm,Hidráulicos,Admissão,,,,,205/55 R16,"2,34 m²","0,721 m²","0,308",468 km,336 km,"7,8 km/l","5,6 km/l",,Correia dentada,151 cv,143 cv,22 kgfm,20 kgfm,"0,308",,,,,,,,,,,,,,,,,,,,,,,
peugeot,408,408,408-griffe-1-6-turbo-at-2014,408-griffe-1-6-turbo-at-2014,https://www.fichacompleta.com.br/carros/peugeot/408-griffe-1-6-turbo-at-2014,2026-06-17T21:45:46.021432,Peugeot 408 Griffe 1.6 Turbo AT 2014,"8,8 s",213 km/h,Conversor de torque,Automático,Aisin TF-70SC,6,Dianteira,Injeção direta,Turbocompressor,1598 cm³,4 em linha,EP6CDT M,"Duplo no cabeçote, corrente","85,8 mm",77 mm,Transversal,Dianteiro,"9,3 kg/cv","62,3 kg/kgfm","103,3 cv/litro",165 cv a 6000 rpm,"10,5:1",6800 rpm,"15,3 kgfm/litro","24,5 kgfm a 1400 rpm",4,1519 mm,,4690 mm,2710 mm,1815 mm,1527 kg,526 litros,60 litros,101 mm,Disco ventilado,Disco sólido,Eletro-hidráulica,Não informado,"Independente, McPherson",Mola helicoidal,Eixo de torção,672 km,600 km,"11,2 km/l",10 km/l,,,,,,,,,,,Hidráulicos,Admissão,,,,,205/55 R16,"2,34 m²","0,721 m²","0,308",,,,,,,,,,,,,,,,,,,,,,,,,,,,,,,,,,
peugeot,408,408,408-allure-2-0-at-2015,408-allure-2-0-at-2015,https://www.fichacompleta.com.br/carros/peugeot/408-allure-2-0-at-2015,2026-06-17T21:45:50.154867,Peugeot 408 Allure 2.0 AT 2015,"10,5 s",209 km/h,Conversor de torque,Automático,Aisin TF-70SC,6,Dianteira,Injeção multiponto,Natural,1997 cm³,4 em linha,EW10A,"Duplo no cabeçote, correia dentada",88 mm,85 mm,Transversal,Dianteiro,"9,9 kg/cv","67,9 kg/kgfm","75,6 cv/litro",151 cv (A) 143 cv (G) a 6000 rpm,"10,8:1",,"11,0 kgfm/litro",22 kgfm (A) 20 kgfm (G) a 4000 rpm,4,1519 mm,,4690 mm,2710 mm,1815 mm,1494 kg,526 litros,60 litros,101 mm,Disco ventilado,Disco sólido,Eletro-hidráulica,Não informado,"Independente, McPherson",Mola helicoidal,Eixo de torção,666 km,492 km,"11,1 km/l","8,2 km/l",,,,,,,,,,,Hidráulicos,Admissão,,,,,205/55 R16,"2,34 m²","0,721 m²","0,308",468 km,336 km,"7,8 km/l","5,6 km/l",,,,,,,,,,,,,,,,,,,,,,,,,,,,,,
peugeot,408,408,408-griffe-1-6-turbo-at-2015,408-griffe-1-6-turbo-at-2015,https://www.fichacompleta.com.br/carros/peugeot/408-griffe-1-6-turbo-at-2015,2026-06-17T21:45:52.993526,Peugeot 408 Griffe 1.6 Turbo AT 2015,"8,8 s",213 km/h,Conversor de torque,Automático,Aisin TF-70SC,6,Dianteira,Injeção direta,Turbocompressor,1598 cm³,4 em linha,EP6CDT M,"Duplo no cabeçote, corrente","85,8 mm",77 mm,Transversal,Dianteiro,"9,3 kg/cv","62,3 kg/kgfm","103,3 cv/litro",165 cv a 6000 rpm,"10,5:1",6800 rpm,"15,3 kgfm/litro","24,5 kgfm a 1400 rpm",4,1519 mm,,4690 mm,2710 mm,1815 mm,1527 kg,526 litros,60 litros,101 mm,Disco ventilado,Disco sólido,Eletro-hidráulica,Não informado,"Independente, McPherson",Mola helicoidal,Eixo de torção,672 km,600 km,"11,2 km/l",10 km/l,,,,,,,,,,,Hidráulicos,Admissão,,,,,205/55 R16,"2,34 m²","0,721 m²","0,308",,,,,,,,,,,,,,,,,,,,,,,,,,,,,,,,,,
peugeot,408,408,408-allure-2-0-at-2016,408-allure-2-0-at-2016,https://www.fichacompleta.com.br/carros/peugeot/408-allure-2-0-at-2016,2026-06-17T21:45:57.882348,Peugeot 408 Allure 2.0 AT 2016,"8,9 s",213 km/h,Conversor de torque,Automático,Aisin TF-70SC,6,Dianteira,Injeção multiponto,Natural,1997 cm³,4 em linha,EW10A,"Duplo no cabeçote, correia dentada",88 mm,85 mm,Transversal,Dianteiro,"8,8 kg/cv","60,4 kg/kgfm","75,6 cv/litro",151 cv (A) 143 cv (G) a 6000 rpm,"10,8:1",,"11,0 kgfm/litro",22 kgfm (A) 20 kgfm (G) a 4000 rpm,4,1514 mm,,4681 mm,2710 mm,1815 mm,1328 kg,526 litros,60 litros,101 mm,Disco ventilado,Disco sólido,Eletro-hidráulica,Não informado,"Independente, McPherson",Mola helicoidal,Eixo de torção,666 km,492 km,"11,1 km/l","8,2 km/l",,,,,,,,,,,Hidráulicos,Admissão,,,,,205/55 R16,"2,34 m²","0,721 m²","0,308",468 km,336 km,"7,8 km/l","5,6 km/l",,,,,,,,,,,,,,,,,,,,,,,,,,,,,,
peugeot,408,408,408-griffe-1-6-turbo-at-2016,408-griffe-1-6-turbo-at-2016,https://www.fichacompleta.com.br/carros/peugeot/408-griffe-1-6-turbo-at-2016,2026-06-17T21:46:01.374557,Peugeot 408 Griffe 1.6 Turbo AT 2016,"8,1 s",215 km/h,Conversor de torque,Automático,Aisin TF-70SC,6,Dianteira,Injeção direta,Turbocompressor,1598 cm³,4 em linha,EP6FDT M,"Duplo no cabeçote, corrente","85,8 mm",77 mm,Transversal,Dianteiro,"8,0 kg/cv","56,8 kg/kgfm","108,3 cv/litro",173 cv (A) 166 cv (G) a 6000 rpm,"10,5:1",6800 rpm,"15,3 kgfm/litro","24,5 kgfm (A) 24,5 kgfm (G) a 1400 rpm",4,1514 mm,,4681 mm,2710 mm,1815 mm,1392 kg,526 litros,60 litros,101 mm,Disco ventilado,Disco sólido,Eletro-hidráulica,Não informado,"Independente, McPherson",Mola helicoidal,Eixo de torção,780 km,636 km,13 km/l,"10,6 km/l",,,,,,,,,,,Hidráulicos,Admissão,,,,,205/55 R16,"2,34 m²","0,721 m²","0,308",552 km,438 km,"9,2 km/l","7,3 km/l",,,,,,,,,,,,,,,,,,,,,,,,,,,,,,
peugeot,408,408,408-griffe-1-6-turbo-at-2016-gasolina,408-griffe-1-6-turbo-at-2016-gasolina,https://www.fichacompleta.com.br/carros/peugeot/408-griffe-1-6-turbo-at-2016-gasolina,2026-06-17T21:46:06.014047,Peugeot 408 Griffe 1.6 Turbo AT 2016,"8,8 s",213 km/h,Conversor de torque,Automático,Aisin TF-70SC,,Dianteira,Injeção direta,Turbocompressor,,4 em linha,EP6CDT M,Duplo no cabeçote,"85,8 mm",77 mm,Transversal,Dianteiro,"9,25 kg/cv","62,3 kg/kgfm","103,3 cv/litro",165 cv,"10,5:1",6800 rpm,"15,3 kgfm/litro","24,5 kgfm",4,1519 mm,400 kg,4690 mm,2710 mm,1815 mm,1527 kg,526 litros,60 litros,101 mm,Disco ventilado,Disco sólido,Eletro-hidráulica,,"Indep., McPherson",Mola helicoidal,Eixo de torção,672 km,600 km,"11,2 km/l",10 km/l,6,6000 rpm,1400 rpm,Não informado,1532 mm,1513 mm,,,,,Hidráulicos,Admissão,,,,,205/55 R16,"2,34 m²","0,721 m²",,,,,,,Corrente,,,,,"0,308",400 cm³,1598 cm³,5W-30 ³,,,,,,,,,,,,,,,,,,,,
peugeot,408,408,408-business-1-6-turbo-at-2017,408-business-1-6-turbo-at-2017,https://www.fichacompleta.com.br/carros/peugeot/408-business-1-6-turbo-at-2017,2026-06-17T21:46:10.409256,Peugeot 408 Business 1.6 Turbo AT 2017,"8,1 s",215 km/h,Conversor de torque,Automático,Aisin TF-70SC,6,Dianteira,Injeção direta,Turbocompressor,1598 cm³,4 em linha,EP6FDT M,"Duplo no cabeçote, corrente","85,8 mm",77 mm,Transversal,Dianteiro,"8,2 kg/cv","57,8 kg/kgfm","108,3 cv/litro",173 cv (A) 166 cv (G) a 6000 rpm,"10,5:1",6800 rpm,"15,3 kgfm/litro","24,5 kgfm (A) 24,5 kgfm (G) a 1400 rpm",4,1514 mm,,4681 mm,2710 mm,1815 mm,1415 kg,526 litros,60 litros,113 mm,Disco ventilado,Disco sólido,Eletro-hidráulica,Não informado,"Independente, McPherson",Mola helicoidal,Eixo de torção,780 km,636 km,13 km/l,"10,6 km/l",,,,,,,,,,,Hidráulicos,Admissão,,,,,205/55 R16,"2,34 m²","0,721 m²","0,308",552 km,438 km,"9,2 km/l","7,3 km/l",,,,,,,,,,,,,,,,,,,,,,,,,,,,,,
peugeot,408,408,408-griffe-1-6-turbo-at-2017,408-griffe-1-6-turbo-at-2017,https://www.fichacompleta.com.br/carros/peugeot/408-griffe-1-6-turbo-at-2017,2026-06-17T21:46:13.445682,Peugeot 408 Griffe 1.6 Turbo AT 2017,"8,1 s",215 km/h,Conversor de torque,Automático,Aisin TF-70SC,6,Dianteira,Injeção direta,Turbocompressor,1598 cm³,4 em linha,EP6FDT M,"Duplo no cabeçote, corrente","85,8 mm",77 mm,Transversal,Dianteiro,"8,3 kg/cv","58,8 kg/kgfm","108,3 cv/litro",173 cv (A) 166 cv (G) a 6000 rpm,"10,5:1",6800 rpm,"15,3 kgfm/litro","24,5 kgfm (A) 24,5 kgfm (G) a 1400 rpm",4,1514 mm,,4681 mm,2710 mm,1815 mm,1441 kg,526 litros,60 litros,101 mm,Disco ventilado,Disco sólido,Eletro-hidráulica,Não informado,"Independente, McPherson",Mola helicoidal,Eixo de torção,780 km,636 km,13 km/l,"10,6 km/l",,,,,,,,,,,Hidráulicos,Admissão,,,,,205/55 R16,"2,34 m²","0,721 m²","0,308",552 km,438 km,"9,2 km/l","7,3 km/l",,,,,,,,,,,,,,,,,,,,,,,,,,,,,,
peugeot,408,408,408-business-1-6-turbo-at-2018,408-business-1-6-turbo-at-2018,https://www.fichacompleta.com.br/carros/peugeot/408-business-1-6-turbo-at-2018,2026-06-17T21:46:18.106717,Peugeot 408 Business 1.6 Turbo AT 2018,"8,1 s",215 km/h,Conversor de torque,Automático,Aisin TF-70SC,6,Dianteira,Injeção direta,Turbocompressor,1598 cm³,4 em linha,EP6FDT M,"Duplo no cabeçote, corrente","85,8 mm",77 mm,Transversal,Dianteiro,"8,2 kg/cv","57,8 kg/kgfm","108,3 cv/litro",173 cv (A) 166 cv (G) a 6000 rpm,"10,5:1",6800 rpm,"15,3 kgfm/litro","24,5 kgfm (A) 24,5 kgfm (G) a 1400 rpm",4,1514 mm,,4681 mm,2710 mm,1815 mm,1415 kg,526 litros,60 litros,113 mm,Disco ventilado,Disco sólido,Eletro-hidráulica,Não informado,"Independente, McPherson",Mola helicoidal,Eixo de torção,780 km,636 km,13 km/l,"10,6 km/l",,,,,,,,,,,Hidráulicos,Admissão,,,,,205/55 R16,"2,34 m²","0,721 m²","0,308",552 km,438 km,"9,2 km/l","7,3 km/l",,,,,,,,,,,,,,,,,,,,,,,,,,,,,,
peugeot,408,408,408-business-pro-1-6-turbo-at-pcd-2018,408-business-pro-1-6-turbo-at-pcd-2018,https://www.fichacompleta.com.br/carros/peugeot/408-business-pro-1-6-turbo-at-pcd-2018,2026-06-17T21:46:22.675651,Peugeot 408 Business Pro 1.6 Turbo AT [PCD] 2018,"8,1 s",215 km/h,Conversor de torque,Automático,Aisin TF-70SC,,Dianteira,Injeção direta,Turbocompressor,1598 cm³,4 em linha,EP6FDT M,Duplo no cabeçote,"85,8 mm",77 mm,Transversal,Dianteiro,"8,2 kg/cv","57,8 kg/kgfm","108,3 cv/litro",,"10,5:1",6800 rpm,"15,3 kgfm/litro",,4,1514 mm,400 kg,4681 mm,2710 mm,1815 mm,1415 kg,526 litros,60 litros,113 mm,Disco ventilado,Disco sólido,Eletro-hidráulica,,"Indep., McPherson",Mola helicoidal,Eixo de torção,780 km,636 km,13 km/l,"10,6 km/l",6,6000 rpm,1400 rpm,Não informado,1532 mm,1513 mm,,,,,Hidráulicos,Admissão,,,,,205/55 R16,"2,34 m²","0,721 m²",,552 km,438 km,"9,2 km/l","7,3 km/l",,Corrente,173 cv,166 cv,"24,5 kgfm","24,5 kgfm","0,308",,,,,,,,,,,,,,,,,,,,,,,
peugeot,408,408,408-griffe-1-6-turbo-at-2018,408-griffe-1-6-turbo-at-2018,https://www.fichacompleta.com.br/carros/peugeot/408-griffe-1-6-turbo-at-2018,2026-06-17T21:46:25.694833,Peugeot 408 Griffe 1.6 Turbo AT 2018,"8,1 s",215 km/h,Conversor de torque,Automático,Aisin TF-70SC,6,Dianteira,Injeção direta,Turbocompressor,1598 cm³,4 em linha,EP6FDT M,"Duplo no cabeçote, corrente","85,8 mm",77 mm,Transversal,Dianteiro,"8,3 kg/cv","58,8 kg/kgfm","108,3 cv/litro",173 cv (A) 166 cv (G) a 6000 rpm,"10,5:1",6800 rpm,"15,3 kgfm/litro","24,5 kgfm (A) 24,5 kgfm (G) a 1400 rpm",4,1514 mm,,4681 mm,2710 mm,1815 mm,1441 kg,526 litros,60 litros,101 mm,Disco ventilado,Disco sólido,Eletro-hidráulica,Não informado,"Independente, McPherson",Mola helicoidal,Eixo de torção,780 km,636 km,13 km/l,"10,6 km/l",,,,,,,,,,,Hidráulicos,Admissão,,,,,205/55 R16,"2,34 m²","0,721 m²","0,308",552 km,438 km,"9,2 km/l","7,3 km/l",,,,,,,,,,,,,,,,,,,,,,,,,,,,,,
peugeot,408,408,408-roland-garros-1-6-turbo-at-2018,408-roland-garros-1-6-turbo-at-2018,https://www.fichacompleta.com.br/carros/peugeot/408-roland-garros-1-6-turbo-at-2018,2026-06-17T21:46:30.057093,Peugeot 408 Roland Garros 1.6 Turbo AT 2018,"8,1 s",215 km/h,Conversor de torque,Automático,Aisin TF-70SC,6,Dianteira,Injeção direta,Turbocompressor,1598 cm³,4 em linha,EP6FDT M,"Duplo no cabeçote, corrente","85,8 mm",77 mm,Transversal,Dianteiro,"8,3 kg/cv","58,8 kg/kgfm","108,3 cv/litro",173 cv (A) 166 cv (G) a 6000 rpm,"10,5:1",6800 rpm,"15,3 kgfm/litro","24,5 kgfm (A) 24,5 kgfm (G) a 1400 rpm",4,1514 mm,,4681 mm,2710 mm,1815 mm,1441 kg,526 litros,60 litros,101 mm,Disco ventilado,Disco sólido,Eletro-hidráulica,Não informado,"Independente, McPherson",Mola helicoidal,Eixo de torção,780 km,636 km,13 km/l,"10,6 km/l",,,,,,,,,,,Hidráulicos,Admissão,,,,,205/55 R16,"2,34 m²","0,721 m²","0,308",552 km,438 km,"9,2 km/l","7,3 km/l",,,,,,,,,,,,,,,,,,,,,,,,,,,,,,
peugeot,408,408,408-business-1-6-turbo-at-2019,408-business-1-6-turbo-at-2019,https://www.fichacompleta.com.br/carros/peugeot/408-business-1-6-turbo-at-2019,2026-06-17T21:46:34.462670,Peugeot 408 Business 1.6 Turbo AT 2019,"8,1 s",215 km/h,Conversor de torque,Automático,Aisin TF-70SC,6,Dianteira,Injeção direta,Turbocompressor,1598 cm³,4 em linha,EP6FDT M,"Duplo no cabeçote, corrente","85,8 mm",77 mm,Transversal,Dianteiro,"8,2 kg/cv","57,8 kg/kgfm","108,3 cv/litro",173 cv (A) 166 cv (G) a 6000 rpm,"10,5:1",6800 rpm,"15,3 kgfm/litro","24,5 kgfm (A) 24,5 kgfm (G) a 1400 rpm",4,1514 mm,,4681 mm,2710 mm,1815 mm,1415 kg,526 litros,60 litros,113 mm,Disco ventilado,Disco sólido,Eletro-hidráulica,Não informado,"Independente, McPherson",Mola helicoidal,Eixo de torção,780 km,636 km,13 km/l,"10,6 km/l",,,,,,,,,,,Hidráulicos,Admissão,,,,,205/55 R16,"2,34 m²","0,721 m²","0,308",552 km,438 km,"9,2 km/l","7,3 km/l",,,,,,,,,,,,,,,,,,,,,,,,,,,,,,
peugeot,408,408,408-business-pro-1-6-turbo-at-pcd-2019,408-business-pro-1-6-turbo-at-pcd-2019,https://www.fichacompleta.com.br/carros/peugeot/408-business-pro-1-6-turbo-at-pcd-2019,2026-06-17T21:46:37.579813,Peugeot 408 Business Pro 1.6 Turbo AT [PCD] 2019,"8,1 s",215 km/h,Conversor de torque,Automático,Aisin TF-70SC,6,Dianteira,Injeção direta,Turbocompressor,1598 cm³,4 em linha,EP6FDT M,"Duplo no cabeçote, corrente","85,8 mm",77 mm,Transversal,Dianteiro,"8,2 kg/cv","57,8 kg/kgfm","108,3 cv/litro",173 cv (A) 166 cv (G) a 6000 rpm,"10,5:1",6800 rpm,"15,3 kgfm/litro","24,5 kgfm (A) 24,5 kgfm (G) a 1400 rpm",4,1514 mm,,4681 mm,2710 mm,1815 mm,1415 kg,526 litros,60 litros,113 mm,Disco ventilado,Disco sólido,Eletro-hidráulica,Não informado,"Independente, McPherson",Mola helicoidal,Eixo de torção,780 km,636 km,13 km/l,"10,6 km/l",,,,,,,,,,,Hidráulicos,Admissão,,,,,205/55 R16,"2,34 m²","0,721 m²","0,308",552 km,438 km,"9,2 km/l","7,3 km/l",,,,,,,,,,,,,,,,,,,,,,,,,,,,,,
peugeot,408,408,408-griffe-1-6-turbo-at-2019,408-griffe-1-6-turbo-at-2019,https://www.fichacompleta.com.br/carros/peugeot/408-griffe-1-6-turbo-at-2019,2026-06-17T21:46:41.177744,Peugeot 408 Griffe 1.6 Turbo AT 2019,"8,1 s",215 km/h,Conversor de torque,Automático,Aisin TF-70SC,6,Dianteira,Injeção direta,Turbocompressor,1598 cm³,4 em linha,EP6FDT M,"Duplo no cabeçote, corrente","85,8 mm",77 mm,Transversal,Dianteiro,"8,3 kg/cv","58,8 kg/kgfm","108,3 cv/litro",173 cv (A) 166 cv (G) a 6000 rpm,"10,5:1",6800 rpm,"15,3 kgfm/litro","24,5 kgfm (A) 24,5 kgfm (G) a 1400 rpm",4,1514 mm,,4681 mm,2710 mm,1815 mm,1441 kg,526 litros,60 litros,101 mm,Disco ventilado,Disco sólido,Eletro-hidráulica,Não informado,"Independente, McPherson",Mola helicoidal,Eixo de torção,780 km,636 km,13 km/l,"10,6 km/l",,,,,,,,,,,Hidráulicos,Admissão,,,,,205/55 R16,"2,34 m²","0,721 m²","0,308",552 km,438 km,"9,2 km/l","7,3 km/l",,,,,,,,,,,,,,,,,,,,,,,,,,,,,,
peugeot,5008,5008,5008-griffe-1-6-2017,5008-griffe-1-6-2017,https://www.fichacompleta.com.br/carros/peugeot/5008-griffe-1-6-2017,2026-06-17T21:46:58.266521,Peugeot 5008 Griffe 1.6 2017,"10,5 s",206 km/h,Conversor de torque,Automático,,,Dianteira,Injeção direta,Turbocompressor,,4 em linha,EP6FDT M,Duplo no cabeçote,"85,8 mm",77 mm,Transversal,Dianteiro,"9,89 kg/cv","66,6 kg/kgfm","103,3 cv/litro",165 cv,"10,5:1",6800 rpm,"15,3 kgfm/litro","24,5 kgfm",4,1646 mm,525 kg,4641 mm,2840 mm,1844 mm,1632 kg,,56 litros,124 mm,Disco ventilado,Disco sólido,Elétrica,,"Indep., McPherson",Mola helicoidal,Eixo de torção,678 km,532 km,"12,1 km/l","9,5 km/l",6,6000 rpm,1400 rpm,"11,2 m",1593 mm,1587 mm,,,,,Hidráulicos,Admissão,19 graus,28 graus,600 kg,600 kg,135/80 R18,"2,58 m²","0,764 m²",,,,,,236 mm,Corrente,,,,,"0,296",400 cm³,1598 cm³,,,,,,,,,,,,780 litros,237 litros,,,,,,,,
peugeot,5008,5008,5008-griffe-pack-1-6-2017,5008-griffe-pack-1-6-2017,https://www.fichacompleta.com.br/carros/peugeot/5008-griffe-pack-1-6-2017,2026-06-17T21:47:01.877087,Peugeot 5008 Griffe Pack 1.6 2017,"10,5 s",206 km/h,Conversor de torque,Automático,,,Dianteira,Injeção direta,Turbocompressor,,4 em linha,EP6FDT M,Duplo no cabeçote,"85,8 mm",77 mm,Transversal,Dianteiro,"9,89 kg/cv","66,6 kg/kgfm","103,3 cv/litro",165 cv,"10,5:1",6800 rpm,"15,3 kgfm/litro","24,5 kgfm",4,1646 mm,525 kg,4641 mm,2840 mm,1844 mm,1632 kg,,56 litros,118 mm,Disco ventilado,Disco sólido,Elétrica,,"Indep., McPherson",Mola helicoidal,Eixo de torção,678 km,532 km,"12,1 km/l","9,5 km/l",6,6000 rpm,1400 rpm,"11,2 m",1593 mm,1587 mm,,,,,Hidráulicos,Admissão,19 graus,28 graus,600 kg,600 kg,135/80 R18,"2,58 m²","0,764 m²",,,,,,236 mm,Corrente,,,,,"0,296",400 cm³,1598 cm³,,,,,,,,,,,,780 litros,237 litros,,,,,,,,
peugeot,5008,5008,5008-griffe-1-6-2019,5008-griffe-1-6-2019,https://www.fichacompleta.com.br/carros/peugeot/5008-griffe-1-6-2019,2026-06-17T21:47:06.367346,Peugeot 5008 Griffe 1.6 2019,"10,5 s",206 km/h,Conversor de torque,Automático,,,Dianteira,Injeção direta,Turbocompressor,,4 em linha,EP6FDT M,Duplo no cabeçote,"85,8 mm",77 mm,Transversal,Dianteiro,"9,89 kg/cv","66,6 kg/kgfm","103,3 cv/litro",165 cv,"10,5:1",6800 rpm,"15,3 kgfm/litro","24,5 kgfm",4,1646 mm,525 kg,4641 mm,2840 mm,1844 mm,1632 kg,,56 litros,124 mm,Disco ventilado,Disco sólido,Elétrica,,"Indep., McPherson",Mola helicoidal,Eixo de torção,678 km,532 km,"12,1 km/l","9,5 km/l",6,6000 rpm,1400 rpm,"11,2 m",1593 mm,1587 mm,,,,,Hidráulicos,Admissão,19 graus,28 graus,600 kg,600 kg,135/80 R18,"2,58 m²","0,764 m²",,,,,,236 mm,Corrente,,,,,"0,296",400 cm³,1598 cm³,,,,,,,,,,,,780 litros,237 litros,,,,,,,,
peugeot,5008,5008,5008-griffe-1-6-turbo-2019,5008-griffe-1-6-turbo-2019,https://www.fichacompleta.com.br/carros/peugeot/5008-griffe-1-6-turbo-2019,2026-06-17T21:47:11.153719,Peugeot 5008 Griffe 1.6 Turbo 2019,"10,5 s",206 km/h,Conversor de torque,Automático,,6,Dianteira,Injeção direta,Turbocompressor,1598 cm³,4 em linha,EP6FDT M,"Duplo no cabeçote, corrente","85,8 mm",77 mm,Transversal,Dianteiro,"8,7 kg/cv","58,8 kg/kgfm","103,3 cv/litro",165 cv a 6000 rpm,"10,5:1",6800 rpm,"15,3 kgfm/litro","24,5 kgfm a 1400 rpm",4,1640 mm,795 kg,4641 mm,2840 mm,1844 mm,1440 kg,,56 litros,124 mm,Disco ventilado,Disco sólido,Elétrica,"11,2 m","Independente, McPherson",Mola helicoidal,Eixo de torção,678 km,532 km,"12,1 km/l","9,5 km/l",,,,,1579 mm,1587 mm,,,,,Hidráulicos,Admissão,19 graus,28 graus,1350 kg,720 kg,,"2,57 m²","0,761 m²","0,296",,,,,236 mm,,,,,,,,,,,,,,,,,,,,,,780 litros,237 litros,,,,,,
peugeot,5008,5008,5008-griffe-pack-1-6-2019,5008-griffe-pack-1-6-2019,https://www.fichacompleta.com.br/carros/peugeot/5008-griffe-pack-1-6-2019,2026-06-17T21:47:14.173875,Peugeot 5008 Griffe Pack 1.6 2019,"10,5 s",206 km/h,Conversor de torque,Automático,,,Dianteira,Injeção direta,Turbocompressor,,4 em linha,EP6FDT M,Duplo no cabeçote,"85,8 mm",77 mm,Transversal,Dianteiro,"9,89 kg/cv","66,6 kg/kgfm","103,3 cv/litro",165 cv,"10,5:1",6800 rpm,"15,3 kgfm/litro","24,5 kgfm",4,1646 mm,525 kg,4641 mm,2840 mm,1844 mm,1632 kg,,56 litros,118 mm,Disco ventilado,Disco sólido,Elétrica,,"Indep., McPherson",Mola helicoidal,Eixo de torção,678 km,532 km,"12,1 km/l","9,5 km/l",6,6000 rpm,1400 rpm,"11,2 m",1593 mm,1587 mm,,,,,Hidráulicos,Admissão,19 graus,28 graus,600 kg,600 kg,135/80 R18,"2,58 m²","0,764 m²",,,,,,236 mm,Corrente,,,,,"0,296",400 cm³,1598 cm³,,,,,,,,,,,,780 litros,237 litros,,,,,,,,
peugeot,5008,5008,5008-griffe-pack-1-6-turbo-2019,5008-griffe-pack-1-6-turbo-2019,https://www.fichacompleta.com.br/carros/peugeot/5008-griffe-pack-1-6-turbo-2019,2026-06-17T21:47:17.239840,Peugeot 5008 Griffe Pack 1.6 Turbo 2019,"10,5 s",206 km/h,Conversor de torque,Automático,,6,Dianteira,Injeção direta,Turbocompressor,1598 cm³,4 em linha,EP6FDT M,"Duplo no cabeçote, corrente","85,8 mm",77 mm,Transversal,Dianteiro,"8,7 kg/cv","58,8 kg/kgfm","103,3 cv/litro",165 cv a 6000 rpm,"10,5:1",6800 rpm,"15,3 kgfm/litro","24,5 kgfm a 1400 rpm",4,1640 mm,795 kg,4641 mm,2840 mm,1844 mm,1440 kg,,56 litros,118 mm,Disco ventilado,Disco sólido,Elétrica,"11,2 m","Independente, McPherson",Mola helicoidal,Eixo de torção,678 km,532 km,"12,1 km/l","9,5 km/l",,,,,1579 mm,1587 mm,,,,,Hidráulicos,Admissão,19 graus,28 graus,1350 kg,720 kg,,"2,57 m²","0,761 m²","0,296",,,,,236 mm,,,,,,,,,,,,,,,,,,,,,,780 litros,237 litros,,,,,,
peugeot,5008,5008,5008-griffe-pack-1-6-turbo-2020,5008-griffe-pack-1-6-turbo-2020,https://www.fichacompleta.com.br/carros/peugeot/5008-griffe-pack-1-6-turbo-2020,2026-06-17T21:47:20.433928,Peugeot 5008 Griffe Pack 1.6 Turbo 2020,"10,5 s",206 km/h,Conversor de torque,Automático,,,Dianteira,Injeção direta,Turbocompressor,1598 cm³,4 em linha,EP6FDT M,Duplo no cabeçote,"85,8 mm",77 mm,Transversal,Dianteiro,"9,9 kg/cv","66,6 kg/kgfm","103,3 cv/litro",165 cv,"10,5:1",6800 rpm,"15,3 kgfm/litro","24,5 kgfm",4,1646 mm,525 kg,4641 mm,2840 mm,1844 mm,1632 kg,,56 litros,118 mm,Disco ventilado,Disco sólido,Elétrica,,"Indep., McPherson",Mola helicoidal,Eixo de torção,678 km,532 km,"12,1 km/l","9,5 km/l",6,6000 rpm,1400 rpm,"11,2 m",1593 mm,1587 mm,,,,,Hidráulicos,Admissão,19 graus,28 graus,600 kg,600 kg,135/80 R18,"2,58 m²","0,764 m²",,,,,,236 mm,Corrente,,,,,"0,296",,,,,,,,,,,,,,780 litros,237 litros,,,,,,,,
peugeot,504,504,504-gd-2-3-diesel-1992,504-gd-2-3-diesel-1992,https://www.fichacompleta.com.br/carros/peugeot/504-gd-2-3-diesel-1992,2026-06-17T21:47:39.411634,Peugeot 504 GD 2.3 Diesel 1992,"24,2 s",130 km/h,Embreagem monodisco a seco,Manual,BA7/5,5,Traseira,Injeção indireta,Natural,2304 cm³,4 em linha,XD2C,"no bloco, corrente",83 mm,94 mm,Longitudinal,Dianteiro,"19,7 kg/cv","102,2 kg/kgfm","30,4 cv/litro",70 cv a 4500 rpm,"22,2:1",,"5,9 kgfm/litro","13,5 kgfm a 2000 rpm",2,1560 mm,1300 kg,4866 mm,3000 mm,1710 mm,1380 kg,1300 litros,50 litros,161 mm,Disco sólido,Tambor,Hidráulica,12 m,"Independente, McPherson",Feixe de molas semielípticas,Eixo rígido,,,,,,,,,1472 mm,1432 mm,,,,,,,,,,,,,,,,,,,,,,,,,,,,,,,,,,,,,,,,,,,600 km,470 km,12 km/l,"9,4 km/l",,
peugeot,504,504,504-gd-2-3-diesel-1993,504-gd-2-3-diesel-1993,https://www.fichacompleta.com.br/carros/peugeot/504-gd-2-3-diesel-1993,2026-06-17T21:47:44.038819,Peugeot 504 GD 2.3 Diesel 1993,"24,2 s",130 km/h,Embreagem monodisco a seco,Manual,BA7/5,,Traseira,Injeção indireta,Natural,,4 em linha,XD2C,Único no bloco,83 mm,94 mm,Longitudinal,Dianteiro,"19,71 kg/cv","102,2 kg/kgfm","30,4 cv/litro",70 cv,"22,2:1",,"5,9 kgfm/litro","13,5 kgfm",2,1560 mm,1300 kg,4866 mm,3000 mm,1710 mm,1380 kg,,50 litros,161 mm,Disco sólido,Tambor,Hidráulica,,"Indep., McPherson",Feixe de molas semielípticas,Eixo rígido,,,,,5,4500 rpm,2000 rpm,12 m,1472 mm,1432 mm,,,,,,,,,,,,,,,,,,,,Corrente,,,,,,576 cm³,2304 cm³,,,,,,,,,,,,,,,,600 km,470 km,12 km/l,"9,4 km/l",1300 litros,
peugeot,504,504,504-gd-2-3-diesel-1994,504-gd-2-3-diesel-1994,https://www.fichacompleta.com.br/carros/peugeot/504-gd-2-3-diesel-1994,2026-06-17T21:47:46.738523,Peugeot 504 GD 2.3 Diesel 1994,"24,2 s",130 km/h,Embreagem monodisco a seco,Manual,BA7/5,5,Traseira,Injeção indireta,Natural,2304 cm³,4 em linha,XD2C,"no bloco, corrente",83 mm,94 mm,Longitudinal,Dianteiro,"19,7 kg/cv","102,2 kg/kgfm","30,4 cv/litro",70 cv a 4500 rpm,"22,2:1",,"5,9 kgfm/litro","13,5 kgfm a 2000 rpm",2,1560 mm,1300 kg,4866 mm,3000 mm,1710 mm,1380 kg,1300 litros,50 litros,161 mm,Disco sólido,Tambor,Hidráulica,12 m,"Independente, McPherson",Feixe de molas semielípticas,Eixo rígido,,,,,,,,,1472 mm,1432 mm,,,,,,,,,,,,,,,,,,,,,,,,,,,,,,,,,,,,,,,,,,,600 km,470 km,12 km/l,"9,4 km/l",,
peugeot,504,504,504-grd-2-3-diesel-1995,504-grd-2-3-diesel-1995,https://www.fichacompleta.com.br/carros/peugeot/504-grd-2-3-diesel-1995,2026-06-17T21:47:50.997874,Peugeot 504 GRD 2.3 Diesel 1995,"24,2 s",130 km/h,Embreagem monodisco a seco,Manual,BA7/5,5,Traseira,Injeção indireta,Natural,2304 cm³,4 em linha,XD2C,"no bloco, corrente",,,Longitudinal,Dianteiro,"19,7 kg/cv","102,2 kg/kgfm","30,4 cv/litro",70 cv a 4500 rpm,"22,2:1",,"5,9 kgfm/litro","13,5 kgfm a 2000 rpm",2,1560 mm,1300 kg,4866 mm,3000 mm,1710 mm,1380 kg,1300 litros,50 litros,161 mm,Disco sólido,Tambor,Hidráulica,12 m,"Independente, McPherson",Feixe de molas semielípticas,Eixo rígido,,,,,,,,,1472 mm,1432 mm,83 mm,94 mm,,,,,,,,,,,,,,,,,,,,,,,,,,,,,,,,,,,,,,,,,600 km,470 km,12 km/l,"9,4 km/l",,
peugeot,504,504,504-gd-2-3-diesel-1996,504-gd-2-3-diesel-1996,https://www.fichacompleta.com.br/carros/peugeot/504-gd-2-3-diesel-1996,2026-06-17T21:47:53.939465,Peugeot 504 GD 2.3 Diesel 1996,"24,2 s",130 km/h,Embreagem monodisco a seco,Manual,BA7/5,,Traseira,Injeção indireta,Natural,,4 em linha,XD2C,Único no bloco,83 mm,94 mm,Longitudinal,Dianteiro,"19,71 kg/cv","102,2 kg/kgfm","30,4 cv/litro",70 cv,"22,2:1",,"5,9 kgfm/litro","13,5 kgfm",2,1560 mm,1300 kg,4866 mm,3000 mm,1710 mm,1380 kg,,50 litros,161 mm,Disco sólido,Tambor,Hidráulica,,"Indep., McPherson",Feixe de molas semielípticas,Eixo rígido,,,,,5,4500 rpm,2000 rpm,12 m,1472 mm,1432 mm,,,,,,,,,,,,,,,,,,,,Corrente,,,,,,576 cm³,2304 cm³,,,,,,,,,,,,,,,,600 km,470 km,12 km/l,"9,4 km/l",1300 litros,
peugeot,504,504,504-gd-2-3-diesel-1997,504-gd-2-3-diesel-1997,https://www.fichacompleta.com.br/carros/peugeot/504-gd-2-3-diesel-1997,2026-06-17T21:47:57.667949,Peugeot 504 GD 2.3 Diesel 1997,"24,2 s",130 km/h,Embreagem monodisco a seco,Manual,BA7/5,5,Traseira,Injeção indireta,Natural,2304 cm³,4 em linha,XD2C,Único no bloco,83 mm,94 mm,Longitudinal,Dianteiro,"19,7 kg/cv","102,2 kg/kgfm","30,4 cv/litro",70 cv,"22,2:1",,"5,9 kgfm/litro","13,5 kgfm",2,1560 mm,1300 kg,4866 mm,3000 mm,1710 mm,1380 kg,1300 litros,50 litros,161 mm,Disco sólido,Tambor,Hidráulica,12 m,"Indep., McPherson",Feixe de molas semielípticas,Eixo rígido,,,,,5,,,12 m,1472 mm,1432 mm,,,4500 rpm,2000 rpm,,,,,,,,,,,,,,,,Corrente,,,,,,,,,,,,,,,,,,,,,,,600 km,470 km,12 km/l,"9,4 km/l",1300 litros,
peugeot,504,504,504-gd-2-3-diesel-1998,504-gd-2-3-diesel-1998,https://www.fichacompleta.com.br/carros/peugeot/504-gd-2-3-diesel-1998,2026-06-17T21:48:00.590046,Peugeot 504 GD 2.3 Diesel 1998,"24,2 s",130 km/h,Embreagem monodisco a seco,Manual,BA7/5,,Traseira,Injeção indireta,Natural,,4 em linha,XD2C,Único no bloco,83 mm,94 mm,Longitudinal,Dianteiro,"19,71 kg/cv","102,2 kg/kgfm","30,4 cv/litro",70 cv,"22,2:1",,"5,9 kgfm/litro","13,5 kgfm",2,1560 mm,1300 kg,4866 mm,3000 mm,1710 mm,1380 kg,,50 litros,161 mm,Disco sólido,Tambor,Hidráulica,,"Indep., McPherson",Feixe de molas semielípticas,Eixo rígido,,,,,5,4500 rpm,2000 rpm,12 m,1472 mm,1432 mm,,,,,,,,,,,,,,,,,,,,Corrente,,,,,,576 cm³,2304 cm³,,,,,,,,,,,,,,,,600 km,470 km,12 km/l,"9,4 km/l",1300 litros,
peugeot,504,504,504-gd-2-3-diesel-1999,504-gd-2-3-diesel-1999,https://www.fichacompleta.com.br/carros/peugeot/504-gd-2-3-diesel-1999,2026-06-17T21:48:04.433931,Peugeot 504 GD 2.3 Diesel 1999,"24,2 s",130 km/h,Embreagem monodisco a seco,Manual,BA7/5,5,Traseira,Injeção indireta,Natural,2304 cm³,4 em linha,XD2C,"no bloco, corrente",83 mm,94 mm,Longitudinal,Dianteiro,"19,7 kg/cv","102,2 kg/kgfm","30,4 cv/litro",70 cv a 4500 rpm,"22,2:1",,"5,9 kgfm/litro","13,5 kgfm a 2000 rpm",2,1560 mm,1300 kg,4866 mm,3000 mm,1710 mm,1380 kg,1300 litros,50 litros,161 mm,Disco sólido,Tambor,Hidráulica,12 m,"Independente, McPherson",Feixe de molas semielípticas,Eixo rígido,,,,,,,,,1472 mm,1432 mm,,,,,,,,,,,,,,,,,,,,,,,,,,,,,,,,,,,,,,,,,,,600 km,470 km,12 km/l,"9,4 km/l",,
peugeot,508,508,508-1-6-turbo-2012,508-1-6-turbo-2012,https://www.fichacompleta.com.br/carros/peugeot/508-1-6-turbo-2012,2026-06-17T21:48:23.104936,Peugeot 508 1.6 Turbo 2012,"9,2 s",220 km/h,Conversor de torque,Automático,,6,Dianteira,Injeção direta,Turbocompressor,1598 cm³,4 em linha,EP6CDT M,Duplo no cabeçote,"85,8 mm",77 mm,Transversal,Dianteiro,"8,5 kg/cv","57,6 kg/kgfm","103,3 cv/litro",165 cv,"10,5:1",6800 rpm,"15,3 kgfm/litro","24,5 kgfm",4,1456 mm,,4792 mm,2817 mm,1853 mm,1410 kg,473 litros,72 litros,106 mm,Disco ventilado,Disco sólido,Eletro-hidráulica,12 m,"Indep., McPherson",Mola helicoidal,"Indep., multibraço",821 km,605 km,"11,4 km/l","8,4 km/l",6,,,12 m,1580 mm,1555 mm,,,6000 rpm,1400 rpm,Hidráulicos,Admissão,,,,,,"2,307 m²","0,600 m²","0,26",,,,,,Corrente,,,,,"0,26",,,,,,,,,,,,,,,,,,,,,,,
peugeot,508,508,508-1-6-turbo-2013,508-1-6-turbo-2013,https://www.fichacompleta.com.br/carros/peugeot/508-1-6-turbo-2013,2026-06-17T21:48:27.507900,Peugeot 508 1.6 Turbo 2013,"9,2 s",220 km/h,Conversor de torque,Automático,,6,Dianteira,Injeção direta,Turbocompressor,1598 cm³,4 em linha,EP6CDT M,"Duplo no cabeçote, corrente","85,8 mm",77 mm,Transversal,Dianteiro,"8,5 kg/cv","57,6 kg/kgfm","103,3 cv/litro",165 cv a 6000 rpm,"10,5:1",6800 rpm,"15,3 kgfm/litro","24,5 kgfm a 1400 rpm",4,1456 mm,,4792 mm,2817 mm,1853 mm,1410 kg,473 litros,72 litros,106 mm,Disco ventilado,Disco sólido,Eletro-hidráulica,12 m,"Independente, McPherson",Mola helicoidal,"Independente, multibraço",821 km,605 km,"11,4 km/l","8,4 km/l",,,,,1580 mm,1555 mm,,,,,Hidráulicos,Admissão,,,,,,"2,307 m²","0,600 m²","0,26",,,,,,,,,,,,,,,,,,,,,,,,,,,,,,,,,,
peugeot,508,508,508-1-6-turbo-2014,508-1-6-turbo-2014,https://www.fichacompleta.com.br/carros/peugeot/508-1-6-turbo-2014,2026-06-17T21:48:30.233550,Peugeot 508 1.6 Turbo 2014,"9,2 s",220 km/h,Conversor de torque,Automático,,,Dianteira,Injeção direta,Turbocompressor,1598 cm³,4 em linha,EP6CDT M,Duplo no cabeçote,"85,8 mm",77 mm,Transversal,Dianteiro,"8,5 kg/cv","57,6 kg/kgfm","103,3 cv/litro",165 cv,"10,5:1",6800 rpm,"15,3 kgfm/litro","24,5 kgfm",4,1456 mm,,4792 mm,2817 mm,1853 mm,1410 kg,473 litros,72 litros,106 mm,Disco ventilado,Disco sólido,Eletro-hidráulica,,"Indep., McPherson",Mola helicoidal,"Indep., multibraço",821 km,605 km,"11,4 km/l","8,4 km/l",6,6000 rpm,1400 rpm,12 m,1580 mm,1555 mm,,,,,Hidráulicos,Admissão,,,,,,"2,307 m²","0,600 m²",,,,,,,Corrente,,,,,"0,26",,,,,,,,,,,,,,,,,,,,,,,
peugeot,605,605,605-sv-3-0-v6-1992,605-sv-3-0-v6-1992,https://www.fichacompleta.com.br/carros/peugeot/605-sv-3-0-v6-1992,2026-06-17T21:48:48.835446,Peugeot 605 SV 3.0 V6 1992,"10,9 s",217 km/h,Conversor de torque,Automático,ZF 4HP,4,Dianteira,Injeção multiponto,Natural,2975 cm³,6 em V,PRV,Único no cabeçote,73 mm,93 mm,Transversal,Dianteiro,"8,3 kg/cv","57,8 kg/kgfm","57,1 cv/litro",170 cv,"9,5:1",,"8,2 kgfm/litro","24,5 kgfm",2,1415 mm,,4723 mm,2800 mm,1799 mm,1415 kg,438 litros,80 litros,123 mm,Disco ventilado,Disco sólido,Hidráulica,"10,95 m","Indep., McPherson",Mola helicoidal,"Indep., braços sobrepostos",720 km,480 km,9 km/l,6 km/l,4,,,"10,95 m",1527 mm,1525 mm,,,5600 rpm,4600 rpm,Hidráulicos,,,,,,,"2,16 m²","0,648 m²","0,3",,,,,,Corrente,,,,,"0,3",,,,,,,,,,,,,,,,,,,,,,,
peugeot,605,605,605-sri-2-0-1994,605-sri-2-0-1994,https://www.fichacompleta.com.br/carros/peugeot/605-sri-2-0-1994,2026-06-17T21:48:53.513433,Peugeot 605 SRi 2.0 1994,"13,6 s",197 km/h,Conversor de torque,Automático,ZF 4HP,,Dianteira,Injeção multiponto,Natural,1998 cm³,4 em linha,XU10J2,Único no cabeçote,86 mm,86 mm,Transversal,Dianteiro,"11,1 kg/cv","77,7 kg/kgfm","61,1 cv/litro",,"8,8:1",,"8,8 kgfm/litro",,2,1415 mm,500 kg,4723 mm,2800 mm,1799 mm,1360 kg,438 litros,80 litros,127 mm,Disco ventilado,Disco sólido,Hidráulica,,"Indep., McPherson",Mola helicoidal,"Indep., braços sobrepostos",840 km,600 km,"10,5 km/l","7,5 km/l",4,,,11 m,1527 mm,1525 mm,,,5600 rpm,4000 rpm,Mecânicos,,,,1500 kg,680 kg,,"2,16 m²","0,648 m²",,,,,,,Correia dentada,,,,,"0,3",,,,,,,,,,122 cv,"17,5 kgfm",,,,,,,,,,,,
peugeot,605,605,605-sv-3-0-v6-1994,605-sv-3-0-v6-1994,https://www.fichacompleta.com.br/carros/peugeot/605-sv-3-0-v6-1994,2026-06-17T21:48:57.314566,Peugeot 605 SV 3.0 V6 1994,"10,9 s",217 km/h,Conversor de torque,Automático,ZF 4HP,4,Dianteira,Injeção multiponto,Natural,2975 cm³,6 em V,PRV,"Único no cabeçote, correia dentada",,,Transversal,Dianteiro,"8,4 kg/cv","57,8 kg/kgfm","56,5 cv/litro",168 cv a 5600 rpm,"9,5:1",,"8,2 kgfm/litro","24,5 kgfm a 4600 rpm",2,1415 mm,,4723 mm,2800 mm,1799 mm,1415 kg,438 litros,80 litros,123 mm,Disco ventilado,Disco sólido,Hidráulica,"10,95 m","Independente, McPherson",Mola helicoidal,"Independente, multibraço",720 km,480 km,9 km/l,6 km/l,,,,,1527 mm,1525 mm,73 mm,93 mm,,,,,,,,,,"2,16 m²","0,648 m²","0,3",,,,,,,,,,,,,,,,,,,,,,,,,,,,,,,,,,
peugeot,607,607,607-3-0-v6-2001,607-3-0-v6-2001,https://www.fichacompleta.com.br/carros/peugeot/607-3-0-v6-2001,2026-06-17T21:49:13.915616,Peugeot 607 3.0 V6 2001,"9,9 s",232 km/h,Conversor de torque,Automático,ZF 4HP,4,Dianteira,Injeção multiponto,Natural,2946 cm³,6 em V,ES9J4S,Duplo no cabeçote,"82,6 mm",87 mm,Transversal,Dianteiro,"7,6 kg/cv","54,5 kg/kgfm","70,3 cv/litro",207 cv,"10,9:1",,"9,8 kgfm/litro",29 kgfm,4,1460 mm,,4871 mm,2800 mm,1835 mm,1580 kg,601 litros,80 litros,124 mm,Disco ventilado,Disco sólido,Hidráulica,12 m,"Indep., McPherson",Mola helicoidal,"Indep., braços sobrepostos",1024 km,552 km,"12,8 km/l","6,9 km/l",4,,,12 m,1540 mm,1535 mm,,,6000 rpm,3750 rpm,,Admissão,,,,,,,,,,,,,,,,,,,,,,,,,,,,,,,,,,,,,,,,,,
peugeot,607,607,607-3-0-v6-2002,607-3-0-v6-2002,https://www.fichacompleta.com.br/carros/peugeot/607-3-0-v6-2002,2026-06-17T21:49:18.665861,Peugeot 607 3.0 V6 2002,"9,9 s",232 km/h,Conversor de torque,Automático,ZF 4HP,,Dianteira,Injeção multiponto,Natural,2946 cm³,6 em V,ES9J4S,Duplo no cabeçote,"82,6 mm",87 mm,Transversal,Dianteiro,"7,6 kg/cv","54,5 kg/kgfm","70,3 cv/litro",207 cv,"10,9:1",,"9,8 kgfm/litro",29 kgfm,4,1460 mm,,4871 mm,2800 mm,1835 mm,1580 kg,601 litros,80 litros,124 mm,Disco ventilado,Disco sólido,Hidráulica,,"Indep., McPherson",Mola helicoidal,"Indep., braços sobrepostos",1024 km,552 km,"12,8 km/l","6,9 km/l",4,6000 rpm,3750 rpm,12 m,1540 mm,1535 mm,,,,,,Admissão,,,,,,,,,,,,,,,,,,,,,,,,,,,,,,,,,,,,,,,,,,
peugeot,607,607,607-3-0-v6-2004,607-3-0-v6-2004,https://www.fichacompleta.com.br/carros/peugeot/607-3-0-v6-2004,2026-06-17T21:49:22.023241,Peugeot 607 3.0 V6 2004,"9,9 s",232 km/h,Conversor de torque,Automático,ZF 4HP,4,Dianteira,Injeção multiponto,Natural,2946 cm³,6 em V,ES9A,Duplo no cabeçote,"82,6 mm",87 mm,Transversal,Dianteiro,"7,5 kg/cv","55,4 kg/kgfm","71,3 cv/litro",210 cv a 6000 rpm,"10,9:1",,"9,7 kgfm/litro","28,5 kgfm a 3750 rpm",4,1460 mm,,4871 mm,2800 mm,1835 mm,1580 kg,601 litros,80 litros,124 mm,Disco ventilado,Disco sólido,Hidráulica,12 m,"Independente, McPherson",Mola helicoidal,"Independente, braços sobrepostos",1024 km,552 km,"12,8 km/l","6,9 km/l",,,,,1540 mm,1535 mm,,,,,,Admissão,,,,,,,,,,,,,,,,,,,,,,,,,,,,,,,,,,,,,,,,,,
peugeot,806,806,806-sv-2-0-turbo-1995,806-sv-2-0-turbo-1995,https://www.fichacompleta.com.br/carros/peugeot/806-sv-2-0-turbo-1995,2026-06-17T21:50:00.247867,Peugeot 806 SV 2.0 Turbo 1995,"10,5 s",195 km/h,Embreagem monodisco a seco,Manual,BE3/5,5,Dianteira,Injeção multiponto,Turbocompressor,1998 cm³,4 em linha,XU10J2TE,"Único no cabeçote, correia dentada",86 mm,86 mm,Transversal,Dianteiro,"10,7 kg/cv","65,6 kg/kgfm","73,6 cv/litro",147 cv a 5300 rpm,8:1,6300 rpm,"12,0 kgfm/litro",24 kgfm a 2500 rpm,2,1714 mm,765 kg,4454 mm,2824 mm,1834 mm,1575 kg,,80 litros,133 mm,Disco ventilado,Disco sólido,Hidráulica,"11,8 m","Independente, McPherson",Mola helicoidal,"Independente, braço arrastado",760 km,520 km,"9,5 km/l","6,5 km/l",,,,,1534 mm,1540 mm,,,,,,,,,1300 kg,750 kg,,,,,,,,,,,,,,,,,,,,,,,,,,,,,,,500 litros,340 litros,,,,,,
peugeot,806,806,806-st-2-0-turbo-1999,806-st-2-0-turbo-1999,https://www.fichacompleta.com.br/carros/peugeot/806-st-2-0-turbo-1999,2026-06-17T21:50:03.183506,Peugeot 806 ST 2.0 Turbo 1999,11 s,195 km/h,Embreagem monodisco a seco,Manual,BE3/5,5,Dianteira,Injeção multiponto,Turbocompressor,1998 cm³,4 em linha,XU10J2TE,"Único no cabeçote, correia dentada",86 mm,86 mm,Transversal,Dianteiro,"10,7 kg/cv","65,6 kg/kgfm","73,6 cv/litro",147 cv a 5300 rpm,8:1,6300 rpm,"12,0 kgfm/litro",24 kgfm a 2500 rpm,2,1714 mm,765 kg,4454 mm,2824 mm,1834 mm,1575 kg,,80 litros,133 mm,Disco ventilado,Disco sólido,Hidráulica,"11,8 m","Independente, McPherson",Mola helicoidal,"Independente, braço arrastado",760 km,520 km,"9,5 km/l","6,5 km/l",,,,,1534 mm,1540 mm,,,,,,,,,1300 kg,750 kg,,,,,,,,,,,,,,,,,,,,,,,,,,,,,,,500 litros,340 litros,,,,,,
peugeot,Boxer,boxer,boxer-van-2-8-16-lugares-1999,boxer-van-2-8-16-lugares-1999,https://www.fichacompleta.com.br/carros/peugeot/boxer-van-2-8-16-lugares-1999,2026-06-17T21:50:35.975600,Peugeot Boxer Van 2.8 16 Lugares 1999,25 s,134 km/h,Embreagem monodisco a seco,Manual,BE4/5,,Dianteira,Injeção indireta,Natural,,4 em linha,F28DT,Único no cabeçote,100 mm,"94,4 mm",Transversal,Dianteiro,"21,85 kg/cv","103,7 kg/kgfm","32,0 cv/litro",897 cv,18:1,,"6,8 kgfm/litro","18,9 kgfm",2,2135 mm,1340 kg,5005 mm,3200 mm,1998 mm,1960 kg,100 litros,80 litros,144 mm,Disco ventilado,Tambor,Hidráulica,,"Indep., McPherson",Feixe de molas semielípticas,Eixo rígido,,,,,5,3800 rpm,2000 rpm,Não informado,,,,,,,,,,,,,,,,,,,,,,Correia dentada,,,,,,700 cm³,2799 cm³,10W-40 ³,,,,,,,,,,,,,,,720 km,560 km,9 km/l,7 km/l,,
peugeot,Boxer,boxer,boxer-van-2-8-16-lugares-2000,boxer-van-2-8-16-lugares-2000,https://www.fichacompleta.com.br/carros/peugeot/boxer-van-2-8-16-lugares-2000,2026-06-17T21:50:39.104343,Peugeot Boxer Van 2.8 16 Lugares 2000,25 s,134 km/h,Embreagem monodisco a seco,Manual,BE4/5,,Dianteira,Injeção indireta,Natural,,4 em linha,F28DT,Único no cabeçote,100 mm,"94,4 mm",Transversal,Dianteiro,"21,85 kg/cv","103,7 kg/kgfm","32,0 cv/litro",897 cv,18:1,,"6,8 kgfm/litro","18,9 kgfm",2,2135 mm,1340 kg,5005 mm,3200 mm,1998 mm,1960 kg,100 litros,80 litros,144 mm,Disco ventilado,Tambor,Hidráulica,,"Indep., McPherson",Feixe de molas semielípticas,Eixo rígido,,,,,5,3800 rpm,2000 rpm,Não informado,,,,,,,,,,,,,,,,,,,,,,Correia dentada,,,,,,700 cm³,2799 cm³,10W-40 ³,,,,,,,,,,,,,,,720 km,560 km,9 km/l,7 km/l,,
peugeot,Boxer,boxer,boxer-van-2-8-16-lugares-2001,boxer-van-2-8-16-lugares-2001,https://www.fichacompleta.com.br/carros/peugeot/boxer-van-2-8-16-lugares-2001,2026-06-17T21:50:42.364489,Peugeot Boxer Van 2.8 16 Lugares 2001,25 s,134 km/h,Embreagem monodisco a seco,Manual,BE4/5,,Dianteira,Injeção indireta,Natural,,4 em linha,F28DT,Único no cabeçote,100 mm,"94,4 mm",Transversal,Dianteiro,"21,85 kg/cv","103,7 kg/kgfm","32,0 cv/litro",897 cv,18:1,,"6,8 kgfm/litro","18,9 kgfm",2,2135 mm,1340 kg,5005 mm,3200 mm,1998 mm,1960 kg,100 litros,80 litros,144 mm,Disco ventilado,Tambor,Hidráulica,,"Indep., McPherson",Feixe de molas semielípticas,Eixo rígido,,,,,5,3800 rpm,2000 rpm,Não informado,,,,,,,,,,,,,,,,,,,,,,Correia dentada,,,,,,700 cm³,2799 cm³,10W-40 ³,,,,,,,,,,,,,,,720 km,560 km,9 km/l,7 km/l,,
peugeot,Boxer,boxer,boxer-van-2-8-16-lugares-2002,boxer-van-2-8-16-lugares-2002,https://www.fichacompleta.com.br/carros/peugeot/boxer-van-2-8-16-lugares-2002,2026-06-17T21:50:45.564212,Peugeot Boxer Van 2.8 16 Lugares 2002,25 s,134 km/h,Embreagem monodisco a seco,Manual,BE4/5,,Dianteira,Injeção indireta,Natural,,4 em linha,F28DT,Único no cabeçote,100 mm,"94,4 mm",Transversal,Dianteiro,"21,85 kg/cv","103,7 kg/kgfm","32,0 cv/litro",897 cv,18:1,,"6,8 kgfm/litro","18,9 kgfm",2,2135 mm,1340 kg,5005 mm,3200 mm,1998 mm,1960 kg,100 litros,80 litros,144 mm,Disco ventilado,Tambor,Hidráulica,,"Indep., McPherson",Feixe de molas semielípticas,Eixo rígido,,,,,5,3800 rpm,2000 rpm,Não informado,,,,,,,,,,,,,,,,,,,,,,Correia dentada,,,,,,700 cm³,2799 cm³,10W-40 ³,,,,,,,,,,,,,,,720 km,560 km,9 km/l,7 km/l,,
peugeot,Boxer,boxer,boxer-van-2-8-16-lugares-2003,boxer-van-2-8-16-lugares-2003,https://www.fichacompleta.com.br/carros/peugeot/boxer-van-2-8-16-lugares-2003,2026-06-17T21:50:48.593383,Peugeot Boxer Van 2.8 16 Lugares 2003,25 s,134 km/h,Embreagem monodisco a seco,Manual,BE4/5,5,Dianteira,Injeção indireta,Natural,2800 cm³,4 em linha,SOFIM,"Único no cabeçote, correia dentada",100 mm,88 mm,Transversal,Dianteiro,"21,9 kg/cv","103,7 kg/kgfm","32,0 cv/litro","89,7 cv a 3800 rpm",18:1,,"6,8 kgfm/litro","18,9 kgfm a 2000 rpm",2,2135 mm,1340 kg,5005 mm,3200 mm,1998 mm,1960 kg,100 litros,80 litros,144 mm,Disco ventilado,Tambor,Hidráulica,Não informado,"Independente, McPherson",Feixe de molas semielípticas,Eixo rígido,,,,,,,,,,,,,,,,,,,,,,,,,,,,,,,,,,,,,,,,,,,,,,,,,,,,,720 km,560 km,9 km/l,7 km/l,,
peugeot,Boxer,boxer,boxer-van-2-8-16-lugares-2004,boxer-van-2-8-16-lugares-2004,https://www.fichacompleta.com.br/carros/peugeot/boxer-van-2-8-16-lugares-2004,2026-06-17T21:50:53.235980,Peugeot Boxer Van 2.8 16 Lugares 2004,25 s,134 km/h,Embreagem monodisco a seco,Manual,BE4/5,,Dianteira,Injeção indireta,Natural,,4 em linha,F28DT,Único no cabeçote,100 mm,"94,4 mm",Transversal,Dianteiro,"21,85 kg/cv","103,7 kg/kgfm","32,0 cv/litro",897 cv,18:1,,"6,8 kgfm/litro","18,9 kgfm",2,2135 mm,1340 kg,5005 mm,3200 mm,1998 mm,1960 kg,100 litros,80 litros,144 mm,Disco ventilado,Tambor,Hidráulica,,"Indep., McPherson",Feixe de molas semielípticas,Eixo rígido,,,,,5,3800 rpm,2000 rpm,Não informado,,,,,,,,,,,,,,,,,,,,,,Correia dentada,,,,,,700 cm³,2799 cm³,10W-40 ³,,,,,,,,,,,,,,,720 km,560 km,9 km/l,7 km/l,,
peugeot,Boxer,boxer,boxer-van-2-8-16-lugares-2005,boxer-van-2-8-16-lugares-2005,https://www.fichacompleta.com.br/carros/peugeot/boxer-van-2-8-16-lugares-2005,2026-06-17T21:50:56.055479,Peugeot Boxer Van 2.8 16 Lugares 2005,25 s,134 km/h,Embreagem monodisco a seco,Manual,BE4/5,,Dianteira,Injeção indireta,Natural,2800 cm³,4 em linha,SOFIM,Único no cabeçote,100 mm,88 mm,Transversal,Dianteiro,"21,9 kg/cv","103,7 kg/kgfm","32,0 cv/litro",897 cv,18:1,,"6,8 kgfm/litro","18,9 kgfm",2,2135 mm,1340 kg,5005 mm,3200 mm,1998 mm,1960 kg,100 litros,80 litros,144 mm,Disco ventilado,Tambor,Hidráulica,,"Indep., McPherson",Feixe de molas semielípticas,Eixo rígido,,,,,5,,,Não informado,,,,,3800 rpm,2000 rpm,,,,,,,,,,,,,,,,Correia dentada,,,,,,,,,,,,,,,,,,,,,,,720 km,560 km,9 km/l,7 km/l,,
peugeot,Boxer,boxer,boxer-van-2-8-16-lugares-2006,boxer-van-2-8-16-lugares-2006,https://www.fichacompleta.com.br/carros/peugeot/boxer-van-2-8-16-lugares-2006,2026-06-17T21:50:59.714777,Peugeot Boxer Van 2.8 16 Lugares 2006,21 s,156 km/h,Embreagem monodisco a seco,Manual,BE4/5,5,Dianteira,Injeção direta,Turbocompressor,2799 cm³,4 em linha,Sofim 8140,"Único no cabeçote, correia dentada",100 mm,"94,4 mm",Transversal,Dianteiro,"16,7 kg/cv","69,3 kg/kgfm","45,4 cv/litro",127 cv a 3600 rpm,"18,5:1",,"10,9 kgfm/litro","30,6 kgfm a 1800 rpm",2,2135 mm,1180 kg,5099 mm,3200 mm,1998 mm,2120 kg,150 litros,80 litros,144 mm,Disco ventilado,Disco sólido,Hidráulica,"12,1 m","Independente, McPherson",Feixe de molas semielípticas,Eixo rígido,,,,,,,,,,,,,,,,,,,,,,,,,,,,,,,,,,,,,,,,,,,,,,,,,,,,,880 km,680 km,11 km/l,"8,5 km/l",,
peugeot,Boxer,boxer,boxer-van-2-8-16-lugares-2007,boxer-van-2-8-16-lugares-2007,https://www.fichacompleta.com.br/carros/peugeot/boxer-van-2-8-16-lugares-2007,2026-06-17T21:51:04.460951,Peugeot Boxer Van 2.8 16 Lugares 2007,21 s,156 km/h,Embreagem monodisco a seco,Manual,BE4/5,,Dianteira,Injeção direta,Turbocompressor,,4 em linha,F28DT,Único no cabeçote,100 mm,"94,4 mm",Transversal,Dianteiro,"16,69 kg/cv","69,3 kg/kgfm","45,4 cv/litro",127 cv,"18,5:1",,"10,9 kgfm/litro","30,6 kgfm",2,2135 mm,1180 kg,5099 mm,3200 mm,1998 mm,2120 kg,150 litros,80 litros,144 mm,Disco ventilado,Disco sólido,Hidráulica,,"Indep., McPherson",Feixe de molas semielípticas,Eixo rígido,,,,,5,3600 rpm,1800 rpm,"12,1 m",,,,,,,,,,,,,,,,,,,,,,Correia dentada,,,,,,700 cm³,2799 cm³,10W-40 ³,,,,,,,,,,,,,,,880 km,680 km,11 km/l,"8,5 km/l",,
peugeot,Boxer,boxer,boxer-van-2-8-16-lugares-2008,boxer-van-2-8-16-lugares-2008,https://www.fichacompleta.com.br/carros/peugeot/boxer-van-2-8-16-lugares-2008,2026-06-17T21:51:06.926615,Peugeot Boxer Van 2.8 16 Lugares 2008,21 s,156 km/h,Embreagem monodisco a seco,Manual,BE4/5,,Dianteira,Injeção direta,Turbocompressor,2799 cm³,4 em linha,Sofim 8140,Único no cabeçote,100 mm,"94,4 mm",Transversal,Dianteiro,"16,7 kg/cv","69,3 kg/kgfm","45,4 cv/litro",127 cv,"18,5:1",,"10,9 kgfm/litro","30,6 kgfm",2,2135 mm,1180 kg,5099 mm,3200 mm,1998 mm,2120 kg,150 litros,80 litros,144 mm,Disco ventilado,Disco sólido,Hidráulica,,"Indep., McPherson",Feixe de molas semielípticas,Eixo rígido,,,,,5,,,"12,1 m",,,,,3600 rpm,1800 rpm,,,,,,,,,,,,,,,,Correia dentada,,,,,,,,,,,,,,,,,,,,,,,880 km,680 km,11 km/l,"8,5 km/l",,
peugeot,Boxer,boxer,boxer-van-2-8-16-lugares-2009,boxer-van-2-8-16-lugares-2009,https://www.fichacompleta.com.br/carros/peugeot/boxer-van-2-8-16-lugares-2009,2026-06-17T21:51:11.858481,Peugeot Boxer Van 2.8 16 Lugares 2009,21 s,156 km/h,Embreagem monodisco a seco,Manual,BE4/5,,Dianteira,Injeção direta,Turbocompressor,,4 em linha,F28DT,Único no cabeçote,100 mm,"94,4 mm",Transversal,Dianteiro,"16,69 kg/cv","69,3 kg/kgfm","45,4 cv/litro",127 cv,"18,5:1",,"10,9 kgfm/litro","30,6 kgfm",2,2135 mm,1180 kg,5099 mm,3200 mm,1998 mm,2120 kg,150 litros,80 litros,144 mm,Disco ventilado,Disco sólido,Hidráulica,,"Indep., McPherson",Feixe de molas semielípticas,Eixo rígido,,,,,5,3600 rpm,1800 rpm,"12,1 m",,,,,,,,,,,,,,,,,,,,,,Correia dentada,,,,,,700 cm³,2799 cm³,10W-40 ³,,,,,,,,,,,,,,,880 km,680 km,11 km/l,"8,5 km/l",,
peugeot,Boxer,boxer,boxer-van-2-3-16-lugares-2010,boxer-van-2-3-16-lugares-2010,https://www.fichacompleta.com.br/carros/peugeot/boxer-van-2-3-16-lugares-2010,2026-06-17T21:51:14.802318,Peugeot Boxer Van 2.3 16 Lugares 2010,20 s,156 km/h,Embreagem monodisco a seco,Manual,BE4/5,,Dianteira,Injeção direta,Turbocompressor,2287 cm³,4 em linha,Multijet F1A,Duplo no cabeçote,94 mm,88 mm,Transversal,Dianteiro,"16,5 kg/cv","68,4 kg/kgfm","55,5 cv/litro",127 cv,19:1,,"13,4 kgfm/litro","30,7 kgfm",4,2135 mm,1200 kg,5099 mm,3200 mm,1998 mm,2100 kg,150 litros,80 litros,144 mm,Disco ventilado,Disco sólido,Hidráulica,,"Indep., McPherson",Feixe de molas semielípticas,Eixo rígido,,,,,5,,,Não informado,,,,,3600 rpm,1800 rpm,Hidráulicos,,,,,,,,,,,,,,,Correia dentada,,,,,,,,,,,,,,,,,,,,,,,960 km,720 km,12 km/l,9 km/l,,
peugeot,Boxer,boxer,boxer-van-2-3-16-lugares-2011,boxer-van-2-3-16-lugares-2011,https://www.fichacompleta.com.br/carros/peugeot/boxer-van-2-3-16-lugares-2011,2026-06-17T21:51:19.119496,Peugeot Boxer Van 2.3 16 Lugares 2011,20 s,156 km/h,Embreagem monodisco a seco,Manual,BE4/5,5,Dianteira,Injeção direta,Turbocompressor,2287 cm³,4 em linha,Multijet F1A,Duplo no cabeçote,94 mm,88 mm,Transversal,Dianteiro,"16,5 kg/cv","68,4 kg/kgfm","55,5 cv/litro",127 cv,19:1,,"13,4 kgfm/litro","30,7 kgfm",4,2135 mm,1200 kg,5099 mm,3200 mm,1998 mm,2100 kg,150 litros,80 litros,144 mm,Disco ventilado,Disco sólido,Hidráulica,Não informado,"Indep., McPherson",Feixe de molas semielípticas,Eixo rígido,,,,,5,,,Não informado,,,,,3600 rpm,1800 rpm,Hidráulicos,,,,,,,,,,,,,,,Correia dentada,,,,,,,,,,,,,,,,,,,,,,,960 km,720 km,12 km/l,9 km/l,,
peugeot,Boxer,boxer,boxer-van-2-3-16-lugares-2012,boxer-van-2-3-16-lugares-2012,https://www.fichacompleta.com.br/carros/peugeot/boxer-van-2-3-16-lugares-2012,2026-06-17T21:51:23.328292,Peugeot Boxer Van 2.3 16 Lugares 2012,20 s,156 km/h,Embreagem monodisco a seco,Manual,BE4/5,,Dianteira,Injeção direta,Turbocompressor,2287 cm³,4 em linha,Multijet F1A,Duplo no cabeçote,94 mm,88 mm,Transversal,Dianteiro,"16,5 kg/cv","68,4 kg/kgfm","55,5 cv/litro",127 cv,19:1,,"13,4 kgfm/litro","30,7 kgfm",4,2135 mm,1200 kg,5099 mm,3200 mm,1998 mm,2100 kg,150 litros,80 litros,144 mm,Disco ventilado,Disco sólido,Hidráulica,,"Indep., McPherson",Feixe de molas semielípticas,Eixo rígido,,,,,5,3600 rpm,1800 rpm,Não informado,,,,,,,Hidráulicos,,,,,,,,,,,,,,,Correia dentada,,,,,,,,,,,,,,,,,,,,,,,960 km,720 km,12 km/l,9 km/l,,
peugeot,Boxer,boxer,boxer-furgao-2-3-2013,boxer-furgao-2-3-2013,https://www.fichacompleta.com.br/carros/peugeot/boxer-furgao-2-3-2013,2026-06-17T21:51:27.919457,Peugeot Boxer Furgão 2.3 2013,22 s,150 km/h,Embreagem monodisco a seco,Manual,BE4/5,,Dianteira,Injeção direta,Turbocompressor,,4 em linha,Multijet F1A,Duplo no cabeçote,94 mm,88 mm,Transversal,Dianteiro,"15,43 kg/cv","60,1 kg/kgfm","55,5 cv/litro",127 cv,19:1,,"14,3 kgfm/litro","32,6 kgfm",4,2450 mm,1540 kg,5599 mm,3700 mm,1998 mm,1960 kg,12000 litros,80 litros,154 mm,Disco ventilado,Disco sólido,Hidráulica,,"Indep., McPherson",Feixe de molas semielípticas,Eixo rígido,,,,,5,3600 rpm,1800 rpm,Não informado,,,,,,,Hidráulicos,,,,,,,,,,,,,,,Correia dentada,,,,,,572 cm³,2287 cm³,,,,,,,,,,,,,,,,880 km,720 km,11 km/l,9 km/l,,
peugeot,Boxer,boxer,boxer-van-2-3-16-lugares-2013,boxer-van-2-3-16-lugares-2013,https://www.fichacompleta.com.br/carros/peugeot/boxer-van-2-3-16-lugares-2013,2026-06-17T21:51:32.472491,Peugeot Boxer Van 2.3 16 Lugares 2013,20 s,156 km/h,Embreagem monodisco a seco,Manual,BE4/5,5,Dianteira,Injeção direta,Turbocompressor,2287 cm³,4 em linha,Multijet F1A,"Duplo no cabeçote, correia dentada",94 mm,88 mm,Transversal,Dianteiro,"16,5 kg/cv","64,4 kg/kgfm","55,5 cv/litro",127 cv a 3600 rpm,19:1,,"14,3 kgfm/litro","32,6 kgfm a 1800 rpm",4,2135 mm,1200 kg,5099 mm,3200 mm,1998 mm,2100 kg,150 litros,80 litros,144 mm,Disco ventilado,Disco sólido,Hidráulica,Não informado,"Independente, McPherson",Feixe de molas semielípticas,Eixo rígido,,,,,,,,,,,,,,,Hidráulicos,,,,,,,,,,,,,,,,,,,,,,,,,,,,,,,,,,,,,,960 km,720 km,12 km/l,9 km/l,,
peugeot,Boxer,boxer,boxer-furgao-2-3-2014,boxer-furgao-2-3-2014,https://www.fichacompleta.com.br/carros/peugeot/boxer-furgao-2-3-2014,2026-06-17T21:51:35.669643,Peugeot Boxer Furgão 2.3 2014,22 s,150 km/h,Embreagem monodisco a seco,Manual,BE4/5,,Dianteira,Injeção direta,Turbocompressor,,4 em linha,Multijet F1A,Duplo no cabeçote,94 mm,88 mm,Transversal,Dianteiro,"15,43 kg/cv","60,1 kg/kgfm","55,5 cv/litro",127 cv,19:1,,"14,3 kgfm/litro","32,6 kgfm",4,2450 mm,1540 kg,5599 mm,3700 mm,1998 mm,1960 kg,12000 litros,80 litros,154 mm,Disco ventilado,Disco sólido,Hidráulica,,"Indep., McPherson",Feixe de molas semielípticas,Eixo rígido,,,,,5,3600 rpm,1800 rpm,Não informado,,,,,,,Hidráulicos,,,,,,,,,,,,,,,Correia dentada,,,,,,572 cm³,2287 cm³,,,,,,,,,,,,,,,,880 km,720 km,11 km/l,9 km/l,,
peugeot,Boxer,boxer,boxer-van-2-3-16-lugares-2014,boxer-van-2-3-16-lugares-2014,https://www.fichacompleta.com.br/carros/peugeot/boxer-van-2-3-16-lugares-2014,2026-06-17T21:51:39.595499,Peugeot Boxer Van 2.3 16 Lugares 2014,20 s,156 km/h,Embreagem monodisco a seco,Manual,BE4/5,5,Dianteira,Injeção direta,Turbocompressor,2287 cm³,4 em linha,Multijet F1A,"Duplo no cabeçote, correia dentada",94 mm,88 mm,Transversal,Dianteiro,"16,5 kg/cv","64,4 kg/kgfm","55,5 cv/litro",127 cv a 3600 rpm,19:1,,"14,3 kgfm/litro","32,6 kgfm a 1800 rpm",4,2135 mm,1200 kg,5099 mm,3200 mm,1998 mm,2100 kg,150 litros,80 litros,144 mm,Disco ventilado,Disco sólido,Hidráulica,Não informado,"Independente, McPherson",Feixe de molas semielípticas,Eixo rígido,,,,,,,,,,,,,,,Hidráulicos,,,,,,,,,,,,,,,,,,,,,,,,,,,,,,,,,,,,,,960 km,720 km,12 km/l,9 km/l,,
peugeot,Boxer,boxer,boxer-furgao-2-3-2015,boxer-furgao-2-3-2015,https://www.fichacompleta.com.br/carros/peugeot/boxer-furgao-2-3-2015,2026-06-17T21:51:45.419584,Peugeot Boxer Furgão 2.3 2015,22 s,150 km/h,Embreagem monodisco a seco,Manual,BE4/5,5,Dianteira,Injeção direta,Turbocompressor,2287 cm³,4 em linha,Multijet F1A,"Duplo no cabeçote, correia dentada",94 mm,88 mm,Transversal,Dianteiro,"15,4 kg/cv","60,1 kg/kgfm","55,5 cv/litro",127 cv a 3600 rpm,19:1,,"14,3 kgfm/litro","32,6 kgfm a 1800 rpm",4,2450 mm,1540 kg,5599 mm,3700 mm,1998 mm,1960 kg,12000 litros,80 litros,154 mm,Disco ventilado,Disco sólido,Hidráulica,Não informado,"Independente, McPherson",Feixe de molas semielípticas,Eixo rígido,,,,,,,,,,,,,,,Hidráulicos,,,,,,,,,,,,,,,,,,,,,,,,,,,,,,,,,,,,,,880 km,720 km,11 km/l,9 km/l,,
peugeot,Boxer,boxer,boxer-van-2-3-16-lugares-2015,boxer-van-2-3-16-lugares-2015,https://www.fichacompleta.com.br/carros/peugeot/boxer-van-2-3-16-lugares-2015,2026-06-17T21:51:48.463706,Peugeot Boxer Van 2.3 16 Lugares 2015,20 s,156 km/h,Embreagem monodisco a seco,Manual,BE4/5,5,Dianteira,Injeção direta,Turbocompressor,2287 cm³,4 em linha,Multijet F1A,"Duplo no cabeçote, correia dentada",94 mm,88 mm,Transversal,Dianteiro,"16,5 kg/cv","64,4 kg/kgfm","55,5 cv/litro",127 cv a 3600 rpm,19:1,,"14,3 kgfm/litro","32,6 kgfm a 1800 rpm",4,2150 mm,1200 kg,5099 mm,3200 mm,1998 mm,2100 kg,100 litros,80 litros,144 mm,Disco ventilado,Disco sólido,Hidráulica,Não informado,"Independente, McPherson",Feixe de molas semielípticas,Eixo rígido,,,,,,,,,,,,,,,Hidráulicos,,,,,,,,,,,,,,,,,,,,,,,,,,,,,,,,,,,,,,960 km,800 km,12 km/l,10 km/l,,
peugeot,Boxer,boxer,boxer-furgao-2-3-2016,boxer-furgao-2-3-2016,https://www.fichacompleta.com.br/carros/peugeot/boxer-furgao-2-3-2016,2026-06-17T21:51:51.683336,Peugeot Boxer Furgão 2.3 2016,22 s,150 km/h,Embreagem monodisco a seco,Manual,BE4/5,5,Dianteira,Injeção direta,Turbocompressor,2287 cm³,4 em linha,Multijet F1A,"Duplo no cabeçote, correia dentada",94 mm,88 mm,Transversal,Dianteiro,"15,4 kg/cv","60,1 kg/kgfm","55,5 cv/litro",127 cv a 3600 rpm,19:1,,"14,3 kgfm/litro","32,6 kgfm a 1800 rpm",4,2450 mm,1540 kg,5599 mm,3700 mm,1998 mm,1960 kg,12000 litros,80 litros,154 mm,Disco ventilado,Disco sólido,Hidráulica,Não informado,"Independente, McPherson",Feixe de molas semielípticas,Eixo rígido,,,,,,,,,,,,,,,Hidráulicos,,,,,,,,,,,,,,,,,,,,,,,,,,,,,,,,,,,,,,768 km,632 km,"9,6 km/l","7,9 km/l",,
peugeot,Boxer,boxer,boxer-van-2-3-16-lugares-2016,boxer-van-2-3-16-lugares-2016,https://www.fichacompleta.com.br/carros/peugeot/boxer-van-2-3-16-lugares-2016,2026-06-17T21:51:54.713465,Peugeot Boxer Van 2.3 16 Lugares 2016,20 s,156 km/h,Embreagem monodisco a seco,Manual,BE4/5,5,Dianteira,Injeção direta,Turbocompressor,2287 cm³,4 em linha,Multijet F1A,"Duplo no cabeçote, correia dentada",94 mm,88 mm,Transversal,Dianteiro,"16,5 kg/cv","64,4 kg/kgfm","55,5 cv/litro",127 cv a 3600 rpm,19:1,,"14,3 kgfm/litro","32,6 kgfm a 1800 rpm",4,2150 mm,1200 kg,5099 mm,3200 mm,1998 mm,2100 kg,100 litros,80 litros,144 mm,Disco ventilado,Disco sólido,Hidráulica,Não informado,"Independente, McPherson",Feixe de molas semielípticas,Eixo rígido,,,,,,,,,,,,,,,Hidráulicos,,,,,,,,,,,,,,,,,,,,,,,,,,,,,,,,,,,,,,768 km,632 km,"9,6 km/l","7,9 km/l",,
peugeot,Boxer,boxer,boxer-van-2-3-16-lugares-2017,boxer-van-2-3-16-lugares-2017,https://www.fichacompleta.com.br/carros/peugeot/boxer-van-2-3-16-lugares-2017,2026-06-17T21:51:57.563518,Peugeot Boxer Van 2.3 16 Lugares 2017,20 s,156 km/h,Embreagem monodisco a seco,Manual,BE4/5,5,Dianteira,Injeção direta,Turbocompressor,2287 cm³,4 em linha,Multijet F1A,"Duplo no cabeçote, correia dentada",94 mm,88 mm,Transversal,Dianteiro,"16,5 kg/cv","64,4 kg/kgfm","55,5 cv/litro",127 cv a 3600 rpm,19:1,,"14,3 kgfm/litro","32,6 kgfm a 1800 rpm",4,2150 mm,1200 kg,5099 mm,3200 mm,1998 mm,2100 kg,100 litros,80 litros,144 mm,Disco ventilado,Disco sólido,Hidráulica,Não informado,"Independente, McPherson",Feixe de molas semielípticas,Eixo rígido,,,,,,,,,,,,,,,Hidráulicos,,,,,,,,,,,,,,,,,,,,,,,,,,,,,,,,,,,,,,768 km,632 km,"9,6 km/l","7,9 km/l",,
peugeot,Boxer,boxer,boxer-furgao-2-0-2019,boxer-furgao-2-0-2019,https://www.fichacompleta.com.br/carros/peugeot/boxer-furgao-2-0-2019,2026-06-17T21:52:02.086482,Peugeot Boxer Furgão 2.0 2019,22 s,150 km/h,Embreagem monodisco a seco,Manual,ML6C,6,Dianteira,Injeção direta,Turbocompressor,1997 cm³,4 em linha,DW10FD,"Duplo no cabeçote, correia dentada",88 mm,85 mm,Transversal,Dianteiro,"16,3 kg/cv","61,2 kg/kgfm","65,1 cv/litro",130 cv a 3500 rpm,Não informada,,"17,4 kgfm/litro","34,7 kgfm a 1750 rpm",4,2522 mm,1667 kg,5998 mm,4035 mm,2050 mm,2122 kg,13000 litros,90 litros,169 mm,Disco ventilado,Disco sólido,Hidráulica,"14,2 m","Independente, McPherson",Feixe de molas semielípticas,Eixo rígido,,,,,,,,,1810 mm,1790 mm,,,,,,,,,,,,,,,,,,,171 mm,,,,,,,,,,,,,,,,,,,,,,,,864 km,855 km,"9,6 km/l","9,5 km/l",,
peugeot,Boxer,boxer,boxer-furgao-2-0-2019-diesel,boxer-furgao-2-0-2019-diesel,https://www.fichacompleta.com.br/carros/peugeot/boxer-furgao-2-0-2019-diesel,2026-06-17T21:52:06.737504,Peugeot Boxer Furgão 2.0 2019,22 s,150 km/h,Embreagem monodisco a seco,Manual,ML6C,,Dianteira,Injeção direta,Turbocompressor,,4 em linha,DW10FD,Duplo no cabeçote,88 mm,85 mm,Transversal,Dianteiro,"16,32 kg/cv","61,2 kg/kgfm","65,1 cv/litro",130 cv,"16,7:1",5000 rpm,"17,4 kgfm/litro","34,7 kgfm",4,2522 mm,1667 kg,5998 mm,4035 mm,2050 mm,2122 kg,13000 litros,90 litros,169 mm,Disco ventilado,Disco sólido,Eletro-hidráulica,,"Indep., McPherson",Feixe de molas semielípticas,Eixo rígido,,,,,6,3500 rpm,1750 rpm,"14,2 m",1810 mm,1790 mm,,,,,,,,,750 kg,750 kg,225/75 R16,,,,,,,,171 mm,Correia dentada,,,,,,499 cm³,1997 cm³,,,,,,,,,,,,,,,,864 km,855 km,"9,6 km/l","9,5 km/l",,
peugeot,Boxer,boxer,boxer-minibus-2-0-2019,boxer-minibus-2-0-2019,https://www.fichacompleta.com.br/carros/peugeot/boxer-minibus-2-0-2019,2026-06-17T21:52:09.540133,Peugeot Boxer Minibus 2.0 2019,22 s,150 km/h,Embreagem monodisco a seco,Manual,ML6C,,Dianteira,Injeção direta,Turbocompressor,1997 cm³,4 em linha,DW10FD,Duplo no cabeçote,88 mm,85 mm,Transversal,Dianteiro,"20,7 kg/cv","77,6 kg/kgfm","65,1 cv/litro",130 cv,"16,7:1",5000 rpm,"17,4 kgfm/litro","34,7 kgfm",4,2522 mm,1159 kg,5998 mm,4035 mm,2050 mm,2691 kg,1000 litros,90 litros,169 mm,Disco ventilado,Disco sólido,Eletro-hidráulica,,"Indep., McPherson",Feixe de molas semielípticas,Eixo rígido,,,,,6,3500 rpm,1750 rpm,"14,2 m",1810 mm,1790 mm,,,,,,,,,750 kg,750 kg,225/75 R16,,,,,,,,171 mm,Correia dentada,,,,,,,,,,,,,,,,,,,,,,,810 km,783 km,9 km/l,"8,7 km/l",,
peugeot,Boxer,boxer,boxer-furgao-2-0-2020,boxer-furgao-2-0-2020,https://www.fichacompleta.com.br/carros/peugeot/boxer-furgao-2-0-2020,2026-06-17T21:52:12.134432,Peugeot Boxer Furgão 2.0 2020,22 s,150 km/h,Embreagem monodisco a seco,Manual,ML6C,,Dianteira,Injeção direta,Turbocompressor,1997 cm³,4 em linha,DW10FD,Duplo no cabeçote,88 mm,85 mm,Transversal,Dianteiro,"16,3 kg/cv","61,2 kg/kgfm","65,1 cv/litro",130 cv,"16,7:1",5000 rpm,"17,4 kgfm/litro","34,7 kgfm",4,2522 mm,1667 kg,5998 mm,4035 mm,2050 mm,2122 kg,13000 litros,90 litros,169 mm,Disco ventilado,Disco sólido,Eletro-hidráulica,,"Indep., McPherson",Feixe de molas semielípticas,Eixo rígido,,,,,6,3500 rpm,1750 rpm,"14,2 m",1810 mm,1790 mm,,,,,,,,,750 kg,750 kg,225/75 R16,,,,,,,,171 mm,Correia dentada,,,,,,,,,,,,,,,,,,,,,,,864 km,855 km,"9,6 km/l","9,5 km/l",,
peugeot,Boxer,boxer,boxer-minibus-2-0-2020,boxer-minibus-2-0-2020,https://www.fichacompleta.com.br/carros/peugeot/boxer-minibus-2-0-2020,2026-06-17T21:52:15.671541,Peugeot Boxer Minibus 2.0 2020,22 s,150 km/h,Embreagem monodisco a seco,Manual,ML6C,,Dianteira,Injeção direta,Turbocompressor,1997 cm³,4 em linha,DW10FD,Duplo no cabeçote,88 mm,85 mm,Transversal,Dianteiro,"20,7 kg/cv","77,6 kg/kgfm","65,1 cv/litro",130 cv,"16,7:1",5000 rpm,"17,4 kgfm/litro","34,7 kgfm",4,2522 mm,1159 kg,5998 mm,4035 mm,2050 mm,2691 kg,1000 litros,90 litros,169 mm,Disco ventilado,Disco sólido,Eletro-hidráulica,,"Indep., McPherson",Feixe de molas semielípticas,Eixo rígido,,,,,6,3500 rpm,1750 rpm,"14,2 m",1810 mm,1790 mm,,,,,,,,,750 kg,750 kg,225/75 R16,,,,,,,,171 mm,Correia dentada,,,,,,,,,,,,,,,,,,,,,,,810 km,783 km,9 km/l,"8,7 km/l",,
peugeot,Boxer,boxer,boxer-furgao-2-0-2021,boxer-furgao-2-0-2021,https://www.fichacompleta.com.br/carros/peugeot/boxer-furgao-2-0-2021,2026-06-17T21:52:18.789212,Peugeot Boxer Furgão 2.0 2021,22 s,150 km/h,Embreagem monodisco a seco,Manual,ML6C,,Dianteira,Injeção direta,Turbocompressor,1997 cm³,4 em linha,DW10FD,Duplo no cabeçote,88 mm,85 mm,Transversal,Dianteiro,"16,3 kg/cv","61,2 kg/kgfm","65,1 cv/litro",130 cv,"16,7:1",5000 rpm,"17,4 kgfm/litro","34,7 kgfm",4,2522 mm,1667 kg,5998 mm,4035 mm,2050 mm,2122 kg,13000 litros,90 litros,169 mm,Disco ventilado,Disco sólido,Eletro-hidráulica,,"Indep., McPherson",Feixe de molas semielípticas,Eixo rígido,,,,,6,3500 rpm,1750 rpm,"14,2 m",1810 mm,1790 mm,,,,,,,,,750 kg,750 kg,225/75 R16,,,,,,,,171 mm,Correia dentada,,,,,,,,,,,,,,,,,,,,,,,864 km,855 km,"9,6 km/l","9,5 km/l",,
peugeot,Boxer,boxer,boxer-minibus-2-0-2021,boxer-minibus-2-0-2021,https://www.fichacompleta.com.br/carros/peugeot/boxer-minibus-2-0-2021,2026-06-17T21:52:22.041587,Peugeot Boxer Minibus 2.0 2021,22 s,150 km/h,Embreagem monodisco a seco,Manual,ML6C,,Dianteira,Injeção direta,Turbocompressor,1997 cm³,4 em linha,DW10FD,Duplo no cabeçote,88 mm,85 mm,Transversal,Dianteiro,"20,7 kg/cv","77,6 kg/kgfm","65,1 cv/litro",130 cv,"16,7:1",5000 rpm,"17,4 kgfm/litro","34,7 kgfm",4,2522 mm,1159 kg,5998 mm,4035 mm,2050 mm,2691 kg,1000 litros,90 litros,169 mm,Disco ventilado,Disco sólido,Eletro-hidráulica,,"Indep., McPherson",Feixe de molas semielípticas,Eixo rígido,,,,,6,3500 rpm,1750 rpm,"14,2 m",1810 mm,1790 mm,,,,,,,,,750 kg,750 kg,225/75 R16,,,,,,,,171 mm,Correia dentada,,,,,,,,,,,,,,,,,,,,,,,810 km,783 km,9 km/l,"8,7 km/l",,
peugeot,Boxer,boxer,boxer-cargo-2-0-2022,boxer-cargo-2-0-2022,https://www.fichacompleta.com.br/carros/peugeot/boxer-cargo-2-0-2022,2026-06-17T21:52:24.994255,Peugeot Boxer Cargo 2.0 2022,22 s,150 km/h,Embreagem monodisco a seco,Manual,ML6C,,Dianteira,Injeção direta,Turbocompressor,1997 cm³,4 em linha,DW10FD,Duplo no cabeçote,88 mm,85 mm,Transversal,Dianteiro,"16,8 kg/cv","63,1 kg/kgfm","65,1 cv/litro",,"16,7:1",5000 rpm,"17,4 kgfm/litro",,4,2522 mm,1311 kg,5998 mm,4035 mm,2050 mm,2189 kg,13000 litros,90 litros,169 mm,Disco ventilado,Disco sólido,Eletro-hidráulica,,"Indep., McPherson",Feixe de molas semielípticas,Eixo rígido,,,,,6,,,"14,2 m",1810 mm,1790 mm,,,3500 rpm,1750 rpm,,,,,750 kg,750 kg,225/75 R16,,,,,,,,171 mm,Correia dentada,,,,,,,,,,,,,,,130 cv,"34,7 kgfm",,,,,,,864 km,855 km,"9,6 km/l","9,5 km/l",,
peugeot,Boxer,boxer,boxer-cargo-2-2-2022,boxer-cargo-2-2-2022,https://www.fichacompleta.com.br/carros/peugeot/boxer-cargo-2-2-2022,2026-06-17T21:52:27.674355,Peugeot Boxer Cargo 2.2 2022,19 s,152 km/h,Embreagem monodisco a seco,Manual,ML6C,,Dianteira,Injeção direta,Turbocompressor,,4 em linha,DW12,Duplo no cabeçote,96 mm,85 mm,Transversal,Dianteiro,"15,64 kg/cv","63,1 kg/kgfm","64,2 cv/litro",140 cv,"15,8:1",,"15,9 kgfm/litro","34,7 kgfm",4,2522 mm,1311 kg,5998 mm,4035 mm,2050 mm,2189 kg,13000 litros,90 litros,169 mm,Disco ventilado,Disco sólido,Hidráulica,,"Indep., McPherson",Feixe de molas semielípticas,Eixo rígido,,,,,6,3750 rpm,2000 rpm,"14,2 m",1810 mm,1790 mm,,,,,,,,,750 kg,750 kg,225/75 R16,,,,,,,,171 mm,Correia dentada,,,,,,545 cm³,2179 cm³,,,,,,,,,,,,,,,,891 km,900 km,"9,9 km/l",10 km/l,,
peugeot,Boxer,boxer,boxer-furgao-2-0-2022,boxer-furgao-2-0-2022,https://www.fichacompleta.com.br/carros/peugeot/boxer-furgao-2-0-2022,2026-06-17T21:52:31.080545,Peugeot Boxer Furgão 2.0 2022,22 s,150 km/h,Embreagem monodisco a seco,Manual,ML6C,6,Dianteira,Injeção direta,Turbocompressor,1997 cm³,4 em linha,DW10FD,"Duplo no cabeçote, correia dentada",88 mm,85 mm,Transversal,Dianteiro,"16,3 kg/cv","61,2 kg/kgfm","65,1 cv/litro",130 cv a 3500 rpm,Não informada,,"17,4 kgfm/litro","34,7 kgfm a 1750 rpm",4,2522 mm,1667 kg,5998 mm,4035 mm,2050 mm,2122 kg,13000 litros,90 litros,169 mm,Disco ventilado,Disco sólido,Hidráulica,"14,2 m","Independente, McPherson",Feixe de molas semielípticas,Eixo rígido,,,,,,,,,1810 mm,1790 mm,,,,,,,,,,,,,,,,,,,171 mm,,,,,,,,,,,,,,,,,,,,,,,,864 km,855 km,"9,6 km/l","9,5 km/l",,
peugeot,Boxer,boxer,boxer-furgao-2-2-2022,boxer-furgao-2-2-2022,https://www.fichacompleta.com.br/carros/peugeot/boxer-furgao-2-2-2022,2026-06-17T21:52:33.686244,Peugeot Boxer Furgão 2.2 2022,19 s,152 km/h,Embreagem monodisco a seco,Manual,ML6C,,Dianteira,Injeção direta,Turbocompressor,,4 em linha,DW12,Duplo no cabeçote,96 mm,85 mm,Transversal,Dianteiro,"15,16 kg/cv","61,2 kg/kgfm","64,2 cv/litro",140 cv,"15,8:1",,"15,9 kgfm/litro","34,7 kgfm",4,2522 mm,1667 kg,5998 mm,4035 mm,2050 mm,2122 kg,13000 litros,90 litros,169 mm,Disco ventilado,Disco sólido,Hidráulica,,"Indep., McPherson",Feixe de molas semielípticas,Eixo rígido,,,,,6,3750 rpm,2000 rpm,"14,2 m",1810 mm,1790 mm,,,,,,,,,750 kg,750 kg,225/75 R16,,,,,,,,171 mm,Correia dentada,,,,,,545 cm³,2179 cm³,,,,,,,,,,,,,,,,891 km,900 km,"9,9 km/l",10 km/l,,
peugeot,Boxer,boxer,boxer-minibus-2-0-2022,boxer-minibus-2-0-2022,https://www.fichacompleta.com.br/carros/peugeot/boxer-minibus-2-0-2022,2026-06-17T21:52:38.468594,Peugeot Boxer Minibus 2.0 2022,22 s,150 km/h,Embreagem monodisco a seco,Manual,ML6C,,Dianteira,Injeção direta,Turbocompressor,1997 cm³,4 em linha,DW10FD,Duplo no cabeçote,88 mm,85 mm,Transversal,Dianteiro,"20,7 kg/cv","77,6 kg/kgfm","65,1 cv/litro",,"16,7:1",5000 rpm,"17,4 kgfm/litro",,4,2522 mm,1159 kg,5998 mm,4035 mm,2050 mm,2691 kg,1000 litros,90 litros,169 mm,Disco ventilado,Disco sólido,Eletro-hidráulica,,"Indep., McPherson",Feixe de molas semielípticas,Eixo rígido,,,,,6,,,"14,2 m",1810 mm,1790 mm,,,3500 rpm,1750 rpm,,,,,750 kg,750 kg,225/75 R16,,,,,,,,171 mm,Correia dentada,,,,,,,,,,,,,,,130 cv,"34,7 kgfm",,,,,,,810 km,783 km,9 km/l,"8,7 km/l",,
peugeot,Boxer,boxer,boxer-cargo-2-2-2023-diesel,boxer-cargo-2-2-2023-diesel,https://www.fichacompleta.com.br/carros/peugeot/boxer-cargo-2-2-2023-diesel,2026-06-17T21:52:41.877366,Peugeot Boxer Cargo 2.2 2023,"14,9 s",160 km/h,Embreagem monodisco a seco,Manual,ML6C,,Dianteira,Injeção direta,Turbocompressor,,4 em linha,DW12,Duplo no cabeçote,96 mm,85 mm,Transversal,Dianteiro,"15,29 kg/cv","61,7 kg/kgfm","64,2 cv/litro",140 cv,"15,8:1",,"15,9 kgfm/litro","34,7 kgfm",4,2522 mm,1360 kg,5413 mm,3450 mm,2050 mm,2140 kg,11500 litros,90 litros,169 mm,Disco ventilado,Disco sólido,Hidráulica,,"Indep., McPherson",Feixe de molas semielípticas,Eixo rígido,,,,,6,3750 rpm,2000 rpm,"14,2 m",1810 mm,1790 mm,,,,,Hidráulicos,,,,750 kg,750 kg,225/75 R16,,,,,,,,171 mm,Correia dentada,,,,,,545 cm³,2179 cm³,,,,,,,,,,,,,,,,891 km,900 km,"9,9 km/l",10 km/l,,
peugeot,Boxer,boxer,boxer-cargo-2-2-2023,boxer-cargo-2-2-2023,https://www.fichacompleta.com.br/carros/peugeot/boxer-cargo-2-2-2023,2026-06-17T21:52:45.280571,Peugeot Boxer Cargo 2.2 2023,"14,9 s",160 km/h,Embreagem monodisco a seco,Manual,ML6C,,Dianteira,Injeção direta,Turbocompressor,,4 em linha,DW12,Duplo no cabeçote,96 mm,85 mm,Transversal,Dianteiro,"15,64 kg/cv","63,1 kg/kgfm","64,2 cv/litro",140 cv,"15,8:1",,"15,9 kgfm/litro","34,7 kgfm",4,2522 mm,1311 kg,5998 mm,4035 mm,2050 mm,2189 kg,13000 litros,90 litros,169 mm,Disco ventilado,Disco sólido,Hidráulica,,"Indep., McPherson",Feixe de molas semielípticas,Eixo rígido,,,,,6,3750 rpm,2000 rpm,"14,2 m",1810 mm,1790 mm,,,,,Hidráulicos,,,,750 kg,750 kg,225/75 R16,,,,,,,,171 mm,Correia dentada,,,,,,545 cm³,2179 cm³,,,,,,,,,,,,,,,,891 km,900 km,"9,9 km/l",10 km/l,,
peugeot,Boxer,boxer,boxer-furgao-2-2-2023,boxer-furgao-2-2-2023,https://www.fichacompleta.com.br/carros/peugeot/boxer-furgao-2-2-2023,2026-06-17T21:52:48.775737,Peugeot Boxer Furgão 2.2 2023,"14,9 s",160 km/h,Embreagem monodisco a seco,Manual,ML6C,,Dianteira,Injeção direta,Turbocompressor,,4 em linha,DW12,Duplo no cabeçote,96 mm,85 mm,Transversal,Dianteiro,"15,16 kg/cv","61,2 kg/kgfm","64,2 cv/litro",140 cv,"15,8:1",,"15,9 kgfm/litro","34,7 kgfm",4,2522 mm,1667 kg,5998 mm,4035 mm,2050 mm,2122 kg,13000 litros,90 litros,169 mm,Disco ventilado,Disco sólido,Hidráulica,,"Indep., McPherson",Feixe de molas semielípticas,Eixo rígido,,,,,6,3750 rpm,2000 rpm,"14,2 m",1810 mm,1790 mm,,,,,Hidráulicos,,,,750 kg,750 kg,225/75 R16,,,,,,,,171 mm,Correia dentada,,,,,,545 cm³,2179 cm³,,,,,,,,,,,,,,,,891 km,900 km,"9,9 km/l",10 km/l,,
peugeot,Boxer,boxer,boxer-cargo-2-2-2024-diesel,boxer-cargo-2-2-2024-diesel,https://www.fichacompleta.com.br/carros/peugeot/boxer-cargo-2-2-2024-diesel,2026-06-17T21:52:52.242695,Peugeot Boxer Cargo 2.2 2024,"14,9 s",160 km/h,Embreagem monodisco a seco,Manual,ML6C,,Dianteira,Injeção direta,Turbocompressor,,4 em linha,DW12,Duplo no cabeçote,96 mm,85 mm,Transversal,Dianteiro,"15,64 kg/cv","63,1 kg/kgfm","64,2 cv/litro",140 cv,"15,8:1",,"15,9 kgfm/litro","34,7 kgfm",4,2522 mm,1311 kg,5998 mm,4035 mm,2050 mm,2189 kg,13000 litros,90 litros,169 mm,Disco ventilado,Disco sólido,Hidráulica,,"Indep., McPherson",Feixe de molas semielípticas,Eixo rígido,,,,,6,3750 rpm,2000 rpm,"14,2 m",1810 mm,1790 mm,,,,,Hidráulicos,,,,750 kg,750 kg,225/75 R16,,,,,,,,171 mm,Correia dentada,,,,,,545 cm³,2179 cm³,,,,,,,,,,,,,,,,891 km,900 km,"9,9 km/l",10 km/l,,
peugeot,Boxer,boxer,boxer-cargo-2-2-2024,boxer-cargo-2-2-2024,https://www.fichacompleta.com.br/carros/peugeot/boxer-cargo-2-2-2024,2026-06-17T21:52:57.166295,Peugeot Boxer Cargo 2.2 2024,"14,9 s",160 km/h,Embreagem monodisco a seco,Manual,ML6C,,Dianteira,Injeção direta,Turbocompressor,,4 em linha,DW12,Duplo no cabeçote,96 mm,85 mm,Transversal,Dianteiro,"15,29 kg/cv","61,7 kg/kgfm","64,2 cv/litro",140 cv,"15,8:1",,"15,9 kgfm/litro","34,7 kgfm",4,2522 mm,1360 kg,5413 mm,3450 mm,2050 mm,2140 kg,11500 litros,90 litros,169 mm,Disco ventilado,Disco sólido,Hidráulica,,"Indep., McPherson",Feixe de molas semielípticas,Eixo rígido,,,,,6,3750 rpm,2000 rpm,"14,2 m",1810 mm,1790 mm,,,,,Hidráulicos,,,,750 kg,750 kg,225/75 R16,,,,,,,,171 mm,Correia dentada,,,,,,545 cm³,2179 cm³,,,,,,,,,,,,,,,,891 km,900 km,"9,9 km/l",10 km/l,,
peugeot,Boxer,boxer,boxer-furgao-2-2-2024,boxer-furgao-2-2-2024,https://www.fichacompleta.com.br/carros/peugeot/boxer-furgao-2-2-2024,2026-06-17T21:53:00.737377,Peugeot Boxer Furgão 2.2 2024,"14,9 s",160 km/h,Embreagem monodisco a seco,Manual,ML6C,,Dianteira,Injeção direta,Turbocompressor,,4 em linha,DW12,Duplo no cabeçote,96 mm,85 mm,Transversal,Dianteiro,"15,16 kg/cv","61,2 kg/kgfm","64,2 cv/litro",140 cv,"15,8:1",,"15,9 kgfm/litro","34,7 kgfm",4,2522 mm,1667 kg,5998 mm,4035 mm,2050 mm,2122 kg,13000 litros,90 litros,169 mm,Disco ventilado,Disco sólido,Hidráulica,,"Indep., McPherson",Feixe de molas semielípticas,Eixo rígido,,,,,6,3750 rpm,2000 rpm,"14,2 m",1810 mm,1790 mm,,,,,Hidráulicos,,,,750 kg,750 kg,225/75 R16,,,,,,,,171 mm,Correia dentada,,,,,,545 cm³,2179 cm³,,,,,,,,,,,,,,,,891 km,900 km,"9,9 km/l",10 km/l,,
peugeot,Boxer,boxer,boxer-minibus-comfort-2-2-2024,boxer-minibus-comfort-2-2-2024,https://www.fichacompleta.com.br/carros/peugeot/boxer-minibus-comfort-2-2-2024,2026-06-17T21:53:05.550518,Peugeot Boxer Minibus Comfort 2.2 2024,"14,9 s",160 km/h,Embreagem monodisco a seco,Manual,ML6C,,Dianteira,Injeção direta,Turbocompressor,,4 em linha,DW12,Duplo no cabeçote,96 mm,85 mm,Transversal,Dianteiro,"17,79 kg/cv","71,8 kg/kgfm","64,2 cv/litro",140 cv,16:1,,"15,9 kgfm/litro","34,7 kgfm",4,2522 mm,1360 kg,5998 mm,4035 mm,2050 mm,2490 kg,100 litros,90 litros,169 mm,Disco ventilado,Tambor,Hidráulica,,"Indep., McPherson",Feixe de molas semielípticas,Eixo rígido,,,,,6,3750 rpm,1750 rpm,"14,3 m",1810 mm,1790 mm,,,,,Hidráulicos,,,,,,225/75 R16,,,,,,,,204 mm,Correia dentada,,,,,,545 cm³,2179 cm³,,,,,,,,,,,,,,,,837 km,855 km,"9,3 km/l","9,5 km/l",,
peugeot,Boxer,boxer,boxer-cargo-2-2-2025-diesel,boxer-cargo-2-2-2025-diesel,https://www.fichacompleta.com.br/carros/peugeot/boxer-cargo-2-2-2025-diesel,2026-06-17T21:53:09.176799,Peugeot Boxer Cargo 2.2 2025,"14,9 s",160 km/h,Embreagem monodisco a seco,Manual,ML6C,,Dianteira,Injeção direta,Turbocompressor,,4 em linha,DW12,Duplo no cabeçote,96 mm,85 mm,Transversal,Dianteiro,"15,64 kg/cv","63,1 kg/kgfm","64,2 cv/litro",140 cv,"15,8:1",,"15,9 kgfm/litro","34,7 kgfm",4,2522 mm,1311 kg,5998 mm,4035 mm,2050 mm,2189 kg,13000 litros,90 litros,169 mm,Disco ventilado,Disco sólido,Hidráulica,,"Indep., McPherson",Feixe de molas semielípticas,Eixo rígido,,,,,6,3750 rpm,2000 rpm,"14,2 m",1810 mm,1790 mm,,,,,Hidráulicos,,,,750 kg,750 kg,225/75 R16,,,,,,,,171 mm,Correia dentada,,,,,,545 cm³,2179 cm³,,,,,,,,,,,,,,,,891 km,900 km,"9,9 km/l",10 km/l,,
peugeot,Boxer,boxer,boxer-cargo-2-2-2025,boxer-cargo-2-2-2025,https://www.fichacompleta.com.br/carros/peugeot/boxer-cargo-2-2-2025,2026-06-17T21:53:12.029970,Peugeot Boxer Cargo 2.2 2025,"14,9 s",160 km/h,Embreagem monodisco a seco,Manual,ML6C,,Dianteira,Injeção direta,Turbocompressor,,4 em linha,DW12,Duplo no cabeçote,96 mm,85 mm,Transversal,Dianteiro,"15,29 kg/cv","61,7 kg/kgfm","64,2 cv/litro",140 cv,"15,8:1",,"15,9 kgfm/litro","34,7 kgfm",4,2522 mm,1360 kg,5413 mm,3450 mm,2050 mm,2140 kg,11500 litros,90 litros,169 mm,Disco ventilado,Disco sólido,Hidráulica,,"Indep., McPherson",Feixe de molas semielípticas,Eixo rígido,,,,,6,3750 rpm,2000 rpm,"14,2 m",1810 mm,1790 mm,,,,,Hidráulicos,,,,750 kg,750 kg,225/75 R16,,,,,,,,171 mm,Correia dentada,,,,,,545 cm³,2179 cm³,,,,,,,,,,,,,,,,891 km,900 km,"9,9 km/l",10 km/l,,
peugeot,Boxer,boxer,boxer-furgao-2-2-2025,boxer-furgao-2-2-2025,https://www.fichacompleta.com.br/carros/peugeot/boxer-furgao-2-2-2025,2026-06-17T21:53:15.087269,Peugeot Boxer Furgão 2.2 2025,"14,9 s",160 km/h,Embreagem monodisco a seco,Manual,ML6C,,Dianteira,Injeção direta,Turbocompressor,,4 em linha,DW12,Duplo no cabeçote,96 mm,85 mm,Transversal,Dianteiro,"15,16 kg/cv","61,2 kg/kgfm","64,2 cv/litro",140 cv,"15,8:1",,"15,9 kgfm/litro","34,7 kgfm",4,2522 mm,1667 kg,5998 mm,4035 mm,2050 mm,2122 kg,13000 litros,90 litros,169 mm,Disco ventilado,Disco sólido,Hidráulica,,"Indep., McPherson",Feixe de molas semielípticas,Eixo rígido,,,,,6,3750 rpm,2000 rpm,"14,2 m",1810 mm,1790 mm,,,,,Hidráulicos,,,,750 kg,750 kg,225/75 R16,,,,,,,,171 mm,Correia dentada,,,,,,545 cm³,2179 cm³,,,,,,,,,,,,,,,,891 km,900 km,"9,9 km/l",10 km/l,,
peugeot,Boxer,boxer,boxer-minibus-executivo-2-2-2025,boxer-minibus-executivo-2-2-2025,https://www.fichacompleta.com.br/carros/peugeot/boxer-minibus-executivo-2-2-2025,2026-06-17T21:53:18.021402,Peugeot Boxer Minibus Executivo 2.2 2025,"14,9 s",160 km/h,Embreagem monodisco a seco,Manual,ML6C,,Dianteira,Injeção direta,Turbocompressor,,4 em linha,DW12,Duplo no cabeçote,96 mm,85 mm,Transversal,Dianteiro,"17,79 kg/cv","71,8 kg/kgfm","64,2 cv/litro",140 cv,16:1,,"15,9 kgfm/litro","34,7 kgfm",4,2522 mm,1360 kg,5998 mm,4035 mm,2050 mm,2490 kg,1000 litros,90 litros,169 mm,Disco ventilado,Tambor,Hidráulica,,"Indep., McPherson",Feixe de molas semielípticas,Eixo rígido,,,,,6,3750 rpm,1750 rpm,"14,3 m",1810 mm,1790 mm,,,,,Hidráulicos,,,,,,225/75 R16,,,,,,,,204 mm,Correia dentada,,,,,,545 cm³,2179 cm³,,,,,,,,,,,,,,,,837 km,855 km,"9,3 km/l","9,5 km/l",,
peugeot,Boxer,boxer,boxer-vidrado-2-2-2025,boxer-vidrado-2-2-2025,https://www.fichacompleta.com.br/carros/peugeot/boxer-vidrado-2-2-2025,2026-06-17T21:53:21.354786,Peugeot Boxer Vidrado 2.2 2025,"14,9 s",160 km/h,Embreagem monodisco a seco,Manual,ML6C,,Dianteira,Injeção direta,Turbocompressor,,4 em linha,DW12,Duplo no cabeçote,96 mm,85 mm,Transversal,Dianteiro,"15,16 kg/cv","61,2 kg/kgfm","64,2 cv/litro",140 cv,"15,8:1",,"15,9 kgfm/litro","34,7 kgfm",4,2522 mm,1667 kg,5998 mm,4035 mm,2050 mm,2122 kg,13000 litros,90 litros,169 mm,Disco ventilado,Disco sólido,Hidráulica,,"Indep., McPherson",Feixe de molas semielípticas,Eixo rígido,,,,,6,3750 rpm,2000 rpm,"14,2 m",1810 mm,1790 mm,,,,,Hidráulicos,,,,750 kg,750 kg,225/75 R16,,,,,,,,171 mm,Correia dentada,,,,,,545 cm³,2179 cm³,,,,,,,,,,,,,,,,891 km,900 km,"9,9 km/l",10 km/l,,
peugeot,Boxer,boxer,boxer-cargo-2-2-2026,boxer-cargo-2-2-2026,https://www.fichacompleta.com.br/carros/peugeot/boxer-cargo-2-2-2026,2026-06-17T21:53:25.463575,Peugeot Boxer Cargo 2.2 2026,"16,8 s",151 km/h,Embreagem monodisco a seco,Manual,ML6C,,Dianteira,Injeção direta,Turbocompressor,,4 em linha,Pratola Serra,Duplo no cabeçote,99 mm,"83,8 mm",Transversal,Dianteiro,"16,14 kg/cv","63,3 kg/kgfm","64,1 cv/litro",140 cv,"15,7:1",,"16,3 kgfm/litro","35,7 kgfm",4,2524 mm,1240 kg,5998 mm,4035 mm,2100 mm,2260 kg,13000 litros,90 litros,169 mm,Disco ventilado,Disco sólido,Elétrica,,"Indep., McPherson",Feixe de molas semielípticas,Eixo rígido,,,,,6,3500 rpm,1400 rpm,"14,3 m",1810 mm,1790 mm,,,,,Hidráulicos,Admissão e escape,,,750 kg,750 kg,225/75 R16,,,,,,,,171 mm,Correia dentada,,,,,,546 cm³,2184 cm³,,,,,,,,,,,,,,,,936 km,972 km,"10,4 km/l","10,8 km/l",,
peugeot,Boxer,boxer,boxer-furgao-2-2-2026,boxer-furgao-2-2-2026,https://www.fichacompleta.com.br/carros/peugeot/boxer-furgao-2-2-2026,2026-06-17T21:53:29.713417,Peugeot Boxer Furgão 2.2 2026,"16,8 s",151 km/h,Embreagem monodisco a seco,Manual,ML6C,,Dianteira,Injeção direta,Turbocompressor,,4 em linha,Pratola Serra,Duplo no cabeçote,99 mm,"83,8 mm",Transversal,Dianteiro,"16,14 kg/cv","63,3 kg/kgfm","64,1 cv/litro",140 cv,"15,7:1",,"16,3 kgfm/litro","35,7 kgfm",4,2524 mm,1590 kg,5998 mm,4035 mm,2100 mm,2260 kg,13000 litros,90 litros,169 mm,Disco ventilado,Disco sólido,Elétrica,,"Indep., McPherson",Feixe de molas semielípticas,Eixo rígido,,,,,6,3500 rpm,1400 rpm,"14,3 m",1810 mm,1790 mm,,,,,Hidráulicos,Admissão e escape,,,750 kg,750 kg,225/75 R16,,,,,,,,171 mm,Correia dentada,,,,,,546 cm³,2184 cm³,,,,,,,,,,,,,,,,936 km,972 km,"10,4 km/l","10,8 km/l",,
peugeot,Boxer,boxer,boxer-minibus-comfort-2-2-2026,boxer-minibus-comfort-2-2-2026,https://www.fichacompleta.com.br/carros/peugeot/boxer-minibus-comfort-2-2-2026,2026-06-17T21:53:33.189309,Peugeot Boxer Minibus Comfort 2.2 2026,"16,8 s",151 km/h,Embreagem monodisco a seco,Manual,ML6C,,Dianteira,Injeção direta,Turbocompressor,,4 em linha,Pratola Serra,Duplo no cabeçote,99 mm,"83,8 mm",Transversal,Dianteiro,"18,60 kg/cv","72,9 kg/kgfm","64,1 cv/litro",140 cv,"15,7:1",,"16,3 kgfm/litro","35,7 kgfm",4,2524 mm,1246 kg,5998 mm,4035 mm,2100 mm,2604 kg,1000 litros,90 litros,169 mm,Disco ventilado,Disco sólido,Elétrica,,"Indep., McPherson",Feixe de molas semielípticas,Eixo rígido,,,,,6,3500 rpm,1400 rpm,"14,3 m",1810 mm,1790 mm,,,,,Hidráulicos,Admissão e escape,,,750 kg,750 kg,225/75 R16,,,,,,,,204 mm,Correia dentada,,,,,,546 cm³,2184 cm³,,,,,,,,,,,,,,,,945 km,936 km,"10,5 km/l","10,4 km/l",,
peugeot,Boxer,boxer,boxer-minibus-luxo-2-2-2026,boxer-minibus-luxo-2-2-2026,https://www.fichacompleta.com.br/carros/peugeot/boxer-minibus-luxo-2-2-2026,2026-06-17T21:53:37.264919,Peugeot Boxer Minibus Luxo 2.2 2026,"16,8 s",151 km/h,Embreagem monodisco a seco,Manual,ML6C,,Dianteira,Injeção direta,Turbocompressor,,4 em linha,Pratola Serra,Duplo no cabeçote,99 mm,"83,8 mm",Transversal,Dianteiro,"19,39 kg/cv","76,1 kg/kgfm","64,1 cv/litro",140 cv,"15,7:1",,"16,3 kgfm/litro","35,7 kgfm",4,2524 mm,1135 kg,5998 mm,4035 mm,2100 mm,2715 kg,1000 litros,90 litros,169 mm,Disco ventilado,Disco sólido,Elétrica,,"Indep., McPherson",Feixe de molas semielípticas,Eixo rígido,,,,,6,3500 rpm,1400 rpm,"14,3 m",1810 mm,1790 mm,,,,,Hidráulicos,Admissão e escape,,,750 kg,750 kg,225/75 R16,,,,,,,,204 mm,Correia dentada,,,,,,546 cm³,2184 cm³,,,,,,,,,,,,,,,,945 km,936 km,"10,5 km/l","10,4 km/l",,
peugeot,E-2008,e-2008,e-2008-gt-2023,e-2008-gt-2023,https://www.fichacompleta.com.br/carros/peugeot/e-2008-gt-2023,2026-06-17T21:54:00.054213,Peugeot E-2008 GT 2023,"9,9 s",150 km/h,,Automático,,,Dianteira,,,,,,,,,,,"11,99 kg/cv","61,51 kg/kgfm",,,,,,,,1550 mm,,4300 mm,2605 mm,1770 mm,1630 kg,405 litros,,118 mm,Disco ventilado,Disco sólido,Elétrica,,"Indep., McPherson",Mola helicoidal,Eixo de torção,,,,,1,,,"10,4 m",1540 mm,1540 mm,,,,,,,,,,,Kit de reparo e enchimento,"2,33 m²","0,792 m²",,,,,,174 mm,,,,,,"0,34",,,,,,,,,50 kWh,136 cv (dianteiro),"26,5 kgfm (dianteiro)",234 km,"17,6 kWh/100 km",,,,,,,,,,
peugeot,E-2008,e-2008,e-2008-gt-2025,e-2008-gt-2025,https://www.fichacompleta.com.br/carros/peugeot/e-2008-gt-2025,2026-06-17T21:54:03.298135,Peugeot E-2008 GT 2025,"8,9 s",150 km/h,,Automático,,,Dianteira,,,,,,,,,,,"10,27 kg/cv","61,25 kg/kgfm",,,,,,,,1550 mm,,4304 mm,2605 mm,1815 mm,1623 kg,374 litros,,118 mm,Disco ventilado,Disco sólido,Elétrica,,"Indep., McPherson",Mola helicoidal,Eixo de torção,,,,,1,,,"10,4 m",1540 mm,1540 mm,,,,,,,,,,,Kit de reparo,"2,39 m²","0,813 m²",,,,,,174 mm,,,,,,"0,34",,,,,,,,,54 kWh,158 cv (dianteiro),"26,5 kgfm (dianteiro)",261 km,,,,,,,,,,,100 kW (DC)
peugeot,E-expert,e-expert,e-expert--2022,e-expert--2022,https://www.fichacompleta.com.br/carros/peugeot/e-expert--2022,2026-06-17T21:54:34.152336,Peugeot E-expert  2022,"13,1 s",136 km/h,,Automático,,,Dianteira,,,,,,,,,,,"15,10 kg/cv","77,47 kg/kgfm",,,,,,,,1935 mm,1002 kg,5309 mm,3275 mm,1920 mm,2053 kg,6100 litros,,140 mm,Disco ventilado,Disco sólido,Eletro-hidráulica,,"Indep., McPherson",Mola helicoidal,"Indep., braço arrastado",,,,,1,,,"12,4 m",1630 mm,1618 mm,,,,,,,,,,,215/65 R16,,,,,,,,,,,,,,,,,,,,,,,75 kWh,136 cv (dianteiro),"26,5 kgfm (dianteiro)",330 km,,,,,,,,,,,
peugeot,E-expert,e-expert,e-expert-cargo-2023,e-expert-cargo-2023,https://www.fichacompleta.com.br/carros/peugeot/e-expert-cargo-2023,2026-06-17T21:54:36.589937,Peugeot E-expert Cargo 2023,"13,1 s",136 km/h,,Automático,,,Dianteira,,,,,,,,,,,"15,10 kg/cv","77,47 kg/kgfm",,,,,,,,1935 mm,1002 kg,5309 mm,3275 mm,1920 mm,2053 kg,6100 litros,,140 mm,Disco ventilado,Disco sólido,Eletro-hidráulica,,"Indep., McPherson",Mola helicoidal,"Indep., braço arrastado",,,,,1,,,"12,4 m",1630 mm,1618 mm,,,,,,,,,,,215/65 R16,,,,,,,,,,,,,,,,,,,,,,,75 kWh,136 cv (dianteiro),"26,5 kgfm (dianteiro)",289 km,,,,,,,,,,,
peugeot,Expert,expert,expert-business-1-6-turbo-2018,expert-business-1-6-turbo-2018,https://www.fichacompleta.com.br/carros/peugeot/expert-business-1-6-turbo-2018,2026-06-17T21:54:58.552389,Peugeot Expert Business 1.6 Turbo 2018,"15,6 s",160 km/h,Embreagem monodisco a seco,Manual,ML6C,6,Dianteira,Injeção direta,Turbocompressor,1560 cm³,4 em linha,DV6FCU,"Único no cabeçote, correia dentada","88,3 mm",75 mm,Transversal,Dianteiro,"14,8 kg/cv","55,6 kg/kgfm","73,7 cv/litro",115 cv a 3500 rpm,16:1,5000 rpm,"19,6 kgfm/litro","30,6 kgfm a 1750 rpm",2,1935 mm,1500 kg,5309 mm,3275 mm,1920 mm,1700 kg,6100 litros,69 litros,140 mm,Disco ventilado,Disco sólido,Eletro-hidráulica,"12,4 m","Independente, McPherson",Mola helicoidal,"Independente, braço arrastado",,,,,,,,,1627 mm,1600 mm,,,,,,,,,,,,,,,,,,,,,,,,,,,,,,,,,,,,,,,,,,,835 km,787 km,"12,1 km/l","11,4 km/l",,
peugeot,Expert,expert,expert-business-pack-1-6-turbo-2018,expert-business-pack-1-6-turbo-2018,https://www.fichacompleta.com.br/carros/peugeot/expert-business-pack-1-6-turbo-2018,2026-06-17T21:55:01.038092,Peugeot Expert Business Pack 1.6 Turbo 2018,"15,6 s",160 km/h,Embreagem monodisco a seco,Manual,ML6C,6,Dianteira,Injeção direta,Turbocompressor,1560 cm³,4 em linha,DV6FCU,"Único no cabeçote, correia dentada","88,3 mm",75 mm,Transversal,Dianteiro,"14,9 kg/cv","56,2 kg/kgfm","73,7 cv/litro",115 cv a 3500 rpm,16:1,5000 rpm,"19,6 kgfm/litro","30,6 kgfm a 1750 rpm",2,1935 mm,1500 kg,5309 mm,3275 mm,1920 mm,1719 kg,6100 litros,69 litros,140 mm,Disco ventilado,Disco sólido,Eletro-hidráulica,"12,4 m","Independente, McPherson",Mola helicoidal,"Independente, braço arrastado",,,,,,,,,1627 mm,1600 mm,,,,,,,,,,,,,,,,,,,,,,,,,,,,,,,,,,,,,,,,,,,835 km,787 km,"12,1 km/l","11,4 km/l",,
peugeot,Expert,expert,expert-business-1-6-turbo-2019,expert-business-1-6-turbo-2019,https://www.fichacompleta.com.br/carros/peugeot/expert-business-1-6-turbo-2019,2026-06-17T21:55:07.331095,Peugeot Expert Business 1.6 Turbo 2019,"15,6 s",160 km/h,Embreagem monodisco a seco,Manual,ML6C,6,Dianteira,Injeção direta,Turbocompressor,1560 cm³,4 em linha,DV6FCU,"Único no cabeçote, correia dentada","88,3 mm",75 mm,Transversal,Dianteiro,"14,8 kg/cv","55,6 kg/kgfm","73,7 cv/litro",115 cv a 3500 rpm,16:1,5000 rpm,"19,6 kgfm/litro","30,6 kgfm a 1750 rpm",2,1935 mm,1500 kg,5309 mm,3275 mm,1920 mm,1700 kg,6100 litros,69 litros,140 mm,Disco ventilado,Disco sólido,Eletro-hidráulica,"12,4 m","Independente, McPherson",Mola helicoidal,"Independente, braço arrastado",,,,,,,,,1627 mm,1600 mm,,,,,,,,,,,,,,,,,,,,,,,,,,,,,,,,,,,,,,,,,,,835 km,787 km,"12,1 km/l","11,4 km/l",,
peugeot,Expert,expert,expert-business-pack-1-6-turbo-2019,expert-business-pack-1-6-turbo-2019,https://www.fichacompleta.com.br/carros/peugeot/expert-business-pack-1-6-turbo-2019,2026-06-17T21:55:11.286004,Peugeot Expert Business Pack 1.6 Turbo 2019,"15,6 s",160 km/h,Embreagem monodisco a seco,Manual,ML6C,6,Dianteira,Injeção direta,Turbocompressor,1560 cm³,4 em linha,DV6FCU,"Único no cabeçote, correia dentada","88,3 mm",75 mm,Transversal,Dianteiro,"14,9 kg/cv","56,2 kg/kgfm","73,7 cv/litro",115 cv a 3500 rpm,16:1,5000 rpm,"19,6 kgfm/litro","30,6 kgfm a 1750 rpm",2,1935 mm,1500 kg,5309 mm,3275 mm,1920 mm,1719 kg,6100 litros,69 litros,140 mm,Disco ventilado,Disco sólido,Eletro-hidráulica,"12,4 m","Independente, McPherson",Mola helicoidal,"Independente, braço arrastado",,,,,,,,,1627 mm,1600 mm,,,,,,,,,,,,,,,,,,,,,,,,,,,,,,,,,,,,,,,,,,,835 km,787 km,"12,1 km/l","11,4 km/l",,
peugeot,Expert,expert,expert-minibus-1-6-turbo-2019,expert-minibus-1-6-turbo-2019,https://www.fichacompleta.com.br/carros/peugeot/expert-minibus-1-6-turbo-2019,2026-06-17T21:55:14.664712,Peugeot Expert Minibus 1.6 Turbo 2019,"15,6 s",160 km/h,Embreagem monodisco a seco,Manual,ML6C,6,Dianteira,Injeção direta,Turbocompressor,1560 cm³,4 em linha,DV6FCU,"Único no cabeçote, correia dentada","88,3 mm",75 mm,Transversal,Dianteiro,"17,3 kg/cv","65,2 kg/kgfm","73,7 cv/litro",115 cv a 3500 rpm,16:1,5000 rpm,"19,6 kgfm/litro","30,6 kgfm a 1750 rpm",2,2285 mm,1224 kg,5309 mm,3275 mm,1920 mm,1995 kg,150 litros,69 litros,140 mm,Disco ventilado,Disco sólido,Eletro-hidráulica,"12,4 m","Independente, McPherson",Mola helicoidal,"Independente, braço arrastado",,,,,,,,,1627 mm,1600 mm,,,,,,,,,,,,,,,,,,,,,,,,,,,,,,,,,,,,,,,,,,,814 km,794 km,"11,8 km/l","11,5 km/l",,
peugeot,Expert,expert,expert-business-1-6-turbo-2020,expert-business-1-6-turbo-2020,https://www.fichacompleta.com.br/carros/peugeot/expert-business-1-6-turbo-2020,2026-06-17T21:55:18.574382,Peugeot Expert Business 1.6 Turbo 2020,"15,6 s",160 km/h,Embreagem monodisco a seco,Manual,ML6C,,Dianteira,Injeção direta,Turbocompressor,1560 cm³,4 em linha,DV6FCU,Único no cabeçote,"88,3 mm",75 mm,Transversal,Dianteiro,"14,8 kg/cv","55,6 kg/kgfm","73,7 cv/litro",115 cv,16:1,5000 rpm,"19,6 kgfm/litro","30,6 kgfm",2,1935 mm,1500 kg,5309 mm,3275 mm,1920 mm,1700 kg,6100 litros,69 litros,140 mm,Disco ventilado,Disco sólido,Eletro-hidráulica,,"Indep., McPherson",Mola helicoidal,"Indep., braço arrastado",,,,,6,3500 rpm,1750 rpm,"12,4 m",1630 mm,1618 mm,,,,,,,,,,,215/65 R16,,,,,,,,,Correia dentada,,,,,,,,,,,,,,,,,,,,,,,835 km,787 km,"12,1 km/l","11,4 km/l",,
peugeot,Expert,expert,expert-business-pack-1-6-turbo-2020,expert-business-pack-1-6-turbo-2020,https://www.fichacompleta.com.br/carros/peugeot/expert-business-pack-1-6-turbo-2020,2026-06-17T21:55:21.749749,Peugeot Expert Business Pack 1.6 Turbo 2020,"15,6 s",160 km/h,Embreagem monodisco a seco,Manual,ML6C,,Dianteira,Injeção direta,Turbocompressor,1560 cm³,4 em linha,DV6FCU,Único no cabeçote,"88,3 mm",75 mm,Transversal,Dianteiro,"14,9 kg/cv","56,2 kg/kgfm","73,7 cv/litro",115 cv,16:1,5000 rpm,"19,6 kgfm/litro","30,6 kgfm",2,1935 mm,1500 kg,5309 mm,3275 mm,1920 mm,1719 kg,6100 litros,69 litros,140 mm,Disco ventilado,Disco sólido,Eletro-hidráulica,,"Indep., McPherson",Mola helicoidal,"Indep., braço arrastado",,,,,6,3500 rpm,1750 rpm,"12,4 m",1630 mm,1618 mm,,,,,,,,,,,215/65 R16,,,,,,,,,Correia dentada,,,,,,,,,,,,,,,,,,,,,,,835 km,787 km,"12,1 km/l","11,4 km/l",,
peugeot,Expert,expert,expert-minibus-1-6-turbo-2020,expert-minibus-1-6-turbo-2020,https://www.fichacompleta.com.br/carros/peugeot/expert-minibus-1-6-turbo-2020,2026-06-17T21:55:25.584519,Peugeot Expert Minibus 1.6 Turbo 2020,"15,6 s",160 km/h,Embreagem monodisco a seco,Manual,ML6C,,Dianteira,Injeção direta,Turbocompressor,1560 cm³,4 em linha,DV6FCU,Único no cabeçote,"88,3 mm",75 mm,Transversal,Dianteiro,"17,3 kg/cv","65,2 kg/kgfm","73,7 cv/litro",115 cv,16:1,5000 rpm,"19,6 kgfm/litro","30,6 kgfm",2,2285 mm,1224 kg,5309 mm,3275 mm,1920 mm,1995 kg,150 litros,69 litros,140 mm,Disco ventilado,Disco sólido,Eletro-hidráulica,,"Indep., McPherson",Mola helicoidal,"Indep., braço arrastado",,,,,6,3500 rpm,1750 rpm,"12,4 m",1630 mm,1618 mm,,,,,,,,,,,215/65 R16,,,,,,,,,Correia dentada,,,,,,,,,,,,,,,,,,,,,,,814 km,794 km,"11,8 km/l","11,5 km/l",,
peugeot,Expert,expert,expert-business-pack-1-6-turbo-2021,expert-business-pack-1-6-turbo-2021,https://www.fichacompleta.com.br/carros/peugeot/expert-business-pack-1-6-turbo-2021,2026-06-17T21:55:29.254767,Peugeot Expert Business Pack 1.6 Turbo 2021,"15,6 s",160 km/h,Embreagem monodisco a seco,Manual,ML6C,,Dianteira,Injeção direta,Turbocompressor,1560 cm³,4 em linha,DV6FCU,Único no cabeçote,"88,3 mm",75 mm,Transversal,Dianteiro,"14,9 kg/cv","56,2 kg/kgfm","73,7 cv/litro",115 cv,16:1,5000 rpm,"19,6 kgfm/litro","30,6 kgfm",2,1935 mm,1500 kg,5309 mm,3275 mm,1920 mm,1719 kg,6100 litros,69 litros,140 mm,Disco ventilado,Disco sólido,Eletro-hidráulica,,"Indep., McPherson",Mola helicoidal,"Indep., braço arrastado",,,,,6,3500 rpm,1750 rpm,"12,4 m",1630 mm,1618 mm,,,,,,,,,,,215/65 R16,,,,,,,,,Correia dentada,,,,,,,,,,,,,,,,,,,,,,,814 km,794 km,"11,8 km/l","11,5 km/l",,
peugeot,Expert,expert,expert-minibus-1-6-turbo-2021,expert-minibus-1-6-turbo-2021,https://www.fichacompleta.com.br/carros/peugeot/expert-minibus-1-6-turbo-2021,2026-06-17T21:55:32.314588,Peugeot Expert Minibus 1.6 Turbo 2021,"15,6 s",160 km/h,Embreagem monodisco a seco,Manual,ML6C,,Dianteira,Injeção direta,Turbocompressor,1560 cm³,4 em linha,DV6FCU,Único no cabeçote,"88,3 mm",75 mm,Transversal,Dianteiro,"17,3 kg/cv","65,2 kg/kgfm","73,7 cv/litro",115 cv,16:1,5000 rpm,"19,6 kgfm/litro","30,6 kgfm",2,2285 mm,1224 kg,5309 mm,3275 mm,1920 mm,1995 kg,150 litros,69 litros,140 mm,Disco ventilado,Disco sólido,Eletro-hidráulica,,"Indep., McPherson",Mola helicoidal,"Indep., braço arrastado",,,,,6,3500 rpm,1750 rpm,"12,4 m",1630 mm,1618 mm,,,,,,,,,,,215/65 R16,,,,,,,,,Correia dentada,,,,,,,,,,,,,,,,,,,,,,,814 km,794 km,"11,8 km/l","11,5 km/l",,
peugeot,Expert,expert,expert-vitre-1-6-turbo-2021,expert-vitre-1-6-turbo-2021,https://www.fichacompleta.com.br/carros/peugeot/expert-vitre-1-6-turbo-2021,2026-06-17T21:55:35.423424,Peugeot Expert Vitre 1.6 Turbo 2021,"15,6 s",160 km/h,Embreagem monodisco a seco,Manual,ML6C,6,Dianteira,Injeção direta,Turbocompressor,1560 cm³,4 em linha,DV6FCU,"Duplo no cabeçote, correia dentada",,,Transversal,Dianteiro,"14,9 kg/cv","56,2 kg/kgfm","73,7 cv/litro",115 cv a 3500 rpm,16:1,5000 rpm,"19,6 kgfm/litro","30,6 kgfm a 1750 rpm",4,1935 mm,1500 kg,5309 mm,3275 mm,1920 mm,1719 kg,6100 litros,69 litros,140 mm,Disco ventilado,Disco sólido,Eletro-hidráulica,"12,4 m","Independente, McPherson",Mola helicoidal,"Independente, braço arrastado",,,,,,,,,1627 mm,1600 mm,"88,3 mm",75 mm,,,,,,,,,,,,,,,,,,,,,,,,,,,,,,,,,,,,,,,,,835 km,787 km,"12,1 km/l","11,4 km/l",,
peugeot,Expert,expert,expert-business-pack-1-6-turbo-2022,expert-business-pack-1-6-turbo-2022,https://www.fichacompleta.com.br/carros/peugeot/expert-business-pack-1-6-turbo-2022,2026-06-17T21:55:39.145581,Peugeot Expert Business Pack 1.6 Turbo 2022,"15,6 s",160 km/h,Embreagem monodisco a seco,Manual,ML6C,,Dianteira,Injeção direta,Turbocompressor,1560 cm³,4 em linha,DV6FCU,Único no cabeçote,"88,3 mm",75 mm,Transversal,Dianteiro,"14,9 kg/cv","56,2 kg/kgfm","73,7 cv/litro",,16:1,5000 rpm,"19,6 kgfm/litro",,2,1935 mm,1500 kg,5309 mm,3275 mm,1920 mm,1719 kg,6100 litros,69 litros,140 mm,Disco ventilado,Disco sólido,Eletro-hidráulica,,"Indep., McPherson",Mola helicoidal,"Indep., braço arrastado",,,,,6,,,"12,4 m",1630 mm,1618 mm,,,3500 rpm,1750 rpm,,,,,,,215/65 R16,,,,,,,,,Correia dentada,,,,,,,,,,,,,,,115 cv,"30,6 kgfm",,,,,,,814 km,794 km,"11,8 km/l","11,5 km/l",,
peugeot,Expert,expert,expert-cargo-1-5-turbo-2022,expert-cargo-1-5-turbo-2022,https://www.fichacompleta.com.br/carros/peugeot/expert-cargo-1-5-turbo-2022,2026-06-17T21:55:43.325028,Peugeot Expert Cargo 1.5 Turbo 2022,"12,5 s",160 km/h,Embreagem monodisco a seco,Manual,ML6C,,Dianteira,Injeção direta,Turbocompressor,,4 em linha,DV5RUC,Único no cabeçote,"84,8 mm",75 mm,Transversal,Dianteiro,"14,38 kg/cv","56,6 kg/kgfm","80,1 cv/litro",120 cv,"16,4:1",,"20,3 kgfm/litro","30,5 kgfm",4,1935 mm,1500 kg,5309 mm,3275 mm,1920 mm,1725 kg,6100 litros,69 litros,140 mm,Disco ventilado,Disco sólido,Eletro-hidráulica,,"Indep., McPherson",Mola helicoidal,"Indep., braço arrastado",,,,,6,3750 rpm,1750 rpm,"12,4 m",1630 mm,1618 mm,,,,,,,,,,,215/65 R16,,,,,,,,,Correia dentada,,,,,,375 cm³,1499 cm³,,,,,,,,,,,,,,,,821 km,856 km,"11,9 km/l","12,4 km/l",,
peugeot,Expert,expert,expert-minibus-1-6-turbo-2022,expert-minibus-1-6-turbo-2022,https://www.fichacompleta.com.br/carros/peugeot/expert-minibus-1-6-turbo-2022,2026-06-17T21:55:47.911075,Peugeot Expert Minibus 1.6 Turbo 2022,"15,6 s",160 km/h,Embreagem monodisco a seco,Manual,ML6C,,Dianteira,Injeção direta,Turbocompressor,1560 cm³,4 em linha,DV6FCU,Único no cabeçote,"88,3 mm",75 mm,Transversal,Dianteiro,"17,3 kg/cv","65,2 kg/kgfm","73,7 cv/litro",,16:1,5000 rpm,"19,6 kgfm/litro",,2,2285 mm,1224 kg,5309 mm,3275 mm,1920 mm,1995 kg,150 litros,69 litros,140 mm,Disco ventilado,Disco sólido,Eletro-hidráulica,,"Indep., McPherson",Mola helicoidal,"Indep., braço arrastado",,,,,6,,,"12,4 m",1630 mm,1618 mm,,,3500 rpm,1750 rpm,,,,,,,215/65 R16,,,,,,,,,Correia dentada,,,,,,,,,,,,,,,115 cv,"30,6 kgfm",,,,,,,814 km,794 km,"11,8 km/l","11,5 km/l",,
peugeot,Expert,expert,expert-vitre-1-5-turbo-2022,expert-vitre-1-5-turbo-2022,https://www.fichacompleta.com.br/carros/peugeot/expert-vitre-1-5-turbo-2022,2026-06-17T21:55:50.644900,Peugeot Expert Vitre 1.5 Turbo 2022,"12,5 s",160 km/h,Embreagem monodisco a seco,Manual,ML6C,,Dianteira,Injeção direta,Turbocompressor,,4 em linha,DV5RUC,Único no cabeçote,"84,8 mm",75 mm,Transversal,Dianteiro,"14,28 kg/cv","56,2 kg/kgfm","80,1 cv/litro",120 cv,"16,4:1",,"20,3 kgfm/litro","30,5 kgfm",4,1935 mm,1500 kg,5309 mm,3275 mm,1920 mm,1714 kg,6100 litros,69 litros,140 mm,Disco ventilado,Disco sólido,Eletro-hidráulica,,"Indep., McPherson",Mola helicoidal,"Indep., braço arrastado",,,,,6,3750 rpm,1750 rpm,"12,4 m",1630 mm,1618 mm,,,,,,,,,,,215/65 R16,,,,,,,,,Correia dentada,,,,,,375 cm³,1499 cm³,,,,,,,,,,,,,,,,821 km,856 km,"11,9 km/l","12,4 km/l",,
peugeot,Expert,expert,expert-vitre-1-6-turbo-2022,expert-vitre-1-6-turbo-2022,https://www.fichacompleta.com.br/carros/peugeot/expert-vitre-1-6-turbo-2022,2026-06-17T21:55:54.129984,Peugeot Expert Vitre 1.6 Turbo 2022,"15,6 s",160 km/h,Embreagem monodisco a seco,Manual,ML6C,,Dianteira,Injeção direta,Turbocompressor,1560 cm³,4 em linha,DV6FCU,Único no cabeçote,"88,3 mm",75 mm,Transversal,Dianteiro,"14,9 kg/cv","56,2 kg/kgfm","73,7 cv/litro",,16:1,5000 rpm,"19,6 kgfm/litro",,2,1935 mm,1500 kg,5309 mm,3275 mm,1920 mm,1719 kg,6100 litros,69 litros,140 mm,Disco ventilado,Disco sólido,Eletro-hidráulica,,"Indep., McPherson",Mola helicoidal,"Indep., braço arrastado",,,,,6,,,"12,4 m",1630 mm,1618 mm,,,3500 rpm,1750 rpm,,,,,,,215/65 R16,,,,,,,,,Correia dentada,,,,,,,,,,,,,,,115 cv,"30,6 kgfm",,,,,,,835 km,787 km,"12,1 km/l","11,4 km/l",,
peugeot,Expert,expert,expert-cargo-1-5-turbo-2023,expert-cargo-1-5-turbo-2023,https://www.fichacompleta.com.br/carros/peugeot/expert-cargo-1-5-turbo-2023,2026-06-17T21:55:56.696996,Peugeot Expert Cargo 1.5 Turbo 2023,"12,5 s",160 km/h,Embreagem monodisco a seco,Manual,ML6C,,Dianteira,Injeção direta,Turbocompressor,,4 em linha,DV5RUC,Único no cabeçote,"84,8 mm",75 mm,Transversal,Dianteiro,"14,38 kg/cv","56,6 kg/kgfm","80,1 cv/litro",120 cv,"16,4:1",,"20,3 kgfm/litro","30,5 kgfm",4,1935 mm,1500 kg,5309 mm,3275 mm,1920 mm,1725 kg,6100 litros,69 litros,140 mm,Disco ventilado,Disco sólido,Eletro-hidráulica,,"Indep., McPherson",Mola helicoidal,"Indep., braço arrastado",,,,,6,3750 rpm,1750 rpm,"12,4 m",1630 mm,1618 mm,,,,,,,,,,,215/65 R16,,,,,,,,,Correia dentada,,,,,,375 cm³,1499 cm³,,,,,,,,,,,,,,,,821 km,856 km,"11,9 km/l","12,4 km/l",,
peugeot,Expert,expert,expert-vitre-1-5-turbo-2023,expert-vitre-1-5-turbo-2023,https://www.fichacompleta.com.br/carros/peugeot/expert-vitre-1-5-turbo-2023,2026-06-17T21:56:00.387266,Peugeot Expert Vitre 1.5 Turbo 2023,"12,5 s",160 km/h,Embreagem monodisco a seco,Manual,ML6C,,Dianteira,Injeção direta,Turbocompressor,,4 em linha,DV5RUC,Único no cabeçote,"84,8 mm",75 mm,Transversal,Dianteiro,"14,28 kg/cv","56,2 kg/kgfm","80,1 cv/litro",120 cv,"16,4:1",,"20,3 kgfm/litro","30,5 kgfm",4,1935 mm,1500 kg,5309 mm,3275 mm,1920 mm,1714 kg,6100 litros,69 litros,140 mm,Disco ventilado,Disco sólido,Eletro-hidráulica,,"Indep., McPherson",Mola helicoidal,"Indep., braço arrastado",,,,,6,3750 rpm,1750 rpm,"12,4 m",1630 mm,1618 mm,,,,,,,,,,,215/65 R16,,,,,,,,,Correia dentada,,,,,,375 cm³,1499 cm³,,,,,,,,,,,,,,,,821 km,856 km,"11,9 km/l","12,4 km/l",,
peugeot,Expert,expert,expert-cargo-1-5-turbo-2024,expert-cargo-1-5-turbo-2024,https://www.fichacompleta.com.br/carros/peugeot/expert-cargo-1-5-turbo-2024,2026-06-17T21:56:05.219809,Peugeot Expert Cargo 1.5 Turbo 2024,"12,5 s",160 km/h,Embreagem monodisco a seco,Manual,ML6C,,Dianteira,Injeção direta,Turbocompressor,,4 em linha,DV5RUC,Único no cabeçote,"84,8 mm",75 mm,Transversal,Dianteiro,"14,38 kg/cv","56,6 kg/kgfm","80,1 cv/litro",120 cv,"16,4:1",,"20,3 kgfm/litro","30,5 kgfm",4,1935 mm,1500 kg,5309 mm,3275 mm,1920 mm,1725 kg,6100 litros,69 litros,140 mm,Disco ventilado,Disco sólido,Eletro-hidráulica,,"Indep., McPherson",Mola helicoidal,"Indep., braço arrastado",,,,,6,3750 rpm,1750 rpm,"12,4 m",1630 mm,1618 mm,,,,,,,,,,,215/65 R16,,,,,,,,,Correia dentada,,,,,,375 cm³,1499 cm³,,,,,,,,,,,,,,,,821 km,856 km,"11,9 km/l","12,4 km/l",,
peugeot,Expert,expert,expert-vitre-1-5-turbo-2024,expert-vitre-1-5-turbo-2024,https://www.fichacompleta.com.br/carros/peugeot/expert-vitre-1-5-turbo-2024,2026-06-17T21:56:10.055122,Peugeot Expert Vitre 1.5 Turbo 2024,"12,5 s",160 km/h,Embreagem monodisco a seco,Manual,ML6C,,Dianteira,Injeção direta,Turbocompressor,,4 em linha,DV5RUC,Único no cabeçote,"84,8 mm",75 mm,Transversal,Dianteiro,"14,28 kg/cv","56,2 kg/kgfm","80,1 cv/litro",120 cv,"16,4:1",,"20,3 kgfm/litro","30,5 kgfm",4,1935 mm,1500 kg,5309 mm,3275 mm,1920 mm,1714 kg,6100 litros,69 litros,140 mm,Disco ventilado,Disco sólido,Eletro-hidráulica,,"Indep., McPherson",Mola helicoidal,"Indep., braço arrastado",,,,,6,3750 rpm,1750 rpm,"12,4 m",1630 mm,1618 mm,,,,,,,,,,,215/65 R16,,,,,,,,,Correia dentada,,,,,,375 cm³,1499 cm³,,,,,,,,,,,,,,,,821 km,856 km,"11,9 km/l","12,4 km/l",,
peugeot,Expert,expert,expert-cargo-1-5-2025,expert-cargo-1-5-2025,https://www.fichacompleta.com.br/carros/peugeot/expert-cargo-1-5-2025,2026-06-17T21:56:12.896544,Peugeot Expert Cargo 1.5 2025,"12,7 s",160 km/h,Embreagem monodisco a seco,Manual,ML6C,,Dianteira,Injeção direta,Turbocompressor,,4 em linha,DV5RC,Duplo no cabeçote,"84,8 mm",75 mm,Transversal,Dianteiro,"14,68 kg/cv","57,6 kg/kgfm","80,1 cv/litro",120 cv,"16,4:1",,"20,4 kgfm/litro","30,6 kgfm",4,1975 mm,1450 kg,5330 mm,3277 mm,2010 mm,1762 kg,6100 litros,69 litros,140 mm,Disco ventilado,Disco sólido,Elétrica,,"Indep., McPherson",Mola helicoidal,"Indep., braço arrastado",,,,,6,3750 rpm,1750 rpm,"12,4 m",,,,,,,Hidráulicos,,,,,,215/65 R16,,,,,,,,,Correia dentada,,,,,,375 cm³,1499 cm³,,,,,,,,,,,,,,,,821 km,856 km,"11,9 km/l","12,4 km/l",,
peugeot,Expert,expert,expert-cargo-2-2-2025,expert-cargo-2-2-2025,https://www.fichacompleta.com.br/carros/peugeot/expert-cargo-2-2-2025,2026-06-17T21:56:16.081367,Peugeot Expert Cargo 2.2 2025,"13,1 s",179 km/h,Embreagem monodisco a seco,Manual,,,Dianteira,Injeção direta,Turbocompressor,,4 em linha,Pratola Serra,Duplo no cabeçote,99 mm,"83,8 mm",Transversal,Dianteiro,"12,17 kg/cv","48,4 kg/kgfm","68,7 cv/litro",150 cv,"15,7:1",,"17,3 kgfm/litro","37,7 kgfm",4,1975 mm,1450 kg,5330 mm,3277 mm,2010 mm,1826 kg,6100 litros,70 litros,140 mm,Disco ventilado,Disco sólido,Eletro-hidráulica,,"Indep., McPherson",Mola helicoidal,"Indep., braço arrastado",,,,,6,3500 rpm,1750 rpm,"12,4 m",,,,,,,Hidráulicos,,,,,,215/65 R16,,,,,,,,,Correia dentada,,,,,,546 cm³,2184 cm³,5W-30 ³,,,,,,,,,,,,,,,959 km,868 km,"13,7 km/l","12,4 km/l",,
peugeot,Expert,expert,expert-vitre-1-5-2025,expert-vitre-1-5-2025,https://www.fichacompleta.com.br/carros/peugeot/expert-vitre-1-5-2025,2026-06-17T21:56:19.807891,Peugeot Expert Vitre 1.5 2025,"12,7 s",160 km/h,Embreagem monodisco a seco,Manual,ML6C,,Dianteira,Injeção direta,Turbocompressor,,4 em linha,DV5RC,Duplo no cabeçote,"84,8 mm",75 mm,Transversal,Dianteiro,"14,59 kg/cv","57,2 kg/kgfm","80,1 cv/litro",120 cv,"16,4:1",,"20,4 kgfm/litro","30,6 kgfm",4,1975 mm,1450 kg,5330 mm,3277 mm,2010 mm,1751 kg,6100 litros,69 litros,140 mm,Disco ventilado,Disco sólido,Elétrica,,"Indep., McPherson",Mola helicoidal,"Indep., braço arrastado",,,,,6,3750 rpm,1750 rpm,"12,4 m",,,,,,,Hidráulicos,,,,,,215/65 R16,,,,,,,,,Correia dentada,,,,,,375 cm³,1499 cm³,,,,,,,,,,,,,,,,821 km,856 km,"11,9 km/l","12,4 km/l",,
peugeot,Expert,expert,expert-vitre-2-2-2025,expert-vitre-2-2-2025,https://www.fichacompleta.com.br/carros/peugeot/expert-vitre-2-2-2025,2026-06-17T21:56:23.075070,Peugeot Expert Vitre 2.2 2025,"13,1 s",179 km/h,Embreagem monodisco a seco,Manual,,,Dianteira,Injeção direta,Turbocompressor,,4 em linha,Pratola Serra,Duplo no cabeçote,99 mm,"83,8 mm",Transversal,Dianteiro,"12,10 kg/cv","48,1 kg/kgfm","68,7 cv/litro",150 cv,"15,7:1",,"17,3 kgfm/litro","37,7 kgfm",4,1975 mm,1450 kg,5330 mm,3277 mm,2010 mm,1815 kg,6100 litros,70 litros,140 mm,Disco ventilado,Disco sólido,Eletro-hidráulica,,"Indep., McPherson",Mola helicoidal,"Indep., braço arrastado",,,,,6,3500 rpm,1750 rpm,"12,4 m",,,,,,,Hidráulicos,,,,,,215/65 R16,,,,,,,,,Correia dentada,,,,,,546 cm³,2184 cm³,5W-30 ³,,,,,,,,,,,,,,,959 km,868 km,"13,7 km/l","12,4 km/l",,
peugeot,Expert,expert,expert-cargo-2-2-2026,expert-cargo-2-2-2026,https://www.fichacompleta.com.br/carros/peugeot/expert-cargo-2-2-2026,2026-06-17T21:56:25.744369,Peugeot Expert Cargo 2.2 2026,"13,1 s",179 km/h,Embreagem monodisco a seco,Manual,,,Dianteira,Injeção direta,Turbocompressor,,4 em linha,Pratola Serra,Duplo no cabeçote,99 mm,"83,8 mm",Transversal,Dianteiro,"12,17 kg/cv","48,4 kg/kgfm","68,7 cv/litro",150 cv,"15,7:1",,"17,3 kgfm/litro","37,7 kgfm",4,1975 mm,1450 kg,5330 mm,3277 mm,2010 mm,1826 kg,6100 litros,70 litros,140 mm,Disco ventilado,Disco sólido,Eletro-hidráulica,,"Indep., McPherson",Mola helicoidal,"Indep., braço arrastado",,,,,6,3500 rpm,1750 rpm,"12,4 m",,,,,,,Hidráulicos,,,,,,215/65 R16,,,,,,,,,Correia dentada,,,,,,546 cm³,2184 cm³,5W-30 ³,,,,,,,,,,,,,,,959 km,868 km,"13,7 km/l","12,4 km/l",,
peugeot,Expert,expert,expert-vitre-2-2-2026,expert-vitre-2-2-2026,https://www.fichacompleta.com.br/carros/peugeot/expert-vitre-2-2-2026,2026-06-17T21:56:28.200086,Peugeot Expert Vitre 2.2 2026,"13,1 s",179 km/h,Embreagem monodisco a seco,Manual,,,Dianteira,Injeção direta,Turbocompressor,,4 em linha,Pratola Serra,Duplo no cabeçote,99 mm,"83,8 mm",Transversal,Dianteiro,"12,10 kg/cv","48,1 kg/kgfm","68,7 cv/litro",150 cv,"15,7:1",,"17,3 kgfm/litro","37,7 kgfm",4,1975 mm,1450 kg,5330 mm,3277 mm,2010 mm,1815 kg,6100 litros,70 litros,140 mm,Disco ventilado,Disco sólido,Eletro-hidráulica,,"Indep., McPherson",Mola helicoidal,"Indep., braço arrastado",,,,,6,3500 rpm,1750 rpm,"12,4 m",,,,,,,Hidráulicos,,,,,,215/65 R16,,,,,,,,,Correia dentada,,,,,,546 cm³,2184 cm³,5W-30 ³,,,,,,,,,,,,,,,959 km,868 km,"13,7 km/l","12,4 km/l",,
peugeot,Hoggar,hoggar,hoggar-escapade-1-6-16v-2010,hoggar-escapade-1-6-16v-2010,https://www.fichacompleta.com.br/carros/peugeot/hoggar-escapade-1-6-16v-2010,2026-06-17T21:56:45.897904,Peugeot Hoggar Escapade 1.6 16V 2010,"11,9 s",179 km/h,Embreagem monodisco a seco,Manual,BE4/5,5,Dianteira,Injeção multiponto,Natural,1587 cm³,4 em linha,TU5JP4,Duplo no cabeçote,82 mm,"78,5 mm",Transversal,Dianteiro,"10,8 kg/cv","77,0 kg/kgfm","71,2 cv/litro",113 cv (A) 110 cv (G) a 5750 rpm,11:1,6500 rpm,"10,0 kgfm/litro","15,8 kgfm (A) 14,5 kgfm (G) a 4000 rpm",4,1524 mm,650 kg,4547 mm,2745 mm,1668 mm,1216 kg,1151 litros,55 litros,120 mm,Disco ventilado,Tambor,Hidráulica,Não informado,"Indep., McPherson",Barra de torção,"Indep., braço arrastado",644 km,473 km,"11,7 km/l","8,6 km/l",5,,,Não informado,,,,,5750 rpm,4000 rpm,Hidráulicos,,,,,,,,,,495 km,363 km,9 km/l,"6,6 km/l",,Correia dentada,113 cv,110 cv,"15,8 kgfm","14,5 kgfm",,,,,,,,,,,,,,,,,,,,,,,1151 litros,
peugeot,Hoggar,hoggar,hoggar-escapade-1-6-16v-2011,hoggar-escapade-1-6-16v-2011,https://www.fichacompleta.com.br/carros/peugeot/hoggar-escapade-1-6-16v-2011,2026-06-17T21:56:48.294365,Peugeot Hoggar Escapade 1.6 16V 2011,"11,9 s",179 km/h,Embreagem monodisco a seco,Manual,BE4/5,,Dianteira,Injeção multiponto,Natural,1587 cm³,4 em linha,TU5JP4,Duplo no cabeçote,82 mm,"78,5 mm",Transversal,Dianteiro,"10,8 kg/cv","77,0 kg/kgfm","71,2 cv/litro",,11:1,6500 rpm,"10,0 kgfm/litro",,4,1524 mm,650 kg,4547 mm,2745 mm,1668 mm,1216 kg,,55 litros,120 mm,Disco ventilado,Tambor,Hidráulica,,"Indep., McPherson",Barra de torção,"Indep., braço arrastado",644 km,473 km,"11,7 km/l","8,6 km/l",5,5750 rpm,4000 rpm,Não informado,,,,,,,Hidráulicos,,,,,,,,,,495 km,363 km,9 km/l,"6,6 km/l",,Correia dentada,113 cv,110 cv,"15,8 kgfm","14,5 kgfm",,,,,,,,,,,,,,,,,,,,,,,1151 litros,
peugeot,Hoggar,hoggar,hoggar-x-line-1-4-2011,hoggar-x-line-1-4-2011,https://www.fichacompleta.com.br/carros/peugeot/hoggar-x-line-1-4-2011,2026-06-17T21:56:50.930712,Peugeot Hoggar X-Line 1.4 2011,"14,4 s",156 km/h,Embreagem monodisco a seco,Manual,MA/5,5,Dianteira,Injeção multiponto,Natural,1360 cm³,4 em linha,TU3JP,Único no cabeçote,77 mm,75 mm,Transversal,Dianteiro,"13,7 kg/cv","87,6 kg/kgfm","60,3 cv/litro",82 cv (A) 80 cv (G) a 5250 rpm,"10,5:1",6500 rpm,"9,4 kgfm/litro","12,8 kgfm (A) 12,8 kgfm (G) a 3250 rpm",2,1524 mm,742 kg,4526 mm,2745 mm,1668 mm,1121 kg,1151 litros,55 litros,123 mm,Disco sólido,Tambor,Hidráulica,Não informado,"Indep., McPherson",Barra de torção,"Indep., braço arrastado",660 km,501 km,12 km/l,"9,1 km/l",5,,,Não informado,,,,,5250 rpm,3250 rpm,,,,,,,,,,,523 km,385 km,"9,5 km/l",7 km/l,,Correia dentada,82 cv,80 cv,"12,8 kgfm","12,8 kgfm",,,,,,,,,,,,,,,,,,,,,,,1151 litros,
peugeot,Hoggar,hoggar,hoggar-xr-1-4-2011,hoggar-xr-1-4-2011,https://www.fichacompleta.com.br/carros/peugeot/hoggar-xr-1-4-2011,2026-06-17T21:56:53.832363,Peugeot Hoggar XR 1.4 2011,"14,4 s",156 km/h,Embreagem monodisco a seco,Manual,MA/5,,Dianteira,Injeção multiponto,Natural,1360 cm³,4 em linha,TU3JP,Único no cabeçote,77 mm,75 mm,Transversal,Dianteiro,"13,8 kg/cv","88,7 kg/kgfm","60,3 cv/litro",,"10,5:1",6500 rpm,"9,4 kgfm/litro",,2,1524 mm,660 kg,4526 mm,2745 mm,1668 mm,1135 kg,,55 litros,123 mm,Disco sólido,Tambor,Hidráulica,,"Indep., McPherson",Barra de torção,"Indep., braço arrastado",715 km,501 km,13 km/l,"9,1 km/l",5,,,Não informado,,,,,5250 rpm,3250 rpm,,,,,,,,,,,550 km,385 km,10 km/l,7 km/l,,Correia dentada,82 cv,80 cv,"12,8 kgfm","12,8 kgfm",,,,,,,,,,,,,,,,,,,,,,,1151 litros,
peugeot,Hoggar,hoggar,hoggar-escapade-1-6-16v-2012,hoggar-escapade-1-6-16v-2012,https://www.fichacompleta.com.br/carros/peugeot/hoggar-escapade-1-6-16v-2012,2026-06-17T21:56:57.031507,Peugeot Hoggar Escapade 1.6 16V 2012,"11,9 s",179 km/h,Embreagem monodisco a seco,Manual,BE4/5,5,Dianteira,Injeção multiponto,Natural,1587 cm³,4 em linha,TU5JP4,"Duplo no cabeçote, correia dentada",82 mm,"78,5 mm",Transversal,Dianteiro,"10,8 kg/cv","77,0 kg/kgfm","71,2 cv/litro",113 cv (A) 110 cv (G) a 5750 rpm,11:1,6500 rpm,"10,0 kgfm/litro","15,8 kgfm (A) 14,5 kgfm (G) a 4000 rpm",4,1524 mm,650 kg,4547 mm,2745 mm,1668 mm,1216 kg,1151 litros,55 litros,120 mm,Disco ventilado,Tambor,Hidráulica,Não informado,"Independente, McPherson",Barra de torção,"Independente, braço arrastado",644 km,473 km,"11,7 km/l","8,6 km/l",,,,,,,,,,,Hidráulicos,,,,,,,,,,495 km,363 km,9 km/l,"6,6 km/l",,,,,,,,,,,,,,,,,,,,,,,,,,,,,,
peugeot,Hoggar,hoggar,hoggar-x-line-1-4-2012,hoggar-x-line-1-4-2012,https://www.fichacompleta.com.br/carros/peugeot/hoggar-x-line-1-4-2012,2026-06-17T21:57:01.099226,Peugeot Hoggar X-Line 1.4 2012,"14,4 s",156 km/h,Embreagem monodisco a seco,Manual,MA/5,5,Dianteira,Injeção multiponto,Natural,1360 cm³,4 em linha,TU3JP,"Único no cabeçote, correia dentada",77 mm,75 mm,Transversal,Dianteiro,"13,7 kg/cv","87,6 kg/kgfm","60,3 cv/litro",82 cv (A) 80 cv (G) a 5250 rpm,"10,5:1",6500 rpm,"9,4 kgfm/litro","12,8 kgfm (A) 12,8 kgfm (G) a 3250 rpm",2,1524 mm,742 kg,4526 mm,2745 mm,1668 mm,1121 kg,1151 litros,55 litros,123 mm,Disco sólido,Tambor,Hidráulica,Não informado,"Independente, McPherson",Barra de torção,"Independente, braço arrastado",660 km,501 km,12 km/l,"9,1 km/l",,,,,,,,,,,,,,,,,,,,,523 km,385 km,"9,5 km/l",7 km/l,,,,,,,,,,,,,,,,,,,,,,,,,,,,,,
peugeot,Hoggar,hoggar,hoggar-xr-1-4-2012,hoggar-xr-1-4-2012,https://www.fichacompleta.com.br/carros/peugeot/hoggar-xr-1-4-2012,2026-06-17T21:57:05.944559,Peugeot Hoggar XR 1.4 2012,"14,4 s",156 km/h,Embreagem monodisco a seco,Manual,MA/5,,Dianteira,Injeção multiponto,Natural,1360 cm³,4 em linha,TU3JP,Único no cabeçote,77 mm,75 mm,Transversal,Dianteiro,"13,8 kg/cv","88,7 kg/kgfm","60,3 cv/litro",,"10,5:1",6500 rpm,"9,4 kgfm/litro",,2,1524 mm,660 kg,4526 mm,2745 mm,1668 mm,1135 kg,,55 litros,123 mm,Disco sólido,Tambor,Hidráulica,,"Indep., McPherson",Barra de torção,"Indep., braço arrastado",715 km,501 km,13 km/l,"9,1 km/l",5,5250 rpm,3250 rpm,Não informado,,,,,,,,,,,,,,,,,550 km,385 km,10 km/l,7 km/l,,Correia dentada,82 cv,80 cv,"12,8 kgfm","12,8 kgfm",,,,,,,,,,,,,,,,,,,,,,,1151 litros,
peugeot,Hoggar,hoggar,hoggar-x-line-1-4-2013,hoggar-x-line-1-4-2013,https://www.fichacompleta.com.br/carros/peugeot/hoggar-x-line-1-4-2013,2026-06-17T21:57:08.554528,Peugeot Hoggar X-Line 1.4 2013,"14,4 s",156 km/h,Embreagem monodisco a seco,Manual,MA/5,,Dianteira,Injeção multiponto,Natural,1360 cm³,4 em linha,TU3JP,Único no cabeçote,77 mm,75 mm,Transversal,Dianteiro,"13,7 kg/cv","87,6 kg/kgfm","60,3 cv/litro",,"10,5:1",6500 rpm,"9,4 kgfm/litro",,2,1524 mm,742 kg,4526 mm,2745 mm,1668 mm,1121 kg,,55 litros,123 mm,Disco sólido,Tambor,Hidráulica,,"Indep., McPherson",Barra de torção,"Indep., braço arrastado",660 km,501 km,12 km/l,"9,1 km/l",5,5250 rpm,3250 rpm,Não informado,,,,,,,,,,,,,,,,,523 km,385 km,"9,5 km/l",7 km/l,,Correia dentada,82 cv,80 cv,"12,8 kgfm","12,8 kgfm",,,,,,,,,,,,,,,,,,,,,,,1151 litros,
peugeot,Hoggar,hoggar,hoggar-xr-1-4-2013,hoggar-xr-1-4-2013,https://www.fichacompleta.com.br/carros/peugeot/hoggar-xr-1-4-2013,2026-06-17T21:57:13.542670,Peugeot Hoggar XR 1.4 2013,"14,4 s",156 km/h,Embreagem monodisco a seco,Manual,MA/5,5,Dianteira,Injeção multiponto,Natural,1360 cm³,4 em linha,TU3JP,"Único no cabeçote, correia dentada",77 mm,75 mm,Transversal,Dianteiro,"13,8 kg/cv","88,7 kg/kgfm","60,3 cv/litro",82 cv (A) 80 cv (G) a 5250 rpm,"10,5:1",6500 rpm,"9,4 kgfm/litro","12,8 kgfm (A) 12,8 kgfm (G) a 3250 rpm",2,1524 mm,660 kg,4526 mm,2745 mm,1668 mm,1135 kg,1151 litros,55 litros,123 mm,Disco sólido,Tambor,Hidráulica,Não informado,"Independente, McPherson",Barra de torção,"Independente, braço arrastado",715 km,501 km,13 km/l,"9,1 km/l",,,,,,,,,,,,,,,,,,,,,550 km,385 km,10 km/l,7 km/l,,,,,,,,,,,,,,,,,,,,,,,,,,,,,,
peugeot,Hoggar,hoggar,hoggar-active-1-4-2014,hoggar-active-1-4-2014,https://www.fichacompleta.com.br/carros/peugeot/hoggar-active-1-4-2014,2026-06-17T21:57:16.794124,Peugeot Hoggar Active 1.4 2014,"14,4 s",156 km/h,Embreagem monodisco a seco,Manual,MA/5,,Dianteira,Injeção multiponto,Natural,,4 em linha,TU3JP,Único no cabeçote,77 mm,75 mm,Transversal,Dianteiro,"13,67 kg/cv","87,6 kg/kgfm","60,3 cv/litro",,"10,5:1",6500 rpm,"9,4 kgfm/litro",,2,1524 mm,742 kg,4526 mm,2745 mm,1668 mm,1121 kg,,55 litros,123 mm,Disco sólido,Tambor,Hidráulica,,"Indep., McPherson",Barra de torção,"Indep., braço arrastado",660 km,501 km,12 km/l,"9,1 km/l",5,5250 rpm,3250 rpm,Não informado,,,,,,,Mecânicos,,,,,,,,,,523 km,385 km,"9,5 km/l",7 km/l,,Correia dentada,82 cv,80 cv,"12,8 kgfm","12,8 kgfm",,340 cm³,1360 cm³,,,,,,,,,,,,,,,,,,,,1151 litros,
peugeot,Hoggar,hoggar,hoggar-allure-1-4-2014,hoggar-allure-1-4-2014,https://www.fichacompleta.com.br/carros/peugeot/hoggar-allure-1-4-2014,2026-06-17T21:57:21.754333,Peugeot Hoggar Allure 1.4 2014,"14,4 s",156 km/h,Embreagem monodisco a seco,Manual,MA/5,,Dianteira,Injeção multiponto,Natural,,4 em linha,TU3JP,Único no cabeçote,77 mm,75 mm,Transversal,Dianteiro,"13,84 kg/cv","88,7 kg/kgfm","60,3 cv/litro",,"10,5:1",6500 rpm,"9,4 kgfm/litro",,2,1524 mm,660 kg,4526 mm,2745 mm,1668 mm,1135 kg,,55 litros,123 mm,Disco sólido,Tambor,Hidráulica,,"Indep., McPherson",Barra de torção,"Indep., braço arrastado",715 km,501 km,13 km/l,"9,1 km/l",5,5250 rpm,3250 rpm,Não informado,,,,,,,Mecânicos,,,,,,,,,,550 km,385 km,10 km/l,7 km/l,,Correia dentada,82 cv,80 cv,"12,8 kgfm","12,8 kgfm",,340 cm³,1360 cm³,,,,,,,,,,,,,,,,,,,,1151 litros,
peugeot,Hoggar,hoggar,hoggar-x-line-1-4-2014,hoggar-x-line-1-4-2014,https://www.fichacompleta.com.br/carros/peugeot/hoggar-x-line-1-4-2014,2026-06-17T21:57:25.838233,Peugeot Hoggar X-Line 1.4 2014,"14,4 s",156 km/h,Embreagem monodisco a seco,Manual,MA/5,5,Dianteira,Injeção multiponto,Natural,1360 cm³,4 em linha,TU3JP,"Único no cabeçote, correia dentada",,,Transversal,Dianteiro,"13,7 kg/cv","87,6 kg/kgfm","60,3 cv/litro",82 cv (A) 80 cv (G) a 5250 rpm,"10,5:1",6500 rpm,"9,4 kgfm/litro","12,8 kgfm (A) 12,8 kgfm (G) a 3250 rpm",2,1524 mm,742 kg,4526 mm,2745 mm,1668 mm,1121 kg,1151 litros,55 litros,123 mm,Disco sólido,Tambor,Hidráulica,Não informado,"Independente, McPherson",Barra de torção,"Independente, braço arrastado",660 km,501 km,12 km/l,"9,1 km/l",,,,,,,77 mm,75 mm,,,,,,,,,,,,,523 km,385 km,"9,5 km/l",7 km/l,,,,,,,,,,,,,,,,,,,,,,,,,,,,,,
peugeot,Partner,partner,partner-furgao-1-8-1999,partner-furgao-1-8-1999,https://www.fichacompleta.com.br/carros/peugeot/partner-furgao-1-8-1999,2026-06-17T21:57:42.621719,Peugeot Partner Furgão 1.8 1999,14 s,170 km/h,Embreagem monodisco a seco,Manual,,5,Dianteira,Injeção multiponto,Natural,1761 cm³,4 em linha,XU7JB,"Único no cabeçote, correia dentada","81,4 mm",83 mm,Transversal,Dianteiro,"12,6 kg/cv","75,5 kg/kgfm","52,2 cv/litro",92 cv a 5000 rpm,"9,25:1",,"8,7 kgfm/litro","15,3 kgfm a 2600 rpm",2,1830 mm,625 kg,4108 mm,2690 mm,1719 mm,1155 kg,3000 litros,55 litros,116 mm,Disco ventilado,Tambor,Não assistida,Não informado,"Independente, McPherson",Barra de torção,"Independente, braço arrastado",660 km,495 km,12 km/l,9 km/l,,,,,,,,,,,,,,,,,,,,,,,,,,,,,,,,,,,,,,,,,,,,,,,,,,,,,,
peugeot,Partner,partner,partner-furgao-1-8-2001,partner-furgao-1-8-2001,https://www.fichacompleta.com.br/carros/peugeot/partner-furgao-1-8-2001,2026-06-17T21:57:46.665209,Peugeot Partner Furgão 1.8 2001,14 s,170 km/h,Embreagem monodisco a seco,Manual,,5,Dianteira,Injeção multiponto,Natural,1761 cm³,4 em linha,XU7JB,"Único no cabeçote, correia dentada",,,Transversal,Dianteiro,"12,8 kg/cv","75,5 kg/kgfm","51,1 cv/litro",90 cv a 5000 rpm,"9,25:1",,"8,7 kgfm/litro","15,3 kgfm a 2600 rpm",2,1830 mm,625 kg,4108 mm,2690 mm,1719 mm,1155 kg,3000 litros,55 litros,116 mm,Disco ventilado,Tambor,Não assistida,Não informado,"Independente, McPherson",Barra de torção,"Independente, braço arrastado",660 km,495 km,12 km/l,9 km/l,,,,,,,"81,4 mm",83 mm,,,,,,,,,,,,,,,,,,,,,,,,,,,,,,,,,,,,,,,,,,,,,,
peugeot,Partner,partner,partner-furgao-1-8-2003,partner-furgao-1-8-2003,https://www.fichacompleta.com.br/carros/peugeot/partner-furgao-1-8-2003,2026-06-17T21:57:51.202851,Peugeot Partner Furgão 1.8 2003,14 s,170 km/h,Embreagem monodisco a seco,Manual,,5,Dianteira,Injeção multiponto,Natural,1761 cm³,4 em linha,XU7JB,Único no cabeçote,"81,4 mm",83 mm,Transversal,Dianteiro,"12,6 kg/cv","75,5 kg/kgfm","52,2 cv/litro",92 cv,"9,25:1",,"8,7 kgfm/litro","15,3 kgfm",2,1830 mm,625 kg,4108 mm,2690 mm,1719 mm,1155 kg,3000 litros,55 litros,116 mm,Disco ventilado,Tambor,Não assistida,Não informado,"Indep., McPherson",Barra de torção,"Indep., braço arrastado",660 km,495 km,12 km/l,9 km/l,5,,,Não informado,1420 mm,1440 mm,,,5000 rpm,2600 rpm,,,,,,,,,,,,,,,,Correia dentada,,,,,,,,,,,,,,,,,,,,,,,,,,,,
peugeot,Partner,partner,partner-furgao-1-6-16v-2005,partner-furgao-1-6-16v-2005,https://www.fichacompleta.com.br/carros/peugeot/partner-furgao-1-6-16v-2005,2026-06-17T21:57:54.734003,Peugeot Partner Furgão 1.6 16V 2005,"11,7 s",175 km/h,Embreagem monodisco a seco,Manual,,,Dianteira,Injeção multiponto,Natural,1587 cm³,4 em linha,TU5JP4,Duplo no cabeçote,82 mm,"78,5 mm",Transversal,Dianteiro,"10,5 kg/cv","74,0 kg/kgfm","69,3 cv/litro",110 cv,"10,5:1",6500 rpm,"9,8 kgfm/litro","15,6 kgfm",4,1830 mm,625 kg,4108 mm,2690 mm,1719 mm,1155 kg,3000 litros,55 litros,116 mm,Disco ventilado,Tambor,Não assistida,,"Indep., McPherson",Barra de torção,"Indep., braço arrastado",633 km,495 km,"11,5 km/l",9 km/l,5,5750 rpm,4000 rpm,Não informado,1420 mm,1440 mm,,,,,Hidráulicos,,,,,,,,,,,,,,,Correia dentada,,,,,,,,,,,,,,,,,,,,,,,,,,,,
peugeot,Partner,partner,partner-furgao-1-6-16v-2006,partner-furgao-1-6-16v-2006,https://www.fichacompleta.com.br/carros/peugeot/partner-furgao-1-6-16v-2006,2026-06-17T21:57:58.594203,Peugeot Partner Furgão 1.6 16V 2006,"11,7 s",175 km/h,Embreagem monodisco a seco,Manual,,,Dianteira,Injeção multiponto,Natural,1587 cm³,4 em linha,TU5JP4,Duplo no cabeçote,82 mm,"78,5 mm",Transversal,Dianteiro,"10,5 kg/cv","74,0 kg/kgfm","69,3 cv/litro",110 cv,"10,5:1",6500 rpm,"9,8 kgfm/litro","15,6 kgfm",4,1830 mm,625 kg,4108 mm,2690 mm,1719 mm,1155 kg,3000 litros,55 litros,116 mm,Disco ventilado,Tambor,Não assistida,,"Indep., McPherson",Barra de torção,"Indep., braço arrastado",633 km,495 km,"11,5 km/l",9 km/l,5,,,Não informado,1420 mm,1440 mm,,,5750 rpm,4000 rpm,Hidráulicos,,,,,,,,,,,,,,,Correia dentada,,,,,,,,,,,,,,,,,,,,,,,,,,,,
peugeot,Partner,partner,partner-furgao-1-6-16v-2008,partner-furgao-1-6-16v-2008,https://www.fichacompleta.com.br/carros/peugeot/partner-furgao-1-6-16v-2008,2026-06-17T21:58:01.204474,Peugeot Partner Furgão 1.6 16V 2008,13 s,170 km/h,Embreagem monodisco a seco,Manual,,,Dianteira,Injeção multiponto,Natural,1587 cm³,4 em linha,TU5JP4,Duplo no cabeçote,82 mm,"78,5 mm",Transversal,Dianteiro,"10,2 kg/cv","73,1 kg/kgfm","71,2 cv/litro",,11:1,6500 rpm,"10,0 kgfm/litro",,4,1830 mm,625 kg,4108 mm,2690 mm,1719 mm,1155 kg,3000 litros,55 litros,116 mm,Disco ventilado,Tambor,Hidráulica,,"Indep., McPherson",Barra de torção,"Indep., braço arrastado",660 km,495 km,12 km/l,9 km/l,5,5750 rpm,4000 rpm,Não informado,1420 mm,1440 mm,,,,,Hidráulicos,,,,,,,,,,550 km,385 km,10 km/l,7 km/l,,Correia dentada,113 cv,110 cv,"15,8 kgfm","14,5 kgfm",,,,,,,,,,,,,,,,,,,,,,,,
peugeot,Partner,partner,partner-furgao-1-6-16v-2010,partner-furgao-1-6-16v-2010,https://www.fichacompleta.com.br/carros/peugeot/partner-furgao-1-6-16v-2010,2026-06-17T21:58:03.984322,Peugeot Partner Furgão 1.6 16V 2010,13 s,170 km/h,Embreagem monodisco a seco,Manual,,,Dianteira,Injeção multiponto,Natural,1587 cm³,4 em linha,TU5JP4,Duplo no cabeçote,82 mm,"78,5 mm",Transversal,Dianteiro,"10,2 kg/cv","73,1 kg/kgfm","71,2 cv/litro",,11:1,6500 rpm,"10,0 kgfm/litro",,4,1830 mm,625 kg,4108 mm,2690 mm,1719 mm,1155 kg,3000 litros,55 litros,116 mm,Disco ventilado,Tambor,Hidráulica,,"Indep., McPherson",Barra de torção,"Indep., braço arrastado",660 km,495 km,12 km/l,9 km/l,5,5750 rpm,4000 rpm,Não informado,1420 mm,1440 mm,,,,,Hidráulicos,,,,,,,,,,550 km,385 km,10 km/l,7 km/l,,Correia dentada,113 cv,110 cv,"15,8 kgfm","14,5 kgfm",,,,,,,,,,,,,,,,,,,,,,,,
peugeot,Partner,partner,partner-1-6-16v-2011,partner-1-6-16v-2011,https://www.fichacompleta.com.br/carros/peugeot/partner-1-6-16v-2011,2026-06-17T21:58:06.468141,Peugeot Partner 1.6 16V 2011,14 s,170 km/h,Embreagem monodisco a seco,Manual,,5,Dianteira,Injeção multiponto,Natural,1587 cm³,4 em linha,TU5JP4,Duplo no cabeçote,82 mm,"78,5 mm",Transversal,Dianteiro,"11,7 kg/cv","83,4 kg/kgfm","71,2 cv/litro",113 cv (A) 110 cv (G) a 5750 rpm,11:1,6500 rpm,"10,0 kgfm/litro","15,8 kgfm (A) 14,5 kgfm (G) a 4000 rpm",4,1858 mm,447 kg,4137 mm,2693 mm,1724 mm,1318 kg,624 litros,55 litros,114 mm,Disco ventilado,Tambor,Hidráulica,Não informado,"Indep., McPherson",Barra de torção,"Indep., braço arrastado",715 km,501 km,13 km/l,"9,1 km/l",5,,,Não informado,1420 mm,1440 mm,,,5750 rpm,4000 rpm,Hidráulicos,,,,,,,,,,550 km,385 km,10 km/l,7 km/l,,Correia dentada,113 cv,110 cv,"15,8 kgfm","14,5 kgfm",,,,,,,,,,,,,,,,,,,,,,,,
peugeot,Partner,partner,partner-escapade-1-6-16v-2011,partner-escapade-1-6-16v-2011,https://www.fichacompleta.com.br/carros/peugeot/partner-escapade-1-6-16v-2011,2026-06-17T21:58:10.636248,Peugeot Partner Escapade 1.6 16V 2011,14 s,170 km/h,Embreagem monodisco a seco,Manual,,5,Dianteira,Injeção multiponto,Natural,1587 cm³,4 em linha,TU5JP4,Duplo no cabeçote,82 mm,"78,5 mm",Transversal,Dianteiro,"11,7 kg/cv","83,4 kg/kgfm","71,2 cv/litro",113 cv (A) 110 cv (G) a 5750 rpm,11:1,6500 rpm,"10,0 kgfm/litro","15,8 kgfm (A) 14,5 kgfm (G) a 4000 rpm",4,1858 mm,447 kg,4137 mm,2693 mm,1724 mm,1318 kg,624 litros,55 litros,120 mm,Disco ventilado,Tambor,Hidráulica,Não informado,"Indep., McPherson",Barra de torção,"Indep., braço arrastado",715 km,501 km,13 km/l,"9,1 km/l",5,,,Não informado,1420 mm,1440 mm,,,5750 rpm,4000 rpm,Hidráulicos,,,,,,,,,,550 km,385 km,10 km/l,7 km/l,,Correia dentada,113 cv,110 cv,"15,8 kgfm","14,5 kgfm",,,,,,,,,,,,,,,,,,,,,,,,
peugeot,Partner,partner,partner-furgao-1-6-16v-2011,partner-furgao-1-6-16v-2011,https://www.fichacompleta.com.br/carros/peugeot/partner-furgao-1-6-16v-2011,2026-06-17T21:58:15.158287,Peugeot Partner Furgão 1.6 16V 2011,14 s,170 km/h,Embreagem monodisco a seco,Manual,,5,Dianteira,Injeção multiponto,Natural,1587 cm³,4 em linha,TU5JP4,Duplo no cabeçote,82 mm,"78,5 mm",Transversal,Dianteiro,"10,8 kg/cv","77,2 kg/kgfm","71,2 cv/litro",113 cv (A) 110 cv (G) a 5750 rpm,11:1,6500 rpm,"10,0 kgfm/litro","15,8 kgfm (A) 14,5 kgfm (G) a 4000 rpm",4,1858 mm,800 kg,4137 mm,2693 mm,1724 mm,1219 kg,3000 litros,55 litros,114 mm,Disco ventilado,Tambor,Hidráulica,Não informado,"Indep., McPherson",Barra de torção,"Indep., braço arrastado",715 km,501 km,13 km/l,"9,1 km/l",5,,,Não informado,1420 mm,1440 mm,,,5750 rpm,4000 rpm,Hidráulicos,,,,,,,,,,550 km,385 km,10 km/l,7 km/l,,Correia dentada,113 cv,110 cv,"15,8 kgfm","14,5 kgfm",,,,,,,,,,,,,,,,,,,,,,,,
peugeot,Partner,partner,partner-1-6-16v-2012,partner-1-6-16v-2012,https://www.fichacompleta.com.br/carros/peugeot/partner-1-6-16v-2012,2026-06-17T21:58:19.564282,Peugeot Partner 1.6 16V 2012,14 s,170 km/h,Embreagem monodisco a seco,Manual,,,Dianteira,Injeção multiponto,Natural,1587 cm³,4 em linha,TU5JP4,Duplo no cabeçote,82 mm,"78,5 mm",Transversal,Dianteiro,"11,7 kg/cv","83,4 kg/kgfm","71,2 cv/litro",,11:1,6500 rpm,"10,0 kgfm/litro",,4,1858 mm,447 kg,4137 mm,2693 mm,1724 mm,1318 kg,624 litros,55 litros,114 mm,Disco ventilado,Tambor,Hidráulica,,"Indep., McPherson",Barra de torção,"Indep., braço arrastado",715 km,501 km,13 km/l,"9,1 km/l",5,5750 rpm,4000 rpm,Não informado,1420 mm,1440 mm,,,,,Hidráulicos,,,,,,,,,,550 km,385 km,10 km/l,7 km/l,,Correia dentada,113 cv,110 cv,"15,8 kgfm","14,5 kgfm",,,,,,,,,,,,,,,,,,,,,,,,
peugeot,Partner,partner,partner-escapade-1-6-16v-2012,partner-escapade-1-6-16v-2012,https://www.fichacompleta.com.br/carros/peugeot/partner-escapade-1-6-16v-2012,2026-06-17T21:58:24.385045,Peugeot Partner Escapade 1.6 16V 2012,14 s,170 km/h,Embreagem monodisco a seco,Manual,,,Dianteira,Injeção multiponto,Natural,1587 cm³,4 em linha,TU5JP4,Duplo no cabeçote,82 mm,"78,5 mm",Transversal,Dianteiro,"11,7 kg/cv","83,4 kg/kgfm","71,2 cv/litro",,11:1,6500 rpm,"10,0 kgfm/litro",,4,1858 mm,447 kg,4137 mm,2693 mm,1724 mm,1318 kg,624 litros,55 litros,120 mm,Disco ventilado,Tambor,Hidráulica,,"Indep., McPherson",Barra de torção,"Indep., braço arrastado",715 km,501 km,13 km/l,"9,1 km/l",5,5750 rpm,4000 rpm,Não informado,1420 mm,1440 mm,,,,,Hidráulicos,,,,,,,,,,550 km,385 km,10 km/l,7 km/l,,Correia dentada,113 cv,110 cv,"15,8 kgfm","14,5 kgfm",,,,,,,,,,,,,,,,,,,,,,,,
peugeot,Partner,partner,partner-furgao-1-6-16v-2012,partner-furgao-1-6-16v-2012,https://www.fichacompleta.com.br/carros/peugeot/partner-furgao-1-6-16v-2012,2026-06-17T21:58:27.653052,Peugeot Partner Furgão 1.6 16V 2012,14 s,170 km/h,Embreagem monodisco a seco,Manual,,5,Dianteira,Injeção multiponto,Natural,1587 cm³,4 em linha,TU5JP4,"Duplo no cabeçote, correia dentada",82 mm,"78,5 mm",Transversal,Dianteiro,"10,8 kg/cv","77,2 kg/kgfm","71,2 cv/litro",113 cv (A) 110 cv (G) a 5750 rpm,11:1,6500 rpm,"10,0 kgfm/litro","15,8 kgfm (A) 14,5 kgfm (G) a 4000 rpm",4,1858 mm,800 kg,4137 mm,2693 mm,1724 mm,1219 kg,3000 litros,55 litros,114 mm,Disco ventilado,Tambor,Hidráulica,Não informado,"Independente, McPherson",Barra de torção,"Independente, braço arrastado",715 km,501 km,13 km/l,"9,1 km/l",,,,,,,,,,,Hidráulicos,,,,,,,,,,550 km,385 km,10 km/l,7 km/l,,,,,,,,,,,,,,,,,,,,,,,,,,,,,,
peugeot,Partner,partner,partner-1-6-16v-2013,partner-1-6-16v-2013,https://www.fichacompleta.com.br/carros/peugeot/partner-1-6-16v-2013,2026-06-17T21:58:30.831365,Peugeot Partner 1.6 16V 2013,14 s,170 km/h,Embreagem monodisco a seco,Manual,,5,Dianteira,Injeção multiponto,Natural,1587 cm³,4 em linha,TU5JP4,"Duplo no cabeçote, correia dentada",82 mm,"78,5 mm",Transversal,Dianteiro,"11,7 kg/cv","83,4 kg/kgfm","71,2 cv/litro",113 cv (A) 110 cv (G) a 5750 rpm,11:1,6500 rpm,"10,0 kgfm/litro","15,8 kgfm (A) 14,5 kgfm (G) a 4000 rpm",4,1858 mm,447 kg,4137 mm,2693 mm,1724 mm,1318 kg,624 litros,55 litros,114 mm,Disco ventilado,Tambor,Hidráulica,Não informado,"Independente, McPherson",Barra de torção,"Independente, braço arrastado",715 km,501 km,13 km/l,"9,1 km/l",,,,,,,,,,,Hidráulicos,,,,,,,,,,550 km,385 km,10 km/l,7 km/l,,,,,,,,,,,,,,,,,,,,,,,,,,,,,,
peugeot,Partner,partner,partner-escapade-1-6-16v-2013,partner-escapade-1-6-16v-2013,https://www.fichacompleta.com.br/carros/peugeot/partner-escapade-1-6-16v-2013,2026-06-17T21:58:34.191342,Peugeot Partner Escapade 1.6 16V 2013,14 s,170 km/h,Embreagem monodisco a seco,Manual,,5,Dianteira,Injeção multiponto,Natural,1587 cm³,4 em linha,TU5JP4,"Duplo no cabeçote, correia dentada",82 mm,"78,5 mm",Transversal,Dianteiro,"11,7 kg/cv","83,4 kg/kgfm","71,2 cv/litro",113 cv (A) 110 cv (G) a 5750 rpm,11:1,6500 rpm,"10,0 kgfm/litro","15,8 kgfm (A) 14,5 kgfm (G) a 4000 rpm",4,1858 mm,447 kg,4137 mm,2693 mm,1724 mm,1318 kg,624 litros,55 litros,120 mm,Disco ventilado,Tambor,Hidráulica,Não informado,"Independente, McPherson",Barra de torção,"Independente, braço arrastado",715 km,501 km,13 km/l,"9,1 km/l",,,,,,,,,,,Hidráulicos,,,,,,,,,,550 km,385 km,10 km/l,7 km/l,,,,,,,,,,,,,,,,,,,,,,,,,,,,,,
peugeot,Partner,partner,partner-furgao-1-6-16v-2013,partner-furgao-1-6-16v-2013,https://www.fichacompleta.com.br/carros/peugeot/partner-furgao-1-6-16v-2013,2026-06-17T21:58:37.474355,Peugeot Partner Furgão 1.6 16V 2013,14 s,170 km/h,Embreagem monodisco a seco,Manual,,5,Dianteira,Injeção multiponto,Natural,1587 cm³,4 em linha,TU5JP4,"Duplo no cabeçote, correia dentada",82 mm,"78,5 mm",Transversal,Dianteiro,"10,8 kg/cv","77,2 kg/kgfm","71,2 cv/litro",113 cv (A) 110 cv (G) a 5750 rpm,11:1,6500 rpm,"10,0 kgfm/litro","15,8 kgfm (A) 14,5 kgfm (G) a 4000 rpm",4,1858 mm,800 kg,4137 mm,2693 mm,1724 mm,1219 kg,3000 litros,55 litros,114 mm,Disco ventilado,Tambor,Hidráulica,Não informado,"Independente, McPherson",Barra de torção,"Independente, braço arrastado",715 km,501 km,13 km/l,"9,1 km/l",,,,,,,,,,,Hidráulicos,,,,,,,,,,550 km,385 km,10 km/l,7 km/l,,,,,,,,,,,,,,,,,,,,,,,,,,,,,,
peugeot,Partner,partner,partner-furgao-1-6-16v-2014,partner-furgao-1-6-16v-2014,https://www.fichacompleta.com.br/carros/peugeot/partner-furgao-1-6-16v-2014,2026-06-17T21:58:41.225268,Peugeot Partner Furgão 1.6 16V 2014,14 s,170 km/h,Embreagem monodisco a seco,Manual,,5,Dianteira,Injeção multiponto,Natural,1587 cm³,4 em linha,TU5JP4,"Duplo no cabeçote, correia dentada",82 mm,"78,5 mm",Transversal,Dianteiro,"10,8 kg/cv","77,2 kg/kgfm","71,2 cv/litro",113 cv (A) 110 cv (G) a 5750 rpm,11:1,6500 rpm,"10,0 kgfm/litro","15,8 kgfm (A) 14,5 kgfm (G) a 4000 rpm",4,1858 mm,800 kg,4137 mm,2693 mm,1724 mm,1219 kg,3000 litros,55 litros,114 mm,Disco ventilado,Tambor,Hidráulica,Não informado,"Independente, McPherson",Barra de torção,"Independente, braço arrastado",715 km,501 km,13 km/l,"9,1 km/l",,,,,,,,,,,Hidráulicos,,,,,,,,,,550 km,385 km,10 km/l,7 km/l,,,,,,,,,,,,,,,,,,,,,,,,,,,,,,
peugeot,Partner,partner,partner-furgao-1-6-16v-2015,partner-furgao-1-6-16v-2015,https://www.fichacompleta.com.br/carros/peugeot/partner-furgao-1-6-16v-2015,2026-06-17T21:58:43.792894,Peugeot Partner Furgão 1.6 16V 2015,14 s,170 km/h,Embreagem monodisco a seco,Manual,,5,Dianteira,Injeção multiponto,Natural,1587 cm³,4 em linha,TU5JP4,"Duplo no cabeçote, correia dentada",82 mm,"78,5 mm",Transversal,Dianteiro,"10,8 kg/cv","77,2 kg/kgfm","71,2 cv/litro",113 cv (A) 110 cv (G) a 5750 rpm,11:1,6500 rpm,"10,0 kgfm/litro","15,8 kgfm (A) 14,5 kgfm (G) a 4000 rpm",4,1858 mm,800 kg,4137 mm,2693 mm,1724 mm,1219 kg,3000 litros,55 litros,114 mm,Disco ventilado,Tambor,Hidráulica,Não informado,"Independente, McPherson",Barra de torção,"Independente, braço arrastado",715 km,501 km,13 km/l,"9,1 km/l",,,,,,,,,,,Hidráulicos,,,,,,,,,,550 km,385 km,10 km/l,7 km/l,,,,,,,,,,,,,,,,,,,,,,,,,,,,,,
peugeot,Partner,partner,partner-furgao-1-6-16v-2016,partner-furgao-1-6-16v-2016,https://www.fichacompleta.com.br/carros/peugeot/partner-furgao-1-6-16v-2016,2026-06-17T21:58:47.549220,Peugeot Partner Furgão 1.6 16V 2016,14 s,170 km/h,Embreagem monodisco a seco,Manual,,5,Dianteira,Injeção multiponto,Natural,1587 cm³,4 em linha,TU5JP4,"Duplo no cabeçote, correia dentada",82 mm,"78,5 mm",Transversal,Dianteiro,"10,8 kg/cv","77,2 kg/kgfm","71,2 cv/litro",113 cv (A) 110 cv (G) a 5750 rpm,11:1,6500 rpm,"10,0 kgfm/litro","15,8 kgfm (A) 14,5 kgfm (G) a 4000 rpm",4,1858 mm,800 kg,4137 mm,2693 mm,1724 mm,1219 kg,3000 litros,55 litros,114 mm,Disco ventilado,Tambor,Hidráulica,Não informado,"Independente, McPherson",Barra de torção,"Independente, braço arrastado",715 km,501 km,13 km/l,"9,1 km/l",,,,,,,,,,,Hidráulicos,,,,,,,,,,550 km,385 km,10 km/l,7 km/l,,,,,,,,,,,,,,,,,,,,,,,,,,,,,,
peugeot,Partner,partner,partner-furgao-1-6-16v-2017,partner-furgao-1-6-16v-2017,https://www.fichacompleta.com.br/carros/peugeot/partner-furgao-1-6-16v-2017,2026-06-17T21:58:50.930192,Peugeot Partner Furgão 1.6 16V 2017,14 s,170 km/h,Embreagem monodisco a seco,Manual,,5,Dianteira,Injeção multiponto,Natural,1587 cm³,4 em linha,TU5JP4,"Duplo no cabeçote, correia dentada",82 mm,"78,5 mm",Transversal,Dianteiro,"10,8 kg/cv","77,2 kg/kgfm","71,2 cv/litro",113 cv (A) 110 cv (G) a 5750 rpm,11:1,6500 rpm,"10,0 kgfm/litro","15,8 kgfm (A) 14,5 kgfm (G) a 4000 rpm",4,1858 mm,800 kg,4137 mm,2693 mm,1724 mm,1219 kg,3000 litros,55 litros,114 mm,Disco ventilado,Tambor,Hidráulica,Não informado,"Independente, McPherson",Barra de torção,"Independente, braço arrastado",715 km,501 km,13 km/l,"9,1 km/l",,,,,,,,,,,Hidráulicos,,,,,,,,,,550 km,385 km,10 km/l,7 km/l,,,,,,,,,,,,,,,,,,,,,,,,,,,,,,
peugeot,Partner,partner,partner-furgao-1-6-16v-2018,partner-furgao-1-6-16v-2018,https://www.fichacompleta.com.br/carros/peugeot/partner-furgao-1-6-16v-2018,2026-06-17T21:58:55.214762,Peugeot Partner Furgão 1.6 16V 2018,14 s,170 km/h,Embreagem monodisco a seco,Manual,,5,Dianteira,Injeção multiponto,Natural,1587 cm³,4 em linha,TU5JP4,"Duplo no cabeçote, correia dentada",82 mm,"78,5 mm",Transversal,Dianteiro,"10,8 kg/cv","77,2 kg/kgfm","71,2 cv/litro",113 cv (A) 110 cv (G) a 5750 rpm,11:1,6500 rpm,"10,0 kgfm/litro","15,8 kgfm (A) 14,5 kgfm (G) a 4000 rpm",4,1858 mm,800 kg,4137 mm,2693 mm,1724 mm,1219 kg,3000 litros,55 litros,114 mm,Disco ventilado,Tambor,Hidráulica,Não informado,"Independente, McPherson",Barra de torção,"Independente, braço arrastado",715 km,501 km,13 km/l,"9,1 km/l",,,,,,,,,,,Hidráulicos,,,,,,,,,,550 km,385 km,10 km/l,7 km/l,,,,,,,,,,,,,,,,,,,,,,,,,,,,,,
peugeot,Partner,partner,partner-furgao-1-6-16v-2019,partner-furgao-1-6-16v-2019,https://www.fichacompleta.com.br/carros/peugeot/partner-furgao-1-6-16v-2019,2026-06-17T21:58:58.761761,Peugeot Partner Furgão 1.6 16V 2019,11 s,173 km/h,Embreagem monodisco a seco,Manual,,5,Dianteira,Injeção multiponto,Natural,1587 cm³,4 em linha,EC5JP4,"Duplo no cabeçote, correia dentada",82 mm,"78,5 mm",Transversal,Dianteiro,"9,3 kg/cv","69,4 kg/kgfm","76,9 cv/litro",122 cv (A) 115 cv (G) a 5750 rpm,11:1,,"10,3 kgfm/litro","16,4 kgfm (A) 15,2 kgfm (G) a 4000 rpm",4,1858 mm,800 kg,4137 mm,2693 mm,1724 mm,1138 kg,3000 litros,55 litros,114 mm,Disco ventilado,Tambor,Hidráulica,Não informado,"Independente, McPherson",Barra de torção,"Independente, braço arrastado",550 km,528 km,10 km/l,"9,6 km/l",,,,,,,,,,,Hidráulicos,Admissão,,,,600 kg,,,,,385 km,369 km,7 km/l,"6,7 km/l",,,,,,,,,,,,,,,,,,,,,,,,,,,,,,
peugeot,Partner,partner,partner-furgao-1-6-16v-2020,partner-furgao-1-6-16v-2020,https://www.fichacompleta.com.br/carros/peugeot/partner-furgao-1-6-16v-2020,2026-06-17T21:59:03.174779,Peugeot Partner Furgão 1.6 16V 2020,11 s,173 km/h,Embreagem monodisco a seco,Manual,,,Dianteira,Injeção multiponto,Natural,1587 cm³,4 em linha,EC5JP4,Duplo no cabeçote,82 mm,"78,5 mm",Transversal,Dianteiro,"9,3 kg/cv","69,4 kg/kgfm","76,9 cv/litro",,11:1,6500 rpm,"10,3 kgfm/litro",,4,1858 mm,800 kg,4137 mm,2693 mm,1724 mm,1138 kg,3000 litros,55 litros,114 mm,Disco ventilado,Tambor,Hidráulica,,"Indep., McPherson",Barra de torção,"Indep., braço arrastado",550 km,528 km,10 km/l,"9,6 km/l",5,5750 rpm,4000 rpm,Não informado,1420 mm,1440 mm,,,,,Hidráulicos,Admissão,,,600 kg,600 kg,175/65 R14,,,,385 km,369 km,7 km/l,"6,7 km/l",,Correia dentada,122 cv,115 cv,"16,4 kgfm","15,2 kgfm",,,,,,,,,,,,,,,,,,,,,,,,
peugeot,Partner,partner,partner-furgao-1-6-16v-2021,partner-furgao-1-6-16v-2021,https://www.fichacompleta.com.br/carros/peugeot/partner-furgao-1-6-16v-2021,2026-06-17T21:59:07.738509,Peugeot Partner Furgão 1.6 16V 2021,11 s,173 km/h,Embreagem monodisco a seco,Manual,,,Dianteira,Injeção multiponto,Natural,1587 cm³,4 em linha,EC5JP4,Duplo no cabeçote,82 mm,"78,5 mm",Transversal,Dianteiro,"9,3 kg/cv","69,4 kg/kgfm","76,9 cv/litro",,11:1,6500 rpm,"10,3 kgfm/litro",,4,1858 mm,800 kg,4137 mm,2693 mm,1724 mm,1138 kg,3000 litros,55 litros,114 mm,Disco ventilado,Tambor,Hidráulica,,"Indep., McPherson",Barra de torção,"Indep., braço arrastado",550 km,528 km,10 km/l,"9,6 km/l",5,5750 rpm,4000 rpm,Não informado,1420 mm,1440 mm,,,,,Hidráulicos,Admissão,,,600 kg,600 kg,175/65 R14,,,,385 km,369 km,7 km/l,"6,7 km/l",,Correia dentada,122 cv,115 cv,"16,4 kgfm","15,2 kgfm",,,,,,,,,,,,,,,,,,,,,,,,
peugeot,Partner,partner,partner-furgao-1-6-16v-2022,partner-furgao-1-6-16v-2022,https://www.fichacompleta.com.br/carros/peugeot/partner-furgao-1-6-16v-2022,2026-06-17T21:59:12.558584,Peugeot Partner Furgão 1.6 16V 2022,11 s,173 km/h,Embreagem monodisco a seco,Manual,,,Dianteira,Injeção multiponto,Natural,1587 cm³,4 em linha,EC5JP4,Duplo no cabeçote,82 mm,"78,5 mm",Transversal,Dianteiro,"9,3 kg/cv","69,4 kg/kgfm","76,9 cv/litro",,11:1,6500 rpm,"10,3 kgfm/litro",,4,1858 mm,800 kg,4137 mm,2693 mm,1724 mm,1138 kg,3000 litros,55 litros,114 mm,Disco ventilado,Tambor,Hidráulica,,"Indep., McPherson",Barra de torção,"Indep., braço arrastado",550 km,528 km,10 km/l,"9,6 km/l",5,5750 rpm,4000 rpm,Não informado,1420 mm,1440 mm,,,,,Hidráulicos,Admissão,,,600 kg,600 kg,175/65 R14,,,,385 km,369 km,7 km/l,"6,7 km/l",,Correia dentada,122 cv,115 cv,"16,4 kgfm","15,2 kgfm",,,,,,,,,,,,,,,,,,,,,,,,
peugeot,Partner Rapid,partner-rapid,partner-rapid-business-1-4-2023,partner-rapid-business-1-4-2023,https://www.fichacompleta.com.br/carros/peugeot/partner-rapid-business-1-4-2023,2026-06-17T21:59:31.349701,Peugeot Partner Rapid Business 1.4 2023,"13,7 s",160 km/h,Embreagem monodisco a seco,Manual,C513,,Dianteira,Injeção multiponto,Natural,,4 em linha,Fire,Único no cabeçote,84 mm,72 mm,Transversal,Dianteiro,"12,81 kg/cv","90,3 kg/kgfm","62,9 cv/litro",,"12,35:1",6500 rpm,"8,9 kgfm/litro",,2,1900 mm,650 kg,4407 mm,2716 mm,1643 mm,1102 kg,3300 litros,55 litros,123 mm,Disco ventilado,Tambor,Não assistida,,"Indep., McPherson",Mola parabólica de lâmina única,Eixo rígido,682 km,644 km,"12,4 km/l","11,7 km/l",5,6000 rpm,4000 rpm,"10,8 m",1430 mm,1420 mm,,,,,Mecânicos,Admissão,23 graus,"26,9 graus",,400 kg,,"2,65 m²","0,901 m²",,462 km,446 km,"8,4 km/l","8,1 km/l",176 mm,Correia dentada,86 cv,84 cv,"12,2 kgfm","11,8 kgfm","0,34",342 cm³,1368 cm³,,,,,,,,,,,,,,,,,,,,,
peugeot,Partner Rapid,partner-rapid,partner-rapid-business-pack-1-4-2023,partner-rapid-business-pack-1-4-2023,https://www.fichacompleta.com.br/carros/peugeot/partner-rapid-business-pack-1-4-2023,2026-06-17T21:59:34.529211,Peugeot Partner Rapid Business Pack 1.4 2023,"13,7 s",160 km/h,Embreagem monodisco a seco,Manual,C513,,Dianteira,Injeção multiponto,Natural,,4 em linha,Fire,Único no cabeçote,84 mm,72 mm,Transversal,Dianteiro,"13,15 kg/cv","92,7 kg/kgfm","62,9 cv/litro",,"12,35:1",6500 rpm,"8,9 kgfm/litro",,2,1900 mm,650 kg,4407 mm,2716 mm,1643 mm,1131 kg,3300 litros,55 litros,123 mm,Disco ventilado,Tambor,Hidráulica,,"Indep., McPherson",Mola parabólica de lâmina única,Eixo rígido,682 km,644 km,"12,4 km/l","11,7 km/l",5,6000 rpm,4000 rpm,"10,8 m",1430 mm,1420 mm,,,,,Mecânicos,Admissão,23 graus,"26,9 graus",,400 kg,,"2,65 m²","0,901 m²",,462 km,446 km,"8,4 km/l","8,1 km/l",176 mm,Correia dentada,86 cv,84 cv,"12,2 kgfm","11,8 kgfm","0,34",342 cm³,1368 cm³,,,,,,,,,,,,,,,,,,,,,
peugeot,Partner Rapid,partner-rapid,partner-rapid-business-pack-1-4-2024,partner-rapid-business-pack-1-4-2024,https://www.fichacompleta.com.br/carros/peugeot/partner-rapid-business-pack-1-4-2024,2026-06-17T21:59:39.114618,Peugeot Partner Rapid Business Pack 1.4 2024,"13,7 s",160 km/h,Embreagem monodisco a seco,Manual,C513,,Dianteira,Injeção multiponto,Natural,,4 em linha,Fire,Único no cabeçote,84 mm,72 mm,Transversal,Dianteiro,"13,15 kg/cv","92,7 kg/kgfm","62,9 cv/litro",,"12,35:1",6500 rpm,"8,9 kgfm/litro",,2,1900 mm,650 kg,4407 mm,2716 mm,1643 mm,1131 kg,3300 litros,55 litros,123 mm,Disco ventilado,Tambor,Hidráulica,,"Indep., McPherson",Mola parabólica de lâmina única,Eixo rígido,682 km,644 km,"12,4 km/l","11,7 km/l",5,6000 rpm,4000 rpm,"10,8 m",1430 mm,1420 mm,,,,,Mecânicos,Admissão,23 graus,"26,9 graus",,400 kg,,"2,65 m²","0,901 m²",,462 km,446 km,"8,4 km/l","8,1 km/l",176 mm,Correia dentada,86 cv,84 cv,"12,2 kgfm","11,8 kgfm","0,34",342 cm³,1368 cm³,,,,,,,,,,,,,,,,,,,,,
peugeot,Partner Rapid,partner-rapid,partner-rapid-business-pack-1-3-2025,partner-rapid-business-pack-1-3-2025,https://www.fichacompleta.com.br/carros/peugeot/partner-rapid-business-pack-1-3-2025,2026-06-17T21:59:42.391575,Peugeot Partner Rapid Business Pack 1.3 2025,"11,5 s",170 km/h,Embreagem monodisco a seco,Manual,C513,,Dianteira,Injeção multiponto,Natural,,4 em linha,Firefly,Único no cabeçote,"86,5 mm",70 mm,Transversal,Dianteiro,"10,54 kg/cv","82,3 kg/kgfm","80,3 cv/litro",,"13,2:1",6500 rpm,"10,3 kgfm/litro",,2,1900 mm,650 kg,4407 mm,2716 mm,1643 mm,1128 kg,3345 litros,55 litros,123 mm,Disco ventilado,Tambor,Elétrica,,"Indep., McPherson",Mola parabólica de lâmina única,Eixo rígido,748 km,682 km,"13,6 km/l","12,4 km/l",5,6250 rpm,4000 rpm,"10,9 m",1430 mm,1420 mm,,,,,Hidráulicos,Admissão e escape,23 graus,27 graus,,400 kg,,"2,65 m²","0,901 m²",,528 km,478 km,"9,6 km/l","8,7 km/l",176 mm,Corrente,107 cv,98 cv,"13,7 kgfm","13,2 kgfm","0,34",333 cm³,1332 cm³,0W-20 ³,,,,,,,,,,,,,,,,,,,,
peugeot,Partner Rapid,partner-rapid,partner-rapid-business-pack-1-4-2025,partner-rapid-business-pack-1-4-2025,https://www.fichacompleta.com.br/carros/peugeot/partner-rapid-business-pack-1-4-2025,2026-06-17T21:59:46.056797,Peugeot Partner Rapid Business Pack 1.4 2025,"13,7 s",160 km/h,Embreagem monodisco a seco,Manual,C513,,Dianteira,Injeção multiponto,Natural,,4 em linha,Fire,Único no cabeçote,84 mm,72 mm,Transversal,Dianteiro,"13,15 kg/cv","92,7 kg/kgfm","62,9 cv/litro",,"12,35:1",6500 rpm,"8,9 kgfm/litro",,2,1900 mm,650 kg,4407 mm,2716 mm,1643 mm,1131 kg,3300 litros,55 litros,123 mm,Disco ventilado,Tambor,Hidráulica,,"Indep., McPherson",Mola parabólica de lâmina única,Eixo rígido,682 km,644 km,"12,4 km/l","11,7 km/l",5,6000 rpm,4000 rpm,"10,8 m",1430 mm,1420 mm,,,,,Mecânicos,Admissão,23 graus,"26,9 graus",,400 kg,,"2,65 m²","0,901 m²",,462 km,446 km,"8,4 km/l","8,1 km/l",176 mm,Correia dentada,86 cv,84 cv,"12,2 kgfm","11,8 kgfm","0,34",342 cm³,1368 cm³,5W-30 ³,,,,,,,,,,,,,,,,,,,,
peugeot,Partner Rapid,partner-rapid,partner-rapid-business-pack-1-3-2026,partner-rapid-business-pack-1-3-2026,https://www.fichacompleta.com.br/carros/peugeot/partner-rapid-business-pack-1-3-2026,2026-06-17T21:59:49.551519,Peugeot Partner Rapid Business Pack 1.3 2026,"11,5 s",170 km/h,Embreagem monodisco a seco,Manual,C513,,Dianteira,Injeção multiponto,Natural,,4 em linha,Firefly,Único no cabeçote,"86,5 mm",70 mm,Transversal,Dianteiro,"10,54 kg/cv","82,3 kg/kgfm","80,3 cv/litro",,"13,2:1",6500 rpm,"10,3 kgfm/litro",,2,1900 mm,650 kg,4407 mm,2716 mm,1643 mm,1128 kg,3345 litros,55 litros,123 mm,Disco ventilado,Tambor,Elétrica,,"Indep., McPherson",Mola parabólica de lâmina única,Eixo rígido,748 km,682 km,"13,6 km/l","12,4 km/l",5,6250 rpm,4000 rpm,"10,9 m",1430 mm,1420 mm,,,,,Hidráulicos,Admissão e escape,23 graus,27 graus,,400 kg,,"2,65 m²","0,901 m²",,528 km,478 km,"9,6 km/l","8,7 km/l",176 mm,Corrente,107 cv,98 cv,"13,7 kgfm","13,2 kgfm","0,34",333 cm³,1332 cm³,0W-20 ³,,,,,,,,,,,,,,,,,,,,
peugeot,Rcz,rcz,rcz-1-6-turbo-2012,rcz-1-6-turbo-2012,https://www.fichacompleta.com.br/carros/peugeot/rcz-1-6-turbo-2012,2026-06-17T22:00:06.520221,Peugeot Rcz 1.6 Turbo 2012,"8,4 s",213 km/h,Conversor de torque,Automático,Aisin TF-70SC,6,Dianteira,Injeção direta,Turbocompressor,1598 cm³,4 em linha,EP6CDT M,Duplo no cabeçote,"85,8 mm",77 mm,Transversal,Dianteiro,"8,3 kg/cv","55,6 kg/kgfm","103,3 cv/litro",165 cv,"10,5:1",6800 rpm,"15,3 kgfm/litro","24,5 kgfm",4,1359 mm,,4287 mm,2612 mm,1845 mm,1363 kg,321 litros,55 litros,106 mm,Disco ventilado,Disco sólido,Eletro-hidráulica,"11,5 m","Indep., McPherson",Mola helicoidal,Eixo de torção,660 km,462 km,12 km/l,"8,4 km/l",6,,,"11,5 m",1580 mm,1593 mm,,,6000 rpm,1400 rpm,Hidráulicos,Admissão,,,,,,"2,13 m²","0,682 m²","0,32",,,,,110 mm,Corrente,,,,,"0,32",,,,,,,,,,,,,,,,,,,,,,,
peugeot,Rcz,rcz,rcz-1-6-turbo-2013,rcz-1-6-turbo-2013,https://www.fichacompleta.com.br/carros/peugeot/rcz-1-6-turbo-2013,2026-06-17T22:00:11.184482,Peugeot Rcz 1.6 Turbo 2013,"8,4 s",213 km/h,Conversor de torque,Automático,Aisin TF-70SC,,Dianteira,Injeção direta,Turbocompressor,1598 cm³,4 em linha,EP6CDT M,Duplo no cabeçote,"85,8 mm",77 mm,Transversal,Dianteiro,"8,3 kg/cv","55,6 kg/kgfm","103,3 cv/litro",165 cv,"10,5:1",6800 rpm,"15,3 kgfm/litro","24,5 kgfm",4,1359 mm,,4287 mm,2612 mm,1845 mm,1363 kg,321 litros,55 litros,106 mm,Disco ventilado,Disco sólido,Eletro-hidráulica,,"Indep., McPherson",Mola helicoidal,Eixo de torção,660 km,462 km,12 km/l,"8,4 km/l",6,6000 rpm,1400 rpm,"11,5 m",1580 mm,1593 mm,,,,,Hidráulicos,Admissão,,,,,,"2,13 m²","0,682 m²",,,,,,110 mm,Corrente,,,,,"0,32",,,,,,,,,,,,,,,,,,,,,,,
peugeot,Rcz,rcz,rcz-1-6-turbo-2014,rcz-1-6-turbo-2014,https://www.fichacompleta.com.br/carros/peugeot/rcz-1-6-turbo-2014,2026-06-17T22:00:14.134485,Peugeot Rcz 1.6 Turbo 2014,"8,4 s",213 km/h,Conversor de torque,Automático,Aisin TF-70SC,6,Dianteira,Injeção direta,Turbocompressor,1598 cm³,4 em linha,EP6CDT M,Duplo no cabeçote,"85,8 mm",77 mm,Transversal,Dianteiro,"8,3 kg/cv","55,6 kg/kgfm","103,3 cv/litro",165 cv,"10,5:1",6800 rpm,"15,3 kgfm/litro","24,5 kgfm",4,1359 mm,,4287 mm,2612 mm,1845 mm,1363 kg,321 litros,55 litros,106 mm,Disco ventilado,Disco sólido,Eletro-hidráulica,"11,5 m","Indep., McPherson",Mola helicoidal,Eixo de torção,660 km,462 km,12 km/l,"8,4 km/l",6,,,"11,5 m",1580 mm,1593 mm,,,6000 rpm,1400 rpm,Hidráulicos,Admissão,,,,,,"2,13 m²","0,682 m²","0,32",,,,,110 mm,Corrente,,,,,"0,32",,,,,,,,,,,,,,,,,,,,,,,
peugeot,Rcz,rcz,rcz-1-6-turbo-2015,rcz-1-6-turbo-2015,https://www.fichacompleta.com.br/carros/peugeot/rcz-1-6-turbo-2015,2026-06-17T22:00:18.774143,Peugeot Rcz 1.6 Turbo 2015,"8,4 s",213 km/h,Conversor de torque,Automático,Aisin TF-70SC,6,Dianteira,Injeção direta,Turbocompressor,1598 cm³,4 em linha,EP6CDT M,"Duplo no cabeçote, corrente","85,8 mm",77 mm,Transversal,Dianteiro,"8,3 kg/cv","55,6 kg/kgfm","103,3 cv/litro",165 cv a 6000 rpm,"10,5:1",6800 rpm,"15,3 kgfm/litro","24,5 kgfm a 1400 rpm",4,1359 mm,,4287 mm,2612 mm,1845 mm,1363 kg,321 litros,55 litros,106 mm,Disco ventilado,Disco sólido,Eletro-hidráulica,"11,5 m","Independente, McPherson",Mola helicoidal,Eixo de torção,660 km,462 km,12 km/l,"8,4 km/l",,,,,1580 mm,1593 mm,,,,,Hidráulicos,Admissão,,,,,,"2,13 m²","0,682 m²","0,32",,,,,110 mm,,,,,,,,,,,,,,,,,,,,,,,,,,,,,
