marca,modelo,modelo_slug,versao,versao_slug,url,coletado_em,titulo_pagina,geral__aceleracao_0100_kmh,geral__velocidade_maxima,geral__acoplamento,geral__cambio,geral__codigo_do_cambio,geral__marchas,geral__tracao,geral__alimentacao,geral__aspiracao,geral__cilindrada,geral__cilindros,geral__codigo_do_motor,geral__comando_de_valvulas,geral__curso_do_pistao,geral__diametro_do_cilindro,geral__disposicao,geral__instalacao,geral__pesopotencia,geral__pesotorque,geral__potencia_especifica,geral__potencia_maxima,geral__razao_de_compressao,geral__regime_potencia_max,geral__regime_torque_max,geral__torque_especifico,geral__torque_maximo,geral__valvulas_por_cilindro,geral__altura,geral__bitola_dianteira,geral__bitola_traseira,geral__comprimento,geral__distancia_entreeixos,geral__largura,geral__peso,geral__portamalas,geral__tanque_de_combustivel,geral__altura_do_flanco,geral__dianteiros,geral__traseiros,geral__assistencia,geral__diametro_de_giro,geral__dianteira,geral__elemento_elastico,geral__traseira,geral__rodoviaria_g,geral__urbana_g,geral__rodoviario_g,geral__urbano_g,geral__quantidade_de_marchas,geral__rotacao_potencia_max,geral__rotacao_torque_max,geral__diametro_minimo_de_giro,geral__curso_dos_pistoes,geral__diametro_dos_cilindros,geral__acionam_do_comando,geral__variacao_do_comando,geral__estepe,geral__area_frontal_a,geral__area_frontal_corrigida,geral__coef_de_arrasto_cx,geral__coeficiente_de_arrasto_cx,geral__carga_util,geral__rotacao_maxima,geral__angulo_de_entrada,geral__angulo_de_saida,geral__altura_minima_do_solo,geral__autonomia,geral__capacidade_da_bateria,geral__potencia,geral__potencia_de_recarga,geral__torque,geral__pesopotencia_sistema,geral__pesotorque_sistema,geral__potencia_combinada,geral__torque_combinado,geral__cilindrada_unitaria,geral__deslocamento,geral__cacamba,geral__rodoviaria_d,geral__urbana_d,geral__rodoviario_d,geral__urbano_d,geral__inclinacao_lateral_max,geral__inclinacao_lateral_maxima,geral__rampa_maxima,geral__reboque_sem_freio,geral__angulo_central,geral__reboque_com_freio,geral__viscosidade_do_oleo,geral__tuchos,geral__potencia_maxima_a,geral__potencia_maxima_g,geral__torque_maximo_a,geral__torque_maximo_g,geral__rodoviaria_a,geral__urbana_a,geral__rodoviario_a,geral__urbano_a,geral__travessia_de_agua,geral__potencia_a,geral__potencia_g,geral__torque_a,geral__torque_g,geral__consumo_eletrico,geral__portamalas_5_lugares,geral__portamalas_7_lugares,geral__portamalas_com_5_lugares,geral__portamalas_com_7_lugares
nissan,300zx,300zx,300zx-3-0-v6-biturbo-1991,300zx-3-0-v6-biturbo-1991,https://www.fichacompleta.com.br/carros/nissan/300zx-3-0-v6-biturbo-1991,2026-06-15T15:32:33.636748,Nissan 300zx 3.0 V6 biturbo 1991,"6,1 s",225 km/h,Embreagem monodisco a seco,Manual,RS5R30A,5,Traseira,Injeção multiponto,Turbocompressor,2960 cm³,6 em V,VG30DETT,Duplo no cabeçote,83 mm,87 mm,Longitudinal,Dianteiro,"5,4 kg/cv","25,5 kg/kgfm","101,4 cv/litro",300 cv,"8,8:1",6400 rpm,3600 rpm,"21,4 kgfm/litro","63,2 kgfm",4,1249 mm,1496 mm,1554 mm,4305 mm,2451 mm,1790 mm,1610 kg,324 litros,68 litros,110 mm,Disco ventilado,Disco ventilado,Hidráulica,"10,9 m","Indep., multibraço",Mola helicoidal,"Indep., multibraço",476 km,272 km,7 km/l,4 km/l,,,,,,,,,,,,,,,,,,,,,,,,,,,,,,,,,,,,,,,,,,,,,,,,,,,,,,,,,,,,
nissan,300zx,300zx,300zx-3-0-v6-biturbo-1992,300zx-3-0-v6-biturbo-1992,https://www.fichacompleta.com.br/carros/nissan/300zx-3-0-v6-biturbo-1992,2026-06-15T15:32:36.333523,Nissan 300zx 3.0 V6 biturbo 1992,"6,1 s",225 km/h,Embreagem monodisco a seco,Manual,RS5R30A,5,Traseira,Injeção multiponto,Turbocompressor,2960 cm³,6 em V,VG30DETT,Duplo no cabeçote,83 mm,87 mm,Longitudinal,Dianteiro,"5,4 kg/cv","25,5 kg/kgfm","101,4 cv/litro",300 cv,"8,8:1",,,"21,4 kgfm/litro","63,2 kgfm",4,1249 mm,1496 mm,1554 mm,4305 mm,2451 mm,1790 mm,1610 kg,324 litros,68 litros,110 mm,Disco ventilado,Disco ventilado,Hidráulica,"10,9 m","Indep., multibraço",Mola helicoidal,"Indep., multibraço",476 km,272 km,7 km/l,4 km/l,5,6400 rpm,3600 rpm,"10,9 m",,,,,,,,,,,,,,,,,,,,,,,,,,,,,,,,,,,,,,,,,,,,,,,,,,,,,,,,
nissan,300zx,300zx,300zx-3-0-v6-biturbo-1993,300zx-3-0-v6-biturbo-1993,https://www.fichacompleta.com.br/carros/nissan/300zx-3-0-v6-biturbo-1993,2026-06-15T15:32:38.750686,Nissan 300zx 3.0 V6 biturbo 1993,"6,1 s",225 km/h,Embreagem monodisco a seco,Manual,RS5R30A,,Traseira,Injeção multiponto,Turbocompressor,2960 cm³,6 em V,VG30DETT,Duplo no cabeçote,,,Longitudinal,Dianteiro,"5,4 kg/cv","25,5 kg/kgfm","101,4 cv/litro",300 cv a 6400 rpm,"8,8:1",,,"21,4 kgfm/litro","63,2 kgfm a 3600 rpm",4,1249 mm,1496 mm,1554 mm,4305 mm,2451 mm,1790 mm,1610 kg,324 litros,68 litros,110 mm,225/50 R16,Disco ventilado,Hidráulica,,"Independente, braços sobrepostos",Mola helicoidal,"Independente, multibraço",476 km,272 km,7 km/l,4 km/l,5,,,"10,9 m",83 mm,87 mm,,,,,,,,,,,,,,,,,,,,,,,,,,,,,,,,,,,,,,,,,,,,,,,,,,,,,,
nissan,300zx,300zx,300zx-3-0-v6-biturbo-1994,300zx-3-0-v6-biturbo-1994,https://www.fichacompleta.com.br/carros/nissan/300zx-3-0-v6-biturbo-1994,2026-06-15T15:32:41.990273,Nissan 300zx 3.0 V6 biturbo 1994,"6,1 s",225 km/h,Embreagem monodisco a seco,Manual,RS5R30A,5,Traseira,Injeção multiponto,Turbocompressor,2960 cm³,6 em V,VG30DETT,Duplo no cabeçote,83 mm,87 mm,Longitudinal,Dianteiro,"5,4 kg/cv","25,5 kg/kgfm","101,4 cv/litro",300 cv,"8,8:1",6400 rpm,3600 rpm,"21,4 kgfm/litro","63,2 kgfm",4,1249 mm,1496 mm,1554 mm,4305 mm,2451 mm,1790 mm,1610 kg,324 litros,68 litros,110 mm,Disco ventilado,Disco ventilado,Hidráulica,"10,9 m","Indep., multibraço",Mola helicoidal,"Indep., multibraço",476 km,272 km,7 km/l,4 km/l,,,,,,,,,,,,,,,,,,,,,,,,,,,,,,,,,,,,,,,,,,,,,,,,,,,,,,,,,,,,
nissan,350z,350z,350z-3-5-v6-2004,350z-3-5-v6-2004,https://www.fichacompleta.com.br/carros/nissan/350z-3-5-v6-2004,2026-06-15T15:33:46.167908,Nissan 350z 3.5 V6 2004,"5,9 s",250 km/h,Embreagem monodisco a seco,Manual,FS6R31A,6,Traseira,Injeção multiponto,Natural,3498 cm³,6 em V,VQ35DE,Duplo no cabeçote,"81,4 mm","95,5 mm",Longitudinal,Dianteiro,"5,2 kg/cv","39,5 kg/kgfm","80,0 cv/litro",280 cv,"10,3:1",,,"10,6 kgfm/litro",37 kgfm,4,1325 mm,1535 mm,1540 mm,4315 mm,2650 mm,1815 mm,1463 kg,192 litros,80 litros,110 mm,Disco ventilado,Disco ventilado,Hidráulica,"11,77 m","Indep., braços sobrepostos",Mola helicoidal,"Indep., multibraço",552 km,416 km,"6,9 km/l","5,2 km/l",6,6200 rpm,4800 rpm,"11,77 m",,,Corrente,Admissão,145/80 R17,"2,04 m²","0,592 m²","0,29","0,29",,,,,,,,,,,,,,,,,,,,,,,,,,,,,,,,,,,,,,,,,,,,,,,
nissan,350z,350z,350z-3-5-v6-2005,350z-3-5-v6-2005,https://www.fichacompleta.com.br/carros/nissan/350z-3-5-v6-2005,2026-06-15T15:33:49.814048,Nissan 350z 3.5 V6 2005,"5,9 s",250 km/h,Embreagem monodisco a seco,Manual,FS6R31A,,Traseira,Injeção multiponto,Natural,3498 cm³,6 em V,VQ35DE,"Duplo no cabeçote, corrente",,,Longitudinal,Dianteiro,"5,2 kg/cv","39,5 kg/kgfm","80,0 cv/litro",280 cv a 6200 rpm,"10,3:1",,,"10,6 kgfm/litro",37 kgfm a 4800 rpm,4,1320 mm,1535 mm,1539 mm,4315 mm,2649 mm,1815 mm,1463 kg,192 litros,80 litros,110 mm,225/45 R18,Disco ventilado,Hidráulica,,"Independente, braços sobrepostos",Mola helicoidal,"Independente, multibraço",552 km,416 km,"6,9 km/l","5,2 km/l",6,,,"11,77 m","81,4 mm","95,5 mm",,Admissão,,"2,04 m²",,,"0,29",,,,,,,,,,,,,,,,,,,,,,,,,,,,,,,,,,,,,,,,,,,,,,,
nissan,350z,350z,350z-3-5-v6-2006,350z-3-5-v6-2006,https://www.fichacompleta.com.br/carros/nissan/350z-3-5-v6-2006,2026-06-15T15:33:53.316867,Nissan 350z 3.5 V6 2006,"5,9 s",250 km/h,Embreagem monodisco a seco,Manual,FS6R31A,,Traseira,Injeção multiponto,Natural,3498 cm³,6 em V,VQ35DE,"Duplo no cabeçote, corrente","81,4 mm","95,5 mm",Longitudinal,Dianteiro,"5,2 kg/cv","39,5 kg/kgfm","80,0 cv/litro",280 cv a 6200 rpm,"10,3:1",,,"10,6 kgfm/litro",37 kgfm a 4800 rpm,4,1320 mm,1535 mm,1539 mm,4315 mm,2649 mm,1815 mm,1463 kg,192 litros,80 litros,110 mm,Disco ventilado,Disco ventilado,Hidráulica,,"Independente, braços sobrepostos",Mola helicoidal,"Independente, multibraço",552 km,416 km,"6,9 km/l","5,2 km/l",6,,,"11,77 m",,,,Admissão,,"2,04 m²","0,592 m²",,"0,29",,,,,,,,,,,,,,,,,,,,,,,,,,,,,,,,,,,,,,,,,,,,,,,
nissan,350z,350z,350z-3-5-v6-2008,350z-3-5-v6-2008,https://www.fichacompleta.com.br/carros/nissan/350z-3-5-v6-2008,2026-06-15T15:33:56.568145,Nissan 350z 3.5 V6 2008,"5,7 s",250 km/h,Embreagem monodisco a seco,Manual,FS6R31A,,Traseira,Injeção multiponto,Natural,3498 cm³,6 em V,VQ35HR,"Duplo no cabeçote, corrente","81,4 mm","95,5 mm",Longitudinal,Dianteiro,"4,9 kg/cv","41,9 kg/kgfm","89,2 cv/litro",312 cv a 6800 rpm,"10,3:1",,,"10,4 kgfm/litro","36,5 kgfm a 4800 rpm",4,1318 mm,1535 mm,1540 mm,4303 mm,2650 mm,1815 mm,1530 kg,235 litros,80 litros,110 mm,Disco ventilado,Disco ventilado,Hidráulica,,"Independente, braços sobrepostos",Mola helicoidal,"Independente, multibraço",552 km,416 km,"6,9 km/l","5,2 km/l",6,,,"11,3 m",,,,Admissão,,"2,03 m²","0,589 m²",,"0,29",290 kg,,,,,,,,,,,,,,,,,,,,,,,,,,,,,,,,,,,,,,,,,,,,,,
nissan,370z,370z,370z-3-7-v6-2010,370z-3-7-v6-2010,https://www.fichacompleta.com.br/carros/nissan/370z-3-7-v6-2010,2026-06-15T15:34:13.943381,Nissan 370z 3.7 V6 2010,"5,3 s",250 km/h,Embreagem monodisco a seco,Manual,FS6R31A,6,Traseira,Injeção multiponto,Natural,3696 cm³,6 em V,VQ37VHR,Duplo no cabeçote,86 mm,"95,5 mm",Longitudinal,Dianteiro,"4,6 kg/cv","40,4 kg/kgfm","88,7 cv/litro",328 cv,11:1,,,"10,0 kgfm/litro",37 kgfm,4,1315 mm,1550 mm,1595 mm,4250 mm,2550 mm,1845 mm,1496 kg,235 litros,72 litros,110 mm,Disco ventilado,Disco ventilado,Hidráulica,10 m,"Indep., braços sobrepostos",Mola helicoidal,"Indep., multibraço",569 km,396 km,"7,9 km/l","5,5 km/l",6,7000 rpm,5200 rpm,10 m,,,,Admissão,,"2,06 m²","0,618 m²","0,3","0,3",304 kg,7500 rpm,"14,1 graus",19 graus,,,,,,,,,,,,,,,,,,,,,,,,,,,,,,,,,,,,,,,,,,,
nissan,370z,370z,370z-3-7-v6-2012,370z-3-7-v6-2012,https://www.fichacompleta.com.br/carros/nissan/370z-3-7-v6-2012,2026-06-15T15:34:17.622851,Nissan 370z 3.7 V6 2012,"5,3 s",250 km/h,Embreagem monodisco a seco,Manual,FS6R31A,,Traseira,Injeção multiponto,Natural,3696 cm³,6 em V,VQ37VHR,Duplo no cabeçote,86 mm,"95,5 mm",Longitudinal,Dianteiro,"4,6 kg/cv","40,4 kg/kgfm","88,7 cv/litro",328 cv a 7000 rpm,11:1,,,"10,0 kgfm/litro",37 kgfm a 5200 rpm,4,1315 mm,1550 mm,1595 mm,4250 mm,2550 mm,1845 mm,1496 kg,235 litros,72 litros,110 mm,Disco ventilado,Disco ventilado,Hidráulica,,"Independente, braços sobrepostos",Mola helicoidal,"Independente, multibraço",569 km,396 km,"7,9 km/l","5,5 km/l",6,,,10 m,,,,Admissão,,"2,06 m²","0,618 m²",,"0,3",304 kg,7500 rpm,"14,1 graus",19 graus,,,,,,,,,,,,,,,,,,,,,,,,,,,,,,,,,,,,,,,,,,,
nissan,370z,370z,370z-3-7-v6-2014,370z-3-7-v6-2014,https://www.fichacompleta.com.br/carros/nissan/370z-3-7-v6-2014,2026-06-15T15:34:22.403926,Nissan 370z 3.7 V6 2014,"5,3 s",250 km/h,Embreagem monodisco a seco,Manual,FS6R31A,,Traseira,Injeção multiponto,Natural,3696 cm³,6 em V,VQ37VHR,Duplo no cabeçote,86 mm,"95,5 mm",Longitudinal,Dianteiro,"4,6 kg/cv","40,4 kg/kgfm","88,7 cv/litro",328 cv a 7000 rpm,11:1,,,"10,0 kgfm/litro",37 kgfm a 5200 rpm,4,1315 mm,1550 mm,1595 mm,4250 mm,2550 mm,1845 mm,1496 kg,235 litros,72 litros,110 mm,Disco ventilado,Disco ventilado,Hidráulica,,"Independente, braços sobrepostos",Mola helicoidal,"Independente, multibraço",569 km,396 km,"7,9 km/l","5,5 km/l",6,,,10 m,,,,Admissão,,"2,06 m²","0,618 m²",,"0,3",304 kg,7500 rpm,"14,1 graus",19 graus,,,,,,,,,,,,,,,,,,,,,,,,,,,,,,,,,,,,,,,,,,,
nissan,Ariya,ariya,ariya-engage-2025,ariya-engage-2025,https://www.fichacompleta.com.br/carros/nissan/ariya-engage-2025,2026-06-15T15:35:11.310875,Nissan Ariya Engage 2025,"8,2 s",160 km/h,,Automático,,1,Dianteira,,,,,,,,,,,"8,81 kg/cv","62,75 kg/kgfm",,,,,,,,,1665 mm,1585 mm,1590 mm,4595 mm,2775 mm,1850 mm,1920 kg,460 litros,,115 mm,Disco ventilado,Disco ventilado,Elétrica,"10,8 m","Indep., McPherson",Mola helicoidal,"Indep., multibraço",,,,,,,,,,,,,Kit de reparo,"2,62 m²","0,778 m²","0,297",,,,,,180 mm,348 km,66 kWh,218 cv (dianteiro),130 kW (DC),"30,6 kgfm (dianteiro)",,,,,,,,,,,,,,,,,,,,,,,,,,,,,,,,,,,,,
nissan,Ariya,ariya,ariya-engage-e-4orce-2025,ariya-engage-e-4orce-2025,https://www.fichacompleta.com.br/carros/nissan/ariya-engage-e-4orce-2025,2026-06-15T15:35:14.962369,Nissan Ariya Engage e-4orce 2025,"5,1 s",180 km/h,,Automático,,1,Integral sob demanda,,,,,,,,,,,,,,,,,,,,,1665 mm,1585 mm,1590 mm,4595 mm,2775 mm,1850 mm,2180 kg,415 litros,,115 mm,Disco ventilado,Disco ventilado,Elétrica,"10,8 m","Indep., McPherson",Mola helicoidal,"Indep., multibraço",,,,,,,,,,,,,Kit de reparo,"2,62 m²","0,778 m²","0,297",,,,,,180 mm,415 km,91 kWh,218 cv (traseiro),130 kW (DC),"30,6 kgfm (traseiro)","5,53 kg/cv","35,62 kg/kgfm",394 cv,"61,2 kgfm",,,,,,,,,,,,,,,,,,,,,,,,,,,,,,,,,
nissan,D21,d21,d21-2-7-4x2-cd-1993,d21-2-7-4x2-cd-1993,https://www.fichacompleta.com.br/carros/nissan/d21-2-7-4x2-cd-1993,2026-06-15T15:35:32.452389,Nissan D21 2.7 4x2 CD 1993,23 s,135 km/h,Embreagem monodisco a seco,Manual,,5,Traseira,Injeção indireta,Natural,,4 em linha,TD27,Único no bloco,92 mm,96 mm,Longitudinal,Dianteiro,"18,16 kg/cv","81,1 kg/kgfm","29,7 cv/litro",79 cv,"21,8:1",4300 rpm,2200 rpm,"6,6 kgfm/litro","17,7 kgfm",2,1615 mm,1395 mm,1385 mm,4735 mm,2950 mm,1650 mm,1435 kg,,60 litros,148 mm,Disco ventilado,Tambor,Hidráulica,"11,2 m","Indep., braços sobrepostos",Feixe de molas semielípticas,Eixo rígido,,,,,,,,,,,Engrenagens,,,,,,,1115 kg,,,,200 mm,,,,,,,,,,666 cm³,2663 cm³,878 litros,600 km,420 km,10 km/l,7 km/l,,,,,,,,,,,,,,,,,,,,,,,,,,
nissan,D21,d21,d21-king-cab-2-7-4x2-1993,d21-king-cab-2-7-4x2-1993,https://www.fichacompleta.com.br/carros/nissan/d21-king-cab-2-7-4x2-1993,2026-06-15T15:35:36.159773,Nissan D21 King Cab 2.7 4x2 1993,23 s,135 km/h,Embreagem monodisco a seco,Manual,,5,Traseira,Injeção indireta,Natural,,4 em linha,TD27,Único no bloco,92 mm,96 mm,Longitudinal,Dianteiro,"17,53 kg/cv","78,2 kg/kgfm","29,7 cv/litro",79 cv,"21,8:1",4300 rpm,2200 rpm,"6,6 kgfm/litro","17,7 kgfm",2,1605 mm,1395 mm,1385 mm,4825 mm,2950 mm,1650 mm,1385 kg,,60 litros,148 mm,Disco ventilado,Tambor,Hidráulica,"11,2 m","Indep., braços sobrepostos",Feixe de molas semielípticas,Eixo rígido,,,,,,,,,,,Engrenagens,,,,,,,1165 kg,,,,200 mm,,,,,,,,,,666 cm³,2663 cm³,1127 litros,600 km,420 km,10 km/l,7 km/l,,,,,,,,,,,,,,,,,,,,,,,,,,
nissan,D21,d21,d21-2-7-4x2-cd-1994,d21-2-7-4x2-cd-1994,https://www.fichacompleta.com.br/carros/nissan/d21-2-7-4x2-cd-1994,2026-06-15T15:35:38.956224,Nissan D21 2.7 4x2 CD 1994,23 s,135 km/h,Embreagem monodisco a seco,Manual,,5,Traseira,Injeção indireta,Natural,,4 em linha,TD27,Único no bloco,92 mm,96 mm,Longitudinal,Dianteiro,"18,16 kg/cv","81,1 kg/kgfm","29,7 cv/litro",79 cv,"21,8:1",4300 rpm,2200 rpm,"6,6 kgfm/litro","17,7 kgfm",2,1615 mm,1395 mm,1385 mm,4735 mm,2950 mm,1650 mm,1435 kg,,60 litros,148 mm,Disco ventilado,Tambor,Hidráulica,"11,2 m","Indep., braços sobrepostos",Feixe de molas semielípticas,Eixo rígido,,,,,,,,,,,Engrenagens,,,,,,,1115 kg,,,,200 mm,,,,,,,,,,666 cm³,2663 cm³,878 litros,600 km,420 km,10 km/l,7 km/l,,,,,,,,,,,,,,,,,,,,,,,,,,
nissan,D21,d21,d21-2-7-4x2-cs-1994,d21-2-7-4x2-cs-1994,https://www.fichacompleta.com.br/carros/nissan/d21-2-7-4x2-cs-1994,2026-06-15T15:35:42.476709,Nissan D21 2.7 4x2 CS 1994,23 s,135 km/h,Embreagem monodisco a seco,Manual,,5,Traseira,Injeção indireta,Natural,,4 em linha,TD27,Único no bloco,92 mm,96 mm,Longitudinal,Dianteiro,"17,53 kg/cv","78,2 kg/kgfm","29,7 cv/litro",79 cv,"21,8:1",4300 rpm,2200 rpm,"6,6 kgfm/litro","17,7 kgfm",2,1605 mm,1395 mm,1385 mm,4825 mm,2950 mm,1650 mm,1385 kg,,60 litros,148 mm,Disco ventilado,Tambor,Hidráulica,"11,2 m","Indep., braços sobrepostos",Feixe de molas semielípticas,Eixo rígido,,,,,,,,,,,Engrenagens,,,,,,,1165 kg,,,,200 mm,,,,,,,,,,666 cm³,2663 cm³,1407 litros,600 km,420 km,10 km/l,7 km/l,,,,,,,,,,,,,,,,,,,,,,,,,,
nissan,D21,d21,d21-2-7-4x4-cd-1994,d21-2-7-4x4-cd-1994,https://www.fichacompleta.com.br/carros/nissan/d21-2-7-4x4-cd-1994,2026-06-15T15:35:46.472257,Nissan D21 2.7 4x4 CD 1994,23 s,135 km/h,Embreagem monodisco a seco,Manual,,5,Integral temporária,Injeção indireta,Natural,2663 cm³,4 em linha,TD27,Único no bloco,92 mm,96 mm,Longitudinal,Dianteiro,"20,7 kg/cv","92,3 kg/kgfm","29,7 cv/litro",79 cv,"21,9:1",4300 rpm,2200 rpm,"6,6 kgfm/litro","17,7 kgfm",2,1725 mm,1425 mm,1385 mm,4966 mm,2950 mm,1690 mm,1634 kg,,60 litros,176 mm,Disco ventilado,Tambor,Hidráulica,Não informado,"Indep., braços sobrepostos",Feixe de molas semielípticas,Eixo rígido,,,,,,,,,,,,,,,,,,1050 kg,,,,,,,,,,,,,,,,850 litros,600 km,420 km,10 km/l,7 km/l,,,,,,,,,,,,,,,,,,,,,,,,,,
nissan,D21,d21,d21-2-7-4x4-cs-1994,d21-2-7-4x4-cs-1994,https://www.fichacompleta.com.br/carros/nissan/d21-2-7-4x4-cs-1994,2026-06-15T15:35:49.213684,Nissan D21 2.7 4x4 CS 1994,23 s,135 km/h,Embreagem monodisco a seco,Manual,,5,Integral temporária,Injeção indireta,Natural,,4 em linha,TD27,Único no bloco,92 mm,96 mm,Longitudinal,Dianteiro,"20,25 kg/cv","90,4 kg/kgfm","29,7 cv/litro",79 cv,"21,8:1",4300 rpm,2200 rpm,"6,6 kgfm/litro","17,7 kgfm",2,1710 mm,1425 mm,1385 mm,4825 mm,2950 mm,1690 mm,1600 kg,,60 litros,161 mm,Disco ventilado,Tambor,Hidráulica,"11,8 m","Indep., braços sobrepostos",Feixe de molas semielípticas,Eixo rígido,,,,,,,,,,,Engrenagens,,,,,,,1100 kg,,,,220 mm,,,,,,,,,,666 cm³,2663 cm³,1407 litros,600 km,420 km,10 km/l,7 km/l,,,,,,,,,,,,,,,,,,,,,,,,,,
nissan,D21,d21,d21-king-cab-2-7-4x2-1994,d21-king-cab-2-7-4x2-1994,https://www.fichacompleta.com.br/carros/nissan/d21-king-cab-2-7-4x2-1994,2026-06-15T15:35:52.738302,Nissan D21 King Cab 2.7 4x2 1994,23 s,135 km/h,Embreagem monodisco a seco,Manual,,5,Traseira,Injeção indireta,Natural,,4 em linha,TD27,Único no bloco,92 mm,96 mm,Longitudinal,Dianteiro,"17,53 kg/cv","78,2 kg/kgfm","29,7 cv/litro",79 cv,"21,8:1",4300 rpm,2200 rpm,"6,6 kgfm/litro","17,7 kgfm",2,1605 mm,1395 mm,1385 mm,4825 mm,2950 mm,1650 mm,1385 kg,,60 litros,148 mm,Disco ventilado,Tambor,Hidráulica,"11,2 m","Indep., braços sobrepostos",Feixe de molas semielípticas,Eixo rígido,,,,,,,,,,,Engrenagens,,,,,,,1165 kg,,,,200 mm,,,,,,,,,,666 cm³,2663 cm³,1127 litros,600 km,420 km,10 km/l,7 km/l,,,,,,,,,,,,,,,,,,,,,,,,,,
nissan,D21,d21,d21-2-7-4x2-cd-1995,d21-2-7-4x2-cd-1995,https://www.fichacompleta.com.br/carros/nissan/d21-2-7-4x2-cd-1995,2026-06-15T15:36:16.164519,Nissan D21 2.7 4x2 CD 1995,23 s,135 km/h,Embreagem monodisco a seco,Manual,,5,Traseira,Injeção indireta,Natural,,4 em linha,TD27,Único no bloco,92 mm,96 mm,Longitudinal,Dianteiro,"18,16 kg/cv","81,1 kg/kgfm","29,7 cv/litro",79 cv,"21,8:1",4300 rpm,2200 rpm,"6,6 kgfm/litro","17,7 kgfm",2,1615 mm,1395 mm,1385 mm,4735 mm,2950 mm,1650 mm,1435 kg,,60 litros,148 mm,Disco ventilado,Tambor,Hidráulica,"11,2 m","Indep., braços sobrepostos",Feixe de molas semielípticas,Eixo rígido,,,,,,,,,,,Engrenagens,,,,,,,1115 kg,,,,200 mm,,,,,,,,,,666 cm³,2663 cm³,878 litros,600 km,420 km,10 km/l,7 km/l,,,,,,,,,,,,,,,,,,,,,,,,,,
nissan,D21,d21,d21-2-7-4x2-cs-1995,d21-2-7-4x2-cs-1995,https://www.fichacompleta.com.br/carros/nissan/d21-2-7-4x2-cs-1995,2026-06-15T15:36:19.882102,Nissan D21 2.7 4x2 CS 1995,23 s,135 km/h,Embreagem monodisco a seco,Manual,,5,Traseira,Injeção indireta,Natural,,4 em linha,TD27,Único no bloco,92 mm,96 mm,Longitudinal,Dianteiro,"17,53 kg/cv","78,2 kg/kgfm","29,7 cv/litro",79 cv,"21,8:1",4300 rpm,2200 rpm,"6,6 kgfm/litro","17,7 kgfm",2,1605 mm,1395 mm,1385 mm,4825 mm,2950 mm,1650 mm,1385 kg,,60 litros,148 mm,Disco ventilado,Tambor,Hidráulica,"11,2 m","Indep., braços sobrepostos",Feixe de molas semielípticas,Eixo rígido,,,,,,,,,,,Engrenagens,,,,,,,1165 kg,,,,200 mm,,,,,,,,,,666 cm³,2663 cm³,1407 litros,600 km,420 km,10 km/l,7 km/l,,,,,,,,,,,,,,,,,,,,,,,,,,
nissan,D21,d21,d21-2-7-4x4-cd-1995,d21-2-7-4x4-cd-1995,https://www.fichacompleta.com.br/carros/nissan/d21-2-7-4x4-cd-1995,2026-06-15T15:36:22.426673,Nissan D21 2.7 4x4 CD 1995,23 s,138 km/h,Embreagem monodisco a seco,Manual,,,Integral temporária,Injeção indireta,Natural,2663 cm³,4 em linha,TD27,no bloco,92 mm,96 mm,Longitudinal,Dianteiro,"20,7 kg/cv","92,3 kg/kgfm","29,7 cv/litro",79 cv a 4000 rpm,"21,9:1",,,"6,6 kgfm/litro","17,7 kgfm a 2200 rpm",2,1725 mm,1425 mm,1385 mm,4966 mm,2950 mm,1690 mm,1634 kg,850 litros,60 litros,176 mm,Disco ventilado,Tambor,Hidráulica,,"Independente, braços sobrepostos",Feixe de molas semielípticas,Eixo rígido,,,,,5,,,Não informado,,,,,,,,,,1050 kg,,,,,,,,,,,,,,,,,600 km,420 km,10 km/l,7 km/l,,,,,,,,,,,,,,,,,,,,,,,,,,
nissan,D21,d21,d21-2-7-4x4-cs-1995,d21-2-7-4x4-cs-1995,https://www.fichacompleta.com.br/carros/nissan/d21-2-7-4x4-cs-1995,2026-06-15T15:36:25.990932,Nissan D21 2.7 4x4 CS 1995,23 s,135 km/h,Embreagem monodisco a seco,Manual,,5,Integral temporária,Injeção indireta,Natural,,4 em linha,TD27,Único no bloco,92 mm,96 mm,Longitudinal,Dianteiro,"20,25 kg/cv","90,4 kg/kgfm","29,7 cv/litro",79 cv,"21,8:1",4300 rpm,2200 rpm,"6,6 kgfm/litro","17,7 kgfm",2,1710 mm,1425 mm,1385 mm,4825 mm,2950 mm,1690 mm,1600 kg,,60 litros,161 mm,Disco ventilado,Tambor,Hidráulica,"11,8 m","Indep., braços sobrepostos",Feixe de molas semielípticas,Eixo rígido,,,,,,,,,,,Engrenagens,,,,,,,1100 kg,,,,220 mm,,,,,,,,,,666 cm³,2663 cm³,1407 litros,600 km,420 km,10 km/l,7 km/l,,,,,,,,,,,,,,,,,,,,,,,,,,
nissan,D21,d21,d21-king-cab-2-7-4x2-1995,d21-king-cab-2-7-4x2-1995,https://www.fichacompleta.com.br/carros/nissan/d21-king-cab-2-7-4x2-1995,2026-06-15T15:36:30.820707,Nissan D21 King Cab 2.7 4x2 1995,23 s,135 km/h,Embreagem monodisco a seco,Manual,,5,Traseira,Injeção indireta,Natural,,4 em linha,TD27,Único no bloco,92 mm,96 mm,Longitudinal,Dianteiro,"17,53 kg/cv","78,2 kg/kgfm","29,7 cv/litro",79 cv,"21,8:1",4300 rpm,2200 rpm,"6,6 kgfm/litro","17,7 kgfm",2,1605 mm,1395 mm,1385 mm,4825 mm,2950 mm,1650 mm,1385 kg,,60 litros,148 mm,Disco ventilado,Tambor,Hidráulica,"11,2 m","Indep., braços sobrepostos",Feixe de molas semielípticas,Eixo rígido,,,,,,,,,,,Engrenagens,,,,,,,1165 kg,,,,200 mm,,,,,,,,,,666 cm³,2663 cm³,1127 litros,600 km,420 km,10 km/l,7 km/l,,,,,,,,,,,,,,,,,,,,,,,,,,
nissan,D21,d21,d21-2-7-4x2-cd-1996,d21-2-7-4x2-cd-1996,https://www.fichacompleta.com.br/carros/nissan/d21-2-7-4x2-cd-1996,2026-06-15T15:36:33.866166,Nissan D21 2.7 4x2 CD 1996,23 s,135 km/h,Embreagem monodisco a seco,Manual,,5,Traseira,Injeção indireta,Natural,,4 em linha,TD27,Único no bloco,92 mm,96 mm,Longitudinal,Dianteiro,"18,16 kg/cv","81,1 kg/kgfm","29,7 cv/litro",79 cv,"21,8:1",4300 rpm,2200 rpm,"6,6 kgfm/litro","17,7 kgfm",2,1615 mm,1395 mm,1385 mm,4735 mm,2950 mm,1650 mm,1435 kg,,60 litros,148 mm,Disco ventilado,Tambor,Hidráulica,"11,2 m","Indep., braços sobrepostos",Feixe de molas semielípticas,Eixo rígido,,,,,,,,,,,Engrenagens,,,,,,,1115 kg,,,,200 mm,,,,,,,,,,666 cm³,2663 cm³,878 litros,600 km,420 km,10 km/l,7 km/l,,,,,,,,,,,,,,,,,,,,,,,,,,
nissan,D21,d21,d21-2-7-4x2-cs-1996,d21-2-7-4x2-cs-1996,https://www.fichacompleta.com.br/carros/nissan/d21-2-7-4x2-cs-1996,2026-06-15T15:36:37.322600,Nissan D21 2.7 4x2 CS 1996,23 s,135 km/h,Embreagem monodisco a seco,Manual,,5,Traseira,Injeção indireta,Natural,,4 em linha,TD27,Único no bloco,92 mm,96 mm,Longitudinal,Dianteiro,"17,53 kg/cv","78,2 kg/kgfm","29,7 cv/litro",79 cv,"21,8:1",4300 rpm,2200 rpm,"6,6 kgfm/litro","17,7 kgfm",2,1605 mm,1395 mm,1385 mm,4825 mm,2950 mm,1650 mm,1385 kg,,60 litros,148 mm,Disco ventilado,Tambor,Hidráulica,"11,2 m","Indep., braços sobrepostos",Feixe de molas semielípticas,Eixo rígido,,,,,,,,,,,Engrenagens,,,,,,,1165 kg,,,,200 mm,,,,,,,,,,666 cm³,2663 cm³,1407 litros,600 km,420 km,10 km/l,7 km/l,,,,,,,,,,,,,,,,,,,,,,,,,,
nissan,D21,d21,d21-2-7-4x4-cd-1996,d21-2-7-4x4-cd-1996,https://www.fichacompleta.com.br/carros/nissan/d21-2-7-4x4-cd-1996,2026-06-15T15:36:58.159509,Nissan D21 2.7 4x4 CD 1996,23 s,138 km/h,,Manual,,,Integral temporária,Injeção indireta,Natural,2663 cm³,4 em linha,TD27,no bloco,,,Longitudinal,Dianteiro,"20,7 kg/cv","92,3 kg/kgfm","29,7 cv/litro",79 cv a 4000 rpm,"21,9:1",,,"6,6 kgfm/litro","17,7 kgfm a 2200 rpm",2,1725 mm,1425 mm,1385 mm,4966 mm,2950 mm,1690 mm,1634 kg,850 litros,60 litros,176 mm,Disco ventilado,Tambor,Hidráulica,,"Independente, braços sobrepostos",Feixe de molas semielípticas,Eixo rígido,,,,,5,,,Não informado,92 mm,96 mm,,,,,,,,1050 kg,,,,,,,,,,,,,,,,,600 km,420 km,10 km/l,7 km/l,,,,,,,,,,,,,,,,,,,,,,,,,,
nissan,D21,d21,d21-2-7-4x4-cs-1996,d21-2-7-4x4-cs-1996,https://www.fichacompleta.com.br/carros/nissan/d21-2-7-4x4-cs-1996,2026-06-15T15:37:03.018394,Nissan D21 2.7 4x4 CS 1996,23 s,135 km/h,Embreagem monodisco a seco,Manual,,5,Integral temporária,Injeção indireta,Natural,,4 em linha,TD27,Único no bloco,92 mm,96 mm,Longitudinal,Dianteiro,"20,25 kg/cv","90,4 kg/kgfm","29,7 cv/litro",79 cv,"21,8:1",4300 rpm,2200 rpm,"6,6 kgfm/litro","17,7 kgfm",2,1710 mm,1425 mm,1385 mm,4825 mm,2950 mm,1690 mm,1600 kg,,60 litros,161 mm,Disco ventilado,Tambor,Hidráulica,"11,8 m","Indep., braços sobrepostos",Feixe de molas semielípticas,Eixo rígido,,,,,,,,,,,Engrenagens,,,,,,,1100 kg,,,,220 mm,,,,,,,,,,666 cm³,2663 cm³,1407 litros,600 km,420 km,10 km/l,7 km/l,,,,,,,,,,,,,,,,,,,,,,,,,,
nissan,D21,d21,d21-2-7-4x4-cd-1997,d21-2-7-4x4-cd-1997,https://www.fichacompleta.com.br/carros/nissan/d21-2-7-4x4-cd-1997,2026-06-15T15:37:06.694604,Nissan D21 2.7 4x4 CD 1997,23 s,138 km/h,,Manual,,,Integral temporária,Injeção indireta,Natural,2663 cm³,4 em linha,TD27,no bloco,,,Longitudinal,Dianteiro,"20,7 kg/cv","92,3 kg/kgfm","29,7 cv/litro",79 cv a 4000 rpm,"21,9:1",,,"6,6 kgfm/litro","17,7 kgfm a 2200 rpm",2,1725 mm,1425 mm,1385 mm,4966 mm,2950 mm,1690 mm,1634 kg,850 litros,60 litros,176 mm,Disco ventilado,Tambor,Hidráulica,,"Independente, braços sobrepostos",Feixe de molas semielípticas,Eixo rígido,,,,,5,,,Não informado,92 mm,96 mm,,,,,,,,1050 kg,,,,,,,,,,,,,,,,,600 km,420 km,10 km/l,7 km/l,,,,,,,,,,,,,,,,,,,,,,,,,,
nissan,Frontier,frontier,frontier-ax-3-2-cd-1998,frontier-ax-3-2-cd-1998,https://www.fichacompleta.com.br/carros/nissan/frontier-ax-3-2-cd-1998,2026-06-15T15:37:26.380207,Nissan Frontier AX 3.2 CD 1998,21 s,142 km/h,Embreagem monodisco a seco,Manual,,5,Integral temporária,Injeção indireta,Natural,3153 cm³,4 em linha,QD32,Único no bloco,102 mm,"99,2 mm",Longitudinal,Dianteiro,"17,3 kg/cv","82,4 kg/kgfm","32,7 cv/litro",103 cv,"22,2:1",3600 rpm,2000 rpm,"6,9 kgfm/litro","21,6 kgfm",2,1715 mm,,,4885 mm,2950 mm,1820 mm,1780 kg,,60 litros,176 mm,Disco ventilado,Tambor,Hidráulica,Não informado,"Indep., braços sobrepostos",Feixe de molas semielípticas,Eixo rígido,,,,,,,,,,,,,235/75 R15,,,,,1050 kg,,,,,,,,,,,,,,,,850 litros,660 km,480 km,11 km/l,8 km/l,,,,,,,,,,,,,,,,,,,,,,,,,,
nissan,Frontier,frontier,frontier-ax-3-2-cd-1999,frontier-ax-3-2-cd-1999,https://www.fichacompleta.com.br/carros/nissan/frontier-ax-3-2-cd-1999,2026-06-15T15:37:29.557439,Nissan Frontier AX 3.2 CD 1999,21 s,142 km/h,Embreagem monodisco a seco,Manual,,,Integral temporária,Injeção direta,Natural,3153 cm³,4 em linha,QD32,no bloco,102 mm,"99,2 mm",Longitudinal,Dianteiro,"17,3 kg/cv","82,4 kg/kgfm","32,7 cv/litro",103 cv a 3600 rpm,"22,2:1",,,"6,9 kgfm/litro","21,6 kgfm a 2000 rpm",2,1715 mm,,,4885 mm,2950 mm,1820 mm,1780 kg,850 litros,60 litros,176 mm,Disco ventilado,Tambor,Hidráulica,,"Independente, braços sobrepostos",Feixe de molas semielípticas,Eixo rígido,,,,,5,,,Não informado,,,,,235/75 R15,,,,,1050 kg,,,,,,,,,,,,,,,,,660 km,480 km,11 km/l,8 km/l,,,,,,,,,,,,,,,,,,,,,,,,,,
nissan,Frontier,frontier,frontier-ax-3-2-cd-2000,frontier-ax-3-2-cd-2000,https://www.fichacompleta.com.br/carros/nissan/frontier-ax-3-2-cd-2000,2026-06-15T15:37:33.518817,Nissan Frontier AX 3.2 CD 2000,21 s,142 km/h,Embreagem monodisco a seco,Manual,,5,Integral temporária,Injeção indireta,Natural,3153 cm³,4 em linha,QD32,Único no bloco,102 mm,"99,2 mm",Longitudinal,Dianteiro,"17,3 kg/cv","82,4 kg/kgfm","32,7 cv/litro",103 cv,"22,2:1",3600 rpm,2000 rpm,"6,9 kgfm/litro","21,6 kgfm",2,1715 mm,,,4885 mm,2950 mm,1820 mm,1780 kg,,60 litros,176 mm,Disco ventilado,Tambor,Hidráulica,Não informado,"Indep., braços sobrepostos",Feixe de molas semielípticas,Eixo rígido,,,,,,,,,,,,,235/75 R15,,,,,1050 kg,,,,,,,,,,,,,,,,850 litros,660 km,480 km,11 km/l,8 km/l,,,,,,,,,,,,,,,,,,,,,,,,,,
nissan,Frontier,frontier,frontier-ax-2-5-turbo-4x4-2001,frontier-ax-2-5-turbo-4x4-2001,https://www.fichacompleta.com.br/carros/nissan/frontier-ax-2-5-turbo-4x4-2001,2026-06-15T15:37:37.762488,Nissan Frontier AX 2.5 Turbo 4x4 2001,18 s,145 km/h,Embreagem monodisco a seco,Manual,,5,Integral temporária,Injeção direta,Turbocompressor,2494 cm³,4 em linha,,Único no bloco,92 mm,"92,9 mm",Longitudinal,Dianteiro,"17,6 kg/cv","61,2 kg/kgfm","41,7 cv/litro",104 cv,"18,4:1",4000 rpm,2000 rpm,"12,0 kgfm/litro","29,9 kgfm",2,1710 mm,,,4885 mm,2950 mm,1820 mm,1830 kg,,75 litros,158 mm,Disco ventilado,Tambor,Hidráulica,13 m,"Indep., braços sobrepostos",Feixe de molas semielípticas,Eixo rígido,,,,,,,,,,,,,225/70 R15,,,,,1025 kg,,,,,,,,,,,,,,,,850 litros,968 km,743 km,"12,9 km/l","9,9 km/l",,,,,,,,,,,,,,,,,,,,,,,,,,
nissan,Frontier,frontier,frontier-ax-2-5-turbo-4x4-2002,frontier-ax-2-5-turbo-4x4-2002,https://www.fichacompleta.com.br/carros/nissan/frontier-ax-2-5-turbo-4x4-2002,2026-06-15T15:37:41.465090,Nissan Frontier AX 2.5 Turbo 4x4 2002,18 s,145 km/h,,Manual,,,Integral temporária,Injeção direta,Turbocompressor,2494 cm³,4 em linha,,no bloco,,,Longitudinal,Dianteiro,"17,6 kg/cv","61,2 kg/kgfm","41,7 cv/litro",104 cv a 4000 rpm,"18,4:1",,,"12,0 kgfm/litro","29,9 kgfm a 2000 rpm",2,1710 mm,,,4885 mm,2950 mm,1820 mm,1830 kg,850 litros,75 litros,158 mm,225/70 R15,Tambor,Hidráulica,,"Independente, braços sobrepostos",Feixe de molas semielípticas,Eixo rígido,,,,,5,,,13 m,92 mm,"92,9 mm",,,,,,,,1025 kg,,,,,,,,,,,,,,,,,968 km,743 km,"12,9 km/l","9,9 km/l",,,,,,,,,,,,,,,,,,,,,,,,,,
nissan,Frontier,frontier,frontier-se-2-8-turbo-4x2-2003,frontier-se-2-8-turbo-4x2-2003,https://www.fichacompleta.com.br/carros/nissan/frontier-se-2-8-turbo-4x2-2003,2026-06-15T15:37:45.899032,Nissan Frontier SE 2.8 Turbo 4x2 2003,"13,9 s",164 km/h,Embreagem monodisco a seco,Manual,Eaton FSO 2405,,Traseira,Injeção direta,Turbocompressor,2798 cm³,4 em linha,MWM 4.07 TCA,"Único no cabeçote, engrenagens",,,Longitudinal,Dianteiro,"14,5 kg/cv","55,3 kg/kgfm","47,2 cv/litro",132 cv a 3600 rpm,"17,8:1",,,"12,4 kgfm/litro","34,7 kgfm a 1800 rpm",3,1700 mm,1524 mm,1506 mm,5077 mm,2950 mm,1826 mm,1920 kg,1012 litros,73 litros,186 mm,265/70 R15,Tambor,Hidráulica,,"Independente, braços sobrepostos",Feixe de molas semielípticas,Eixo rígido,,,,,5,,,Não informado,103 mm,93 mm,,,,,,,,1000 kg,,32 graus,24 graus,,,,,,,,,,,,,,949 km,737 km,13 km/l,"10,1 km/l",,,,,,,,,,,,,,,,,,,,,,,,,,
nissan,Frontier,frontier,frontier-se-2-8-turbo-4x4-2003,frontier-se-2-8-turbo-4x4-2003,https://www.fichacompleta.com.br/carros/nissan/frontier-se-2-8-turbo-4x4-2003,2026-06-15T15:37:49.967629,Nissan Frontier SE 2.8 Turbo 4x4 2003,"13,9 s",164 km/h,Embreagem monodisco a seco,Manual,Eaton FSO 2405,5,Integral temporária,Injeção direta,Turbocompressor,2798 cm³,4 em linha,MWM 4.07 TCA,Único no cabeçote,103 mm,93 mm,Longitudinal,Dianteiro,"14,7 kg/cv","55,8 kg/kgfm","47,2 cv/litro",132 cv,"17,8:1",,,"12,4 kgfm/litro","34,7 kgfm",3,1700 mm,1524 mm,1506 mm,5077 mm,2950 mm,1826 mm,1935 kg,1012 litros,73 litros,186 mm,Disco ventilado,Tambor,Hidráulica,Não informado,"Indep., braços sobrepostos",Feixe de molas semielípticas,Eixo rígido,,,,,5,3600 rpm,1800 rpm,Não informado,,,Engrenagens,,265/70 R15,,,,,1000 kg,,32 graus,24 graus,218 mm,,,,,,,,,,,,1012 litros,949 km,737 km,13 km/l,"10,1 km/l",45 graus,45 graus,,,,,,,,,,,,,,,,,,,,,,,,
nissan,Frontier,frontier,frontier-xe-2-8-turbo-4x2-cd-2003,frontier-xe-2-8-turbo-4x2-cd-2003,https://www.fichacompleta.com.br/carros/nissan/frontier-xe-2-8-turbo-4x2-cd-2003,2026-06-15T15:37:54.336098,Nissan Frontier XE 2.8 Turbo 4x2 CD 2003,"13,9 s",164 km/h,Embreagem monodisco a seco,Manual,Eaton FSO 2405,5,Traseira,Injeção direta,Turbocompressor,2798 cm³,4 em linha,MWM 4.07 TCA,Único no cabeçote,103 mm,93 mm,Longitudinal,Dianteiro,"14,5 kg/cv","55,3 kg/kgfm","47,2 cv/litro",132 cv,"17,8:1",,,"12,4 kgfm/litro","34,7 kgfm",3,1700 mm,1524 mm,1506 mm,5077 mm,2950 mm,1826 mm,1920 kg,1012 litros,73 litros,186 mm,Disco ventilado,Tambor,Hidráulica,Não informado,"Indep., braços sobrepostos",Feixe de molas semielípticas,Eixo rígido,,,,,,3600 rpm,1800 rpm,,,,Engrenagens,,265/70 R15,,,,,1000 kg,,32 graus,24 graus,218 mm,,,,,,,,,,,,1012 litros,949 km,737 km,13 km/l,"10,1 km/l",45 graus,,,,,,,,,,,,,,,,,,,,,,,,,
nissan,Frontier,frontier,frontier-xe-2-8-turbo-4x2-cs-2003,frontier-xe-2-8-turbo-4x2-cs-2003,https://www.fichacompleta.com.br/carros/nissan/frontier-xe-2-8-turbo-4x2-cs-2003,2026-06-15T15:37:58.270719,Nissan Frontier XE 2.8 Turbo 4x2 CS 2003,"13,1 s",168 km/h,Embreagem monodisco a seco,Manual,Eaton FSO 2405,5,Traseira,Injeção direta,Turbocompressor,2798 cm³,4 em linha,MWM 4.07 TCA,Único no cabeçote,103 mm,93 mm,Longitudinal,Dianteiro,"12,5 kg/cv","47,6 kg/kgfm","47,2 cv/litro",132 cv,"17,8:1",3600 rpm,1800 rpm,"12,4 kgfm/litro","34,7 kgfm",3,1647 mm,1525 mm,1505 mm,4859 mm,2649 mm,1689 mm,1650 kg,,60 litros,169 mm,Disco ventilado,Tambor,Hidráulica,Não informado,"Indep., braços sobrepostos",Feixe de molas semielípticas,Eixo rígido,,,,,,,,,,,Engrenagens,,225/75 R15,,,,,1000 kg,4200 rpm,,,202 mm,,,,,,,,,,,,1295 litros,840 km,660 km,14 km/l,11 km/l,,,,,,,,,,,,,,,,,,,,,,,,,,
nissan,Frontier,frontier,frontier-xe-titanium-2-8-turbo-4x2-cd-2003,frontier-xe-titanium-2-8-turbo-4x2-cd-2003,https://www.fichacompleta.com.br/carros/nissan/frontier-xe-titanium-2-8-turbo-4x2-cd-2003,2026-06-15T15:38:01.633562,Nissan Frontier XE Titanium 2.8 Turbo 4x2 CD 2003,"13,9 s",164 km/h,Embreagem monodisco a seco,Manual,Eaton FSO 2405,5,Traseira,Injeção direta,Turbocompressor,,4 em linha,MWM 4.07 TCA,Único no cabeçote,103 mm,93 mm,Longitudinal,Dianteiro,"14,55 kg/cv","55,3 kg/kgfm","47,2 cv/litro",132 cv,"17,8:1",3600 rpm,1800 rpm,"12,4 kgfm/litro","34,7 kgfm",3,1700 mm,1524 mm,1506 mm,5077 mm,2950 mm,1826 mm,1920 kg,,73 litros,186 mm,Disco ventilado,Tambor,Hidráulica,Não informado,"Indep., braços sobrepostos",Feixe de molas semielípticas,Eixo rígido,,,,,,,,,,,Engrenagens,,265/70 R15,,,,,1000 kg,,32 graus,24 graus,218 mm,,,,,,,,,,700 cm³,2798 cm³,1012 litros,949 km,737 km,13 km/l,"10,1 km/l",45 graus,,,,,,,,,,,,,,,,,,,,,,,,,
nissan,Frontier,frontier,frontier-se-2-8-turbo-4x2-2004,frontier-se-2-8-turbo-4x2-2004,https://www.fichacompleta.com.br/carros/nissan/frontier-se-2-8-turbo-4x2-2004,2026-06-15T15:38:04.233824,Nissan Frontier SE 2.8 Turbo 4x2 2004,"13,9 s",164 km/h,Embreagem monodisco a seco,Manual,Eaton FSO 2405,5,Traseira,Injeção direta,Turbocompressor,2798 cm³,4 em linha,MWM 4.07 TCA,Único no cabeçote,103 mm,93 mm,Longitudinal,Dianteiro,"14,5 kg/cv","55,3 kg/kgfm","47,2 cv/litro",132 cv,"17,8:1",3600 rpm,1800 rpm,"12,4 kgfm/litro","34,7 kgfm",3,1700 mm,1524 mm,1506 mm,5077 mm,2950 mm,1826 mm,1920 kg,,73 litros,186 mm,Disco ventilado,Tambor,Hidráulica,Não informado,"Indep., braços sobrepostos",Feixe de molas semielípticas,Eixo rígido,,,,,,,,,,,Engrenagens,,265/70 R15,,,,,1000 kg,,32 graus,24 graus,218 mm,,,,,,,,,,,,1012 litros,949 km,737 km,13 km/l,"10,1 km/l",45 graus,,,,,,,,,,,,,,,,,,,,,,,,,
nissan,Frontier,frontier,frontier-se-2-8-turbo-4x4-2004,frontier-se-2-8-turbo-4x4-2004,https://www.fichacompleta.com.br/carros/nissan/frontier-se-2-8-turbo-4x4-2004,2026-06-15T15:38:08.982032,Nissan Frontier SE 2.8 Turbo 4x4 2004,"13,9 s",164 km/h,Embreagem monodisco a seco,Manual,Eaton FSO 2405,5,Integral temporária,Injeção direta,Turbocompressor,2798 cm³,4 em linha,MWM 4.07 TCA,Único no cabeçote,103 mm,93 mm,Longitudinal,Dianteiro,"14,7 kg/cv","55,8 kg/kgfm","47,2 cv/litro",132 cv,"17,8:1",,,"12,4 kgfm/litro","34,7 kgfm",3,1700 mm,1524 mm,1506 mm,5077 mm,2950 mm,1826 mm,1935 kg,1012 litros,73 litros,186 mm,Disco ventilado,Tambor,Hidráulica,Não informado,"Indep., braços sobrepostos",Feixe de molas semielípticas,Eixo rígido,,,,,,3600 rpm,1800 rpm,,,,Engrenagens,,265/70 R15,,,,,1000 kg,,32 graus,24 graus,218 mm,,,,,,,,,,,,1012 litros,949 km,737 km,13 km/l,"10,1 km/l",45 graus,,,,,,,,,,,,,,,,,,,,,,,,,
nissan,Frontier,frontier,frontier-se-strike-2-8-turbo-4x4-2004,frontier-se-strike-2-8-turbo-4x4-2004,https://www.fichacompleta.com.br/carros/nissan/frontier-se-strike-2-8-turbo-4x4-2004,2026-06-15T15:38:13.572678,Nissan Frontier SE Strike 2.8 Turbo 4x4 2004,"13,9 s",164 km/h,Embreagem monodisco a seco,Manual,Eaton FSO 2405,5,Integral temporária,Injeção direta,Turbocompressor,2798 cm³,4 em linha,MWM 4.07 TCA,Único no cabeçote,103 mm,93 mm,Longitudinal,Dianteiro,"14,7 kg/cv","55,8 kg/kgfm","47,2 cv/litro",132 cv,"17,8:1",,,"12,4 kgfm/litro","34,7 kgfm",3,1700 mm,1524 mm,1506 mm,5077 mm,2950 mm,1826 mm,1935 kg,1012 litros,73 litros,186 mm,Disco ventilado,Tambor,Hidráulica,Não informado,"Indep., braços sobrepostos",Feixe de molas semielípticas,Eixo rígido,,,,,5,3600 rpm,1800 rpm,Não informado,,,Engrenagens,,265/70 R15,,,,,1000 kg,,32 graus,24 graus,218 mm,,,,,,,,,,,,1012 litros,949 km,737 km,13 km/l,"10,1 km/l",45 graus,45 graus,,,,,,,,,,,,,,,,,,,,,,,,
nissan,Frontier,frontier,frontier-xe-2-8-turbo-4x2-cd-2004,frontier-xe-2-8-turbo-4x2-cd-2004,https://www.fichacompleta.com.br/carros/nissan/frontier-xe-2-8-turbo-4x2-cd-2004,2026-06-15T15:38:17.214215,Nissan Frontier XE 2.8 Turbo 4x2 CD 2004,"13,9 s",164 km/h,Embreagem monodisco a seco,Manual,Eaton FSO 2405,5,Traseira,Injeção direta,Turbocompressor,2798 cm³,4 em linha,MWM 4.07 TCA,Único no cabeçote,103 mm,93 mm,Longitudinal,Dianteiro,"14,5 kg/cv","55,3 kg/kgfm","47,2 cv/litro",132 cv,"17,8:1",,,"12,4 kgfm/litro","34,7 kgfm",3,1700 mm,1524 mm,1506 mm,5077 mm,2950 mm,1826 mm,1920 kg,1012 litros,73 litros,186 mm,Disco ventilado,Tambor,Hidráulica,Não informado,"Indep., braços sobrepostos",Feixe de molas semielípticas,Eixo rígido,,,,,,3600 rpm,1800 rpm,,,,Engrenagens,,265/70 R15,,,,,1000 kg,,32 graus,24 graus,218 mm,,,,,,,,,,,,1012 litros,949 km,737 km,13 km/l,"10,1 km/l",45 graus,,,,,,,,,,,,,,,,,,,,,,,,,
nissan,Frontier,frontier,frontier-se-2-8-turbo-4x4-2005,frontier-se-2-8-turbo-4x4-2005,https://www.fichacompleta.com.br/carros/nissan/frontier-se-2-8-turbo-4x4-2005,2026-06-15T15:38:21.678479,Nissan Frontier SE 2.8 Turbo 4x4 2005,"13,9 s",164 km/h,Embreagem monodisco a seco,Manual,Eaton FSO 2405,5,Integral temporária,Injeção direta,Turbocompressor,2798 cm³,4 em linha,MWM 4.07 TCA,Único no cabeçote,103 mm,93 mm,Longitudinal,Dianteiro,"14,7 kg/cv","55,8 kg/kgfm","47,2 cv/litro",132 cv,"17,8:1",,,"12,4 kgfm/litro","34,7 kgfm",3,1700 mm,1524 mm,1506 mm,5077 mm,2950 mm,1826 mm,1935 kg,1012 litros,73 litros,186 mm,Disco ventilado,Tambor,Hidráulica,Não informado,"Indep., braços sobrepostos",Feixe de molas semielípticas,Eixo rígido,,,,,,3600 rpm,1800 rpm,,,,Engrenagens,,265/70 R15,,,,,1000 kg,,32 graus,24 graus,218 mm,,,,,,,,,,,,1012 litros,949 km,737 km,13 km/l,"10,1 km/l",45 graus,,,,,,,,,,,,,,,,,,,,,,,,,
nissan,Frontier,frontier,frontier-se-serrana-2-8-turbo-4x4-2005,frontier-se-serrana-2-8-turbo-4x4-2005,https://www.fichacompleta.com.br/carros/nissan/frontier-se-serrana-2-8-turbo-4x4-2005,2026-06-15T15:38:25.552464,Nissan Frontier SE Serrana 2.8 Turbo 4x4 2005,"13,9 s",164 km/h,Embreagem monodisco a seco,Manual,Eaton FSO 2405,5,Integral temporária,Injeção direta,Turbocompressor,2798 cm³,4 em linha,MWM 4.07 TCA,Único no cabeçote,103 mm,93 mm,Longitudinal,Dianteiro,"14,7 kg/cv","55,8 kg/kgfm","47,2 cv/litro",132 cv,"17,8:1",3600 rpm,1800 rpm,"12,4 kgfm/litro","34,7 kgfm",3,1700 mm,1524 mm,1506 mm,5077 mm,2950 mm,1826 mm,1935 kg,,73 litros,186 mm,Disco ventilado,Tambor,Hidráulica,Não informado,"Indep., braços sobrepostos",Feixe de molas semielípticas,Eixo rígido,,,,,,,,,,,Engrenagens,,265/70 R15,,,,,1000 kg,,32 graus,24 graus,218 mm,,,,,,,,,,,,1012 litros,949 km,737 km,13 km/l,"10,1 km/l",45 graus,,,,,,,,,,,,,,,,,,,,,,,,,
nissan,Frontier,frontier,frontier-xe-2-8-turbo-4x2-cd-2005,frontier-xe-2-8-turbo-4x2-cd-2005,https://www.fichacompleta.com.br/carros/nissan/frontier-xe-2-8-turbo-4x2-cd-2005,2026-06-15T15:38:29.925601,Nissan Frontier XE 2.8 Turbo 4x2 CD 2005,"13,9 s",164 km/h,Embreagem monodisco a seco,Manual,Eaton FSO 2405,5,Traseira,Injeção direta,Turbocompressor,2798 cm³,4 em linha,MWM 4.07 TCA,Único no cabeçote,103 mm,93 mm,Longitudinal,Dianteiro,"14,5 kg/cv","55,3 kg/kgfm","47,2 cv/litro",132 cv,"17,8:1",,,"12,4 kgfm/litro","34,7 kgfm",3,1700 mm,1524 mm,1506 mm,5077 mm,2950 mm,1826 mm,1920 kg,1012 litros,73 litros,186 mm,Disco ventilado,Tambor,Hidráulica,Não informado,"Indep., braços sobrepostos",Feixe de molas semielípticas,Eixo rígido,,,,,,3600 rpm,1800 rpm,,,,Engrenagens,,265/70 R15,,,,,1000 kg,,32 graus,24 graus,218 mm,,,,,,,,,,,,1012 litros,949 km,737 km,13 km/l,"10,1 km/l",45 graus,,,,,,,,,,,,,,,,,,,,,,,,,
nissan,Frontier,frontier,frontier-xe-2-8-turbo-4x2-cs-2005,frontier-xe-2-8-turbo-4x2-cs-2005,https://www.fichacompleta.com.br/carros/nissan/frontier-xe-2-8-turbo-4x2-cs-2005,2026-06-15T15:38:32.716668,Nissan Frontier XE 2.8 Turbo 4x2 CS 2005,"13,1 s",168 km/h,Embreagem monodisco a seco,Manual,Eaton FSO 2405,5,Traseira,Injeção direta,Turbocompressor,2798 cm³,4 em linha,MWM 4.07 TCA,Único no cabeçote,103 mm,93 mm,Longitudinal,Dianteiro,"12,5 kg/cv","47,6 kg/kgfm","47,2 cv/litro",132 cv,"17,8:1",3600 rpm,1800 rpm,"12,4 kgfm/litro","34,7 kgfm",3,1647 mm,1525 mm,1505 mm,4859 mm,2649 mm,1689 mm,1650 kg,,60 litros,169 mm,Disco ventilado,Tambor,Hidráulica,Não informado,"Indep., braços sobrepostos",Feixe de molas semielípticas,Eixo rígido,,,,,,,,,,,Engrenagens,,225/75 R15,,,,,1000 kg,4200 rpm,,,202 mm,,,,,,,,,,,,1295 litros,840 km,660 km,14 km/l,11 km/l,,,,,,,,,,,,,,,,,,,,,,,,,,
nissan,Frontier,frontier,frontier-xe-2-8-turbo-4x4-cd-2005,frontier-xe-2-8-turbo-4x4-cd-2005,https://www.fichacompleta.com.br/carros/nissan/frontier-xe-2-8-turbo-4x4-cd-2005,2026-06-15T15:38:36.863123,Nissan Frontier XE 2.8 Turbo 4x4 CD 2005,"13,9 s",164 km/h,Embreagem monodisco a seco,Manual,Eaton FSO 2405,,Integral temporária,Injeção direta,Turbocompressor,2798 cm³,4 em linha,MWM 4.07 TCA,"Único no cabeçote, engrenagens",,,Longitudinal,Dianteiro,"14,7 kg/cv","55,8 kg/kgfm","47,2 cv/litro",132 cv a 3600 rpm,"17,8:1",,,"12,4 kgfm/litro","34,7 kgfm a 1800 rpm",3,1700 mm,1524 mm,1506 mm,5077 mm,2950 mm,1826 mm,1935 kg,1012 litros,73 litros,186 mm,265/70 R15,Tambor,Hidráulica,,"Independente, braços sobrepostos",Feixe de molas semielípticas,Eixo rígido,,,,,5,,,Não informado,103 mm,93 mm,,,,,,,,1000 kg,,32 graus,24 graus,,,,,,,,,,,,,,949 km,737 km,13 km/l,"10,1 km/l",,,,,,,,,,,,,,,,,,,,,,,,,,
nissan,Frontier,frontier,frontier-se-2-8-turbo-4x2-2006,frontier-se-2-8-turbo-4x2-2006,https://www.fichacompleta.com.br/carros/nissan/frontier-se-2-8-turbo-4x2-2006,2026-06-15T15:38:40.559117,Nissan Frontier SE 2.8 Turbo 4x2 2006,"13,9 s",164 km/h,Embreagem monodisco a seco,Manual,Eaton FSO 2405,5,Traseira,Injeção direta,Turbocompressor,2798 cm³,4 em linha,MWM 4.07 TCE,Único no cabeçote,103 mm,93 mm,Longitudinal,Dianteiro,"13,7 kg/cv","55,3 kg/kgfm","50,0 cv/litro",140 cv,"17,8:1",3500 rpm,1700 rpm,"12,4 kgfm/litro","34,7 kgfm",3,1700 mm,1524 mm,1506 mm,5077 mm,2950 mm,1826 mm,1920 kg,,73 litros,186 mm,Disco ventilado,Tambor,Hidráulica,Não informado,"Indep., braços sobrepostos",Feixe de molas semielípticas,Eixo rígido,,,,,,,,,,,Engrenagens,,265/70 R15,,,,,1000 kg,4200 rpm,32 graus,24 graus,218 mm,,,,,,,,,,,,1012 litros,949 km,737 km,13 km/l,"10,1 km/l",45 graus,,,,,,,,,,,,,,,,,,,,,,,,,
nissan,Frontier,frontier,frontier-se-2-8-turbo-4x4-2006,frontier-se-2-8-turbo-4x4-2006,https://www.fichacompleta.com.br/carros/nissan/frontier-se-2-8-turbo-4x4-2006,2026-06-15T15:38:43.353283,Nissan Frontier SE 2.8 Turbo 4x4 2006,"13,9 s",164 km/h,Embreagem monodisco a seco,Manual,Eaton FSO 2405,5,Integral temporária,Injeção direta,Turbocompressor,2798 cm³,4 em linha,MWM 4.07 TCE,Único no cabeçote,103 mm,93 mm,Longitudinal,Dianteiro,"13,8 kg/cv","55,8 kg/kgfm","50,0 cv/litro",140 cv,"17,8:1",3500 rpm,1700 rpm,"12,4 kgfm/litro","34,7 kgfm",3,1700 mm,1524 mm,1506 mm,5077 mm,2950 mm,1826 mm,1935 kg,,73 litros,186 mm,Disco ventilado,Tambor,Hidráulica,Não informado,"Indep., braços sobrepostos",Feixe de molas semielípticas,Eixo rígido,,,,,,,,,,,Engrenagens,,265/70 R15,,,,,1000 kg,4200 rpm,32 graus,24 graus,218 mm,,,,,,,,,,,,1012 litros,949 km,737 km,13 km/l,"10,1 km/l",45 graus,,,,,,,,,,,,,,,,,,,,,,,,,
nissan,Frontier,frontier,frontier-xe-2-8-turbo-4x2-cd-2006,frontier-xe-2-8-turbo-4x2-cd-2006,https://www.fichacompleta.com.br/carros/nissan/frontier-xe-2-8-turbo-4x2-cd-2006,2026-06-15T15:38:47.619454,Nissan Frontier XE 2.8 Turbo 4x2 CD 2006,"13,9 s",164 km/h,Embreagem monodisco a seco,Manual,Eaton FSO 2405,5,Traseira,Injeção direta,Turbocompressor,2798 cm³,4 em linha,MWM 4.07 TCE,Único no cabeçote,103 mm,93 mm,Longitudinal,Dianteiro,"13,7 kg/cv","55,3 kg/kgfm","50,0 cv/litro",140 cv,"17,8:1",,,"12,4 kgfm/litro","34,7 kgfm",3,1700 mm,1524 mm,1506 mm,5077 mm,2950 mm,1826 mm,1920 kg,1012 litros,73 litros,186 mm,Disco ventilado,Tambor,Hidráulica,Não informado,"Indep., braços sobrepostos",Feixe de molas semielípticas,Eixo rígido,,,,,,3500 rpm,1700 rpm,,,,Engrenagens,,265/70 R15,,,,,1000 kg,4200 rpm,32 graus,24 graus,218 mm,,,,,,,,,,,,1012 litros,949 km,737 km,13 km/l,"10,1 km/l",45 graus,,,,,,,,,,,,,,,,,,,,,,,,,
nissan,Frontier,frontier,frontier-xe-2-8-turbo-4x4-cd-2006,frontier-xe-2-8-turbo-4x4-cd-2006,https://www.fichacompleta.com.br/carros/nissan/frontier-xe-2-8-turbo-4x4-cd-2006,2026-06-15T15:38:50.602681,Nissan Frontier XE 2.8 Turbo 4x4 CD 2006,"13,9 s",164 km/h,Embreagem monodisco a seco,Manual,Eaton FSO 2405,5,Integral temporária,Injeção direta,Turbocompressor,2798 cm³,4 em linha,MWM 4.07 TCE,Único no cabeçote,103 mm,93 mm,Longitudinal,Dianteiro,"13,8 kg/cv","55,8 kg/kgfm","50,0 cv/litro",140 cv,"17,8:1",3500 rpm,1700 rpm,"12,4 kgfm/litro","34,7 kgfm",3,1700 mm,1524 mm,1506 mm,5077 mm,2950 mm,1826 mm,1935 kg,,73 litros,186 mm,Disco ventilado,Tambor,Hidráulica,Não informado,"Indep., braços sobrepostos",Feixe de molas semielípticas,Eixo rígido,,,,,,,,,,,Engrenagens,,265/70 R15,,,,,1000 kg,4200 rpm,32 graus,24 graus,218 mm,,,,,,,,,,,,1012 litros,949 km,737 km,13 km/l,"10,1 km/l",45 graus,,,,,,,,,,,,,,,,,,,,,,,,,
nissan,Frontier,frontier,frontier-xe-attack-2-8-turbo-2006,frontier-xe-attack-2-8-turbo-2006,https://www.fichacompleta.com.br/carros/nissan/frontier-xe-attack-2-8-turbo-2006,2026-06-15T15:38:54.820024,Nissan Frontier XE Attack 2.8 Turbo 2006,"13,9 s",164 km/h,Embreagem monodisco a seco,Manual,Eaton FSO 2405,5,Integral temporária,Injeção direta,Turbocompressor,2798 cm³,4 em linha,MWM 4.07 TCE,Único no cabeçote,103 mm,93 mm,Longitudinal,Dianteiro,"13,8 kg/cv","55,8 kg/kgfm","50,0 cv/litro",140 cv,"17,8:1",3500 rpm,1700 rpm,"12,4 kgfm/litro","34,7 kgfm",3,1840 mm,1524 mm,1506 mm,5077 mm,2950 mm,1826 mm,1935 kg,,73 litros,186 mm,Disco ventilado,Tambor,Hidráulica,Não informado,"Indep., braços sobrepostos",Feixe de molas semielípticas,Eixo rígido,,,,,,,,,,,Engrenagens,,265/70 R15,,,,,1000 kg,4200 rpm,32 graus,24 graus,218 mm,,,,,,,,,,,,1012 litros,949 km,737 km,13 km/l,"10,1 km/l",45 graus,,,,,,,,,,,,,,,,,,,,,,,,,
nissan,Frontier,frontier,frontier-le-2-5-turbo-4x4-at-2007,frontier-le-2-5-turbo-4x4-at-2007,https://www.fichacompleta.com.br/carros/nissan/frontier-le-2-5-turbo-4x4-at-2007,2026-06-15T15:38:58.642088,Nissan Frontier LE 2.5 Turbo 4x4 AT 2007,13 s,165 km/h,Conversor de torque,Automático,,5,Integral temporária,Injeção direta,Turbocompressor,2488 cm³,4 em linha,YD25ETi,Duplo no cabeçote,100 mm,89 mm,Longitudinal,Dianteiro,"11,5 kg/cv","48,8 kg/kgfm","69,9 cv/litro",174 cv,"16,5:1",4000 rpm,2000 rpm,"16,5 kgfm/litro","41,1 kgfm",4,1780 mm,,,5230 mm,3200 mm,1850 mm,2005 kg,,80 litros,179 mm,Disco ventilado,Tambor,Hidráulica,"13,2 m","Indep., braços sobrepostos",Feixe de molas semielípticas,Eixo rígido,,,,,,,,,,,Corrente,,255/70 R16,,,,,1015 kg,,32 graus,24 graus,220 mm,,,,,,,,,,,,1012 litros,1120 km,816 km,14 km/l,"10,2 km/l",,,39 graus,,,,,,,,,,,,,,,,,,,,,,,
nissan,Frontier,frontier,frontier-se-2-8-turbo-4x2-2007,frontier-se-2-8-turbo-4x2-2007,https://www.fichacompleta.com.br/carros/nissan/frontier-se-2-8-turbo-4x2-2007,2026-06-15T15:39:01.080814,Nissan Frontier SE 2.8 Turbo 4x2 2007,"13,9 s",164 km/h,Embreagem monodisco a seco,Manual,Eaton FSO 2405,,Traseira,Injeção direta,Turbocompressor,2798 cm³,4 em linha,MWM 4.07 TCE,"Único no cabeçote, engrenagens",,,Longitudinal,Dianteiro,"13,7 kg/cv","55,3 kg/kgfm","50,0 cv/litro",140 cv a 3500 rpm,"17,8:1",,,"12,4 kgfm/litro","34,7 kgfm a 1700 rpm",3,1700 mm,1524 mm,1506 mm,5077 mm,2950 mm,1826 mm,1920 kg,1012 litros,73 litros,186 mm,265/70 R15,Tambor,Hidráulica,,"Independente, braços sobrepostos",Feixe de molas semielípticas,Eixo rígido,,,,,5,,,Não informado,103 mm,93 mm,,,,,,,,1000 kg,,32 graus,24 graus,,,,,,,,,,,,,,949 km,737 km,13 km/l,"10,1 km/l",,,,,,,,,,,,,,,,,,,,,,,,,,
nissan,Frontier,frontier,frontier-se-2-8-turbo-4x4-2007,frontier-se-2-8-turbo-4x4-2007,https://www.fichacompleta.com.br/carros/nissan/frontier-se-2-8-turbo-4x4-2007,2026-06-15T15:39:04.676595,Nissan Frontier SE 2.8 Turbo 4x4 2007,"13,9 s",164 km/h,Embreagem monodisco a seco,Manual,Eaton FSO 2405,5,Integral temporária,Injeção direta,Turbocompressor,2798 cm³,4 em linha,MWM 4.07 TCE,Único no cabeçote,103 mm,93 mm,Longitudinal,Dianteiro,"13,8 kg/cv","55,8 kg/kgfm","50,0 cv/litro",140 cv,"17,8:1",3500 rpm,1700 rpm,"12,4 kgfm/litro","34,7 kgfm",3,1700 mm,1524 mm,1506 mm,5077 mm,2950 mm,1826 mm,1935 kg,,73 litros,186 mm,Disco ventilado,Tambor,Hidráulica,Não informado,"Indep., braços sobrepostos",Feixe de molas semielípticas,Eixo rígido,,,,,,,,,,,Engrenagens,,265/70 R15,,,,,1000 kg,4200 rpm,32 graus,24 graus,218 mm,,,,,,,,,,,,1012 litros,949 km,737 km,13 km/l,"10,1 km/l",45 graus,,,,,,,,,,,,,,,,,,,,,,,,,
nissan,Frontier,frontier,frontier-se-serrana-2-8-turbo-4x4-2007,frontier-se-serrana-2-8-turbo-4x4-2007,https://www.fichacompleta.com.br/carros/nissan/frontier-se-serrana-2-8-turbo-4x4-2007,2026-06-15T15:39:08.648385,Nissan Frontier SE Serrana 2.8 Turbo 4x4 2007,"13,9 s",164 km/h,Embreagem monodisco a seco,Manual,Eaton FSO 2405,5,Integral temporária,Injeção direta,Turbocompressor,2798 cm³,4 em linha,MWM 4.07 TCE,Único no cabeçote,103 mm,93 mm,Longitudinal,Dianteiro,"13,8 kg/cv","55,8 kg/kgfm","50,0 cv/litro",140 cv,"17,8:1",3500 rpm,1700 rpm,"12,4 kgfm/litro","34,7 kgfm",3,1700 mm,1524 mm,1506 mm,5077 mm,2950 mm,1826 mm,1935 kg,,73 litros,186 mm,Disco ventilado,Tambor,Hidráulica,Não informado,"Indep., braços sobrepostos",Feixe de molas semielípticas,Eixo rígido,,,,,,,,,,,Engrenagens,,265/70 R15,,,,,1000 kg,4200 rpm,32 graus,24 graus,218 mm,,,,,,,,,,,,1012 litros,949 km,737 km,13 km/l,"10,1 km/l",45 graus,,,,,,,,,,,,,,,,,,,,,,,,,
nissan,Frontier,frontier,frontier-xe-2-8-turbo-4x2-cd-2007,frontier-xe-2-8-turbo-4x2-cd-2007,https://www.fichacompleta.com.br/carros/nissan/frontier-xe-2-8-turbo-4x2-cd-2007,2026-06-15T15:39:13.698723,Nissan Frontier XE 2.8 Turbo 4x2 CD 2007,"13,9 s",164 km/h,Embreagem monodisco a seco,Manual,Eaton FSO 2405,5,Traseira,Injeção direta,Turbocompressor,2798 cm³,4 em linha,MWM 4.07 TCE,Único no cabeçote,103 mm,93 mm,Longitudinal,Dianteiro,"13,7 kg/cv","55,3 kg/kgfm","50,0 cv/litro",140 cv,"17,8:1",3500 rpm,1700 rpm,"12,4 kgfm/litro","34,7 kgfm",3,1700 mm,1524 mm,1506 mm,5077 mm,2950 mm,1826 mm,1920 kg,,73 litros,186 mm,Disco ventilado,Tambor,Hidráulica,Não informado,"Indep., braços sobrepostos",Feixe de molas semielípticas,Eixo rígido,,,,,,,,,,,Engrenagens,,265/70 R15,,,,,1000 kg,4200 rpm,32 graus,24 graus,218 mm,,,,,,,,,,,,1012 litros,949 km,737 km,13 km/l,"10,1 km/l",45 graus,,,,,,,,,,,,,,,,,,,,,,,,,
nissan,Frontier,frontier,frontier-xe-2-8-turbo-4x2-cs-2007,frontier-xe-2-8-turbo-4x2-cs-2007,https://www.fichacompleta.com.br/carros/nissan/frontier-xe-2-8-turbo-4x2-cs-2007,2026-06-15T15:39:17.415871,Nissan Frontier XE 2.8 Turbo 4x2 CS 2007,13 s,170 km/h,Embreagem monodisco a seco,Manual,Eaton FSO 2405,5,Traseira,Injeção direta,Turbocompressor,2798 cm³,4 em linha,MWM 4.07 TCE,Único no cabeçote,103 mm,93 mm,Longitudinal,Dianteiro,"11,8 kg/cv","47,6 kg/kgfm","50,0 cv/litro",140 cv,"17,8:1",3500 rpm,1700 rpm,"12,4 kgfm/litro","34,7 kgfm",3,1647 mm,1525 mm,1505 mm,4859 mm,2649 mm,1689 mm,1650 kg,,60 litros,169 mm,Disco ventilado,Tambor,Hidráulica,Não informado,"Indep., braços sobrepostos",Feixe de molas semielípticas,Eixo rígido,,,,,,,,,,,Engrenagens,,225/75 R15,,,,,1000 kg,4200 rpm,,,202 mm,,,,,,,,,,,,1295 litros,840 km,660 km,14 km/l,11 km/l,,,,,,,,,,,,,,,,,,,,,,,,,,
nissan,Frontier,frontier,frontier-xe-2-8-turbo-4x4-cd-2007,frontier-xe-2-8-turbo-4x4-cd-2007,https://www.fichacompleta.com.br/carros/nissan/frontier-xe-2-8-turbo-4x4-cd-2007,2026-06-15T15:39:22.109041,Nissan Frontier XE 2.8 Turbo 4x4 CD 2007,"13,9 s",164 km/h,Embreagem monodisco a seco,Manual,Eaton FSO 2405,,Integral temporária,Injeção direta,Turbocompressor,2798 cm³,4 em linha,MWM 4.07 TCE,"Único no cabeçote, engrenagens",,,Longitudinal,Dianteiro,"13,8 kg/cv","55,8 kg/kgfm","50,0 cv/litro",140 cv a 3500 rpm,"17,8:1",,,"12,4 kgfm/litro","34,7 kgfm a 1700 rpm",3,1700 mm,1524 mm,1506 mm,5077 mm,2950 mm,1826 mm,1935 kg,1012 litros,73 litros,186 mm,Disco ventilado,Tambor,Hidráulica,,"Independente, braços sobrepostos",Feixe de molas semielípticas,Eixo rígido,,,,,5,,,Não informado,103 mm,93 mm,,,265/70 R15,,,,,1000 kg,4200 rpm,32 graus,24 graus,218 mm,,,,,,,,,,,,,949 km,737 km,13 km/l,"10,1 km/l",,45 graus,,,,,,,,,,,,,,,,,,,,,,,,
nissan,Frontier,frontier,frontier-se-2-8-turbo-4x4-2008,frontier-se-2-8-turbo-4x4-2008,https://www.fichacompleta.com.br/carros/nissan/frontier-se-2-8-turbo-4x4-2008,2026-06-15T15:39:26.558243,Nissan Frontier SE 2.8 Turbo 4x4 2008,"13,9 s",164 km/h,Embreagem monodisco a seco,Manual,Eaton FSO 2405,5,Integral temporária,Injeção direta,Turbocompressor,2798 cm³,4 em linha,MWM 4.07 TCE,Único no cabeçote,103 mm,93 mm,Longitudinal,Dianteiro,"13,8 kg/cv","55,8 kg/kgfm","50,0 cv/litro",140 cv,"17,8:1",3500 rpm,1700 rpm,"12,4 kgfm/litro","34,7 kgfm",3,1700 mm,1524 mm,1506 mm,5077 mm,2950 mm,1826 mm,1935 kg,,73 litros,186 mm,Disco ventilado,Tambor,Hidráulica,Não informado,"Indep., braços sobrepostos",Feixe de molas semielípticas,Eixo rígido,,,,,,,,,,,Engrenagens,,265/70 R15,,,,,1000 kg,4200 rpm,32 graus,24 graus,218 mm,,,,,,,,,,,,1012 litros,949 km,737 km,13 km/l,"10,1 km/l",45 graus,,,,,,,,,,,,,,,,,,,,,,,,,
nissan,Frontier,frontier,frontier-sel-2-5-turbo-4x4-2008,frontier-sel-2-5-turbo-4x4-2008,https://www.fichacompleta.com.br/carros/nissan/frontier-sel-2-5-turbo-4x4-2008,2026-06-15T15:39:30.741189,Nissan Frontier SEL 2.5 Turbo 4x4 2008,13 s,165 km/h,Embreagem monodisco a seco,Manual,,,Integral temporária,Injeção direta,Turbocompressor,2488 cm³,4 em linha,YO25ETi,"Duplo no cabeçote, corrente",,,Longitudinal,Dianteiro,"11,5 kg/cv","48,3 kg/kgfm","69,1 cv/litro",172 cv a 4000 rpm,"16,5:1",,,"16,5 kgfm/litro","41,1 kgfm a 2000 rpm",4,1780 mm,,,5230 mm,3200 mm,1850 mm,1985 kg,1012 litros,80 litros,179 mm,Disco ventilado,Tambor,Hidráulica,,"Independente, braços sobrepostos",Feixe de molas semielípticas,Eixo rígido,,,,,6,,,"13,2 m",100 mm,89 mm,,,255/70 R16,,,,,1020 kg,,32 graus,24 graus,220 mm,,,,,,,,,,,,,1120 km,816 km,14 km/l,"10,2 km/l",,,39 graus,750 kg,,,,,,,,,,,,,,,,,,,,,,
nissan,Frontier,frontier,frontier-sel-2-5-turbo-4x4-at-2008,frontier-sel-2-5-turbo-4x4-at-2008,https://www.fichacompleta.com.br/carros/nissan/frontier-sel-2-5-turbo-4x4-at-2008,2026-06-15T15:39:33.712876,Nissan Frontier SEL 2.5 Turbo 4x4 AT 2008,13 s,165 km/h,Conversor de torque,Automático,,5,Integral temporária,Injeção direta,Turbocompressor,2488 cm³,4 em linha,YD25ETi,Duplo no cabeçote,100 mm,89 mm,Longitudinal,Dianteiro,"11,7 kg/cv","48,8 kg/kgfm","69,1 cv/litro",172 cv,"16,5:1",,,"16,5 kgfm/litro","41,1 kgfm",4,1780 mm,,,5230 mm,3200 mm,1850 mm,2005 kg,1012 litros,80 litros,179 mm,Disco ventilado,Tambor,Hidráulica,"13,2 m","Indep., braços sobrepostos",Feixe de molas semielípticas,Eixo rígido,,,,,5,4000 rpm,2000 rpm,"13,2 m",,,Corrente,,255/70 R16,,,,,1015 kg,,32 graus,24 graus,220 mm,,,,,,,,,,,,1012 litros,1120 km,816 km,14 km/l,"10,2 km/l",,,39 graus,,,,,,,,,,,,,,,,,,,,,,,
nissan,Frontier,frontier,frontier-xe-2-8-turbo-4x2-cd-2008,frontier-xe-2-8-turbo-4x2-cd-2008,https://www.fichacompleta.com.br/carros/nissan/frontier-xe-2-8-turbo-4x2-cd-2008,2026-06-15T15:39:36.843249,Nissan Frontier XE 2.8 Turbo 4x2 CD 2008,"13,9 s",164 km/h,Embreagem monodisco a seco,Manual,Eaton FSO 2405,,Traseira,Injeção direta,Turbocompressor,2798 cm³,4 em linha,MWM 4.07 TCE,"Único no cabeçote, engrenagens",,,Longitudinal,Dianteiro,"13,7 kg/cv","55,3 kg/kgfm","50,0 cv/litro",140 cv a 3500 rpm,"17,8:1",,,"12,4 kgfm/litro","34,7 kgfm a 1700 rpm",3,1700 mm,1524 mm,1506 mm,5077 mm,2950 mm,1826 mm,1920 kg,1012 litros,73 litros,186 mm,265/70 R15,Tambor,Hidráulica,,"Independente, braços sobrepostos",Feixe de molas semielípticas,Eixo rígido,,,,,5,,,Não informado,103 mm,93 mm,,,,,,,,1000 kg,,32 graus,24 graus,,,,,,,,,,,,,,949 km,737 km,13 km/l,"10,1 km/l",,,,,,,,,,,,,,,,,,,,,,,,,,
nissan,Frontier,frontier,frontier-xe-2-8-turbo-4x4-cd-2008,frontier-xe-2-8-turbo-4x4-cd-2008,https://www.fichacompleta.com.br/carros/nissan/frontier-xe-2-8-turbo-4x4-cd-2008,2026-06-15T15:39:40.364773,Nissan Frontier XE 2.8 Turbo 4x4 CD 2008,"13,9 s",164 km/h,Embreagem monodisco a seco,Manual,Eaton FSO 2405,,Integral temporária,Injeção direta,Turbocompressor,2798 cm³,4 em linha,MWM 4.07 TCE,"Único no cabeçote, engrenagens",,,Longitudinal,Dianteiro,"13,8 kg/cv","55,8 kg/kgfm","50,0 cv/litro",140 cv a 3500 rpm,"17,8:1",,,"12,4 kgfm/litro","34,7 kgfm a 1700 rpm",3,1700 mm,1524 mm,1506 mm,5077 mm,2950 mm,1826 mm,1935 kg,1012 litros,73 litros,186 mm,265/70 R15,Tambor,Hidráulica,,"Independente, braços sobrepostos",Feixe de molas semielípticas,Eixo rígido,,,,,5,,,Não informado,103 mm,93 mm,,,,,,,,1000 kg,,32 graus,24 graus,,,,,,,,,,,,,,949 km,737 km,13 km/l,"10,1 km/l",,,,,,,,,,,,,,,,,,,,,,,,,,
nissan,Frontier,frontier,frontier-le-2-5-turbo-4x4-2009,frontier-le-2-5-turbo-4x4-2009,https://www.fichacompleta.com.br/carros/nissan/frontier-le-2-5-turbo-4x4-2009,2026-06-15T15:39:44.971256,Nissan Frontier LE 2.5 Turbo 4x4 2009,"12,5 s",170 km/h,Embreagem monodisco a seco,Manual,,6,Integral temporária,Injeção direta,Turbocompressor,2488 cm³,4 em linha,YD25ETi,Duplo no cabeçote,100 mm,89 mm,Longitudinal,Dianteiro,"11,5 kg/cv","48,2 kg/kgfm","69,1 cv/litro",,15:1,,,"16,5 kgfm/litro",,4,1780 mm,,,5230 mm,3200 mm,1850 mm,1980 kg,,80 litros,179 mm,Disco ventilado,Tambor,Hidráulica,"13,2 m","Indep., braços sobrepostos",Feixe de molas semielípticas,Eixo rígido,,,,,,4000 rpm,2000 rpm,,,,Corrente,,255/70 R16,,,,,1030 kg,,32 graus,24 graus,220 mm,,,172 cv,,"41,1 kgfm",,,,,,,1012 litros,1040 km,800 km,13 km/l,10 km/l,,,39 graus,,,,,,,,,,,,,,,,,,,,,,,
nissan,Frontier,frontier,frontier-le-2-5-turbo-4x4-at-2009,frontier-le-2-5-turbo-4x4-at-2009,https://www.fichacompleta.com.br/carros/nissan/frontier-le-2-5-turbo-4x4-at-2009,2026-06-15T15:39:47.678628,Nissan Frontier LE 2.5 Turbo 4x4 AT 2009,13 s,165 km/h,Conversor de torque,Automático,,5,Integral temporária,Injeção direta,Turbocompressor,2488 cm³,4 em linha,YD25ETi,Duplo no cabeçote,100 mm,89 mm,Longitudinal,Dianteiro,"11,8 kg/cv","49,3 kg/kgfm","69,1 cv/litro",172 cv,15:1,4000 rpm,2000 rpm,"16,5 kgfm/litro","41,1 kgfm",4,1780 mm,,,5230 mm,3200 mm,1850 mm,2025 kg,,80 litros,179 mm,Disco ventilado,Tambor,Hidráulica,"13,2 m","Indep., braços sobrepostos",Feixe de molas semielípticas,Eixo rígido,,,,,,,,,,,Corrente,,255/70 R16,,,,,1005 kg,,32 graus,24 graus,220 mm,,,,,,,,,,,,1012 litros,1040 km,720 km,13 km/l,9 km/l,,,39 graus,,,,,,,,,,,,,,,,,,,,,,,
nissan,Frontier,frontier,frontier-se-2-5-turbo-4x2-2009,frontier-se-2-5-turbo-4x2-2009,https://www.fichacompleta.com.br/carros/nissan/frontier-se-2-5-turbo-4x2-2009,2026-06-15T15:39:51.877322,Nissan Frontier SE 2.5 Turbo 4x2 2009,14 s,155 km/h,Embreagem monodisco a seco,Manual,,6,Traseira,Injeção direta,Turbocompressor,2488 cm³,4 em linha,YD25ETi,Duplo no cabeçote,100 mm,89 mm,Longitudinal,Dianteiro,"13,2 kg/cv","52,2 kg/kgfm","57,9 cv/litro",,15:1,,,"14,6 kgfm/litro",,4,1780 mm,,,5230 mm,3200 mm,1850 mm,1895 kg,,80 litros,179 mm,Disco ventilado,Tambor,Hidráulica,"13,2 m","Indep., braços sobrepostos",Feixe de molas semielípticas,Eixo rígido,,,,,,4000 rpm,2000 rpm,,,,Corrente,,255/70 R16,,,,,1015 kg,,32 graus,24 graus,220 mm,,,144 cv,,"36,3 kgfm",,,,,,,1012 litros,1040 km,800 km,13 km/l,10 km/l,,,39 graus,,,,,,,,,,,,,,,,,,,,,,,
nissan,Frontier,frontier,frontier-se-2-5-turbo-4x4-2009,frontier-se-2-5-turbo-4x4-2009,https://www.fichacompleta.com.br/carros/nissan/frontier-se-2-5-turbo-4x4-2009,2026-06-15T15:39:55.982910,Nissan Frontier SE 2.5 Turbo 4x4 2009,"12,5 s",170 km/h,Embreagem monodisco a seco,Manual,,6,Integral temporária,Injeção direta,Turbocompressor,2488 cm³,4 em linha,YD25ETi,Duplo no cabeçote,100 mm,89 mm,Longitudinal,Dianteiro,"11,5 kg/cv","48,2 kg/kgfm","69,1 cv/litro",172 cv,15:1,4000 rpm,2000 rpm,"16,5 kgfm/litro","41,1 kgfm",4,1780 mm,,,5230 mm,3200 mm,1850 mm,1980 kg,,80 litros,179 mm,Disco ventilado,Tambor,Hidráulica,"13,2 m","Indep., braços sobrepostos",Feixe de molas semielípticas,Eixo rígido,,,,,,,,,,,Corrente,,255/70 R16,,,,,1030 kg,,32 graus,24 graus,220 mm,,,,,,,,,,,,1012 litros,1040 km,800 km,13 km/l,10 km/l,,,39 graus,,,,,,,,,,,,,,,,,,,,,,,
nissan,Frontier,frontier,frontier-xe-2-5-turbo-4x2-2009,frontier-xe-2-5-turbo-4x2-2009,https://www.fichacompleta.com.br/carros/nissan/frontier-xe-2-5-turbo-4x2-2009,2026-06-15T15:40:00.446824,Nissan Frontier XE 2.5 Turbo 4x2 2009,14 s,155 km/h,Embreagem monodisco a seco,Manual,,6,Traseira,Injeção direta,Turbocompressor,2488 cm³,4 em linha,YD25ETi,Duplo no cabeçote,100 mm,89 mm,Longitudinal,Dianteiro,"13,2 kg/cv","52,2 kg/kgfm","57,9 cv/litro",144 cv,15:1,4000 rpm,2000 rpm,"14,6 kgfm/litro","36,3 kgfm",4,1780 mm,,,5230 mm,3200 mm,1850 mm,1895 kg,,80 litros,179 mm,Disco ventilado,Tambor,Hidráulica,"13,2 m","Indep., braços sobrepostos",Feixe de molas semielípticas,Eixo rígido,,,,,,,,,,,Corrente,,255/70 R16,,,,,1015 kg,,32 graus,24 graus,220 mm,,,,,,,,,,,,1012 litros,1040 km,800 km,13 km/l,10 km/l,,,39 graus,,,,,,,,,,,,,,,,,,,,,,,
nissan,Frontier,frontier,frontier-le-2-5-turbo-4x4-2010,frontier-le-2-5-turbo-4x4-2010,https://www.fichacompleta.com.br/carros/nissan/frontier-le-2-5-turbo-4x4-2010,2026-06-15T15:40:02.859453,Nissan Frontier LE 2.5 Turbo 4x4 2010,"12,5 s",170 km/h,Embreagem monodisco a seco,Manual,,6,Integral temporária,Injeção direta,Turbocompressor,2488 cm³,4 em linha,YD25ETi,Duplo no cabeçote,100 mm,89 mm,Longitudinal,Dianteiro,"11,5 kg/cv","48,2 kg/kgfm","69,1 cv/litro",172 cv,15:1,4000 rpm,2000 rpm,"16,5 kgfm/litro","41,1 kgfm",4,1780 mm,,,5230 mm,3200 mm,1850 mm,1980 kg,,80 litros,179 mm,Disco ventilado,Tambor,Hidráulica,"13,2 m","Indep., braços sobrepostos",Feixe de molas semielípticas,Eixo rígido,,,,,,,,,,,Corrente,,255/70 R16,,,,,1030 kg,,32 graus,24 graus,220 mm,,,,,,,,,,,,1012 litros,1040 km,800 km,13 km/l,10 km/l,,,39 graus,,,,,,,,,,,,,,,,,,,,,,,
nissan,Frontier,frontier,frontier-le-2-5-turbo-4x4-at-2010,frontier-le-2-5-turbo-4x4-at-2010,https://www.fichacompleta.com.br/carros/nissan/frontier-le-2-5-turbo-4x4-at-2010,2026-06-15T15:40:07.185308,Nissan Frontier LE 2.5 Turbo 4x4 AT 2010,13 s,165 km/h,Conversor de torque,Automático,,5,Integral temporária,Injeção direta,Turbocompressor,2488 cm³,4 em linha,YD25ETi,Duplo no cabeçote,100 mm,89 mm,Longitudinal,Dianteiro,"11,8 kg/cv","49,3 kg/kgfm","69,1 cv/litro",172 cv,15:1,4000 rpm,2000 rpm,"16,5 kgfm/litro","41,1 kgfm",4,1780 mm,,,5230 mm,3200 mm,1850 mm,2025 kg,,80 litros,179 mm,Disco ventilado,Tambor,Hidráulica,"13,2 m","Indep., braços sobrepostos",Feixe de molas semielípticas,Eixo rígido,,,,,,,,,,,Corrente,,255/70 R16,,,,,1005 kg,,32 graus,24 graus,220 mm,,,,,,,,,,,,1012 litros,1040 km,720 km,13 km/l,9 km/l,,,39 graus,,,,,,,,,,,,,,,,,,,,,,,
nissan,Frontier,frontier,frontier-se-2-5-turbo-4x2-2010,frontier-se-2-5-turbo-4x2-2010,https://www.fichacompleta.com.br/carros/nissan/frontier-se-2-5-turbo-4x2-2010,2026-06-15T15:40:11.613453,Nissan Frontier SE 2.5 Turbo 4x2 2010,14 s,155 km/h,Embreagem monodisco a seco,Manual,,6,Traseira,Injeção direta,Turbocompressor,2488 cm³,4 em linha,YD25ETi,Duplo no cabeçote,100 mm,89 mm,Longitudinal,Dianteiro,"13,2 kg/cv","52,2 kg/kgfm","57,9 cv/litro",144 cv,15:1,4000 rpm,2000 rpm,"14,6 kgfm/litro","36,3 kgfm",4,1780 mm,,,5230 mm,3200 mm,1850 mm,1895 kg,,80 litros,179 mm,Disco ventilado,Tambor,Hidráulica,"13,2 m","Indep., braços sobrepostos",Feixe de molas semielípticas,Eixo rígido,,,,,,,,,,,Corrente,,255/70 R16,,,,,1015 kg,,32 graus,24 graus,220 mm,,,,,,,,,,,,1012 litros,1040 km,800 km,13 km/l,10 km/l,,,39 graus,,,,,,,,,,,,,,,,,,,,,,,
nissan,Frontier,frontier,frontier-xe-2-5-turbo-4x4-2010,frontier-xe-2-5-turbo-4x4-2010,https://www.fichacompleta.com.br/carros/nissan/frontier-xe-2-5-turbo-4x4-2010,2026-06-15T15:40:15.734562,Nissan Frontier XE 2.5 Turbo 4x4 2010,14 s,155 km/h,Embreagem monodisco a seco,Manual,,6,Integral temporária,Injeção direta,Turbocompressor,2488 cm³,4 em linha,YD25ETi,Duplo no cabeçote,100 mm,89 mm,Longitudinal,Dianteiro,"13,8 kg/cv","54,5 kg/kgfm","57,9 cv/litro",144 cv,15:1,4000 rpm,2000 rpm,"14,6 kgfm/litro","36,3 kgfm",4,1780 mm,,,5230 mm,3200 mm,1850 mm,1980 kg,,80 litros,179 mm,Disco ventilado,Tambor,Hidráulica,"13,2 m","Indep., braços sobrepostos",Feixe de molas semielípticas,Eixo rígido,,,,,,,,,,,Corrente,,255/70 R16,,,,,1030 kg,,32 graus,24 graus,220 mm,,,,,,,,,,,,1012 litros,1040 km,800 km,13 km/l,10 km/l,,,39 graus,,,,,,,,,,,,,,,,,,,,,,,
nissan,Frontier,frontier,frontier-le-2-5-turbo-4x4-2011,frontier-le-2-5-turbo-4x4-2011,https://www.fichacompleta.com.br/carros/nissan/frontier-le-2-5-turbo-4x4-2011,2026-06-15T15:40:18.463440,Nissan Frontier LE 2.5 Turbo 4x4 2011,"12,5 s",170 km/h,Embreagem monodisco a seco,Manual,,6,Integral temporária,Injeção direta,Turbocompressor,2488 cm³,4 em linha,YD25ETi,Duplo no cabeçote,100 mm,89 mm,Longitudinal,Dianteiro,"11,5 kg/cv","48,2 kg/kgfm","69,1 cv/litro",172 cv,15:1,4000 rpm,2000 rpm,"16,5 kgfm/litro","41,1 kgfm",4,1780 mm,,,5230 mm,3200 mm,1850 mm,1980 kg,,80 litros,179 mm,Disco ventilado,Tambor,Hidráulica,"13,2 m","Indep., braços sobrepostos",Feixe de molas semielípticas,Eixo rígido,,,,,,,,,,,Corrente,,255/70 R16,,,,,1030 kg,,32 graus,24 graus,220 mm,,,,,,,,,,,,1012 litros,1040 km,800 km,13 km/l,10 km/l,,,39 graus,,,,,,,,,,,,,,,,,,,,,,,
nissan,Frontier,frontier,frontier-le-2-5-turbo-4x4-at-2011,frontier-le-2-5-turbo-4x4-at-2011,https://www.fichacompleta.com.br/carros/nissan/frontier-le-2-5-turbo-4x4-at-2011,2026-06-15T15:40:23.241490,Nissan Frontier LE 2.5 Turbo 4x4 AT 2011,13 s,165 km/h,Conversor de torque,Automático,,5,Integral temporária,Injeção direta,Turbocompressor,2488 cm³,4 em linha,YD25ETi,Duplo no cabeçote,100 mm,89 mm,Longitudinal,Dianteiro,"11,8 kg/cv","49,3 kg/kgfm","69,1 cv/litro",172 cv,15:1,4000 rpm,2000 rpm,"16,5 kgfm/litro","41,1 kgfm",4,1780 mm,,,5230 mm,3200 mm,1850 mm,2025 kg,,80 litros,179 mm,Disco ventilado,Tambor,Hidráulica,"13,2 m","Indep., braços sobrepostos",Feixe de molas semielípticas,Eixo rígido,,,,,,,,,,,Corrente,,255/70 R16,,,,,1005 kg,,32 graus,24 graus,220 mm,,,,,,,,,,,,1012 litros,1040 km,720 km,13 km/l,9 km/l,,,39 graus,,,,,,,,,,,,,,,,,,,,,,,
nissan,Frontier,frontier,frontier-se-2-5-turbo-4x2-2011,frontier-se-2-5-turbo-4x2-2011,https://www.fichacompleta.com.br/carros/nissan/frontier-se-2-5-turbo-4x2-2011,2026-06-15T15:40:26.094590,Nissan Frontier SE 2.5 Turbo 4x2 2011,14 s,155 km/h,Embreagem monodisco a seco,Manual,,,Traseira,Injeção direta,Turbocompressor,2488 cm³,4 em linha,YO25ETi,"Duplo no cabeçote, corrente",100 mm,89 mm,Longitudinal,Dianteiro,"13,2 kg/cv","52,2 kg/kgfm","57,9 cv/litro",144 cv a 4000 rpm,15:1,,,"14,6 kgfm/litro","36,3 kgfm a 2000 rpm",4,1780 mm,,,5230 mm,3200 mm,1850 mm,1895 kg,1012 litros,80 litros,179 mm,Disco ventilado,Tambor,Hidráulica,,"Independente, braços sobrepostos",Feixe de molas semielípticas,Eixo rígido,,,,,6,,,"13,2 m",,,,,255/70 R16,,,,,1015 kg,,32 graus,24 graus,220 mm,,,,,,,,,,,,,1040 km,800 km,13 km/l,10 km/l,,,39 graus,,,,,,,,,,,,,,,,,,,,,,,
nissan,Frontier,frontier,frontier-se-2-5-turbo-4x4-2011,frontier-se-2-5-turbo-4x4-2011,https://www.fichacompleta.com.br/carros/nissan/frontier-se-2-5-turbo-4x4-2011,2026-06-15T15:40:30.196087,Nissan Frontier SE 2.5 Turbo 4x4 2011,14 s,155 km/h,Embreagem monodisco a seco,Manual,,,Integral temporária,Injeção direta,Turbocompressor,2488 cm³,4 em linha,YO25ETi,"Duplo no cabeçote, corrente",100 mm,89 mm,Longitudinal,Dianteiro,"13,8 kg/cv","54,5 kg/kgfm","57,9 cv/litro",144 cv a 4000 rpm,15:1,,,"14,6 kgfm/litro","36,3 kgfm a 2000 rpm",4,1780 mm,,,5230 mm,3200 mm,1850 mm,1980 kg,1012 litros,80 litros,179 mm,Disco ventilado,Tambor,Hidráulica,,"Independente, braços sobrepostos",Feixe de molas semielípticas,Eixo rígido,,,,,6,,,"13,2 m",,,,,255/70 R16,,,,,1030 kg,,32 graus,24 graus,220 mm,,,,,,,,,,,,,1040 km,800 km,13 km/l,10 km/l,,,39 graus,,,,,,,,,,,,,,,,,,,,,,,
nissan,Frontier,frontier,frontier-xe-2-5-turbo-4x2-2011,frontier-xe-2-5-turbo-4x2-2011,https://www.fichacompleta.com.br/carros/nissan/frontier-xe-2-5-turbo-4x2-2011,2026-06-15T15:40:34.041003,Nissan Frontier XE 2.5 Turbo 4x2 2011,14 s,155 km/h,Embreagem monodisco a seco,Manual,,6,Traseira,Injeção direta,Turbocompressor,2488 cm³,4 em linha,YD25ETi,Duplo no cabeçote,100 mm,89 mm,Longitudinal,Dianteiro,"13,2 kg/cv","52,2 kg/kgfm","57,9 cv/litro",144 cv,15:1,4000 rpm,2000 rpm,"14,6 kgfm/litro","36,3 kgfm",4,1780 mm,,,5230 mm,3200 mm,1850 mm,1895 kg,,80 litros,179 mm,Disco ventilado,Tambor,Hidráulica,"13,2 m","Indep., braços sobrepostos",Feixe de molas semielípticas,Eixo rígido,,,,,,,,,,,Corrente,,255/70 R16,,,,,1015 kg,,32 graus,24 graus,220 mm,,,,,,,,,,,,1012 litros,1040 km,800 km,13 km/l,10 km/l,,,39 graus,,,,,,,,,,,,,,,,,,,,,,,
nissan,Frontier,frontier,frontier-xe-2-5-turbo-4x4-2011,frontier-xe-2-5-turbo-4x4-2011,https://www.fichacompleta.com.br/carros/nissan/frontier-xe-2-5-turbo-4x4-2011,2026-06-15T15:40:37.475720,Nissan Frontier XE 2.5 Turbo 4x4 2011,14 s,155 km/h,Embreagem monodisco a seco,Manual,,6,Integral temporária,Injeção direta,Turbocompressor,2488 cm³,4 em linha,YD25ETi,Duplo no cabeçote,100 mm,89 mm,Longitudinal,Dianteiro,"13,8 kg/cv","54,5 kg/kgfm","57,9 cv/litro",144 cv,15:1,4000 rpm,2000 rpm,"14,6 kgfm/litro","36,3 kgfm",4,1780 mm,,,5230 mm,3200 mm,1850 mm,1980 kg,,80 litros,179 mm,Disco ventilado,Tambor,Hidráulica,"13,2 m","Indep., braços sobrepostos",Feixe de molas semielípticas,Eixo rígido,,,,,,,,,,,Corrente,,255/70 R16,,,,,1030 kg,,32 graus,24 graus,220 mm,,,,,,,,,,,,1012 litros,1040 km,800 km,13 km/l,10 km/l,,,39 graus,,,,,,,,,,,,,,,,,,,,,,,
nissan,Frontier,frontier,frontier-le-2-5-turbo-4x4-2012,frontier-le-2-5-turbo-4x4-2012,https://www.fichacompleta.com.br/carros/nissan/frontier-le-2-5-turbo-4x4-2012,2026-06-15T15:40:40.790257,Nissan Frontier LE 2.5 Turbo 4x4 2012,"12,5 s",171 km/h,Embreagem monodisco a seco,Manual,,,Integral temporária,Injeção direta,Turbocompressor,2488 cm³,4 em linha,YO25ETi,"Duplo no cabeçote, corrente",100 mm,89 mm,Longitudinal,Dianteiro,"11,5 kg/cv","48,2 kg/kgfm","69,1 cv/litro",172 cv a 4000 rpm,15:1,,,"16,5 kgfm/litro","41,1 kgfm a 2000 rpm",4,1780 mm,,,5230 mm,3200 mm,1850 mm,1980 kg,1012 litros,80 litros,179 mm,Disco ventilado,Tambor,Hidráulica,,"Independente, braços sobrepostos",Feixe de molas semielípticas,Eixo rígido,,,,,6,,,"13,2 m",,,,,255/70 R16,,,,,1030 kg,,32 graus,24 graus,220 mm,,,,,,,,,,,,,1040 km,800 km,13 km/l,10 km/l,,,39 graus,,,,,,,,,,,,,,,,,,,,,,,
nissan,Frontier,frontier,frontier-le-2-5-turbo-4x4-at-2012,frontier-le-2-5-turbo-4x4-at-2012,https://www.fichacompleta.com.br/carros/nissan/frontier-le-2-5-turbo-4x4-at-2012,2026-06-15T15:40:44.763667,Nissan Frontier LE 2.5 Turbo 4x4 AT 2012,13 s,165 km/h,Conversor de torque,Automático,,5,Integral temporária,Injeção direta,Turbocompressor,2488 cm³,4 em linha,YD25ETi,Duplo no cabeçote,100 mm,89 mm,Longitudinal,Dianteiro,"11,8 kg/cv","49,3 kg/kgfm","69,1 cv/litro",172 cv,15:1,4000 rpm,2000 rpm,"16,5 kgfm/litro","41,1 kgfm",4,1780 mm,,,5230 mm,3200 mm,1850 mm,2025 kg,,80 litros,179 mm,Disco ventilado,Tambor,Hidráulica,"13,2 m","Indep., braços sobrepostos",Feixe de molas semielípticas,Eixo rígido,,,,,,,,,,,Corrente,,255/70 R16,,,,,1005 kg,,32 graus,24 graus,220 mm,,,,,,,,,,,,1012 litros,1040 km,720 km,13 km/l,9 km/l,,,39 graus,,,,,,,,,,,,,,,,,,,,,,,
nissan,Frontier,frontier,frontier-le-attack-2-5-turbo-4x4-at-2012,frontier-le-attack-2-5-turbo-4x4-at-2012,https://www.fichacompleta.com.br/carros/nissan/frontier-le-attack-2-5-turbo-4x4-at-2012,2026-06-15T15:40:48.449321,Nissan Frontier LE Attack 2.5 Turbo 4x4 AT 2012,13 s,165 km/h,Conversor de torque,Automático,,5,Integral temporária,Injeção direta,Turbocompressor,2488 cm³,4 em linha,YD25ETi,Duplo no cabeçote,100 mm,89 mm,Longitudinal,Dianteiro,"11,8 kg/cv","49,3 kg/kgfm","69,1 cv/litro",172 cv,15:1,,,"16,5 kgfm/litro","41,1 kgfm",4,1780 mm,,,5230 mm,3200 mm,1850 mm,2025 kg,1012 litros,80 litros,179 mm,Disco ventilado,Tambor,Hidráulica,"13,2 m","Indep., braços sobrepostos",Feixe de molas semielípticas,Eixo rígido,,,,,5,4000 rpm,2000 rpm,"13,2 m",,,Corrente,,255/70 R16,,,,,1005 kg,,32 graus,24 graus,220 mm,,,,,,,,,,,,1012 litros,1040 km,720 km,13 km/l,9 km/l,,,39 graus,,,,,,,,,,,,,,,,,,,,,,,
nissan,Frontier,frontier,frontier-se-2-5-turbo-4x2-2012,frontier-se-2-5-turbo-4x2-2012,https://www.fichacompleta.com.br/carros/nissan/frontier-se-2-5-turbo-4x2-2012,2026-06-15T15:40:51.908666,Nissan Frontier SE 2.5 Turbo 4x2 2012,14 s,155 km/h,Embreagem monodisco a seco,Manual,,,Traseira,Injeção direta,Turbocompressor,2488 cm³,4 em linha,YO25ETi,"Duplo no cabeçote, corrente",,,Longitudinal,Dianteiro,"13,2 kg/cv","52,2 kg/kgfm","57,9 cv/litro",144 cv a 4000 rpm,15:1,,,"14,6 kgfm/litro","36,3 kgfm a 2000 rpm",4,1780 mm,,,5230 mm,3200 mm,1850 mm,1895 kg,1012 litros,80 litros,179 mm,Disco ventilado,Tambor,Hidráulica,,"Independente, braços sobrepostos",Feixe de molas semielípticas,Eixo rígido,,,,,6,,,"13,2 m",100 mm,89 mm,,,255/70 R16,,,,,1015 kg,,32 graus,24 graus,220 mm,,,,,,,,,,,,,1040 km,800 km,13 km/l,10 km/l,,,39 graus,,,,,,,,,,,,,,,,,,,,,,,
nissan,Frontier,frontier,frontier-se-2-5-turbo-4x4-2012,frontier-se-2-5-turbo-4x4-2012,https://www.fichacompleta.com.br/carros/nissan/frontier-se-2-5-turbo-4x4-2012,2026-06-15T15:40:56.450200,Nissan Frontier SE 2.5 Turbo 4x4 2012,14 s,155 km/h,Embreagem monodisco a seco,Manual,,6,Integral temporária,Injeção direta,Turbocompressor,2488 cm³,4 em linha,YD25ETi,Duplo no cabeçote,100 mm,89 mm,Longitudinal,Dianteiro,"13,8 kg/cv","54,5 kg/kgfm","57,9 cv/litro",144 cv,15:1,4000 rpm,2000 rpm,"14,6 kgfm/litro","36,3 kgfm",4,1780 mm,,,5230 mm,3200 mm,1850 mm,1980 kg,,80 litros,179 mm,Disco ventilado,Tambor,Hidráulica,"13,2 m","Indep., braços sobrepostos",Feixe de molas semielípticas,Eixo rígido,,,,,,,,,,,Corrente,,255/70 R16,,,,,1030 kg,,32 graus,24 graus,220 mm,,,,,,,,,,,,1012 litros,1040 km,800 km,13 km/l,10 km/l,,,39 graus,,,,,,,,,,,,,,,,,,,,,,,
nissan,Frontier,frontier,frontier-se-attack-2-5-turbo-4x2-2012,frontier-se-attack-2-5-turbo-4x2-2012,https://www.fichacompleta.com.br/carros/nissan/frontier-se-attack-2-5-turbo-4x2-2012,2026-06-15T15:40:59.649611,Nissan Frontier SE Attack 2.5 Turbo 4x2 2012,14 s,155 km/h,Embreagem monodisco a seco,Manual,,6,Traseira,Injeção direta,Turbocompressor,2488 cm³,4 em linha,YD25ETi,Duplo no cabeçote,100 mm,89 mm,Longitudinal,Dianteiro,"13,2 kg/cv","52,2 kg/kgfm","57,9 cv/litro",144 cv,15:1,,,"14,6 kgfm/litro","36,3 kgfm",4,1780 mm,,,5230 mm,3200 mm,1850 mm,1895 kg,1012 litros,80 litros,179 mm,Disco ventilado,Tambor,Hidráulica,"13,2 m","Indep., braços sobrepostos",Feixe de molas semielípticas,Eixo rígido,,,,,6,4000 rpm,2000 rpm,"13,2 m",,,Corrente,,255/70 R16,,,,,1015 kg,,32 graus,24 graus,220 mm,,,,,,,,,,,,1012 litros,1120 km,800 km,14 km/l,10 km/l,,,39 graus,,,,,,,,,,,,,,,,,,,,,,,
nissan,Frontier,frontier,frontier-se-attack-2-5-turbo-4x4-2012,frontier-se-attack-2-5-turbo-4x4-2012,https://www.fichacompleta.com.br/carros/nissan/frontier-se-attack-2-5-turbo-4x4-2012,2026-06-15T15:41:03.901584,Nissan Frontier SE Attack 2.5 Turbo 4x4 2012,11 s,180 km/h,Embreagem monodisco a seco,Manual,,,Integral temporária,Injeção direta,Turbocompressor,2488 cm³,4 em linha,YO25ETi,"Duplo no cabeçote, corrente",100 mm,89 mm,Longitudinal,Dianteiro,"10,5 kg/cv","43,7 kg/kgfm","76,4 cv/litro",190 cv a 3600 rpm,15:1,,,"18,4 kgfm/litro","45,8 kgfm a 2000 rpm",4,1780 mm,1571 mm,1571 mm,5230 mm,3200 mm,1850 mm,2000 kg,1012 litros,80 litros,179 mm,Disco ventilado,Tambor,Hidráulica,,"Independente, braços sobrepostos",Feixe de molas semielípticas,Eixo rígido,,,,,6,,,"13,2 m",,,,,255/70 R16,,,,,1030 kg,,32 graus,24 graus,220 mm,,,,,,,,,,,,,1000 km,840 km,"12,5 km/l","10,5 km/l",,,39 graus,,,,,,,,,,,,,,,,,,,,,,,
nissan,Frontier,frontier,frontier-xe-2-5-turbo-4x2-2012,frontier-xe-2-5-turbo-4x2-2012,https://www.fichacompleta.com.br/carros/nissan/frontier-xe-2-5-turbo-4x2-2012,2026-06-15T15:41:29.170844,Nissan Frontier XE 2.5 Turbo 4x2 2012,14 s,155 km/h,Embreagem monodisco a seco,Manual,,6,Traseira,Injeção direta,Turbocompressor,2488 cm³,4 em linha,YD25ETi,Duplo no cabeçote,100 mm,89 mm,Longitudinal,Dianteiro,"13,2 kg/cv","52,2 kg/kgfm","57,9 cv/litro",144 cv,15:1,4000 rpm,2000 rpm,"14,6 kgfm/litro","36,3 kgfm",4,1780 mm,,,5230 mm,3200 mm,1850 mm,1895 kg,,80 litros,179 mm,Disco ventilado,Tambor,Hidráulica,"13,2 m","Indep., braços sobrepostos",Feixe de molas semielípticas,Eixo rígido,,,,,,,,,,,Corrente,,255/70 R16,,,,,1015 kg,,32 graus,24 graus,220 mm,,,,,,,,,,,,1012 litros,1040 km,800 km,13 km/l,10 km/l,,,39 graus,,,,,,,,,,,,,,,,,,,,,,,
nissan,Frontier,frontier,frontier-xe-2-5-turbo-4x4-2012,frontier-xe-2-5-turbo-4x4-2012,https://www.fichacompleta.com.br/carros/nissan/frontier-xe-2-5-turbo-4x4-2012,2026-06-15T15:41:33.778385,Nissan Frontier XE 2.5 Turbo 4x4 2012,14 s,155 km/h,Embreagem monodisco a seco,Manual,,6,Integral temporária,Injeção direta,Turbocompressor,2488 cm³,4 em linha,YD25ETi,Duplo no cabeçote,100 mm,89 mm,Longitudinal,Dianteiro,"13,8 kg/cv","54,5 kg/kgfm","57,9 cv/litro",144 cv,15:1,4000 rpm,2000 rpm,"14,6 kgfm/litro","36,3 kgfm",4,1780 mm,,,5230 mm,3200 mm,1850 mm,1980 kg,,80 litros,179 mm,Disco ventilado,Tambor,Hidráulica,"13,2 m","Indep., braços sobrepostos",Feixe de molas semielípticas,Eixo rígido,,,,,,,,,,,Corrente,,255/70 R16,,,,,1030 kg,,32 graus,24 graus,220 mm,,,,,,,,,,,,1012 litros,1040 km,800 km,13 km/l,10 km/l,,,39 graus,,,,,,,,,,,,,,,,,,,,,,,
nissan,Frontier,frontier,frontier-le-2-5-turbo-4x4-2013,frontier-le-2-5-turbo-4x4-2013,https://www.fichacompleta.com.br/carros/nissan/frontier-le-2-5-turbo-4x4-2013,2026-06-15T15:41:37.711106,Nissan Frontier LE 2.5 Turbo 4x4 2013,11 s,180 km/h,Embreagem monodisco a seco,Manual,,,Integral temporária,Injeção direta,Turbocompressor,2488 cm³,4 em linha,YO25ETi,"Duplo no cabeçote, corrente",100 mm,89 mm,Longitudinal,Dianteiro,"10,5 kg/cv","43,7 kg/kgfm","76,4 cv/litro",190 cv a 3600 rpm,15:1,,,"18,4 kgfm/litro","45,8 kgfm a 2000 rpm",4,1780 mm,1571 mm,1571 mm,5230 mm,3200 mm,1850 mm,2000 kg,1012 litros,80 litros,179 mm,Disco ventilado,Tambor,Hidráulica,,"Independente, braços sobrepostos",Feixe de molas semielípticas,Eixo rígido,,,,,6,,,"13,2 m",,,,,255/70 R16,,,,,1030 kg,,32 graus,24 graus,220 mm,,,,,,,,,,,,,1000 km,840 km,"12,5 km/l","10,5 km/l",,,39 graus,,,,,,,,,,,,,,,,,,,,,,,
nissan,Frontier,frontier,frontier-le-2-5-turbo-4x4-at-2013,frontier-le-2-5-turbo-4x4-at-2013,https://www.fichacompleta.com.br/carros/nissan/frontier-le-2-5-turbo-4x4-at-2013,2026-06-15T15:41:41.138344,Nissan Frontier LE 2.5 Turbo 4x4 AT 2013,11 s,170 km/h,Conversor de torque,Automático,,,Integral temporária,Injeção direta,Turbocompressor,2488 cm³,4 em linha,YO25ETi,"Duplo no cabeçote, corrente",100 mm,89 mm,Longitudinal,Dianteiro,"10,9 kg/cv","45,1 kg/kgfm","76,4 cv/litro",190 cv a 3600 rpm,15:1,,,"18,4 kgfm/litro","45,8 kgfm a 2000 rpm",4,1780 mm,1571 mm,1571 mm,5230 mm,3200 mm,1850 mm,2066 kg,1012 litros,80 litros,179 mm,Disco ventilado,Tambor,Hidráulica,,"Independente, braços sobrepostos",Feixe de molas semielípticas,Eixo rígido,,,,,5,,,"13,2 m",,,,,255/70 R16,,,,,1005 kg,,32 graus,24 graus,220 mm,,,,,,,,,,,,,1000 km,840 km,"12,5 km/l","10,5 km/l",,,39 graus,,,,,,,,,,,,,,,,,,,,,,,
nissan,Frontier,frontier,frontier-le-attack-2-5-turbo-4x4-at-2013,frontier-le-attack-2-5-turbo-4x4-at-2013,https://www.fichacompleta.com.br/carros/nissan/frontier-le-attack-2-5-turbo-4x4-at-2013,2026-06-15T15:41:43.809857,Nissan Frontier LE Attack 2.5 Turbo 4x4 AT 2013,11 s,170 km/h,Conversor de torque,Automático,,5,Integral temporária,Injeção direta,Turbocompressor,2488 cm³,4 em linha,YD25ETi,Duplo no cabeçote,100 mm,89 mm,Longitudinal,Dianteiro,"10,9 kg/cv","45,1 kg/kgfm","76,4 cv/litro",190 cv,15:1,,,"18,4 kgfm/litro","45,8 kgfm",4,1780 mm,1571 mm,1571 mm,5230 mm,3200 mm,1850 mm,2066 kg,1012 litros,80 litros,179 mm,Disco ventilado,Tambor,Hidráulica,"13,2 m","Indep., braços sobrepostos",Feixe de molas semielípticas,Eixo rígido,,,,,5,3600 rpm,2000 rpm,"13,2 m",,,Corrente,,255/70 R16,,,,,1005 kg,,32 graus,24 graus,220 mm,,,,,,,,,,,,1012 litros,1000 km,840 km,"12,5 km/l","10,5 km/l",,,39 graus,,,,,,,,,,,,,,,,,,,,,,,
nissan,Frontier,frontier,frontier-se-attack-2-5-turbo-4x2-2013,frontier-se-attack-2-5-turbo-4x2-2013,https://www.fichacompleta.com.br/carros/nissan/frontier-se-attack-2-5-turbo-4x2-2013,2026-06-15T15:41:47.434099,Nissan Frontier SE Attack 2.5 Turbo 4x2 2013,12 s,160 km/h,Embreagem monodisco a seco,Manual,,,Traseira,Injeção direta,Turbocompressor,2488 cm³,4 em linha,YO25ETi,"Duplo no cabeçote, corrente",100 mm,89 mm,Longitudinal,Dianteiro,"12,0 kg/cv","47,7 kg/kgfm","65,5 cv/litro",163 cv a 3600 rpm,15:1,,,"16,5 kgfm/litro","41,1 kgfm a 2000 rpm",4,1780 mm,1571 mm,1571 mm,5230 mm,3200 mm,1850 mm,1960 kg,1012 litros,80 litros,179 mm,Disco ventilado,Tambor,Hidráulica,,"Independente, braços sobrepostos",Feixe de molas semielípticas,Eixo rígido,,,,,6,,,"13,2 m",,,,,255/70 R16,,,,,1030 kg,,32 graus,24 graus,220 mm,,,,,,,,,,,,,1000 km,840 km,"12,5 km/l","10,5 km/l",,,39 graus,,,,,,,,,,,,,,,,,,,,,,,
nissan,Frontier,frontier,frontier-se-attack-2-5-turbo-4x4-2013,frontier-se-attack-2-5-turbo-4x4-2013,https://www.fichacompleta.com.br/carros/nissan/frontier-se-attack-2-5-turbo-4x4-2013,2026-06-15T15:41:51.518501,Nissan Frontier SE Attack 2.5 Turbo 4x4 2013,11 s,180 km/h,Embreagem monodisco a seco,Manual,,6,Integral temporária,Injeção direta,Turbocompressor,2488 cm³,4 em linha,YD25ETi,Duplo no cabeçote,100 mm,89 mm,Longitudinal,Dianteiro,"10,5 kg/cv","43,7 kg/kgfm","76,4 cv/litro",190 cv,15:1,3600 rpm,2000 rpm,"18,4 kgfm/litro","45,8 kgfm",4,1780 mm,1571 mm,1571 mm,5230 mm,3200 mm,1850 mm,2000 kg,,80 litros,179 mm,Disco ventilado,Tambor,Hidráulica,"13,2 m","Indep., braços sobrepostos",Feixe de molas semielípticas,Eixo rígido,,,,,,,,,,,Corrente,,255/70 R16,,,,,1030 kg,,32 graus,24 graus,220 mm,,,,,,,,,,,,1012 litros,1000 km,840 km,"12,5 km/l","10,5 km/l",,,39 graus,,,,,,,,,,,,,,,,,,,,,,,
nissan,Frontier,frontier,frontier-sl-2-5-turbo-4x4-at-2013,frontier-sl-2-5-turbo-4x4-at-2013,https://www.fichacompleta.com.br/carros/nissan/frontier-sl-2-5-turbo-4x4-at-2013,2026-06-15T15:41:55.997556,Nissan Frontier SL 2.5 Turbo 4x4 AT 2013,11 s,170 km/h,Conversor de torque,Automático,,5,Integral temporária,Injeção direta,Turbocompressor,2488 cm³,4 em linha,YD25ETi,Duplo no cabeçote,100 mm,89 mm,Longitudinal,Dianteiro,"10,9 kg/cv","45,1 kg/kgfm","76,4 cv/litro",190 cv,15:1,,,"18,4 kgfm/litro","45,8 kgfm",4,1780 mm,1571 mm,1571 mm,5230 mm,3200 mm,1850 mm,2066 kg,1012 litros,80 litros,153 mm,Disco ventilado,Tambor,Hidráulica,"13,2 m","Indep., braços sobrepostos",Feixe de molas semielípticas,Eixo rígido,,,,,5,3600 rpm,2000 rpm,"13,2 m",,,Corrente,,255/60 R18,,,,,1000 kg,,32 graus,24 graus,220 mm,,,,,,,,,,,,1012 litros,1000 km,840 km,"12,5 km/l","10,5 km/l",,,39 graus,,,,,,,,,,,,,,,,,,,,,,,
nissan,Frontier,frontier,frontier-sv-attack-2-5-turbo-4x4-2013,frontier-sv-attack-2-5-turbo-4x4-2013,https://www.fichacompleta.com.br/carros/nissan/frontier-sv-attack-2-5-turbo-4x4-2013,2026-06-15T15:42:00.696838,Nissan Frontier SV Attack 2.5 Turbo 4x4 2013,11 s,180 km/h,Embreagem monodisco a seco,Manual,,,Integral temporária,Injeção direta,Turbocompressor,2488 cm³,4 em linha,YO25ETi,"Duplo no cabeçote, corrente",100 mm,89 mm,Longitudinal,Dianteiro,"10,5 kg/cv","43,7 kg/kgfm","76,4 cv/litro",190 cv a 3600 rpm,15:1,,,"18,4 kgfm/litro","45,8 kgfm a 2000 rpm",4,1780 mm,1571 mm,1571 mm,5230 mm,3200 mm,1850 mm,2000 kg,1012 litros,80 litros,179 mm,Disco ventilado,Tambor,Hidráulica,,"Independente, braços sobrepostos",Feixe de molas semielípticas,Eixo rígido,,,,,6,,,"13,2 m",,,,,255/70 R16,,,,,1030 kg,,32 graus,24 graus,220 mm,,,,,,,,,,,,,1000 km,840 km,"12,5 km/l","10,5 km/l",,,39 graus,,,,,,,,,,,,,,,,,,,,,,,
nissan,Frontier,frontier,frontier-xe-2-5-turbo-4x2-2013,frontier-xe-2-5-turbo-4x2-2013,https://www.fichacompleta.com.br/carros/nissan/frontier-xe-2-5-turbo-4x2-2013,2026-06-15T15:42:03.448283,Nissan Frontier XE 2.5 Turbo 4x2 2013,12 s,160 km/h,Embreagem monodisco a seco,Manual,,,Traseira,Injeção direta,Turbocompressor,2488 cm³,4 em linha,YO25ETi,"Duplo no cabeçote, corrente",100 mm,89 mm,Longitudinal,Dianteiro,"12,0 kg/cv","47,7 kg/kgfm","65,5 cv/litro",163 cv a 3600 rpm,15:1,,,"16,5 kgfm/litro","41,1 kgfm a 2000 rpm",4,1780 mm,1571 mm,1571 mm,5230 mm,3200 mm,1850 mm,1960 kg,1012 litros,80 litros,179 mm,Disco ventilado,Tambor,Hidráulica,,"Independente, braços sobrepostos",Feixe de molas semielípticas,Eixo rígido,,,,,6,,,"13,2 m",,,,,255/70 R16,,,,,1030 kg,,32 graus,24 graus,220 mm,,,,,,,,,,,,,1000 km,840 km,"12,5 km/l","10,5 km/l",,,39 graus,,,,,,,,,,,,,,,,,,,,,,,
nissan,Frontier,frontier,frontier-xe-2-5-turbo-4x4-2013,frontier-xe-2-5-turbo-4x4-2013,https://www.fichacompleta.com.br/carros/nissan/frontier-xe-2-5-turbo-4x4-2013,2026-06-15T15:42:07.604134,Nissan Frontier XE 2.5 Turbo 4x4 2013,11 s,180 km/h,Embreagem monodisco a seco,Manual,,,Integral temporária,Injeção direta,Turbocompressor,2488 cm³,4 em linha,YO25ETi,"Duplo no cabeçote, corrente",100 mm,89 mm,Longitudinal,Dianteiro,"10,5 kg/cv","43,7 kg/kgfm","76,4 cv/litro",190 cv a 3600 rpm,15:1,,,"18,4 kgfm/litro","45,8 kgfm a 2000 rpm",4,1780 mm,1571 mm,1571 mm,5230 mm,3200 mm,1850 mm,2000 kg,1012 litros,80 litros,179 mm,Disco ventilado,Tambor,Hidráulica,,"Independente, braços sobrepostos",Feixe de molas semielípticas,Eixo rígido,,,,,6,,,"13,2 m",,,,,255/70 R16,,,,,1030 kg,,32 graus,24 graus,220 mm,,,,,,,,,,,,,1000 km,840 km,"12,5 km/l","10,5 km/l",,,39 graus,,,,,,,,,,,,,,,,,,,,,,,
nissan,Frontier,frontier,frontier-platinum-2-5-4x4-at-2014,frontier-platinum-2-5-4x4-at-2014,https://www.fichacompleta.com.br/carros/nissan/frontier-platinum-2-5-4x4-at-2014,2026-06-15T15:42:12.480848,Nissan Frontier Platinum 2.5 4x4 AT 2014,11 s,170 km/h,Conversor de torque,Automático,,5,Integral temporária,Injeção direta,Turbocompressor,2488 cm³,4 em linha,YD25ETi,Duplo no cabeçote,100 mm,89 mm,Longitudinal,Dianteiro,"10,5 kg/cv","43,7 kg/kgfm","76,4 cv/litro",190 cv,15:1,,,"18,4 kgfm/litro","45,8 kgfm",4,1780 mm,1571 mm,1571 mm,5230 mm,3200 mm,1850 mm,2000 kg,1012 litros,80 litros,179 mm,Disco ventilado,Tambor,Hidráulica,"13,2 m","Indep., braços sobrepostos",Feixe de molas semielípticas,Eixo rígido,,,,,5,3600 rpm,2000 rpm,"13,2 m",,,Corrente,,255/70 R16,,,,,1030 kg,,32 graus,24 graus,220 mm,,,,,,,,,,,,1012 litros,1000 km,840 km,"12,5 km/l","10,5 km/l",,,,,,,,,,,,,,,,,,,,,,,,,,
nissan,Frontier,frontier,frontier-s-2-5-turbo-4x2-2014,frontier-s-2-5-turbo-4x2-2014,https://www.fichacompleta.com.br/carros/nissan/frontier-s-2-5-turbo-4x2-2014,2026-06-15T15:42:15.028148,Nissan Frontier S 2.5 Turbo 4x2 2014,12 s,161 km/h,Embreagem monodisco a seco,Manual,,6,Traseira,Injeção direta,Turbocompressor,2488 cm³,4 em linha,YD25ETi,Duplo no cabeçote,100 mm,89 mm,Longitudinal,Dianteiro,"12,0 kg/cv","47,7 kg/kgfm","65,5 cv/litro",163 cv,15:1,,,"16,5 kgfm/litro","41,1 kgfm",4,1780 mm,1571 mm,1571 mm,5230 mm,3200 mm,1850 mm,1960 kg,1012 litros,80 litros,179 mm,Disco ventilado,Tambor,Hidráulica,"13,2 m","Indep., braços sobrepostos",Feixe de molas semielípticas,Eixo rígido,,,,,6,3600 rpm,2000 rpm,"13,2 m",,,Corrente,,255/70 R16,,,,,1030 kg,,32 graus,24 graus,220 mm,,,,,,,,,,,,1012 litros,1000 km,840 km,"12,5 km/l","10,5 km/l",,,39 graus,,,,,,,,,,,,,,,,,,,,,,,
nissan,Frontier,frontier,frontier-s-2-5-turbo-4x4-2014,frontier-s-2-5-turbo-4x4-2014,https://www.fichacompleta.com.br/carros/nissan/frontier-s-2-5-turbo-4x4-2014,2026-06-15T15:42:18.520014,Nissan Frontier S 2.5 Turbo 4x4 2014,11 s,180 km/h,Embreagem monodisco a seco,Manual,,,Integral temporária,Injeção direta,Turbocompressor,2488 cm³,4 em linha,YO25ETi,"Duplo no cabeçote, corrente",100 mm,89 mm,Longitudinal,Dianteiro,"10,5 kg/cv","43,7 kg/kgfm","76,4 cv/litro",190 cv a 3600 rpm,15:1,,,"18,4 kgfm/litro","45,8 kgfm a 2000 rpm",4,1780 mm,1571 mm,1571 mm,5230 mm,3200 mm,1850 mm,2000 kg,1012 litros,80 litros,179 mm,Disco ventilado,Tambor,Hidráulica,,"Independente, braços sobrepostos",Feixe de molas semielípticas,Eixo rígido,,,,,6,,,"13,2 m",,,,,255/70 R16,,,,,1030 kg,,32 graus,24 graus,220 mm,,,,,,,,,,,,,1000 km,840 km,"12,5 km/l","10,5 km/l",,,39 graus,,,,,,,,,,,,,,,,,,,,,,,
nissan,Frontier,frontier,frontier-sl-2-5-turbo-4x4-at-2014,frontier-sl-2-5-turbo-4x4-at-2014,https://www.fichacompleta.com.br/carros/nissan/frontier-sl-2-5-turbo-4x4-at-2014,2026-06-15T15:42:22.016314,Nissan Frontier SL 2.5 Turbo 4x4 AT 2014,11 s,170 km/h,Conversor de torque,Automático,,5,Integral temporária,Injeção direta,Turbocompressor,2488 cm³,4 em linha,YD25ETi,Duplo no cabeçote,100 mm,89 mm,Longitudinal,Dianteiro,"10,9 kg/cv","45,1 kg/kgfm","76,4 cv/litro",190 cv,15:1,3600 rpm,2000 rpm,"18,4 kgfm/litro","45,8 kgfm",4,1780 mm,1571 mm,1571 mm,5230 mm,3200 mm,1850 mm,2066 kg,,80 litros,153 mm,Disco ventilado,Tambor,Hidráulica,"13,2 m","Indep., braços sobrepostos",Feixe de molas semielípticas,Eixo rígido,,,,,,,,,,,Corrente,,255/60 R18,,,,,1000 kg,,32 graus,24 graus,220 mm,,,,,,,,,,,,1012 litros,1000 km,840 km,"12,5 km/l","10,5 km/l",,,39 graus,,,,,,,,,,,,,,,,,,,,,,,
nissan,Frontier,frontier,frontier-sv-attack-2-5-turbo-4x2-2014,frontier-sv-attack-2-5-turbo-4x2-2014,https://www.fichacompleta.com.br/carros/nissan/frontier-sv-attack-2-5-turbo-4x2-2014,2026-06-15T15:42:26.576146,Nissan Frontier SV Attack 2.5 Turbo 4x2 2014,12 s,161 km/h,Embreagem monodisco a seco,Manual,,,Traseira,Injeção direta,Turbocompressor,2488 cm³,4 em linha,YO25ETi,"Duplo no cabeçote, corrente",100 mm,89 mm,Longitudinal,Dianteiro,"12,0 kg/cv","47,7 kg/kgfm","65,5 cv/litro",163 cv a 3600 rpm,15:1,,,"16,5 kgfm/litro","41,1 kgfm a 2000 rpm",4,1780 mm,1571 mm,1571 mm,5230 mm,3200 mm,1850 mm,1960 kg,1012 litros,80 litros,179 mm,Disco ventilado,Tambor,Hidráulica,,"Independente, braços sobrepostos",Feixe de molas semielípticas,Eixo rígido,,,,,6,,,"13,2 m",,,,,255/70 R16,,,,,1030 kg,,32 graus,24 graus,220 mm,,,,,,,,,,,,,1000 km,840 km,"12,5 km/l","10,5 km/l",,,39 graus,,,,,,,,,,,,,,,,,,,,,,,
nissan,Frontier,frontier,frontier-sv-attack-2-5-turbo-4x4-2014,frontier-sv-attack-2-5-turbo-4x4-2014,https://www.fichacompleta.com.br/carros/nissan/frontier-sv-attack-2-5-turbo-4x4-2014,2026-06-15T15:42:29.314419,Nissan Frontier SV Attack 2.5 Turbo 4x4 2014,11 s,180 km/h,Embreagem monodisco a seco,Manual,,6,Integral temporária,Injeção direta,Turbocompressor,2488 cm³,4 em linha,YD25ETi,Duplo no cabeçote,100 mm,89 mm,Longitudinal,Dianteiro,"10,5 kg/cv","43,7 kg/kgfm","76,4 cv/litro",190 cv,15:1,3600 rpm,2000 rpm,"18,4 kgfm/litro","45,8 kgfm",4,1780 mm,1571 mm,1571 mm,5230 mm,3200 mm,1850 mm,2000 kg,,80 litros,179 mm,Disco ventilado,Tambor,Hidráulica,"13,2 m","Indep., braços sobrepostos",Feixe de molas semielípticas,Eixo rígido,,,,,,,,,,,Corrente,,255/70 R16,,,,,1030 kg,,32 graus,24 graus,220 mm,,,,,,,,,,,,1012 litros,1000 km,840 km,"12,5 km/l","10,5 km/l",,,39 graus,,,,,,,,,,,,,,,,,,,,,,,
nissan,Frontier,frontier,frontier-s-2-5-turbo-4x2-2015,frontier-s-2-5-turbo-4x2-2015,https://www.fichacompleta.com.br/carros/nissan/frontier-s-2-5-turbo-4x2-2015,2026-06-15T15:42:31.991135,Nissan Frontier S 2.5 Turbo 4x2 2015,12 s,161 km/h,Embreagem monodisco a seco,Manual,,,Traseira,Injeção direta,Turbocompressor,2488 cm³,4 em linha,YO25ETi,"Duplo no cabeçote, corrente",100 mm,89 mm,Longitudinal,Dianteiro,"12,0 kg/cv","47,7 kg/kgfm","65,5 cv/litro",163 cv a 3600 rpm,15:1,,,"16,5 kgfm/litro","41,1 kgfm a 2000 rpm",4,1780 mm,1571 mm,1571 mm,5230 mm,3200 mm,1850 mm,1960 kg,1012 litros,80 litros,179 mm,Disco ventilado,Tambor,Hidráulica,,"Independente, braços sobrepostos",Feixe de molas semielípticas,Eixo rígido,,,,,6,,,"13,2 m",,,,,255/70 R16,,,,,1030 kg,,32 graus,24 graus,220 mm,,,,,,,,,,,,,1000 km,840 km,"12,5 km/l","10,5 km/l",,,39 graus,,,,,,,,,,,,,,,,,,,,,,,
nissan,Frontier,frontier,frontier-s-2-5-turbo-4x4-2015,frontier-s-2-5-turbo-4x4-2015,https://www.fichacompleta.com.br/carros/nissan/frontier-s-2-5-turbo-4x4-2015,2026-06-15T15:42:35.570275,Nissan Frontier S 2.5 Turbo 4x4 2015,11 s,180 km/h,Embreagem monodisco a seco,Manual,,,Integral temporária,Injeção direta,Turbocompressor,2488 cm³,4 em linha,YO25ETi,"Duplo no cabeçote, corrente",100 mm,89 mm,Longitudinal,Dianteiro,"10,5 kg/cv","43,7 kg/kgfm","76,4 cv/litro",190 cv a 3600 rpm,15:1,,,"18,4 kgfm/litro","45,8 kgfm a 2000 rpm",4,1780 mm,1571 mm,1571 mm,5230 mm,3200 mm,1850 mm,2000 kg,1012 litros,80 litros,179 mm,Disco ventilado,Tambor,Hidráulica,,"Independente, braços sobrepostos",Feixe de molas semielípticas,Eixo rígido,,,,,6,,,"13,2 m",,,,,255/70 R16,,,,,1030 kg,,32 graus,24 graus,220 mm,,,,,,,,,,,,,1000 km,840 km,"12,5 km/l","10,5 km/l",,,39 graus,,,,,,,,,,,,,,,,,,,,,,,
nissan,Frontier,frontier,frontier-sl-2-5-turbo-4x4-at-2015,frontier-sl-2-5-turbo-4x4-at-2015,https://www.fichacompleta.com.br/carros/nissan/frontier-sl-2-5-turbo-4x4-at-2015,2026-06-15T15:42:38.451159,Nissan Frontier SL 2.5 Turbo 4x4 AT 2015,11 s,170 km/h,Conversor de torque,Automático,,5,Integral temporária,Injeção direta,Turbocompressor,2488 cm³,4 em linha,YD25ETi,Duplo no cabeçote,100 mm,89 mm,Longitudinal,Dianteiro,"10,9 kg/cv","45,1 kg/kgfm","76,4 cv/litro",190 cv,15:1,,,"18,4 kgfm/litro","45,8 kgfm",4,1780 mm,1571 mm,1571 mm,5230 mm,3200 mm,1850 mm,2066 kg,1012 litros,80 litros,153 mm,Disco ventilado,Tambor,Hidráulica,"13,2 m","Indep., braços sobrepostos",Feixe de molas semielípticas,Eixo rígido,,,,,5,3600 rpm,2000 rpm,"13,2 m",,,Corrente,,255/60 R18,,,,,1000 kg,,32 graus,24 graus,220 mm,,,,,,,,,,,,1012 litros,1000 km,840 km,"12,5 km/l","10,5 km/l",,,39 graus,,,,,,,,,,,,,,,,,,,,,,,
nissan,Frontier,frontier,frontier-sv-attack-2-5-turbo-4x2-2015,frontier-sv-attack-2-5-turbo-4x2-2015,https://www.fichacompleta.com.br/carros/nissan/frontier-sv-attack-2-5-turbo-4x2-2015,2026-06-15T15:42:42.494680,Nissan Frontier SV Attack 2.5 Turbo 4x2 2015,12 s,161 km/h,Embreagem monodisco a seco,Manual,,,Traseira,Injeção direta,Turbocompressor,2488 cm³,4 em linha,YO25ETi,"Duplo no cabeçote, corrente",100 mm,89 mm,Longitudinal,Dianteiro,"12,0 kg/cv","47,7 kg/kgfm","65,5 cv/litro",163 cv a 3600 rpm,15:1,,,"16,5 kgfm/litro","41,1 kgfm a 2000 rpm",4,1780 mm,1571 mm,1571 mm,5230 mm,3200 mm,1850 mm,1960 kg,1012 litros,80 litros,179 mm,Disco ventilado,Tambor,Hidráulica,,"Independente, braços sobrepostos",Feixe de molas semielípticas,Eixo rígido,,,,,6,,,"13,2 m",,,,,255/70 R16,,,,,1030 kg,,32 graus,24 graus,220 mm,,,,,,,,,,,,,1000 km,840 km,"12,5 km/l","10,5 km/l",,,39 graus,,,,,,,,,,,,,,,,,,,,,,,
nissan,Frontier,frontier,frontier-sv-attack-2-5-turbo-4x4-2015,frontier-sv-attack-2-5-turbo-4x4-2015,https://www.fichacompleta.com.br/carros/nissan/frontier-sv-attack-2-5-turbo-4x4-2015,2026-06-15T15:42:45.657077,Nissan Frontier SV Attack 2.5 Turbo 4x4 2015,11 s,180 km/h,Embreagem monodisco a seco,Manual,,,Integral temporária,Injeção direta,Turbocompressor,2488 cm³,4 em linha,YO25ETi,"Duplo no cabeçote, corrente",100 mm,89 mm,Longitudinal,Dianteiro,"10,5 kg/cv","43,7 kg/kgfm","76,4 cv/litro",190 cv a 3600 rpm,15:1,,,"18,4 kgfm/litro","45,8 kgfm a 2000 rpm",4,1780 mm,1571 mm,1571 mm,5230 mm,3200 mm,1850 mm,2000 kg,1012 litros,80 litros,179 mm,Disco ventilado,Tambor,Hidráulica,,"Independente, braços sobrepostos",Feixe de molas semielípticas,Eixo rígido,,,,,6,,,"13,2 m",,,,,255/70 R16,,,,,1030 kg,,32 graus,24 graus,220 mm,,,,,,,,,,,,,1000 km,840 km,"12,5 km/l","10,5 km/l",,,39 graus,,,,,,,,,,,,,,,,,,,,,,,
nissan,Frontier,frontier,frontier-sv-attack-2-5-turbo-4x4-at-2015,frontier-sv-attack-2-5-turbo-4x4-at-2015,https://www.fichacompleta.com.br/carros/nissan/frontier-sv-attack-2-5-turbo-4x4-at-2015,2026-06-15T15:42:48.901863,Nissan Frontier SV Attack 2.5 Turbo 4x4 AT 2015,11 s,170 km/h,Conversor de torque,Automático,,5,Integral temporária,Injeção direta,Turbocompressor,2488 cm³,4 em linha,YD25ETi,Duplo no cabeçote,100 mm,89 mm,Longitudinal,Dianteiro,"10,9 kg/cv","45,1 kg/kgfm","76,4 cv/litro",190 cv,15:1,,,"18,4 kgfm/litro","45,8 kgfm",4,1780 mm,1571 mm,1571 mm,5230 mm,3200 mm,1850 mm,2066 kg,1012 litros,80 litros,179 mm,Disco ventilado,Tambor,Hidráulica,"13,2 m","Indep., braços sobrepostos",Feixe de molas semielípticas,Eixo rígido,,,,,5,3600 rpm,2000 rpm,"13,2 m",,,Corrente,,255/70 R16,,,,,1000 kg,,32 graus,24 graus,220 mm,,,,,,,,,,,,1012 litros,1000 km,840 km,"12,5 km/l","10,5 km/l",,,39 graus,,,,,,,,,,,,,,,,,,,,,,,
nissan,Frontier,frontier,frontier-s-2-5-turbo-4x4-2016,frontier-s-2-5-turbo-4x4-2016,https://www.fichacompleta.com.br/carros/nissan/frontier-s-2-5-turbo-4x4-2016,2026-06-15T15:42:52.161723,Nissan Frontier S 2.5 Turbo 4x4 2016,11 s,180 km/h,Embreagem monodisco a seco,Manual,,,Integral temporária,Injeção direta,Turbocompressor,2488 cm³,4 em linha,YO25ETi,"Duplo no cabeçote, corrente",100 mm,89 mm,Longitudinal,Dianteiro,"10,5 kg/cv","43,7 kg/kgfm","76,4 cv/litro",190 cv a 3600 rpm,15:1,,,"18,4 kgfm/litro","45,8 kgfm a 2000 rpm",4,1780 mm,1571 mm,1571 mm,5230 mm,3200 mm,1850 mm,2000 kg,1012 litros,80 litros,179 mm,Disco ventilado,Tambor,Hidráulica,,"Independente, braços sobrepostos",Feixe de molas semielípticas,Eixo rígido,,,,,6,,,"13,2 m",,,,,255/70 R16,,,,,1030 kg,,32 graus,24 graus,220 mm,,,,,,,,,,,,,1000 km,840 km,"12,5 km/l","10,5 km/l",,,39 graus,,,,,,,,,,,,,,,,,,,,,,,
nissan,Frontier,frontier,frontier-sl-2-5-turbo-4x4-at-2016,frontier-sl-2-5-turbo-4x4-at-2016,https://www.fichacompleta.com.br/carros/nissan/frontier-sl-2-5-turbo-4x4-at-2016,2026-06-15T15:42:55.354492,Nissan Frontier SL 2.5 Turbo 4x4 AT 2016,11 s,170 km/h,Conversor de torque,Automático,,,Integral temporária,Injeção direta,Turbocompressor,2488 cm³,4 em linha,YO25ETi,"Duplo no cabeçote, corrente",100 mm,89 mm,Longitudinal,Dianteiro,"10,9 kg/cv","45,1 kg/kgfm","76,4 cv/litro",190 cv a 3600 rpm,15:1,,,"18,4 kgfm/litro","45,8 kgfm a 2000 rpm",4,1780 mm,1571 mm,1571 mm,5230 mm,3200 mm,1850 mm,2066 kg,1012 litros,80 litros,153 mm,Disco ventilado,Tambor,Hidráulica,,"Independente, braços sobrepostos",Feixe de molas semielípticas,Eixo rígido,,,,,5,,,"13,2 m",,,,,255/60 R18,,,,,1000 kg,,32 graus,24 graus,220 mm,,,,,,,,,,,,,1000 km,840 km,"12,5 km/l","10,5 km/l",,,39 graus,,,,,,,,,,,,,,,,,,,,,,,
nissan,Frontier,frontier,frontier-sv-attack-2-5-turbo-4x4-2016,frontier-sv-attack-2-5-turbo-4x4-2016,https://www.fichacompleta.com.br/carros/nissan/frontier-sv-attack-2-5-turbo-4x4-2016,2026-06-15T15:43:00.065421,Nissan Frontier SV Attack 2.5 Turbo 4x4 2016,11 s,180 km/h,Embreagem monodisco a seco,Manual,,,Integral temporária,Injeção direta,Turbocompressor,2488 cm³,4 em linha,YO25ETi,"Duplo no cabeçote, corrente",100 mm,89 mm,Longitudinal,Dianteiro,"10,5 kg/cv","43,7 kg/kgfm","76,4 cv/litro",190 cv a 3600 rpm,15:1,,,"18,4 kgfm/litro","45,8 kgfm a 2000 rpm",4,1780 mm,1571 mm,1571 mm,5230 mm,3200 mm,1850 mm,2000 kg,1012 litros,80 litros,179 mm,Disco ventilado,Tambor,Hidráulica,,"Independente, braços sobrepostos",Feixe de molas semielípticas,Eixo rígido,,,,,6,,,"13,2 m",,,,,255/70 R16,,,,,1030 kg,,32 graus,24 graus,220 mm,,,,,,,,,,,,,1000 km,840 km,"12,5 km/l","10,5 km/l",,,39 graus,,,,,,,,,,,,,,,,,,,,,,,
nissan,Frontier,frontier,frontier-sv-attack-2-5-turbo-4x4-at-2016,frontier-sv-attack-2-5-turbo-4x4-at-2016,https://www.fichacompleta.com.br/carros/nissan/frontier-sv-attack-2-5-turbo-4x4-at-2016,2026-06-15T15:43:02.795105,Nissan Frontier SV Attack 2.5 Turbo 4x4 AT 2016,11 s,170 km/h,Conversor de torque,Automático,,,Integral temporária,Injeção direta,Turbocompressor,2488 cm³,4 em linha,YO25ETi,"Duplo no cabeçote, corrente",100 mm,89 mm,Longitudinal,Dianteiro,"10,9 kg/cv","45,1 kg/kgfm","76,4 cv/litro",190 cv a 3600 rpm,15:1,,,"18,4 kgfm/litro","45,8 kgfm a 2000 rpm",4,1780 mm,1571 mm,1571 mm,5230 mm,3200 mm,1850 mm,2066 kg,1012 litros,80 litros,179 mm,Disco ventilado,Tambor,Hidráulica,,"Independente, braços sobrepostos",Feixe de molas semielípticas,Eixo rígido,,,,,5,,,"13,2 m",,,,,255/70 R16,,,,,1000 kg,,32 graus,24 graus,220 mm,,,,,,,,,,,,,1000 km,840 km,"12,5 km/l","10,5 km/l",,,39 graus,,,,,,,,,,,,,,,,,,,,,,,
nissan,Frontier,frontier,frontier-le-2-3-turbo-4x4-at-2017,frontier-le-2-3-turbo-4x4-at-2017,https://www.fichacompleta.com.br/carros/nissan/frontier-le-2-3-turbo-4x4-at-2017,2026-06-15T15:43:06.815784,Nissan Frontier LE 2.3 Turbo 4x4 AT 2017,"11,3 s",180 km/h,Conversor de torque,Automático,,,Integral temporária,Injeção direta,Turbocompressor,2298 cm³,4 em linha,YS23,"Duplo no cabeçote, corrente","101,3 mm",85 mm,Longitudinal,Dianteiro,"10,4 kg/cv","43,2 kg/kgfm","82,7 cv/litro",190 cv a 3750 rpm,"15,4:1",,,"20,0 kgfm/litro","45,9 kgfm a 2500 rpm",4,1855 mm,1570 mm,1570 mm,5250 mm,3150 mm,1850 mm,1985 kg,1054 litros,80 litros,179 mm,Disco ventilado,Tambor,Hidráulica,,"Independente, braços sobrepostos",Mola helicoidal,Eixo rígido,,,,,7,,,"12,4 m",,,,,255/70 R16,,,,,1050 kg,,"31,6 graus","27,2 graus",292 mm,,,,,,,,,,,,,840 km,712 km,"10,5 km/l","8,9 km/l",,,39 graus,,"23,7 graus",,,,,,,,,,,,,,,,,,,,,
nissan,Frontier,frontier,frontier-le-2-3-turbo-4x4-at-2018,frontier-le-2-3-turbo-4x4-at-2018,https://www.fichacompleta.com.br/carros/nissan/frontier-le-2-3-turbo-4x4-at-2018,2026-06-15T15:43:10.349059,Nissan Frontier LE 2.3 Turbo 4x4 AT 2018,"11,3 s",180 km/h,Conversor de torque,Automático,,,Integral temporária,Injeção direta,Turbocompressor,2298 cm³,4 em linha,YS23,"Duplo no cabeçote, corrente","101,3 mm",85 mm,Longitudinal,Dianteiro,"10,4 kg/cv","43,2 kg/kgfm","82,7 cv/litro",190 cv a 3750 rpm,"15,4:1",,,"20,0 kgfm/litro","45,9 kgfm a 2500 rpm",4,1855 mm,1570 mm,1570 mm,5250 mm,3150 mm,1850 mm,1985 kg,1054 litros,80 litros,179 mm,Disco ventilado,Tambor,Hidráulica,,"Independente, braços sobrepostos",Mola helicoidal,Eixo rígido,,,,,7,,,"12,4 m",,,,,255/70 R16,,,,,1050 kg,,"31,6 graus","27,2 graus",292 mm,,,,,,,,,,,,,808 km,712 km,"10,1 km/l","8,9 km/l",,,39 graus,,"23,7 graus",,,,,,,,,,,,,,,,,,,,,
nissan,Frontier,frontier,frontier-se-2-3-turbo-4x4-at-2018,frontier-se-2-3-turbo-4x4-at-2018,https://www.fichacompleta.com.br/carros/nissan/frontier-se-2-3-turbo-4x4-at-2018,2026-06-15T15:43:15.054703,Nissan Frontier SE 2.3 Turbo 4x4 AT 2018,"11,3 s",180 km/h,Conversor de torque,Automático,,,Integral temporária,Injeção direta,Turbocompressor,2298 cm³,4 em linha,YS23,"Duplo no cabeçote, corrente","101,3 mm",85 mm,Longitudinal,Dianteiro,"10,4 kg/cv","43,2 kg/kgfm","82,7 cv/litro",190 cv a 3750 rpm,"15,4:1",,,"20,0 kgfm/litro","45,9 kgfm a 2500 rpm",4,1855 mm,1570 mm,1570 mm,5250 mm,3150 mm,1850 mm,1985 kg,1054 litros,80 litros,179 mm,Disco ventilado,Tambor,Hidráulica,,"Independente, braços sobrepostos",Mola helicoidal,Eixo rígido,,,,,7,,,"12,4 m",,,,,255/70 R16,,,,,1050 kg,,"31,6 graus","27,2 graus",292 mm,,,,,,,,,,,,,808 km,712 km,"10,1 km/l","8,9 km/l",,,39 graus,,"23,7 graus",,,,,,,,,,,,,,,,,,,,,
nissan,Frontier,frontier,frontier-attack-2-3-turbo-4x4-at-2019,frontier-attack-2-3-turbo-4x4-at-2019,https://www.fichacompleta.com.br/carros/nissan/frontier-attack-2-3-turbo-4x4-at-2019,2026-06-15T15:43:18.304318,Nissan Frontier Attack 2.3 Turbo 4x4 AT 2019,"11,3 s",180 km/h,Conversor de torque,Automático,,7,Integral temporária,Injeção direta,Turbocompressor,2298 cm³,4 em linha,YS23,Duplo no cabeçote,"101,3 mm",85 mm,Longitudinal,Dianteiro,"10,9 kg/cv","45,2 kg/kgfm","82,7 cv/litro",190 cv,"15,4:1",3750 rpm,1500 rpm,"20,0 kgfm/litro","45,9 kgfm",4,1826 mm,1570 mm,1570 mm,5264 mm,3150 mm,1850 mm,2075 kg,,80 litros,179 mm,Disco ventilado,Tambor,Hidráulica,12 m,"Indep., braços sobrepostos",Mola helicoidal,Eixo rígido,,,,,,,,,,,Corrente,,255/70 R16,,,,,1040 kg,,"30,3 graus","27,4 graus",230 mm,,,,,,,,,,,,1054 litros,808 km,712 km,"10,1 km/l","8,9 km/l",,,39 graus,750 kg,"23,2 graus",2885 kg,,,,,,,,,,,,,,,,,,,,
nissan,Frontier,frontier,frontier-le-2-3-turbo-4x4-at-2019,frontier-le-2-3-turbo-4x4-at-2019,https://www.fichacompleta.com.br/carros/nissan/frontier-le-2-3-turbo-4x4-at-2019,2026-06-15T15:43:20.829745,Nissan Frontier LE 2.3 Turbo 4x4 AT 2019,"11,3 s",180 km/h,Conversor de torque,Automático,,,Integral temporária,Injeção direta,Turbocompressor,2298 cm³,4 em linha,YS23,"Duplo no cabeçote, corrente","101,3 mm",85 mm,Longitudinal,Dianteiro,"11,1 kg/cv","46,1 kg/kgfm","82,7 cv/litro",190 cv a 3750 rpm,"15,4:1",,,"20,0 kgfm/litro","45,9 kgfm a 1500 rpm",4,1860 mm,1570 mm,1570 mm,5264 mm,3150 mm,1850 mm,2115 kg,1054 litros,80 litros,153 mm,Disco ventilado,Tambor,Hidráulica,,"Independente, braços sobrepostos",Mola helicoidal,Eixo rígido,,,,,7,,,12 m,,,,,255/60 R18,,,,,1000 kg,,"30,6 graus","27,7 graus",241 mm,,,,,,,,,,,,,808 km,712 km,"10,1 km/l","8,9 km/l",,,39 graus,750 kg,"23,5 graus",2885 kg,,,,,,,,,,,,,,,,,,,,
nissan,Frontier,frontier,frontier-s-2-3-turbo-4x4-2019,frontier-s-2-3-turbo-4x4-2019,https://www.fichacompleta.com.br/carros/nissan/frontier-s-2-3-turbo-4x4-2019,2026-06-15T15:43:23.535693,Nissan Frontier S 2.3 Turbo 4x4 2019,"13,5 s",180 km/h,Embreagem monodisco a seco,Manual,,,Integral temporária,Injeção direta,Turbocompressor,2298 cm³,4 em linha,YS23,"Duplo no cabeçote, corrente","101,3 mm",85 mm,Longitudinal,Dianteiro,"12,7 kg/cv","49,5 kg/kgfm","69,6 cv/litro",160 cv a 3750 rpm,"15,4:1",,,"17,8 kgfm/litro",41 kgfm a 1500 rpm,4,1826 mm,1570 mm,1570 mm,5264 mm,3150 mm,1850 mm,2030 kg,1054 litros,80 litros,179 mm,Disco ventilado,Tambor,Hidráulica,,"Independente, braços sobrepostos",Mola helicoidal,Eixo rígido,,,,,6,,,12 m,,,,,255/70 R16,,,,,1005 kg,,"30,3 graus","27,4 graus",230 mm,,,,,,,,,,,,,816 km,744 km,"10,2 km/l","9,3 km/l",,,39 graus,750 kg,"23,2 graus",2965 kg,,,,,,,,,,,,,,,,,,,,
nissan,Frontier,frontier,frontier-se-2-3-at-2019,frontier-se-2-3-at-2019,https://www.fichacompleta.com.br/carros/nissan/frontier-se-2-3-at-2019,2026-06-15T15:43:26.980865,Nissan Frontier SE 2.3 AT 2019,"11,3 s",180 km/h,Conversor de torque,Automático,,7,Integral temporária,Injeção direta,Turbocompressor,,4 em linha,YS23,Duplo no cabeçote,"101,3 mm",85 mm,Longitudinal,Dianteiro,"10,45 kg/cv","43,2 kg/kgfm","82,7 cv/litro",190 cv,"15,4:1",3750 rpm,2500 rpm,"20,0 kgfm/litro","45,9 kgfm",4,1855 mm,1570 mm,1570 mm,5250 mm,3150 mm,1850 mm,1985 kg,,80 litros,179 mm,Disco ventilado,Tambor,Hidráulica,"12,4 m","Indep., braços sobrepostos",Mola helicoidal,Eixo rígido,,,,,,,,,,,Corrente,,255/70 R16,,,,,1050 kg,4800 rpm,"31,6 graus","27,2 graus",292 mm,,,,,,,,,,575 cm³,2298 cm³,1054 litros,808 km,712 km,"10,1 km/l","8,9 km/l",,,39 graus,,"23,7 graus",,5W-30 ³,,,,,,,,,,,,,,,,,,,
nissan,Frontier,frontier,frontier-xe-2-3-turbo-4x4-at-2019,frontier-xe-2-3-turbo-4x4-at-2019,https://www.fichacompleta.com.br/carros/nissan/frontier-xe-2-3-turbo-4x4-at-2019,2026-06-15T15:43:30.772103,Nissan Frontier XE 2.3 Turbo 4x4 AT 2019,"11,3 s",180 km/h,Conversor de torque,Automático,,,Integral temporária,Injeção direta,Turbocompressor,2298 cm³,4 em linha,YS23,"Duplo no cabeçote, corrente","101,3 mm",85 mm,Longitudinal,Dianteiro,"11,0 kg/cv","45,5 kg/kgfm","82,7 cv/litro",190 cv a 3750 rpm,"15,4:1",,,"20,0 kgfm/litro","45,9 kgfm a 1500 rpm",4,1826 mm,1570 mm,1570 mm,5264 mm,3150 mm,1850 mm,2090 kg,1054 litros,80 litros,179 mm,Disco ventilado,Tambor,Hidráulica,,"Independente, braços sobrepostos",Mola helicoidal,Eixo rígido,,,,,7,,,12 m,,,,,255/70 R16,,,,,1025 kg,,"30,3 graus","27,4 graus",230 mm,,,,,,,,,,,,,808 km,712 km,"10,1 km/l","8,9 km/l",,,39 graus,750 kg,"23,2 graus",2885 kg,,,,,,,,,,,,,,,,,,,,
nissan,Frontier,frontier,frontier-attack-2-3-turbo-4x4-at-2020,frontier-attack-2-3-turbo-4x4-at-2020,https://www.fichacompleta.com.br/carros/nissan/frontier-attack-2-3-turbo-4x4-at-2020,2026-06-15T15:43:35.555780,Nissan Frontier Attack 2.3 Turbo 4x4 AT 2020,"11,3 s",180 km/h,Conversor de torque,Automático,,7,Integral temporária,Injeção direta,Turbocompressor,2298 cm³,4 em linha,YS23,Duplo no cabeçote,"101,3 mm",85 mm,Longitudinal,Dianteiro,"10,9 kg/cv","45,2 kg/kgfm","82,7 cv/litro",190 cv,"15,4:1",3750 rpm,1500 rpm,"20,0 kgfm/litro","45,9 kgfm",4,1826 mm,1570 mm,1570 mm,5264 mm,3150 mm,1850 mm,2075 kg,,80 litros,179 mm,Disco ventilado,Tambor,Hidráulica,12 m,"Indep., braços sobrepostos",Mola helicoidal,Eixo rígido,,,,,,,,,,,Corrente,,255/70 R16,,,,,1040 kg,,"30,3 graus","27,4 graus",230 mm,,,,,,,,,,,,1054 litros,840 km,736 km,"10,5 km/l","9,2 km/l",,,39 graus,750 kg,"23,2 graus",2885 kg,,,,,,,,,,,,,,,,,,,,
nissan,Frontier,frontier,frontier-le-2-3-turbo-4x4-at-2020,frontier-le-2-3-turbo-4x4-at-2020,https://www.fichacompleta.com.br/carros/nissan/frontier-le-2-3-turbo-4x4-at-2020,2026-06-15T15:43:39.769700,Nissan Frontier LE 2.3 Turbo 4x4 AT 2020,"11,3 s",180 km/h,Conversor de torque,Automático,,7,Integral temporária,Injeção direta,Turbocompressor,2298 cm³,4 em linha,YS23,Duplo no cabeçote,"101,3 mm",85 mm,Longitudinal,Dianteiro,"11,1 kg/cv","46,1 kg/kgfm","82,7 cv/litro",190 cv,"15,4:1",3750 rpm,1500 rpm,"20,0 kgfm/litro","45,9 kgfm",4,1860 mm,1570 mm,1570 mm,5264 mm,3150 mm,1850 mm,2115 kg,,80 litros,153 mm,Disco ventilado,Tambor,Hidráulica,12 m,"Indep., braços sobrepostos",Mola helicoidal,Eixo rígido,,,,,,,,,,,Corrente,,255/60 R18,,,,,1000 kg,,"30,6 graus","27,7 graus",241 mm,,,,,,,,,,,,1054 litros,840 km,736 km,"10,5 km/l","9,2 km/l",,,39 graus,750 kg,"23,5 graus",2885 kg,,,,,,,,,,,,,,,,,,,,
nissan,Frontier,frontier,frontier-s-2-3-turbo-4x4-2020,frontier-s-2-3-turbo-4x4-2020,https://www.fichacompleta.com.br/carros/nissan/frontier-s-2-3-turbo-4x4-2020,2026-06-15T15:43:44.151905,Nissan Frontier S 2.3 Turbo 4x4 2020,"13,5 s",180 km/h,Embreagem monodisco a seco,Manual,,6,Integral temporária,Injeção direta,Turbocompressor,2298 cm³,4 em linha,YS23,Duplo no cabeçote,"101,3 mm",85 mm,Longitudinal,Dianteiro,"12,7 kg/cv","49,5 kg/kgfm","69,6 cv/litro",160 cv,"15,4:1",3750 rpm,1500 rpm,"17,8 kgfm/litro",41 kgfm,4,1826 mm,1570 mm,1570 mm,5264 mm,3150 mm,1850 mm,2030 kg,,80 litros,179 mm,Disco ventilado,Tambor,Hidráulica,12 m,"Indep., braços sobrepostos",Mola helicoidal,Eixo rígido,,,,,,,,,,,Corrente,,255/70 R16,,,,,1005 kg,,"30,3 graus","27,4 graus",230 mm,,,,,,,,,,,,1054 litros,816 km,744 km,"10,2 km/l","9,3 km/l",,,39 graus,750 kg,"23,2 graus",2965 kg,,,,,,,,,,,,,,,,,,,,
nissan,Frontier,frontier,frontier-xe-2-3-turbo-4x4-at-2020,frontier-xe-2-3-turbo-4x4-at-2020,https://www.fichacompleta.com.br/carros/nissan/frontier-xe-2-3-turbo-4x4-at-2020,2026-06-15T15:43:47.776793,Nissan Frontier XE 2.3 Turbo 4x4 AT 2020,"11,3 s",180 km/h,Conversor de torque,Automático,,7,Integral temporária,Injeção direta,Turbocompressor,2298 cm³,4 em linha,YS23,Duplo no cabeçote,"101,3 mm",85 mm,Longitudinal,Dianteiro,"11,0 kg/cv","45,5 kg/kgfm","82,7 cv/litro",190 cv,"15,4:1",3750 rpm,1500 rpm,"20,0 kgfm/litro","45,9 kgfm",4,1826 mm,1570 mm,1570 mm,5264 mm,3150 mm,1850 mm,2090 kg,,80 litros,179 mm,Disco ventilado,Tambor,Hidráulica,12 m,"Indep., braços sobrepostos",Mola helicoidal,Eixo rígido,,,,,,,,,,,Corrente,,255/70 R16,,,,,1025 kg,,"30,3 graus","27,4 graus",230 mm,,,,,,,,,,,,1054 litros,840 km,736 km,"10,5 km/l","9,2 km/l",,,39 graus,750 kg,"23,2 graus",2885 kg,,,,,,,,,,,,,,,,,,,,
nissan,Frontier,frontier,frontier-attack-2-3-turbo-4x4-at-2021,frontier-attack-2-3-turbo-4x4-at-2021,https://www.fichacompleta.com.br/carros/nissan/frontier-attack-2-3-turbo-4x4-at-2021,2026-06-15T15:43:51.132897,Nissan Frontier Attack 2.3 Turbo 4x4 AT 2021,"11,3 s",180 km/h,Conversor de torque,Automático,,7,Integral temporária,Injeção direta,Turbocompressor,2298 cm³,4 em linha,YS23,Duplo no cabeçote,"101,3 mm",85 mm,Longitudinal,Dianteiro,"10,9 kg/cv","45,2 kg/kgfm","82,7 cv/litro",190 cv,"15,4:1",3750 rpm,1500 rpm,"20,0 kgfm/litro","45,9 kgfm",4,1826 mm,1570 mm,1570 mm,5264 mm,3150 mm,1850 mm,2075 kg,,80 litros,179 mm,Disco ventilado,Tambor,Hidráulica,12 m,"Indep., braços sobrepostos",Mola helicoidal,Eixo rígido,,,,,,,,,,,Corrente,,255/70 R16,,,,,1040 kg,,"30,3 graus","27,4 graus",230 mm,,,,,,,,,,,,1054 litros,840 km,736 km,"10,5 km/l","9,2 km/l",,,39 graus,750 kg,"23,2 graus",2885 kg,,,,,,,,,,,,,,,,,,,,
nissan,Frontier,frontier,frontier-le-2-3-turbo-4x4-at-2021,frontier-le-2-3-turbo-4x4-at-2021,https://www.fichacompleta.com.br/carros/nissan/frontier-le-2-3-turbo-4x4-at-2021,2026-06-15T15:43:54.999476,Nissan Frontier LE 2.3 Turbo 4x4 AT 2021,"11,3 s",180 km/h,Conversor de torque,Automático,,7,Integral temporária,Injeção direta,Turbocompressor,2298 cm³,4 em linha,YS23,Duplo no cabeçote,"101,3 mm",85 mm,Longitudinal,Dianteiro,"11,1 kg/cv","46,1 kg/kgfm","82,7 cv/litro",190 cv,"15,4:1",3750 rpm,1500 rpm,"20,0 kgfm/litro","45,9 kgfm",4,1860 mm,1570 mm,1570 mm,5264 mm,3150 mm,1850 mm,2115 kg,,80 litros,153 mm,Disco ventilado,Tambor,Hidráulica,12 m,"Indep., braços sobrepostos",Mola helicoidal,Eixo rígido,,,,,,,,,,,Corrente,,255/60 R18,,,,,1000 kg,,"30,6 graus","27,7 graus",241 mm,,,,,,,,,,,,1054 litros,840 km,736 km,"10,5 km/l","9,2 km/l",,,39 graus,750 kg,"23,5 graus",2885 kg,,,,,,,,,,,,,,,,,,,,
nissan,Frontier,frontier,frontier-s-2-3-turbo-4x4-2021,frontier-s-2-3-turbo-4x4-2021,https://www.fichacompleta.com.br/carros/nissan/frontier-s-2-3-turbo-4x4-2021,2026-06-15T15:43:59.753436,Nissan Frontier S 2.3 Turbo 4x4 2021,"13,5 s",180 km/h,,Manual,,,Integral temporária,Injeção direta,Turbocompressor,2298 cm³,4 em linha,YS23,"Duplo no cabeçote, corrente",,,Longitudinal,Dianteiro,"12,7 kg/cv","49,5 kg/kgfm","69,6 cv/litro",160 cv a 3750 rpm,"15,4:1",,,"17,8 kgfm/litro",41 kgfm a 1500 rpm,4,1826 mm,1570 mm,1570 mm,5264 mm,3150 mm,1850 mm,2030 kg,1054 litros,80 litros,179 mm,Disco ventilado,Tambor,Hidráulica,,"Independente, braços sobrepostos",Mola helicoidal,Eixo rígido,,,,,6,,,12 m,"101,3 mm",85 mm,,,,,,,,1005 kg,,"30,3 graus","27,4 graus",,,,,,,,,,,,,,816 km,744 km,"10,2 km/l","9,3 km/l",,,,750 kg,,2965 kg,,,,,,,,,,,,,,,,,,,,
nissan,Frontier,frontier,frontier-xe-2-3-turbo-4x4-at-2021,frontier-xe-2-3-turbo-4x4-at-2021,https://www.fichacompleta.com.br/carros/nissan/frontier-xe-2-3-turbo-4x4-at-2021,2026-06-15T15:44:03.203224,Nissan Frontier XE 2.3 Turbo 4x4 AT 2021,"11,3 s",180 km/h,Conversor de torque,Automático,,7,Integral temporária,Injeção direta,Turbocompressor,2298 cm³,4 em linha,YS23,Duplo no cabeçote,"101,3 mm",85 mm,Longitudinal,Dianteiro,"11,0 kg/cv","45,5 kg/kgfm","82,7 cv/litro",190 cv,"15,4:1",3750 rpm,1500 rpm,"20,0 kgfm/litro","45,9 kgfm",4,1826 mm,1570 mm,1570 mm,5264 mm,3150 mm,1850 mm,2090 kg,,80 litros,179 mm,Disco ventilado,Tambor,Hidráulica,12 m,"Indep., braços sobrepostos",Mola helicoidal,Eixo rígido,,,,,,,,,,,Corrente,,255/70 R16,,,,,1025 kg,,"30,3 graus","27,4 graus",230 mm,,,,,,,,,,,,1054 litros,840 km,736 km,"10,5 km/l","9,2 km/l",,,39 graus,750 kg,"23,2 graus",2885 kg,,,,,,,,,,,,,,,,,,,,
nissan,Frontier,frontier,frontier-attack-2-3-turbo-4x4-at-2022,frontier-attack-2-3-turbo-4x4-at-2022,https://www.fichacompleta.com.br/carros/nissan/frontier-attack-2-3-turbo-4x4-at-2022,2026-06-15T15:44:07.178941,Nissan Frontier Attack 2.3 Turbo 4x4 AT 2022,"11,3 s",180 km/h,Conversor de torque,Automático,,7,Integral temporária,Injeção direta,Turbocompressor,2298 cm³,4 em linha,YS23,Duplo no cabeçote,"101,3 mm",85 mm,Longitudinal,Dianteiro,"10,9 kg/cv","45,2 kg/kgfm","82,7 cv/litro",,"15,4:1",,,"20,0 kgfm/litro",,4,1826 mm,1570 mm,1570 mm,5264 mm,3150 mm,1850 mm,2075 kg,,80 litros,179 mm,Disco ventilado,Tambor,Hidráulica,12 m,"Indep., braços sobrepostos",Mola helicoidal,Eixo rígido,,,,,,3750 rpm,1500 rpm,,,,Corrente,,255/70 R16,,,,,1040 kg,,"30,3 graus","27,4 graus",230 mm,,,190 cv,,"45,9 kgfm",,,,,,,1054 litros,840 km,736 km,"10,5 km/l","9,2 km/l",,,39 graus,750 kg,"23,2 graus",2885 kg,,,,,,,,,,,,,,,,,,,,
nissan,Frontier,frontier,frontier-le-2-3-turbo-4x4-at-2022,frontier-le-2-3-turbo-4x4-at-2022,https://www.fichacompleta.com.br/carros/nissan/frontier-le-2-3-turbo-4x4-at-2022,2026-06-15T15:44:09.818516,Nissan Frontier LE 2.3 Turbo 4x4 AT 2022,"11,3 s",180 km/h,Conversor de torque,Automático,,7,Integral temporária,Injeção direta,Turbocompressor,2298 cm³,4 em linha,YS23,Duplo no cabeçote,"101,3 mm",85 mm,Longitudinal,Dianteiro,"11,1 kg/cv","46,1 kg/kgfm","82,7 cv/litro",,"15,4:1",,,"20,0 kgfm/litro",,4,1860 mm,1570 mm,1570 mm,5264 mm,3150 mm,1850 mm,2115 kg,,80 litros,153 mm,Disco ventilado,Tambor,Hidráulica,12 m,"Indep., braços sobrepostos",Mola helicoidal,Eixo rígido,,,,,,3750 rpm,1500 rpm,,,,Corrente,,255/60 R18,,,,,1000 kg,,"30,6 graus","27,7 graus",241 mm,,,190 cv,,"45,9 kgfm",,,,,,,1054 litros,840 km,736 km,"10,5 km/l","9,2 km/l",,,39 graus,750 kg,"23,5 graus",2885 kg,,,,,,,,,,,,,,,,,,,,
nissan,Frontier,frontier,frontier-s-2-3-turbo-4x4-2022,frontier-s-2-3-turbo-4x4-2022,https://www.fichacompleta.com.br/carros/nissan/frontier-s-2-3-turbo-4x4-2022,2026-06-15T15:44:14.404299,Nissan Frontier S 2.3 Turbo 4x4 2022,"13,5 s",180 km/h,Embreagem monodisco a seco,Manual,,6,Integral temporária,Injeção direta,Turbocompressor,2298 cm³,4 em linha,YS23,Duplo no cabeçote,"101,3 mm",85 mm,Longitudinal,Dianteiro,"12,7 kg/cv","49,5 kg/kgfm","69,6 cv/litro",,"15,4:1",,,"17,8 kgfm/litro",,4,1826 mm,1570 mm,1570 mm,5264 mm,3150 mm,1850 mm,2030 kg,,80 litros,179 mm,Disco ventilado,Tambor,Hidráulica,12 m,"Indep., braços sobrepostos",Mola helicoidal,Eixo rígido,,,,,,3750 rpm,1500 rpm,,,,Corrente,,255/70 R16,,,,,1005 kg,,"30,3 graus","27,4 graus",230 mm,,,160 cv,,41 kgfm,,,,,,,1054 litros,816 km,744 km,"10,2 km/l","9,3 km/l",,,39 graus,750 kg,"23,2 graus",2965 kg,,,,,,,,,,,,,,,,,,,,
nissan,Frontier,frontier,frontier-x-gear-2-3-turbo-4x4-at-2022,frontier-x-gear-2-3-turbo-4x4-at-2022,https://www.fichacompleta.com.br/carros/nissan/frontier-x-gear-2-3-turbo-4x4-at-2022,2026-06-15T15:44:18.012464,Nissan Frontier X-Gear 2.3 Turbo 4x4 AT 2022,"11,3 s",180 km/h,Conversor de torque,Automático,,7,Integral temporária,Injeção direta,Turbocompressor,2298 cm³,4 em linha,YS23,Duplo no cabeçote,"101,3 mm",85 mm,Longitudinal,Dianteiro,"10,9 kg/cv","45,2 kg/kgfm","82,7 cv/litro",,"15,4:1",,,"20,0 kgfm/litro",,4,1826 mm,1570 mm,1570 mm,5264 mm,3150 mm,1850 mm,2075 kg,,80 litros,153 mm,Disco ventilado,Tambor,Hidráulica,12 m,"Indep., braços sobrepostos",Mola helicoidal,Eixo rígido,,,,,,3750 rpm,1500 rpm,,,,Corrente,,255/70 R16,,,,,1040 kg,,"30,3 graus","27,4 graus",230 mm,,,190 cv,,"45,9 kgfm",,,,,,,1054 litros,840 km,736 km,"10,5 km/l","9,2 km/l",,,39 graus,750 kg,"23,2 graus",2885 kg,,,,,,,,,,,,,,,,,,,,
nissan,Frontier,frontier,frontier-xe-2-3-turbo-4x4-at-2022,frontier-xe-2-3-turbo-4x4-at-2022,https://www.fichacompleta.com.br/carros/nissan/frontier-xe-2-3-turbo-4x4-at-2022,2026-06-15T15:44:22.527564,Nissan Frontier XE 2.3 Turbo 4x4 AT 2022,"11,3 s",180 km/h,Conversor de torque,Automático,,7,Integral temporária,Injeção direta,Turbocompressor,2298 cm³,4 em linha,YS23,Duplo no cabeçote,"101,3 mm",85 mm,Longitudinal,Dianteiro,"11,0 kg/cv","45,5 kg/kgfm","82,7 cv/litro",,"15,4:1",,,"20,0 kgfm/litro",,4,1826 mm,1570 mm,1570 mm,5264 mm,3150 mm,1850 mm,2090 kg,,80 litros,179 mm,Disco ventilado,Tambor,Hidráulica,12 m,"Indep., braços sobrepostos",Mola helicoidal,Eixo rígido,,,,,,3750 rpm,1500 rpm,,,,Corrente,,255/70 R16,,,,,1025 kg,,"30,3 graus","27,4 graus",230 mm,,,190 cv,,"45,9 kgfm",,,,,,,1054 litros,840 km,736 km,"10,5 km/l","9,2 km/l",,,39 graus,750 kg,"23,2 graus",2885 kg,,,,,,,,,,,,,,,,,,,,
nissan,Frontier,frontier,frontier-attack-2-3-turbo-4x4-at-2023,frontier-attack-2-3-turbo-4x4-at-2023,https://www.fichacompleta.com.br/carros/nissan/frontier-attack-2-3-turbo-4x4-at-2023,2026-06-15T15:44:27.214124,Nissan Frontier Attack 2.3 Turbo 4x4 AT 2023,"11,3 s",180 km/h,Conversor de torque,Automático,,7,Integral temporária,Injeção direta,Turbocompressor,2298 cm³,4 em linha,YS23,Duplo no cabeçote,"101,3 mm",85 mm,Longitudinal,Dianteiro,"11,5 kg/cv","47,5 kg/kgfm","82,7 cv/litro",190 cv,"15,1:1",,,"20,0 kgfm/litro","45,9 kgfm",4,1860 mm,1570 mm,1570 mm,5260 mm,3150 mm,1850 mm,2180 kg,1054 litros,73 litros,166 mm,Disco ventilado,Disco ventilado,Hidráulica,"12,6 m","Indep., braços sobrepostos",Mola helicoidal,Eixo rígido,,,,,,3750 rpm,1500 rpm,,,,Corrente,,255/65 R17,,,,,1029 kg,,"31,4 graus","25,8 graus",249 mm,,,,,,,,,,,,1054 litros,803 km,664 km,11 km/l,"9,1 km/l",,,39 graus,750 kg,"22,2 graus",2770 kg,,,,,,,,,,,,,,,,,,,,
nissan,Frontier,frontier,frontier-platinum-2-3-turbo-4x4-at-2023,frontier-platinum-2-3-turbo-4x4-at-2023,https://www.fichacompleta.com.br/carros/nissan/frontier-platinum-2-3-turbo-4x4-at-2023,2026-06-15T15:44:31.640976,Nissan Frontier Platinum 2.3 Turbo 4x4 AT 2023,"11,3 s",180 km/h,Conversor de torque,Automático,,7,Integral temporária,Injeção direta,Turbocompressor,2298 cm³,4 em linha,YS23,Duplo no cabeçote,"101,3 mm",85 mm,Longitudinal,Dianteiro,"11,6 kg/cv","48,1 kg/kgfm","82,7 cv/litro",190 cv,"15,1:1",,,"20,0 kgfm/litro","45,9 kgfm",4,1860 mm,1570 mm,1570 mm,5260 mm,3150 mm,1850 mm,2207 kg,1054 litros,73 litros,153 mm,Disco ventilado,Disco ventilado,Hidráulica,"12,6 m","Indep., braços sobrepostos",Mola helicoidal,Eixo rígido,,,,,,3750 rpm,1500 rpm,,,,Corrente,,255/60 R18,,,,,1010 kg,,"31,2 graus","25,8 graus",247 mm,,,,,,,,,,,,1054 litros,803 km,664 km,11 km/l,"9,1 km/l",,,39 graus,750 kg,"22,1 graus",2750 kg,,,,,,,,,,,,,,,,,,,,
nissan,Frontier,frontier,frontier-pro-4x-2-3-turbo-4x4-at-2023,frontier-pro-4x-2-3-turbo-4x4-at-2023,https://www.fichacompleta.com.br/carros/nissan/frontier-pro-4x-2-3-turbo-4x4-at-2023,2026-06-15T15:44:36.346140,Nissan Frontier Pro-4X 2.3 Turbo 4x4 AT 2023,"11,3 s",180 km/h,Conversor de torque,Automático,,7,Integral temporária,Injeção direta,Turbocompressor,2298 cm³,4 em linha,YS23,Duplo no cabeçote,"101,3 mm",85 mm,Longitudinal,Dianteiro,"11,7 kg/cv","48,4 kg/kgfm","82,7 cv/litro",190 cv,"15,1:1",,,"20,0 kgfm/litro","45,9 kgfm",4,1860 mm,1570 mm,1570 mm,5260 mm,3150 mm,1850 mm,2220 kg,1054 litros,73 litros,166 mm,Disco ventilado,Disco ventilado,Hidráulica,"12,6 m","Indep., braços sobrepostos",Mola helicoidal,Eixo rígido,,,,,,3750 rpm,1500 rpm,,,,Corrente,,255/65 R17,,,,,1030 kg,,"31,6 graus","25,7 graus",251 mm,,,,,,,,,,,,1054 litros,803 km,664 km,11 km/l,"9,1 km/l",,,39 graus,750 kg,"22,3 graus",2750 kg,,,,,,,,,,,,,,,,,,,,
nissan,Frontier,frontier,frontier-s-2-3-turbo-4x4-2023,frontier-s-2-3-turbo-4x4-2023,https://www.fichacompleta.com.br/carros/nissan/frontier-s-2-3-turbo-4x4-2023,2026-06-15T15:44:40.435111,Nissan Frontier S 2.3 Turbo 4x4 2023,"13,5 s",180 km/h,Embreagem monodisco a seco,Manual,,6,Integral temporária,Injeção direta,Turbocompressor,2298 cm³,4 em linha,YS23,Duplo no cabeçote,"101,3 mm",85 mm,Longitudinal,Dianteiro,"13,2 kg/cv","49,8 kg/kgfm","70,9 cv/litro",163 cv,"15,1:1",,,"18,8 kgfm/litro","43,3 kgfm",4,1830 mm,1570 mm,1570 mm,5260 mm,3150 mm,1850 mm,2157 kg,1054 litros,73 litros,166 mm,Disco ventilado,Disco ventilado,Hidráulica,"12,6 m","Indep., braços sobrepostos",Mola helicoidal,Eixo rígido,,,,,,3750 rpm,1500 rpm,,,,Corrente,,255/65 R17,,,,,1032 kg,,"31,4 graus","25,8 graus",249 mm,,,,,,,,,,,,1054 litros,796 km,694 km,"10,9 km/l","9,5 km/l",,,39 graus,750 kg,"22,2 graus",2800 kg,,,,,,,,,,,,,,,,,,,,
nissan,Frontier,frontier,frontier-se-2-3-turbo-4x4-at-2023,frontier-se-2-3-turbo-4x4-at-2023,https://www.fichacompleta.com.br/carros/nissan/frontier-se-2-3-turbo-4x4-at-2023,2026-06-15T15:44:43.412129,Nissan Frontier SE 2.3 Turbo 4x4 AT 2023,"11,3 s",180 km/h,Conversor de torque,Automático,,7,Integral temporária,Injeção direta,Turbocompressor,2298 cm³,4 em linha,YS23,Duplo no cabeçote,"101,3 mm",85 mm,Longitudinal,Dianteiro,"11,5 kg/cv","47,5 kg/kgfm","82,7 cv/litro",190 cv,"15,1:1",,,"20,0 kgfm/litro","45,9 kgfm",4,1830 mm,1570 mm,1570 mm,5260 mm,3150 mm,1850 mm,2180 kg,1054 litros,73 litros,166 mm,Disco ventilado,Disco ventilado,Hidráulica,"12,6 m","Indep., braços sobrepostos",Mola helicoidal,Eixo rígido,,,,,,3750 rpm,1500 rpm,,,,Corrente,,255/65 R17,,,,,1029 kg,,"31,4 graus","25,8 graus",249 mm,,,,,,,,,,,,1054 litros,803 km,664 km,11 km/l,"9,1 km/l",,,39 graus,750 kg,"22,2 graus",2800 kg,,,,,,,,,,,,,,,,,,,,
nissan,Frontier,frontier,frontier-xe-2-3-turbo-4x4-at-2023,frontier-xe-2-3-turbo-4x4-at-2023,https://www.fichacompleta.com.br/carros/nissan/frontier-xe-2-3-turbo-4x4-at-2023,2026-06-15T15:44:48.292185,Nissan Frontier XE 2.3 Turbo 4x4 AT 2023,"11,3 s",180 km/h,Conversor de torque,Automático,,7,Integral temporária,Injeção direta,Turbocompressor,2298 cm³,4 em linha,YS23,Duplo no cabeçote,"101,3 mm",85 mm,Longitudinal,Dianteiro,"11,6 kg/cv","48,1 kg/kgfm","82,7 cv/litro",190 cv,"15,1:1",,,"20,0 kgfm/litro","45,9 kgfm",4,1860 mm,1570 mm,1570 mm,5260 mm,3150 mm,1850 mm,2207 kg,1054 litros,73 litros,153 mm,Disco ventilado,Disco ventilado,Hidráulica,"12,6 m","Indep., braços sobrepostos",Mola helicoidal,Eixo rígido,,,,,,3750 rpm,1500 rpm,,,,Corrente,,255/60 R18,,,,,1010 kg,,"31,2 graus","25,8 graus",247 mm,,,,,,,,,,,,1054 litros,803 km,664 km,11 km/l,"9,1 km/l",,,39 graus,750 kg,"22,1 graus",2750 kg,,,,,,,,,,,,,,,,,,,,
nissan,Frontier,frontier,frontier-attack-2-3-at-2024,frontier-attack-2-3-at-2024,https://www.fichacompleta.com.br/carros/nissan/frontier-attack-2-3-at-2024,2026-06-15T15:44:51.084572,Nissan Frontier Attack 2.3 AT 2024,"11,3 s",180 km/h,Conversor de torque,Automático,,7,Integral temporária,Injeção direta,Turbocompressor,,4 em linha,YS23,Duplo no cabeçote,"101,3 mm",85 mm,Longitudinal,Dianteiro,"11,47 kg/cv","47,5 kg/kgfm","82,7 cv/litro",190 cv,"15,1:1",3750 rpm,1500 rpm,"20,0 kgfm/litro","45,9 kgfm",4,1860 mm,1570 mm,1570 mm,5260 mm,3150 mm,1850 mm,2180 kg,,73 litros,166 mm,Disco ventilado,Disco ventilado,Hidráulica,"12,6 m","Indep., braços sobrepostos",Mola helicoidal,Eixo rígido,,,,,,,,,,,Corrente,,255/65 R17,,,,,1029 kg,,"31,4 graus","25,8 graus",249 mm,,,,,,,,,,575 cm³,2298 cm³,1054 litros,803 km,664 km,11 km/l,"9,1 km/l",,,39 graus,750 kg,"22,2 graus",2770 kg,,,,,,,,,,,,,,,,,,,,
nissan,Frontier,frontier,frontier-platinum-2-3-at-2024,frontier-platinum-2-3-at-2024,https://www.fichacompleta.com.br/carros/nissan/frontier-platinum-2-3-at-2024,2026-06-15T15:44:54.489364,Nissan Frontier Platinum 2.3 AT 2024,"11,3 s",180 km/h,Conversor de torque,Automático,,7,Integral temporária,Injeção direta,Turbocompressor,,4 em linha,YS23,Duplo no cabeçote,"101,3 mm",85 mm,Longitudinal,Dianteiro,"11,62 kg/cv","48,1 kg/kgfm","82,7 cv/litro",190 cv,"15,1:1",3750 rpm,1500 rpm,"20,0 kgfm/litro","45,9 kgfm",4,1860 mm,1570 mm,1570 mm,5260 mm,3150 mm,1850 mm,2207 kg,,73 litros,153 mm,Disco ventilado,Disco ventilado,Hidráulica,"12,6 m","Indep., braços sobrepostos",Mola helicoidal,Eixo rígido,,,,,,,,,,,Corrente,,255/60 R18,,,,,1010 kg,,"31,2 graus","25,8 graus",247 mm,,,,,,,,,,575 cm³,2298 cm³,1054 litros,803 km,664 km,11 km/l,"9,1 km/l",,,39 graus,750 kg,"22,1 graus",2750 kg,,,,,,,,,,,,,,,,,,,,
nissan,Frontier,frontier,frontier-pro-4x-2-3-at-2024,frontier-pro-4x-2-3-at-2024,https://www.fichacompleta.com.br/carros/nissan/frontier-pro-4x-2-3-at-2024,2026-06-15T15:44:58.675928,Nissan Frontier Pro-4X 2.3 AT 2024,"11,3 s",180 km/h,Conversor de torque,Automático,,7,Integral temporária,Injeção direta,Turbocompressor,,4 em linha,YS23,Duplo no cabeçote,"101,3 mm",85 mm,Longitudinal,Dianteiro,"11,68 kg/cv","48,4 kg/kgfm","82,7 cv/litro",190 cv,"15,1:1",3750 rpm,1500 rpm,"20,0 kgfm/litro","45,9 kgfm",4,1860 mm,1570 mm,1570 mm,5260 mm,3150 mm,1850 mm,2220 kg,,73 litros,166 mm,Disco ventilado,Disco ventilado,Hidráulica,"12,6 m","Indep., braços sobrepostos",Mola helicoidal,Eixo rígido,,,,,,,,,,,Corrente,,255/65 R17,,,,,1030 kg,,"31,6 graus","25,7 graus",251 mm,,,,,,,,,,575 cm³,2298 cm³,1054 litros,803 km,664 km,11 km/l,"9,1 km/l",,,39 graus,750 kg,"22,3 graus",2750 kg,,,,,,,,,,,,,,,,,,,,
nissan,Frontier,frontier,frontier-s-2-3-2024,frontier-s-2-3-2024,https://www.fichacompleta.com.br/carros/nissan/frontier-s-2-3-2024,2026-06-15T15:45:01.875514,Nissan Frontier S 2.3 2024,"13,5 s",180 km/h,Embreagem monodisco a seco,Manual,,6,Integral temporária,Injeção direta,Turbocompressor,,4 em linha,YS23,Duplo no cabeçote,"101,3 mm",85 mm,Longitudinal,Dianteiro,"13,23 kg/cv","49,8 kg/kgfm","70,9 cv/litro",163 cv,"15,1:1",3750 rpm,1500 rpm,"18,8 kgfm/litro","43,3 kgfm",4,1830 mm,1570 mm,1570 mm,5260 mm,3150 mm,1850 mm,2157 kg,,73 litros,166 mm,Disco ventilado,Disco ventilado,Hidráulica,"12,6 m","Indep., braços sobrepostos",Mola helicoidal,Eixo rígido,,,,,,,,,,,Corrente,,255/65 R17,,,,,1032 kg,,"31,4 graus","25,8 graus",249 mm,,,,,,,,,,575 cm³,2298 cm³,1054 litros,796 km,694 km,"10,9 km/l","9,5 km/l",,,39 graus,750 kg,"22,2 graus",2800 kg,,,,,,,,,,,,,,,,,,,,
nissan,Frontier,frontier,frontier-se-2-3-at-2024,frontier-se-2-3-at-2024,https://www.fichacompleta.com.br/carros/nissan/frontier-se-2-3-at-2024,2026-06-15T15:45:06.601898,Nissan Frontier SE 2.3 AT 2024,"11,3 s",180 km/h,Conversor de torque,Automático,,7,Integral temporária,Injeção direta,Turbocompressor,,4 em linha,YS23,Duplo no cabeçote,"101,3 mm",85 mm,Longitudinal,Dianteiro,"11,47 kg/cv","47,5 kg/kgfm","82,7 cv/litro",190 cv,"15,1:1",3750 rpm,1500 rpm,"20,0 kgfm/litro","45,9 kgfm",4,1830 mm,1570 mm,1570 mm,5260 mm,3150 mm,1850 mm,2180 kg,,73 litros,166 mm,Disco ventilado,Disco ventilado,Hidráulica,"12,6 m","Indep., braços sobrepostos",Mola helicoidal,Eixo rígido,,,,,,,,,,,Corrente,,255/65 R17,,,,,1029 kg,,"31,4 graus","25,8 graus",249 mm,,,,,,,,,,575 cm³,2298 cm³,1054 litros,803 km,664 km,11 km/l,"9,1 km/l",,,39 graus,750 kg,"22,2 graus",2800 kg,,,,,,,,,,,,,,,,,,,,
nissan,Frontier,frontier,frontier-xe-2-3-at-2024,frontier-xe-2-3-at-2024,https://www.fichacompleta.com.br/carros/nissan/frontier-xe-2-3-at-2024,2026-06-15T15:45:09.364228,Nissan Frontier XE 2.3 AT 2024,"11,3 s",180 km/h,Conversor de torque,Automático,,7,Integral temporária,Injeção direta,Turbocompressor,,4 em linha,YS23,Duplo no cabeçote,"101,3 mm",85 mm,Longitudinal,Dianteiro,"11,62 kg/cv","48,1 kg/kgfm","82,7 cv/litro",190 cv,"15,1:1",3750 rpm,1500 rpm,"20,0 kgfm/litro","45,9 kgfm",4,1860 mm,1570 mm,1570 mm,5260 mm,3150 mm,1850 mm,2207 kg,,73 litros,166 mm,Disco ventilado,Disco ventilado,Hidráulica,"12,6 m","Indep., braços sobrepostos",Mola helicoidal,Eixo rígido,,,,,,,,,,,Corrente,,255/60 R18,,,,,1010 kg,,"31,2 graus","25,8 graus",247 mm,,,,,,,,,,575 cm³,2298 cm³,1054 litros,803 km,664 km,11 km/l,"9,1 km/l",,,39 graus,750 kg,"22,1 graus",2750 kg,,,,,,,,,,,,,,,,,,,,
nissan,Frontier,frontier,frontier-attack-2-3-at-2025,frontier-attack-2-3-at-2025,https://www.fichacompleta.com.br/carros/nissan/frontier-attack-2-3-at-2025,2026-06-15T15:45:11.972053,Nissan Frontier Attack 2.3 AT 2025,"11,3 s",180 km/h,Conversor de torque,Automático,,7,Integral temporária,Injeção direta,Turbocompressor,,4 em linha,YS23,Duplo no cabeçote,"101,3 mm",85 mm,Longitudinal,Dianteiro,"11,47 kg/cv","47,5 kg/kgfm","82,7 cv/litro",190 cv,"15,1:1",3750 rpm,1500 rpm,"20,0 kgfm/litro","45,9 kgfm",4,1860 mm,1570 mm,1570 mm,5260 mm,3150 mm,1850 mm,2180 kg,,73 litros,166 mm,Disco ventilado,Disco ventilado,Hidráulica,"12,6 m","Indep., braços sobrepostos",Mola helicoidal,Eixo rígido,,,,,,,,,,,Corrente,,255/65 R17,,,,,1029 kg,4800 rpm,"31,4 graus","25,8 graus",249 mm,,,,,,,,,,575 cm³,2298 cm³,1054 litros,803 km,664 km,11 km/l,"9,1 km/l",,,39 graus,750 kg,"22,2 graus",2770 kg,5W-30 ³,,,,,,,,,,,,,,,,,,,
nissan,Frontier,frontier,frontier-platinum-2-3-at-2025,frontier-platinum-2-3-at-2025,https://www.fichacompleta.com.br/carros/nissan/frontier-platinum-2-3-at-2025,2026-06-15T15:45:14.619223,Nissan Frontier Platinum 2.3 AT 2025,"11,3 s",180 km/h,Conversor de torque,Automático,,7,Integral temporária,Injeção direta,Turbocompressor,,4 em linha,YS23,Duplo no cabeçote,"101,3 mm",85 mm,Longitudinal,Dianteiro,"11,62 kg/cv","48,1 kg/kgfm","82,7 cv/litro",190 cv,"15,1:1",3750 rpm,1500 rpm,"20,0 kgfm/litro","45,9 kgfm",4,1860 mm,1570 mm,1570 mm,5260 mm,3150 mm,1850 mm,2207 kg,,73 litros,153 mm,Disco ventilado,Disco ventilado,Hidráulica,"12,6 m","Indep., braços sobrepostos",Mola helicoidal,Eixo rígido,,,,,,,,,,,Corrente,,255/60 R18,,,,,1010 kg,4800 rpm,"31,2 graus","25,8 graus",247 mm,,,,,,,,,,575 cm³,2298 cm³,1054 litros,796 km,679 km,"10,9 km/l","9,3 km/l",,,39 graus,750 kg,"22,1 graus",2750 kg,5W-30 ³,,,,,,,,,,,,,,,,,,,
nissan,Frontier,frontier,frontier-pro-4x-2-3-at-2025,frontier-pro-4x-2-3-at-2025,https://www.fichacompleta.com.br/carros/nissan/frontier-pro-4x-2-3-at-2025,2026-06-15T15:45:18.664016,Nissan Frontier Pro-4X 2.3 AT 2025,"11,3 s",180 km/h,Conversor de torque,Automático,,7,Integral temporária,Injeção direta,Turbocompressor,,4 em linha,YS23,Duplo no cabeçote,"101,3 mm",85 mm,Longitudinal,Dianteiro,"11,68 kg/cv","48,4 kg/kgfm","82,7 cv/litro",190 cv,"15,1:1",3750 rpm,1500 rpm,"20,0 kgfm/litro","45,9 kgfm",4,1860 mm,1570 mm,1570 mm,5260 mm,3150 mm,1850 mm,2220 kg,,73 litros,166 mm,Disco ventilado,Disco ventilado,Hidráulica,"12,6 m","Indep., braços sobrepostos",Mola helicoidal,Eixo rígido,,,,,,,,,,,Corrente,,255/65 R17,,,,,1030 kg,4800 rpm,"31,6 graus","25,7 graus",251 mm,,,,,,,,,,575 cm³,2298 cm³,1054 litros,803 km,664 km,11 km/l,"9,1 km/l",,,39 graus,750 kg,"22,3 graus",2750 kg,5W-30 ³,,,,,,,,,,,,,,,,,,,
nissan,Frontier,frontier,frontier-s-2-3-2025,frontier-s-2-3-2025,https://www.fichacompleta.com.br/carros/nissan/frontier-s-2-3-2025,2026-06-15T15:45:21.698111,Nissan Frontier S 2.3 2025,"13,5 s",180 km/h,Embreagem monodisco a seco,Manual,,6,Integral temporária,Injeção direta,Turbocompressor,,4 em linha,YS23,Duplo no cabeçote,"101,3 mm",85 mm,Longitudinal,Dianteiro,"13,23 kg/cv","49,8 kg/kgfm","70,9 cv/litro",163 cv,"15,1:1",3750 rpm,1500 rpm,"18,8 kgfm/litro","43,3 kgfm",4,1830 mm,1570 mm,1570 mm,5260 mm,3150 mm,1850 mm,2157 kg,,73 litros,166 mm,Disco ventilado,Disco ventilado,Hidráulica,"12,6 m","Indep., braços sobrepostos",Mola helicoidal,Eixo rígido,,,,,,,,,,,Corrente,,255/65 R17,,,,,1032 kg,4800 rpm,"31,4 graus","25,8 graus",249 mm,,,,,,,,,,575 cm³,2298 cm³,1054 litros,796 km,730 km,"10,9 km/l",10 km/l,,,39 graus,750 kg,"22,2 graus",2800 kg,5W-30 ³,,,,,,,,,,,,,,,,,,,
nissan,Frontier,frontier,frontier-se-2-3-at-2025,frontier-se-2-3-at-2025,https://www.fichacompleta.com.br/carros/nissan/frontier-se-2-3-at-2025,2026-06-15T15:45:24.446558,Nissan Frontier SE 2.3 AT 2025,"11,3 s",180 km/h,Conversor de torque,Automático,,7,Integral temporária,Injeção direta,Turbocompressor,,4 em linha,YS23,Duplo no cabeçote,"101,3 mm",85 mm,Longitudinal,Dianteiro,"11,47 kg/cv","47,5 kg/kgfm","82,7 cv/litro",190 cv,"15,1:1",3750 rpm,1500 rpm,"20,0 kgfm/litro","45,9 kgfm",4,1830 mm,1570 mm,1570 mm,5260 mm,3150 mm,1850 mm,2180 kg,,73 litros,166 mm,Disco ventilado,Disco ventilado,Hidráulica,"12,6 m","Indep., braços sobrepostos",Mola helicoidal,Eixo rígido,,,,,,,,,,,Corrente,,255/65 R17,,,,,1029 kg,4800 rpm,"31,4 graus","25,8 graus",249 mm,,,,,,,,,,575 cm³,2298 cm³,1054 litros,803 km,664 km,11 km/l,"9,1 km/l",,,39 graus,750 kg,"22,2 graus",2800 kg,5W-30 ³,,,,,,,,,,,,,,,,,,,
nissan,Frontier,frontier,frontier-xe-2-3-at-2025,frontier-xe-2-3-at-2025,https://www.fichacompleta.com.br/carros/nissan/frontier-xe-2-3-at-2025,2026-06-15T15:45:28.367148,Nissan Frontier XE 2.3 AT 2025,"11,3 s",180 km/h,Conversor de torque,Automático,,7,Integral temporária,Injeção direta,Turbocompressor,,4 em linha,YS23,Duplo no cabeçote,"101,3 mm",85 mm,Longitudinal,Dianteiro,"11,62 kg/cv","48,1 kg/kgfm","82,7 cv/litro",190 cv,"15,1:1",3750 rpm,1500 rpm,"20,0 kgfm/litro","45,9 kgfm",4,1860 mm,1570 mm,1570 mm,5260 mm,3150 mm,1850 mm,2207 kg,,73 litros,166 mm,Disco ventilado,Disco ventilado,Hidráulica,"12,6 m","Indep., braços sobrepostos",Mola helicoidal,Eixo rígido,,,,,,,,,,,Corrente,,255/60 R18,,,,,1010 kg,4800 rpm,"31,2 graus","25,8 graus",247 mm,,,,,,,,,,575 cm³,2298 cm³,1054 litros,796 km,679 km,"10,9 km/l","9,3 km/l",,,39 graus,750 kg,"22,1 graus",2750 kg,5W-30 ³,,,,,,,,,,,,,,,,,,,
nissan,Frontier,frontier,frontier-attack-2-3-2026,frontier-attack-2-3-2026,https://www.fichacompleta.com.br/carros/nissan/frontier-attack-2-3-2026,2026-06-15T15:45:31.985313,Nissan Frontier Attack 2.3 2026,"11,3 s",180 km/h,Conversor de torque,Automático,Jatco 7R01,7,Integral temporária,Injeção direta,Turbocompressor,,4 em linha,YS23,Duplo no cabeçote,"101,3 mm",85 mm,Longitudinal,Dianteiro,"11,47 kg/cv","47,5 kg/kgfm","82,7 cv/litro",190 cv,"15,1:1",3750 rpm,1500 rpm,"20,0 kgfm/litro","45,9 kgfm",4,1860 mm,1570 mm,1570 mm,5260 mm,3150 mm,1850 mm,2180 kg,,73 litros,166 mm,Disco ventilado,Disco ventilado,Hidráulica,"12,6 m","Indep., braços sobrepostos",Mola helicoidal,Eixo rígido,,,,,,,,,,,Corrente,,255/65 R17,,,,,1029 kg,4800 rpm,"31,4 graus","25,8 graus",249 mm,,,,,,,,,,575 cm³,2298 cm³,1054 litros,796 km,686 km,"10,9 km/l","9,4 km/l",,,39 graus,750 kg,"22,2 graus",2770 kg,5W-30 ³,,,,,,,,,,,,,,,,,,,
nissan,Frontier,frontier,frontier-platinum-2-3-2026,frontier-platinum-2-3-2026,https://www.fichacompleta.com.br/carros/nissan/frontier-platinum-2-3-2026,2026-06-15T15:45:35.047106,Nissan Frontier Platinum 2.3 2026,"11,3 s",180 km/h,Conversor de torque,Automático,Jatco 7R01,7,Integral temporária,Injeção direta,Turbocompressor,,4 em linha,YS23,Duplo no cabeçote,"101,3 mm",85 mm,Longitudinal,Dianteiro,"11,62 kg/cv","48,1 kg/kgfm","82,7 cv/litro",190 cv,"15,1:1",3750 rpm,1500 rpm,"20,0 kgfm/litro","45,9 kgfm",4,1860 mm,1570 mm,1570 mm,5260 mm,3150 mm,1850 mm,2207 kg,,73 litros,153 mm,Disco ventilado,Disco ventilado,Hidráulica,"12,6 m","Indep., braços sobrepostos",Mola helicoidal,Eixo rígido,,,,,,,,,,,Corrente,,255/60 R18,,,,,1010 kg,4800 rpm,"31,2 graus","25,8 graus",247 mm,,,,,,,,,,575 cm³,2298 cm³,1054 litros,803 km,686 km,11 km/l,"9,4 km/l",,,39 graus,750 kg,"22,1 graus",2750 kg,5W-30 ³,,,,,,,,,,,,,,,,,,,
nissan,Frontier,frontier,frontier-pro-4x-2-3-2026,frontier-pro-4x-2-3-2026,https://www.fichacompleta.com.br/carros/nissan/frontier-pro-4x-2-3-2026,2026-06-15T15:45:38.191188,Nissan Frontier Pro-4X 2.3 2026,"11,3 s",180 km/h,Conversor de torque,Automático,Jatco 7R01,7,Integral temporária,Injeção direta,Turbocompressor,,4 em linha,YS23,Duplo no cabeçote,"101,3 mm",85 mm,Longitudinal,Dianteiro,"11,68 kg/cv","48,4 kg/kgfm","82,7 cv/litro",190 cv,"15,1:1",3750 rpm,1500 rpm,"20,0 kgfm/litro","45,9 kgfm",4,1860 mm,1570 mm,1570 mm,5260 mm,3150 mm,1850 mm,2220 kg,,73 litros,166 mm,Disco ventilado,Disco ventilado,Hidráulica,"12,6 m","Indep., braços sobrepostos",Mola helicoidal,Eixo rígido,,,,,,,,,,,Corrente,,255/65 R17,,,,,1030 kg,4800 rpm,"31,6 graus","25,7 graus",251 mm,,,,,,,,,,575 cm³,2298 cm³,1054 litros,796 km,686 km,"10,9 km/l","9,4 km/l",,,39 graus,750 kg,"22,3 graus",2750 kg,5W-30 ³,,,,,,,,,,,,,,,,,,,
nissan,Gt-r,gt-r,gt-r-3-8-v6-biturbo-2009,gt-r-3-8-v6-biturbo-2009,https://www.fichacompleta.com.br/carros/nissan/gt-r-3-8-v6-biturbo-2009,2026-06-15T15:45:56.495734,Nissan Gt-r 3.8 V6 biturbo 2009,"3,4 s",310 km/h,Embreagem dupla banhada a óleo,Automatizado,,6,Integral permanente,Injeção multiponto,Turbocompressor,3799 cm³,6 em V,VR38DETT,Duplo no cabeçote,"88,4 mm","95,5 mm",Longitudinal,Dianteiro,"3,6 kg/cv","29,0 kg/kgfm","126,3 cv/litro",480 cv,9:1,,,"15,8 kgfm/litro",60 kgfm,4,1369 mm,1590 mm,1600 mm,4656 mm,2780 mm,1895 mm,1740 kg,310 litros,64 litros,100 mm,Disco ventilado,Disco ventilado,Hidráulica,"11,4 m","Indep., braços sobrepostos",Mola helicoidal,"Indep., multibraço",474 km,320 km,"7,4 km/l",5 km/l,6,6400 rpm,3200 rpm,"11,4 m",,,Corrente,Admissão,,"2,21 m²","0,597 m²","0,27","0,27",,,,,110 mm,,,,,,,,,,,,,,,,,,,,,,,,Mecânicos,,,,,,,,,,,,,,,,,,
nissan,Gt-r,gt-r,gt-r-3-8-v6-biturbo-2010,gt-r-3-8-v6-biturbo-2010,https://www.fichacompleta.com.br/carros/nissan/gt-r-3-8-v6-biturbo-2010,2026-06-15T15:45:59.108356,Nissan Gt-r 3.8 V6 biturbo 2010,"3,4 s",310 km/h,Embreagem dupla banhada a óleo,Automatizado,,6,Integral permanente,Injeção multiponto,Turbocompressor,3799 cm³,6 em V,VR38DETT,Duplo no cabeçote,"88,4 mm","95,5 mm",Longitudinal,Dianteiro,"3,6 kg/cv","29,0 kg/kgfm","126,3 cv/litro",480 cv,9:1,6400 rpm,3200 rpm,"15,8 kgfm/litro",60 kgfm,4,1369 mm,1590 mm,1600 mm,4656 mm,2780 mm,1895 mm,1740 kg,310 litros,64 litros,100 mm,Disco ventilado,Disco ventilado,Hidráulica,"11,4 m","Indep., braços sobrepostos",Mola helicoidal,"Indep., multibraço",474 km,320 km,"7,4 km/l",5 km/l,,,,,,,Corrente,Admissão,,"2,21 m²","0,597 m²","0,27",,,,,,110 mm,,,,,,,,,,,,,,,,,,,,,,,,Mecânicos,,,,,,,,,,,,,,,,,,
nissan,Gt-r,gt-r,gt-r-3-8-v6-biturbo-2011,gt-r-3-8-v6-biturbo-2011,https://www.fichacompleta.com.br/carros/nissan/gt-r-3-8-v6-biturbo-2011,2026-06-15T15:46:02.384606,Nissan Gt-r 3.8 V6 biturbo 2011,"3,4 s",310 km/h,Embreagem dupla banhada a óleo,Automatizado,,6,Integral permanente,Injeção multiponto,Turbocompressor,3799 cm³,6 em V,VR38DETT,Duplo no cabeçote,"88,4 mm","95,5 mm",Longitudinal,Dianteiro,"3,6 kg/cv","29,0 kg/kgfm","126,3 cv/litro",480 cv,9:1,6400 rpm,3200 rpm,"15,8 kgfm/litro",60 kgfm,4,1369 mm,1590 mm,1600 mm,4656 mm,2780 mm,1895 mm,1740 kg,310 litros,64 litros,100 mm,Disco ventilado,Disco ventilado,Hidráulica,"11,4 m","Indep., braços sobrepostos",Mola helicoidal,"Indep., multibraço",474 km,320 km,"7,4 km/l",5 km/l,,,,,,,Corrente,Admissão,,"2,21 m²","0,597 m²","0,27",,,,,,110 mm,,,,,,,,,,,,,,,,,,,,,,,,Mecânicos,,,,,,,,,,,,,,,,,,
nissan,Gt-r,gt-r,gt-r-3-8-v6-biturbo-2012,gt-r-3-8-v6-biturbo-2012,https://www.fichacompleta.com.br/carros/nissan/gt-r-3-8-v6-biturbo-2012,2026-06-15T15:46:05.352557,Nissan Gt-r 3.8 V6 biturbo 2012,"2,8 s",315 km/h,Embreagem dupla banhada a óleo,Automatizado,,,Integral permanente,Injeção multiponto,Turbocompressor,3799 cm³,6 em V,VR38DETT,"Duplo no cabeçote, corrente","88,4 mm","95,5 mm",Longitudinal,Dianteiro,"3,2 kg/cv","27,0 kg/kgfm","144,8 cv/litro",550 cv a 6400 rpm,9:1,,,"17,0 kgfm/litro","64,5 kgfm a 3200 rpm",4,1369 mm,1590 mm,1600 mm,4670 mm,2780 mm,1895 mm,1740 kg,310 litros,74 litros,100 mm,Disco ventilado,Disco ventilado,Hidráulica,,"Independente, braços sobrepostos",Mola helicoidal,"Independente, multibraço",540 km,348 km,"7,3 km/l","4,7 km/l",6,,,"11,4 m",,,,Admissão,,"2,21 m²","0,575 m²",,"0,26",460 kg,7000 rpm,,,105 mm,,,,,,,,,,,,,,,,,,,,,,,,Mecânicos,,,,,,,,,,,,,,,,,,
nissan,Gt-r,gt-r,gt-r-3-8-v6-biturbo-2013,gt-r-3-8-v6-biturbo-2013,https://www.fichacompleta.com.br/carros/nissan/gt-r-3-8-v6-biturbo-2013,2026-06-15T15:46:10.026042,Nissan Gt-r 3.8 V6 biturbo 2013,"2,8 s",315 km/h,Embreagem dupla banhada a óleo,Automatizado,,6,Integral permanente,Injeção multiponto,Turbocompressor,3799 cm³,6 em V,VR38DETT,Duplo no cabeçote,"88,4 mm","95,5 mm",Longitudinal,Dianteiro,"3,2 kg/cv","27,0 kg/kgfm","144,8 cv/litro",550 cv,9:1,6400 rpm,3200 rpm,"17,0 kgfm/litro","64,5 kgfm",4,1369 mm,1590 mm,1600 mm,4670 mm,2780 mm,1895 mm,1740 kg,310 litros,74 litros,100 mm,Disco ventilado,Disco ventilado,Hidráulica,"11,4 m","Indep., braços sobrepostos",Mola helicoidal,"Indep., multibraço",540 km,348 km,"7,3 km/l","4,7 km/l",,,,,,,Corrente,Admissão,,"2,21 m²","0,575 m²","0,26",,460 kg,7000 rpm,,,105 mm,,,,,,,,,,,,,,,,,,,,,,,,Mecânicos,,,,,,,,,,,,,,,,,,
nissan,Gt-r,gt-r,gt-r-3-8-v6-biturbo-2014,gt-r-3-8-v6-biturbo-2014,https://www.fichacompleta.com.br/carros/nissan/gt-r-3-8-v6-biturbo-2014,2026-06-15T15:46:12.435841,Nissan Gt-r 3.8 V6 biturbo 2014,"2,8 s",315 km/h,Embreagem dupla banhada a óleo,Automatizado,,6,Integral permanente,Injeção multiponto,Turbocompressor,3799 cm³,6 em V,VR38DETT,Duplo no cabeçote,"88,4 mm","95,5 mm",Longitudinal,Dianteiro,"3,2 kg/cv","27,0 kg/kgfm","144,8 cv/litro",550 cv,9:1,6400 rpm,3200 rpm,"17,0 kgfm/litro","64,5 kgfm",4,1369 mm,1590 mm,1600 mm,4670 mm,2780 mm,1895 mm,1740 kg,310 litros,74 litros,100 mm,Disco ventilado,Disco ventilado,Hidráulica,"11,4 m","Indep., braços sobrepostos",Mola helicoidal,"Indep., multibraço",540 km,348 km,"7,3 km/l","4,7 km/l",,,,,,,Corrente,Admissão,,"2,21 m²","0,575 m²","0,26",,460 kg,7000 rpm,,,105 mm,,,,,,,,,,,,,,,,,,,,,,,,Mecânicos,,,,,,,,,,,,,,,,,,
nissan,Gt-r,gt-r,gt-r-nismo-3-8-v6-biturbo-2015,gt-r-nismo-3-8-v6-biturbo-2015,https://www.fichacompleta.com.br/carros/nissan/gt-r-nismo-3-8-v6-biturbo-2015,2026-06-15T15:46:17.023366,Nissan Gt-r Nismo 3.8 V6 biturbo 2015,"2,7 s",315 km/h,Embreagem dupla banhada a óleo,Automatizado,,,Integral permanente,Injeção direta,Turbocompressor,3799 cm³,6 em V,VR38DETT,"Duplo no cabeçote, corrente","88,4 mm","95,5 mm",Longitudinal,Dianteiro,"2,8 kg/cv","26,0 kg/kgfm","160,0 cv/litro",608 cv a 6800 rpm,9:1,,,"17,5 kgfm/litro","66,5 kgfm a 3600 rpm",4,1372 mm,1590 mm,1600 mm,4671 mm,2780 mm,1902 mm,1729 kg,310 litros,74 litros,100 mm,Disco ventilado,Disco ventilado,Hidráulica,,"Independente, braços sobrepostos",Mola helicoidal,"Independente, multibraço",548 km,370 km,"7,4 km/l",5 km/l,6,,,"11,4 m",,,,Admissão,,"2,22 m²","0,577 m²",,"0,26",,,,,110 mm,,,,,,,,,,,,,,,,,,,,,,,,Mecânicos,,,,,,,,,,,,,,,,,,
nissan,Gt-r,gt-r,gt-r-premium-3-8-v6-biturbo-2015,gt-r-premium-3-8-v6-biturbo-2015,https://www.fichacompleta.com.br/carros/nissan/gt-r-premium-3-8-v6-biturbo-2015,2026-06-15T15:46:19.467248,Nissan Gt-r Premium 3.8 V6 biturbo 2015,"2,8 s",315 km/h,Embreagem dupla banhada a óleo,Automatizado,,,Integral permanente,Injeção direta,Turbocompressor,3799 cm³,6 em V,VR38DETT,"Duplo no cabeçote, corrente","88,4 mm","95,5 mm",Longitudinal,Dianteiro,"3,2 kg/cv","27,1 kg/kgfm","144,8 cv/litro",550 cv a 6400 rpm,9:1,,,"17,0 kgfm/litro","64,5 kgfm a 3200 rpm",4,1372 mm,1590 mm,1600 mm,4671 mm,2780 mm,1902 mm,1746 kg,310 litros,74 litros,100 mm,Disco ventilado,Disco ventilado,Hidráulica,,"Independente, braços sobrepostos",Mola helicoidal,"Independente, multibraço",548 km,370 km,"7,4 km/l",5 km/l,6,,,"11,4 m",,,,Admissão,,"2,22 m²","0,577 m²",,"0,26",,7000 rpm,,,110 mm,,,,,,,,,,,,,,,,,,,,,,,,Mecânicos,,,,,,,,,,,,,,,,,,
nissan,Gt-r,gt-r,gt-r-premium-3-8-v6-biturbo-2016,gt-r-premium-3-8-v6-biturbo-2016,https://www.fichacompleta.com.br/carros/nissan/gt-r-premium-3-8-v6-biturbo-2016,2026-06-15T15:46:23.926453,Nissan Gt-r Premium 3.8 V6 biturbo 2016,"2,8 s",315 km/h,Embreagem dupla banhada a óleo,Automatizado,,6,Integral permanente,Injeção direta,Turbocompressor,3799 cm³,6 em V,VR38DETT,Duplo no cabeçote,"88,4 mm","95,5 mm",Longitudinal,Dianteiro,"3,2 kg/cv","27,1 kg/kgfm","144,8 cv/litro",550 cv,9:1,6400 rpm,3200 rpm,"17,0 kgfm/litro","64,5 kgfm",4,1372 mm,1590 mm,1600 mm,4671 mm,2780 mm,1902 mm,1746 kg,310 litros,74 litros,100 mm,Disco ventilado,Disco ventilado,Hidráulica,"11,4 m","Indep., braços sobrepostos",Mola helicoidal,"Indep., multibraço",548 km,370 km,"7,4 km/l",5 km/l,,,,,,,Corrente,Admissão,,"2,22 m²","0,577 m²","0,26",,,7000 rpm,,,110 mm,,,,,,,,,,,,,,,,,,,,,,,,Mecânicos,,,,,,,,,,,,,,,,,,
nissan,Gt-r,gt-r,gt-r-nismo-3-8-v6-biturbo-2017,gt-r-nismo-3-8-v6-biturbo-2017,https://www.fichacompleta.com.br/carros/nissan/gt-r-nismo-3-8-v6-biturbo-2017,2026-06-15T15:46:27.243393,Nissan Gt-r Nismo 3.8 V6 biturbo 2017,"2,7 s",320 km/h,Embreagem dupla banhada a óleo,Automatizado,,,Integral permanente,Injeção direta,Turbocompressor,3799 cm³,6 em V,VR38DETT,"Duplo no cabeçote, corrente","88,4 mm","95,5 mm",Longitudinal,Dianteiro,"2,8 kg/cv","26,0 kg/kgfm","160,0 cv/litro",608 cv a 6800 rpm,9:1,,,"17,5 kgfm/litro","66,5 kgfm a 3600 rpm",4,1372 mm,1590 mm,1600 mm,4671 mm,2780 mm,1902 mm,1729 kg,310 litros,74 litros,100 mm,Disco ventilado,Disco ventilado,Hidráulica,,"Independente, braços sobrepostos",Mola helicoidal,"Independente, multibraço",548 km,370 km,"7,4 km/l",5 km/l,6,,,"11,4 m",,,,Admissão,,"2,22 m²","0,577 m²",,"0,26",,,,,110 mm,,,,,,,,,,,,,,,,,,,,,,,,Mecânicos,,,,,,,,,,,,,,,,,,
nissan,Gt-r,gt-r,gt-r-premium-3-8-v6-biturbo-2017,gt-r-premium-3-8-v6-biturbo-2017,https://www.fichacompleta.com.br/carros/nissan/gt-r-premium-3-8-v6-biturbo-2017,2026-06-15T15:46:31.354485,Nissan Gt-r Premium 3.8 V6 biturbo 2017,"2,8 s",320 km/h,Embreagem dupla banhada a óleo,Automatizado,,,Integral permanente,Injeção direta,Turbocompressor,3799 cm³,6 em V,VR38DETT,"Duplo no cabeçote, corrente","88,4 mm","95,5 mm",Longitudinal,Dianteiro,"3,1 kg/cv","27,0 kg/kgfm","150,6 cv/litro",572 cv a 6800 rpm,9:1,,,"17,1 kgfm/litro","64,9 kgfm a 3300 rpm",4,1370 mm,1590 mm,1600 mm,4710 mm,2780 mm,1895 mm,1752 kg,315 litros,74 litros,100 mm,Disco ventilado,Disco ventilado,Hidráulica,,"Independente, braços sobrepostos",Mola helicoidal,"Independente, multibraço",592 km,459 km,8 km/l,"6,2 km/l",6,,,"12,2 m",,,,Admissão,,"2,21 m²","0,575 m²",,"0,26",448 kg,7100 rpm,,,105 mm,,,,,,,,,,,,,,,,,,,,,,,,Mecânicos,,,,,,,,,,,,,,,,,,
nissan,Gt-r,gt-r,gt-r-premium-3-8-v6-biturbo-2019,gt-r-premium-3-8-v6-biturbo-2019,https://www.fichacompleta.com.br/carros/nissan/gt-r-premium-3-8-v6-biturbo-2019,2026-06-15T15:46:35.575968,Nissan Gt-r Premium 3.8 V6 biturbo 2019,"2,8 s",320 km/h,Embreagem dupla banhada a óleo,Automatizado,,6,Integral permanente,Injeção direta,Turbocompressor,3799 cm³,6 em V,VR38DETT,Duplo no cabeçote,"88,4 mm","95,5 mm",Longitudinal,Dianteiro,"3,1 kg/cv","27,0 kg/kgfm","150,6 cv/litro",572 cv,9:1,6800 rpm,3300 rpm,"17,1 kgfm/litro","64,9 kgfm",4,1370 mm,1590 mm,1600 mm,4710 mm,2780 mm,1895 mm,1752 kg,315 litros,74 litros,100 mm,Disco ventilado,Disco ventilado,Hidráulica,"12,2 m","Indep., braços sobrepostos",Mola helicoidal,"Indep., multibraço",607 km,451 km,"8,2 km/l","6,1 km/l",,,,,,,Corrente,Admissão,,"2,21 m²","0,575 m²","0,26",,448 kg,7100 rpm,,,105 mm,,,,,,,,,,,,,,,,,,,,,,,,Mecânicos,,,,,,,,,,,,,,,,,,
nissan,Kait,kait,kait-active-1-6-2026,kait-active-1-6-2026,https://www.fichacompleta.com.br/carros/nissan/kait-active-1-6-2026,2026-06-15T15:46:52.765291,Nissan Kait Active 1.6 2026,"11,8 s",175 km/h,Conversor de torque,CVT,Jatco X-Tronic,6,Dianteira,Injeção multiponto,Natural,,4 em linha,HR16DE,Duplo no cabeçote,"83,6 mm",78 mm,Transversal,Dianteiro,"10,08 kg/cv","74,9 kg/kgfm","70,7 cv/litro",,"10,7:1",5600 rpm,4000 rpm,"9,5 kgfm/litro",,4,1611 mm,1520 mm,1535 mm,4304 mm,2620 mm,1760 mm,1139 kg,432 litros,41 litros,113 mm,Disco ventilado,Tambor,Elétrica,"10,2 m","Indep., McPherson",Mola helicoidal,Eixo de torção,562 km,463 km,"13,7 km/l","11,3 km/l",,,,,,,Corrente,Admissão e escape,125/90 R15,,,,,,6750 rpm,,,200 mm,,,,,,,,,,399 cm³,1598 cm³,,,,,,,,,,,,5W-30 ³,Mecânicos,113 cv,110 cv,"15,2 kgfm","14,9 kgfm",385 km,320 km,"9,4 km/l","7,8 km/l",,,,,,,,,,
nissan,Kait,kait,kait-advance-plus-1-6-2026,kait-advance-plus-1-6-2026,https://www.fichacompleta.com.br/carros/nissan/kait-advance-plus-1-6-2026,2026-06-15T15:46:56.819532,Nissan Kait Advance Plus 1.6 2026,"11,8 s",175 km/h,Conversor de torque,CVT,Jatco X-Tronic,6,Dianteira,Injeção multiponto,Natural,,4 em linha,HR16DE,Duplo no cabeçote,"83,6 mm",78 mm,Transversal,Dianteiro,"10,08 kg/cv","74,9 kg/kgfm","70,7 cv/litro",,"10,7:1",5600 rpm,4000 rpm,"9,5 kgfm/litro",,4,1611 mm,1520 mm,1535 mm,4304 mm,2620 mm,1760 mm,1139 kg,432 litros,41 litros,113 mm,Disco ventilado,Tambor,Elétrica,"10,2 m","Indep., McPherson",Mola helicoidal,Eixo de torção,562 km,463 km,"13,7 km/l","11,3 km/l",,,,,,,Corrente,Admissão e escape,125/90 R15,,,,,,6750 rpm,,,200 mm,,,,,,,,,,399 cm³,1598 cm³,,,,,,,,,,,,5W-30 ³,Mecânicos,113 cv,110 cv,"15,2 kgfm","14,9 kgfm",385 km,320 km,"9,4 km/l","7,8 km/l",,,,,,,,,,
nissan,Kait,kait,kait-exclusive-1-6-2026,kait-exclusive-1-6-2026,https://www.fichacompleta.com.br/carros/nissan/kait-exclusive-1-6-2026,2026-06-15T15:47:01.215805,Nissan Kait Exclusive 1.6 2026,"11,8 s",175 km/h,Conversor de torque,CVT,Jatco X-Tronic,6,Dianteira,Injeção multiponto,Natural,,4 em linha,HR16DE,Duplo no cabeçote,"83,6 mm",78 mm,Transversal,Dianteiro,"10,24 kg/cv","76,1 kg/kgfm","70,7 cv/litro",,"10,7:1",5600 rpm,4000 rpm,"9,5 kgfm/litro",,4,1611 mm,1520 mm,1535 mm,4304 mm,2620 mm,1760 mm,1157 kg,432 litros,41 litros,113 mm,Disco ventilado,Tambor,Elétrica,"10,2 m","Indep., McPherson",Mola helicoidal,Eixo de torção,562 km,463 km,"13,7 km/l","11,3 km/l",,,,,,,Corrente,Admissão e escape,125/90 R15,,,,,,6750 rpm,,,200 mm,,,,,,,,,,399 cm³,1598 cm³,,,,,,,,,,,,5W-30 ³,Mecânicos,113 cv,110 cv,"15,2 kgfm","14,9 kgfm",385 km,320 km,"9,4 km/l","7,8 km/l",,,,,,,,,,
nissan,Kait,kait,kait-sense-plus-1-6-2026,kait-sense-plus-1-6-2026,https://www.fichacompleta.com.br/carros/nissan/kait-sense-plus-1-6-2026,2026-06-15T15:47:05.370523,Nissan Kait Sense Plus 1.6 2026,"11,8 s",175 km/h,Conversor de torque,CVT,Jatco X-Tronic,6,Dianteira,Injeção multiponto,Natural,,4 em linha,HR16DE,Duplo no cabeçote,"83,6 mm",78 mm,Transversal,Dianteiro,"10,08 kg/cv","74,9 kg/kgfm","70,7 cv/litro",,"10,7:1",5600 rpm,4000 rpm,"9,5 kgfm/litro",,4,1611 mm,1520 mm,1535 mm,4304 mm,2620 mm,1760 mm,1139 kg,432 litros,41 litros,113 mm,Disco ventilado,Tambor,Elétrica,"10,2 m","Indep., McPherson",Mola helicoidal,Eixo de torção,562 km,463 km,"13,7 km/l","11,3 km/l",,,,,,,Corrente,Admissão e escape,125/90 R15,,,,,,6750 rpm,,,200 mm,,,,,,,,,,399 cm³,1598 cm³,,,,,,,,,,,,5W-30 ³,Mecânicos,113 cv,110 cv,"15,2 kgfm","14,9 kgfm",385 km,320 km,"9,4 km/l","7,8 km/l",,,,,,,,,,
nissan,Kicks,kicks,kicks-rio-2016-1-6-at-2017,kicks-rio-2016-1-6-at-2017,https://www.fichacompleta.com.br/carros/nissan/kicks-rio-2016-1-6-at-2017,2026-06-15T15:47:43.873201,Nissan Kicks Rio 2016 1.6 AT 2017,12 s,175 km/h,Conversor de torque,CVT,Jatco X-Tronic,,Dianteira,Injeção multiponto,Natural,1598 cm³,4 em linha,HR16DE,"Duplo no cabeçote, corrente","83,6 mm",78 mm,Transversal,Dianteiro,"10,0 kg/cv","73,7 kg/kgfm","71,3 cv/litro",114 cv (A) 114 cv (G) a 5600 rpm,"10,7:1",,,"9,7 kgfm/litro","15,5 kgfm (A) 15,5 kgfm (G) a 4000 rpm",4,1590 mm,,,4295 mm,2620 mm,1760 mm,1142 kg,432 litros,41 litros,113 mm,Disco ventilado,Tambor,Elétrica,,"Independente, McPherson",Mola helicoidal,Eixo de torção,562 km,467 km,"13,7 km/l","11,4 km/l",6,,,"10,2 m",,,,Admissão e escape,205/55 R17,"2,38 m²","0,821 m²",,"0,345",421 kg,6750 rpm,20 graus,28 graus,200 mm,,,,,,,,,,,,,,,,,,,,,,,,Mecânicos,,,,,385 km,316 km,"9,4 km/l","7,7 km/l",300 mm,,,,,,,,,
nissan,Kicks,kicks,kicks-sl-1-6-at-2017,kicks-sl-1-6-at-2017,https://www.fichacompleta.com.br/carros/nissan/kicks-sl-1-6-at-2017,2026-06-15T15:47:46.263842,Nissan Kicks SL 1.6 AT 2017,12 s,175 km/h,Conversor de torque,CVT,Jatco X-Tronic,,Dianteira,Injeção multiponto,Natural,1598 cm³,4 em linha,HR16DE,"Duplo no cabeçote, corrente","83,6 mm",78 mm,Transversal,Dianteiro,"10,0 kg/cv","73,7 kg/kgfm","71,3 cv/litro",114 cv (A) 114 cv (G) a 5600 rpm,"10,7:1",,,"9,7 kgfm/litro","15,5 kgfm (A) 15,5 kgfm (G) a 4000 rpm",4,1590 mm,,,4295 mm,2620 mm,1760 mm,1142 kg,432 litros,41 litros,113 mm,Disco ventilado,Tambor,Elétrica,,"Independente, McPherson",Mola helicoidal,Eixo de torção,562 km,467 km,"13,7 km/l","11,4 km/l",6,,,"10,2 m",,,,Admissão e escape,205/55 R17,"2,38 m²","0,821 m²",,"0,345",421 kg,6750 rpm,20 graus,28 graus,200 mm,,,,,,,,,,,,,,,,,,,,,,,,Mecânicos,,,,,385 km,316 km,"9,4 km/l","7,7 km/l",300 mm,,,,,,,,,
nissan,Kicks,kicks,kicks-sv-limited-1-6-at-2017,kicks-sv-limited-1-6-at-2017,https://www.fichacompleta.com.br/carros/nissan/kicks-sv-limited-1-6-at-2017,2026-06-15T15:47:49.654638,Nissan Kicks SV Limited 1.6 AT 2017,12 s,175 km/h,Conversor de torque,CVT,Jatco X-Tronic,,Dianteira,Injeção multiponto,Natural,1598 cm³,4 em linha,HR16DE,"Duplo no cabeçote, corrente","83,6 mm",78 mm,Transversal,Dianteiro,"9,9 kg/cv","73,1 kg/kgfm","71,3 cv/litro",114 cv (A) 114 cv (G) a 5600 rpm,"10,7:1",,,"9,7 kgfm/litro","15,5 kgfm (A) 15,5 kgfm (G) a 4000 rpm",4,1590 mm,,,4295 mm,2620 mm,1760 mm,1133 kg,432 litros,41 litros,113 mm,Disco ventilado,Tambor,Elétrica,,"Independente, McPherson",Mola helicoidal,Eixo de torção,562 km,467 km,"13,7 km/l","11,4 km/l",6,,,"10,2 m",,,,Admissão e escape,205/55 R17,"2,38 m²","0,821 m²",,"0,345",421 kg,6750 rpm,20 graus,28 graus,200 mm,,,,,,,,,,,,,,,,,,,,,,,,Mecânicos,,,,,385 km,316 km,"9,4 km/l","7,7 km/l",300 mm,,,,,,,,,
nissan,Kicks,kicks,kicks-s-1-6-2018,kicks-s-1-6-2018,https://www.fichacompleta.com.br/carros/nissan/kicks-s-1-6-2018,2026-06-15T15:47:54.273732,Nissan Kicks S 1.6 2018,11 s,175 km/h,Embreagem monodisco a seco,Manual,,,Dianteira,Injeção multiponto,Natural,1598 cm³,4 em linha,HR16DE,"Duplo no cabeçote, corrente","83,6 mm",78 mm,Transversal,Dianteiro,"9,7 kg/cv","71,5 kg/kgfm","71,3 cv/litro",114 cv (A) 114 cv (G) a 5600 rpm,"10,7:1",,,"9,7 kgfm/litro","15,5 kgfm (A) 15,5 kgfm (G) a 4000 rpm",4,1590 mm,,,4295 mm,2620 mm,1760 mm,1109 kg,432 litros,41 litros,123 mm,Disco ventilado,Tambor,Elétrica,,"Independente, McPherson",Mola helicoidal,Eixo de torção,533 km,455 km,13 km/l,"11,1 km/l",5,,,"10,2 m",,,,Admissão e escape,185/65 R15,"2,38 m²","0,821 m²",,"0,345",421 kg,6750 rpm,20 graus,28 graus,200 mm,,,,,,,,,,,,,,,,,,,,,,,,Mecânicos,,,,,369 km,320 km,9 km/l,"7,8 km/l",300 mm,,,,,,,,,
nissan,Kicks,kicks,kicks-s-1-6-at-2018,kicks-s-1-6-at-2018,https://www.fichacompleta.com.br/carros/nissan/kicks-s-1-6-at-2018,2026-06-15T15:47:58.784014,Nissan Kicks S 1.6 AT 2018,12 s,175 km/h,Conversor de torque,CVT,Jatco X-Tronic,,Dianteira,Injeção multiponto,Natural,1598 cm³,4 em linha,HR16DE,"Duplo no cabeçote, corrente","83,6 mm",78 mm,Transversal,Dianteiro,"9,9 kg/cv","72,8 kg/kgfm","71,3 cv/litro",114 cv (A) 114 cv (G) a 5600 rpm,"10,7:1",,,"9,7 kgfm/litro","15,5 kgfm (A) 15,5 kgfm (G) a 4000 rpm",4,1590 mm,,,4295 mm,2620 mm,1760 mm,1129 kg,432 litros,41 litros,123 mm,Disco ventilado,Tambor,Elétrica,,"Independente, McPherson",Mola helicoidal,Eixo de torção,562 km,467 km,"13,7 km/l","11,4 km/l",6,,,"10,2 m",,,,Admissão e escape,185/65 R15,"2,38 m²","0,821 m²",,"0,345",421 kg,6750 rpm,20 graus,28 graus,200 mm,,,,,,,,,,,,,,,,,,,,,,,,Mecânicos,,,,,385 km,316 km,"9,4 km/l","7,7 km/l",300 mm,,,,,,,,,
nissan,Kicks,kicks,kicks-s-direct-1-6-at-pcd-2018,kicks-s-direct-1-6-at-pcd-2018,https://www.fichacompleta.com.br/carros/nissan/kicks-s-direct-1-6-at-pcd-2018,2026-06-15T15:48:01.935723,Nissan Kicks S Direct 1.6 AT [PCD] 2018,12 s,175 km/h,Conversor de torque,CVT,Jatco X-Tronic,,Dianteira,Injeção multiponto,Natural,1598 cm³,4 em linha,HR16DE,"Duplo no cabeçote, corrente","83,6 mm",78 mm,Transversal,Dianteiro,"9,9 kg/cv","72,8 kg/kgfm","71,3 cv/litro",114 cv (A) 114 cv (G) a 5600 rpm,"10,7:1",,,"9,7 kgfm/litro","15,5 kgfm (A) 15,5 kgfm (G) a 4000 rpm",4,1590 mm,,,4295 mm,2620 mm,1760 mm,1129 kg,432 litros,41 litros,123 mm,Disco ventilado,Tambor,Elétrica,,"Independente, McPherson",Mola helicoidal,Eixo de torção,562 km,467 km,"13,7 km/l","11,4 km/l",6,,,"10,2 m",,,,Admissão e escape,185/65 R15,"2,38 m²","0,821 m²",,"0,345",421 kg,6750 rpm,20 graus,28 graus,200 mm,,,,,,,,,,,,,,,,,,,,,,,,Mecânicos,,,,,385 km,316 km,"9,4 km/l","7,7 km/l",300 mm,,,,,,,,,
nissan,Kicks,kicks,kicks-sl-1-6-at-2018,kicks-sl-1-6-at-2018,https://www.fichacompleta.com.br/carros/nissan/kicks-sl-1-6-at-2018,2026-06-15T15:48:05.543213,Nissan Kicks SL 1.6 AT 2018,12 s,175 km/h,Conversor de torque,CVT,Jatco X-Tronic,,Dianteira,Injeção multiponto,Natural,1598 cm³,4 em linha,HR16DE,"Duplo no cabeçote, corrente","83,6 mm",78 mm,Transversal,Dianteiro,"10,0 kg/cv","73,7 kg/kgfm","71,3 cv/litro",114 cv (A) 114 cv (G) a 5600 rpm,"10,7:1",,,"9,7 kgfm/litro","15,5 kgfm (A) 15,5 kgfm (G) a 4000 rpm",4,1590 mm,,,4295 mm,2620 mm,1760 mm,1142 kg,432 litros,41 litros,113 mm,Disco ventilado,Tambor,Elétrica,,"Independente, McPherson",Mola helicoidal,Eixo de torção,562 km,467 km,"13,7 km/l","11,4 km/l",6,,,"10,2 m",,,,Admissão e escape,185/65 R15,"2,38 m²","0,821 m²",,"0,345",421 kg,6750 rpm,20 graus,28 graus,200 mm,,,,,,,,,,,,,,,,,,,,,,,,Mecânicos,,,,,385 km,316 km,"9,4 km/l","7,7 km/l",300 mm,,,,,,,,,
nissan,Kicks,kicks,kicks-sv-1-6-2018,kicks-sv-1-6-2018,https://www.fichacompleta.com.br/carros/nissan/kicks-sv-1-6-2018,2026-06-15T15:48:14.264242,Nissan Kicks SV 1.6 2018,12 s,175 km/h,Conversor de torque,CVT,Jatco X-Tronic,6,Dianteira,Injeção multiponto,Natural,,4 em linha,HR16DE,Duplo no cabeçote,"83,6 mm",78 mm,Transversal,Dianteiro,"9,94 kg/cv","73,1 kg/kgfm","71,3 cv/litro",,"10,7:1",5600 rpm,4000 rpm,"9,7 kgfm/litro",,4,1590 mm,,,4295 mm,2620 mm,1760 mm,1133 kg,432 litros,41 litros,113 mm,Disco ventilado,Tambor,Elétrica,"10,2 m","Indep., McPherson",Mola helicoidal,Eixo de torção,562 km,467 km,"13,7 km/l","11,4 km/l",,,,,,,Corrente,Admissão e escape,185/65 R15,"2,38 m²","0,821 m²","0,345",,421 kg,6750 rpm,20 graus,28 graus,200 mm,,,,,,,,,,399 cm³,1598 cm³,,,,,,,,,,,,5W-30 ³,Mecânicos,114 cv,114 cv,"15,5 kgfm","15,5 kgfm",385 km,316 km,"9,4 km/l","7,7 km/l",300 mm,,,,,,,,,
nissan,Kicks,kicks,kicks-sv-1-6-at-2018,kicks-sv-1-6-at-2018,https://www.fichacompleta.com.br/carros/nissan/kicks-sv-1-6-at-2018,2026-06-15T15:48:17.050475,Nissan Kicks SV 1.6 AT 2018,12 s,175 km/h,Conversor de torque,CVT,Jatco X-Tronic,,Dianteira,Injeção multiponto,Natural,1598 cm³,4 em linha,HR16DE,"Duplo no cabeçote, corrente","83,6 mm",78 mm,Transversal,Dianteiro,"9,9 kg/cv","73,1 kg/kgfm","71,3 cv/litro",114 cv (A) 114 cv (G) a 5600 rpm,"10,7:1",,,"9,7 kgfm/litro","15,5 kgfm (A) 15,5 kgfm (G) a 4000 rpm",4,1590 mm,,,4295 mm,2620 mm,1760 mm,1133 kg,432 litros,41 litros,113 mm,Disco ventilado,Tambor,Elétrica,,"Independente, McPherson",Mola helicoidal,Eixo de torção,562 km,467 km,"13,7 km/l","11,4 km/l",6,,,"10,2 m",,,,Admissão e escape,185/65 R15,"2,38 m²","0,821 m²",,"0,345",421 kg,6750 rpm,20 graus,28 graus,200 mm,,,,,,,,,,,,,,,,,,,,,,,,Mecânicos,,,,,385 km,316 km,"9,4 km/l","7,7 km/l",300 mm,,,,,,,,,
nissan,Kicks,kicks,kicks-s-1-6-2019,kicks-s-1-6-2019,https://www.fichacompleta.com.br/carros/nissan/kicks-s-1-6-2019,2026-06-15T15:48:21.561760,Nissan Kicks S 1.6 2019,11 s,175 km/h,Embreagem monodisco a seco,Manual,,,Dianteira,Injeção multiponto,Natural,1598 cm³,4 em linha,HR16DE,"Duplo no cabeçote, corrente","83,6 mm",78 mm,Transversal,Dianteiro,"9,7 kg/cv","71,5 kg/kgfm","71,3 cv/litro",114 cv (A) 114 cv (G) a 5600 rpm,"10,7:1",,,"9,7 kgfm/litro","15,5 kgfm (A) 15,5 kgfm (G) a 4000 rpm",4,1590 mm,,,4295 mm,2620 mm,1760 mm,1109 kg,432 litros,41 litros,123 mm,Disco ventilado,Tambor,Elétrica,,"Independente, McPherson",Mola helicoidal,Eixo de torção,533 km,455 km,13 km/l,"11,1 km/l",5,,,"10,2 m",,,,Admissão e escape,185/65 R15,"2,38 m²","0,821 m²",,"0,345",421 kg,6750 rpm,20 graus,28 graus,200 mm,,,,,,,,,,,,,,,,,,,,,,,,Mecânicos,,,,,369 km,320 km,9 km/l,"7,8 km/l",300 mm,,,,,,,,,
nissan,Kicks,kicks,kicks-s-1-6-at-2019,kicks-s-1-6-at-2019,https://www.fichacompleta.com.br/carros/nissan/kicks-s-1-6-at-2019,2026-06-15T15:48:25.944353,Nissan Kicks S 1.6 AT 2019,12 s,175 km/h,Conversor de torque,CVT,Jatco X-Tronic,6,Dianteira,Injeção multiponto,Natural,1598 cm³,4 em linha,HR16DE,Duplo no cabeçote,"83,6 mm",78 mm,Transversal,Dianteiro,"9,9 kg/cv","72,8 kg/kgfm","71,3 cv/litro",,"10,7:1",5600 rpm,4000 rpm,"9,7 kgfm/litro",,4,1590 mm,,,4295 mm,2620 mm,1760 mm,1129 kg,432 litros,41 litros,123 mm,Disco ventilado,Tambor,Elétrica,"10,2 m","Indep., McPherson",Mola helicoidal,Eixo de torção,562 km,467 km,"13,7 km/l","11,4 km/l",,,,,,,Corrente,Admissão e escape,185/65 R15,"2,38 m²","0,821 m²","0,345",,421 kg,6750 rpm,20 graus,28 graus,200 mm,,,,,,,,,,,,,,,,,,,,,,,,Mecânicos,114 cv,114 cv,"15,5 kgfm","15,5 kgfm",385 km,316 km,"9,4 km/l","7,7 km/l",300 mm,,,,,,,,,
nissan,Kicks,kicks,kicks-s-direct-1-6-at-pcd-2019,kicks-s-direct-1-6-at-pcd-2019,https://www.fichacompleta.com.br/carros/nissan/kicks-s-direct-1-6-at-pcd-2019,2026-06-15T15:48:30.022116,Nissan Kicks S Direct 1.6 AT [PCD] 2019,12 s,175 km/h,Conversor de torque,CVT,Jatco X-Tronic,,Dianteira,Injeção multiponto,Natural,1598 cm³,4 em linha,HR16DE,"Duplo no cabeçote, corrente","83,6 mm",78 mm,Transversal,Dianteiro,"9,9 kg/cv","72,8 kg/kgfm","71,3 cv/litro",114 cv (A) 114 cv (G) a 5600 rpm,"10,7:1",,,"9,7 kgfm/litro","15,5 kgfm (A) 15,5 kgfm (G) a 4000 rpm",4,1590 mm,,,4295 mm,2620 mm,1760 mm,1129 kg,432 litros,41 litros,123 mm,Disco ventilado,Tambor,Elétrica,,"Independente, McPherson",Mola helicoidal,Eixo de torção,562 km,467 km,"13,7 km/l","11,4 km/l",6,,,"10,2 m",,,,Admissão e escape,185/65 R15,"2,38 m²","0,821 m²",,"0,345",421 kg,6750 rpm,20 graus,28 graus,200 mm,,,,,,,,,,,,,,,,,,,,,,,,Mecânicos,,,,,385 km,316 km,"9,4 km/l","7,7 km/l",300 mm,,,,,,,,,
nissan,Kicks,kicks,kicks-sl-1-6-at-2019,kicks-sl-1-6-at-2019,https://www.fichacompleta.com.br/carros/nissan/kicks-sl-1-6-at-2019,2026-06-15T15:48:33.952925,Nissan Kicks SL 1.6 AT 2019,12 s,175 km/h,Conversor de torque,CVT,Jatco X-Tronic,,Dianteira,Injeção multiponto,Natural,1598 cm³,4 em linha,HR16DE,"Duplo no cabeçote, corrente","83,6 mm",78 mm,Transversal,Dianteiro,"10,0 kg/cv","73,7 kg/kgfm","71,3 cv/litro",114 cv (A) 114 cv (G) a 5600 rpm,"10,7:1",,,"9,7 kgfm/litro","15,5 kgfm (A) 15,5 kgfm (G) a 4000 rpm",4,1590 mm,,,4295 mm,2620 mm,1760 mm,1142 kg,432 litros,41 litros,113 mm,Disco ventilado,Tambor,Elétrica,,"Independente, McPherson",Mola helicoidal,Eixo de torção,562 km,467 km,"13,7 km/l","11,4 km/l",6,,,"10,2 m",,,,Admissão e escape,185/65 R15,"2,38 m²","0,821 m²",,"0,345",421 kg,6750 rpm,20 graus,28 graus,200 mm,,,,,,,,,,,,,,,,,,,,,,,,Mecânicos,,,,,385 km,316 km,"9,4 km/l","7,7 km/l",300 mm,,,,,,,,,
nissan,Kicks,kicks,kicks-sv-1-6-at-2019,kicks-sv-1-6-at-2019,https://www.fichacompleta.com.br/carros/nissan/kicks-sv-1-6-at-2019,2026-06-15T15:48:37.519107,Nissan Kicks SV 1.6 AT 2019,12 s,175 km/h,Conversor de torque,CVT,Jatco X-Tronic,,Dianteira,Injeção multiponto,Natural,1598 cm³,4 em linha,HR16DE,"Duplo no cabeçote, corrente","83,6 mm",78 mm,Transversal,Dianteiro,"9,9 kg/cv","73,1 kg/kgfm","71,3 cv/litro",114 cv (A) 114 cv (G) a 5600 rpm,"10,7:1",,,"9,7 kgfm/litro","15,5 kgfm (A) 15,5 kgfm (G) a 4000 rpm",4,1590 mm,,,4295 mm,2620 mm,1760 mm,1133 kg,432 litros,41 litros,113 mm,Disco ventilado,Tambor,Elétrica,,"Independente, McPherson",Mola helicoidal,Eixo de torção,562 km,467 km,"13,7 km/l","11,4 km/l",6,,,"10,2 m",,,,Admissão e escape,185/65 R15,"2,38 m²","0,821 m²",,"0,345",421 kg,6750 rpm,20 graus,28 graus,200 mm,,,,,,,,,,,,,,,,,,,,,,,,Mecânicos,,,,,385 km,316 km,"9,4 km/l","7,7 km/l",300 mm,,,,,,,,,
nissan,Kicks,kicks,kicks-uefa-champions-league-1-6-at-2019,kicks-uefa-champions-league-1-6-at-2019,https://www.fichacompleta.com.br/carros/nissan/kicks-uefa-champions-league-1-6-at-2019,2026-06-15T15:48:41.354644,Nissan Kicks UEFA Champions League 1.6 AT 2019,12 s,175 km/h,Conversor de torque,CVT,Jatco X-Tronic,6,Dianteira,Injeção multiponto,Natural,1598 cm³,4 em linha,HR16DE,Duplo no cabeçote,"83,6 mm",78 mm,Transversal,Dianteiro,"10,0 kg/cv","73,5 kg/kgfm","71,3 cv/litro",,"10,7:1",5600 rpm,4000 rpm,"9,7 kgfm/litro",,4,1590 mm,,,4295 mm,2620 mm,1760 mm,1140 kg,432 litros,41 litros,113 mm,Disco ventilado,Tambor,Elétrica,"10,2 m","Indep., McPherson",Mola helicoidal,Eixo de torção,562 km,467 km,"13,7 km/l","11,4 km/l",,,,,,,Corrente,Admissão e escape,185/65 R15,"2,38 m²","0,821 m²","0,345",,421 kg,6750 rpm,20 graus,28 graus,200 mm,,,,,,,,,,,,,,,,,,,,,,,,Mecânicos,114 cv,114 cv,"15,5 kgfm","15,5 kgfm",385 km,316 km,"9,4 km/l","7,7 km/l",300 mm,,,,,,,,,
nissan,Kicks,kicks,kicks-s-1-6-2020,kicks-s-1-6-2020,https://www.fichacompleta.com.br/carros/nissan/kicks-s-1-6-2020,2026-06-15T15:48:44.195003,Nissan Kicks S 1.6 2020,11 s,175 km/h,Embreagem monodisco a seco,Manual,,5,Dianteira,Injeção multiponto,Natural,1598 cm³,4 em linha,HR16DE,Duplo no cabeçote,"83,6 mm",78 mm,Transversal,Dianteiro,"9,7 kg/cv","71,5 kg/kgfm","71,3 cv/litro",,"10,7:1",5600 rpm,4000 rpm,"9,7 kgfm/litro",,4,1590 mm,,,4295 mm,2620 mm,1760 mm,1109 kg,432 litros,41 litros,123 mm,Disco ventilado,Tambor,Elétrica,"10,2 m","Indep., McPherson",Mola helicoidal,Eixo de torção,533 km,455 km,13 km/l,"11,1 km/l",,,,,,,Corrente,Admissão e escape,185/65 R15,"2,38 m²","0,821 m²","0,345",,421 kg,6750 rpm,20 graus,28 graus,200 mm,,,,,,,,,,,,,,,,,,,,,,,,Mecânicos,114 cv,114 cv,"15,5 kgfm","15,5 kgfm",369 km,320 km,9 km/l,"7,8 km/l",300 mm,,,,,,,,,
nissan,Kicks,kicks,kicks-s-1-6-at-2020,kicks-s-1-6-at-2020,https://www.fichacompleta.com.br/carros/nissan/kicks-s-1-6-at-2020,2026-06-15T15:48:46.694174,Nissan Kicks S 1.6 AT 2020,12 s,175 km/h,Conversor de torque,CVT,Jatco X-Tronic,6,Dianteira,Injeção multiponto,Natural,1598 cm³,4 em linha,HR16DE,Duplo no cabeçote,"83,6 mm",78 mm,Transversal,Dianteiro,"9,9 kg/cv","72,8 kg/kgfm","71,3 cv/litro",,"10,7:1",5600 rpm,4000 rpm,"9,7 kgfm/litro",,4,1590 mm,,,4295 mm,2620 mm,1760 mm,1129 kg,432 litros,41 litros,123 mm,Disco ventilado,Tambor,Elétrica,"10,2 m","Indep., McPherson",Mola helicoidal,Eixo de torção,562 km,467 km,"13,7 km/l","11,4 km/l",,,,,,,Corrente,Admissão e escape,185/65 R15,"2,38 m²","0,821 m²","0,345",,421 kg,6750 rpm,20 graus,28 graus,200 mm,,,,,,,,,,,,,,,,,,,,,,,,Mecânicos,114 cv,114 cv,"15,5 kgfm","15,5 kgfm",385 km,316 km,"9,4 km/l","7,7 km/l",300 mm,,,,,,,,,
nissan,Kicks,kicks,kicks-s-direct-1-6-at-pcd-2020,kicks-s-direct-1-6-at-pcd-2020,https://www.fichacompleta.com.br/carros/nissan/kicks-s-direct-1-6-at-pcd-2020,2026-06-15T15:48:49.938057,Nissan Kicks S Direct 1.6 AT [PCD] 2020,12 s,175 km/h,Conversor de torque,CVT,Jatco X-Tronic,6,Dianteira,Injeção multiponto,Natural,1598 cm³,4 em linha,HR16DE,Duplo no cabeçote,"83,6 mm",78 mm,Transversal,Dianteiro,"9,9 kg/cv","72,8 kg/kgfm","71,3 cv/litro",,"10,7:1",5600 rpm,4000 rpm,"9,7 kgfm/litro",,4,1590 mm,,,4295 mm,2620 mm,1760 mm,1129 kg,432 litros,41 litros,123 mm,Disco ventilado,Tambor,Elétrica,"10,2 m","Indep., McPherson",Mola helicoidal,Eixo de torção,562 km,467 km,"13,7 km/l","11,4 km/l",,,,,,,Corrente,Admissão e escape,185/65 R15,"2,38 m²","0,821 m²","0,345",,421 kg,6750 rpm,20 graus,28 graus,200 mm,,,,,,,,,,,,,,,,,,,,,,,,Mecânicos,114 cv,114 cv,"15,5 kgfm","15,5 kgfm",385 km,316 km,"9,4 km/l","7,7 km/l",300 mm,,,,,,,,,
nissan,Kicks,kicks,kicks-sl-1-6-at-2020,kicks-sl-1-6-at-2020,https://www.fichacompleta.com.br/carros/nissan/kicks-sl-1-6-at-2020,2026-06-15T15:48:53.661254,Nissan Kicks SL 1.6 AT 2020,12 s,175 km/h,Conversor de torque,CVT,Jatco X-Tronic,6,Dianteira,Injeção multiponto,Natural,1598 cm³,4 em linha,HR16DE,Duplo no cabeçote,"83,6 mm",78 mm,Transversal,Dianteiro,"10,0 kg/cv","73,7 kg/kgfm","71,3 cv/litro",,"10,7:1",5600 rpm,4000 rpm,"9,7 kgfm/litro",,4,1590 mm,,,4295 mm,2620 mm,1760 mm,1142 kg,432 litros,41 litros,113 mm,Disco ventilado,Tambor,Elétrica,"10,2 m","Indep., McPherson",Mola helicoidal,Eixo de torção,562 km,467 km,"13,7 km/l","11,4 km/l",,,,,,,Corrente,Admissão e escape,185/65 R15,"2,38 m²","0,821 m²","0,345",,421 kg,6750 rpm,20 graus,28 graus,200 mm,,,,,,,,,,,,,,,,,,,,,,,,Mecânicos,114 cv,114 cv,"15,5 kgfm","15,5 kgfm",385 km,316 km,"9,4 km/l","7,7 km/l",300 mm,,,,,,,,,
nissan,Kicks,kicks,kicks-special-edition-1-6-2020,kicks-special-edition-1-6-2020,https://www.fichacompleta.com.br/carros/nissan/kicks-special-edition-1-6-2020,2026-06-15T15:48:56.831353,Nissan Kicks Special Edition 1.6 2020,11 s,175 km/h,Embreagem monodisco a seco,Manual,,5,Dianteira,Injeção multiponto,Natural,1598 cm³,4 em linha,HR16DE,Duplo no cabeçote,"83,6 mm",78 mm,Transversal,Dianteiro,"9,7 kg/cv","71,5 kg/kgfm","71,3 cv/litro",,"10,7:1",5600 rpm,4000 rpm,"9,7 kgfm/litro",,4,1590 mm,,,4295 mm,2620 mm,1760 mm,1109 kg,432 litros,41 litros,123 mm,Disco ventilado,Tambor,Elétrica,"10,2 m","Indep., McPherson",Mola helicoidal,Eixo de torção,533 km,455 km,13 km/l,"11,1 km/l",,,,,,,Corrente,Admissão e escape,185/65 R15,"2,38 m²","0,821 m²","0,345",,421 kg,6750 rpm,20 graus,28 graus,200 mm,,,,,,,,,,,,,,,,,,,,,,,,Mecânicos,114 cv,114 cv,"15,5 kgfm","15,5 kgfm",369 km,320 km,9 km/l,"7,8 km/l",300 mm,,,,,,,,,
nissan,Kicks,kicks,kicks-special-edition-1-6-at-2020,kicks-special-edition-1-6-at-2020,https://www.fichacompleta.com.br/carros/nissan/kicks-special-edition-1-6-at-2020,2026-06-15T15:49:00.601725,Nissan Kicks Special Edition 1.6 AT 2020,12 s,175 km/h,Conversor de torque,CVT,Jatco X-Tronic,6,Dianteira,Injeção multiponto,Natural,1598 cm³,4 em linha,HR16DE,Duplo no cabeçote,"83,6 mm",78 mm,Transversal,Dianteiro,"9,9 kg/cv","72,8 kg/kgfm","71,3 cv/litro",,"10,7:1",5600 rpm,4000 rpm,"9,7 kgfm/litro",,4,1590 mm,,,4295 mm,2620 mm,1760 mm,1129 kg,432 litros,41 litros,123 mm,Disco ventilado,Tambor,Elétrica,"10,2 m","Indep., McPherson",Mola helicoidal,Eixo de torção,562 km,467 km,"13,7 km/l","11,4 km/l",,,,,,,Corrente,Admissão e escape,185/65 R15,"2,38 m²","0,821 m²","0,345",,421 kg,6750 rpm,20 graus,28 graus,200 mm,,,,,,,,,,,,,,,,,,,,,,,,Mecânicos,114 cv,114 cv,"15,5 kgfm","15,5 kgfm",385 km,316 km,"9,4 km/l","7,7 km/l",300 mm,,,,,,,,,
nissan,Kicks,kicks,kicks-sv-1-6-at-2020,kicks-sv-1-6-at-2020,https://www.fichacompleta.com.br/carros/nissan/kicks-sv-1-6-at-2020,2026-06-15T15:49:03.315227,Nissan Kicks SV 1.6 AT 2020,12 s,175 km/h,Conversor de torque,CVT,Jatco X-Tronic,6,Dianteira,Injeção multiponto,Natural,1598 cm³,4 em linha,HR16DE,Duplo no cabeçote,"83,6 mm",78 mm,Transversal,Dianteiro,"9,9 kg/cv","73,1 kg/kgfm","71,3 cv/litro",,"10,7:1",5600 rpm,4000 rpm,"9,7 kgfm/litro",,4,1590 mm,,,4295 mm,2620 mm,1760 mm,1133 kg,432 litros,41 litros,113 mm,Disco ventilado,Tambor,Elétrica,"10,2 m","Indep., McPherson",Mola helicoidal,Eixo de torção,562 km,467 km,"13,7 km/l","11,4 km/l",,,,,,,Corrente,Admissão e escape,185/65 R15,"2,38 m²","0,821 m²","0,345",,421 kg,6750 rpm,20 graus,28 graus,200 mm,,,,,,,,,,,,,,,,,,,,,,,,Mecânicos,114 cv,114 cv,"15,5 kgfm","15,5 kgfm",385 km,316 km,"9,4 km/l","7,7 km/l",300 mm,,,,,,,,,
nissan,Kicks,kicks,kicks-uefa-champions-league-1-6-at-2020,kicks-uefa-champions-league-1-6-at-2020,https://www.fichacompleta.com.br/carros/nissan/kicks-uefa-champions-league-1-6-at-2020,2026-06-15T15:49:08.029500,Nissan Kicks UEFA Champions League 1.6 AT 2020,12 s,175 km/h,Conversor de torque,CVT,Jatco X-Tronic,6,Dianteira,Injeção multiponto,Natural,1598 cm³,4 em linha,HR16DE,Duplo no cabeçote,"83,6 mm",78 mm,Transversal,Dianteiro,"9,9 kg/cv","73,1 kg/kgfm","71,3 cv/litro",,"10,7:1",5600 rpm,4000 rpm,"9,7 kgfm/litro",,4,1590 mm,,,4295 mm,2620 mm,1760 mm,1133 kg,432 litros,41 litros,113 mm,Disco ventilado,Tambor,Elétrica,"10,2 m","Indep., McPherson",Mola helicoidal,Eixo de torção,562 km,467 km,"13,7 km/l","11,4 km/l",,,,,,,Corrente,Admissão e escape,185/65 R15,"2,38 m²","0,821 m²","0,345",,421 kg,6750 rpm,20 graus,28 graus,200 mm,,,,,,,,,,,,,,,,,,,,,,,,Mecânicos,114 cv,114 cv,"15,5 kgfm","15,5 kgfm",385 km,316 km,"9,4 km/l","7,7 km/l",300 mm,,,,,,,,,
nissan,Kicks,kicks,kicks-active-1-6-at-pcd-2021,kicks-active-1-6-at-pcd-2021,https://www.fichacompleta.com.br/carros/nissan/kicks-active-1-6-at-pcd-2021,2026-06-15T15:49:11.220541,Nissan Kicks Active 1.6 AT [PCD] 2021,12 s,175 km/h,Conversor de torque,CVT,Jatco X-Tronic,6,Dianteira,Injeção multiponto,Natural,1598 cm³,4 em linha,HR16DE,Duplo no cabeçote,"83,6 mm",78 mm,Transversal,Dianteiro,"9,9 kg/cv","72,8 kg/kgfm","71,3 cv/litro",,"10,7:1",5600 rpm,4000 rpm,"9,7 kgfm/litro",,4,1590 mm,,,4295 mm,2620 mm,1760 mm,1129 kg,432 litros,41 litros,123 mm,Disco ventilado,Tambor,Elétrica,"10,2 m","Indep., McPherson",Mola helicoidal,Eixo de torção,562 km,467 km,"13,7 km/l","11,4 km/l",,,,,,,Corrente,Admissão e escape,185/65 R15,"2,38 m²","0,821 m²","0,345",,421 kg,6750 rpm,20 graus,28 graus,200 mm,,,,,,,,,,,,,,,,,,,,,,,,Mecânicos,114 cv,114 cv,"15,5 kgfm","15,5 kgfm",385 km,316 km,"9,4 km/l","7,7 km/l",300 mm,,,,,,,,,
nissan,Kicks,kicks,kicks-s-1-6-2021,kicks-s-1-6-2021,https://www.fichacompleta.com.br/carros/nissan/kicks-s-1-6-2021,2026-06-15T15:49:15.619631,Nissan Kicks S 1.6 2021,11 s,175 km/h,,Manual,,,Dianteira,Injeção multiponto,Natural,1598 cm³,4 em linha,HR16DE,"Duplo no cabeçote, corrente",,,Transversal,Dianteiro,"9,7 kg/cv","71,5 kg/kgfm","71,3 cv/litro",114 cv (A) 114 cv (G) a 5600 rpm,"10,7:1",,,"9,7 kgfm/litro","15,5 kgfm (A) 15,5 kgfm (G) a 4000 rpm",4,1590 mm,,,4295 mm,2620 mm,1760 mm,1109 kg,432 litros,41 litros,123 mm,Disco ventilado,205/60 R16,Elétrica,,"Independente, McPherson",Mola helicoidal,Eixo de torção,533 km,455 km,13 km/l,"11,1 km/l",5,,,"10,2 m","83,6 mm",78 mm,,Admissão e escape,,"2,38 m²",,,"0,345",421 kg,,20 graus,28 graus,,,,,,,,,,,,,,,,,,,,,,,,,Mecânicos,,,,,369 km,320 km,9 km/l,"7,8 km/l",,,,,,,,,,
nissan,Kicks,kicks,kicks-s-1-6-at-2021,kicks-s-1-6-at-2021,https://www.fichacompleta.com.br/carros/nissan/kicks-s-1-6-at-2021,2026-06-15T15:49:18.126285,Nissan Kicks S 1.6 AT 2021,12 s,175 km/h,Conversor de torque,CVT,Jatco X-Tronic,6,Dianteira,Injeção multiponto,Natural,1598 cm³,4 em linha,HR16DE,Duplo no cabeçote,"83,6 mm",78 mm,Transversal,Dianteiro,"9,9 kg/cv","72,8 kg/kgfm","71,3 cv/litro",,"10,7:1",5600 rpm,4000 rpm,"9,7 kgfm/litro",,4,1590 mm,,,4295 mm,2620 mm,1760 mm,1129 kg,432 litros,41 litros,123 mm,Disco ventilado,Tambor,Elétrica,"10,2 m","Indep., McPherson",Mola helicoidal,Eixo de torção,562 km,467 km,"13,7 km/l","11,4 km/l",,,,,,,Corrente,Admissão e escape,185/65 R15,"2,38 m²","0,821 m²","0,345",,421 kg,6750 rpm,20 graus,28 graus,200 mm,,,,,,,,,,,,,,,,,,,,,,,,Mecânicos,114 cv,114 cv,"15,5 kgfm","15,5 kgfm",385 km,316 km,"9,4 km/l","7,7 km/l",300 mm,,,,,,,,,
nissan,Kicks,kicks,kicks-sl-1-6-at-2021,kicks-sl-1-6-at-2021,https://www.fichacompleta.com.br/carros/nissan/kicks-sl-1-6-at-2021,2026-06-15T15:49:20.715026,Nissan Kicks SL 1.6 AT 2021,12 s,175 km/h,Conversor de torque,CVT,Jatco X-Tronic,,Dianteira,Injeção multiponto,Natural,1598 cm³,4 em linha,HR16DE,"Duplo no cabeçote, corrente",,,Transversal,Dianteiro,"10,0 kg/cv","73,7 kg/kgfm","71,3 cv/litro",114 cv (A) 114 cv (G) a 5600 rpm,"10,7:1",,,"9,7 kgfm/litro","15,5 kgfm (A) 15,5 kgfm (G) a 4000 rpm",4,1590 mm,,,4295 mm,2620 mm,1760 mm,1142 kg,432 litros,41 litros,113 mm,Disco ventilado,Tambor,Elétrica,,"Independente, McPherson",Mola helicoidal,Eixo de torção,562 km,467 km,"13,7 km/l","11,4 km/l",6,,,"10,2 m","83,6 mm",78 mm,,Admissão e escape,185/65 R15,"2,38 m²","0,821 m²",,"0,345",421 kg,6750 rpm,20 graus,28 graus,200 mm,,,,,,,,,,,,,,,,,,,,,,,,Mecânicos,,,,,385 km,316 km,"9,4 km/l","7,7 km/l",300 mm,,,,,,,,,
nissan,Kicks,kicks,kicks-sv-1-6-at-2021,kicks-sv-1-6-at-2021,https://www.fichacompleta.com.br/carros/nissan/kicks-sv-1-6-at-2021,2026-06-15T15:49:24.693711,Nissan Kicks SV 1.6 AT 2021,12 s,175 km/h,Conversor de torque,CVT,Jatco X-Tronic,6,Dianteira,Injeção multiponto,Natural,1598 cm³,4 em linha,HR16DE,Duplo no cabeçote,"83,6 mm",78 mm,Transversal,Dianteiro,"9,9 kg/cv","73,1 kg/kgfm","71,3 cv/litro",,"10,7:1",5600 rpm,4000 rpm,"9,7 kgfm/litro",,4,1590 mm,,,4295 mm,2620 mm,1760 mm,1133 kg,432 litros,41 litros,113 mm,Disco ventilado,Tambor,Elétrica,"10,2 m","Indep., McPherson",Mola helicoidal,Eixo de torção,562 km,467 km,"13,7 km/l","11,4 km/l",,,,,,,Corrente,Admissão e escape,185/65 R15,"2,38 m²","0,821 m²","0,345",,421 kg,6750 rpm,20 graus,28 graus,200 mm,,,,,,,,,,,,,,,,,,,,,,,,Mecânicos,114 cv,114 cv,"15,5 kgfm","15,5 kgfm",385 km,316 km,"9,4 km/l","7,7 km/l",300 mm,,,,,,,,,
nissan,Kicks,kicks,kicks-uefa-champions-league-1-6-at-2021,kicks-uefa-champions-league-1-6-at-2021,https://www.fichacompleta.com.br/carros/nissan/kicks-uefa-champions-league-1-6-at-2021,2026-06-15T15:49:29.023337,Nissan Kicks UEFA Champions League 1.6 AT 2021,12 s,175 km/h,Conversor de torque,CVT,Jatco X-Tronic,6,Dianteira,Injeção multiponto,Natural,1598 cm³,4 em linha,HR16DE,Duplo no cabeçote,"83,6 mm",78 mm,Transversal,Dianteiro,"9,9 kg/cv","73,1 kg/kgfm","71,3 cv/litro",,"10,7:1",5600 rpm,4000 rpm,"9,7 kgfm/litro",,4,1590 mm,,,4295 mm,2620 mm,1760 mm,1133 kg,432 litros,41 litros,113 mm,Disco ventilado,Tambor,Elétrica,"10,2 m","Indep., McPherson",Mola helicoidal,Eixo de torção,562 km,467 km,"13,7 km/l","11,4 km/l",,,,,,,Corrente,Admissão e escape,185/65 R15,"2,38 m²","0,821 m²","0,345",,421 kg,6750 rpm,20 graus,28 graus,200 mm,,,,,,,,,,,,,,,,,,,,,,,,Mecânicos,114 cv,114 cv,"15,5 kgfm","15,5 kgfm",385 km,316 km,"9,4 km/l","7,7 km/l",300 mm,,,,,,,,,
nissan,Kicks,kicks,kicks-active-1-6-at-pcd-2022,kicks-active-1-6-at-pcd-2022,https://www.fichacompleta.com.br/carros/nissan/kicks-active-1-6-at-pcd-2022,2026-06-15T15:49:33.866070,Nissan Kicks Active 1.6 AT [PCD] 2022,"11,8 s",175 km/h,Conversor de torque,CVT,Jatco X-Tronic,6,Dianteira,Injeção multiponto,Natural,1598 cm³,4 em linha,HR16DE,Duplo no cabeçote,"83,6 mm",78 mm,Transversal,Dianteiro,"9,8 kg/cv","72,4 kg/kgfm","71,3 cv/litro",,"10,7:1",5600 rpm,4000 rpm,"9,7 kgfm/litro",,4,1590 mm,1520 mm,1535 mm,4310 mm,2610 mm,1760 mm,1122 kg,432 litros,41 litros,123 mm,Disco ventilado,Tambor,Elétrica,"10,2 m","Indep., McPherson",Mola helicoidal,Eixo de torção,570 km,467 km,"13,9 km/l","11,4 km/l",,,,,,,Corrente,Admissão e escape,185/65 R15,"2,38 m²","0,821 m²","0,345",,413 kg,6750 rpm,18 graus,28 graus,200 mm,,,,,,,,,,,,,,,,,,,,,,,,Mecânicos,114 cv,114 cv,"15,5 kgfm","15,5 kgfm",394 km,320 km,"9,6 km/l","7,8 km/l",300 mm,,,,,,,,,
nissan,Kicks,kicks,kicks-advance-1-6-at-2022,kicks-advance-1-6-at-2022,https://www.fichacompleta.com.br/carros/nissan/kicks-advance-1-6-at-2022,2026-06-15T15:49:38.662249,Nissan Kicks Advance 1.6 AT 2022,"11,8 s",175 km/h,Conversor de torque,CVT,Jatco X-Tronic,6,Dianteira,Injeção multiponto,Natural,1598 cm³,4 em linha,HR16DE,Duplo no cabeçote,"83,6 mm",78 mm,Transversal,Dianteiro,"10,0 kg/cv","73,3 kg/kgfm","71,3 cv/litro",,"10,7:1",,,"9,7 kgfm/litro","15,5 kgfm (A)",4,1590 mm,1520 mm,1535 mm,4310 mm,2610 mm,1760 mm,1136 kg,432 litros,41 litros,113 mm,Disco ventilado,Tambor,Elétrica,"10,2 m","Indep., McPherson",Mola helicoidal,Eixo de torção,570 km,467 km,"13,9 km/l","11,4 km/l",,5600 rpm,4000 rpm,,,,Corrente,Admissão e escape,185/65 R15,"2,38 m²","0,821 m²","0,345",,409 kg,6750 rpm,18 graus,28 graus,200 mm,,,,,,,,,,,,,,,,,,,,,,,,Mecânicos,114 cv,114 cv,"15,5 kgfm","15,5 kgfm",394 km,320 km,"9,6 km/l","7,8 km/l",300 mm,,,,,,,,,
nissan,Kicks,kicks,kicks-exclusive-1-6-at-2022,kicks-exclusive-1-6-at-2022,https://www.fichacompleta.com.br/carros/nissan/kicks-exclusive-1-6-at-2022,2026-06-15T15:49:41.146604,Nissan Kicks Exclusive 1.6 AT 2022,"11,8 s",175 km/h,Conversor de torque,CVT,Jatco X-Tronic,,Dianteira,Injeção multiponto,Natural,1598 cm³,4 em linha,HR16DE,"Duplo no cabeçote, corrente",,,Transversal,Dianteiro,"10,0 kg/cv","73,5 kg/kgfm","71,3 cv/litro",114 cv (A) 114 cv (G) a 5600 rpm,"10,7:1",,,"9,7 kgfm/litro","15,5 kgfm (A) 15,5 kgfm (G) a 4000 rpm",4,1590 mm,1520 mm,1535 mm,4310 mm,2610 mm,1760 mm,1139 kg,432 litros,41 litros,113 mm,Disco ventilado,Tambor,Elétrica,,"Independente, McPherson",Mola helicoidal,Eixo de torção,558 km,463 km,"13,6 km/l","11,3 km/l",6,,,"10,2 m","83,6 mm",78 mm,,Admissão e escape,185/65 R15,"2,38 m²","0,821 m²",,"0,345",411 kg,6750 rpm,18 graus,28 graus,200 mm,,,,,,,,,,,,,,,,,,,,,,,,Mecânicos,,,,,381 km,312 km,"9,3 km/l","7,6 km/l",300 mm,,,,,,,,,
nissan,Kicks,kicks,kicks-sense-1-6-2022,kicks-sense-1-6-2022,https://www.fichacompleta.com.br/carros/nissan/kicks-sense-1-6-2022,2026-06-15T15:49:45.187425,Nissan Kicks Sense 1.6 2022,"11,3 s",173 km/h,Embreagem monodisco a seco,Manual,,5,Dianteira,Injeção multiponto,Natural,1598 cm³,4 em linha,HR16DE,Duplo no cabeçote,"83,6 mm",78 mm,Transversal,Dianteiro,"9,7 kg/cv","71,2 kg/kgfm","71,3 cv/litro",,"10,7:1",5600 rpm,4000 rpm,"9,7 kgfm/litro",,4,1590 mm,1520 mm,1535 mm,4310 mm,2610 mm,1760 mm,1104 kg,432 litros,41 litros,123 mm,Disco ventilado,Tambor,Elétrica,"10,2 m","Indep., McPherson",Mola helicoidal,Eixo de torção,545 km,476 km,"13,3 km/l","11,6 km/l",,,,,,,Corrente,Admissão e escape,185/65 R15,"2,38 m²","0,821 m²","0,345",,411 kg,6750 rpm,18 graus,28 graus,200 mm,,,,,,,,,,,,,,,,,,,,,,,,Mecânicos,114 cv,114 cv,"15,5 kgfm","15,5 kgfm",373 km,320 km,"9,1 km/l","7,8 km/l",300 mm,,,,,,,,,
nissan,Kicks,kicks,kicks-sense-1-6-at-2022,kicks-sense-1-6-at-2022,https://www.fichacompleta.com.br/carros/nissan/kicks-sense-1-6-at-2022,2026-06-15T15:49:50.046256,Nissan Kicks Sense 1.6 AT 2022,"11,8 s",175 km/h,Conversor de torque,CVT,Jatco X-Tronic,6,Dianteira,Injeção multiponto,Natural,1598 cm³,4 em linha,HR16DE,Duplo no cabeçote,"83,6 mm",78 mm,Transversal,Dianteiro,"9,8 kg/cv","72,4 kg/kgfm","71,3 cv/litro",,"10,7:1",5600 rpm,4000 rpm,"9,7 kgfm/litro",,4,1590 mm,1520 mm,1535 mm,4310 mm,2610 mm,1760 mm,1122 kg,432 litros,41 litros,123 mm,Disco ventilado,Tambor,Elétrica,"10,2 m","Indep., McPherson",Mola helicoidal,Eixo de torção,570 km,467 km,"13,9 km/l","11,4 km/l",,,,,,,Corrente,Admissão e escape,185/65 R15,"2,38 m²","0,821 m²","0,345",,413 kg,6750 rpm,18 graus,28 graus,200 mm,,,,,,,,,,,,,,,,,,,,,,,,Mecânicos,114 cv,114 cv,"15,5 kgfm","15,5 kgfm",394 km,320 km,"9,6 km/l","7,8 km/l",300 mm,,,,,,,,,
nissan,Kicks,kicks,kicks-xplay-1-6-at-2022,kicks-xplay-1-6-at-2022,https://www.fichacompleta.com.br/carros/nissan/kicks-xplay-1-6-at-2022,2026-06-15T15:49:52.592773,Nissan Kicks XPlay 1.6 AT 2022,"11,8 s",175 km/h,Conversor de torque,CVT,Jatco X-Tronic,6,Dianteira,Injeção multiponto,Natural,1598 cm³,4 em linha,HR16DE,Duplo no cabeçote,"83,6 mm",78 mm,Transversal,Dianteiro,"10,0 kg/cv","73,3 kg/kgfm","71,3 cv/litro",,"10,7:1",,,"9,7 kgfm/litro",,4,1590 mm,1520 mm,1535 mm,4310 mm,2610 mm,1760 mm,1136 kg,432 litros,41 litros,113 mm,Disco ventilado,Tambor,Elétrica,"10,2 m","Indep., McPherson",Mola helicoidal,Eixo de torção,570 km,467 km,"13,9 km/l","11,4 km/l",,5600 rpm,4000 rpm,,,,Corrente,Admissão e escape,185/65 R15,"2,38 m²","0,821 m²","0,345",,409 kg,6750 rpm,18 graus,28 graus,200 mm,,,,,,,,,,,,,,,,,,,,,,,,Mecânicos,,,,,394 km,320 km,"9,6 km/l","7,8 km/l",300 mm,114 cv,114 cv,"15,5 kgfm","15,5 kgfm",,,,,
nissan,Kicks,kicks,kicks-active-1-6-2023,kicks-active-1-6-2023,https://www.fichacompleta.com.br/carros/nissan/kicks-active-1-6-2023,2026-06-15T15:49:55.460125,Nissan Kicks Active 1.6 2023,"11,8 s",175 km/h,Conversor de torque,CVT,Jatco X-Tronic,6,Dianteira,Injeção multiponto,Natural,,4 em linha,HR16DE,Duplo no cabeçote,"83,6 mm",78 mm,Transversal,Dianteiro,"9,93 kg/cv","73,3 kg/kgfm","70,7 cv/litro",,"10,7:1",5600 rpm,4000 rpm,"9,6 kgfm/litro",,4,1590 mm,1520 mm,1535 mm,4310 mm,2610 mm,1760 mm,1122 kg,432 litros,41 litros,123 mm,Disco ventilado,Tambor,Elétrica,"10,2 m","Indep., McPherson",Mola helicoidal,Eixo de torção,570 km,467 km,"13,9 km/l","11,4 km/l",,,,,,,Corrente,Admissão e escape,185/65 R15,"2,38 m²","0,821 m²","0,345",,413 kg,6750 rpm,18 graus,28 graus,200 mm,,,,,,,,,,399 cm³,1598 cm³,,,,,,,,,,,,,Mecânicos,113 cv,110 cv,"15,3 kgfm","15,2 kgfm",394 km,320 km,"9,6 km/l","7,8 km/l",300 mm,,,,,,,,,
nissan,Kicks,kicks,kicks-advance-1-6-2023,kicks-advance-1-6-2023,https://www.fichacompleta.com.br/carros/nissan/kicks-advance-1-6-2023,2026-06-15T15:49:59.956757,Nissan Kicks Advance 1.6 2023,"11,8 s",175 km/h,Conversor de torque,CVT,Jatco X-Tronic,6,Dianteira,Injeção multiponto,Natural,,4 em linha,HR16DE,Duplo no cabeçote,"83,6 mm",78 mm,Transversal,Dianteiro,"10,05 kg/cv","74,2 kg/kgfm","70,7 cv/litro",,"10,7:1",5600 rpm,4000 rpm,"9,6 kgfm/litro",,4,1590 mm,1520 mm,1535 mm,4310 mm,2610 mm,1760 mm,1136 kg,432 litros,41 litros,113 mm,Disco ventilado,Tambor,Elétrica,"10,2 m","Indep., McPherson",Mola helicoidal,Eixo de torção,570 km,467 km,"13,9 km/l","11,4 km/l",,,,,,,Corrente,Admissão e escape,185/65 R15,"2,38 m²","0,821 m²","0,345",,409 kg,6750 rpm,18 graus,28 graus,200 mm,,,,,,,,,,399 cm³,1598 cm³,,,,,,,,,,,,,Mecânicos,113 cv,110 cv,"15,3 kgfm","15,2 kgfm",394 km,320 km,"9,6 km/l","7,8 km/l",300 mm,,,,,,,,,
nissan,Kicks,kicks,kicks-exclusive-1-6-2023,kicks-exclusive-1-6-2023,https://www.fichacompleta.com.br/carros/nissan/kicks-exclusive-1-6-2023,2026-06-15T15:50:02.714153,Nissan Kicks Exclusive 1.6 2023,"11,8 s",175 km/h,Conversor de torque,CVT,Jatco X-Tronic,6,Dianteira,Injeção multiponto,Natural,,4 em linha,HR16DE,Duplo no cabeçote,"83,6 mm",78 mm,Transversal,Dianteiro,"10,08 kg/cv","74,4 kg/kgfm","70,7 cv/litro",,"10,7:1",5600 rpm,4000 rpm,"9,6 kgfm/litro",,4,1590 mm,1520 mm,1535 mm,4310 mm,2610 mm,1760 mm,1139 kg,432 litros,41 litros,113 mm,Disco ventilado,Tambor,Elétrica,"10,2 m","Indep., McPherson",Mola helicoidal,Eixo de torção,570 km,467 km,"13,9 km/l","11,4 km/l",,,,,,,Corrente,Admissão e escape,185/65 R15,"2,38 m²","0,821 m²","0,345",,411 kg,6750 rpm,18 graus,28 graus,200 mm,,,,,,,,,,399 cm³,1598 cm³,,,,,,,,,,,,,Mecânicos,113 cv,110 cv,"15,3 kgfm","15,2 kgfm",394 km,320 km,"9,6 km/l","7,8 km/l",300 mm,,,,,,,,,
nissan,Kicks,kicks,kicks-sense-1-6-2023,kicks-sense-1-6-2023,https://www.fichacompleta.com.br/carros/nissan/kicks-sense-1-6-2023,2026-06-15T15:50:07.341814,Nissan Kicks Sense 1.6 2023,"11,8 s",175 km/h,Conversor de torque,CVT,Jatco X-Tronic,6,Dianteira,Injeção multiponto,Natural,,4 em linha,HR16DE,Duplo no cabeçote,"83,6 mm",78 mm,Transversal,Dianteiro,"9,93 kg/cv","73,3 kg/kgfm","70,7 cv/litro",,"10,7:1",5600 rpm,4000 rpm,"9,6 kgfm/litro",,4,1590 mm,1520 mm,1535 mm,4310 mm,2610 mm,1760 mm,1122 kg,432 litros,41 litros,123 mm,Disco ventilado,Tambor,Elétrica,"10,2 m","Indep., McPherson",Mola helicoidal,Eixo de torção,570 km,467 km,"13,9 km/l","11,4 km/l",,,,,,,Corrente,Admissão e escape,185/65 R15,"2,38 m²","0,821 m²","0,345",,413 kg,6750 rpm,18 graus,28 graus,200 mm,,,,,,,,,,399 cm³,1598 cm³,,,,,,,,,,,,,Mecânicos,113 cv,110 cv,"15,3 kgfm","15,2 kgfm",394 km,320 km,"9,6 km/l","7,8 km/l",300 mm,,,,,,,,,
nissan,Kicks,kicks,kicks-xplay-1-6-2023,kicks-xplay-1-6-2023,https://www.fichacompleta.com.br/carros/nissan/kicks-xplay-1-6-2023,2026-06-15T15:50:10.001119,Nissan Kicks XPlay 1.6 2023,"11,8 s",175 km/h,Conversor de torque,CVT,Jatco X-Tronic,6,Dianteira,Injeção multiponto,Natural,,4 em linha,HR16DE,Duplo no cabeçote,"83,6 mm",78 mm,Transversal,Dianteiro,"10,05 kg/cv","74,2 kg/kgfm","70,7 cv/litro",,"10,7:1",5600 rpm,4000 rpm,"9,6 kgfm/litro",,4,1590 mm,1520 mm,1535 mm,4310 mm,2610 mm,1760 mm,1136 kg,432 litros,41 litros,113 mm,Disco ventilado,Tambor,Elétrica,"10,2 m","Indep., McPherson",Mola helicoidal,Eixo de torção,570 km,467 km,"13,9 km/l","11,4 km/l",,,,,,,Corrente,Admissão e escape,185/65 R15,"2,38 m²","0,821 m²","0,345",,409 kg,6750 rpm,18 graus,28 graus,200 mm,,,,,,,,,,399 cm³,1598 cm³,,,,,,,,,,,,,Mecânicos,113 cv,110 cv,"15,3 kgfm","15,2 kgfm",394 km,320 km,"9,6 km/l","7,8 km/l",300 mm,,,,,,,,,
nissan,Kicks,kicks,kicks-active-1-6-2024,kicks-active-1-6-2024,https://www.fichacompleta.com.br/carros/nissan/kicks-active-1-6-2024,2026-06-15T15:50:14.804936,Nissan Kicks Active 1.6 2024,"11,8 s",175 km/h,Conversor de torque,CVT,Jatco X-Tronic,6,Dianteira,Injeção multiponto,Natural,,4 em linha,HR16DE,Duplo no cabeçote,"83,6 mm",78 mm,Transversal,Dianteiro,"9,93 kg/cv","73,3 kg/kgfm","70,7 cv/litro",,"10,7:1",5600 rpm,4000 rpm,"9,6 kgfm/litro",,4,1590 mm,1520 mm,1535 mm,4310 mm,2610 mm,1760 mm,1122 kg,432 litros,41 litros,123 mm,Disco ventilado,Tambor,Elétrica,"10,2 m","Indep., McPherson",Mola helicoidal,Eixo de torção,570 km,467 km,"13,9 km/l","11,4 km/l",,,,,,,Corrente,Admissão e escape,185/65 R15,"2,38 m²","0,821 m²","0,345",,413 kg,6750 rpm,18 graus,28 graus,200 mm,,,,,,,,,,399 cm³,1598 cm³,,,,,,,,,,,,,Mecânicos,113 cv,110 cv,"15,3 kgfm","15,2 kgfm",394 km,320 km,"9,6 km/l","7,8 km/l",300 mm,,,,,,,,,
nissan,Kicks,kicks,kicks-advance-1-6-2024,kicks-advance-1-6-2024,https://www.fichacompleta.com.br/carros/nissan/kicks-advance-1-6-2024,2026-06-15T15:50:19.647971,Nissan Kicks Advance 1.6 2024,"11,8 s",175 km/h,Conversor de torque,CVT,Jatco X-Tronic,6,Dianteira,Injeção multiponto,Natural,,4 em linha,HR16DE,Duplo no cabeçote,"83,6 mm",78 mm,Transversal,Dianteiro,"10,05 kg/cv","74,2 kg/kgfm","70,7 cv/litro",,"10,7:1",5600 rpm,4000 rpm,"9,6 kgfm/litro",,4,1590 mm,1520 mm,1535 mm,4310 mm,2610 mm,1760 mm,1136 kg,432 litros,41 litros,113 mm,Disco ventilado,Tambor,Elétrica,"10,2 m","Indep., McPherson",Mola helicoidal,Eixo de torção,570 km,467 km,"13,9 km/l","11,4 km/l",,,,,,,Corrente,Admissão e escape,185/65 R15,"2,38 m²","0,821 m²","0,345",,409 kg,6750 rpm,18 graus,28 graus,200 mm,,,,,,,,,,399 cm³,1598 cm³,,,,,,,,,,,,,Mecânicos,113 cv,110 cv,"15,3 kgfm","15,2 kgfm",394 km,320 km,"9,6 km/l","7,8 km/l",300 mm,,,,,,,,,
nissan,Kicks,kicks,kicks-exclusive-1-6-2024,kicks-exclusive-1-6-2024,https://www.fichacompleta.com.br/carros/nissan/kicks-exclusive-1-6-2024,2026-06-15T15:50:23.730430,Nissan Kicks Exclusive 1.6 2024,"11,8 s",175 km/h,Conversor de torque,CVT,Jatco X-Tronic,6,Dianteira,Injeção multiponto,Natural,,4 em linha,HR16DE,Duplo no cabeçote,"83,6 mm",78 mm,Transversal,Dianteiro,"10,08 kg/cv","74,4 kg/kgfm","70,7 cv/litro",,"10,7:1",5600 rpm,4000 rpm,"9,6 kgfm/litro",,4,1590 mm,1520 mm,1535 mm,4310 mm,2610 mm,1760 mm,1139 kg,432 litros,41 litros,113 mm,Disco ventilado,Tambor,Elétrica,"10,2 m","Indep., McPherson",Mola helicoidal,Eixo de torção,570 km,467 km,"13,9 km/l","11,4 km/l",,,,,,,Corrente,Admissão e escape,185/65 R15,"2,38 m²","0,821 m²","0,345",,411 kg,6750 rpm,18 graus,28 graus,200 mm,,,,,,,,,,399 cm³,1598 cm³,,,,,,,,,,,,,Mecânicos,113 cv,110 cv,"15,3 kgfm","15,2 kgfm",394 km,320 km,"9,6 km/l","7,8 km/l",300 mm,,,,,,,,,
nissan,Kicks,kicks,kicks-sense-1-6-2024,kicks-sense-1-6-2024,https://www.fichacompleta.com.br/carros/nissan/kicks-sense-1-6-2024,2026-06-15T15:50:28.597904,Nissan Kicks Sense 1.6 2024,"11,8 s",175 km/h,Conversor de torque,CVT,Jatco X-Tronic,6,Dianteira,Injeção multiponto,Natural,,4 em linha,HR16DE,Duplo no cabeçote,"83,6 mm",78 mm,Transversal,Dianteiro,"9,93 kg/cv","73,3 kg/kgfm","70,7 cv/litro",,"10,7:1",5600 rpm,4000 rpm,"9,6 kgfm/litro",,4,1590 mm,1520 mm,1535 mm,4310 mm,2610 mm,1760 mm,1122 kg,432 litros,41 litros,123 mm,Disco ventilado,Tambor,Elétrica,"10,2 m","Indep., McPherson",Mola helicoidal,Eixo de torção,570 km,467 km,"13,9 km/l","11,4 km/l",,,,,,,Corrente,Admissão e escape,185/65 R15,"2,38 m²","0,821 m²","0,345",,413 kg,6750 rpm,18 graus,28 graus,200 mm,,,,,,,,,,399 cm³,1598 cm³,,,,,,,,,,,,,Mecânicos,113 cv,110 cv,"15,3 kgfm","15,2 kgfm",394 km,320 km,"9,6 km/l","7,8 km/l",300 mm,,,,,,,,,
nissan,Kicks,kicks,kicks-xplay-1-6-2024,kicks-xplay-1-6-2024,https://www.fichacompleta.com.br/carros/nissan/kicks-xplay-1-6-2024,2026-06-15T15:50:32.110940,Nissan Kicks XPlay 1.6 2024,"11,8 s",175 km/h,Conversor de torque,CVT,Jatco X-Tronic,6,Dianteira,Injeção multiponto,Natural,,4 em linha,HR16DE,Duplo no cabeçote,"83,6 mm",78 mm,Transversal,Dianteiro,"10,05 kg/cv","74,2 kg/kgfm","70,7 cv/litro",,"10,7:1",5600 rpm,4000 rpm,"9,6 kgfm/litro",,4,1590 mm,1520 mm,1535 mm,4310 mm,2610 mm,1760 mm,1136 kg,432 litros,41 litros,113 mm,Disco ventilado,Tambor,Elétrica,"10,2 m","Indep., McPherson",Mola helicoidal,Eixo de torção,570 km,467 km,"13,9 km/l","11,4 km/l",,,,,,,Corrente,Admissão e escape,185/65 R15,"2,38 m²","0,821 m²","0,345",,409 kg,6750 rpm,18 graus,28 graus,200 mm,,,,,,,,,,399 cm³,1598 cm³,,,,,,,,,,,,,Mecânicos,113 cv,110 cv,"15,3 kgfm","15,2 kgfm",394 km,320 km,"9,6 km/l","7,8 km/l",300 mm,,,,,,,,,
nissan,Kicks,kicks,kicks-play-active-plus-1-6-2025,kicks-play-active-plus-1-6-2025,https://www.fichacompleta.com.br/carros/nissan/kicks-play-active-plus-1-6-2025,2026-06-15T15:50:35.570458,Nissan Kicks Play Active Plus 1.6 2025,"11,8 s",175 km/h,Conversor de torque,CVT,Jatco X-Tronic,7,Dianteira,Injeção multiponto,Natural,,4 em linha,HR16DE,Duplo no cabeçote,"83,6 mm",78 mm,Transversal,Dianteiro,"9,93 kg/cv","73,8 kg/kgfm","70,7 cv/litro",,"10,7:1",5600 rpm,4000 rpm,"9,5 kgfm/litro",,4,1590 mm,1520 mm,1535 mm,4310 mm,2610 mm,1760 mm,1122 kg,432 litros,41 litros,123 mm,Disco ventilado,Tambor,Elétrica,"10,2 m","Indep., McPherson",Mola helicoidal,Eixo de torção,562 km,463 km,"13,7 km/l","11,3 km/l",,,,,,,Corrente,Admissão e escape,185/65 R15,"2,38 m²","0,821 m²","0,345",,413 kg,6750 rpm,18 graus,28 graus,200 mm,,,,,,,,,,399 cm³,1598 cm³,,,,,,,,,,,,5W-30 ³,Mecânicos,113 cv,110 cv,"15,2 kgfm","14,9 kgfm",385 km,320 km,"9,4 km/l","7,8 km/l",300 mm,,,,,,,,,
nissan,Kicks,kicks,kicks-play-advance-plus-1-6-2025,kicks-play-advance-plus-1-6-2025,https://www.fichacompleta.com.br/carros/nissan/kicks-play-advance-plus-1-6-2025,2026-06-15T15:50:38.850658,Nissan Kicks Play Advance Plus 1.6 2025,"11,8 s",175 km/h,Conversor de torque,CVT,Jatco X-Tronic,7,Dianteira,Injeção multiponto,Natural,,4 em linha,HR16DE,Duplo no cabeçote,"83,6 mm",78 mm,Transversal,Dianteiro,"10,05 kg/cv","74,7 kg/kgfm","70,7 cv/litro",,"10,7:1",5600 rpm,4000 rpm,"9,5 kgfm/litro",,4,1590 mm,1520 mm,1535 mm,4310 mm,2610 mm,1760 mm,1136 kg,432 litros,41 litros,113 mm,Disco ventilado,Tambor,Elétrica,"10,2 m","Indep., McPherson",Mola helicoidal,Eixo de torção,562 km,463 km,"13,7 km/l","11,3 km/l",,,,,,,Corrente,Admissão e escape,185/65 R15,"2,38 m²","0,821 m²","0,345",,409 kg,6750 rpm,18 graus,28 graus,200 mm,,,,,,,,,,399 cm³,1598 cm³,,,,,,,,,,,,5W-30 ³,Mecânicos,113 cv,110 cv,"15,2 kgfm","14,9 kgfm",385 km,320 km,"9,4 km/l","7,8 km/l",300 mm,,,,,,,,,
nissan,Kicks,kicks,kicks-play-sense-1-6-2025,kicks-play-sense-1-6-2025,https://www.fichacompleta.com.br/carros/nissan/kicks-play-sense-1-6-2025,2026-06-15T15:50:43.559554,Nissan Kicks Play Sense 1.6 2025,"11,8 s",175 km/h,Conversor de torque,CVT,Jatco X-Tronic,7,Dianteira,Injeção multiponto,Natural,,4 em linha,HR16DE,Duplo no cabeçote,"83,6 mm",78 mm,Transversal,Dianteiro,"9,93 kg/cv","73,8 kg/kgfm","70,7 cv/litro",,"10,7:1",5600 rpm,4000 rpm,"9,5 kgfm/litro",,4,1590 mm,1520 mm,1535 mm,4310 mm,2610 mm,1760 mm,1122 kg,432 litros,41 litros,113 mm,Disco ventilado,Tambor,Elétrica,"10,2 m","Indep., McPherson",Mola helicoidal,Eixo de torção,562 km,463 km,"13,7 km/l","11,3 km/l",,,,,,,Corrente,Admissão e escape,185/65 R15,"2,38 m²","0,821 m²","0,345",,413 kg,6750 rpm,18 graus,28 graus,200 mm,,,,,,,,,,399 cm³,1598 cm³,,,,,,,,,,,,5W-30 ³,Mecânicos,113 cv,110 cv,"15,2 kgfm","14,9 kgfm",385 km,320 km,"9,4 km/l","7,8 km/l",300 mm,,,,,,,,,
nissan,Kicks,kicks,kicks-exclusive-1-0-2026,kicks-exclusive-1-0-2026,https://www.fichacompleta.com.br/carros/nissan/kicks-exclusive-1-0-2026,2026-06-15T15:50:46.897856,Nissan Kicks Exclusive 1.0 2026,"10,8 s",175 km/h,Conversor de torque,CVT,Jatco X-Tronic,7,Dianteira,Injeção direta,Turbocompressor,,3 em linha,HR10,Duplo no cabeçote,"81,4 mm","72,2 mm",Transversal,Dianteiro,"11,03 kg/cv","61,6 kg/kgfm","125,1 cv/litro",,11:1,5000 rpm,2250 rpm,"22,4 kgfm/litro",,4,1620 mm,1561 mm,1556 mm,4365 mm,2655 mm,1800 mm,1379 kg,450 litros,45 litros,101 mm,Disco ventilado,Disco sólido,Elétrica,Não informado,"Indep., McPherson",Mola helicoidal,Eixo de torção,585 km,540 km,13 km/l,12 km/l,,,,,,,Corrente,Admissão e escape,,,,,,400 kg,6300 rpm,,,,,,,,,,,,,333 cm³,999 cm³,,,,,,,,,,,,,Hidráulicos,125 cv,120 cv,"22,4 kgfm","20,4 kgfm",405 km,360 km,9 km/l,8 km/l,,,,,,,,,,
nissan,Kicks,kicks,kicks-exclusive-1-0-2026-flex,kicks-exclusive-1-0-2026-flex,https://www.fichacompleta.com.br/carros/nissan/kicks-exclusive-1-0-2026-flex,2026-06-15T15:50:50.069254,Nissan Kicks Exclusive 1.0 2026,"12,4 s",185 km/h,Embreagem dupla banhada a óleo,Automatizado,,6,Dianteira,Injeção direta,Turbocompressor,,3 em linha,HR10,Duplo no cabeçote,"81,4 mm","72,2 mm",Transversal,Dianteiro,"10,93 kg/cv","61,0 kg/kgfm","125,1 cv/litro",,"10,5:1",5000 rpm,2500 rpm,"22,4 kgfm/litro",,4,1620 mm,1560 mm,1555 mm,4365 mm,2655 mm,1800 mm,1366 kg,445 litros,48 litros,101 mm,Disco ventilado,Disco sólido,Elétrica,Não informado,"Indep., McPherson",Mola helicoidal,Eixo de torção,686 km,562 km,"14,3 km/l","11,7 km/l",,,,,,,Corrente,Admissão e escape,185/65 R15,,,,,,6300 rpm,,,200 mm,,,,,,,,,,333 cm³,999 cm³,,,,,,,,,,,,5W-40 ³,Hidráulicos,125 cv,120 cv,"22,4 kgfm","20,4 kgfm",475 km,398 km,"9,9 km/l","8,3 km/l",,,,,,,,,,
nissan,Kicks,kicks,kicks-platinum-1-0-2026,kicks-platinum-1-0-2026,https://www.fichacompleta.com.br/carros/nissan/kicks-platinum-1-0-2026,2026-06-15T15:50:54.632593,Nissan Kicks Platinum 1.0 2026,"10,8 s",175 km/h,Conversor de torque,CVT,Jatco X-Tronic,7,Dianteira,Injeção direta,Turbocompressor,,3 em linha,HR10,Duplo no cabeçote,"81,4 mm","72,2 mm",Transversal,Dianteiro,"11,03 kg/cv","61,6 kg/kgfm","125,1 cv/litro",,11:1,5000 rpm,2250 rpm,"22,4 kgfm/litro",,4,1620 mm,1561 mm,1556 mm,4365 mm,2655 mm,1800 mm,1379 kg,450 litros,45 litros,101 mm,Disco ventilado,Disco sólido,Elétrica,Não informado,"Indep., McPherson",Mola helicoidal,Eixo de torção,585 km,540 km,13 km/l,12 km/l,,,,,,,Corrente,Admissão e escape,,,,,,400 kg,6300 rpm,,,,,,,,,,,,,333 cm³,999 cm³,,,,,,,,,,,,,Hidráulicos,125 cv,120 cv,"22,4 kgfm","20,4 kgfm",405 km,360 km,9 km/l,8 km/l,,,,,,,,,,
nissan,Kicks,kicks,kicks-platinum-1-0-2026-flex,kicks-platinum-1-0-2026-flex,https://www.fichacompleta.com.br/carros/nissan/kicks-platinum-1-0-2026-flex,2026-06-15T15:50:57.992481,Nissan Kicks Platinum 1.0 2026,"12,4 s",185 km/h,Embreagem dupla banhada a óleo,Automatizado,,6,Dianteira,Injeção direta,Turbocompressor,,3 em linha,HR10,Duplo no cabeçote,"81,4 mm","72,2 mm",Transversal,Dianteiro,"10,93 kg/cv","61,0 kg/kgfm","125,1 cv/litro",,"10,5:1",5000 rpm,2500 rpm,"22,4 kgfm/litro",,4,1620 mm,1560 mm,1555 mm,4365 mm,2655 mm,1800 mm,1366 kg,445 litros,48 litros,101 mm,Disco ventilado,Disco sólido,Elétrica,Não informado,"Indep., McPherson",Mola helicoidal,Eixo de torção,686 km,562 km,"14,3 km/l","11,7 km/l",,,,,,,Corrente,Admissão e escape,185/65 R15,,,,,,6300 rpm,,,200 mm,,,,,,,,,,333 cm³,999 cm³,,,,,,,,,,,,5W-40 ³,Hidráulicos,125 cv,120 cv,"22,4 kgfm","20,4 kgfm",475 km,398 km,"9,9 km/l","8,3 km/l",,,,,,,,,,
nissan,Leaf,leaf,leaf-ze-2020,leaf-ze-2020,https://www.fichacompleta.com.br/carros/nissan/leaf-ze-2020,2026-06-15T15:51:17.136083,Nissan Leaf ZE 2020,"7,9 s",144 km/h,,Automático,,,Dianteira,,,,,,,,,,,"10,62 kg/cv","48,53 kg/kgfm",,,,,,,,,1565 mm,1530 mm,1545 mm,4480 mm,2700 mm,1790 mm,1582 kg,435 litros,,108 mm,Disco ventilado,Disco ventilado,Elétrica,,"Independente, McPherson",Mola helicoidal,Eixo de torção,,,,,1,,,"10,8 m",,,,,,"2,38 m²","0,666 m²",,"0,28",,,,,155 mm,240 km,40 kWh,149 cv,,"32,6 kgfm",,,,,,,,,,,,,,,,,,,,,,,,,,,,,,,,,,,,,
nissan,Leaf,leaf,leaf-ze-2021,leaf-ze-2021,https://www.fichacompleta.com.br/carros/nissan/leaf-ze-2021,2026-06-15T15:51:21.905090,Nissan Leaf ZE 2021,"7,9 s",144 km/h,,Automático,,1,Dianteira,,,,,,,,,,,"10,62 kg/cv","48,53 kg/kgfm",,,,,,,,,1565 mm,1530 mm,1545 mm,4480 mm,2700 mm,1790 mm,1582 kg,435 litros,,108 mm,Disco ventilado,Disco ventilado,Elétrica,"10,8 m","Indep., McPherson",Mola helicoidal,Eixo de torção,,,,,,,,,,,,,125/90 R16,"2,38 m²","0,666 m²","0,28",,,,,,155 mm,273 km,40 kWh,149 cv (dianteiro),,"32,6 kgfm (dianteiro)",,,,,,,,,,,,,,,,,,,,,,,,,,,,,,,,,16 kWh/100 km,,,,
nissan,Leaf,leaf,leaf-ze-2022,leaf-ze-2022,https://www.fichacompleta.com.br/carros/nissan/leaf-ze-2022,2026-06-15T15:51:26.604188,Nissan Leaf ZE 2022,"7,9 s",144 km/h,,Automático,,1,Dianteira,,,,,,,,,,,"10,62 kg/cv","48,53 kg/kgfm",,,,,,,,,1565 mm,1530 mm,1545 mm,4480 mm,2700 mm,1790 mm,1582 kg,435 litros,,108 mm,Disco ventilado,Disco ventilado,Elétrica,"10,8 m","Indep., McPherson",Mola helicoidal,Eixo de torção,,,,,,,,,,,,,125/90 R16,"2,38 m²","0,666 m²","0,28",,,,,,155 mm,273 km,40 kWh,149 cv,,"32,6 kgfm",,,,,,,,,,,,,,,,,,,,,,,,,,,,,,,,,16 kWh/100 km,,,,
nissan,Leaf,leaf,leaf-ze-2023,leaf-ze-2023,https://www.fichacompleta.com.br/carros/nissan/leaf-ze-2023,2026-06-15T15:51:29.557170,Nissan Leaf ZE 2023,"7,9 s",144 km/h,,Automático,,1,Dianteira,,,,,,,,,,,"10,62 kg/cv","48,53 kg/kgfm",,,,,,,,,1565 mm,1530 mm,1545 mm,4480 mm,2700 mm,1790 mm,1582 kg,435 litros,,108 mm,Disco ventilado,Disco ventilado,Elétrica,"10,8 m","Indep., McPherson",Mola helicoidal,Eixo de torção,,,,,,,,,,,,,125/90 R16,"2,38 m²","0,666 m²","0,28",,,,,,155 mm,192 km,40 kWh,149 cv (dianteiro),,"32,6 kgfm (dianteiro)",,,,,,,,,,,,,,,,,,,,,,,,,,,,,,,,,16 kWh/100 km,,,,
nissan,Leaf,leaf,leaf-ze-2024,leaf-ze-2024,https://www.fichacompleta.com.br/carros/nissan/leaf-ze-2024,2026-06-15T15:51:33.132563,Nissan Leaf ZE 2024,"7,9 s",144 km/h,,Automático,,1,Dianteira,,,,,,,,,,,"10,62 kg/cv","48,53 kg/kgfm",,,,,,,,,1565 mm,1530 mm,1545 mm,4480 mm,2700 mm,1790 mm,1582 kg,435 litros,,108 mm,Disco ventilado,Disco ventilado,Elétrica,"10,8 m","Indep., McPherson",Mola helicoidal,Eixo de torção,,,,,,,,,,,,,125/90 R16,"2,38 m²","0,666 m²","0,28",,,,,,155 mm,192 km,40 kWh,149 cv (dianteiro),50 kW (DC),"32,6 kgfm (dianteiro)",,,,,,,,,,,,,,,,,,,,,,,,,,,,,,,,,16 kWh/100 km,,,,
nissan,Livina,livina,livina-1-6-2010,livina-1-6-2010,https://www.fichacompleta.com.br/carros/nissan/livina-1-6-2010,2026-06-15T15:51:51.832207,Nissan Livina 1.6 2010,"11,7 s",183 km/h,Embreagem monodisco a seco,Manual,JH3,5,Dianteira,Injeção multiponto,Natural,1598 cm³,4 em linha,K4M,Duplo no cabeçote,"80,5 mm","79,5 mm",Transversal,Dianteiro,"10,7 kg/cv","75,8 kg/kgfm","67,6 cv/litro",108 cv (A) 104 cv (G) a 5750 rpm,10:1,,,"9,6 kgfm/litro","15,3 kgfm (A) 14,9 kgfm (G) a 3750 rpm",4,1570 mm,,,4180 mm,2600 mm,1690 mm,1159 kg,449 litros,50 litros,130 mm,Disco ventilado,Tambor,Elétrica,Não informado,"Indep., McPherson",Mola helicoidal,Eixo de torção,595 km,510 km,"11,9 km/l","10,2 km/l",5,5750 rpm,3750 rpm,Não informado,,,Correia dentada,,,"2,23 m²","0,749 m²","0,336","0,336",421 kg,,,,165 mm,,,,,,,,,,,,,,,,,,,,,,,,,108 cv,104 cv,"15,3 kgfm","14,9 kgfm",405 km,350 km,"8,1 km/l",7 km/l,,,,,,,,,,
nissan,Livina,livina,livina-1-8-at-2010,livina-1-8-at-2010,https://www.fichacompleta.com.br/carros/nissan/livina-1-8-at-2010,2026-06-15T15:51:55.194088,Nissan Livina 1.8 AT 2010,"10,7 s",182 km/h,Conversor de torque,Automático,,4,Dianteira,Injeção multiponto,Natural,1798 cm³,4 em linha,MR18DE,Duplo no cabeçote,"81,1 mm",84 mm,Transversal,Dianteiro,"9,3 kg/cv","67,0 kg/kgfm","70,1 cv/litro",126 cv (A) 125 cv (G) a 5200 rpm,"9,9:1",,,"9,7 kgfm/litro","17,5 kgfm (A) 17,5 kgfm (G) a 4800 rpm",4,1570 mm,,,4180 mm,2600 mm,1690 mm,1172 kg,449 litros,50 litros,120 mm,Disco ventilado,Tambor,Elétrica,Não informado,"Indep., McPherson",Mola helicoidal,Eixo de torção,575 km,450 km,"11,5 km/l",9 km/l,4,5200 rpm,4800 rpm,Não informado,,,Corrente,,,"2,23 m²","0,749 m²","0,336","0,336",418 kg,,,,165 mm,,,,,,,,,,,,,,,,,,,,,,,,,126 cv,125 cv,"17,5 kgfm","17,5 kgfm",365 km,275 km,"7,3 km/l","5,5 km/l",,,,,,,,,,
nissan,Livina,livina,livina-grand-1-8-2010,livina-grand-1-8-2010,https://www.fichacompleta.com.br/carros/nissan/livina-grand-1-8-2010,2026-06-15T15:51:59.780220,Nissan Livina Grand 1.8 2010,"10,9 s",190 km/h,Embreagem monodisco a seco,Manual,,6,Dianteira,Injeção multiponto,Natural,1798 cm³,4 em linha,MR18DE,Duplo no cabeçote,"81,1 mm",84 mm,Transversal,Dianteiro,"10,3 kg/cv","73,9 kg/kgfm","70,1 cv/litro",126 cv (A) 125 cv (G) a 5200 rpm,"9,9:1",,,"9,7 kgfm/litro","17,5 kgfm (A) 17,5 kgfm (G) a 4800 rpm",4,1585 mm,1470 mm,1475 mm,4420 mm,2600 mm,1690 mm,1293 kg,,50 litros,120 mm,Disco ventilado,Tambor,Elétrica,"10,6 m","Indep., McPherson",Mola helicoidal,Eixo de torção,575 km,450 km,"11,5 km/l",9 km/l,6,5200 rpm,4800 rpm,"10,6 m",,,Corrente,,,"2,23 m²","0,749 m²","0,336","0,336",562 kg,,,,165 mm,,,,,,,,,,,,,,,,,,,,,,,,,126 cv,125 cv,"17,5 kgfm","17,5 kgfm",400 km,320 km,8 km/l,"6,4 km/l",,,,,,,450 litros,123 litros,450 litros,123 litros
nissan,Livina,livina,livina-grand-1-8-at-2010,livina-grand-1-8-at-2010,https://www.fichacompleta.com.br/carros/nissan/livina-grand-1-8-at-2010,2026-06-15T15:52:03.619967,Nissan Livina Grand 1.8 AT 2010,"11,8 s",181 km/h,Conversor de torque,Automático,,4,Dianteira,Injeção multiponto,Natural,1798 cm³,4 em linha,MR18DE,Duplo no cabeçote,"81,1 mm",84 mm,Transversal,Dianteiro,"10,4 kg/cv","74,6 kg/kgfm","70,1 cv/litro",126 cv (A) 125 cv (G) a 5200 rpm,"9,9:1",,,"9,7 kgfm/litro","17,5 kgfm (A) 17,5 kgfm (G) a 4800 rpm",4,1585 mm,1470 mm,1475 mm,4420 mm,2600 mm,1690 mm,1306 kg,,50 litros,120 mm,Disco ventilado,Tambor,Elétrica,"10,6 m","Indep., McPherson",Mola helicoidal,Eixo de torção,560 km,445 km,"11,2 km/l","8,9 km/l",4,5200 rpm,4800 rpm,"10,6 m",,,Corrente,,,"2,23 m²","0,749 m²","0,336","0,336",544 kg,,,,165 mm,,,,,,,,,,,,,,,,,,,,,,,,,126 cv,125 cv,"17,5 kgfm","17,5 kgfm",385 km,310 km,"7,7 km/l","6,2 km/l",,,,,,,450 litros,123 litros,450 litros,123 litros
nissan,Livina,livina,livina-grand-s-1-8-at-2010,livina-grand-s-1-8-at-2010,https://www.fichacompleta.com.br/carros/nissan/livina-grand-s-1-8-at-2010,2026-06-15T15:52:08.229987,Nissan Livina Grand S 1.8 AT 2010,"11,8 s",181 km/h,Conversor de torque,Automático,,4,Dianteira,Injeção multiponto,Natural,,4 em linha,MR18DE,Duplo no cabeçote,"81,1 mm",84 mm,Transversal,Dianteiro,"10,37 kg/cv","74,6 kg/kgfm","70,1 cv/litro",,"9,9:1",5200 rpm,4800 rpm,"9,7 kgfm/litro",,4,1585 mm,1470 mm,1475 mm,4420 mm,2600 mm,1690 mm,1306 kg,,50 litros,120 mm,Disco ventilado,Tambor,Elétrica,"10,6 m","Indep., McPherson",Mola helicoidal,Eixo de torção,560 km,445 km,"11,2 km/l","8,9 km/l",,,,,,,Corrente,,185/65 R15,"2,23 m²","0,749 m²","0,336",,544 kg,,,,165 mm,,,,,,,,,,449 cm³,1798 cm³,,,,,,,,,,,,,,126 cv,125 cv,"17,5 kgfm","17,5 kgfm",385 km,310 km,"7,7 km/l","6,2 km/l",,,,,,,450 litros,123 litros,,
nissan,Livina,livina,livina-grand-sl-1-8-2010,livina-grand-sl-1-8-2010,https://www.fichacompleta.com.br/carros/nissan/livina-grand-sl-1-8-2010,2026-06-15T15:52:10.969009,Nissan Livina Grand SL 1.8 2010,"10,9 s",190 km/h,Embreagem monodisco a seco,Manual,,,Dianteira,Injeção multiponto,Natural,1798 cm³,4 em linha,MR18DE,"Duplo no cabeçote, corrente","81,1 mm",84 mm,Transversal,Dianteiro,"10,3 kg/cv","73,9 kg/kgfm","70,1 cv/litro",126 cv (A) 125 cv (G) a 5200 rpm,"9,9:1",,,"9,7 kgfm/litro","17,5 kgfm (A) 17,5 kgfm (G) a 4800 rpm",4,1585 mm,1470 mm,1475 mm,4420 mm,2600 mm,1690 mm,1293 kg,,50 litros,120 mm,Disco ventilado,Tambor,Elétrica,,"Independente, McPherson",Mola helicoidal,Eixo de torção,575 km,450 km,"11,5 km/l",9 km/l,6,,,"10,6 m",,,,,,"2,23 m²","0,749 m²",,"0,336",562 kg,,,,165 mm,,,,,,,,,,,,,,,,,,,,,,,,,,,,,400 km,320 km,8 km/l,"6,4 km/l",,,,,,,,,450 litros,123 litros
nissan,Livina,livina,livina-grand-sl-1-8-at-2010,livina-grand-sl-1-8-at-2010,https://www.fichacompleta.com.br/carros/nissan/livina-grand-sl-1-8-at-2010,2026-06-15T15:52:13.588420,Nissan Livina Grand SL 1.8 AT 2010,"11,8 s",181 km/h,Conversor de torque,Automático,,,Dianteira,Injeção multiponto,Natural,1798 cm³,4 em linha,MR18DE,"Duplo no cabeçote, corrente","81,1 mm",84 mm,Transversal,Dianteiro,"10,4 kg/cv","74,6 kg/kgfm","70,1 cv/litro",126 cv (A) 125 cv (G) a 5200 rpm,"9,9:1",,,"9,7 kgfm/litro","17,5 kgfm (A) 17,5 kgfm (G) a 4800 rpm",4,1585 mm,1470 mm,1475 mm,4420 mm,2600 mm,1690 mm,1306 kg,,50 litros,120 mm,Disco ventilado,Tambor,Elétrica,,"Independente, McPherson",Mola helicoidal,Eixo de torção,560 km,445 km,"11,2 km/l","8,9 km/l",4,,,"10,6 m",,,,,,"2,23 m²","0,749 m²",,"0,336",544 kg,,,,165 mm,,,,,,,,,,,,,,,,,,,,,,,,,,,,,385 km,310 km,"7,7 km/l","6,2 km/l",,,,,,,,,450 litros,123 litros
nissan,Livina,livina,livina-s-1-6-2010,livina-s-1-6-2010,https://www.fichacompleta.com.br/carros/nissan/livina-s-1-6-2010,2026-06-15T15:52:17.163973,Nissan Livina S 1.6 2010,"11,7 s",183 km/h,Embreagem monodisco a seco,Manual,JH3,5,Dianteira,Injeção multiponto,Natural,1598 cm³,4 em linha,K4M,Duplo no cabeçote,"80,5 mm","79,5 mm",Transversal,Dianteiro,"10,7 kg/cv","75,8 kg/kgfm","67,6 cv/litro",,10:1,5750 rpm,3750 rpm,"9,6 kgfm/litro",,4,1570 mm,,,4180 mm,2600 mm,1690 mm,1159 kg,449 litros,50 litros,130 mm,Disco ventilado,Tambor,Elétrica,Não informado,"Indep., McPherson",Mola helicoidal,Eixo de torção,595 km,510 km,"11,9 km/l","10,2 km/l",,,,,,,Correia dentada,,,"2,23 m²","0,749 m²","0,336",,421 kg,,,,165 mm,,,,,,,,,,,,,,,,,,,,,,,,,108 cv,104 cv,"15,3 kgfm","14,9 kgfm",405 km,350 km,"8,1 km/l",7 km/l,,,,,,,,,,
nissan,Livina,livina,livina-s-1-8-at-2010,livina-s-1-8-at-2010,https://www.fichacompleta.com.br/carros/nissan/livina-s-1-8-at-2010,2026-06-15T15:52:20.824499,Nissan Livina S 1.8 AT 2010,"10,7 s",182 km/h,Conversor de torque,Automático,,,Dianteira,Injeção multiponto,Natural,1798 cm³,4 em linha,MR18DE,"Duplo no cabeçote, corrente","81,1 mm",84 mm,Transversal,Dianteiro,"9,3 kg/cv","67,0 kg/kgfm","70,1 cv/litro",126 cv (A) 125 cv (G) a 5200 rpm,"9,9:1",,,"9,7 kgfm/litro","17,5 kgfm (A) 17,5 kgfm (G) a 4800 rpm",4,1570 mm,,,4180 mm,2600 mm,1690 mm,1172 kg,449 litros,50 litros,120 mm,Disco ventilado,Tambor,Elétrica,,"Independente, McPherson",Mola helicoidal,Eixo de torção,575 km,450 km,"11,5 km/l",9 km/l,4,,,Não informado,,,,,,"2,23 m²","0,749 m²",,"0,336",418 kg,,,,165 mm,,,,,,,,,,,,,,,,,,,,,,,,,,,,,365 km,275 km,"7,3 km/l","5,5 km/l",,,,,,,,,,
nissan,Livina,livina,livina-s-x-gear-1-6-2010,livina-s-x-gear-1-6-2010,https://www.fichacompleta.com.br/carros/nissan/livina-s-x-gear-1-6-2010,2026-06-15T15:52:23.483157,Nissan Livina S X-Gear 1.6 2010,"11,7 s",183 km/h,Embreagem monodisco a seco,Manual,JH3,5,Dianteira,Injeção multiponto,Natural,1598 cm³,4 em linha,K4M,Duplo no cabeçote,"80,5 mm","79,5 mm",Transversal,Dianteiro,"10,7 kg/cv","75,8 kg/kgfm","67,6 cv/litro",,10:1,5750 rpm,3750 rpm,"9,6 kgfm/litro",,4,1570 mm,,,4180 mm,2600 mm,1690 mm,1159 kg,449 litros,50 litros,130 mm,Disco ventilado,Tambor,Elétrica,Não informado,"Indep., McPherson",Mola helicoidal,Eixo de torção,595 km,510 km,"11,9 km/l","10,2 km/l",,,,,,,Correia dentada,,,"2,23 m²","0,749 m²","0,336",,421 kg,,,,165 mm,,,,,,,,,,,,,,,,,,,,,,,,,108 cv,104 cv,"15,3 kgfm","14,9 kgfm",405 km,350 km,"8,1 km/l",7 km/l,,,,,,,,,,
nissan,Livina,livina,livina-sl-1-6-2010,livina-sl-1-6-2010,https://www.fichacompleta.com.br/carros/nissan/livina-sl-1-6-2010,2026-06-15T15:52:25.861098,Nissan Livina SL 1.6 2010,"11,7 s",183 km/h,Embreagem monodisco a seco,Manual,JH3,,Dianteira,Injeção multiponto,Natural,1598 cm³,4 em linha,K4M,"Duplo no cabeçote, correia dentada","80,5 mm","79,5 mm",Transversal,Dianteiro,"10,7 kg/cv","75,8 kg/kgfm","67,6 cv/litro",108 cv (A) 104 cv (G) a 5750 rpm,10:1,,,"9,6 kgfm/litro","15,3 kgfm (A) 14,9 kgfm (G) a 3750 rpm",4,1570 mm,,,4180 mm,2600 mm,1690 mm,1159 kg,449 litros,50 litros,130 mm,Disco ventilado,Tambor,Elétrica,,"Independente, McPherson",Mola helicoidal,Eixo de torção,595 km,510 km,"11,9 km/l","10,2 km/l",5,,,Não informado,,,,,,"2,23 m²","0,749 m²",,"0,336",421 kg,,,,165 mm,,,,,,,,,,,,,,,,,,,,,,,,,,,,,405 km,350 km,"8,1 km/l",7 km/l,,,,,,,,,,
nissan,Livina,livina,livina-sl-1-8-at-2010,livina-sl-1-8-at-2010,https://www.fichacompleta.com.br/carros/nissan/livina-sl-1-8-at-2010,2026-06-15T15:52:30.366193,Nissan Livina SL 1.8 AT 2010,"10,7 s",182 km/h,Conversor de torque,Automático,,,Dianteira,Injeção multiponto,Natural,1798 cm³,4 em linha,MR18DE,"Duplo no cabeçote, corrente","81,1 mm",84 mm,Transversal,Dianteiro,"9,3 kg/cv","67,0 kg/kgfm","70,1 cv/litro",126 cv (A) 125 cv (G) a 5200 rpm,"9,9:1",,,"9,7 kgfm/litro","17,5 kgfm (A) 17,5 kgfm (G) a 4800 rpm",4,1570 mm,,,4180 mm,2600 mm,1690 mm,1172 kg,449 litros,50 litros,120 mm,Disco ventilado,Tambor,Elétrica,,"Independente, McPherson",Mola helicoidal,Eixo de torção,575 km,450 km,"11,5 km/l",9 km/l,4,,,Não informado,,,,,,"2,23 m²","0,749 m²",,"0,336",418 kg,,,,165 mm,,,,,,,,,,,,,,,,,,,,,,,,,,,,,365 km,275 km,"7,3 km/l","5,5 km/l",,,,,,,,,,
nissan,Livina,livina,livina-sl-x-gear-1-6-2010,livina-sl-x-gear-1-6-2010,https://www.fichacompleta.com.br/carros/nissan/livina-sl-x-gear-1-6-2010,2026-06-15T15:52:34.564728,Nissan Livina SL X-Gear 1.6 2010,"11,7 s",183 km/h,Embreagem monodisco a seco,Manual,JH3,,Dianteira,Injeção multiponto,Natural,1598 cm³,4 em linha,K4M,"Duplo no cabeçote, correia dentada","80,5 mm","79,5 mm",Transversal,Dianteiro,"10,7 kg/cv","75,8 kg/kgfm","67,6 cv/litro",108 cv (A) 104 cv (G) a 5750 rpm,10:1,,,"9,6 kgfm/litro","15,3 kgfm (A) 14,9 kgfm (G) a 3750 rpm",4,1570 mm,,,4180 mm,2600 mm,1690 mm,1159 kg,449 litros,50 litros,130 mm,Disco ventilado,Tambor,Elétrica,,"Independente, McPherson",Mola helicoidal,Eixo de torção,595 km,510 km,"11,9 km/l","10,2 km/l",5,,,Não informado,,,,,,"2,23 m²","0,749 m²",,"0,336",421 kg,,,,165 mm,,,,,,,,,,,,,,,,,,,,,,,,,,,,,405 km,350 km,"8,1 km/l",7 km/l,,,,,,,,,,
nissan,Livina,livina,livina-sl-x-gear-1-8-at-2010,livina-sl-x-gear-1-8-at-2010,https://www.fichacompleta.com.br/carros/nissan/livina-sl-x-gear-1-8-at-2010,2026-06-15T15:52:39.241496,Nissan Livina SL X-Gear 1.8 AT 2010,"10,7 s",182 km/h,Conversor de torque,Automático,,,Dianteira,Injeção multiponto,Natural,1798 cm³,4 em linha,MR18DE,"Duplo no cabeçote, corrente","81,1 mm",84 mm,Transversal,Dianteiro,"9,3 kg/cv","67,0 kg/kgfm","70,1 cv/litro",126 cv (A) 125 cv (G) a 5200 rpm,"9,9:1",,,"9,7 kgfm/litro","17,5 kgfm (A) 17,5 kgfm (G) a 4800 rpm",4,1570 mm,,,4180 mm,2600 mm,1690 mm,1172 kg,449 litros,50 litros,120 mm,Disco ventilado,Tambor,Elétrica,,"Independente, McPherson",Mola helicoidal,Eixo de torção,575 km,450 km,"11,5 km/l",9 km/l,4,,,Não informado,,,,,,"2,23 m²","0,749 m²",,"0,336",418 kg,,,,165 mm,,,,,,,,,,,,,,,,,,,,,,,,,,,,,365 km,275 km,"7,3 km/l","5,5 km/l",,,,,,,,,,
nissan,Livina,livina,livina-x-gear-1-6-2010,livina-x-gear-1-6-2010,https://www.fichacompleta.com.br/carros/nissan/livina-x-gear-1-6-2010,2026-06-15T15:52:41.828075,Nissan Livina X-Gear 1.6 2010,"11,7 s",183 km/h,Embreagem monodisco a seco,Manual,JH3,,Dianteira,Injeção multiponto,Natural,1598 cm³,4 em linha,K4M,"Duplo no cabeçote, correia dentada","80,5 mm","79,5 mm",Transversal,Dianteiro,"10,7 kg/cv","75,8 kg/kgfm","67,6 cv/litro",108 cv (A) 104 cv (G) a 5750 rpm,10:1,,,"9,6 kgfm/litro","15,3 kgfm (A) 14,9 kgfm (G) a 3750 rpm",4,1570 mm,,,4180 mm,2600 mm,1690 mm,1159 kg,449 litros,50 litros,130 mm,Disco ventilado,Tambor,Elétrica,,"Independente, McPherson",Mola helicoidal,Eixo de torção,595 km,510 km,"11,9 km/l","10,2 km/l",5,,,Não informado,,,,,,"2,23 m²","0,749 m²",,"0,336",421 kg,,,,165 mm,,,,,,,,,,,,,,,,,,,,,,,,,,,,,405 km,350 km,"8,1 km/l",7 km/l,,,,,,,,,,
nissan,Livina,livina,livina-1-6-2011,livina-1-6-2011,https://www.fichacompleta.com.br/carros/nissan/livina-1-6-2011,2026-06-15T15:52:45.480422,Nissan Livina 1.6 2011,"11,7 s",183 km/h,Embreagem monodisco a seco,Manual,JH3,,Dianteira,Injeção multiponto,Natural,1598 cm³,4 em linha,K4M,"Duplo no cabeçote, correia dentada","80,5 mm","79,5 mm",Transversal,Dianteiro,"10,7 kg/cv","75,8 kg/kgfm","67,6 cv/litro",108 cv (A) 104 cv (G) a 5750 rpm,10:1,,,"9,6 kgfm/litro","15,3 kgfm (A) 14,9 kgfm (G) a 3750 rpm",4,1570 mm,,,4180 mm,2600 mm,1690 mm,1159 kg,449 litros,50 litros,130 mm,Disco ventilado,Tambor,Elétrica,,"Independente, McPherson",Mola helicoidal,Eixo de torção,595 km,510 km,"11,9 km/l","10,2 km/l",5,,,Não informado,,,,,,"2,23 m²","0,749 m²",,"0,336",421 kg,,,,165 mm,,,,,,,,,,,,,,,,,,,,,,,,,,,,,405 km,350 km,"8,1 km/l",7 km/l,,,,,,,,,,
nissan,Livina,livina,livina-grand-s-1-8-2011,livina-grand-s-1-8-2011,https://www.fichacompleta.com.br/carros/nissan/livina-grand-s-1-8-2011,2026-06-15T15:52:48.776152,Nissan Livina Grand S 1.8 2011,"10,9 s",190 km/h,Embreagem monodisco a seco,Manual,,,Dianteira,Injeção multiponto,Natural,1798 cm³,4 em linha,MR18DE,"Duplo no cabeçote, corrente","81,1 mm",84 mm,Transversal,Dianteiro,"10,3 kg/cv","73,9 kg/kgfm","70,1 cv/litro",126 cv (A) 125 cv (G) a 5200 rpm,"9,9:1",,,"9,7 kgfm/litro","17,5 kgfm (A) 17,5 kgfm (G) a 4800 rpm",4,1585 mm,1470 mm,1475 mm,4420 mm,2600 mm,1690 mm,1293 kg,,50 litros,120 mm,Disco ventilado,Tambor,Elétrica,,"Independente, McPherson",Mola helicoidal,Eixo de torção,575 km,450 km,"11,5 km/l",9 km/l,6,,,"10,6 m",,,,,,"2,23 m²","0,749 m²",,"0,336",562 kg,,,,165 mm,,,,,,,,,,,,,,,,,,,,,,,,,,,,,400 km,320 km,8 km/l,"6,4 km/l",,,,,,,,,450 litros,123 litros
nissan,Livina,livina,livina-grand-s-1-8-at-2011,livina-grand-s-1-8-at-2011,https://www.fichacompleta.com.br/carros/nissan/livina-grand-s-1-8-at-2011,2026-06-15T15:52:51.155960,Nissan Livina Grand S 1.8 AT 2011,"11,8 s",181 km/h,Conversor de torque,Automático,,4,Dianteira,Injeção multiponto,Natural,,4 em linha,MR18DE,Duplo no cabeçote,"81,1 mm",84 mm,Transversal,Dianteiro,"10,37 kg/cv","74,6 kg/kgfm","70,1 cv/litro",,"9,9:1",5200 rpm,4800 rpm,"9,7 kgfm/litro",,4,1585 mm,1470 mm,1475 mm,4420 mm,2600 mm,1690 mm,1306 kg,,50 litros,120 mm,Disco ventilado,Tambor,Elétrica,"10,6 m","Indep., McPherson",Mola helicoidal,Eixo de torção,560 km,445 km,"11,2 km/l","8,9 km/l",,,,,,,Corrente,,185/65 R15,"2,23 m²","0,749 m²","0,336",,544 kg,,,,165 mm,,,,,,,,,,449 cm³,1798 cm³,,,,,,,,,,,,,,126 cv,125 cv,"17,5 kgfm","17,5 kgfm",385 km,310 km,"7,7 km/l","6,2 km/l",,,,,,,450 litros,123 litros,,
nissan,Livina,livina,livina-grand-sl-1-8-at-2011,livina-grand-sl-1-8-at-2011,https://www.fichacompleta.com.br/carros/nissan/livina-grand-sl-1-8-at-2011,2026-06-15T15:52:53.549935,Nissan Livina Grand SL 1.8 AT 2011,"11,8 s",181 km/h,Conversor de torque,Automático,,,Dianteira,Injeção multiponto,Natural,1798 cm³,4 em linha,MR18DE,"Duplo no cabeçote, corrente","81,1 mm",84 mm,Transversal,Dianteiro,"10,4 kg/cv","74,6 kg/kgfm","70,1 cv/litro",126 cv (A) 125 cv (G) a 5200 rpm,"9,9:1",,,"9,7 kgfm/litro","17,5 kgfm (A) 17,5 kgfm (G) a 4800 rpm",4,1585 mm,1470 mm,1475 mm,4420 mm,2600 mm,1690 mm,1306 kg,,50 litros,120 mm,Disco ventilado,Tambor,Elétrica,,"Independente, McPherson",Mola helicoidal,Eixo de torção,560 km,445 km,"11,2 km/l","8,9 km/l",4,,,"10,6 m",,,,,,"2,23 m²","0,749 m²",,"0,336",544 kg,,,,165 mm,,,,,,,,,,,,,,,,,,,,,,,,,,,,,385 km,310 km,"7,7 km/l","6,2 km/l",,,,,,,,,450 litros,123 litros
nissan,Livina,livina,livina-night-day-1-6-2011,livina-night-day-1-6-2011,https://www.fichacompleta.com.br/carros/nissan/livina-night-day-1-6-2011,2026-06-15T15:52:58.321370,Nissan Livina Night Day 1.6 2011,"11,7 s",183 km/h,Embreagem monodisco a seco,Manual,JH3,,Dianteira,Injeção multiponto,Natural,1598 cm³,4 em linha,K4M,"Duplo no cabeçote, correia dentada","80,5 mm","79,5 mm",Transversal,Dianteiro,"10,7 kg/cv","75,8 kg/kgfm","67,6 cv/litro",108 cv (A) 104 cv (G) a 5750 rpm,10:1,,,"9,6 kgfm/litro","15,3 kgfm (A) 14,9 kgfm (G) a 3750 rpm",4,1570 mm,,,4180 mm,2600 mm,1690 mm,1159 kg,449 litros,50 litros,130 mm,Disco ventilado,Tambor,Elétrica,,"Independente, McPherson",Mola helicoidal,Eixo de torção,595 km,510 km,"11,9 km/l","10,2 km/l",5,,,Não informado,,,,,,"2,23 m²","0,749 m²",,"0,336",421 kg,,,,165 mm,,,,,,,,,,,,,,,,,,,,,,,,,,,,,405 km,350 km,"8,1 km/l",7 km/l,,,,,,,,,,
nissan,Livina,livina,livina-s-1-6-2011,livina-s-1-6-2011,https://www.fichacompleta.com.br/carros/nissan/livina-s-1-6-2011,2026-06-15T15:53:01.408217,Nissan Livina S 1.6 2011,"11,7 s",183 km/h,Embreagem monodisco a seco,Manual,JH3,,Dianteira,Injeção multiponto,Natural,1598 cm³,4 em linha,K4M,"Duplo no cabeçote, correia dentada","80,5 mm","79,5 mm",Transversal,Dianteiro,"10,7 kg/cv","75,8 kg/kgfm","67,6 cv/litro",108 cv (A) 104 cv (G) a 5750 rpm,10:1,,,"9,6 kgfm/litro","15,3 kgfm (A) 14,9 kgfm (G) a 3750 rpm",4,1570 mm,,,4180 mm,2600 mm,1690 mm,1159 kg,449 litros,50 litros,130 mm,Disco ventilado,Tambor,Elétrica,,"Independente, McPherson",Mola helicoidal,Eixo de torção,595 km,510 km,"11,9 km/l","10,2 km/l",5,,,Não informado,,,,,,"2,23 m²","0,749 m²",,"0,336",421 kg,,,,165 mm,,,,,,,,,,,,,,,,,,,,,,,,,,,,,405 km,350 km,"8,1 km/l",7 km/l,,,,,,,,,,
nissan,Livina,livina,livina-s-1-8-at-2011,livina-s-1-8-at-2011,https://www.fichacompleta.com.br/carros/nissan/livina-s-1-8-at-2011,2026-06-15T15:53:04.838513,Nissan Livina S 1.8 AT 2011,"10,7 s",182 km/h,Conversor de torque,Automático,,,Dianteira,Injeção multiponto,Natural,1798 cm³,4 em linha,MR18DE,"Duplo no cabeçote, corrente","81,1 mm",84 mm,Transversal,Dianteiro,"9,3 kg/cv","67,0 kg/kgfm","70,1 cv/litro",126 cv (A) 125 cv (G) a 5200 rpm,"9,9:1",,,"9,7 kgfm/litro","17,5 kgfm (A) 17,5 kgfm (G) a 4800 rpm",4,1570 mm,,,4180 mm,2600 mm,1690 mm,1172 kg,449 litros,50 litros,120 mm,Disco ventilado,Tambor,Elétrica,,"Independente, McPherson",Mola helicoidal,Eixo de torção,575 km,450 km,"11,5 km/l",9 km/l,4,,,Não informado,,,,,,"2,23 m²","0,749 m²",,"0,336",418 kg,,,,165 mm,,,,,,,,,,,,,,,,,,,,,,,,,,,,,365 km,275 km,"7,3 km/l","5,5 km/l",,,,,,,,,,
nissan,Livina,livina,livina-s-x-gear-1-6-2011,livina-s-x-gear-1-6-2011,https://www.fichacompleta.com.br/carros/nissan/livina-s-x-gear-1-6-2011,2026-06-15T15:53:09.574681,Nissan Livina S X-Gear 1.6 2011,"11,7 s",183 km/h,Embreagem monodisco a seco,Manual,JH3,5,Dianteira,Injeção multiponto,Natural,1598 cm³,4 em linha,K4M,Duplo no cabeçote,"80,5 mm","79,5 mm",Transversal,Dianteiro,"10,7 kg/cv","75,8 kg/kgfm","67,6 cv/litro",,10:1,5750 rpm,3750 rpm,"9,6 kgfm/litro",,4,1570 mm,,,4180 mm,2600 mm,1690 mm,1159 kg,449 litros,50 litros,130 mm,Disco ventilado,Tambor,Elétrica,Não informado,"Indep., McPherson",Mola helicoidal,Eixo de torção,595 km,510 km,"11,9 km/l","10,2 km/l",,,,,,,Correia dentada,,,"2,23 m²","0,749 m²","0,336",,421 kg,,,,165 mm,,,,,,,,,,,,,,,,,,,,,,,,,108 cv,104 cv,"15,3 kgfm","14,9 kgfm",405 km,350 km,"8,1 km/l",7 km/l,,,,,,,,,,
nissan,Livina,livina,livina-sl-1-6-2011,livina-sl-1-6-2011,https://www.fichacompleta.com.br/carros/nissan/livina-sl-1-6-2011,2026-06-15T15:53:13.765059,Nissan Livina SL 1.6 2011,"11,7 s",183 km/h,Embreagem monodisco a seco,Manual,JH3,,Dianteira,Injeção multiponto,Natural,1598 cm³,4 em linha,K4M,"Duplo no cabeçote, correia dentada","80,5 mm","79,5 mm",Transversal,Dianteiro,"10,7 kg/cv","75,8 kg/kgfm","67,6 cv/litro",108 cv (A) 104 cv (G) a 5750 rpm,10:1,,,"9,6 kgfm/litro","15,3 kgfm (A) 14,9 kgfm (G) a 3750 rpm",4,1570 mm,,,4180 mm,2600 mm,1690 mm,1159 kg,449 litros,50 litros,130 mm,Disco ventilado,Tambor,Elétrica,,"Independente, McPherson",Mola helicoidal,Eixo de torção,595 km,510 km,"11,9 km/l","10,2 km/l",5,,,Não informado,,,,,,"2,23 m²","0,749 m²",,"0,336",421 kg,,,,165 mm,,,,,,,,,,,,,,,,,,,,,,,,,,,,,405 km,350 km,"8,1 km/l",7 km/l,,,,,,,,,,
nissan,Livina,livina,livina-sl-1-8-at-2011,livina-sl-1-8-at-2011,https://www.fichacompleta.com.br/carros/nissan/livina-sl-1-8-at-2011,2026-06-15T15:53:17.648839,Nissan Livina SL 1.8 AT 2011,"10,7 s",182 km/h,Conversor de torque,Automático,,,Dianteira,Injeção multiponto,Natural,1798 cm³,4 em linha,MR18DE,"Duplo no cabeçote, corrente","81,1 mm",84 mm,Transversal,Dianteiro,"9,3 kg/cv","67,0 kg/kgfm","70,1 cv/litro",126 cv (A) 125 cv (G) a 5200 rpm,"9,9:1",,,"9,7 kgfm/litro","17,5 kgfm (A) 17,5 kgfm (G) a 4800 rpm",4,1570 mm,,,4180 mm,2600 mm,1690 mm,1172 kg,449 litros,50 litros,120 mm,Disco ventilado,Tambor,Elétrica,,"Independente, McPherson",Mola helicoidal,Eixo de torção,575 km,450 km,"11,5 km/l",9 km/l,4,,,Não informado,,,,,,"2,23 m²","0,749 m²",,"0,336",418 kg,,,,165 mm,,,,,,,,,,,,,,,,,,,,,,,,,,,,,365 km,275 km,"7,3 km/l","5,5 km/l",,,,,,,,,,
nissan,Livina,livina,livina-sl-x-gear-1-6-2011,livina-sl-x-gear-1-6-2011,https://www.fichacompleta.com.br/carros/nissan/livina-sl-x-gear-1-6-2011,2026-06-15T15:53:22.229762,Nissan Livina SL X-Gear 1.6 2011,"11,7 s",183 km/h,Embreagem monodisco a seco,Manual,JH3,,Dianteira,Injeção multiponto,Natural,1598 cm³,4 em linha,K4M,"Duplo no cabeçote, correia dentada","80,5 mm","79,5 mm",Transversal,Dianteiro,"10,7 kg/cv","75,8 kg/kgfm","67,6 cv/litro",108 cv (A) 104 cv (G) a 5750 rpm,10:1,,,"9,6 kgfm/litro","15,3 kgfm (A) 14,9 kgfm (G) a 3750 rpm",4,1570 mm,,,4180 mm,2600 mm,1690 mm,1159 kg,449 litros,50 litros,130 mm,Disco ventilado,Tambor,Elétrica,,"Independente, McPherson",Mola helicoidal,Eixo de torção,595 km,510 km,"11,9 km/l","10,2 km/l",5,,,Não informado,,,,,,"2,23 m²","0,749 m²",,"0,336",421 kg,,,,165 mm,,,,,,,,,,,,,,,,,,,,,,,,,,,,,405 km,350 km,"8,1 km/l",7 km/l,,,,,,,,,,
nissan,Livina,livina,livina-1-6-2012,livina-1-6-2012,https://www.fichacompleta.com.br/carros/nissan/livina-1-6-2012,2026-06-15T15:53:24.794181,Nissan Livina 1.6 2012,"11,7 s",183 km/h,Embreagem monodisco a seco,Manual,JH3,,Dianteira,Injeção multiponto,Natural,1598 cm³,4 em linha,K4M,"Duplo no cabeçote, correia dentada","80,5 mm","79,5 mm",Transversal,Dianteiro,"10,7 kg/cv","75,8 kg/kgfm","67,6 cv/litro",108 cv (A) 104 cv (G) a 5750 rpm,10:1,,,"9,6 kgfm/litro","15,3 kgfm (A) 14,9 kgfm (G) a 3750 rpm",4,1570 mm,,,4180 mm,2600 mm,1690 mm,1159 kg,449 litros,50 litros,130 mm,Disco ventilado,Tambor,Elétrica,,"Independente, McPherson",Mola helicoidal,Eixo de torção,595 km,510 km,"11,9 km/l","10,2 km/l",5,,,Não informado,,,,,,"2,23 m²","0,749 m²",,"0,336",421 kg,,,,165 mm,,,,,,,,,,,,,,,,,,,,,,,,,,,,,405 km,350 km,"8,1 km/l",7 km/l,,,,,,,,,,
nissan,Livina,livina,livina-grand-s-1-8-2012,livina-grand-s-1-8-2012,https://www.fichacompleta.com.br/carros/nissan/livina-grand-s-1-8-2012,2026-06-15T15:53:28.517994,Nissan Livina Grand S 1.8 2012,"10,9 s",190 km/h,Embreagem monodisco a seco,Manual,,,Dianteira,Injeção multiponto,Natural,1798 cm³,4 em linha,MR18DE,"Duplo no cabeçote, corrente","81,1 mm",84 mm,Transversal,Dianteiro,"10,3 kg/cv","73,9 kg/kgfm","70,1 cv/litro",126 cv (A) 125 cv (G) a 5200 rpm,"9,9:1",,,"9,7 kgfm/litro","17,5 kgfm (A) 17,5 kgfm (G) a 4800 rpm",4,1585 mm,1470 mm,1475 mm,4420 mm,2600 mm,1690 mm,1293 kg,,50 litros,120 mm,Disco ventilado,Tambor,Elétrica,,"Independente, McPherson",Mola helicoidal,Eixo de torção,575 km,450 km,"11,5 km/l",9 km/l,6,,,"10,6 m",,,,,,"2,23 m²","0,749 m²",,"0,336",562 kg,,,,165 mm,,,,,,,,,,,,,,,,,,,,,,,,,,,,,400 km,320 km,8 km/l,"6,4 km/l",,,,,,,,,450 litros,123 litros
nissan,Livina,livina,livina-grand-sl-1-8-at-2012,livina-grand-sl-1-8-at-2012,https://www.fichacompleta.com.br/carros/nissan/livina-grand-sl-1-8-at-2012,2026-06-15T15:53:32.381939,Nissan Livina Grand SL 1.8 AT 2012,"11,8 s",181 km/h,Conversor de torque,Automático,,,Dianteira,Injeção multiponto,Natural,1798 cm³,4 em linha,MR18DE,"Duplo no cabeçote, corrente","81,1 mm",84 mm,Transversal,Dianteiro,"10,4 kg/cv","74,6 kg/kgfm","70,1 cv/litro",126 cv (A) 125 cv (G) a 5200 rpm,"9,9:1",,,"9,7 kgfm/litro","17,5 kgfm (A) 17,5 kgfm (G) a 4800 rpm",4,1585 mm,1470 mm,1475 mm,4420 mm,2600 mm,1690 mm,1306 kg,,50 litros,120 mm,Disco ventilado,Tambor,Elétrica,,"Independente, McPherson",Mola helicoidal,Eixo de torção,560 km,445 km,"11,2 km/l","8,9 km/l",4,,,"10,6 m",,,,,,"2,23 m²","0,749 m²",,"0,336",544 kg,,,,165 mm,,,,,,,,,,,,,,,,,,,,,,,,,,,,,385 km,310 km,"7,7 km/l","6,2 km/l",,,,,,,,,450 litros,123 litros
nissan,Livina,livina,livina-night-day-1-6-2012,livina-night-day-1-6-2012,https://www.fichacompleta.com.br/carros/nissan/livina-night-day-1-6-2012,2026-06-15T15:53:34.817776,Nissan Livina Night Day 1.6 2012,"11,7 s",183 km/h,Embreagem monodisco a seco,Manual,JH3,,Dianteira,Injeção multiponto,Natural,1598 cm³,4 em linha,K4M,"Duplo no cabeçote, correia dentada","80,5 mm","79,5 mm",Transversal,Dianteiro,"10,7 kg/cv","75,8 kg/kgfm","67,6 cv/litro",108 cv (A) 104 cv (G) a 5750 rpm,10:1,,,"9,6 kgfm/litro","15,3 kgfm (A) 14,9 kgfm (G) a 3750 rpm",4,1570 mm,,,4180 mm,2600 mm,1690 mm,1159 kg,449 litros,50 litros,130 mm,Disco ventilado,Tambor,Elétrica,,"Independente, McPherson",Mola helicoidal,Eixo de torção,595 km,510 km,"11,9 km/l","10,2 km/l",5,,,Não informado,,,,,,"2,23 m²","0,749 m²",,"0,336",421 kg,,,,165 mm,,,,,,,,,,,,,,,,,,,,,,,,,,,,,405 km,350 km,"8,1 km/l",7 km/l,,,,,,,,,,
nissan,Livina,livina,livina-s-1-6-2012,livina-s-1-6-2012,https://www.fichacompleta.com.br/carros/nissan/livina-s-1-6-2012,2026-06-15T15:53:37.635494,Nissan Livina S 1.6 2012,"11,7 s",183 km/h,Embreagem monodisco a seco,Manual,JH3,,Dianteira,Injeção multiponto,Natural,1598 cm³,4 em linha,K4M,"Duplo no cabeçote, correia dentada","80,5 mm","79,5 mm",Transversal,Dianteiro,"10,7 kg/cv","75,8 kg/kgfm","67,6 cv/litro",108 cv (A) 104 cv (G) a 5750 rpm,10:1,,,"9,6 kgfm/litro","15,3 kgfm (A) 14,9 kgfm (G) a 3750 rpm",4,1570 mm,,,4180 mm,2600 mm,1690 mm,1159 kg,449 litros,50 litros,130 mm,Disco ventilado,Tambor,Elétrica,,"Independente, McPherson",Mola helicoidal,Eixo de torção,595 km,510 km,"11,9 km/l","10,2 km/l",5,,,Não informado,,,,,,"2,23 m²","0,749 m²",,"0,336",421 kg,,,,165 mm,,,,,,,,,,,,,,,,,,,,,,,,,,,,,405 km,350 km,"8,1 km/l",7 km/l,,,,,,,,,,
nissan,Livina,livina,livina-sl-1-6-2012,livina-sl-1-6-2012,https://www.fichacompleta.com.br/carros/nissan/livina-sl-1-6-2012,2026-06-15T15:53:42.121957,Nissan Livina SL 1.6 2012,"11,7 s",183 km/h,Embreagem monodisco a seco,Manual,JH3,,Dianteira,Injeção multiponto,Natural,1598 cm³,4 em linha,K4M,"Duplo no cabeçote, correia dentada","80,5 mm","79,5 mm",Transversal,Dianteiro,"10,7 kg/cv","75,8 kg/kgfm","67,6 cv/litro",108 cv (A) 104 cv (G) a 5750 rpm,10:1,,,"9,6 kgfm/litro","15,3 kgfm (A) 14,9 kgfm (G) a 3750 rpm",4,1570 mm,,,4180 mm,2600 mm,1690 mm,1159 kg,449 litros,50 litros,130 mm,Disco ventilado,Tambor,Elétrica,,"Independente, McPherson",Mola helicoidal,Eixo de torção,595 km,510 km,"11,9 km/l","10,2 km/l",5,,,Não informado,,,,,,"2,23 m²","0,749 m²",,"0,336",421 kg,,,,165 mm,,,,,,,,,,,,,,,,,,,,,,,,,,,,,405 km,350 km,"8,1 km/l",7 km/l,,,,,,,,,,
nissan,Livina,livina,livina-sl-1-8-at-2012,livina-sl-1-8-at-2012,https://www.fichacompleta.com.br/carros/nissan/livina-sl-1-8-at-2012,2026-06-15T15:53:44.501727,Nissan Livina SL 1.8 AT 2012,"10,7 s",182 km/h,Conversor de torque,Automático,,,Dianteira,Injeção multiponto,Natural,1798 cm³,4 em linha,MR18DE,"Duplo no cabeçote, corrente","81,1 mm",84 mm,Transversal,Dianteiro,"9,3 kg/cv","67,0 kg/kgfm","70,1 cv/litro",126 cv (A) 125 cv (G) a 5200 rpm,"9,9:1",,,"9,7 kgfm/litro","17,5 kgfm (A) 17,5 kgfm (G) a 4800 rpm",4,1570 mm,,,4180 mm,2600 mm,1690 mm,1172 kg,449 litros,50 litros,120 mm,Disco ventilado,Tambor,Elétrica,,"Independente, McPherson",Mola helicoidal,Eixo de torção,575 km,450 km,"11,5 km/l",9 km/l,4,,,Não informado,,,,,,"2,23 m²","0,749 m²",,"0,336",418 kg,,,,165 mm,,,,,,,,,,,,,,,,,,,,,,,,,,,,,365 km,275 km,"7,3 km/l","5,5 km/l",,,,,,,,,,
nissan,Livina,livina,livina-sl-x-gear-1-6-2012,livina-sl-x-gear-1-6-2012,https://www.fichacompleta.com.br/carros/nissan/livina-sl-x-gear-1-6-2012,2026-06-15T15:53:48.628916,Nissan Livina SL X-Gear 1.6 2012,"11,7 s",183 km/h,Embreagem monodisco a seco,Manual,JH3,,Dianteira,Injeção multiponto,Natural,1598 cm³,4 em linha,K4M,"Duplo no cabeçote, correia dentada","80,5 mm","79,5 mm",Transversal,Dianteiro,"10,7 kg/cv","75,8 kg/kgfm","67,6 cv/litro",108 cv (A) 104 cv (G) a 5750 rpm,10:1,,,"9,6 kgfm/litro","15,3 kgfm (A) 14,9 kgfm (G) a 3750 rpm",4,1570 mm,,,4180 mm,2600 mm,1690 mm,1159 kg,449 litros,50 litros,130 mm,Disco ventilado,Tambor,Elétrica,,"Independente, McPherson",Mola helicoidal,Eixo de torção,595 km,510 km,"11,9 km/l","10,2 km/l",5,,,Não informado,,,,,,"2,23 m²","0,749 m²",,"0,336",421 kg,,,,165 mm,,,,,,,,,,,,,,,,,,,,,,,,,,,,,405 km,350 km,"8,1 km/l",7 km/l,,,,,,,,,,
nissan,Livina,livina,livina-sl-x-gear-1-8-at-2012,livina-sl-x-gear-1-8-at-2012,https://www.fichacompleta.com.br/carros/nissan/livina-sl-x-gear-1-8-at-2012,2026-06-15T15:53:51.684733,Nissan Livina SL X-Gear 1.8 AT 2012,"10,7 s",182 km/h,Conversor de torque,Automático,,,Dianteira,Injeção multiponto,Natural,1798 cm³,4 em linha,MR18DE,"Duplo no cabeçote, corrente","81,1 mm",84 mm,Transversal,Dianteiro,"9,3 kg/cv","67,0 kg/kgfm","70,1 cv/litro",126 cv (A) 125 cv (G) a 5200 rpm,"9,9:1",,,"9,7 kgfm/litro","17,5 kgfm (A) 17,5 kgfm (G) a 4800 rpm",4,1570 mm,,,4180 mm,2600 mm,1690 mm,1172 kg,449 litros,50 litros,120 mm,Disco ventilado,Tambor,Elétrica,,"Independente, McPherson",Mola helicoidal,Eixo de torção,575 km,450 km,"11,5 km/l",9 km/l,4,,,Não informado,,,,,,"2,23 m²","0,749 m²",,"0,336",418 kg,,,,165 mm,,,,,,,,,,,,,,,,,,,,,,,,,,,,,365 km,275 km,"7,3 km/l","5,5 km/l",,,,,,,,,,
nissan,Livina,livina,livina-1-6-2013,livina-1-6-2013,https://www.fichacompleta.com.br/carros/nissan/livina-1-6-2013,2026-06-15T15:53:55.074855,Nissan Livina 1.6 2013,"11,7 s",183 km/h,Embreagem monodisco a seco,Manual,JH3,,Dianteira,Injeção multiponto,Natural,1598 cm³,4 em linha,K4M,"Duplo no cabeçote, correia dentada","80,5 mm","79,5 mm",Transversal,Dianteiro,"10,8 kg/cv","76,5 kg/kgfm","67,6 cv/litro",108 cv (A) 104 cv (G) a 5750 rpm,10:1,,,"9,6 kgfm/litro","15,3 kgfm (A) 14,9 kgfm (G) a 3750 rpm",4,1570 mm,,,4180 mm,2600 mm,1690 mm,1170 kg,449 litros,50 litros,130 mm,Disco ventilado,Tambor,Elétrica,,"Independente, McPherson",Mola helicoidal,Eixo de torção,595 km,510 km,"11,9 km/l","10,2 km/l",5,,,Não informado,,,,,,"2,23 m²","0,749 m²",,"0,336",395 kg,,,,165 mm,,,,,,,,,,,,,,,,,,,,,,,,,,,,,405 km,350 km,"8,1 km/l",7 km/l,,,,,,,,,,
nissan,Livina,livina,livina-grand-s-1-8-2013,livina-grand-s-1-8-2013,https://www.fichacompleta.com.br/carros/nissan/livina-grand-s-1-8-2013,2026-06-15T15:53:57.790271,Nissan Livina Grand S 1.8 2013,"10,9 s",190 km/h,Embreagem monodisco a seco,Manual,,,Dianteira,Injeção multiponto,Natural,1798 cm³,4 em linha,MR18DE,"Duplo no cabeçote, corrente","81,1 mm",84 mm,Transversal,Dianteiro,"10,3 kg/cv","73,9 kg/kgfm","70,1 cv/litro",126 cv (A) 125 cv (G) a 5200 rpm,"9,9:1",,,"9,7 kgfm/litro","17,5 kgfm (A) 17,5 kgfm (G) a 4800 rpm",4,1620 mm,1470 mm,1475 mm,4420 mm,2600 mm,1690 mm,1293 kg,,50 litros,120 mm,Disco ventilado,Tambor,Elétrica,,"Independente, McPherson",Mola helicoidal,Eixo de torção,575 km,450 km,"11,5 km/l",9 km/l,6,,,"10,6 m",,,,Admissão,,"2,23 m²","0,749 m²",,"0,336",571 kg,,,,165 mm,,,,,,,,,,,,,,,,,,,,,,,,,,,,,400 km,320 km,8 km/l,"6,4 km/l",,,,,,,,,450 litros,123 litros
nissan,Livina,livina,livina-grand-sl-1-8-at-2013,livina-grand-sl-1-8-at-2013,https://www.fichacompleta.com.br/carros/nissan/livina-grand-sl-1-8-at-2013,2026-06-15T15:54:02.300084,Nissan Livina Grand SL 1.8 AT 2013,"11,8 s",181 km/h,Conversor de torque,Automático,,,Dianteira,Injeção multiponto,Natural,1798 cm³,4 em linha,MR18DE,"Duplo no cabeçote, corrente","81,1 mm",84 mm,Transversal,Dianteiro,"10,4 kg/cv","74,6 kg/kgfm","70,1 cv/litro",126 cv (A) 125 cv (G) a 5200 rpm,"9,9:1",,,"9,7 kgfm/litro","17,5 kgfm (A) 17,5 kgfm (G) a 4800 rpm",4,1620 mm,1470 mm,1475 mm,4420 mm,2600 mm,1690 mm,1306 kg,,50 litros,120 mm,Disco ventilado,Tambor,Elétrica,,"Independente, McPherson",Mola helicoidal,Eixo de torção,560 km,445 km,"11,2 km/l","8,9 km/l",4,,,"10,6 m",,,,Admissão,,"2,23 m²","0,749 m²",,"0,336",571 kg,,,,165 mm,,,,,,,,,,,,,,,,,,,,,,,,,,,,,385 km,310 km,"7,7 km/l","6,2 km/l",,,,,,,,,450 litros,123 litros
nissan,Livina,livina,livina-s-1-6-2013,livina-s-1-6-2013,https://www.fichacompleta.com.br/carros/nissan/livina-s-1-6-2013,2026-06-15T15:54:05.752928,Nissan Livina S 1.6 2013,"11,7 s",183 km/h,Embreagem monodisco a seco,Manual,JH3,5,Dianteira,Injeção multiponto,Natural,1598 cm³,4 em linha,K4M,Duplo no cabeçote,"80,5 mm","79,5 mm",Transversal,Dianteiro,"10,8 kg/cv","76,5 kg/kgfm","67,6 cv/litro",,10:1,,,"9,6 kgfm/litro",,4,1570 mm,,,4180 mm,2600 mm,1690 mm,1170 kg,449 litros,50 litros,120 mm,Disco ventilado,Tambor,Elétrica,Não informado,"Indep., McPherson",Mola helicoidal,Eixo de torção,595 km,510 km,"11,9 km/l","10,2 km/l",,5750 rpm,3750 rpm,,,,Correia dentada,,,"2,23 m²","0,749 m²","0,336",,395 kg,,,,165 mm,,,,,,,,,,,,,,,,,,,,,,,,,108 cv,104 cv,"15,3 kgfm","14,9 kgfm",405 km,350 km,"8,1 km/l",7 km/l,,,,,,,,,,
nissan,Livina,livina,livina-s-1-8-at-2013,livina-s-1-8-at-2013,https://www.fichacompleta.com.br/carros/nissan/livina-s-1-8-at-2013,2026-06-15T15:54:10.405065,Nissan Livina S 1.8 AT 2013,"10,8 s",182 km/h,Conversor de torque,Automático,,,Dianteira,Injeção multiponto,Natural,1798 cm³,4 em linha,MR18DE,"Duplo no cabeçote, corrente","81,1 mm",84 mm,Transversal,Dianteiro,"9,5 kg/cv","68,2 kg/kgfm","70,1 cv/litro",126 cv (A) 125 cv (G) a 5200 rpm,"9,9:1",,,"9,7 kgfm/litro","17,5 kgfm (A) 17,5 kgfm (G) a 4800 rpm",4,1570 mm,,,4180 mm,2600 mm,1690 mm,1193 kg,449 litros,50 litros,120 mm,Disco ventilado,Tambor,Elétrica,,"Independente, McPherson",Mola helicoidal,Eixo de torção,550 km,475 km,11 km/l,"9,5 km/l",4,,,Não informado,,,,,,"2,23 m²","0,749 m²",,"0,336",395 kg,,,,165 mm,,,,,,,,,,,,,,,,,,,,,,,,,,,,,375 km,325 km,"7,5 km/l","6,5 km/l",,,,,,,,,,
nissan,Livina,livina,livina-sl-1-8-at-2013,livina-sl-1-8-at-2013,https://www.fichacompleta.com.br/carros/nissan/livina-sl-1-8-at-2013,2026-06-15T15:54:14.683900,Nissan Livina SL 1.8 AT 2013,"10,8 s",182 km/h,Conversor de torque,Automático,,4,Dianteira,Injeção multiponto,Natural,1798 cm³,4 em linha,MR18DE,Duplo no cabeçote,"81,1 mm",84 mm,Transversal,Dianteiro,"9,5 kg/cv","68,2 kg/kgfm","70,1 cv/litro",126 cv (A) 125 cv (G) a 5200 rpm,"9,9:1",,,"9,7 kgfm/litro","17,5 kgfm (A) 17,5 kgfm (G) a 4800 rpm",4,1570 mm,,,4180 mm,2600 mm,1690 mm,1193 kg,449 litros,50 litros,120 mm,Disco ventilado,Tambor,Elétrica,Não informado,"Indep., McPherson",Mola helicoidal,Eixo de torção,550 km,475 km,11 km/l,"9,5 km/l",4,5200 rpm,4800 rpm,Não informado,,,Corrente,,,"2,23 m²","0,749 m²","0,336","0,336",395 kg,,,,165 mm,,,,,,,,,,,,,,,,,,,,,,,,,126 cv,125 cv,"17,5 kgfm","17,5 kgfm",375 km,325 km,"7,5 km/l","6,5 km/l",,,,,,,,,,
nissan,Livina,livina,livina-sl-x-gear-1-8-at-2013,livina-sl-x-gear-1-8-at-2013,https://www.fichacompleta.com.br/carros/nissan/livina-sl-x-gear-1-8-at-2013,2026-06-15T15:54:17.671550,Nissan Livina SL X-Gear 1.8 AT 2013,"10,7 s",182 km/h,Conversor de torque,Automático,,,Dianteira,Injeção multiponto,Natural,1798 cm³,4 em linha,MR18DE,"Duplo no cabeçote, corrente","81,1 mm",84 mm,Transversal,Dianteiro,"9,3 kg/cv","67,0 kg/kgfm","70,1 cv/litro",126 cv (A) 125 cv (G) a 5200 rpm,"9,9:1",,,"9,7 kgfm/litro","17,5 kgfm (A) 17,5 kgfm (G) a 4800 rpm",4,1570 mm,,,4180 mm,2600 mm,1690 mm,1172 kg,449 litros,50 litros,120 mm,Disco ventilado,Tambor,Elétrica,,"Independente, McPherson",Mola helicoidal,Eixo de torção,575 km,450 km,"11,5 km/l",9 km/l,4,,,Não informado,,,,,,"2,23 m²","0,749 m²",,"0,336",418 kg,,,,165 mm,,,,,,,,,,,,,,,,,,,,,,,,,,,,,365 km,275 km,"7,3 km/l","5,5 km/l",,,,,,,,,,
nissan,Livina,livina,livina-1-6-2014,livina-1-6-2014,https://www.fichacompleta.com.br/carros/nissan/livina-1-6-2014,2026-06-15T15:54:20.728973,Nissan Livina 1.6 2014,"11,7 s",183 km/h,Embreagem monodisco a seco,Manual,JH3,,Dianteira,Injeção multiponto,Natural,1598 cm³,4 em linha,K4M,"Duplo no cabeçote, correia dentada","80,5 mm","79,5 mm",Transversal,Dianteiro,"10,7 kg/cv","75,8 kg/kgfm","67,6 cv/litro",108 cv (A) 104 cv (G) a 5750 rpm,10:1,,,"9,6 kgfm/litro","15,3 kgfm (A) 14,9 kgfm (G) a 3750 rpm",4,1570 mm,,,4180 mm,2600 mm,1690 mm,1159 kg,449 litros,50 litros,130 mm,Disco ventilado,Tambor,Elétrica,,"Independente, McPherson",Mola helicoidal,Eixo de torção,595 km,510 km,"11,9 km/l","10,2 km/l",5,,,Não informado,,,,,,"2,23 m²","0,749 m²",,"0,336",400 kg,,,,165 mm,,,,,,,,,,,,,,,,,,,,,,,,,,,,,405 km,350 km,"8,1 km/l",7 km/l,,,,,,,,,,
nissan,Livina,livina,livina-grand-s-1-8-2014,livina-grand-s-1-8-2014,https://www.fichacompleta.com.br/carros/nissan/livina-grand-s-1-8-2014,2026-06-15T15:54:24.533980,Nissan Livina Grand S 1.8 2014,"10,9 s",190 km/h,Embreagem monodisco a seco,Manual,,,Dianteira,Injeção multiponto,Natural,1798 cm³,4 em linha,MR18DE,"Duplo no cabeçote, corrente",,,Transversal,Dianteiro,"10,3 kg/cv","73,9 kg/kgfm","70,1 cv/litro",126 cv (A) 125 cv (G) a 5200 rpm,"9,9:1",,,"9,7 kgfm/litro","17,5 kgfm (A) 17,5 kgfm (G) a 4800 rpm",4,1620 mm,1470 mm,1475 mm,4420 mm,2600 mm,1690 mm,1293 kg,,50 litros,120 mm,Disco ventilado,Tambor,Elétrica,,"Independente, McPherson",Mola helicoidal,Eixo de torção,575 km,450 km,"11,5 km/l",9 km/l,6,,,"10,6 m","81,1 mm",84 mm,,Admissão,,"2,23 m²","0,749 m²",,"0,336",571 kg,,,,165 mm,,,,,,,,,,,,,,,,,,,,,,,,,,,,,400 km,320 km,8 km/l,"6,4 km/l",,,,,,,,,450 litros,123 litros
nissan,Livina,livina,livina-grand-sl-1-8-at-2014,livina-grand-sl-1-8-at-2014,https://www.fichacompleta.com.br/carros/nissan/livina-grand-sl-1-8-at-2014,2026-06-15T15:54:29.156201,Nissan Livina Grand SL 1.8 AT 2014,"11,8 s",181 km/h,Conversor de torque,Automático,,,Dianteira,Injeção multiponto,Natural,1798 cm³,4 em linha,MR18DE,"Duplo no cabeçote, corrente","81,1 mm",84 mm,Transversal,Dianteiro,"10,4 kg/cv","74,6 kg/kgfm","70,1 cv/litro",126 cv (A) 125 cv (G) a 5200 rpm,"9,9:1",,,"9,7 kgfm/litro","17,5 kgfm (A) 17,5 kgfm (G) a 4800 rpm",4,1620 mm,1470 mm,1475 mm,4420 mm,2600 mm,1690 mm,1306 kg,,50 litros,120 mm,Disco ventilado,Tambor,Elétrica,,"Independente, McPherson",Mola helicoidal,Eixo de torção,560 km,445 km,"11,2 km/l","8,9 km/l",4,,,"10,6 m",,,,Admissão,,"2,23 m²","0,749 m²",,"0,336",571 kg,,,,165 mm,,,,,,,,,,,,,,,,,,,,,,,,,,,,,385 km,310 km,"7,7 km/l","6,2 km/l",,,,,,,,,450 litros,123 litros
nissan,Livina,livina,livina-s-1-6-2014,livina-s-1-6-2014,https://www.fichacompleta.com.br/carros/nissan/livina-s-1-6-2014,2026-06-15T15:54:33.154523,Nissan Livina S 1.6 2014,"11,7 s",183 km/h,Embreagem monodisco a seco,Manual,JH3,,Dianteira,Injeção multiponto,Natural,1598 cm³,4 em linha,K4M,"Duplo no cabeçote, correia dentada","80,5 mm","79,5 mm",Transversal,Dianteiro,"10,8 kg/cv","76,5 kg/kgfm","67,6 cv/litro",108 cv (A) 104 cv (G) a 5750 rpm,10:1,,,"9,6 kgfm/litro","15,3 kgfm (A) 14,9 kgfm (G) a 3750 rpm",4,1570 mm,,,4180 mm,2600 mm,1690 mm,1170 kg,449 litros,50 litros,120 mm,Disco ventilado,Tambor,Elétrica,,"Independente, McPherson",Mola helicoidal,Eixo de torção,595 km,510 km,"11,9 km/l","10,2 km/l",5,,,Não informado,,,,,,"2,23 m²","0,749 m²",,"0,336",400 kg,,,,165 mm,,,,,,,,,,,,,,,,,,,,,,,,,,,,,405 km,350 km,"8,1 km/l",7 km/l,,,,,,,,,,
nissan,Livina,livina,livina-s-1-8-at-2014,livina-s-1-8-at-2014,https://www.fichacompleta.com.br/carros/nissan/livina-s-1-8-at-2014,2026-06-15T15:54:36.765274,Nissan Livina S 1.8 AT 2014,"10,8 s",182 km/h,Conversor de torque,Automático,,,Dianteira,Injeção multiponto,Natural,1798 cm³,4 em linha,MR18DE,"Duplo no cabeçote, corrente",,,Transversal,Dianteiro,"9,4 kg/cv","67,6 kg/kgfm","70,1 cv/litro",126 cv (A) 125 cv (G) a 5200 rpm,"9,9:1",,,"9,7 kgfm/litro","17,5 kgfm (A) 17,5 kgfm (G) a 4800 rpm",4,1570 mm,,,4180 mm,2600 mm,1690 mm,1183 kg,449 litros,50 litros,120 mm,Disco ventilado,Tambor,Elétrica,,"Independente, McPherson",Mola helicoidal,Eixo de torção,550 km,475 km,11 km/l,"9,5 km/l",4,,,Não informado,"81,1 mm",84 mm,,Admissão,,"2,23 m²","0,749 m²",,"0,336",400 kg,,,,165 mm,,,,,,,,,,,,,,,,,,,,,,,,,,,,,375 km,325 km,"7,5 km/l","6,5 km/l",,,,,,,,,,
nissan,Livina,livina,livina-x-gear-1-8-at-2014,livina-x-gear-1-8-at-2014,https://www.fichacompleta.com.br/carros/nissan/livina-x-gear-1-8-at-2014,2026-06-15T15:54:40.300212,Nissan Livina X-Gear 1.8 AT 2014,"10,8 s",182 km/h,Conversor de torque,Automático,,4,Dianteira,Injeção multiponto,Natural,1798 cm³,4 em linha,MR18DE,Duplo no cabeçote,"81,1 mm",84 mm,Transversal,Dianteiro,"9,6 kg/cv","68,8 kg/kgfm","70,1 cv/litro",126 cv (A) 125 cv (G) a 5200 rpm,"9,9:1",,,"9,7 kgfm/litro","17,5 kgfm (A) 17,5 kgfm (G) a 4800 rpm",4,1605 mm,,,4275 mm,2600 mm,1730 mm,1204 kg,449 litros,50 litros,120 mm,Disco ventilado,Tambor,Elétrica,Não informado,"Indep., McPherson",Mola helicoidal,Eixo de torção,550 km,475 km,11 km/l,"9,5 km/l",4,5200 rpm,4800 rpm,Não informado,,,Corrente,,,"2,23 m²","0,749 m²","0,336","0,336",400 kg,,,,165 mm,,,,,,,,,,,,,,,,,,,,,,,,,126 cv,125 cv,"17,5 kgfm","17,5 kgfm",375 km,325 km,"7,5 km/l","6,5 km/l",,,,,,,,,,
nissan,March,march,march-1-0-2012,march-1-0-2012,https://www.fichacompleta.com.br/carros/nissan/march-1-0-2012,2026-06-15T15:55:00.133068,Nissan March 1.0 2012,"13,8 s",167 km/h,Embreagem monodisco a seco,Manual,,5,Dianteira,Injeção multiponto,Natural,998 cm³,4 em linha,D4D,Único no cabeçote,"66,8 mm",69 mm,Transversal,Dianteiro,"12,5 kg/cv","92,5 kg/kgfm","74,1 cv/litro",74 cv (A) 74 cv (G) a 5850 rpm,10:1,,,"10,0 kgfm/litro",10 kgfm (A) 10 kgfm (G) a 4350 rpm,4,1528 mm,1470 mm,1475 mm,3780 mm,2450 mm,1665 mm,925 kg,265 litros,41 litros,116 mm,Disco ventilado,Tambor,Não assistida,9 m,"Indep., McPherson",Mola helicoidal,Eixo de torção,595 km,504 km,"14,5 km/l","12,3 km/l",5,5850 rpm,4350 rpm,9 m,,,Correia dentada,,165/70 R14,"2,16 m²","0,713 m²","0,33","0,33",,,,,,,,,,,,,,,,,,,,,,,,,,,,,,74 cv,74 cv,10 kgfm,10 kgfm,398 km,344 km,"9,7 km/l","8,4 km/l",,,,,,,,,,
nissan,March,march,march-s-1-0-2012,march-s-1-0-2012,https://www.fichacompleta.com.br/carros/nissan/march-s-1-0-2012,2026-06-15T15:55:04.647807,Nissan March S 1.0 2012,"13,8 s",167 km/h,Embreagem monodisco a seco,Manual,,,Dianteira,Injeção multiponto,Natural,998 cm³,4 em linha,D4D,"Único no cabeçote, correia dentada","66,8 mm",69 mm,Transversal,Dianteiro,"12,5 kg/cv","92,5 kg/kgfm","74,1 cv/litro",74 cv (A) 74 cv (G) a 5850 rpm,10:1,,,"10,0 kgfm/litro",10 kgfm (A) 10 kgfm (G) a 4350 rpm,4,1528 mm,1470 mm,1475 mm,3780 mm,2450 mm,1665 mm,925 kg,265 litros,41 litros,116 mm,Disco ventilado,Tambor,Não assistida,,"Independente, McPherson",Mola helicoidal,Eixo de torção,595 km,504 km,"14,5 km/l","12,3 km/l",5,,,9 m,,,,,165/70 R14,"2,16 m²","0,713 m²",,"0,33",,,,,,,,,,,,,,,,,,,,,,,,,,,,,,,,,,398 km,344 km,"9,7 km/l","8,4 km/l",,,,,,,,,,
nissan,March,march,march-s-1-6-2012,march-s-1-6-2012,https://www.fichacompleta.com.br/carros/nissan/march-s-1-6-2012,2026-06-15T15:55:08.714330,Nissan March S 1.6 2012,"9,3 s",191 km/h,Embreagem monodisco a seco,Manual,,5,Dianteira,Injeção multiponto,Natural,1598 cm³,4 em linha,HR16DE,Duplo no cabeçote,"83,6 mm",78 mm,Transversal,Dianteiro,"8,7 kg/cv","63,8 kg/kgfm","69,5 cv/litro",111 cv (A) 111 cv (G) a 5600 rpm,"10,7:1",,,"9,4 kgfm/litro","15,1 kgfm (A) 15,1 kgfm (G) a 4000 rpm",4,1528 mm,1470 mm,1475 mm,3780 mm,2450 mm,1665 mm,064 kg,265 litros,41 litros,105 mm,Disco ventilado,Tambor,Elétrica,9 m,"Indep., McPherson",Mola helicoidal,Eixo de torção,574 km,492 km,14 km/l,12 km/l,5,5600 rpm,4000 rpm,9 m,,,Corrente,Admissão,165/70 R14,"2,16 m²","0,713 m²","0,33","0,33",,6750 rpm,,,,,,,,,,,,,,,,,,,,,,,,,,,Mecânicos,111 cv,111 cv,"15,1 kgfm","15,1 kgfm",390 km,336 km,"9,5 km/l","8,2 km/l",,,,,,,,,,
nissan,March,march,march-sr-1-6-2012,march-sr-1-6-2012,https://www.fichacompleta.com.br/carros/nissan/march-sr-1-6-2012,2026-06-15T15:55:11.756320,Nissan March SR 1.6 2012,"9,3 s",191 km/h,Embreagem monodisco a seco,Manual,,,Dianteira,Injeção multiponto,Natural,1598 cm³,4 em linha,HR16DE,"Duplo no cabeçote, corrente",,,Transversal,Dianteiro,"8,7 kg/cv","63,8 kg/kgfm","69,5 cv/litro",111 cv (A) 111 cv (G) a 5600 rpm,"10,7:1",,,"9,4 kgfm/litro","15,1 kgfm (A) 15,1 kgfm (G) a 4000 rpm",4,1528 mm,1470 mm,1475 mm,3780 mm,2450 mm,1665 mm,964 kg,265 litros,41 litros,105 mm,Disco ventilado,Tambor,Elétrica,,"Independente, McPherson",Mola helicoidal,Eixo de torção,574 km,492 km,14 km/l,12 km/l,5,,,9 m,"83,6 mm",78 mm,,Admissão,165/70 R14,"2,16 m²","0,713 m²",,"0,33",,6750 rpm,,,,,,,,,,,,,,,,,,,,,,,,,,,Mecânicos,,,,,390 km,336 km,"9,5 km/l","8,2 km/l",,,,,,,,,,
nissan,March,march,march-sv-1-6-2012,march-sv-1-6-2012,https://www.fichacompleta.com.br/carros/nissan/march-sv-1-6-2012,2026-06-15T15:55:14.514581,Nissan March SV 1.6 2012,"9,3 s",191 km/h,Embreagem monodisco a seco,Manual,,,Dianteira,Injeção multiponto,Natural,1598 cm³,4 em linha,HR16DE,"Duplo no cabeçote, corrente",,,Transversal,Dianteiro,"8,7 kg/cv","63,8 kg/kgfm","69,5 cv/litro",111 cv (A) 111 cv (G) a 5600 rpm,"10,7:1",,,"9,4 kgfm/litro","15,1 kgfm (A) 15,1 kgfm (G) a 4000 rpm",4,1528 mm,1470 mm,1475 mm,3780 mm,2450 mm,1665 mm,964 kg,265 litros,41 litros,105 mm,Disco ventilado,Tambor,Elétrica,,"Independente, McPherson",Mola helicoidal,Eixo de torção,574 km,492 km,14 km/l,12 km/l,5,,,9 m,"83,6 mm",78 mm,,Admissão,165/70 R14,"2,16 m²","0,713 m²",,"0,33",,6750 rpm,,,,,,,,,,,,,,,,,,,,,,,,,,,Mecânicos,,,,,390 km,336 km,"9,5 km/l","8,2 km/l",,,,,,,,,,
nissan,March,march,march-1-0-2013,march-1-0-2013,https://www.fichacompleta.com.br/carros/nissan/march-1-0-2013,2026-06-15T15:55:18.562231,Nissan March 1.0 2013,"13,8 s",167 km/h,Embreagem monodisco a seco,Manual,,,Dianteira,Injeção multiponto,Natural,998 cm³,4 em linha,D4D,"Único no cabeçote, correia dentada","66,8 mm",69 mm,Transversal,Dianteiro,"12,5 kg/cv","92,5 kg/kgfm","74,1 cv/litro",74 cv (A) 74 cv (G) a 5850 rpm,10:1,,,"10,0 kgfm/litro",10 kgfm (A) 10 kgfm (G) a 4350 rpm,4,1528 mm,1470 mm,1475 mm,3780 mm,2450 mm,1665 mm,925 kg,265 litros,41 litros,116 mm,Disco ventilado,Tambor,Não assistida,,"Independente, McPherson",Mola helicoidal,Eixo de torção,595 km,504 km,"14,5 km/l","12,3 km/l",5,,,9 m,,,,,165/70 R14,"2,16 m²","0,713 m²",,"0,33",,,,,,,,,,,,,,,,,,,,,,,,,,,,,,,,,,398 km,344 km,"9,7 km/l","8,4 km/l",,,,,,,,,,
nissan,March,march,march-rio-2016-1-0-2013,march-rio-2016-1-0-2013,https://www.fichacompleta.com.br/carros/nissan/march-rio-2016-1-0-2013,2026-06-15T15:55:21.195380,Nissan March Rio 2016 1.0 2013,"13,8 s",167 km/h,Embreagem monodisco a seco,Manual,,5,Dianteira,Injeção multiponto,Natural,998 cm³,4 em linha,D4D,Único no cabeçote,"66,8 mm",69 mm,Transversal,Dianteiro,"12,5 kg/cv","92,5 kg/kgfm","74,1 cv/litro",,10:1,,,"10,0 kgfm/litro",,4,1528 mm,1470 mm,1475 mm,3780 mm,2450 mm,1665 mm,925 kg,265 litros,41 litros,105 mm,Disco ventilado,Tambor,Elétrica,9 m,"Indep., McPherson",Mola helicoidal,Eixo de torção,595 km,504 km,"14,5 km/l","12,3 km/l",,5850 rpm,4350 rpm,,,,Correia dentada,,165/70 R14,"2,16 m²","0,713 m²","0,33",,,,,,,,,,,,,,,,,,,,,,,,,,,,,,,,,,,398 km,344 km,"9,7 km/l","8,4 km/l",,74 cv,74 cv,10 kgfm,10 kgfm,,,,,
nissan,March,march,march-rio-2016-1-6-2013,march-rio-2016-1-6-2013,https://www.fichacompleta.com.br/carros/nissan/march-rio-2016-1-6-2013,2026-06-15T15:55:25.665274,Nissan March Rio 2016 1.6 2013,"9,3 s",191 km/h,Embreagem monodisco a seco,Manual,,5,Dianteira,Injeção multiponto,Natural,1598 cm³,4 em linha,HR16DE,Duplo no cabeçote,"83,6 mm",78 mm,Transversal,Dianteiro,"8,7 kg/cv","63,8 kg/kgfm","69,5 cv/litro",,"10,7:1",,,"9,4 kgfm/litro",,4,1528 mm,1470 mm,1475 mm,3780 mm,2450 mm,1665 mm,064 kg,265 litros,41 litros,105 mm,Disco ventilado,Tambor,Elétrica,9 m,"Indep., McPherson",Mola helicoidal,Eixo de torção,574 km,492 km,14 km/l,12 km/l,,5600 rpm,4000 rpm,,,,Corrente,Admissão,165/70 R14,"2,16 m²","0,713 m²","0,33",,,6750 rpm,,,,,,,,,,,,,,,,,,,,,,,,,,,Mecânicos,,,,,390 km,336 km,"9,5 km/l","8,2 km/l",,111 cv,111 cv,"15,1 kgfm","15,1 kgfm",,,,,
nissan,March,march,march-s-1-0-2013,march-s-1-0-2013,https://www.fichacompleta.com.br/carros/nissan/march-s-1-0-2013,2026-06-15T15:55:29.243155,Nissan March S 1.0 2013,"13,8 s",167 km/h,Embreagem monodisco a seco,Manual,,,Dianteira,Injeção multiponto,Natural,998 cm³,4 em linha,D4D,"Único no cabeçote, correia dentada","66,8 mm",69 mm,Transversal,Dianteiro,"12,5 kg/cv","92,5 kg/kgfm","74,1 cv/litro",74 cv (A) 74 cv (G) a 5850 rpm,10:1,,,"10,0 kgfm/litro",10 kgfm (A) 10 kgfm (G) a 4350 rpm,4,1528 mm,1470 mm,1475 mm,3780 mm,2450 mm,1665 mm,925 kg,265 litros,41 litros,116 mm,Disco ventilado,Tambor,Não assistida,,"Independente, McPherson",Mola helicoidal,Eixo de torção,595 km,504 km,"14,5 km/l","12,3 km/l",5,,,9 m,,,,,165/70 R14,"2,16 m²","0,713 m²",,"0,33",,,,,,,,,,,,,,,,,,,,,,,,,,,,,,,,,,398 km,344 km,"9,7 km/l","8,4 km/l",,,,,,,,,,
nissan,March,march,march-s-1-6-2013,march-s-1-6-2013,https://www.fichacompleta.com.br/carros/nissan/march-s-1-6-2013,2026-06-15T15:55:32.345243,Nissan March S 1.6 2013,"9,3 s",191 km/h,Embreagem monodisco a seco,Manual,,,Dianteira,Injeção multiponto,Natural,1598 cm³,4 em linha,HR16DE,"Duplo no cabeçote, corrente","83,6 mm",78 mm,Transversal,Dianteiro,"8,7 kg/cv","63,8 kg/kgfm","69,5 cv/litro",111 cv (A) 111 cv (G) a 5600 rpm,"10,7:1",,,"9,4 kgfm/litro","15,1 kgfm (A) 15,1 kgfm (G) a 4000 rpm",4,1528 mm,1470 mm,1475 mm,3780 mm,2450 mm,1665 mm,964 kg,265 litros,41 litros,105 mm,Disco ventilado,Tambor,Elétrica,,"Independente, McPherson",Mola helicoidal,Eixo de torção,574 km,492 km,14 km/l,12 km/l,5,,,9 m,,,,Admissão,165/70 R14,"2,16 m²","0,713 m²",,"0,33",,6750 rpm,,,,,,,,,,,,,,,,,,,,,,,,,,,Mecânicos,,,,,390 km,336 km,"9,5 km/l","8,2 km/l",,,,,,,,,,
nissan,March,march,march-sr-1-6-2013,march-sr-1-6-2013,https://www.fichacompleta.com.br/carros/nissan/march-sr-1-6-2013,2026-06-15T15:55:36.637942,Nissan March SR 1.6 2013,"9,3 s",191 km/h,Embreagem monodisco a seco,Manual,,,Dianteira,Injeção multiponto,Natural,1598 cm³,4 em linha,HR16DE,"Duplo no cabeçote, corrente","83,6 mm",78 mm,Transversal,Dianteiro,"8,7 kg/cv","63,8 kg/kgfm","69,5 cv/litro",111 cv (A) 111 cv (G) a 5600 rpm,"10,7:1",,,"9,4 kgfm/litro","15,1 kgfm (A) 15,1 kgfm (G) a 4000 rpm",4,1528 mm,1470 mm,1475 mm,3780 mm,2450 mm,1665 mm,964 kg,265 litros,41 litros,105 mm,Disco ventilado,Tambor,Elétrica,,"Independente, McPherson",Mola helicoidal,Eixo de torção,574 km,492 km,14 km/l,12 km/l,5,,,9 m,,,,Admissão,165/70 R14,"2,16 m²","0,713 m²",,"0,33",,6750 rpm,,,,,,,,,,,,,,,,,,,,,,,,,,,Mecânicos,,,,,390 km,336 km,"9,5 km/l","8,2 km/l",,,,,,,,,,
nissan,March,march,march-sv-1-6-2013,march-sv-1-6-2013,https://www.fichacompleta.com.br/carros/nissan/march-sv-1-6-2013,2026-06-15T15:55:39.047101,Nissan March SV 1.6 2013,"9,3 s",191 km/h,Embreagem monodisco a seco,Manual,,,Dianteira,Injeção multiponto,Natural,1598 cm³,4 em linha,HR16DE,"Duplo no cabeçote, corrente","83,6 mm",78 mm,Transversal,Dianteiro,"8,7 kg/cv","63,8 kg/kgfm","69,5 cv/litro",111 cv (A) 111 cv (G) a 5600 rpm,"10,7:1",,,"9,4 kgfm/litro","15,1 kgfm (A) 15,1 kgfm (G) a 4000 rpm",4,1528 mm,1470 mm,1475 mm,3780 mm,2450 mm,1665 mm,964 kg,265 litros,41 litros,105 mm,Disco ventilado,Tambor,Elétrica,,"Independente, McPherson",Mola helicoidal,Eixo de torção,574 km,492 km,14 km/l,12 km/l,5,,,9 m,,,,Admissão,165/70 R14,"2,16 m²","0,713 m²",,"0,33",,6750 rpm,,,,,,,,,,,,,,,,,,,,,,,,,,,Mecânicos,,,,,390 km,336 km,"9,5 km/l","8,2 km/l",,,,,,,,,,
nissan,March,march,march-1-0-2014,march-1-0-2014,https://www.fichacompleta.com.br/carros/nissan/march-1-0-2014,2026-06-15T15:55:43.256346,Nissan March 1.0 2014,"13,8 s",167 km/h,Embreagem monodisco a seco,Manual,,,Dianteira,Injeção multiponto,Natural,998 cm³,4 em linha,D4D,"Único no cabeçote, correia dentada","66,8 mm",69 mm,Transversal,Dianteiro,"12,5 kg/cv","92,5 kg/kgfm","74,1 cv/litro",74 cv (A) 74 cv (G) a 5850 rpm,10:1,,,"10,0 kgfm/litro",10 kgfm (A) 10 kgfm (G) a 4350 rpm,4,1528 mm,1470 mm,1475 mm,3780 mm,2450 mm,1665 mm,925 kg,265 litros,41 litros,116 mm,Disco ventilado,Tambor,Não assistida,,"Independente, McPherson",Mola helicoidal,Eixo de torção,595 km,504 km,"14,5 km/l","12,3 km/l",5,,,9 m,,,,,165/70 R14,"2,16 m²","0,713 m²",,"0,33",,,,,,,,,,,,,,,,,,,,,,,,,,,,,,,,,,398 km,344 km,"9,7 km/l","8,4 km/l",,,,,,,,,,
nissan,March,march,march-s-1-0-2014,march-s-1-0-2014,https://www.fichacompleta.com.br/carros/nissan/march-s-1-0-2014,2026-06-15T15:55:47.475378,Nissan March S 1.0 2014,"13,8 s",167 km/h,Embreagem monodisco a seco,Manual,,,Dianteira,Injeção multiponto,Natural,998 cm³,4 em linha,D4D,"Único no cabeçote, correia dentada","66,8 mm",69 mm,Transversal,Dianteiro,"12,5 kg/cv","92,5 kg/kgfm","74,1 cv/litro",74 cv (A) 74 cv (G) a 5850 rpm,10:1,,,"10,0 kgfm/litro",10 kgfm (A) 10 kgfm (G) a 4350 rpm,4,1528 mm,1470 mm,1475 mm,3780 mm,2450 mm,1665 mm,925 kg,265 litros,41 litros,116 mm,Disco ventilado,Tambor,Não assistida,,"Independente, McPherson",Mola helicoidal,Eixo de torção,595 km,504 km,"14,5 km/l","12,3 km/l",5,,,9 m,,,,,165/70 R14,"2,16 m²","0,713 m²",,"0,33",,,,,,,,,,,,,,,,,,,,,,,,,,,,,,,,,,398 km,344 km,"9,7 km/l","8,4 km/l",,,,,,,,,,
nissan,March,march,march-s-1-6-2014,march-s-1-6-2014,https://www.fichacompleta.com.br/carros/nissan/march-s-1-6-2014,2026-06-15T15:55:51.315248,Nissan March S 1.6 2014,"9,3 s",191 km/h,Embreagem monodisco a seco,Manual,,,Dianteira,Injeção multiponto,Natural,1598 cm³,4 em linha,HR16DE,"Duplo no cabeçote, corrente","83,6 mm",78 mm,Transversal,Dianteiro,"8,7 kg/cv","63,8 kg/kgfm","69,5 cv/litro",111 cv (A) 111 cv (G) a 5600 rpm,"10,7:1",,,"9,4 kgfm/litro","15,1 kgfm (A) 15,1 kgfm (G) a 4000 rpm",4,1528 mm,1470 mm,1475 mm,3780 mm,2450 mm,1665 mm,964 kg,265 litros,41 litros,105 mm,Disco ventilado,Tambor,Elétrica,,"Independente, McPherson",Mola helicoidal,Eixo de torção,574 km,492 km,14 km/l,12 km/l,5,,,9 m,,,,Admissão,165/70 R14,"2,16 m²","0,713 m²",,"0,33",,6750 rpm,,,,,,,,,,,,,,,,,,,,,,,,,,,Mecânicos,,,,,390 km,336 km,"9,5 km/l","8,2 km/l",,,,,,,,,,
nissan,March,march,march-sr-1-6-2014,march-sr-1-6-2014,https://www.fichacompleta.com.br/carros/nissan/march-sr-1-6-2014,2026-06-15T15:55:55.855178,Nissan March SR 1.6 2014,"9,3 s",191 km/h,Embreagem monodisco a seco,Manual,,5,Dianteira,Injeção multiponto,Natural,1598 cm³,4 em linha,HR16DE,Duplo no cabeçote,"83,6 mm",78 mm,Transversal,Dianteiro,"8,8 kg/cv","65,0 kg/kgfm","69,5 cv/litro",111 cv (A) 111 cv (G) a 5600 rpm,"10,7:1",,,"9,4 kgfm/litro","15,1 kgfm (A) 15,1 kgfm (G) a 4000 rpm",4,1528 mm,1470 mm,1475 mm,3780 mm,2450 mm,1665 mm,o982 kg,265 litros,41 litros,105 mm,Disco ventilado,Tambor,Elétrica,9 m,"Indep., McPherson",Mola helicoidal,Eixo de torção,574 km,492 km,14 km/l,12 km/l,5,5600 rpm,4000 rpm,9 m,,,Corrente,Admissão,165/70 R14,"2,16 m²","0,713 m²","0,33","0,33",,6750 rpm,,,,,,,,,,,,,,,,,,,,,,,,,,,Mecânicos,111 cv,111 cv,"15,1 kgfm","15,1 kgfm",390 km,336 km,"9,5 km/l","8,2 km/l",,,,,,,,,,
nissan,March,march,march-sv-1-6-2014,march-sv-1-6-2014,https://www.fichacompleta.com.br/carros/nissan/march-sv-1-6-2014,2026-06-15T15:55:58.698855,Nissan March SV 1.6 2014,"9,3 s",191 km/h,Embreagem monodisco a seco,Manual,,,Dianteira,Injeção multiponto,Natural,1598 cm³,4 em linha,HR16DE,"Duplo no cabeçote, corrente","83,6 mm",78 mm,Transversal,Dianteiro,"8,7 kg/cv","63,8 kg/kgfm","69,5 cv/litro",111 cv (A) 111 cv (G) a 5600 rpm,"10,7:1",,,"9,4 kgfm/litro","15,1 kgfm (A) 15,1 kgfm (G) a 4000 rpm",4,1528 mm,1470 mm,1475 mm,3780 mm,2450 mm,1665 mm,964 kg,265 litros,41 litros,105 mm,Disco ventilado,Tambor,Elétrica,,"Independente, McPherson",Mola helicoidal,Eixo de torção,574 km,492 km,14 km/l,12 km/l,5,,,9 m,,,,Admissão,165/70 R14,"2,16 m²","0,713 m²",,"0,33",,6750 rpm,,,,,,,,,,,,,,,,,,,,,,,,,,,Mecânicos,,,,,390 km,336 km,"9,5 km/l","8,2 km/l",,,,,,,,,,
nissan,March,march,march-active-1-0-2015,march-active-1-0-2015,https://www.fichacompleta.com.br/carros/nissan/march-active-1-0-2015,2026-06-15T15:56:03.384659,Nissan March Active 1.0 2015,"13,8 s",167 km/h,Embreagem monodisco a seco,Manual,,,Dianteira,Injeção multiponto,Natural,998 cm³,4 em linha,D4D,"Único no cabeçote, correia dentada","66,8 mm",69 mm,Transversal,Dianteiro,"12,5 kg/cv","92,5 kg/kgfm","74,1 cv/litro",74 cv (A) 74 cv (G) a 5850 rpm,10:1,,,"10,0 kgfm/litro",10 kgfm (A) 10 kgfm (G) a 4350 rpm,4,1528 mm,1470 mm,1475 mm,3780 mm,2450 mm,1665 mm,925 kg,265 litros,41 litros,116 mm,Disco ventilado,Tambor,Elétrica,,"Independente, McPherson",Mola helicoidal,Eixo de torção,595 km,504 km,"14,5 km/l","12,3 km/l",5,,,9 m,,,,,165/70 R14,"2,16 m²","0,713 m²",,"0,33",,,,,,,,,,,,,,,,,,,,,,,,,,,,,,,,,,398 km,344 km,"9,7 km/l","8,4 km/l",,,,,,,,,,
nissan,March,march,march-conforto-1-0-2015,march-conforto-1-0-2015,https://www.fichacompleta.com.br/carros/nissan/march-conforto-1-0-2015,2026-06-15T15:56:06.130363,Nissan March Conforto 1.0 2015,"13,8 s",167 km/h,Embreagem monodisco a seco,Manual,,5,Dianteira,Injeção multiponto,Natural,998 cm³,4 em linha,D4D,Único no cabeçote,"66,8 mm",69 mm,Transversal,Dianteiro,"12,9 kg/cv","95,6 kg/kgfm","74,1 cv/litro",74 cv (A) 74 cv (G) a 5850 rpm,10:1,,,"10,0 kgfm/litro",10 kgfm (A) 10 kgfm (G) a 4350 rpm,4,1528 mm,1470 mm,1475 mm,3827 mm,2450 mm,1675 mm,956 kg,265 litros,41 litros,116 mm,Disco ventilado,Tambor,Elétrica,9 m,"Indep., McPherson",Mola helicoidal,Eixo de torção,607 km,513 km,"14,8 km/l","12,5 km/l",5,5850 rpm,4350 rpm,9 m,,,Correia dentada,,165/70 R14,"2,18 m²","0,719 m²","0,33","0,33",,,,,,,,,,,,,,,,,,,,,,,,,,,,,,74 cv,74 cv,10 kgfm,10 kgfm,426 km,357 km,"10,4 km/l","8,7 km/l",,,,,,,,,,
nissan,March,march,march-s-1-0-2015,march-s-1-0-2015,https://www.fichacompleta.com.br/carros/nissan/march-s-1-0-2015,2026-06-15T15:56:10.168350,Nissan March S 1.0 2015,"13,8 s",167 km/h,Embreagem monodisco a seco,Manual,,5,Dianteira,Injeção multiponto,Natural,998 cm³,4 em linha,D4D,Único no cabeçote,"66,8 mm",69 mm,Transversal,Dianteiro,"12,9 kg/cv","95,6 kg/kgfm","74,1 cv/litro",74 cv (A) 74 cv (G) a 5850 rpm,10:1,,,"10,0 kgfm/litro",10 kgfm (A) 10 kgfm (G) a 4350 rpm,4,1528 mm,1470 mm,1475 mm,3827 mm,2450 mm,1675 mm,956 kg,265 litros,41 litros,116 mm,Disco ventilado,Tambor,Elétrica,9 m,"Indep., McPherson",Mola helicoidal,Eixo de torção,607 km,513 km,"14,8 km/l","12,5 km/l",5,5850 rpm,4350 rpm,9 m,,,Correia dentada,,165/70 R14,"2,18 m²","0,719 m²","0,33","0,33",,,,,,,,,,,,,,,,,,,,,,,,,,,,,,74 cv,74 cv,10 kgfm,10 kgfm,426 km,357 km,"10,4 km/l","8,7 km/l",,,,,,,,,,
nissan,March,march,march-s-1-6-2015,march-s-1-6-2015,https://www.fichacompleta.com.br/carros/nissan/march-s-1-6-2015,2026-06-15T15:56:14.192112,Nissan March S 1.6 2015,"9,3 s",191 km/h,Embreagem monodisco a seco,Manual,,5,Dianteira,Injeção multiponto,Natural,1598 cm³,4 em linha,HR16DE,Duplo no cabeçote,"83,6 mm",78 mm,Transversal,Dianteiro,"8,7 kg/cv","63,8 kg/kgfm","69,5 cv/litro",111 cv (A) 111 cv (G) a 5600 rpm,"10,7:1",,,"9,4 kgfm/litro","15,1 kgfm (A) 15,1 kgfm (G) a 4000 rpm",4,1528 mm,1470 mm,1475 mm,3827 mm,2450 mm,1675 mm,064 kg,265 litros,41 litros,116 mm,Disco ventilado,Tambor,Elétrica,9 m,"Indep., McPherson",Mola helicoidal,Eixo de torção,595 km,496 km,"14,5 km/l","12,1 km/l",5,5600 rpm,4000 rpm,9 m,,,Corrente,Admissão,165/70 R14,"2,18 m²","0,719 m²","0,33","0,33",,6750 rpm,,,,,,,,,,,,,,,,,,,,,,,,,,,Mecânicos,111 cv,111 cv,"15,1 kgfm","15,1 kgfm",410 km,332 km,10 km/l,"8,1 km/l",,,,,,,,,,
nissan,March,march,march-sl-1-6-2015,march-sl-1-6-2015,https://www.fichacompleta.com.br/carros/nissan/march-sl-1-6-2015,2026-06-15T15:56:17.504841,Nissan March SL 1.6 2015,"9,3 s",191 km/h,Embreagem monodisco a seco,Manual,,5,Dianteira,Injeção multiponto,Natural,1598 cm³,4 em linha,HR16DE,Duplo no cabeçote,"83,6 mm",78 mm,Transversal,Dianteiro,"8,8 kg/cv","65,0 kg/kgfm","69,5 cv/litro",111 cv (A) 111 cv (G) a 5600 rpm,"10,7:1",,,"9,4 kgfm/litro","15,1 kgfm (A) 15,1 kgfm (G) a 4000 rpm",4,1528 mm,1450 mm,1455 mm,3827 mm,2450 mm,1675 mm,o982 kg,265 litros,41 litros,102 mm,Disco ventilado,Tambor,Elétrica,9 m,"Indep., McPherson",Mola helicoidal,Eixo de torção,595 km,496 km,"14,5 km/l","12,1 km/l",5,5600 rpm,4000 rpm,9 m,,,Corrente,Admissão,165/70 R14,"2,18 m²","0,719 m²","0,33","0,33",,6750 rpm,,,,,,,,,,,,,,,,,,,,,,,,,,,Mecânicos,111 cv,111 cv,"15,1 kgfm","15,1 kgfm",410 km,332 km,10 km/l,"8,1 km/l",,,,,,,,,,
nissan,March,march,march-sv-1-0-2015,march-sv-1-0-2015,https://www.fichacompleta.com.br/carros/nissan/march-sv-1-0-2015,2026-06-15T15:56:22.355892,Nissan March SV 1.0 2015,"13,8 s",167 km/h,Embreagem monodisco a seco,Manual,,5,Dianteira,Injeção multiponto,Natural,998 cm³,4 em linha,D4D,Único no cabeçote,"66,8 mm",69 mm,Transversal,Dianteiro,"13,1 kg/cv","97,0 kg/kgfm","74,1 cv/litro",74 cv (A) 74 cv (G) a 5850 rpm,10:1,,,"10,0 kgfm/litro",10 kgfm (A) 10 kgfm (G) a 4350 rpm,4,1528 mm,1460 mm,1465 mm,3827 mm,2450 mm,1675 mm,970 kg,265 litros,41 litros,111 mm,Disco ventilado,Tambor,Elétrica,9 m,"Indep., McPherson",Mola helicoidal,Eixo de torção,607 km,513 km,"14,8 km/l","12,5 km/l",5,5850 rpm,4350 rpm,9 m,,,Correia dentada,,165/70 R14,"2,18 m²","0,719 m²","0,33","0,33",,,,,,,,,,,,,,,,,,,,,,,,,,,,,,74 cv,74 cv,10 kgfm,10 kgfm,426 km,357 km,"10,4 km/l","8,7 km/l",,,,,,,,,,
nissan,March,march,march-sv-1-6-2015,march-sv-1-6-2015,https://www.fichacompleta.com.br/carros/nissan/march-sv-1-6-2015,2026-06-15T15:56:25.699957,Nissan March SV 1.6 2015,"9,3 s",191 km/h,Embreagem monodisco a seco,Manual,,5,Dianteira,Injeção multiponto,Natural,1598 cm³,4 em linha,HR16DE,Duplo no cabeçote,"83,6 mm",78 mm,Transversal,Dianteiro,"8,8 kg/cv","64,8 kg/kgfm","69,5 cv/litro",111 cv (A) 111 cv (G) a 5600 rpm,"10,7:1",,,"9,4 kgfm/litro","15,1 kgfm (A) 15,1 kgfm (G) a 4000 rpm",4,1528 mm,1460 mm,1465 mm,3827 mm,2450 mm,1675 mm,979 kg,265 litros,41 litros,111 mm,Disco ventilado,Tambor,Elétrica,9 m,"Indep., McPherson",Mola helicoidal,Eixo de torção,595 km,496 km,"14,5 km/l","12,1 km/l",5,5600 rpm,4000 rpm,9 m,,,Corrente,Admissão,165/70 R14,"2,18 m²","0,719 m²","0,33","0,33",,6750 rpm,,,,,,,,,,,,,,,,,,,,,,,,,,,Mecânicos,111 cv,111 cv,"15,1 kgfm","15,1 kgfm",410 km,332 km,10 km/l,"8,1 km/l",,,,,,,,,,
nissan,March,march,march-conforto-1-0-2016-flex,march-conforto-1-0-2016-flex,https://www.fichacompleta.com.br/carros/nissan/march-conforto-1-0-2016-flex,2026-06-15T15:56:29.089956,Nissan March Conforto 1.0 2016,15 s,154 km/h,Embreagem monodisco a seco,Manual,,5,Dianteira,Injeção multiponto,Natural,,3 em linha,HR10DE,Duplo no cabeçote,"69,7 mm",78 mm,Transversal,Dianteiro,"12,34 kg/cv","95,0 kg/kgfm","77,1 cv/litro",,"11,2:1",6200 rpm,4000 rpm,"10,0 kgfm/litro",,4,1528 mm,1470 mm,1475 mm,3827 mm,2450 mm,1675 mm,950 kg,265 litros,41 litros,116 mm,Disco ventilado,Tambor,Elétrica,9 m,"Indep., McPherson",Mola helicoidal,Eixo de torção,615 km,529 km,15 km/l,"12,9 km/l",,,,,,,Corrente,Admissão,165/70 R14,"2,18 m²","0,719 m²","0,33",,,6800 rpm,,,,,,,,,,,,,333 cm³,999 cm³,,,,,,,,,,,,5W-30 ³,Hidráulicos,77 cv,77 cv,10 kgfm,10 kgfm,426 km,361 km,"10,4 km/l","8,8 km/l",,,,,,,,,,
nissan,March,march,march-conforto-1-0-2016,march-conforto-1-0-2016,https://www.fichacompleta.com.br/carros/nissan/march-conforto-1-0-2016,2026-06-15T15:56:32.822964,Nissan March Conforto 1.0 2016,15 s,154 km/h,Embreagem monodisco a seco,Manual,,,Dianteira,Injeção multiponto,Natural,999 cm³,3 em linha,HR10,"Duplo no cabeçote, corrente","69,7 mm",78 mm,Transversal,Dianteiro,"12,3 kg/cv","95,0 kg/kgfm","77,1 cv/litro",77 cv (A) 77 cv (G) a 6200 rpm,"11,2:1",,,"10,0 kgfm/litro",10 kgfm (A) 10 kgfm (G) a 4000 rpm,4,1528 mm,1470 mm,1475 mm,3827 mm,2450 mm,1675 mm,950 kg,265 litros,41 litros,116 mm,Disco ventilado,Tambor,Elétrica,,"Independente, McPherson",Mola helicoidal,Eixo de torção,615 km,529 km,15 km/l,"12,9 km/l",5,,,9 m,,,,Admissão,165/70 R14,"2,18 m²","0,719 m²",,"0,33",,6800 rpm,,,,,,,,,,,,,,,,,,,,,,,,,,,Hidráulicos,,,,,426 km,361 km,"10,4 km/l","8,8 km/l",,,,,,,,,,
nissan,March,march,march-rio-2016-1-6-2016,march-rio-2016-1-6-2016,https://www.fichacompleta.com.br/carros/nissan/march-rio-2016-1-6-2016,2026-06-15T15:56:35.594541,Nissan March Rio 2016 1.6 2016,"9,3 s",191 km/h,Embreagem monodisco a seco,Manual,,,Dianteira,Injeção multiponto,Natural,1598 cm³,4 em linha,HR16DE,"Duplo no cabeçote, corrente","83,6 mm",78 mm,Transversal,Dianteiro,"8,8 kg/cv","65,0 kg/kgfm","69,5 cv/litro",111 cv (A) 111 cv (G) a 5600 rpm,"10,7:1",,,"9,4 kgfm/litro","15,1 kgfm (A) 15,1 kgfm (G) a 4000 rpm",4,1528 mm,1450 mm,1455 mm,3827 mm,2450 mm,1675 mm,982 kg,265 litros,41 litros,102 mm,Disco ventilado,Tambor,Elétrica,,"Independente, McPherson",Mola helicoidal,Eixo de torção,590 km,517 km,"14,4 km/l","12,6 km/l",5,,,9 m,,,,Admissão,165/70 R14,"2,18 m²","0,719 m²",,"0,33",,6750 rpm,,,,,,,,,,,,,,,,,,,,,,,,,,,Mecânicos,,,,,406 km,349 km,"9,9 km/l","8,5 km/l",,,,,,,,,,
nissan,March,march,march-s-1-0-2016-flex,march-s-1-0-2016-flex,https://www.fichacompleta.com.br/carros/nissan/march-s-1-0-2016-flex,2026-06-15T15:56:38.164746,Nissan March S 1.0 2016,15 s,154 km/h,Embreagem monodisco a seco,Manual,,5,Dianteira,Injeção multiponto,Natural,,3 em linha,HR10,Duplo no cabeçote,"69,7 mm",78 mm,Transversal,Dianteiro,"12,34 kg/cv","95,0 kg/kgfm","77,1 cv/litro",,"11,2:1",6200 rpm,4000 rpm,"10,0 kgfm/litro",,4,1528 mm,1470 mm,1475 mm,3827 mm,2450 mm,1675 mm,950 kg,265 litros,41 litros,116 mm,Disco ventilado,Tambor,Elétrica,9 m,"Indep., McPherson",Mola helicoidal,Eixo de torção,615 km,529 km,15 km/l,"12,9 km/l",,,,,,,Corrente,Admissão,165/70 R14,"2,18 m²","0,719 m²","0,33",,,6800 rpm,,,,,,,,,,,,,333 cm³,999 cm³,,,,,,,,,,,,5W-30 ³,Hidráulicos,77 cv,77 cv,10 kgfm,10 kgfm,426 km,361 km,"10,4 km/l","8,8 km/l",,,,,,,,,,
nissan,March,march,march-s-1-0-2016,march-s-1-0-2016,https://www.fichacompleta.com.br/carros/nissan/march-s-1-0-2016,2026-06-15T15:56:41.157461,Nissan March S 1.0 2016,15 s,154 km/h,Embreagem monodisco a seco,Manual,,,Dianteira,Injeção multiponto,Natural,999 cm³,3 em linha,HR10,"Duplo no cabeçote, corrente","69,7 mm",78 mm,Transversal,Dianteiro,"12,3 kg/cv","95,0 kg/kgfm","77,1 cv/litro",77 cv (A) 77 cv (G) a 6200 rpm,"11,2:1",,,"10,0 kgfm/litro",10 kgfm (A) 10 kgfm (G) a 4000 rpm,4,1528 mm,1470 mm,1475 mm,3827 mm,2450 mm,1675 mm,950 kg,265 litros,41 litros,116 mm,Disco ventilado,Tambor,Elétrica,,"Independente, McPherson",Mola helicoidal,Eixo de torção,615 km,529 km,15 km/l,"12,9 km/l",5,,,9 m,,,,Admissão,165/70 R14,"2,18 m²","0,719 m²",,"0,33",,6800 rpm,,,,,,,,,,,,,,,,,,,,,,,,,,,Hidráulicos,,,,,426 km,361 km,"10,4 km/l","8,8 km/l",,,,,,,,,,
nissan,March,march,march-s-1-6-2016,march-s-1-6-2016,https://www.fichacompleta.com.br/carros/nissan/march-s-1-6-2016,2026-06-15T15:56:45.616894,Nissan March S 1.6 2016,"9,3 s",191 km/h,Embreagem monodisco a seco,Manual,,,Dianteira,Injeção multiponto,Natural,1598 cm³,4 em linha,HR16DE,"Duplo no cabeçote, corrente",,,Transversal,Dianteiro,"8,7 kg/cv","63,8 kg/kgfm","69,5 cv/litro",111 cv (A) 111 cv (G) a 5600 rpm,"10,7:1",,,"9,4 kgfm/litro","15,1 kgfm (A) 15,1 kgfm (G) a 4000 rpm",4,1528 mm,1470 mm,1475 mm,3827 mm,2450 mm,1675 mm,964 kg,265 litros,41 litros,116 mm,Disco ventilado,Tambor,Elétrica,,"Independente, McPherson",Mola helicoidal,Eixo de torção,590 km,517 km,"14,4 km/l","12,6 km/l",5,,,9 m,"83,6 mm",78 mm,,Admissão,165/70 R14,"2,18 m²","0,719 m²",,"0,33",,6750 rpm,,,,,,,,,,,,,,,,,,,,,,,,,,,Mecânicos,,,,,406 km,349 km,"9,9 km/l","8,5 km/l",,,,,,,,,,
nissan,March,march,march-sl-1-6-2016,march-sl-1-6-2016,https://www.fichacompleta.com.br/carros/nissan/march-sl-1-6-2016,2026-06-15T15:56:48.811976,Nissan March SL 1.6 2016,"9,3 s",191 km/h,Embreagem monodisco a seco,Manual,,,Dianteira,Injeção multiponto,Natural,1598 cm³,4 em linha,HR16DE,"Duplo no cabeçote, corrente",,,Transversal,Dianteiro,"8,8 kg/cv","65,0 kg/kgfm","69,5 cv/litro",111 cv (A) 111 cv (G) a 5600 rpm,"10,7:1",,,"9,4 kgfm/litro","15,1 kgfm (A) 15,1 kgfm (G) a 4000 rpm",4,1528 mm,1450 mm,1455 mm,3827 mm,2450 mm,1675 mm,982 kg,265 litros,41 litros,102 mm,Disco ventilado,Tambor,Elétrica,,"Independente, McPherson",Mola helicoidal,Eixo de torção,590 km,517 km,"14,4 km/l","12,6 km/l",5,,,9 m,"83,6 mm",78 mm,,Admissão,165/70 R14,"2,18 m²","0,719 m²",,"0,33",,6750 rpm,,,,,,,,,,,,,,,,,,,,,,,,,,,Mecânicos,,,,,406 km,349 km,"9,9 km/l","8,5 km/l",,,,,,,,,,
nissan,March,march,march-sv-1-0-2016-flex,march-sv-1-0-2016-flex,https://www.fichacompleta.com.br/carros/nissan/march-sv-1-0-2016-flex,2026-06-15T15:56:51.589113,Nissan March SV 1.0 2016,15 s,154 km/h,Embreagem monodisco a seco,Manual,,5,Dianteira,Injeção multiponto,Natural,,3 em linha,HR10,Duplo no cabeçote,"69,7 mm",78 mm,Transversal,Dianteiro,"12,52 kg/cv","96,4 kg/kgfm","77,1 cv/litro",,"11,2:1",6200 rpm,4000 rpm,"10,0 kgfm/litro",,4,1528 mm,1470 mm,1475 mm,3827 mm,2450 mm,1675 mm,964 kg,265 litros,41 litros,111 mm,Disco ventilado,Tambor,Elétrica,9 m,"Indep., McPherson",Mola helicoidal,Eixo de torção,615 km,529 km,15 km/l,"12,9 km/l",,,,,,,Corrente,Admissão,165/70 R14,"2,18 m²","0,719 m²","0,33",,,6800 rpm,,,,,,,,,,,,,333 cm³,999 cm³,,,,,,,,,,,,5W-30 ³,Hidráulicos,77 cv,77 cv,10 kgfm,10 kgfm,426 km,361 km,"10,4 km/l","8,8 km/l",,,,,,,,,,
nissan,March,march,march-sv-1-0-2016,march-sv-1-0-2016,https://www.fichacompleta.com.br/carros/nissan/march-sv-1-0-2016,2026-06-15T15:56:56.071092,Nissan March SV 1.0 2016,15 s,154 km/h,Embreagem monodisco a seco,Manual,,,Dianteira,Injeção multiponto,Natural,999 cm³,3 em linha,HR10,"Duplo no cabeçote, corrente","69,7 mm",78 mm,Transversal,Dianteiro,"12,5 kg/cv","96,4 kg/kgfm","77,1 cv/litro",77 cv (A) 77 cv (G) a 6200 rpm,"11,2:1",,,"10,0 kgfm/litro",10 kgfm (A) 10 kgfm (G) a 4000 rpm,4,1528 mm,1470 mm,1475 mm,3827 mm,2450 mm,1675 mm,964 kg,265 litros,41 litros,111 mm,Disco ventilado,Tambor,Elétrica,,"Independente, McPherson",Mola helicoidal,Eixo de torção,615 km,529 km,15 km/l,"12,9 km/l",5,,,9 m,,,,Admissão,165/70 R14,"2,18 m²","0,719 m²",,"0,33",,6800 rpm,,,,,,,,,,,,,,,,,,,,,,,,,,,Hidráulicos,,,,,426 km,361 km,"10,4 km/l","8,8 km/l",,,,,,,,,,
nissan,March,march,march-sv-1-6-2016,march-sv-1-6-2016,https://www.fichacompleta.com.br/carros/nissan/march-sv-1-6-2016,2026-06-15T15:57:00.488670,Nissan March SV 1.6 2016,"9,3 s",191 km/h,Embreagem monodisco a seco,Manual,,,Dianteira,Injeção multiponto,Natural,1598 cm³,4 em linha,HR16DE,"Duplo no cabeçote, corrente","83,6 mm",78 mm,Transversal,Dianteiro,"8,8 kg/cv","64,8 kg/kgfm","69,5 cv/litro",111 cv (A) 111 cv (G) a 5600 rpm,"10,7:1",,,"9,4 kgfm/litro","15,1 kgfm (A) 15,1 kgfm (G) a 4000 rpm",4,1528 mm,1460 mm,1465 mm,3827 mm,2450 mm,1675 mm,979 kg,265 litros,41 litros,111 mm,Disco ventilado,Tambor,Elétrica,,"Independente, McPherson",Mola helicoidal,Eixo de torção,590 km,517 km,"14,4 km/l","12,6 km/l",5,,,9 m,,,,Admissão,165/70 R14,"2,18 m²","0,719 m²",,"0,33",,6750 rpm,,,,,,,,,,,,,,,,,,,,,,,,,,,Mecânicos,,,,,406 km,349 km,"9,9 km/l","8,5 km/l",,,,,,,,,,
nissan,March,march,march-conforto-1-0-2017,march-conforto-1-0-2017,https://www.fichacompleta.com.br/carros/nissan/march-conforto-1-0-2017,2026-06-15T15:57:05.050099,Nissan March Conforto 1.0 2017,15 s,154 km/h,Embreagem monodisco a seco,Manual,,,Dianteira,Injeção multiponto,Natural,999 cm³,3 em linha,HR10,"Duplo no cabeçote, corrente","69,7 mm",78 mm,Transversal,Dianteiro,"12,3 kg/cv","95,0 kg/kgfm","77,1 cv/litro",77 cv (A) 77 cv (G) a 6200 rpm,"11,2:1",,,"10,0 kgfm/litro",10 kgfm (A) 10 kgfm (G) a 4000 rpm,4,1528 mm,1470 mm,1475 mm,3827 mm,2450 mm,1675 mm,950 kg,265 litros,41 litros,116 mm,Disco ventilado,Tambor,Elétrica,,"Independente, McPherson",Mola helicoidal,Eixo de torção,615 km,529 km,15 km/l,"12,9 km/l",5,,,9 m,,,,Admissão,165/70 R14,"2,18 m²","0,719 m²",,"0,33",,6800 rpm,,,,,,,,,,,,,,,,,,,,,,,,,,,Hidráulicos,,,,,426 km,361 km,"10,4 km/l","8,8 km/l",,,,,,,,,,
nissan,March,march,march-s-1-0-2017,march-s-1-0-2017,https://www.fichacompleta.com.br/carros/nissan/march-s-1-0-2017,2026-06-15T15:57:08.842373,Nissan March S 1.0 2017,15 s,154 km/h,Embreagem monodisco a seco,Manual,,,Dianteira,Injeção multiponto,Natural,999 cm³,3 em linha,HR10,"Duplo no cabeçote, corrente","69,7 mm",78 mm,Transversal,Dianteiro,"12,3 kg/cv","95,0 kg/kgfm","77,1 cv/litro",77 cv (A) 77 cv (G) a 6200 rpm,"11,2:1",,,"10,0 kgfm/litro",10 kgfm (A) 10 kgfm (G) a 4000 rpm,4,1528 mm,1470 mm,1475 mm,3827 mm,2450 mm,1675 mm,950 kg,265 litros,41 litros,116 mm,Disco ventilado,Tambor,Elétrica,,"Independente, McPherson",Mola helicoidal,Eixo de torção,615 km,529 km,15 km/l,"12,9 km/l",5,,,9 m,,,,Admissão,165/70 R14,"2,18 m²","0,719 m²",,"0,33",,6800 rpm,,,,,,,,,,,,,,,,,,,,,,,,,,,Hidráulicos,,,,,426 km,361 km,"10,4 km/l","8,8 km/l",,,,,,,,,,
nissan,March,march,march-s-1-6-2017,march-s-1-6-2017,https://www.fichacompleta.com.br/carros/nissan/march-s-1-6-2017,2026-06-15T15:57:12.460873,Nissan March S 1.6 2017,"9,3 s",182 km/h,Embreagem monodisco a seco,Manual,,,Dianteira,Injeção multiponto,Natural,1598 cm³,4 em linha,HR16DE,"Duplo no cabeçote, corrente","83,6 mm",78 mm,Transversal,Dianteiro,"8,7 kg/cv","63,9 kg/kgfm","69,5 cv/litro",111 cv (A) 111 cv (G) a 5600 rpm,"10,7:1",,,"9,4 kgfm/litro","15,1 kgfm (A) 15,1 kgfm (G) a 4000 rpm",4,1528 mm,1470 mm,1475 mm,3827 mm,2450 mm,1675 mm,965 kg,265 litros,41 litros,116 mm,Disco ventilado,Tambor,Elétrica,,"Independente, McPherson",Mola helicoidal,Eixo de torção,590 km,517 km,"14,4 km/l","12,6 km/l",5,,,9 m,,,,Admissão,165/70 R14,"2,18 m²","0,719 m²",,"0,33",,6750 rpm,,,,,,,,,,,,,,,,,,,,,,,,,,,Mecânicos,,,,,406 km,349 km,"9,9 km/l","8,5 km/l",,,,,,,,,,
nissan,March,march,march-sl-1-6-2017,march-sl-1-6-2017,https://www.fichacompleta.com.br/carros/nissan/march-sl-1-6-2017,2026-06-15T15:57:15.599025,Nissan March SL 1.6 2017,"9,3 s",182 km/h,Embreagem monodisco a seco,Manual,,,Dianteira,Injeção multiponto,Natural,1598 cm³,4 em linha,HR16DE,"Duplo no cabeçote, corrente","83,6 mm",78 mm,Transversal,Dianteiro,"8,8 kg/cv","64,9 kg/kgfm","69,5 cv/litro",111 cv (A) 111 cv (G) a 5600 rpm,"10,7:1",,,"9,4 kgfm/litro","15,1 kgfm (A) 15,1 kgfm (G) a 4000 rpm",4,1528 mm,1450 mm,1455 mm,3827 mm,2450 mm,1675 mm,980 kg,265 litros,41 litros,102 mm,Disco ventilado,Tambor,Elétrica,,"Independente, McPherson",Mola helicoidal,Eixo de torção,590 km,517 km,"14,4 km/l","12,6 km/l",5,,,9 m,,,,Admissão,165/70 R14,"2,18 m²","0,719 m²",,"0,33",,6750 rpm,,,,,,,,,,,,,,,,,,,,,,,,,,,Mecânicos,,,,,406 km,349 km,"9,9 km/l","8,5 km/l",,,,,,,,,,
nissan,March,march,march-sl-1-6-at-2017,march-sl-1-6-at-2017,https://www.fichacompleta.com.br/carros/nissan/march-sl-1-6-at-2017,2026-06-15T15:57:19.772146,Nissan March SL 1.6 AT 2017,"10,6 s",182 km/h,Conversor de torque,CVT,Jatco X-Tronic,,Dianteira,Injeção multiponto,Natural,1598 cm³,4 em linha,HR16DE,"Duplo no cabeçote, corrente","83,6 mm",78 mm,Transversal,Dianteiro,"9,0 kg/cv","66,2 kg/kgfm","69,5 cv/litro",111 cv (A) 111 cv (G) a 5600 rpm,"10,7:1",,,"9,4 kgfm/litro","15,1 kgfm (A) 15,1 kgfm (G) a 4000 rpm",4,1528 mm,1450 mm,1455 mm,3827 mm,2450 mm,1675 mm,999 kg,265 litros,41 litros,102 mm,Disco ventilado,Tambor,Elétrica,,"Independente, McPherson",Mola helicoidal,Eixo de torção,595 km,480 km,"14,5 km/l","11,7 km/l",0,,,9 m,,,,Admissão,165/70 R14,"2,18 m²","0,719 m²",,"0,33",,6750 rpm,,,,,,,,,,,,,,,,,,,,,,,,,,,Mecânicos,,,,,402 km,320 km,"9,8 km/l","7,8 km/l",,,,,,,,,,
nissan,March,march,march-sv-1-0-2017,march-sv-1-0-2017,https://www.fichacompleta.com.br/carros/nissan/march-sv-1-0-2017,2026-06-15T15:57:22.198936,Nissan March SV 1.0 2017,15 s,154 km/h,Embreagem monodisco a seco,Manual,,,Dianteira,Injeção multiponto,Natural,999 cm³,3 em linha,HR10,"Duplo no cabeçote, corrente","69,7 mm",78 mm,Transversal,Dianteiro,"12,5 kg/cv","96,4 kg/kgfm","77,1 cv/litro",77 cv (A) 77 cv (G) a 6200 rpm,"11,2:1",,,"10,0 kgfm/litro",10 kgfm (A) 10 kgfm (G) a 4000 rpm,4,1528 mm,1470 mm,1475 mm,3827 mm,2450 mm,1675 mm,964 kg,265 litros,41 litros,111 mm,Disco ventilado,Tambor,Elétrica,,"Independente, McPherson",Mola helicoidal,Eixo de torção,615 km,529 km,15 km/l,"12,9 km/l",5,,,9 m,,,,Admissão,165/70 R14,"2,18 m²","0,719 m²",,"0,33",,6800 rpm,,,,,,,,,,,,,,,,,,,,,,,,,,,Hidráulicos,,,,,426 km,361 km,"10,4 km/l","8,8 km/l",,,,,,,,,,
nissan,March,march,march-sv-1-6-2017,march-sv-1-6-2017,https://www.fichacompleta.com.br/carros/nissan/march-sv-1-6-2017,2026-06-15T15:57:26.584991,Nissan March SV 1.6 2017,"9,3 s",182 km/h,Embreagem monodisco a seco,Manual,,,Dianteira,Injeção multiponto,Natural,1598 cm³,4 em linha,HR16DE,"Duplo no cabeçote, corrente","83,6 mm",78 mm,Transversal,Dianteiro,"8,8 kg/cv","64,9 kg/kgfm","69,5 cv/litro",111 cv (A) 111 cv (G) a 5600 rpm,"10,7:1",,,"9,4 kgfm/litro","15,1 kgfm (A) 15,1 kgfm (G) a 4000 rpm",4,1528 mm,1460 mm,1465 mm,3827 mm,2450 mm,1675 mm,980 kg,265 litros,41 litros,111 mm,Disco ventilado,Tambor,Elétrica,,"Independente, McPherson",Mola helicoidal,Eixo de torção,590 km,517 km,"14,4 km/l","12,6 km/l",5,,,9 m,,,,Admissão,165/70 R14,"2,18 m²","0,719 m²",,"0,33",,6750 rpm,,,,,,,,,,,,,,,,,,,,,,,,,,,Mecânicos,,,,,406 km,349 km,"9,9 km/l","8,5 km/l",,,,,,,,,,
nissan,March,march,march-sv-1-6-at-2017,march-sv-1-6-at-2017,https://www.fichacompleta.com.br/carros/nissan/march-sv-1-6-at-2017,2026-06-15T15:57:30.882674,Nissan March SV 1.6 AT 2017,"10,6 s",182 km/h,Conversor de torque,CVT,Jatco X-Tronic,,Dianteira,Injeção multiponto,Natural,1598 cm³,4 em linha,HR16DE,"Duplo no cabeçote, corrente","83,6 mm",78 mm,Transversal,Dianteiro,"9,0 kg/cv","65,9 kg/kgfm","69,5 cv/litro",111 cv (A) 111 cv (G) a 5600 rpm,"10,7:1",,,"9,4 kgfm/litro","15,1 kgfm (A) 15,1 kgfm (G) a 4000 rpm",4,1528 mm,1460 mm,1465 mm,3827 mm,2450 mm,1675 mm,995 kg,265 litros,41 litros,111 mm,Disco ventilado,Tambor,Elétrica,,"Independente, McPherson",Mola helicoidal,Eixo de torção,595 km,480 km,"14,5 km/l","11,7 km/l",0,,,9 m,,,,Admissão,165/70 R14,"2,18 m²","0,719 m²",,"0,33",,6750 rpm,,,,,,,,,,,,,,,,,,,,,,,,,,,Mecânicos,,,,,402 km,320 km,"9,8 km/l","7,8 km/l",,,,,,,,,,
nissan,March,march,march-s-1-0-2018,march-s-1-0-2018,https://www.fichacompleta.com.br/carros/nissan/march-s-1-0-2018,2026-06-15T15:57:34.100743,Nissan March S 1.0 2018,15 s,154 km/h,Embreagem monodisco a seco,Manual,,,Dianteira,Injeção multiponto,Natural,999 cm³,3 em linha,HR10,"Duplo no cabeçote, corrente","69,7 mm",78 mm,Transversal,Dianteiro,"12,3 kg/cv","95,0 kg/kgfm","77,1 cv/litro",77 cv (A) 77 cv (G) a 6200 rpm,"11,2:1",,,"10,0 kgfm/litro",10 kgfm (A) 10 kgfm (G) a 4000 rpm,4,1528 mm,1470 mm,1475 mm,3827 mm,2450 mm,1675 mm,950 kg,265 litros,41 litros,116 mm,Disco ventilado,Tambor,Elétrica,,"Independente, McPherson",Mola helicoidal,Eixo de torção,615 km,529 km,15 km/l,"12,9 km/l",5,,,9 m,,,,Admissão,165/70 R14,"2,18 m²","0,719 m²",,"0,33",,6800 rpm,,,,,,,,,,,,,,,,,,,,,,,,,,,Hidráulicos,,,,,426 km,361 km,"10,4 km/l","8,8 km/l",,,,,,,,,,
nissan,March,march,march-s-1-6-2018,march-s-1-6-2018,https://www.fichacompleta.com.br/carros/nissan/march-s-1-6-2018,2026-06-15T15:57:38.554005,Nissan March S 1.6 2018,"9,3 s",182 km/h,Embreagem monodisco a seco,Manual,,,Dianteira,Injeção multiponto,Natural,1598 cm³,4 em linha,HR16DE,"Duplo no cabeçote, corrente","83,6 mm",78 mm,Transversal,Dianteiro,"8,7 kg/cv","63,9 kg/kgfm","69,5 cv/litro",111 cv (A) 111 cv (G) a 5600 rpm,"10,7:1",,,"9,4 kgfm/litro","15,1 kgfm (A) 15,1 kgfm (G) a 4000 rpm",4,1528 mm,1470 mm,1475 mm,3827 mm,2450 mm,1675 mm,965 kg,265 litros,41 litros,116 mm,Disco ventilado,Tambor,Elétrica,,"Independente, McPherson",Mola helicoidal,Eixo de torção,590 km,517 km,"14,4 km/l","12,6 km/l",5,,,9 m,,,,Admissão,165/70 R14,"2,18 m²","0,719 m²",,"0,33",,6750 rpm,,,,,,,,,,,,,,,,,,,,,,,,,,,Mecânicos,,,,,406 km,349 km,"9,9 km/l","8,5 km/l",,,,,,,,,,
nissan,March,march,march-sl-1-6-at-2018,march-sl-1-6-at-2018,https://www.fichacompleta.com.br/carros/nissan/march-sl-1-6-at-2018,2026-06-15T15:57:43.284342,Nissan March SL 1.6 AT 2018,"10,6 s",182 km/h,Conversor de torque,CVT,Jatco X-Tronic,,Dianteira,Injeção multiponto,Natural,1598 cm³,4 em linha,HR16DE,"Duplo no cabeçote, corrente","83,6 mm",78 mm,Transversal,Dianteiro,"9,0 kg/cv","66,2 kg/kgfm","69,5 cv/litro",111 cv (A) 111 cv (G) a 5600 rpm,"10,7:1",,,"9,4 kgfm/litro","15,1 kgfm (A) 15,1 kgfm (G) a 4000 rpm",4,1528 mm,1450 mm,1455 mm,3827 mm,2450 mm,1675 mm,999 kg,265 litros,41 litros,102 mm,Disco ventilado,Tambor,Elétrica,,"Independente, McPherson",Mola helicoidal,Eixo de torção,595 km,480 km,"14,5 km/l","11,7 km/l",0,,,9 m,,,,Admissão,165/70 R14,"2,18 m²","0,719 m²",,"0,33",,6750 rpm,,,,,,,,,,,,,,,,,,,,,,,,,,,Mecânicos,,,,,402 km,320 km,"9,8 km/l","7,8 km/l",,,,,,,,,,
nissan,March,march,march-sv-1-0-2018,march-sv-1-0-2018,https://www.fichacompleta.com.br/carros/nissan/march-sv-1-0-2018,2026-06-15T15:57:47.220989,Nissan March SV 1.0 2018,15 s,154 km/h,Embreagem monodisco a seco,Manual,,,Dianteira,Injeção multiponto,Natural,999 cm³,3 em linha,HR10,"Duplo no cabeçote, corrente","69,7 mm",78 mm,Transversal,Dianteiro,"12,5 kg/cv","96,4 kg/kgfm","77,1 cv/litro",77 cv (A) 77 cv (G) a 6200 rpm,"11,2:1",,,"10,0 kgfm/litro",10 kgfm (A) 10 kgfm (G) a 4000 rpm,4,1528 mm,1470 mm,1475 mm,3827 mm,2450 mm,1675 mm,964 kg,265 litros,41 litros,111 mm,Disco ventilado,Tambor,Elétrica,,"Independente, McPherson",Mola helicoidal,Eixo de torção,615 km,529 km,15 km/l,"12,9 km/l",5,,,9 m,,,,Admissão,165/70 R14,"2,18 m²","0,719 m²",,"0,33",,6800 rpm,,,,,,,,,,,,,,,,,,,,,,,,,,,Hidráulicos,,,,,426 km,361 km,"10,4 km/l","8,8 km/l",,,,,,,,,,
nissan,March,march,march-sv-1-6-2018,march-sv-1-6-2018,https://www.fichacompleta.com.br/carros/nissan/march-sv-1-6-2018,2026-06-15T15:57:52.040494,Nissan March SV 1.6 2018,"9,3 s",182 km/h,Embreagem monodisco a seco,Manual,,,Dianteira,Injeção multiponto,Natural,1598 cm³,4 em linha,HR16DE,"Duplo no cabeçote, corrente","83,6 mm",78 mm,Transversal,Dianteiro,"8,8 kg/cv","64,9 kg/kgfm","69,5 cv/litro",111 cv (A) 111 cv (G) a 5600 rpm,"10,7:1",,,"9,4 kgfm/litro","15,1 kgfm (A) 15,1 kgfm (G) a 4000 rpm",4,1528 mm,1460 mm,1465 mm,3827 mm,2450 mm,1675 mm,980 kg,265 litros,41 litros,111 mm,Disco ventilado,Tambor,Elétrica,,"Independente, McPherson",Mola helicoidal,Eixo de torção,590 km,517 km,"14,4 km/l","12,6 km/l",5,,,9 m,,,,Admissão,165/70 R14,"2,18 m²","0,719 m²",,"0,33",,6750 rpm,,,,,,,,,,,,,,,,,,,,,,,,,,,Mecânicos,,,,,406 km,349 km,"9,9 km/l","8,5 km/l",,,,,,,,,,
nissan,March,march,march-sv-1-6-at-2018,march-sv-1-6-at-2018,https://www.fichacompleta.com.br/carros/nissan/march-sv-1-6-at-2018,2026-06-15T15:57:54.971112,Nissan March SV 1.6 AT 2018,"10,6 s",182 km/h,Conversor de torque,CVT,Jatco X-Tronic,,Dianteira,Injeção multiponto,Natural,1598 cm³,4 em linha,HR16DE,"Duplo no cabeçote, corrente","83,6 mm",78 mm,Transversal,Dianteiro,"9,0 kg/cv","65,9 kg/kgfm","69,5 cv/litro",111 cv (A) 111 cv (G) a 5600 rpm,"10,7:1",,,"9,4 kgfm/litro","15,1 kgfm (A) 15,1 kgfm (G) a 4000 rpm",4,1528 mm,1460 mm,1465 mm,3827 mm,2450 mm,1675 mm,995 kg,265 litros,41 litros,111 mm,Disco ventilado,Tambor,Elétrica,,"Independente, McPherson",Mola helicoidal,Eixo de torção,595 km,480 km,"14,5 km/l","11,7 km/l",0,,,9 m,,,,Admissão,165/70 R14,"2,18 m²","0,719 m²",,"0,33",,6750 rpm,,,,,,,,,,,,,,,,,,,,,,,,,,,Mecânicos,,,,,402 km,320 km,"9,8 km/l","7,8 km/l",,,,,,,,,,
nissan,March,march,march-s-1-0-2019,march-s-1-0-2019,https://www.fichacompleta.com.br/carros/nissan/march-s-1-0-2019,2026-06-15T15:57:57.441009,Nissan March S 1.0 2019,15 s,154 km/h,Embreagem monodisco a seco,Manual,,5,Dianteira,Injeção multiponto,Natural,999 cm³,3 em linha,HR10,Duplo no cabeçote,"69,7 mm",78 mm,Transversal,Dianteiro,"12,3 kg/cv","95,0 kg/kgfm","77,1 cv/litro",,"11,2:1",6200 rpm,4000 rpm,"10,0 kgfm/litro",,4,1528 mm,1470 mm,1475 mm,3827 mm,2450 mm,1675 mm,950 kg,265 litros,41 litros,116 mm,Disco ventilado,Tambor,Elétrica,9 m,"Indep., McPherson",Mola helicoidal,Eixo de torção,615 km,529 km,15 km/l,"12,9 km/l",,,,,,,Corrente,Admissão,165/70 R14,"2,18 m²","0,719 m²","0,33",,,6800 rpm,,,,,,,,,,,,,,,,,,,,,,,,,,,Hidráulicos,77 cv,77 cv,10 kgfm,10 kgfm,426 km,361 km,"10,4 km/l","8,8 km/l",,,,,,,,,,
nissan,March,march,march-sl-1-6-at-2019,march-sl-1-6-at-2019,https://www.fichacompleta.com.br/carros/nissan/march-sl-1-6-at-2019,2026-06-15T15:58:02.224147,Nissan March SL 1.6 AT 2019,"10,6 s",182 km/h,Conversor de torque,CVT,Jatco X-Tronic,,Dianteira,Injeção multiponto,Natural,1598 cm³,4 em linha,HR16DE,"Duplo no cabeçote, corrente","83,6 mm",78 mm,Transversal,Dianteiro,"9,0 kg/cv","66,2 kg/kgfm","69,5 cv/litro",111 cv (A) 111 cv (G) a 5600 rpm,"10,7:1",,,"9,4 kgfm/litro","15,1 kgfm (A) 15,1 kgfm (G) a 4000 rpm",4,1528 mm,1450 mm,1455 mm,3827 mm,2450 mm,1675 mm,999 kg,265 litros,41 litros,102 mm,Disco ventilado,Tambor,Elétrica,,"Independente, McPherson",Mola helicoidal,Eixo de torção,595 km,480 km,"14,5 km/l","11,7 km/l",0,,,9 m,,,,Admissão,165/70 R14,"2,18 m²","0,719 m²",,"0,33",,6750 rpm,,,,,,,,,,,,,,,,,,,,,,,,,,,Mecânicos,,,,,402 km,320 km,"9,8 km/l","7,8 km/l",,,,,,,,,,
nissan,March,march,march-sv-1-0-2019,march-sv-1-0-2019,https://www.fichacompleta.com.br/carros/nissan/march-sv-1-0-2019,2026-06-15T15:58:05.003600,Nissan March SV 1.0 2019,15 s,154 km/h,Embreagem monodisco a seco,Manual,,,Dianteira,Injeção multiponto,Natural,999 cm³,3 em linha,HR10,"Duplo no cabeçote, corrente","69,7 mm",78 mm,Transversal,Dianteiro,"12,5 kg/cv","96,4 kg/kgfm","77,1 cv/litro",77 cv (A) 77 cv (G) a 6200 rpm,"11,2:1",,,"10,0 kgfm/litro",10 kgfm (A) 10 kgfm (G) a 4000 rpm,4,1528 mm,1470 mm,1475 mm,3827 mm,2450 mm,1675 mm,964 kg,265 litros,41 litros,111 mm,Disco ventilado,Tambor,Elétrica,,"Independente, McPherson",Mola helicoidal,Eixo de torção,615 km,529 km,15 km/l,"12,9 km/l",5,,,9 m,,,,Admissão,165/70 R14,"2,18 m²","0,719 m²",,"0,33",,6800 rpm,,,,,,,,,,,,,,,,,,,,,,,,,,,Hidráulicos,,,,,426 km,361 km,"10,4 km/l","8,8 km/l",,,,,,,,,,
nissan,March,march,march-sv-1-6-2019,march-sv-1-6-2019,https://www.fichacompleta.com.br/carros/nissan/march-sv-1-6-2019,2026-06-15T15:58:08.686655,Nissan March SV 1.6 2019,"9,3 s",182 km/h,Embreagem monodisco a seco,Manual,,,Dianteira,Injeção multiponto,Natural,1598 cm³,4 em linha,HR16DE,"Duplo no cabeçote, corrente","83,6 mm",78 mm,Transversal,Dianteiro,"8,8 kg/cv","64,9 kg/kgfm","69,5 cv/litro",111 cv (A) 111 cv (G) a 5600 rpm,"10,7:1",,,"9,4 kgfm/litro","15,1 kgfm (A) 15,1 kgfm (G) a 4000 rpm",4,1528 mm,1460 mm,1465 mm,3827 mm,2450 mm,1675 mm,980 kg,265 litros,41 litros,111 mm,Disco ventilado,Tambor,Elétrica,,"Independente, McPherson",Mola helicoidal,Eixo de torção,590 km,517 km,"14,4 km/l","12,6 km/l",5,,,9 m,,,,Admissão,165/70 R14,"2,18 m²","0,719 m²",,"0,33",,6750 rpm,,,,,,,,,,,,,,,,,,,,,,,,,,,Mecânicos,,,,,406 km,349 km,"9,9 km/l","8,5 km/l",,,,,,,,,,
nissan,March,march,march-sv-1-6-at-2019,march-sv-1-6-at-2019,https://www.fichacompleta.com.br/carros/nissan/march-sv-1-6-at-2019,2026-06-15T15:58:13.110084,Nissan March SV 1.6 AT 2019,"10,6 s",182 km/h,Conversor de torque,CVT,Jatco X-Tronic,,Dianteira,Injeção multiponto,Natural,1598 cm³,4 em linha,HR16DE,"Duplo no cabeçote, corrente","83,6 mm",78 mm,Transversal,Dianteiro,"9,0 kg/cv","65,9 kg/kgfm","69,5 cv/litro",111 cv (A) 111 cv (G) a 5600 rpm,"10,7:1",,,"9,4 kgfm/litro","15,1 kgfm (A) 15,1 kgfm (G) a 4000 rpm",4,1528 mm,1460 mm,1465 mm,3827 mm,2450 mm,1675 mm,995 kg,265 litros,41 litros,111 mm,Disco ventilado,Tambor,Elétrica,,"Independente, McPherson",Mola helicoidal,Eixo de torção,595 km,480 km,"14,5 km/l","11,7 km/l",0,,,9 m,,,,Admissão,165/70 R14,"2,18 m²","0,719 m²",,"0,33",,6750 rpm,,,,,,,,,,,,,,,,,,,,,,,,,,,Mecânicos,,,,,402 km,320 km,"9,8 km/l","7,8 km/l",,,,,,,,,,
nissan,March,march,march-sl-1-6-at-2020,march-sl-1-6-at-2020,https://www.fichacompleta.com.br/carros/nissan/march-sl-1-6-at-2020,2026-06-15T15:58:35.106541,Nissan March SL 1.6 AT 2020,"10,6 s",182 km/h,Conversor de torque,CVT,Jatco X-Tronic,0,Dianteira,Injeção multiponto,Natural,1598 cm³,4 em linha,HR16DE,Duplo no cabeçote,"83,6 mm",78 mm,Transversal,Dianteiro,"9,0 kg/cv","66,2 kg/kgfm","69,5 cv/litro",,"10,7:1",5600 rpm,4000 rpm,"9,4 kgfm/litro",,4,1528 mm,1450 mm,1455 mm,3827 mm,2450 mm,1675 mm,999 kg,265 litros,41 litros,102 mm,Disco ventilado,Tambor,Elétrica,9 m,"Indep., McPherson",Mola helicoidal,Eixo de torção,595 km,480 km,"14,5 km/l","11,7 km/l",,,,,,,Corrente,Admissão,165/70 R14,"2,18 m²","0,719 m²","0,33",,,6750 rpm,,,,,,,,,,,,,,,,,,,,,,,,,,,Mecânicos,111 cv,111 cv,"15,1 kgfm","15,1 kgfm",402 km,320 km,"9,8 km/l","7,8 km/l",,,,,,,,,,
nissan,March,march,march-sv-1-0-2020,march-sv-1-0-2020,https://www.fichacompleta.com.br/carros/nissan/march-sv-1-0-2020,2026-06-15T15:58:39.292326,Nissan March SV 1.0 2020,15 s,154 km/h,Embreagem monodisco a seco,Manual,,5,Dianteira,Injeção multiponto,Natural,999 cm³,3 em linha,HR10,Duplo no cabeçote,"69,7 mm",78 mm,Transversal,Dianteiro,"12,5 kg/cv","96,4 kg/kgfm","77,1 cv/litro",,"11,2:1",6200 rpm,4000 rpm,"10,0 kgfm/litro",,4,1528 mm,1470 mm,1475 mm,3827 mm,2450 mm,1675 mm,064 kg,265 litros,41 litros,111 mm,Disco ventilado,Tambor,Elétrica,9 m,"Indep., McPherson",Mola helicoidal,Eixo de torção,615 km,529 km,15 km/l,"12,9 km/l",,,,,,,Corrente,Admissão,165/70 R14,"2,18 m²","0,719 m²","0,33",,,6800 rpm,,,,,,,,,,,,,,,,,,,,,,,,,,,Hidráulicos,77 cv,77 cv,10 kgfm,10 kgfm,426 km,361 km,"10,4 km/l","8,8 km/l",,,,,,,,,,
nissan,March,march,march-sv-1-6-2020,march-sv-1-6-2020,https://www.fichacompleta.com.br/carros/nissan/march-sv-1-6-2020,2026-06-15T15:58:43.866334,Nissan March SV 1.6 2020,"9,3 s",182 km/h,Embreagem monodisco a seco,Manual,,5,Dianteira,Injeção multiponto,Natural,1598 cm³,4 em linha,HR16DE,Duplo no cabeçote,"83,6 mm",78 mm,Transversal,Dianteiro,"8,8 kg/cv","64,9 kg/kgfm","69,5 cv/litro",,"10,7:1",5600 rpm,4000 rpm,"9,4 kgfm/litro",,4,1528 mm,1460 mm,1465 mm,3827 mm,2450 mm,1675 mm,980 kg,265 litros,41 litros,111 mm,Disco ventilado,Tambor,Elétrica,9 m,"Indep., McPherson",Mola helicoidal,Eixo de torção,590 km,517 km,"14,4 km/l","12,6 km/l",,,,,,,Corrente,Admissão,165/70 R14,"2,18 m²","0,719 m²","0,33",,,6750 rpm,,,,,,,,,,,,,,,,,,,,,,,,,,,Mecânicos,111 cv,111 cv,"15,1 kgfm","15,1 kgfm",406 km,349 km,"9,9 km/l","8,5 km/l",,,,,,,,,,
nissan,March,march,march-sv-1-6-at-2020,march-sv-1-6-at-2020,https://www.fichacompleta.com.br/carros/nissan/march-sv-1-6-at-2020,2026-06-15T15:58:47.030788,Nissan March SV 1.6 AT 2020,"10,6 s",182 km/h,Conversor de torque,CVT,Jatco X-Tronic,0,Dianteira,Injeção multiponto,Natural,1598 cm³,4 em linha,HR16DE,Duplo no cabeçote,"83,6 mm",78 mm,Transversal,Dianteiro,"9,0 kg/cv","65,9 kg/kgfm","69,5 cv/litro",,"10,7:1",5600 rpm,4000 rpm,"9,4 kgfm/litro",,4,1528 mm,1460 mm,1465 mm,3827 mm,2450 mm,1675 mm,995 kg,265 litros,41 litros,111 mm,Disco ventilado,Tambor,Elétrica,9 m,"Indep., McPherson",Mola helicoidal,Eixo de torção,595 km,480 km,"14,5 km/l","11,7 km/l",,,,,,,Corrente,Admissão,165/70 R14,"2,18 m²","0,719 m²","0,33",,,6750 rpm,,,,,,,,,,,,,,,,,,,,,,,,,,,Mecânicos,111 cv,111 cv,"15,1 kgfm","15,1 kgfm",402 km,320 km,"9,8 km/l","7,8 km/l",,,,,,,,,,
nissan,Maxima,maxima,maxima-se-3-0-v6-1991,maxima-se-3-0-v6-1991,https://www.fichacompleta.com.br/carros/nissan/maxima-se-3-0-v6-1991,2026-06-15T15:59:04.063844,Nissan Maxima SE 3.0 V6 1991,"9,5 s",201 km/h,Conversor de torque,Automático,,,Dianteira,Injeção multiponto,Natural,2960 cm³,6 em V,VG30E,Único no cabeçote,83 mm,87 mm,Transversal,Dianteiro,"8,3 kg/cv","55,5 kg/kgfm","57,4 cv/litro",170 cv a 5600 rpm,9:1,,,"8,5 kgfm/litro","25,3 kgfm a 2800 rpm",2,1405 mm,1510 mm,1490 mm,4780 mm,2650 mm,1760 mm,1404 kg,437 litros,70 litros,133 mm,Disco ventilado,Disco sólido,Hidráulica,,"Independente, McPherson",Mola helicoidal,"Independente, multibraço",735 km,476 km,"10,5 km/l","6,8 km/l",4,,,"11,5 m",,,,,,"2,1 m²","0,651 m²",,"0,31",556 kg,,,,160 mm,,,,,,,,,,,,,,,,,,,,700 kg,,1500 kg,,,,,,,,,,,,,,,,,,,,
nissan,Maxima,maxima,maxima-se-3-0-v6-1992,maxima-se-3-0-v6-1992,https://www.fichacompleta.com.br/carros/nissan/maxima-se-3-0-v6-1992,2026-06-15T15:59:08.240791,Nissan Maxima SE 3.0 V6 1992,"9,5 s",201 km/h,Conversor de torque,Automático,,4,Dianteira,Injeção multiponto,Natural,2960 cm³,6 em V,VG30E,Único no cabeçote,83 mm,87 mm,Transversal,Dianteiro,"8,3 kg/cv","55,5 kg/kgfm","57,4 cv/litro",,9:1,,,"8,5 kgfm/litro",,2,1405 mm,1510 mm,1490 mm,4780 mm,2650 mm,1760 mm,1404 kg,437 litros,70 litros,133 mm,Disco ventilado,Disco sólido,Hidráulica,"11,5 m","Indep., McPherson",Mola helicoidal,"Indep., multibraço",735 km,476 km,"10,5 km/l","6,8 km/l",,5600 rpm,2800 rpm,,,,,,,"2,1 m²","0,651 m²","0,31",,556 kg,,,,160 mm,,,170 cv,,"25,3 kgfm",,,,,,,,,,,,,,,700 kg,,1500 kg,,,,,,,,,,,,,,,,,,,,
nissan,Maxima,maxima,maxima-se-3-0-v6-1993,maxima-se-3-0-v6-1993,https://www.fichacompleta.com.br/carros/nissan/maxima-se-3-0-v6-1993,2026-06-15T15:59:13.044645,Nissan Maxima SE 3.0 V6 1993,"9,5 s",201 km/h,Conversor de torque,Automático,,,Dianteira,Injeção multiponto,Natural,2960 cm³,6 em V,VG30E,Único no cabeçote,83 mm,87 mm,Transversal,Dianteiro,"8,3 kg/cv","55,5 kg/kgfm","57,4 cv/litro",170 cv a 5600 rpm,9:1,,,"8,5 kgfm/litro","25,3 kgfm a 2800 rpm",2,1405 mm,1510 mm,1490 mm,4780 mm,2650 mm,1760 mm,1404 kg,437 litros,70 litros,133 mm,Disco ventilado,Disco sólido,Hidráulica,,"Independente, McPherson",Mola helicoidal,"Independente, multibraço",735 km,476 km,"10,5 km/l","6,8 km/l",4,,,"11,5 m",,,,,,"2,1 m²","0,651 m²",,"0,31",556 kg,,,,160 mm,,,,,,,,,,,,,,,,,,,,700 kg,,1500 kg,,,,,,,,,,,,,,,,,,,,
nissan,Maxima,maxima,maxima-se-3-0-v6-1994,maxima-se-3-0-v6-1994,https://www.fichacompleta.com.br/carros/nissan/maxima-se-3-0-v6-1994,2026-06-15T15:59:15.913305,Nissan Maxima SE 3.0 V6 1994,"9,5 s",201 km/h,Conversor de torque,Automático,,4,Dianteira,Injeção multiponto,Natural,2960 cm³,6 em V,VG30E,Único no cabeçote,83 mm,87 mm,Transversal,Dianteiro,"8,3 kg/cv","55,5 kg/kgfm","57,4 cv/litro",,9:1,,,"8,5 kgfm/litro",,2,1405 mm,1510 mm,1490 mm,4780 mm,2650 mm,1760 mm,1404 kg,437 litros,70 litros,133 mm,Disco ventilado,Disco sólido,Hidráulica,"11,5 m","Indep., McPherson",Mola helicoidal,"Indep., multibraço",735 km,476 km,"10,5 km/l","6,8 km/l",,5600 rpm,2800 rpm,,,,,,,"2,1 m²","0,651 m²","0,31",,556 kg,,,,160 mm,,,170 cv,,"25,3 kgfm",,,,,,,,,,,,,,,700 kg,,1500 kg,,,,,,,,,,,,,,,,,,,,
nissan,Maxima,maxima,maxima-30j-3-0-v6-1995,maxima-30j-3-0-v6-1995,https://www.fichacompleta.com.br/carros/nissan/maxima-30j-3-0-v6-1995,2026-06-15T15:59:19.854327,Nissan Maxima 30J 3.0 V6 1995,"8,3 s",230 km/h,Embreagem monodisco a seco,Manual,,,Dianteira,Injeção multiponto,Natural,2987 cm³,6 em V,VQ30DE,Duplo no cabeçote,"73,3 mm",93 mm,Transversal,Dianteiro,"7,2 kg/cv","53,6 kg/kgfm","64,6 cv/litro",193 cv a 6400 rpm,10:1,,,"8,7 kgfm/litro",26 kgfm a 4400 rpm,4,1415 mm,1520 mm,1500 mm,4770 mm,2700 mm,1770 mm,1393 kg,440 litros,70 litros,133 mm,Disco ventilado,Disco sólido,Hidráulica,,"Independente, McPherson",Mola helicoidal,"Independente, multibraço",686 km,490 km,"9,8 km/l",7 km/l,5,,,"10,6 m",,,,,,"2,13 m²","0,660 m²",,"0,31",612 kg,6500 rpm,,,,,,,,,,,,,,,,,,,,,,,700 kg,,1500 kg,,,,,,,,,,,,,,,,,,,,
nissan,Maxima,maxima,maxima-gxe-3-0-v6-1995,maxima-gxe-3-0-v6-1995,https://www.fichacompleta.com.br/carros/nissan/maxima-gxe-3-0-v6-1995,2026-06-15T15:59:23.659731,Nissan Maxima GXE 3.0 V6 1995,"8,3 s",230 km/h,Embreagem monodisco a seco,Manual,,5,Dianteira,Injeção multiponto,Natural,2987 cm³,6 em V,VQ30DE,Duplo no cabeçote,"73,3 mm",93 mm,Transversal,Dianteiro,"7,2 kg/cv","53,6 kg/kgfm","64,6 cv/litro",193 cv,10:1,6400 rpm,4400 rpm,"8,7 kgfm/litro",26 kgfm,4,1415 mm,1520 mm,1500 mm,4770 mm,2700 mm,1770 mm,1393 kg,440 litros,70 litros,133 mm,Disco ventilado,Disco sólido,Hidráulica,"10,6 m","Indep., McPherson",Mola helicoidal,"Indep., multibraço",686 km,490 km,"9,8 km/l",7 km/l,,,,,,,,,,"2,13 m²","0,660 m²","0,31",,612 kg,6500 rpm,,,,,,,,,,,,,,,,,,,,,,,700 kg,,1500 kg,,,,,,,,,,,,,,,,,,,,
nissan,Maxima,maxima,maxima-30g-3-0-v6-1996,maxima-30g-3-0-v6-1996,https://www.fichacompleta.com.br/carros/nissan/maxima-30g-3-0-v6-1996,2026-06-15T15:59:26.647908,Nissan Maxima 30G 3.0 V6 1996,"9,6 s",210 km/h,Conversor de torque,Automático,,,Dianteira,Injeção multiponto,Natural,2987 cm³,6 em V,VQ30DE,Duplo no cabeçote,"73,3 mm",93 mm,Transversal,Dianteiro,"7,4 kg/cv","54,7 kg/kgfm","64,6 cv/litro",193 cv a 6400 rpm,10:1,,,"8,7 kgfm/litro",26 kgfm a 4400 rpm,4,1415 mm,1520 mm,1500 mm,4770 mm,2700 mm,1770 mm,1421 kg,440 litros,70 litros,133 mm,Disco ventilado,Disco sólido,Hidráulica,,"Independente, McPherson",Mola helicoidal,"Independente, multibraço",693 km,420 km,"9,9 km/l",6 km/l,4,,,"10,6 m",,,,,,"2,13 m²","0,660 m²",,"0,31",584 kg,6500 rpm,,,,,,,,,,,,,,,,,,,,,,,700 kg,,1500 kg,,,,,,,,,,,,,,,,,,,,
nissan,Maxima,maxima,maxima-30g-3-0-v6-1997,maxima-30g-3-0-v6-1997,https://www.fichacompleta.com.br/carros/nissan/maxima-30g-3-0-v6-1997,2026-06-15T15:59:31.123032,Nissan Maxima 30G 3.0 V6 1997,"9,6 s",210 km/h,Conversor de torque,Automático,,4,Dianteira,Injeção multiponto,Natural,2987 cm³,6 em V,VQ30DE,Duplo no cabeçote,"73,3 mm",93 mm,Transversal,Dianteiro,"7,4 kg/cv","54,7 kg/kgfm","64,6 cv/litro",193 cv,10:1,6400 rpm,4400 rpm,"8,7 kgfm/litro",26 kgfm,4,1415 mm,1520 mm,1500 mm,4770 mm,2700 mm,1770 mm,1421 kg,440 litros,70 litros,133 mm,Disco ventilado,Disco sólido,Hidráulica,"10,6 m","Indep., McPherson",Mola helicoidal,"Indep., multibraço",693 km,420 km,"9,9 km/l",6 km/l,,,,,,,,,,"2,13 m²","0,660 m²","0,31",,584 kg,6500 rpm,,,,,,,,,,,,,,,,,,,,,,,700 kg,,1500 kg,,,,,,,,,,,,,,,,,,,,
nissan,Maxima,maxima,maxima-30g-3-0-v6-1998,maxima-30g-3-0-v6-1998,https://www.fichacompleta.com.br/carros/nissan/maxima-30g-3-0-v6-1998,2026-06-15T15:59:35.219310,Nissan Maxima 30G 3.0 V6 1998,"9,6 s",210 km/h,Conversor de torque,Automático,,4,Dianteira,Injeção multiponto,Natural,2987 cm³,6 em V,VQ30DE,Duplo no cabeçote,"73,3 mm",93 mm,Transversal,Dianteiro,"7,4 kg/cv","54,0 kg/kgfm","64,6 cv/litro",193 cv,10:1,,,"8,8 kgfm/litro","26,3 kgfm",4,1415 mm,1520 mm,1500 mm,4770 mm,2700 mm,1770 mm,1420 kg,440 litros,70 litros,133 mm,Disco ventilado,Disco sólido,Hidráulica,"10,6 m","Indep., McPherson",Mola helicoidal,"Indep., multibraço",714 km,476 km,"10,2 km/l","6,8 km/l",4,6400 rpm,4400 rpm,"10,6 m",,,,,,"2,13 m²","0,660 m²","0,31","0,31",585 kg,6500 rpm,,,140 mm,,,,,,,,,,,,,,,,,,,,700 kg,,1500 kg,,,,,,,,,,,,,,,,,,,,
nissan,Maxima,maxima,maxima-30g-3-0-v6-1999,maxima-30g-3-0-v6-1999,https://www.fichacompleta.com.br/carros/nissan/maxima-30g-3-0-v6-1999,2026-06-15T15:59:39.457707,Nissan Maxima 30G 3.0 V6 1999,"9,6 s",210 km/h,Conversor de torque,Automático,,4,Dianteira,Injeção multiponto,Natural,2987 cm³,6 em V,VQ30DE,Duplo no cabeçote,"73,3 mm",93 mm,Transversal,Dianteiro,"7,4 kg/cv","54,0 kg/kgfm","64,6 cv/litro",193 cv,10:1,6400 rpm,4400 rpm,"8,8 kgfm/litro","26,3 kgfm",4,1415 mm,1520 mm,1500 mm,4770 mm,2700 mm,1770 mm,1420 kg,440 litros,70 litros,133 mm,Disco ventilado,Disco sólido,Hidráulica,"10,6 m","Indep., McPherson",Mola helicoidal,"Indep., multibraço",714 km,476 km,"10,2 km/l","6,8 km/l",,,,,,,,,,"2,13 m²","0,660 m²","0,31",,585 kg,6500 rpm,,,140 mm,,,,,,,,,,,,,,,,,,,,700 kg,,1500 kg,,,,,,,,,,,,,,,,,,,,
nissan,Maxima,maxima,maxima-30gv-3-0-v6-1999,maxima-30gv-3-0-v6-1999,https://www.fichacompleta.com.br/carros/nissan/maxima-30gv-3-0-v6-1999,2026-06-15T15:59:43.626449,Nissan Maxima 30GV 3.0 V6 1999,"9,6 s",210 km/h,Conversor de torque,Automático,,4,Dianteira,Injeção multiponto,Natural,,6 em V,VQ30DE,Duplo no cabeçote,"73,3 mm",93 mm,Transversal,Dianteiro,"7,36 kg/cv","54,0 kg/kgfm","64,6 cv/litro",193 cv,10:1,6400 rpm,4400 rpm,"8,8 kgfm/litro","26,3 kgfm",4,1415 mm,1520 mm,1500 mm,4770 mm,2700 mm,1770 mm,1420 kg,440 litros,70 litros,133 mm,Disco ventilado,Disco sólido,Hidráulica,"10,6 m","Indep., McPherson",Mola helicoidal,"Indep., multibraço",714 km,476 km,"10,2 km/l","6,8 km/l",,,,,,,,,,"2,13 m²","0,660 m²","0,31",,585 kg,6500 rpm,,,140 mm,,,,,,,,,,498 cm³,2987 cm³,,,,,,,,,700 kg,,1500 kg,,,,,,,,,,,,,,,,,,,,
nissan,Maxima,maxima,maxima-30gv-3-0-v6-2001,maxima-30gv-3-0-v6-2001,https://www.fichacompleta.com.br/carros/nissan/maxima-30gv-3-0-v6-2001,2026-06-15T15:59:47.389674,Nissan Maxima 30GV 3.0 V6 2001,"9,6 s",212 km/h,Conversor de torque,Automático,,4,Dianteira,Injeção multiponto,Natural,2998 cm³,6 em V,VQ30DE,Duplo no cabeçote,"73,3 mm",93 mm,Transversal,Dianteiro,"6,6 kg/cv","48,5 kg/kgfm","72,7 cv/litro",218 cv,10:1,6400 rpm,3600 rpm,"9,9 kgfm/litro","29,7 kgfm",4,1435 mm,1530 mm,1510 mm,4930 mm,2750 mm,1780 mm,1440 kg,520 litros,70 litros,118 mm,Disco ventilado,Disco sólido,Hidráulica,"11,6 m","Indep., McPherson",Mola helicoidal,"Indep., multibraço",714 km,476 km,"10,2 km/l","6,8 km/l",,,,,,,,,,"2,17 m²","0,651 m²","0,3",,595 kg,6500 rpm,,,,,,,,,,,,,,,,,,,,,,,700 kg,,1500 kg,,,,,,,,,,,,,,,,,,,,
nissan,Maxima,maxima,maxima-30gv-3-0-v6-2002,maxima-30gv-3-0-v6-2002,https://www.fichacompleta.com.br/carros/nissan/maxima-30gv-3-0-v6-2002,2026-06-15T15:59:51.522754,Nissan Maxima 30GV 3.0 V6 2002,"9,6 s",212 km/h,Conversor de torque,Automático,,4,Dianteira,Injeção multiponto,Natural,2998 cm³,6 em V,VQ30DE,Duplo no cabeçote,"73,3 mm",93 mm,Transversal,Dianteiro,"6,6 kg/cv","48,5 kg/kgfm","72,7 cv/litro",218 cv,10:1,6400 rpm,3600 rpm,"9,9 kgfm/litro","29,7 kgfm",4,1435 mm,1530 mm,1510 mm,4930 mm,2750 mm,1780 mm,1440 kg,520 litros,70 litros,118 mm,Disco ventilado,Disco sólido,Hidráulica,"11,6 m","Indep., McPherson",Mola helicoidal,"Indep., multibraço",714 km,476 km,"10,2 km/l","6,8 km/l",,,,,,,,,,"2,17 m²","0,651 m²","0,3",,595 kg,6500 rpm,,,,,,,,,,,,,,,,,,,,,,,700 kg,,1500 kg,,,,,,,,,,,,,,,,,,,,
nissan,Murano,murano,murano-se-3-5-v6-2007,murano-se-3-5-v6-2007,https://www.fichacompleta.com.br/carros/nissan/murano-se-3-5-v6-2007,2026-06-15T16:00:09.926064,Nissan Murano SE 3.5 V6 2007,10 s,203 km/h,Conversor de torque,CVT,Jatco X-Tronic,6,Integral sob demanda,Injeção multiponto,Natural,3498 cm³,6 em V,,Duplo no cabeçote,"81,4 mm","95,5 mm",Transversal,Dianteiro,"8,1 kg/cv","57,9 kg/kgfm","66,0 cv/litro",231 cv,"10,3:1",,,"9,3 kgfm/litro","32,4 kgfm",4,1705 mm,1620 mm,1620 mm,4770 mm,2825 mm,1880 mm,1875 kg,480 litros,82 litros,146 mm,Disco ventilado,Disco sólido,Hidráulica,"11,4 m","Indep., McPherson",Mola helicoidal,"Indep., multibraço",820 km,484 km,10 km/l,"5,9 km/l",6,6000 rpm,3600 rpm,"11,4 m",,,,,,"2,72 m²","1,061 m²","0,39","0,39",505 kg,,28 graus,25 graus,175 mm,,,,,,,,,,,,,,,,,,,,,,,,,,,,,,,,,,,,,,,,,,
nissan,Murano,murano,murano-se-3-5-v6-2008,murano-se-3-5-v6-2008,https://www.fichacompleta.com.br/carros/nissan/murano-se-3-5-v6-2008,2026-06-15T16:00:13.459612,Nissan Murano SE 3.5 V6 2008,10 s,203 km/h,Conversor de torque,CVT,Jatco X-Tronic,6,Integral sob demanda,Injeção multiponto,Natural,3498 cm³,6 em V,,Duplo no cabeçote,"81,4 mm","95,5 mm",Transversal,Dianteiro,"8,1 kg/cv","57,9 kg/kgfm","66,0 cv/litro",231 cv,"10,3:1",6000 rpm,3600 rpm,"9,3 kgfm/litro","32,4 kgfm",4,1705 mm,1620 mm,1620 mm,4770 mm,2825 mm,1880 mm,1875 kg,480 litros,82 litros,146 mm,Disco ventilado,Disco sólido,Hidráulica,"11,4 m","Indep., McPherson",Mola helicoidal,"Indep., multibraço",820 km,484 km,10 km/l,"5,9 km/l",,,,,,,,,,"2,72 m²","1,061 m²","0,39",,505 kg,,28 graus,25 graus,175 mm,,,,,,,,,,,,,,,,,,,,,,,,,,,,,,,,,,,,,,,,,,
nissan,Murano,murano,murano-se-3-5-v6-2009,murano-se-3-5-v6-2009,https://www.fichacompleta.com.br/carros/nissan/murano-se-3-5-v6-2009,2026-06-15T16:00:17.802653,Nissan Murano SE 3.5 V6 2009,10 s,203 km/h,Conversor de torque,CVT,Jatco X-Tronic,,Integral sob demanda,Injeção multiponto,Natural,3498 cm³,6 em V,,Duplo no cabeçote,"81,4 mm","95,5 mm",Transversal,Dianteiro,"8,1 kg/cv","57,9 kg/kgfm","66,0 cv/litro",231 cv a 6000 rpm,"10,3:1",,,"9,3 kgfm/litro","32,4 kgfm a 3600 rpm",4,1705 mm,1620 mm,1620 mm,4770 mm,2825 mm,1880 mm,1875 kg,480 litros,82 litros,146 mm,Disco ventilado,Disco sólido,Hidráulica,,"Independente, McPherson",Mola helicoidal,"Independente, multibraço",820 km,484 km,10 km/l,"5,9 km/l",6,,,"11,4 m",,,,,,"2,72 m²","1,061 m²",,"0,39",505 kg,,28 graus,25 graus,175 mm,,,,,,,,,,,,,,,,,,,,,,,,,,,,,,,,,,,,,,,,,,
nissan,Pathfinder,pathfinder,pathfinder-se-3-0-v6-1992,pathfinder-se-3-0-v6-1992,https://www.fichacompleta.com.br/carros/nissan/pathfinder-se-3-0-v6-1992,2026-06-15T16:00:49.266610,Nissan Pathfinder SE 3.0 V6 1992,14 s,160 km/h,Conversor de torque,Automático,,4,Integral temporária,Injeção multiponto,Natural,2960 cm³,6 em V,VG30E,Único no cabeçote,83 mm,87 mm,Longitudinal,Dianteiro,"11,4 kg/cv","71,1 kg/kgfm","52,4 cv/litro",155 cv,9:1,4800 rpm,4000 rpm,"8,4 kgfm/litro","24,8 kgfm",2,1710 mm,1455 mm,1440 mm,4365 mm,2650 mm,1765 mm,1764 kg,385 litros,80 litros,176 mm,Disco ventilado,Disco sólido,Hidráulica,"10,8 m","Indep., braços sobrepostos",Mola helicoidal,Eixo rígido,656 km,520 km,"8,2 km/l","6,5 km/l",,,,,,,Correia dentada,,235/75 R15,,,,,,,,,210 mm,,,,,,,,,,,,,,,,,,,,,,,,,,,,,,,,,,,,,,,,,,
nissan,Pathfinder,pathfinder,pathfinder-se-3-0-v6-1992-gasolina,pathfinder-se-3-0-v6-1992-gasolina,https://www.fichacompleta.com.br/carros/nissan/pathfinder-se-3-0-v6-1992-gasolina,2026-06-15T16:00:52.190364,Nissan Pathfinder SE 3.0 V6 1992,"12,5 s",165 km/h,Embreagem monodisco a seco,Manual,,5,Integral temporária,Injeção multiponto,Natural,2960 cm³,6 em V,VG30E,Único no cabeçote,83 mm,87 mm,Longitudinal,Dianteiro,"11,3 kg/cv","70,4 kg/kgfm","52,4 cv/litro",,9:1,,,"8,4 kgfm/litro",,2,1710 mm,1455 mm,1440 mm,4365 mm,2650 mm,1765 mm,1746 kg,385 litros,80 litros,176 mm,Disco ventilado,Disco sólido,Hidráulica,"10,8 m","Indep., braços sobrepostos",Mola helicoidal,Eixo rígido,680 km,544 km,"8,5 km/l","6,8 km/l",,4800 rpm,4000 rpm,,,,Correia dentada,,235/75 R15,,,,,,,,,210 mm,,,155 cv,,"24,8 kgfm",,,,,,,,,,,,,,,,,,,,,,,,,,,,,,,,,,,,,
nissan,Pathfinder,pathfinder,pathfinder-se-3-0-v6-1993,pathfinder-se-3-0-v6-1993,https://www.fichacompleta.com.br/carros/nissan/pathfinder-se-3-0-v6-1993,2026-06-15T16:00:56.734042,Nissan Pathfinder SE 3.0 V6 1993,14 s,160 km/h,Conversor de torque,Automático,,4,Integral temporária,Injeção multiponto,Natural,2960 cm³,6 em V,VG30E,Único no cabeçote,83 mm,87 mm,Longitudinal,Dianteiro,"11,4 kg/cv","71,1 kg/kgfm","52,4 cv/litro",155 cv,9:1,,,"8,4 kgfm/litro","24,8 kgfm",2,1710 mm,1455 mm,1440 mm,4365 mm,2650 mm,1765 mm,1764 kg,385 litros,80 litros,176 mm,Disco ventilado,Disco sólido,Hidráulica,"10,8 m","Indep., braços sobrepostos",Mola helicoidal,Eixo rígido,656 km,520 km,"8,2 km/l","6,5 km/l",4,4800 rpm,4000 rpm,"10,8 m",,,Correia dentada,,235/75 R15,,,,,,,,,210 mm,,,,,,,,,,,,,,,,,,,,,,,,,,,,,,,,,,,,,,,,,,
nissan,Pathfinder,pathfinder,pathfinder-xe-2-7-turbo-1993,pathfinder-xe-2-7-turbo-1993,https://www.fichacompleta.com.br/carros/nissan/pathfinder-xe-2-7-turbo-1993,2026-06-15T16:00:59.144405,Nissan Pathfinder XE 2.7 Turbo 1993,18 s,150 km/h,,Manual,,,Integral temporária,Injeção indireta,Turbocompressor,2664 cm³,4 em linha,TD27T,no bloco,,,Longitudinal,Dianteiro,"18,3 kg/cv","82,3 kg/kgfm","37,2 cv/litro",99 cv a 4000 rpm,"21,9:1",,,"8,3 kgfm/litro",22 kgfm a 2200 rpm,2,1710 mm,1455 mm,1440 mm,4365 mm,2650 mm,1765 mm,1810 kg,385 litros,80 litros,176 mm,Disco ventilado,Tambor,Hidráulica,,"Independente, braços sobrepostos",Mola helicoidal,Eixo rígido,,,,,5,,,"11,2 m",92 mm,96 mm,,,,"2,57 m²",,,"0,48",490 kg,,,,,,,,,,,,,,,,,680 km,720 km,"8,5 km/l",9 km/l,,,,500 kg,,2000 kg,,,,,,,,,,,,,,,,,,,,
nissan,Pathfinder,pathfinder,pathfinder-se-3-0-v6-1994,pathfinder-se-3-0-v6-1994,https://www.fichacompleta.com.br/carros/nissan/pathfinder-se-3-0-v6-1994,2026-06-15T16:01:02.822315,Nissan Pathfinder SE 3.0 V6 1994,14 s,160 km/h,Conversor de torque,Automático,,4,Integral temporária,Injeção multiponto,Natural,2960 cm³,6 em V,VG30E,Único no cabeçote,83 mm,87 mm,Longitudinal,Dianteiro,"11,4 kg/cv","71,1 kg/kgfm","52,4 cv/litro",155 cv,9:1,4800 rpm,4000 rpm,"8,4 kgfm/litro","24,8 kgfm",2,1710 mm,1455 mm,1440 mm,4365 mm,2650 mm,1765 mm,1764 kg,385 litros,80 litros,176 mm,Disco ventilado,Disco sólido,Hidráulica,"10,8 m","Indep., braços sobrepostos",Mola helicoidal,Eixo rígido,656 km,520 km,"8,2 km/l","6,5 km/l",,,,,,,Correia dentada,,235/75 R15,,,,,,,,,210 mm,,,,,,,,,,,,,,,,,,,,,,,,,,,,,,,,,,,,,,,,,,
nissan,Pathfinder,pathfinder,pathfinder-se-3-0-v6-1994-gasolina,pathfinder-se-3-0-v6-1994-gasolina,https://www.fichacompleta.com.br/carros/nissan/pathfinder-se-3-0-v6-1994-gasolina,2026-06-15T16:01:05.693808,Nissan Pathfinder SE 3.0 V6 1994,"12,5 s",165 km/h,Embreagem monodisco a seco,Manual,,5,Integral temporária,Injeção multiponto,Natural,2960 cm³,6 em V,VG30E,Único no cabeçote,83 mm,87 mm,Longitudinal,Dianteiro,"11,3 kg/cv","70,4 kg/kgfm","52,4 cv/litro",,9:1,,,"8,4 kgfm/litro",,2,1710 mm,1455 mm,1440 mm,4365 mm,2650 mm,1765 mm,1746 kg,385 litros,80 litros,176 mm,Disco ventilado,Disco sólido,Hidráulica,"10,8 m","Indep., braços sobrepostos",Mola helicoidal,Eixo rígido,680 km,544 km,"8,5 km/l","6,8 km/l",,4800 rpm,4000 rpm,,,,Correia dentada,,235/75 R15,,,,,,,,,210 mm,,,155 cv,,"24,8 kgfm",,,,,,,,,,,,,,,,,,,,,,,,,,,,,,,,,,,,,
nissan,Pathfinder,pathfinder,pathfinder-xe-2-7-1994,pathfinder-xe-2-7-1994,https://www.fichacompleta.com.br/carros/nissan/pathfinder-xe-2-7-1994,2026-06-15T16:01:08.378715,Nissan Pathfinder XE 2.7 1994,23 s,135 km/h,Embreagem monodisco a seco,Manual,,5,Integral temporária,Injeção indireta,Natural,2663 cm³,4 em linha,TD27,Único no bloco,92 mm,96 mm,Longitudinal,Dianteiro,"21,5 kg/cv","96,0 kg/kgfm","29,7 cv/litro",,"21,9:1",,,"6,6 kgfm/litro",,2,1710 mm,1425 mm,1385 mm,4365 mm,2650 mm,1690 mm,1700 kg,385 litros,80 litros,161 mm,Disco ventilado,Tambor,Hidráulica,"10,8 m","Indep., braços sobrepostos",Mola helicoidal,Eixo rígido,,,,,,4300 rpm,2200 rpm,,,,,,235/75 R15,"2,46 m²","1,181 m²","0,48",,580 kg,,,,220 mm,,,79 cv,,"17,7 kgfm",,,,,,,,720 km,560 km,9 km/l,7 km/l,,,,500 kg,,2000 kg,,,,,,,,,,,,,,,,,,,,
nissan,Pathfinder,pathfinder,pathfinder-se-3-0-v6-1995,pathfinder-se-3-0-v6-1995,https://www.fichacompleta.com.br/carros/nissan/pathfinder-se-3-0-v6-1995,2026-06-15T16:01:11.296377,Nissan Pathfinder SE 3.0 V6 1995,14 s,160 km/h,Conversor de torque,Automático,,,Integral temporária,Injeção multiponto,Natural,2960 cm³,6 em V,,"Único no cabeçote, correia dentada",83 mm,87 mm,Longitudinal,Dianteiro,"12,1 kg/cv","71,9 kg/kgfm","50,0 cv/litro",148 cv a 4600 rpm,9:1,,,"8,4 kgfm/litro","24,9 kgfm a 4000 rpm",2,1710 mm,1455 mm,1440 mm,4365 mm,2650 mm,1765 mm,1790 kg,385 litros,80 litros,176 mm,Disco ventilado,Tambor,Hidráulica,,"Independente, braços sobrepostos",Mola helicoidal,Eixo rígido,656 km,520 km,"8,2 km/l","6,5 km/l",4,,,"10,8 m",,,,,235/75 R15,,,,,,,,,210 mm,,,,,,,,,,,,,,,,,,,,,,,,,,,,,,,,,,,,,,,,,,
nissan,Pathfinder,pathfinder,pathfinder-xe-2-7-turbo-1995,pathfinder-xe-2-7-turbo-1995,https://www.fichacompleta.com.br/carros/nissan/pathfinder-xe-2-7-turbo-1995,2026-06-15T16:01:13.810855,Nissan Pathfinder XE 2.7 Turbo 1995,23 s,135 km/h,Embreagem monodisco a seco,Manual,,5,Integral temporária,Injeção indireta,Natural,2663 cm³,4 em linha,TD27,Único no bloco,92 mm,96 mm,Longitudinal,Dianteiro,"21,5 kg/cv","96,0 kg/kgfm","29,7 cv/litro",79 cv,"21,9:1",4300 rpm,2200 rpm,"6,6 kgfm/litro","17,7 kgfm",2,1710 mm,1425 mm,1385 mm,4365 mm,2650 mm,1690 mm,1700 kg,385 litros,80 litros,161 mm,Disco ventilado,Tambor,Hidráulica,"10,8 m","Indep., braços sobrepostos",Mola helicoidal,Eixo rígido,,,,,,,,,,,,,235/75 R15,"2,46 m²","1,181 m²","0,48",,580 kg,,,,220 mm,,,,,,,,,,,,,720 km,560 km,9 km/l,7 km/l,,,,500 kg,,2000 kg,,,,,,,,,,,,,,,,,,,,
nissan,Pathfinder,pathfinder,pathfinder-se-3-3-v6-1996,pathfinder-se-3-3-v6-1996,https://www.fichacompleta.com.br/carros/nissan/pathfinder-se-3-3-v6-1996,2026-06-15T16:01:16.509726,Nissan Pathfinder SE 3.3 V6 1996,"13,7 s","158,9 km/h",Conversor de torque,Automático,,4,Integral temporária,Injeção multiponto,Natural,3274 cm³,6 em V,VG33E,Único no cabeçote,83 mm,"91,5 mm",Longitudinal,Dianteiro,"11,0 kg/cv","69,2 kg/kgfm","51,9 cv/litro",170 cv,"8,9:1",,,"8,3 kgfm/litro","27,1 kgfm",2,1700 mm,,,4530 mm,2700 mm,1840 mm,1875 kg,385 litros,80 litros,186 mm,Disco ventilado,Tambor,Hidráulica,"10,8 m","Indep., McPherson",Mola helicoidal,Eixo rígido,624 km,608 km,"7,8 km/l","7,6 km/l",4,4800 rpm,2800 rpm,"10,8 m",,,,,265/70 R15,,,,,,,,,,,,,,,,,,,,,,,,,,,,,,,,,,,,,,,,,,,,,,,,,,,
nissan,Pathfinder,pathfinder,pathfinder-se-3-3-v6-1997,pathfinder-se-3-3-v6-1997,https://www.fichacompleta.com.br/carros/nissan/pathfinder-se-3-3-v6-1997,2026-06-15T16:01:20.771967,Nissan Pathfinder SE 3.3 V6 1997,"13,7 s",159 km/h,Conversor de torque,Automático,,4,Integral temporária,Injeção multiponto,Natural,3274 cm³,6 em V,VG33E,Único no cabeçote,83 mm,"91,5 mm",Longitudinal,Dianteiro,"11,0 kg/cv","69,2 kg/kgfm","51,9 cv/litro",170 cv,"8,9:1",4800 rpm,2800 rpm,"8,3 kgfm/litro","27,1 kgfm",2,1700 mm,,,4530 mm,2700 mm,1840 mm,1875 kg,385 litros,80 litros,186 mm,Disco ventilado,Tambor,Hidráulica,"10,8 m","Indep., McPherson",Mola helicoidal,Eixo rígido,624 km,608 km,"7,8 km/l","7,6 km/l",,,,,,,,,265/70 R15,,,,,,,,,,,,,,,,,,,,,,,,,,,,,,,,,,,,,,,,,,,,,,,,,,,
nissan,Pathfinder,pathfinder,pathfinder-se-3-3-v6-1998,pathfinder-se-3-3-v6-1998,https://www.fichacompleta.com.br/carros/nissan/pathfinder-se-3-3-v6-1998,2026-06-15T16:01:24.947706,Nissan Pathfinder SE 3.3 V6 1998,"13,7 s",159 km/h,,Automático,,,Integral temporária,Injeção multiponto,Natural,3274 cm³,6 em V,VG33E,Único no cabeçote,,,Longitudinal,Dianteiro,"11,0 kg/cv","69,2 kg/kgfm","51,9 cv/litro",170 cv a 4800 rpm,"8,9:1",,,"8,3 kgfm/litro","27,1 kgfm a 2800 rpm",2,1700 mm,,,4530 mm,2700 mm,1840 mm,1875 kg,385 litros,80 litros,186 mm,Disco ventilado,Tambor,Hidráulica,,"Independente, McPherson",Mola helicoidal,Eixo rígido,624 km,608 km,"7,8 km/l","7,6 km/l",4,,,"10,8 m",83 mm,"91,5 mm",,,,,,,,,,,,,,,,,,,,,,,,,,,,,,,,,,,,,,,,,,,,,,,,,,,,,,
nissan,Pathfinder,pathfinder,pathfinder-se-3-3-v6-1999,pathfinder-se-3-3-v6-1999,https://www.fichacompleta.com.br/carros/nissan/pathfinder-se-3-3-v6-1999,2026-06-15T16:01:29.146116,Nissan Pathfinder SE 3.3 V6 1999,"13,7 s",159 km/h,Conversor de torque,Automático,,4,Integral temporária,Injeção multiponto,Natural,3274 cm³,6 em V,VG33E,Único no cabeçote,83 mm,"91,5 mm",Longitudinal,Dianteiro,"11,0 kg/cv","69,2 kg/kgfm","51,9 cv/litro",170 cv,"8,9:1",4800 rpm,2800 rpm,"8,3 kgfm/litro","27,1 kgfm",2,1700 mm,,,4530 mm,2700 mm,1840 mm,1875 kg,385 litros,80 litros,186 mm,Disco ventilado,Tambor,Hidráulica,"10,8 m","Indep., McPherson",Mola helicoidal,Eixo rígido,624 km,608 km,"7,8 km/l","7,6 km/l",,,,,,,,,265/70 R15,,,,,,,,,,,,,,,,,,,,,,,,,,,,,,,,,,,,,,,,,,,,,,,,,,,
nissan,Pathfinder,pathfinder,pathfinder-se-3-3-v6-2000,pathfinder-se-3-3-v6-2000,https://www.fichacompleta.com.br/carros/nissan/pathfinder-se-3-3-v6-2000,2026-06-15T16:01:33.214352,Nissan Pathfinder SE 3.3 V6 2000,"13,7 s",160 km/h,Conversor de torque,Automático,,4,Integral temporária,Injeção multiponto,Natural,3274 cm³,6 em V,VG33E,Único no cabeçote,83 mm,"91,5 mm",Longitudinal,Dianteiro,"10,9 kg/cv","68,3 kg/kgfm","51,9 cv/litro",,"8,9:1",,,"8,3 kgfm/litro",,2,1725 mm,,,4640 mm,2700 mm,1820 mm,1852 kg,435 litros,80 litros,166 mm,Disco ventilado,Tambor,Hidráulica,"11,4 m","Indep., McPherson",Mola helicoidal,Eixo rígido,624 km,608 km,"7,8 km/l","7,6 km/l",,4800 rpm,2800 rpm,,,,,,255/65 R16,,,,,,,33 graus,28 graus,210 mm,,,170 cv,,"27,1 kgfm",,,,,,,,,,,,,,,,,,,,,,,,,,,,,,,,,,,,,
nissan,Pathfinder,pathfinder,pathfinder-se-3-3-v6-2001,pathfinder-se-3-3-v6-2001,https://www.fichacompleta.com.br/carros/nissan/pathfinder-se-3-3-v6-2001,2026-06-15T16:01:35.712584,Nissan Pathfinder SE 3.3 V6 2001,"13,7 s",160 km/h,Conversor de torque,Automático,,,Integral temporária,Injeção multiponto,Natural,3274 cm³,6 em V,VG33E,Único no cabeçote,83 mm,"91,5 mm",Longitudinal,Dianteiro,"10,9 kg/cv","68,3 kg/kgfm","51,9 cv/litro",170 cv a 4800 rpm,"8,9:1",,,"8,3 kgfm/litro","27,1 kgfm a 2800 rpm",2,1725 mm,,,4640 mm,2700 mm,1820 mm,1852 kg,435 litros,80 litros,166 mm,Disco ventilado,Tambor,Hidráulica,,"Independente, McPherson",Mola helicoidal,Eixo rígido,624 km,608 km,"7,8 km/l","7,6 km/l",4,,,"11,4 m",,,,,255/65 R16,,,,,,,33 graus,28 graus,210 mm,,,,,,,,,,,,,,,,,,,,,,,,,,,,,,,,,,,,,,,,,,
nissan,Pathfinder,pathfinder,pathfinder-se-3-5-v6-2002,pathfinder-se-3-5-v6-2002,https://www.fichacompleta.com.br/carros/nissan/pathfinder-se-3-5-v6-2002,2026-06-15T16:01:39.035890,Nissan Pathfinder SE 3.5 V6 2002,"10,3 s",180 km/h,,Automático,,,Integral temporária,Injeção multiponto,Natural,3500 cm³,6 em V,VQ35DE,Duplo no cabeçote,,,Longitudinal,Dianteiro,"7,7 kg/cv","50,7 kg/kgfm","69,4 cv/litro",243 cv a 6000 rpm,10:1,,,"10,5 kgfm/litro","36,7 kgfm a 3200 rpm",4,1750 mm,1520 mm,1525 mm,4640 mm,2700 mm,1820 mm,1860 kg,435 litros,80 litros,166 mm,255/65 R17,Tambor,Hidráulica,,"Independente, McPherson",Mola helicoidal,Eixo rígido,656 km,512 km,"8,2 km/l","6,4 km/l",4,,,"11,4 m","81,4 mm","95,5 mm",,Admissão,,"2,71 m²",,,"0,45",540 kg,,33 graus,28 graus,,,,,,,,,,,,,,,,,,,,,750 kg,,2300 kg,,,,,,,,,,,,,,,,,,,,
nissan,Pathfinder,pathfinder,pathfinder-se-3-5-v6-2003,pathfinder-se-3-5-v6-2003,https://www.fichacompleta.com.br/carros/nissan/pathfinder-se-3-5-v6-2003,2026-06-15T16:01:43.549047,Nissan Pathfinder SE 3.5 V6 2003,"10,3 s",180 km/h,Conversor de torque,Automático,,4,Integral temporária,Injeção multiponto,Natural,3500 cm³,6 em V,VQ35DE,Duplo no cabeçote,"81,4 mm","95,5 mm",Longitudinal,Dianteiro,"7,7 kg/cv","50,7 kg/kgfm","69,4 cv/litro",243 cv,10:1,6000 rpm,3200 rpm,"10,5 kgfm/litro","36,7 kgfm",4,1750 mm,1520 mm,1525 mm,4640 mm,2700 mm,1820 mm,1860 kg,435 litros,80 litros,166 mm,Disco ventilado,Tambor,Hidráulica,"11,4 m","Indep., McPherson",Mola helicoidal,Eixo rígido,656 km,512 km,"8,2 km/l","6,4 km/l",,,,,,,,Admissão,255/65 R17,"2,71 m²","1,220 m²","0,45",,540 kg,,33 graus,28 graus,,,,,,,,,,,,,,,,,,,,,750 kg,,2300 kg,,,,,,,,,,,,,,,,,,,,
nissan,Pathfinder,pathfinder,pathfinder-se-3-5-v6-2004,pathfinder-se-3-5-v6-2004,https://www.fichacompleta.com.br/carros/nissan/pathfinder-se-3-5-v6-2004,2026-06-15T16:01:47.118109,Nissan Pathfinder SE 3.5 V6 2004,"10,3 s",180 km/h,Conversor de torque,Automático,,4,Integral temporária,Injeção multiponto,Natural,3500 cm³,6 em V,VQ35DE,Duplo no cabeçote,"81,4 mm","95,5 mm",Longitudinal,Dianteiro,"7,7 kg/cv","50,7 kg/kgfm","69,4 cv/litro",243 cv,10:1,6000 rpm,3200 rpm,"10,5 kgfm/litro","36,7 kgfm",4,1750 mm,1520 mm,1525 mm,4640 mm,2700 mm,1820 mm,1860 kg,435 litros,80 litros,166 mm,Disco ventilado,Tambor,Hidráulica,"11,4 m","Indep., McPherson",Mola helicoidal,Eixo rígido,656 km,512 km,"8,2 km/l","6,4 km/l",,,,,,,,Admissão,255/65 R17,"2,71 m²","1,220 m²","0,45",,540 kg,,33 graus,28 graus,,,,,,,,,,,,,,,,,,,,,750 kg,,2300 kg,,,,,,,,,,,,,,,,,,,,
nissan,Pathfinder,pathfinder,pathfinder-se-3-5-v6-2005,pathfinder-se-3-5-v6-2005,https://www.fichacompleta.com.br/carros/nissan/pathfinder-se-3-5-v6-2005,2026-06-15T16:01:49.812048,Nissan Pathfinder SE 3.5 V6 2005,"10,3 s",180 km/h,Conversor de torque,Automático,,4,Integral temporária,Injeção multiponto,Natural,3500 cm³,6 em V,VQ35DE,Duplo no cabeçote,"81,4 mm","95,5 mm",Longitudinal,Dianteiro,"7,7 kg/cv","50,7 kg/kgfm","69,4 cv/litro",243 cv,10:1,6000 rpm,3200 rpm,"10,5 kgfm/litro","36,7 kgfm",4,1750 mm,1520 mm,1525 mm,4640 mm,2700 mm,1820 mm,1860 kg,435 litros,80 litros,166 mm,Disco ventilado,Tambor,Hidráulica,"11,4 m","Indep., McPherson",Mola helicoidal,Eixo rígido,656 km,512 km,"8,2 km/l","6,4 km/l",,,,,,,,Admissão,255/65 R17,"2,71 m²","1,220 m²","0,45",,540 kg,,33 graus,28 graus,,,,,,,,,,,,,,,,,,,,,750 kg,,2300 kg,,,,,,,,,,,,,,,,,,,,
nissan,Pathfinder,pathfinder,pathfinder-le-2-5-turbo-2006,pathfinder-le-2-5-turbo-2006,https://www.fichacompleta.com.br/carros/nissan/pathfinder-le-2-5-turbo-2006,2026-06-15T16:01:52.687874,Nissan Pathfinder LE 2.5 Turbo 2006,"12,5 s",174 km/h,Conversor de torque,Automático,RE5R05A,5,Integral temporária,Injeção direta,Turbocompressor,2488 cm³,4 em linha,YD25DDTi,Duplo no cabeçote,100 mm,89 mm,Longitudinal,Dianteiro,"12,9 kg/cv","54,7 kg/kgfm","69,9 cv/litro",174 cv,"16,5:1",,,"16,5 kgfm/litro","41,1 kgfm",4,1865 mm,1570 mm,1570 mm,4740 mm,2850 mm,1859 mm,2250 kg,,80 litros,166 mm,Disco ventilado,Disco ventilado,Hidráulica,"11,9 m","Indep., braços sobrepostos",Mola helicoidal,"Indep., multibraço",,,,,5,4000 rpm,2000 rpm,"11,9 m",,,Corrente,,255/65 R17,"2,95 m²","1,121 m²","0,38","0,38",,,33 graus,26 graus,254 mm,,,,,,,,,,,,,904 km,648 km,"11,3 km/l","8,1 km/l",,,,750 kg,,3000 kg,,,,,,,,,,,,,,,,,450 litros,190 litros,450 litros,190 litros
nissan,Pathfinder,pathfinder,pathfinder-le-4-0-v6-2006,pathfinder-le-4-0-v6-2006,https://www.fichacompleta.com.br/carros/nissan/pathfinder-le-4-0-v6-2006,2026-06-15T16:01:55.935952,Nissan Pathfinder LE 4.0 V6 2006,"8,8 s",190 km/h,Conversor de torque,Automático,RE5R05A,5,Integral temporária,Injeção multiponto,Natural,3954 cm³,6 em V,VQ40DE,Duplo no cabeçote,92 mm,"95,5 mm",Longitudinal,Dianteiro,"7,9 kg/cv","53,2 kg/kgfm","67,3 cv/litro",266 cv,"9,7:1",,,"9,9 kgfm/litro","39,3 kgfm",4,1865 mm,1570 mm,1570 mm,4740 mm,2850 mm,1859 mm,2091 kg,,80 litros,166 mm,Disco ventilado,Disco ventilado,Hidráulica,"11,9 m","Indep., braços sobrepostos",Mola helicoidal,"Indep., multibraço",712 km,504 km,"8,9 km/l","6,3 km/l",5,5600 rpm,4000 rpm,"11,9 m",,,Corrente,,255/65 R17,"2,95 m²","1,121 m²","0,38","0,38",,,33 graus,26 graus,254 mm,,,,,,,,,,,,,,,,,,,,750 kg,,3000 kg,,,,,,,,,,,,,,,,,450 litros,190 litros,450 litros,190 litros
nissan,Pathfinder,pathfinder,pathfinder-le-2-5-turbo-2007,pathfinder-le-2-5-turbo-2007,https://www.fichacompleta.com.br/carros/nissan/pathfinder-le-2-5-turbo-2007,2026-06-15T16:02:00.663680,Nissan Pathfinder LE 2.5 Turbo 2007,"12,5 s",174 km/h,Conversor de torque,Automático,RE5R05A,5,Integral temporária,Injeção direta,Turbocompressor,2488 cm³,4 em linha,YD25DDTi,Duplo no cabeçote,100 mm,89 mm,Longitudinal,Dianteiro,"12,9 kg/cv","54,7 kg/kgfm","69,9 cv/litro",174 cv,"16,5:1",4000 rpm,2000 rpm,"16,5 kgfm/litro","41,1 kgfm",4,1865 mm,1570 mm,1570 mm,4740 mm,2850 mm,1859 mm,2250 kg,,80 litros,166 mm,Disco ventilado,Disco ventilado,Hidráulica,"11,9 m","Indep., braços sobrepostos",Mola helicoidal,"Indep., multibraço",,,,,,,,,,,Corrente,,255/65 R17,"2,95 m²","1,121 m²","0,38",,,,33 graus,26 graus,254 mm,,,,,,,,,,,,,904 km,648 km,"11,3 km/l","8,1 km/l",,,,750 kg,,3000 kg,,,,,,,,,,,,,,,,,450 litros,190 litros,,
nissan,Pathfinder,pathfinder,pathfinder-le-4-0-v6-2007,pathfinder-le-4-0-v6-2007,https://www.fichacompleta.com.br/carros/nissan/pathfinder-le-4-0-v6-2007,2026-06-15T16:02:04.551849,Nissan Pathfinder LE 4.0 V6 2007,"8,8 s",190 km/h,Conversor de torque,Automático,RE5R05A,,Integral temporária,Injeção multiponto,Natural,3954 cm³,6 em V,VQ40DE,Duplo no cabeçote,92 mm,"95,5 mm",Longitudinal,Dianteiro,"7,9 kg/cv","53,2 kg/kgfm","67,3 cv/litro",266 cv a 5600 rpm,"9,7:1",,,"9,9 kgfm/litro","39,3 kgfm a 4000 rpm",4,1865 mm,,,4740 mm,2850 mm,1850 mm,2091 kg,,80 litros,166 mm,Disco ventilado,Disco ventilado,Hidráulica,,"Independente, braços sobrepostos",Mola helicoidal,"Independente, multibraço",712 km,504 km,"8,9 km/l","6,3 km/l",5,,,"11,9 m",,,,,255/65 R17,"2,93 m²","1,113 m²",,"0,38",,,33 graus,26 graus,254 mm,,,,,,,,,,,,,,,,,,,,,,,,,,,,,,,,,,,,,,,,,450 litros,190 litros
nissan,Pathfinder,pathfinder,pathfinder-le-2-5-turbo-2008,pathfinder-le-2-5-turbo-2008,https://www.fichacompleta.com.br/carros/nissan/pathfinder-le-2-5-turbo-2008,2026-06-15T16:02:07.195643,Nissan Pathfinder LE 2.5 Turbo 2008,"12,5 s",174 km/h,Conversor de torque,Automático,RE5R05A,,Integral temporária,Injeção direta,Turbocompressor,2488 cm³,4 em linha,YD25DDTi,Duplo no cabeçote,100 mm,89 mm,Longitudinal,Dianteiro,"12,9 kg/cv","54,7 kg/kgfm","69,9 cv/litro",174 cv a 4000 rpm,"16,5:1",,,"16,5 kgfm/litro","41,1 kgfm a 2000 rpm",4,1865 mm,,,4740 mm,2850 mm,1850 mm,2250 kg,,80 litros,166 mm,Disco ventilado,Disco ventilado,Hidráulica,,"Independente, braços sobrepostos",Mola helicoidal,"Independente, multibraço",,,,,5,,,"11,9 m",,,,,255/65 R17,"2,93 m²","1,113 m²",,"0,38",,,33 graus,26 graus,254 mm,,,,,,,,,,,,,904 km,648 km,"11,3 km/l","8,1 km/l",,,,,,,,,,,,,,,,,,,,,,,,,450 litros,190 litros
nissan,Pathfinder,pathfinder,pathfinder-le-4-0-v6-2008,pathfinder-le-4-0-v6-2008,https://www.fichacompleta.com.br/carros/nissan/pathfinder-le-4-0-v6-2008,2026-06-15T16:02:09.770056,Nissan Pathfinder LE 4.0 V6 2008,"8,8 s",190 km/h,Conversor de torque,Automático,RE5R05A,5,Integral temporária,Injeção multiponto,Natural,3954 cm³,6 em V,VQ40DE,Duplo no cabeçote,92 mm,"95,5 mm",Longitudinal,Dianteiro,"7,9 kg/cv","53,2 kg/kgfm","67,3 cv/litro",266 cv,"9,7:1",5600 rpm,4000 rpm,"9,9 kgfm/litro","39,3 kgfm",4,1865 mm,1570 mm,1570 mm,4740 mm,2850 mm,1859 mm,2091 kg,,80 litros,166 mm,Disco ventilado,Disco ventilado,Hidráulica,"11,9 m","Indep., braços sobrepostos",Mola helicoidal,"Indep., multibraço",712 km,504 km,"8,9 km/l","6,3 km/l",,,,,,,Corrente,,255/65 R17,"2,95 m²","1,121 m²","0,38",,,,33 graus,26 graus,254 mm,,,,,,,,,,,,,,,,,,,,750 kg,,3000 kg,,,,,,,,,,,,,,,,,450 litros,190 litros,,
nissan,Pathfinder,pathfinder,pathfinder-se-2-5-turbo-2008,pathfinder-se-2-5-turbo-2008,https://www.fichacompleta.com.br/carros/nissan/pathfinder-se-2-5-turbo-2008,2026-06-15T16:02:12.770069,Nissan Pathfinder SE 2.5 Turbo 2008,"12,5 s",174 km/h,Conversor de torque,Automático,RE5R05A,5,Integral temporária,Injeção direta,Turbocompressor,2488 cm³,4 em linha,YD25DDTi,Duplo no cabeçote,100 mm,89 mm,Longitudinal,Dianteiro,"12,9 kg/cv","54,7 kg/kgfm","69,9 cv/litro",174 cv,"16,5:1",4000 rpm,2000 rpm,"16,5 kgfm/litro","41,1 kgfm",4,1865 mm,1570 mm,1570 mm,4740 mm,2850 mm,1859 mm,2250 kg,,80 litros,166 mm,Disco ventilado,Disco ventilado,Hidráulica,"11,9 m","Indep., braços sobrepostos",Mola helicoidal,"Indep., multibraço",,,,,,,,,,,Corrente,,255/65 R17,"2,95 m²","1,121 m²","0,38",,,,33 graus,26 graus,254 mm,,,,,,,,,,,,,904 km,648 km,"11,3 km/l","8,1 km/l",,,,750 kg,,3000 kg,,,,,,,,,,,,,,,,,450 litros,190 litros,,
nissan,Pathfinder,pathfinder,pathfinder-se-4-0-v6-2008,pathfinder-se-4-0-v6-2008,https://www.fichacompleta.com.br/carros/nissan/pathfinder-se-4-0-v6-2008,2026-06-15T16:02:17.374030,Nissan Pathfinder SE 4.0 V6 2008,"8,8 s",190 km/h,Conversor de torque,Automático,RE5R05A,5,Integral temporária,Injeção multiponto,Natural,,6 em V,VQ40DE,Duplo no cabeçote,92 mm,"95,5 mm",Longitudinal,Dianteiro,"7,86 kg/cv","53,2 kg/kgfm","67,3 cv/litro",266 cv,"9,7:1",5600 rpm,4000 rpm,"9,9 kgfm/litro","39,3 kgfm",4,1865 mm,1570 mm,1570 mm,4740 mm,2850 mm,1859 mm,2091 kg,,80 litros,166 mm,Disco ventilado,Disco ventilado,Hidráulica,"11,9 m","Indep., braços sobrepostos",Mola helicoidal,"Indep., multibraço",712 km,504 km,"8,9 km/l","6,3 km/l",,,,,,,Corrente,,255/65 R17,"2,95 m²","1,121 m²","0,38",,,,33 graus,26 graus,254 mm,,,,,,,,,,659 cm³,3954 cm³,,,,,,,,,750 kg,,3000 kg,,,,,,,,,,,,,,,,,450 litros,190 litros,,
nissan,Pathfinder,pathfinder,pathfinder-le-2-5-turbo-2009,pathfinder-le-2-5-turbo-2009,https://www.fichacompleta.com.br/carros/nissan/pathfinder-le-2-5-turbo-2009,2026-06-15T16:02:21.701732,Nissan Pathfinder LE 2.5 Turbo 2009,"12,5 s",174 km/h,Conversor de torque,Automático,RE5R05A,5,Integral temporária,Injeção direta,Turbocompressor,,4 em linha,YD25DDTi,Duplo no cabeçote,100 mm,89 mm,Longitudinal,Dianteiro,"12,93 kg/cv","54,7 kg/kgfm","69,9 cv/litro",174 cv,"16,5:1",4000 rpm,2000 rpm,"16,5 kgfm/litro","41,1 kgfm",4,1865 mm,1570 mm,1570 mm,4740 mm,2850 mm,1859 mm,2250 kg,,80 litros,166 mm,Disco ventilado,Disco ventilado,Hidráulica,"11,9 m","Indep., braços sobrepostos",Mola helicoidal,"Indep., multibraço",,,,,,,,,,,Corrente,,255/65 R17,"2,95 m²","1,121 m²","0,38",,,,33 graus,26 graus,254 mm,,,,,,,,,,622 cm³,2488 cm³,,904 km,648 km,"11,3 km/l","8,1 km/l",,,,750 kg,,3000 kg,,,,,,,,,,,,,,,,,450 litros,190 litros,,
nissan,Pathfinder,pathfinder,pathfinder-se-2-5-turbo-2009,pathfinder-se-2-5-turbo-2009,https://www.fichacompleta.com.br/carros/nissan/pathfinder-se-2-5-turbo-2009,2026-06-15T16:02:25.059994,Nissan Pathfinder SE 2.5 Turbo 2009,"12,5 s",174 km/h,Conversor de torque,Automático,RE5R05A,5,Integral temporária,Injeção direta,Turbocompressor,,4 em linha,YD25DDTi,Duplo no cabeçote,100 mm,89 mm,Longitudinal,Dianteiro,"12,93 kg/cv","54,7 kg/kgfm","69,9 cv/litro",174 cv,"16,5:1",4000 rpm,2000 rpm,"16,5 kgfm/litro","41,1 kgfm",4,1865 mm,1570 mm,1570 mm,4740 mm,2850 mm,1859 mm,2250 kg,,80 litros,166 mm,Disco ventilado,Disco ventilado,Hidráulica,"11,9 m","Indep., braços sobrepostos",Mola helicoidal,"Indep., multibraço",,,,,,,,,,,Corrente,,255/65 R17,"2,95 m²","1,121 m²","0,38",,,,33 graus,26 graus,254 mm,,,,,,,,,,622 cm³,2488 cm³,,904 km,648 km,"11,3 km/l","8,1 km/l",,,,750 kg,,3000 kg,,,,,,,,,,,,,,,,,450 litros,190 litros,,
nissan,Primera,primera,primera-gxe-2-0-1997,primera-gxe-2-0-1997,https://www.fichacompleta.com.br/carros/nissan/primera-gxe-2-0-1997,2026-06-15T16:02:43.307591,Nissan Primera GXE 2.0 1997,10 s,203 km/h,Embreagem monodisco a seco,Manual,,5,Dianteira,Injeção multiponto,Natural,1998 cm³,4 em linha,,Duplo no cabeçote,86 mm,86 mm,Transversal,Dianteiro,"8,2 kg/cv","65,2 kg/kgfm","72,6 cv/litro",145 cv,10:1,,,"9,1 kgfm/litro","18,2 kgfm",4,1400 mm,,,4460 mm,2600 mm,1690 mm,1186 kg,416 litros,60 litros,120 mm,Disco ventilado,Disco sólido,Hidráulica,Não informado,"Indep., braços sobrepostos",Mola helicoidal,"Indep., multibraço",642 km,540 km,"10,7 km/l",9 km/l,5,6000 rpm,4800 rpm,Não informado,,,,,,,,,,,,,,,,,,,,,,,,,,,,,,,,,,,,,,,,,,,,,,,,,,,,,,,,
nissan,Primera,primera,primera-gxe-2-0-at-1997,primera-gxe-2-0-at-1997,https://www.fichacompleta.com.br/carros/nissan/primera-gxe-2-0-at-1997,2026-06-15T16:02:46.515800,Nissan Primera GXE 2.0 AT 1997,"12,3 s",190 km/h,Conversor de torque,Automático,,4,Dianteira,Injeção multiponto,Natural,,4 em linha,SR20DE,Duplo no cabeçote,86 mm,86 mm,Transversal,Dianteiro,"8,48 kg/cv","67,5 kg/kgfm","72,6 cv/litro",145 cv,10:1,6000 rpm,4800 rpm,"9,1 kgfm/litro","18,2 kgfm",4,1400 mm,,,4460 mm,2600 mm,1690 mm,1229 kg,416 litros,60 litros,120 mm,Disco ventilado,Disco sólido,Hidráulica,Não informado,"Indep., braços sobrepostos",Mola helicoidal,"Indep., multibraço",582 km,480 km,"9,7 km/l",8 km/l,,,,,,,Corrente,,,,,,,,,,,,,,,,,,,,,500 cm³,1998 cm³,,,,,,,,,,,,,,,,,,,,,,,,,,,,,,,
nissan,Primera,primera,primera-gxe-2-0-1998,primera-gxe-2-0-1998,https://www.fichacompleta.com.br/carros/nissan/primera-gxe-2-0-1998,2026-06-15T16:02:50.806569,Nissan Primera GXE 2.0 1998,10 s,203 km/h,Embreagem monodisco a seco,Manual,,5,Dianteira,Injeção multiponto,Natural,1998 cm³,4 em linha,,Duplo no cabeçote,86 mm,86 mm,Transversal,Dianteiro,"8,2 kg/cv","65,2 kg/kgfm","72,6 cv/litro",145 cv,10:1,6000 rpm,4800 rpm,"9,1 kgfm/litro","18,2 kgfm",4,1400 mm,,,4460 mm,2600 mm,1690 mm,1186 kg,416 litros,60 litros,120 mm,Disco ventilado,Disco sólido,Hidráulica,Não informado,"Indep., braços sobrepostos",Mola helicoidal,"Indep., multibraço",642 km,540 km,"10,7 km/l",9 km/l,,,,,,,,,,,,,,,,,,,,,,,,,,,,,,,,,,,,,,,,,,,,,,,,,,,,,,,,,,,,
nissan,Primera,primera,primera-gxe-2-0-at-1998,primera-gxe-2-0-at-1998,https://www.fichacompleta.com.br/carros/nissan/primera-gxe-2-0-at-1998,2026-06-15T16:02:53.409912,Nissan Primera GXE 2.0 AT 1998,"12,3 s",190 km/h,Conversor de torque,Automático,,4,Dianteira,Injeção multiponto,Natural,1998 cm³,4 em linha,,Duplo no cabeçote,86 mm,86 mm,Transversal,Dianteiro,"8,5 kg/cv","67,5 kg/kgfm","72,6 cv/litro",145 cv,10:1,,,"9,1 kgfm/litro","18,2 kgfm",4,1400 mm,,,4460 mm,2600 mm,1690 mm,1229 kg,416 litros,60 litros,120 mm,Disco ventilado,Disco sólido,Hidráulica,Não informado,"Indep., braços sobrepostos",Mola helicoidal,"Indep., multibraço",582 km,480 km,"9,7 km/l",8 km/l,,6000 rpm,4800 rpm,,,,,,,,,,,,,,,,,,,,,,,,,,,,,,,,,,,,,,,,,,,,,,,,,,,,,,,,,
nissan,Primera,primera,primera-gxe-2-0-1999,primera-gxe-2-0-1999,https://www.fichacompleta.com.br/carros/nissan/primera-gxe-2-0-1999,2026-06-15T16:02:57.701738,Nissan Primera GXE 2.0 1999,"12,3 s",190 km/h,Conversor de torque,Automático,,4,Dianteira,Injeção multiponto,Natural,1998 cm³,4 em linha,,Duplo no cabeçote,86 mm,86 mm,Transversal,Dianteiro,"8,5 kg/cv","67,5 kg/kgfm","72,6 cv/litro",145 cv,10:1,6000 rpm,4800 rpm,"9,1 kgfm/litro","18,2 kgfm",4,1400 mm,,,4460 mm,2600 mm,1690 mm,1229 kg,416 litros,60 litros,120 mm,Disco ventilado,Disco sólido,Hidráulica,Não informado,"Indep., braços sobrepostos",Mola helicoidal,"Indep., multibraço",582 km,480 km,"9,7 km/l",8 km/l,,,,,,,,,,,,,,,,,,,,,,,,,,,,,,,,,,,,,,,,,,,,,,,,,,,,,,,,,,,,
nissan,Primera,primera,primera-gxe-2-0-2000,primera-gxe-2-0-2000,https://www.fichacompleta.com.br/carros/nissan/primera-gxe-2-0-2000,2026-06-15T16:03:00.258263,Nissan Primera GXE 2.0 2000,"12,3 s",190 km/h,Conversor de torque,Automático,,4,Dianteira,Injeção multiponto,Natural,1998 cm³,4 em linha,,Duplo no cabeçote,86 mm,86 mm,Transversal,Dianteiro,"8,5 kg/cv","67,5 kg/kgfm","72,6 cv/litro",145 cv,10:1,6000 rpm,4800 rpm,"9,1 kgfm/litro","18,2 kgfm",4,1400 mm,,,4460 mm,2600 mm,1690 mm,1229 kg,416 litros,60 litros,120 mm,Disco ventilado,Disco sólido,Hidráulica,Não informado,"Indep., braços sobrepostos",Mola helicoidal,"Indep., multibraço",582 km,480 km,"9,7 km/l",8 km/l,,,,,,,,,,,,,,,,,,,,,,,,,,,,,,,,,,,,,,,,,,,,,,,,,,,,,,,,,,,,
nissan,Quest,quest,quest-gxe-3-0-v6-1994,quest-gxe-3-0-v6-1994,https://www.fichacompleta.com.br/carros/nissan/quest-gxe-3-0-v6-1994,2026-06-15T16:03:19.027899,Nissan Quest GXE 3.0 V6 1994,"13,7 s",170 km/h,Conversor de torque,Automático,,,Dianteira,Injeção multiponto,Natural,2960 cm³,6 em V,,Único no cabeçote,,,Transversal,Dianteiro,"11,8 kg/cv","73,4 kg/kgfm","51,7 cv/litro",153 cv a 4800 rpm,9:1,,,"8,3 kgfm/litro","24,5 kgfm a 4400 rpm",2,1717 mm,1610 mm,1610 mm,4824 mm,2850 mm,1872 mm,1798 kg,,76 litros,151 mm,Disco ventilado,Disco sólido,Hidráulica,,"Independente, McPherson",Mola helicoidal,Eixo rígido,570 km,448 km,"7,5 km/l","5,9 km/l",4,,,"12,2 m",83 mm,87 mm,,,,"2,73 m²","0,983 m²",,"0,36",630 kg,,,,,,,,,,,,,,,,,,,,,,,,,,,,,,,,,,,,,,,,,,,,,400 litros,120 litros
nissan,Quest,quest,quest-gxe-3-0-v6-1995,quest-gxe-3-0-v6-1995,https://www.fichacompleta.com.br/carros/nissan/quest-gxe-3-0-v6-1995,2026-06-15T16:03:21.590655,Nissan Quest GXE 3.0 V6 1995,"13,7 s",170 km/h,Conversor de torque,Automático,,,Dianteira,Injeção multiponto,Natural,2960 cm³,6 em V,,Único no cabeçote,83 mm,87 mm,Transversal,Dianteiro,"11,8 kg/cv","73,4 kg/kgfm","51,7 cv/litro",153 cv a 4800 rpm,9:1,,,"8,3 kgfm/litro","24,5 kgfm a 4400 rpm",2,1717 mm,1610 mm,1610 mm,4824 mm,2850 mm,1872 mm,1798 kg,,76 litros,151 mm,Disco ventilado,Disco sólido,Hidráulica,,"Independente, McPherson",Mola helicoidal,Eixo rígido,570 km,448 km,"7,5 km/l","5,9 km/l",4,,,"12,2 m",,,,,,"2,73 m²","0,983 m²",,"0,36",630 kg,,,,,,,,,,,,,,,,,,,,,,,,,,,,,,,,,,,,,,,,,,,,,400 litros,120 litros
nissan,Quest,quest,quest-gxe-3-0-v6-1996,quest-gxe-3-0-v6-1996,https://www.fichacompleta.com.br/carros/nissan/quest-gxe-3-0-v6-1996,2026-06-15T16:03:24.379462,Nissan Quest GXE 3.0 V6 1996,"13,7 s",170 km/h,Conversor de torque,Automático,,4,Dianteira,Injeção multiponto,Natural,2960 cm³,6 em V,,Único no cabeçote,83 mm,87 mm,Transversal,Dianteiro,"11,8 kg/cv","73,4 kg/kgfm","51,7 cv/litro",153 cv,9:1,4800 rpm,4400 rpm,"8,3 kgfm/litro","24,5 kgfm",2,1717 mm,1610 mm,1610 mm,4824 mm,2850 mm,1872 mm,1798 kg,,76 litros,151 mm,Disco ventilado,Disco sólido,Hidráulica,"12,2 m","Indep., McPherson",Mola helicoidal,Eixo rígido,570 km,448 km,"7,5 km/l","5,9 km/l",,,,,,,,,,"2,73 m²","0,983 m²","0,36",,630 kg,,,,,,,,,,,,,,,,,,,,,,,,,,,,,,,,,,,,,,,,,,,400 litros,120 litros,,
nissan,Sentra,sentra,sentra-gxe-1-6-1991,sentra-gxe-1-6-1991,https://www.fichacompleta.com.br/carros/nissan/sentra-gxe-1-6-1991,2026-06-15T16:04:03.614904,Nissan Sentra GXE 1.6 1991,"12,1 s",169 km/h,Embreagem monodisco a seco,Manual,,,Dianteira,Injeção multiponto,Natural,1597 cm³,4 em linha,GA16DE,"Duplo no cabeçote, corrente",88 mm,76 mm,Transversal,Dianteiro,"10,0 kg/cv","68,8 kg/kgfm","68,9 cv/litro",110 cv a 6000 rpm,"9,5:1",,,"10,0 kgfm/litro",16 kgfm a 4000 rpm,4,1369 mm,1445 mm,1430 mm,4325 mm,2430 mm,1666 mm,1100 kg,378 litros,47 litros,123 mm,Disco ventilado,Tambor,Hidráulica,,"Independente, McPherson",Mola helicoidal,"Independente, McPherson",588 km,404 km,"12,5 km/l","8,6 km/l",5,,,"9,7 m",,,,,,"1,94 m²","0,679 m²",,"0,35",395 kg,,,,,,,,,,,,,,,,,,,,,,,,,,,,,,,,,,,,,,,,,,,,,,
nissan,Sentra,sentra,sentra-gxe-1-6-1994,sentra-gxe-1-6-1994,https://www.fichacompleta.com.br/carros/nissan/sentra-gxe-1-6-1994,2026-06-15T16:04:06.776085,Nissan Sentra GXE 1.6 1994,"12,1 s",169 km/h,,Manual,,,Dianteira,Injeção multiponto,Natural,1597 cm³,4 em linha,GA16DE,"Duplo no cabeçote, corrente",,,Transversal,Dianteiro,"10,0 kg/cv","68,8 kg/kgfm","68,9 cv/litro",110 cv a 6000 rpm,"9,5:1",,,"10,0 kgfm/litro",16 kgfm a 4000 rpm,4,1369 mm,1445 mm,1430 mm,4325 mm,2430 mm,1666 mm,1100 kg,378 litros,47 litros,123 mm,175/70 R13,Tambor,Hidráulica,,"Independente, McPherson",Mola helicoidal,"Independente, McPherson",588 km,404 km,"12,5 km/l","8,6 km/l",5,,,"9,7 m",88 mm,76 mm,,,,"1,94 m²",,,"0,35",395 kg,,,,,,,,,,,,,,,,,,,,,,,,,,,,,,,,,,,,,,,,,,,,,,
nissan,Sentra,sentra,sentra-gle-1-6-at-1995,sentra-gle-1-6-at-1995,https://www.fichacompleta.com.br/carros/nissan/sentra-gle-1-6-at-1995,2026-06-15T16:04:10.543898,Nissan Sentra GLE 1.6 AT 1995,12 s,170 km/h,Conversor de torque,Automático,,4,Dianteira,Injeção multiponto,Natural,1597 cm³,4 em linha,GA16DE,Duplo no cabeçote,88 mm,76 mm,Transversal,Dianteiro,"9,5 kg/cv","74,6 kg/kgfm","73,3 cv/litro",117 cv,"9,9:1",6000 rpm,4000 rpm,"9,3 kgfm/litro","14,9 kgfm",4,1384 mm,1471 mm,1435 mm,4321 mm,2535 mm,1692 mm,1112 kg,378 litros,50 litros,114 mm,Disco ventilado,Tambor,Hidráulica,"10,4 m","Indep., McPherson",Mola helicoidal,Eixo de torção,550 km,450 km,11 km/l,9 km/l,,,,,,,Corrente,,,"1,99 m²","0,657 m²","0,33",,,6900 rpm,,,,,,,,,,,,,,,,,,,,,,,454 kg,,,,,,,,,,,,,,,,,,,,,,
nissan,Sentra,sentra,sentra-gsx-1-6-1995,sentra-gsx-1-6-1995,https://www.fichacompleta.com.br/carros/nissan/sentra-gsx-1-6-1995,2026-06-15T16:04:14.714849,Nissan Sentra GSX 1.6 1995,"12,1 s",169 km/h,Embreagem monodisco a seco,Manual,,5,Dianteira,Injeção multiponto,Natural,1597 cm³,4 em linha,GA16DE,Duplo no cabeçote,88 mm,76 mm,Transversal,Dianteiro,"10,0 kg/cv","68,8 kg/kgfm","68,9 cv/litro",,"9,5:1",,,"10,0 kgfm/litro",,4,1369 mm,1445 mm,1430 mm,4325 mm,2430 mm,1666 mm,1100 kg,378 litros,47 litros,123 mm,Disco ventilado,Tambor,Hidráulica,"9,7 m","Indep., McPherson",Mola helicoidal,"Indep., McPherson",588 km,404 km,"12,5 km/l","8,6 km/l",,6000 rpm,4000 rpm,,,,Corrente,,,"1,94 m²","0,679 m²","0,35",,395 kg,,,,,,,110 cv,,16 kgfm,,,,,,,,,,,,,,,,,,,,,,,,,,,,,,,,,,,,,
nissan,Sentra,sentra,sentra-gsx-1-6-at-1995,sentra-gsx-1-6-at-1995,https://www.fichacompleta.com.br/carros/nissan/sentra-gsx-1-6-at-1995,2026-06-15T16:04:19.204609,Nissan Sentra GSX 1.6 AT 1995,13 s,164 km/h,Conversor de torque,Automático,,4,Dianteira,Injeção multiponto,Natural,1597 cm³,4 em linha,GA16DE,Duplo no cabeçote,88 mm,76 mm,Transversal,Dianteiro,"10,4 kg/cv","71,3 kg/kgfm","68,9 cv/litro",,"9,5:1",,,"10,0 kgfm/litro",,4,1369 mm,1445 mm,1430 mm,4325 mm,2430 mm,1666 mm,1140 kg,378 litros,47 litros,123 mm,Disco ventilado,Tambor,Hidráulica,"9,7 m","Indep., McPherson",Mola helicoidal,"Indep., McPherson",517 km,385 km,11 km/l,"8,2 km/l",,6000 rpm,4000 rpm,,,,Corrente,,,"1,94 m²","0,679 m²","0,35",,395 kg,,,,,,,110 cv,,16 kgfm,,,,,,,,,,,,,,,,,,,,,,,,,,,,,,,,,,,,,
nissan,Sentra,sentra,sentra-gxe-1-8-2005,sentra-gxe-1-8-2005,https://www.fichacompleta.com.br/carros/nissan/sentra-gxe-1-8-2005,2026-06-15T16:04:22.482524,Nissan Sentra GXE 1.8 2005,13 s,175 km/h,Conversor de torque,Automático,,4,Dianteira,Injeção multiponto,Natural,1769 cm³,4 em linha,,Duplo no cabeçote,88 mm,80 mm,Transversal,Dianteiro,"10,5 kg/cv","76,6 kg/kgfm","65,0 cv/litro",115 cv,"9,5:1",,,"8,9 kgfm/litro","15,8 kgfm",4,1480 mm,,,4510 mm,2530 mm,1710 mm,1211 kg,328 litros,50 litros,117 mm,Disco ventilado,Tambor,Hidráulica,"10,2 m","Indep., McPherson",Mola helicoidal,Eixo de torção,610 km,420 km,"12,2 km/l","8,4 km/l",4,5600 rpm,4400 rpm,"10,2 m",,,,,,,,,,,,,,,,,,,,,,,,,,,,,,,,,,,,,,,,,,,,,,,,,,,,,,,,
nissan,Sentra,sentra,sentra-gxe-1-8-2006,sentra-gxe-1-8-2006,https://www.fichacompleta.com.br/carros/nissan/sentra-gxe-1-8-2006,2026-06-15T16:04:27.430763,Nissan Sentra GXE 1.8 2006,13 s,175 km/h,Conversor de torque,Automático,,,Dianteira,Injeção multiponto,Natural,1769 cm³,4 em linha,,Duplo no cabeçote,88 mm,80 mm,Transversal,Dianteiro,"10,5 kg/cv","76,6 kg/kgfm","65,0 cv/litro",115 cv a 5600 rpm,"9,5:1",,,"8,9 kgfm/litro","15,8 kgfm a 4400 rpm",4,1480 mm,,,4510 mm,2530 mm,1710 mm,1211 kg,328 litros,50 litros,117 mm,Disco ventilado,Tambor,Hidráulica,,"Independente, McPherson",Mola helicoidal,Eixo de torção,610 km,420 km,"12,2 km/l","8,4 km/l",4,,,"10,2 m",,,,,,,,,,,,,,,,,,,,,,,,,,,,,,,,,,,,,,,,,,,,,,,,,,,,,,,,
nissan,Sentra,sentra,sentra-gxe-1-8-2007,sentra-gxe-1-8-2007,https://www.fichacompleta.com.br/carros/nissan/sentra-gxe-1-8-2007,2026-06-15T16:04:31.015475,Nissan Sentra GXE 1.8 2007,13 s,175 km/h,Conversor de torque,Automático,,,Dianteira,Injeção multiponto,Natural,1769 cm³,4 em linha,,Duplo no cabeçote,88 mm,80 mm,Transversal,Dianteiro,"10,5 kg/cv","76,6 kg/kgfm","65,0 cv/litro",115 cv a 5600 rpm,"9,5:1",,,"8,9 kgfm/litro","15,8 kgfm a 4400 rpm",4,1480 mm,,,4510 mm,2530 mm,1710 mm,1211 kg,328 litros,50 litros,117 mm,Disco ventilado,Tambor,Hidráulica,,"Independente, McPherson",Mola helicoidal,Eixo de torção,610 km,420 km,"12,2 km/l","8,4 km/l",4,,,"10,2 m",,,,,,,,,,,,,,,,,,,,,,,,,,,,,,,,,,,,,,,,,,,,,,,,,,,,,,,,
nissan,Sentra,sentra,sentra-2-0-2008,sentra-2-0-2008,https://www.fichacompleta.com.br/carros/nissan/sentra-2-0-2008,2026-06-15T16:04:33.975664,Nissan Sentra 2.0 2008,"9,5 s",194 km/h,Embreagem monodisco a seco,Manual,,6,Dianteira,Injeção multiponto,Natural,1997 cm³,4 em linha,MR20DE,Duplo no cabeçote,"90,1 mm",84 mm,Transversal,Dianteiro,"9,2 kg/cv","64,3 kg/kgfm","71,1 cv/litro",142 cv,"9,7:1",,,"10,2 kgfm/litro","20,3 kgfm",4,1512 mm,1520 mm,1540 mm,4567 mm,2685 mm,1790 mm,1305 kg,442 litros,55 litros,123 mm,Disco ventilado,Tambor,Elétrica,"10,8 m","Indep., McPherson",Mola helicoidal,Eixo de torção,677 km,501 km,"12,3 km/l","9,1 km/l",,5500 rpm,4800 rpm,,,,Corrente,Admissão,,"2,3 m²","0,782 m²","0,34",,,,,,,,,,,,,,,,,,,,,,,,,,,,,,Mecânicos,,,,,,,,,,,,,,,,,,
nissan,Sentra,sentra,sentra-2-0-at-2008,sentra-2-0-at-2008,https://www.fichacompleta.com.br/carros/nissan/sentra-2-0-at-2008,2026-06-15T16:04:37.740204,Nissan Sentra 2.0 AT 2008,"10,4 s",188 km/h,Conversor de torque,CVT,Jatco X-Tronic,,Dianteira,Injeção multiponto,Natural,1997 cm³,4 em linha,MR20DE,"Duplo no cabeçote, corrente","90,1 mm",84 mm,Transversal,Dianteiro,"9,5 kg/cv","66,3 kg/kgfm","71,1 cv/litro",142 cv a 5500 rpm,"9,7:1",,,"10,2 kgfm/litro","20,3 kgfm a 4800 rpm",4,1512 mm,1520 mm,1540 mm,4567 mm,2685 mm,1790 mm,1345 kg,442 litros,55 litros,123 mm,Disco ventilado,Tambor,Elétrica,,"Independente, McPherson",Mola helicoidal,Eixo de torção,666 km,501 km,"12,1 km/l","9,1 km/l",,,,"10,8 m",,,,Admissão,,"2,3 m²","0,782 m²",,"0,34",,,,,,,,,,,,,,,,,,,,,,,,,,,,,Mecânicos,,,,,,,,,,,,,,,,,,
nissan,Sentra,sentra,sentra-s-2-0-2008,sentra-s-2-0-2008,https://www.fichacompleta.com.br/carros/nissan/sentra-s-2-0-2008,2026-06-15T16:04:41.794842,Nissan Sentra S 2.0 2008,"9,5 s",194 km/h,Embreagem monodisco a seco,Manual,,,Dianteira,Injeção multiponto,Natural,1997 cm³,4 em linha,MR20DE,"Duplo no cabeçote, corrente","90,1 mm",84 mm,Transversal,Dianteiro,"9,3 kg/cv","65,3 kg/kgfm","71,1 cv/litro",142 cv a 5500 rpm,"9,7:1",,,"10,2 kgfm/litro","20,3 kgfm a 4800 rpm",4,1512 mm,1520 mm,1540 mm,4567 mm,2685 mm,1790 mm,1325 kg,442 litros,55 litros,113 mm,Disco ventilado,Tambor,Elétrica,,"Independente, McPherson",Mola helicoidal,Eixo de torção,677 km,501 km,"12,3 km/l","9,1 km/l",6,,,"10,8 m",,,,Admissão,,"2,3 m²","0,782 m²",,"0,34",,,,,,,,,,,,,,,,,,,,,,,,,,,,,Mecânicos,,,,,,,,,,,,,,,,,,
nissan,Sentra,sentra,sentra-s-2-0-at-2008,sentra-s-2-0-at-2008,https://www.fichacompleta.com.br/carros/nissan/sentra-s-2-0-at-2008,2026-06-15T16:04:46.574178,Nissan Sentra S 2.0 AT 2008,"10,4 s",188 km/h,Conversor de torque,CVT,Jatco X-Tronic,,Dianteira,Injeção multiponto,Natural,1997 cm³,4 em linha,MR20DE,Duplo no cabeçote,"90,1 mm",84 mm,Transversal,Dianteiro,"9,5 kg/cv","66,3 kg/kgfm","71,1 cv/litro",142 cv,"9,7:1",,,"10,2 kgfm/litro","20,3 kgfm",4,1512 mm,1520 mm,1540 mm,4567 mm,2685 mm,1790 mm,1345 kg,442 litros,55 litros,113 mm,Disco ventilado,Tambor,Elétrica,"10,8 m","Indep., McPherson",Mola helicoidal,Eixo de torção,666 km,501 km,"12,1 km/l","9,1 km/l",,5500 rpm,4800 rpm,"10,8 m",,,Corrente,Admissão,,"2,3 m²","0,782 m²","0,34","0,34",,,,,,,,,,,,,,,,,,,,,,,,,,,,,Mecânicos,,,,,,,,,,,,,,,,,,
nissan,Sentra,sentra,sentra-sl-2-0-at-2008,sentra-sl-2-0-at-2008,https://www.fichacompleta.com.br/carros/nissan/sentra-sl-2-0-at-2008,2026-06-15T16:04:50.986707,Nissan Sentra SL 2.0 AT 2008,"10,4 s",188 km/h,Conversor de torque,CVT,Jatco X-Tronic,,Dianteira,Injeção multiponto,Natural,1997 cm³,4 em linha,MR20DE,"Duplo no cabeçote, corrente","90,1 mm",84 mm,Transversal,Dianteiro,"9,5 kg/cv","66,3 kg/kgfm","71,1 cv/litro",142 cv a 5500 rpm,"9,7:1",,,"10,2 kgfm/litro","20,3 kgfm a 4800 rpm",4,1512 mm,1520 mm,1540 mm,4567 mm,2685 mm,1790 mm,1345 kg,442 litros,55 litros,113 mm,Disco ventilado,Tambor,Elétrica,,"Independente, McPherson",Mola helicoidal,Eixo de torção,666 km,501 km,"12,1 km/l","9,1 km/l",,,,"10,8 m",,,,Admissão,,"2,3 m²","0,782 m²",,"0,34",,,,,,,,,,,,,,,,,,,,,,,,,,,,,Mecânicos,,,,,,,,,,,,,,,,,,
nissan,Sentra,sentra,sentra-2-0-2009,sentra-2-0-2009,https://www.fichacompleta.com.br/carros/nissan/sentra-2-0-2009,2026-06-15T16:04:53.536953,Nissan Sentra 2.0 2009,"9,5 s",194 km/h,Embreagem monodisco a seco,Manual,,,Dianteira,Injeção multiponto,Natural,1997 cm³,4 em linha,MR20DE,"Duplo no cabeçote, corrente","90,1 mm",84 mm,Transversal,Dianteiro,"9,2 kg/cv","64,3 kg/kgfm","71,1 cv/litro",142 cv a 5500 rpm,"9,7:1",,,"10,2 kgfm/litro","20,3 kgfm a 4800 rpm",4,1512 mm,1520 mm,1540 mm,4567 mm,2685 mm,1790 mm,1305 kg,442 litros,55 litros,123 mm,Disco ventilado,Tambor,Elétrica,,"Independente, McPherson",Mola helicoidal,Eixo de torção,677 km,501 km,"12,3 km/l","9,1 km/l",6,,,"10,8 m",,,,Admissão,,"2,3 m²","0,782 m²",,"0,34",,,,,,,,,,,,,,,,,,,,,,,,,,,,,Mecânicos,,,,,,,,,,,,,,,,,,
nissan,Sentra,sentra,sentra-2-0-at-2009,sentra-2-0-at-2009,https://www.fichacompleta.com.br/carros/nissan/sentra-2-0-at-2009,2026-06-15T16:04:57.959659,Nissan Sentra 2.0 AT 2009,"10,4 s",188 km/h,Conversor de torque,CVT,Jatco X-Tronic,,Dianteira,Injeção multiponto,Natural,1997 cm³,4 em linha,MR20DE,"Duplo no cabeçote, corrente","90,1 mm",84 mm,Transversal,Dianteiro,"9,5 kg/cv","66,3 kg/kgfm","71,1 cv/litro",142 cv a 5500 rpm,"9,7:1",,,"10,2 kgfm/litro","20,3 kgfm a 4800 rpm",4,1512 mm,1520 mm,1540 mm,4567 mm,2685 mm,1790 mm,1345 kg,442 litros,55 litros,123 mm,Disco ventilado,Tambor,Elétrica,,"Independente, McPherson",Mola helicoidal,Eixo de torção,666 km,501 km,"12,1 km/l","9,1 km/l",0,,,"10,8 m",,,,Admissão,,"2,3 m²","0,782 m²",,"0,34",,,,,,,,,,,,,,,,,,,,,,,,,,,,,Mecânicos,,,,,,,,,,,,,,,,,,
nissan,Sentra,sentra,sentra-s-2-0-2009,sentra-s-2-0-2009,https://www.fichacompleta.com.br/carros/nissan/sentra-s-2-0-2009,2026-06-15T16:05:02.092733,Nissan Sentra S 2.0 2009,"9,5 s",194 km/h,Embreagem monodisco a seco,Manual,,,Dianteira,Injeção multiponto,Natural,1997 cm³,4 em linha,MR20DE,"Duplo no cabeçote, corrente","90,1 mm",84 mm,Transversal,Dianteiro,"9,3 kg/cv","65,3 kg/kgfm","71,1 cv/litro",142 cv a 5500 rpm,"9,7:1",,,"10,2 kgfm/litro","20,3 kgfm a 4800 rpm",4,1512 mm,1520 mm,1540 mm,4567 mm,2685 mm,1790 mm,1325 kg,442 litros,55 litros,113 mm,Disco ventilado,Tambor,Elétrica,,"Independente, McPherson",Mola helicoidal,Eixo de torção,677 km,501 km,"12,3 km/l","9,1 km/l",6,,,"10,8 m",,,,Admissão,,"2,3 m²","0,782 m²",,"0,34",,,,,,,,,,,,,,,,,,,,,,,,,,,,,Mecânicos,,,,,,,,,,,,,,,,,,
nissan,Sentra,sentra,sentra-s-2-0-at-2009,sentra-s-2-0-at-2009,https://www.fichacompleta.com.br/carros/nissan/sentra-s-2-0-at-2009,2026-06-15T16:05:05.645139,Nissan Sentra S 2.0 AT 2009,"10,4 s",188 km/h,Conversor de torque,CVT,Jatco X-Tronic,,Dianteira,Injeção multiponto,Natural,1997 cm³,4 em linha,MR20DE,"Duplo no cabeçote, corrente","90,1 mm",84 mm,Transversal,Dianteiro,"9,5 kg/cv","66,3 kg/kgfm","71,1 cv/litro",142 cv a 5500 rpm,"9,7:1",,,"10,2 kgfm/litro","20,3 kgfm a 4800 rpm",4,1512 mm,1520 mm,1540 mm,4567 mm,2685 mm,1790 mm,1345 kg,442 litros,55 litros,113 mm,Disco ventilado,Tambor,Elétrica,,"Independente, McPherson",Mola helicoidal,Eixo de torção,666 km,501 km,"12,1 km/l","9,1 km/l",0,,,"10,8 m",,,,Admissão,,"2,3 m²","0,782 m²",,"0,34",,,,,,,,,,,,,,,,,,,,,,,,,,,,,Mecânicos,,,,,,,,,,,,,,,,,,
nissan,Sentra,sentra,sentra-sl-2-0-at-2009,sentra-sl-2-0-at-2009,https://www.fichacompleta.com.br/carros/nissan/sentra-sl-2-0-at-2009,2026-06-15T16:05:09.805872,Nissan Sentra SL 2.0 AT 2009,"10,4 s",188 km/h,Conversor de torque,CVT,Jatco X-Tronic,,Dianteira,Injeção multiponto,Natural,1997 cm³,4 em linha,MR20DE,"Duplo no cabeçote, corrente","90,1 mm",84 mm,Transversal,Dianteiro,"9,5 kg/cv","66,3 kg/kgfm","71,1 cv/litro",142 cv a 5500 rpm,"9,7:1",,,"10,2 kgfm/litro","20,3 kgfm a 4800 rpm",4,1512 mm,1520 mm,1540 mm,4567 mm,2685 mm,1790 mm,1345 kg,442 litros,55 litros,113 mm,Disco ventilado,Tambor,Elétrica,,"Independente, McPherson",Mola helicoidal,Eixo de torção,666 km,501 km,"12,1 km/l","9,1 km/l",0,,,"10,8 m",,,,Admissão,,"2,3 m²","0,782 m²",,"0,34",,,,,,,,,,,,,,,,,,,,,,,,,,,,,Mecânicos,,,,,,,,,,,,,,,,,,
nissan,Sentra,sentra,sentra-2-0-2010,sentra-2-0-2010,https://www.fichacompleta.com.br/carros/nissan/sentra-2-0-2010,2026-06-15T16:05:14.168470,Nissan Sentra 2.0 2010,"9,5 s",194 km/h,Embreagem monodisco a seco,Manual,,6,Dianteira,Injeção multiponto,Natural,1997 cm³,4 em linha,MR20DE,Duplo no cabeçote,"90,1 mm",84 mm,Transversal,Dianteiro,"9,2 kg/cv","64,8 kg/kgfm","71,6 cv/litro",143 cv (A) 143 cv (G) a 5200 rpm,"9,7:1",,,"10,2 kgfm/litro","20,3 kgfm (A) 20,3 kgfm (G) a 4800 rpm",4,1512 mm,1520 mm,1540 mm,4567 mm,2685 mm,1790 mm,1315 kg,442 litros,55 litros,113 mm,Disco ventilado,Tambor,Elétrica,"10,8 m","Indep., McPherson",Mola helicoidal,Eixo de torção,660 km,495 km,12 km/l,9 km/l,6,5200 rpm,4800 rpm,"10,8 m",,,Corrente,Admissão,,"2,3 m²","0,782 m²","0,34","0,34",,,,,,,,,,,,,,,,,,,,,,,,,,,,,Mecânicos,143 cv,143 cv,"20,3 kgfm","20,3 kgfm",462 km,358 km,"8,4 km/l","6,5 km/l",,,,,,,,,,
nissan,Sentra,sentra,sentra-2-0-at-2010,sentra-2-0-at-2010,https://www.fichacompleta.com.br/carros/nissan/sentra-2-0-at-2010,2026-06-15T16:05:17.300335,Nissan Sentra 2.0 AT 2010,"10,3 s",190 km/h,Conversor de torque,CVT,Jatco X-Tronic,,Dianteira,Injeção multiponto,Natural,1997 cm³,4 em linha,MR20DE,"Duplo no cabeçote, corrente","90,1 mm",84 mm,Transversal,Dianteiro,"9,5 kg/cv","66,9 kg/kgfm","71,6 cv/litro",143 cv (A) 143 cv (G) a 5200 rpm,"9,7:1",,,"10,2 kgfm/litro","20,3 kgfm (A) 20,3 kgfm (G) a 4800 rpm",4,1512 mm,1520 mm,1540 mm,4567 mm,2685 mm,1790 mm,1359 kg,442 litros,55 litros,113 mm,Disco ventilado,Tambor,Elétrica,,"Independente, McPherson",Mola helicoidal,Eixo de torção,644 km,495 km,"11,7 km/l",9 km/l,0,,,"10,8 m",,,,Admissão,,"2,3 m²","0,782 m²",,"0,34",,,,,,,,,,,,,,,,,,,,,,,,,,,,,Mecânicos,,,,,446 km,330 km,"8,1 km/l",6 km/l,,,,,,,,,,
nissan,Sentra,sentra,sentra-s-2-0-2010,sentra-s-2-0-2010,https://www.fichacompleta.com.br/carros/nissan/sentra-s-2-0-2010,2026-06-15T16:05:21.612664,Nissan Sentra S 2.0 2010,"9,5 s",194 km/h,Embreagem monodisco a seco,Manual,,,Dianteira,Injeção multiponto,Natural,1997 cm³,4 em linha,MR20DE,"Duplo no cabeçote, corrente","90,1 mm",84 mm,Transversal,Dianteiro,"9,2 kg/cv","64,8 kg/kgfm","71,6 cv/litro",143 cv (A) 143 cv (G) a 5200 rpm,"9,7:1",,,"10,2 kgfm/litro","20,3 kgfm (A) 20,3 kgfm (G) a 4800 rpm",4,1512 mm,1520 mm,1540 mm,4567 mm,2685 mm,1790 mm,1315 kg,442 litros,55 litros,113 mm,Disco ventilado,Tambor,Elétrica,,"Independente, McPherson",Mola helicoidal,Eixo de torção,660 km,495 km,12 km/l,9 km/l,6,,,"10,8 m",,,,Admissão,,"2,3 m²","0,782 m²",,"0,34",,,,,,,,,,,,,,,,,,,,,,,,,,,,,Mecânicos,,,,,462 km,358 km,"8,4 km/l","6,5 km/l",,,,,,,,,,
nissan,Sentra,sentra,sentra-s-2-0-at-2010,sentra-s-2-0-at-2010,https://www.fichacompleta.com.br/carros/nissan/sentra-s-2-0-at-2010,2026-06-15T16:05:25.468218,Nissan Sentra S 2.0 AT 2010,"10,3 s",190 km/h,Conversor de torque,CVT,Jatco X-Tronic,,Dianteira,Injeção multiponto,Natural,1997 cm³,4 em linha,MR20DE,"Duplo no cabeçote, corrente","90,1 mm",84 mm,Transversal,Dianteiro,"9,5 kg/cv","66,9 kg/kgfm","71,6 cv/litro",143 cv (A) 143 cv (G) a 5200 rpm,"9,7:1",,,"10,2 kgfm/litro","20,3 kgfm (A) 20,3 kgfm (G) a 4800 rpm",4,1512 mm,1520 mm,1540 mm,4567 mm,2685 mm,1790 mm,1359 kg,442 litros,55 litros,113 mm,Disco ventilado,Tambor,Elétrica,,"Independente, McPherson",Mola helicoidal,Eixo de torção,644 km,495 km,"11,7 km/l",9 km/l,0,,,"10,8 m",,,,Admissão,,"2,3 m²","0,782 m²",,"0,34",,,,,,,,,,,,,,,,,,,,,,,,,,,,,Mecânicos,,,,,446 km,330 km,"8,1 km/l",6 km/l,,,,,,,,,,
nissan,Sentra,sentra,sentra-sl-2-0-at-2010,sentra-sl-2-0-at-2010,https://www.fichacompleta.com.br/carros/nissan/sentra-sl-2-0-at-2010,2026-06-15T16:05:28.100153,Nissan Sentra SL 2.0 AT 2010,"10,3 s",190 km/h,Conversor de torque,CVT,Jatco X-Tronic,,Dianteira,Injeção multiponto,Natural,1997 cm³,4 em linha,MR20DE,"Duplo no cabeçote, corrente","90,1 mm",84 mm,Transversal,Dianteiro,"9,5 kg/cv","66,9 kg/kgfm","71,6 cv/litro",143 cv (A) 143 cv (G) a 5200 rpm,"9,7:1",,,"10,2 kgfm/litro","20,3 kgfm (A) 20,3 kgfm (G) a 4800 rpm",4,1512 mm,1520 mm,1540 mm,4567 mm,2685 mm,1790 mm,1359 kg,442 litros,55 litros,113 mm,Disco ventilado,Tambor,Elétrica,,"Independente, McPherson",Mola helicoidal,Eixo de torção,644 km,495 km,"11,7 km/l",9 km/l,0,,,"10,8 m",,,,Admissão,,"2,3 m²","0,782 m²",,"0,34",,,,,,,,,,,,,,,,,,,,,,,,,,,,,Mecânicos,,,,,446 km,330 km,"8,1 km/l",6 km/l,,,,,,,,,,
nissan,Sentra,sentra,sentra-2-0-2011,sentra-2-0-2011,https://www.fichacompleta.com.br/carros/nissan/sentra-2-0-2011,2026-06-15T16:05:31.414865,Nissan Sentra 2.0 2011,"9,5 s",194 km/h,Embreagem monodisco a seco,Manual,,,Dianteira,Injeção multiponto,Natural,1997 cm³,4 em linha,MR20DE,"Duplo no cabeçote, corrente","90,1 mm",84 mm,Transversal,Dianteiro,"9,2 kg/cv","64,8 kg/kgfm","71,6 cv/litro",143 cv (A) 143 cv (G) a 5200 rpm,"9,7:1",,,"10,2 kgfm/litro","20,3 kgfm (A) 20,3 kgfm (G) a 4800 rpm",4,1512 mm,1520 mm,1540 mm,4567 mm,2685 mm,1790 mm,1315 kg,442 litros,55 litros,113 mm,Disco ventilado,Tambor,Elétrica,,"Independente, McPherson",Mola helicoidal,Eixo de torção,660 km,495 km,12 km/l,9 km/l,6,,,"10,8 m",,,,Admissão,,"2,3 m²","0,782 m²",,"0,34",,,,,,,,,,,,,,,,,,,,,,,,,,,,,Mecânicos,,,,,462 km,358 km,"8,4 km/l","6,5 km/l",,,,,,,,,,
nissan,Sentra,sentra,sentra-2-0-at-2011,sentra-2-0-at-2011,https://www.fichacompleta.com.br/carros/nissan/sentra-2-0-at-2011,2026-06-15T16:05:34.738954,Nissan Sentra 2.0 AT 2011,"10,3 s",190 km/h,Conversor de torque,CVT,Jatco X-Tronic,,Dianteira,Injeção multiponto,Natural,1997 cm³,4 em linha,MR20DE,"Duplo no cabeçote, corrente","90,1 mm",84 mm,Transversal,Dianteiro,"9,5 kg/cv","66,9 kg/kgfm","71,6 cv/litro",143 cv (A) 143 cv (G) a 5200 rpm,"9,7:1",,,"10,2 kgfm/litro","20,3 kgfm (A) 20,3 kgfm (G) a 4800 rpm",4,1512 mm,1520 mm,1540 mm,4567 mm,2685 mm,1790 mm,1359 kg,442 litros,55 litros,113 mm,Disco ventilado,Tambor,Elétrica,,"Independente, McPherson",Mola helicoidal,Eixo de torção,644 km,495 km,"11,7 km/l",9 km/l,0,,,"10,8 m",,,,Admissão,,"2,3 m²","0,782 m²",,"0,34",,,,,,,,,,,,,,,,,,,,,,,,,,,,,Mecânicos,,,,,446 km,330 km,"8,1 km/l",6 km/l,,,,,,,,,,
nissan,Sentra,sentra,sentra-s-2-0-2011,sentra-s-2-0-2011,https://www.fichacompleta.com.br/carros/nissan/sentra-s-2-0-2011,2026-06-15T16:05:39.463231,Nissan Sentra S 2.0 2011,"9,5 s",194 km/h,Embreagem monodisco a seco,Manual,,,Dianteira,Injeção multiponto,Natural,1997 cm³,4 em linha,MR20DE,"Duplo no cabeçote, corrente","90,1 mm",84 mm,Transversal,Dianteiro,"9,2 kg/cv","64,8 kg/kgfm","71,6 cv/litro",143 cv (A) 143 cv (G) a 5200 rpm,"9,7:1",,,"10,2 kgfm/litro","20,3 kgfm (A) 20,3 kgfm (G) a 4800 rpm",4,1512 mm,1520 mm,1540 mm,4567 mm,2685 mm,1790 mm,1315 kg,442 litros,55 litros,113 mm,Disco ventilado,Tambor,Elétrica,,"Independente, McPherson",Mola helicoidal,Eixo de torção,660 km,495 km,12 km/l,9 km/l,6,,,"10,8 m",,,,Admissão,,"2,3 m²","0,782 m²",,"0,34",,,,,,,,,,,,,,,,,,,,,,,,,,,,,Mecânicos,,,,,462 km,358 km,"8,4 km/l","6,5 km/l",,,,,,,,,,
nissan,Sentra,sentra,sentra-s-2-0-at-2011,sentra-s-2-0-at-2011,https://www.fichacompleta.com.br/carros/nissan/sentra-s-2-0-at-2011,2026-06-15T16:05:42.169628,Nissan Sentra S 2.0 AT 2011,"10,3 s",190 km/h,Conversor de torque,CVT,Jatco X-Tronic,,Dianteira,Injeção multiponto,Natural,1997 cm³,4 em linha,MR20DE,"Duplo no cabeçote, corrente","90,1 mm",84 mm,Transversal,Dianteiro,"9,5 kg/cv","66,9 kg/kgfm","71,6 cv/litro",143 cv (A) 143 cv (G) a 5200 rpm,"9,7:1",,,"10,2 kgfm/litro","20,3 kgfm (A) 20,3 kgfm (G) a 4800 rpm",4,1512 mm,1520 mm,1540 mm,4567 mm,2685 mm,1790 mm,1359 kg,442 litros,55 litros,113 mm,Disco ventilado,Tambor,Elétrica,,"Independente, McPherson",Mola helicoidal,Eixo de torção,644 km,495 km,"11,7 km/l",9 km/l,0,,,"10,8 m",,,,Admissão,,"2,3 m²","0,782 m²",,"0,34",,,,,,,,,,,,,,,,,,,,,,,,,,,,,Mecânicos,,,,,446 km,330 km,"8,1 km/l",6 km/l,,,,,,,,,,
nissan,Sentra,sentra,sentra-sl-2-0-at-2011,sentra-sl-2-0-at-2011,https://www.fichacompleta.com.br/carros/nissan/sentra-sl-2-0-at-2011,2026-06-15T16:05:45.716588,Nissan Sentra SL 2.0 AT 2011,"10,3 s",190 km/h,Conversor de torque,CVT,Jatco X-Tronic,,Dianteira,Injeção multiponto,Natural,1997 cm³,4 em linha,MR20DE,"Duplo no cabeçote, corrente","90,1 mm",84 mm,Transversal,Dianteiro,"9,5 kg/cv","66,9 kg/kgfm","71,6 cv/litro",143 cv (A) 143 cv (G) a 5200 rpm,"9,7:1",,,"10,2 kgfm/litro","20,3 kgfm (A) 20,3 kgfm (G) a 4800 rpm",4,1512 mm,1520 mm,1540 mm,4567 mm,2685 mm,1790 mm,1359 kg,442 litros,55 litros,113 mm,Disco ventilado,Tambor,Elétrica,,"Independente, McPherson",Mola helicoidal,Eixo de torção,644 km,495 km,"11,7 km/l",9 km/l,0,,,"10,8 m",,,,Admissão,,"2,3 m²","0,782 m²",,"0,34",,,,,,,,,,,,,,,,,,,,,,,,,,,,,Mecânicos,,,,,446 km,330 km,"8,1 km/l",6 km/l,,,,,,,,,,
nissan,Sentra,sentra,sentra-2-0-2012,sentra-2-0-2012,https://www.fichacompleta.com.br/carros/nissan/sentra-2-0-2012,2026-06-15T16:05:49.146911,Nissan Sentra 2.0 2012,"9,5 s",194 km/h,Embreagem monodisco a seco,Manual,,,Dianteira,Injeção multiponto,Natural,1997 cm³,4 em linha,MR20DE,"Duplo no cabeçote, corrente","90,1 mm",84 mm,Transversal,Dianteiro,"9,2 kg/cv","64,8 kg/kgfm","71,6 cv/litro",143 cv (A) 143 cv (G) a 5200 rpm,"9,7:1",,,"10,2 kgfm/litro","20,3 kgfm (A) 20,3 kgfm (G) a 4800 rpm",4,1512 mm,1520 mm,1540 mm,4567 mm,2685 mm,1790 mm,1315 kg,442 litros,55 litros,113 mm,Disco ventilado,Tambor,Elétrica,,"Independente, McPherson",Mola helicoidal,Eixo de torção,660 km,495 km,12 km/l,9 km/l,6,,,"10,8 m",,,,Admissão,,"2,3 m²","0,782 m²",,"0,34",,,,,,,,,,,,,,,,,,,,,,,,,,,,,Mecânicos,,,,,462 km,358 km,"8,4 km/l","6,5 km/l",,,,,,,,,,
nissan,Sentra,sentra,sentra-2-0-at-2012,sentra-2-0-at-2012,https://www.fichacompleta.com.br/carros/nissan/sentra-2-0-at-2012,2026-06-15T16:05:52.621037,Nissan Sentra 2.0 AT 2012,"10,3 s",190 km/h,Conversor de torque,CVT,Jatco X-Tronic,,Dianteira,Injeção multiponto,Natural,1997 cm³,4 em linha,MR20DE,"Duplo no cabeçote, corrente","90,1 mm",84 mm,Transversal,Dianteiro,"9,5 kg/cv","66,9 kg/kgfm","71,6 cv/litro",143 cv (A) 143 cv (G) a 5200 rpm,"9,7:1",,,"10,2 kgfm/litro","20,3 kgfm (A) 20,3 kgfm (G) a 4800 rpm",4,1512 mm,1520 mm,1540 mm,4567 mm,2685 mm,1790 mm,1359 kg,442 litros,55 litros,113 mm,Disco ventilado,Tambor,Elétrica,,"Independente, McPherson",Mola helicoidal,Eixo de torção,644 km,495 km,"11,7 km/l",9 km/l,0,,,"10,8 m",,,,Admissão,,"2,3 m²","0,782 m²",,"0,34",,,,,,,,,,,,,,,,,,,,,,,,,,,,,Mecânicos,,,,,446 km,330 km,"8,1 km/l",6 km/l,,,,,,,,,,
nissan,Sentra,sentra,sentra-s-2-0-2012,sentra-s-2-0-2012,https://www.fichacompleta.com.br/carros/nissan/sentra-s-2-0-2012,2026-06-15T16:05:56.073116,Nissan Sentra S 2.0 2012,"9,5 s",194 km/h,Embreagem monodisco a seco,Manual,,6,Dianteira,Injeção multiponto,Natural,1997 cm³,4 em linha,MR20DE,Duplo no cabeçote,"90,1 mm",84 mm,Transversal,Dianteiro,"9,2 kg/cv","64,8 kg/kgfm","71,6 cv/litro",,"9,7:1",5200 rpm,4800 rpm,"10,2 kgfm/litro",,4,1512 mm,1520 mm,1540 mm,4567 mm,2685 mm,1790 mm,1315 kg,442 litros,55 litros,113 mm,Disco ventilado,Tambor,Elétrica,"10,8 m","Indep., McPherson",Mola helicoidal,Eixo de torção,660 km,495 km,12 km/l,9 km/l,,,,,,,Corrente,Admissão,205/55 R16,"2,3 m²","0,782 m²","0,34",,,,,,,,,,,,,,,,,,,,,,,,,,,,,,Mecânicos,143 cv,143 cv,"20,3 kgfm","20,3 kgfm",462 km,358 km,"8,4 km/l","6,5 km/l",,,,,,,,,,
nissan,Sentra,sentra,sentra-s-2-0-at-2012,sentra-s-2-0-at-2012,https://www.fichacompleta.com.br/carros/nissan/sentra-s-2-0-at-2012,2026-06-15T16:05:59.813582,Nissan Sentra S 2.0 AT 2012,"10,3 s",190 km/h,Conversor de torque,CVT,Jatco X-Tronic,,Dianteira,Injeção multiponto,Natural,1997 cm³,4 em linha,MR20DE,"Duplo no cabeçote, corrente","90,1 mm",84 mm,Transversal,Dianteiro,"9,5 kg/cv","66,9 kg/kgfm","71,6 cv/litro",143 cv (A) 143 cv (G) a 5200 rpm,"9,7:1",,,"10,2 kgfm/litro","20,3 kgfm (A) 20,3 kgfm (G) a 4800 rpm",4,1512 mm,1520 mm,1540 mm,4567 mm,2685 mm,1790 mm,1359 kg,442 litros,55 litros,113 mm,Disco ventilado,Tambor,Elétrica,,"Independente, McPherson",Mola helicoidal,Eixo de torção,644 km,495 km,"11,7 km/l",9 km/l,0,,,"10,8 m",,,,Admissão,,"2,3 m²","0,782 m²",,"0,34",,,,,,,,,,,,,,,,,,,,,,,,,,,,,Mecânicos,,,,,446 km,330 km,"8,1 km/l",6 km/l,,,,,,,,,,
nissan,Sentra,sentra,sentra-sl-2-0-at-2012,sentra-sl-2-0-at-2012,https://www.fichacompleta.com.br/carros/nissan/sentra-sl-2-0-at-2012,2026-06-15T16:06:02.855186,Nissan Sentra SL 2.0 AT 2012,"10,3 s",190 km/h,Conversor de torque,CVT,Jatco X-Tronic,,Dianteira,Injeção multiponto,Natural,1997 cm³,4 em linha,MR20DE,"Duplo no cabeçote, corrente","90,1 mm",84 mm,Transversal,Dianteiro,"9,5 kg/cv","66,9 kg/kgfm","71,6 cv/litro",143 cv (A) 143 cv (G) a 5200 rpm,"9,7:1",,,"10,2 kgfm/litro","20,3 kgfm (A) 20,3 kgfm (G) a 4800 rpm",4,1512 mm,1520 mm,1540 mm,4567 mm,2685 mm,1790 mm,1359 kg,442 litros,55 litros,113 mm,Disco ventilado,Tambor,Elétrica,,"Independente, McPherson",Mola helicoidal,Eixo de torção,644 km,495 km,"11,7 km/l",9 km/l,0,,,"10,8 m",,,,Admissão,,"2,3 m²","0,782 m²",,"0,34",,,,,,,,,,,,,,,,,,,,,,,,,,,,,Mecânicos,,,,,446 km,330 km,"8,1 km/l",6 km/l,,,,,,,,,,
nissan,Sentra,sentra,sentra-sr-2-0-2012,sentra-sr-2-0-2012,https://www.fichacompleta.com.br/carros/nissan/sentra-sr-2-0-2012,2026-06-15T16:06:06.714364,Nissan Sentra SR 2.0 2012,"9,5 s",194 km/h,Embreagem monodisco a seco,Manual,,,Dianteira,Injeção multiponto,Natural,1997 cm³,4 em linha,MR20DE,"Duplo no cabeçote, corrente","90,1 mm",84 mm,Transversal,Dianteiro,"9,2 kg/cv","64,8 kg/kgfm","71,6 cv/litro",143 cv (A) 143 cv (G) a 5200 rpm,"9,7:1",,,"10,2 kgfm/litro","20,3 kgfm (A) 20,3 kgfm (G) a 4800 rpm",4,1512 mm,1520 mm,1540 mm,4567 mm,2685 mm,1790 mm,1315 kg,442 litros,55 litros,113 mm,Disco ventilado,Tambor,Elétrica,,"Independente, McPherson",Mola helicoidal,Eixo de torção,660 km,495 km,12 km/l,9 km/l,6,,,"10,8 m",,,,Admissão,,"2,3 m²","0,782 m²",,"0,34",,,,,,,,,,,,,,,,,,,,,,,,,,,,,Mecânicos,,,,,462 km,358 km,"8,4 km/l","6,5 km/l",,,,,,,,,,
nissan,Sentra,sentra,sentra-sr-2-0-at-2012,sentra-sr-2-0-at-2012,https://www.fichacompleta.com.br/carros/nissan/sentra-sr-2-0-at-2012,2026-06-15T16:06:11.287837,Nissan Sentra SR 2.0 AT 2012,"10,3 s",190 km/h,Conversor de torque,CVT,Jatco X-Tronic,,Dianteira,Injeção multiponto,Natural,1997 cm³,4 em linha,MR20DE,"Duplo no cabeçote, corrente","90,1 mm",84 mm,Transversal,Dianteiro,"9,5 kg/cv","66,9 kg/kgfm","71,6 cv/litro",143 cv (A) 143 cv (G) a 5200 rpm,"9,7:1",,,"10,2 kgfm/litro","20,3 kgfm (A) 20,3 kgfm (G) a 4800 rpm",4,1512 mm,1520 mm,1540 mm,4567 mm,2685 mm,1790 mm,1359 kg,442 litros,55 litros,113 mm,Disco ventilado,Tambor,Elétrica,,"Independente, McPherson",Mola helicoidal,Eixo de torção,644 km,495 km,"11,7 km/l",9 km/l,0,,,"10,8 m",,,,Admissão,,"2,3 m²","0,782 m²",,"0,34",,,,,,,,,,,,,,,,,,,,,,,,,,,,,Mecânicos,,,,,446 km,330 km,"8,1 km/l",6 km/l,,,,,,,,,,
nissan,Sentra,sentra,sentra-unique-2-0-at-2012,sentra-unique-2-0-at-2012,https://www.fichacompleta.com.br/carros/nissan/sentra-unique-2-0-at-2012,2026-06-15T16:06:14.324406,Nissan Sentra Unique 2.0 AT 2012,"10,3 s",190 km/h,Conversor de torque,CVT,Jatco X-Tronic,,Dianteira,Injeção multiponto,Natural,1997 cm³,4 em linha,MR20DE,Duplo no cabeçote,"90,1 mm",84 mm,Transversal,Dianteiro,"9,5 kg/cv","66,9 kg/kgfm","71,6 cv/litro",143 cv (A) 143 cv (G) a 5200 rpm,"9,7:1",,,"10,2 kgfm/litro","20,3 kgfm (A) 20,3 kgfm (G) a 4800 rpm",4,1512 mm,1520 mm,1540 mm,4567 mm,2685 mm,1790 mm,1359 kg,442 litros,55 litros,113 mm,Disco ventilado,Tambor,Elétrica,"10,8 m","Indep., McPherson",Mola helicoidal,Eixo de torção,644 km,495 km,"11,7 km/l",9 km/l,,5200 rpm,4800 rpm,"10,8 m",,,Corrente,Admissão,,"2,3 m²","0,782 m²","0,34","0,34",,,,,,,,,,,,,,,,,,,,,,,,,,,,,Mecânicos,143 cv,143 cv,"20,3 kgfm","20,3 kgfm",446 km,330 km,"8,1 km/l",6 km/l,,,,,,,,,,
nissan,Sentra,sentra,sentra-2-0-2013,sentra-2-0-2013,https://www.fichacompleta.com.br/carros/nissan/sentra-2-0-2013,2026-06-15T16:06:18.314213,Nissan Sentra 2.0 2013,"9,5 s",194 km/h,Embreagem monodisco a seco,Manual,,,Dianteira,Injeção multiponto,Natural,1997 cm³,4 em linha,MR20DE,"Duplo no cabeçote, corrente",,,Transversal,Dianteiro,"9,2 kg/cv","64,8 kg/kgfm","71,6 cv/litro",143 cv (A) 143 cv (G) a 5200 rpm,"9,7:1",,,"10,2 kgfm/litro","20,3 kgfm (A) 20,3 kgfm (G) a 4800 rpm",4,1512 mm,1520 mm,1540 mm,4567 mm,2685 mm,1790 mm,1315 kg,442 litros,55 litros,113 mm,Disco ventilado,Tambor,Elétrica,,"Independente, McPherson",Mola helicoidal,Eixo de torção,660 km,495 km,12 km/l,9 km/l,6,,,"10,8 m","90,1 mm",84 mm,,Admissão,,"2,3 m²","0,782 m²",,"0,34",,,,,,,,,,,,,,,,,,,,,,,,,,,,,Mecânicos,,,,,495 km,358 km,9 km/l,"6,5 km/l",,,,,,,,,,
nissan,Sentra,sentra,sentra-2-0-at-2013,sentra-2-0-at-2013,https://www.fichacompleta.com.br/carros/nissan/sentra-2-0-at-2013,2026-06-15T16:06:23.197792,Nissan Sentra 2.0 AT 2013,"10,3 s",190 km/h,Conversor de torque,CVT,Jatco X-Tronic,,Dianteira,Injeção multiponto,Natural,1997 cm³,4 em linha,MR20DE,"Duplo no cabeçote, corrente","90,1 mm",84 mm,Transversal,Dianteiro,"9,5 kg/cv","66,9 kg/kgfm","71,6 cv/litro",143 cv (A) 143 cv (G) a 5200 rpm,"9,7:1",,,"10,2 kgfm/litro","20,3 kgfm (A) 20,3 kgfm (G) a 4800 rpm",4,1512 mm,1520 mm,1540 mm,4567 mm,2685 mm,1790 mm,1359 kg,442 litros,55 litros,113 mm,Disco ventilado,Tambor,Elétrica,,"Independente, McPherson",Mola helicoidal,Eixo de torção,644 km,495 km,"11,7 km/l",9 km/l,0,,,"10,8 m",,,,Admissão,,"2,3 m²","0,782 m²",,"0,34",,,,,,,,,,,,,,,,,,,,,,,,,,,,,Mecânicos,,,,,446 km,330 km,"8,1 km/l",6 km/l,,,,,,,,,,
nissan,Sentra,sentra,sentra-s-2-0-2013,sentra-s-2-0-2013,https://www.fichacompleta.com.br/carros/nissan/sentra-s-2-0-2013,2026-06-15T16:06:26.878941,Nissan Sentra S 2.0 2013,"9,5 s",194 km/h,Embreagem monodisco a seco,Manual,,6,Dianteira,Injeção multiponto,Natural,1997 cm³,4 em linha,MR20DE,Duplo no cabeçote,"90,1 mm",84 mm,Transversal,Dianteiro,"9,2 kg/cv","64,8 kg/kgfm","71,6 cv/litro",,"9,7:1",5200 rpm,4800 rpm,"10,2 kgfm/litro",,4,1512 mm,1520 mm,1540 mm,4567 mm,2685 mm,1790 mm,1315 kg,442 litros,55 litros,113 mm,Disco ventilado,Tambor,Elétrica,"10,8 m","Indep., McPherson",Mola helicoidal,Eixo de torção,660 km,495 km,12 km/l,9 km/l,,,,,,,Corrente,Admissão,205/55 R16,"2,3 m²","0,782 m²","0,34",,,,,,,,,,,,,,,,,,,,,,,,,,,,,,Mecânicos,143 cv,143 cv,"20,3 kgfm","20,3 kgfm",495 km,358 km,9 km/l,"6,5 km/l",,,,,,,,,,
nissan,Sentra,sentra,sentra-s-2-0-at-2013,sentra-s-2-0-at-2013,https://www.fichacompleta.com.br/carros/nissan/sentra-s-2-0-at-2013,2026-06-15T16:06:29.671229,Nissan Sentra S 2.0 AT 2013,"10,3 s",190 km/h,Conversor de torque,CVT,Jatco X-Tronic,,Dianteira,Injeção multiponto,Natural,1997 cm³,4 em linha,MR20DE,"Duplo no cabeçote, corrente","90,1 mm",84 mm,Transversal,Dianteiro,"9,5 kg/cv","66,9 kg/kgfm","71,6 cv/litro",143 cv (A) 143 cv (G) a 5200 rpm,"9,7:1",,,"10,2 kgfm/litro","20,3 kgfm (A) 20,3 kgfm (G) a 4800 rpm",4,1512 mm,1520 mm,1540 mm,4567 mm,2685 mm,1790 mm,1359 kg,442 litros,55 litros,113 mm,Disco ventilado,Tambor,Elétrica,,"Independente, McPherson",Mola helicoidal,Eixo de torção,644 km,495 km,"11,7 km/l",9 km/l,0,,,"10,8 m",,,,Admissão,,"2,3 m²","0,782 m²",,"0,34",,,,,,,,,,,,,,,,,,,,,,,,,,,,,Mecânicos,,,,,446 km,330 km,"8,1 km/l",6 km/l,,,,,,,,,,
nissan,Sentra,sentra,sentra-sl-2-0-at-2013,sentra-sl-2-0-at-2013,https://www.fichacompleta.com.br/carros/nissan/sentra-sl-2-0-at-2013,2026-06-15T16:06:51.662890,Nissan Sentra SL 2.0 AT 2013,"10,3 s",190 km/h,Conversor de torque,CVT,Jatco X-Tronic,,Dianteira,Injeção multiponto,Natural,1997 cm³,4 em linha,MR20DE,"Duplo no cabeçote, corrente","90,1 mm",84 mm,Transversal,Dianteiro,"9,5 kg/cv","66,9 kg/kgfm","71,6 cv/litro",143 cv (A) 143 cv (G) a 5200 rpm,"9,7:1",,,"10,2 kgfm/litro","20,3 kgfm (A) 20,3 kgfm (G) a 4800 rpm",4,1512 mm,1520 mm,1540 mm,4567 mm,2685 mm,1790 mm,1359 kg,442 litros,55 litros,113 mm,Disco ventilado,Tambor,Elétrica,,"Independente, McPherson",Mola helicoidal,Eixo de torção,644 km,495 km,"11,7 km/l",9 km/l,0,,,"10,8 m",,,,Admissão,,"2,3 m²","0,782 m²",,"0,34",,,,,,,,,,,,,,,,,,,,,,,,,,,,,Mecânicos,,,,,446 km,330 km,"8,1 km/l",6 km/l,,,,,,,,,,
nissan,Sentra,sentra,sentra-special-edition-2-0-at-2013,sentra-special-edition-2-0-at-2013,https://www.fichacompleta.com.br/carros/nissan/sentra-special-edition-2-0-at-2013,2026-06-15T16:06:56.465839,Nissan Sentra Special Edition 2.0 AT 2013,"10,3 s",190 km/h,Conversor de torque,CVT,Jatco X-Tronic,,Dianteira,Injeção multiponto,Natural,1997 cm³,4 em linha,MR20DE,"Duplo no cabeçote, corrente","90,1 mm",84 mm,Transversal,Dianteiro,"9,5 kg/cv","66,9 kg/kgfm","71,6 cv/litro",143 cv (A) 143 cv (G) a 5200 rpm,"9,7:1",,,"10,2 kgfm/litro","20,3 kgfm (A) 20,3 kgfm (G) a 4800 rpm",4,1512 mm,1520 mm,1540 mm,4567 mm,2685 mm,1790 mm,1359 kg,442 litros,55 litros,113 mm,Disco ventilado,Tambor,Elétrica,,"Independente, McPherson",Mola helicoidal,Eixo de torção,644 km,495 km,"11,7 km/l",9 km/l,0,,,"10,8 m",,,,Admissão,,"2,3 m²","0,782 m²",,"0,34",,,,,,,,,,,,,,,,,,,,,,,,,,,,,Mecânicos,,,,,446 km,330 km,"8,1 km/l",6 km/l,,,,,,,,,,
nissan,Sentra,sentra,sentra-s-2-0-2014,sentra-s-2-0-2014,https://www.fichacompleta.com.br/carros/nissan/sentra-s-2-0-2014,2026-06-15T16:07:01.145219,Nissan Sentra S 2.0 2014,"9,9 s",196 km/h,Embreagem monodisco a seco,Manual,,6,Dianteira,Injeção multiponto,Natural,1997 cm³,4 em linha,MR20DE,Duplo no cabeçote,"90,1 mm",84 mm,Transversal,Dianteiro,"9,2 kg/cv","64,4 kg/kgfm","70,1 cv/litro",140 cv (A) 140 cv (G) a 5100 rpm,"9,7:1",,,"10,0 kgfm/litro",20 kgfm (A) 20 kgfm (G) a 4800 rpm,4,1500 mm,1520 mm,1544 mm,4625 mm,2700 mm,1761 mm,1288 kg,503 litros,52 litros,113 mm,Disco ventilado,Disco sólido,Elétrica,"10,6 m","Indep., McPherson",Mola helicoidal,Eixo de torção,671 km,546 km,"12,9 km/l","10,5 km/l",6,5100 rpm,4800 rpm,"10,6 m",,,Corrente,Admissão,,"2,25 m²","0,653 m²","0,29","0,29",425 kg,,14 graus,"20,1 graus",177 mm,,,,,,,,,,,,,,,,,,,,,,,,Mecânicos,140 cv,140 cv,20 kgfm,20 kgfm,452 km,374 km,"8,7 km/l","7,2 km/l",,,,,,,,,,
nissan,Sentra,sentra,sentra-sl-2-0-at-2014,sentra-sl-2-0-at-2014,https://www.fichacompleta.com.br/carros/nissan/sentra-sl-2-0-at-2014,2026-06-15T16:07:04.475291,Nissan Sentra SL 2.0 AT 2014,"10,1 s",186 km/h,Conversor de torque,CVT,Jatco X-Tronic,,Dianteira,Injeção multiponto,Natural,1997 cm³,4 em linha,MR20DE,Duplo no cabeçote,"90,1 mm",84 mm,Transversal,Dianteiro,"9,6 kg/cv","67,4 kg/kgfm","70,1 cv/litro",140 cv (A) 140 cv (G) a 5100 rpm,"9,7:1",,,"10,0 kgfm/litro",20 kgfm (A) 20 kgfm (G) a 4800 rpm,4,1513 mm,1520 mm,1544 mm,4625 mm,2700 mm,1761 mm,1348 kg,503 litros,52 litros,103 mm,Disco ventilado,Disco sólido,Elétrica,"10,6 m","Indep., McPherson",Mola helicoidal,Eixo de torção,671 km,530 km,"12,9 km/l","10,2 km/l",,5100 rpm,4800 rpm,"10,6 m",,,Corrente,Admissão,,"2,26 m²","0,655 m²","0,29","0,29",411 kg,,"14,1 graus","20,2 graus",182 mm,,,,,,,,,,,,,,,,,,,,,,,,Mecânicos,140 cv,140 cv,20 kgfm,20 kgfm,473 km,359 km,"9,1 km/l","6,9 km/l",,,,,,,,,,
nissan,Sentra,sentra,sentra-sv-2-0-at-2014,sentra-sv-2-0-at-2014,https://www.fichacompleta.com.br/carros/nissan/sentra-sv-2-0-at-2014,2026-06-15T16:07:08.729879,Nissan Sentra SV 2.0 AT 2014,"10,1 s",186 km/h,Conversor de torque,CVT,Jatco X-Tronic,,Dianteira,Injeção multiponto,Natural,1997 cm³,4 em linha,MR20DE,Duplo no cabeçote,"90,1 mm",84 mm,Transversal,Dianteiro,"9,4 kg/cv","66,1 kg/kgfm","70,1 cv/litro",140 cv (A) 140 cv (G) a 5100 rpm,"9,7:1",,,"10,0 kgfm/litro",20 kgfm (A) 20 kgfm (G) a 4800 rpm,4,1500 mm,1520 mm,1544 mm,4625 mm,2700 mm,1761 mm,1322 kg,503 litros,52 litros,113 mm,Disco ventilado,Disco sólido,Elétrica,"10,6 m","Indep., McPherson",Mola helicoidal,Eixo de torção,671 km,530 km,"12,9 km/l","10,2 km/l",,5100 rpm,4800 rpm,"10,6 m",,,Corrente,Admissão,,"2,25 m²","0,653 m²","0,29","0,29",437 kg,,14 graus,"20,1 graus",177 mm,,,,,,,,,,,,,,,,,,,,,,,,Mecânicos,140 cv,140 cv,20 kgfm,20 kgfm,473 km,359 km,"9,1 km/l","6,9 km/l",,,,,,,,,,
nissan,Sentra,sentra,sentra-s-2-0-2015,sentra-s-2-0-2015,https://www.fichacompleta.com.br/carros/nissan/sentra-s-2-0-2015,2026-06-15T16:07:12.499689,Nissan Sentra S 2.0 2015,"9,9 s",196 km/h,Embreagem monodisco a seco,Manual,,,Dianteira,Injeção multiponto,Natural,1997 cm³,4 em linha,MR20DE,"Duplo no cabeçote, corrente","90,1 mm",84 mm,Transversal,Dianteiro,"9,2 kg/cv","64,4 kg/kgfm","70,1 cv/litro",140 cv (A) 140 cv (G) a 5100 rpm,"9,7:1",,,"10,0 kgfm/litro",20 kgfm (A) 20 kgfm (G) a 4800 rpm,4,1500 mm,1520 mm,1544 mm,4625 mm,2700 mm,1761 mm,1288 kg,503 litros,52 litros,113 mm,Disco ventilado,Disco sólido,Elétrica,,"Independente, McPherson",Mola helicoidal,Eixo de torção,671 km,546 km,"12,9 km/l","10,5 km/l",6,,,"10,6 m",,,,Admissão,,"2,25 m²","0,653 m²",,"0,29",425 kg,,14 graus,"20,1 graus",177 mm,,,,,,,,,,,,,,,,,,,,,,,,Mecânicos,,,,,452 km,374 km,"8,7 km/l","7,2 km/l",,,,,,,,,,
nissan,Sentra,sentra,sentra-sl-2-0-at-2015,sentra-sl-2-0-at-2015,https://www.fichacompleta.com.br/carros/nissan/sentra-sl-2-0-at-2015,2026-06-15T16:07:15.079674,Nissan Sentra SL 2.0 AT 2015,"10,1 s",186 km/h,Conversor de torque,CVT,Jatco X-Tronic,,Dianteira,Injeção multiponto,Natural,1997 cm³,4 em linha,MR20DE,"Duplo no cabeçote, corrente","90,1 mm",84 mm,Transversal,Dianteiro,"9,6 kg/cv","67,4 kg/kgfm","70,1 cv/litro",140 cv (A) 140 cv (G) a 5100 rpm,"9,7:1",,,"10,0 kgfm/litro",20 kgfm (A) 20 kgfm (G) a 4800 rpm,4,1513 mm,1520 mm,1544 mm,4625 mm,2700 mm,1761 mm,1348 kg,503 litros,52 litros,103 mm,Disco ventilado,Disco sólido,Elétrica,,"Independente, McPherson",Mola helicoidal,Eixo de torção,671 km,530 km,"12,9 km/l","10,2 km/l",0,,,"10,6 m",,,,Admissão,,"2,26 m²","0,655 m²",,"0,29",411 kg,,"14,1 graus","20,2 graus",182 mm,,,,,,,,,,,,,,,,,,,,,,,,Mecânicos,,,,,473 km,359 km,"9,1 km/l","6,9 km/l",,,,,,,,,,
nissan,Sentra,sentra,sentra-sv-2-0-at-2015,sentra-sv-2-0-at-2015,https://www.fichacompleta.com.br/carros/nissan/sentra-sv-2-0-at-2015,2026-06-15T16:07:19.340065,Nissan Sentra SV 2.0 AT 2015,"10,1 s",186 km/h,Conversor de torque,CVT,Jatco X-Tronic,,Dianteira,Injeção multiponto,Natural,1997 cm³,4 em linha,MR20DE,"Duplo no cabeçote, corrente","90,1 mm",84 mm,Transversal,Dianteiro,"9,4 kg/cv","66,1 kg/kgfm","70,1 cv/litro",140 cv (A) 140 cv (G) a 5100 rpm,"9,7:1",,,"10,0 kgfm/litro",20 kgfm (A) 20 kgfm (G) a 4800 rpm,4,1500 mm,1520 mm,1544 mm,4625 mm,2700 mm,1761 mm,1322 kg,503 litros,52 litros,113 mm,Disco ventilado,Disco sólido,Elétrica,,"Independente, McPherson",Mola helicoidal,Eixo de torção,671 km,530 km,"12,9 km/l","10,2 km/l",0,,,"10,6 m",,,,Admissão,,"2,25 m²","0,653 m²",,"0,29",437 kg,,14 graus,"20,1 graus",177 mm,,,,,,,,,,,,,,,,,,,,,,,,Mecânicos,,,,,473 km,359 km,"9,1 km/l","6,9 km/l",,,,,,,,,,
nissan,Sentra,sentra,sentra-s-2-0-2016,sentra-s-2-0-2016,https://www.fichacompleta.com.br/carros/nissan/sentra-s-2-0-2016,2026-06-15T16:07:23.533345,Nissan Sentra S 2.0 2016,"9,9 s",196 km/h,Embreagem monodisco a seco,Manual,,,Dianteira,Injeção multiponto,Natural,1997 cm³,4 em linha,MR20DE,"Duplo no cabeçote, corrente",,,Transversal,Dianteiro,"9,2 kg/cv","64,4 kg/kgfm","70,1 cv/litro",140 cv (A) 140 cv (G) a 5100 rpm,"9,7:1",,,"10,0 kgfm/litro",20 kgfm (A) 20 kgfm (G) a 4800 rpm,4,1500 mm,1520 mm,1544 mm,4625 mm,2700 mm,1761 mm,1288 kg,503 litros,52 litros,113 mm,Disco ventilado,Disco sólido,Elétrica,,"Independente, McPherson",Mola helicoidal,Eixo de torção,671 km,546 km,"12,9 km/l","10,5 km/l",6,,,"10,6 m","90,1 mm",84 mm,,Admissão,,"2,25 m²","0,653 m²",,"0,29",425 kg,,14 graus,"20,1 graus",177 mm,,,,,,,,,,,,,,,,,,,,,,,,Mecânicos,,,,,452 km,374 km,"8,7 km/l","7,2 km/l",,,,,,,,,,
nissan,Sentra,sentra,sentra-sl-2-0-at-2016,sentra-sl-2-0-at-2016,https://www.fichacompleta.com.br/carros/nissan/sentra-sl-2-0-at-2016,2026-06-15T16:07:27.429205,Nissan Sentra SL 2.0 AT 2016,"10,1 s",186 km/h,Conversor de torque,CVT,Jatco X-Tronic,,Dianteira,Injeção multiponto,Natural,1997 cm³,4 em linha,MR20DE,"Duplo no cabeçote, corrente",,,Transversal,Dianteiro,"9,6 kg/cv","67,4 kg/kgfm","70,1 cv/litro",140 cv (A) 140 cv (G) a 5100 rpm,"9,7:1",,,"10,0 kgfm/litro",20 kgfm (A) 20 kgfm (G) a 4800 rpm,4,1513 mm,1520 mm,1544 mm,4625 mm,2700 mm,1761 mm,1348 kg,503 litros,52 litros,103 mm,Disco ventilado,Disco sólido,Elétrica,,"Independente, McPherson",Mola helicoidal,Eixo de torção,681 km,510 km,"13,1 km/l","9,8 km/l",,,,"10,6 m","90,1 mm",84 mm,,Admissão,,"2,26 m²","0,655 m²",,"0,29",411 kg,,"14,1 graus","20,2 graus",182 mm,,,,,,,,,,,,,,,,,,,,,,,,Mecânicos,,,,,468 km,343 km,9 km/l,"6,6 km/l",,,,,,,,,,
nissan,Sentra,sentra,sentra-sv-2-0-at-2016,sentra-sv-2-0-at-2016,https://www.fichacompleta.com.br/carros/nissan/sentra-sv-2-0-at-2016,2026-06-15T16:07:30.638705,Nissan Sentra SV 2.0 AT 2016,"10,1 s",186 km/h,Conversor de torque,CVT,Jatco X-Tronic,,Dianteira,Injeção multiponto,Natural,1997 cm³,4 em linha,MR20DE,"Duplo no cabeçote, corrente","90,1 mm",84 mm,Transversal,Dianteiro,"9,4 kg/cv","66,1 kg/kgfm","70,1 cv/litro",140 cv (A) 140 cv (G) a 5100 rpm,"9,7:1",,,"10,0 kgfm/litro",20 kgfm (A) 20 kgfm (G) a 4800 rpm,4,1500 mm,1520 mm,1544 mm,4625 mm,2700 mm,1761 mm,1322 kg,503 litros,52 litros,113 mm,Disco ventilado,Disco sólido,Elétrica,,"Independente, McPherson",Mola helicoidal,Eixo de torção,681 km,510 km,"13,1 km/l","9,8 km/l",,,,"10,6 m",,,,Admissão,,"2,25 m²","0,653 m²",,"0,29",437 kg,,14 graus,"20,1 graus",177 mm,,,,,,,,,,,,,,,,,,,,,,,,Mecânicos,,,,,468 km,343 km,9 km/l,"6,6 km/l",,,,,,,,,,
nissan,Sentra,sentra,sentra-unique-2-0-at-2016,sentra-unique-2-0-at-2016,https://www.fichacompleta.com.br/carros/nissan/sentra-unique-2-0-at-2016,2026-06-15T16:07:34.695473,Nissan Sentra Unique 2.0 AT 2016,"10,1 s",186 km/h,Conversor de torque,CVT,Jatco X-Tronic,,Dianteira,Injeção multiponto,Natural,1997 cm³,4 em linha,MR20DE,"Duplo no cabeçote, corrente",,,Transversal,Dianteiro,"9,6 kg/cv","67,4 kg/kgfm","70,1 cv/litro",140 cv (A) 140 cv (G) a 5100 rpm,"9,7:1",,,"10,0 kgfm/litro",20 kgfm (A) 20 kgfm (G) a 4800 rpm,4,1513 mm,1520 mm,1544 mm,4625 mm,2700 mm,1761 mm,1348 kg,503 litros,52 litros,103 mm,Disco ventilado,Disco sólido,Elétrica,,"Independente, McPherson",Mola helicoidal,Eixo de torção,681 km,510 km,"13,1 km/l","9,8 km/l",,,,"10,6 m","90,1 mm",84 mm,,Admissão,,"2,26 m²","0,655 m²",,"0,29",411 kg,,"14,1 graus","20,2 graus",182 mm,,,,,,,,,,,,,,,,,,,,,,,,Mecânicos,,,,,468 km,343 km,9 km/l,"6,6 km/l",,,,,,,,,,
nissan,Sentra,sentra,sentra-s-2-0-at-2017,sentra-s-2-0-at-2017,https://www.fichacompleta.com.br/carros/nissan/sentra-s-2-0-at-2017,2026-06-15T16:07:38.765455,Nissan Sentra S 2.0 AT 2017,"10,1 s",186 km/h,Conversor de torque,CVT,Jatco X-Tronic,,Dianteira,Injeção multiponto,Natural,1997 cm³,4 em linha,MR20DE,"Duplo no cabeçote, corrente","90,1 mm",84 mm,Transversal,Dianteiro,"9,5 kg/cv","66,4 kg/kgfm","70,1 cv/litro",140 cv (A) 140 cv (G) a 5100 rpm,"9,7:1",,,"10,0 kgfm/litro",20 kgfm (A) 20 kgfm (G) a 4800 rpm,4,1504 mm,1530 mm,1530 mm,4636 mm,2700 mm,1761 mm,1327 kg,503 litros,52 litros,113 mm,Disco ventilado,Disco sólido,Elétrica,,"Independente, McPherson",Mola helicoidal,Eixo de torção,660 km,515 km,"12,7 km/l","9,9 km/l",0,,,"10,6 m",,,,Admissão,,"2,25 m²","0,653 m²",,"0,29",,,13 graus,"18,1 graus",186 mm,,,,,,,,,,,,,,,,,,,,,,,,Mecânicos,,,,,473 km,348 km,"9,1 km/l","6,7 km/l",,,,,,,,,,
nissan,Sentra,sentra,sentra-sl-2-0-at-2017,sentra-sl-2-0-at-2017,https://www.fichacompleta.com.br/carros/nissan/sentra-sl-2-0-at-2017,2026-06-15T16:07:41.989365,Nissan Sentra SL 2.0 AT 2017,"10,1 s",186 km/h,Conversor de torque,CVT,Jatco X-Tronic,,Dianteira,Injeção multiponto,Natural,1997 cm³,4 em linha,MR20DE,"Duplo no cabeçote, corrente","90,1 mm",84 mm,Transversal,Dianteiro,"9,7 kg/cv","68,0 kg/kgfm","70,1 cv/litro",140 cv (A) 140 cv (G) a 5100 rpm,"9,7:1",,,"10,0 kgfm/litro",20 kgfm (A) 20 kgfm (G) a 4800 rpm,4,1504 mm,1530 mm,1530 mm,4636 mm,2700 mm,1761 mm,1360 kg,503 litros,52 litros,103 mm,Disco ventilado,Disco sólido,Elétrica,,"Independente, McPherson",Mola helicoidal,Eixo de torção,660 km,515 km,"12,7 km/l","9,9 km/l",0,,,"10,6 m",,,,Admissão,,"2,25 m²","0,653 m²",,"0,29",,,13 graus,"18,1 graus",186 mm,,,,,,,,,,,,,,,,,,,,,,,,Mecânicos,,,,,473 km,348 km,"9,1 km/l","6,7 km/l",,,,,,,,,,
nissan,Sentra,sentra,sentra-sv-2-0-at-2017,sentra-sv-2-0-at-2017,https://www.fichacompleta.com.br/carros/nissan/sentra-sv-2-0-at-2017,2026-06-15T16:07:44.488935,Nissan Sentra SV 2.0 AT 2017,"10,1 s",186 km/h,Conversor de torque,CVT,Jatco X-Tronic,,Dianteira,Injeção multiponto,Natural,1997 cm³,4 em linha,MR20DE,"Duplo no cabeçote, corrente","90,1 mm",84 mm,Transversal,Dianteiro,"9,6 kg/cv","66,9 kg/kgfm","70,1 cv/litro",140 cv (A) 140 cv (G) a 5100 rpm,"9,7:1",,,"10,0 kgfm/litro",20 kgfm (A) 20 kgfm (G) a 4800 rpm,4,1504 mm,1530 mm,1530 mm,4636 mm,2700 mm,1761 mm,1337 kg,503 litros,52 litros,103 mm,Disco ventilado,Disco sólido,Elétrica,,"Independente, McPherson",Mola helicoidal,Eixo de torção,660 km,515 km,"12,7 km/l","9,9 km/l",0,,,"10,6 m",,,,Admissão,,"2,25 m²","0,653 m²",,"0,29",,,13 graus,"18,1 graus",186 mm,,,,,,,,,,,,,,,,,,,,,,,,Mecânicos,,,,,473 km,348 km,"9,1 km/l","6,7 km/l",,,,,,,,,,
nissan,Sentra,sentra,sentra-s-2-0-at-2018,sentra-s-2-0-at-2018,https://www.fichacompleta.com.br/carros/nissan/sentra-s-2-0-at-2018,2026-06-15T16:07:48.203851,Nissan Sentra S 2.0 AT 2018,"10,1 s",186 km/h,Conversor de torque,CVT,Jatco X-Tronic,,Dianteira,Injeção multiponto,Natural,1997 cm³,4 em linha,MR20DE,"Duplo no cabeçote, corrente","90,1 mm",84 mm,Transversal,Dianteiro,"9,5 kg/cv","66,4 kg/kgfm","70,1 cv/litro",140 cv (A) 140 cv (G) a 5100 rpm,"9,7:1",,,"10,0 kgfm/litro",20 kgfm (A) 20 kgfm (G) a 4800 rpm,4,1504 mm,1530 mm,1530 mm,4636 mm,2700 mm,1761 mm,1327 kg,503 litros,52 litros,113 mm,Disco ventilado,Disco sólido,Elétrica,,"Independente, McPherson",Mola helicoidal,Eixo de torção,660 km,515 km,"12,7 km/l","9,9 km/l",0,,,"10,6 m",,,,Admissão,,"2,25 m²","0,653 m²",,"0,29",,,13 graus,"18,1 graus",186 mm,,,,,,,,,,,,,,,,,,,,,,,,Mecânicos,,,,,473 km,348 km,"9,1 km/l","6,7 km/l",,,,,,,,,,
nissan,Sentra,sentra,sentra-sl-2-0-at-2018,sentra-sl-2-0-at-2018,https://www.fichacompleta.com.br/carros/nissan/sentra-sl-2-0-at-2018,2026-06-15T16:07:51.541480,Nissan Sentra SL 2.0 AT 2018,"10,1 s",186 km/h,Conversor de torque,CVT,Jatco X-Tronic,,Dianteira,Injeção multiponto,Natural,1997 cm³,4 em linha,MR20DE,"Duplo no cabeçote, corrente","90,1 mm",84 mm,Transversal,Dianteiro,"9,7 kg/cv","68,0 kg/kgfm","70,1 cv/litro",140 cv (A) 140 cv (G) a 5100 rpm,"9,7:1",,,"10,0 kgfm/litro",20 kgfm (A) 20 kgfm (G) a 4800 rpm,4,1504 mm,1530 mm,1530 mm,4636 mm,2700 mm,1761 mm,1360 kg,503 litros,52 litros,103 mm,Disco ventilado,Disco sólido,Elétrica,,"Independente, McPherson",Mola helicoidal,Eixo de torção,660 km,515 km,"12,7 km/l","9,9 km/l",0,,,"10,6 m",,,,Admissão,,"2,25 m²","0,653 m²",,"0,29",,,13 graus,"18,1 graus",186 mm,,,,,,,,,,,,,,,,,,,,,,,,Mecânicos,,,,,473 km,348 km,"9,1 km/l","6,7 km/l",,,,,,,,,,
nissan,Sentra,sentra,sentra-sv-2-0-at-2018,sentra-sv-2-0-at-2018,https://www.fichacompleta.com.br/carros/nissan/sentra-sv-2-0-at-2018,2026-06-15T16:07:54.289463,Nissan Sentra SV 2.0 AT 2018,"10,1 s",186 km/h,Conversor de torque,CVT,Jatco X-Tronic,,Dianteira,Injeção multiponto,Natural,1997 cm³,4 em linha,MR20DE,"Duplo no cabeçote, corrente","90,1 mm",84 mm,Transversal,Dianteiro,"9,6 kg/cv","66,9 kg/kgfm","70,1 cv/litro",140 cv (A) 140 cv (G) a 5100 rpm,"9,7:1",,,"10,0 kgfm/litro",20 kgfm (A) 20 kgfm (G) a 4800 rpm,4,1504 mm,1530 mm,1530 mm,4636 mm,2700 mm,1761 mm,1337 kg,503 litros,52 litros,103 mm,Disco ventilado,Disco sólido,Elétrica,,"Independente, McPherson",Mola helicoidal,Eixo de torção,660 km,515 km,"12,7 km/l","9,9 km/l",0,,,"10,6 m",,,,Admissão,,"2,25 m²","0,653 m²",,"0,29",,,13 graus,"18,1 graus",186 mm,,,,,,,,,,,,,,,,,,,,,,,,Mecânicos,,,,,473 km,348 km,"9,1 km/l","6,7 km/l",,,,,,,,,,
nissan,Sentra,sentra,sentra-s-2-0-at-2019,sentra-s-2-0-at-2019,https://www.fichacompleta.com.br/carros/nissan/sentra-s-2-0-at-2019,2026-06-15T16:07:56.902184,Nissan Sentra S 2.0 AT 2019,"10,1 s",186 km/h,Conversor de torque,CVT,Jatco X-Tronic,,Dianteira,Injeção multiponto,Natural,1997 cm³,4 em linha,MR20DE,"Duplo no cabeçote, corrente","90,1 mm",84 mm,Transversal,Dianteiro,"9,5 kg/cv","66,4 kg/kgfm","70,1 cv/litro",140 cv (A) 140 cv (G) a 5100 rpm,"9,7:1",,,"10,0 kgfm/litro",20 kgfm (A) 20 kgfm (G) a 4800 rpm,4,1504 mm,1530 mm,1530 mm,4636 mm,2700 mm,1761 mm,1327 kg,503 litros,52 litros,113 mm,Disco ventilado,Disco sólido,Elétrica,,"Independente, McPherson",Mola helicoidal,Eixo de torção,660 km,515 km,"12,7 km/l","9,9 km/l",0,,,"10,6 m",,,,Admissão,,"2,25 m²","0,653 m²",,"0,29",,,13 graus,"18,1 graus",186 mm,,,,,,,,,,,,,,,,,,,,,,,,Mecânicos,,,,,473 km,348 km,"9,1 km/l","6,7 km/l",,,,,,,,,,
nissan,Sentra,sentra,sentra-sl-2-0-at-2019,sentra-sl-2-0-at-2019,https://www.fichacompleta.com.br/carros/nissan/sentra-sl-2-0-at-2019,2026-06-15T16:08:00.645480,Nissan Sentra SL 2.0 AT 2019,"10,1 s",186 km/h,Conversor de torque,CVT,Jatco X-Tronic,,Dianteira,Injeção multiponto,Natural,1997 cm³,4 em linha,MR20DE,"Duplo no cabeçote, corrente",,,Transversal,Dianteiro,"9,7 kg/cv","68,0 kg/kgfm","70,1 cv/litro",140 cv (A) 140 cv (G) a 5100 rpm,"9,7:1",,,"10,0 kgfm/litro",20 kgfm (A) 20 kgfm (G) a 4800 rpm,4,1504 mm,1530 mm,1530 mm,4636 mm,2700 mm,1761 mm,1360 kg,503 litros,52 litros,103 mm,Disco ventilado,Disco sólido,Elétrica,,"Independente, McPherson",Mola helicoidal,Eixo de torção,660 km,515 km,"12,7 km/l","9,9 km/l",0,,,"10,6 m","90,1 mm",84 mm,,Admissão,,"2,25 m²","0,653 m²",,"0,29",,,13 graus,"18,1 graus",186 mm,,,,,,,,,,,,,,,,,,,,,,,,Mecânicos,,,,,473 km,348 km,"9,1 km/l","6,7 km/l",,,,,,,,,,
nissan,Sentra,sentra,sentra-sv-2-0-at-2019,sentra-sv-2-0-at-2019,https://www.fichacompleta.com.br/carros/nissan/sentra-sv-2-0-at-2019,2026-06-15T16:08:03.476126,Nissan Sentra SV 2.0 AT 2019,"10,1 s",186 km/h,Conversor de torque,CVT,Jatco X-Tronic,,Dianteira,Injeção multiponto,Natural,1997 cm³,4 em linha,MR20DE,"Duplo no cabeçote, corrente","90,1 mm",84 mm,Transversal,Dianteiro,"9,6 kg/cv","66,9 kg/kgfm","70,1 cv/litro",140 cv (A) 140 cv (G) a 5100 rpm,"9,7:1",,,"10,0 kgfm/litro",20 kgfm (A) 20 kgfm (G) a 4800 rpm,4,1504 mm,1530 mm,1530 mm,4636 mm,2700 mm,1761 mm,1337 kg,503 litros,52 litros,103 mm,Disco ventilado,Disco sólido,Elétrica,,"Independente, McPherson",Mola helicoidal,Eixo de torção,660 km,515 km,"12,7 km/l","9,9 km/l",0,,,"10,6 m",,,,Admissão,,"2,25 m²","0,653 m²",,"0,29",,,13 graus,"18,1 graus",186 mm,,,,,,,,,,,,,,,,,,,,,,,,Mecânicos,,,,,473 km,348 km,"9,1 km/l","6,7 km/l",,,,,,,,,,
nissan,Sentra,sentra,sentra-s-2-0-at-2020,sentra-s-2-0-at-2020,https://www.fichacompleta.com.br/carros/nissan/sentra-s-2-0-at-2020,2026-06-15T16:08:06.159183,Nissan Sentra S 2.0 AT 2020,"10,1 s",186 km/h,Conversor de torque,CVT,Jatco X-Tronic,0,Dianteira,Injeção multiponto,Natural,1997 cm³,4 em linha,MR20DE,Duplo no cabeçote,"90,1 mm",84 mm,Transversal,Dianteiro,"9,5 kg/cv","66,4 kg/kgfm","70,1 cv/litro",,"9,7:1",5100 rpm,4800 rpm,"10,0 kgfm/litro",,4,1504 mm,1530 mm,1530 mm,4636 mm,2700 mm,1761 mm,1327 kg,503 litros,52 litros,113 mm,Disco ventilado,Disco sólido,Elétrica,"10,6 m","Indep., McPherson",Mola helicoidal,Eixo de torção,660 km,515 km,"12,7 km/l","9,9 km/l",,,,,,,Corrente,Admissão,,"2,25 m²","0,653 m²","0,29",,,,13 graus,"18,1 graus",186 mm,,,,,,,,,,,,,,,,,,,,,,,,Mecânicos,140 cv,140 cv,20 kgfm,20 kgfm,473 km,348 km,"9,1 km/l","6,7 km/l",,,,,,,,,,
nissan,Sentra,sentra,sentra-sl-2-0-at-2020,sentra-sl-2-0-at-2020,https://www.fichacompleta.com.br/carros/nissan/sentra-sl-2-0-at-2020,2026-06-15T16:08:09.137911,Nissan Sentra SL 2.0 AT 2020,"10,1 s",186 km/h,Conversor de torque,CVT,Jatco X-Tronic,0,Dianteira,Injeção multiponto,Natural,1997 cm³,4 em linha,MR20DE,Duplo no cabeçote,"90,1 mm",84 mm,Transversal,Dianteiro,"9,7 kg/cv","68,0 kg/kgfm","70,1 cv/litro",,"9,7:1",5100 rpm,4800 rpm,"10,0 kgfm/litro",,4,1504 mm,1530 mm,1530 mm,4636 mm,2700 mm,1761 mm,1360 kg,503 litros,52 litros,103 mm,Disco ventilado,Disco sólido,Elétrica,"10,6 m","Indep., McPherson",Mola helicoidal,Eixo de torção,660 km,515 km,"12,7 km/l","9,9 km/l",,,,,,,Corrente,Admissão,,"2,25 m²","0,653 m²","0,29",,,,13 graus,"18,1 graus",186 mm,,,,,,,,,,,,,,,,,,,,,,,,Mecânicos,140 cv,140 cv,20 kgfm,20 kgfm,473 km,348 km,"9,1 km/l","6,7 km/l",,,,,,,,,,
nissan,Sentra,sentra,sentra-sv-2-0-at-2020,sentra-sv-2-0-at-2020,https://www.fichacompleta.com.br/carros/nissan/sentra-sv-2-0-at-2020,2026-06-15T16:08:12.973136,Nissan Sentra SV 2.0 AT 2020,"10,1 s",186 km/h,Conversor de torque,CVT,Jatco X-Tronic,0,Dianteira,Injeção multiponto,Natural,1997 cm³,4 em linha,MR20DE,Duplo no cabeçote,"90,1 mm",84 mm,Transversal,Dianteiro,"9,6 kg/cv","66,9 kg/kgfm","70,1 cv/litro",,"9,7:1",5100 rpm,4800 rpm,"10,0 kgfm/litro",,4,1504 mm,1530 mm,1530 mm,4636 mm,2700 mm,1761 mm,1337 kg,503 litros,52 litros,103 mm,Disco ventilado,Disco sólido,Elétrica,"10,6 m","Indep., McPherson",Mola helicoidal,Eixo de torção,660 km,515 km,"12,7 km/l","9,9 km/l",,,,,,,Corrente,Admissão,,"2,25 m²","0,653 m²","0,29",,,,13 graus,"18,1 graus",186 mm,,,,,,,,,,,,,,,,,,,,,,,,Mecânicos,140 cv,140 cv,20 kgfm,20 kgfm,473 km,348 km,"9,1 km/l","6,7 km/l",,,,,,,,,,
nissan,Sentra,sentra,sentra-advance-2-0-2023,sentra-advance-2-0-2023,https://www.fichacompleta.com.br/carros/nissan/sentra-advance-2-0-2023,2026-06-15T16:08:17.664368,Nissan Sentra Advance 2.0 2023,"9,4 s",200 km/h,Conversor de torque,CVT,Jatco X-Tronic,8,Dianteira,Injeção direta,Natural,,4 em linha,MR20DD,Duplo no cabeçote,"90,1 mm",84 mm,Transversal,Dianteiro,"9,15 kg/cv","69,1 kg/kgfm","75,6 cv/litro",151 cv,"11,7:1",6000 rpm,4000 rpm,"10,0 kgfm/litro",20 kgfm,4,1456 mm,1570 mm,1565 mm,4646 mm,2707 mm,1816 mm,1381 kg,466 litros,47 litros,108 mm,Disco ventilado,Disco ventilado,Elétrica,"10,4 m","Indep., McPherson",Mola helicoidal,"Indep., multibraço",653 km,517 km,"13,9 km/l",11 km/l,,,,,,,Corrente,Admissão e escape,125/70 R16,"2,25 m²","0,682 m²","0,303",,375 kg,6600 rpm,,,134 mm,,,,,,,,,,499 cm³,1997 cm³,,,,,,,,,,,,,Mecânicos,,,,,,,,,,,,,,,,,,
nissan,Sentra,sentra,sentra-exclusive-2-0-2023,sentra-exclusive-2-0-2023,https://www.fichacompleta.com.br/carros/nissan/sentra-exclusive-2-0-2023,2026-06-15T16:08:22.497709,Nissan Sentra Exclusive 2.0 2023,"9,4 s",200 km/h,Conversor de torque,CVT,Jatco X-Tronic,8,Dianteira,Injeção direta,Natural,,4 em linha,MR20DD,Duplo no cabeçote,"90,1 mm",84 mm,Transversal,Dianteiro,"9,30 kg/cv","70,3 kg/kgfm","75,6 cv/litro",151 cv,"11,7:1",6000 rpm,4000 rpm,"10,0 kgfm/litro",20 kgfm,4,1456 mm,1570 mm,1565 mm,4646 mm,2707 mm,1816 mm,1405 kg,466 litros,47 litros,108 mm,Disco ventilado,Disco ventilado,Elétrica,"10,4 m","Indep., McPherson",Mola helicoidal,"Indep., multibraço",653 km,517 km,"13,9 km/l",11 km/l,,,,,,,Corrente,Admissão e escape,125/70 R16,"2,25 m²","0,689 m²","0,306",,375 kg,6600 rpm,,,134 mm,,,,,,,,,,499 cm³,1997 cm³,,,,,,,,,,,,,Mecânicos,,,,,,,,,,,,,,,,,,
nissan,Sentra,sentra,sentra-exclusive-premium-2-0-2023,sentra-exclusive-premium-2-0-2023,https://www.fichacompleta.com.br/carros/nissan/sentra-exclusive-premium-2-0-2023,2026-06-15T16:08:26.008402,Nissan Sentra Exclusive Premium 2.0 2023,"9,4 s",200 km/h,Conversor de torque,CVT,Jatco X-Tronic,8,Dianteira,Injeção direta,Natural,,4 em linha,MR20DD,Duplo no cabeçote,"90,1 mm",84 mm,Transversal,Dianteiro,"9,30 kg/cv","70,3 kg/kgfm","75,6 cv/litro",151 cv,"11,7:1",6000 rpm,4000 rpm,"10,0 kgfm/litro",20 kgfm,4,1456 mm,1570 mm,1565 mm,4646 mm,2707 mm,1816 mm,1405 kg,466 litros,47 litros,108 mm,Disco ventilado,Disco ventilado,Elétrica,"10,4 m","Indep., McPherson",Mola helicoidal,"Indep., multibraço",653 km,517 km,"13,9 km/l",11 km/l,,,,,,,Corrente,Admissão e escape,125/70 R16,"2,25 m²","0,689 m²","0,306",,375 kg,6600 rpm,,,134 mm,,,,,,,,,,499 cm³,1997 cm³,,,,,,,,,,,,,Mecânicos,,,,,,,,,,,,,,,,,,
nissan,Sentra,sentra,sentra-advance-2-0-2024,sentra-advance-2-0-2024,https://www.fichacompleta.com.br/carros/nissan/sentra-advance-2-0-2024,2026-06-15T16:08:30.003750,Nissan Sentra Advance 2.0 2024,"9,4 s",200 km/h,Conversor de torque,CVT,Jatco X-Tronic,8,Dianteira,Injeção direta,Natural,,4 em linha,MR20DD,Duplo no cabeçote,"90,1 mm",84 mm,Transversal,Dianteiro,"9,15 kg/cv","69,1 kg/kgfm","75,6 cv/litro",151 cv,"11,7:1",6000 rpm,4000 rpm,"10,0 kgfm/litro",20 kgfm,4,1456 mm,1570 mm,1565 mm,4646 mm,2707 mm,1816 mm,1381 kg,466 litros,47 litros,108 mm,Disco ventilado,Disco ventilado,Elétrica,"10,4 m","Indep., McPherson",Mola helicoidal,"Indep., multibraço",653 km,517 km,"13,9 km/l",11 km/l,,,,,,,Corrente,Admissão e escape,125/70 R16,"2,25 m²","0,682 m²","0,303",,375 kg,6600 rpm,,,134 mm,,,,,,,,,,499 cm³,1997 cm³,,,,,,,,,,,,5W-30 ³,Mecânicos,,,,,,,,,,,,,,,,,,
nissan,Sentra,sentra,sentra-exclusive-2-0-2024,sentra-exclusive-2-0-2024,https://www.fichacompleta.com.br/carros/nissan/sentra-exclusive-2-0-2024,2026-06-15T16:08:33.193675,Nissan Sentra Exclusive 2.0 2024,"9,4 s",200 km/h,Conversor de torque,CVT,Jatco X-Tronic,8,Dianteira,Injeção direta,Natural,,4 em linha,MR20DD,Duplo no cabeçote,"90,1 mm",84 mm,Transversal,Dianteiro,"9,30 kg/cv","70,3 kg/kgfm","75,6 cv/litro",151 cv,"11,7:1",6000 rpm,4000 rpm,"10,0 kgfm/litro",20 kgfm,4,1456 mm,1570 mm,1565 mm,4646 mm,2707 mm,1816 mm,1405 kg,466 litros,47 litros,108 mm,Disco ventilado,Disco ventilado,Elétrica,"10,4 m","Indep., McPherson",Mola helicoidal,"Indep., multibraço",653 km,517 km,"13,9 km/l",11 km/l,,,,,,,Corrente,Admissão e escape,125/70 R16,"2,25 m²","0,689 m²","0,306",,375 kg,6600 rpm,,,134 mm,,,,,,,,,,499 cm³,1997 cm³,,,,,,,,,,,,5W-30 ³,Mecânicos,,,,,,,,,,,,,,,,,,
nissan,Sentra,sentra,sentra-exclusive-premium-2-0-2024,sentra-exclusive-premium-2-0-2024,https://www.fichacompleta.com.br/carros/nissan/sentra-exclusive-premium-2-0-2024,2026-06-15T16:08:35.838382,Nissan Sentra Exclusive Premium 2.0 2024,"9,4 s",200 km/h,Conversor de torque,CVT,Jatco X-Tronic,8,Dianteira,Injeção direta,Natural,,4 em linha,MR20DD,Duplo no cabeçote,"90,1 mm",84 mm,Transversal,Dianteiro,"9,30 kg/cv","70,3 kg/kgfm","75,6 cv/litro",151 cv,"11,7:1",6000 rpm,4000 rpm,"10,0 kgfm/litro",20 kgfm,4,1456 mm,1570 mm,1565 mm,4646 mm,2707 mm,1816 mm,1405 kg,466 litros,47 litros,108 mm,Disco ventilado,Disco ventilado,Elétrica,"10,4 m","Indep., McPherson",Mola helicoidal,"Indep., multibraço",653 km,517 km,"13,9 km/l",11 km/l,,,,,,,Corrente,Admissão e escape,125/70 R16,"2,25 m²","0,689 m²","0,306",,375 kg,6600 rpm,,,134 mm,,,,,,,,,,499 cm³,1997 cm³,,,,,,,,,,,,5W-30 ³,Mecânicos,,,,,,,,,,,,,,,,,,
nissan,Sentra,sentra,sentra-advance-2-0-2025,sentra-advance-2-0-2025,https://www.fichacompleta.com.br/carros/nissan/sentra-advance-2-0-2025,2026-06-15T16:08:39.620631,Nissan Sentra Advance 2.0 2025,"9,4 s",200 km/h,Conversor de torque,CVT,Jatco X-Tronic,8,Dianteira,Injeção direta,Natural,,4 em linha,MR20DD,Duplo no cabeçote,"90,1 mm",84 mm,Transversal,Dianteiro,"9,15 kg/cv","69,1 kg/kgfm","75,6 cv/litro",151 cv,"11,7:1",6000 rpm,4000 rpm,"10,0 kgfm/litro",20 kgfm,4,1456 mm,1570 mm,1565 mm,4646 mm,2707 mm,1816 mm,1381 kg,466 litros,47 litros,108 mm,Disco ventilado,Disco ventilado,Elétrica,"10,4 m","Indep., McPherson",Mola helicoidal,"Indep., multibraço",653 km,517 km,"13,9 km/l",11 km/l,,,,,,,Corrente,Admissão e escape,125/70 R16,"2,25 m²","0,682 m²","0,303",,375 kg,6600 rpm,,,134 mm,,,,,,,,,,499 cm³,1997 cm³,,,,,,,,,,,,5W-30 ³,Mecânicos,,,,,,,,,,,,,,,,,,
nissan,Sentra,sentra,sentra-exclusive-2-0-2025,sentra-exclusive-2-0-2025,https://www.fichacompleta.com.br/carros/nissan/sentra-exclusive-2-0-2025,2026-06-15T16:08:43.727904,Nissan Sentra Exclusive 2.0 2025,"9,4 s",200 km/h,Conversor de torque,CVT,Jatco X-Tronic,8,Dianteira,Injeção direta,Natural,,4 em linha,MR20DD,Duplo no cabeçote,"90,1 mm",84 mm,Transversal,Dianteiro,"9,34 kg/cv","70,5 kg/kgfm","75,6 cv/litro",151 cv,"11,7:1",6000 rpm,4000 rpm,"10,0 kgfm/litro",20 kgfm,4,1456 mm,1570 mm,1565 mm,4646 mm,2707 mm,1816 mm,1410 kg,466 litros,47 litros,108 mm,Disco ventilado,Disco ventilado,Elétrica,"10,4 m","Indep., McPherson",Mola helicoidal,"Indep., multibraço",653 km,517 km,"13,9 km/l",11 km/l,,,,,,,Corrente,Admissão e escape,125/70 R16,"2,25 m²","0,689 m²","0,306",,375 kg,6600 rpm,,,134 mm,,,,,,,,,,499 cm³,1997 cm³,,,,,,,,,,,,5W-30 ³,Mecânicos,,,,,,,,,,,,,,,,,,
nissan,Sentra,sentra,sentra-exclusive-premium-2-0-2025,sentra-exclusive-premium-2-0-2025,https://www.fichacompleta.com.br/carros/nissan/sentra-exclusive-premium-2-0-2025,2026-06-15T16:08:47.724212,Nissan Sentra Exclusive Premium 2.0 2025,"9,4 s",200 km/h,Conversor de torque,CVT,Jatco X-Tronic,8,Dianteira,Injeção direta,Natural,,4 em linha,MR20DD,Duplo no cabeçote,"90,1 mm",84 mm,Transversal,Dianteiro,"9,34 kg/cv","70,5 kg/kgfm","75,6 cv/litro",151 cv,"11,7:1",6000 rpm,4000 rpm,"10,0 kgfm/litro",20 kgfm,4,1456 mm,1570 mm,1565 mm,4646 mm,2707 mm,1816 mm,1410 kg,466 litros,47 litros,108 mm,Disco ventilado,Disco ventilado,Elétrica,"10,4 m","Indep., McPherson",Mola helicoidal,"Indep., multibraço",653 km,517 km,"13,9 km/l",11 km/l,,,,,,,Corrente,Admissão e escape,125/70 R16,"2,25 m²","0,689 m²","0,306",,375 kg,6600 rpm,,,134 mm,,,,,,,,,,499 cm³,1997 cm³,,,,,,,,,,,,5W-30 ³,Mecânicos,,,,,,,,,,,,,,,,,,
nissan,Sentra,sentra,sentra-advance-2-0-2026,sentra-advance-2-0-2026,https://www.fichacompleta.com.br/carros/nissan/sentra-advance-2-0-2026,2026-06-15T16:08:51.384104,Nissan Sentra Advance 2.0 2026,"9,4 s",200 km/h,Conversor de torque,CVT,Jatco X-Tronic,8,Dianteira,Injeção direta,Natural,,4 em linha,MR20DD,Duplo no cabeçote,"90,1 mm",84 mm,Transversal,Dianteiro,"9,15 kg/cv","69,1 kg/kgfm","75,6 cv/litro",151 cv,"11,7:1",6000 rpm,4000 rpm,"10,0 kgfm/litro",20 kgfm,4,1456 mm,1570 mm,1565 mm,4646 mm,2707 mm,1816 mm,1381 kg,466 litros,47 litros,108 mm,Disco ventilado,Disco ventilado,Elétrica,"10,4 m","Indep., McPherson",Mola helicoidal,"Indep., multibraço",658 km,517 km,14 km/l,11 km/l,,,,,,,Corrente,Admissão e escape,125/70 R16,"2,25 m²","0,682 m²","0,303",,375 kg,6600 rpm,,,134 mm,,,,,,,,,,499 cm³,1997 cm³,,,,,,,,,,,,5W-30 ³,Mecânicos,,,,,,,,,,,,,,,,,,
nissan,Sentra,sentra,sentra-exclusive-premium-2-0-2026,sentra-exclusive-premium-2-0-2026,https://www.fichacompleta.com.br/carros/nissan/sentra-exclusive-premium-2-0-2026,2026-06-15T16:08:53.920250,Nissan Sentra Exclusive Premium 2.0 2026,"9,4 s",200 km/h,Conversor de torque,CVT,Jatco X-Tronic,8,Dianteira,Injeção direta,Natural,,4 em linha,MR20DD,Duplo no cabeçote,"90,1 mm",84 mm,Transversal,Dianteiro,"9,34 kg/cv","70,5 kg/kgfm","75,6 cv/litro",151 cv,"11,7:1",6000 rpm,4000 rpm,"10,0 kgfm/litro",20 kgfm,4,1456 mm,1570 mm,1565 mm,4646 mm,2707 mm,1816 mm,1410 kg,466 litros,47 litros,108 mm,Disco ventilado,Disco ventilado,Elétrica,"10,4 m","Indep., McPherson",Mola helicoidal,"Indep., multibraço",658 km,517 km,14 km/l,11 km/l,,,,,,,Corrente,Admissão e escape,125/70 R16,"2,25 m²","0,689 m²","0,306",,375 kg,6600 rpm,,,134 mm,,,,,,,,,,499 cm³,1997 cm³,,,,,,,,,,,,5W-30 ³,Mecânicos,,,,,,,,,,,,,,,,,,
nissan,Skyline,skyline,skyline-gt-r-2-6-1995,skyline-gt-r-2-6-1995,https://www.fichacompleta.com.br/carros/nissan/skyline-gt-r-2-6-1995,2026-06-15T16:09:24.350093,Nissan Skyline GT-R 2.6 1995,"5,6 s",250 km/h,Embreagem monodisco a seco,Manual,,5,Integral sob demanda,Injeção multiponto,Turbocompressor,,6 em linha,RB26DETT,Duplo no cabeçote,"73,7 mm",86 mm,Longitudinal,Dianteiro,"5,46 kg/cv","40,8 kg/kgfm","109,0 cv/litro",280 cv,"8,5:1",6800 rpm,4400 rpm,"14,6 kgfm/litro","37,5 kgfm",4,1360 mm,1480 mm,1490 mm,4675 mm,2720 mm,1780 mm,1530 kg,300 litros,65 litros,110 mm,Disco ventilado,Disco ventilado,Hidráulica,"11,4 m","Indep., multibraço",Mola helicoidal,"Indep., multibraço",520 km,325 km,8 km/l,5 km/l,,,,,,,Corrente,,,"2,06 m²","0,721 m²","0,35",,220 kg,8000 rpm,,,145 mm,,,,,,,,,,428 cm³,2568 cm³,,,,,,,,,,,,,,,,,,,,,,,,,,,,,,,
nissan,Skyline,skyline,skyline-gt-r-2-6-1999,skyline-gt-r-2-6-1999,https://www.fichacompleta.com.br/carros/nissan/skyline-gt-r-2-6-1999,2026-06-15T16:09:27.528411,Nissan Skyline GT-R 2.6 1999,"5,4 s",250 km/h,Embreagem monodisco a seco,Manual,Getrag 233,6,Integral sob demanda,Injeção multiponto,Turbocompressor,,6 em linha,RB26DETT,Duplo no cabeçote,"73,7 mm",86 mm,Longitudinal,Dianteiro,"5,50 kg/cv","38,5 kg/kgfm","109,0 cv/litro",280 cv,"8,5:1",6800 rpm,4400 rpm,"15,6 kgfm/litro",40 kgfm,4,1360 mm,1480 mm,1490 mm,4600 mm,2665 mm,1785 mm,1540 kg,300 litros,65 litros,98 mm,Disco ventilado,Disco ventilado,Hidráulica,"11,2 m","Indep., multibraço",Mola helicoidal,"Indep., multibraço",520 km,325 km,8 km/l,5 km/l,,,,,,,Corrente,,,,,,,220 kg,8000 rpm,,,145 mm,,,,,,,,,,428 cm³,2568 cm³,,,,,,,,,,,,,,,,,,,,,,,,,,,,,,,
nissan,Terrano,terrano,terrano-2-7-turbo-1996,terrano-2-7-turbo-1996,https://www.fichacompleta.com.br/carros/nissan/terrano-2-7-turbo-1996,2026-06-15T16:09:46.629060,Nissan Terrano 2.7 Turbo 1996,"15,8 s",150 km/h,Conversor de torque,Automático,,4,Integral sob demanda,Injeção indireta,Turbocompressor,2663 cm³,4 em linha,TD27ETi,Único no bloco,92 mm,96 mm,Longitudinal,Dianteiro,"14,2 kg/cv","64,8 kg/kgfm","48,8 cv/litro",,"22,3:1",,,"10,7 kgfm/litro",,2,1700 mm,1480 mm,1485 mm,4530 mm,2700 mm,1840 mm,1840 kg,385 litros,80 litros,165 mm,Disco ventilado,Tambor,Hidráulica,"10,8 m","Indep., McPherson",Mola helicoidal,Eixo rígido,,,,,,4000 rpm,2000 rpm,,,,,,,"2,66 m²","1,197 m²","0,45",,,,,,,,,130 cv,,"28,4 kgfm",,,,,,,,720 km,656 km,9 km/l,"8,2 km/l",,,,,,,,,,,,,,,,,,,,,,,,,,
nissan,Terrano,terrano,terrano-2-7-turbo-1997,terrano-2-7-turbo-1997,https://www.fichacompleta.com.br/carros/nissan/terrano-2-7-turbo-1997,2026-06-15T16:09:49.857890,Nissan Terrano 2.7 Turbo 1997,"15,8 s",150 km/h,Conversor de torque,Automático,,4,Integral sob demanda,Injeção indireta,Turbocompressor,2663 cm³,4 em linha,TD27ETi,Único no bloco,92 mm,96 mm,Longitudinal,Dianteiro,"14,2 kg/cv","64,8 kg/kgfm","48,8 cv/litro",,"22,3:1",,,"10,7 kgfm/litro",,2,1700 mm,1480 mm,1485 mm,4530 mm,2700 mm,1840 mm,1840 kg,385 litros,80 litros,165 mm,Disco ventilado,Tambor,Hidráulica,"10,8 m","Indep., McPherson",Mola helicoidal,Eixo rígido,,,,,,4000 rpm,2000 rpm,,,,,,,"2,66 m²","1,197 m²","0,45",,,,,,,,,130 cv,,"28,4 kgfm",,,,,,,,720 km,656 km,9 km/l,"8,2 km/l",,,,,,,,,,,,,,,,,,,,,,,,,,
nissan,Tiida,tiida,tiida-s-1-8-2008,tiida-s-1-8-2008,https://www.fichacompleta.com.br/carros/nissan/tiida-s-1-8-2008,2026-06-15T16:10:06.828675,Nissan Tiida S 1.8 2008,"10,6 s",192 km/h,Embreagem monodisco a seco,Manual,,6,Dianteira,Injeção multiponto,Natural,1798 cm³,4 em linha,MR18DE,Duplo no cabeçote,"81,1 mm",84 mm,Transversal,Dianteiro,"9,7 kg/cv","69,0 kg/kgfm","69,0 cv/litro",124 cv,"9,9:1",,,"9,7 kgfm/litro","17,5 kgfm",4,1545 mm,1480 mm,1485 mm,4295 mm,2600 mm,1695 mm,1207 kg,289 litros,52 litros,120 mm,Disco ventilado,Tambor,Elétrica,"10,6 m","Indep., McPherson",Mola helicoidal,Eixo de torção,671 km,546 km,"12,9 km/l","10,5 km/l",6,5500 rpm,4800 rpm,"10,6 m",,,Corrente,Admissão,185/65 R15,"2,23 m²","0,647 m²","0,29","0,29",390 kg,,,,145 mm,,,,,,,,,,,,,,,,,,,,,,,,,,,,,,,,,,,,,,,,,,
nissan,Tiida,tiida,tiida-s-1-8-at-2008,tiida-s-1-8-at-2008,https://www.fichacompleta.com.br/carros/nissan/tiida-s-1-8-at-2008,2026-06-15T16:10:10.636197,Nissan Tiida S 1.8 AT 2008,"11,9 s",181 km/h,Conversor de torque,Automático,,4,Dianteira,Injeção multiponto,Natural,1798 cm³,4 em linha,MR18DE,Duplo no cabeçote,"81,1 mm",84 mm,Transversal,Dianteiro,"9,8 kg/cv","69,7 kg/kgfm","69,0 cv/litro",124 cv,"9,9:1",,,"9,7 kgfm/litro","17,5 kgfm",4,1545 mm,1480 mm,1485 mm,4295 mm,2600 mm,1695 mm,1220 kg,289 litros,52 litros,120 mm,Disco ventilado,Tambor,Elétrica,"10,6 m","Indep., McPherson",Mola helicoidal,Eixo de torção,671 km,530 km,"12,9 km/l","10,2 km/l",4,5500 rpm,4800 rpm,"10,6 m",,,Corrente,Admissão,185/65 R15,"2,23 m²","0,647 m²","0,29","0,29",390 kg,,,,145 mm,,,,,,,,,,,,,,,,,,,,,,,,,,,,,,,,,,,,,,,,,,
nissan,Tiida,tiida,tiida-sl-1-8-2008,tiida-sl-1-8-2008,https://www.fichacompleta.com.br/carros/nissan/tiida-sl-1-8-2008,2026-06-15T16:10:13.384407,Nissan Tiida SL 1.8 2008,"10,6 s",192 km/h,,Manual,,,Dianteira,Injeção multiponto,Natural,1798 cm³,4 em linha,MR18DE,"Duplo no cabeçote, corrente",,,Transversal,Dianteiro,"9,7 kg/cv","69,0 kg/kgfm","69,0 cv/litro",124 cv a 5500 rpm,"9,9:1",,,"9,7 kgfm/litro","17,5 kgfm a 4800 rpm",4,1545 mm,1480 mm,1485 mm,4295 mm,2600 mm,1695 mm,1207 kg,289 litros,52 litros,120 mm,185/65 R15,Tambor,Elétrica,,"Independente, McPherson",Mola helicoidal,Eixo de torção,671 km,546 km,"12,9 km/l","10,5 km/l",6,,,"10,6 m","81,1 mm",84 mm,,Admissão,,"2,23 m²",,,"0,29",390 kg,,,,,,,,,,,,,,,,,,,,,,,,,,,,,,,,,,,,,,,,,,,,,,
nissan,Tiida,tiida,tiida-sl-1-8-at-2008,tiida-sl-1-8-at-2008,https://www.fichacompleta.com.br/carros/nissan/tiida-sl-1-8-at-2008,2026-06-15T16:10:17.446414,Nissan Tiida SL 1.8 AT 2008,"11,9 s",181 km/h,Conversor de torque,Automático,,,Dianteira,Injeção multiponto,Natural,1798 cm³,4 em linha,MR18DE,"Duplo no cabeçote, corrente","81,1 mm",84 mm,Transversal,Dianteiro,"9,8 kg/cv","69,7 kg/kgfm","69,0 cv/litro",124 cv a 5500 rpm,"9,9:1",,,"9,7 kgfm/litro","17,5 kgfm a 4800 rpm",4,1545 mm,1480 mm,1485 mm,4295 mm,2600 mm,1695 mm,1220 kg,289 litros,52 litros,120 mm,Disco ventilado,Tambor,Elétrica,,"Independente, McPherson",Mola helicoidal,Eixo de torção,671 km,530 km,"12,9 km/l","10,2 km/l",4,,,"10,6 m",,,,Admissão,,"2,23 m²","0,647 m²",,"0,29",390 kg,,,,145 mm,,,,,,,,,,,,,,,,,,,,,,,,,,,,,,,,,,,,,,,,,,
nissan,Tiida,tiida,tiida-s-1-8-2009,tiida-s-1-8-2009,https://www.fichacompleta.com.br/carros/nissan/tiida-s-1-8-2009,2026-06-15T16:10:22.048625,Nissan Tiida S 1.8 2009,"9,6 s",195 km/h,,Manual,,,Dianteira,Injeção multiponto,Natural,1798 cm³,4 em linha,MR18DE,"Duplo no cabeçote, corrente",,,Transversal,Dianteiro,"9,6 kg/cv","69,0 kg/kgfm","70,1 cv/litro",126 cv (A) 125 cv (G) a 5500 rpm,"9,9:1",,,"9,7 kgfm/litro","17,5 kgfm (A) 17,5 kgfm (G) a 4800 rpm",4,1545 mm,1480 mm,1485 mm,4295 mm,2600 mm,1695 mm,1207 kg,289 litros,52 litros,120 mm,Disco ventilado,Tambor,Elétrica,,"Independente, McPherson",Mola helicoidal,Eixo de torção,671 km,546 km,"12,9 km/l","10,5 km/l",6,,,"10,6 m","81,1 mm",84 mm,,Admissão,,"2,23 m²",,,"0,29",390 kg,,,,,,,,,,,,,,,,,,,,,,,,,,,,,,,,,452 km,364 km,"8,7 km/l",7 km/l,,,,,,,,,,
nissan,Tiida,tiida,tiida-s-1-8-at-2009,tiida-s-1-8-at-2009,https://www.fichacompleta.com.br/carros/nissan/tiida-s-1-8-at-2009,2026-06-15T16:10:25.700674,Nissan Tiida S 1.8 AT 2009,11 s,178 km/h,Conversor de torque,Automático,,4,Dianteira,Injeção multiponto,Natural,1798 cm³,4 em linha,MR18DE,Duplo no cabeçote,"81,1 mm",84 mm,Transversal,Dianteiro,"9,7 kg/cv","69,7 kg/kgfm","70,1 cv/litro",,"9,9:1",5200 rpm,4800 rpm,"9,7 kgfm/litro",,4,1545 mm,1480 mm,1485 mm,4295 mm,2600 mm,1695 mm,1220 kg,289 litros,52 litros,120 mm,Disco ventilado,Tambor,Elétrica,"10,6 m","Indep., McPherson",Mola helicoidal,Eixo de torção,671 km,530 km,"12,9 km/l","10,2 km/l",,,,,,,Corrente,Admissão,185/65 R15,"2,23 m²","0,647 m²","0,29",,390 kg,,,,145 mm,,,,,,,,,,,,,,,,,,,,,,,,,126 cv,125 cv,"17,5 kgfm","17,5 kgfm",473 km,359 km,"9,1 km/l","6,9 km/l",,,,,,,,,,
nissan,Tiida,tiida,tiida-sl-1-8-2009,tiida-sl-1-8-2009,https://www.fichacompleta.com.br/carros/nissan/tiida-sl-1-8-2009,2026-06-15T16:10:28.328896,Nissan Tiida SL 1.8 2009,"9,6 s",195 km/h,Embreagem monodisco a seco,Manual,,,Dianteira,Injeção multiponto,Natural,1798 cm³,4 em linha,MR18DE,"Duplo no cabeçote, corrente",,,Transversal,Dianteiro,"9,6 kg/cv","69,0 kg/kgfm","70,1 cv/litro",126 cv (A) 125 cv (G) a 5500 rpm,"9,9:1",,,"9,7 kgfm/litro","17,5 kgfm (A) 17,5 kgfm (G) a 4800 rpm",4,1545 mm,1480 mm,1485 mm,4295 mm,2600 mm,1695 mm,1207 kg,289 litros,52 litros,120 mm,Disco ventilado,Tambor,Elétrica,,"Independente, McPherson",Mola helicoidal,Eixo de torção,671 km,546 km,"12,9 km/l","10,5 km/l",6,,,"10,6 m","81,1 mm",84 mm,,Admissão,,"2,23 m²","0,647 m²",,"0,29",390 kg,,,,145 mm,,,,,,,,,,,,,,,,,,,,,,,,,,,,,452 km,364 km,"8,7 km/l",7 km/l,,,,,,,,,,
nissan,Tiida,tiida,tiida-sl-1-8-at-2009,tiida-sl-1-8-at-2009,https://www.fichacompleta.com.br/carros/nissan/tiida-sl-1-8-at-2009,2026-06-15T16:10:31.712754,Nissan Tiida SL 1.8 AT 2009,11 s,178 km/h,Conversor de torque,Automático,,,Dianteira,Injeção multiponto,Natural,1798 cm³,4 em linha,MR18DE,"Duplo no cabeçote, corrente",,,Transversal,Dianteiro,"10,0 kg/cv","72,0 kg/kgfm","70,1 cv/litro",126 cv (A) 125 cv (G) a 5200 rpm,"9,9:1",,,"9,7 kgfm/litro","17,5 kgfm (A) 17,5 kgfm (G) a 4800 rpm",4,1545 mm,1480 mm,1485 mm,4295 mm,2600 mm,1695 mm,1260 kg,289 litros,52 litros,120 mm,Disco ventilado,Tambor,Elétrica,,"Independente, McPherson",Mola helicoidal,Eixo de torção,671 km,530 km,"12,9 km/l","10,2 km/l",4,,,"10,6 m","81,1 mm",84 mm,,Admissão,,"2,23 m²","0,647 m²",,"0,29",390 kg,,,,145 mm,,,,,,,,,,,,,,,,,,,,,,,,,,,,,473 km,359 km,"9,1 km/l","6,9 km/l",,,,,,,,,,
nissan,Tiida,tiida,tiida-s-1-8-2010,tiida-s-1-8-2010,https://www.fichacompleta.com.br/carros/nissan/tiida-s-1-8-2010,2026-06-15T16:10:34.996300,Nissan Tiida S 1.8 2010,"9,6 s",195 km/h,Embreagem monodisco a seco,Manual,,,Dianteira,Injeção multiponto,Natural,1798 cm³,4 em linha,MR18DE,"Duplo no cabeçote, corrente","81,1 mm",84 mm,Transversal,Dianteiro,"9,6 kg/cv","69,0 kg/kgfm","70,1 cv/litro",126 cv (A) 125 cv (G) a 5200 rpm,"9,9:1",,,"9,7 kgfm/litro","17,5 kgfm (A) 17,5 kgfm (G) a 4800 rpm",4,1545 mm,1480 mm,1485 mm,4295 mm,2600 mm,1695 mm,1207 kg,289 litros,52 litros,120 mm,Disco ventilado,Tambor,Elétrica,,"Independente, McPherson",Mola helicoidal,Eixo de torção,671 km,546 km,"12,9 km/l","10,5 km/l",6,,,"10,6 m",,,,Admissão,,"2,23 m²","0,647 m²",,"0,29",390 kg,,,,145 mm,,,,,,,,,,,,,,,,,,,,,,,,,,,,,452 km,364 km,"8,7 km/l",7 km/l,,,,,,,,,,
nissan,Tiida,tiida,tiida-sl-1-8-2010,tiida-sl-1-8-2010,https://www.fichacompleta.com.br/carros/nissan/tiida-sl-1-8-2010,2026-06-15T16:10:37.573061,Nissan Tiida SL 1.8 2010,"9,6 s",195 km/h,Embreagem monodisco a seco,Manual,,,Dianteira,Injeção multiponto,Natural,1798 cm³,4 em linha,MR18DE,"Duplo no cabeçote, corrente","81,1 mm",84 mm,Transversal,Dianteiro,"9,6 kg/cv","69,0 kg/kgfm","70,1 cv/litro",126 cv (A) 125 cv (G) a 5200 rpm,"9,9:1",,,"9,7 kgfm/litro","17,5 kgfm (A) 17,5 kgfm (G) a 4800 rpm",4,1545 mm,1480 mm,1485 mm,4295 mm,2600 mm,1695 mm,1207 kg,289 litros,52 litros,107 mm,Disco ventilado,Tambor,Elétrica,,"Independente, McPherson",Mola helicoidal,Eixo de torção,671 km,546 km,"12,9 km/l","10,5 km/l",6,,,"10,6 m",,,,Admissão,,"2,23 m²","0,647 m²",,"0,29",390 kg,,,,145 mm,,,,,,,,,,,,,,,,,,,,,,,,,,,,,452 km,364 km,"8,7 km/l",7 km/l,,,,,,,,,,
nissan,Tiida,tiida,tiida-sl-1-8-at-2010,tiida-sl-1-8-at-2010,https://www.fichacompleta.com.br/carros/nissan/tiida-sl-1-8-at-2010,2026-06-15T16:10:42.374736,Nissan Tiida SL 1.8 AT 2010,11 s,178 km/h,Conversor de torque,Automático,,,Dianteira,Injeção multiponto,Natural,1798 cm³,4 em linha,MR18DE,"Duplo no cabeçote, corrente","81,1 mm",84 mm,Transversal,Dianteiro,"10,0 kg/cv","72,0 kg/kgfm","70,1 cv/litro",126 cv (A) 125 cv (G) a 5200 rpm,"9,9:1",,,"9,7 kgfm/litro","17,5 kgfm (A) 17,5 kgfm (G) a 4800 rpm",4,1545 mm,1480 mm,1485 mm,4295 mm,2600 mm,1695 mm,1260 kg,289 litros,52 litros,107 mm,Disco ventilado,Tambor,Elétrica,,"Independente, McPherson",Mola helicoidal,Eixo de torção,671 km,530 km,"12,9 km/l","10,2 km/l",4,,,"10,6 m",,,,Admissão,,"2,23 m²","0,647 m²",,"0,29",390 kg,,,,145 mm,,,,,,,,,,,,,,,,,,,,,,,,,,,,,473 km,359 km,"9,1 km/l","6,9 km/l",,,,,,,,,,
nissan,Tiida,tiida,tiida-s-1-8-2011,tiida-s-1-8-2011,https://www.fichacompleta.com.br/carros/nissan/tiida-s-1-8-2011,2026-06-15T16:10:45.891324,Nissan Tiida S 1.8 2011,"9,6 s",195 km/h,Embreagem monodisco a seco,Manual,,6,Dianteira,Injeção multiponto,Natural,1798 cm³,4 em linha,MR18DE,Duplo no cabeçote,"81,1 mm",84 mm,Transversal,Dianteiro,"9,6 kg/cv","69,0 kg/kgfm","70,1 cv/litro",126 cv (A) 125 cv (G) a 5200 rpm,"9,9:1",,,"9,7 kgfm/litro","17,5 kgfm (A) 17,5 kgfm (G) a 4800 rpm",4,1545 mm,1480 mm,1485 mm,4295 mm,2600 mm,1695 mm,1207 kg,289 litros,52 litros,120 mm,Disco ventilado,Tambor,Elétrica,"10,6 m","Indep., McPherson",Mola helicoidal,Eixo de torção,671 km,546 km,"12,9 km/l","10,5 km/l",6,5200 rpm,4800 rpm,"10,6 m",,,Corrente,Admissão,185/65 R15,"2,23 m²","0,647 m²","0,29","0,29",390 kg,,,,145 mm,,,,,,,,,,,,,,,,,,,,,,,,,126 cv,125 cv,"17,5 kgfm","17,5 kgfm",452 km,364 km,"8,7 km/l",7 km/l,,,,,,,,,,
nissan,Tiida,tiida,tiida-sl-1-8-2011,tiida-sl-1-8-2011,https://www.fichacompleta.com.br/carros/nissan/tiida-sl-1-8-2011,2026-06-15T16:10:49.510929,Nissan Tiida SL 1.8 2011,"9,6 s",195 km/h,Embreagem monodisco a seco,Manual,,,Dianteira,Injeção multiponto,Natural,1798 cm³,4 em linha,MR18DE,"Duplo no cabeçote, corrente","81,1 mm",84 mm,Transversal,Dianteiro,"9,6 kg/cv","69,0 kg/kgfm","70,1 cv/litro",126 cv (A) 125 cv (G) a 5200 rpm,"9,9:1",,,"9,7 kgfm/litro","17,5 kgfm (A) 17,5 kgfm (G) a 4800 rpm",4,1545 mm,1480 mm,1485 mm,4295 mm,2600 mm,1695 mm,1207 kg,289 litros,52 litros,107 mm,Disco ventilado,Tambor,Elétrica,,"Independente, McPherson",Mola helicoidal,Eixo de torção,671 km,546 km,"12,9 km/l","10,5 km/l",6,,,"10,6 m",,,,Admissão,,"2,23 m²","0,647 m²",,"0,29",390 kg,,,,145 mm,,,,,,,,,,,,,,,,,,,,,,,,,,,,,452 km,364 km,"8,7 km/l",7 km/l,,,,,,,,,,
nissan,Tiida,tiida,tiida-sl-1-8-at-2011,tiida-sl-1-8-at-2011,https://www.fichacompleta.com.br/carros/nissan/tiida-sl-1-8-at-2011,2026-06-15T16:10:52.613897,Nissan Tiida SL 1.8 AT 2011,11 s,178 km/h,Conversor de torque,Automático,,4,Dianteira,Injeção multiponto,Natural,1798 cm³,4 em linha,MR18DE,Duplo no cabeçote,"81,1 mm",84 mm,Transversal,Dianteiro,"10,0 kg/cv","72,0 kg/kgfm","70,1 cv/litro",126 cv (A) 125 cv (G) a 5200 rpm,"9,9:1",,,"9,7 kgfm/litro","17,5 kgfm (A) 17,5 kgfm (G) a 4800 rpm",4,1545 mm,1480 mm,1485 mm,4295 mm,2600 mm,1695 mm,1260 kg,289 litros,52 litros,107 mm,Disco ventilado,Tambor,Elétrica,"10,6 m","Indep., McPherson",Mola helicoidal,Eixo de torção,671 km,530 km,"12,9 km/l","10,2 km/l",4,5200 rpm,4800 rpm,"10,6 m",,,Corrente,Admissão,185/65 R15,"2,23 m²","0,647 m²","0,29","0,29",390 kg,,,,145 mm,,,,,,,,,,,,,,,,,,,,,,,,,126 cv,125 cv,"17,5 kgfm","17,5 kgfm",473 km,359 km,"9,1 km/l","6,9 km/l",,,,,,,,,,
nissan,Tiida,tiida,tiida-s-1-8-2012,tiida-s-1-8-2012,https://www.fichacompleta.com.br/carros/nissan/tiida-s-1-8-2012,2026-06-15T16:10:56.729885,Nissan Tiida S 1.8 2012,"9,6 s",195 km/h,Embreagem monodisco a seco,Manual,,6,Dianteira,Injeção multiponto,Natural,1798 cm³,4 em linha,MR18DE,Duplo no cabeçote,"81,1 mm",84 mm,Transversal,Dianteiro,"9,6 kg/cv","69,0 kg/kgfm","70,1 cv/litro",,"9,9:1",5200 rpm,4800 rpm,"9,7 kgfm/litro",,4,1545 mm,1480 mm,1485 mm,4295 mm,2600 mm,1695 mm,1207 kg,289 litros,52 litros,120 mm,Disco ventilado,Tambor,Elétrica,"10,6 m","Indep., McPherson",Mola helicoidal,Eixo de torção,671 km,546 km,"12,9 km/l","10,5 km/l",,,,,,,Corrente,Admissão,185/65 R15,"2,23 m²","0,647 m²","0,29",,390 kg,,,,145 mm,,,,,,,,,,,,,,,,,,,,,,,,,126 cv,125 cv,"17,5 kgfm","17,5 kgfm",452 km,364 km,"8,7 km/l",7 km/l,,,,,,,,,,
nissan,Tiida,tiida,tiida-sl-1-8-2012,tiida-sl-1-8-2012,https://www.fichacompleta.com.br/carros/nissan/tiida-sl-1-8-2012,2026-06-15T16:11:01.390623,Nissan Tiida SL 1.8 2012,"9,6 s",195 km/h,Embreagem monodisco a seco,Manual,,6,Dianteira,Injeção multiponto,Natural,1798 cm³,4 em linha,MR18DE,Duplo no cabeçote,"81,1 mm",84 mm,Transversal,Dianteiro,"9,6 kg/cv","69,0 kg/kgfm","70,1 cv/litro",,"9,9:1",5200 rpm,4800 rpm,"9,7 kgfm/litro",,4,1545 mm,1480 mm,1485 mm,4295 mm,2600 mm,1695 mm,1207 kg,289 litros,52 litros,107 mm,Disco ventilado,Tambor,Elétrica,"10,6 m","Indep., McPherson",Mola helicoidal,Eixo de torção,671 km,546 km,"12,9 km/l","10,5 km/l",,,,,,,Corrente,Admissão,185/65 R15,"2,23 m²","0,647 m²","0,29",,390 kg,,,,145 mm,,,,,,,,,,,,,,,,,,,,,,,,,126 cv,125 cv,"17,5 kgfm","17,5 kgfm",452 km,364 km,"8,7 km/l",7 km/l,,,,,,,,,,
nissan,Tiida,tiida,tiida-sl-1-8-at-2012,tiida-sl-1-8-at-2012,https://www.fichacompleta.com.br/carros/nissan/tiida-sl-1-8-at-2012,2026-06-15T16:11:04.736517,Nissan Tiida SL 1.8 AT 2012,11 s,178 km/h,Conversor de torque,Automático,,,Dianteira,Injeção multiponto,Natural,1798 cm³,4 em linha,MR18DE,"Duplo no cabeçote, corrente","81,1 mm",84 mm,Transversal,Dianteiro,"10,0 kg/cv","72,0 kg/kgfm","70,1 cv/litro",126 cv (A) 125 cv (G) a 5200 rpm,"9,9:1",,,"9,7 kgfm/litro","17,5 kgfm (A) 17,5 kgfm (G) a 4800 rpm",4,1545 mm,1480 mm,1485 mm,4295 mm,2600 mm,1695 mm,1260 kg,289 litros,52 litros,107 mm,Disco ventilado,Tambor,Elétrica,,"Independente, McPherson",Mola helicoidal,Eixo de torção,671 km,530 km,"12,9 km/l","10,2 km/l",4,,,"10,6 m",,,,Admissão,,"2,23 m²","0,647 m²",,"0,29",390 kg,,,,145 mm,,,,,,,,,,,,,,,,,,,,,,,,,,,,,473 km,359 km,"9,1 km/l","6,9 km/l",,,,,,,,,,
nissan,Tiida,tiida,tiida-s-1-8-2013,tiida-s-1-8-2013,https://www.fichacompleta.com.br/carros/nissan/tiida-s-1-8-2013,2026-06-15T16:11:07.547831,Nissan Tiida S 1.8 2013,"9,6 s",195 km/h,Embreagem monodisco a seco,Manual,,,Dianteira,Injeção multiponto,Natural,1798 cm³,4 em linha,MR18DE,"Duplo no cabeçote, corrente","81,1 mm",84 mm,Transversal,Dianteiro,"9,6 kg/cv","69,0 kg/kgfm","70,1 cv/litro",126 cv (A) 125 cv (G) a 5200 rpm,"9,9:1",,,"9,7 kgfm/litro","17,5 kgfm (A) 17,5 kgfm (G) a 4800 rpm",4,1545 mm,1480 mm,1485 mm,4295 mm,2600 mm,1695 mm,1207 kg,289 litros,52 litros,120 mm,Disco ventilado,Tambor,Elétrica,,"Independente, McPherson",Mola helicoidal,Eixo de torção,671 km,546 km,"12,9 km/l","10,5 km/l",6,,,"10,6 m",,,,Admissão,,"2,23 m²","0,647 m²",,"0,29",390 kg,,,,145 mm,,,,,,,,,,,,,,,,,,,,,,,,,,,,,452 km,364 km,"8,7 km/l",7 km/l,,,,,,,,,,
nissan,Tiida,tiida,tiida-sl-1-8-2013,tiida-sl-1-8-2013,https://www.fichacompleta.com.br/carros/nissan/tiida-sl-1-8-2013,2026-06-15T16:11:11.394032,Nissan Tiida SL 1.8 2013,"9,6 s",195 km/h,Embreagem monodisco a seco,Manual,,,Dianteira,Injeção multiponto,Natural,1798 cm³,4 em linha,MR18DE,"Duplo no cabeçote, corrente","81,1 mm",84 mm,Transversal,Dianteiro,"9,6 kg/cv","69,0 kg/kgfm","70,1 cv/litro",126 cv (A) 125 cv (G) a 5200 rpm,"9,9:1",,,"9,7 kgfm/litro","17,5 kgfm (A) 17,5 kgfm (G) a 4800 rpm",4,1545 mm,1480 mm,1485 mm,4295 mm,2600 mm,1695 mm,1207 kg,289 litros,52 litros,107 mm,Disco ventilado,Tambor,Elétrica,,"Independente, McPherson",Mola helicoidal,Eixo de torção,671 km,546 km,"12,9 km/l","10,5 km/l",6,,,"10,6 m",,,,Admissão,,"2,23 m²","0,647 m²",,"0,29",390 kg,,,,145 mm,,,,,,,,,,,,,,,,,,,,,,,,,,,,,452 km,364 km,"8,7 km/l",7 km/l,,,,,,,,,,
nissan,Tiida,tiida,tiida-sl-1-8-at-2013,tiida-sl-1-8-at-2013,https://www.fichacompleta.com.br/carros/nissan/tiida-sl-1-8-at-2013,2026-06-15T16:11:15.111090,Nissan Tiida SL 1.8 AT 2013,11 s,178 km/h,Conversor de torque,Automático,,,Dianteira,Injeção multiponto,Natural,1798 cm³,4 em linha,MR18DE,"Duplo no cabeçote, corrente","81,1 mm",84 mm,Transversal,Dianteiro,"10,0 kg/cv","72,0 kg/kgfm","70,1 cv/litro",126 cv (A) 125 cv (G) a 5200 rpm,"9,9:1",,,"9,7 kgfm/litro","17,5 kgfm (A) 17,5 kgfm (G) a 4800 rpm",4,1545 mm,1480 mm,1485 mm,4295 mm,2600 mm,1695 mm,1260 kg,289 litros,52 litros,107 mm,Disco ventilado,Tambor,Elétrica,,"Independente, McPherson",Mola helicoidal,Eixo de torção,671 km,530 km,"12,9 km/l","10,2 km/l",4,,,"10,6 m",,,,Admissão,,"2,23 m²","0,647 m²",,"0,29",390 kg,,,,145 mm,,,,,,,,,,,,,,,,,,,,,,,,,,,,,473 km,359 km,"9,1 km/l","6,9 km/l",,,,,,,,,,
nissan,Tiida Sedan,tiida-sedan,tiida-sedan-1-8-2011,tiida-sedan-1-8-2011,https://www.fichacompleta.com.br/carros/nissan/tiida-sedan-1-8-2011,2026-06-15T16:11:34.586721,Nissan Tiida Sedan 1.8 2011,"10,5 s",190 km/h,Embreagem monodisco a seco,Manual,,6,Dianteira,Injeção multiponto,Natural,1798 cm³,4 em linha,MR18DE,Duplo no cabeçote,"81,1 mm",84 mm,Transversal,Dianteiro,"9,3 kg/cv","67,2 kg/kgfm","70,1 cv/litro",126 cv (A) 125 cv (G) a 5200 rpm,"9,9:1",,,"9,7 kgfm/litro","17,5 kgfm (A) 17,5 kgfm (G) a 4800 rpm",4,1547 mm,1480 mm,1485 mm,4472 mm,2600 mm,1695 mm,1176 kg,467 litros,52 litros,120 mm,Disco ventilado,Tambor,Elétrica,"10,6 m","Indep., McPherson",Mola helicoidal,Eixo de torção,671 km,546 km,"12,9 km/l","10,5 km/l",6,5200 rpm,4800 rpm,"10,6 m",,,Corrente,Admissão,185/65 R15,"2,23 m²","0,647 m²","0,29","0,29",390 kg,,,,145 mm,,,,,,,,,,,,,,,,,,,,,,,,,126 cv,125 cv,"17,5 kgfm","17,5 kgfm",452 km,374 km,"8,7 km/l","7,2 km/l",,,,,,,,,,
nissan,Tiida Sedan,tiida-sedan,tiida-sedan-1-8-2012,tiida-sedan-1-8-2012,https://www.fichacompleta.com.br/carros/nissan/tiida-sedan-1-8-2012,2026-06-15T16:11:38.005157,Nissan Tiida Sedan 1.8 2012,"10,5 s",190 km/h,Embreagem monodisco a seco,Manual,,,Dianteira,Injeção multiponto,Natural,1798 cm³,4 em linha,MR18DE,"Duplo no cabeçote, corrente","81,1 mm",84 mm,Transversal,Dianteiro,"9,3 kg/cv","67,2 kg/kgfm","70,1 cv/litro",126 cv (A) 125 cv (G) a 5200 rpm,"9,9:1",,,"9,7 kgfm/litro","17,5 kgfm (A) 17,5 kgfm (G) a 4800 rpm",4,1547 mm,1480 mm,1485 mm,4472 mm,2600 mm,1695 mm,1176 kg,467 litros,52 litros,120 mm,Disco ventilado,Tambor,Elétrica,,"Independente, McPherson",Mola helicoidal,Eixo de torção,671 km,546 km,"12,9 km/l","10,5 km/l",6,,,"10,6 m",,,,Admissão,,"2,23 m²","0,647 m²",,"0,29",390 kg,,,,145 mm,,,,,,,,,,,,,,,,,,,,,,,,,,,,,452 km,374 km,"8,7 km/l","7,2 km/l",,,,,,,,,,
nissan,Tiida Sedan,tiida-sedan,tiida-sedan-1-8-2013,tiida-sedan-1-8-2013,https://www.fichacompleta.com.br/carros/nissan/tiida-sedan-1-8-2013,2026-06-15T16:11:42.466596,Nissan Tiida Sedan 1.8 2013,"10,5 s",190 km/h,Embreagem monodisco a seco,Manual,,,Dianteira,Injeção multiponto,Natural,1798 cm³,4 em linha,MR18DE,"Duplo no cabeçote, corrente","81,1 mm",84 mm,Transversal,Dianteiro,"9,3 kg/cv","67,2 kg/kgfm","70,1 cv/litro",126 cv (A) 125 cv (G) a 5200 rpm,"9,9:1",,,"9,7 kgfm/litro","17,5 kgfm (A) 17,5 kgfm (G) a 4800 rpm",4,1547 mm,1480 mm,1485 mm,4472 mm,2600 mm,1695 mm,1176 kg,467 litros,52 litros,120 mm,Disco ventilado,Tambor,Elétrica,,"Independente, McPherson",Mola helicoidal,Eixo de torção,671 km,546 km,"12,9 km/l","10,5 km/l",6,,,"10,6 m",,,,Admissão,,"2,23 m²","0,647 m²",,"0,29",390 kg,,,,145 mm,,,,,,,,,,,,,,,,,,,,,,,,,,,,,452 km,374 km,"8,7 km/l","7,2 km/l",,,,,,,,,,
nissan,Tiida Sedan,tiida-sedan,tiida-sedan-1-8-at-2013,tiida-sedan-1-8-at-2013,https://www.fichacompleta.com.br/carros/nissan/tiida-sedan-1-8-at-2013,2026-06-15T16:11:46.218528,Nissan Tiida Sedan 1.8 AT 2013,11 s,178 km/h,Conversor de torque,Automático,,,Dianteira,Injeção multiponto,Natural,1798 cm³,4 em linha,MR18DE,"Duplo no cabeçote, corrente","81,1 mm",84 mm,Transversal,Dianteiro,"9,5 kg/cv","68,6 kg/kgfm","70,1 cv/litro",126 cv (A) 125 cv (G) a 5200 rpm,"9,9:1",,,"9,7 kgfm/litro","17,5 kgfm (A) 17,5 kgfm (G) a 4800 rpm",4,1547 mm,1480 mm,1485 mm,4472 mm,2600 mm,1695 mm,1200 kg,467 litros,52 litros,120 mm,Disco ventilado,Tambor,Elétrica,,"Independente, McPherson",Mola helicoidal,Eixo de torção,671 km,530 km,"12,9 km/l","10,2 km/l",4,,,"10,6 m",,,,Admissão,,"2,23 m²","0,647 m²",,"0,29",390 kg,,,,145 mm,,,,,,,,,,,,,,,,,,,,,,,,,,,,,473 km,359 km,"9,1 km/l","6,9 km/l",,,,,,,,,,
nissan,Versa,versa,versa-s-1-6-2012,versa-s-1-6-2012,https://www.fichacompleta.com.br/carros/nissan/versa-s-1-6-2012,2026-06-15T16:12:03.347829,Nissan Versa S 1.6 2012,"10,7 s",189 km/h,Embreagem monodisco a seco,Manual,,5,Dianteira,Injeção multiponto,Natural,1598 cm³,4 em linha,HR16DE,Duplo no cabeçote,"83,6 mm",78 mm,Transversal,Dianteiro,"9,5 kg/cv","69,7 kg/kgfm","69,5 cv/litro",111 cv (A) 111 cv (G) a 5600 rpm,"9,8:1",,,"9,4 kgfm/litro","15,1 kgfm (A) 15,1 kgfm (G) a 4000 rpm",4,1514 mm,1480 mm,1485 mm,4455 mm,2600 mm,1695 mm,1052 kg,460 litros,41 litros,120 mm,Disco ventilado,Tambor,Elétrica,"10,6 m","Indep., McPherson",Mola helicoidal,Eixo de torção,570 km,480 km,"13,9 km/l","11,7 km/l",5,5600 rpm,4000 rpm,"10,6 m",,,Corrente,Admissão,185/65 R15,"2,18 m²","0,693 m²","0,318","0,318",,6750 rpm,,,,,,,,,,,,,,,,,,,,,,,,,,,Mecânicos,111 cv,111 cv,"15,1 kgfm","15,1 kgfm",381 km,320 km,"9,3 km/l","7,8 km/l",,,,,,,,,,
nissan,Versa,versa,versa-sl-1-6-2012,versa-sl-1-6-2012,https://www.fichacompleta.com.br/carros/nissan/versa-sl-1-6-2012,2026-06-15T16:12:06.201419,Nissan Versa SL 1.6 2012,"10,7 s",189 km/h,Embreagem monodisco a seco,Manual,,5,Dianteira,Injeção multiponto,Natural,1598 cm³,4 em linha,HR16DE,Duplo no cabeçote,"83,6 mm",78 mm,Transversal,Dianteiro,"9,6 kg/cv","70,8 kg/kgfm","69,5 cv/litro",111 cv (A) 111 cv (G) a 5600 rpm,"9,8:1",,,"9,4 kgfm/litro","15,1 kgfm (A) 15,1 kgfm (G) a 4000 rpm",4,1514 mm,1480 mm,1485 mm,4455 mm,2600 mm,1695 mm,1069 kg,460 litros,41 litros,120 mm,Disco ventilado,Tambor,Elétrica,"10,6 m",,,,570 km,480 km,"13,9 km/l","11,7 km/l",5,5600 rpm,4000 rpm,"10,6 m",,,Corrente,Admissão,185/65 R15,"2,18 m²","0,693 m²","0,318","0,318",,6750 rpm,,,,,,,,,,,,,,,,,,,,,,,,,,,Mecânicos,111 cv,111 cv,"15,1 kgfm","15,1 kgfm",381 km,320 km,"9,3 km/l","7,8 km/l",,,,,,,,,,
nissan,Versa,versa,versa-sv-1-6-2012,versa-sv-1-6-2012,https://www.fichacompleta.com.br/carros/nissan/versa-sv-1-6-2012,2026-06-15T16:12:09.268684,Nissan Versa SV 1.6 2012,"10,7 s",189 km/h,Embreagem monodisco a seco,Manual,,,Dianteira,Injeção multiponto,Natural,1598 cm³,4 em linha,HR16DE,"Duplo no cabeçote, corrente",,,Transversal,Dianteiro,"9,5 kg/cv","69,7 kg/kgfm","69,5 cv/litro",111 cv (A) 111 cv (G) a 5600 rpm,"9,8:1",,,"9,4 kgfm/litro","15,1 kgfm (A) 15,1 kgfm (G) a 4000 rpm",4,1514 mm,1480 mm,1485 mm,4455 mm,2600 mm,1695 mm,1052 kg,460 litros,41 litros,120 mm,Disco ventilado,Tambor,Elétrica,,"Independente, McPherson",Mola helicoidal,Eixo de torção,570 km,480 km,"13,9 km/l","11,7 km/l",5,,,"10,6 m","83,6 mm",78 mm,,Admissão,185/65 R15,"2,18 m²","0,693 m²",,"0,318",,6750 rpm,,,,,,,,,,,,,,,,,,,,,,,,,,,Mecânicos,,,,,381 km,320 km,"9,3 km/l","7,8 km/l",,,,,,,,,,
nissan,Versa,versa,versa-s-1-6-2013,versa-s-1-6-2013,https://www.fichacompleta.com.br/carros/nissan/versa-s-1-6-2013,2026-06-15T16:12:13.645645,Nissan Versa S 1.6 2013,"10,7 s",189 km/h,Embreagem monodisco a seco,Manual,,,Dianteira,Injeção multiponto,Natural,1598 cm³,4 em linha,HR16DE,"Duplo no cabeçote, corrente","83,6 mm",78 mm,Transversal,Dianteiro,"9,5 kg/cv","69,7 kg/kgfm","69,5 cv/litro",111 cv (A) 111 cv (G) a 5600 rpm,"9,8:1",,,"9,4 kgfm/litro","15,1 kgfm (A) 15,1 kgfm (G) a 4000 rpm",4,1514 mm,1480 mm,1485 mm,4455 mm,2600 mm,1695 mm,1052 kg,460 litros,41 litros,120 mm,Disco ventilado,Tambor,Elétrica,,"Independente, McPherson",Mola helicoidal,Eixo de torção,570 km,480 km,"13,9 km/l","11,7 km/l",5,,,"10,6 m",,,,Admissão,185/65 R15,"2,18 m²","0,693 m²",,"0,318",,6750 rpm,,,,,,,,,,,,,,,,,,,,,,,,,,,Mecânicos,,,,,381 km,320 km,"9,3 km/l","7,8 km/l",,,,,,,,,,
nissan,Versa,versa,versa-sl-1-6-2013,versa-sl-1-6-2013,https://www.fichacompleta.com.br/carros/nissan/versa-sl-1-6-2013,2026-06-15T16:12:17.305925,Nissan Versa SL 1.6 2013,"10,7 s",189 km/h,Embreagem monodisco a seco,Manual,,,Dianteira,Injeção multiponto,Natural,1598 cm³,4 em linha,HR16DE,"Duplo no cabeçote, corrente","83,6 mm",78 mm,Transversal,Dianteiro,"9,6 kg/cv","70,8 kg/kgfm","69,5 cv/litro",111 cv (A) 111 cv (G) a 5600 rpm,"9,8:1",,,"9,4 kgfm/litro","15,1 kgfm (A) 15,1 kgfm (G) a 4000 rpm",4,1514 mm,1480 mm,1485 mm,4455 mm,2600 mm,1695 mm,1069 kg,460 litros,41 litros,120 mm,Disco ventilado,Tambor,Elétrica,,,,,570 km,480 km,"13,9 km/l","11,7 km/l",5,,,"10,6 m",,,,Admissão,185/65 R15,"2,18 m²","0,693 m²",,"0,318",,6750 rpm,,,,,,,,,,,,,,,,,,,,,,,,,,,Mecânicos,,,,,381 km,320 km,"9,3 km/l","7,8 km/l",,,,,,,,,,
nissan,Versa,versa,versa-sv-1-6-2013,versa-sv-1-6-2013,https://www.fichacompleta.com.br/carros/nissan/versa-sv-1-6-2013,2026-06-15T16:12:21.898737,Nissan Versa SV 1.6 2013,"10,7 s",189 km/h,Embreagem monodisco a seco,Manual,,,Dianteira,Injeção multiponto,Natural,1598 cm³,4 em linha,HR16DE,"Duplo no cabeçote, corrente","83,6 mm",78 mm,Transversal,Dianteiro,"9,5 kg/cv","69,7 kg/kgfm","69,5 cv/litro",111 cv (A) 111 cv (G) a 5600 rpm,"9,8:1",,,"9,4 kgfm/litro","15,1 kgfm (A) 15,1 kgfm (G) a 4000 rpm",4,1514 mm,1480 mm,1485 mm,4455 mm,2600 mm,1695 mm,1052 kg,460 litros,41 litros,120 mm,Disco ventilado,Tambor,Elétrica,,"Independente, McPherson",Mola helicoidal,Eixo de torção,570 km,480 km,"13,9 km/l","11,7 km/l",5,,,"10,6 m",,,,Admissão,185/65 R15,"2,18 m²","0,693 m²",,"0,318",,6750 rpm,,,,,,,,,,,,,,,,,,,,,,,,,,,Mecânicos,,,,,381 km,320 km,"9,3 km/l","7,8 km/l",,,,,,,,,,
nissan,Versa,versa,versa-s-1-6-2014,versa-s-1-6-2014,https://www.fichacompleta.com.br/carros/nissan/versa-s-1-6-2014,2026-06-15T16:12:25.795956,Nissan Versa S 1.6 2014,"10,7 s",189 km/h,Embreagem monodisco a seco,Manual,,,Dianteira,Injeção multiponto,Natural,1598 cm³,4 em linha,HR16DE,"Duplo no cabeçote, corrente",,,Transversal,Dianteiro,"9,5 kg/cv","69,7 kg/kgfm","69,5 cv/litro",111 cv (A) 111 cv (G) a 5600 rpm,"9,8:1",,,"9,4 kgfm/litro","15,1 kgfm (A) 15,1 kgfm (G) a 4000 rpm",4,1514 mm,1480 mm,1485 mm,4455 mm,2600 mm,1695 mm,1052 kg,460 litros,41 litros,120 mm,Disco ventilado,Tambor,Elétrica,,"Independente, McPherson",Mola helicoidal,Eixo de torção,570 km,480 km,"13,9 km/l","11,7 km/l",5,,,"10,6 m","83,6 mm",78 mm,,Admissão,185/65 R15,"2,18 m²","0,693 m²",,"0,318",,6750 rpm,,,,,,,,,,,,,,,,,,,,,,,,,,,Mecânicos,,,,,381 km,320 km,"9,3 km/l","7,8 km/l",,,,,,,,,,
nissan,Versa,versa,versa-sl-1-6-2014,versa-sl-1-6-2014,https://www.fichacompleta.com.br/carros/nissan/versa-sl-1-6-2014,2026-06-15T16:12:30.322916,Nissan Versa SL 1.6 2014,"10,7 s",189 km/h,Embreagem monodisco a seco,Manual,,,Dianteira,Injeção multiponto,Natural,1598 cm³,4 em linha,HR16DE,"Duplo no cabeçote, corrente","83,6 mm",78 mm,Transversal,Dianteiro,"9,6 kg/cv","70,8 kg/kgfm","69,5 cv/litro",111 cv (A) 111 cv (G) a 5600 rpm,"9,8:1",,,"9,4 kgfm/litro","15,1 kgfm (A) 15,1 kgfm (G) a 4000 rpm",4,1514 mm,1480 mm,1485 mm,4455 mm,2600 mm,1695 mm,1069 kg,460 litros,41 litros,120 mm,Disco ventilado,Tambor,Elétrica,,,,,570 km,480 km,"13,9 km/l","11,7 km/l",5,,,"10,6 m",,,,Admissão,185/65 R15,"2,18 m²","0,693 m²",,"0,318",,6750 rpm,,,,,,,,,,,,,,,,,,,,,,,,,,,Mecânicos,,,,,381 km,320 km,"9,3 km/l","7,8 km/l",,,,,,,,,,
nissan,Versa,versa,versa-sv-1-6-2014,versa-sv-1-6-2014,https://www.fichacompleta.com.br/carros/nissan/versa-sv-1-6-2014,2026-06-15T16:12:32.813006,Nissan Versa SV 1.6 2014,"10,7 s",189 km/h,Embreagem monodisco a seco,Manual,,,Dianteira,Injeção multiponto,Natural,1598 cm³,4 em linha,HR16DE,"Duplo no cabeçote, corrente","83,6 mm",78 mm,Transversal,Dianteiro,"9,5 kg/cv","69,7 kg/kgfm","69,5 cv/litro",111 cv (A) 111 cv (G) a 5600 rpm,"9,8:1",,,"9,4 kgfm/litro","15,1 kgfm (A) 15,1 kgfm (G) a 4000 rpm",4,1514 mm,1480 mm,1485 mm,4455 mm,2600 mm,1695 mm,1052 kg,460 litros,41 litros,120 mm,Disco ventilado,Tambor,Elétrica,,"Independente, McPherson",Mola helicoidal,Eixo de torção,570 km,480 km,"13,9 km/l","11,7 km/l",5,,,"10,6 m",,,,Admissão,185/65 R15,"2,18 m²","0,693 m²",,"0,318",,6750 rpm,,,,,,,,,,,,,,,,,,,,,,,,,,,Mecânicos,,,,,381 km,320 km,"9,3 km/l","7,8 km/l",,,,,,,,,,
nissan,Versa,versa,versa-1-0-2016,versa-1-0-2016,https://www.fichacompleta.com.br/carros/nissan/versa-1-0-2016,2026-06-15T16:12:37.105837,Nissan Versa 1.0 2016,16 s,162 km/h,Embreagem monodisco a seco,Manual,,,Dianteira,Injeção multiponto,Natural,999 cm³,3 em linha,HR10,"Duplo no cabeçote, corrente","69,7 mm",78 mm,Transversal,Dianteiro,"13,7 kg/cv","105,6 kg/kgfm","77,1 cv/litro",77 cv (A) 77 cv (G) a 6200 rpm,"11,2:1",,,"10,0 kgfm/litro",10 kgfm (A) 10 kgfm (G) a 4000 rpm,4,1506 mm,1480 mm,1485 mm,4492 mm,2600 mm,1695 mm,1056 kg,460 litros,41 litros,120 mm,Disco ventilado,Tambor,Elétrica,,"Independente, McPherson",Mola helicoidal,Eixo de torção,627 km,529 km,"15,3 km/l","12,9 km/l",5,,,"10,6 m",,,,Admissão,165/70 R14,"2,17 m²","0,690 m²",,"0,318",,6800 rpm,,,,,,,,,,,,,,,,,,,,,,,,,,,Hidráulicos,,,,,431 km,361 km,"10,5 km/l","8,8 km/l",,,,,,,,,,
nissan,Versa,versa,versa-s-1-0-2016,versa-s-1-0-2016,https://www.fichacompleta.com.br/carros/nissan/versa-s-1-0-2016,2026-06-15T16:12:40.991966,Nissan Versa S 1.0 2016,16 s,162 km/h,Embreagem monodisco a seco,Manual,,,Dianteira,Injeção multiponto,Natural,999 cm³,3 em linha,HR10,"Duplo no cabeçote, corrente","69,7 mm",78 mm,Transversal,Dianteiro,"13,7 kg/cv","105,6 kg/kgfm","77,1 cv/litro",77 cv (A) 77 cv (G) a 6200 rpm,"11,2:1",,,"10,0 kgfm/litro",10 kgfm (A) 10 kgfm (G) a 4000 rpm,4,1506 mm,1480 mm,1485 mm,4492 mm,2600 mm,1695 mm,1056 kg,460 litros,41 litros,120 mm,Disco ventilado,Tambor,Elétrica,,"Independente, McPherson",Mola helicoidal,Eixo de torção,627 km,529 km,"15,3 km/l","12,9 km/l",5,,,"10,6 m",,,,Admissão,165/70 R14,"2,17 m²","0,690 m²",,"0,318",,6800 rpm,,,,,,,,,,,,,,,,,,,,,,,,,,,Hidráulicos,,,,,431 km,361 km,"10,5 km/l","8,8 km/l",,,,,,,,,,
nissan,Versa,versa,versa-sl-1-6-2016,versa-sl-1-6-2016,https://www.fichacompleta.com.br/carros/nissan/versa-sl-1-6-2016,2026-06-15T16:12:44.025804,Nissan Versa SL 1.6 2016,"10,4 s",187 km/h,Embreagem monodisco a seco,Manual,,,Dianteira,Injeção multiponto,Natural,1598 cm³,4 em linha,HR16DE,"Duplo no cabeçote, corrente","83,6 mm",78 mm,Transversal,Dianteiro,"9,8 kg/cv","72,1 kg/kgfm","69,5 cv/litro",111 cv (A) 111 cv (G) a 5600 rpm,"10,7:1",,,"9,4 kgfm/litro","15,1 kgfm (A) 15,1 kgfm (G) a 4000 rpm",4,1506 mm,1480 mm,1485 mm,4492 mm,2600 mm,1695 mm,1088 kg,460 litros,41 litros,120 mm,Disco ventilado,Tambor,Elétrica,,"Independente, McPherson",Mola helicoidal,Eixo de torção,590 km,517 km,"14,4 km/l","12,6 km/l",5,,,"10,6 m",,,,Admissão,165/70 R14,"2,17 m²","0,690 m²",,"0,318",,6750 rpm,,,,,,,,,,,,,,,,,,,,,,,,,,,Mecânicos,,,,,410 km,344 km,10 km/l,"8,4 km/l",,,,,,,,,,
nissan,Versa,versa,versa-sv-1-6-2016,versa-sv-1-6-2016,https://www.fichacompleta.com.br/carros/nissan/versa-sv-1-6-2016,2026-06-15T16:12:46.832139,Nissan Versa SV 1.6 2016,"10,4 s",187 km/h,Embreagem monodisco a seco,Manual,,,Dianteira,Injeção multiponto,Natural,1598 cm³,4 em linha,HR16DE,"Duplo no cabeçote, corrente",,,Transversal,Dianteiro,"9,8 kg/cv","72,1 kg/kgfm","69,5 cv/litro",111 cv (A) 111 cv (G) a 5600 rpm,"10,7:1",,,"9,4 kgfm/litro","15,1 kgfm (A) 15,1 kgfm (G) a 4000 rpm",4,1506 mm,1480 mm,1485 mm,4492 mm,2600 mm,1695 mm,1088 kg,460 litros,41 litros,120 mm,Disco ventilado,Tambor,Elétrica,,"Independente, McPherson",Mola helicoidal,Eixo de torção,590 km,517 km,"14,4 km/l","12,6 km/l",5,,,"10,6 m","83,6 mm",78 mm,,Admissão,165/70 R14,"2,17 m²","0,690 m²",,"0,318",,6750 rpm,,,,,,,,,,,,,,,,,,,,,,,,,,,Mecânicos,,,,,410 km,344 km,10 km/l,"8,4 km/l",,,,,,,,,,
nissan,Versa,versa,versa-unique-1-6-2016,versa-unique-1-6-2016,https://www.fichacompleta.com.br/carros/nissan/versa-unique-1-6-2016,2026-06-15T16:12:50.453625,Nissan Versa Unique 1.6 2016,"10,4 s",187 km/h,Embreagem monodisco a seco,Manual,,,Dianteira,Injeção multiponto,Natural,1598 cm³,4 em linha,HR16DE,"Duplo no cabeçote, corrente","83,6 mm",78 mm,Transversal,Dianteiro,"9,8 kg/cv","72,1 kg/kgfm","69,5 cv/litro",111 cv (A) 111 cv (G) a 5600 rpm,"10,7:1",,,"9,4 kgfm/litro","15,1 kgfm (A) 15,1 kgfm (G) a 4000 rpm",4,1506 mm,1480 mm,1485 mm,4492 mm,2600 mm,1695 mm,1088 kg,460 litros,41 litros,107 mm,Disco ventilado,Tambor,Elétrica,,"Independente, McPherson",Mola helicoidal,Eixo de torção,590 km,517 km,"14,4 km/l","12,6 km/l",5,,,"10,6 m",,,,Admissão,165/70 R14,"2,17 m²","0,690 m²",,"0,318",,6750 rpm,,,,,,,,,,,,,,,,,,,,,,,,,,,Mecânicos,,,,,410 km,344 km,10 km/l,"8,4 km/l",,,,,,,,,,
nissan,Versa,versa,versa-conforto-1-0-2017,versa-conforto-1-0-2017,https://www.fichacompleta.com.br/carros/nissan/versa-conforto-1-0-2017,2026-06-15T16:12:53.259595,Nissan Versa Conforto 1.0 2017,16 s,162 km/h,Embreagem monodisco a seco,Manual,,,Dianteira,Injeção multiponto,Natural,999 cm³,3 em linha,HR10,"Duplo no cabeçote, corrente","69,7 mm",78 mm,Transversal,Dianteiro,"13,7 kg/cv","105,6 kg/kgfm","77,1 cv/litro",77 cv (A) 77 cv (G) a 6200 rpm,"11,2:1",,,"10,0 kgfm/litro",10 kgfm (A) 10 kgfm (G) a 4000 rpm,4,1506 mm,1480 mm,1485 mm,4492 mm,2600 mm,1695 mm,1056 kg,460 litros,41 litros,120 mm,Disco ventilado,Tambor,Elétrica,,"Independente, McPherson",Mola helicoidal,Eixo de torção,627 km,529 km,"15,3 km/l","12,9 km/l",5,,,"10,6 m",,,,Admissão,165/70 R14,"2,17 m²","0,651 m²",,"0,3",,6800 rpm,,,,,,,,,,,,,,,,,,,,,,,,,,,Hidráulicos,,,,,431 km,361 km,"10,5 km/l","8,8 km/l",,,,,,,,,,
nissan,Versa,versa,versa-s-1-0-2017,versa-s-1-0-2017,https://www.fichacompleta.com.br/carros/nissan/versa-s-1-0-2017,2026-06-15T16:12:56.027846,Nissan Versa S 1.0 2017,16 s,162 km/h,Embreagem monodisco a seco,Manual,,,Dianteira,Injeção multiponto,Natural,999 cm³,3 em linha,HR10,"Duplo no cabeçote, corrente","69,7 mm",78 mm,Transversal,Dianteiro,"13,7 kg/cv","105,6 kg/kgfm","77,1 cv/litro",77 cv (A) 77 cv (G) a 6200 rpm,"11,2:1",,,"10,0 kgfm/litro",10 kgfm (A) 10 kgfm (G) a 4000 rpm,4,1506 mm,1480 mm,1485 mm,4492 mm,2600 mm,1695 mm,1056 kg,460 litros,41 litros,120 mm,Disco ventilado,Tambor,Elétrica,,"Independente, McPherson",Mola helicoidal,Eixo de torção,627 km,529 km,"15,3 km/l","12,9 km/l",5,,,"10,6 m",,,,Admissão,165/70 R14,"2,17 m²","0,651 m²",,"0,3",,6800 rpm,,,,,,,,,,,,,,,,,,,,,,,,,,,Hidráulicos,,,,,431 km,361 km,"10,5 km/l","8,8 km/l",,,,,,,,,,
nissan,Versa,versa,versa-s-1-6-2017,versa-s-1-6-2017,https://www.fichacompleta.com.br/carros/nissan/versa-s-1-6-2017,2026-06-15T16:12:59.779013,Nissan Versa S 1.6 2017,"10,3 s",187 km/h,Embreagem monodisco a seco,Manual,,,Dianteira,Injeção multiponto,Natural,1598 cm³,4 em linha,HR16DE,"Duplo no cabeçote, corrente","83,6 mm",78 mm,Transversal,Dianteiro,"9,5 kg/cv","70,2 kg/kgfm","69,5 cv/litro",111 cv (A) 111 cv (G) a 5600 rpm,"10,7:1",,,"9,4 kgfm/litro","15,1 kgfm (A) 15,1 kgfm (G) a 4000 rpm",4,1506 mm,1480 mm,1485 mm,4492 mm,2600 mm,1695 mm,1060 kg,460 litros,41 litros,120 mm,Disco ventilado,Tambor,Elétrica,,"Independente, McPherson",Mola helicoidal,Eixo de torção,590 km,517 km,"14,4 km/l","12,6 km/l",5,,,"10,6 m",,,,Admissão,165/70 R14,"2,17 m²","0,651 m²",,"0,3",,6750 rpm,,,,,,,,,,,,,,,,,,,,,,,,,,,Mecânicos,,,,,410 km,344 km,10 km/l,"8,4 km/l",,,,,,,,,,
nissan,Versa,versa,versa-sl-1-6-2017,versa-sl-1-6-2017,https://www.fichacompleta.com.br/carros/nissan/versa-sl-1-6-2017,2026-06-15T16:13:04.336276,Nissan Versa SL 1.6 2017,"10,3 s",187 km/h,Embreagem monodisco a seco,Manual,,,Dianteira,Injeção multiponto,Natural,1598 cm³,4 em linha,HR16DE,"Duplo no cabeçote, corrente","83,6 mm",78 mm,Transversal,Dianteiro,"9,7 kg/cv","71,2 kg/kgfm","69,5 cv/litro",111 cv (A) 111 cv (G) a 5600 rpm,"10,7:1",,,"9,4 kgfm/litro","15,1 kgfm (A) 15,1 kgfm (G) a 4000 rpm",4,1506 mm,1480 mm,1485 mm,4492 mm,2600 mm,1695 mm,1075 kg,460 litros,41 litros,107 mm,Disco ventilado,Tambor,Elétrica,,"Independente, McPherson",Mola helicoidal,Eixo de torção,590 km,517 km,"14,4 km/l","12,6 km/l",5,,,"10,6 m",,,,Admissão,165/70 R14,"2,17 m²","0,651 m²",,"0,3",,6750 rpm,,,,,,,,,,,,,,,,,,,,,,,,,,,Mecânicos,,,,,410 km,344 km,10 km/l,"8,4 km/l",,,,,,,,,,
nissan,Versa,versa,versa-sl-1-6-at-2017,versa-sl-1-6-at-2017,https://www.fichacompleta.com.br/carros/nissan/versa-sl-1-6-at-2017,2026-06-15T16:13:08.050204,Nissan Versa SL 1.6 AT 2017,"11,6 s",187 km/h,Conversor de torque,CVT,Jatco X-Tronic,,Dianteira,Injeção multiponto,Natural,1598 cm³,4 em linha,HR16DE,"Duplo no cabeçote, corrente","83,6 mm",78 mm,Transversal,Dianteiro,"9,8 kg/cv","72,4 kg/kgfm","69,5 cv/litro",111 cv (A) 111 cv (G) a 5600 rpm,"10,7:1",,,"9,4 kgfm/litro","15,1 kgfm (A) 15,1 kgfm (G) a 4000 rpm",4,1506 mm,1480 mm,1485 mm,4492 mm,2600 mm,1695 mm,1093 kg,460 litros,41 litros,107 mm,Disco ventilado,Tambor,Elétrica,,"Independente, McPherson",Mola helicoidal,Eixo de torção,578 km,476 km,"14,1 km/l","11,6 km/l",0,,,"10,6 m",,,,Admissão,165/70 R14,"2,17 m²","0,651 m²",,"0,3",,6750 rpm,,,,,,,,,,,,,,,,,,,,,,,,,,,Mecânicos,,,,,410 km,320 km,10 km/l,"7,8 km/l",,,,,,,,,,
nissan,Versa,versa,versa-sv-1-6-2017,versa-sv-1-6-2017,https://www.fichacompleta.com.br/carros/nissan/versa-sv-1-6-2017,2026-06-15T16:13:11.232104,Nissan Versa SV 1.6 2017,"10,3 s",187 km/h,Embreagem monodisco a seco,Manual,,,Dianteira,Injeção multiponto,Natural,1598 cm³,4 em linha,HR16DE,"Duplo no cabeçote, corrente","83,6 mm",78 mm,Transversal,Dianteiro,"9,5 kg/cv","70,2 kg/kgfm","69,5 cv/litro",111 cv (A) 111 cv (G) a 5600 rpm,"10,7:1",,,"9,4 kgfm/litro","15,1 kgfm (A) 15,1 kgfm (G) a 4000 rpm",4,1506 mm,1480 mm,1485 mm,4492 mm,2600 mm,1695 mm,1060 kg,460 litros,41 litros,120 mm,Disco ventilado,Tambor,Elétrica,,"Independente, McPherson",Mola helicoidal,Eixo de torção,590 km,517 km,"14,4 km/l","12,6 km/l",5,,,"10,6 m",,,,Admissão,165/70 R14,"2,17 m²","0,651 m²",,"0,3",,6750 rpm,,,,,,,,,,,,,,,,,,,,,,,,,,,Mecânicos,,,,,410 km,344 km,10 km/l,"8,4 km/l",,,,,,,,,,
nissan,Versa,versa,versa-sv-1-6-at-2017,versa-sv-1-6-at-2017,https://www.fichacompleta.com.br/carros/nissan/versa-sv-1-6-at-2017,2026-06-15T16:13:15.835747,Nissan Versa SV 1.6 AT 2017,"11,6 s",187 km/h,Conversor de torque,CVT,Jatco X-Tronic,,Dianteira,Injeção multiponto,Natural,1598 cm³,4 em linha,HR16DE,"Duplo no cabeçote, corrente","83,6 mm",78 mm,Transversal,Dianteiro,"9,8 kg/cv","71,9 kg/kgfm","69,5 cv/litro",111 cv (A) 111 cv (G) a 5600 rpm,"10,7:1",,,"9,4 kgfm/litro","15,1 kgfm (A) 15,1 kgfm (G) a 4000 rpm",4,1506 mm,1480 mm,1485 mm,4492 mm,2600 mm,1695 mm,1085 kg,460 litros,41 litros,120 mm,Disco ventilado,Tambor,Elétrica,,"Independente, McPherson",Mola helicoidal,Eixo de torção,578 km,476 km,"14,1 km/l","11,6 km/l",0,,,"10,6 m",,,,Admissão,165/70 R14,"2,17 m²","0,651 m²",,"0,3",,6750 rpm,,,,,,,,,,,,,,,,,,,,,,,,,,,Mecânicos,,,,,410 km,320 km,10 km/l,"7,8 km/l",,,,,,,,,,
nissan,Versa,versa,versa-unique-1-6-at-2017,versa-unique-1-6-at-2017,https://www.fichacompleta.com.br/carros/nissan/versa-unique-1-6-at-2017,2026-06-15T16:13:18.800487,Nissan Versa Unique 1.6 AT 2017,"11,6 s",187 km/h,Conversor de torque,CVT,Jatco X-Tronic,,Dianteira,Injeção multiponto,Natural,1598 cm³,4 em linha,HR16DE,"Duplo no cabeçote, corrente","83,6 mm",78 mm,Transversal,Dianteiro,"9,9 kg/cv","72,8 kg/kgfm","69,5 cv/litro",111 cv (A) 111 cv (G) a 5600 rpm,"10,7:1",,,"9,4 kgfm/litro","15,1 kgfm (A) 15,1 kgfm (G) a 4000 rpm",4,1506 mm,1480 mm,1485 mm,4492 mm,2600 mm,1695 mm,1100 kg,460 litros,41 litros,107 mm,Disco ventilado,Tambor,Elétrica,,"Independente, McPherson",Mola helicoidal,Eixo de torção,578 km,476 km,"14,1 km/l","11,6 km/l",0,,,"10,6 m",,,,Admissão,165/70 R14,"2,17 m²","0,651 m²",,"0,3",,6750 rpm,,,,,,,,,,,,,,,,,,,,,,,,,,,Mecânicos,,,,,410 km,320 km,10 km/l,"7,8 km/l",,,,,,,,,,
nissan,Versa,versa,versa-conforto-1-0-2018,versa-conforto-1-0-2018,https://www.fichacompleta.com.br/carros/nissan/versa-conforto-1-0-2018,2026-06-15T16:13:22.354299,Nissan Versa Conforto 1.0 2018,16 s,162 km/h,Embreagem monodisco a seco,Manual,,,Dianteira,Injeção multiponto,Natural,999 cm³,3 em linha,HR10,"Duplo no cabeçote, corrente","69,7 mm",78 mm,Transversal,Dianteiro,"13,7 kg/cv","105,6 kg/kgfm","77,1 cv/litro",77 cv (A) 77 cv (G) a 6200 rpm,"11,2:1",,,"10,0 kgfm/litro",10 kgfm (A) 10 kgfm (G) a 4000 rpm,4,1506 mm,1480 mm,1485 mm,4492 mm,2600 mm,1695 mm,1056 kg,460 litros,41 litros,120 mm,Disco ventilado,Tambor,Elétrica,,"Independente, McPherson",Mola helicoidal,Eixo de torção,627 km,529 km,"15,3 km/l","12,9 km/l",5,,,"10,6 m",,,,Admissão,165/70 R14,"2,17 m²","0,651 m²",,"0,3",,6800 rpm,,,,,,,,,,,,,,,,,,,,,,,,,,,Hidráulicos,,,,,431 km,361 km,"10,5 km/l","8,8 km/l",,,,,,,,,,
nissan,Versa,versa,versa-s-1-0-2018,versa-s-1-0-2018,https://www.fichacompleta.com.br/carros/nissan/versa-s-1-0-2018,2026-06-15T16:13:24.875549,Nissan Versa S 1.0 2018,16 s,162 km/h,Embreagem monodisco a seco,Manual,,,Dianteira,Injeção multiponto,Natural,999 cm³,3 em linha,HR10,"Duplo no cabeçote, corrente","69,7 mm",78 mm,Transversal,Dianteiro,"13,7 kg/cv","105,6 kg/kgfm","77,1 cv/litro",77 cv (A) 77 cv (G) a 6200 rpm,"11,2:1",,,"10,0 kgfm/litro",10 kgfm (A) 10 kgfm (G) a 4000 rpm,4,1506 mm,1480 mm,1485 mm,4492 mm,2600 mm,1695 mm,1056 kg,460 litros,41 litros,120 mm,Disco ventilado,Tambor,Elétrica,,"Independente, McPherson",Mola helicoidal,Eixo de torção,627 km,529 km,"15,3 km/l","12,9 km/l",5,,,"10,6 m",,,,Admissão,165/70 R14,"2,17 m²","0,651 m²",,"0,3",,6800 rpm,,,,,,,,,,,,,,,,,,,,,,,,,,,Hidráulicos,,,,,431 km,361 km,"10,5 km/l","8,8 km/l",,,,,,,,,,
nissan,Versa,versa,versa-s-1-6-2018,versa-s-1-6-2018,https://www.fichacompleta.com.br/carros/nissan/versa-s-1-6-2018,2026-06-15T16:13:27.366028,Nissan Versa S 1.6 2018,"10,3 s",187 km/h,Embreagem monodisco a seco,Manual,,,Dianteira,Injeção multiponto,Natural,1598 cm³,4 em linha,HR16DE,"Duplo no cabeçote, corrente","83,6 mm",78 mm,Transversal,Dianteiro,"9,5 kg/cv","70,2 kg/kgfm","69,5 cv/litro",111 cv (A) 111 cv (G) a 5600 rpm,"10,7:1",,,"9,4 kgfm/litro","15,1 kgfm (A) 15,1 kgfm (G) a 4000 rpm",4,1506 mm,1480 mm,1485 mm,4492 mm,2600 mm,1695 mm,1060 kg,460 litros,41 litros,120 mm,Disco ventilado,Tambor,Elétrica,,"Independente, McPherson",Mola helicoidal,Eixo de torção,590 km,517 km,"14,4 km/l","12,6 km/l",5,,,"10,6 m",,,,Admissão,165/70 R14,"2,17 m²","0,651 m²",,"0,3",,6750 rpm,,,,,,,,,,,,,,,,,,,,,,,,,,,Mecânicos,,,,,410 km,344 km,10 km/l,"8,4 km/l",,,,,,,,,,
nissan,Versa,versa,versa-sl-1-6-2018,versa-sl-1-6-2018,https://www.fichacompleta.com.br/carros/nissan/versa-sl-1-6-2018,2026-06-15T16:13:31.518919,Nissan Versa SL 1.6 2018,"10,3 s",187 km/h,Embreagem monodisco a seco,Manual,,,Dianteira,Injeção multiponto,Natural,1598 cm³,4 em linha,HR16DE,"Duplo no cabeçote, corrente","83,6 mm",78 mm,Transversal,Dianteiro,"9,7 kg/cv","71,2 kg/kgfm","69,5 cv/litro",111 cv (A) 111 cv (G) a 5600 rpm,"10,7:1",,,"9,4 kgfm/litro","15,1 kgfm (A) 15,1 kgfm (G) a 4000 rpm",4,1506 mm,1480 mm,1485 mm,4492 mm,2600 mm,1695 mm,1075 kg,460 litros,41 litros,107 mm,Disco ventilado,Tambor,Elétrica,,"Independente, McPherson",Mola helicoidal,Eixo de torção,590 km,517 km,"14,4 km/l","12,6 km/l",5,,,"10,6 m",,,,Admissão,165/70 R14,"2,17 m²","0,651 m²",,"0,3",,6750 rpm,,,,,,,,,,,,,,,,,,,,,,,,,,,Mecânicos,,,,,410 km,344 km,10 km/l,"8,4 km/l",,,,,,,,,,
nissan,Versa,versa,versa-sl-1-6-at-2018,versa-sl-1-6-at-2018,https://www.fichacompleta.com.br/carros/nissan/versa-sl-1-6-at-2018,2026-06-15T16:13:35.640662,Nissan Versa SL 1.6 AT 2018,"11,6 s",187 km/h,Conversor de torque,CVT,Jatco X-Tronic,,Dianteira,Injeção multiponto,Natural,1598 cm³,4 em linha,HR16DE,"Duplo no cabeçote, corrente","83,6 mm",78 mm,Transversal,Dianteiro,"9,8 kg/cv","72,4 kg/kgfm","69,5 cv/litro",111 cv (A) 111 cv (G) a 5600 rpm,"10,7:1",,,"9,4 kgfm/litro","15,1 kgfm (A) 15,1 kgfm (G) a 4000 rpm",4,1506 mm,1480 mm,1485 mm,4492 mm,2600 mm,1695 mm,1093 kg,460 litros,41 litros,107 mm,Disco ventilado,Tambor,Elétrica,,"Independente, McPherson",Mola helicoidal,Eixo de torção,578 km,476 km,"14,1 km/l","11,6 km/l",0,,,"10,6 m",,,,Admissão,165/70 R14,"2,17 m²","0,651 m²",,"0,3",,6750 rpm,,,,,,,,,,,,,,,,,,,,,,,,,,,Mecânicos,,,,,410 km,320 km,10 km/l,"7,8 km/l",,,,,,,,,,
nissan,Versa,versa,versa-sv-1-6-2018,versa-sv-1-6-2018,https://www.fichacompleta.com.br/carros/nissan/versa-sv-1-6-2018,2026-06-15T16:13:38.519531,Nissan Versa SV 1.6 2018,"10,3 s",187 km/h,Embreagem monodisco a seco,Manual,,,Dianteira,Injeção multiponto,Natural,1598 cm³,4 em linha,HR16DE,"Duplo no cabeçote, corrente","83,6 mm",78 mm,Transversal,Dianteiro,"9,5 kg/cv","70,2 kg/kgfm","69,5 cv/litro",111 cv (A) 111 cv (G) a 5600 rpm,"10,7:1",,,"9,4 kgfm/litro","15,1 kgfm (A) 15,1 kgfm (G) a 4000 rpm",4,1506 mm,1480 mm,1485 mm,4492 mm,2600 mm,1695 mm,1060 kg,460 litros,41 litros,120 mm,Disco ventilado,Tambor,Elétrica,,"Independente, McPherson",Mola helicoidal,Eixo de torção,590 km,517 km,"14,4 km/l","12,6 km/l",5,,,"10,6 m",,,,Admissão,165/70 R14,"2,17 m²","0,651 m²",,"0,3",,6750 rpm,,,,,,,,,,,,,,,,,,,,,,,,,,,Mecânicos,,,,,410 km,344 km,10 km/l,"8,4 km/l",,,,,,,,,,
nissan,Versa,versa,versa-sv-1-6-at-2018,versa-sv-1-6-at-2018,https://www.fichacompleta.com.br/carros/nissan/versa-sv-1-6-at-2018,2026-06-15T16:13:42.280886,Nissan Versa SV 1.6 AT 2018,"11,6 s",187 km/h,Conversor de torque,CVT,Jatco X-Tronic,,Dianteira,Injeção multiponto,Natural,1598 cm³,4 em linha,HR16DE,"Duplo no cabeçote, corrente","83,6 mm",78 mm,Transversal,Dianteiro,"9,8 kg/cv","71,9 kg/kgfm","69,5 cv/litro",111 cv (A) 111 cv (G) a 5600 rpm,"10,7:1",,,"9,4 kgfm/litro","15,1 kgfm (A) 15,1 kgfm (G) a 4000 rpm",4,1506 mm,1480 mm,1485 mm,4492 mm,2600 mm,1695 mm,1085 kg,460 litros,41 litros,120 mm,Disco ventilado,Tambor,Elétrica,,"Independente, McPherson",Mola helicoidal,Eixo de torção,578 km,476 km,"14,1 km/l","11,6 km/l",0,,,"10,6 m",,,,Admissão,165/70 R14,"2,17 m²","0,651 m²",,"0,3",,6750 rpm,,,,,,,,,,,,,,,,,,,,,,,,,,,Mecânicos,,,,,410 km,320 km,10 km/l,"7,8 km/l",,,,,,,,,,
nissan,Versa,versa,versa-unique-1-6-at-2018,versa-unique-1-6-at-2018,https://www.fichacompleta.com.br/carros/nissan/versa-unique-1-6-at-2018,2026-06-15T16:13:46.905722,Nissan Versa Unique 1.6 AT 2018,"11,6 s",187 km/h,Conversor de torque,CVT,Jatco X-Tronic,,Dianteira,Injeção multiponto,Natural,1598 cm³,4 em linha,HR16DE,"Duplo no cabeçote, corrente","83,6 mm",78 mm,Transversal,Dianteiro,"9,9 kg/cv","72,8 kg/kgfm","69,5 cv/litro",111 cv (A) 111 cv (G) a 5600 rpm,"10,7:1",,,"9,4 kgfm/litro","15,1 kgfm (A) 15,1 kgfm (G) a 4000 rpm",4,1506 mm,1480 mm,1485 mm,4492 mm,2600 mm,1695 mm,1100 kg,460 litros,41 litros,107 mm,Disco ventilado,Tambor,Elétrica,,"Independente, McPherson",Mola helicoidal,Eixo de torção,578 km,476 km,"14,1 km/l","11,6 km/l",0,,,"10,6 m",,,,Admissão,165/70 R14,"2,17 m²","0,651 m²",,"0,3",,6750 rpm,,,,,,,,,,,,,,,,,,,,,,,,,,,Mecânicos,,,,,410 km,320 km,10 km/l,"7,8 km/l",,,,,,,,,,
nissan,Versa,versa,versa-conforto-1-0-2019,versa-conforto-1-0-2019,https://www.fichacompleta.com.br/carros/nissan/versa-conforto-1-0-2019,2026-06-15T16:13:51.251547,Nissan Versa Conforto 1.0 2019,16 s,162 km/h,Embreagem monodisco a seco,Manual,,5,Dianteira,Injeção multiponto,Natural,999 cm³,3 em linha,HR10,Duplo no cabeçote,"69,7 mm",78 mm,Transversal,Dianteiro,"13,7 kg/cv","105,6 kg/kgfm","77,1 cv/litro",,"11,2:1",6200 rpm,4000 rpm,"10,0 kgfm/litro",,4,1506 mm,1480 mm,1485 mm,4492 mm,2600 mm,1695 mm,1056 kg,460 litros,41 litros,120 mm,Disco ventilado,Tambor,Elétrica,"10,6 m","Indep., McPherson",Mola helicoidal,Eixo de torção,627 km,529 km,"15,3 km/l","12,9 km/l",,,,,,,Corrente,Admissão,165/70 R14,"2,17 m²","0,651 m²","0,3",,,6800 rpm,,,,,,,,,,,,,,,,,,,,,,,,,,,Hidráulicos,77 cv,77 cv,10 kgfm,10 kgfm,431 km,361 km,"10,5 km/l","8,8 km/l",,,,,,,,,,
nissan,Versa,versa,versa-s-1-6-2019,versa-s-1-6-2019,https://www.fichacompleta.com.br/carros/nissan/versa-s-1-6-2019,2026-06-15T16:13:57.568616,Nissan Versa S 1.6 2019,"10,3 s",187 km/h,Embreagem monodisco a seco,Manual,,,Dianteira,Injeção multiponto,Natural,1598 cm³,4 em linha,HR16DE,"Duplo no cabeçote, corrente","83,6 mm",78 mm,Transversal,Dianteiro,"9,5 kg/cv","70,2 kg/kgfm","69,5 cv/litro",111 cv (A) 111 cv (G) a 5600 rpm,"10,7:1",,,"9,4 kgfm/litro","15,1 kgfm (A) 15,1 kgfm (G) a 4000 rpm",4,1506 mm,1480 mm,1485 mm,4492 mm,2600 mm,1695 mm,1060 kg,460 litros,41 litros,120 mm,Disco ventilado,Tambor,Elétrica,,"Independente, McPherson",Mola helicoidal,Eixo de torção,590 km,517 km,"14,4 km/l","12,6 km/l",5,,,"10,6 m",,,,Admissão,165/70 R14,"2,17 m²","0,651 m²",,"0,3",,6750 rpm,,,,,,,,,,,,,,,,,,,,,,,,,,,Mecânicos,,,,,410 km,344 km,10 km/l,"8,4 km/l",,,,,,,,,,
nissan,Versa,versa,versa-sl-1-6-2019,versa-sl-1-6-2019,https://www.fichacompleta.com.br/carros/nissan/versa-sl-1-6-2019,2026-06-15T16:14:01.960531,Nissan Versa SL 1.6 2019,"10,3 s",187 km/h,Embreagem monodisco a seco,Manual,,,Dianteira,Injeção multiponto,Natural,1598 cm³,4 em linha,HR16DE,"Duplo no cabeçote, corrente","83,6 mm",78 mm,Transversal,Dianteiro,"9,7 kg/cv","71,2 kg/kgfm","69,5 cv/litro",111 cv (A) 111 cv (G) a 5600 rpm,"10,7:1",,,"9,4 kgfm/litro","15,1 kgfm (A) 15,1 kgfm (G) a 4000 rpm",4,1506 mm,1480 mm,1485 mm,4492 mm,2600 mm,1695 mm,1075 kg,460 litros,41 litros,107 mm,Disco ventilado,Tambor,Elétrica,,"Independente, McPherson",Mola helicoidal,Eixo de torção,590 km,517 km,"14,4 km/l","12,6 km/l",5,,,"10,6 m",,,,Admissão,165/70 R14,"2,17 m²","0,651 m²",,"0,3",,6750 rpm,,,,,,,,,,,,,,,,,,,,,,,,,,,Mecânicos,,,,,410 km,344 km,10 km/l,"8,4 km/l",,,,,,,,,,
nissan,Versa,versa,versa-sl-1-6-at-2019,versa-sl-1-6-at-2019,https://www.fichacompleta.com.br/carros/nissan/versa-sl-1-6-at-2019,2026-06-15T16:14:05.793185,Nissan Versa SL 1.6 AT 2019,"11,6 s",187 km/h,Conversor de torque,CVT,Jatco X-Tronic,0,Dianteira,Injeção multiponto,Natural,1598 cm³,4 em linha,HR16DE,Duplo no cabeçote,"83,6 mm",78 mm,Transversal,Dianteiro,"9,8 kg/cv","72,4 kg/kgfm","69,5 cv/litro",,"10,7:1",5600 rpm,4000 rpm,"9,4 kgfm/litro",,4,1506 mm,1480 mm,1485 mm,4492 mm,2600 mm,1695 mm,1093 kg,460 litros,41 litros,107 mm,Disco ventilado,Tambor,Elétrica,"10,6 m","Indep., McPherson",Mola helicoidal,Eixo de torção,578 km,476 km,"14,1 km/l","11,6 km/l",,,,,,,Corrente,Admissão,165/70 R14,"2,17 m²","0,651 m²","0,3",,,6750 rpm,,,,,,,,,,,,,,,,,,,,,,,,,,,Mecânicos,111 cv,111 cv,"15,1 kgfm","15,1 kgfm",410 km,320 km,10 km/l,"7,8 km/l",,,,,,,,,,
nissan,Versa,versa,versa-sl-direct-1-6-at-pcd-2019,versa-sl-direct-1-6-at-pcd-2019,https://www.fichacompleta.com.br/carros/nissan/versa-sl-direct-1-6-at-pcd-2019,2026-06-15T16:14:09.399201,Nissan Versa SL Direct 1.6 AT [PCD] 2019,"11,6 s",187 km/h,Conversor de torque,CVT,Jatco X-Tronic,0,Dianteira,Injeção multiponto,Natural,1598 cm³,4 em linha,HR16DE,Duplo no cabeçote,"83,6 mm",78 mm,Transversal,Dianteiro,"9,8 kg/cv","72,4 kg/kgfm","69,5 cv/litro",,"10,7:1",5600 rpm,4000 rpm,"9,4 kgfm/litro",,4,1506 mm,1480 mm,1485 mm,4492 mm,2600 mm,1695 mm,1093 kg,460 litros,41 litros,107 mm,Disco ventilado,Tambor,Elétrica,"10,6 m","Indep., McPherson",Mola helicoidal,Eixo de torção,578 km,476 km,"14,1 km/l","11,6 km/l",,,,,,,Corrente,Admissão,165/70 R14,"2,17 m²","0,651 m²","0,3",,,6750 rpm,,,,,,,,,,,,,,,,,,,,,,,,,,,Mecânicos,111 cv,111 cv,"15,1 kgfm","15,1 kgfm",410 km,320 km,10 km/l,"7,8 km/l",,,,,,,,,,
nissan,Versa,versa,versa-sv-1-6-2019,versa-sv-1-6-2019,https://www.fichacompleta.com.br/carros/nissan/versa-sv-1-6-2019,2026-06-15T16:14:14.251675,Nissan Versa SV 1.6 2019,"10,3 s",187 km/h,Embreagem monodisco a seco,Manual,,,Dianteira,Injeção multiponto,Natural,1598 cm³,4 em linha,HR16DE,"Duplo no cabeçote, corrente","83,6 mm",78 mm,Transversal,Dianteiro,"9,5 kg/cv","70,2 kg/kgfm","69,5 cv/litro",111 cv (A) 111 cv (G) a 5600 rpm,"10,7:1",,,"9,4 kgfm/litro","15,1 kgfm (A) 15,1 kgfm (G) a 4000 rpm",4,1506 mm,1480 mm,1485 mm,4492 mm,2600 mm,1695 mm,1060 kg,460 litros,41 litros,120 mm,Disco ventilado,Tambor,Elétrica,,"Independente, McPherson",Mola helicoidal,Eixo de torção,590 km,517 km,"14,4 km/l","12,6 km/l",5,,,"10,6 m",,,,Admissão,165/70 R14,"2,17 m²","0,651 m²",,"0,3",,6750 rpm,,,,,,,,,,,,,,,,,,,,,,,,,,,Mecânicos,,,,,410 km,344 km,10 km/l,"8,4 km/l",,,,,,,,,,
nissan,Versa,versa,versa-sv-1-6-at-2019,versa-sv-1-6-at-2019,https://www.fichacompleta.com.br/carros/nissan/versa-sv-1-6-at-2019,2026-06-15T16:14:18.066632,Nissan Versa SV 1.6 AT 2019,"11,6 s",187 km/h,Conversor de torque,CVT,Jatco X-Tronic,,Dianteira,Injeção multiponto,Natural,1598 cm³,4 em linha,HR16DE,"Duplo no cabeçote, corrente","83,6 mm",78 mm,Transversal,Dianteiro,"9,8 kg/cv","71,9 kg/kgfm","69,5 cv/litro",111 cv (A) 111 cv (G) a 5600 rpm,"10,7:1",,,"9,4 kgfm/litro","15,1 kgfm (A) 15,1 kgfm (G) a 4000 rpm",4,1506 mm,1480 mm,1485 mm,4492 mm,2600 mm,1695 mm,1085 kg,460 litros,41 litros,120 mm,Disco ventilado,Tambor,Elétrica,,"Independente, McPherson",Mola helicoidal,Eixo de torção,578 km,476 km,"14,1 km/l","11,6 km/l",0,,,"10,6 m",,,,Admissão,165/70 R14,"2,17 m²","0,651 m²",,"0,3",,6750 rpm,,,,,,,,,,,,,,,,,,,,,,,,,,,Mecânicos,,,,,410 km,320 km,10 km/l,"7,8 km/l",,,,,,,,,,
nissan,Versa,versa,versa-conforto-1-0-2020,versa-conforto-1-0-2020,https://www.fichacompleta.com.br/carros/nissan/versa-conforto-1-0-2020,2026-06-15T16:14:22.289990,Nissan Versa Conforto 1.0 2020,16 s,162 km/h,Embreagem monodisco a seco,Manual,,5,Dianteira,Injeção multiponto,Natural,999 cm³,3 em linha,HR10,Duplo no cabeçote,"69,7 mm",78 mm,Transversal,Dianteiro,"13,7 kg/cv","105,6 kg/kgfm","77,1 cv/litro",,"11,2:1",6200 rpm,4000 rpm,"10,0 kgfm/litro",,4,1506 mm,1480 mm,1485 mm,4492 mm,2600 mm,1695 mm,1056 kg,460 litros,41 litros,120 mm,Disco ventilado,Tambor,Elétrica,"10,6 m","Indep., McPherson",Mola helicoidal,Eixo de torção,627 km,529 km,"15,3 km/l","12,9 km/l",,,,,,,Corrente,Admissão,165/70 R14,"2,17 m²","0,651 m²","0,3",,,6800 rpm,,,,,,,,,,,,,,,,,,,,,,,,,,,Hidráulicos,77 cv,77 cv,10 kgfm,10 kgfm,431 km,361 km,"10,5 km/l","8,8 km/l",,,,,,,,,,
nissan,Versa,versa,versa-s-1-6-2020,versa-s-1-6-2020,https://www.fichacompleta.com.br/carros/nissan/versa-s-1-6-2020,2026-06-15T16:14:26.442448,Nissan Versa S 1.6 2020,"10,3 s",187 km/h,Embreagem monodisco a seco,Manual,,5,Dianteira,Injeção multiponto,Natural,1598 cm³,4 em linha,HR16DE,Duplo no cabeçote,"83,6 mm",78 mm,Transversal,Dianteiro,"9,5 kg/cv","70,2 kg/kgfm","69,5 cv/litro",,"10,7:1",5600 rpm,4000 rpm,"9,4 kgfm/litro",,4,1506 mm,1480 mm,1485 mm,4492 mm,2600 mm,1695 mm,1060 kg,460 litros,41 litros,120 mm,Disco ventilado,Tambor,Elétrica,"10,6 m","Indep., McPherson",Mola helicoidal,Eixo de torção,590 km,517 km,"14,4 km/l","12,6 km/l",,,,,,,Corrente,Admissão,165/70 R14,"2,17 m²","0,651 m²","0,3",,,6750 rpm,,,,,,,,,,,,,,,,,,,,,,,,,,,Mecânicos,111 cv,111 cv,"15,1 kgfm","15,1 kgfm",410 km,344 km,10 km/l,"8,4 km/l",,,,,,,,,,
nissan,Versa,versa,versa-sl-1-6-at-2020,versa-sl-1-6-at-2020,https://www.fichacompleta.com.br/carros/nissan/versa-sl-1-6-at-2020,2026-06-15T16:14:30.894266,Nissan Versa SL 1.6 AT 2020,"11,6 s",187 km/h,Conversor de torque,CVT,Jatco X-Tronic,0,Dianteira,Injeção multiponto,Natural,1598 cm³,4 em linha,HR16DE,Duplo no cabeçote,"83,6 mm",78 mm,Transversal,Dianteiro,"9,8 kg/cv","72,4 kg/kgfm","69,5 cv/litro",,"10,7:1",5600 rpm,4000 rpm,"9,4 kgfm/litro",,4,1506 mm,1480 mm,1485 mm,4492 mm,2600 mm,1695 mm,1093 kg,460 litros,41 litros,107 mm,Disco ventilado,Tambor,Elétrica,"10,6 m","Indep., McPherson",Mola helicoidal,Eixo de torção,578 km,476 km,"14,1 km/l","11,6 km/l",,,,,,,Corrente,Admissão,165/70 R14,"2,17 m²","0,651 m²","0,3",,,6750 rpm,,,,,,,,,,,,,,,,,,,,,,,,,,,Mecânicos,111 cv,111 cv,"15,1 kgfm","15,1 kgfm",410 km,320 km,10 km/l,"7,8 km/l",,,,,,,,,,
nissan,Versa,versa,versa-sl-direct-1-6-at-pcd-2020,versa-sl-direct-1-6-at-pcd-2020,https://www.fichacompleta.com.br/carros/nissan/versa-sl-direct-1-6-at-pcd-2020,2026-06-15T16:14:34.031984,Nissan Versa SL Direct 1.6 AT [PCD] 2020,"11,6 s",187 km/h,Conversor de torque,CVT,Jatco X-Tronic,0,Dianteira,Injeção multiponto,Natural,1598 cm³,4 em linha,HR16DE,Duplo no cabeçote,"83,6 mm",78 mm,Transversal,Dianteiro,"9,8 kg/cv","72,4 kg/kgfm","69,5 cv/litro",,"10,7:1",5600 rpm,4000 rpm,"9,4 kgfm/litro",,4,1506 mm,1480 mm,1485 mm,4492 mm,2600 mm,1695 mm,1093 kg,460 litros,41 litros,107 mm,Disco ventilado,Tambor,Elétrica,"10,6 m","Indep., McPherson",Mola helicoidal,Eixo de torção,578 km,476 km,"14,1 km/l","11,6 km/l",,,,,,,Corrente,Admissão,165/70 R14,"2,17 m²","0,651 m²","0,3",,,6750 rpm,,,,,,,,,,,,,,,,,,,,,,,,,,,Mecânicos,111 cv,111 cv,"15,1 kgfm","15,1 kgfm",410 km,320 km,10 km/l,"7,8 km/l",,,,,,,,,,
nissan,Versa,versa,versa-special-edition-1-6-at-2020,versa-special-edition-1-6-at-2020,https://www.fichacompleta.com.br/carros/nissan/versa-special-edition-1-6-at-2020,2026-06-15T16:14:38.478000,Nissan Versa Special Edition 1.6 AT 2020,"11,6 s",187 km/h,Conversor de torque,CVT,Jatco X-Tronic,0,Dianteira,Injeção multiponto,Natural,1598 cm³,4 em linha,HR16DE,Duplo no cabeçote,"83,6 mm",78 mm,Transversal,Dianteiro,"9,8 kg/cv","71,9 kg/kgfm","69,5 cv/litro",,"10,7:1",5600 rpm,4000 rpm,"9,4 kgfm/litro",,4,1506 mm,1480 mm,1485 mm,4492 mm,2600 mm,1695 mm,1085 kg,460 litros,41 litros,120 mm,Disco ventilado,Tambor,Elétrica,"10,6 m","Indep., McPherson",Mola helicoidal,Eixo de torção,578 km,476 km,"14,1 km/l","11,6 km/l",,,,,,,Corrente,Admissão,165/70 R14,"2,17 m²","0,651 m²","0,3",,,6750 rpm,,,,,,,,,,,,,,,,,,,,,,,,,,,Mecânicos,111 cv,111 cv,"15,1 kgfm","15,1 kgfm",410 km,320 km,10 km/l,"7,8 km/l",,,,,,,,,,
nissan,Versa,versa,versa-sv-1-6-2020,versa-sv-1-6-2020,https://www.fichacompleta.com.br/carros/nissan/versa-sv-1-6-2020,2026-06-15T16:14:42.134916,Nissan Versa SV 1.6 2020,"10,3 s",187 km/h,Embreagem monodisco a seco,Manual,,5,Dianteira,Injeção multiponto,Natural,1598 cm³,4 em linha,HR16DE,Duplo no cabeçote,"83,6 mm",78 mm,Transversal,Dianteiro,"9,5 kg/cv","70,2 kg/kgfm","69,5 cv/litro",,"10,7:1",5600 rpm,4000 rpm,"9,4 kgfm/litro",,4,1506 mm,1480 mm,1485 mm,4492 mm,2600 mm,1695 mm,1060 kg,460 litros,41 litros,120 mm,Disco ventilado,Tambor,Elétrica,"10,6 m","Indep., McPherson",Mola helicoidal,Eixo de torção,590 km,517 km,"14,4 km/l","12,6 km/l",,,,,,,Corrente,Admissão,165/70 R14,"2,17 m²","0,651 m²","0,3",,,6750 rpm,,,,,,,,,,,,,,,,,,,,,,,,,,,Mecânicos,111 cv,111 cv,"15,1 kgfm","15,1 kgfm",410 km,344 km,10 km/l,"8,4 km/l",,,,,,,,,,
nissan,Versa,versa,versa-sv-1-6-at-2020,versa-sv-1-6-at-2020,https://www.fichacompleta.com.br/carros/nissan/versa-sv-1-6-at-2020,2026-06-15T16:14:46.578031,Nissan Versa SV 1.6 AT 2020,"11,6 s",187 km/h,Conversor de torque,CVT,Jatco X-Tronic,0,Dianteira,Injeção multiponto,Natural,1598 cm³,4 em linha,HR16DE,Duplo no cabeçote,"83,6 mm",78 mm,Transversal,Dianteiro,"9,8 kg/cv","71,9 kg/kgfm","69,5 cv/litro",,"10,7:1",5600 rpm,4000 rpm,"9,4 kgfm/litro",,4,1506 mm,1480 mm,1485 mm,4492 mm,2600 mm,1695 mm,1085 kg,460 litros,41 litros,120 mm,Disco ventilado,Tambor,Elétrica,"10,6 m","Indep., McPherson",Mola helicoidal,Eixo de torção,578 km,476 km,"14,1 km/l","11,6 km/l",,,,,,,Corrente,Admissão,165/70 R14,"2,17 m²","0,651 m²","0,3",,,6750 rpm,,,,,,,,,,,,,,,,,,,,,,,,,,,Mecânicos,111 cv,111 cv,"15,1 kgfm","15,1 kgfm",410 km,320 km,10 km/l,"7,8 km/l",,,,,,,,,,
nissan,Versa,versa,versa-advance-1-6-at-2021,versa-advance-1-6-at-2021,https://www.fichacompleta.com.br/carros/nissan/versa-advance-1-6-at-2021,2026-06-15T16:14:49.399308,Nissan Versa Advance 1.6 AT 2021,"10,7 s",180 km/h,Conversor de torque,CVT,Jatco X-Tronic,,Dianteira,Injeção multiponto,Natural,1598 cm³,4 em linha,HR16DE,"Duplo no cabeçote, corrente",,,Transversal,Dianteiro,"9,8 kg/cv","72,4 kg/kgfm","71,3 cv/litro",114 cv (A) 114 cv (G) a 5600 rpm,"10,7:1",,,"9,7 kgfm/litro","15,5 kgfm (A) 15,5 kgfm (G) a 4000 rpm",4,1465 mm,1515 mm,1525 mm,4495 mm,2620 mm,1740 mm,1122 kg,482 litros,41 litros,113 mm,Disco ventilado,205/55 R16,Elétrica,,"Independente, McPherson",Mola helicoidal,Eixo de torção,570 km,480 km,"13,9 km/l","11,7 km/l",6,,,"10,6 m","83,6 mm",78 mm,,Admissão e escape,,"2,17 m²",,,"0,305",522 kg,,"16,4 graus","19,9 graus",,,,,,,,,,,,,,,,,,,,,,,,,Mecânicos,,,,,410 km,328 km,10 km/l,8 km/l,,,,,,,,,,
nissan,Versa,versa,versa-exclusive-1-6-at-2021,versa-exclusive-1-6-at-2021,https://www.fichacompleta.com.br/carros/nissan/versa-exclusive-1-6-at-2021,2026-06-15T16:14:53.914825,Nissan Versa Exclusive 1.6 AT 2021,"10,7 s",180 km/h,Conversor de torque,CVT,Jatco X-Tronic,6,Dianteira,Injeção multiponto,Natural,1598 cm³,4 em linha,HR16DE,Duplo no cabeçote,"83,6 mm",78 mm,Transversal,Dianteiro,"9,9 kg/cv","73,0 kg/kgfm","71,3 cv/litro",,"10,7:1",5600 rpm,4000 rpm,"9,7 kgfm/litro",,4,1475 mm,1505 mm,1515 mm,4495 mm,2620 mm,1740 mm,1131 kg,482 litros,41 litros,103 mm,Disco ventilado,Tambor,Elétrica,"10,6 m","Indep., McPherson",Mola helicoidal,Eixo de torção,570 km,480 km,"13,9 km/l","11,7 km/l",,,,,,,Corrente,Admissão e escape,125/70 R16,"2,18 m²","0,687 m²","0,315",,513 kg,6750 rpm,"16,9 graus","20,2 graus",143 mm,,,,,,,,,,,,,,,,,,,,,,,,Mecânicos,114 cv,114 cv,"15,5 kgfm","15,5 kgfm",410 km,328 km,10 km/l,8 km/l,,,,,,,,,,
nissan,Versa,versa,versa-sense-1-6-2021,versa-sense-1-6-2021,https://www.fichacompleta.com.br/carros/nissan/versa-sense-1-6-2021,2026-06-15T16:14:58.221364,Nissan Versa Sense 1.6 2021,"10,8 s",185 km/h,Embreagem monodisco a seco,Manual,,5,Dianteira,Injeção multiponto,Natural,1598 cm³,4 em linha,HR16DE,Duplo no cabeçote,"83,6 mm",78 mm,Transversal,Dianteiro,"9,4 kg/cv","69,3 kg/kgfm","71,3 cv/litro",,"10,7:1",5600 rpm,4000 rpm,"9,7 kgfm/litro",,4,1465 mm,1520 mm,1530 mm,4495 mm,2620 mm,1740 mm,1074 kg,466 litros,41 litros,127 mm,Disco ventilado,Tambor,Elétrica,"10,6 m","Indep., McPherson",Mola helicoidal,Eixo de torção,566 km,484 km,"13,8 km/l","11,8 km/l",,,,,,,Corrente,Admissão e escape,125/70 R16,"2,17 m²","0,651 m²","0,3",,458 kg,6750 rpm,"16,4 graus","19,9 graus",138 mm,,,,,,,,,,,,,,,,,,,,,,,,Mecânicos,114 cv,111 cv,"15,5 kgfm","15,5 kgfm",394 km,332 km,"9,6 km/l","8,1 km/l",,,,,,,,,,
nissan,Versa,versa,versa-sense-1-6-at-2021,versa-sense-1-6-at-2021,https://www.fichacompleta.com.br/carros/nissan/versa-sense-1-6-at-2021,2026-06-15T16:15:02.163835,Nissan Versa Sense 1.6 AT 2021,"10,7 s",180 km/h,Conversor de torque,CVT,Jatco X-Tronic,,Dianteira,Injeção multiponto,Natural,1598 cm³,4 em linha,HR16DE,"Duplo no cabeçote, corrente",,,Transversal,Dianteiro,"9,6 kg/cv","70,8 kg/kgfm","71,3 cv/litro",114 cv (A) 114 cv (G) a 5600 rpm,"10,7:1",,,"9,7 kgfm/litro","15,5 kgfm (A) 15,5 kgfm (G) a 4000 rpm",4,1465 mm,1520 mm,1530 mm,4495 mm,2620 mm,1740 mm,1098 kg,466 litros,41 litros,127 mm,Disco ventilado,195/65 R15,Elétrica,,"Independente, McPherson",Mola helicoidal,Eixo de torção,570 km,480 km,"13,9 km/l","11,7 km/l",6,,,"10,6 m","83,6 mm",78 mm,,Admissão e escape,,"2,17 m²",,,"0,3",546 kg,,"16,4 graus","19,9 graus",,,,,,,,,,,,,,,,,,,,,,,,,Mecânicos,,,,,410 km,328 km,10 km/l,8 km/l,,,,,,,,,,
nissan,Versa,versa,versa-v-drive-1-0-2021,versa-v-drive-1-0-2021,https://www.fichacompleta.com.br/carros/nissan/versa-v-drive-1-0-2021,2026-06-15T16:15:05.892358,Nissan Versa V-Drive 1.0 2021,16 s,162 km/h,Embreagem monodisco a seco,Manual,,5,Dianteira,Injeção multiponto,Natural,999 cm³,3 em linha,HR10,Duplo no cabeçote,"69,7 mm",78 mm,Transversal,Dianteiro,"13,7 kg/cv","105,6 kg/kgfm","77,1 cv/litro",,"11,2:1",6200 rpm,4000 rpm,"10,0 kgfm/litro",,4,1506 mm,1480 mm,1485 mm,4492 mm,2600 mm,1695 mm,1056 kg,460 litros,41 litros,120 mm,Disco ventilado,Tambor,Elétrica,"10,6 m","Indep., McPherson",Mola helicoidal,Eixo de torção,627 km,529 km,"15,3 km/l","12,9 km/l",,,,,,,Corrente,Admissão,165/70 R14,"2,17 m²","0,651 m²","0,3",,,6800 rpm,,,,,,,,,,,,,,,,,,,,,,,,,,,Hidráulicos,77 cv,77 cv,10 kgfm,10 kgfm,431 km,361 km,"10,5 km/l","8,8 km/l",,,,,,,,,,
nissan,Versa,versa,versa-v-drive-1-6-2021,versa-v-drive-1-6-2021,https://www.fichacompleta.com.br/carros/nissan/versa-v-drive-1-6-2021,2026-06-15T16:15:08.479793,Nissan Versa V-Drive 1.6 2021,"10,3 s",187 km/h,Embreagem monodisco a seco,Manual,,5,Dianteira,Injeção multiponto,Natural,1598 cm³,4 em linha,HR16DE,Duplo no cabeçote,"83,6 mm",78 mm,Transversal,Dianteiro,"9,5 kg/cv","70,2 kg/kgfm","69,5 cv/litro",,"10,7:1",5600 rpm,4000 rpm,"9,4 kgfm/litro",,4,1506 mm,1480 mm,1485 mm,4492 mm,2600 mm,1695 mm,1060 kg,460 litros,41 litros,120 mm,Disco ventilado,Tambor,Elétrica,"10,6 m","Indep., McPherson",Mola helicoidal,Eixo de torção,590 km,517 km,"14,4 km/l","12,6 km/l",,,,,,,Corrente,Admissão,165/70 R14,"2,17 m²","0,651 m²","0,3",,,6750 rpm,,,,,,,,,,,,,,,,,,,,,,,,,,,Mecânicos,111 cv,111 cv,"15,1 kgfm","15,1 kgfm",410 km,344 km,10 km/l,"8,4 km/l",,,,,,,,,,
nissan,Versa,versa,versa-v-drive-plus-1-6-at-2021,versa-v-drive-plus-1-6-at-2021,https://www.fichacompleta.com.br/carros/nissan/versa-v-drive-plus-1-6-at-2021,2026-06-15T16:15:11.481465,Nissan Versa V-Drive Plus 1.6 AT 2021,"11,6 s",187 km/h,Conversor de torque,CVT,Jatco X-Tronic,0,Dianteira,Injeção multiponto,Natural,1598 cm³,4 em linha,HR16DE,Duplo no cabeçote,"83,6 mm",78 mm,Transversal,Dianteiro,"9,8 kg/cv","72,4 kg/kgfm","69,5 cv/litro",,"10,7:1",5600 rpm,4000 rpm,"9,4 kgfm/litro",,4,1506 mm,1480 mm,1485 mm,4492 mm,2600 mm,1695 mm,1093 kg,460 litros,41 litros,120 mm,Disco ventilado,Tambor,Elétrica,"10,6 m","Indep., McPherson",Mola helicoidal,Eixo de torção,578 km,476 km,"14,1 km/l","11,6 km/l",,,,,,,Corrente,Admissão,165/70 R14,"2,17 m²","0,651 m²","0,3",,,6750 rpm,,,,,,,,,,,,,,,,,,,,,,,,,,,Mecânicos,111 cv,111 cv,"15,1 kgfm","15,1 kgfm",410 km,320 km,10 km/l,"7,8 km/l",,,,,,,,,,
nissan,Versa,versa,versa-v-drive-premium-1-6-at-2021,versa-v-drive-premium-1-6-at-2021,https://www.fichacompleta.com.br/carros/nissan/versa-v-drive-premium-1-6-at-2021,2026-06-15T16:15:15.870855,Nissan Versa V-Drive Premium 1.6 AT 2021,"11,6 s",187 km/h,Conversor de torque,CVT,Jatco X-Tronic,0,Dianteira,Injeção multiponto,Natural,1598 cm³,4 em linha,HR16DE,Duplo no cabeçote,"83,6 mm",78 mm,Transversal,Dianteiro,"9,8 kg/cv","72,4 kg/kgfm","69,5 cv/litro",,"10,7:1",5600 rpm,4000 rpm,"9,4 kgfm/litro",,4,1506 mm,1480 mm,1485 mm,4492 mm,2600 mm,1695 mm,1093 kg,460 litros,41 litros,107 mm,Disco ventilado,Tambor,Elétrica,"10,6 m","Indep., McPherson",Mola helicoidal,Eixo de torção,578 km,476 km,"14,1 km/l","11,6 km/l",,,,,,,Corrente,Admissão,165/70 R14,"2,17 m²","0,651 m²","0,3",,,6750 rpm,,,,,,,,,,,,,,,,,,,,,,,,,,,Mecânicos,111 cv,111 cv,"15,1 kgfm","15,1 kgfm",410 km,320 km,10 km/l,"7,8 km/l",,,,,,,,,,
nissan,Versa,versa,versa-v-drive-special-edition-1-6-at-2021,versa-v-drive-special-edition-1-6-at-2021,https://www.fichacompleta.com.br/carros/nissan/versa-v-drive-special-edition-1-6-at-2021,2026-06-15T16:15:18.323426,Nissan Versa V-Drive Special Edition 1.6 AT 2021,"11,6 s",187 km/h,Conversor de torque,CVT,Jatco X-Tronic,0,Dianteira,Injeção multiponto,Natural,1598 cm³,4 em linha,HR16DE,Duplo no cabeçote,"83,6 mm",78 mm,Transversal,Dianteiro,"9,8 kg/cv","71,9 kg/kgfm","69,5 cv/litro",,"10,7:1",5600 rpm,4000 rpm,"9,4 kgfm/litro",,4,1506 mm,1480 mm,1485 mm,4492 mm,2600 mm,1695 mm,1085 kg,460 litros,41 litros,120 mm,Disco ventilado,Tambor,Elétrica,"10,6 m","Indep., McPherson",Mola helicoidal,Eixo de torção,578 km,476 km,"14,1 km/l","11,6 km/l",,,,,,,Corrente,Admissão,165/70 R14,"2,17 m²","0,651 m²","0,3",,,6750 rpm,,,,,,,,,,,,,,,,,,,,,,,,,,,Mecânicos,111 cv,111 cv,"15,1 kgfm","15,1 kgfm",410 km,320 km,10 km/l,"7,8 km/l",,,,,,,,,,
nissan,Versa,versa,versa-advance-1-6-at-2022,versa-advance-1-6-at-2022,https://www.fichacompleta.com.br/carros/nissan/versa-advance-1-6-at-2022,2026-06-15T16:15:22.707465,Nissan Versa Advance 1.6 AT 2022,"10,7 s",180 km/h,Conversor de torque,CVT,Jatco X-Tronic,6,Dianteira,Injeção multiponto,Natural,1598 cm³,4 em linha,HR16DE,Duplo no cabeçote,"83,6 mm",78 mm,Transversal,Dianteiro,"9,8 kg/cv","72,4 kg/kgfm","71,3 cv/litro",,"10,7:1",,,"9,7 kgfm/litro",,4,1465 mm,1515 mm,1525 mm,4495 mm,2620 mm,1740 mm,1122 kg,482 litros,41 litros,113 mm,Disco ventilado,Tambor,Elétrica,"10,6 m","Indep., McPherson",Mola helicoidal,Eixo de torção,570 km,480 km,"13,9 km/l","11,7 km/l",,5600 rpm,4000 rpm,,,,Corrente,Admissão e escape,125/70 R16,"2,17 m²","0,662 m²","0,305",,522 kg,6750 rpm,"16,4 graus","19,9 graus",138 mm,,,,,,,,,,,,,,,,,,,,,,,,Mecânicos,,,,,410 km,328 km,10 km/l,8 km/l,,114 cv,114 cv,"15,5 kgfm","15,5 kgfm",,,,,
nissan,Versa,versa,versa-exclusive-1-6-at-2022,versa-exclusive-1-6-at-2022,https://www.fichacompleta.com.br/carros/nissan/versa-exclusive-1-6-at-2022,2026-06-15T16:15:26.373168,Nissan Versa Exclusive 1.6 AT 2022,"10,7 s",180 km/h,Conversor de torque,CVT,Jatco X-Tronic,6,Dianteira,Injeção multiponto,Natural,1598 cm³,4 em linha,HR16DE,Duplo no cabeçote,"83,6 mm",78 mm,Transversal,Dianteiro,"9,9 kg/cv","73,0 kg/kgfm","71,3 cv/litro",,"10,7:1",,,"9,7 kgfm/litro",,4,1475 mm,1505 mm,1515 mm,4495 mm,2620 mm,1740 mm,1131 kg,482 litros,41 litros,103 mm,Disco ventilado,Tambor,Elétrica,"10,6 m","Indep., McPherson",Mola helicoidal,Eixo de torção,570 km,480 km,"13,9 km/l","11,7 km/l",,5600 rpm,4000 rpm,,,,Corrente,Admissão e escape,125/70 R16,"2,18 m²","0,687 m²","0,315",,513 kg,6750 rpm,"16,9 graus","20,2 graus",143 mm,,,,,,,,,,,,,,,,,,,,,,,,Mecânicos,,,,,410 km,328 km,10 km/l,8 km/l,,114 cv,114 cv,"15,5 kgfm","15,5 kgfm",,,,,
nissan,Versa,versa,versa-sense-1-6-2022,versa-sense-1-6-2022,https://www.fichacompleta.com.br/carros/nissan/versa-sense-1-6-2022,2026-06-15T16:15:31.088985,Nissan Versa Sense 1.6 2022,"10,8 s",185 km/h,Embreagem monodisco a seco,Manual,,5,Dianteira,Injeção multiponto,Natural,1598 cm³,4 em linha,HR16DE,Duplo no cabeçote,"83,6 mm",78 mm,Transversal,Dianteiro,"9,4 kg/cv","69,3 kg/kgfm","71,3 cv/litro",,"10,7:1",,,"9,7 kgfm/litro",,4,1465 mm,1520 mm,1530 mm,4495 mm,2620 mm,1740 mm,1074 kg,466 litros,41 litros,127 mm,Disco ventilado,Tambor,Elétrica,"10,6 m","Indep., McPherson",Mola helicoidal,Eixo de torção,566 km,484 km,"13,8 km/l","11,8 km/l",,5600 rpm,4000 rpm,,,,Corrente,Admissão e escape,125/70 R16,"2,17 m²","0,651 m²","0,3",,458 kg,6750 rpm,"16,4 graus","19,9 graus",138 mm,,,,,,,,,,,,,,,,,,,,,,,,Mecânicos,,,,,394 km,332 km,"9,6 km/l","8,1 km/l",,114 cv,111 cv,"15,5 kgfm","15,5 kgfm",,,,,
nissan,Versa,versa,versa-sense-1-6-at-2022,versa-sense-1-6-at-2022,https://www.fichacompleta.com.br/carros/nissan/versa-sense-1-6-at-2022,2026-06-15T16:15:35.714784,Nissan Versa Sense 1.6 AT 2022,"10,7 s",180 km/h,Conversor de torque,CVT,Jatco X-Tronic,6,Dianteira,Injeção multiponto,Natural,1598 cm³,4 em linha,HR16DE,Duplo no cabeçote,"83,6 mm",78 mm,Transversal,Dianteiro,"9,6 kg/cv","70,8 kg/kgfm","71,3 cv/litro",,"10,7:1",,,"9,7 kgfm/litro",,4,1465 mm,1520 mm,1530 mm,4495 mm,2620 mm,1740 mm,1098 kg,466 litros,41 litros,127 mm,Disco ventilado,Tambor,Elétrica,"10,6 m","Indep., McPherson",Mola helicoidal,Eixo de torção,570 km,480 km,"13,9 km/l","11,7 km/l",,5600 rpm,4000 rpm,,,,Corrente,Admissão e escape,125/70 R16,"2,17 m²","0,651 m²","0,3",,546 kg,6750 rpm,"16,4 graus","19,9 graus",138 mm,,,,,,,,,,,,,,,,,,,,,,,,Mecânicos,,,,,410 km,328 km,10 km/l,8 km/l,,114 cv,114 cv,"15,5 kgfm","15,5 kgfm",,,,,
nissan,Versa,versa,versa-advance-1-6-2023,versa-advance-1-6-2023,https://www.fichacompleta.com.br/carros/nissan/versa-advance-1-6-2023,2026-06-15T16:15:38.645141,Nissan Versa Advance 1.6 2023,"10,7 s",180 km/h,Conversor de torque,CVT,Jatco X-Tronic,6,Dianteira,Injeção multiponto,Natural,,4 em linha,HR16DE,Duplo no cabeçote,"83,6 mm",78 mm,Transversal,Dianteiro,"9,93 kg/cv","73,3 kg/kgfm","70,7 cv/litro",,"10,7:1",5600 rpm,4000 rpm,"9,6 kgfm/litro",,4,1465 mm,1515 mm,1525 mm,4495 mm,2620 mm,1740 mm,1122 kg,482 litros,41 litros,113 mm,Disco ventilado,Tambor,Elétrica,"10,6 m","Indep., McPherson",Mola helicoidal,Eixo de torção,603 km,472 km,"14,7 km/l","11,5 km/l",,,,,,,Corrente,Admissão e escape,125/70 R15,"2,17 m²","0,662 m²","0,305",,522 kg,6750 rpm,"16,4 graus","19,9 graus",138 mm,,,,,,,,,,399 cm³,1598 cm³,,,,,,,,,,,,,Mecânicos,113 cv,110 cv,"15,3 kgfm","15,2 kgfm",418 km,324 km,"10,2 km/l","7,9 km/l",,,,,,,,,,
nissan,Versa,versa,versa-exclusive-1-6-2023,versa-exclusive-1-6-2023,https://www.fichacompleta.com.br/carros/nissan/versa-exclusive-1-6-2023,2026-06-15T16:15:42.681880,Nissan Versa Exclusive 1.6 2023,"10,7 s",180 km/h,Conversor de torque,CVT,Jatco X-Tronic,6,Dianteira,Injeção multiponto,Natural,,4 em linha,HR16DE,Duplo no cabeçote,"83,6 mm",78 mm,Transversal,Dianteiro,"10,01 kg/cv","73,9 kg/kgfm","70,7 cv/litro",,"10,7:1",5600 rpm,4000 rpm,"9,6 kgfm/litro",,4,1475 mm,1505 mm,1515 mm,4495 mm,2620 mm,1740 mm,1131 kg,482 litros,41 litros,103 mm,Disco ventilado,Tambor,Elétrica,"10,6 m","Indep., McPherson",Mola helicoidal,Eixo de torção,603 km,472 km,"14,7 km/l","11,5 km/l",,,,,,,Corrente,Admissão e escape,125/70 R15,"2,18 m²","0,687 m²","0,315",,513 kg,6750 rpm,"16,9 graus","20,2 graus",143 mm,,,,,,,,,,399 cm³,1598 cm³,,,,,,,,,,,,,Mecânicos,113 cv,110 cv,"15,3 kgfm","15,2 kgfm",418 km,324 km,"10,2 km/l","7,9 km/l",,,,,,,,,,
nissan,Versa,versa,versa-sense-1-6-at-2023,versa-sense-1-6-at-2023,https://www.fichacompleta.com.br/carros/nissan/versa-sense-1-6-at-2023,2026-06-15T16:15:47.528688,Nissan Versa Sense 1.6 AT 2023,"10,7 s",180 km/h,Conversor de torque,CVT,Jatco X-Tronic,6,Dianteira,Injeção multiponto,Natural,,4 em linha,HR16DE,Duplo no cabeçote,"83,6 mm",78 mm,Transversal,Dianteiro,"9,72 kg/cv","71,8 kg/kgfm","70,7 cv/litro",,"10,7:1",5600 rpm,4000 rpm,"9,6 kgfm/litro",,4,1465 mm,1520 mm,1530 mm,4495 mm,2620 mm,1740 mm,1098 kg,466 litros,41 litros,127 mm,Disco ventilado,Tambor,Elétrica,"10,6 m","Indep., McPherson",Mola helicoidal,Eixo de torção,603 km,472 km,"14,7 km/l","11,5 km/l",,,,,,,Corrente,Admissão e escape,125/70 R15,"2,17 m²","0,651 m²","0,3",,546 kg,6750 rpm,"16,4 graus","19,9 graus",138 mm,,,,,,,,,,399 cm³,1598 cm³,,,,,,,,,,,,,Mecânicos,113 cv,110 cv,"15,3 kgfm","15,2 kgfm",418 km,324 km,"10,2 km/l","7,9 km/l",,,,,,,,,,
nissan,Versa,versa,versa-advance-1-6-2024,versa-advance-1-6-2024,https://www.fichacompleta.com.br/carros/nissan/versa-advance-1-6-2024,2026-06-15T16:15:52.000565,Nissan Versa Advance 1.6 2024,"10,7 s",180 km/h,Conversor de torque,CVT,Jatco X-Tronic,6,Dianteira,Injeção multiponto,Natural,,4 em linha,HR16DE,Duplo no cabeçote,"83,6 mm",78 mm,Transversal,Dianteiro,"9,93 kg/cv","73,3 kg/kgfm","70,7 cv/litro",,"10,7:1",5600 rpm,4000 rpm,"9,6 kgfm/litro",,4,1465 mm,1515 mm,1525 mm,4495 mm,2620 mm,1740 mm,1122 kg,482 litros,41 litros,113 mm,Disco ventilado,Tambor,Elétrica,"10,6 m","Indep., McPherson",Mola helicoidal,Eixo de torção,603 km,472 km,"14,7 km/l","11,5 km/l",,,,,,,Corrente,Admissão e escape,125/70 R15,"2,17 m²","0,673 m²","0,31",,522 kg,6750 rpm,"16,4 graus","19,9 graus",138 mm,,,,,,,,,,399 cm³,1598 cm³,,,,,,,,,,,,,Mecânicos,113 cv,110 cv,"15,3 kgfm","15,2 kgfm",418 km,324 km,"10,2 km/l","7,9 km/l",,,,,,,,,,
nissan,Versa,versa,versa-exclusive-1-6-2024,versa-exclusive-1-6-2024,https://www.fichacompleta.com.br/carros/nissan/versa-exclusive-1-6-2024,2026-06-15T16:15:54.602141,Nissan Versa Exclusive 1.6 2024,"10,7 s",180 km/h,Conversor de torque,CVT,Jatco X-Tronic,6,Dianteira,Injeção multiponto,Natural,,4 em linha,HR16DE,Duplo no cabeçote,"83,6 mm",78 mm,Transversal,Dianteiro,"10,08 kg/cv","74,4 kg/kgfm","70,7 cv/litro",,"10,7:1",5600 rpm,4000 rpm,"9,6 kgfm/litro",,4,1475 mm,1505 mm,1515 mm,4495 mm,2620 mm,1740 mm,1139 kg,482 litros,41 litros,103 mm,Disco ventilado,Tambor,Elétrica,"10,6 m","Indep., McPherson",Mola helicoidal,Eixo de torção,603 km,472 km,"14,7 km/l","11,5 km/l",,,,,,,Corrente,Admissão e escape,125/70 R15,"2,18 m²","0,698 m²","0,32",,513 kg,6750 rpm,"16,9 graus","20,2 graus",143 mm,,,,,,,,,,399 cm³,1598 cm³,,,,,,,,,,,,,Mecânicos,113 cv,110 cv,"15,3 kgfm","15,2 kgfm",418 km,324 km,"10,2 km/l","7,9 km/l",,,,,,,,,,
nissan,Versa,versa,versa-sense-1-6-at-2024,versa-sense-1-6-at-2024,https://www.fichacompleta.com.br/carros/nissan/versa-sense-1-6-at-2024,2026-06-15T16:15:58.575628,Nissan Versa Sense 1.6 AT 2024,"10,7 s",180 km/h,Conversor de torque,CVT,Jatco X-Tronic,6,Dianteira,Injeção multiponto,Natural,,4 em linha,HR16DE,Duplo no cabeçote,"83,6 mm",78 mm,Transversal,Dianteiro,"9,78 kg/cv","72,2 kg/kgfm","70,7 cv/litro",,"10,7:1",5600 rpm,4000 rpm,"9,6 kgfm/litro",,4,1465 mm,1520 mm,1530 mm,4495 mm,2620 mm,1740 mm,1105 kg,466 litros,41 litros,127 mm,Disco ventilado,Tambor,Elétrica,"10,6 m","Indep., McPherson",Mola helicoidal,Eixo de torção,603 km,472 km,"14,7 km/l","11,5 km/l",,,,,,,Corrente,Admissão e escape,125/70 R15,"2,17 m²","0,673 m²","0,31",,546 kg,6750 rpm,"16,4 graus","19,9 graus",138 mm,,,,,,,,,,399 cm³,1598 cm³,,,,,,,,,,,,,Mecânicos,113 cv,110 cv,"15,3 kgfm","15,2 kgfm",418 km,324 km,"10,2 km/l","7,9 km/l",,,,,,,,,,
nissan,Versa,versa,versa-advance-1-6-2025,versa-advance-1-6-2025,https://www.fichacompleta.com.br/carros/nissan/versa-advance-1-6-2025,2026-06-15T16:16:01.259654,Nissan Versa Advance 1.6 2025,"10,7 s",180 km/h,Conversor de torque,CVT,Jatco X-Tronic,6,Dianteira,Injeção multiponto,Natural,,4 em linha,HR16DE,Duplo no cabeçote,"83,6 mm",78 mm,Transversal,Dianteiro,"9,93 kg/cv","73,3 kg/kgfm","70,7 cv/litro",,"10,7:1",5600 rpm,4000 rpm,"9,6 kgfm/litro",,4,1465 mm,1515 mm,1525 mm,4495 mm,2620 mm,1740 mm,1122 kg,482 litros,41 litros,113 mm,Disco ventilado,Tambor,Elétrica,"10,6 m","Indep., McPherson",Mola helicoidal,Eixo de torção,615 km,484 km,15 km/l,"11,8 km/l",,,,,,,Corrente,Admissão e escape,125/70 R15,"2,17 m²","0,673 m²","0,31",,522 kg,6750 rpm,"16,4 graus","19,9 graus",138 mm,,,,,,,,,,399 cm³,1598 cm³,,,,,,,,,,,,5W-30 ³,Mecânicos,113 cv,110 cv,"15,3 kgfm","15,2 kgfm",431 km,332 km,"10,5 km/l","8,1 km/l",,,,,,,,,,
nissan,Versa,versa,versa-exclusive-1-6-2025,versa-exclusive-1-6-2025,https://www.fichacompleta.com.br/carros/nissan/versa-exclusive-1-6-2025,2026-06-15T16:16:04.675570,Nissan Versa Exclusive 1.6 2025,"10,7 s",180 km/h,Conversor de torque,CVT,Jatco X-Tronic,6,Dianteira,Injeção multiponto,Natural,,4 em linha,HR16DE,Duplo no cabeçote,"83,6 mm",78 mm,Transversal,Dianteiro,"10,08 kg/cv","74,4 kg/kgfm","70,7 cv/litro",,"10,7:1",5600 rpm,4000 rpm,"9,6 kgfm/litro",,4,1475 mm,1505 mm,1515 mm,4495 mm,2620 mm,1740 mm,1139 kg,482 litros,41 litros,103 mm,Disco ventilado,Tambor,Elétrica,"10,6 m","Indep., McPherson",Mola helicoidal,Eixo de torção,615 km,484 km,15 km/l,"11,8 km/l",,,,,,,Corrente,Admissão e escape,125/70 R15,"2,18 m²","0,698 m²","0,32",,513 kg,6750 rpm,"16,9 graus","20,2 graus",143 mm,,,,,,,,,,399 cm³,1598 cm³,,,,,,,,,,,,5W-30 ³,Mecânicos,113 cv,110 cv,"15,3 kgfm","15,2 kgfm",431 km,332 km,"10,5 km/l","8,1 km/l",,,,,,,,,,
nissan,Versa,versa,versa-sense-1-6-at-2025,versa-sense-1-6-at-2025,https://www.fichacompleta.com.br/carros/nissan/versa-sense-1-6-at-2025,2026-06-15T16:16:08.179806,Nissan Versa Sense 1.6 AT 2025,"10,7 s",180 km/h,Conversor de torque,CVT,Jatco X-Tronic,6,Dianteira,Injeção multiponto,Natural,,4 em linha,HR16DE,Duplo no cabeçote,"83,6 mm",78 mm,Transversal,Dianteiro,"9,78 kg/cv","72,2 kg/kgfm","70,7 cv/litro",,"10,7:1",5600 rpm,4000 rpm,"9,6 kgfm/litro",,4,1465 mm,1520 mm,1530 mm,4495 mm,2620 mm,1740 mm,1105 kg,466 litros,41 litros,127 mm,Disco ventilado,Tambor,Elétrica,"10,6 m","Indep., McPherson",Mola helicoidal,Eixo de torção,615 km,484 km,15 km/l,"11,8 km/l",,,,,,,Corrente,Admissão e escape,125/70 R15,"2,17 m²","0,673 m²","0,31",,546 kg,6750 rpm,"16,4 graus","19,9 graus",138 mm,,,,,,,,,,399 cm³,1598 cm³,,,,,,,,,,,,5W-30 ³,Mecânicos,113 cv,110 cv,"15,3 kgfm","15,2 kgfm",431 km,332 km,"10,5 km/l","8,1 km/l",,,,,,,,,,
nissan,Versa,versa,versa-sr-1-6-2025,versa-sr-1-6-2025,https://www.fichacompleta.com.br/carros/nissan/versa-sr-1-6-2025,2026-06-15T16:16:11.941734,Nissan Versa SR 1.6 2025,"10,7 s",180 km/h,Conversor de torque,CVT,Jatco X-Tronic,6,Dianteira,Injeção multiponto,Natural,,4 em linha,HR16DE,Duplo no cabeçote,"83,6 mm",78 mm,Transversal,Dianteiro,"9,93 kg/cv","73,3 kg/kgfm","70,7 cv/litro",,"10,7:1",5600 rpm,4000 rpm,"9,6 kgfm/litro",,4,1465 mm,1515 mm,1525 mm,4495 mm,2620 mm,1740 mm,1122 kg,482 litros,41 litros,113 mm,Disco ventilado,Tambor,Elétrica,"10,6 m","Indep., McPherson",Mola helicoidal,Eixo de torção,615 km,484 km,15 km/l,"11,8 km/l",,,,,,,Corrente,Admissão e escape,125/70 R15,"2,17 m²","0,673 m²","0,31",,522 kg,6750 rpm,"16,4 graus","19,9 graus",138 mm,,,,,,,,,,399 cm³,1598 cm³,,,,,,,,,,,,5W-30 ³,Mecânicos,113 cv,110 cv,"15,3 kgfm","15,2 kgfm",431 km,332 km,"10,5 km/l","8,1 km/l",,,,,,,,,,
nissan,Versa,versa,versa-advance-1-6-2026,versa-advance-1-6-2026,https://www.fichacompleta.com.br/carros/nissan/versa-advance-1-6-2026,2026-06-15T16:16:15.911876,Nissan Versa Advance 1.6 2026,"10,7 s",180 km/h,Conversor de torque,CVT,Jatco X-Tronic,6,Dianteira,Injeção multiponto,Natural,,4 em linha,HR16DE,Duplo no cabeçote,"83,6 mm",78 mm,Transversal,Dianteiro,"9,93 kg/cv","73,3 kg/kgfm","70,7 cv/litro",,"10,7:1",5600 rpm,4000 rpm,"9,6 kgfm/litro",,4,1465 mm,1515 mm,1525 mm,4495 mm,2620 mm,1740 mm,1122 kg,482 litros,41 litros,113 mm,Disco ventilado,Tambor,Elétrica,"10,6 m","Indep., McPherson",Mola helicoidal,Eixo de torção,615 km,472 km,15 km/l,"11,5 km/l",,,,,,,Corrente,Admissão e escape,125/70 R15,"2,17 m²","0,673 m²","0,31",,522 kg,6750 rpm,"16,4 graus","19,9 graus",138 mm,,,,,,,,,,399 cm³,1598 cm³,,,,,,,,,,,,5W-30 ³,Mecânicos,113 cv,110 cv,"15,3 kgfm","15,2 kgfm",431 km,324 km,"10,5 km/l","7,9 km/l",,,,,,,,,,
nissan,Versa,versa,versa-exclusive-1-6-2026,versa-exclusive-1-6-2026,https://www.fichacompleta.com.br/carros/nissan/versa-exclusive-1-6-2026,2026-06-15T16:16:18.534735,Nissan Versa Exclusive 1.6 2026,"10,7 s",180 km/h,Conversor de torque,CVT,Jatco X-Tronic,6,Dianteira,Injeção multiponto,Natural,,4 em linha,HR16DE,Duplo no cabeçote,"83,6 mm",78 mm,Transversal,Dianteiro,"10,08 kg/cv","74,4 kg/kgfm","70,7 cv/litro",,"10,7:1",5600 rpm,4000 rpm,"9,6 kgfm/litro",,4,1475 mm,1505 mm,1515 mm,4495 mm,2620 mm,1740 mm,1139 kg,482 litros,41 litros,103 mm,Disco ventilado,Tambor,Elétrica,"10,6 m","Indep., McPherson",Mola helicoidal,Eixo de torção,615 km,472 km,15 km/l,"11,5 km/l",,,,,,,Corrente,Admissão e escape,125/70 R15,"2,18 m²","0,698 m²","0,32",,513 kg,6750 rpm,"16,9 graus","20,2 graus",143 mm,,,,,,,,,,399 cm³,1598 cm³,,,,,,,,,,,,5W-30 ³,Mecânicos,113 cv,110 cv,"15,3 kgfm","15,2 kgfm",431 km,324 km,"10,5 km/l","7,9 km/l",,,,,,,,,,
nissan,Versa,versa,versa-sense-1-6-at-2026,versa-sense-1-6-at-2026,https://www.fichacompleta.com.br/carros/nissan/versa-sense-1-6-at-2026,2026-06-15T16:16:22.879772,Nissan Versa Sense 1.6 AT 2026,"10,7 s",180 km/h,Conversor de torque,CVT,Jatco X-Tronic,6,Dianteira,Injeção multiponto,Natural,,4 em linha,HR16DE,Duplo no cabeçote,"83,6 mm",78 mm,Transversal,Dianteiro,"9,78 kg/cv","72,2 kg/kgfm","70,7 cv/litro",,"10,7:1",5600 rpm,4000 rpm,"9,6 kgfm/litro",,4,1465 mm,1520 mm,1530 mm,4495 mm,2620 mm,1740 mm,1105 kg,466 litros,41 litros,127 mm,Disco ventilado,Tambor,Elétrica,"10,6 m","Indep., McPherson",Mola helicoidal,Eixo de torção,615 km,472 km,15 km/l,"11,5 km/l",,,,,,,Corrente,Admissão e escape,125/70 R15,"2,17 m²","0,673 m²","0,31",,546 kg,6750 rpm,"16,4 graus","19,9 graus",138 mm,,,,,,,,,,399 cm³,1598 cm³,,,,,,,,,,,,5W-30 ³,Mecânicos,113 cv,110 cv,"15,3 kgfm","15,2 kgfm",431 km,324 km,"10,5 km/l","7,9 km/l",,,,,,,,,,
nissan,X-trail,x-trail,x-trail-gx-2-5-2005,x-trail-gx-2-5-2005,https://www.fichacompleta.com.br/carros/nissan/x-trail-gx-2-5-2005,2026-06-15T16:16:41.073912,Nissan X-trail GX 2.5 2005,"11,7 s",183 km/h,Conversor de torque,Automático,,4,Integral sob demanda,Injeção multiponto,Natural,2488 cm³,4 em linha,QR25DE,Duplo no cabeçote,100 mm,89 mm,Transversal,Dianteiro,"8,0 kg/cv","57,4 kg/kgfm","72,3 cv/litro",180 cv,"9,5:1",,,"10,0 kgfm/litro",25 kgfm,4,1672 mm,,,4450 mm,2620 mm,1760 mm,1435 kg,410 litros,60 litros,140 mm,Disco ventilado,Disco ventilado,Hidráulica,Não informado,"Indep., McPherson",Mola helicoidal,Eixo rígido,756 km,438 km,"12,6 km/l","7,3 km/l",4,6000 rpm,4000 rpm,Não informado,,,,,,,,,,,,29 graus,26 graus,,,,,,,,,,,,,,,,,,,,,,,,,,,,,,,,,,,,,,,,,,,
nissan,X-trail,x-trail,x-trail-gx-2-5-2006,x-trail-gx-2-5-2006,https://www.fichacompleta.com.br/carros/nissan/x-trail-gx-2-5-2006,2026-06-15T16:16:45.944124,Nissan X-trail GX 2.5 2006,"11,7 s",183 km/h,Conversor de torque,Automático,,,Integral sob demanda,Injeção multiponto,Natural,2488 cm³,4 em linha,QR25DE,Duplo no cabeçote,100 mm,89 mm,Transversal,Dianteiro,"8,0 kg/cv","57,4 kg/kgfm","72,3 cv/litro",180 cv a 6000 rpm,"9,5:1",,,"10,0 kgfm/litro",25 kgfm a 4000 rpm,4,1672 mm,,,4450 mm,2620 mm,1760 mm,1435 kg,410 litros,60 litros,140 mm,Disco ventilado,Disco ventilado,Hidráulica,,"Independente, McPherson",Mola helicoidal,Eixo rígido,756 km,438 km,"12,6 km/l","7,3 km/l",4,,,Não informado,,,,,,,,,,,,29 graus,26 graus,,,,,,,,,,,,,,,,,,,,,,,,,,,,,,,,,,,,,,,,,,,
nissan,X-trail,x-trail,x-trail-gx-2-5-2007,x-trail-gx-2-5-2007,https://www.fichacompleta.com.br/carros/nissan/x-trail-gx-2-5-2007,2026-06-15T16:16:50.442749,Nissan X-trail GX 2.5 2007,"11,7 s",183 km/h,Conversor de torque,Automático,,4,Integral sob demanda,Injeção multiponto,Natural,2488 cm³,4 em linha,QR25DE,Duplo no cabeçote,100 mm,89 mm,Transversal,Dianteiro,"8,0 kg/cv","57,4 kg/kgfm","72,3 cv/litro",180 cv,"9,5:1",6000 rpm,4000 rpm,"10,0 kgfm/litro",25 kgfm,4,1672 mm,,,4450 mm,2620 mm,1760 mm,1435 kg,410 litros,60 litros,140 mm,Disco ventilado,Disco ventilado,Hidráulica,Não informado,"Indep., McPherson",Mola helicoidal,Eixo rígido,756 km,438 km,"12,6 km/l","7,3 km/l",,,,,,,,,,,,,,,,29 graus,26 graus,,,,,,,,,,,,,,,,,,,,,,,,,,,,,,,,,,,,,,,,,,,
nissan,X-trail,x-trail,x-trail-gx-2-5-2008,x-trail-gx-2-5-2008,https://www.fichacompleta.com.br/carros/nissan/x-trail-gx-2-5-2008,2026-06-15T16:16:53.884531,Nissan X-trail GX 2.5 2008,"11,7 s",183 km/h,Conversor de torque,Automático,,4,Integral sob demanda,Injeção multiponto,Natural,2488 cm³,4 em linha,QR25DE,Duplo no cabeçote,100 mm,89 mm,Transversal,Dianteiro,"8,0 kg/cv","57,4 kg/kgfm","72,3 cv/litro",180 cv,"9,5:1",6000 rpm,4000 rpm,"10,0 kgfm/litro",25 kgfm,4,1672 mm,,,4450 mm,2620 mm,1760 mm,1435 kg,410 litros,60 litros,140 mm,Disco ventilado,Disco ventilado,Hidráulica,Não informado,"Indep., McPherson",Mola helicoidal,Eixo rígido,756 km,438 km,"12,6 km/l","7,3 km/l",,,,,,,,,,,,,,,,29 graus,26 graus,,,,,,,,,,,,,,,,,,,,,,,,,,,,,,,,,,,,,,,,,,,
nissan,X-trail,x-trail,x-trail-le-2-0-2009,x-trail-le-2-0-2009,https://www.fichacompleta.com.br/carros/nissan/x-trail-le-2-0-2009,2026-06-15T16:16:57.147761,Nissan X-trail LE 2.0 2009,"11,9 s",172 km/h,Conversor de torque,CVT,Jatco X-Tronic,,Integral sob demanda,Injeção multiponto,Natural,1997 cm³,4 em linha,MR20DE,Duplo no cabeçote,"90,1 mm",84 mm,Transversal,Dianteiro,"11,0 kg/cv","74,9 kg/kgfm","69,1 cv/litro",138 cv,"9,7:1",,,"10,1 kgfm/litro","20,2 kgfm",4,1770 mm,,,4630 mm,2630 mm,1785 mm,1513 kg,603 litros,65 litros,140 mm,Disco ventilado,Disco sólido,Elétrica,"10,8 m","Indep., McPherson",Mola helicoidal,"Indep., multibraço",839 km,559 km,"12,9 km/l","8,6 km/l",,5200 rpm,4400 rpm,"10,8 m",,,Corrente,,,,,,,490 kg,,"28,7 graus","23,6 graus",196 mm,,,,,,,,,,,,,,,,,,,,,,,,Mecânicos,,,,,,,,,,,,,,,,,,
nissan,X-trail,x-trail,x-trail-se-2-0-2009,x-trail-se-2-0-2009,https://www.fichacompleta.com.br/carros/nissan/x-trail-se-2-0-2009,2026-06-15T16:17:00.038203,Nissan X-trail SE 2.0 2009,"11,9 s",172 km/h,Conversor de torque,CVT,Jatco X-Tronic,,Integral sob demanda,Injeção multiponto,Natural,1997 cm³,4 em linha,MR20DE,"Duplo no cabeçote, corrente","90,1 mm",84 mm,Transversal,Dianteiro,"11,0 kg/cv","74,9 kg/kgfm","69,1 cv/litro",138 cv a 5200 rpm,"9,7:1",,,"10,1 kgfm/litro","20,2 kgfm a 4400 rpm",4,1770 mm,,,4630 mm,2630 mm,1785 mm,1513 kg,603 litros,65 litros,140 mm,Disco ventilado,Disco sólido,Elétrica,,"Independente, McPherson",Mola helicoidal,"Independente, multibraço",839 km,559 km,"12,9 km/l","8,6 km/l",0,,,"10,8 m",,,,,,,,,,490 kg,,"28,7 graus","23,6 graus",196 mm,,,,,,,,,,,,,,,,,,,,,,,,Mecânicos,,,,,,,,,,,,,,,,,,
nissan,X-trail,x-trail,x-trail-platinum-1-5-e-power-2026,x-trail-platinum-1-5-e-power-2026,https://www.fichacompleta.com.br/carros/nissan/x-trail-platinum-1-5-e-power-2026,2026-06-15T16:17:03.183241,Nissan X-trail Platinum 1.5 e-Power 2026,10 s,170 km/h,Conversor de torque,Automático,,1,Dianteira,Injeção direta,Turbocompressor,,3 em linha,KR15DDT,Duplo no cabeçote,"90,1 mm",84 mm,Transversal,Dianteiro,"9,48 kg/cv","53,04 kg/kgfm","94,9 cv/litro",142 cv,14:1,5000 rpm,4000 rpm,"17,0 kgfm/litro","25,5 kgfm",4,1695 mm,1585 mm,1590 mm,4645 mm,2705 mm,1840 mm,1782 kg,560 litros,55 litros,129 mm,Disco ventilado,Disco ventilado,Elétrica,Não informado,"Indep., McPherson",Mola helicoidal,"Indep., multibraço",770 km,825 km,14 km/l,15 km/l,,,,,,,Corrente,Admissão e escape,Kit de reparo,,,,,453 kg,,,,,,"1,8 kWh",188 cv (dianteiro),,"33,6 kgfm (dianteiro)",,,,,499 cm³,1497 cm³,,,,,,,,,,,,,,,,,,,,,,,,,,,,,,,
nissan,Xterra,xterra,xterra-se-2-8-turbo-2003,xterra-se-2-8-turbo-2003,https://www.fichacompleta.com.br/carros/nissan/xterra-se-2-8-turbo-2003,2026-06-15T16:17:21.691445,Nissan Xterra SE 2.8 Turbo 2003,"14,3 s",164 km/h,Embreagem monodisco a seco,Manual,,5,Integral temporária,Injeção direta,Turbocompressor,2798 cm³,4 em linha,MWM 4.07 TCA,Único no cabeçote,103 mm,93 mm,Longitudinal,Dianteiro,"14,7 kg/cv","55,8 kg/kgfm","47,2 cv/litro",132 cv,"17,8:1",,,"12,4 kgfm/litro","34,7 kgfm",3,1890 mm,1525 mm,1505 mm,4530 mm,2650 mm,1790 mm,1935 kg,500 litros,73 litros,186 mm,Disco ventilado,Tambor,Hidráulica,Não informado,"Indep., braços sobrepostos",Feixe de molas semielípticas,Eixo rígido,,,,,5,3600 rpm,1800 rpm,Não informado,,,Engrenagens,,265/70 R15,,,,,1000 kg,,34 graus,29 graus,235 mm,,,,,,,,,,,,,876 km,708 km,12 km/l,"9,7 km/l",,,,,,,,,,,,,,,,,,,,,,,,,,
nissan,Xterra,xterra,xterra-se-2-8-turbo-2004,xterra-se-2-8-turbo-2004,https://www.fichacompleta.com.br/carros/nissan/xterra-se-2-8-turbo-2004,2026-06-15T16:17:24.079895,Nissan Xterra SE 2.8 Turbo 2004,"14,3 s",164 km/h,Embreagem monodisco a seco,Manual,,5,Integral temporária,Injeção direta,Turbocompressor,2798 cm³,4 em linha,MWM 4.07 TCA,Único no cabeçote,103 mm,93 mm,Longitudinal,Dianteiro,"14,7 kg/cv","55,8 kg/kgfm","47,2 cv/litro",132 cv,"17,8:1",3600 rpm,1800 rpm,"12,4 kgfm/litro","34,7 kgfm",3,1890 mm,1525 mm,1505 mm,4530 mm,2650 mm,1790 mm,1935 kg,500 litros,73 litros,186 mm,Disco ventilado,Tambor,Hidráulica,Não informado,"Indep., braços sobrepostos",Feixe de molas semielípticas,Eixo rígido,,,,,,,,,,,Engrenagens,,265/70 R15,,,,,1000 kg,,34 graus,29 graus,235 mm,,,,,,,,,,,,,876 km,708 km,12 km/l,"9,7 km/l",,,,,,,,,,,,,,,,,,,,,,,,,,
nissan,Xterra,xterra,xterra-se-2-8-turbo-2005,xterra-se-2-8-turbo-2005,https://www.fichacompleta.com.br/carros/nissan/xterra-se-2-8-turbo-2005,2026-06-15T16:17:27.132791,Nissan Xterra SE 2.8 Turbo 2005,"14,3 s",164 km/h,Embreagem monodisco a seco,Manual,,5,Integral temporária,Injeção direta,Turbocompressor,2798 cm³,4 em linha,MWM 4.07 TCA,Único no cabeçote,103 mm,93 mm,Longitudinal,Dianteiro,"14,7 kg/cv","55,8 kg/kgfm","47,2 cv/litro",132 cv,"17,8:1",3600 rpm,1800 rpm,"12,4 kgfm/litro","34,7 kgfm",3,1890 mm,1525 mm,1505 mm,4530 mm,2650 mm,1790 mm,1935 kg,500 litros,73 litros,186 mm,Disco ventilado,Tambor,Hidráulica,Não informado,"Indep., braços sobrepostos",Feixe de molas semielípticas,Eixo rígido,,,,,,,,,,,Engrenagens,,265/70 R15,,,,,1000 kg,,34 graus,29 graus,235 mm,,,,,,,,,,,,,876 km,708 km,12 km/l,"9,7 km/l",,,,,,,,,,,,,,,,,,,,,,,,,,
nissan,Xterra,xterra,xterra-se-2-8-turbo-2006,xterra-se-2-8-turbo-2006,https://www.fichacompleta.com.br/carros/nissan/xterra-se-2-8-turbo-2006,2026-06-15T16:17:30.322370,Nissan Xterra SE 2.8 Turbo 2006,"14,2 s",166 km/h,Embreagem monodisco a seco,Manual,,,Integral temporária,Injeção direta,Turbocompressor,2799 cm³,4 em linha,MWM 4.07 TCE,"Único no cabeçote, engrenagens",103 mm,93 mm,Longitudinal,Dianteiro,"13,8 kg/cv","55,8 kg/kgfm","50,0 cv/litro",140 cv a 3500 rpm,"17,8:1",,,"12,4 kgfm/litro","34,7 kgfm a 1700 rpm",3,1890 mm,1525 mm,1505 mm,4530 mm,2650 mm,1790 mm,1935 kg,500 litros,73 litros,186 mm,Disco ventilado,Tambor,Hidráulica,,"Independente, braços sobrepostos",Feixe de molas semielípticas,Eixo rígido,,,,,5,,,Não informado,,,,,265/70 R15,,,,,1000 kg,4200 rpm,32 graus,29 graus,235 mm,,,,,,,,,,,,,876 km,708 km,12 km/l,"9,7 km/l",,,,,,,,,,,,,,,,,,,,,,,,,,
nissan,Xterra,xterra,xterra-se-2-8-turbo-2007,xterra-se-2-8-turbo-2007,https://www.fichacompleta.com.br/carros/nissan/xterra-se-2-8-turbo-2007,2026-06-15T16:17:32.786242,Nissan Xterra SE 2.8 Turbo 2007,"14,2 s",166 km/h,Embreagem monodisco a seco,Manual,,5,Integral temporária,Injeção direta,Turbocompressor,2799 cm³,4 em linha,MWM 4.07 TCE,Único no cabeçote,103 mm,93 mm,Longitudinal,Dianteiro,"13,8 kg/cv","55,8 kg/kgfm","50,0 cv/litro",140 cv,"17,8:1",3500 rpm,1700 rpm,"12,4 kgfm/litro","34,7 kgfm",3,1890 mm,1525 mm,1505 mm,4530 mm,2650 mm,1790 mm,1935 kg,500 litros,73 litros,186 mm,Disco ventilado,Tambor,Hidráulica,Não informado,"Indep., braços sobrepostos",Feixe de molas semielípticas,Eixo rígido,,,,,,,,,,,Engrenagens,,265/70 R15,,,,,1000 kg,4200 rpm,32 graus,29 graus,235 mm,,,,,,,,,,,,,876 km,708 km,12 km/l,"9,7 km/l",,,,,,,,,,,,,,,,,,,,,,,,,,
nissan,Xterra,xterra,xterra-se-2-8-turbo-2008,xterra-se-2-8-turbo-2008,https://www.fichacompleta.com.br/carros/nissan/xterra-se-2-8-turbo-2008,2026-06-15T16:17:35.400434,Nissan Xterra SE 2.8 Turbo 2008,"14,2 s",166 km/h,Embreagem monodisco a seco,Manual,,,Integral temporária,Injeção direta,Turbocompressor,2799 cm³,4 em linha,MWM 4.07 TCE,"Único no cabeçote, engrenagens",103 mm,93 mm,Longitudinal,Dianteiro,"13,8 kg/cv","55,8 kg/kgfm","50,0 cv/litro",140 cv a 3500 rpm,"17,8:1",,,"12,4 kgfm/litro","34,7 kgfm a 1700 rpm",3,1890 mm,1525 mm,1505 mm,4530 mm,2650 mm,1790 mm,1935 kg,500 litros,73 litros,186 mm,Disco ventilado,Tambor,Hidráulica,,"Independente, braços sobrepostos",Feixe de molas semielípticas,Eixo rígido,,,,,5,,,Não informado,,,,,265/70 R15,,,,,1000 kg,4200 rpm,32 graus,29 graus,235 mm,,,,,,,,,,,,,876 km,708 km,12 km/l,"9,7 km/l",,,,,,,,,,,,,,,,,,,,,,,,,,
