marca,modelo,modelo_slug,versao,versao_slug,url,coletado_em,titulo_pagina,geral__aceleracao_0100_kmh,geral__velocidade_maxima,geral__acionam_do_comando,geral__alimentacao,geral__aspiracao,geral__cilindrada,geral__cilindros,geral__codigo_do_motor,geral__comando_de_valvulas,geral__curso_do_pistao,geral__diametro_do_cilindro,geral__disposicao,geral__instalacao,geral__pesopotencia,geral__pesotorque,geral__potencia_especifica,geral__potencia_maxima,geral__razao_de_compressao,geral__rotacao_potencia_max,geral__rotacao_torque_max,geral__torque_especifico,geral__torque_maximo,geral__valvulas_por_cilindro,geral__acoplamento,geral__cambio,geral__marchas,geral__quantidade_de_marchas,geral__tracao,geral__altura,geral__bitola_dianteira,geral__bitola_traseira,geral__carga_util,geral__comprimento,geral__distancia_entreeixos,geral__largura,geral__peso,geral__portamalas,geral__tanque_de_combustivel,geral__altura_do_flanco,geral__dianteiros,geral__traseiros,geral__area_frontal_a,geral__area_frontal_corrigida,geral__coef_de_arrasto_cx,geral__assistencia,geral__diametro_de_giro,geral__diametro_minimo_de_giro,geral__dianteira,geral__elemento_elastico,geral__traseira,geral__rodoviaria_g,geral__urbana_g,geral__rodoviario_g,geral__urbano_g,geral__altura_minima_do_solo,geral__regime_potencia_max,geral__regime_torque_max,geral__potencia,geral__torque,geral__curso_dos_pistoes,geral__diametro_dos_cilindros,geral__variacao_do_comando,geral__reboque_com_freio,geral__reboque_sem_freio,geral__coeficiente_de_arrasto_cx,geral__cilindrada_unitaria,geral__deslocamento,geral__estepe,geral__rotacao_maxima,geral__capacidade_da_bateria,geral__potencia_combinada,geral__torque_combinado,geral__rodoviaria,geral__urbana,geral__rodoviario,geral__urbano,geral__angulo_de_entrada,geral__angulo_de_saida,geral__pesopotencia_sistema,geral__tuchos,geral__rodoviaria_a,geral__urbana_a,geral__rodoviario_a,geral__urbano_a,geral__potencia_maxima_a,geral__potencia_maxima_g,geral__torque_maximo_a,geral__torque_maximo_g,geral__viscosidade_do_oleo,geral__potencia_a,geral__potencia_g,geral__torque_a,geral__torque_g,geral__frenagem_1000_kmh,geral__portamalas_5_lugares,geral__portamalas_6_lugares,geral__portamalas_com_5_lugares,geral__portamalas_com_6_lugares,geral__codigo_do_cambio,geral__angulo_central
honda,Accord,accord,accord-ex-2-2-1991,accord-ex-2-2-1991,https://www.fichacompleta.com.br/carros/honda/accord-ex-2-2-1991,2026-06-14T17:21:15.656338,Honda Accord EX 2.2 1991,"10,9 s",203 km/h,Correia dentada,Injeção multiponto,Natural,2156 cm³,4 em linha,F22A,Único no cabeçote,95 mm,85 mm,Transversal,Dianteiro,"9,5 kg/cv","68,3 kg/kgfm","65,9 cv/litro",142 cv,"8,8:1",5600 rpm,4500 rpm,"9,1 kgfm/litro","19,7 kgfm",4,Conversor de torque,Automático,4,5,Dianteira,1390 mm,1475 mm,1480 mm,375 kg,4704 mm,2720 mm,1725 mm,1346 kg,325 litros,64 litros,117 mm,Disco ventilado,Disco ventilado,"2,04 m²","0,673 m²","0,33",Hidráulica,11 m,"9,6 m","Indep., McPherson",Mola helicoidal,Eixo de torção,576 km,480 km,9 km/l,"7,5 km/l",160 mm,,,,,,,,,,,,,,,,,,,,,,,,,,,,,,,,,,,,,,,,,,,,,
honda,Accord,accord,accord-ex-2-2-1992,accord-ex-2-2-1992,https://www.fichacompleta.com.br/carros/honda/accord-ex-2-2-1992,2026-06-14T17:21:19.498502,Honda Accord EX 2.2 1992,"10,9 s",203 km/h,Correia dentada,Injeção multiponto,Natural,2156 cm³,4 em linha,F22A,Único no cabeçote,95 mm,85 mm,Transversal,Dianteiro,"9,5 kg/cv","68,3 kg/kgfm","65,9 cv/litro",142 cv,"8,8:1",,,"9,1 kgfm/litro","19,7 kgfm",4,Conversor de torque,Automático,4,,Dianteira,1390 mm,1475 mm,1480 mm,375 kg,4704 mm,2720 mm,1725 mm,1346 kg,325 litros,64 litros,117 mm,Disco ventilado,Disco ventilado,"2,04 m²","0,673 m²","0,33",Hidráulica,11 m,,"Indep., McPherson",Mola helicoidal,Eixo de torção,576 km,480 km,9 km/l,"7,5 km/l",,5600 rpm,4500 rpm,,,,,,,,,,,,,,,,,,,,,,,,,,,,,,,,,,,,,,,,,,,
honda,Accord,accord,accord-ex-2-2-1993,accord-ex-2-2-1993,https://www.fichacompleta.com.br/carros/honda/accord-ex-2-2-1993,2026-06-14T17:21:22.293674,Honda Accord EX 2.2 1993,"10,9 s",203 km/h,Correia dentada,Injeção multiponto,Natural,2156 cm³,4 em linha,F22A,Único no cabeçote,95 mm,85 mm,Transversal,Dianteiro,"9,5 kg/cv","68,3 kg/kgfm","65,9 cv/litro",,"8,8:1",5600 rpm,4500 rpm,"9,1 kgfm/litro",,4,Conversor de torque,Automático,4,,Dianteira,1390 mm,1475 mm,1480 mm,375 kg,4704 mm,2720 mm,1725 mm,1346 kg,325 litros,64 litros,117 mm,Disco ventilado,Disco ventilado,"2,04 m²","0,673 m²","0,33",Hidráulica,11 m,,"Indep., McPherson",Mola helicoidal,Eixo de torção,576 km,480 km,9 km/l,"7,5 km/l",,,,142 cv,"19,7 kgfm",,,,,,,,,,,,,,,,,,,,,,,,,,,,,,,,,,,,,,,,,
honda,Accord,accord,accord-lx-2-2-1993,accord-lx-2-2-1993,https://www.fichacompleta.com.br/carros/honda/accord-lx-2-2-1993,2026-06-14T17:21:25.924671,Honda Accord LX 2.2 1993,"11,3 s",174 km/h,,Injeção monoponto,Natural,2156 cm³,4 em linha,F22A1,"Único no cabeçote, correia dentada",,,Transversal,Dianteiro,"13,7 kg/cv","116,3 kg/kgfm","58,0 cv/litro",125 cv a 5200 rpm,"8,8:1",,,"6,8 kgfm/litro","14,7 kgfm a 3200 rpm",4,,Manual,,5,Dianteira,1370 mm,1475 mm,1480 mm,375 kg,4695 mm,2720 mm,1725 mm,1710 kg,325 litros,64 litros,117 mm,195/60 R15,Disco ventilado,,,,Hidráulica,,"9,6 m","Independente, McPherson",Mola helicoidal,Eixo de torção,819 km,538 km,"12,8 km/l","8,4 km/l",,,,,,95 mm,85 mm,,,,,,,,,,,,,,,,,,,,,,,,,,,,,,,,,,,,,,,
honda,Accord,accord,accord-coupe-ex-2-2-1994,accord-coupe-ex-2-2-1994,https://www.fichacompleta.com.br/carros/honda/accord-coupe-ex-2-2-1994,2026-06-14T17:21:28.471607,Honda Accord Coupe EX 2.2 1994,"11,2 s",205 km/h,Correia dentada,Injeção multiponto,Natural,2156 cm³,4 em linha,F22B,Único no cabeçote,95 mm,85 mm,Transversal,Dianteiro,"8,9 kg/cv","66,1 kg/kgfm","69,6 cv/litro",,"9,8:1",5600 rpm,4500 rpm,"9,4 kgfm/litro",,4,Conversor de torque,Automático,4,,Dianteira,1390 mm,1515 mm,1500 mm,570 kg,4675 mm,2715 mm,1780 mm,1335 kg,436 litros,65 litros,113 mm,Disco ventilado,Disco sólido,"2,1 m²","0,672 m²","0,32",Hidráulica,11 m,,"Indep., McPherson",Mola helicoidal,"Indep., multibraço",683 km,520 km,"10,5 km/l",8 km/l,156 mm,,,150 cv,"20,2 kgfm",,,Admissão,1400 kg,500 kg,,,,,,,,,,,,,,,,,,,,,,,,,,,,,,,,,,,,
honda,Accord,accord,accord-ex-2-2-1994,accord-ex-2-2-1994,https://www.fichacompleta.com.br/carros/honda/accord-ex-2-2-1994,2026-06-14T17:21:31.898662,Honda Accord EX 2.2 1994,"9,5 s",195 km/h,,Injeção multiponto,Natural,2156 cm³,4 em linha,F22B,"Único no cabeçote, correia dentada",95 mm,85 mm,Transversal,Dianteiro,"9,2 kg/cv","65,8 kg/kgfm","67,3 cv/litro",145 cv a 5500 rpm,"9,3:1",,,"9,4 kgfm/litro","20,3 kgfm a 4600 rpm",4,Conversor de torque,Automático,,4,Dianteira,1400 mm,1515 mm,1500 mm,,4675 mm,2715 mm,1781 mm,1336 kg,385 litros,65 litros,130 mm,Disco ventilado,Disco sólido,"2,12 m²","0,700 m²",,Hidráulica,,11 m,"Independente, McPherson",Mola helicoidal,"Independente, multibraço",800 km,650 km,"12,3 km/l",10 km/l,160 mm,,,,,,,Admissão,,,"0,33",,,,,,,,,,,,,,,,,,,,,,,,,,,,,,,,,,,
honda,Accord,accord,accord-lx-2-2-1994,accord-lx-2-2-1994,https://www.fichacompleta.com.br/carros/honda/accord-lx-2-2-1994,2026-06-14T17:21:34.594005,Honda Accord LX 2.2 1994,"12,5 s",185 km/h,Correia dentada,Injeção multiponto,Natural,2156 cm³,4 em linha,F22A,Único no cabeçote,95 mm,85 mm,Transversal,Dianteiro,"10,3 kg/cv","69,6 kg/kgfm","60,3 cv/litro",130 cv,"8,8:1",5300 rpm,4200 rpm,"8,9 kgfm/litro","19,2 kgfm",4,Conversor de torque,Automático,4,4,Dianteira,1400 mm,1515 mm,1500 mm,,4675 mm,2715 mm,1781 mm,1336 kg,385 litros,65 litros,130 mm,Disco ventilado,Disco sólido,"2,12 m²","0,700 m²","0,33",Hidráulica,11 m,11 m,"Indep., McPherson",Mola helicoidal,"Indep., multibraço",800 km,650 km,"12,3 km/l",10 km/l,160 mm,,,,,,,,,,"0,33",,,,,,,,,,,,,,,,,,,,,,,,,,,,,,,,,,,
honda,Accord,accord,accord-coupe-ex-2-2-1995,accord-coupe-ex-2-2-1995,https://www.fichacompleta.com.br/carros/honda/accord-coupe-ex-2-2-1995,2026-06-14T17:21:38.650513,Honda Accord Coupe EX 2.2 1995,"11,2 s",205 km/h,Correia dentada,Injeção multiponto,Natural,2156 cm³,4 em linha,F22B,Único no cabeçote,95 mm,85 mm,Transversal,Dianteiro,"8,9 kg/cv","66,1 kg/kgfm","69,6 cv/litro",150 cv,"9,8:1",,,"9,4 kgfm/litro","20,2 kgfm",4,Conversor de torque,Automático,4,,Dianteira,1390 mm,1515 mm,1500 mm,570 kg,4675 mm,2715 mm,1780 mm,1335 kg,436 litros,65 litros,113 mm,Disco ventilado,Disco sólido,"2,1 m²","0,672 m²","0,32",Hidráulica,11 m,,"Indep., McPherson",Mola helicoidal,"Indep., multibraço",683 km,520 km,"10,5 km/l",8 km/l,156 mm,5600 rpm,4500 rpm,,,,,Admissão,1400 kg,500 kg,,,,,,,,,,,,,,,,,,,,,,,,,,,,,,,,,,,,
honda,Accord,accord,accord-ex-2-2-1995,accord-ex-2-2-1995,https://www.fichacompleta.com.br/carros/honda/accord-ex-2-2-1995,2026-06-14T17:21:42.510248,Honda Accord EX 2.2 1995,"9,5 s",195 km/h,Correia dentada,Injeção multiponto,Natural,2156 cm³,4 em linha,F22B,Único no cabeçote,95 mm,85 mm,Transversal,Dianteiro,"9,2 kg/cv","65,8 kg/kgfm","67,3 cv/litro",145 cv,"9,3:1",,,"9,4 kgfm/litro","20,3 kgfm",4,Conversor de torque,Automático,4,,Dianteira,1400 mm,1515 mm,1500 mm,,4675 mm,2715 mm,1781 mm,1336 kg,385 litros,65 litros,130 mm,Disco ventilado,Disco sólido,"2,12 m²","0,700 m²","0,33",Hidráulica,11 m,,"Indep., McPherson",Mola helicoidal,"Indep., multibraço",800 km,650 km,"12,3 km/l",10 km/l,160 mm,5500 rpm,4600 rpm,,,,,Admissão,,,,,,,,,,,,,,,,,,,,,,,,,,,,,,,,,,,,,,
honda,Accord,accord,accord-ex-2-7-v6-1995,accord-ex-2-7-v6-1995,https://www.fichacompleta.com.br/carros/honda/accord-ex-2-7-v6-1995,2026-06-14T17:21:47.130853,Honda Accord EX 2.7 V6 1995,"9,9 s",210 km/h,,Injeção multiponto,Natural,2675 cm³,6 em V,C27A,"Único no cabeçote, correia dentada",75 mm,87 mm,Transversal,Dianteiro,"8,7 kg/cv","65,4 kg/kgfm","64,3 cv/litro",172 cv a 5600 rpm,9:1,,,"8,5 kgfm/litro","22,8 kgfm a 4500 rpm",4,Conversor de torque,Automático,,4,Dianteira,1400 mm,1515 mm,1500 mm,,4675 mm,2715 mm,1781 mm,1490 kg,385 litros,65 litros,123 mm,Disco ventilado,Disco sólido,"2,12 m²","0,700 m²",,Hidráulica,,11 m,"Independente, McPherson",Mola helicoidal,"Independente, multibraço",559 km,403 km,"8,6 km/l","6,2 km/l",160 mm,,,,,,,,,,"0,33",,,,,,,,,,,,,,,,,,,,,,,,,,,,,,,,,,,
honda,Accord,accord,accord-lx-2-2-1995,accord-lx-2-2-1995,https://www.fichacompleta.com.br/carros/honda/accord-lx-2-2-1995,2026-06-14T17:21:49.855408,Honda Accord LX 2.2 1995,"12,5 s",185 km/h,Correia dentada,Injeção multiponto,Natural,2156 cm³,4 em linha,F22A,Único no cabeçote,95 mm,85 mm,Transversal,Dianteiro,"10,3 kg/cv","69,6 kg/kgfm","60,3 cv/litro",130 cv,"8,8:1",,,"8,9 kgfm/litro","19,2 kgfm",4,Conversor de torque,Automático,4,,Dianteira,1400 mm,1515 mm,1500 mm,,4675 mm,2715 mm,1781 mm,1336 kg,385 litros,65 litros,130 mm,Disco ventilado,Disco sólido,"2,12 m²","0,700 m²","0,33",Hidráulica,11 m,,"Indep., McPherson",Mola helicoidal,"Indep., multibraço",800 km,650 km,"12,3 km/l",10 km/l,160 mm,5300 rpm,4200 rpm,,,,,,,,,,,,,,,,,,,,,,,,,,,,,,,,,,,,,,,,,,,
honda,Accord,accord,accord-coupe-ex-2-2-1996,accord-coupe-ex-2-2-1996,https://www.fichacompleta.com.br/carros/honda/accord-coupe-ex-2-2-1996,2026-06-14T17:21:52.399931,Honda Accord Coupe EX 2.2 1996,"11,2 s",205 km/h,Correia dentada,Injeção multiponto,Natural,2156 cm³,4 em linha,F22B,Único no cabeçote,95 mm,85 mm,Transversal,Dianteiro,"8,9 kg/cv","66,1 kg/kgfm","69,6 cv/litro",,"9,8:1",5600 rpm,4500 rpm,"9,4 kgfm/litro",,4,Conversor de torque,Automático,4,,Dianteira,1390 mm,1515 mm,1500 mm,570 kg,4675 mm,2715 mm,1780 mm,1335 kg,436 litros,65 litros,113 mm,Disco ventilado,Disco sólido,"2,1 m²","0,672 m²","0,32",Hidráulica,11 m,,"Indep., McPherson",Mola helicoidal,"Indep., multibraço",683 km,520 km,"10,5 km/l",8 km/l,156 mm,,,150 cv,"20,2 kgfm",,,Admissão,1400 kg,500 kg,,,,,,,,,,,,,,,,,,,,,,,,,,,,,,,,,,,,
honda,Accord,accord,accord-ex-2-2-1996,accord-ex-2-2-1996,https://www.fichacompleta.com.br/carros/honda/accord-ex-2-2-1996,2026-06-14T17:21:56.001767,Honda Accord EX 2.2 1996,"9,5 s",195 km/h,,Injeção multiponto,Natural,2156 cm³,4 em linha,F22B,"Único no cabeçote, correia dentada",,,Transversal,Dianteiro,"9,2 kg/cv","65,8 kg/kgfm","67,3 cv/litro",145 cv a 5500 rpm,"9,3:1",,,"9,4 kgfm/litro","20,3 kgfm a 4600 rpm",4,,Automático,,4,Dianteira,1400 mm,1515 mm,1500 mm,,4675 mm,2715 mm,1781 mm,1336 kg,385 litros,65 litros,130 mm,185/70 R14,Disco sólido,"2,12 m²",,,Hidráulica,,11 m,"Independente, McPherson",Mola helicoidal,"Independente, multibraço",800 km,650 km,"12,3 km/l",10 km/l,,,,,,95 mm,85 mm,Admissão,,,"0,33",,,,,,,,,,,,,,,,,,,,,,,,,,,,,,,,,,,
honda,Accord,accord,accord-ex-2-7-v6-1996,accord-ex-2-7-v6-1996,https://www.fichacompleta.com.br/carros/honda/accord-ex-2-7-v6-1996,2026-06-14T17:22:00.478028,Honda Accord EX 2.7 V6 1996,"9,9 s",210 km/h,Correia dentada,Injeção multiponto,Natural,2675 cm³,6 em V,C27A,Único no cabeçote,75 mm,87 mm,Transversal,Dianteiro,"8,7 kg/cv","65,4 kg/kgfm","64,3 cv/litro",172 cv,9:1,,,"8,5 kgfm/litro","22,8 kgfm",4,Conversor de torque,Automático,4,,Dianteira,1400 mm,1515 mm,1500 mm,,4675 mm,2715 mm,1781 mm,1490 kg,385 litros,65 litros,123 mm,Disco ventilado,Disco sólido,"2,12 m²","0,700 m²","0,33",Hidráulica,11 m,,"Indep., McPherson",Mola helicoidal,"Indep., multibraço",559 km,403 km,"8,6 km/l","6,2 km/l",160 mm,5600 rpm,4500 rpm,,,,,,,,,,,,,,,,,,,,,,,,,,,,,,,,,,,,,,,,,,,
honda,Accord,accord,accord-exr-2-2-1996,accord-exr-2-2-1996,https://www.fichacompleta.com.br/carros/honda/accord-exr-2-2-1996,2026-06-14T17:22:03.586041,Honda Accord EXR 2.2 1996,"9,5 s",195 km/h,Correia dentada,Injeção multiponto,Natural,,4 em linha,F22B,Único no cabeçote,95 mm,85 mm,Transversal,Dianteiro,"9,21 kg/cv","65,8 kg/kgfm","67,3 cv/litro",145 cv,"9,3:1",,,"9,4 kgfm/litro","20,3 kgfm",4,Conversor de torque,Automático,4,,Dianteira,1400 mm,1515 mm,1500 mm,,4675 mm,2715 mm,1781 mm,1336 kg,385 litros,65 litros,130 mm,Disco ventilado,Disco sólido,"2,12 m²","0,700 m²","0,33",Hidráulica,11 m,,"Indep., McPherson",Mola helicoidal,"Indep., multibraço",800 km,650 km,"12,3 km/l",10 km/l,160 mm,5500 rpm,4600 rpm,,,,,Admissão,,,,539 cm³,2156 cm³,185/70 R14,,,,,,,,,,,,,,,,,,,,,,,,,,,,,,,,
honda,Accord,accord,accord-lx-2-2-1996,accord-lx-2-2-1996,https://www.fichacompleta.com.br/carros/honda/accord-lx-2-2-1996,2026-06-14T17:22:07.828325,Honda Accord LX 2.2 1996,"12,5 s",185 km/h,Correia dentada,Injeção multiponto,Natural,2156 cm³,4 em linha,F22A,Único no cabeçote,95 mm,85 mm,Transversal,Dianteiro,"10,3 kg/cv","69,6 kg/kgfm","60,3 cv/litro",130 cv,"8,8:1",,,"8,9 kgfm/litro","19,2 kgfm",4,Conversor de torque,Automático,4,,Dianteira,1400 mm,1515 mm,1500 mm,,4675 mm,2715 mm,1781 mm,1336 kg,385 litros,65 litros,130 mm,Disco ventilado,Disco sólido,"2,12 m²","0,700 m²","0,33",Hidráulica,11 m,,"Indep., McPherson",Mola helicoidal,"Indep., multibraço",800 km,650 km,"12,3 km/l",10 km/l,160 mm,5300 rpm,4200 rpm,,,,,,,,,,,,,,,,,,,,,,,,,,,,,,,,,,,,,,,,,,,
honda,Accord,accord,accord-exr-2-2-1997,accord-exr-2-2-1997,https://www.fichacompleta.com.br/carros/honda/accord-exr-2-2-1997,2026-06-14T17:22:12.009370,Honda Accord EXR 2.2 1997,"9,5 s",195 km/h,Correia dentada,Injeção multiponto,Natural,2156 cm³,4 em linha,F22B,Único no cabeçote,95 mm,85 mm,Transversal,Dianteiro,"9,2 kg/cv","65,8 kg/kgfm","67,3 cv/litro",145 cv,"9,3:1",,,"9,4 kgfm/litro","20,3 kgfm",4,Conversor de torque,Automático,4,,Dianteira,1400 mm,1515 mm,1500 mm,,4675 mm,2715 mm,1781 mm,1336 kg,385 litros,65 litros,130 mm,Disco ventilado,Disco sólido,"2,12 m²","0,700 m²","0,33",Hidráulica,11 m,,"Indep., McPherson",Mola helicoidal,"Indep., multibraço",800 km,650 km,"12,3 km/l",10 km/l,160 mm,5500 rpm,4600 rpm,,,,,Admissão,,,,,,,,,,,,,,,,,,,,,,,,,,,,,,,,,,,,,,
honda,Accord,accord,accord-ex-2-3-1998,accord-ex-2-3-1998,https://www.fichacompleta.com.br/carros/honda/accord-ex-2-3-1998,2026-06-14T17:22:16.887585,Honda Accord EX 2.3 1998,"12,5 s",184 km/h,,Injeção multiponto,Natural,2254 cm³,4 em linha,F23,"Único no cabeçote, correia dentada",,,Transversal,Dianteiro,"9,4 kg/cv","67,1 kg/kgfm","66,5 cv/litro",150 cv a 5700 rpm,"9,3:1",,,"9,3 kgfm/litro",21 kgfm a 4900 rpm,4,,Automático,,4,Dianteira,1445 mm,1555 mm,1535 mm,,4795 mm,2715 mm,1785 mm,1410 kg,427 litros,65 litros,127 mm,195/65 R15,Disco sólido,"2,19 m²",,,Hidráulica,,"11,1 m","Independente, braços sobrepostos",Mola helicoidal,"Independente, multibraço",813 km,637 km,"12,5 km/l","9,8 km/l",,,,,,97 mm,86 mm,Admissão,,,"0,33",,,,,,,,,,,,,,,,,,,,,,,,,,,,,,,,,,,
honda,Accord,accord,accord-ex-r-2-3-1998,accord-ex-r-2-3-1998,https://www.fichacompleta.com.br/carros/honda/accord-ex-r-2-3-1998,2026-06-14T17:22:21.357464,Honda Accord EX-R 2.3 1998,"12,5 s",184 km/h,Correia dentada,Injeção multiponto,Natural,2254 cm³,4 em linha,F23,Único no cabeçote,97 mm,86 mm,Transversal,Dianteiro,"9,4 kg/cv","67,1 kg/kgfm","66,5 cv/litro",150 cv,"9,3:1",5700 rpm,4900 rpm,"9,3 kgfm/litro",21 kgfm,4,Conversor de torque,Automático,4,4,Dianteira,1445 mm,1555 mm,1535 mm,,4795 mm,2715 mm,1785 mm,1410 kg,427 litros,65 litros,127 mm,Disco ventilado,Disco sólido,"2,19 m²","0,723 m²","0,33",Hidráulica,"11,1 m","11,1 m","Indep., braços sobrepostos",Mola helicoidal,"Indep., multibraço",813 km,637 km,"12,5 km/l","9,8 km/l",158 mm,,,,,,,Admissão,,,"0,33",,,,,,,,,,,,,,,,,,,,,,,,,,,,,,,,,,,
honda,Accord,accord,accord-ex-2-3-1999,accord-ex-2-3-1999,https://www.fichacompleta.com.br/carros/honda/accord-ex-2-3-1999,2026-06-14T17:22:25.426448,Honda Accord EX 2.3 1999,13 s,180 km/h,Correia dentada,Injeção multiponto,Natural,2254 cm³,4 em linha,F23,Único no cabeçote,97 mm,86 mm,Transversal,Dianteiro,"10,2 kg/cv","69,0 kg/kgfm","59,9 cv/litro",,"8,8:1",5400 rpm,4700 rpm,"8,9 kgfm/litro",,4,Conversor de torque,Automático,4,,Dianteira,1445 mm,1555 mm,1535 mm,,4795 mm,2715 mm,1785 mm,1380 kg,427 litros,65 litros,127 mm,Disco ventilado,Disco sólido,"2,19 m²","0,723 m²","0,33",Hidráulica,"11,1 m",,"Indep., braços sobrepostos",Mola helicoidal,"Indep., multibraço",813 km,637 km,"12,5 km/l","9,8 km/l",158 mm,,,135 cv,20 kgfm,,,,,,,,,,,,,,,,,,,,,,,,,,,,,,,,,,,,,,,,,
honda,Accord,accord,accord-ex-r-2-3-1999,accord-ex-r-2-3-1999,https://www.fichacompleta.com.br/carros/honda/accord-ex-r-2-3-1999,2026-06-14T17:22:28.929786,Honda Accord EX-R 2.3 1999,"12,5 s",184 km/h,Correia dentada,Injeção multiponto,Natural,2254 cm³,4 em linha,F23,Único no cabeçote,97 mm,86 mm,Transversal,Dianteiro,"9,4 kg/cv","67,1 kg/kgfm","66,5 cv/litro",150 cv,"9,3:1",,,"9,3 kgfm/litro",21 kgfm,4,Conversor de torque,Automático,4,,Dianteira,1445 mm,1555 mm,1535 mm,,4795 mm,2715 mm,1785 mm,1410 kg,427 litros,65 litros,127 mm,Disco ventilado,Disco sólido,"2,19 m²","0,723 m²","0,33",Hidráulica,"11,1 m",,"Indep., braços sobrepostos",Mola helicoidal,"Indep., multibraço",813 km,637 km,"12,5 km/l","9,8 km/l",158 mm,5700 rpm,4900 rpm,,,,,Admissão,,,,,,,,,,,,,,,,,,,,,,,,,,,,,,,,,,,,,,
honda,Accord,accord,accord-ex-2-3-2000,accord-ex-2-3-2000,https://www.fichacompleta.com.br/carros/honda/accord-ex-2-3-2000,2026-06-14T17:22:33.689731,Honda Accord EX 2.3 2000,13 s,180 km/h,Correia dentada,Injeção multiponto,Natural,2254 cm³,4 em linha,F23,Único no cabeçote,97 mm,86 mm,Transversal,Dianteiro,"10,2 kg/cv","69,0 kg/kgfm","59,9 cv/litro",,"8,8:1",5400 rpm,4700 rpm,"8,9 kgfm/litro",,4,Conversor de torque,Automático,4,,Dianteira,1445 mm,1555 mm,1535 mm,,4795 mm,2715 mm,1785 mm,1380 kg,427 litros,65 litros,127 mm,Disco ventilado,Disco sólido,"2,19 m²","0,723 m²","0,33",Hidráulica,"11,1 m",,"Indep., braços sobrepostos",Mola helicoidal,"Indep., multibraço",813 km,637 km,"12,5 km/l","9,8 km/l",158 mm,,,135 cv,20 kgfm,,,,,,,,,,,,,,,,,,,,,,,,,,,,,,,,,,,,,,,,,
honda,Accord,accord,accord-ex-r-2-3-2000,accord-ex-r-2-3-2000,https://www.fichacompleta.com.br/carros/honda/accord-ex-r-2-3-2000,2026-06-14T17:22:38.529290,Honda Accord EX-R 2.3 2000,"12,5 s",184 km/h,Correia dentada,Injeção multiponto,Natural,2254 cm³,4 em linha,F23,Único no cabeçote,97 mm,86 mm,Transversal,Dianteiro,"9,4 kg/cv","67,1 kg/kgfm","66,5 cv/litro",150 cv,"9,3:1",,,"9,3 kgfm/litro",21 kgfm,4,Conversor de torque,Automático,4,,Dianteira,1445 mm,1555 mm,1535 mm,,4795 mm,2715 mm,1785 mm,1410 kg,427 litros,65 litros,127 mm,Disco ventilado,Disco sólido,"2,19 m²","0,723 m²","0,33",Hidráulica,"11,1 m",,"Indep., braços sobrepostos",Mola helicoidal,"Indep., multibraço",813 km,637 km,"12,5 km/l","9,8 km/l",158 mm,5700 rpm,4900 rpm,,,,,Admissão,,,,,,,,,,,,,,,,,,,,,,,,,,,,,,,,,,,,,,
honda,Accord,accord,accord-ex-2-3-2001,accord-ex-2-3-2001,https://www.fichacompleta.com.br/carros/honda/accord-ex-2-3-2001,2026-06-14T17:22:41.523635,Honda Accord EX 2.3 2001,13 s,180 km/h,Correia dentada,Injeção multiponto,Natural,2254 cm³,4 em linha,F23,Único no cabeçote,97 mm,86 mm,Transversal,Dianteiro,"10,2 kg/cv","69,0 kg/kgfm","59,9 cv/litro",,"8,8:1",5400 rpm,4700 rpm,"8,9 kgfm/litro",,4,Conversor de torque,Automático,4,,Dianteira,1445 mm,1555 mm,1535 mm,,4795 mm,2715 mm,1785 mm,1380 kg,427 litros,65 litros,127 mm,Disco ventilado,Disco sólido,"2,19 m²","0,723 m²","0,33",Hidráulica,"11,1 m",,"Indep., braços sobrepostos",Mola helicoidal,"Indep., multibraço",813 km,637 km,"12,5 km/l","9,8 km/l",158 mm,,,135 cv,20 kgfm,,,,,,,,,,,,,,,,,,,,,,,,,,,,,,,,,,,,,,,,,
honda,Accord,accord,accord-ex-r-2-3-2001,accord-ex-r-2-3-2001,https://www.fichacompleta.com.br/carros/honda/accord-ex-r-2-3-2001,2026-06-14T17:22:44.761501,Honda Accord EX-R 2.3 2001,"12,5 s",184 km/h,,Injeção multiponto,Natural,2254 cm³,4 em linha,F23,"Único no cabeçote, correia dentada",97 mm,86 mm,Transversal,Dianteiro,"9,4 kg/cv","67,1 kg/kgfm","66,5 cv/litro",150 cv a 5700 rpm,"9,3:1",,,"9,3 kgfm/litro",21 kgfm a 4900 rpm,4,Conversor de torque,Automático,,4,Dianteira,1445 mm,1555 mm,1535 mm,,4795 mm,2715 mm,1785 mm,1410 kg,427 litros,65 litros,127 mm,Disco ventilado,Disco sólido,"2,19 m²","0,723 m²",,Hidráulica,,"11,1 m","Independente, braços sobrepostos",Mola helicoidal,"Independente, multibraço",813 km,637 km,"12,5 km/l","9,8 km/l",158 mm,,,,,,,Admissão,,,"0,33",,,,,,,,,,,,,,,,,,,,,,,,,,,,,,,,,,,
honda,Accord,accord,accord-ex-2-3-2002,accord-ex-2-3-2002,https://www.fichacompleta.com.br/carros/honda/accord-ex-2-3-2002,2026-06-14T17:22:48.253448,Honda Accord EX 2.3 2002,13 s,180 km/h,Correia dentada,Injeção multiponto,Natural,2254 cm³,4 em linha,F23,Único no cabeçote,97 mm,86 mm,Transversal,Dianteiro,"10,2 kg/cv","69,0 kg/kgfm","59,9 cv/litro",,"8,8:1",5400 rpm,4700 rpm,"8,9 kgfm/litro",,4,Conversor de torque,Automático,4,,Dianteira,1445 mm,1555 mm,1535 mm,,4795 mm,2715 mm,1785 mm,1380 kg,427 litros,65 litros,127 mm,Disco ventilado,Disco sólido,"2,19 m²","0,723 m²","0,33",Hidráulica,"11,1 m",,"Indep., braços sobrepostos",Mola helicoidal,"Indep., multibraço",813 km,637 km,"12,5 km/l","9,8 km/l",158 mm,,,135 cv,20 kgfm,,,,,,,,,,,,,,,,,,,,,,,,,,,,,,,,,,,,,,,,,
honda,Accord,accord,accord-ex-2-4-2003,accord-ex-2-4-2003,https://www.fichacompleta.com.br/carros/honda/accord-ex-2-4-2003,2026-06-14T17:22:51.896001,Honda Accord EX 2.4 2003,10 s,190 km/h,Corrente,Injeção multiponto,Natural,2354 cm³,4 em linha,K24,Duplo no cabeçote,99 mm,87 mm,Transversal,Dianteiro,"8,6 kg/cv","62,0 kg/kgfm","67,1 cv/litro",158 cv,"9,7:1",5500 rpm,4500 rpm,"9,3 kgfm/litro",22 kgfm,4,Conversor de torque,Automático,5,5,Dianteira,1466 mm,1551 mm,1551 mm,435 kg,4813 mm,2738 mm,1820 mm,1365 kg,446 litros,65 litros,123 mm,Disco ventilado,Disco sólido,"2,27 m²","0,681 m²","0,3",Hidráulica,"11,25 m","11,25 m","Indep., braços sobrepostos",Mola helicoidal,"Indep., multibraço",657 km,436 km,"10,1 km/l","6,7 km/l",,,,,,,,,,,"0,3",,,,,,,,,,,,,,,,,,,,,,,,,,,,,,,,,,,
honda,Accord,accord,accord-ex-2-4-2004,accord-ex-2-4-2004,https://www.fichacompleta.com.br/carros/honda/accord-ex-2-4-2004,2026-06-14T17:22:56.106347,Honda Accord EX 2.4 2004,10 s,190 km/h,Corrente,Injeção multiponto,Natural,2354 cm³,4 em linha,K24,Duplo no cabeçote,99 mm,87 mm,Transversal,Dianteiro,"8,6 kg/cv","62,0 kg/kgfm","67,1 cv/litro",158 cv,"9,7:1",,,"9,3 kgfm/litro",22 kgfm,4,Conversor de torque,Automático,5,,Dianteira,1466 mm,1551 mm,1551 mm,435 kg,4813 mm,2738 mm,1820 mm,1365 kg,446 litros,65 litros,123 mm,Disco ventilado,Disco sólido,"2,27 m²","0,681 m²","0,3",Hidráulica,"11,25 m",,"Indep., braços sobrepostos",Mola helicoidal,"Indep., multibraço",657 km,436 km,"10,1 km/l","6,7 km/l",,5500 rpm,4500 rpm,,,,,,,,,,,,,,,,,,,,,,,,,,,,,,,,,,,,,,,,,,,
honda,Accord,accord,accord-ex-3-0-v6-2004,accord-ex-3-0-v6-2004,https://www.fichacompleta.com.br/carros/honda/accord-ex-3-0-v6-2004,2026-06-14T17:22:59.414430,Honda Accord EX 3.0 V6 2004,8 s,218 km/h,Correia dentada,Injeção multiponto,Natural,2997 cm³,6 em V,J30,Único no cabeçote,86 mm,86 mm,Transversal,Dianteiro,"6,4 kg/cv","52,3 kg/kgfm","80,1 cv/litro",240 cv,10:1,6250 rpm,5000 rpm,"9,8 kgfm/litro","29,3 kgfm",4,Conversor de torque,Automático,5,,Dianteira,1466 mm,1551 mm,1551 mm,435 kg,4813 mm,2738 mm,1820 mm,1532 kg,446 litros,65 litros,123 mm,Disco ventilado,Disco sólido,"2,27 m²","0,681 m²","0,3",Hidráulica,"11,3 m",,"Indep., braços sobrepostos",Mola helicoidal,"Indep., multibraço",585 km,338 km,9 km/l,"5,2 km/l",,,,,,,,,,,,,,,,,,,,,,,,,,,,,,,,,,,,,,,,,,,,,,
honda,Accord,accord,accord-ex-2-4-2005,accord-ex-2-4-2005,https://www.fichacompleta.com.br/carros/honda/accord-ex-2-4-2005,2026-06-14T17:23:03.185188,Honda Accord EX 2.4 2005,10 s,190 km/h,Corrente,Injeção multiponto,Natural,2354 cm³,4 em linha,K24,Duplo no cabeçote,99 mm,87 mm,Transversal,Dianteiro,"8,6 kg/cv","62,0 kg/kgfm","67,1 cv/litro",158 cv,"9,7:1",,,"9,3 kgfm/litro",22 kgfm,4,Conversor de torque,Automático,5,,Dianteira,1466 mm,1551 mm,1551 mm,435 kg,4813 mm,2738 mm,1820 mm,1365 kg,446 litros,65 litros,123 mm,Disco ventilado,Disco sólido,"2,27 m²","0,681 m²","0,3",Hidráulica,"11,25 m",,"Indep., braços sobrepostos",Mola helicoidal,"Indep., multibraço",657 km,436 km,"10,1 km/l","6,7 km/l",,5500 rpm,4500 rpm,,,,,,,,,,,,,,,,,,,,,,,,,,,,,,,,,,,,,,,,,,,
honda,Accord,accord,accord-ex-3-0-v6-2005,accord-ex-3-0-v6-2005,https://www.fichacompleta.com.br/carros/honda/accord-ex-3-0-v6-2005,2026-06-14T17:23:06.043893,Honda Accord EX 3.0 V6 2005,8 s,218 km/h,Correia dentada,Injeção multiponto,Natural,2997 cm³,6 em V,J30,Único no cabeçote,86 mm,86 mm,Transversal,Dianteiro,"6,4 kg/cv","52,3 kg/kgfm","80,1 cv/litro",240 cv,10:1,,,"9,8 kgfm/litro","29,3 kgfm",4,Conversor de torque,Automático,5,,Dianteira,1466 mm,1551 mm,1551 mm,435 kg,4813 mm,2738 mm,1820 mm,1532 kg,446 litros,65 litros,123 mm,Disco ventilado,Disco sólido,"2,27 m²","0,681 m²","0,3",Hidráulica,"11,3 m",,"Indep., braços sobrepostos",Mola helicoidal,"Indep., multibraço",585 km,338 km,9 km/l,"5,2 km/l",,6250 rpm,5000 rpm,,,,,,,,,,,,,,,,,,,,,,,,,,,,,,,,,,,,,,,,,,,
honda,Accord,accord,accord-lx-2-4-2005,accord-lx-2-4-2005,https://www.fichacompleta.com.br/carros/honda/accord-lx-2-4-2005,2026-06-14T17:23:10.784488,Honda Accord LX 2.4 2005,10 s,190 km/h,Corrente,Injeção multiponto,Natural,2354 cm³,4 em linha,K24,Duplo no cabeçote,99 mm,87 mm,Transversal,Dianteiro,"8,6 kg/cv","62,0 kg/kgfm","67,1 cv/litro",,"9,7:1",5500 rpm,4500 rpm,"9,3 kgfm/litro",,4,Conversor de torque,Automático,5,,Dianteira,1466 mm,1551 mm,1551 mm,435 kg,4813 mm,2738 mm,1820 mm,1365 kg,446 litros,65 litros,123 mm,Disco ventilado,Disco sólido,"2,27 m²","0,681 m²","0,3",Hidráulica,"11,25 m",,"Indep., braços sobrepostos",Mola helicoidal,"Indep., multibraço",657 km,436 km,"10,1 km/l","6,7 km/l",,,,158 cv,22 kgfm,,,,,,,,,,,,,,,,,,,,,,,,,,,,,,,,,,,,,,,,,
honda,Accord,accord,accord-ex-3-0-v6-2006,accord-ex-3-0-v6-2006,https://www.fichacompleta.com.br/carros/honda/accord-ex-3-0-v6-2006,2026-06-14T17:23:13.717434,Honda Accord EX 3.0 V6 2006,8 s,218 km/h,,Injeção multiponto,Natural,2997 cm³,6 em V,J30,Único no cabeçote,,,Transversal,Dianteiro,"6,4 kg/cv","52,3 kg/kgfm","80,1 cv/litro",240 cv a 6250 rpm,10:1,,,"9,8 kgfm/litro","29,3 kgfm a 5000 rpm",4,,Automático,,5,Dianteira,1466 mm,1551 mm,1551 mm,435 kg,4813 mm,2738 mm,1820 mm,1532 kg,446 litros,65 litros,123 mm,205/60 R16,Disco sólido,"2,27 m²",,,Hidráulica,,"11,3 m","Independente, braços sobrepostos",Mola helicoidal,"Independente, multibraço",585 km,338 km,9 km/l,"5,2 km/l",,,,,,86 mm,86 mm,,,,"0,3",,,,,,,,,,,,,,,,,,,,,,,,,,,,,,,,,,,
honda,Accord,accord,accord-lx-2-0-2006,accord-lx-2-0-2006,https://www.fichacompleta.com.br/carros/honda/accord-lx-2-0-2006,2026-06-14T17:23:16.256207,Honda Accord LX 2.0 2006,12 s,188 km/h,Corrente,Injeção multiponto,Natural,1998 cm³,4 em linha,K20,Duplo no cabeçote,86 mm,86 mm,Transversal,Dianteiro,"9,6 kg/cv","75,8 kg/kgfm","75,1 cv/litro",150 cv,"9,8:1",6000 rpm,4500 rpm,"9,5 kgfm/litro",19 kgfm,4,Conversor de torque,Automático,5,5,Dianteira,1466 mm,1550 mm,1550 mm,,4813 mm,2738 mm,1820 mm,1440 kg,446 litros,65 litros,123 mm,Disco ventilado,Disco sólido,"2,27 m²","0,681 m²","0,3",Hidráulica,Não informado,Não informado,"Indep., braços sobrepostos",Mola helicoidal,"Indep., multibraço",930 km,579 km,"14,3 km/l","8,9 km/l",,,,,,,,Admissão,,,"0,3",,,,,,,,,,,,,,,,,,,,,,,,,,,,,,,,,,,
honda,Accord,accord,accord-ex-3-0-v6-2007,accord-ex-3-0-v6-2007,https://www.fichacompleta.com.br/carros/honda/accord-ex-3-0-v6-2007,2026-06-14T17:23:19.472822,Honda Accord EX 3.0 V6 2007,8 s,218 km/h,Correia dentada,Injeção multiponto,Natural,2997 cm³,6 em V,J30,Único no cabeçote,86 mm,86 mm,Transversal,Dianteiro,"6,4 kg/cv","52,3 kg/kgfm","80,1 cv/litro",240 cv,10:1,,,"9,8 kgfm/litro","29,3 kgfm",4,Conversor de torque,Automático,5,,Dianteira,1466 mm,1551 mm,1551 mm,435 kg,4813 mm,2738 mm,1820 mm,1532 kg,446 litros,65 litros,123 mm,Disco ventilado,Disco sólido,"2,27 m²","0,681 m²","0,3",Hidráulica,"11,3 m",,"Indep., braços sobrepostos",Mola helicoidal,"Indep., multibraço",585 km,338 km,9 km/l,"5,2 km/l",,6250 rpm,5000 rpm,,,,,,,,,,,,,,,,,,,,,,,,,,,,,,,,,,,,,,,,,,,
honda,Accord,accord,accord-lx-2-0-2007,accord-lx-2-0-2007,https://www.fichacompleta.com.br/carros/honda/accord-lx-2-0-2007,2026-06-14T17:23:24.032710,Honda Accord LX 2.0 2007,12 s,188 km/h,,Injeção multiponto,Natural,1998 cm³,4 em linha,K20,"Duplo no cabeçote, corrente",,,Transversal,Dianteiro,"9,6 kg/cv","75,8 kg/kgfm","75,1 cv/litro",150 cv a 6000 rpm,"9,8:1",,,"9,5 kgfm/litro",19 kgfm a 4500 rpm,4,,Automático,,5,Dianteira,1466 mm,1550 mm,1550 mm,,4813 mm,2738 mm,1820 mm,1440 kg,446 litros,65 litros,123 mm,205/60 R16,Disco sólido,"2,27 m²",,,Hidráulica,,Não informado,"Independente, braços sobrepostos",Mola helicoidal,"Independente, multibraço",930 km,579 km,"14,3 km/l","8,9 km/l",,,,,,86 mm,86 mm,Admissão,,,"0,3",,,,,,,,,,,,,,,,,,,,,,,,,,,,,,,,,,,
honda,Accord,accord,accord-ex-3-5-v6-2008,accord-ex-3-5-v6-2008,https://www.fichacompleta.com.br/carros/honda/accord-ex-3-5-v6-2008,2026-06-14T17:23:27.932537,Honda Accord EX 3.5 V6 2008,"6,8 s",210 km/h,Correia dentada,Injeção multiponto,Natural,3471 cm³,6 em V,J35,Único no cabeçote,93 mm,89 mm,Transversal,Dianteiro,"5,9 kg/cv","47,3 kg/kgfm","80,1 cv/litro",278 cv,"10,5:1",6200 rpm,5000 rpm,"10,0 kgfm/litro","34,6 kgfm",4,Conversor de torque,Automático,5,5,Dianteira,1475 mm,1590 mm,1590 mm,,4935 mm,2800 mm,1845 mm,1635 kg,453 litros,70 litros,113 mm,Disco ventilado,Disco sólido,"2,31 m²","0,716 m²","0,31",Hidráulica,"11,5 m","11,5 m","Indep., braços sobrepostos",Mola helicoidal,"Indep., multibraço",861 km,567 km,"12,3 km/l","8,1 km/l",,,,,,,,Admissão,,,"0,31",,,,,,,,,,,,,,,,,,,,,,,,,,,,,,,,,,,
honda,Accord,accord,accord-lx-2-0-2008,accord-lx-2-0-2008,https://www.fichacompleta.com.br/carros/honda/accord-lx-2-0-2008,2026-06-14T17:23:32.586855,Honda Accord LX 2.0 2008,"12,4 s",180 km/h,Corrente,Injeção multiponto,Natural,1997 cm³,4 em linha,R20,Único no cabeçote,"96,9 mm",81 mm,Transversal,Dianteiro,"9,4 kg/cv","76,3 kg/kgfm","78,1 cv/litro",156 cv,"10,6:1",6300 rpm,4300 rpm,"9,7 kgfm/litro","19,3 kgfm",4,Conversor de torque,Automático,5,5,Dianteira,1475 mm,1590 mm,1590 mm,,4935 mm,2800 mm,1845 mm,1472 kg,453 litros,70 litros,129 mm,Disco ventilado,Disco sólido,,,,Hidráulica,Não informado,Não informado,"Indep., braços sobrepostos",Mola helicoidal,"Indep., multibraço",1001 km,665 km,"14,3 km/l","9,5 km/l",,,,,,,,Admissão,,,,,,,,,,,,,,,,,,,,,,,,,,,,,,,,,,,,,,
honda,Accord,accord,accord-ex-3-5-v6-2009,accord-ex-3-5-v6-2009,https://www.fichacompleta.com.br/carros/honda/accord-ex-3-5-v6-2009,2026-06-14T17:23:36.497794,Honda Accord EX 3.5 V6 2009,"6,8 s",210 km/h,,Injeção multiponto,Natural,3471 cm³,6 em V,J35,"Único no cabeçote, correia dentada",93 mm,89 mm,Transversal,Dianteiro,"5,9 kg/cv","47,3 kg/kgfm","80,1 cv/litro",278 cv a 6200 rpm,"10,5:1",,,"10,0 kgfm/litro","34,6 kgfm a 5000 rpm",4,Conversor de torque,Automático,,5,Dianteira,1475 mm,1590 mm,1590 mm,,4935 mm,2800 mm,1845 mm,1635 kg,453 litros,70 litros,113 mm,Disco ventilado,Disco sólido,"2,31 m²","0,716 m²",,Hidráulica,,"11,5 m","Independente, braços sobrepostos",Mola helicoidal,"Independente, multibraço",861 km,567 km,"12,3 km/l","8,1 km/l",,,,,,,,Admissão,,,"0,31",,,,,,,,,,,,,,,,,,,,,,,,,,,,,,,,,,,
honda,Accord,accord,accord-lx-2-0-2009,accord-lx-2-0-2009,https://www.fichacompleta.com.br/carros/honda/accord-lx-2-0-2009,2026-06-14T17:23:40.404805,Honda Accord LX 2.0 2009,"12,4 s",180 km/h,,Injeção multiponto,Natural,1997 cm³,4 em linha,R20,"Único no cabeçote, corrente","96,9 mm",81 mm,Transversal,Dianteiro,"9,4 kg/cv","76,3 kg/kgfm","78,1 cv/litro",156 cv a 6300 rpm,"10,6:1",,,"9,7 kgfm/litro","19,3 kgfm a 4300 rpm",4,Conversor de torque,Automático,,5,Dianteira,1475 mm,1590 mm,1590 mm,,4935 mm,2800 mm,1845 mm,1472 kg,453 litros,70 litros,129 mm,Disco ventilado,Disco sólido,,,,Hidráulica,,Não informado,"Independente, braços sobrepostos",Mola helicoidal,"Independente, multibraço",1001 km,665 km,"14,3 km/l","9,5 km/l",,,,,,,,Admissão,,,,,,,,,,,,,,,,,,,,,,,,,,,,,,,,,,,,,,
honda,Accord,accord,accord-ex-2-0-2010,accord-ex-2-0-2010,https://www.fichacompleta.com.br/carros/honda/accord-ex-2-0-2010,2026-06-14T17:23:45.131557,Honda Accord EX 2.0 2010,"12,4 s",180 km/h,,Injeção multiponto,Natural,1997 cm³,4 em linha,R20,"Único no cabeçote, corrente","96,9 mm",81 mm,Transversal,Dianteiro,"9,4 kg/cv","76,3 kg/kgfm","78,1 cv/litro",156 cv a 6300 rpm,"10,6:1",,,"9,7 kgfm/litro","19,3 kgfm a 4300 rpm",4,Conversor de torque,Automático,,5,Dianteira,1475 mm,1590 mm,1590 mm,,4935 mm,2800 mm,1845 mm,1472 kg,453 litros,70 litros,129 mm,Disco ventilado,Disco sólido,,,,Hidráulica,,Não informado,"Independente, braços sobrepostos",Mola helicoidal,"Independente, multibraço",1001 km,665 km,"14,3 km/l","9,5 km/l",,,,,,,,Admissão,,,,,,,,,,,,,,,,,,,,,,,,,,,,,,,,,,,,,,
honda,Accord,accord,accord-ex-3-5-v6-2010,accord-ex-3-5-v6-2010,https://www.fichacompleta.com.br/carros/honda/accord-ex-3-5-v6-2010,2026-06-14T17:23:48.415249,Honda Accord EX 3.5 V6 2010,"6,8 s",210 km/h,,Injeção multiponto,Natural,3471 cm³,6 em V,J35,"Único no cabeçote, correia dentada",93 mm,89 mm,Transversal,Dianteiro,"5,9 kg/cv","47,3 kg/kgfm","80,1 cv/litro",278 cv a 6200 rpm,"10,5:1",,,"10,0 kgfm/litro","34,6 kgfm a 5000 rpm",4,Conversor de torque,Automático,,5,Dianteira,1475 mm,1590 mm,1590 mm,,4935 mm,2800 mm,1845 mm,1635 kg,453 litros,70 litros,113 mm,Disco ventilado,Disco sólido,"2,31 m²","0,716 m²",,Hidráulica,,"11,5 m","Independente, braços sobrepostos",Mola helicoidal,"Independente, multibraço",861 km,567 km,"12,3 km/l","8,1 km/l",,,,,,,,Admissão,,,"0,31",,,,,,,,,,,,,,,,,,,,,,,,,,,,,,,,,,,
honda,Accord,accord,accord-ex-2-0-2011,accord-ex-2-0-2011,https://www.fichacompleta.com.br/carros/honda/accord-ex-2-0-2011,2026-06-14T17:23:52.580916,Honda Accord EX 2.0 2011,"12,4 s",180 km/h,,Injeção multiponto,Natural,1997 cm³,4 em linha,R20,"Único no cabeçote, corrente","96,9 mm",81 mm,Transversal,Dianteiro,"9,4 kg/cv","76,3 kg/kgfm","78,1 cv/litro",156 cv a 6300 rpm,"10,6:1",,,"9,7 kgfm/litro","19,3 kgfm a 4300 rpm",4,Conversor de torque,Automático,,5,Dianteira,1475 mm,1590 mm,1590 mm,,4935 mm,2800 mm,1845 mm,1472 kg,453 litros,70 litros,129 mm,Disco ventilado,Disco sólido,,,,Hidráulica,,Não informado,"Independente, braços sobrepostos",Mola helicoidal,"Independente, multibraço",1001 km,665 km,"14,3 km/l","9,5 km/l",,,,,,,,Admissão,,,,,,,,,,,,,,,,,,,,,,,,,,,,,,,,,,,,,,
honda,Accord,accord,accord-ex-3-5-v6-2011,accord-ex-3-5-v6-2011,https://www.fichacompleta.com.br/carros/honda/accord-ex-3-5-v6-2011,2026-06-14T17:23:55.189946,Honda Accord EX 3.5 V6 2011,"6,8 s",210 km/h,,Injeção multiponto,Natural,3471 cm³,6 em V,J35,"Único no cabeçote, correia dentada",93 mm,89 mm,Transversal,Dianteiro,"5,9 kg/cv","47,3 kg/kgfm","80,1 cv/litro",278 cv a 6200 rpm,"10,5:1",,,"10,0 kgfm/litro","34,6 kgfm a 5000 rpm",4,Conversor de torque,Automático,,5,Dianteira,1475 mm,1590 mm,1590 mm,,4935 mm,2800 mm,1845 mm,1635 kg,453 litros,70 litros,113 mm,Disco ventilado,Disco sólido,"2,31 m²","0,716 m²",,Hidráulica,,"11,5 m","Independente, braços sobrepostos",Mola helicoidal,"Independente, multibraço",861 km,567 km,"12,3 km/l","8,1 km/l",,,,,,,,Admissão,,,"0,31",,,,,,,,,,,,,,,,,,,,,,,,,,,,,,,,,,,
honda,Accord,accord,accord-ex-2-0-2012,accord-ex-2-0-2012,https://www.fichacompleta.com.br/carros/honda/accord-ex-2-0-2012,2026-06-14T17:23:59.316844,Honda Accord EX 2.0 2012,"12,4 s",180 km/h,,Injeção multiponto,Natural,1997 cm³,4 em linha,R20,"Único no cabeçote, corrente","96,9 mm",81 mm,Transversal,Dianteiro,"9,4 kg/cv","76,3 kg/kgfm","78,1 cv/litro",156 cv a 6300 rpm,"10,6:1",,,"9,7 kgfm/litro","19,3 kgfm a 4300 rpm",4,Conversor de torque,Automático,,5,Dianteira,1475 mm,1590 mm,1590 mm,,4935 mm,2800 mm,1845 mm,1472 kg,453 litros,70 litros,129 mm,Disco ventilado,Disco sólido,,,,Hidráulica,,Não informado,"Independente, braços sobrepostos",Mola helicoidal,"Independente, multibraço",1001 km,665 km,"14,3 km/l","9,5 km/l",,,,,,,,Admissão,,,,,,,,,,,,,,,,,,,,,,,,,,,,,,,,,,,,,,
honda,Accord,accord,accord-ex-3-5-v6-2012,accord-ex-3-5-v6-2012,https://www.fichacompleta.com.br/carros/honda/accord-ex-3-5-v6-2012,2026-06-14T17:24:02.133566,Honda Accord EX 3.5 V6 2012,"6,8 s",210 km/h,,Injeção multiponto,Natural,3471 cm³,6 em V,J35,"Único no cabeçote, correia dentada",93 mm,89 mm,Transversal,Dianteiro,"5,9 kg/cv","47,3 kg/kgfm","80,1 cv/litro",278 cv a 6200 rpm,"10,5:1",,,"10,0 kgfm/litro","34,6 kgfm a 5000 rpm",4,Conversor de torque,Automático,,5,Dianteira,1475 mm,1590 mm,1590 mm,,4935 mm,2800 mm,1845 mm,1635 kg,453 litros,70 litros,113 mm,Disco ventilado,Disco sólido,"2,31 m²","0,716 m²",,Hidráulica,,"11,5 m","Independente, braços sobrepostos",Mola helicoidal,"Independente, multibraço",861 km,567 km,"12,3 km/l","8,1 km/l",,,,,,,,Admissão,,,"0,31",,,,,,,,,,,,,,,,,,,,,,,,,,,,,,,,,,,
honda,Accord,accord,accord-ex-2-4-2013,accord-ex-2-4-2013,https://www.fichacompleta.com.br/carros/honda/accord-ex-2-4-2013,2026-06-14T17:24:06.100827,Honda Accord EX 2.4 2013,"9,4 s",195 km/h,Corrente,Injeção multiponto,Natural,2356 cm³,4 em linha,K24,Duplo no cabeçote,"99,1 mm",87 mm,Transversal,Dianteiro,"8,6 kg/cv","65,8 kg/kgfm","74,3 cv/litro",175 cv,11:1,6200 rpm,4000 rpm,"9,7 kgfm/litro","22,9 kgfm",4,Conversor de torque,Automático,5,5,Dianteira,1475 mm,,,,4890 mm,2775 mm,1850 mm,1506 kg,461 litros,65 litros,129 mm,Disco ventilado,Disco sólido,,,,Elétrica,"11,6 m","11,6 m","Indep., McPherson",Mola helicoidal,"Indep., multibraço",871 km,605 km,"13,4 km/l","9,3 km/l",,,,,,,,,,,,,,,,,,,,,,,,,,,,,,,,,,,,,,,,,,,,,,
honda,Accord,accord,accord-ex-3-5-v6-2013,accord-ex-3-5-v6-2013,https://www.fichacompleta.com.br/carros/honda/accord-ex-3-5-v6-2013,2026-06-14T17:24:10.765687,Honda Accord EX 3.5 V6 2013,"6,6 s",210 km/h,Correia dentada,Injeção multiponto,Natural,3471 cm³,6 em V,J35,Único no cabeçote,93 mm,89 mm,Transversal,Dianteiro,"5,8 kg/cv","47,1 kg/kgfm","80,7 cv/litro",280 cv,"10,5:1",6200 rpm,4900 rpm,"10,0 kgfm/litro","34,6 kgfm",4,Conversor de torque,Automático,6,6,Dianteira,1475 mm,,,,4890 mm,2775 mm,1850 mm,1629 kg,461 litros,65 litros,113 mm,Disco ventilado,Disco sólido,,,,Elétrica,"11,6 m","11,6 m","Indep., McPherson",Mola helicoidal,"Indep., multibraço",780 km,507 km,12 km/l,"7,8 km/l",,,,,,,,Admissão,,,,,,,,,,,,,,,,,,,,,,,,,,,,,,,,,,,,,,
honda,Accord,accord,accord-ex-2-4-2014,accord-ex-2-4-2014,https://www.fichacompleta.com.br/carros/honda/accord-ex-2-4-2014,2026-06-14T17:24:13.267607,Honda Accord EX 2.4 2014,"9,4 s",195 km/h,,Injeção multiponto,Natural,2356 cm³,4 em linha,K24,"Duplo no cabeçote, corrente","99,1 mm",87 mm,Transversal,Dianteiro,"8,6 kg/cv","65,8 kg/kgfm","74,3 cv/litro",175 cv a 6200 rpm,11:1,,,"9,7 kgfm/litro","22,9 kgfm a 4000 rpm",4,Conversor de torque,Automático,,5,Dianteira,1475 mm,,,,4890 mm,2775 mm,1850 mm,1506 kg,461 litros,65 litros,129 mm,Disco ventilado,Disco sólido,,,,Elétrica,,"11,6 m","Independente, McPherson",Mola helicoidal,"Independente, multibraço",871 km,605 km,"13,4 km/l","9,3 km/l",,,,,,,,,,,,,,,,,,,,,,,,,,,,,,,,,,,,,,,,,,,,,,
honda,Accord,accord,accord-ex-3-5-v6-2014,accord-ex-3-5-v6-2014,https://www.fichacompleta.com.br/carros/honda/accord-ex-3-5-v6-2014,2026-06-14T17:24:18.123258,Honda Accord EX 3.5 V6 2014,"6,6 s",210 km/h,Correia dentada,Injeção multiponto,Natural,3471 cm³,6 em V,J35,Único no cabeçote,93 mm,89 mm,Transversal,Dianteiro,"5,8 kg/cv","47,1 kg/kgfm","80,7 cv/litro",280 cv,"10,5:1",,,"10,0 kgfm/litro","34,6 kgfm",4,Conversor de torque,Automático,6,,Dianteira,1475 mm,,,,4890 mm,2775 mm,1850 mm,1629 kg,461 litros,65 litros,113 mm,Disco ventilado,Disco sólido,,,,Elétrica,"11,6 m",,"Indep., McPherson",Mola helicoidal,"Indep., multibraço",780 km,507 km,12 km/l,"7,8 km/l",,6200 rpm,4900 rpm,,,,,Admissão,,,,,,,,,,,,,,,,,,,,,,,,,,,,,,,,,,,,,,
honda,Accord,accord,accord-ex-3-5-v6-2015,accord-ex-3-5-v6-2015,https://www.fichacompleta.com.br/carros/honda/accord-ex-3-5-v6-2015,2026-06-14T17:24:22.375694,Honda Accord EX 3.5 V6 2015,"6,6 s",210 km/h,,Injeção multiponto,Natural,3471 cm³,6 em V,J35,"Único no cabeçote, correia dentada",93 mm,89 mm,Transversal,Dianteiro,"5,8 kg/cv","47,1 kg/kgfm","80,7 cv/litro",280 cv a 6200 rpm,"10,5:1",,,"10,0 kgfm/litro","34,6 kgfm a 4900 rpm",4,Conversor de torque,Automático,,6,Dianteira,1475 mm,,,,4890 mm,2775 mm,1850 mm,1629 kg,461 litros,65 litros,113 mm,Disco ventilado,Disco sólido,,,,Elétrica,,"11,6 m","Independente, McPherson",Mola helicoidal,"Independente, multibraço",780 km,507 km,12 km/l,"7,8 km/l",,,,,,,,Admissão,,,,,,,,,,,,,,,,,,,,,,,,,,,,,,,,,,,,,,
honda,Accord,accord,accord-ex-3-5-v6-2016,accord-ex-3-5-v6-2016,https://www.fichacompleta.com.br/carros/honda/accord-ex-3-5-v6-2016,2026-06-14T17:24:27.130107,Honda Accord EX 3.5 V6 2016,"6,6 s",210 km/h,,Injeção multiponto,Natural,3471 cm³,6 em V,J35,"Único no cabeçote, correia dentada",93 mm,89 mm,Transversal,Dianteiro,"5,8 kg/cv","47,1 kg/kgfm","80,7 cv/litro",280 cv a 6200 rpm,"10,5:1",,,"10,0 kgfm/litro","34,6 kgfm a 4900 rpm",4,Conversor de torque,Automático,,6,Dianteira,1475 mm,1580 mm,1590 mm,,4890 mm,2775 mm,1850 mm,1629 kg,461 litros,65 litros,106 mm,Disco ventilado,Disco sólido,,,,Elétrica,,"11,6 m","Independente, McPherson",Mola helicoidal,"Independente, multibraço",780 km,507 km,12 km/l,"7,8 km/l",,,,,,,,Admissão,,,,,,,,,,,,,,,,,,,,,,,,,,,,,,,,,,,,,,
honda,Accord,accord,accord-ex-3-5-v6-2017,accord-ex-3-5-v6-2017,https://www.fichacompleta.com.br/carros/honda/accord-ex-3-5-v6-2017,2026-06-14T17:24:29.584951,Honda Accord EX 3.5 V6 2017,"6,6 s",210 km/h,,Injeção multiponto,Natural,3471 cm³,6 em V,J35,"Único no cabeçote, correia dentada",93 mm,89 mm,Transversal,Dianteiro,"5,8 kg/cv","47,1 kg/kgfm","80,7 cv/litro",280 cv a 6200 rpm,"10,5:1",,,"10,0 kgfm/litro","34,6 kgfm a 4900 rpm",4,Conversor de torque,Automático,,6,Dianteira,1475 mm,1580 mm,1590 mm,,4890 mm,2775 mm,1850 mm,1629 kg,461 litros,65 litros,106 mm,Disco ventilado,Disco sólido,,,,Elétrica,,"11,6 m","Independente, McPherson",Mola helicoidal,"Independente, multibraço",780 km,507 km,12 km/l,"7,8 km/l",,,,,,,,Admissão,,,,,,,,,,,,,,,,,,,,,,,,,,,,,,,,,,,,,,
honda,Accord,accord,accord-touring-2-0-turbo-2018,accord-touring-2-0-turbo-2018,https://www.fichacompleta.com.br/carros/honda/accord-touring-2-0-turbo-2018,2026-06-14T17:24:33.117398,Honda Accord Touring 2.0 Turbo 2018,"5,7 s",203 km/h,,Injeção direta,Turbocompressor,1996 cm³,4 em linha,K20C4,"Duplo no cabeçote, corrente","85,9 mm",86 mm,Transversal,Dianteiro,"6,0 kg/cv","41,0 kg/kgfm","128,3 cv/litro",256 cv a 6500 rpm,"9,8:1",,,"18,9 kgfm/litro","37,7 kgfm a 1500 rpm",4,Conversor de torque,Automático,,10,Dianteira,1450 mm,1600 mm,1610 mm,483 kg,4889 mm,2830 mm,1862 mm,1547 kg,574 litros,56 litros,106 mm,Disco ventilado,Disco sólido,,,,Elétrica,,"11,6 m","Independente, McPherson",Mola helicoidal,"Independente, multibraço",689 km,504 km,"12,3 km/l",9 km/l,125 mm,,,,,,,Admissão e escape,,,,,,,6800 rpm,,,,,,,,,,,,,,,,,,,,,,,,,,,,,,,
honda,Accord,accord,accord-touring-2-0-turbo-2019,accord-touring-2-0-turbo-2019,https://www.fichacompleta.com.br/carros/honda/accord-touring-2-0-turbo-2019,2026-06-14T17:24:36.272894,Honda Accord Touring 2.0 Turbo 2019,"5,7 s",203 km/h,Corrente,Injeção direta,Turbocompressor,1996 cm³,4 em linha,K20C4,Duplo no cabeçote,"85,9 mm",86 mm,Transversal,Dianteiro,"6,0 kg/cv","41,0 kg/kgfm","128,3 cv/litro",256 cv,"9,8:1",,,"18,9 kgfm/litro","37,7 kgfm",4,Conversor de torque,Automático,10,,Dianteira,1450 mm,1600 mm,1610 mm,483 kg,4889 mm,2830 mm,1862 mm,1547 kg,574 litros,56 litros,106 mm,Disco ventilado,Disco sólido,,,,Elétrica,"11,6 m",,"Indep., McPherson",Mola helicoidal,"Indep., multibraço",689 km,504 km,"12,3 km/l",9 km/l,125 mm,6500 rpm,1500 rpm,,,,,Admissão e escape,,,,,,135/80 R17,6800 rpm,,,,,,,,,,,,,,,,,,,,,,,,,,,,,,,
honda,Accord,accord,accord-touring-2-0-turbo-2020,accord-touring-2-0-turbo-2020,https://www.fichacompleta.com.br/carros/honda/accord-touring-2-0-turbo-2020,2026-06-14T17:24:40.183513,Honda Accord Touring 2.0 Turbo 2020,"5,7 s",203 km/h,Corrente,Injeção direta,Turbocompressor,1996 cm³,4 em linha,K20C4,Duplo no cabeçote,"85,9 mm",86 mm,Transversal,Dianteiro,"6,0 kg/cv","41,0 kg/kgfm","128,3 cv/litro",256 cv,"9,8:1",,,"18,9 kgfm/litro","37,7 kgfm",4,Conversor de torque,Automático,10,,Dianteira,1450 mm,1600 mm,1610 mm,483 kg,4889 mm,2830 mm,1862 mm,1547 kg,574 litros,56 litros,106 mm,Disco ventilado,Disco sólido,,,,Elétrica,"11,6 m",,"Indep., McPherson",Mola helicoidal,"Indep., multibraço",689 km,504 km,"12,3 km/l",9 km/l,125 mm,6500 rpm,1500 rpm,,,,,Admissão e escape,,,,,,135/80 R17,6800 rpm,,,,,,,,,,,,,,,,,,,,,,,,,,,,,,,
honda,Accord,accord,accord-hybrid-2-0-2021,accord-hybrid-2-0-2021,https://www.fichacompleta.com.br/carros/honda/accord-hybrid-2-0-2021,2026-06-14T17:24:43.716583,Honda Accord Hybrid 2.0 2021,"7,5 s",187 km/h,,Injeção multiponto,Natural,1993 cm³,4 em linha,LFB1,"Duplo no cabeçote, corrente","96,7 mm",81 mm,Transversal,Dianteiro,"10,7 kg/cv","87,4 kg/kgfm","72,8 cv/litro",145 cv a 6200 rpm,"13,5:1",,,"8,9 kgfm/litro","17,8 kgfm a 3500 rpm",4,Embreagem multidisco,CVT,,0,Dianteira,1450 mm,1600 mm,1610 mm,480 kg,4889 mm,2830 mm,1862 mm,1555 kg,574 litros,48 litros,113 mm,Disco ventilado,Disco sólido,,,,Elétrica,,"11,6 m","Independente, McPherson",Mola helicoidal,"Independente, multibraço",,,,,125 mm,,,184 cv,"32,1 kgfm",,,Admissão e escape,,,,,,,,"1,1 kWh",215 cv,"32,1 kgfm",821 km,845 km,"17,1 km/l","17,6 km/l",,,,,,,,,,,,,,,,,,,,,,,,
honda,Accord,accord,accord-hybrid-2-0-2023,accord-hybrid-2-0-2023,https://www.fichacompleta.com.br/carros/honda/accord-hybrid-2-0-2023,2026-06-14T17:24:46.816594,Honda Accord Hybrid 2.0 2023,"8,8 s",183 km/h,Corrente,Injeção direta,Natural,,4 em linha,LFB1,Duplo no cabeçote,"96,7 mm",81 mm,Transversal,Dianteiro,"11,13 kg/cv","84,6 kg/kgfm","73,3 cv/litro",146 cv,"13,9:1",,,"9,6 kgfm/litro","19,2 kgfm",4,Embreagem multidisco,CVT,1,,Dianteira,1459 mm,1599 mm,1606 mm,515 kg,4971 mm,2830 mm,1862 mm,1625 kg,574 litros,48 litros,106 mm,Disco ventilado,Disco sólido,,,,Elétrica,"11,6 m",,"Indep., McPherson",Mola helicoidal,"Indep., multibraço",773 km,854 km,"16,1 km/l","17,8 km/l",134 mm,6100 rpm,4500 rpm,184 cv,"34,1 kgfm",,,Admissão e escape,,,,498 cm³,1993 cm³,135/80 R17,,"1,05 kWh",207 cv,,,,,,"14,7 graus","18,8 graus",,,,,,,,,,,,,,,,,,,,,,
honda,Accord,accord,accord-hybrid-2-0-2024,accord-hybrid-2-0-2024,https://www.fichacompleta.com.br/carros/honda/accord-hybrid-2-0-2024,2026-06-14T17:24:51.070483,Honda Accord Hybrid 2.0 2024,"8,8 s",183 km/h,Corrente,Injeção direta,Natural,,4 em linha,LFB1,Duplo no cabeçote,"96,7 mm",81 mm,Transversal,Dianteiro,"11,13 kg/cv","84,6 kg/kgfm","73,3 cv/litro",146 cv,"13,9:1",,,"9,6 kgfm/litro","19,2 kgfm",4,Embreagem multidisco,CVT,1,,Dianteira,1459 mm,1599 mm,1606 mm,515 kg,4971 mm,2830 mm,1862 mm,1625 kg,574 litros,48 litros,106 mm,Disco ventilado,Disco sólido,,,,Elétrica,"11,6 m",,"Indep., McPherson",Mola helicoidal,"Indep., multibraço",773 km,854 km,"16,1 km/l","17,8 km/l",134 mm,6100 rpm,4500 rpm,184 cv,"34,1 kgfm",,,Admissão e escape,,,,498 cm³,1993 cm³,135/80 R17,,"1,05 kWh",207 cv,,,,,,"14,7 graus","18,8 graus",,,,,,,,,,,,,,,,,,,,,,
honda,Accord,accord,accord-hybrid-2-0-2025,accord-hybrid-2-0-2025,https://www.fichacompleta.com.br/carros/honda/accord-hybrid-2-0-2025,2026-06-14T17:24:54.639288,Honda Accord Hybrid 2.0 2025,"8,8 s",183 km/h,Corrente,Injeção direta,Natural,,4 em linha,LFB1,Duplo no cabeçote,"96,7 mm",81 mm,Transversal,Dianteiro,"11,13 kg/cv","47,65 kg/kgfm","73,3 cv/litro",146 cv,"13,9:1",,,"9,6 kgfm/litro","19,2 kgfm",4,Embreagem multidisco,Automático,1,,Dianteira,1459 mm,1599 mm,1606 mm,515 kg,4971 mm,2830 mm,1862 mm,1625 kg,574 litros,48 litros,106 mm,Disco ventilado,Disco sólido,,,,Elétrica,"11,6 m",,"Indep., McPherson",Mola helicoidal,"Indep., multibraço",773 km,854 km,"16,1 km/l","17,8 km/l",134 mm,6100 rpm,4500 rpm,184 cv,"34,1 kgfm",,,Admissão e escape,,,,498 cm³,1993 cm³,135/80 R17,,"1,05 kWh",207 cv,,,,,,"14,7 graus","18,8 graus","7,85 kg/cv",,,,,,,,,,,,,,,,,,,,,
honda,Accord Wagon,accord-wagon,accord-wagon-ex-2-2-1991,accord-wagon-ex-2-2-1991,https://www.fichacompleta.com.br/carros/honda/accord-wagon-ex-2-2-1991,2026-06-14T17:25:13.587285,Honda Accord Wagon EX 2.2 1991,12 s,190 km/h,Correia dentada,Injeção multiponto,Natural,2156 cm³,4 em linha,F22A,Único no cabeçote,95 mm,85 mm,Transversal,Dianteiro,"10,2 kg/cv","73,6 kg/kgfm","65,9 cv/litro",142 cv,"8,8:1",5600 rpm,4500 rpm,"9,1 kgfm/litro","19,7 kgfm",4,Conversor de torque,Automático,4,,Dianteira,1440 mm,1475 mm,1480 mm,,4735 mm,2720 mm,1725 mm,1450 kg,400 litros,64 litros,117 mm,Disco ventilado,Disco ventilado,,,,Hidráulica,11 m,,"Indep., McPherson",Mola helicoidal,Eixo de torção,563 km,448 km,"8,8 km/l",7 km/l,160 mm,,,,,,,,,,,,,,,,,,,,,,,,,,,,,,,,,,,,,,,,,,,,,
honda,Accord Wagon,accord-wagon,accord-wagon-ex-2-2-1992,accord-wagon-ex-2-2-1992,https://www.fichacompleta.com.br/carros/honda/accord-wagon-ex-2-2-1992,2026-06-14T17:25:33.029776,Honda Accord Wagon EX 2.2 1992,12 s,190 km/h,Correia dentada,Injeção multiponto,Natural,2156 cm³,4 em linha,F22A,Único no cabeçote,95 mm,85 mm,Transversal,Dianteiro,"10,2 kg/cv","73,6 kg/kgfm","65,9 cv/litro",142 cv,"8,8:1",5600 rpm,4500 rpm,"9,1 kgfm/litro","19,7 kgfm",4,Conversor de torque,Automático,4,,Dianteira,1440 mm,1475 mm,1480 mm,,4735 mm,2720 mm,1725 mm,1450 kg,400 litros,64 litros,117 mm,Disco ventilado,Disco ventilado,,,,Hidráulica,11 m,,"Indep., McPherson",Mola helicoidal,Eixo de torção,563 km,448 km,"8,8 km/l",7 km/l,160 mm,,,,,,,,,,,,,,,,,,,,,,,,,,,,,,,,,,,,,,,,,,,,,
honda,Accord Wagon,accord-wagon,accord-wagon-lx-2-2-1993,accord-wagon-lx-2-2-1993,https://www.fichacompleta.com.br/carros/honda/accord-wagon-lx-2-2-1993,2026-06-14T17:25:37.051519,Honda Accord Wagon LX 2.2 1993,"12,5 s",185 km/h,Correia dentada,Injeção multiponto,Natural,2156 cm³,4 em linha,F22A,Único no cabeçote,95 mm,85 mm,Transversal,Dianteiro,"10,5 kg/cv","71,4 kg/kgfm","60,3 cv/litro",,"8,8:1",5300 rpm,4200 rpm,"8,9 kgfm/litro",,4,Conversor de torque,Automático,4,,Dianteira,1455 mm,1515 mm,1500 mm,,4770 mm,2715 mm,1781 mm,1370 kg,430 litros,65 litros,130 mm,Disco ventilado,Disco sólido,"2,2 m²","0,704 m²","0,32",Hidráulica,11 m,,"Indep., McPherson",Mola helicoidal,"Indep., multibraço",800 km,650 km,"12,3 km/l",10 km/l,,,,130 cv,"19,2 kgfm",,,,,,,,,,,,,,,,,,,,,,,,,,,,,,,,,,,,,,,,,
honda,Accord Wagon,accord-wagon,accord-wagon-lx-2-2-1994,accord-wagon-lx-2-2-1994,https://www.fichacompleta.com.br/carros/honda/accord-wagon-lx-2-2-1994,2026-06-14T17:25:40.467060,Honda Accord Wagon LX 2.2 1994,"12,5 s",185 km/h,Correia dentada,Injeção multiponto,Natural,2156 cm³,4 em linha,F22A,Único no cabeçote,95 mm,85 mm,Transversal,Dianteiro,"10,5 kg/cv","71,4 kg/kgfm","60,3 cv/litro",130 cv,"8,8:1",,,"8,9 kgfm/litro","19,2 kgfm",4,Conversor de torque,Automático,4,,Dianteira,1455 mm,1515 mm,1500 mm,,4770 mm,2715 mm,1781 mm,1370 kg,430 litros,65 litros,130 mm,Disco ventilado,Disco sólido,"2,2 m²","0,704 m²","0,32",Hidráulica,11 m,,"Indep., McPherson",Mola helicoidal,"Indep., multibraço",800 km,650 km,"12,3 km/l",10 km/l,,5300 rpm,4200 rpm,,,,,,,,,,,,,,,,,,,,,,,,,,,,,,,,,,,,,,,,,,,
honda,Accord Wagon,accord-wagon,accord-wagon-lx-2-2-1995,accord-wagon-lx-2-2-1995,https://www.fichacompleta.com.br/carros/honda/accord-wagon-lx-2-2-1995,2026-06-14T17:25:43.061460,Honda Accord Wagon LX 2.2 1995,"12,5 s",185 km/h,Correia dentada,Injeção multiponto,Natural,2156 cm³,4 em linha,F22A,Único no cabeçote,95 mm,85 mm,Transversal,Dianteiro,"10,5 kg/cv","71,4 kg/kgfm","60,3 cv/litro",,"8,8:1",5300 rpm,4200 rpm,"8,9 kgfm/litro",,4,Conversor de torque,Automático,4,,Dianteira,1455 mm,1515 mm,1500 mm,,4770 mm,2715 mm,1781 mm,1370 kg,430 litros,65 litros,130 mm,Disco ventilado,Disco sólido,"2,2 m²","0,704 m²","0,32",Hidráulica,11 m,,"Indep., McPherson",Mola helicoidal,"Indep., multibraço",800 km,650 km,"12,3 km/l",10 km/l,,,,130 cv,"19,2 kgfm",,,,,,,,,,,,,,,,,,,,,,,,,,,,,,,,,,,,,,,,,
honda,City,city,city-ex-1-5-2010,city-ex-1-5-2010,https://www.fichacompleta.com.br/carros/honda/city-ex-1-5-2010,2026-06-14T17:26:21.172825,Honda City EX 1.5 2010,"10,2 s",180 km/h,,Injeção multiponto,Natural,1496 cm³,4 em linha,L15A,"Único no cabeçote, corrente","89,4 mm",73 mm,Transversal,Dianteiro,"9,7 kg/cv","75,8 kg/kgfm","77,5 cv/litro",116 cv (A) 115 cv (G) a 6000 rpm,"10,4:1",,,"9,9 kgfm/litro","14,8 kgfm (A) 14,8 kgfm (G) a 4800 rpm",4,Embreagem monodisco a seco,Manual,,5,Dianteira,1480 mm,1490 mm,1475 mm,,4400 mm,2550 mm,1695 mm,1122 kg,506 litros,42 litros,102 mm,Disco ventilado,Disco sólido,,,,Elétrica,,"10,6 m","Independente, McPherson",Mola helicoidal,Eixo de torção,525 km,458 km,"12,5 km/l","10,9 km/l",,,,,,,,Admissão,,,,,,135/80 R15,6500 rpm,,,,,,,,,,,Mecânicos,365 km,319 km,"8,7 km/l","7,6 km/l",,,,,,,,,,,,,,,,
honda,City,city,city-ex-1-5-at-2010,city-ex-1-5-at-2010,https://www.fichacompleta.com.br/carros/honda/city-ex-1-5-at-2010,2026-06-14T17:26:25.256815,Honda City EX 1.5 AT 2010,"12,9 s",175 km/h,,Injeção multiponto,Natural,1496 cm³,4 em linha,L15A,"Único no cabeçote, corrente","89,4 mm",73 mm,Transversal,Dianteiro,"10,2 kg/cv","79,6 kg/kgfm","77,5 cv/litro",116 cv (A) 115 cv (G) a 6000 rpm,"10,4:1",,,"9,9 kgfm/litro","14,8 kgfm (A) 14,8 kgfm (G) a 4800 rpm",4,Conversor de torque,Automático,,5,Dianteira,1480 mm,1474 mm,1459 mm,,4400 mm,2550 mm,1695 mm,1178 kg,506 litros,42 litros,102 mm,Disco ventilado,Disco sólido,,,,Elétrica,,"10,6 m","Independente, McPherson",Mola helicoidal,Eixo de torção,588 km,470 km,14 km/l,"11,2 km/l",,,,,,,,Admissão,,,,,,135/80 R15,6500 rpm,,,,,,,,,,,Mecânicos,349 km,315 km,"8,3 km/l","7,5 km/l",,,,,,,,,,,,,,,,
honda,City,city,city-exl-1-5-2010,city-exl-1-5-2010,https://www.fichacompleta.com.br/carros/honda/city-exl-1-5-2010,2026-06-14T17:26:27.811687,Honda City EXL 1.5 2010,"10,2 s",180 km/h,,Injeção multiponto,Natural,1496 cm³,4 em linha,L15A,"Único no cabeçote, corrente","89,4 mm",73 mm,Transversal,Dianteiro,"9,7 kg/cv","75,8 kg/kgfm","77,5 cv/litro",116 cv (A) 115 cv (G) a 6000 rpm,"10,4:1",,,"9,9 kgfm/litro","14,8 kgfm (A) 14,8 kgfm (G) a 4800 rpm",4,Embreagem monodisco a seco,Manual,,5,Dianteira,1480 mm,1490 mm,1475 mm,,4400 mm,2550 mm,1695 mm,1122 kg,506 litros,42 litros,102 mm,Disco ventilado,Disco sólido,,,,Elétrica,,"10,6 m","Independente, McPherson",Mola helicoidal,Eixo de torção,525 km,458 km,"12,5 km/l","10,9 km/l",,,,,,,,Admissão,,,,,,135/80 R15,6500 rpm,,,,,,,,,,,Mecânicos,365 km,319 km,"8,7 km/l","7,6 km/l",,,,,,,,,,,,,,,,
honda,City,city,city-exl-1-5-at-2010,city-exl-1-5-at-2010,https://www.fichacompleta.com.br/carros/honda/city-exl-1-5-at-2010,2026-06-14T17:26:32.688976,Honda City EXL 1.5 AT 2010,"12,9 s",175 km/h,Corrente,Injeção multiponto,Natural,1496 cm³,4 em linha,L15A,Único no cabeçote,"89,4 mm",73 mm,Transversal,Dianteiro,"10,2 kg/cv","79,6 kg/kgfm","77,5 cv/litro",116 cv (A) 115 cv (G) a 6000 rpm,"10,4:1",6000 rpm,4800 rpm,"9,9 kgfm/litro","14,8 kgfm (A) 14,8 kgfm (G) a 4800 rpm",4,Conversor de torque,Automático,5,5,Dianteira,1480 mm,1474 mm,1459 mm,,4400 mm,2550 mm,1695 mm,1178 kg,506 litros,42 litros,102 mm,Disco ventilado,Disco sólido,,,,Elétrica,"10,6 m","10,6 m","Indep., McPherson",Mola helicoidal,Eixo de torção,588 km,470 km,14 km/l,"11,2 km/l",,,,,,,,Admissão,,,,,,135/80 R15,6500 rpm,,,,,,,,,,,Mecânicos,349 km,315 km,"8,3 km/l","7,5 km/l",116 cv,115 cv,"14,8 kgfm","14,8 kgfm",,,,,,,,,,,,
honda,City,city,city-lx-1-5-2010,city-lx-1-5-2010,https://www.fichacompleta.com.br/carros/honda/city-lx-1-5-2010,2026-06-14T17:26:36.872295,Honda City LX 1.5 2010,"10,2 s",180 km/h,Corrente,Injeção multiponto,Natural,1496 cm³,4 em linha,L15A,Único no cabeçote,"89,4 mm",73 mm,Transversal,Dianteiro,"9,7 kg/cv","75,8 kg/kgfm","77,5 cv/litro",116 cv (A) 115 cv (G) a 6000 rpm,"10,4:1",6000 rpm,4800 rpm,"9,9 kgfm/litro","14,8 kgfm (A) 14,8 kgfm (G) a 4800 rpm",4,Embreagem monodisco a seco,Manual,5,5,Dianteira,1480 mm,1490 mm,1475 mm,,4400 mm,2550 mm,1695 mm,1122 kg,506 litros,42 litros,114 mm,Disco ventilado,Tambor,,,,Elétrica,"10,6 m","10,6 m","Indep., McPherson",Mola helicoidal,Eixo de torção,525 km,458 km,"12,5 km/l","10,9 km/l",,,,,,,,Admissão,,,,,,135/80 R15,6500 rpm,,,,,,,,,,,Mecânicos,365 km,319 km,"8,7 km/l","7,6 km/l",116 cv,115 cv,"14,8 kgfm","14,8 kgfm",,,,,,,,,,,,
honda,City,city,city-lx-1-5-at-2010,city-lx-1-5-at-2010,https://www.fichacompleta.com.br/carros/honda/city-lx-1-5-at-2010,2026-06-14T17:26:39.849346,Honda City LX 1.5 AT 2010,"12,9 s",175 km/h,,Injeção multiponto,Natural,1496 cm³,4 em linha,L15A,"Único no cabeçote, corrente","89,4 mm",73 mm,Transversal,Dianteiro,"10,2 kg/cv","79,6 kg/kgfm","77,5 cv/litro",116 cv (A) 115 cv (G) a 6000 rpm,"10,4:1",,,"9,9 kgfm/litro","14,8 kgfm (A) 14,8 kgfm (G) a 4800 rpm",4,Conversor de torque,Automático,,5,Dianteira,1480 mm,1474 mm,1459 mm,,4400 mm,2550 mm,1695 mm,1178 kg,506 litros,42 litros,114 mm,Disco ventilado,Tambor,,,,Elétrica,,"10,6 m","Independente, McPherson",Mola helicoidal,Eixo de torção,588 km,470 km,14 km/l,"11,2 km/l",,,,,,,,Admissão,,,,,,135/80 R15,6500 rpm,,,,,,,,,,,Mecânicos,349 km,315 km,"8,3 km/l","7,5 km/l",,,,,,,,,,,,,,,,
honda,City,city,city-dx-1-5-2011,city-dx-1-5-2011,https://www.fichacompleta.com.br/carros/honda/city-dx-1-5-2011,2026-06-14T17:26:43.933446,Honda City DX 1.5 2011,"10,2 s",180 km/h,,Injeção multiponto,Natural,1496 cm³,4 em linha,L15A,"Único no cabeçote, corrente","89,4 mm",73 mm,Transversal,Dianteiro,"9,7 kg/cv","75,8 kg/kgfm","77,5 cv/litro",116 cv (A) 115 cv (G) a 6000 rpm,"10,4:1",,,"9,9 kgfm/litro","14,8 kgfm (A) 14,8 kgfm (G) a 4800 rpm",4,Embreagem monodisco a seco,Manual,,5,Dianteira,1480 mm,1490 mm,1475 mm,,4400 mm,2550 mm,1695 mm,1122 kg,506 litros,42 litros,114 mm,Disco ventilado,Tambor,,,,Elétrica,,"10,6 m","Independente, McPherson",Mola helicoidal,Eixo de torção,525 km,458 km,"12,5 km/l","10,9 km/l",,,,,,,,Admissão,,,,,,135/80 R15,6500 rpm,,,,,,,,,,,Mecânicos,365 km,319 km,"8,7 km/l","7,6 km/l",,,,,,,,,,,,,,,,
honda,City,city,city-dx-1-5-at-2011,city-dx-1-5-at-2011,https://www.fichacompleta.com.br/carros/honda/city-dx-1-5-at-2011,2026-06-14T17:26:46.892081,Honda City DX 1.5 AT 2011,"12,9 s",175 km/h,,Injeção multiponto,Natural,1496 cm³,4 em linha,L15A,"Único no cabeçote, corrente","89,4 mm",73 mm,Transversal,Dianteiro,"10,2 kg/cv","79,6 kg/kgfm","77,5 cv/litro",116 cv (A) 115 cv (G) a 6000 rpm,"10,4:1",,,"9,9 kgfm/litro","14,8 kgfm (A) 14,8 kgfm (G) a 4800 rpm",4,Conversor de torque,Automático,,5,Dianteira,1480 mm,1474 mm,1459 mm,,4400 mm,2550 mm,1695 mm,1178 kg,506 litros,42 litros,114 mm,Disco ventilado,Tambor,,,,Elétrica,,"10,6 m","Independente, McPherson",Mola helicoidal,Eixo de torção,588 km,470 km,14 km/l,"11,2 km/l",,,,,,,,Admissão,,,,,,135/80 R15,6500 rpm,,,,,,,,,,,Mecânicos,349 km,315 km,"8,3 km/l","7,5 km/l",,,,,,,,,,,,,,,,
honda,City,city,city-ex-1-5-2011,city-ex-1-5-2011,https://www.fichacompleta.com.br/carros/honda/city-ex-1-5-2011,2026-06-14T17:26:51.501145,Honda City EX 1.5 2011,"10,2 s",180 km/h,,Injeção multiponto,Natural,1496 cm³,4 em linha,L15A,"Único no cabeçote, corrente","89,4 mm",73 mm,Transversal,Dianteiro,"9,7 kg/cv","75,8 kg/kgfm","77,5 cv/litro",116 cv (A) 115 cv (G) a 6000 rpm,"10,4:1",,,"9,9 kgfm/litro","14,8 kgfm (A) 14,8 kgfm (G) a 4800 rpm",4,Embreagem monodisco a seco,Manual,,5,Dianteira,1480 mm,1490 mm,1475 mm,,4400 mm,2550 mm,1695 mm,1122 kg,506 litros,42 litros,102 mm,Disco ventilado,Disco sólido,,,,Elétrica,,"10,6 m","Independente, McPherson",Mola helicoidal,Eixo de torção,525 km,458 km,"12,5 km/l","10,9 km/l",,,,,,,,Admissão,,,,,,135/80 R15,6500 rpm,,,,,,,,,,,Mecânicos,365 km,319 km,"8,7 km/l","7,6 km/l",,,,,,,,,,,,,,,,
honda,City,city,city-ex-1-5-at-2011,city-ex-1-5-at-2011,https://www.fichacompleta.com.br/carros/honda/city-ex-1-5-at-2011,2026-06-14T17:26:55.253542,Honda City EX 1.5 AT 2011,"12,9 s",175 km/h,,Injeção multiponto,Natural,1496 cm³,4 em linha,L15A,"Único no cabeçote, corrente","89,4 mm",73 mm,Transversal,Dianteiro,"10,2 kg/cv","79,6 kg/kgfm","77,5 cv/litro",116 cv (A) 115 cv (G) a 6000 rpm,"10,4:1",,,"9,9 kgfm/litro","14,8 kgfm (A) 14,8 kgfm (G) a 4800 rpm",4,Conversor de torque,Automático,,5,Dianteira,1480 mm,1474 mm,1459 mm,,4400 mm,2550 mm,1695 mm,1178 kg,506 litros,42 litros,102 mm,Disco ventilado,Disco sólido,,,,Elétrica,,"10,6 m","Independente, McPherson",Mola helicoidal,Eixo de torção,588 km,470 km,14 km/l,"11,2 km/l",,,,,,,,Admissão,,,,,,135/80 R15,6500 rpm,,,,,,,,,,,Mecânicos,349 km,315 km,"8,3 km/l","7,5 km/l",,,,,,,,,,,,,,,,
honda,City,city,city-exl-1-5-2011,city-exl-1-5-2011,https://www.fichacompleta.com.br/carros/honda/city-exl-1-5-2011,2026-06-14T17:26:58.703651,Honda City EXL 1.5 2011,"10,2 s",180 km/h,,Injeção multiponto,Natural,1496 cm³,4 em linha,L15A,"Único no cabeçote, corrente","89,4 mm",73 mm,Transversal,Dianteiro,"9,7 kg/cv","75,8 kg/kgfm","77,5 cv/litro",116 cv (A) 115 cv (G) a 6000 rpm,"10,4:1",,,"9,9 kgfm/litro","14,8 kgfm (A) 14,8 kgfm (G) a 4800 rpm",4,Embreagem monodisco a seco,Manual,,5,Dianteira,1480 mm,1490 mm,1475 mm,,4400 mm,2550 mm,1695 mm,1122 kg,506 litros,42 litros,102 mm,Disco ventilado,Disco sólido,,,,Elétrica,,"10,6 m","Independente, McPherson",Mola helicoidal,Eixo de torção,525 km,458 km,"12,5 km/l","10,9 km/l",,,,,,,,Admissão,,,,,,135/80 R15,6500 rpm,,,,,,,,,,,Mecânicos,365 km,319 km,"8,7 km/l","7,6 km/l",,,,,,,,,,,,,,,,
honda,City,city,city-exl-1-5-at-2011,city-exl-1-5-at-2011,https://www.fichacompleta.com.br/carros/honda/city-exl-1-5-at-2011,2026-06-14T17:27:03.494046,Honda City EXL 1.5 AT 2011,"12,9 s",175 km/h,,Injeção multiponto,Natural,1496 cm³,4 em linha,L15A,"Único no cabeçote, corrente","89,4 mm",73 mm,Transversal,Dianteiro,"10,2 kg/cv","79,6 kg/kgfm","77,5 cv/litro",116 cv (A) 115 cv (G) a 6000 rpm,"10,4:1",,,"9,9 kgfm/litro","14,8 kgfm (A) 14,8 kgfm (G) a 4800 rpm",4,Conversor de torque,Automático,,5,Dianteira,1480 mm,1474 mm,1459 mm,,4400 mm,2550 mm,1695 mm,1178 kg,506 litros,42 litros,102 mm,Disco ventilado,Disco sólido,,,,Elétrica,,"10,6 m","Independente, McPherson",Mola helicoidal,Eixo de torção,588 km,470 km,14 km/l,"11,2 km/l",,,,,,,,Admissão,,,,,,135/80 R15,6500 rpm,,,,,,,,,,,Mecânicos,349 km,315 km,"8,3 km/l","7,5 km/l",,,,,,,,,,,,,,,,
honda,City,city,city-lx-1-5-2011,city-lx-1-5-2011,https://www.fichacompleta.com.br/carros/honda/city-lx-1-5-2011,2026-06-14T17:27:06.176463,Honda City LX 1.5 2011,"10,2 s",180 km/h,,Injeção multiponto,Natural,1496 cm³,4 em linha,L15A,"Único no cabeçote, corrente","89,4 mm",73 mm,Transversal,Dianteiro,"9,7 kg/cv","75,8 kg/kgfm","77,5 cv/litro",116 cv (A) 115 cv (G) a 6000 rpm,"10,4:1",,,"9,9 kgfm/litro","14,8 kgfm (A) 14,8 kgfm (G) a 4800 rpm",4,Embreagem monodisco a seco,Manual,,5,Dianteira,1480 mm,1490 mm,1475 mm,,4400 mm,2550 mm,1695 mm,1122 kg,506 litros,42 litros,114 mm,Disco ventilado,Tambor,,,,Elétrica,,"10,6 m","Independente, McPherson",Mola helicoidal,Eixo de torção,525 km,458 km,"12,5 km/l","10,9 km/l",,,,,,,,Admissão,,,,,,135/80 R15,6500 rpm,,,,,,,,,,,Mecânicos,365 km,319 km,"8,7 km/l","7,6 km/l",,,,,,,,,,,,,,,,
honda,City,city,city-lx-1-5-at-2011,city-lx-1-5-at-2011,https://www.fichacompleta.com.br/carros/honda/city-lx-1-5-at-2011,2026-06-14T17:27:09.789741,Honda City LX 1.5 AT 2011,"12,9 s",175 km/h,,Injeção multiponto,Natural,1496 cm³,4 em linha,L15A,"Único no cabeçote, corrente","89,4 mm",73 mm,Transversal,Dianteiro,"10,2 kg/cv","79,6 kg/kgfm","77,5 cv/litro",116 cv (A) 115 cv (G) a 6000 rpm,"10,4:1",,,"9,9 kgfm/litro","14,8 kgfm (A) 14,8 kgfm (G) a 4800 rpm",4,Conversor de torque,Automático,,5,Dianteira,1480 mm,1474 mm,1459 mm,,4400 mm,2550 mm,1695 mm,1178 kg,506 litros,42 litros,114 mm,Disco ventilado,Tambor,,,,Elétrica,,"10,6 m","Independente, McPherson",Mola helicoidal,Eixo de torção,588 km,470 km,14 km/l,"11,2 km/l",,,,,,,,Admissão,,,,,,135/80 R15,6500 rpm,,,,,,,,,,,Mecânicos,349 km,315 km,"8,3 km/l","7,5 km/l",,,,,,,,,,,,,,,,
honda,City,city,city-dx-1-5-2012,city-dx-1-5-2012,https://www.fichacompleta.com.br/carros/honda/city-dx-1-5-2012,2026-06-14T17:27:12.457872,Honda City DX 1.5 2012,"10,2 s",180 km/h,,Injeção multiponto,Natural,1496 cm³,4 em linha,L15A,"Único no cabeçote, corrente","89,4 mm",73 mm,Transversal,Dianteiro,"9,7 kg/cv","75,8 kg/kgfm","77,5 cv/litro",116 cv (A) 115 cv (G) a 6000 rpm,"10,4:1",,,"9,9 kgfm/litro","14,8 kgfm (A) 14,8 kgfm (G) a 4800 rpm",4,Embreagem monodisco a seco,Manual,,5,Dianteira,1480 mm,1490 mm,1475 mm,,4400 mm,2550 mm,1695 mm,1122 kg,506 litros,42 litros,114 mm,Disco ventilado,Tambor,,,,Elétrica,,"10,6 m","Independente, McPherson",Mola helicoidal,Eixo de torção,525 km,458 km,"12,5 km/l","10,9 km/l",,,,,,,,Admissão,,,,,,135/80 R15,6500 rpm,,,,,,,,,,,Mecânicos,365 km,319 km,"8,7 km/l","7,6 km/l",,,,,,,,,,,,,,,,
honda,City,city,city-dx-1-5-at-2012,city-dx-1-5-at-2012,https://www.fichacompleta.com.br/carros/honda/city-dx-1-5-at-2012,2026-06-14T17:27:17.088620,Honda City DX 1.5 AT 2012,"12,9 s",175 km/h,,Injeção multiponto,Natural,1496 cm³,4 em linha,L15A,"Único no cabeçote, corrente","89,4 mm",73 mm,Transversal,Dianteiro,"10,2 kg/cv","79,6 kg/kgfm","77,5 cv/litro",116 cv (A) 115 cv (G) a 6000 rpm,"10,4:1",,,"9,9 kgfm/litro","14,8 kgfm (A) 14,8 kgfm (G) a 4800 rpm",4,Conversor de torque,Automático,,5,Dianteira,1480 mm,1474 mm,1459 mm,,4400 mm,2550 mm,1695 mm,1178 kg,506 litros,42 litros,114 mm,Disco ventilado,Tambor,,,,Elétrica,,"10,6 m","Independente, McPherson",Mola helicoidal,Eixo de torção,588 km,470 km,14 km/l,"11,2 km/l",,,,,,,,Admissão,,,,,,135/80 R15,6500 rpm,,,,,,,,,,,Mecânicos,349 km,315 km,"8,3 km/l","7,5 km/l",,,,,,,,,,,,,,,,
honda,City,city,city-ex-1-5-2012,city-ex-1-5-2012,https://www.fichacompleta.com.br/carros/honda/city-ex-1-5-2012,2026-06-14T17:27:20.670700,Honda City EX 1.5 2012,"10,2 s",180 km/h,,Injeção multiponto,Natural,1496 cm³,4 em linha,L15A,"Único no cabeçote, corrente","89,4 mm",73 mm,Transversal,Dianteiro,"9,7 kg/cv","75,8 kg/kgfm","77,5 cv/litro",116 cv (A) 115 cv (G) a 6000 rpm,"10,4:1",,,"9,9 kgfm/litro","14,8 kgfm (A) 14,8 kgfm (G) a 4800 rpm",4,Embreagem monodisco a seco,Manual,,5,Dianteira,1480 mm,1490 mm,1475 mm,,4400 mm,2550 mm,1695 mm,1122 kg,506 litros,42 litros,102 mm,Disco ventilado,Disco sólido,,,,Elétrica,,"10,6 m","Independente, McPherson",Mola helicoidal,Eixo de torção,525 km,458 km,"12,5 km/l","10,9 km/l",,,,,,,,Admissão,,,,,,135/80 R15,6500 rpm,,,,,,,,,,,Mecânicos,365 km,319 km,"8,7 km/l","7,6 km/l",,,,,,,,,,,,,,,,
honda,City,city,city-ex-1-5-at-2012,city-ex-1-5-at-2012,https://www.fichacompleta.com.br/carros/honda/city-ex-1-5-at-2012,2026-06-14T17:27:24.433818,Honda City EX 1.5 AT 2012,"12,9 s",175 km/h,,Injeção multiponto,Natural,1496 cm³,4 em linha,L15A,"Único no cabeçote, corrente","89,4 mm",73 mm,Transversal,Dianteiro,"10,2 kg/cv","79,6 kg/kgfm","77,5 cv/litro",116 cv (A) 115 cv (G) a 6000 rpm,"10,4:1",,,"9,9 kgfm/litro","14,8 kgfm (A) 14,8 kgfm (G) a 4800 rpm",4,Conversor de torque,Automático,,5,Dianteira,1480 mm,1474 mm,1459 mm,,4400 mm,2550 mm,1695 mm,1178 kg,506 litros,42 litros,102 mm,Disco ventilado,Disco sólido,,,,Elétrica,,"10,6 m","Independente, McPherson",Mola helicoidal,Eixo de torção,588 km,470 km,14 km/l,"11,2 km/l",,,,,,,,Admissão,,,,,,135/80 R15,6500 rpm,,,,,,,,,,,Mecânicos,349 km,315 km,"8,3 km/l","7,5 km/l",,,,,,,,,,,,,,,,
honda,City,city,city-exl-1-5-at-2012,city-exl-1-5-at-2012,https://www.fichacompleta.com.br/carros/honda/city-exl-1-5-at-2012,2026-06-14T17:27:27.945173,Honda City EXL 1.5 AT 2012,"12,9 s",175 km/h,,Injeção multiponto,Natural,1496 cm³,4 em linha,L15A,"Único no cabeçote, corrente","89,4 mm",73 mm,Transversal,Dianteiro,"10,2 kg/cv","79,6 kg/kgfm","77,5 cv/litro",116 cv (A) 115 cv (G) a 6000 rpm,"10,4:1",,,"9,9 kgfm/litro","14,8 kgfm (A) 14,8 kgfm (G) a 4800 rpm",4,Conversor de torque,Automático,,5,Dianteira,1480 mm,1474 mm,1459 mm,,4400 mm,2550 mm,1695 mm,1178 kg,506 litros,42 litros,102 mm,Disco ventilado,Disco sólido,,,,Elétrica,,"10,6 m","Independente, McPherson",Mola helicoidal,Eixo de torção,588 km,470 km,14 km/l,"11,2 km/l",,,,,,,,Admissão,,,,,,135/80 R15,6500 rpm,,,,,,,,,,,Mecânicos,349 km,315 km,"8,3 km/l","7,5 km/l",,,,,,,,,,,,,,,,
honda,City,city,city-lx-1-5-2012,city-lx-1-5-2012,https://www.fichacompleta.com.br/carros/honda/city-lx-1-5-2012,2026-06-14T17:27:32.304384,Honda City LX 1.5 2012,"10,2 s",180 km/h,,Injeção multiponto,Natural,1496 cm³,4 em linha,L15A,"Único no cabeçote, corrente","89,4 mm",73 mm,Transversal,Dianteiro,"9,7 kg/cv","75,8 kg/kgfm","77,5 cv/litro",116 cv (A) 115 cv (G) a 6000 rpm,"10,4:1",,,"9,9 kgfm/litro","14,8 kgfm (A) 14,8 kgfm (G) a 4800 rpm",4,Embreagem monodisco a seco,Manual,,5,Dianteira,1480 mm,1490 mm,1475 mm,,4400 mm,2550 mm,1695 mm,1122 kg,506 litros,42 litros,114 mm,Disco ventilado,Tambor,,,,Elétrica,,"10,6 m","Independente, McPherson",Mola helicoidal,Eixo de torção,525 km,458 km,"12,5 km/l","10,9 km/l",,,,,,,,Admissão,,,,,,135/80 R15,6500 rpm,,,,,,,,,,,Mecânicos,365 km,319 km,"8,7 km/l","7,6 km/l",,,,,,,,,,,,,,,,
honda,City,city,city-lx-1-5-at-2012,city-lx-1-5-at-2012,https://www.fichacompleta.com.br/carros/honda/city-lx-1-5-at-2012,2026-06-14T17:27:37.124233,Honda City LX 1.5 AT 2012,"12,9 s",175 km/h,,Injeção multiponto,Natural,1496 cm³,4 em linha,L15A,"Único no cabeçote, corrente","89,4 mm",73 mm,Transversal,Dianteiro,"10,2 kg/cv","79,6 kg/kgfm","77,5 cv/litro",116 cv (A) 115 cv (G) a 6000 rpm,"10,4:1",,,"9,9 kgfm/litro","14,8 kgfm (A) 14,8 kgfm (G) a 4800 rpm",4,Conversor de torque,Automático,,5,Dianteira,1480 mm,1474 mm,1459 mm,,4400 mm,2550 mm,1695 mm,1178 kg,506 litros,42 litros,114 mm,Disco ventilado,Tambor,,,,Elétrica,,"10,6 m","Independente, McPherson",Mola helicoidal,Eixo de torção,588 km,470 km,14 km/l,"11,2 km/l",,,,,,,,Admissão,,,,,,135/80 R15,6500 rpm,,,,,,,,,,,Mecânicos,349 km,315 km,"8,3 km/l","7,5 km/l",,,,,,,,,,,,,,,,
honda,City,city,city-dx-1-5-2013,city-dx-1-5-2013,https://www.fichacompleta.com.br/carros/honda/city-dx-1-5-2013,2026-06-14T17:27:41.373784,Honda City DX 1.5 2013,"10,2 s",180 km/h,,Injeção multiponto,Natural,1497 cm³,4 em linha,L15A,"Único no cabeçote, corrente","89,4 mm",73 mm,Transversal,Dianteiro,"9,7 kg/cv","75,8 kg/kgfm","77,5 cv/litro",116 cv (A) 115 cv (G) a 6000 rpm,"10,4:1",,,"9,9 kgfm/litro","14,8 kgfm (A) 14,8 kgfm (G) a 4800 rpm",4,Embreagem monodisco a seco,Manual,,5,Dianteira,1480 mm,1474 mm,1459 mm,,4400 mm,2550 mm,1695 mm,1122 kg,506 litros,47 litros,114 mm,Disco ventilado,Tambor,,,,Elétrica,,"10,6 m","Independente, McPherson",Mola helicoidal,Eixo de torção,588 km,512 km,"12,5 km/l","10,9 km/l",,,,,,,,Admissão,,,,,,135/80 R15,6500 rpm,,,,,,,,,,,Mecânicos,409 km,357 km,"8,7 km/l","7,6 km/l",,,,,,,,,,,,,,,,
honda,City,city,city-ex-1-5-2013,city-ex-1-5-2013,https://www.fichacompleta.com.br/carros/honda/city-ex-1-5-2013,2026-06-14T17:27:46.189502,Honda City EX 1.5 2013,"10,2 s",180 km/h,Corrente,Injeção multiponto,Natural,1496 cm³,4 em linha,L15A,Único no cabeçote,"89,4 mm",73 mm,Transversal,Dianteiro,"9,7 kg/cv","75,8 kg/kgfm","77,5 cv/litro",,"10,4:1",,,"9,9 kgfm/litro",,4,Embreagem monodisco a seco,Manual,5,,Dianteira,1480 mm,1490 mm,1475 mm,,4400 mm,2550 mm,1695 mm,1122 kg,506 litros,47 litros,102 mm,Disco ventilado,Disco sólido,,,,Elétrica,"10,6 m",,"Indep., McPherson",Mola helicoidal,Eixo de torção,588 km,512 km,"12,5 km/l","10,9 km/l",,6000 rpm,4800 rpm,,,,,Admissão,,,,,,135/80 R15,6500 rpm,,,,,,,,,,,Mecânicos,409 km,357 km,"8,7 km/l","7,6 km/l",116 cv,115 cv,"14,8 kgfm","14,8 kgfm",,,,,,,,,,,,
honda,City,city,city-ex-1-5-at-2013,city-ex-1-5-at-2013,https://www.fichacompleta.com.br/carros/honda/city-ex-1-5-at-2013,2026-06-14T17:27:50.801188,Honda City EX 1.5 AT 2013,"12,9 s",175 km/h,,Injeção multiponto,Natural,1497 cm³,4 em linha,L15A,"Único no cabeçote, corrente","89,4 mm",73 mm,Transversal,Dianteiro,"10,2 kg/cv","79,6 kg/kgfm","77,5 cv/litro",116 cv (A) 115 cv (G) a 6000 rpm,"10,4:1",,,"9,9 kgfm/litro","14,8 kgfm (A) 14,8 kgfm (G) a 4800 rpm",4,Conversor de torque,Automático,,5,Dianteira,1480 mm,1474 mm,1459 mm,,4400 mm,2550 mm,1695 mm,1178 kg,506 litros,47 litros,102 mm,Disco ventilado,Disco sólido,,,,Elétrica,,"10,6 m","Independente, McPherson",Mola helicoidal,Eixo de torção,658 km,526 km,14 km/l,"11,2 km/l",,,,,,,,Admissão,,,,,,135/80 R15,6500 rpm,,,,,,,,,,,Mecânicos,390 km,353 km,"8,3 km/l","7,5 km/l",,,,,,,,,,,,,,,,
honda,City,city,city-lx-1-5-2013,city-lx-1-5-2013,https://www.fichacompleta.com.br/carros/honda/city-lx-1-5-2013,2026-06-14T17:27:54.182662,Honda City LX 1.5 2013,"10,2 s",180 km/h,,Injeção multiponto,Natural,1497 cm³,4 em linha,L15A,"Único no cabeçote, corrente","89,4 mm",73 mm,Transversal,Dianteiro,"9,8 kg/cv","76,8 kg/kgfm","77,5 cv/litro",116 cv (A) 115 cv (G) a 6000 rpm,"10,4:1",,,"9,9 kgfm/litro","14,8 kgfm (A) 14,8 kgfm (G) a 4800 rpm",4,Embreagem monodisco a seco,Manual,,5,Dianteira,1480 mm,1474 mm,1459 mm,,4400 mm,2550 mm,1695 mm,1137 kg,506 litros,47 litros,114 mm,Disco ventilado,Tambor,,,,Elétrica,,"10,6 m","Independente, McPherson",Mola helicoidal,Eixo de torção,588 km,512 km,"12,5 km/l","10,9 km/l",,,,,,,,Admissão,,,,,,135/80 R15,6500 rpm,,,,,,,,,,,Mecânicos,409 km,357 km,"8,7 km/l","7,6 km/l",,,,,,,,,,,,,,,,
honda,City,city,city-lx-1-5-at-2013,city-lx-1-5-at-2013,https://www.fichacompleta.com.br/carros/honda/city-lx-1-5-at-2013,2026-06-14T17:27:56.896707,Honda City LX 1.5 AT 2013,"12,9 s",175 km/h,Corrente,Injeção multiponto,Natural,1497 cm³,4 em linha,L15A,Único no cabeçote,"89,4 mm",73 mm,Transversal,Dianteiro,"10,1 kg/cv","79,4 kg/kgfm","77,5 cv/litro",116 cv (A) 115 cv (G) a 6000 rpm,"10,4:1",6000 rpm,4800 rpm,"9,9 kgfm/litro","14,8 kgfm (A) 14,8 kgfm (G) a 4800 rpm",4,Conversor de torque,Automático,5,5,Dianteira,1480 mm,1474 mm,1459 mm,,4400 mm,2550 mm,1695 mm,1175 kg,506 litros,47 litros,114 mm,Disco ventilado,Tambor,,,,Elétrica,"10,6 m","10,6 m","Indep., McPherson",Mola helicoidal,Eixo de torção,658 km,526 km,14 km/l,"11,2 km/l",,,,,,,,Admissão,,,,,,135/80 R15,6500 rpm,,,,,,,,,,,Mecânicos,390 km,353 km,"8,3 km/l","7,5 km/l",116 cv,115 cv,"14,8 kgfm","14,8 kgfm",,,,,,,,,,,,
honda,City,city,city-dx-1-5-2014,city-dx-1-5-2014,https://www.fichacompleta.com.br/carros/honda/city-dx-1-5-2014,2026-06-14T17:28:00.074711,Honda City DX 1.5 2014,"10,2 s",180 km/h,,Injeção multiponto,Natural,1497 cm³,4 em linha,L15A,"Único no cabeçote, corrente","89,4 mm",73 mm,Transversal,Dianteiro,"9,7 kg/cv","75,8 kg/kgfm","77,5 cv/litro",116 cv (A) 115 cv (G) a 6000 rpm,"10,4:1",,,"9,9 kgfm/litro","14,8 kgfm (A) 14,8 kgfm (G) a 4800 rpm",4,Embreagem monodisco a seco,Manual,,5,Dianteira,1480 mm,1474 mm,1459 mm,,4400 mm,2550 mm,1695 mm,1122 kg,506 litros,47 litros,114 mm,Disco ventilado,Tambor,,,,Elétrica,,"10,6 m","Independente, McPherson",Mola helicoidal,Eixo de torção,588 km,512 km,"12,5 km/l","10,9 km/l",,,,,,,,Admissão,,,,,,135/80 R15,6500 rpm,,,,,,,,,,,Mecânicos,409 km,357 km,"8,7 km/l","7,6 km/l",,,,,,,,,,,,,,,,
honda,City,city,city-ex-1-5-at-2014,city-ex-1-5-at-2014,https://www.fichacompleta.com.br/carros/honda/city-ex-1-5-at-2014,2026-06-14T17:28:03.246195,Honda City EX 1.5 AT 2014,"12,9 s",175 km/h,,Injeção multiponto,Natural,1497 cm³,4 em linha,L15A,"Único no cabeçote, corrente","89,4 mm",73 mm,Transversal,Dianteiro,"10,2 kg/cv","79,6 kg/kgfm","77,5 cv/litro",116 cv (A) 115 cv (G) a 6000 rpm,"10,4:1",,,"9,9 kgfm/litro","14,8 kgfm (A) 14,8 kgfm (G) a 4800 rpm",4,Conversor de torque,Automático,,5,Dianteira,1480 mm,1474 mm,1459 mm,,4400 mm,2550 mm,1695 mm,1178 kg,506 litros,47 litros,102 mm,Disco ventilado,Disco sólido,,,,Elétrica,,"10,6 m","Independente, McPherson",Mola helicoidal,Eixo de torção,658 km,526 km,14 km/l,"11,2 km/l",,,,,,,,Admissão,,,,,,135/80 R15,6500 rpm,,,,,,,,,,,Mecânicos,390 km,353 km,"8,3 km/l","7,5 km/l",,,,,,,,,,,,,,,,
honda,City,city,city-lx-1-5-at-2014,city-lx-1-5-at-2014,https://www.fichacompleta.com.br/carros/honda/city-lx-1-5-at-2014,2026-06-14T17:28:06.072312,Honda City LX 1.5 AT 2014,"12,9 s",175 km/h,,Injeção multiponto,Natural,1497 cm³,4 em linha,L15A,"Único no cabeçote, corrente","89,4 mm",73 mm,Transversal,Dianteiro,"10,1 kg/cv","79,4 kg/kgfm","77,5 cv/litro",116 cv (A) 115 cv (G) a 6000 rpm,"10,4:1",,,"9,9 kgfm/litro","14,8 kgfm (A) 14,8 kgfm (G) a 4800 rpm",4,Conversor de torque,Automático,,5,Dianteira,1480 mm,1474 mm,1459 mm,,4400 mm,2550 mm,1695 mm,1175 kg,506 litros,47 litros,114 mm,Disco ventilado,Tambor,,,,Elétrica,,"10,6 m","Independente, McPherson",Mola helicoidal,Eixo de torção,658 km,526 km,14 km/l,"11,2 km/l",,,,,,,,Admissão,,,,,,135/80 R15,6500 rpm,,,,,,,,,,,Mecânicos,390 km,353 km,"8,3 km/l","7,5 km/l",,,,,,,,,,,,,,,,
honda,City,city,city-sport-1-5-2014,city-sport-1-5-2014,https://www.fichacompleta.com.br/carros/honda/city-sport-1-5-2014,2026-06-14T17:28:08.585398,Honda City Sport 1.5 2014,"10,2 s",180 km/h,Corrente,Injeção multiponto,Natural,1497 cm³,4 em linha,L15A,Único no cabeçote,"89,4 mm",73 mm,Transversal,Dianteiro,"9,8 kg/cv","76,9 kg/kgfm","77,5 cv/litro",116 cv (A) 115 cv (G) a 6000 rpm,"10,4:1",6000 rpm,4800 rpm,"9,9 kgfm/litro","14,8 kgfm (A) 14,8 kgfm (G) a 4800 rpm",4,Embreagem monodisco a seco,Manual,5,5,Dianteira,1480 mm,1474 mm,1459 mm,371 kg,4400 mm,2550 mm,1695 mm,1138 kg,506 litros,47 litros,102 mm,Disco ventilado,Disco sólido,,,,Elétrica,"10,6 m","10,6 m","Indep., McPherson",Mola helicoidal,Eixo de torção,588 km,512 km,"12,5 km/l","10,9 km/l",,,,,,,,Admissão,,,,,,135/80 R15,6500 rpm,,,,,,,,,,,Mecânicos,409 km,357 km,"8,7 km/l","7,6 km/l",116 cv,115 cv,"14,8 kgfm","14,8 kgfm",,,,,,,,,,,,
honda,City,city,city-dx-1-5-2015,city-dx-1-5-2015,https://www.fichacompleta.com.br/carros/honda/city-dx-1-5-2015,2026-06-14T17:28:12.832098,Honda City DX 1.5 2015,"10,2 s",180 km/h,Corrente,Injeção multiponto,Natural,1497 cm³,4 em linha,L15A,Único no cabeçote,"89,4 mm",73 mm,Transversal,Dianteiro,"9,3 kg/cv","70,3 kg/kgfm","77,5 cv/litro",116 cv (A) 115 cv (G) a 6000 rpm,"11,4:1",6000 rpm,4800 rpm,"10,2 kgfm/litro","15,3 kgfm (A) 15,2 kgfm (G) a 4800 rpm",4,Embreagem monodisco a seco,Manual,5,5,Dianteira,1485 mm,1476 mm,1466 mm,350 kg,4455 mm,2600 mm,1695 mm,1076 kg,536 litros,46 litros,111 mm,Disco ventilado,Tambor,,,,Elétrica,"10,6 m","10,6 m","Indep., McPherson",Mola helicoidal,Eixo de torção,672 km,570 km,"14,6 km/l","12,4 km/l",,,,,,,,Admissão,,,,,,135/80 R15,6500 rpm,,,,,,,,,,,Mecânicos,474 km,396 km,"10,3 km/l","8,6 km/l",116 cv,115 cv,"15,3 kgfm","15,2 kgfm",,,,,,,,,,,,
honda,City,city,city-ex-1-5-at-2015,city-ex-1-5-at-2015,https://www.fichacompleta.com.br/carros/honda/city-ex-1-5-at-2015,2026-06-14T17:28:16.103562,Honda City EX 1.5 AT 2015,"11,3 s",175 km/h,Corrente,Injeção multiponto,Natural,1497 cm³,4 em linha,L15A,Único no cabeçote,"89,4 mm",73 mm,Transversal,Dianteiro,"9,7 kg/cv","73,6 kg/kgfm","77,5 cv/litro",116 cv (A) 115 cv (G) a 6000 rpm,"11,4:1",6000 rpm,4800 rpm,"10,2 kgfm/litro","15,3 kgfm (A) 15,2 kgfm (G) a 4800 rpm",4,Conversor de torque,CVT,7,7,Dianteira,1485 mm,1476 mm,1466 mm,394 kg,4455 mm,2600 mm,1695 mm,1126 kg,536 litros,46 litros,102 mm,Disco ventilado,Tambor,,,,Elétrica,"10,6 m","10,6 m","Indep., McPherson",Mola helicoidal,Eixo de torção,667 km,566 km,"14,5 km/l","12,3 km/l",,,,,,,,Admissão,,,,,,135/80 R15,6500 rpm,,,,,,,,,,,Mecânicos,474 km,391 km,"10,3 km/l","8,5 km/l",116 cv,115 cv,"15,3 kgfm","15,2 kgfm",,,,,,,,,,,,
honda,City,city,city-exl-1-5-at-2015,city-exl-1-5-at-2015,https://www.fichacompleta.com.br/carros/honda/city-exl-1-5-at-2015,2026-06-14T17:28:18.598340,Honda City EXL 1.5 AT 2015,"11,3 s",175 km/h,Corrente,Injeção multiponto,Natural,1497 cm³,4 em linha,L15A,Único no cabeçote,"89,4 mm",73 mm,Transversal,Dianteiro,"9,8 kg/cv","74,3 kg/kgfm","77,5 cv/litro",116 cv (A) 115 cv (G) a 6000 rpm,"11,4:1",6000 rpm,4800 rpm,"10,2 kgfm/litro","15,3 kgfm (A) 15,2 kgfm (G) a 4800 rpm",4,Conversor de torque,CVT,7,7,Dianteira,1485 mm,1476 mm,1466 mm,383 kg,4455 mm,2600 mm,1695 mm,1137 kg,536 litros,46 litros,102 mm,Disco ventilado,Tambor,,,,Elétrica,"10,6 m","10,6 m","Indep., McPherson",Mola helicoidal,Eixo de torção,667 km,566 km,"14,5 km/l","12,3 km/l",,,,,,,,Admissão,,,,,,135/80 R15,6500 rpm,,,,,,,,,,,Mecânicos,474 km,391 km,"10,3 km/l","8,5 km/l",116 cv,115 cv,"15,3 kgfm","15,2 kgfm",,,,,,,,,,,,
honda,City,city,city-lx-1-5-at-2015,city-lx-1-5-at-2015,https://www.fichacompleta.com.br/carros/honda/city-lx-1-5-at-2015,2026-06-14T17:28:23.197717,Honda City LX 1.5 AT 2015,"11,3 s",175 km/h,Corrente,Injeção multiponto,Natural,1497 cm³,4 em linha,L15A,Único no cabeçote,"89,4 mm",73 mm,Transversal,Dianteiro,"9,7 kg/cv","73,4 kg/kgfm","77,5 cv/litro",116 cv (A) 115 cv (G) a 6000 rpm,"11,4:1",6000 rpm,4800 rpm,"10,2 kgfm/litro","15,3 kgfm (A) 15,2 kgfm (G) a 4800 rpm",4,Conversor de torque,CVT,,,Dianteira,1485 mm,1476 mm,1466 mm,397 kg,4455 mm,2600 mm,1695 mm,1123 kg,536 litros,46 litros,102 mm,Disco ventilado,Tambor,,,,Elétrica,"10,6 m","10,6 m","Indep., McPherson",Mola helicoidal,Eixo de torção,667 km,566 km,"14,5 km/l","12,3 km/l",,,,,,,,Admissão,,,,,,135/80 R15,6500 rpm,,,,,,,,,,,Mecânicos,474 km,391 km,"10,3 km/l","8,5 km/l",116 cv,115 cv,"15,3 kgfm","15,2 kgfm",,,,,,,,,,,,
honda,City,city,city-dx-1-5-2016,city-dx-1-5-2016,https://www.fichacompleta.com.br/carros/honda/city-dx-1-5-2016,2026-06-14T17:28:26.325926,Honda City DX 1.5 2016,"10,2 s",180 km/h,,Injeção multiponto,Natural,1497 cm³,4 em linha,L15A,"Único no cabeçote, corrente","89,4 mm",73 mm,Transversal,Dianteiro,"9,3 kg/cv","70,3 kg/kgfm","77,5 cv/litro",116 cv (A) 115 cv (G) a 6000 rpm,"11,4:1",,,"10,2 kgfm/litro","15,3 kgfm (A) 15,2 kgfm (G) a 4800 rpm",4,Embreagem monodisco a seco,Manual,,5,Dianteira,1485 mm,1476 mm,1466 mm,350 kg,4455 mm,2600 mm,1695 mm,1076 kg,536 litros,46 litros,111 mm,Disco ventilado,Tambor,,,,Elétrica,,"10,6 m","Independente, McPherson",Mola helicoidal,Eixo de torção,672 km,570 km,"14,6 km/l","12,4 km/l",,,,,,,,Admissão,,,,,,135/80 R15,6500 rpm,,,,,,,,,,,Mecânicos,474 km,396 km,"10,3 km/l","8,6 km/l",,,,,,,,,,,,,,,,
honda,City,city,city-dx-1-5-at-2016,city-dx-1-5-at-2016,https://www.fichacompleta.com.br/carros/honda/city-dx-1-5-at-2016,2026-06-14T17:28:29.882374,Honda City DX 1.5 AT 2016,"11,3 s",175 km/h,,Injeção multiponto,Natural,1497 cm³,4 em linha,L15A,"Único no cabeçote, corrente","89,4 mm",73 mm,Transversal,Dianteiro,"9,7 kg/cv","73,4 kg/kgfm","77,5 cv/litro",116 cv (A) 115 cv (G) a 6000 rpm,"11,4:1",,,"10,2 kgfm/litro","15,3 kgfm (A) 15,2 kgfm (G) a 4800 rpm",4,Conversor de torque,CVT,,0,Dianteira,1485 mm,1476 mm,1466 mm,397 kg,4455 mm,2600 mm,1695 mm,1123 kg,536 litros,46 litros,111 mm,Disco ventilado,Tambor,,,,Elétrica,,"10,6 m","Independente, McPherson",Mola helicoidal,Eixo de torção,667 km,566 km,"14,5 km/l","12,3 km/l",,,,,,,,Admissão,,,,,,135/80 R15,6500 rpm,,,,,,,,,,,Mecânicos,474 km,391 km,"10,3 km/l","8,5 km/l",,,,,,,,,,,,,,,,
honda,City,city,city-ex-1-5-at-2016,city-ex-1-5-at-2016,https://www.fichacompleta.com.br/carros/honda/city-ex-1-5-at-2016,2026-06-14T17:28:32.973407,Honda City EX 1.5 AT 2016,"11,3 s",175 km/h,,Injeção multiponto,Natural,1497 cm³,4 em linha,L15A,"Único no cabeçote, corrente","89,4 mm",73 mm,Transversal,Dianteiro,"9,7 kg/cv","73,6 kg/kgfm","77,5 cv/litro",116 cv (A) 115 cv (G) a 6000 rpm,"11,4:1",,,"10,2 kgfm/litro","15,3 kgfm (A) 15,2 kgfm (G) a 4800 rpm",4,Conversor de torque,CVT,,7,Dianteira,1485 mm,1476 mm,1466 mm,394 kg,4455 mm,2600 mm,1695 mm,1126 kg,536 litros,46 litros,102 mm,Disco ventilado,Tambor,,,,Elétrica,,"10,6 m","Independente, McPherson",Mola helicoidal,Eixo de torção,667 km,566 km,"14,5 km/l","12,3 km/l",,,,,,,,Admissão,,,,,,135/80 R15,6500 rpm,,,,,,,,,,,Mecânicos,474 km,391 km,"10,3 km/l","8,5 km/l",,,,,,,,,,,,,,,,
honda,City,city,city-exl-1-5-at-2016,city-exl-1-5-at-2016,https://www.fichacompleta.com.br/carros/honda/city-exl-1-5-at-2016,2026-06-14T17:28:36.849756,Honda City EXL 1.5 AT 2016,"11,3 s",175 km/h,,Injeção multiponto,Natural,1497 cm³,4 em linha,L15A,"Único no cabeçote, corrente","89,4 mm",73 mm,Transversal,Dianteiro,"9,8 kg/cv","74,3 kg/kgfm","77,5 cv/litro",116 cv (A) 115 cv (G) a 6000 rpm,"11,4:1",,,"10,2 kgfm/litro","15,3 kgfm (A) 15,2 kgfm (G) a 4800 rpm",4,Conversor de torque,CVT,,7,Dianteira,1485 mm,1476 mm,1466 mm,383 kg,4455 mm,2600 mm,1695 mm,1137 kg,536 litros,46 litros,102 mm,Disco ventilado,Tambor,,,,Elétrica,,"10,6 m","Independente, McPherson",Mola helicoidal,Eixo de torção,667 km,566 km,"14,5 km/l","12,3 km/l",,,,,,,,Admissão,,,,,,135/80 R15,6500 rpm,,,,,,,,,,,Mecânicos,474 km,391 km,"10,3 km/l","8,5 km/l",,,,,,,,,,,,,,,,
honda,City,city,city-lx-1-5-at-2016,city-lx-1-5-at-2016,https://www.fichacompleta.com.br/carros/honda/city-lx-1-5-at-2016,2026-06-14T17:28:40.526186,Honda City LX 1.5 AT 2016,"11,3 s",175 km/h,,Injeção multiponto,Natural,1497 cm³,4 em linha,L15A,"Único no cabeçote, corrente","89,4 mm",73 mm,Transversal,Dianteiro,"9,7 kg/cv","73,4 kg/kgfm","77,5 cv/litro",116 cv (A) 115 cv (G) a 6000 rpm,"11,4:1",,,"10,2 kgfm/litro","15,3 kgfm (A) 15,2 kgfm (G) a 4800 rpm",4,Conversor de torque,CVT,,0,Dianteira,1485 mm,1476 mm,1466 mm,397 kg,4455 mm,2600 mm,1695 mm,1123 kg,536 litros,46 litros,102 mm,Disco ventilado,Tambor,,,,Elétrica,,"10,6 m","Independente, McPherson",Mola helicoidal,Eixo de torção,667 km,566 km,"14,5 km/l","12,3 km/l",,,,,,,,Admissão,,,,,,135/80 R15,6500 rpm,,,,,,,,,,,Mecânicos,474 km,391 km,"10,3 km/l","8,5 km/l",,,,,,,,,,,,,,,,
honda,City,city,city-dx-1-5-2017,city-dx-1-5-2017,https://www.fichacompleta.com.br/carros/honda/city-dx-1-5-2017,2026-06-14T17:28:45.052659,Honda City DX 1.5 2017,"10,2 s",180 km/h,,Injeção multiponto,Natural,1497 cm³,4 em linha,L15A,"Único no cabeçote, corrente","89,4 mm",73 mm,Transversal,Dianteiro,"9,3 kg/cv","70,3 kg/kgfm","77,5 cv/litro",116 cv (A) 115 cv (G) a 6000 rpm,"11,4:1",,,"10,2 kgfm/litro","15,3 kgfm (A) 15,2 kgfm (G) a 4800 rpm",4,Embreagem monodisco a seco,Manual,,5,Dianteira,1485 mm,1476 mm,1466 mm,350 kg,4455 mm,2600 mm,1695 mm,1076 kg,536 litros,46 litros,111 mm,Disco ventilado,Tambor,,,,Elétrica,,"10,6 m","Independente, McPherson",Mola helicoidal,Eixo de torção,672 km,570 km,"14,6 km/l","12,4 km/l",,,,,,,,Admissão,,,,,,135/80 R15,6500 rpm,,,,,,,,,,,Mecânicos,474 km,396 km,"10,3 km/l","8,6 km/l",,,,,,,,,,,,,,,,
honda,City,city,city-dx-1-5-at-2017,city-dx-1-5-at-2017,https://www.fichacompleta.com.br/carros/honda/city-dx-1-5-at-2017,2026-06-14T17:28:47.548518,Honda City DX 1.5 AT 2017,"11,3 s",175 km/h,,Injeção multiponto,Natural,1497 cm³,4 em linha,L15A,"Único no cabeçote, corrente","89,4 mm",73 mm,Transversal,Dianteiro,"9,7 kg/cv","73,4 kg/kgfm","77,5 cv/litro",116 cv (A) 115 cv (G) a 6000 rpm,"11,4:1",,,"10,2 kgfm/litro","15,3 kgfm (A) 15,2 kgfm (G) a 4800 rpm",4,Conversor de torque,CVT,,0,Dianteira,1485 mm,1476 mm,1466 mm,397 kg,4455 mm,2600 mm,1695 mm,1123 kg,536 litros,46 litros,111 mm,Disco ventilado,Tambor,,,,Elétrica,,"10,6 m","Independente, McPherson",Mola helicoidal,Eixo de torção,667 km,566 km,"14,5 km/l","12,3 km/l",,,,,,,,Admissão,,,,,,135/80 R15,6500 rpm,,,,,,,,,,,Mecânicos,474 km,391 km,"10,3 km/l","8,5 km/l",,,,,,,,,,,,,,,,
honda,City,city,city-ex-1-5-at-2017,city-ex-1-5-at-2017,https://www.fichacompleta.com.br/carros/honda/city-ex-1-5-at-2017,2026-06-14T17:28:50.470843,Honda City EX 1.5 AT 2017,"11,3 s",175 km/h,,Injeção multiponto,Natural,1497 cm³,4 em linha,L15A,"Único no cabeçote, corrente","89,4 mm",73 mm,Transversal,Dianteiro,"9,7 kg/cv","73,6 kg/kgfm","77,5 cv/litro",116 cv (A) 115 cv (G) a 6000 rpm,"11,4:1",,,"10,2 kgfm/litro","15,3 kgfm (A) 15,2 kgfm (G) a 4800 rpm",4,Conversor de torque,CVT,,7,Dianteira,1485 mm,1476 mm,1466 mm,394 kg,4455 mm,2600 mm,1695 mm,1126 kg,536 litros,46 litros,102 mm,Disco ventilado,Tambor,,,,Elétrica,,"10,6 m","Independente, McPherson",Mola helicoidal,Eixo de torção,667 km,566 km,"14,5 km/l","12,3 km/l",,,,,,,,Admissão,,,,,,135/80 R15,6500 rpm,,,,,,,,,,,Mecânicos,474 km,391 km,"10,3 km/l","8,5 km/l",,,,,,,,,,,,,,,,
honda,City,city,city-exl-1-5-at-2017,city-exl-1-5-at-2017,https://www.fichacompleta.com.br/carros/honda/city-exl-1-5-at-2017,2026-06-14T17:28:52.857873,Honda City EXL 1.5 AT 2017,"11,3 s",175 km/h,,Injeção multiponto,Natural,1497 cm³,4 em linha,L15A,"Único no cabeçote, corrente","89,4 mm",73 mm,Transversal,Dianteiro,"9,8 kg/cv","74,3 kg/kgfm","77,5 cv/litro",116 cv (A) 115 cv (G) a 6000 rpm,"11,4:1",,,"10,2 kgfm/litro","15,3 kgfm (A) 15,2 kgfm (G) a 4800 rpm",4,Conversor de torque,CVT,,7,Dianteira,1485 mm,1476 mm,1466 mm,383 kg,4455 mm,2600 mm,1695 mm,1137 kg,536 litros,46 litros,102 mm,Disco ventilado,Tambor,,,,Elétrica,,"10,6 m","Independente, McPherson",Mola helicoidal,Eixo de torção,667 km,566 km,"14,5 km/l","12,3 km/l",,,,,,,,Admissão,,,,,,135/80 R15,6500 rpm,,,,,,,,,,,Mecânicos,474 km,391 km,"10,3 km/l","8,5 km/l",,,,,,,,,,,,,,,,
honda,City,city,city-lx-1-5-at-2017,city-lx-1-5-at-2017,https://www.fichacompleta.com.br/carros/honda/city-lx-1-5-at-2017,2026-06-14T17:28:55.784273,Honda City LX 1.5 AT 2017,"11,3 s",175 km/h,,Injeção multiponto,Natural,1497 cm³,4 em linha,L15A,"Único no cabeçote, corrente","89,4 mm",73 mm,Transversal,Dianteiro,"9,7 kg/cv","73,4 kg/kgfm","77,5 cv/litro",116 cv (A) 115 cv (G) a 6000 rpm,"11,4:1",,,"10,2 kgfm/litro","15,3 kgfm (A) 15,2 kgfm (G) a 4800 rpm",4,Conversor de torque,CVT,,0,Dianteira,1485 mm,1476 mm,1466 mm,397 kg,4455 mm,2600 mm,1695 mm,1123 kg,536 litros,46 litros,102 mm,Disco ventilado,Tambor,,,,Elétrica,,"10,6 m","Independente, McPherson",Mola helicoidal,Eixo de torção,667 km,566 km,"14,5 km/l","12,3 km/l",,,,,,,,Admissão,,,,,,135/80 R15,6500 rpm,,,,,,,,,,,Mecânicos,474 km,391 km,"10,3 km/l","8,5 km/l",,,,,,,,,,,,,,,,
honda,City,city,city-dx-1-5-2018,city-dx-1-5-2018,https://www.fichacompleta.com.br/carros/honda/city-dx-1-5-2018,2026-06-14T17:28:58.938493,Honda City DX 1.5 2018,"10,2 s",180 km/h,,Injeção multiponto,Natural,1497 cm³,4 em linha,L15A,"Único no cabeçote, corrente","89,4 mm",73 mm,Transversal,Dianteiro,"9,3 kg/cv","70,3 kg/kgfm","77,5 cv/litro",116 cv (A) 115 cv (G) a 6000 rpm,"11,4:1",,,"10,2 kgfm/litro","15,3 kgfm (A) 15,2 kgfm (G) a 4800 rpm",4,Embreagem monodisco a seco,Manual,,5,Dianteira,1485 mm,1476 mm,1466 mm,350 kg,4455 mm,2600 mm,1695 mm,1076 kg,536 litros,46 litros,111 mm,Disco ventilado,Tambor,,,,Elétrica,,"10,6 m","Independente, McPherson",Mola helicoidal,Eixo de torção,672 km,570 km,"14,6 km/l","12,4 km/l",,,,,,,,Admissão,,,,,,135/80 R15,6500 rpm,,,,,,,,,,,Mecânicos,474 km,396 km,"10,3 km/l","8,6 km/l",,,,,,,,,,,,,,,,
honda,City,city,city-ex-1-5-at-2018,city-ex-1-5-at-2018,https://www.fichacompleta.com.br/carros/honda/city-ex-1-5-at-2018,2026-06-14T17:29:02.183953,Honda City EX 1.5 AT 2018,"11,3 s",175 km/h,,Injeção multiponto,Natural,1497 cm³,4 em linha,L15A,"Único no cabeçote, corrente","89,4 mm",73 mm,Transversal,Dianteiro,"9,7 kg/cv","73,6 kg/kgfm","77,5 cv/litro",116 cv (A) 115 cv (G) a 6000 rpm,"11,4:1",,,"10,2 kgfm/litro","15,3 kgfm (A) 15,2 kgfm (G) a 4800 rpm",4,Conversor de torque,CVT,,7,Dianteira,1485 mm,1476 mm,1466 mm,394 kg,4455 mm,2600 mm,1695 mm,1126 kg,536 litros,46 litros,102 mm,Disco ventilado,Tambor,,,,Elétrica,,"10,6 m","Independente, McPherson",Mola helicoidal,Eixo de torção,667 km,566 km,"14,5 km/l","12,3 km/l",,,,,,,,Admissão,,,,,,135/80 R15,6500 rpm,,,,,,,,,,,Mecânicos,474 km,391 km,"10,3 km/l","8,5 km/l",,,,,,,,,,,,,,,,
honda,City,city,city-exl-1-5-at-2018,city-exl-1-5-at-2018,https://www.fichacompleta.com.br/carros/honda/city-exl-1-5-at-2018,2026-06-14T17:29:05.119081,Honda City EXL 1.5 AT 2018,"11,3 s",175 km/h,,Injeção multiponto,Natural,1497 cm³,4 em linha,L15A,"Único no cabeçote, corrente","89,4 mm",73 mm,Transversal,Dianteiro,"9,8 kg/cv","74,3 kg/kgfm","77,5 cv/litro",116 cv (A) 115 cv (G) a 6000 rpm,"11,4:1",,,"10,2 kgfm/litro","15,3 kgfm (A) 15,2 kgfm (G) a 4800 rpm",4,Conversor de torque,CVT,,7,Dianteira,1485 mm,1476 mm,1466 mm,383 kg,4455 mm,2600 mm,1695 mm,1137 kg,536 litros,46 litros,102 mm,Disco ventilado,Tambor,,,,Elétrica,,"10,6 m","Independente, McPherson",Mola helicoidal,Eixo de torção,667 km,566 km,"14,5 km/l","12,3 km/l",,,,,,,,Admissão,,,,,,135/80 R15,6500 rpm,,,,,,,,,,,Mecânicos,474 km,391 km,"10,3 km/l","8,5 km/l",,,,,,,,,,,,,,,,
honda,City,city,city-lx-1-5-at-2018,city-lx-1-5-at-2018,https://www.fichacompleta.com.br/carros/honda/city-lx-1-5-at-2018,2026-06-14T17:29:07.609120,Honda City LX 1.5 AT 2018,"11,3 s",175 km/h,,Injeção multiponto,Natural,1497 cm³,4 em linha,L15A,"Único no cabeçote, corrente","89,4 mm",73 mm,Transversal,Dianteiro,"9,7 kg/cv","73,4 kg/kgfm","77,5 cv/litro",116 cv (A) 115 cv (G) a 6000 rpm,"11,4:1",,,"10,2 kgfm/litro","15,3 kgfm (A) 15,2 kgfm (G) a 4800 rpm",4,Conversor de torque,CVT,,0,Dianteira,1485 mm,1476 mm,1466 mm,397 kg,4455 mm,2600 mm,1695 mm,1123 kg,536 litros,46 litros,102 mm,Disco ventilado,Tambor,,,,Elétrica,,"10,6 m","Independente, McPherson",Mola helicoidal,Eixo de torção,667 km,566 km,"14,5 km/l","12,3 km/l",,,,,,,,Admissão,,,,,,135/80 R15,6500 rpm,,,,,,,,,,,Mecânicos,474 km,391 km,"10,3 km/l","8,5 km/l",,,,,,,,,,,,,,,,
honda,City,city,city-personal-1-5-at-pcd-2018,city-personal-1-5-at-pcd-2018,https://www.fichacompleta.com.br/carros/honda/city-personal-1-5-at-pcd-2018,2026-06-14T17:29:10.081559,Honda City Personal 1.5 AT [PCD] 2018,"11,3 s",175 km/h,,Injeção multiponto,Natural,1497 cm³,4 em linha,L15A,"Único no cabeçote, corrente","89,4 mm",73 mm,Transversal,Dianteiro,"9,7 kg/cv","73,4 kg/kgfm","77,5 cv/litro",116 cv (A) 115 cv (G) a 6000 rpm,"11,4:1",,,"10,2 kgfm/litro","15,3 kgfm (A) 15,2 kgfm (G) a 4800 rpm",4,Conversor de torque,CVT,,0,Dianteira,1485 mm,1476 mm,1466 mm,397 kg,4455 mm,2600 mm,1695 mm,1123 kg,536 litros,46 litros,111 mm,Disco ventilado,Tambor,,,,Elétrica,,"10,6 m","Independente, McPherson",Mola helicoidal,Eixo de torção,667 km,566 km,"14,5 km/l","12,3 km/l",,,,,,,,Admissão,,,,,,135/80 R15,6500 rpm,,,,,,,,,,,Mecânicos,474 km,391 km,"10,3 km/l","8,5 km/l",,,,,,,,,,,,,,,,
honda,City,city,city-dx-1-5-2019,city-dx-1-5-2019,https://www.fichacompleta.com.br/carros/honda/city-dx-1-5-2019,2026-06-14T17:29:14.540354,Honda City DX 1.5 2019,"10,2 s",180 km/h,,Injeção multiponto,Natural,1497 cm³,4 em linha,L15A,"Único no cabeçote, corrente","89,4 mm",73 mm,Transversal,Dianteiro,"9,3 kg/cv","70,2 kg/kgfm","77,5 cv/litro",116 cv (A) 115 cv (G) a 6000 rpm,"11,4:1",,,"10,2 kgfm/litro","15,3 kgfm (A) 15,2 kgfm (G) a 4800 rpm",4,Embreagem monodisco a seco,Manual,,5,Dianteira,1485 mm,1482 mm,1482 mm,386 kg,4455 mm,2600 mm,1695 mm,1074 kg,536 litros,46 litros,111 mm,Disco ventilado,Tambor,,,,Elétrica,,"10,6 m","Independente, McPherson",Mola helicoidal,Eixo de torção,672 km,570 km,"14,6 km/l","12,4 km/l",,,,,,,,Admissão,,,,,,135/80 R15,6500 rpm,,,,,,,,,,,Mecânicos,474 km,396 km,"10,3 km/l","8,6 km/l",,,,,,,,,,,,,,,,
honda,City,city,city-ex-1-5-at-2019,city-ex-1-5-at-2019,https://www.fichacompleta.com.br/carros/honda/city-ex-1-5-at-2019,2026-06-14T17:29:18.180532,Honda City EX 1.5 AT 2019,"11,3 s",175 km/h,,Injeção multiponto,Natural,1497 cm³,4 em linha,L15A,"Único no cabeçote, corrente","89,4 mm",73 mm,Transversal,Dianteiro,"9,7 kg/cv","73,5 kg/kgfm","77,5 cv/litro",116 cv (A) 115 cv (G) a 6000 rpm,"11,4:1",,,"10,2 kgfm/litro","15,3 kgfm (A) 15,2 kgfm (G) a 4800 rpm",4,Conversor de torque,CVT,,7,Dianteira,1485 mm,1476 mm,1466 mm,396 kg,4455 mm,2600 mm,1695 mm,1124 kg,536 litros,46 litros,102 mm,Disco ventilado,Tambor,,,,Elétrica,,"10,6 m","Independente, McPherson",Mola helicoidal,Eixo de torção,667 km,566 km,"14,5 km/l","12,3 km/l",,,,,,,,Admissão,,,,,,135/80 R15,6500 rpm,,,,,,,,,,,Mecânicos,474 km,391 km,"10,3 km/l","8,5 km/l",,,,,,,,,,,,,,,,
honda,City,city,city-exl-1-5-at-2019,city-exl-1-5-at-2019,https://www.fichacompleta.com.br/carros/honda/city-exl-1-5-at-2019,2026-06-14T17:29:21.746392,Honda City EXL 1.5 AT 2019,"11,3 s",175 km/h,,Injeção multiponto,Natural,1497 cm³,4 em linha,L15A,"Único no cabeçote, corrente","89,4 mm",73 mm,Transversal,Dianteiro,"9,8 kg/cv","74,2 kg/kgfm","77,5 cv/litro",116 cv (A) 115 cv (G) a 6000 rpm,"11,4:1",,,"10,2 kgfm/litro","15,3 kgfm (A) 15,2 kgfm (G) a 4800 rpm",4,Conversor de torque,CVT,,7,Dianteira,1485 mm,1476 mm,1466 mm,385 kg,4455 mm,2600 mm,1695 mm,1135 kg,536 litros,46 litros,102 mm,Disco ventilado,Tambor,,,,Elétrica,,"10,6 m","Independente, McPherson",Mola helicoidal,Eixo de torção,667 km,566 km,"14,5 km/l","12,3 km/l",,,,,,,,Admissão,,,,,,135/80 R15,6500 rpm,,,,,,,,,,,Mecânicos,474 km,391 km,"10,3 km/l","8,5 km/l",,,,,,,,,,,,,,,,
honda,City,city,city-lx-1-5-at-2019,city-lx-1-5-at-2019,https://www.fichacompleta.com.br/carros/honda/city-lx-1-5-at-2019,2026-06-14T17:29:26.571929,Honda City LX 1.5 AT 2019,"11,3 s",175 km/h,Corrente,Injeção multiponto,Natural,1497 cm³,4 em linha,L15A,Único no cabeçote,"89,4 mm",73 mm,Transversal,Dianteiro,"9,7 kg/cv","73,3 kg/kgfm","77,5 cv/litro",,"11,4:1",,,"10,2 kgfm/litro",,4,Conversor de torque,CVT,0,,Dianteira,1485 mm,1476 mm,1466 mm,399 kg,4455 mm,2600 mm,1695 mm,1121 kg,536 litros,46 litros,102 mm,Disco ventilado,Tambor,,,,Elétrica,"10,6 m",,"Indep., McPherson",Mola helicoidal,Eixo de torção,667 km,566 km,"14,5 km/l","12,3 km/l",,6000 rpm,4800 rpm,,,,,Admissão,,,,,,135/80 R15,6500 rpm,,,,,,,,,,,Mecânicos,474 km,391 km,"10,3 km/l","8,5 km/l",116 cv,115 cv,"15,3 kgfm","15,2 kgfm",,,,,,,,,,,,
honda,City,city,city-personal-1-5-at-pcd-2019,city-personal-1-5-at-pcd-2019,https://www.fichacompleta.com.br/carros/honda/city-personal-1-5-at-pcd-2019,2026-06-14T17:29:29.206599,Honda City Personal 1.5 AT [PCD] 2019,"11,3 s",175 km/h,,Injeção multiponto,Natural,1497 cm³,4 em linha,L15A,"Único no cabeçote, corrente","89,4 mm",73 mm,Transversal,Dianteiro,"9,6 kg/cv","72,4 kg/kgfm","77,5 cv/litro",116 cv (A) 115 cv (G) a 6000 rpm,"11,4:1",,,"10,2 kgfm/litro","15,3 kgfm (A) 15,2 kgfm (G) a 4800 rpm",4,Conversor de torque,CVT,,0,Dianteira,1485 mm,1482 mm,1482 mm,412 kg,4455 mm,2600 mm,1695 mm,1108 kg,536 litros,46 litros,111 mm,Disco ventilado,Tambor,,,,Elétrica,,"10,6 m","Independente, McPherson",Mola helicoidal,Eixo de torção,667 km,566 km,"14,5 km/l","12,3 km/l",,,,,,,,Admissão,,,,,,135/80 R15,6500 rpm,,,,,,,,,,,Mecânicos,474 km,391 km,"10,3 km/l","8,5 km/l",,,,,,,,,,,,,,,,
honda,City,city,city-dx-1-5-2020,city-dx-1-5-2020,https://www.fichacompleta.com.br/carros/honda/city-dx-1-5-2020,2026-06-14T17:29:31.600554,Honda City DX 1.5 2020,"10,2 s",180 km/h,Corrente,Injeção multiponto,Natural,1497 cm³,4 em linha,L15A,Único no cabeçote,"89,4 mm",73 mm,Transversal,Dianteiro,"9,3 kg/cv","70,2 kg/kgfm","77,5 cv/litro",,"11,4:1",,,"10,2 kgfm/litro",,4,Embreagem monodisco a seco,Manual,5,,Dianteira,1485 mm,1482 mm,1482 mm,386 kg,4455 mm,2600 mm,1695 mm,1074 kg,536 litros,46 litros,111 mm,Disco ventilado,Tambor,,,,Elétrica,"10,6 m",,"Indep., McPherson",Mola helicoidal,Eixo de torção,672 km,570 km,"14,6 km/l","12,4 km/l",,6000 rpm,4800 rpm,,,,,Admissão,,,,,,135/80 R15,6500 rpm,,,,,,,,,,,Mecânicos,474 km,396 km,"10,3 km/l","8,6 km/l",116 cv,115 cv,"15,3 kgfm","15,2 kgfm",,,,,,,,,,,,
honda,City,city,city-ex-1-5-at-2020,city-ex-1-5-at-2020,https://www.fichacompleta.com.br/carros/honda/city-ex-1-5-at-2020,2026-06-14T17:29:34.989905,Honda City EX 1.5 AT 2020,"11,3 s",175 km/h,Corrente,Injeção multiponto,Natural,1497 cm³,4 em linha,L15A,Único no cabeçote,"89,4 mm",73 mm,Transversal,Dianteiro,"9,7 kg/cv","73,5 kg/kgfm","77,5 cv/litro",,"11,4:1",,,"10,2 kgfm/litro",,4,Conversor de torque,CVT,7,,Dianteira,1485 mm,1476 mm,1466 mm,396 kg,4455 mm,2600 mm,1695 mm,1124 kg,536 litros,46 litros,102 mm,Disco ventilado,Tambor,,,,Elétrica,"10,6 m",,"Indep., McPherson",Mola helicoidal,Eixo de torção,667 km,566 km,"14,5 km/l","12,3 km/l",,6000 rpm,4800 rpm,,,,,Admissão,,,,,,135/80 R15,6500 rpm,,,,,,,,,,,Mecânicos,474 km,391 km,"10,3 km/l","8,5 km/l",116 cv,115 cv,"15,3 kgfm","15,2 kgfm",,,,,,,,,,,,
honda,City,city,city-exl-1-5-at-2020,city-exl-1-5-at-2020,https://www.fichacompleta.com.br/carros/honda/city-exl-1-5-at-2020,2026-06-14T17:29:37.375213,Honda City EXL 1.5 AT 2020,"11,3 s",175 km/h,Corrente,Injeção multiponto,Natural,1497 cm³,4 em linha,L15A,Único no cabeçote,"89,4 mm",73 mm,Transversal,Dianteiro,"9,8 kg/cv","74,2 kg/kgfm","77,5 cv/litro",,"11,4:1",,,"10,2 kgfm/litro",,4,Conversor de torque,CVT,7,,Dianteira,1485 mm,1476 mm,1466 mm,385 kg,4455 mm,2600 mm,1695 mm,1135 kg,536 litros,46 litros,102 mm,Disco ventilado,Tambor,,,,Elétrica,"10,6 m",,"Indep., McPherson",Mola helicoidal,Eixo de torção,667 km,566 km,"14,5 km/l","12,3 km/l",,6000 rpm,4800 rpm,,,,,Admissão,,,,,,135/80 R15,6500 rpm,,,,,,,,,,,Mecânicos,474 km,391 km,"10,3 km/l","8,5 km/l",116 cv,115 cv,"15,3 kgfm","15,2 kgfm",,,,,,,,,,,,
honda,City,city,city-lx-1-5-at-2020,city-lx-1-5-at-2020,https://www.fichacompleta.com.br/carros/honda/city-lx-1-5-at-2020,2026-06-14T17:29:40.255605,Honda City LX 1.5 AT 2020,"11,3 s",175 km/h,Corrente,Injeção multiponto,Natural,1497 cm³,4 em linha,L15A,Único no cabeçote,"89,4 mm",73 mm,Transversal,Dianteiro,"9,7 kg/cv","73,3 kg/kgfm","77,5 cv/litro",,"11,4:1",,,"10,2 kgfm/litro",,4,Conversor de torque,CVT,0,,Dianteira,1485 mm,1476 mm,1466 mm,399 kg,4455 mm,2600 mm,1695 mm,1121 kg,536 litros,46 litros,102 mm,Disco ventilado,Tambor,,,,Elétrica,"10,6 m",,"Indep., McPherson",Mola helicoidal,Eixo de torção,667 km,566 km,"14,5 km/l","12,3 km/l",,6000 rpm,4800 rpm,,,,,Admissão,,,,,,135/80 R15,6500 rpm,,,,,,,,,,,Mecânicos,474 km,391 km,"10,3 km/l","8,5 km/l",116 cv,115 cv,"15,3 kgfm","15,2 kgfm",,,,,,,,,,,,
honda,City,city,city-personal-1-5-at-pcd-2020,city-personal-1-5-at-pcd-2020,https://www.fichacompleta.com.br/carros/honda/city-personal-1-5-at-pcd-2020,2026-06-14T17:29:43.179154,Honda City Personal 1.5 AT [PCD] 2020,"11,3 s",175 km/h,Corrente,Injeção multiponto,Natural,1497 cm³,4 em linha,L15A,Único no cabeçote,"89,4 mm",73 mm,Transversal,Dianteiro,"9,6 kg/cv","72,4 kg/kgfm","77,5 cv/litro",,"11,4:1",,,"10,2 kgfm/litro",,4,Conversor de torque,CVT,0,,Dianteira,1485 mm,1482 mm,1482 mm,412 kg,4455 mm,2600 mm,1695 mm,1108 kg,536 litros,46 litros,111 mm,Disco ventilado,Tambor,,,,Elétrica,"10,6 m",,"Indep., McPherson",Mola helicoidal,Eixo de torção,667 km,566 km,"14,5 km/l","12,3 km/l",,6000 rpm,4800 rpm,,,,,Admissão,,,,,,135/80 R15,6500 rpm,,,,,,,,,,,Mecânicos,474 km,391 km,"10,3 km/l","8,5 km/l",116 cv,115 cv,"15,3 kgfm","15,2 kgfm",,,,,,,,,,,,
honda,City,city,city-dx-1-5-2021,city-dx-1-5-2021,https://www.fichacompleta.com.br/carros/honda/city-dx-1-5-2021,2026-06-14T17:29:46.371891,Honda City DX 1.5 2021,"10,2 s",180 km/h,,Injeção multiponto,Natural,1497 cm³,4 em linha,L15A,"Único no cabeçote, corrente",,,Transversal,Dianteiro,"9,3 kg/cv","70,2 kg/kgfm","77,5 cv/litro",116 cv (A) 115 cv (G) a 6000 rpm,"11,4:1",,,"10,2 kgfm/litro","15,3 kgfm (A) 15,2 kgfm (G) a 4800 rpm",4,Embreagem monodisco a seco,Manual,,5,Dianteira,1485 mm,1482 mm,1482 mm,386 kg,4455 mm,2600 mm,1695 mm,1074 kg,536 litros,46 litros,111 mm,Disco ventilado,Tambor,,,,Elétrica,,"10,6 m","Independente, McPherson",Mola helicoidal,Eixo de torção,672 km,570 km,"14,6 km/l","12,4 km/l",,,,,,"89,4 mm",73 mm,Admissão,,,,,,135/80 R15,6500 rpm,,,,,,,,,,,Mecânicos,474 km,396 km,"10,3 km/l","8,6 km/l",,,,,,,,,,,,,,,,
honda,City,city,city-ex-1-5-at-2021,city-ex-1-5-at-2021,https://www.fichacompleta.com.br/carros/honda/city-ex-1-5-at-2021,2026-06-14T17:29:51.102605,Honda City EX 1.5 AT 2021,"11,3 s",175 km/h,Corrente,Injeção multiponto,Natural,1497 cm³,4 em linha,L15A,Único no cabeçote,"89,4 mm",73 mm,Transversal,Dianteiro,"9,7 kg/cv","73,5 kg/kgfm","77,5 cv/litro",,"11,4:1",,,"10,2 kgfm/litro",,4,Conversor de torque,CVT,7,,Dianteira,1485 mm,1476 mm,1466 mm,396 kg,4455 mm,2600 mm,1695 mm,1124 kg,536 litros,46 litros,102 mm,Disco ventilado,Tambor,,,,Elétrica,"10,6 m",,"Indep., McPherson",Mola helicoidal,Eixo de torção,667 km,566 km,"14,5 km/l","12,3 km/l",,6000 rpm,4800 rpm,,,,,Admissão,,,,,,135/80 R15,6500 rpm,,,,,,,,,,,Mecânicos,474 km,391 km,"10,3 km/l","8,5 km/l",116 cv,115 cv,"15,3 kgfm","15,2 kgfm",,,,,,,,,,,,
honda,City,city,city-exl-1-5-at-2021,city-exl-1-5-at-2021,https://www.fichacompleta.com.br/carros/honda/city-exl-1-5-at-2021,2026-06-14T17:29:54.739055,Honda City EXL 1.5 AT 2021,"11,3 s",175 km/h,Corrente,Injeção multiponto,Natural,1497 cm³,4 em linha,L15A,Único no cabeçote,"89,4 mm",73 mm,Transversal,Dianteiro,"9,8 kg/cv","74,2 kg/kgfm","77,5 cv/litro",,"11,4:1",,,"10,2 kgfm/litro",,4,Conversor de torque,CVT,7,,Dianteira,1485 mm,1476 mm,1466 mm,385 kg,4455 mm,2600 mm,1695 mm,1135 kg,536 litros,46 litros,102 mm,Disco ventilado,Tambor,,,,Elétrica,"10,6 m",,"Indep., McPherson",Mola helicoidal,Eixo de torção,667 km,566 km,"14,5 km/l","12,3 km/l",,6000 rpm,4800 rpm,,,,,Admissão,,,,,,135/80 R15,6500 rpm,,,,,,,,,,,Mecânicos,474 km,391 km,"10,3 km/l","8,5 km/l",116 cv,115 cv,"15,3 kgfm","15,2 kgfm",,,,,,,,,,,,
honda,City,city,city-lx-1-5-at-2021,city-lx-1-5-at-2021,https://www.fichacompleta.com.br/carros/honda/city-lx-1-5-at-2021,2026-06-14T17:29:57.764618,Honda City LX 1.5 AT 2021,"11,3 s",175 km/h,Corrente,Injeção multiponto,Natural,1497 cm³,4 em linha,L15A,Único no cabeçote,"89,4 mm",73 mm,Transversal,Dianteiro,"9,7 kg/cv","73,3 kg/kgfm","77,5 cv/litro",,"11,4:1",,,"10,2 kgfm/litro",,4,Conversor de torque,CVT,0,,Dianteira,1485 mm,1476 mm,1466 mm,399 kg,4455 mm,2600 mm,1695 mm,1121 kg,536 litros,46 litros,102 mm,Disco ventilado,Tambor,,,,Elétrica,"10,6 m",,"Indep., McPherson",Mola helicoidal,Eixo de torção,667 km,566 km,"14,5 km/l","12,3 km/l",,6000 rpm,4800 rpm,,,,,Admissão,,,,,,135/80 R15,6500 rpm,,,,,,,,,,,Mecânicos,474 km,391 km,"10,3 km/l","8,5 km/l",116 cv,115 cv,"15,3 kgfm","15,2 kgfm",,,,,,,,,,,,
honda,City,city,city-personal-1-5-at-pcd-2021,city-personal-1-5-at-pcd-2021,https://www.fichacompleta.com.br/carros/honda/city-personal-1-5-at-pcd-2021,2026-06-14T17:30:01.458151,Honda City Personal 1.5 AT [PCD] 2021,"11,3 s",175 km/h,,Injeção multiponto,Natural,1497 cm³,4 em linha,L15A,"Único no cabeçote, corrente",,,Transversal,Dianteiro,"9,6 kg/cv","72,4 kg/kgfm","77,5 cv/litro",116 cv (A) 115 cv (G) a 6000 rpm,"11,4:1",,,"10,2 kgfm/litro","15,3 kgfm (A) 15,2 kgfm (G) a 4800 rpm",4,,CVT,,0,Dianteira,1485 mm,1482 mm,1482 mm,412 kg,4455 mm,2600 mm,1695 mm,1108 kg,536 litros,46 litros,111 mm,185/60 R15,185/60 R15,,,,Elétrica,,"10,6 m","Independente, McPherson",Mola helicoidal,Eixo de torção,667 km,566 km,"14,5 km/l","12,3 km/l",,,,,,"89,4 mm",73 mm,Admissão,,,,,,,,,,,,,,,,,,Mecânicos,474 km,391 km,"10,3 km/l","8,5 km/l",,,,,,,,,,,,,,,,
honda,City,city,city-ex-1-5-at-2022,city-ex-1-5-at-2022,https://www.fichacompleta.com.br/carros/honda/city-ex-1-5-at-2022,2026-06-14T17:30:05.164456,Honda City EX 1.5 AT 2022,"10,8 s",175 km/h,Corrente,Injeção direta,Natural,1497 cm³,4 em linha,L15B,Duplo no cabeçote,"89,5 mm",73 mm,Transversal,Dianteiro,"9,2 kg/cv","73,7 kg/kgfm","84,2 cv/litro",,"11,5:1",6200 rpm,4600 rpm,"10,6 kgfm/litro","15,8 kgfm (A)",4,Conversor de torque,CVT,7,,Dianteira,1477 mm,1476 mm,1466 mm,,4549 mm,2600 mm,1748 mm,1165 kg,519 litros,44 litros,102 mm,Disco ventilado,Tambor,,,,Elétrica,"10,6 m",,"Indep., McPherson",Mola helicoidal,Eixo de torção,669 km,576 km,"15,2 km/l","13,1 km/l",,,,,,,,Admissão,,,,,,135/80 R15,,,,,,,,,,,,,462 km,405 km,"10,5 km/l","9,2 km/l",126 cv,126 cv,"15,8 kgfm","15,5 kgfm",,,,,,,,,,,,
honda,City,city,city-exl-1-5-at-2022,city-exl-1-5-at-2022,https://www.fichacompleta.com.br/carros/honda/city-exl-1-5-at-2022,2026-06-14T17:30:08.197396,Honda City EXL 1.5 AT 2022,"10,8 s",175 km/h,Corrente,Injeção direta,Natural,1497 cm³,4 em linha,L15B,Duplo no cabeçote,"89,5 mm",73 mm,Transversal,Dianteiro,"9,3 kg/cv","73,9 kg/kgfm","84,2 cv/litro",,"11,5:1",6200 rpm,4600 rpm,"10,6 kgfm/litro","15,8 kgfm (A)",4,Conversor de torque,CVT,7,,Dianteira,1477 mm,1476 mm,1466 mm,,4549 mm,2600 mm,1748 mm,1167 kg,519 litros,44 litros,102 mm,Disco ventilado,Tambor,,,,Elétrica,"10,6 m",,"Indep., McPherson",Mola helicoidal,Eixo de torção,669 km,576 km,"15,2 km/l","13,1 km/l",,,,,,,,Admissão,,,,,,135/80 R15,,,,,,,,,,,,,462 km,405 km,"10,5 km/l","9,2 km/l",126 cv,126 cv,"15,8 kgfm","15,5 kgfm",,,,,,,,,,,,
honda,City,city,city-touring-1-5-2022,city-touring-1-5-2022,https://www.fichacompleta.com.br/carros/honda/city-touring-1-5-2022,2026-06-14T17:30:11.750731,Honda City Touring 1.5 2022,"10,8 s",175 km/h,Corrente,Injeção direta,Natural,1497 cm³,4 em linha,L15B,Duplo no cabeçote,"89,5 mm",73 mm,Transversal,Dianteiro,"9,3 kg/cv","74,1 kg/kgfm","84,2 cv/litro",,"11,5:1",6200 rpm,4600 rpm,"10,6 kgfm/litro","15,8 kgfm (A)",4,Conversor de torque,CVT,7,,Dianteira,1477 mm,1476 mm,1466 mm,,4549 mm,2600 mm,1748 mm,1170 kg,519 litros,44 litros,102 mm,Disco ventilado,Tambor,,,,Elétrica,"10,6 m",,"Indep., McPherson",Mola helicoidal,Eixo de torção,669 km,576 km,"15,2 km/l","13,1 km/l",,,,,,,,Admissão,,,,,,135/80 R15,,,,,,,,,,,,,462 km,405 km,"10,5 km/l","9,2 km/l",126 cv,126 cv,"15,8 kgfm","15,5 kgfm",,,,,,,,,,,,
honda,City,city,city-ex-1-5-at-2023,city-ex-1-5-at-2023,https://www.fichacompleta.com.br/carros/honda/city-ex-1-5-at-2023,2026-06-14T17:30:14.621482,Honda City EX 1.5 AT 2023,"10,6 s",186 km/h,Corrente,Injeção direta,Natural,,4 em linha,L15B,Duplo no cabeçote,"89,5 mm",73 mm,Transversal,Dianteiro,"9,25 kg/cv","73,7 kg/kgfm","84,2 cv/litro",,"11,5:1",,,"10,6 kgfm/litro",,4,Conversor de torque,CVT,7,,Dianteira,1477 mm,1476 mm,1466 mm,,4549 mm,2600 mm,1748 mm,1165 kg,519 litros,44 litros,102 mm,Disco ventilado,Tambor,,,,Elétrica,"10,6 m",,"Indep., McPherson",Mola helicoidal,Eixo de torção,669 km,576 km,"15,2 km/l","13,1 km/l",144 mm,6200 rpm,4600 rpm,,,,,Admissão,,,,375 cm³,1497 cm³,135/80 R15,,,,,,,,,,,,,462 km,405 km,"10,5 km/l","9,2 km/l",126 cv,126 cv,"15,8 kgfm","15,5 kgfm",,,,,,,,,,,,
honda,City,city,city-exl-1-5-at-2023,city-exl-1-5-at-2023,https://www.fichacompleta.com.br/carros/honda/city-exl-1-5-at-2023,2026-06-14T17:30:17.671793,Honda City EXL 1.5 AT 2023,"10,6 s",186 km/h,Corrente,Injeção direta,Natural,,4 em linha,L15B,Duplo no cabeçote,"89,5 mm",73 mm,Transversal,Dianteiro,"9,26 kg/cv","73,9 kg/kgfm","84,2 cv/litro",,"11,5:1",,,"10,6 kgfm/litro",,4,Conversor de torque,CVT,7,,Dianteira,1477 mm,1476 mm,1466 mm,,4549 mm,2600 mm,1748 mm,1167 kg,519 litros,44 litros,102 mm,Disco ventilado,Tambor,,,,Elétrica,"10,6 m",,"Indep., McPherson",Mola helicoidal,Eixo de torção,669 km,576 km,"15,2 km/l","13,1 km/l",144 mm,6200 rpm,4600 rpm,,,,,Admissão,,,,375 cm³,1497 cm³,135/80 R15,,,,,,,,,,,,,462 km,405 km,"10,5 km/l","9,2 km/l",126 cv,126 cv,"15,8 kgfm","15,5 kgfm",,,,,,,,,,,,
honda,City,city,city-touring-1-5-2023,city-touring-1-5-2023,https://www.fichacompleta.com.br/carros/honda/city-touring-1-5-2023,2026-06-14T17:30:20.511000,Honda City Touring 1.5 2023,"10,6 s",186 km/h,Corrente,Injeção direta,Natural,,4 em linha,L15B,Duplo no cabeçote,"89,5 mm",73 mm,Transversal,Dianteiro,"9,29 kg/cv","74,1 kg/kgfm","84,2 cv/litro",,"11,5:1",,,"10,6 kgfm/litro",,4,Conversor de torque,CVT,7,,Dianteira,1477 mm,1476 mm,1466 mm,,4549 mm,2600 mm,1748 mm,1170 kg,519 litros,44 litros,102 mm,Disco ventilado,Tambor,,,,Elétrica,"10,6 m",,"Indep., McPherson",Mola helicoidal,Eixo de torção,669 km,576 km,"15,2 km/l","13,1 km/l",144 mm,6200 rpm,4600 rpm,,,,,Admissão,,,,375 cm³,1497 cm³,135/80 R15,,,,,,,,,,,,,462 km,405 km,"10,5 km/l","9,2 km/l",126 cv,126 cv,"15,8 kgfm","15,5 kgfm",,,,,,,,,,,,
honda,City,city,city-ex-1-5-at-2024,city-ex-1-5-at-2024,https://www.fichacompleta.com.br/carros/honda/city-ex-1-5-at-2024,2026-06-14T17:30:23.666354,Honda City EX 1.5 AT 2024,"10,6 s",186 km/h,Corrente,Injeção direta,Natural,,4 em linha,L15B,Duplo no cabeçote,"89,5 mm",73 mm,Transversal,Dianteiro,"9,25 kg/cv","73,7 kg/kgfm","84,2 cv/litro",,"11,5:1",,,"10,6 kgfm/litro",,4,Conversor de torque,CVT,7,,Dianteira,1477 mm,1476 mm,1466 mm,,4549 mm,2600 mm,1748 mm,1165 kg,519 litros,44 litros,102 mm,Disco ventilado,Tambor,,,,Elétrica,"10,6 m",,"Indep., McPherson",Mola helicoidal,Eixo de torção,669 km,576 km,"15,2 km/l","13,1 km/l",144 mm,6200 rpm,4600 rpm,,,,,Admissão,,,,375 cm³,1497 cm³,135/80 R15,,,,,,,,,,,,,462 km,405 km,"10,5 km/l","9,2 km/l",126 cv,126 cv,"15,8 kgfm","15,5 kgfm",,,,,,,,,,,,
honda,City,city,city-exl-1-5-at-2024,city-exl-1-5-at-2024,https://www.fichacompleta.com.br/carros/honda/city-exl-1-5-at-2024,2026-06-14T17:30:26.856496,Honda City EXL 1.5 AT 2024,"10,6 s",186 km/h,Corrente,Injeção direta,Natural,,4 em linha,L15B,Duplo no cabeçote,"89,5 mm",73 mm,Transversal,Dianteiro,"9,26 kg/cv","73,9 kg/kgfm","84,2 cv/litro",,"11,5:1",,,"10,6 kgfm/litro",,4,Conversor de torque,CVT,7,,Dianteira,1477 mm,1476 mm,1466 mm,,4549 mm,2600 mm,1748 mm,1167 kg,519 litros,44 litros,102 mm,Disco ventilado,Tambor,,,,Elétrica,"10,6 m",,"Indep., McPherson",Mola helicoidal,Eixo de torção,669 km,576 km,"15,2 km/l","13,1 km/l",144 mm,6200 rpm,4600 rpm,,,,,Admissão,,,,375 cm³,1497 cm³,135/80 R15,,,,,,,,,,,,,462 km,405 km,"10,5 km/l","9,2 km/l",126 cv,126 cv,"15,8 kgfm","15,5 kgfm",,,,,,,,,,,,
honda,City,city,city-lx-1-5-at-2024,city-lx-1-5-at-2024,https://www.fichacompleta.com.br/carros/honda/city-lx-1-5-at-2024,2026-06-14T17:30:30.857237,Honda City LX 1.5 AT 2024,"10,6 s",186 km/h,Corrente,Injeção direta,Natural,,4 em linha,L15B,Duplo no cabeçote,"89,5 mm",73 mm,Transversal,Dianteiro,"9,17 kg/cv","73,2 kg/kgfm","84,1 cv/litro",,"12,4:1",,,"10,5 kgfm/litro",,4,Conversor de torque,CVT,7,,Dianteira,1477 mm,1476 mm,1466 mm,,4549 mm,2600 mm,1748 mm,1156 kg,519 litros,44 litros,111 mm,Disco ventilado,Tambor,,,,Elétrica,"10,6 m",,"Indep., McPherson",Mola helicoidal,Eixo de torção,669 km,576 km,"15,2 km/l","13,1 km/l",144 mm,6200 rpm,4600 rpm,,,,,Admissão,,,,375 cm³,1498 cm³,135/80 R15,,,,,,,,,,,,,462 km,405 km,"10,5 km/l","9,2 km/l",126 cv,126 cv,"15,8 kgfm","15,5 kgfm",0W-20 ³,,,,,,,,,,,
honda,City,city,city-touring-1-5-2024,city-touring-1-5-2024,https://www.fichacompleta.com.br/carros/honda/city-touring-1-5-2024,2026-06-14T17:30:33.876637,Honda City Touring 1.5 2024,"10,6 s",186 km/h,Corrente,Injeção direta,Natural,,4 em linha,L15B,Duplo no cabeçote,"89,5 mm",73 mm,Transversal,Dianteiro,"9,29 kg/cv","74,1 kg/kgfm","84,2 cv/litro",,"11,5:1",,,"10,6 kgfm/litro",,4,Conversor de torque,CVT,7,,Dianteira,1477 mm,1476 mm,1466 mm,,4549 mm,2600 mm,1748 mm,1170 kg,519 litros,44 litros,102 mm,Disco ventilado,Tambor,,,,Elétrica,"10,6 m",,"Indep., McPherson",Mola helicoidal,Eixo de torção,669 km,576 km,"15,2 km/l","13,1 km/l",144 mm,6200 rpm,4600 rpm,,,,,Admissão,,,,375 cm³,1497 cm³,135/80 R15,,,,,,,,,,,,,462 km,405 km,"10,5 km/l","9,2 km/l",126 cv,126 cv,"15,8 kgfm","15,5 kgfm",,,,,,,,,,,,
honda,City,city,city-ex-1-5-at-2025,city-ex-1-5-at-2025,https://www.fichacompleta.com.br/carros/honda/city-ex-1-5-at-2025,2026-06-14T17:30:36.652252,Honda City EX 1.5 AT 2025,"10,6 s",186 km/h,Corrente,Injeção direta,Natural,,4 em linha,L15B,Duplo no cabeçote,"89,5 mm",73 mm,Transversal,Dianteiro,"9,29 kg/cv","74,1 kg/kgfm","84,1 cv/litro",,"12,4:1",,,"10,5 kgfm/litro",,4,Conversor de torque,CVT,7,,Dianteira,1477 mm,1476 mm,1466 mm,,4574 mm,2600 mm,1748 mm,1170 kg,519 litros,44 litros,102 mm,Disco ventilado,Disco sólido,,,,Elétrica,"10,6 m",,"Indep., McPherson",Mola helicoidal,Eixo de torção,682 km,563 km,"15,5 km/l","12,8 km/l",144 mm,6200 rpm,4600 rpm,,,,,Admissão e escape,,,,375 cm³,1498 cm³,135/80 R15,,,,,,,,,,,,Mecânicos,458 km,409 km,"10,4 km/l","9,3 km/l",126 cv,126 cv,"15,8 kgfm","15,5 kgfm",0W-20 ³,,,,,,,,,,,
honda,City,city,city-exl-1-5-at-2025,city-exl-1-5-at-2025,https://www.fichacompleta.com.br/carros/honda/city-exl-1-5-at-2025,2026-06-14T17:30:41.117631,Honda City EXL 1.5 AT 2025,"10,6 s",186 km/h,Corrente,Injeção direta,Natural,,4 em linha,L15B,Duplo no cabeçote,"89,5 mm",73 mm,Transversal,Dianteiro,"9,29 kg/cv","74,1 kg/kgfm","84,1 cv/litro",,"12,4:1",,,"10,5 kgfm/litro",,4,Conversor de torque,CVT,7,,Dianteira,1477 mm,1476 mm,1466 mm,,4574 mm,2600 mm,1748 mm,1171 kg,519 litros,44 litros,102 mm,Disco ventilado,Disco sólido,,,,Elétrica,"10,6 m",,"Indep., McPherson",Mola helicoidal,Eixo de torção,682 km,563 km,"15,5 km/l","12,8 km/l",144 mm,6200 rpm,4600 rpm,,,,,Admissão,,,,375 cm³,1498 cm³,135/80 R15,,,,,,,,,,,,,458 km,409 km,"10,4 km/l","9,3 km/l",126 cv,126 cv,"15,8 kgfm","15,5 kgfm",0W-20 ³,,,,,,,,,,,
honda,City,city,city-lx-1-5-at-2025,city-lx-1-5-at-2025,https://www.fichacompleta.com.br/carros/honda/city-lx-1-5-at-2025,2026-06-14T17:30:43.830089,Honda City LX 1.5 AT 2025,"10,6 s",186 km/h,Corrente,Injeção direta,Natural,,4 em linha,L15B,Duplo no cabeçote,"89,5 mm",73 mm,Transversal,Dianteiro,"9,17 kg/cv","73,2 kg/kgfm","84,1 cv/litro",,"12,4:1",,,"10,5 kgfm/litro",,4,Conversor de torque,CVT,7,,Dianteira,1477 mm,1476 mm,1466 mm,,4574 mm,2600 mm,1748 mm,1156 kg,519 litros,44 litros,111 mm,Disco ventilado,Tambor,,,,Elétrica,"10,6 m",,"Indep., McPherson",Mola helicoidal,Eixo de torção,682 km,563 km,"15,5 km/l","12,8 km/l",144 mm,6200 rpm,4600 rpm,,,,,Admissão,,,,375 cm³,1498 cm³,135/80 R15,,,,,,,,,,,,,458 km,409 km,"10,4 km/l","9,3 km/l",126 cv,126 cv,"15,8 kgfm","15,5 kgfm",0W-20 ³,,,,,,,,,,,
honda,City,city,city-touring-1-5-2025,city-touring-1-5-2025,https://www.fichacompleta.com.br/carros/honda/city-touring-1-5-2025,2026-06-14T17:30:47.658339,Honda City Touring 1.5 2025,"10,6 s",186 km/h,Corrente,Injeção direta,Natural,,4 em linha,L15B,Duplo no cabeçote,"89,5 mm",73 mm,Transversal,Dianteiro,"9,32 kg/cv","74,3 kg/kgfm","84,1 cv/litro",,"12,4:1",,,"10,5 kgfm/litro",,4,Conversor de torque,CVT,7,,Dianteira,1477 mm,1476 mm,1466 mm,,4574 mm,2600 mm,1748 mm,1174 kg,519 litros,44 litros,102 mm,Disco ventilado,Disco sólido,,,,Elétrica,"10,6 m",,"Indep., McPherson",Mola helicoidal,Eixo de torção,682 km,563 km,"15,5 km/l","12,8 km/l",144 mm,6200 rpm,4600 rpm,,,,,Admissão,,,,375 cm³,1498 cm³,135/80 R15,,,,,,,,,,,,,458 km,409 km,"10,4 km/l","9,3 km/l",126 cv,126 cv,"15,8 kgfm","15,5 kgfm",0W-20 ³,,,,,,,,,,,
honda,City,city,city-ex-1-5-at-2026,city-ex-1-5-at-2026,https://www.fichacompleta.com.br/carros/honda/city-ex-1-5-at-2026,2026-06-14T17:30:51.169238,Honda City EX 1.5 AT 2026,"10,6 s",186 km/h,Corrente,Injeção direta,Natural,,4 em linha,L15B,Duplo no cabeçote,"89,5 mm",73 mm,Transversal,Dianteiro,"9,29 kg/cv","74,1 kg/kgfm","84,1 cv/litro",,"12,4:1",,,"10,5 kgfm/litro",,4,Conversor de torque,CVT,7,,Dianteira,1477 mm,1476 mm,1466 mm,,4574 mm,2600 mm,1748 mm,1170 kg,519 litros,44 litros,102 mm,Disco ventilado,Disco sólido,,,,Elétrica,"10,6 m",,"Indep., McPherson",Mola helicoidal,Eixo de torção,682 km,563 km,"15,5 km/l","12,8 km/l",144 mm,6200 rpm,4600 rpm,,,,,Admissão e escape,,,,375 cm³,1498 cm³,135/80 R15,,,,,,,,,,,,Mecânicos,458 km,409 km,"10,4 km/l","9,3 km/l",126 cv,126 cv,"15,8 kgfm","15,5 kgfm",0W-20 ³,,,,,,,,,,,
honda,City,city,city-exl-1-5-at-2026,city-exl-1-5-at-2026,https://www.fichacompleta.com.br/carros/honda/city-exl-1-5-at-2026,2026-06-14T17:30:55.362152,Honda City EXL 1.5 AT 2026,"10,6 s",186 km/h,Corrente,Injeção direta,Natural,,4 em linha,L15B,Duplo no cabeçote,"89,5 mm",73 mm,Transversal,Dianteiro,"9,29 kg/cv","74,1 kg/kgfm","84,1 cv/litro",,"12,4:1",,,"10,5 kgfm/litro",,4,Conversor de torque,CVT,7,,Dianteira,1477 mm,1476 mm,1466 mm,,4574 mm,2600 mm,1748 mm,1171 kg,519 litros,44 litros,102 mm,Disco ventilado,Disco sólido,,,,Elétrica,"10,6 m",,"Indep., McPherson",Mola helicoidal,Eixo de torção,682 km,563 km,"15,5 km/l","12,8 km/l",144 mm,6200 rpm,4600 rpm,,,,,Admissão e escape,,,,375 cm³,1498 cm³,135/80 R15,,,,,,,,,,,,Mecânicos,458 km,409 km,"10,4 km/l","9,3 km/l",126 cv,126 cv,"15,8 kgfm","15,5 kgfm",0W-20 ³,,,,,,,,,,,
honda,City,city,city-lx-1-5-at-2026,city-lx-1-5-at-2026,https://www.fichacompleta.com.br/carros/honda/city-lx-1-5-at-2026,2026-06-14T17:30:57.973958,Honda City LX 1.5 AT 2026,"10,6 s",186 km/h,Corrente,Injeção direta,Natural,,4 em linha,L15B,Duplo no cabeçote,"89,5 mm",73 mm,Transversal,Dianteiro,"9,17 kg/cv","73,2 kg/kgfm","84,1 cv/litro",,"12,4:1",,,"10,5 kgfm/litro",,4,Conversor de torque,CVT,7,,Dianteira,1477 mm,1476 mm,1466 mm,,4574 mm,2600 mm,1748 mm,1156 kg,519 litros,44 litros,111 mm,Disco ventilado,Tambor,,,,Elétrica,"10,6 m",,"Indep., McPherson",Mola helicoidal,Eixo de torção,682 km,563 km,"15,5 km/l","12,8 km/l",144 mm,6200 rpm,4600 rpm,,,,,Admissão e escape,,,,375 cm³,1498 cm³,135/80 R15,,,,,,,,,,,,Mecânicos,458 km,409 km,"10,4 km/l","9,3 km/l",126 cv,126 cv,"15,8 kgfm","15,5 kgfm",0W-20 ³,,,,,,,,,,,
honda,City,city,city-touring-1-5-2026,city-touring-1-5-2026,https://www.fichacompleta.com.br/carros/honda/city-touring-1-5-2026,2026-06-14T17:31:00.664868,Honda City Touring 1.5 2026,"10,6 s",186 km/h,Corrente,Injeção direta,Natural,,4 em linha,L15B,Duplo no cabeçote,"89,5 mm",73 mm,Transversal,Dianteiro,"9,32 kg/cv","74,3 kg/kgfm","84,1 cv/litro",,"12,4:1",,,"10,5 kgfm/litro",,4,Conversor de torque,CVT,7,,Dianteira,1477 mm,1476 mm,1466 mm,,4574 mm,2600 mm,1748 mm,1174 kg,519 litros,44 litros,102 mm,Disco ventilado,Disco sólido,,,,Elétrica,"10,6 m",,"Indep., McPherson",Mola helicoidal,Eixo de torção,682 km,563 km,"15,5 km/l","12,8 km/l",144 mm,6200 rpm,4600 rpm,,,,,Admissão e escape,,,,375 cm³,1498 cm³,135/80 R15,,,,,,,,,,,,Mecânicos,458 km,409 km,"10,4 km/l","9,3 km/l",126 cv,126 cv,"15,8 kgfm","15,5 kgfm",0W-20 ³,,,,,,,,,,,
honda,City Hatch,city-hatch,city-hatch-exl-1-5-2022,city-hatch-exl-1-5-2022,https://www.fichacompleta.com.br/carros/honda/city-hatch-exl-1-5-2022,2026-06-14T17:31:19.451864,Honda City Hatch EXL 1.5 2022,"10,8 s",175 km/h,Corrente,Injeção direta,Natural,1497 cm³,4 em linha,L15B,Duplo no cabeçote,"89,5 mm",73 mm,Transversal,Dianteiro,"9,3 kg/cv","74,5 kg/kgfm","84,2 cv/litro",,"11,5:1",6200 rpm,4600 rpm,"10,6 kgfm/litro","15,8 kgfm (A)",4,Conversor de torque,CVT,7,,Dianteira,1498 mm,1476 mm,1466 mm,,4341 mm,2600 mm,1748 mm,1177 kg,268 litros,39 litros,102 mm,Disco ventilado,Tambor,,,,Elétrica,"10,6 m",,"Indep., McPherson",Mola helicoidal,Eixo de torção,577 km,519 km,"14,8 km/l","13,3 km/l",,,,,,,,Admissão,,,,,,135/80 R15,,,,,,,,,,,,,410 km,355 km,"10,5 km/l","9,1 km/l",126 cv,126 cv,"15,8 kgfm","15,5 kgfm",,,,,,,,,,,,
honda,City Hatch,city-hatch,city-hatch-touring-1-5-2022,city-hatch-touring-1-5-2022,https://www.fichacompleta.com.br/carros/honda/city-hatch-touring-1-5-2022,2026-06-14T17:31:22.674356,Honda City Hatch Touring 1.5 2022,"10,8 s",175 km/h,Corrente,Injeção direta,Natural,1497 cm³,4 em linha,L15B,Duplo no cabeçote,"89,5 mm",73 mm,Transversal,Dianteiro,"9,4 kg/cv","74,7 kg/kgfm","84,2 cv/litro",,"11,5:1",6200 rpm,4600 rpm,"10,6 kgfm/litro","15,8 kgfm (A)",4,Conversor de torque,CVT,7,,Dianteira,1498 mm,1476 mm,1466 mm,,4341 mm,2600 mm,1748 mm,1180 kg,268 litros,39 litros,102 mm,Disco ventilado,Tambor,,,,Elétrica,"10,6 m",,"Indep., McPherson",Mola helicoidal,Eixo de torção,577 km,519 km,"14,8 km/l","13,3 km/l",,,,,,,,Admissão,,,,,,135/80 R15,,,,,,,,,,,,,410 km,355 km,"10,5 km/l","9,1 km/l",126 cv,126 cv,"15,8 kgfm","15,5 kgfm",,,,,,,,,,,,
honda,City Hatch,city-hatch,city-hatch-exl-1-5-2023,city-hatch-exl-1-5-2023,https://www.fichacompleta.com.br/carros/honda/city-hatch-exl-1-5-2023,2026-06-14T17:31:27.432715,Honda City Hatch EXL 1.5 2023,"10,6 s",186 km/h,Corrente,Injeção direta,Natural,,4 em linha,L15B,Duplo no cabeçote,"89,5 mm",73 mm,Transversal,Dianteiro,"9,34 kg/cv","74,5 kg/kgfm","84,2 cv/litro",,"11,5:1",,,"10,6 kgfm/litro",,4,Conversor de torque,CVT,7,,Dianteira,1498 mm,1476 mm,1466 mm,,4341 mm,2600 mm,1748 mm,1177 kg,268 litros,39 litros,102 mm,Disco ventilado,Tambor,,,,Elétrica,"10,6 m",,"Indep., McPherson",Mola helicoidal,Eixo de torção,577 km,519 km,"14,8 km/l","13,3 km/l",,6200 rpm,4600 rpm,,,,,Admissão,,,,375 cm³,1497 cm³,135/80 R15,,,,,,,,,,,,,410 km,355 km,"10,5 km/l","9,1 km/l",126 cv,126 cv,"15,8 kgfm","15,5 kgfm",,,,,,,,,,,,
honda,City Hatch,city-hatch,city-hatch-touring-1-5-2023,city-hatch-touring-1-5-2023,https://www.fichacompleta.com.br/carros/honda/city-hatch-touring-1-5-2023,2026-06-14T17:31:31.120649,Honda City Hatch Touring 1.5 2023,"10,6 s",186 km/h,Corrente,Injeção direta,Natural,,4 em linha,L15B,Duplo no cabeçote,"89,5 mm",73 mm,Transversal,Dianteiro,"9,37 kg/cv","74,7 kg/kgfm","84,2 cv/litro",,"11,5:1",,,"10,6 kgfm/litro",,4,Conversor de torque,CVT,7,,Dianteira,1498 mm,1476 mm,1466 mm,,4341 mm,2600 mm,1748 mm,1180 kg,268 litros,39 litros,102 mm,Disco ventilado,Tambor,,,,Elétrica,"10,6 m",,"Indep., McPherson",Mola helicoidal,Eixo de torção,577 km,519 km,"14,8 km/l","13,3 km/l",,6200 rpm,4600 rpm,,,,,Admissão,,,,375 cm³,1497 cm³,135/80 R15,,,,,,,,,,,,,410 km,355 km,"10,5 km/l","9,1 km/l",126 cv,126 cv,"15,8 kgfm","15,5 kgfm",,,,,,,,,,,,
honda,City Hatch,city-hatch,city-hatch-ex-1-5-2024,city-hatch-ex-1-5-2024,https://www.fichacompleta.com.br/carros/honda/city-hatch-ex-1-5-2024,2026-06-14T17:31:35.368586,Honda City Hatch EX 1.5 2024,"10,6 s",186 km/h,Corrente,Injeção direta,Natural,,4 em linha,L15B,Duplo no cabeçote,"89,5 mm",73 mm,Transversal,Dianteiro,"9,33 kg/cv","74,4 kg/kgfm","84,1 cv/litro",,"12,4:1",,,"10,5 kgfm/litro",,4,Conversor de torque,CVT,7,,Dianteira,1498 mm,1476 mm,1466 mm,,4341 mm,2600 mm,1748 mm,1175 kg,268 litros,39 litros,102 mm,Disco ventilado,Tambor,,,,Elétrica,"10,6 m",,"Indep., McPherson",Mola helicoidal,Eixo de torção,577 km,519 km,"14,8 km/l","13,3 km/l",,6200 rpm,4600 rpm,,,,,Admissão,,,,375 cm³,1498 cm³,135/80 R15,,,,,,,,,,,,,410 km,355 km,"10,5 km/l","9,1 km/l",126 cv,126 cv,"15,8 kgfm","15,5 kgfm",0W-20 ³,,,,,,,,,,,
honda,City Hatch,city-hatch,city-hatch-exl-1-5-2024,city-hatch-exl-1-5-2024,https://www.fichacompleta.com.br/carros/honda/city-hatch-exl-1-5-2024,2026-06-14T17:31:39.759071,Honda City Hatch EXL 1.5 2024,"10,6 s",186 km/h,Corrente,Injeção direta,Natural,,4 em linha,L15B,Duplo no cabeçote,"89,5 mm",73 mm,Transversal,Dianteiro,"9,34 kg/cv","74,5 kg/kgfm","84,2 cv/litro",,"11,5:1",,,"10,6 kgfm/litro",,4,Conversor de torque,CVT,7,,Dianteira,1498 mm,1476 mm,1466 mm,,4341 mm,2600 mm,1748 mm,1177 kg,268 litros,39 litros,102 mm,Disco ventilado,Tambor,,,,Elétrica,"10,6 m",,"Indep., McPherson",Mola helicoidal,Eixo de torção,577 km,519 km,"14,8 km/l","13,3 km/l",,6200 rpm,4600 rpm,,,,,Admissão,,,,375 cm³,1497 cm³,135/80 R15,,,,,,,,,,,,,410 km,355 km,"10,5 km/l","9,1 km/l",126 cv,126 cv,"15,8 kgfm","15,5 kgfm",,,,,,,,,,,,
honda,City Hatch,city-hatch,city-hatch-lx-1-5-2024,city-hatch-lx-1-5-2024,https://www.fichacompleta.com.br/carros/honda/city-hatch-lx-1-5-2024,2026-06-14T17:31:44.513141,Honda City Hatch LX 1.5 2024,"10,6 s",186 km/h,Corrente,Injeção direta,Natural,,4 em linha,L15B,Duplo no cabeçote,"89,5 mm",73 mm,Transversal,Dianteiro,"9,25 kg/cv","73,8 kg/kgfm","84,1 cv/litro",,"12,4:1",,,"10,5 kgfm/litro",,4,Conversor de torque,CVT,7,,Dianteira,1498 mm,1476 mm,1466 mm,,4341 mm,2600 mm,1748 mm,1166 kg,268 litros,39 litros,111 mm,Disco ventilado,Tambor,,,,Elétrica,"10,6 m",,"Indep., McPherson",Mola helicoidal,Eixo de torção,577 km,519 km,"14,8 km/l","13,3 km/l",,6200 rpm,4600 rpm,,,,,Admissão,,,,375 cm³,1498 cm³,135/80 R15,,,,,,,,,,,,,410 km,355 km,"10,5 km/l","9,1 km/l",126 cv,126 cv,"15,8 kgfm","15,5 kgfm",0W-20 ³,,,,,,,,,,,
honda,City Hatch,city-hatch,city-hatch-touring-1-5-2024,city-hatch-touring-1-5-2024,https://www.fichacompleta.com.br/carros/honda/city-hatch-touring-1-5-2024,2026-06-14T17:31:47.224803,Honda City Hatch Touring 1.5 2024,"10,6 s",186 km/h,Corrente,Injeção direta,Natural,,4 em linha,L15B,Duplo no cabeçote,"89,5 mm",73 mm,Transversal,Dianteiro,"9,37 kg/cv","74,7 kg/kgfm","84,2 cv/litro",,"11,5:1",,,"10,6 kgfm/litro",,4,Conversor de torque,CVT,7,,Dianteira,1498 mm,1476 mm,1466 mm,,4341 mm,2600 mm,1748 mm,1180 kg,268 litros,39 litros,102 mm,Disco ventilado,Tambor,,,,Elétrica,"10,6 m",,"Indep., McPherson",Mola helicoidal,Eixo de torção,577 km,519 km,"14,8 km/l","13,3 km/l",,6200 rpm,4600 rpm,,,,,Admissão,,,,375 cm³,1497 cm³,135/80 R15,,,,,,,,,,,,,410 km,355 km,"10,5 km/l","9,1 km/l",126 cv,126 cv,"15,8 kgfm","15,5 kgfm",,,,,,,,,,,,
honda,City Hatch,city-hatch,city-hatch-ex-1-5-2025,city-hatch-ex-1-5-2025,https://www.fichacompleta.com.br/carros/honda/city-hatch-ex-1-5-2025,2026-06-14T17:31:52.010260,Honda City Hatch EX 1.5 2025,"10,6 s",186 km/h,Corrente,Injeção direta,Natural,,4 em linha,L15B,Duplo no cabeçote,"89,5 mm",73 mm,Transversal,Dianteiro,"9,38 kg/cv","74,8 kg/kgfm","84,1 cv/litro",,"12,4:1",,,"10,5 kgfm/litro",,4,Conversor de torque,CVT,7,,Dianteira,1498 mm,1476 mm,1466 mm,,4343 mm,2600 mm,1748 mm,1182 kg,268 litros,39 litros,102 mm,Disco ventilado,Disco sólido,,,,Elétrica,"10,6 m",,"Indep., McPherson",Mola helicoidal,Eixo de torção,585 km,515 km,15 km/l,"13,2 km/l",,6200 rpm,4600 rpm,,,,,Admissão,,,,375 cm³,1498 cm³,135/80 R15,,,,,,,,,,,,,410 km,359 km,"10,5 km/l","9,2 km/l",126 cv,126 cv,"15,8 kgfm","15,5 kgfm",0W-20 ³,,,,,,,,,,,
honda,City Hatch,city-hatch,city-hatch-exl-1-5-2025,city-hatch-exl-1-5-2025,https://www.fichacompleta.com.br/carros/honda/city-hatch-exl-1-5-2025,2026-06-14T17:31:54.546500,Honda City Hatch EXL 1.5 2025,"10,6 s",186 km/h,Corrente,Injeção direta,Natural,,4 em linha,L15B,Duplo no cabeçote,"89,5 mm",73 mm,Transversal,Dianteiro,"9,40 kg/cv","74,9 kg/kgfm","84,1 cv/litro",,"12,4:1",,,"10,5 kgfm/litro",,4,Conversor de torque,CVT,7,,Dianteira,1498 mm,1476 mm,1466 mm,,4343 mm,2600 mm,1748 mm,1184 kg,268 litros,39 litros,102 mm,Disco ventilado,Disco sólido,,,,Elétrica,"10,6 m",,"Indep., McPherson",Mola helicoidal,Eixo de torção,585 km,515 km,15 km/l,"13,2 km/l",,6200 rpm,4600 rpm,,,,,Admissão,,,,375 cm³,1498 cm³,135/80 R15,,,,,,,,,,,,,410 km,359 km,"10,5 km/l","9,2 km/l",126 cv,126 cv,"15,8 kgfm","15,5 kgfm",0W-20 ³,,,,,,,,,,,
honda,City Hatch,city-hatch,city-hatch-lx-1-5-2025,city-hatch-lx-1-5-2025,https://www.fichacompleta.com.br/carros/honda/city-hatch-lx-1-5-2025,2026-06-14T17:31:57.131922,Honda City Hatch LX 1.5 2025,"10,6 s",186 km/h,Corrente,Injeção direta,Natural,,4 em linha,L15B,Duplo no cabeçote,"89,5 mm",73 mm,Transversal,Dianteiro,"9,25 kg/cv","73,8 kg/kgfm","84,1 cv/litro",,"12,4:1",,,"10,5 kgfm/litro",,4,Conversor de torque,CVT,7,,Dianteira,1498 mm,1476 mm,1466 mm,,4343 mm,2600 mm,1748 mm,1166 kg,268 litros,39 litros,111 mm,Disco ventilado,Tambor,,,,Elétrica,"10,6 m",,"Indep., McPherson",Mola helicoidal,Eixo de torção,585 km,515 km,15 km/l,"13,2 km/l",,6200 rpm,4600 rpm,,,,,Admissão,,,,375 cm³,1498 cm³,135/80 R15,,,,,,,,,,,,,410 km,359 km,"10,5 km/l","9,2 km/l",126 cv,126 cv,"15,8 kgfm","15,5 kgfm",0W-20 ³,,,,,,,,,,,
honda,City Hatch,city-hatch,city-hatch-touring-1-5-2025,city-hatch-touring-1-5-2025,https://www.fichacompleta.com.br/carros/honda/city-hatch-touring-1-5-2025,2026-06-14T17:32:01.043083,Honda City Hatch Touring 1.5 2025,"10,6 s",186 km/h,Corrente,Injeção direta,Natural,,4 em linha,L15B,Duplo no cabeçote,"89,5 mm",73 mm,Transversal,Dianteiro,"9,40 kg/cv","74,9 kg/kgfm","84,1 cv/litro",,"12,4:1",,,"10,5 kgfm/litro",,4,Conversor de torque,CVT,7,,Dianteira,1498 mm,1476 mm,1466 mm,,4343 mm,2600 mm,1748 mm,1184 kg,268 litros,39 litros,102 mm,Disco ventilado,Disco sólido,,,,Elétrica,"10,6 m",,"Indep., McPherson",Mola helicoidal,Eixo de torção,585 km,515 km,15 km/l,"13,2 km/l",,6200 rpm,4600 rpm,,,,,Admissão,,,,375 cm³,1498 cm³,135/80 R15,,,,,,,,,,,,,410 km,359 km,"10,5 km/l","9,2 km/l",126 cv,126 cv,"15,8 kgfm","15,5 kgfm",0W-20 ³,,,,,,,,,,,
honda,City Hatch,city-hatch,city-hatch-ex-1-5-2026,city-hatch-ex-1-5-2026,https://www.fichacompleta.com.br/carros/honda/city-hatch-ex-1-5-2026,2026-06-14T17:32:04.901127,Honda City Hatch EX 1.5 2026,"10,6 s",186 km/h,Corrente,Injeção direta,Natural,,4 em linha,L15B,Duplo no cabeçote,"89,5 mm",73 mm,Transversal,Dianteiro,"9,38 kg/cv","74,8 kg/kgfm","84,1 cv/litro",,"12,4:1",,,"10,5 kgfm/litro",,4,Conversor de torque,CVT,7,,Dianteira,1498 mm,1476 mm,1466 mm,,4343 mm,2600 mm,1748 mm,1182 kg,268 litros,39 litros,102 mm,Disco ventilado,Disco sólido,,,,Elétrica,"10,6 m",,"Indep., McPherson",Mola helicoidal,Eixo de torção,585 km,515 km,15 km/l,"13,2 km/l",,6200 rpm,4600 rpm,,,,,Admissão e escape,,,,375 cm³,1498 cm³,135/80 R15,,,,,,,,,,,,Mecânicos,410 km,359 km,"10,5 km/l","9,2 km/l",126 cv,126 cv,"15,8 kgfm","15,5 kgfm",0W-20 ³,,,,,,,,,,,
honda,City Hatch,city-hatch,city-hatch-exl-1-5-2026,city-hatch-exl-1-5-2026,https://www.fichacompleta.com.br/carros/honda/city-hatch-exl-1-5-2026,2026-06-14T17:32:08.011253,Honda City Hatch EXL 1.5 2026,"10,6 s",186 km/h,Corrente,Injeção direta,Natural,,4 em linha,L15B,Duplo no cabeçote,"89,5 mm",73 mm,Transversal,Dianteiro,"9,40 kg/cv","74,9 kg/kgfm","84,1 cv/litro",,"12,4:1",,,"10,5 kgfm/litro",,4,Conversor de torque,CVT,7,,Dianteira,1498 mm,1476 mm,1466 mm,,4343 mm,2600 mm,1748 mm,1184 kg,268 litros,39 litros,102 mm,Disco ventilado,Disco sólido,,,,Elétrica,"10,6 m",,"Indep., McPherson",Mola helicoidal,Eixo de torção,585 km,515 km,15 km/l,"13,2 km/l",,6200 rpm,4600 rpm,,,,,Admissão e escape,,,,375 cm³,1498 cm³,135/80 R15,,,,,,,,,,,,Mecânicos,410 km,359 km,"10,5 km/l","9,2 km/l",126 cv,126 cv,"15,8 kgfm","15,5 kgfm",0W-20 ³,,,,,,,,,,,
honda,City Hatch,city-hatch,city-hatch-lx-1-5-2026,city-hatch-lx-1-5-2026,https://www.fichacompleta.com.br/carros/honda/city-hatch-lx-1-5-2026,2026-06-14T17:32:11.217874,Honda City Hatch LX 1.5 2026,"10,6 s",186 km/h,Corrente,Injeção direta,Natural,,4 em linha,L15B,Duplo no cabeçote,"89,5 mm",73 mm,Transversal,Dianteiro,"9,25 kg/cv","73,8 kg/kgfm","84,1 cv/litro",,"12,4:1",,,"10,5 kgfm/litro",,4,Conversor de torque,CVT,7,,Dianteira,1498 mm,1476 mm,1466 mm,,4343 mm,2600 mm,1748 mm,1166 kg,268 litros,39 litros,111 mm,Disco ventilado,Tambor,,,,Elétrica,"10,6 m",,"Indep., McPherson",Mola helicoidal,Eixo de torção,585 km,515 km,15 km/l,"13,2 km/l",,6200 rpm,4600 rpm,,,,,Admissão e escape,,,,375 cm³,1498 cm³,135/80 R15,,,,,,,,,,,,Mecânicos,410 km,359 km,"10,5 km/l","9,2 km/l",126 cv,126 cv,"15,8 kgfm","15,5 kgfm",0W-20 ³,,,,,,,,,,,
honda,City Hatch,city-hatch,city-hatch-touring-1-5-2026,city-hatch-touring-1-5-2026,https://www.fichacompleta.com.br/carros/honda/city-hatch-touring-1-5-2026,2026-06-14T17:32:14.851042,Honda City Hatch Touring 1.5 2026,"10,6 s",186 km/h,Corrente,Injeção direta,Natural,,4 em linha,L15B,Duplo no cabeçote,"89,5 mm",73 mm,Transversal,Dianteiro,"9,40 kg/cv","74,9 kg/kgfm","84,1 cv/litro",,"12,4:1",,,"10,5 kgfm/litro",,4,Conversor de torque,CVT,7,,Dianteira,1498 mm,1476 mm,1466 mm,,4343 mm,2600 mm,1748 mm,1184 kg,268 litros,39 litros,102 mm,Disco ventilado,Disco sólido,,,,Elétrica,"10,6 m",,"Indep., McPherson",Mola helicoidal,Eixo de torção,585 km,515 km,15 km/l,"13,2 km/l",,6200 rpm,4600 rpm,,,,,Admissão e escape,,,,375 cm³,1498 cm³,135/80 R15,,,,,,,,,,,,Mecânicos,410 km,359 km,"10,5 km/l","9,2 km/l",126 cv,126 cv,"15,8 kgfm","15,5 kgfm",0W-20 ³,,,,,,,,,,,
honda,City Hatch,city-hatch,city-hatch-touring-sport-1-5-2026,city-hatch-touring-sport-1-5-2026,https://www.fichacompleta.com.br/carros/honda/city-hatch-touring-sport-1-5-2026,2026-06-14T17:32:18.022851,Honda City Hatch Touring Sport 1.5 2026,"10,6 s",186 km/h,Corrente,Injeção direta,Natural,,4 em linha,L15B,Duplo no cabeçote,"89,5 mm",73 mm,Transversal,Dianteiro,"9,40 kg/cv","74,9 kg/kgfm","84,1 cv/litro",,"12,4:1",,,"10,5 kgfm/litro",,4,Conversor de torque,CVT,7,,Dianteira,1498 mm,1476 mm,1466 mm,,4343 mm,2600 mm,1748 mm,1184 kg,268 litros,39 litros,102 mm,Disco ventilado,Disco sólido,,,,Elétrica,"10,6 m",,"Indep., McPherson",Mola helicoidal,Eixo de torção,585 km,515 km,15 km/l,"13,2 km/l",,6200 rpm,4600 rpm,,,,,Admissão e escape,,,,375 cm³,1498 cm³,135/80 R15,,,,,,,,,,,,Mecânicos,410 km,359 km,"10,5 km/l","9,2 km/l",126 cv,126 cv,"15,8 kgfm","15,5 kgfm",0W-20 ³,,,,,,,,,,,
honda,Civic,civic,civic-ex-1-6-1992,civic-ex-1-6-1992,https://www.fichacompleta.com.br/carros/honda/civic-ex-1-6-1992,2026-06-14T17:32:35.917375,Honda Civic EX 1.6 1992,12 s,190 km/h,Correia dentada,Injeção multiponto,Natural,1590 cm³,4 em linha,D16Z6,Único no cabeçote,90 mm,75 mm,Transversal,Dianteiro,"9,2 kg/cv","78,8 kg/kgfm","78,6 cv/litro",125 cv,"9,2:1",,,"9,2 kgfm/litro","14,6 kgfm",4,Embreagem monodisco a seco,Manual,5,,Dianteira,1390 mm,1475 mm,1470 mm,465 kg,4315 mm,2620 mm,1695 mm,1150 kg,376 litros,45 litros,111 mm,Disco ventilado,Disco sólido,2 m²,"0,700 m²","0,35",Hidráulica,"9,7 m",,"Indep., braços sobrepostos",Mola helicoidal,"Indep., braços sobrepostos",675 km,428 km,15 km/l,"9,5 km/l",,6600 rpm,5600 rpm,,,,,Admissão,,,,,,,,,,,,,,,,,,Mecânicos,,,,,,,,,,,,,,,,,,,,
honda,Civic,civic,civic-ex-1-6-at-1992,civic-ex-1-6-at-1992,https://www.fichacompleta.com.br/carros/honda/civic-ex-1-6-at-1992,2026-06-14T17:32:39.172634,Honda Civic EX 1.6 AT 1992,13 s,184 km/h,Correia dentada,Injeção multiponto,Natural,1590 cm³,4 em linha,D16Z6,Único no cabeçote,90 mm,75 mm,Transversal,Dianteiro,"9,4 kg/cv","80,1 kg/kgfm","78,6 cv/litro",125 cv,"9,2:1",,,"9,2 kgfm/litro","14,6 kgfm",4,Conversor de torque,Automático,4,,Dianteira,1390 mm,1475 mm,1470 mm,465 kg,4315 mm,2620 mm,1695 mm,1170 kg,376 litros,45 litros,111 mm,Disco ventilado,Disco sólido,2 m²,"0,700 m²","0,35",Hidráulica,"9,7 m",,"Indep., braços sobrepostos",Mola helicoidal,"Indep., braços sobrepostos",639 km,414 km,"14,2 km/l","9,2 km/l",,6600 rpm,5600 rpm,,,,,Admissão,,,,,,,,,,,,,,,,,,Mecânicos,,,,,,,,,,,,,,,,,,,,
honda,Civic,civic,civic-ex-1-6-1993,civic-ex-1-6-1993,https://www.fichacompleta.com.br/carros/honda/civic-ex-1-6-1993,2026-06-14T17:32:44.025174,Honda Civic EX 1.6 1993,12 s,190 km/h,Correia dentada,Injeção multiponto,Natural,1590 cm³,4 em linha,D16Z6,Único no cabeçote,90 mm,75 mm,Transversal,Dianteiro,"9,2 kg/cv","78,8 kg/kgfm","78,6 cv/litro",125 cv,"9,2:1",,,"9,2 kgfm/litro","14,6 kgfm",4,Embreagem monodisco a seco,Manual,5,,Dianteira,1390 mm,1475 mm,1470 mm,465 kg,4315 mm,2620 mm,1695 mm,1150 kg,376 litros,45 litros,111 mm,Disco ventilado,Disco sólido,2 m²,"0,700 m²","0,35",Hidráulica,"9,7 m",,"Indep., braços sobrepostos",Mola helicoidal,"Indep., braços sobrepostos",675 km,428 km,15 km/l,"9,5 km/l",,6600 rpm,5600 rpm,,,,,Admissão,,,,,,,,,,,,,,,,,,Mecânicos,,,,,,,,,,,,,,,,,,,,
honda,Civic,civic,civic-ex-1-6-at-1993,civic-ex-1-6-at-1993,https://www.fichacompleta.com.br/carros/honda/civic-ex-1-6-at-1993,2026-06-14T17:32:48.293582,Honda Civic EX 1.6 AT 1993,13 s,184 km/h,Correia dentada,Injeção multiponto,Natural,1590 cm³,4 em linha,D16Z6,Único no cabeçote,90 mm,75 mm,Transversal,Dianteiro,"9,4 kg/cv","80,1 kg/kgfm","78,6 cv/litro",125 cv,"9,2:1",,,"9,2 kgfm/litro","14,6 kgfm",4,Conversor de torque,Automático,4,,Dianteira,1390 mm,1475 mm,1470 mm,465 kg,4315 mm,2620 mm,1695 mm,1170 kg,376 litros,45 litros,111 mm,Disco ventilado,Disco sólido,2 m²,"0,700 m²","0,35",Hidráulica,"9,7 m",,"Indep., braços sobrepostos",Mola helicoidal,"Indep., braços sobrepostos",639 km,414 km,"14,2 km/l","9,2 km/l",,6600 rpm,5600 rpm,,,,,Admissão,,,,,,,,,,,,,,,,,,Mecânicos,,,,,,,,,,,,,,,,,,,,
honda,Civic,civic,civic-lx-1-5-1993,civic-lx-1-5-1993,https://www.fichacompleta.com.br/carros/honda/civic-lx-1-5-1993,2026-06-14T17:32:52.448898,Honda Civic LX 1.5 1993,13 s,182 km/h,Correia dentada,Injeção multiponto,Natural,1493 cm³,4 em linha,D15B7,Único no cabeçote,"84,5 mm",75 mm,Transversal,Dianteiro,"11,0 kg/cv","84,1 kg/kgfm","69,0 cv/litro",103 cv,"9,2:1",,,"9,0 kgfm/litro","13,5 kgfm",4,Embreagem monodisco a seco,Manual,5,,Dianteira,1390 mm,1475 mm,1470 mm,465 kg,4315 mm,2620 mm,1695 mm,1135 kg,376 litros,45 litros,123 mm,Disco ventilado,Tambor,2 m²,"0,700 m²","0,35",Hidráulica,"9,7 m",,"Indep., braços sobrepostos",Mola helicoidal,"Indep., braços sobrepostos",675 km,428 km,15 km/l,"9,5 km/l",,5900 rpm,5000 rpm,,,,,,,,,,,,6500 rpm,,,,,,,,,,,Mecânicos,,,,,,,,,,,,,,,,,,,,
honda,Civic,civic,civic-lx-1-5-at-1993,civic-lx-1-5-at-1993,https://www.fichacompleta.com.br/carros/honda/civic-lx-1-5-at-1993,2026-06-14T17:32:55.510471,Honda Civic LX 1.5 AT 1993,"13,3 s",180 km/h,Correia dentada,Injeção multiponto,Natural,1493 cm³,4 em linha,D15B7,Único no cabeçote,"84,5 mm",75 mm,Transversal,Dianteiro,"11,2 kg/cv","85,2 kg/kgfm","69,0 cv/litro",103 cv,"9,2:1",,,"9,0 kgfm/litro","13,5 kgfm",4,Conversor de torque,Automático,4,,Dianteira,1390 mm,1475 mm,1470 mm,465 kg,4315 mm,2620 mm,1695 mm,1150 kg,376 litros,45 litros,123 mm,Disco ventilado,Tambor,2 m²,"0,700 m²","0,35",Hidráulica,"9,7 m",,"Indep., braços sobrepostos",Mola helicoidal,"Indep., braços sobrepostos",639 km,414 km,"14,2 km/l","9,2 km/l",,5900 rpm,5000 rpm,,,,,,,,,,,,6500 rpm,,,,,,,,,,,Mecânicos,,,,,,,,,,,,,,,,,,,,
honda,Civic,civic,civic-ex-1-6-1994,civic-ex-1-6-1994,https://www.fichacompleta.com.br/carros/honda/civic-ex-1-6-1994,2026-06-14T17:32:58.237391,Honda Civic EX 1.6 1994,12 s,190 km/h,Correia dentada,Injeção multiponto,Natural,1590 cm³,4 em linha,D16Z6,Único no cabeçote,90 mm,75 mm,Transversal,Dianteiro,"9,2 kg/cv","78,8 kg/kgfm","78,6 cv/litro",125 cv,"9,2:1",,,"9,2 kgfm/litro","14,6 kgfm",4,Embreagem monodisco a seco,Manual,5,,Dianteira,1390 mm,1475 mm,1470 mm,465 kg,4315 mm,2620 mm,1695 mm,1150 kg,376 litros,45 litros,111 mm,Disco ventilado,Disco sólido,2 m²,"0,700 m²","0,35",Hidráulica,"9,7 m",,"Indep., braços sobrepostos",Mola helicoidal,"Indep., braços sobrepostos",675 km,428 km,15 km/l,"9,5 km/l",,6600 rpm,5600 rpm,,,,,Admissão,,,,,,,,,,,,,,,,,,Mecânicos,,,,,,,,,,,,,,,,,,,,
honda,Civic,civic,civic-ex-1-6-at-1994,civic-ex-1-6-at-1994,https://www.fichacompleta.com.br/carros/honda/civic-ex-1-6-at-1994,2026-06-14T17:33:02.403427,Honda Civic EX 1.6 AT 1994,"13,3 s",184 km/h,Correia dentada,Injeção multiponto,Natural,1590 cm³,4 em linha,D16Z6,Único no cabeçote,90 mm,75 mm,Transversal,Dianteiro,"9,4 kg/cv","80,1 kg/kgfm","78,6 cv/litro",125 cv,"9,2:1",6600 rpm,5600 rpm,"9,2 kgfm/litro","14,6 kgfm",4,Conversor de torque,Automático,4,4,Dianteira,1390 mm,1475 mm,1470 mm,465 kg,4315 mm,2620 mm,1695 mm,1170 kg,376 litros,45 litros,111 mm,Disco ventilado,Disco sólido,2 m²,"0,700 m²","0,35",Hidráulica,"9,7 m","9,7 m","Indep., braços sobrepostos",Mola helicoidal,"Indep., braços sobrepostos",639 km,414 km,"14,2 km/l","9,2 km/l",,,,,,,,Admissão,,,"0,35",,,,,,,,,,,,,,,Mecânicos,,,,,,,,,,,,,,,,,,,,
honda,Civic,civic,civic-lx-1-5-1994,civic-lx-1-5-1994,https://www.fichacompleta.com.br/carros/honda/civic-lx-1-5-1994,2026-06-14T17:33:07.119469,Honda Civic LX 1.5 1994,13 s,182 km/h,Correia dentada,Injeção multiponto,Natural,1493 cm³,4 em linha,D15B7,Único no cabeçote,"84,5 mm",75 mm,Transversal,Dianteiro,"11,0 kg/cv","84,1 kg/kgfm","69,0 cv/litro",103 cv,"9,2:1",,,"9,0 kgfm/litro","13,5 kgfm",4,Embreagem monodisco a seco,Manual,5,,Dianteira,1390 mm,1475 mm,1470 mm,465 kg,4315 mm,2620 mm,1695 mm,1135 kg,376 litros,45 litros,123 mm,Disco ventilado,Tambor,2 m²,"0,700 m²","0,35",Hidráulica,"9,7 m",,"Indep., braços sobrepostos",Mola helicoidal,"Indep., braços sobrepostos",675 km,428 km,15 km/l,"9,5 km/l",,5900 rpm,5000 rpm,,,,,,,,,,,,6500 rpm,,,,,,,,,,,Mecânicos,,,,,,,,,,,,,,,,,,,,
honda,Civic,civic,civic-ex-1-6-1995,civic-ex-1-6-1995,https://www.fichacompleta.com.br/carros/honda/civic-ex-1-6-1995,2026-06-14T17:33:10.353742,Honda Civic EX 1.6 1995,12 s,190 km/h,Correia dentada,Injeção multiponto,Natural,1590 cm³,4 em linha,D16Z6,Único no cabeçote,90 mm,75 mm,Transversal,Dianteiro,"9,2 kg/cv","78,8 kg/kgfm","78,6 cv/litro",125 cv,"9,2:1",,,"9,2 kgfm/litro","14,6 kgfm",4,Embreagem monodisco a seco,Manual,5,,Dianteira,1390 mm,1475 mm,1470 mm,465 kg,4315 mm,2620 mm,1695 mm,1150 kg,376 litros,45 litros,111 mm,Disco ventilado,Disco sólido,2 m²,"0,700 m²","0,35",Hidráulica,"9,7 m",,"Indep., braços sobrepostos",Mola helicoidal,"Indep., braços sobrepostos",675 km,428 km,15 km/l,"9,5 km/l",,6600 rpm,5600 rpm,,,,,Admissão,,,,,,,,,,,,,,,,,,Mecânicos,,,,,,,,,,,,,,,,,,,,
honda,Civic,civic,civic-ex-1-6-at-1995,civic-ex-1-6-at-1995,https://www.fichacompleta.com.br/carros/honda/civic-ex-1-6-at-1995,2026-06-14T17:33:14.664846,Honda Civic EX 1.6 AT 1995,13 s,184 km/h,Correia dentada,Injeção multiponto,Natural,1590 cm³,4 em linha,D16Z6,Único no cabeçote,90 mm,75 mm,Transversal,Dianteiro,"9,4 kg/cv","80,1 kg/kgfm","78,6 cv/litro",125 cv,"9,2:1",,,"9,2 kgfm/litro","14,6 kgfm",4,Conversor de torque,Automático,4,,Dianteira,1390 mm,1475 mm,1470 mm,465 kg,4315 mm,2620 mm,1695 mm,1170 kg,376 litros,45 litros,111 mm,Disco ventilado,Disco sólido,2 m²,"0,700 m²","0,35",Hidráulica,"9,7 m",,"Indep., braços sobrepostos",Mola helicoidal,"Indep., braços sobrepostos",639 km,414 km,"14,2 km/l","9,2 km/l",,6600 rpm,5600 rpm,,,,,Admissão,,,,,,,,,,,,,,,,,,Mecânicos,,,,,,,,,,,,,,,,,,,,
honda,Civic,civic,civic-lx-1-5-1995,civic-lx-1-5-1995,https://www.fichacompleta.com.br/carros/honda/civic-lx-1-5-1995,2026-06-14T17:33:19.446648,Honda Civic LX 1.5 1995,13 s,182 km/h,Correia dentada,Injeção multiponto,Natural,1493 cm³,4 em linha,D15B7,Único no cabeçote,"84,5 mm",75 mm,Transversal,Dianteiro,"11,0 kg/cv","84,1 kg/kgfm","69,0 cv/litro",103 cv,"9,2:1",,,"9,0 kgfm/litro","13,5 kgfm",4,Embreagem monodisco a seco,Manual,5,,Dianteira,1390 mm,1475 mm,1470 mm,465 kg,4315 mm,2620 mm,1695 mm,1135 kg,376 litros,45 litros,111 mm,Disco ventilado,Tambor,2 m²,"0,700 m²","0,35",Hidráulica,"9,7 m",,"Indep., braços sobrepostos",Mola helicoidal,"Indep., braços sobrepostos",675 km,428 km,15 km/l,"9,5 km/l",,5900 rpm,5000 rpm,,,,,,,,,,,,6500 rpm,,,,,,,,,,,Mecânicos,,,,,,,,,,,,,,,,,,,,
honda,Civic,civic,civic-lx-1-5-at-1995,civic-lx-1-5-at-1995,https://www.fichacompleta.com.br/carros/honda/civic-lx-1-5-at-1995,2026-06-14T17:33:24.146118,Honda Civic LX 1.5 AT 1995,"13,3 s",180 km/h,Correia dentada,Injeção multiponto,Natural,1493 cm³,4 em linha,D15B7,Único no cabeçote,"84,5 mm",75 mm,Transversal,Dianteiro,"11,2 kg/cv","85,2 kg/kgfm","69,0 cv/litro",103 cv,"9,2:1",,,"9,0 kgfm/litro","13,5 kgfm",4,Conversor de torque,Automático,4,,Dianteira,1390 mm,1475 mm,1470 mm,465 kg,4315 mm,2620 mm,1695 mm,1150 kg,376 litros,45 litros,111 mm,Disco ventilado,Tambor,2 m²,"0,700 m²","0,35",Hidráulica,"9,7 m",,"Indep., braços sobrepostos",Mola helicoidal,"Indep., braços sobrepostos",639 km,414 km,"14,2 km/l","9,2 km/l",,5900 rpm,5000 rpm,,,,,,,,,,,,6500 rpm,,,,,,,,,,,Mecânicos,,,,,,,,,,,,,,,,,,,,
honda,Civic,civic,civic-ex-1-6-at-1996,civic-ex-1-6-at-1996,https://www.fichacompleta.com.br/carros/honda/civic-ex-1-6-at-1996,2026-06-14T17:33:28.389402,Honda Civic EX 1.6 AT 1996,"13,7 s",171 km/h,Correia dentada,Injeção multiponto,Natural,,4 em linha,D16Y8,Único no cabeçote,90 mm,75 mm,Transversal,Dianteiro,"9,02 kg/cv","77,4 kg/kgfm","79,9 cv/litro",127 cv,"9,2:1",,,"9,3 kgfm/litro","14,8 kgfm",4,Conversor de torque,Automático,4,,Dianteira,1410 mm,,,,4450 mm,2620 mm,1705 mm,1145 kg,337 litros,45 litros,120 mm,Disco ventilado,Tambor,,,,Hidráulica,"11,7 m",,"Indep., braços sobrepostos",Mola helicoidal,"Indep., braços sobrepostos",630 km,495 km,14 km/l,11 km/l,,6600 rpm,5500 rpm,,,,,Admissão,,,,398 cm³,1590 cm³,,,,,,,,,,,,,Mecânicos,,,,,,,,,,,,,,,,,,,,
honda,Civic,civic,civic-lx-1-6-1996,civic-lx-1-6-1996,https://www.fichacompleta.com.br/carros/honda/civic-lx-1-6-1996,2026-06-14T17:33:32.510882,Honda Civic LX 1.6 1996,"13,9 s",165 km/h,Correia dentada,Injeção multiponto,Natural,1590 cm³,4 em linha,D16Y7,Único no cabeçote,90 mm,75 mm,Transversal,Dianteiro,"10,3 kg/cv","76,9 kg/kgfm","66,7 cv/litro",106 cv,"9,4:1",,,"8,9 kgfm/litro","14,2 kgfm",4,Embreagem monodisco a seco,Manual,5,,Dianteira,1410 mm,,,,4450 mm,2620 mm,1705 mm,1092 kg,337 litros,45 litros,120 mm,Disco ventilado,Tambor,,,,Hidráulica,"11,7 m",,"Indep., braços sobrepostos",Mola helicoidal,"Indep., braços sobrepostos",653 km,450 km,"14,5 km/l",10 km/l,,6200 rpm,4600 rpm,,,,,,,,,,,,,,,,,,,,,,,Mecânicos,,,,,,,,,,,,,,,,,,,,
honda,Civic,civic,civic-lx-1-6-at-1996,civic-lx-1-6-at-1996,https://www.fichacompleta.com.br/carros/honda/civic-lx-1-6-at-1996,2026-06-14T17:33:36.717294,Honda Civic LX 1.6 AT 1996,14 s,165 km/h,Correia dentada,Injeção multiponto,Natural,1590 cm³,4 em linha,D16Y7,Único no cabeçote,90 mm,75 mm,Transversal,Dianteiro,"10,8 kg/cv","80,6 kg/kgfm","66,7 cv/litro",106 cv,"9,4:1",,,"8,9 kgfm/litro","14,2 kgfm",4,Conversor de torque,Automático,4,,Dianteira,1410 mm,,,,4450 mm,2620 mm,1705 mm,1145 kg,337 litros,45 litros,120 mm,Disco ventilado,Tambor,,,,Hidráulica,"11,7 m",,"Indep., braços sobrepostos",Mola helicoidal,"Indep., braços sobrepostos",630 km,495 km,14 km/l,11 km/l,,6600 rpm,4600 rpm,,,,,,,,,,,,,,,,,,,,,,,Mecânicos,,,,,,,,,,,,,,,,,,,,
honda,Civic,civic,civic-ex-1-6-at-1997,civic-ex-1-6-at-1997,https://www.fichacompleta.com.br/carros/honda/civic-ex-1-6-at-1997,2026-06-14T17:33:40.702901,Honda Civic EX 1.6 AT 1997,"13,7 s",171 km/h,Correia dentada,Injeção multiponto,Natural,1590 cm³,4 em linha,D16Y8,Único no cabeçote,90 mm,75 mm,Transversal,Dianteiro,"9,0 kg/cv","77,4 kg/kgfm","79,9 cv/litro",127 cv,"9,2:1",,,"9,3 kgfm/litro","14,8 kgfm",4,Conversor de torque,Automático,4,,Dianteira,1410 mm,,,,4450 mm,2620 mm,1705 mm,1145 kg,337 litros,45 litros,120 mm,Disco ventilado,Tambor,,,,Hidráulica,"11,7 m",,"Indep., braços sobrepostos",Mola helicoidal,"Indep., braços sobrepostos",630 km,495 km,14 km/l,11 km/l,,6600 rpm,5500 rpm,,,,,Admissão,,,,,,,,,,,,,,,,,,Mecânicos,,,,,,,,,,,,,,,,,,,,
honda,Civic,civic,civic-lx-1-6-1997,civic-lx-1-6-1997,https://www.fichacompleta.com.br/carros/honda/civic-lx-1-6-1997,2026-06-14T17:33:44.723062,Honda Civic LX 1.6 1997,"13,9 s",165 km/h,Correia dentada,Injeção multiponto,Natural,1590 cm³,4 em linha,D16Y7,Único no cabeçote,90 mm,75 mm,Transversal,Dianteiro,"10,3 kg/cv","76,9 kg/kgfm","66,7 cv/litro",106 cv,"9,4:1",,,"8,9 kgfm/litro","14,2 kgfm",4,Embreagem monodisco a seco,Manual,5,,Dianteira,1410 mm,,,,4450 mm,2620 mm,1705 mm,1092 kg,337 litros,45 litros,120 mm,Disco ventilado,Tambor,,,,Hidráulica,"11,7 m",,"Indep., braços sobrepostos",Mola helicoidal,"Indep., braços sobrepostos",653 km,450 km,"14,5 km/l",10 km/l,,6200 rpm,4600 rpm,,,,,,,,,,,,,,,,,,,,,,,Mecânicos,,,,,,,,,,,,,,,,,,,,
honda,Civic,civic,civic-lx-1-6-at-1997,civic-lx-1-6-at-1997,https://www.fichacompleta.com.br/carros/honda/civic-lx-1-6-at-1997,2026-06-14T17:33:48.161845,Honda Civic LX 1.6 AT 1997,14 s,165 km/h,,Injeção multiponto,Natural,1590 cm³,4 em linha,D16Y7,"Único no cabeçote, correia dentada",90 mm,75 mm,Transversal,Dianteiro,"10,8 kg/cv","80,6 kg/kgfm","66,7 cv/litro",106 cv a 6600 rpm,"9,4:1",,,"8,9 kgfm/litro","14,2 kgfm a 4600 rpm",4,Conversor de torque,Automático,,4,Dianteira,1410 mm,,,,4450 mm,2620 mm,1705 mm,1145 kg,337 litros,45 litros,120 mm,Disco ventilado,Tambor,,,,Hidráulica,,"11,7 m","Independente, braços sobrepostos",Mola helicoidal,"Independente, braços sobrepostos",630 km,495 km,14 km/l,11 km/l,,,,,,,,,,,,,,,,,,,,,,,,,,Mecânicos,,,,,,,,,,,,,,,,,,,,
honda,Civic,civic,civic-ex-1-6-1998,civic-ex-1-6-1998,https://www.fichacompleta.com.br/carros/honda/civic-ex-1-6-1998,2026-06-14T17:33:52.100504,Honda Civic EX 1.6 1998,"10,3 s",190 km/h,,Injeção multiponto,Natural,1590 cm³,4 em linha,D16Y8,"Único no cabeçote, correia dentada",90 mm,75 mm,Transversal,Dianteiro,"9,0 kg/cv","76,9 kg/kgfm","79,9 cv/litro",127 cv a 6600 rpm,"9,2:1",,,"9,3 kgfm/litro","14,8 kgfm a 5500 rpm",4,Embreagem monodisco a seco,Manual,,5,Dianteira,1410 mm,,,,4450 mm,2620 mm,1705 mm,1138 kg,337 litros,45 litros,120 mm,Disco ventilado,Tambor,,,,Hidráulica,,"11,7 m","Independente, braços sobrepostos",Mola helicoidal,"Independente, braços sobrepostos",585 km,477 km,13 km/l,"10,6 km/l",,,,,,,,Admissão,,,,,,,,,,,,,,,,,,Mecânicos,,,,,,,,,,,,,,,,,,,,
honda,Civic,civic,civic-ex-1-6-at-1998,civic-ex-1-6-at-1998,https://www.fichacompleta.com.br/carros/honda/civic-ex-1-6-at-1998,2026-06-14T17:33:55.654984,Honda Civic EX 1.6 AT 1998,"13,7 s",171 km/h,Correia dentada,Injeção multiponto,Natural,1590 cm³,4 em linha,D16Y8,Único no cabeçote,90 mm,75 mm,Transversal,Dianteiro,"9,0 kg/cv","77,4 kg/kgfm","79,9 cv/litro",127 cv,"9,2:1",6600 rpm,5500 rpm,"9,3 kgfm/litro","14,8 kgfm",4,Conversor de torque,Automático,4,4,Dianteira,1410 mm,,,,4450 mm,2620 mm,1705 mm,1145 kg,337 litros,45 litros,120 mm,Disco ventilado,Tambor,,,,Hidráulica,"11,7 m","11,7 m","Indep., braços sobrepostos",Mola helicoidal,"Indep., braços sobrepostos",630 km,495 km,14 km/l,11 km/l,,,,,,,,Admissão,,,,,,,,,,,,,,,,,,Mecânicos,,,,,,,,,,,,,,,,,,,,
honda,Civic,civic,civic-lx-1-6-1998,civic-lx-1-6-1998,https://www.fichacompleta.com.br/carros/honda/civic-lx-1-6-1998,2026-06-14T17:33:59.294883,Honda Civic LX 1.6 1998,"13,9 s",165 km/h,Correia dentada,Injeção multiponto,Natural,1590 cm³,4 em linha,D16Y7,Único no cabeçote,90 mm,75 mm,Transversal,Dianteiro,"10,3 kg/cv","76,9 kg/kgfm","66,7 cv/litro",,"9,4:1",6200 rpm,4600 rpm,"8,9 kgfm/litro",,4,Embreagem monodisco a seco,Manual,5,,Dianteira,1410 mm,,,,4450 mm,2620 mm,1705 mm,1092 kg,337 litros,45 litros,120 mm,Disco ventilado,Tambor,,,,Hidráulica,"11,7 m",,"Indep., braços sobrepostos",Mola helicoidal,"Indep., braços sobrepostos",653 km,450 km,"14,5 km/l",10 km/l,,,,106 cv,"14,2 kgfm",,,,,,,,,,,,,,,,,,,,,Mecânicos,,,,,,,,,,,,,,,,,,,,
honda,Civic,civic,civic-lx-1-6-at-1998,civic-lx-1-6-at-1998,https://www.fichacompleta.com.br/carros/honda/civic-lx-1-6-at-1998,2026-06-14T17:34:03.187530,Honda Civic LX 1.6 AT 1998,14 s,165 km/h,Correia dentada,Injeção multiponto,Natural,1590 cm³,4 em linha,D16Y7,Único no cabeçote,90 mm,75 mm,Transversal,Dianteiro,"10,8 kg/cv","80,6 kg/kgfm","66,7 cv/litro",,"9,4:1",6200 rpm,4600 rpm,"8,9 kgfm/litro",,4,Conversor de torque,Automático,4,,Dianteira,1410 mm,,,,4450 mm,2620 mm,1705 mm,1145 kg,337 litros,45 litros,120 mm,Disco ventilado,Tambor,,,,Hidráulica,"11,7 m",,"Indep., braços sobrepostos",Mola helicoidal,"Indep., braços sobrepostos",630 km,495 km,14 km/l,11 km/l,,,,106 cv,"14,2 kgfm",,,,,,,,,,,,,,,,,,,,,Mecânicos,,,,,,,,,,,,,,,,,,,,
honda,Civic,civic,civic-ex-1-6-1999,civic-ex-1-6-1999,https://www.fichacompleta.com.br/carros/honda/civic-ex-1-6-1999,2026-06-14T17:34:07.136236,Honda Civic EX 1.6 1999,"10,3 s",190 km/h,,Injeção multiponto,Natural,1590 cm³,4 em linha,D16Y8,"Único no cabeçote, correia dentada",,,Transversal,Dianteiro,"9,0 kg/cv","76,9 kg/kgfm","79,9 cv/litro",127 cv a 6600 rpm,"9,2:1",,,"9,3 kgfm/litro","14,8 kgfm a 5500 rpm",4,,Manual,,5,Dianteira,1410 mm,,,,4450 mm,2620 mm,1705 mm,1138 kg,337 litros,45 litros,120 mm,Disco ventilado,Tambor,,,,Hidráulica,,"11,7 m","Independente, braços sobrepostos",Mola helicoidal,"Independente, braços sobrepostos",585 km,477 km,13 km/l,"10,6 km/l",,,,,,90 mm,75 mm,Admissão,,,,,,,,,,,,,,,,,,Mecânicos,,,,,,,,,,,,,,,,,,,,
honda,Civic,civic,civic-ex-1-6-at-1999,civic-ex-1-6-at-1999,https://www.fichacompleta.com.br/carros/honda/civic-ex-1-6-at-1999,2026-06-14T17:34:10.152227,Honda Civic EX 1.6 AT 1999,"13,7 s",171 km/h,Correia dentada,Injeção multiponto,Natural,1590 cm³,4 em linha,D16Y8,Único no cabeçote,90 mm,75 mm,Transversal,Dianteiro,"9,0 kg/cv","77,4 kg/kgfm","79,9 cv/litro",127 cv,"9,2:1",,,"9,3 kgfm/litro","14,8 kgfm",4,Conversor de torque,Automático,4,,Dianteira,1410 mm,,,,4450 mm,2620 mm,1705 mm,1145 kg,337 litros,45 litros,120 mm,Disco ventilado,Tambor,,,,Hidráulica,"11,7 m",,"Indep., braços sobrepostos",Mola helicoidal,"Indep., braços sobrepostos",630 km,495 km,14 km/l,11 km/l,,6600 rpm,5500 rpm,,,,,Admissão,,,,,,,,,,,,,,,,,,Mecânicos,,,,,,,,,,,,,,,,,,,,
honda,Civic,civic,civic-lx-1-6-1999,civic-lx-1-6-1999,https://www.fichacompleta.com.br/carros/honda/civic-lx-1-6-1999,2026-06-14T17:34:13.808957,Honda Civic LX 1.6 1999,"13,9 s",165 km/h,,Injeção multiponto,Natural,1590 cm³,4 em linha,D16Y7,"Único no cabeçote, correia dentada",90 mm,75 mm,Transversal,Dianteiro,"10,3 kg/cv","76,9 kg/kgfm","66,7 cv/litro",106 cv a 6200 rpm,"9,4:1",,,"8,9 kgfm/litro","14,2 kgfm a 4600 rpm",4,Embreagem monodisco a seco,Manual,,5,Dianteira,1410 mm,,,,4450 mm,2620 mm,1705 mm,1092 kg,337 litros,45 litros,120 mm,Disco ventilado,Tambor,,,,Hidráulica,,"11,7 m","Independente, braços sobrepostos",Mola helicoidal,"Independente, braços sobrepostos",653 km,450 km,"14,5 km/l",10 km/l,,,,,,,,,,,,,,,,,,,,,,,,,,Mecânicos,,,,,,,,,,,,,,,,,,,,
honda,Civic,civic,civic-lx-1-6-at-1999,civic-lx-1-6-at-1999,https://www.fichacompleta.com.br/carros/honda/civic-lx-1-6-at-1999,2026-06-14T17:34:17.177540,Honda Civic LX 1.6 AT 1999,14 s,165 km/h,Correia dentada,Injeção multiponto,Natural,1590 cm³,4 em linha,D16Y7,Único no cabeçote,90 mm,75 mm,Transversal,Dianteiro,"10,8 kg/cv","80,6 kg/kgfm","66,7 cv/litro",106 cv,"9,4:1",,,"8,9 kgfm/litro","14,2 kgfm",4,Conversor de torque,Automático,4,,Dianteira,1410 mm,,,,4450 mm,2620 mm,1705 mm,1145 kg,337 litros,45 litros,120 mm,Disco ventilado,Tambor,,,,Hidráulica,"11,7 m",,"Indep., braços sobrepostos",Mola helicoidal,"Indep., braços sobrepostos",630 km,495 km,14 km/l,11 km/l,,6200 rpm,4600 rpm,,,,,,,,,,,,,,,,,,,,,,,Mecânicos,,,,,,,,,,,,,,,,,,,,
honda,Civic,civic,civic-ex-1-6-2000,civic-ex-1-6-2000,https://www.fichacompleta.com.br/carros/honda/civic-ex-1-6-2000,2026-06-14T17:34:20.016473,Honda Civic EX 1.6 2000,"10,3 s",190 km/h,,Injeção multiponto,Natural,1590 cm³,4 em linha,D16Y8,"Único no cabeçote, correia dentada",90 mm,75 mm,Transversal,Dianteiro,"9,0 kg/cv","76,9 kg/kgfm","79,9 cv/litro",127 cv a 6600 rpm,"9,2:1",,,"9,3 kgfm/litro","14,8 kgfm a 5500 rpm",4,Embreagem monodisco a seco,Manual,,5,Dianteira,1410 mm,,,,4450 mm,2620 mm,1705 mm,1138 kg,337 litros,45 litros,120 mm,Disco ventilado,Tambor,,,,Hidráulica,,"11,7 m","Independente, braços sobrepostos",Mola helicoidal,"Independente, braços sobrepostos",585 km,477 km,13 km/l,"10,6 km/l",,,,,,,,Admissão,,,,,,,,,,,,,,,,,,Mecânicos,,,,,,,,,,,,,,,,,,,,
honda,Civic,civic,civic-ex-1-6-at-2000,civic-ex-1-6-at-2000,https://www.fichacompleta.com.br/carros/honda/civic-ex-1-6-at-2000,2026-06-14T17:34:24.585236,Honda Civic EX 1.6 AT 2000,"13,7 s",171 km/h,,Injeção multiponto,Natural,1590 cm³,4 em linha,D16Y8,"Único no cabeçote, correia dentada",90 mm,75 mm,Transversal,Dianteiro,"9,0 kg/cv","77,4 kg/kgfm","79,9 cv/litro",127 cv a 6600 rpm,"9,2:1",,,"9,3 kgfm/litro","14,8 kgfm a 5500 rpm",4,Conversor de torque,Automático,,4,Dianteira,1410 mm,,,,4450 mm,2620 mm,1705 mm,1145 kg,337 litros,45 litros,120 mm,Disco ventilado,Tambor,,,,Hidráulica,,"11,7 m","Independente, braços sobrepostos",Mola helicoidal,"Independente, braços sobrepostos",630 km,495 km,14 km/l,11 km/l,,,,,,,,Admissão,,,,,,,,,,,,,,,,,,Mecânicos,,,,,,,,,,,,,,,,,,,,
honda,Civic,civic,civic-lx-1-6-2000,civic-lx-1-6-2000,https://www.fichacompleta.com.br/carros/honda/civic-lx-1-6-2000,2026-06-14T17:34:28.996460,Honda Civic LX 1.6 2000,"13,9 s",165 km/h,,Injeção multiponto,Natural,1590 cm³,4 em linha,D16Y7,"Único no cabeçote, correia dentada",90 mm,75 mm,Transversal,Dianteiro,"10,3 kg/cv","76,9 kg/kgfm","66,7 cv/litro",106 cv a 6200 rpm,"9,4:1",,,"8,9 kgfm/litro","14,2 kgfm a 4600 rpm",4,Embreagem monodisco a seco,Manual,,5,Dianteira,1410 mm,,,,4450 mm,2620 mm,1705 mm,1092 kg,337 litros,45 litros,120 mm,Disco ventilado,Tambor,,,,Hidráulica,,"11,7 m","Independente, braços sobrepostos",Mola helicoidal,"Independente, braços sobrepostos",653 km,450 km,"14,5 km/l",10 km/l,,,,,,,,,,,,,,,,,,,,,,,,,,Mecânicos,,,,,,,,,,,,,,,,,,,,
honda,Civic,civic,civic-lx-1-6-at-2000,civic-lx-1-6-at-2000,https://www.fichacompleta.com.br/carros/honda/civic-lx-1-6-at-2000,2026-06-14T17:34:32.171953,Honda Civic LX 1.6 AT 2000,14 s,165 km/h,Correia dentada,Injeção multiponto,Natural,1590 cm³,4 em linha,D16Y7,Único no cabeçote,90 mm,75 mm,Transversal,Dianteiro,"10,8 kg/cv","80,6 kg/kgfm","66,7 cv/litro",106 cv,"9,4:1",,,"8,9 kgfm/litro","14,2 kgfm",4,Conversor de torque,Automático,4,,Dianteira,1410 mm,,,,4450 mm,2620 mm,1705 mm,1145 kg,337 litros,45 litros,120 mm,Disco ventilado,Tambor,,,,Hidráulica,"11,7 m",,"Indep., braços sobrepostos",Mola helicoidal,"Indep., braços sobrepostos",630 km,495 km,14 km/l,11 km/l,,6200 rpm,4600 rpm,,,,,,,,,,,,,,,,,,,,,,,Mecânicos,,,,,,,,,,,,,,,,,,,,
honda,Civic,civic,civic-ex-1-7-2001,civic-ex-1-7-2001,https://www.fichacompleta.com.br/carros/honda/civic-ex-1-7-2001,2026-06-14T17:34:35.327914,Honda Civic EX 1.7 2001,"12,8 s",182 km/h,Correia dentada,Injeção multiponto,Natural,1668 cm³,4 em linha,D17Z3,Único no cabeçote,"94,4 mm",75 mm,Transversal,Dianteiro,"8,9 kg/cv","73,1 kg/kgfm","77,9 cv/litro",130 cv,"9,5:1",,,"9,5 kgfm/litro","15,8 kgfm",4,Embreagem monodisco a seco,Manual,5,,Dianteira,1455 mm,,,,4435 mm,2620 mm,1715 mm,1155 kg,402 litros,50 litros,120 mm,Disco ventilado,Tambor,,,,Hidráulica,"11,7 m",,"Indep., McPherson",Mola helicoidal,"Indep., braços sobrepostos",685 km,400 km,"13,7 km/l",8 km/l,,6300 rpm,4800 rpm,,,,,Admissão,,,,,,,,,,,,,,,,,,Mecânicos,,,,,,,,,,,,,,,,,,,,
honda,Civic,civic,civic-ex-1-7-at-2001,civic-ex-1-7-at-2001,https://www.fichacompleta.com.br/carros/honda/civic-ex-1-7-at-2001,2026-06-14T17:34:39.882455,Honda Civic EX 1.7 AT 2001,"13,4 s",177 km/h,Correia dentada,Injeção multiponto,Natural,1668 cm³,4 em linha,D17Z3,Único no cabeçote,"94,4 mm",75 mm,Transversal,Dianteiro,"9,0 kg/cv","74,4 kg/kgfm","77,9 cv/litro",130 cv,"9,5:1",,,"9,5 kgfm/litro","15,8 kgfm",4,Conversor de torque,Automático,4,,Dianteira,1455 mm,,,,4435 mm,2620 mm,1715 mm,1175 kg,402 litros,50 litros,120 mm,Disco ventilado,Tambor,,,,Hidráulica,"11,7 m",,"Indep., McPherson",Mola helicoidal,"Indep., braços sobrepostos",670 km,395 km,"13,4 km/l","7,9 km/l",,6300 rpm,4800 rpm,,,,,Admissão,,,,,,,,,,,,,,,,,,Mecânicos,,,,,,,,,,,,,,,,,,,,
honda,Civic,civic,civic-lx-1-7-2001,civic-lx-1-7-2001,https://www.fichacompleta.com.br/carros/honda/civic-lx-1-7-2001,2026-06-14T17:34:43.641486,Honda Civic LX 1.7 2001,"12,6 s",181 km/h,Correia dentada,Injeção multiponto,Natural,1668 cm³,4 em linha,D17Z2,Único no cabeçote,"94,4 mm",75 mm,Transversal,Dianteiro,"10,0 kg/cv","76,0 kg/kgfm","68,9 cv/litro",115 cv,"9,5:1",,,"9,1 kgfm/litro","15,2 kgfm",4,Embreagem monodisco a seco,Manual,5,,Dianteira,1455 mm,,,,4435 mm,2620 mm,1715 mm,1155 kg,402 litros,50 litros,120 mm,Disco ventilado,Tambor,,,,Hidráulica,"11,7 m",,"Indep., McPherson",Mola helicoidal,"Indep., braços sobrepostos",695 km,400 km,"13,9 km/l",8 km/l,,6100 rpm,4500 rpm,,,,,,,,,,,,,,,,,,,,,,,Mecânicos,,,,,,,,,,,,,,,,,,,,
honda,Civic,civic,civic-lx-1-7-at-2001,civic-lx-1-7-at-2001,https://www.fichacompleta.com.br/carros/honda/civic-lx-1-7-at-2001,2026-06-14T17:34:47.328133,Honda Civic LX 1.7 AT 2001,13 s,178 km/h,Correia dentada,Injeção multiponto,Natural,1668 cm³,4 em linha,D17Z2,Único no cabeçote,"94,4 mm",75 mm,Transversal,Dianteiro,"10,2 kg/cv","77,3 kg/kgfm","68,9 cv/litro",115 cv,"9,5:1",,,"9,1 kgfm/litro","15,2 kgfm",4,Conversor de torque,Automático,4,,Dianteira,1455 mm,,,,4435 mm,2620 mm,1715 mm,1175 kg,402 litros,50 litros,120 mm,Disco ventilado,Tambor,,,,Hidráulica,"11,7 m",,"Indep., McPherson",Mola helicoidal,"Indep., braços sobrepostos",675 km,390 km,"13,5 km/l","7,8 km/l",,6100 rpm,4500 rpm,,,,,,,,,,,,,,,,,,,,,,,Mecânicos,,,,,,,,,,,,,,,,,,,,
honda,Civic,civic,civic-lxb-1-7-2001,civic-lxb-1-7-2001,https://www.fichacompleta.com.br/carros/honda/civic-lxb-1-7-2001,2026-06-14T17:34:50.847018,Honda Civic LXB 1.7 2001,"12,6 s",181 km/h,Correia dentada,Injeção multiponto,Natural,,4 em linha,D17Z2,Único no cabeçote,"94,4 mm",75 mm,Transversal,Dianteiro,"10,04 kg/cv","76,0 kg/kgfm","68,9 cv/litro",115 cv,"9,5:1",,,"9,1 kgfm/litro","15,2 kgfm",4,Embreagem monodisco a seco,Manual,5,,Dianteira,1455 mm,,,,4435 mm,2620 mm,1715 mm,1155 kg,402 litros,50 litros,120 mm,Disco ventilado,Tambor,,,,Hidráulica,"11,7 m",,"Indep., McPherson",Mola helicoidal,"Indep., braços sobrepostos",695 km,400 km,"13,9 km/l",8 km/l,,6100 rpm,4500 rpm,,,,,,,,,417 cm³,1668 cm³,,,,,,,,,,,,,Mecânicos,,,,,,,,,,,,,,,,,,,,
honda,Civic,civic,civic-ex-1-7-2002,civic-ex-1-7-2002,https://www.fichacompleta.com.br/carros/honda/civic-ex-1-7-2002,2026-06-14T17:34:55.260830,Honda Civic EX 1.7 2002,"12,8 s",182 km/h,,Injeção multiponto,Natural,1668 cm³,4 em linha,D17Z3,"Único no cabeçote, correia dentada","94,4 mm",75 mm,Transversal,Dianteiro,"8,9 kg/cv","73,1 kg/kgfm","77,9 cv/litro",130 cv a 6300 rpm,"9,5:1",,,"9,5 kgfm/litro","15,8 kgfm a 4800 rpm",4,Embreagem monodisco a seco,Manual,,5,Dianteira,1455 mm,,,,4435 mm,2620 mm,1715 mm,1155 kg,402 litros,50 litros,120 mm,Disco ventilado,Tambor,,,,Hidráulica,,"11,7 m","Independente, McPherson",Mola helicoidal,"Independente, braços sobrepostos",685 km,400 km,"13,7 km/l",8 km/l,,,,,,,,Admissão,,,,,,,,,,,,,,,,,,Mecânicos,,,,,,,,,,,,,,,,,,,,
honda,Civic,civic,civic-ex-1-7-at-2002,civic-ex-1-7-at-2002,https://www.fichacompleta.com.br/carros/honda/civic-ex-1-7-at-2002,2026-06-14T17:34:58.717759,Honda Civic EX 1.7 AT 2002,"13,4 s",177 km/h,Correia dentada,Injeção multiponto,Natural,1668 cm³,4 em linha,D17Z3,Único no cabeçote,"94,4 mm",75 mm,Transversal,Dianteiro,"9,0 kg/cv","74,4 kg/kgfm","77,9 cv/litro",130 cv,"9,5:1",6300 rpm,4800 rpm,"9,5 kgfm/litro","15,8 kgfm",4,Conversor de torque,Automático,4,4,Dianteira,1455 mm,,,,4435 mm,2620 mm,1715 mm,1175 kg,402 litros,50 litros,120 mm,Disco ventilado,Tambor,,,,Hidráulica,"11,7 m","11,7 m","Indep., McPherson",Mola helicoidal,"Indep., braços sobrepostos",670 km,395 km,"13,4 km/l","7,9 km/l",,,,,,,,Admissão,,,,,,,,,,,,,,,,,,Mecânicos,,,,,,,,,,,,,,,,,,,,
honda,Civic,civic,civic-lx-1-7-2002,civic-lx-1-7-2002,https://www.fichacompleta.com.br/carros/honda/civic-lx-1-7-2002,2026-06-14T17:35:01.942077,Honda Civic LX 1.7 2002,"12,6 s",181 km/h,Correia dentada,Injeção multiponto,Natural,1668 cm³,4 em linha,D17Z2,Único no cabeçote,"94,4 mm",75 mm,Transversal,Dianteiro,"10,0 kg/cv","76,0 kg/kgfm","68,9 cv/litro",115 cv,"9,5:1",6100 rpm,4500 rpm,"9,1 kgfm/litro","15,2 kgfm",4,Embreagem monodisco a seco,Manual,5,5,Dianteira,1455 mm,,,,4435 mm,2620 mm,1715 mm,1155 kg,402 litros,50 litros,120 mm,Disco ventilado,Tambor,,,,Hidráulica,"11,7 m","11,7 m","Indep., McPherson",Mola helicoidal,"Indep., braços sobrepostos",695 km,400 km,"13,9 km/l",8 km/l,,,,,,,,,,,,,,,,,,,,,,,,,,Mecânicos,,,,,,,,,,,,,,,,,,,,
honda,Civic,civic,civic-lx-1-7-at-2002,civic-lx-1-7-at-2002,https://www.fichacompleta.com.br/carros/honda/civic-lx-1-7-at-2002,2026-06-14T17:35:04.351270,Honda Civic LX 1.7 AT 2002,13 s,178 km/h,,Injeção multiponto,Natural,1668 cm³,4 em linha,D17Z2,"Único no cabeçote, correia dentada","94,4 mm",75 mm,Transversal,Dianteiro,"10,2 kg/cv","77,3 kg/kgfm","68,9 cv/litro",115 cv a 6100 rpm,"9,5:1",,,"9,1 kgfm/litro","15,2 kgfm a 4500 rpm",4,Conversor de torque,Automático,,4,Dianteira,1455 mm,,,,4435 mm,2620 mm,1715 mm,1175 kg,402 litros,50 litros,120 mm,Disco ventilado,Tambor,,,,Hidráulica,,"11,7 m","Independente, McPherson",Mola helicoidal,"Independente, braços sobrepostos",675 km,390 km,"13,5 km/l","7,8 km/l",,,,,,,,,,,,,,,,,,,,,,,,,,Mecânicos,,,,,,,,,,,,,,,,,,,,
honda,Civic,civic,civic-ex-1-7-2003,civic-ex-1-7-2003,https://www.fichacompleta.com.br/carros/honda/civic-ex-1-7-2003,2026-06-14T17:35:09.136185,Honda Civic EX 1.7 2003,"12,8 s",182 km/h,Correia dentada,Injeção multiponto,Natural,1668 cm³,4 em linha,D17Z3,Único no cabeçote,"94,4 mm",75 mm,Transversal,Dianteiro,"8,9 kg/cv","73,1 kg/kgfm","77,9 cv/litro",130 cv,"9,5:1",,,"9,5 kgfm/litro","15,8 kgfm",4,Embreagem monodisco a seco,Manual,5,,Dianteira,1455 mm,,,,4435 mm,2620 mm,1715 mm,1155 kg,402 litros,50 litros,120 mm,Disco ventilado,Tambor,,,,Hidráulica,"11,7 m",,"Indep., McPherson",Mola helicoidal,"Indep., braços sobrepostos",685 km,400 km,"13,7 km/l",8 km/l,,6300 rpm,4800 rpm,,,,,Admissão,,,,,,,,,,,,,,,,,,Mecânicos,,,,,,,,,,,,,,,,,,,,
honda,Civic,civic,civic-ex-1-7-at-2003,civic-ex-1-7-at-2003,https://www.fichacompleta.com.br/carros/honda/civic-ex-1-7-at-2003,2026-06-14T17:35:13.993862,Honda Civic EX 1.7 AT 2003,"13,4 s",177 km/h,Correia dentada,Injeção multiponto,Natural,1668 cm³,4 em linha,D17Z3,Único no cabeçote,"94,4 mm",75 mm,Transversal,Dianteiro,"9,0 kg/cv","74,4 kg/kgfm","77,9 cv/litro",130 cv,"9,5:1",,,"9,5 kgfm/litro","15,8 kgfm",4,Conversor de torque,Automático,4,,Dianteira,1455 mm,,,,4435 mm,2620 mm,1715 mm,1175 kg,402 litros,50 litros,120 mm,Disco ventilado,Tambor,,,,Hidráulica,"11,7 m",,"Indep., McPherson",Mola helicoidal,"Indep., braços sobrepostos",670 km,395 km,"13,4 km/l","7,9 km/l",,6300 rpm,4800 rpm,,,,,Admissão,,,,,,,,,,,,,,,,,,Mecânicos,,,,,,,,,,,,,,,,,,,,
honda,Civic,civic,civic-lx-1-7-2003,civic-lx-1-7-2003,https://www.fichacompleta.com.br/carros/honda/civic-lx-1-7-2003,2026-06-14T17:35:18.639323,Honda Civic LX 1.7 2003,"12,6 s",181 km/h,Correia dentada,Injeção multiponto,Natural,1668 cm³,4 em linha,D17Z2,Único no cabeçote,"94,4 mm",75 mm,Transversal,Dianteiro,"10,0 kg/cv","76,0 kg/kgfm","68,9 cv/litro",115 cv,"9,5:1",,,"9,1 kgfm/litro","15,2 kgfm",4,Embreagem monodisco a seco,Manual,5,,Dianteira,1455 mm,,,,4435 mm,2620 mm,1715 mm,1155 kg,402 litros,50 litros,120 mm,Disco ventilado,Tambor,,,,Hidráulica,"11,7 m",,"Indep., McPherson",Mola helicoidal,"Indep., braços sobrepostos",695 km,400 km,"13,9 km/l",8 km/l,,6100 rpm,4500 rpm,,,,,,,,,,,,,,,,,,,,,,,Mecânicos,,,,,,,,,,,,,,,,,,,,
honda,Civic,civic,civic-lx-1-7-at-2003,civic-lx-1-7-at-2003,https://www.fichacompleta.com.br/carros/honda/civic-lx-1-7-at-2003,2026-06-14T17:35:22.562503,Honda Civic LX 1.7 AT 2003,13 s,178 km/h,Correia dentada,Injeção multiponto,Natural,1668 cm³,4 em linha,D17Z2,Único no cabeçote,"94,4 mm",75 mm,Transversal,Dianteiro,"10,2 kg/cv","77,3 kg/kgfm","68,9 cv/litro",115 cv,"9,5:1",,,"9,1 kgfm/litro","15,2 kgfm",4,Conversor de torque,Automático,4,,Dianteira,1455 mm,,,,4435 mm,2620 mm,1715 mm,1175 kg,402 litros,50 litros,120 mm,Disco ventilado,Tambor,,,,Hidráulica,"11,7 m",,"Indep., McPherson",Mola helicoidal,"Indep., braços sobrepostos",675 km,390 km,"13,5 km/l","7,8 km/l",,6100 rpm,4500 rpm,,,,,,,,,,,,,,,,,,,,,,,Mecânicos,,,,,,,,,,,,,,,,,,,,
honda,Civic,civic,civic-lxl-1-7-at-2003,civic-lxl-1-7-at-2003,https://www.fichacompleta.com.br/carros/honda/civic-lxl-1-7-at-2003,2026-06-14T17:35:26.643211,Honda Civic LXL 1.7 AT 2003,13 s,178 km/h,Correia dentada,Injeção multiponto,Natural,1668 cm³,4 em linha,D17Z2,Único no cabeçote,"94,4 mm",75 mm,Transversal,Dianteiro,"10,2 kg/cv","77,3 kg/kgfm","68,9 cv/litro",,"9,5:1",6100 rpm,4500 rpm,"9,1 kgfm/litro",,4,Conversor de torque,Automático,4,,Dianteira,1455 mm,,,,4435 mm,2620 mm,1715 mm,1175 kg,402 litros,50 litros,120 mm,Disco ventilado,Tambor,,,,Hidráulica,"11,7 m",,"Indep., McPherson",Mola helicoidal,"Indep., braços sobrepostos",675 km,390 km,"13,5 km/l","7,8 km/l",,,,115 cv,"15,2 kgfm",,,,,,,,,,,,,,,,,,,,,Mecânicos,,,,,,,,,,,,,,,,,,,,
honda,Civic,civic,civic-ex-1-7-at-2004,civic-ex-1-7-at-2004,https://www.fichacompleta.com.br/carros/honda/civic-ex-1-7-at-2004,2026-06-14T17:35:31.460812,Honda Civic EX 1.7 AT 2004,"13,2 s",182 km/h,,Injeção multiponto,Natural,1668 cm³,4 em linha,D17Z3,"Único no cabeçote, correia dentada",,,Transversal,Dianteiro,"9,0 kg/cv","74,4 kg/kgfm","77,9 cv/litro",130 cv a 6300 rpm,"9,5:1",,,"9,5 kgfm/litro","15,8 kgfm a 4800 rpm",4,Conversor de torque,Automático,,4,Dianteira,1455 mm,1463 mm,1462 mm,,4455 mm,2620 mm,1715 mm,1175 kg,402 litros,50 litros,120 mm,Disco ventilado,Tambor,,,,Hidráulica,,"11,7 m","Independente, McPherson",Mola helicoidal,"Independente, braços sobrepostos",695 km,505 km,"13,9 km/l","10,1 km/l",,,,,,"94,4 mm",75 mm,Admissão,,,,,,,,,,,,,,,,,,Mecânicos,,,,,,,,,,,,,,,,,,,,
honda,Civic,civic,civic-lx-1-7-2004,civic-lx-1-7-2004,https://www.fichacompleta.com.br/carros/honda/civic-lx-1-7-2004,2026-06-14T17:35:35.801688,Honda Civic LX 1.7 2004,"13,5 s",178 km/h,,Injeção multiponto,Natural,1668 cm³,4 em linha,D17Z2,"Único no cabeçote, correia dentada",,,Transversal,Dianteiro,"10,0 kg/cv","75,3 kg/kgfm","68,9 cv/litro",115 cv a 6100 rpm,"9,1:1",,,"9,1 kgfm/litro","15,2 kgfm a 4500 rpm",4,,Manual,,5,Dianteira,1455 mm,1463 mm,1462 mm,,4455 mm,2620 mm,1715 mm,1145 kg,402 litros,50 litros,120 mm,Disco ventilado,Tambor,,,,Hidráulica,,"11,7 m","Independente, McPherson",Mola helicoidal,"Independente, braços sobrepostos",700 km,515 km,14 km/l,"10,3 km/l",,,,,,"94,4 mm",75 mm,,,,,,,,,,,,,,,,,,,Mecânicos,,,,,,,,,,,,,,,,,,,,
honda,Civic,civic,civic-lx-1-7-at-2004,civic-lx-1-7-at-2004,https://www.fichacompleta.com.br/carros/honda/civic-lx-1-7-at-2004,2026-06-14T17:35:38.754353,Honda Civic LX 1.7 AT 2004,"14,5 s",172 km/h,,Injeção multiponto,Natural,1668 cm³,4 em linha,D17Z2,"Único no cabeçote, correia dentada",,,Transversal,Dianteiro,"10,2 kg/cv","77,3 kg/kgfm","68,9 cv/litro",115 cv a 6100 rpm,"9,1:1",,,"9,1 kgfm/litro","15,2 kgfm a 4500 rpm",4,,Automático,,4,Dianteira,1455 mm,1463 mm,1462 mm,,4455 mm,2620 mm,1715 mm,1175 kg,402 litros,50 litros,120 mm,Disco ventilado,Tambor,,,,Hidráulica,,"11,7 m","Independente, McPherson",Mola helicoidal,"Independente, braços sobrepostos",650 km,495 km,13 km/l,"9,9 km/l",,,,,,"94,4 mm",75 mm,,,,,,,,,,,,,,,,,,,Mecânicos,,,,,,,,,,,,,,,,,,,,
honda,Civic,civic,civic-lxl-1-7-at-2004,civic-lxl-1-7-at-2004,https://www.fichacompleta.com.br/carros/honda/civic-lxl-1-7-at-2004,2026-06-14T17:35:41.785571,Honda Civic LXL 1.7 AT 2004,"14,5 s",172 km/h,,Injeção multiponto,Natural,1668 cm³,4 em linha,D17Z2,"Único no cabeçote, correia dentada","94,4 mm",75 mm,Transversal,Dianteiro,"10,2 kg/cv","77,3 kg/kgfm","68,9 cv/litro",115 cv a 6100 rpm,"9,1:1",,,"9,1 kgfm/litro","15,2 kgfm a 4500 rpm",4,Conversor de torque,Automático,,4,Dianteira,1455 mm,1463 mm,1462 mm,,4455 mm,2620 mm,1715 mm,1175 kg,402 litros,50 litros,120 mm,Disco ventilado,Tambor,,,,Hidráulica,,"11,7 m","Independente, McPherson",Mola helicoidal,"Independente, braços sobrepostos",650 km,495 km,13 km/l,"9,9 km/l",,,,,,,,,,,,,,,,,,,,,,,,,,Mecânicos,,,,,,,,,,,,,,,,,,,,
honda,Civic,civic,civic-ex-1-7-at-2005,civic-ex-1-7-at-2005,https://www.fichacompleta.com.br/carros/honda/civic-ex-1-7-at-2005,2026-06-14T17:35:45.640363,Honda Civic EX 1.7 AT 2005,"13,2 s",182 km/h,,Injeção multiponto,Natural,1668 cm³,4 em linha,D17Z3,"Único no cabeçote, correia dentada","94,4 mm",75 mm,Transversal,Dianteiro,"9,0 kg/cv","74,4 kg/kgfm","77,9 cv/litro",130 cv a 6300 rpm,"9,5:1",,,"9,5 kgfm/litro","15,8 kgfm a 4800 rpm",4,Conversor de torque,Automático,,4,Dianteira,1455 mm,1463 mm,1462 mm,,4455 mm,2620 mm,1715 mm,1175 kg,402 litros,50 litros,120 mm,Disco ventilado,Tambor,,,,Hidráulica,,"11,7 m","Independente, McPherson",Mola helicoidal,"Independente, braços sobrepostos",695 km,505 km,"13,9 km/l","10,1 km/l",,,,,,,,Admissão,,,,,,,,,,,,,,,,,,Mecânicos,,,,,,,,,,,,,,,,,,,,
honda,Civic,civic,civic-lx-1-7-2005,civic-lx-1-7-2005,https://www.fichacompleta.com.br/carros/honda/civic-lx-1-7-2005,2026-06-14T17:35:48.706695,Honda Civic LX 1.7 2005,"13,5 s",178 km/h,,Injeção multiponto,Natural,1668 cm³,4 em linha,D17Z2,"Único no cabeçote, correia dentada","94,4 mm",75 mm,Transversal,Dianteiro,"10,0 kg/cv","75,3 kg/kgfm","68,9 cv/litro",115 cv a 6100 rpm,"9,1:1",,,"9,1 kgfm/litro","15,2 kgfm a 4500 rpm",4,Embreagem monodisco a seco,Manual,,5,Dianteira,1455 mm,1463 mm,1462 mm,,4455 mm,2620 mm,1715 mm,1145 kg,402 litros,50 litros,120 mm,Disco ventilado,Tambor,,,,Hidráulica,,"11,7 m","Independente, McPherson",Mola helicoidal,"Independente, braços sobrepostos",700 km,515 km,14 km/l,"10,3 km/l",,,,,,,,,,,,,,,,,,,,,,,,,,Mecânicos,,,,,,,,,,,,,,,,,,,,
honda,Civic,civic,civic-lx-1-7-at-2005,civic-lx-1-7-at-2005,https://www.fichacompleta.com.br/carros/honda/civic-lx-1-7-at-2005,2026-06-14T17:35:52.052696,Honda Civic LX 1.7 AT 2005,"14,5 s",172 km/h,Correia dentada,Injeção multiponto,Natural,1668 cm³,4 em linha,D17Z2,Único no cabeçote,"94,4 mm",75 mm,Transversal,Dianteiro,"10,2 kg/cv","77,3 kg/kgfm","68,9 cv/litro",,"9,1:1",6100 rpm,4500 rpm,"9,1 kgfm/litro",,4,Conversor de torque,Automático,4,,Dianteira,1455 mm,1463 mm,1462 mm,,4455 mm,2620 mm,1715 mm,1175 kg,402 litros,50 litros,120 mm,Disco ventilado,Tambor,,,,Hidráulica,"11,7 m",,"Indep., McPherson",Mola helicoidal,"Indep., braços sobrepostos",650 km,495 km,13 km/l,"9,9 km/l",,,,115 cv,"15,2 kgfm",,,,,,,,,,,,,,,,,,,,,Mecânicos,,,,,,,,,,,,,,,,,,,,
honda,Civic,civic,civic-lxl-1-7-2005,civic-lxl-1-7-2005,https://www.fichacompleta.com.br/carros/honda/civic-lxl-1-7-2005,2026-06-14T17:35:55.033775,Honda Civic LXL 1.7 2005,"12,9 s",184 km/h,,Injeção multiponto,Natural,1668 cm³,4 em linha,D17Z3,"Único no cabeçote, correia dentada",,,Transversal,Dianteiro,"8,8 kg/cv","72,8 kg/kgfm","77,9 cv/litro",130 cv a 6300 rpm,"9,5:1",,,"9,5 kgfm/litro","15,8 kgfm a 4800 rpm",4,Embreagem monodisco a seco,Manual,,5,Dianteira,1455 mm,1463 mm,1462 mm,,4455 mm,2620 mm,1715 mm,1150 kg,402 litros,50 litros,120 mm,Disco ventilado,Tambor,,,,Hidráulica,,"11,7 m","Independente, McPherson",Mola helicoidal,"Independente, braços sobrepostos",700 km,510 km,14 km/l,"10,2 km/l",,,,,,"94,4 mm",75 mm,Admissão,,,,,,,,,,,,,,,,,,Mecânicos,,,,,,,,,,,,,,,,,,,,
honda,Civic,civic,civic-lxl-1-7-at-2005,civic-lxl-1-7-at-2005,https://www.fichacompleta.com.br/carros/honda/civic-lxl-1-7-at-2005,2026-06-14T17:35:57.806836,Honda Civic LXL 1.7 AT 2005,"13,2 s",182 km/h,Correia dentada,Injeção multiponto,Natural,1668 cm³,4 em linha,D17Z3,Único no cabeçote,"94,4 mm",75 mm,Transversal,Dianteiro,"9,0 kg/cv","74,4 kg/kgfm","77,9 cv/litro",130 cv,"9,5:1",6300 rpm,4800 rpm,"9,5 kgfm/litro","15,8 kgfm",4,Conversor de torque,Automático,4,,Dianteira,1455 mm,1463 mm,1462 mm,,4455 mm,2620 mm,1715 mm,1175 kg,402 litros,50 litros,120 mm,Disco ventilado,Tambor,,,,Hidráulica,"11,7 m",,"Indep., McPherson",Mola helicoidal,"Indep., braços sobrepostos",695 km,505 km,"13,9 km/l","10,1 km/l",,,,,,,,Admissão,,,,,,,,,,,,,,,,,,Mecânicos,,,,,,,,,,,,,,,,,,,,
honda,Civic,civic,civic-ex-1-7-at-2006,civic-ex-1-7-at-2006,https://www.fichacompleta.com.br/carros/honda/civic-ex-1-7-at-2006,2026-06-14T17:36:00.401837,Honda Civic EX 1.7 AT 2006,"13,2 s",182 km/h,,Injeção multiponto,Natural,1668 cm³,4 em linha,D17Z3,"Único no cabeçote, correia dentada","94,4 mm",75 mm,Transversal,Dianteiro,"9,0 kg/cv","74,4 kg/kgfm","77,9 cv/litro",130 cv a 6300 rpm,"9,5:1",,,"9,5 kgfm/litro","15,8 kgfm a 4800 rpm",4,Conversor de torque,Automático,,4,Dianteira,1455 mm,1463 mm,1462 mm,,4455 mm,2620 mm,1715 mm,1175 kg,402 litros,50 litros,120 mm,Disco ventilado,Tambor,,,,Hidráulica,,"11,7 m","Independente, McPherson",Mola helicoidal,"Independente, braços sobrepostos",695 km,505 km,"13,9 km/l","10,1 km/l",,,,,,,,Admissão,,,,,,,,,,,,,,,,,,Mecânicos,,,,,,,,,,,,,,,,,,,,
honda,Civic,civic,civic-lx-1-7-2006,civic-lx-1-7-2006,https://www.fichacompleta.com.br/carros/honda/civic-lx-1-7-2006,2026-06-14T17:36:03.276948,Honda Civic LX 1.7 2006,"13,5 s",178 km/h,,Injeção multiponto,Natural,1668 cm³,4 em linha,D17Z2,"Único no cabeçote, correia dentada","94,4 mm",75 mm,Transversal,Dianteiro,"10,0 kg/cv","75,3 kg/kgfm","68,9 cv/litro",115 cv a 6100 rpm,"9,1:1",,,"9,1 kgfm/litro","15,2 kgfm a 4500 rpm",4,Embreagem monodisco a seco,Manual,,5,Dianteira,1455 mm,1463 mm,1462 mm,,4455 mm,2620 mm,1715 mm,1145 kg,402 litros,50 litros,120 mm,Disco ventilado,Tambor,,,,Hidráulica,,"11,7 m","Independente, McPherson",Mola helicoidal,"Independente, braços sobrepostos",700 km,515 km,14 km/l,"10,3 km/l",,,,,,,,,,,,,,,,,,,,,,,,,,Mecânicos,,,,,,,,,,,,,,,,,,,,
honda,Civic,civic,civic-lx-1-7-at-2006,civic-lx-1-7-at-2006,https://www.fichacompleta.com.br/carros/honda/civic-lx-1-7-at-2006,2026-06-14T17:36:07.977269,Honda Civic LX 1.7 AT 2006,"14,5 s",172 km/h,,Injeção multiponto,Natural,1668 cm³,4 em linha,D17Z2,"Único no cabeçote, correia dentada","94,4 mm",75 mm,Transversal,Dianteiro,"10,1 kg/cv","76,3 kg/kgfm","68,9 cv/litro",115 cv a 6100 rpm,"9,1:1",,,"9,1 kgfm/litro","15,2 kgfm a 4500 rpm",4,Conversor de torque,Automático,,4,Dianteira,1455 mm,1463 mm,1462 mm,,4455 mm,2620 mm,1715 mm,1160 kg,402 litros,50 litros,120 mm,Disco ventilado,Tambor,,,,Hidráulica,,"11,7 m","Independente, McPherson",Mola helicoidal,"Independente, braços sobrepostos",650 km,495 km,13 km/l,"9,9 km/l",,,,,,,,,,,,,,,,,,,,,,,,,,Mecânicos,,,,,,,,,,,,,,,,,,,,
honda,Civic,civic,civic-lxl-1-7-2006,civic-lxl-1-7-2006,https://www.fichacompleta.com.br/carros/honda/civic-lxl-1-7-2006,2026-06-14T17:36:11.621722,Honda Civic LXL 1.7 2006,"12,9 s",184 km/h,,Injeção multiponto,Natural,1668 cm³,4 em linha,D17Z3,"Único no cabeçote, correia dentada","94,4 mm",75 mm,Transversal,Dianteiro,"8,8 kg/cv","72,8 kg/kgfm","77,9 cv/litro",130 cv a 6300 rpm,"9,5:1",,,"9,5 kgfm/litro","15,8 kgfm a 4800 rpm",4,Embreagem monodisco a seco,Manual,,5,Dianteira,1455 mm,1463 mm,1462 mm,,4455 mm,2620 mm,1715 mm,1150 kg,402 litros,50 litros,120 mm,Disco ventilado,Tambor,,,,Hidráulica,,"11,7 m","Independente, McPherson",Mola helicoidal,"Independente, braços sobrepostos",700 km,510 km,14 km/l,"10,2 km/l",,,,,,,,Admissão,,,,,,,,,,,,,,,,,,Mecânicos,,,,,,,,,,,,,,,,,,,,
honda,Civic,civic,civic-lxl-1-7-at-2006,civic-lxl-1-7-at-2006,https://www.fichacompleta.com.br/carros/honda/civic-lxl-1-7-at-2006,2026-06-14T17:36:14.334394,Honda Civic LXL 1.7 AT 2006,"13,2 s",182 km/h,,Injeção multiponto,Natural,1668 cm³,4 em linha,D17Z3,"Único no cabeçote, correia dentada","94,4 mm",75 mm,Transversal,Dianteiro,"9,0 kg/cv","74,4 kg/kgfm","77,9 cv/litro",130 cv a 6300 rpm,"9,5:1",,,"9,5 kgfm/litro","15,8 kgfm a 4800 rpm",4,Conversor de torque,Automático,,4,Dianteira,1455 mm,1463 mm,1462 mm,,4455 mm,2620 mm,1715 mm,1175 kg,402 litros,50 litros,120 mm,Disco ventilado,Tambor,,,,Hidráulica,,"11,7 m","Independente, McPherson",Mola helicoidal,"Independente, braços sobrepostos",695 km,505 km,"13,9 km/l","10,1 km/l",,,,,,,,Admissão,,,,,,,,,,,,,,,,,,Mecânicos,,,,,,,,,,,,,,,,,,,,
honda,Civic,civic,civic-exs-1-8-at-2007,civic-exs-1-8-at-2007,https://www.fichacompleta.com.br/carros/honda/civic-exs-1-8-at-2007,2026-06-14T17:36:19.178269,Honda Civic EXS 1.8 AT 2007,12 s,200 km/h,Corrente,Injeção multiponto,Natural,1799 cm³,4 em linha,R18A1,Único no cabeçote,"87,3 mm",81 mm,Transversal,Dianteiro,"9,0 kg/cv","71,2 kg/kgfm","77,8 cv/litro",140 cv,"9,9:1",6300 rpm,4300 rpm,"9,8 kgfm/litro","17,7 kgfm",4,Conversor de torque,Automático,5,5,Dianteira,1450 mm,1492 mm,1521 mm,,4489 mm,2700 mm,1752 mm,1260 kg,340 litros,50 litros,113 mm,Disco ventilado,Disco sólido,"2,16 m²","0,626 m²","0,29",Hidráulica,"10,5 m","10,5 m","Indep., McPherson",Mola helicoidal,"Indep., braços sobrepostos",600 km,425 km,12 km/l,"8,5 km/l",,,,,,,,Admissão,,,"0,29",,,,6800 rpm,,,,,,,,,,,Mecânicos,,,,,,,,,,,,,,,,,,,,
honda,Civic,civic,civic-lx-1-8-at-2007,civic-lx-1-8-at-2007,https://www.fichacompleta.com.br/carros/honda/civic-lx-1-8-at-2007,2026-06-14T17:36:22.088450,Honda Civic LX 1.8 AT 2007,12 s,200 km/h,,Injeção multiponto,Natural,1799 cm³,4 em linha,R18A1,"Único no cabeçote, corrente",,,Transversal,Dianteiro,"9,0 kg/cv","71,2 kg/kgfm","77,8 cv/litro",140 cv a 6300 rpm,"9,9:1",,,"9,8 kgfm/litro","17,7 kgfm a 4300 rpm",4,,Automático,,5,Dianteira,1450 mm,1492 mm,1521 mm,,4489 mm,2700 mm,1752 mm,1260 kg,340 litros,50 litros,113 mm,205/55 R16,Disco sólido,"2,16 m²",,,Hidráulica,,"10,5 m","Independente, McPherson",Mola helicoidal,"Independente, braços sobrepostos",600 km,425 km,12 km/l,"8,5 km/l",,,,,,"87,3 mm",81 mm,Admissão,,,"0,29",,,,,,,,,,,,,,,Mecânicos,,,,,,,,,,,,,,,,,,,,
honda,Civic,civic,civic-lxs-1-8-2007,civic-lxs-1-8-2007,https://www.fichacompleta.com.br/carros/honda/civic-lxs-1-8-2007,2026-06-14T17:36:26.677195,Honda Civic LXS 1.8 2007,"10,3 s",202 km/h,,Injeção multiponto,Natural,1799 cm³,4 em linha,R18A1,"Único no cabeçote, corrente","87,3 mm",81 mm,Transversal,Dianteiro,"8,8 kg/cv","69,5 kg/kgfm","77,8 cv/litro",140 cv a 6300 rpm,"9,9:1",,,"9,8 kgfm/litro","17,7 kgfm a 4300 rpm",4,Embreagem monodisco a seco,Manual,,5,Dianteira,1450 mm,1492 mm,1521 mm,,4489 mm,2700 mm,1752 mm,1230 kg,340 litros,50 litros,113 mm,Disco ventilado,Disco sólido,"2,16 m²","0,626 m²",,Hidráulica,,"10,5 m","Independente, McPherson",Mola helicoidal,"Independente, braços sobrepostos",650 km,450 km,13 km/l,9 km/l,,,,,,,,Admissão,,,"0,29",,,,6800 rpm,,,,,,,,,,,Mecânicos,,,,,,,,,,,,,,,,,,,,
honda,Civic,civic,civic-lxs-1-8-at-2007,civic-lxs-1-8-at-2007,https://www.fichacompleta.com.br/carros/honda/civic-lxs-1-8-at-2007,2026-06-14T17:36:29.725057,Honda Civic LXS 1.8 AT 2007,12 s,200 km/h,Corrente,Injeção multiponto,Natural,1799 cm³,4 em linha,R18A1,Único no cabeçote,"87,3 mm",81 mm,Transversal,Dianteiro,"9,0 kg/cv","71,2 kg/kgfm","77,8 cv/litro",140 cv,"9,9:1",6300 rpm,4300 rpm,"9,8 kgfm/litro","17,7 kgfm",4,Conversor de torque,Automático,5,,Dianteira,1450 mm,1492 mm,1521 mm,,4489 mm,2700 mm,1752 mm,1260 kg,340 litros,50 litros,113 mm,Disco ventilado,Disco sólido,"2,16 m²","0,626 m²","0,29",Hidráulica,"10,5 m",,"Indep., McPherson",Mola helicoidal,"Indep., braços sobrepostos",600 km,425 km,12 km/l,"8,5 km/l",,,,,,,,Admissão,,,,,,,6800 rpm,,,,,,,,,,,Mecânicos,,,,,,,,,,,,,,,,,,,,
honda,Civic,civic,civic-si-2-0-2007,civic-si-2-0-2007,https://www.fichacompleta.com.br/carros/honda/civic-si-2-0-2007,2026-06-14T17:36:33.429800,Honda Civic Si 2.0 2007,"7,9 s",215 km/h,,Injeção multiponto,Natural,1998 cm³,4 em linha,K20Z3,Duplo no cabeçote,86 mm,86 mm,Transversal,Dianteiro,"6,9 kg/cv","68,9 kg/kgfm","96,1 cv/litro",192 cv,11:1,7800 rpm,6100 rpm,"9,6 kgfm/litro","19,2 kgfm",4,Embreagem monodisco a seco,Manual,6,6,Dianteira,1450 mm,1492 mm,1521 mm,,4489 mm,2700 mm,1752 mm,1322 kg,340 litros,50 litros,97 mm,Disco ventilado,Disco sólido,"2,16 m²","0,626 m²","0,29",Elétrica,"10,8 m","10,8 m","Indep., McPherson",Mola helicoidal,"Indep., braços sobrepostos",655 km,400 km,"13,1 km/l",8 km/l,,,,,,,,Admissão e escape,,,"0,29",,,,8400 rpm,,,,,,,,,,,Mecânicos,,,,,,,,,,,,,,,,,,,,
honda,Civic,civic,civic-exs-1-8-at-2008,civic-exs-1-8-at-2008,https://www.fichacompleta.com.br/carros/honda/civic-exs-1-8-at-2008,2026-06-14T17:36:37.917359,Honda Civic EXS 1.8 AT 2008,"11,7 s",200 km/h,Corrente,Injeção multiponto,Natural,1799 cm³,4 em linha,R18A1,Único no cabeçote,"87,3 mm",81 mm,Transversal,Dianteiro,"9,0 kg/cv","71,2 kg/kgfm","77,8 cv/litro",140 cv (A) 138 cv (G) a 6200 rpm,"11,5:1",6200 rpm,4300 rpm,"9,8 kgfm/litro","17,7 kgfm (A) 17,5 kgfm (G) a 4300 rpm",4,Conversor de torque,Automático,5,5,Dianteira,1450 mm,1492 mm,1521 mm,,4489 mm,2700 mm,1752 mm,1260 kg,340 litros,50 litros,113 mm,Disco ventilado,Disco sólido,"2,16 m²","0,626 m²","0,29",Hidráulica,"10,5 m","10,5 m","Indep., McPherson",Mola helicoidal,"Indep., braços sobrepostos",600 km,425 km,12 km/l,"8,5 km/l",,,,,,,,Admissão,,,"0,29",,,,6800 rpm,,,,,,,,,,,Mecânicos,475 km,340 km,"9,5 km/l","6,8 km/l",140 cv,138 cv,"17,7 kgfm","17,5 kgfm",,,,,,,,,,,,
honda,Civic,civic,civic-lxs-1-8-2008,civic-lxs-1-8-2008,https://www.fichacompleta.com.br/carros/honda/civic-lxs-1-8-2008,2026-06-14T17:36:41.869732,Honda Civic LXS 1.8 2008,"10,2 s",203 km/h,Corrente,Injeção multiponto,Natural,1799 cm³,4 em linha,R18A1,Único no cabeçote,"87,3 mm",81 mm,Transversal,Dianteiro,"8,8 kg/cv","69,5 kg/kgfm","77,8 cv/litro",140 cv (A) 138 cv (G) a 6200 rpm,"11,5:1",6200 rpm,4300 rpm,"9,8 kgfm/litro","17,7 kgfm (A) 17,5 kgfm (G) a 4300 rpm",4,Embreagem monodisco a seco,Manual,5,5,Dianteira,1450 mm,1492 mm,1521 mm,,4489 mm,2700 mm,1752 mm,1230 kg,340 litros,50 litros,113 mm,Disco ventilado,Disco sólido,"2,16 m²","0,626 m²","0,29",Hidráulica,"10,5 m","10,5 m","Indep., McPherson",Mola helicoidal,"Indep., braços sobrepostos",650 km,450 km,13 km/l,9 km/l,,,,,,,,Admissão,,,"0,29",,,,6800 rpm,,,,,,,,,,,Mecânicos,500 km,355 km,10 km/l,"7,1 km/l",140 cv,138 cv,"17,7 kgfm","17,5 kgfm",,,,,,,,,,,,
honda,Civic,civic,civic-lxs-1-8-at-2008,civic-lxs-1-8-at-2008,https://www.fichacompleta.com.br/carros/honda/civic-lxs-1-8-at-2008,2026-06-14T17:36:44.914165,Honda Civic LXS 1.8 AT 2008,"11,7 s",200 km/h,Corrente,Injeção multiponto,Natural,1799 cm³,4 em linha,R18A1,Único no cabeçote,"87,3 mm",81 mm,Transversal,Dianteiro,"9,0 kg/cv","71,2 kg/kgfm","77,8 cv/litro",140 cv (A) 138 cv (G) a 6200 rpm,"11,5:1",6200 rpm,4300 rpm,"9,8 kgfm/litro","17,7 kgfm (A) 17,5 kgfm (G) a 4300 rpm",4,Conversor de torque,Automático,5,5,Dianteira,1450 mm,1492 mm,1521 mm,,4489 mm,2700 mm,1752 mm,1260 kg,340 litros,50 litros,113 mm,Disco ventilado,Disco sólido,"2,16 m²","0,626 m²","0,29",Hidráulica,"10,5 m","10,5 m","Indep., McPherson",Mola helicoidal,"Indep., braços sobrepostos",600 km,425 km,12 km/l,"8,5 km/l",,,,,,,,Admissão,,,"0,29",,,,6800 rpm,,,,,,,,,,,Mecânicos,475 km,340 km,"9,5 km/l","6,8 km/l",140 cv,138 cv,"17,7 kgfm","17,5 kgfm",,,,,,,,,,,,
honda,Civic,civic,civic-si-2-0-2008,civic-si-2-0-2008,https://www.fichacompleta.com.br/carros/honda/civic-si-2-0-2008,2026-06-14T17:36:48.952212,Honda Civic Si 2.0 2008,"7,9 s",215 km/h,,Injeção multiponto,Natural,1998 cm³,4 em linha,K20Z3,Duplo no cabeçote,86 mm,86 mm,Transversal,Dianteiro,"6,9 kg/cv","68,9 kg/kgfm","96,1 cv/litro",192 cv a 7800 rpm,11:1,,,"9,6 kgfm/litro","19,2 kgfm a 6100 rpm",4,Embreagem monodisco a seco,Manual,,6,Dianteira,1450 mm,1492 mm,1521 mm,,4489 mm,2700 mm,1752 mm,1322 kg,340 litros,50 litros,97 mm,Disco ventilado,Disco sólido,"2,16 m²","0,626 m²",,Elétrica,,"10,8 m","Independente, McPherson",Mola helicoidal,"Independente, braços sobrepostos",655 km,400 km,"13,1 km/l",8 km/l,,,,,,,,Admissão e escape,,,"0,29",,,,8400 rpm,,,,,,,,,,,Mecânicos,,,,,,,,,,,,,,,,,,,,
honda,Civic,civic,civic-exs-1-8-at-2009,civic-exs-1-8-at-2009,https://www.fichacompleta.com.br/carros/honda/civic-exs-1-8-at-2009,2026-06-14T17:40:49.019354,Honda Civic EXS 1.8 AT 2009,"11,7 s",200 km/h,,Injeção multiponto,Natural,1799 cm³,4 em linha,R18A1,"Único no cabeçote, corrente","87,3 mm",81 mm,Transversal,Dianteiro,"9,0 kg/cv","71,2 kg/kgfm","77,8 cv/litro",140 cv (A) 138 cv (G) a 6200 rpm,"11,5:1",,,"9,8 kgfm/litro","17,7 kgfm (A) 17,5 kgfm (G) a 4300 rpm",4,Conversor de torque,Automático,,5,Dianteira,1450 mm,1492 mm,1521 mm,,4489 mm,2700 mm,1752 mm,1260 kg,340 litros,50 litros,113 mm,Disco ventilado,Disco sólido,"2,16 m²","0,626 m²",,Hidráulica,,"10,5 m","Independente, McPherson",Mola helicoidal,"Independente, braços sobrepostos",600 km,425 km,12 km/l,"8,5 km/l",,,,,,,,Admissão,,,"0,29",,,,6800 rpm,,,,,,,,,,,Mecânicos,475 km,340 km,"9,5 km/l","6,8 km/l",,,,,,,,,,,,,,,,
honda,Civic,civic,civic-lxs-1-8-2009,civic-lxs-1-8-2009,https://www.fichacompleta.com.br/carros/honda/civic-lxs-1-8-2009,2026-06-14T17:40:53.638523,Honda Civic LXS 1.8 2009,"10,2 s",203 km/h,,Injeção multiponto,Natural,1799 cm³,4 em linha,R18A1,"Único no cabeçote, corrente","87,3 mm",81 mm,Transversal,Dianteiro,"8,8 kg/cv","69,5 kg/kgfm","77,8 cv/litro",140 cv (A) 138 cv (G) a 6200 rpm,"11,5:1",,,"9,8 kgfm/litro","17,7 kgfm (A) 17,5 kgfm (G) a 4300 rpm",4,Embreagem monodisco a seco,Manual,,5,Dianteira,1450 mm,1492 mm,1521 mm,,4489 mm,2700 mm,1752 mm,1230 kg,340 litros,50 litros,113 mm,Disco ventilado,Disco sólido,"2,16 m²","0,626 m²",,Hidráulica,,"10,5 m","Independente, McPherson",Mola helicoidal,"Independente, braços sobrepostos",650 km,450 km,13 km/l,9 km/l,,,,,,,,Admissão,,,"0,29",,,,6800 rpm,,,,,,,,,,,Mecânicos,500 km,355 km,10 km/l,"7,1 km/l",,,,,,,,,,,,,,,,
honda,Civic,civic,civic-lxs-1-8-at-2009,civic-lxs-1-8-at-2009,https://www.fichacompleta.com.br/carros/honda/civic-lxs-1-8-at-2009,2026-06-14T17:40:57.925728,Honda Civic LXS 1.8 AT 2009,"11,7 s",200 km/h,,Injeção multiponto,Natural,1799 cm³,4 em linha,R18A1,"Único no cabeçote, corrente","87,3 mm",81 mm,Transversal,Dianteiro,"9,0 kg/cv","71,2 kg/kgfm","77,8 cv/litro",140 cv (A) 138 cv (G) a 6200 rpm,"11,5:1",,,"9,8 kgfm/litro","17,7 kgfm (A) 17,5 kgfm (G) a 4300 rpm",4,Conversor de torque,Automático,,5,Dianteira,1450 mm,1492 mm,1521 mm,,4489 mm,2700 mm,1752 mm,1260 kg,340 litros,50 litros,113 mm,Disco ventilado,Disco sólido,"2,16 m²","0,626 m²",,Hidráulica,,"10,5 m","Independente, McPherson",Mola helicoidal,"Independente, braços sobrepostos",600 km,425 km,12 km/l,"8,5 km/l",,,,,,,,Admissão,,,"0,29",,,,6800 rpm,,,,,,,,,,,Mecânicos,475 km,340 km,"9,5 km/l","6,8 km/l",,,,,,,,,,,,,,,,
honda,Civic,civic,civic-si-2-0-2009,civic-si-2-0-2009,https://www.fichacompleta.com.br/carros/honda/civic-si-2-0-2009,2026-06-14T17:41:01.620534,Honda Civic Si 2.0 2009,"7,9 s",215 km/h,,Injeção multiponto,Natural,1998 cm³,4 em linha,K20Z3,Duplo no cabeçote,86 mm,86 mm,Transversal,Dianteiro,"6,9 kg/cv","68,9 kg/kgfm","96,1 cv/litro",192 cv a 7800 rpm,11:1,,,"9,6 kgfm/litro","19,2 kgfm a 6100 rpm",4,Embreagem monodisco a seco,Manual,,6,Dianteira,1450 mm,1492 mm,1521 mm,,4489 mm,2700 mm,1752 mm,1322 kg,340 litros,50 litros,97 mm,Disco ventilado,Disco sólido,"2,16 m²","0,626 m²",,Elétrica,,"10,8 m","Independente, McPherson",Mola helicoidal,"Independente, braços sobrepostos",655 km,400 km,"13,1 km/l",8 km/l,,,,,,,,Admissão e escape,,,"0,29",,,,8400 rpm,,,,,,,,,,,Mecânicos,,,,,,,,,,,,,,,,,,,,
honda,Civic,civic,civic-exs-1-8-at-2010,civic-exs-1-8-at-2010,https://www.fichacompleta.com.br/carros/honda/civic-exs-1-8-at-2010,2026-06-14T17:41:05.107024,Honda Civic EXS 1.8 AT 2010,"11,9 s",200 km/h,,Injeção multiponto,Natural,1799 cm³,4 em linha,R18A1,"Único no cabeçote, corrente","87,3 mm",81 mm,Transversal,Dianteiro,"8,8 kg/cv","69,9 kg/kgfm","77,8 cv/litro",140 cv (A) 138 cv (G) a 6200 rpm,"11,5:1",,,"9,8 kgfm/litro","17,7 kgfm (A) 17,5 kgfm (G) a 4300 rpm",4,Conversor de torque,Automático,,5,Dianteira,1450 mm,1492 mm,1521 mm,420 kg,4489 mm,2700 mm,1752 mm,1238 kg,340 litros,50 litros,113 mm,Disco ventilado,Disco sólido,"2,16 m²","0,626 m²",,Elétrica,,"10,5 m","Independente, McPherson",Mola helicoidal,"Independente, braços sobrepostos",695 km,530 km,"13,9 km/l","10,6 km/l",,,,,,,,Admissão,,,"0,29",,,,6800 rpm,,,,,,,,,,,Mecânicos,430 km,325 km,"8,6 km/l","6,5 km/l",,,,,,,,,,,,,,,,
honda,Civic,civic,civic-lxl-1-8-2010,civic-lxl-1-8-2010,https://www.fichacompleta.com.br/carros/honda/civic-lxl-1-8-2010,2026-06-14T17:41:07.842498,Honda Civic LXL 1.8 2010,"10,2 s",203 km/h,,Injeção multiponto,Natural,1799 cm³,4 em linha,R18A1,"Único no cabeçote, corrente","87,3 mm",81 mm,Transversal,Dianteiro,"8,8 kg/cv","69,5 kg/kgfm","77,8 cv/litro",140 cv (A) 138 cv (G) a 6200 rpm,"11,5:1",,,"9,8 kgfm/litro","17,7 kgfm (A) 17,5 kgfm (G) a 4300 rpm",4,Embreagem monodisco a seco,Manual,,5,Dianteira,1450 mm,1492 mm,1521 mm,,4489 mm,2700 mm,1752 mm,1230 kg,340 litros,50 litros,113 mm,Disco ventilado,Disco sólido,"2,16 m²","0,626 m²",,Elétrica,,"10,5 m","Independente, McPherson",Mola helicoidal,"Independente, braços sobrepostos",690 km,505 km,"13,8 km/l","10,1 km/l",,,,,,,,Admissão,,,"0,29",,,,6800 rpm,,,,,,,,,,,Mecânicos,505 km,355 km,"10,1 km/l","7,1 km/l",,,,,,,,,,,,,,,,
honda,Civic,civic,civic-lxl-1-8-at-2010,civic-lxl-1-8-at-2010,https://www.fichacompleta.com.br/carros/honda/civic-lxl-1-8-at-2010,2026-06-14T17:41:10.576792,Honda Civic LXL 1.8 AT 2010,"11,9 s",200 km/h,Corrente,Injeção multiponto,Natural,1799 cm³,4 em linha,R18A1,Único no cabeçote,"87,3 mm",81 mm,Transversal,Dianteiro,"8,8 kg/cv","69,9 kg/kgfm","77,8 cv/litro",140 cv (A) 138 cv (G) a 6200 rpm,"11,5:1",6200 rpm,4300 rpm,"9,8 kgfm/litro","17,7 kgfm (A) 17,5 kgfm (G) a 4300 rpm",4,Conversor de torque,Automático,5,5,Dianteira,1450 mm,1492 mm,1521 mm,420 kg,4489 mm,2700 mm,1752 mm,1238 kg,340 litros,50 litros,113 mm,Disco ventilado,Disco sólido,"2,16 m²","0,626 m²","0,29",Elétrica,"10,5 m","10,5 m","Indep., McPherson",Mola helicoidal,"Indep., braços sobrepostos",695 km,530 km,"13,9 km/l","10,6 km/l",,,,,,,,Admissão,,,"0,29",,,,6800 rpm,,,,,,,,,,,Mecânicos,430 km,325 km,"8,6 km/l","6,5 km/l",140 cv,138 cv,"17,7 kgfm","17,5 kgfm",,,,,,,,,,,,
honda,Civic,civic,civic-lxs-1-8-2010,civic-lxs-1-8-2010,https://www.fichacompleta.com.br/carros/honda/civic-lxs-1-8-2010,2026-06-14T17:41:14.779829,Honda Civic LXS 1.8 2010,"10,2 s",203 km/h,,Injeção multiponto,Natural,1799 cm³,4 em linha,R18A1,"Único no cabeçote, corrente","87,3 mm",81 mm,Transversal,Dianteiro,"8,8 kg/cv","69,5 kg/kgfm","77,8 cv/litro",140 cv (A) 138 cv (G) a 6200 rpm,"11,5:1",,,"9,8 kgfm/litro","17,7 kgfm (A) 17,5 kgfm (G) a 4300 rpm",4,Embreagem monodisco a seco,Manual,,5,Dianteira,1450 mm,1492 mm,1521 mm,,4489 mm,2700 mm,1752 mm,1230 kg,340 litros,50 litros,113 mm,Disco ventilado,Disco sólido,"2,16 m²","0,626 m²",,Elétrica,,"10,5 m","Independente, McPherson",Mola helicoidal,"Independente, braços sobrepostos",690 km,505 km,"13,8 km/l","10,1 km/l",,,,,,,,Admissão,,,"0,29",,,,6800 rpm,,,,,,,,,,,Mecânicos,505 km,355 km,"10,1 km/l","7,1 km/l",,,,,,,,,,,,,,,,
honda,Civic,civic,civic-lxs-1-8-at-2010,civic-lxs-1-8-at-2010,https://www.fichacompleta.com.br/carros/honda/civic-lxs-1-8-at-2010,2026-06-14T17:41:18.456009,Honda Civic LXS 1.8 AT 2010,"11,9 s",200 km/h,,Injeção multiponto,Natural,1799 cm³,4 em linha,R18A1,"Único no cabeçote, corrente","87,3 mm",81 mm,Transversal,Dianteiro,"8,8 kg/cv","69,9 kg/kgfm","77,8 cv/litro",140 cv (A) 138 cv (G) a 6200 rpm,"11,5:1",,,"9,8 kgfm/litro","17,7 kgfm (A) 17,5 kgfm (G) a 4300 rpm",4,Conversor de torque,Automático,,5,Dianteira,1450 mm,1492 mm,1521 mm,420 kg,4489 mm,2700 mm,1752 mm,1238 kg,340 litros,50 litros,113 mm,Disco ventilado,Disco sólido,"2,16 m²","0,626 m²",,Elétrica,,"10,5 m","Independente, McPherson",Mola helicoidal,"Independente, braços sobrepostos",695 km,530 km,"13,9 km/l","10,6 km/l",,,,,,,,Admissão,,,"0,29",,,,6800 rpm,,,,,,,,,,,Mecânicos,430 km,325 km,"8,6 km/l","6,5 km/l",,,,,,,,,,,,,,,,
honda,Civic,civic,civic-si-2-0-2010,civic-si-2-0-2010,https://www.fichacompleta.com.br/carros/honda/civic-si-2-0-2010,2026-06-14T17:41:22.275451,Honda Civic Si 2.0 2010,"7,9 s",215 km/h,,Injeção multiponto,Natural,1998 cm³,4 em linha,K20Z3,Duplo no cabeçote,86 mm,86 mm,Transversal,Dianteiro,"6,9 kg/cv","68,9 kg/kgfm","96,1 cv/litro",192 cv a 7800 rpm,11:1,,,"9,6 kgfm/litro","19,2 kgfm a 6100 rpm",4,Embreagem monodisco a seco,Manual,,6,Dianteira,1450 mm,1492 mm,1521 mm,,4489 mm,2700 mm,1752 mm,1322 kg,340 litros,50 litros,97 mm,Disco ventilado,Disco sólido,"2,16 m²","0,626 m²",,Elétrica,,"10,8 m","Independente, McPherson",Mola helicoidal,"Independente, braços sobrepostos",655 km,400 km,"13,1 km/l",8 km/l,,,,,,,,Admissão e escape,,,"0,29",,,,8400 rpm,,,,,,,,,,,Mecânicos,,,,,,,,,,,,,,,,,,,,
honda,Civic,civic,civic-exs-1-8-at-2011,civic-exs-1-8-at-2011,https://www.fichacompleta.com.br/carros/honda/civic-exs-1-8-at-2011,2026-06-14T17:41:26.552576,Honda Civic EXS 1.8 AT 2011,"11,9 s",200 km/h,,Injeção multiponto,Natural,1799 cm³,4 em linha,R18A1,"Único no cabeçote, corrente","87,3 mm",81 mm,Transversal,Dianteiro,"8,8 kg/cv","69,9 kg/kgfm","77,8 cv/litro",140 cv (A) 138 cv (G) a 6200 rpm,"11,5:1",,,"9,8 kgfm/litro","17,7 kgfm (A) 17,5 kgfm (G) a 4300 rpm",4,Conversor de torque,Automático,,5,Dianteira,1450 mm,1492 mm,1521 mm,420 kg,4489 mm,2700 mm,1752 mm,1238 kg,340 litros,50 litros,113 mm,Disco ventilado,Disco sólido,"2,16 m²","0,626 m²",,Elétrica,,"10,5 m","Independente, McPherson",Mola helicoidal,"Independente, braços sobrepostos",695 km,530 km,"13,9 km/l","10,6 km/l",,,,,,,,Admissão,,,"0,29",,,,6800 rpm,,,,,,,,,,,Mecânicos,430 km,325 km,"8,6 km/l","6,5 km/l",,,,,,,,,,,,,,,,
honda,Civic,civic,civic-lxl-1-8-2011,civic-lxl-1-8-2011,https://www.fichacompleta.com.br/carros/honda/civic-lxl-1-8-2011,2026-06-14T17:41:29.444430,Honda Civic LXL 1.8 2011,"10,2 s",203 km/h,Corrente,Injeção multiponto,Natural,1799 cm³,4 em linha,R18A1,Único no cabeçote,"87,3 mm",81 mm,Transversal,Dianteiro,"8,8 kg/cv","69,5 kg/kgfm","77,8 cv/litro",,"11,5:1",,,"9,8 kgfm/litro",,4,Embreagem monodisco a seco,Manual,5,,Dianteira,1450 mm,1492 mm,1521 mm,,4489 mm,2700 mm,1752 mm,1230 kg,340 litros,50 litros,113 mm,Disco ventilado,Disco sólido,"2,16 m²","0,626 m²","0,29",Elétrica,"10,5 m",,"Indep., McPherson",Mola helicoidal,"Indep., braços sobrepostos",690 km,505 km,"13,8 km/l","10,1 km/l",,6200 rpm,4300 rpm,,,,,Admissão,,,,,,,6800 rpm,,,,,,,,,,,Mecânicos,505 km,355 km,"10,1 km/l","7,1 km/l",140 cv,138 cv,"17,7 kgfm","17,5 kgfm",,,,,,,,,,,,
honda,Civic,civic,civic-lxl-1-8-at-2011,civic-lxl-1-8-at-2011,https://www.fichacompleta.com.br/carros/honda/civic-lxl-1-8-at-2011,2026-06-14T17:41:32.315687,Honda Civic LXL 1.8 AT 2011,"11,9 s",200 km/h,,Injeção multiponto,Natural,1799 cm³,4 em linha,R18A1,"Único no cabeçote, corrente","87,3 mm",81 mm,Transversal,Dianteiro,"8,8 kg/cv","69,9 kg/kgfm","77,8 cv/litro",140 cv (A) 138 cv (G) a 6200 rpm,"11,5:1",,,"9,8 kgfm/litro","17,7 kgfm (A) 17,5 kgfm (G) a 4300 rpm",4,Conversor de torque,Automático,,5,Dianteira,1450 mm,1492 mm,1521 mm,420 kg,4489 mm,2700 mm,1752 mm,1238 kg,340 litros,50 litros,113 mm,Disco ventilado,Disco sólido,"2,16 m²","0,626 m²",,Elétrica,,"10,5 m","Independente, McPherson",Mola helicoidal,"Independente, braços sobrepostos",695 km,530 km,"13,9 km/l","10,6 km/l",,,,,,,,Admissão,,,"0,29",,,,6800 rpm,,,,,,,,,,,Mecânicos,430 km,325 km,"8,6 km/l","6,5 km/l",,,,,,,,,,,,,,,,
honda,Civic,civic,civic-lxl-se-1-8-2011,civic-lxl-se-1-8-2011,https://www.fichacompleta.com.br/carros/honda/civic-lxl-se-1-8-2011,2026-06-14T17:41:36.138796,Honda Civic LXL SE 1.8 2011,"10,2 s",203 km/h,,Injeção multiponto,Natural,1799 cm³,4 em linha,R18A1,"Único no cabeçote, corrente","87,3 mm",81 mm,Transversal,Dianteiro,"8,8 kg/cv","69,5 kg/kgfm","77,8 cv/litro",140 cv (A) 138 cv (G) a 6200 rpm,"11,5:1",,,"9,8 kgfm/litro","17,7 kgfm (A) 17,5 kgfm (G) a 4300 rpm",4,Embreagem monodisco a seco,Manual,,5,Dianteira,1450 mm,1499 mm,1529 mm,,4489 mm,2700 mm,1752 mm,1230 kg,340 litros,50 litros,113 mm,Disco ventilado,Disco sólido,"2,16 m²","0,626 m²",,Elétrica,,"10,5 m","Independente, McPherson",Mola helicoidal,"Independente, braços sobrepostos",690 km,505 km,"13,8 km/l","10,1 km/l",,,,,,,,Admissão,,,"0,29",,,,6800 rpm,,,,,,,,,,,Mecânicos,505 km,355 km,"10,1 km/l","7,1 km/l",,,,,,,,,,,,,,,,
honda,Civic,civic,civic-lxl-se-1-8-at-2011,civic-lxl-se-1-8-at-2011,https://www.fichacompleta.com.br/carros/honda/civic-lxl-se-1-8-at-2011,2026-06-14T17:41:40.556813,Honda Civic LXL SE 1.8 AT 2011,"11,9 s",189 km/h,,Injeção multiponto,Natural,1799 cm³,4 em linha,R18A1,"Único no cabeçote, corrente","87,3 mm",81 mm,Transversal,Dianteiro,"8,8 kg/cv","69,9 kg/kgfm","77,8 cv/litro",140 cv (A) 138 cv (G) a 6200 rpm,"11,5:1",,,"9,8 kgfm/litro","17,7 kgfm (A) 17,5 kgfm (G) a 4300 rpm",4,Conversor de torque,Automático,,5,Dianteira,1450 mm,1499 mm,1529 mm,420 kg,4489 mm,2700 mm,1752 mm,1238 kg,340 litros,50 litros,113 mm,Disco ventilado,Disco sólido,"2,16 m²","0,626 m²",,Elétrica,,"10,5 m","Independente, McPherson",Mola helicoidal,"Independente, braços sobrepostos",695 km,530 km,"13,9 km/l","10,6 km/l",,,,,,,,Admissão,,,"0,29",,,,6800 rpm,,,,,,,,,,,Mecânicos,430 km,325 km,"8,6 km/l","6,5 km/l",,,,,,,,,,,,,,,,
honda,Civic,civic,civic-lxs-1-8-2011,civic-lxs-1-8-2011,https://www.fichacompleta.com.br/carros/honda/civic-lxs-1-8-2011,2026-06-14T17:41:44.916779,Honda Civic LXS 1.8 2011,"10,2 s",203 km/h,,Injeção multiponto,Natural,1799 cm³,4 em linha,R18A1,"Único no cabeçote, corrente","87,3 mm",81 mm,Transversal,Dianteiro,"8,8 kg/cv","69,5 kg/kgfm","77,8 cv/litro",140 cv (A) 138 cv (G) a 6200 rpm,"11,5:1",,,"9,8 kgfm/litro","17,7 kgfm (A) 17,5 kgfm (G) a 4300 rpm",4,Embreagem monodisco a seco,Manual,,5,Dianteira,1450 mm,1492 mm,1521 mm,,4489 mm,2700 mm,1752 mm,1230 kg,340 litros,50 litros,113 mm,Disco ventilado,Disco sólido,"2,16 m²","0,626 m²",,Elétrica,,"10,5 m","Independente, McPherson",Mola helicoidal,"Independente, braços sobrepostos",690 km,505 km,"13,8 km/l","10,1 km/l",,,,,,,,Admissão,,,"0,29",,,,6800 rpm,,,,,,,,,,,Mecânicos,505 km,355 km,"10,1 km/l","7,1 km/l",,,,,,,,,,,,,,,,
honda,Civic,civic,civic-lxs-1-8-at-2011,civic-lxs-1-8-at-2011,https://www.fichacompleta.com.br/carros/honda/civic-lxs-1-8-at-2011,2026-06-14T17:41:49.161426,Honda Civic LXS 1.8 AT 2011,"11,9 s",200 km/h,,Injeção multiponto,Natural,1799 cm³,4 em linha,R18A1,"Único no cabeçote, corrente","87,3 mm",81 mm,Transversal,Dianteiro,"8,8 kg/cv","69,9 kg/kgfm","77,8 cv/litro",140 cv (A) 138 cv (G) a 6200 rpm,"11,5:1",,,"9,8 kgfm/litro","17,7 kgfm (A) 17,5 kgfm (G) a 4300 rpm",4,Conversor de torque,Automático,,5,Dianteira,1450 mm,1492 mm,1521 mm,420 kg,4489 mm,2700 mm,1752 mm,1238 kg,340 litros,50 litros,113 mm,Disco ventilado,Disco sólido,"2,16 m²","0,626 m²",,Elétrica,,"10,5 m","Independente, McPherson",Mola helicoidal,"Independente, braços sobrepostos",695 km,530 km,"13,9 km/l","10,6 km/l",,,,,,,,Admissão,,,"0,29",,,,6800 rpm,,,,,,,,,,,Mecânicos,430 km,325 km,"8,6 km/l","6,5 km/l",,,,,,,,,,,,,,,,
honda,Civic,civic,civic-si-2-0-2011,civic-si-2-0-2011,https://www.fichacompleta.com.br/carros/honda/civic-si-2-0-2011,2026-06-14T17:41:53.734642,Honda Civic Si 2.0 2011,"7,9 s",215 km/h,,Injeção multiponto,Natural,1998 cm³,4 em linha,K20Z3,Duplo no cabeçote,86 mm,86 mm,Transversal,Dianteiro,"6,9 kg/cv","68,9 kg/kgfm","96,1 cv/litro",192 cv a 7800 rpm,11:1,,,"9,6 kgfm/litro","19,2 kgfm a 6100 rpm",4,Embreagem monodisco a seco,Manual,,6,Dianteira,1450 mm,1492 mm,1521 mm,,4489 mm,2700 mm,1752 mm,1322 kg,340 litros,50 litros,97 mm,Disco ventilado,Disco sólido,"2,16 m²","0,626 m²",,Elétrica,,"10,8 m","Independente, McPherson",Mola helicoidal,"Independente, braços sobrepostos",655 km,400 km,"13,1 km/l",8 km/l,,,,,,,,Admissão e escape,,,"0,29",,,,8400 rpm,,,,,,,,,,,Mecânicos,,,,,,,,,,,,,,,,,,,,
honda,Civic,civic,civic-exs-1-8-at-2012,civic-exs-1-8-at-2012,https://www.fichacompleta.com.br/carros/honda/civic-exs-1-8-at-2012,2026-06-14T17:41:57.105281,Honda Civic EXS 1.8 AT 2012,"11,1 s",189 km/h,Corrente,Injeção multiponto,Natural,1799 cm³,4 em linha,R18A1,Único no cabeçote,"87,3 mm",81 mm,Transversal,Dianteiro,"9,2 kg/cv","72,7 kg/kgfm","77,8 cv/litro",140 cv (A) 139 cv (G) a 6500 rpm,"11,7:1",6500 rpm,4500 rpm,"9,8 kgfm/litro","17,7 kgfm (A) 17,5 kgfm (G) a 4500 rpm",4,Conversor de torque,Automático,5,5,Dianteira,1450 mm,,,404 kg,4525 mm,2668 mm,1755 mm,1286 kg,449 litros,57 litros,113 mm,Disco ventilado,Disco sólido,"2,16 m²","0,605 m²","0,28",Elétrica,Não informado,Não informado,"Indep., McPherson",Mola helicoidal,"Indep., braços sobrepostos",764 km,599 km,"13,4 km/l","10,5 km/l",,,,,,,,Admissão,,,"0,28",,,,6800 rpm,,,,,,,,,,,Mecânicos,570 km,416 km,10 km/l,"7,3 km/l",140 cv,139 cv,"17,7 kgfm","17,5 kgfm",,,,,,,,,,,,
honda,Civic,civic,civic-lxl-1-8-2012,civic-lxl-1-8-2012,https://www.fichacompleta.com.br/carros/honda/civic-lxl-1-8-2012,2026-06-14T17:41:59.978786,Honda Civic LXL 1.8 2012,"10,2 s",190 km/h,,Injeção multiponto,Natural,1799 cm³,4 em linha,R18A1,"Único no cabeçote, corrente","87,3 mm",81 mm,Transversal,Dianteiro,"8,8 kg/cv","69,5 kg/kgfm","77,8 cv/litro",140 cv (A) 139 cv (G) a 6500 rpm,"11,7:1",,,"9,8 kgfm/litro","17,7 kgfm (A) 17,5 kgfm (G) a 4500 rpm",4,Embreagem monodisco a seco,Manual,,5,Dianteira,1450 mm,,,460 kg,4525 mm,2668 mm,1755 mm,1230 kg,449 litros,57 litros,113 mm,Disco ventilado,Disco sólido,"2,16 m²","0,605 m²",,Elétrica,,Não informado,"Independente, McPherson",Mola helicoidal,"Independente, braços sobrepostos",764 km,610 km,"13,4 km/l","10,7 km/l",,,,,,,,Admissão,,,"0,28",,,,6800 rpm,,,,,,,,,,,Mecânicos,542 km,422 km,"9,5 km/l","7,4 km/l",,,,,,,,,,,,,,,,
honda,Civic,civic,civic-lxl-1-8-at-2012,civic-lxl-1-8-at-2012,https://www.fichacompleta.com.br/carros/honda/civic-lxl-1-8-at-2012,2026-06-14T17:42:03.606052,Honda Civic LXL 1.8 AT 2012,"11,1 s",189 km/h,Corrente,Injeção multiponto,Natural,1799 cm³,4 em linha,R18A1,Único no cabeçote,"87,3 mm",81 mm,Transversal,Dianteiro,"9,1 kg/cv","71,9 kg/kgfm","77,8 cv/litro",140 cv (A) 139 cv (G) a 6500 rpm,"11,7:1",6500 rpm,4500 rpm,"9,8 kgfm/litro","17,7 kgfm (A) 17,5 kgfm (G) a 4500 rpm",4,Conversor de torque,Automático,5,5,Dianteira,1450 mm,,,417 kg,4525 mm,2668 mm,1755 mm,1273 kg,449 litros,57 litros,113 mm,Disco ventilado,Disco sólido,"2,16 m²","0,605 m²","0,28",Elétrica,Não informado,Não informado,"Indep., McPherson",Mola helicoidal,"Indep., braços sobrepostos",764 km,599 km,"13,4 km/l","10,5 km/l",,,,,,,,Admissão,,,"0,28",,,,6800 rpm,,,,,,,,,,,Mecânicos,570 km,416 km,10 km/l,"7,3 km/l",140 cv,139 cv,"17,7 kgfm","17,5 kgfm",,,,,,,,,,,,
honda,Civic,civic,civic-lxs-1-8-2012,civic-lxs-1-8-2012,https://www.fichacompleta.com.br/carros/honda/civic-lxs-1-8-2012,2026-06-14T17:42:06.020342,Honda Civic LXS 1.8 2012,"10,2 s",190 km/h,Corrente,Injeção multiponto,Natural,1799 cm³,4 em linha,R18A1,Único no cabeçote,"87,3 mm",81 mm,Transversal,Dianteiro,"8,8 kg/cv","69,5 kg/kgfm","77,8 cv/litro",140 cv (A) 139 cv (G) a 6500 rpm,"11,7:1",6500 rpm,4500 rpm,"9,8 kgfm/litro","17,7 kgfm (A) 17,5 kgfm (G) a 4500 rpm",4,Embreagem monodisco a seco,Manual,5,5,Dianteira,1450 mm,,,460 kg,4525 mm,2668 mm,1755 mm,1230 kg,449 litros,57 litros,113 mm,Disco ventilado,Disco sólido,"2,16 m²","0,605 m²","0,28",Elétrica,Não informado,Não informado,"Indep., McPherson",Mola helicoidal,"Indep., braços sobrepostos",764 km,610 km,"13,4 km/l","10,7 km/l",,,,,,,,Admissão,,,"0,28",,,,6800 rpm,,,,,,,,,,,Mecânicos,542 km,422 km,"9,5 km/l","7,4 km/l",140 cv,139 cv,"17,7 kgfm","17,5 kgfm",,,,,,,,,,,,
honda,Civic,civic,civic-lxs-1-8-at-2012,civic-lxs-1-8-at-2012,https://www.fichacompleta.com.br/carros/honda/civic-lxs-1-8-at-2012,2026-06-14T17:42:10.623068,Honda Civic LXS 1.8 AT 2012,"11,1 s",189 km/h,,Injeção multiponto,Natural,1799 cm³,4 em linha,R18A1,"Único no cabeçote, corrente","87,3 mm",81 mm,Transversal,Dianteiro,"9,1 kg/cv","71,9 kg/kgfm","77,8 cv/litro",140 cv (A) 139 cv (G) a 6500 rpm,"11,7:1",,,"9,8 kgfm/litro","17,7 kgfm (A) 17,5 kgfm (G) a 4500 rpm",4,Conversor de torque,Automático,,5,Dianteira,1450 mm,,,417 kg,4525 mm,2668 mm,1755 mm,1273 kg,449 litros,57 litros,113 mm,Disco ventilado,Disco sólido,"2,16 m²","0,605 m²",,Elétrica,,Não informado,"Independente, McPherson",Mola helicoidal,"Independente, braços sobrepostos",764 km,599 km,"13,4 km/l","10,5 km/l",,,,,,,,Admissão,,,"0,28",,,,6800 rpm,,,,,,,,,,,Mecânicos,570 km,416 km,10 km/l,"7,3 km/l",,,,,,,,,,,,,,,,
honda,Civic,civic,civic-exs-1-8-at-2013,civic-exs-1-8-at-2013,https://www.fichacompleta.com.br/carros/honda/civic-exs-1-8-at-2013,2026-06-14T17:42:14.665378,Honda Civic EXS 1.8 AT 2013,"11,1 s",189 km/h,,Injeção multiponto,Natural,1799 cm³,4 em linha,R18A1,"Único no cabeçote, corrente","87,3 mm",81 mm,Transversal,Dianteiro,"9,2 kg/cv","72,7 kg/kgfm","77,8 cv/litro",140 cv (A) 139 cv (G) a 6500 rpm,"11,7:1",,,"9,8 kgfm/litro","17,7 kgfm (A) 17,5 kgfm (G) a 4500 rpm",4,Conversor de torque,Automático,,5,Dianteira,1450 mm,,,404 kg,4525 mm,2668 mm,1755 mm,1286 kg,449 litros,57 litros,113 mm,Disco ventilado,Disco sólido,"2,16 m²","0,605 m²",,Elétrica,,Não informado,"Independente, McPherson",Mola helicoidal,"Independente, braços sobrepostos",764 km,599 km,"13,4 km/l","10,5 km/l",,,,,,,,Admissão,,,"0,28",,,,6800 rpm,,,,,,,,,,,Mecânicos,570 km,416 km,10 km/l,"7,3 km/l",,,,,,,,,,,,,,,,
honda,Civic,civic,civic-lxl-1-8-2013,civic-lxl-1-8-2013,https://www.fichacompleta.com.br/carros/honda/civic-lxl-1-8-2013,2026-06-14T17:42:18.317562,Honda Civic LXL 1.8 2013,"10,2 s",190 km/h,,Injeção multiponto,Natural,1799 cm³,4 em linha,R18A1,"Único no cabeçote, corrente","87,3 mm",81 mm,Transversal,Dianteiro,"8,8 kg/cv","69,5 kg/kgfm","77,8 cv/litro",140 cv (A) 139 cv (G) a 6500 rpm,"11,7:1",,,"9,8 kgfm/litro","17,7 kgfm (A) 17,5 kgfm (G) a 4500 rpm",4,Embreagem monodisco a seco,Manual,,5,Dianteira,1450 mm,,,460 kg,4525 mm,2668 mm,1755 mm,1230 kg,449 litros,57 litros,113 mm,Disco ventilado,Disco sólido,"2,16 m²","0,605 m²",,Elétrica,,Não informado,"Independente, McPherson",Mola helicoidal,"Independente, braços sobrepostos",764 km,610 km,"13,4 km/l","10,7 km/l",,,,,,,,Admissão,,,"0,28",,,,6800 rpm,,,,,,,,,,,Mecânicos,542 km,422 km,"9,5 km/l","7,4 km/l",,,,,,,,,,,,,,,,
honda,Civic,civic,civic-lxl-1-8-at-2013,civic-lxl-1-8-at-2013,https://www.fichacompleta.com.br/carros/honda/civic-lxl-1-8-at-2013,2026-06-14T17:42:21.720802,Honda Civic LXL 1.8 AT 2013,"11,1 s",189 km/h,,Injeção multiponto,Natural,1799 cm³,4 em linha,R18A1,"Único no cabeçote, corrente","87,3 mm",81 mm,Transversal,Dianteiro,"9,1 kg/cv","71,9 kg/kgfm","77,8 cv/litro",140 cv (A) 139 cv (G) a 6500 rpm,"11,7:1",,,"9,8 kgfm/litro","17,7 kgfm (A) 17,5 kgfm (G) a 4500 rpm",4,Conversor de torque,Automático,,5,Dianteira,1450 mm,,,417 kg,4525 mm,2668 mm,1755 mm,1273 kg,449 litros,57 litros,113 mm,Disco ventilado,Disco sólido,"2,16 m²","0,605 m²",,Elétrica,,Não informado,"Independente, McPherson",Mola helicoidal,"Independente, braços sobrepostos",764 km,599 km,"13,4 km/l","10,5 km/l",,,,,,,,Admissão,,,"0,28",,,,6800 rpm,,,,,,,,,,,Mecânicos,570 km,416 km,10 km/l,"7,3 km/l",,,,,,,,,,,,,,,,
honda,Civic,civic,civic-lxs-1-8-2013,civic-lxs-1-8-2013,https://www.fichacompleta.com.br/carros/honda/civic-lxs-1-8-2013,2026-06-14T17:42:25.598061,Honda Civic LXS 1.8 2013,"10,2 s",190 km/h,,Injeção multiponto,Natural,1799 cm³,4 em linha,R18A1,"Único no cabeçote, corrente","87,3 mm",81 mm,Transversal,Dianteiro,"8,8 kg/cv","69,5 kg/kgfm","77,8 cv/litro",140 cv (A) 139 cv (G) a 6500 rpm,"11,7:1",,,"9,8 kgfm/litro","17,7 kgfm (A) 17,5 kgfm (G) a 4500 rpm",4,Embreagem monodisco a seco,Manual,,5,Dianteira,1450 mm,,,460 kg,4525 mm,2668 mm,1755 mm,1230 kg,449 litros,57 litros,113 mm,Disco ventilado,Disco sólido,"2,16 m²","0,605 m²",,Elétrica,,Não informado,"Independente, McPherson",Mola helicoidal,"Independente, braços sobrepostos",764 km,610 km,"13,4 km/l","10,7 km/l",,,,,,,,Admissão,,,"0,28",,,,6800 rpm,,,,,,,,,,,Mecânicos,542 km,422 km,"9,5 km/l","7,4 km/l",,,,,,,,,,,,,,,,
honda,Civic,civic,civic-lxs-1-8-at-2013,civic-lxs-1-8-at-2013,https://www.fichacompleta.com.br/carros/honda/civic-lxs-1-8-at-2013,2026-06-14T17:42:29.232015,Honda Civic LXS 1.8 AT 2013,"11,1 s",189 km/h,,Injeção multiponto,Natural,1799 cm³,4 em linha,R18A1,"Único no cabeçote, corrente","87,3 mm",81 mm,Transversal,Dianteiro,"9,1 kg/cv","71,9 kg/kgfm","77,8 cv/litro",140 cv (A) 139 cv (G) a 6500 rpm,"11,7:1",,,"9,8 kgfm/litro","17,7 kgfm (A) 17,5 kgfm (G) a 4500 rpm",4,Conversor de torque,Automático,,5,Dianteira,1450 mm,,,417 kg,4525 mm,2668 mm,1755 mm,1273 kg,449 litros,57 litros,113 mm,Disco ventilado,Disco sólido,"2,16 m²","0,605 m²",,Elétrica,,Não informado,"Independente, McPherson",Mola helicoidal,"Independente, braços sobrepostos",764 km,599 km,"13,4 km/l","10,5 km/l",,,,,,,,Admissão,,,"0,28",,,,6800 rpm,,,,,,,,,,,Mecânicos,570 km,416 km,10 km/l,"7,3 km/l",,,,,,,,,,,,,,,,
honda,Civic,civic,civic-exr-2-0-2014,civic-exr-2-0-2014,https://www.fichacompleta.com.br/carros/honda/civic-exr-2-0-2014,2026-06-14T17:42:33.926814,Honda Civic EXR 2.0 2014,"10,9 s",190 km/h,Corrente,Injeção multiponto,Natural,1997 cm³,4 em linha,R20Z1,Único no cabeçote,"96,9 mm",81 mm,Transversal,Dianteiro,"8,4 kg/cv","67,0 kg/kgfm","77,6 cv/litro",155 cv (A) 150 cv (G) a 6300 rpm,"10,6:1",6300 rpm,4800 rpm,"9,8 kgfm/litro","19,5 kgfm (A) 19,3 kgfm (G) a 4800 rpm",4,Conversor de torque,Automático,5,5,Dianteira,1450 mm,,,396 kg,4525 mm,2668 mm,1755 mm,1306 kg,449 litros,57 litros,113 mm,Disco ventilado,Disco sólido,"2,16 m²","0,605 m²","0,28",Elétrica,"10,6 m","10,6 m","Indep., McPherson",Mola helicoidal,"Indep., braços sobrepostos",730 km,524 km,"12,8 km/l","9,2 km/l",,,,,,,,Admissão,,,"0,28",,,,,,,,,,,,,,,Mecânicos,536 km,371 km,"9,4 km/l","6,5 km/l",155 cv,150 cv,"19,5 kgfm","19,3 kgfm",,,,,,,,,,,,
honda,Civic,civic,civic-lxr-2-0-2014,civic-lxr-2-0-2014,https://www.fichacompleta.com.br/carros/honda/civic-lxr-2-0-2014,2026-06-14T17:42:37.765073,Honda Civic LXR 2.0 2014,"10,9 s",190 km/h,Corrente,Injeção multiponto,Natural,1997 cm³,4 em linha,R20Z1,Único no cabeçote,"96,9 mm",81 mm,Transversal,Dianteiro,"8,3 kg/cv","66,4 kg/kgfm","77,6 cv/litro",155 cv (A) 150 cv (G) a 6300 rpm,"10,6:1",6300 rpm,4800 rpm,"9,8 kgfm/litro","19,5 kgfm (A) 19,3 kgfm (G) a 4800 rpm",4,Conversor de torque,Automático,5,5,Dianteira,1450 mm,,,414 kg,4525 mm,2668 mm,1755 mm,1294 kg,449 litros,57 litros,113 mm,Disco ventilado,Disco sólido,"2,16 m²","0,605 m²","0,28",Elétrica,"10,6 m","10,6 m","Indep., McPherson",Mola helicoidal,"Indep., braços sobrepostos",730 km,524 km,"12,8 km/l","9,2 km/l",,,,,,,,Admissão,,,"0,28",,,,,,,,,,,,,,,Mecânicos,536 km,371 km,"9,4 km/l","6,5 km/l",155 cv,150 cv,"19,5 kgfm","19,3 kgfm",,,,,,,,,,,,
honda,Civic,civic,civic-lxs-1-8-2014,civic-lxs-1-8-2014,https://www.fichacompleta.com.br/carros/honda/civic-lxs-1-8-2014,2026-06-14T17:42:41.881909,Honda Civic LXS 1.8 2014,"10,2 s",190 km/h,Corrente,Injeção multiponto,Natural,1799 cm³,4 em linha,R18A1,Único no cabeçote,"87,3 mm",81 mm,Transversal,Dianteiro,"8,8 kg/cv","69,9 kg/kgfm","77,8 cv/litro",140 cv (A) 139 cv (G) a 6500 rpm,"10,6:1",6500 rpm,5000 rpm,"9,8 kgfm/litro","17,7 kgfm (A) 17,5 kgfm (G) a 5000 rpm",4,Embreagem monodisco a seco,Manual,6,6,Dianteira,1450 mm,,,452 kg,4525 mm,2668 mm,1755 mm,1238 kg,449 litros,57 litros,113 mm,Disco ventilado,Disco sólido,"2,16 m²","0,605 m²","0,28",Elétrica,"10,6 m","10,6 m","Indep., McPherson",Mola helicoidal,"Indep., braços sobrepostos",764 km,542 km,"13,4 km/l","9,5 km/l",,,,,,,,Admissão,,,"0,28",,,,6800 rpm,,,,,,,,,,,Mecânicos,610 km,422 km,"10,7 km/l","7,4 km/l",140 cv,139 cv,"17,7 kgfm","17,5 kgfm",,,,,,,,,,,,
honda,Civic,civic,civic-lxs-1-8-at-2014,civic-lxs-1-8-at-2014,https://www.fichacompleta.com.br/carros/honda/civic-lxs-1-8-at-2014,2026-06-14T17:42:45.866350,Honda Civic LXS 1.8 AT 2014,11 s,190 km/h,,Injeção multiponto,Natural,1799 cm³,4 em linha,R18A1,"Único no cabeçote, corrente","87,3 mm",81 mm,Transversal,Dianteiro,"9,1 kg/cv","71,9 kg/kgfm","77,8 cv/litro",140 cv (A) 139 cv (G) a 6500 rpm,"10,6:1",,,"9,8 kgfm/litro","17,7 kgfm (A) 17,5 kgfm (G) a 5000 rpm",4,Conversor de torque,Automático,,5,Dianteira,1450 mm,,,452 kg,4525 mm,2668 mm,1755 mm,1272 kg,449 litros,57 litros,113 mm,Disco ventilado,Disco sólido,"2,16 m²","0,605 m²",,Elétrica,,"10,6 m","Independente, McPherson",Mola helicoidal,"Independente, braços sobrepostos",821 km,599 km,"14,4 km/l","10,5 km/l",,,,,,,,Admissão,,,"0,28",,,,6800 rpm,,,,,,,,,,,Mecânicos,547 km,388 km,"9,6 km/l","6,8 km/l",,,,,,,,,,,,,,,,
honda,Civic,civic,civic-lxr-2-0-2015,civic-lxr-2-0-2015,https://www.fichacompleta.com.br/carros/honda/civic-lxr-2-0-2015,2026-06-14T17:42:50.449739,Honda Civic LXR 2.0 2015,"10,9 s",190 km/h,Corrente,Injeção multiponto,Natural,1997 cm³,4 em linha,R20Z1,Único no cabeçote,"96,9 mm",81 mm,Transversal,Dianteiro,"8,3 kg/cv","66,4 kg/kgfm","77,6 cv/litro",155 cv (A) 150 cv (G) a 6300 rpm,"10,6:1",6300 rpm,4800 rpm,"9,8 kgfm/litro","19,5 kgfm (A) 19,3 kgfm (G) a 4800 rpm",4,Conversor de torque,Automático,5,5,Dianteira,1450 mm,,,414 kg,4525 mm,2668 mm,1755 mm,1294 kg,449 litros,57 litros,103 mm,Disco ventilado,Disco sólido,"2,16 m²","0,605 m²","0,28",Elétrica,"10,6 m","10,6 m","Indep., McPherson",Mola helicoidal,"Indep., braços sobrepostos",787 km,553 km,"13,8 km/l","9,7 km/l",,,,,,,,Admissão,,,"0,28",,,,,,,,,,,,,,,Mecânicos,536 km,365 km,"9,4 km/l","6,4 km/l",155 cv,150 cv,"19,5 kgfm","19,3 kgfm",,,,,,,,,,,,
honda,Civic,civic,civic-lxs-1-8-2015,civic-lxs-1-8-2015,https://www.fichacompleta.com.br/carros/honda/civic-lxs-1-8-2015,2026-06-14T17:42:52.851835,Honda Civic LXS 1.8 2015,"10,2 s",190 km/h,Corrente,Injeção multiponto,Natural,1799 cm³,4 em linha,R18A1,Único no cabeçote,"87,3 mm",81 mm,Transversal,Dianteiro,"8,8 kg/cv","69,9 kg/kgfm","77,8 cv/litro",140 cv (A) 139 cv (G) a 6500 rpm,"10,6:1",6500 rpm,5000 rpm,"9,8 kgfm/litro","17,7 kgfm (A) 17,5 kgfm (G) a 5000 rpm",4,Embreagem monodisco a seco,Manual,6,6,Dianteira,1450 mm,,,452 kg,4525 mm,2668 mm,1755 mm,1238 kg,449 litros,57 litros,113 mm,Disco ventilado,Disco sólido,"2,16 m²","0,605 m²","0,28",Elétrica,"10,6 m","10,6 m","Indep., McPherson",Mola helicoidal,"Indep., braços sobrepostos",770 km,621 km,"13,5 km/l","10,9 km/l",,,,,,,,Admissão,,,"0,28",,,,6800 rpm,,,,,,,,,,,Mecânicos,524 km,410 km,"9,2 km/l","7,2 km/l",140 cv,139 cv,"17,7 kgfm","17,5 kgfm",,,,,,,,,,,,
honda,Civic,civic,civic-lxs-1-8-at-2015,civic-lxs-1-8-at-2015,https://www.fichacompleta.com.br/carros/honda/civic-lxs-1-8-at-2015,2026-06-14T17:42:57.462543,Honda Civic LXS 1.8 AT 2015,11 s,190 km/h,Corrente,Injeção multiponto,Natural,1799 cm³,4 em linha,R18A1,Único no cabeçote,"87,3 mm",81 mm,Transversal,Dianteiro,"9,1 kg/cv","71,9 kg/kgfm","77,8 cv/litro",140 cv (A) 139 cv (G) a 6500 rpm,"10,6:1",6500 rpm,5000 rpm,"9,8 kgfm/litro","17,7 kgfm (A) 17,5 kgfm (G) a 5000 rpm",4,Conversor de torque,Automático,5,5,Dianteira,1450 mm,,,452 kg,4525 mm,2668 mm,1755 mm,1272 kg,449 litros,57 litros,113 mm,Disco ventilado,Disco sólido,"2,16 m²","0,605 m²","0,28",Elétrica,"10,6 m","10,6 m","Indep., McPherson",Mola helicoidal,"Indep., braços sobrepostos",821 km,599 km,"14,4 km/l","10,5 km/l",,,,,,,,Admissão,,,"0,28",,,,6800 rpm,,,,,,,,,,,Mecânicos,547 km,388 km,"9,6 km/l","6,8 km/l",140 cv,139 cv,"17,7 kgfm","17,5 kgfm",,,,,,,,,,,,
honda,Civic,civic,civic-exr-2-0-2016,civic-exr-2-0-2016,https://www.fichacompleta.com.br/carros/honda/civic-exr-2-0-2016,2026-06-14T17:43:01.945982,Honda Civic EXR 2.0 2016,"10,9 s",190 km/h,,Injeção multiponto,Natural,1997 cm³,4 em linha,R20Z1,"Único no cabeçote, corrente","96,9 mm",81 mm,Transversal,Dianteiro,"8,3 kg/cv","66,4 kg/kgfm","77,6 cv/litro",155 cv (A) 150 cv (G) a 6300 rpm,"10,6:1",,,"9,8 kgfm/litro","19,5 kgfm (A) 19,3 kgfm (G) a 4800 rpm",4,Conversor de torque,Automático,,5,Dianteira,1450 mm,,,414 kg,4525 mm,2668 mm,1755 mm,1294 kg,449 litros,57 litros,103 mm,Disco ventilado,Disco sólido,"2,16 m²","0,605 m²",,Elétrica,,"10,6 m","Independente, McPherson",Mola helicoidal,"Independente, braços sobrepostos",787 km,553 km,"13,8 km/l","9,7 km/l",,,,,,,,Admissão,,,"0,28",,,,,,,,,,,,,,,Mecânicos,536 km,365 km,"9,4 km/l","6,4 km/l",,,,,,,,,,,,,,,,
honda,Civic,civic,civic-lxr-2-0-2016,civic-lxr-2-0-2016,https://www.fichacompleta.com.br/carros/honda/civic-lxr-2-0-2016,2026-06-14T17:43:05.870205,Honda Civic LXR 2.0 2016,"10,9 s",190 km/h,,Injeção multiponto,Natural,1997 cm³,4 em linha,R20Z1,"Único no cabeçote, corrente","96,9 mm",81 mm,Transversal,Dianteiro,"8,3 kg/cv","66,4 kg/kgfm","77,6 cv/litro",155 cv (A) 150 cv (G) a 6300 rpm,"10,6:1",,,"9,8 kgfm/litro","19,5 kgfm (A) 19,3 kgfm (G) a 4800 rpm",4,Conversor de torque,Automático,,5,Dianteira,1450 mm,,,414 kg,4525 mm,2668 mm,1755 mm,1294 kg,449 litros,57 litros,103 mm,Disco ventilado,Disco sólido,"2,16 m²","0,605 m²",,Elétrica,,"10,6 m","Independente, McPherson",Mola helicoidal,"Independente, braços sobrepostos",787 km,553 km,"13,8 km/l","9,7 km/l",,,,,,,,Admissão,,,"0,28",,,,,,,,,,,,,,,Mecânicos,536 km,365 km,"9,4 km/l","6,4 km/l",,,,,,,,,,,,,,,,
honda,Civic,civic,civic-lxs-1-8-2016,civic-lxs-1-8-2016,https://www.fichacompleta.com.br/carros/honda/civic-lxs-1-8-2016,2026-06-14T17:43:10.686820,Honda Civic LXS 1.8 2016,"10,2 s",190 km/h,,Injeção multiponto,Natural,1799 cm³,4 em linha,R18A1,"Único no cabeçote, corrente","87,3 mm",81 mm,Transversal,Dianteiro,"8,8 kg/cv","69,9 kg/kgfm","77,8 cv/litro",140 cv (A) 139 cv (G) a 6500 rpm,"10,6:1",,,"9,8 kgfm/litro","17,7 kgfm (A) 17,5 kgfm (G) a 5000 rpm",4,Embreagem monodisco a seco,Manual,,6,Dianteira,1450 mm,,,452 kg,4525 mm,2668 mm,1755 mm,1238 kg,449 litros,57 litros,113 mm,Disco ventilado,Disco sólido,"2,16 m²","0,605 m²",,Elétrica,,"10,6 m","Independente, McPherson",Mola helicoidal,"Independente, braços sobrepostos",770 km,621 km,"13,5 km/l","10,9 km/l",,,,,,,,Admissão,,,"0,28",,,,6800 rpm,,,,,,,,,,,Mecânicos,524 km,410 km,"9,2 km/l","7,2 km/l",,,,,,,,,,,,,,,,
honda,Civic,civic,civic-lxs-1-8-at-2016,civic-lxs-1-8-at-2016,https://www.fichacompleta.com.br/carros/honda/civic-lxs-1-8-at-2016,2026-06-14T17:43:13.286597,Honda Civic LXS 1.8 AT 2016,11 s,190 km/h,,Injeção multiponto,Natural,1799 cm³,4 em linha,R18A1,"Único no cabeçote, corrente","87,3 mm",81 mm,Transversal,Dianteiro,"9,1 kg/cv","71,9 kg/kgfm","77,8 cv/litro",140 cv (A) 139 cv (G) a 6500 rpm,"10,6:1",,,"9,8 kgfm/litro","17,7 kgfm (A) 17,5 kgfm (G) a 5000 rpm",4,Conversor de torque,Automático,,5,Dianteira,1450 mm,,,452 kg,4525 mm,2668 mm,1755 mm,1272 kg,449 litros,57 litros,113 mm,Disco ventilado,Disco sólido,"2,16 m²","0,605 m²",,Elétrica,,"10,6 m","Independente, McPherson",Mola helicoidal,"Independente, braços sobrepostos",821 km,599 km,"14,4 km/l","10,5 km/l",,,,,,,,Admissão,,,"0,28",,,,6800 rpm,,,,,,,,,,,Mecânicos,547 km,388 km,"9,6 km/l","6,8 km/l",,,,,,,,,,,,,,,,
honda,Civic,civic,civic-ex-2-0-at-2017,civic-ex-2-0-at-2017,https://www.fichacompleta.com.br/carros/honda/civic-ex-2-0-at-2017,2026-06-14T17:43:17.481863,Honda Civic EX 2.0 AT 2017,"10,9 s",195 km/h,,Injeção multiponto,Natural,1997 cm³,4 em linha,R20Z1,"Único no cabeçote, corrente","96,9 mm",81 mm,Transversal,Dianteiro,"8,3 kg/cv","66,2 kg/kgfm","77,6 cv/litro",155 cv (A) 150 cv (G) a 6300 rpm,11:1,,,"9,8 kgfm/litro","19,5 kgfm (A) 19,3 kgfm (G) a 4800 rpm",4,Conversor de torque,CVT,,7,Dianteira,1433 mm,1543 mm,1557 mm,405 kg,4637 mm,2700 mm,1799 mm,1290 kg,519 litros,56 litros,108 mm,Disco ventilado,Disco sólido,,,,Elétrica,,"11,2 m","Independente, McPherson",Mola helicoidal,"Independente, multibraço",722 km,594 km,"12,9 km/l","10,6 km/l",,,,,,,,Admissão,,,,,,125/80 R16,6800 rpm,,,,,,,,,,,Mecânicos,498 km,403 km,"8,9 km/l","7,2 km/l",,,,,,,,,,,,,,,,
honda,Civic,civic,civic-exl-2-0-at-2017,civic-exl-2-0-at-2017,https://www.fichacompleta.com.br/carros/honda/civic-exl-2-0-at-2017,2026-06-14T17:43:20.065964,Honda Civic EXL 2.0 AT 2017,"10,9 s",195 km/h,,Injeção multiponto,Natural,1997 cm³,4 em linha,R20Z1,"Único no cabeçote, corrente","96,9 mm",81 mm,Transversal,Dianteiro,"8,3 kg/cv","66,2 kg/kgfm","77,6 cv/litro",155 cv (A) 150 cv (G) a 6300 rpm,11:1,,,"9,8 kgfm/litro","19,5 kgfm (A) 19,3 kgfm (G) a 4800 rpm",4,Conversor de torque,CVT,,7,Dianteira,1433 mm,1543 mm,1557 mm,404 kg,4637 mm,2700 mm,1799 mm,1291 kg,519 litros,56 litros,108 mm,Disco ventilado,Disco sólido,,,,Elétrica,,"11,2 m","Independente, McPherson",Mola helicoidal,"Independente, multibraço",722 km,594 km,"12,9 km/l","10,6 km/l",,,,,,,,Admissão,,,,,,125/80 R16,6800 rpm,,,,,,,,,,,Mecânicos,498 km,403 km,"8,9 km/l","7,2 km/l",,,,,,,,,,,,,,,,
honda,Civic,civic,civic-sport-2-0-2017,civic-sport-2-0-2017,https://www.fichacompleta.com.br/carros/honda/civic-sport-2-0-2017,2026-06-14T17:43:24.019336,Honda Civic Sport 2.0 2017,10 s,200 km/h,,Injeção multiponto,Natural,1997 cm³,4 em linha,R20Z1,"Único no cabeçote, corrente","96,9 mm",81 mm,Transversal,Dianteiro,"8,2 kg/cv","65,4 kg/kgfm","77,6 cv/litro",155 cv (A) 150 cv (G) a 6300 rpm,11:1,,,"9,8 kgfm/litro","19,5 kgfm (A) 19,3 kgfm (G) a 4800 rpm",4,Embreagem monodisco a seco,Manual,,6,Dianteira,1433 mm,1543 mm,1557 mm,420 kg,4637 mm,2700 mm,1799 mm,1275 kg,525 litros,56 litros,108 mm,Disco ventilado,Disco sólido,,,,Elétrica,,"11,2 m","Independente, McPherson",Mola helicoidal,"Independente, multibraço",750 km,571 km,"13,4 km/l","10,2 km/l",,,,,,,,Admissão,,,,,,125/80 R16,6800 rpm,,,,,,,,,,,Mecânicos,521 km,398 km,"9,3 km/l","7,1 km/l",,,,,,,,,,,,,,,,
honda,Civic,civic,civic-sport-2-0-at-2017,civic-sport-2-0-at-2017,https://www.fichacompleta.com.br/carros/honda/civic-sport-2-0-at-2017,2026-06-14T17:43:28.067510,Honda Civic Sport 2.0 AT 2017,"10,9 s",195 km/h,,Injeção multiponto,Natural,1997 cm³,4 em linha,R20Z1,"Único no cabeçote, corrente","96,9 mm",81 mm,Transversal,Dianteiro,"8,3 kg/cv","65,9 kg/kgfm","77,6 cv/litro",155 cv (A) 150 cv (G) a 6300 rpm,11:1,,,"9,8 kgfm/litro","19,5 kgfm (A) 19,3 kgfm (G) a 4800 rpm",4,Conversor de torque,CVT,,7,Dianteira,1433 mm,1543 mm,1557 mm,410 kg,4637 mm,2700 mm,1799 mm,1285 kg,519 litros,56 litros,108 mm,Disco ventilado,Disco sólido,,,,Elétrica,,"11,2 m","Independente, McPherson",Mola helicoidal,"Independente, multibraço",722 km,594 km,"12,9 km/l","10,6 km/l",,,,,,,,Admissão,,,,,,125/80 R16,6800 rpm,,,,,,,,,,,Mecânicos,498 km,403 km,"8,9 km/l","7,2 km/l",,,,,,,,,,,,,,,,
honda,Civic,civic,civic-touring-1-5-turbo-at-2017,civic-touring-1-5-turbo-at-2017,https://www.fichacompleta.com.br/carros/honda/civic-touring-1-5-turbo-at-2017,2026-06-14T17:43:30.691053,Honda Civic Touring 1.5 Turbo AT 2017,"8,6 s",208 km/h,,Injeção direta,Turbocompressor,1498 cm³,4 em linha,L15B7,"Duplo no cabeçote, corrente","89,5 mm",73 mm,Transversal,Dianteiro,"7,7 kg/cv","59,2 kg/kgfm","115,5 cv/litro",173 cv a 5500 rpm,"10,6:1",,,"15,0 kgfm/litro","22,4 kgfm a 1700 rpm",4,Conversor de torque,CVT,,7,Dianteira,1433 mm,1543 mm,1557 mm,409 kg,4637 mm,2700 mm,1799 mm,1326 kg,519 litros,56 litros,108 mm,Disco ventilado,Disco sólido,,,,Elétrica,,"11,2 m","Independente, McPherson",Mola helicoidal,"Independente, multibraço",818 km,672 km,"14,6 km/l",12 km/l,,,,,,,,Admissão e escape,,,,,,125/80 R16,6500 rpm,,,,,,,,,,,Mecânicos,,,,,,,,,,,,,,,,,,,,
honda,Civic,civic,civic-ex-2-0-at-2018,civic-ex-2-0-at-2018,https://www.fichacompleta.com.br/carros/honda/civic-ex-2-0-at-2018,2026-06-14T17:43:35.183038,Honda Civic EX 2.0 AT 2018,"10,9 s",195 km/h,,Injeção multiponto,Natural,1997 cm³,4 em linha,R20Z1,"Único no cabeçote, corrente","96,9 mm",81 mm,Transversal,Dianteiro,"8,3 kg/cv","66,2 kg/kgfm","77,6 cv/litro",155 cv (A) 150 cv (G) a 6300 rpm,11:1,,,"9,8 kgfm/litro","19,5 kgfm (A) 19,3 kgfm (G) a 4800 rpm",4,Conversor de torque,CVT,,7,Dianteira,1433 mm,1543 mm,1557 mm,405 kg,4637 mm,2700 mm,1799 mm,1290 kg,519 litros,56 litros,108 mm,Disco ventilado,Disco sólido,,,,Elétrica,,"11,2 m","Independente, McPherson",Mola helicoidal,"Independente, multibraço",728 km,588 km,13 km/l,"10,5 km/l",,,,,,,,Admissão,,,,,,125/80 R16,6800 rpm,,,,,,,,,,,Mecânicos,498 km,403 km,"8,9 km/l","7,2 km/l",,,,,,,,,,,,,,,,
honda,Civic,civic,civic-exl-2-0-at-2018,civic-exl-2-0-at-2018,https://www.fichacompleta.com.br/carros/honda/civic-exl-2-0-at-2018,2026-06-14T17:43:38.492102,Honda Civic EXL 2.0 AT 2018,"10,9 s",195 km/h,,Injeção multiponto,Natural,1997 cm³,4 em linha,R20Z1,"Único no cabeçote, corrente","96,9 mm",81 mm,Transversal,Dianteiro,"8,3 kg/cv","66,2 kg/kgfm","77,6 cv/litro",155 cv (A) 150 cv (G) a 6300 rpm,11:1,,,"9,8 kgfm/litro","19,5 kgfm (A) 19,3 kgfm (G) a 4800 rpm",4,Conversor de torque,CVT,,7,Dianteira,1433 mm,1543 mm,1557 mm,404 kg,4637 mm,2700 mm,1799 mm,1291 kg,519 litros,56 litros,108 mm,Disco ventilado,Disco sólido,,,,Elétrica,,"11,2 m","Independente, McPherson",Mola helicoidal,"Independente, multibraço",728 km,588 km,13 km/l,"10,5 km/l",,,,,,,,Admissão,,,,,,125/80 R16,6800 rpm,,,,,,,,,,,Mecânicos,498 km,403 km,"8,9 km/l","7,2 km/l",,,,,,,,,,,,,,,,
honda,Civic,civic,civic-sport-2-0-2018,civic-sport-2-0-2018,https://www.fichacompleta.com.br/carros/honda/civic-sport-2-0-2018,2026-06-14T17:43:41.514791,Honda Civic Sport 2.0 2018,10 s,200 km/h,,Injeção multiponto,Natural,1997 cm³,4 em linha,R20Z1,"Único no cabeçote, corrente","96,9 mm",81 mm,Transversal,Dianteiro,"8,2 kg/cv","65,4 kg/kgfm","77,6 cv/litro",155 cv (A) 150 cv (G) a 6300 rpm,11:1,,,"9,8 kgfm/litro","19,5 kgfm (A) 19,3 kgfm (G) a 4800 rpm",4,Embreagem monodisco a seco,Manual,,6,Dianteira,1433 mm,1543 mm,1557 mm,420 kg,4637 mm,2700 mm,1799 mm,1275 kg,525 litros,56 litros,108 mm,Disco ventilado,Disco sólido,,,,Elétrica,,"11,2 m","Independente, McPherson",Mola helicoidal,"Independente, multibraço",728 km,588 km,13 km/l,"10,5 km/l",,,,,,,,Admissão,,,,,,125/80 R16,6800 rpm,,,,,,,,,,,Mecânicos,498 km,403 km,"8,9 km/l","7,2 km/l",,,,,,,,,,,,,,,,
honda,Civic,civic,civic-sport-2-0-at-2018,civic-sport-2-0-at-2018,https://www.fichacompleta.com.br/carros/honda/civic-sport-2-0-at-2018,2026-06-14T17:43:45.090281,Honda Civic Sport 2.0 AT 2018,"10,9 s",195 km/h,,Injeção multiponto,Natural,1997 cm³,4 em linha,R20Z1,"Único no cabeçote, corrente","96,9 mm",81 mm,Transversal,Dianteiro,"8,3 kg/cv","65,9 kg/kgfm","77,6 cv/litro",155 cv (A) 150 cv (G) a 6300 rpm,11:1,,,"9,8 kgfm/litro","19,5 kgfm (A) 19,3 kgfm (G) a 4800 rpm",4,Conversor de torque,CVT,,7,Dianteira,1433 mm,1543 mm,1557 mm,410 kg,4637 mm,2700 mm,1799 mm,1285 kg,519 litros,56 litros,108 mm,Disco ventilado,Disco sólido,,,,Elétrica,,"11,2 m","Independente, McPherson",Mola helicoidal,"Independente, multibraço",728 km,588 km,13 km/l,"10,5 km/l",,,,,,,,Admissão,,,,,,125/80 R16,6800 rpm,,,,,,,,,,,Mecânicos,498 km,403 km,"8,9 km/l","7,2 km/l",,,,,,,,,,,,,,,,
honda,Civic,civic,civic-touring-1-5-turbo-at-2018,civic-touring-1-5-turbo-at-2018,https://www.fichacompleta.com.br/carros/honda/civic-touring-1-5-turbo-at-2018,2026-06-14T17:43:49.982763,Honda Civic Touring 1.5 Turbo AT 2018,"8,6 s",208 km/h,,Injeção direta,Turbocompressor,1498 cm³,4 em linha,L15B7,"Duplo no cabeçote, corrente","89,5 mm",73 mm,Transversal,Dianteiro,"7,7 kg/cv","59,2 kg/kgfm","115,5 cv/litro",173 cv a 5500 rpm,"10,6:1",,,"15,0 kgfm/litro","22,4 kgfm a 1700 rpm",4,Conversor de torque,CVT,,7,Dianteira,1433 mm,1543 mm,1557 mm,409 kg,4637 mm,2700 mm,1799 mm,1326 kg,519 litros,56 litros,108 mm,Disco ventilado,Disco sólido,,,,Elétrica,,"11,2 m","Independente, McPherson",Mola helicoidal,"Independente, multibraço",806 km,661 km,"14,4 km/l","11,8 km/l",,,,,,,,Admissão e escape,,,,,,125/80 R16,6500 rpm,,,,,,,,,,,Mecânicos,,,,,,,,,,,,,,,,,,,,
honda,Civic,civic,civic-ex-2-0-at-2019,civic-ex-2-0-at-2019,https://www.fichacompleta.com.br/carros/honda/civic-ex-2-0-at-2019,2026-06-14T17:43:53.197822,Honda Civic EX 2.0 AT 2019,"10,9 s",195 km/h,,Injeção multiponto,Natural,1997 cm³,4 em linha,R20Z1,"Único no cabeçote, corrente","96,9 mm",81 mm,Transversal,Dianteiro,"8,3 kg/cv","66,2 kg/kgfm","77,6 cv/litro",155 cv (A) 150 cv (G) a 6300 rpm,11:1,,,"9,8 kgfm/litro","19,5 kgfm (A) 19,3 kgfm (G) a 4800 rpm",4,Conversor de torque,CVT,,7,Dianteira,1433 mm,1543 mm,1557 mm,405 kg,4637 mm,2700 mm,1799 mm,1290 kg,519 litros,56 litros,108 mm,Disco ventilado,Disco sólido,,,,Elétrica,,"11,2 m","Independente, McPherson",Mola helicoidal,"Independente, multibraço",728 km,588 km,13 km/l,"10,5 km/l",,,,,,,,Admissão,,,,,,125/80 R16,6800 rpm,,,,,,,,,,,Mecânicos,498 km,403 km,"8,9 km/l","7,2 km/l",,,,,,,,,,,,,,,,
honda,Civic,civic,civic-exl-2-0-at-2019,civic-exl-2-0-at-2019,https://www.fichacompleta.com.br/carros/honda/civic-exl-2-0-at-2019,2026-06-14T17:43:57.538096,Honda Civic EXL 2.0 AT 2019,"10,9 s",195 km/h,,Injeção multiponto,Natural,1997 cm³,4 em linha,R20Z1,"Único no cabeçote, corrente","96,9 mm",81 mm,Transversal,Dianteiro,"8,3 kg/cv","66,2 kg/kgfm","77,6 cv/litro",155 cv (A) 150 cv (G) a 6300 rpm,11:1,,,"9,8 kgfm/litro","19,5 kgfm (A) 19,3 kgfm (G) a 4800 rpm",4,Conversor de torque,CVT,,7,Dianteira,1433 mm,1543 mm,1557 mm,404 kg,4637 mm,2700 mm,1799 mm,1291 kg,519 litros,56 litros,108 mm,Disco ventilado,Disco sólido,,,,Elétrica,,"11,2 m","Independente, McPherson",Mola helicoidal,"Independente, multibraço",728 km,588 km,13 km/l,"10,5 km/l",,,,,,,,Admissão,,,,,,125/80 R16,6800 rpm,,,,,,,,,,,Mecânicos,498 km,403 km,"8,9 km/l","7,2 km/l",,,,,,,,,,,,,,,,
honda,Civic,civic,civic-sport-2-0-2019,civic-sport-2-0-2019,https://www.fichacompleta.com.br/carros/honda/civic-sport-2-0-2019,2026-06-14T17:44:00.402439,Honda Civic Sport 2.0 2019,10 s,200 km/h,,Injeção multiponto,Natural,1997 cm³,4 em linha,R20Z1,"Único no cabeçote, corrente","96,9 mm",81 mm,Transversal,Dianteiro,"8,2 kg/cv","65,4 kg/kgfm","77,6 cv/litro",155 cv (A) 150 cv (G) a 6300 rpm,11:1,,,"9,8 kgfm/litro","19,5 kgfm (A) 19,3 kgfm (G) a 4800 rpm",4,Embreagem monodisco a seco,Manual,,6,Dianteira,1433 mm,1543 mm,1557 mm,420 kg,4637 mm,2700 mm,1799 mm,1275 kg,525 litros,56 litros,108 mm,Disco ventilado,Disco sólido,,,,Elétrica,,"11,2 m","Independente, McPherson",Mola helicoidal,"Independente, multibraço",728 km,588 km,13 km/l,"10,5 km/l",,,,,,,,Admissão,,,,,,125/80 R16,6800 rpm,,,,,,,,,,,Mecânicos,498 km,403 km,"8,9 km/l","7,2 km/l",,,,,,,,,,,,,,,,
honda,Civic,civic,civic-sport-2-0-at-2019,civic-sport-2-0-at-2019,https://www.fichacompleta.com.br/carros/honda/civic-sport-2-0-at-2019,2026-06-14T17:44:03.707868,Honda Civic Sport 2.0 AT 2019,"10,9 s",195 km/h,Corrente,Injeção multiponto,Natural,1997 cm³,4 em linha,R20Z1,Único no cabeçote,"96,9 mm",81 mm,Transversal,Dianteiro,"8,3 kg/cv","65,9 kg/kgfm","77,6 cv/litro",,11:1,,,"9,8 kgfm/litro",,4,Conversor de torque,CVT,7,,Dianteira,1433 mm,1543 mm,1557 mm,410 kg,4637 mm,2700 mm,1799 mm,1285 kg,519 litros,56 litros,108 mm,Disco ventilado,Disco sólido,,,,Elétrica,"11,2 m",,"Indep., McPherson",Mola helicoidal,"Indep., multibraço",728 km,588 km,13 km/l,"10,5 km/l",,6300 rpm,4800 rpm,,,,,Admissão,,,,,,125/80 R16,6800 rpm,,,,,,,,,,,Mecânicos,498 km,403 km,"8,9 km/l","7,2 km/l",155 cv,150 cv,"19,5 kgfm","19,3 kgfm",,,,,,,,,,,,
honda,Civic,civic,civic-touring-1-5-turbo-at-2019,civic-touring-1-5-turbo-at-2019,https://www.fichacompleta.com.br/carros/honda/civic-touring-1-5-turbo-at-2019,2026-06-14T17:44:06.703267,Honda Civic Touring 1.5 Turbo AT 2019,"8,6 s",208 km/h,,Injeção direta,Turbocompressor,1498 cm³,4 em linha,L15B7,"Duplo no cabeçote, corrente","89,5 mm",73 mm,Transversal,Dianteiro,"7,7 kg/cv","59,2 kg/kgfm","115,5 cv/litro",173 cv a 5500 rpm,"10,6:1",,,"15,0 kgfm/litro","22,4 kgfm a 1700 rpm",4,Conversor de torque,CVT,,7,Dianteira,1433 mm,1543 mm,1557 mm,409 kg,4637 mm,2700 mm,1799 mm,1326 kg,519 litros,56 litros,108 mm,Disco ventilado,Disco sólido,,,,Elétrica,,"11,2 m","Independente, McPherson",Mola helicoidal,"Independente, multibraço",806 km,661 km,"14,4 km/l","11,8 km/l",,,,,,,,Admissão e escape,,,,,,125/80 R16,6500 rpm,,,,,,,,,,,Mecânicos,,,,,,,,,,,,,,,,,,,,
honda,Civic,civic,civic-ex-2-0-at-2020,civic-ex-2-0-at-2020,https://www.fichacompleta.com.br/carros/honda/civic-ex-2-0-at-2020,2026-06-14T17:44:10.642506,Honda Civic EX 2.0 AT 2020,"10,9 s",195 km/h,Corrente,Injeção multiponto,Natural,1997 cm³,4 em linha,R20Z1,Único no cabeçote,"96,9 mm",81 mm,Transversal,Dianteiro,"8,3 kg/cv","66,2 kg/kgfm","77,6 cv/litro",,11:1,,,"9,8 kgfm/litro",,4,Conversor de torque,CVT,7,,Dianteira,1433 mm,1543 mm,1557 mm,410 kg,4641 mm,2700 mm,1799 mm,1290 kg,519 litros,56 litros,108 mm,Disco ventilado,Disco sólido,,,,Elétrica,"11,2 m",,"Indep., McPherson",Mola helicoidal,"Indep., multibraço",728 km,588 km,13 km/l,"10,5 km/l",,6300 rpm,4800 rpm,,,,,Admissão,,,,,,125/80 R16,6800 rpm,,,,,,,,,,,Mecânicos,498 km,403 km,"8,9 km/l","7,2 km/l",155 cv,150 cv,"19,5 kgfm","19,3 kgfm",,,,,,,,,,,,
honda,Civic,civic,civic-exl-2-0-at-2020,civic-exl-2-0-at-2020,https://www.fichacompleta.com.br/carros/honda/civic-exl-2-0-at-2020,2026-06-14T17:44:14.361952,Honda Civic EXL 2.0 AT 2020,"10,9 s",195 km/h,Corrente,Injeção multiponto,Natural,1997 cm³,4 em linha,R20Z1,Único no cabeçote,"96,9 mm",81 mm,Transversal,Dianteiro,"8,3 kg/cv","66,2 kg/kgfm","77,6 cv/litro",,11:1,,,"9,8 kgfm/litro",,4,Conversor de torque,CVT,7,,Dianteira,1433 mm,1543 mm,1557 mm,409 kg,4641 mm,2700 mm,1799 mm,1291 kg,519 litros,56 litros,108 mm,Disco ventilado,Disco sólido,,,,Elétrica,"11,2 m",,"Indep., McPherson",Mola helicoidal,"Indep., multibraço",728 km,588 km,13 km/l,"10,5 km/l",,6300 rpm,4800 rpm,,,,,Admissão,,,,,,125/80 R16,6800 rpm,,,,,,,,,,,Mecânicos,498 km,403 km,"8,9 km/l","7,2 km/l",155 cv,150 cv,"19,5 kgfm","19,3 kgfm",,,,,,,,,,,,
honda,Civic,civic,civic-lx-2-0-at-2020,civic-lx-2-0-at-2020,https://www.fichacompleta.com.br/carros/honda/civic-lx-2-0-at-2020,2026-06-14T17:44:17.584813,Honda Civic LX 2.0 AT 2020,"10,9 s",195 km/h,Corrente,Injeção multiponto,Natural,1997 cm³,4 em linha,R20Z1,Único no cabeçote,"96,9 mm",81 mm,Transversal,Dianteiro,"8,3 kg/cv","65,9 kg/kgfm","77,6 cv/litro",,11:1,,,"9,8 kgfm/litro",,4,Conversor de torque,CVT,7,,Dianteira,1433 mm,1543 mm,1557 mm,415 kg,4641 mm,2700 mm,1799 mm,1285 kg,525 litros,56 litros,108 mm,Disco ventilado,Disco sólido,,,,Elétrica,"11,2 m",,"Indep., McPherson",Mola helicoidal,"Indep., multibraço",728 km,588 km,13 km/l,"10,5 km/l",,6300 rpm,4800 rpm,,,,,Admissão,,,,,,125/80 R16,6800 rpm,,,,,,,,,,,Mecânicos,498 km,403 km,"8,9 km/l","7,2 km/l",155 cv,150 cv,"19,5 kgfm","19,3 kgfm",,,,,,,,,,,,
honda,Civic,civic,civic-sport-2-0-at-2020,civic-sport-2-0-at-2020,https://www.fichacompleta.com.br/carros/honda/civic-sport-2-0-at-2020,2026-06-14T17:44:21.683566,Honda Civic Sport 2.0 AT 2020,"10,9 s",195 km/h,Corrente,Injeção multiponto,Natural,1997 cm³,4 em linha,R20Z1,Único no cabeçote,"96,9 mm",81 mm,Transversal,Dianteiro,"8,3 kg/cv","65,9 kg/kgfm","77,6 cv/litro",,11:1,,,"9,8 kgfm/litro",,4,Conversor de torque,CVT,7,,Dianteira,1433 mm,1543 mm,1557 mm,415 kg,4641 mm,2700 mm,1799 mm,1285 kg,525 litros,56 litros,108 mm,Disco ventilado,Disco sólido,,,,Elétrica,"11,2 m",,"Indep., McPherson",Mola helicoidal,"Indep., multibraço",728 km,588 km,13 km/l,"10,5 km/l",,6300 rpm,4800 rpm,,,,,Admissão,,,,,,125/80 R16,6800 rpm,,,,,,,,,,,Mecânicos,498 km,403 km,"8,9 km/l","7,2 km/l",155 cv,150 cv,"19,5 kgfm","19,3 kgfm",,,,,,,,,,,,
honda,Civic,civic,civic-touring-1-5-turbo-at-2020,civic-touring-1-5-turbo-at-2020,https://www.fichacompleta.com.br/carros/honda/civic-touring-1-5-turbo-at-2020,2026-06-14T17:44:26.217379,Honda Civic Touring 1.5 Turbo AT 2020,"8,6 s",208 km/h,Corrente,Injeção direta,Turbocompressor,1498 cm³,4 em linha,L15B7,Duplo no cabeçote,"89,5 mm",73 mm,Transversal,Dianteiro,"7,7 kg/cv","59,3 kg/kgfm","115,5 cv/litro",173 cv,"10,6:1",,,"15,0 kgfm/litro","22,4 kgfm",4,Conversor de torque,CVT,7,,Dianteira,1433 mm,1543 mm,1557 mm,406 kg,4641 mm,2700 mm,1799 mm,1329 kg,517 litros,56 litros,108 mm,Disco ventilado,Disco sólido,,,,Elétrica,"11,2 m",,"Indep., McPherson",Mola helicoidal,"Indep., multibraço",806 km,661 km,"14,4 km/l","11,8 km/l",,5500 rpm,1700 rpm,,,,,Admissão e escape,,,,,,125/80 R16,6500 rpm,,,,,,,,,,,Mecânicos,,,,,,,,,,,,,,,,,,,,
honda,Civic,civic,civic-ex-2-0-at-2021,civic-ex-2-0-at-2021,https://www.fichacompleta.com.br/carros/honda/civic-ex-2-0-at-2021,2026-06-14T17:44:29.610389,Honda Civic EX 2.0 AT 2021,"10,9 s",195 km/h,Corrente,Injeção multiponto,Natural,1997 cm³,4 em linha,R20Z1,Único no cabeçote,"96,9 mm",81 mm,Transversal,Dianteiro,"8,3 kg/cv","66,2 kg/kgfm","77,6 cv/litro",,11:1,6300 rpm,4800 rpm,"9,8 kgfm/litro",,4,Conversor de torque,CVT,7,,Dianteira,1433 mm,1543 mm,1557 mm,410 kg,4641 mm,2700 mm,1799 mm,1290 kg,519 litros,56 litros,108 mm,Disco ventilado,Disco sólido,,,,Elétrica,"11,2 m",,"Indep., McPherson",Mola helicoidal,"Indep., multibraço",728 km,588 km,13 km/l,"10,5 km/l",,,,,,,,Admissão,,,,,,125/80 R16,6800 rpm,,,,,,,,,,,Mecânicos,498 km,403 km,"8,9 km/l","7,2 km/l",,,,,,155 cv,150 cv,"19,5 kgfm","19,3 kgfm",,,,,,,
honda,Civic,civic,civic-exl-2-0-at-2021,civic-exl-2-0-at-2021,https://www.fichacompleta.com.br/carros/honda/civic-exl-2-0-at-2021,2026-06-14T17:44:34.378220,Honda Civic EXL 2.0 AT 2021,"10,9 s",195 km/h,Corrente,Injeção multiponto,Natural,1997 cm³,4 em linha,R20Z1,Único no cabeçote,"96,9 mm",81 mm,Transversal,Dianteiro,"8,3 kg/cv","66,2 kg/kgfm","77,6 cv/litro",,11:1,,,"9,8 kgfm/litro",,4,Conversor de torque,CVT,7,,Dianteira,1433 mm,1543 mm,1557 mm,409 kg,4641 mm,2700 mm,1799 mm,1291 kg,519 litros,56 litros,108 mm,Disco ventilado,Disco sólido,,,,Elétrica,"11,2 m",,"Indep., McPherson",Mola helicoidal,"Indep., multibraço",728 km,588 km,13 km/l,"10,5 km/l",,6300 rpm,4800 rpm,,,,,Admissão,,,,,,125/80 R16,6800 rpm,,,,,,,,,,,Mecânicos,498 km,403 km,"8,9 km/l","7,2 km/l",155 cv,150 cv,"19,5 kgfm","19,3 kgfm",,,,,,,,,,,,
honda,Civic,civic,civic-lx-2-0-at-2021,civic-lx-2-0-at-2021,https://www.fichacompleta.com.br/carros/honda/civic-lx-2-0-at-2021,2026-06-14T17:44:37.460205,Honda Civic LX 2.0 AT 2021,"10,9 s",195 km/h,,Injeção multiponto,Natural,1997 cm³,4 em linha,R20Z1,"Único no cabeçote, corrente",,,Transversal,Dianteiro,"8,3 kg/cv","65,9 kg/kgfm","77,6 cv/litro",155 cv (A) 150 cv (G) a 6300 rpm,11:1,,,"9,8 kgfm/litro","19,5 kgfm (A) 19,3 kgfm (G) a 4800 rpm",4,,CVT,,7,Dianteira,1433 mm,1543 mm,1557 mm,415 kg,4641 mm,2700 mm,1799 mm,1285 kg,525 litros,56 litros,108 mm,215/50 R17,Disco sólido,,,,Elétrica,,"11,2 m","Independente, McPherson",Mola helicoidal,"Independente, multibraço",728 km,588 km,13 km/l,"10,5 km/l",,,,,,"96,9 mm",81 mm,Admissão,,,,,,,,,,,,,,,,,,Mecânicos,498 km,403 km,"8,9 km/l","7,2 km/l",,,,,,,,,,,,,,,,
honda,Civic,civic,civic-sport-2-0-at-2021,civic-sport-2-0-at-2021,https://www.fichacompleta.com.br/carros/honda/civic-sport-2-0-at-2021,2026-06-14T17:44:41.195721,Honda Civic Sport 2.0 AT 2021,"10,9 s",195 km/h,,Injeção multiponto,Natural,1997 cm³,4 em linha,R20Z1,"Único no cabeçote, corrente",,,Transversal,Dianteiro,"8,3 kg/cv","65,9 kg/kgfm","77,6 cv/litro",155 cv (A) 150 cv (G) a 6300 rpm,11:1,,,"9,8 kgfm/litro","19,5 kgfm (A) 19,3 kgfm (G) a 4800 rpm",4,Conversor de torque,CVT,,7,Dianteira,1433 mm,1543 mm,1557 mm,415 kg,4641 mm,2700 mm,1799 mm,1285 kg,525 litros,56 litros,108 mm,Disco ventilado,Disco sólido,,,,Elétrica,,"11,2 m","Independente, McPherson",Mola helicoidal,"Independente, multibraço",728 km,588 km,13 km/l,"10,5 km/l",,,,,,"96,9 mm",81 mm,Admissão,,,,,,125/80 R16,6800 rpm,,,,,,,,,,,Mecânicos,498 km,403 km,"8,9 km/l","7,2 km/l",,,,,,,,,,,,,,,,
honda,Civic,civic,civic-touring-1-5-turbo-at-2021,civic-touring-1-5-turbo-at-2021,https://www.fichacompleta.com.br/carros/honda/civic-touring-1-5-turbo-at-2021,2026-06-14T17:44:43.728240,Honda Civic Touring 1.5 Turbo AT 2021,"8,6 s",208 km/h,,Injeção direta,Turbocompressor,1498 cm³,4 em linha,L15B7,"Duplo no cabeçote, corrente",,,Transversal,Dianteiro,"7,7 kg/cv","59,3 kg/kgfm","115,5 cv/litro",173 cv a 5500 rpm,"10,6:1",,,"15,0 kgfm/litro","22,4 kgfm a 1700 rpm",4,Conversor de torque,CVT,,7,Dianteira,1433 mm,1543 mm,1557 mm,406 kg,4641 mm,2700 mm,1799 mm,1329 kg,517 litros,56 litros,108 mm,Disco ventilado,Disco sólido,,,,Elétrica,,"11,2 m","Independente, McPherson",Mola helicoidal,"Independente, multibraço",806 km,661 km,"14,4 km/l","11,8 km/l",,,,,,"89,5 mm",73 mm,Admissão e escape,,,,,,125/80 R16,6500 rpm,,,,,,,,,,,Mecânicos,,,,,,,,,,,,,,,,,,,,
honda,Civic,civic,civic-hybrid-2-0-2023,civic-hybrid-2-0-2023,https://www.fichacompleta.com.br/carros/honda/civic-hybrid-2-0-2023,2026-06-14T17:44:48.334709,Honda Civic Hybrid 2.0 2023,"7,8 s",180 km/h,Corrente,Injeção direta,Natural,,4 em linha,LFB1,Duplo no cabeçote,"96,7 mm",81 mm,Transversal,Dianteiro,"10,13 kg/cv","75,9 kg/kgfm","71,8 cv/litro",143 cv,"13,9:1",,,"9,6 kgfm/litro","19,1 kgfm",4,Embreagem multidisco,CVT,1,,Dianteira,1432 mm,1543 mm,1569 mm,431 kg,4679 mm,2735 mm,1802 mm,1449 kg,495 litros,40 litros,108 mm,Disco ventilado,Disco sólido,,,,Elétrica,"11,2 m",,"Indep., McPherson",Mola helicoidal,"Indep., multibraço",636 km,732 km,"15,9 km/l","18,3 km/l",154 mm,6000 rpm,4500 rpm,184 cv,"32,1 kgfm",,,Admissão e escape,,,,498 cm³,1993 cm³,125/80 R16,,"1,05 kWh",,,,,,,15 graus,19 graus,,,,,,,,,,,,,,,,,,,,,,
honda,Civic,civic,civic-hybrid-2-0-2024,civic-hybrid-2-0-2024,https://www.fichacompleta.com.br/carros/honda/civic-hybrid-2-0-2024,2026-06-14T17:44:51.470538,Honda Civic Hybrid 2.0 2024,"7,8 s",180 km/h,Corrente,Injeção direta,Natural,,4 em linha,LFB1,Duplo no cabeçote,"96,7 mm",81 mm,Transversal,Dianteiro,"10,13 kg/cv","75,9 kg/kgfm","71,8 cv/litro",143 cv,"13,9:1",,,"9,6 kgfm/litro","19,1 kgfm",4,Embreagem multidisco,CVT,1,,Dianteira,1432 mm,1543 mm,1569 mm,431 kg,4679 mm,2735 mm,1802 mm,1449 kg,495 litros,40 litros,108 mm,Disco ventilado,Disco sólido,,,,Elétrica,"11,2 m",,"Indep., McPherson",Mola helicoidal,"Indep., multibraço",636 km,732 km,"15,9 km/l","18,3 km/l",154 mm,6000 rpm,4500 rpm,184 cv,"32,1 kgfm",,,Admissão e escape,,,,498 cm³,1993 cm³,125/80 R16,,"1,05 kWh",,,,,,,15 graus,19 graus,,,,,,,,,,,,,,,,,,,,,,
honda,Civic,civic,civic-hybrid-2-0-2025,civic-hybrid-2-0-2025,https://www.fichacompleta.com.br/carros/honda/civic-hybrid-2-0-2025,2026-06-14T17:44:56.307202,Honda Civic Hybrid 2.0 2025,"7,8 s",180 km/h,Corrente,Injeção direta,Natural,,4 em linha,LFB1,Duplo no cabeçote,"96,7 mm",81 mm,Transversal,Dianteiro,"10,13 kg/cv","45,14 kg/kgfm","71,8 cv/litro",143 cv,"13,9:1",,,"9,6 kgfm/litro","19,1 kgfm",4,Embreagem multidisco,Automático,1,,Dianteira,1432 mm,1543 mm,1569 mm,431 kg,4679 mm,2735 mm,1802 mm,1449 kg,495 litros,40 litros,108 mm,Disco ventilado,Disco sólido,,,,Elétrica,"11,2 m",,"Indep., McPherson",Mola helicoidal,"Indep., multibraço",636 km,736 km,"15,9 km/l","18,4 km/l",154 mm,6000 rpm,4500 rpm,184 cv,"32,1 kgfm",,,Admissão e escape,,,,498 cm³,1993 cm³,125/80 R16,,"1,05 kWh",203 cv,,,,,,15 graus,19 graus,"7,14 kg/cv",,,,,,,,,,,,,,,,,,,,,
honda,Civic Coupe,civic-coupe,civic-coupe-ex-1-6-1994,civic-coupe-ex-1-6-1994,https://www.fichacompleta.com.br/carros/honda/civic-coupe-ex-1-6-1994,2026-06-14T17:45:13.626092,Honda Civic Coupe EX 1.6 1994,"9,9 s",195 km/h,,Injeção multiponto,Natural,1590 cm³,4 em linha,D16Z6,"Único no cabeçote, correia dentada",90 mm,75 mm,Transversal,Dianteiro,"8,3 kg/cv","71,0 kg/kgfm","78,6 cv/litro",125 cv a 6500 rpm,"9,2:1",,,"9,2 kgfm/litro","14,6 kgfm a 5200 rpm",4,Embreagem monodisco a seco,Manual,,5,Dianteira,1340 mm,1475 mm,1470 mm,,4400 mm,2620 mm,1695 mm,1037 kg,365 litros,45 litros,111 mm,Disco ventilado,Tambor,"1,93 m²","0,676 m²",,Hidráulica,,"9,7 m","Independente, braços sobrepostos",Mola helicoidal,"Independente, braços sobrepostos",585 km,455 km,13 km/l,"10,1 km/l",,,,,,,,Admissão,,,"0,35",,,,,,,,,,,,,,,Mecânicos,,,,,,,,,,,,,,,,,,,,
honda,Civic Coupe,civic-coupe,civic-coupe-ex-1-6-at-1994,civic-coupe-ex-1-6-at-1994,https://www.fichacompleta.com.br/carros/honda/civic-coupe-ex-1-6-at-1994,2026-06-14T17:45:16.952628,Honda Civic Coupe EX 1.6 AT 1994,13 s,185 km/h,Correia dentada,Injeção multiponto,Natural,1590 cm³,4 em linha,D16Z6,Único no cabeçote,90 mm,75 mm,Transversal,Dianteiro,"8,8 kg/cv","75,3 kg/kgfm","78,6 cv/litro",125 cv,"9,2:1",,,"9,2 kgfm/litro","14,6 kgfm",4,Conversor de torque,Automático,4,,Dianteira,1340 mm,1475 mm,1470 mm,,4400 mm,2620 mm,1695 mm,1100 kg,365 litros,45 litros,111 mm,Disco ventilado,Tambor,"1,93 m²","0,676 m²","0,35",Hidráulica,"9,7 m",,"Indep., braços sobrepostos",Mola helicoidal,"Indep., braços sobrepostos",585 km,414 km,13 km/l,"9,2 km/l",,6500 rpm,5200 rpm,,,,,Admissão,,,,,,,,,,,,,,,,,,Mecânicos,,,,,,,,,,,,,,,,,,,,
honda,Civic Coupe,civic-coupe,civic-coupe-exs-1-6-1994,civic-coupe-exs-1-6-1994,https://www.fichacompleta.com.br/carros/honda/civic-coupe-exs-1-6-1994,2026-06-14T17:45:19.469787,Honda Civic Coupe EXS 1.6 1994,"9,9 s",195 km/h,Correia dentada,Injeção multiponto,Natural,1590 cm³,4 em linha,D16Z6,Único no cabeçote,90 mm,75 mm,Transversal,Dianteiro,"8,3 kg/cv","71,0 kg/kgfm","78,6 cv/litro",125 cv,"9,2:1",,,"9,2 kgfm/litro","14,6 kgfm",4,Embreagem monodisco a seco,Manual,5,,Dianteira,1340 mm,1475 mm,1470 mm,,4400 mm,2620 mm,1695 mm,1037 kg,365 litros,45 litros,111 mm,Disco ventilado,Disco sólido,"1,93 m²","0,676 m²","0,35",Hidráulica,"9,7 m",,"Indep., braços sobrepostos",Mola helicoidal,"Indep., braços sobrepostos",585 km,455 km,13 km/l,"10,1 km/l",,6500 rpm,5200 rpm,,,,,Admissão,,,,,,,,,,,,,,,,,,Mecânicos,,,,,,,,,,,,,,,,,,,,
honda,Civic Coupe,civic-coupe,civic-coupe-ex-1-6-1995,civic-coupe-ex-1-6-1995,https://www.fichacompleta.com.br/carros/honda/civic-coupe-ex-1-6-1995,2026-06-14T17:45:23.628078,Honda Civic Coupe EX 1.6 1995,"9,9 s",195 km/h,Correia dentada,Injeção multiponto,Natural,1590 cm³,4 em linha,D16Z6,Único no cabeçote,90 mm,75 mm,Transversal,Dianteiro,"8,3 kg/cv","71,0 kg/kgfm","78,6 cv/litro",125 cv,"9,2:1",,,"9,2 kgfm/litro","14,6 kgfm",4,Embreagem monodisco a seco,Manual,5,,Dianteira,1340 mm,1475 mm,1470 mm,,4400 mm,2620 mm,1695 mm,1037 kg,365 litros,45 litros,111 mm,Disco ventilado,Tambor,"1,93 m²","0,676 m²","0,35",Hidráulica,"9,7 m",,"Indep., braços sobrepostos",Mola helicoidal,"Indep., braços sobrepostos",585 km,455 km,13 km/l,"10,1 km/l",,6500 rpm,5200 rpm,,,,,Admissão,,,,,,,,,,,,,,,,,,Mecânicos,,,,,,,,,,,,,,,,,,,,
honda,Civic Coupe,civic-coupe,civic-coupe-ex-1-6-at-1995,civic-coupe-ex-1-6-at-1995,https://www.fichacompleta.com.br/carros/honda/civic-coupe-ex-1-6-at-1995,2026-06-14T17:45:26.883312,Honda Civic Coupe EX 1.6 AT 1995,13 s,185 km/h,,Injeção multiponto,Natural,1590 cm³,4 em linha,D16Z6,"Único no cabeçote, correia dentada",90 mm,75 mm,Transversal,Dianteiro,"8,8 kg/cv","75,3 kg/kgfm","78,6 cv/litro",125 cv a 6500 rpm,"9,2:1",,,"9,2 kgfm/litro","14,6 kgfm a 5200 rpm",4,Conversor de torque,Automático,,4,Dianteira,1340 mm,1475 mm,1470 mm,,4400 mm,2620 mm,1695 mm,1100 kg,365 litros,45 litros,111 mm,Disco ventilado,Tambor,"1,93 m²","0,676 m²",,Hidráulica,,"9,7 m","Independente, braços sobrepostos",Mola helicoidal,"Independente, braços sobrepostos",585 km,414 km,13 km/l,"9,2 km/l",,,,,,,,Admissão,,,"0,35",,,,,,,,,,,,,,,Mecânicos,,,,,,,,,,,,,,,,,,,,
honda,Civic Coupe,civic-coupe,civic-coupe-exs-1-6-1995,civic-coupe-exs-1-6-1995,https://www.fichacompleta.com.br/carros/honda/civic-coupe-exs-1-6-1995,2026-06-14T17:45:31.555773,Honda Civic Coupe EXS 1.6 1995,"9,9 s",195 km/h,Correia dentada,Injeção multiponto,Natural,1590 cm³,4 em linha,D16Z6,Único no cabeçote,90 mm,75 mm,Transversal,Dianteiro,"8,3 kg/cv","71,0 kg/kgfm","78,6 cv/litro",125 cv,"9,2:1",,,"9,2 kgfm/litro","14,6 kgfm",4,Embreagem monodisco a seco,Manual,5,,Dianteira,1340 mm,1475 mm,1470 mm,,4400 mm,2620 mm,1695 mm,1037 kg,365 litros,45 litros,111 mm,Disco ventilado,Disco sólido,"1,93 m²","0,676 m²","0,35",Hidráulica,"9,7 m",,"Indep., braços sobrepostos",Mola helicoidal,"Indep., braços sobrepostos",585 km,455 km,13 km/l,"10,1 km/l",,6500 rpm,5200 rpm,,,,,Admissão,,,,,,,,,,,,,,,,,,Mecânicos,,,,,,,,,,,,,,,,,,,,
honda,Civic Coupe,civic-coupe,civic-coupe-exs-1-6-at-1995,civic-coupe-exs-1-6-at-1995,https://www.fichacompleta.com.br/carros/honda/civic-coupe-exs-1-6-at-1995,2026-06-14T17:45:34.357110,Honda Civic Coupe EXS 1.6 AT 1995,13 s,185 km/h,Correia dentada,Injeção multiponto,Natural,1590 cm³,4 em linha,D16Z6,Único no cabeçote,90 mm,75 mm,Transversal,Dianteiro,"8,8 kg/cv","75,3 kg/kgfm","78,6 cv/litro",125 cv,"9,2:1",,,"9,2 kgfm/litro","14,6 kgfm",4,Conversor de torque,Automático,4,,Dianteira,1340 mm,1475 mm,1470 mm,,4400 mm,2620 mm,1695 mm,1100 kg,365 litros,45 litros,111 mm,Disco ventilado,Disco sólido,"1,93 m²","0,676 m²","0,35",Hidráulica,"9,7 m",,"Indep., braços sobrepostos",Mola helicoidal,"Indep., braços sobrepostos",585 km,414 km,13 km/l,"9,2 km/l",,6500 rpm,5200 rpm,,,,,Admissão,,,,,,,,,,,,,,,,,,Mecânicos,,,,,,,,,,,,,,,,,,,,
honda,Civic Coupe,civic-coupe,civic-coupe-ex-1-6-1996,civic-coupe-ex-1-6-1996,https://www.fichacompleta.com.br/carros/honda/civic-coupe-ex-1-6-1996,2026-06-14T17:45:38.834704,Honda Civic Coupe EX 1.6 1996,"9,8 s",196 km/h,,Injeção multiponto,Natural,1590 cm³,4 em linha,D16Y8,"Único no cabeçote, correia dentada",90 mm,75 mm,Transversal,Dianteiro,"9,1 kg/cv","78,4 kg/kgfm","79,9 cv/litro",127 cv a 6600 rpm,"9,6:1",,,"9,3 kgfm/litro","14,8 kgfm a 5500 rpm",4,Embreagem monodisco a seco,Manual,,5,Dianteira,1400 mm,,,,4450 mm,2620 mm,1705 mm,1160 kg,460 litros,70 litros,120 mm,Disco ventilado,Disco sólido,,,,Hidráulica,,"11,7 m","Independente, braços sobrepostos",Mola helicoidal,"Independente, braços sobrepostos",840 km,714 km,12 km/l,"10,2 km/l",,,,,,,,Admissão,,,,,,,,,,,,,,,,,,Mecânicos,,,,,,,,,,,,,,,,,,,,
honda,Civic Coupe,civic-coupe,civic-coupe-ex-1-6-1997,civic-coupe-ex-1-6-1997,https://www.fichacompleta.com.br/carros/honda/civic-coupe-ex-1-6-1997,2026-06-14T17:45:41.453718,Honda Civic Coupe EX 1.6 1997,"9,8 s",196 km/h,,Injeção multiponto,Natural,1590 cm³,4 em linha,D16Y8,"Único no cabeçote, correia dentada",90 mm,75 mm,Transversal,Dianteiro,"9,1 kg/cv","78,4 kg/kgfm","79,9 cv/litro",127 cv a 6600 rpm,"9,6:1",,,"9,3 kgfm/litro","14,8 kgfm a 5500 rpm",4,Embreagem monodisco a seco,Manual,,5,Dianteira,1400 mm,,,,4450 mm,2620 mm,1705 mm,1160 kg,460 litros,70 litros,120 mm,Disco ventilado,Disco sólido,,,,Hidráulica,,"11,7 m","Independente, braços sobrepostos",Mola helicoidal,"Independente, braços sobrepostos",840 km,714 km,12 km/l,"10,2 km/l",,,,,,,,Admissão,,,,,,,,,,,,,,,,,,Mecânicos,,,,,,,,,,,,,,,,,,,,
honda,Civic Coupe,civic-coupe,civic-coupe-ex-1-6-1998,civic-coupe-ex-1-6-1998,https://www.fichacompleta.com.br/carros/honda/civic-coupe-ex-1-6-1998,2026-06-14T17:45:44.465159,Honda Civic Coupe EX 1.6 1998,"9,8 s",196 km/h,Correia dentada,Injeção multiponto,Natural,1590 cm³,4 em linha,D16Y8,Único no cabeçote,90 mm,75 mm,Transversal,Dianteiro,"9,1 kg/cv","78,4 kg/kgfm","79,9 cv/litro",127 cv,"9,6:1",,,"9,3 kgfm/litro","14,8 kgfm",4,Embreagem monodisco a seco,Manual,5,,Dianteira,1400 mm,,,,4450 mm,2620 mm,1705 mm,1160 kg,460 litros,70 litros,120 mm,Disco ventilado,Disco sólido,,,,Hidráulica,"11,7 m",,"Indep., braços sobrepostos",Mola helicoidal,"Indep., braços sobrepostos",840 km,714 km,12 km/l,"10,2 km/l",,6600 rpm,5500 rpm,,,,,Admissão,,,,,,,,,,,,,,,,,,Mecânicos,,,,,,,,,,,,,,,,,,,,
honda,Civic Coupe,civic-coupe,civic-coupe-si-2-4-2014,civic-coupe-si-2-4-2014,https://www.fichacompleta.com.br/carros/honda/civic-coupe-si-2-4-2014,2026-06-14T17:45:49.189892,Honda Civic Coupe Si 2.4 2014,"7,9 s",231 km/h,Corrente,Injeção multiponto,Natural,2354 cm³,4 em linha,K24,Duplo no cabeçote,99 mm,87 mm,Transversal,Dianteiro,"6,6 kg/cv","56,9 kg/kgfm","87,5 cv/litro",206 cv,11:1,7000 rpm,4400 rpm,"10,2 kgfm/litro","23,9 kgfm",4,Embreagem monodisco a seco,Manual,6,6,Dianteira,1415 mm,1500 mm,1520 mm,421 kg,4550 mm,2620 mm,1755 mm,1359 kg,330 litros,50 litros,90 mm,Disco ventilado,Disco sólido,"2,11 m²","0,570 m²","0,27",Elétrica,"10,6 m","10,6 m","Indep., McPherson",Mola helicoidal,"Indep., multibraço",580 km,415 km,"11,6 km/l","8,3 km/l",,,,,,,,Admissão e escape,,,"0,27",,,,7500 rpm,,,,,,,,,,,Mecânicos,,,,,,,,,,,,,,,,,,,,
honda,Civic Coupe,civic-coupe,civic-coupe-si-2-4-2015,civic-coupe-si-2-4-2015,https://www.fichacompleta.com.br/carros/honda/civic-coupe-si-2-4-2015,2026-06-14T17:45:51.958831,Honda Civic Coupe Si 2.4 2015,"7,9 s",231 km/h,,Injeção multiponto,Natural,2354 cm³,4 em linha,K24,"Duplo no cabeçote, corrente",99 mm,87 mm,Transversal,Dianteiro,"6,6 kg/cv","56,9 kg/kgfm","87,5 cv/litro",206 cv a 7000 rpm,11:1,,,"10,2 kgfm/litro","23,9 kgfm a 4400 rpm",4,Embreagem monodisco a seco,Manual,,6,Dianteira,1415 mm,1500 mm,1520 mm,421 kg,4550 mm,2620 mm,1755 mm,1359 kg,330 litros,50 litros,90 mm,Disco ventilado,Disco sólido,"2,11 m²","0,570 m²",,Elétrica,,"10,6 m","Independente, McPherson",Mola helicoidal,"Independente, multibraço",580 km,415 km,"11,6 km/l","8,3 km/l",,,,,,,,Admissão e escape,,,"0,27",,,,7500 rpm,,,,,,,,,,,Mecânicos,,,,,,,,,,,,,,,,,,,,
honda,Civic Coupe,civic-coupe,civic-coupe-si-1-5-turbo-2018,civic-coupe-si-1-5-turbo-2018,https://www.fichacompleta.com.br/carros/honda/civic-coupe-si-1-5-turbo-2018,2026-06-14T17:45:54.490956,Honda Civic Coupe Si 1.5 Turbo 2018,"7,2 s",238 km/h,,Injeção direta,Turbocompressor,1498 cm³,4 em linha,L15B7,"Duplo no cabeçote, corrente","89,5 mm",73 mm,Transversal,Dianteiro,"6,4 kg/cv","49,8 kg/kgfm","138,9 cv/litro",208 cv a 5700 rpm,"10,3:1",,,"17,7 kgfm/litro","26,5 kgfm a 2100 rpm",4,Embreagem monodisco a seco,Manual,,6,Dianteira,1421 mm,1533 mm,1547 mm,419 kg,4522 mm,2700 mm,1799 mm,1321 kg,334 litros,47 litros,94 mm,Disco ventilado,Disco sólido,,,,Elétrica,,11 m,"Independente, McPherson",Mola helicoidal,"Independente, multibraço",644 km,526 km,"13,7 km/l","11,2 km/l",,,,,,,,Admissão e escape,,,,,,125/80 R16,6500 rpm,,,,,,,,,,,Mecânicos,,,,,,,,,,,,,,,,,,,,
honda,Civic Coupe,civic-coupe,civic-coupe-si-1-5-turbo-2019,civic-coupe-si-1-5-turbo-2019,https://www.fichacompleta.com.br/carros/honda/civic-coupe-si-1-5-turbo-2019,2026-06-14T17:45:58.599206,Honda Civic Coupe Si 1.5 Turbo 2019,"7,2 s",238 km/h,Corrente,Injeção direta,Turbocompressor,1498 cm³,4 em linha,L15B7,Duplo no cabeçote,"89,5 mm",73 mm,Transversal,Dianteiro,"6,4 kg/cv","49,8 kg/kgfm","138,9 cv/litro",208 cv,"10,3:1",,,"17,7 kgfm/litro","26,5 kgfm",4,Embreagem monodisco a seco,Manual,6,,Dianteira,1421 mm,1533 mm,1547 mm,419 kg,4522 mm,2700 mm,1799 mm,1321 kg,334 litros,47 litros,94 mm,Disco ventilado,Disco sólido,,,,Elétrica,11 m,,"Indep., McPherson",Mola helicoidal,"Indep., multibraço",644 km,526 km,"13,7 km/l","11,2 km/l",,5700 rpm,2100 rpm,,,,,Admissão e escape,,,,,,125/80 R16,6500 rpm,,,,,,,,,,,Mecânicos,,,,,,,,,,,,,,,,,,,,
honda,Civic Coupe,civic-coupe,civic-coupe-si-1-5-turbo-2020,civic-coupe-si-1-5-turbo-2020,https://www.fichacompleta.com.br/carros/honda/civic-coupe-si-1-5-turbo-2020,2026-06-14T17:46:02.250640,Honda Civic Coupe Si 1.5 Turbo 2020,"7,2 s",238 km/h,Corrente,Injeção direta,Turbocompressor,1498 cm³,4 em linha,L15B7,Duplo no cabeçote,"89,5 mm",73 mm,Transversal,Dianteiro,"6,4 kg/cv","49,8 kg/kgfm","138,9 cv/litro",208 cv,"10,3:1",,,"17,7 kgfm/litro","26,5 kgfm",4,Embreagem monodisco a seco,Manual,6,,Dianteira,1421 mm,1533 mm,1547 mm,439 kg,4522 mm,2700 mm,1799 mm,1321 kg,334 litros,47 litros,94 mm,Disco ventilado,Disco sólido,,,,Elétrica,11 m,,"Indep., McPherson",Mola helicoidal,"Indep., multibraço",644 km,526 km,"13,7 km/l","11,2 km/l",,5700 rpm,2100 rpm,,,,,Admissão e escape,,,,,,125/80 R16,6500 rpm,,,,,,,,,,,Mecânicos,,,,,,,,,,,,,,,,,,,,
honda,Civic Crx,civic-crx,civic-crx-del-sol-1-6-1993,civic-crx-del-sol-1-6-1993,https://www.fichacompleta.com.br/carros/honda/civic-crx-del-sol-1-6-1993,2026-06-14T17:46:21.277921,Honda Civic Crx Del Sol 1.6 1993,11 s,186 km/h,Correia dentada,Injeção multiponto,Natural,,4 em linha,D16Z6,Único no cabeçote,90 mm,75 mm,Transversal,Dianteiro,"9,07 kg/cv","77,7 kg/kgfm","78,6 cv/litro",125 cv,"9,2:1",,,"9,2 kgfm/litro","14,6 kgfm",4,Embreagem monodisco a seco,Manual,5,,Dianteira,1255 mm,1475 mm,1465 mm,,4005 mm,2371 mm,1695 mm,1134 kg,190 litros,45 litros,107 mm,Disco ventilado,Disco sólido,"1,81 m²","0,652 m²","0,36",Hidráulica,10 m,,"Indep., braços sobrepostos",Mola helicoidal,"Indep., braços sobrepostos",545 km,383 km,"12,1 km/l","8,5 km/l",,6600 rpm,5200 rpm,,,,,Admissão,,,,398 cm³,1590 cm³,,,,,,,,,,,,,Mecânicos,,,,,,,,,,,,,,,,,,,,
honda,Civic Crx,civic-crx,civic-crx-vti-1-6-1993,civic-crx-vti-1-6-1993,https://www.fichacompleta.com.br/carros/honda/civic-crx-vti-1-6-1993,2026-06-14T17:46:23.990014,Honda Civic Crx VTi 1.6 1993,"8,4 s",215 km/h,Correia dentada,Injeção multiponto,Natural,1595 cm³,4 em linha,B16A2,Duplo no cabeçote,"77,4 mm",81 mm,Transversal,Dianteiro,"7,2 kg/cv","73,8 kg/kgfm","100,3 cv/litro",160 cv,"10,2:1",,,"9,7 kgfm/litro","15,5 kgfm",4,Embreagem monodisco a seco,Manual,5,,Dianteira,1255 mm,1475 mm,1465 mm,,4005 mm,2371 mm,1695 mm,1144 kg,190 litros,45 litros,107 mm,Disco ventilado,Disco sólido,"1,81 m²","0,652 m²","0,36",Hidráulica,10 m,,"Indep., braços sobrepostos",Mola helicoidal,"Indep., braços sobrepostos",477 km,329 km,"10,6 km/l","7,3 km/l",,7600 rpm,7000 rpm,,,,,Admissão e escape,,,,,,,8200 rpm,,,,,,,,,,,Mecânicos,,,,,,,,,,,,,,,,,,,,
honda,Civic Crx,civic-crx,civic-crx-del-sol-1-6-1994,civic-crx-del-sol-1-6-1994,https://www.fichacompleta.com.br/carros/honda/civic-crx-del-sol-1-6-1994,2026-06-14T17:46:28.528908,Honda Civic Crx Del Sol 1.6 1994,11 s,186 km/h,Correia dentada,Injeção multiponto,Natural,1590 cm³,4 em linha,D16Z6,Único no cabeçote,90 mm,75 mm,Transversal,Dianteiro,"9,1 kg/cv","77,7 kg/kgfm","78,6 cv/litro",125 cv,"9,2:1",,,"9,2 kgfm/litro","14,6 kgfm",4,Embreagem monodisco a seco,Manual,5,,Dianteira,1255 mm,1475 mm,1465 mm,,4005 mm,2371 mm,1695 mm,1134 kg,190 litros,45 litros,107 mm,Disco ventilado,Disco sólido,"1,81 m²","0,652 m²","0,36",Hidráulica,10 m,,"Indep., braços sobrepostos",Mola helicoidal,"Indep., braços sobrepostos",545 km,383 km,"12,1 km/l","8,5 km/l",,6600 rpm,5200 rpm,,,,,Admissão,,,,,,,,,,,,,,,,,,Mecânicos,,,,,,,,,,,,,,,,,,,,
honda,Civic Crx,civic-crx,civic-crx-vti-1-6-1994,civic-crx-vti-1-6-1994,https://www.fichacompleta.com.br/carros/honda/civic-crx-vti-1-6-1994,2026-06-14T17:46:32.236804,Honda Civic Crx VTi 1.6 1994,"8,4 s",215 km/h,Correia dentada,Injeção multiponto,Natural,1595 cm³,4 em linha,B16A2,Duplo no cabeçote,"77,4 mm",81 mm,Transversal,Dianteiro,"7,2 kg/cv","73,8 kg/kgfm","100,3 cv/litro",160 cv,"10,2:1",7600 rpm,7000 rpm,"9,7 kgfm/litro","15,5 kgfm",4,Embreagem monodisco a seco,Manual,5,5,Dianteira,1255 mm,1475 mm,1465 mm,,4005 mm,2371 mm,1695 mm,1144 kg,190 litros,45 litros,107 mm,Disco ventilado,Disco sólido,"1,81 m²","0,652 m²","0,36",Hidráulica,10 m,10 m,"Indep., braços sobrepostos",Mola helicoidal,"Indep., braços sobrepostos",477 km,329 km,"10,6 km/l","7,3 km/l",,,,,,,,Admissão e escape,,,"0,36",,,,8200 rpm,,,,,,,,,,,Mecânicos,,,,,,,,,,,,,,,,,,,,
honda,Civic Crx,civic-crx,civic-crx-vti-1-6-1995,civic-crx-vti-1-6-1995,https://www.fichacompleta.com.br/carros/honda/civic-crx-vti-1-6-1995,2026-06-14T17:46:36.886249,Honda Civic Crx VTi 1.6 1995,"8,4 s",215 km/h,Correia dentada,Injeção multiponto,Natural,1595 cm³,4 em linha,B16A2,Duplo no cabeçote,"77,4 mm",81 mm,Transversal,Dianteiro,"7,2 kg/cv","73,8 kg/kgfm","100,3 cv/litro",160 cv,"10,2:1",,,"9,7 kgfm/litro","15,5 kgfm",4,Embreagem monodisco a seco,Manual,5,,Dianteira,1255 mm,1475 mm,1465 mm,,4005 mm,2371 mm,1695 mm,1144 kg,190 litros,45 litros,107 mm,Disco ventilado,Disco sólido,"1,81 m²","0,652 m²","0,36",Hidráulica,10 m,,"Indep., braços sobrepostos",Mola helicoidal,"Indep., braços sobrepostos",477 km,329 km,"10,6 km/l","7,3 km/l",,7600 rpm,7000 rpm,,,,,Admissão e escape,,,,,,,8200 rpm,,,,,,,,,,,Mecânicos,,,,,,,,,,,,,,,,,,,,
honda,Civic Hatch,civic-hatch,civic-hatch-dx-1-5-1993,civic-hatch-dx-1-5-1993,https://www.fichacompleta.com.br/carros/honda/civic-hatch-dx-1-5-1993,2026-06-14T17:46:54.598148,Honda Civic Hatch DX 1.5 1993,"9,7 s",180 km/h,Correia dentada,Injeção multiponto,Natural,1493 cm³,4 em linha,D15B7,Único no cabeçote,"84,5 mm",75 mm,Transversal,Dianteiro,"9,2 kg/cv","70,4 kg/kgfm","69,0 cv/litro",103 cv,"9,2:1",,,"9,0 kgfm/litro","13,5 kgfm",4,Embreagem monodisco a seco,Manual,5,,Dianteira,1345 mm,1475 mm,1465 mm,510 kg,4080 mm,2570 mm,1695 mm,950 kg,190 litros,45 litros,123 mm,Disco ventilado,Tambor,"1,94 m²","0,601 m²","0,31",Hidráulica,"9,8 m",,"Indep., braços sobrepostos",Mola helicoidal,"Indep., braços sobrepostos",554 km,405 km,"12,3 km/l",9 km/l,,5900 rpm,5000 rpm,,,,,,,,,,,,6500 rpm,,,,,,,,,,,Mecânicos,,,,,,,,,,,,,,,,,,,,
honda,Civic Hatch,civic-hatch,civic-hatch-lsi-1-5-1993,civic-hatch-lsi-1-5-1993,https://www.fichacompleta.com.br/carros/honda/civic-hatch-lsi-1-5-1993,2026-06-14T17:46:58.478236,Honda Civic Hatch LSi 1.5 1993,"9,7 s",180 km/h,Correia dentada,Injeção monoponto,Natural,1493 cm³,4 em linha,D15B2,Único no cabeçote,"84,5 mm",75 mm,Transversal,Dianteiro,"10,6 kg/cv","77,9 kg/kgfm","60,3 cv/litro",90 cv,"9,2:1",,,"8,2 kgfm/litro","12,2 kgfm",4,Embreagem monodisco a seco,Manual,5,,Dianteira,1345 mm,1475 mm,1465 mm,510 kg,4080 mm,2570 mm,1695 mm,950 kg,190 litros,45 litros,123 mm,Disco ventilado,Tambor,"1,94 m²","0,601 m²","0,31",Hidráulica,"9,8 m",,"Indep., braços sobrepostos",Mola helicoidal,"Indep., braços sobrepostos",554 km,405 km,"12,3 km/l",9 km/l,,6000 rpm,4700 rpm,,,,,,,,,,,,6500 rpm,,,,,,,,,,,Mecânicos,,,,,,,,,,,,,,,,,,,,
honda,Civic Hatch,civic-hatch,civic-hatch-si-1-6-1993,civic-hatch-si-1-6-1993,https://www.fichacompleta.com.br/carros/honda/civic-hatch-si-1-6-1993,2026-06-14T17:47:02.982983,Honda Civic Hatch Si 1.6 1993,"9,3 s",195 km/h,Correia dentada,Injeção multiponto,Natural,1590 cm³,4 em linha,D16Z6,Único no cabeçote,90 mm,75 mm,Transversal,Dianteiro,"7,9 kg/cv","67,5 kg/kgfm","78,6 cv/litro",125 cv,"9,2:1",,,"9,2 kgfm/litro","14,6 kgfm",4,Embreagem monodisco a seco,Manual,5,,Dianteira,1288 mm,1475 mm,1465 mm,,4069 mm,2570 mm,1699 mm,985 kg,190 litros,45 litros,111 mm,Disco ventilado,Tambor,"1,86 m²","0,577 m²","0,31",Hidráulica,"9,6 m",,"Indep., braços sobrepostos",Mola helicoidal,"Indep., braços sobrepostos",545 km,383 km,"12,1 km/l","8,5 km/l",,6600 rpm,5200 rpm,,,,,Admissão,,,,,,,,,,,,,,,,,,Mecânicos,,,,,,,,,,,,,,,,,,,,
honda,Civic Hatch,civic-hatch,civic-hatch-vti-1-6-1993,civic-hatch-vti-1-6-1993,https://www.fichacompleta.com.br/carros/honda/civic-hatch-vti-1-6-1993,2026-06-14T17:47:06.526308,Honda Civic Hatch VTi 1.6 1993,"7,3 s",215 km/h,Correia dentada,Injeção multiponto,Natural,1595 cm³,4 em linha,B16A2,Duplo no cabeçote,"77,4 mm",81 mm,Transversal,Dianteiro,"6,8 kg/cv","69,7 kg/kgfm","100,3 cv/litro",160 cv,"10,2:1",,,"9,7 kgfm/litro","15,5 kgfm",4,Embreagem monodisco a seco,Manual,5,,Dianteira,1345 mm,1475 mm,1465 mm,380 kg,4080 mm,2570 mm,1695 mm,1080 kg,190 litros,45 litros,107 mm,Disco ventilado,Disco sólido,"1,94 m²","0,601 m²","0,31",Hidráulica,10 m,,"Indep., braços sobrepostos",Mola helicoidal,"Indep., braços sobrepostos",500 km,333 km,"11,1 km/l","7,4 km/l",,7600 rpm,7000 rpm,,,,,Admissão e escape,,,,,,,8200 rpm,,,,,,,,,,,Mecânicos,,,,,,,,,,,,,,,,,,,,
honda,Civic Hatch,civic-hatch,civic-hatch-dx-1-5-1994,civic-hatch-dx-1-5-1994,https://www.fichacompleta.com.br/carros/honda/civic-hatch-dx-1-5-1994,2026-06-14T17:47:09.313619,Honda Civic Hatch DX 1.5 1994,"9,7 s",180 km/h,,Injeção multiponto,Natural,1493 cm³,4 em linha,D15B7,"Único no cabeçote, correia dentada",,,Transversal,Dianteiro,"9,2 kg/cv","70,4 kg/kgfm","69,0 cv/litro",103 cv a 5900 rpm,"9,2:1",,,"9,0 kgfm/litro","13,5 kgfm a 5000 rpm",4,Embreagem monodisco a seco,Manual,,5,Dianteira,1345 mm,1475 mm,1465 mm,510 kg,4080 mm,2570 mm,1695 mm,950 kg,190 litros,45 litros,123 mm,Disco ventilado,Tambor,"1,94 m²","0,601 m²",,Hidráulica,,"9,8 m","Independente, braços sobrepostos",Mola helicoidal,"Independente, braços sobrepostos",554 km,405 km,"12,3 km/l",9 km/l,,,,,,"84,5 mm",75 mm,,,,"0,31",,,,6500 rpm,,,,,,,,,,,Mecânicos,,,,,,,,,,,,,,,,,,,,
honda,Civic Hatch,civic-hatch,civic-hatch-dx-1-5-at-1994,civic-hatch-dx-1-5-at-1994,https://www.fichacompleta.com.br/carros/honda/civic-hatch-dx-1-5-at-1994,2026-06-14T17:47:12.398594,Honda Civic Hatch DX 1.5 AT 1994,13 s,175 km/h,Correia dentada,Injeção multiponto,Natural,1493 cm³,4 em linha,D15B7,Único no cabeçote,"84,5 mm",75 mm,Transversal,Dianteiro,"9,4 kg/cv","71,9 kg/kgfm","69,0 cv/litro",103 cv,"9,2:1",,,"9,0 kgfm/litro","13,5 kgfm",4,Conversor de torque,Automático,4,,Dianteira,1345 mm,1475 mm,1465 mm,500 kg,4080 mm,2570 mm,1695 mm,970 kg,190 litros,45 litros,123 mm,Disco ventilado,Tambor,"1,94 m²","0,601 m²","0,31",Hidráulica,"9,8 m",,"Indep., braços sobrepostos",Mola helicoidal,"Indep., braços sobrepostos",585 km,405 km,13 km/l,9 km/l,,5900 rpm,5000 rpm,,,,,,,,,,,,6500 rpm,,,,,,,,,,,Mecânicos,,,,,,,,,,,,,,,,,,,,
honda,Civic Hatch,civic-hatch,civic-hatch-si-1-6-1994,civic-hatch-si-1-6-1994,https://www.fichacompleta.com.br/carros/honda/civic-hatch-si-1-6-1994,2026-06-14T17:47:15.583940,Honda Civic Hatch Si 1.6 1994,"9,3 s",195 km/h,Correia dentada,Injeção multiponto,Natural,1590 cm³,4 em linha,D16Z6,Único no cabeçote,90 mm,75 mm,Transversal,Dianteiro,"7,9 kg/cv","67,5 kg/kgfm","78,6 cv/litro",125 cv,"9,2:1",6600 rpm,5200 rpm,"9,2 kgfm/litro","14,6 kgfm",4,Embreagem monodisco a seco,Manual,5,5,Dianteira,1288 mm,1475 mm,1465 mm,,4069 mm,2570 mm,1699 mm,985 kg,190 litros,45 litros,111 mm,Disco ventilado,Tambor,"1,86 m²","0,577 m²","0,31",Hidráulica,"9,6 m","9,6 m","Indep., braços sobrepostos",Mola helicoidal,"Indep., braços sobrepostos",545 km,383 km,"12,1 km/l","8,5 km/l",,,,,,,,Admissão,,,"0,31",,,,,,,,,,,,,,,Mecânicos,,,,,,,,,,,,,,,,,,,,
honda,Civic Hatch,civic-hatch,civic-hatch-vti-1-6-1994,civic-hatch-vti-1-6-1994,https://www.fichacompleta.com.br/carros/honda/civic-hatch-vti-1-6-1994,2026-06-14T17:47:18.220773,Honda Civic Hatch VTi 1.6 1994,"7,3 s",215 km/h,Correia dentada,Injeção multiponto,Natural,1595 cm³,4 em linha,B16A2,Duplo no cabeçote,"77,4 mm",81 mm,Transversal,Dianteiro,"6,8 kg/cv","69,7 kg/kgfm","100,3 cv/litro",160 cv,"10,2:1",7600 rpm,7000 rpm,"9,7 kgfm/litro","15,5 kgfm",4,Embreagem monodisco a seco,Manual,5,5,Dianteira,1345 mm,1475 mm,1465 mm,380 kg,4080 mm,2570 mm,1695 mm,1080 kg,190 litros,45 litros,107 mm,Disco ventilado,Disco sólido,"1,94 m²","0,601 m²","0,31",Hidráulica,10 m,10 m,"Indep., braços sobrepostos",Mola helicoidal,"Indep., braços sobrepostos",500 km,333 km,"11,1 km/l","7,4 km/l",,,,,,,,Admissão e escape,,,"0,31",,,,8200 rpm,,,,,,,,,,,Mecânicos,,,,,,,,,,,,,,,,,,,,
honda,Civic Hatch,civic-hatch,civic-hatch-dx-1-5-1995,civic-hatch-dx-1-5-1995,https://www.fichacompleta.com.br/carros/honda/civic-hatch-dx-1-5-1995,2026-06-14T17:47:21.705861,Honda Civic Hatch DX 1.5 1995,"9,7 s",180 km/h,,Injeção multiponto,Natural,1493 cm³,4 em linha,D15B7,"Único no cabeçote, correia dentada",,,Transversal,Dianteiro,"9,2 kg/cv","70,4 kg/kgfm","69,0 cv/litro",103 cv a 5900 rpm,"9,2:1",,,"9,0 kgfm/litro","13,5 kgfm a 5000 rpm",4,Embreagem monodisco a seco,Manual,,5,Dianteira,1345 mm,1475 mm,1465 mm,510 kg,4080 mm,2570 mm,1695 mm,950 kg,190 litros,45 litros,123 mm,Disco ventilado,Tambor,"1,94 m²","0,601 m²",,Hidráulica,,"9,8 m","Independente, braços sobrepostos",Mola helicoidal,"Independente, braços sobrepostos",554 km,405 km,"12,3 km/l",9 km/l,,,,,,"84,5 mm",75 mm,,,,"0,31",,,,6500 rpm,,,,,,,,,,,Mecânicos,,,,,,,,,,,,,,,,,,,,
honda,Civic Hatch,civic-hatch,civic-hatch-si-1-6-1995,civic-hatch-si-1-6-1995,https://www.fichacompleta.com.br/carros/honda/civic-hatch-si-1-6-1995,2026-06-14T17:47:24.744754,Honda Civic Hatch Si 1.6 1995,"9,3 s",195 km/h,Correia dentada,Injeção multiponto,Natural,1590 cm³,4 em linha,D16Z6,Único no cabeçote,90 mm,75 mm,Transversal,Dianteiro,"7,9 kg/cv","67,5 kg/kgfm","78,6 cv/litro",125 cv,"9,2:1",,,"9,2 kgfm/litro","14,6 kgfm",4,Embreagem monodisco a seco,Manual,5,,Dianteira,1288 mm,1475 mm,1465 mm,,4069 mm,2570 mm,1699 mm,985 kg,190 litros,45 litros,111 mm,Disco ventilado,Tambor,"1,86 m²","0,577 m²","0,31",Hidráulica,"9,6 m",,"Indep., braços sobrepostos",Mola helicoidal,"Indep., braços sobrepostos",545 km,383 km,"12,1 km/l","8,5 km/l",,6600 rpm,5200 rpm,,,,,Admissão,,,,,,,,,,,,,,,,,,Mecânicos,,,,,,,,,,,,,,,,,,,,
honda,Civic Hatch,civic-hatch,civic-hatch-vti-1-6-1995,civic-hatch-vti-1-6-1995,https://www.fichacompleta.com.br/carros/honda/civic-hatch-vti-1-6-1995,2026-06-14T17:47:28.998572,Honda Civic Hatch VTi 1.6 1995,"7,3 s",215 km/h,Correia dentada,Injeção multiponto,Natural,1595 cm³,4 em linha,B16A2,Duplo no cabeçote,"77,4 mm",81 mm,Transversal,Dianteiro,"6,8 kg/cv","69,7 kg/kgfm","100,3 cv/litro",160 cv,"10,2:1",,,"9,7 kgfm/litro","15,5 kgfm",4,Embreagem monodisco a seco,Manual,5,,Dianteira,1345 mm,1475 mm,1465 mm,380 kg,4080 mm,2570 mm,1695 mm,1080 kg,190 litros,45 litros,107 mm,Disco ventilado,Disco sólido,"1,94 m²","0,601 m²","0,31",Hidráulica,10 m,,"Indep., braços sobrepostos",Mola helicoidal,"Indep., braços sobrepostos",500 km,333 km,"11,1 km/l","7,4 km/l",,7600 rpm,7000 rpm,,,,,Admissão e escape,,,,,,,8200 rpm,,,,,,,,,,,Mecânicos,,,,,,,,,,,,,,,,,,,,
honda,Civic Hatch,civic-hatch,civic-hatch-lx-1-6-at-1996,civic-hatch-lx-1-6-at-1996,https://www.fichacompleta.com.br/carros/honda/civic-hatch-lx-1-6-at-1996,2026-06-14T17:47:33.125720,Honda Civic Hatch LX 1.6 AT 1996,14 s,165 km/h,Correia dentada,Injeção multiponto,Natural,1590 cm³,4 em linha,D16Y7,Único no cabeçote,90 mm,75 mm,Transversal,Dianteiro,"10,5 kg/cv","78,5 kg/kgfm","66,7 cv/litro",106 cv,"9,4:1",,,"8,9 kgfm/litro","14,2 kgfm",4,Conversor de torque,Automático,4,,Dianteira,1375 mm,1478 mm,1488 mm,,4190 mm,2620 mm,1695 mm,1115 kg,225 litros,45 litros,120 mm,Disco ventilado,Tambor,,,,Hidráulica,"11,7 m",,"Indep., braços sobrepostos",Mola helicoidal,"Indep., braços sobrepostos",630 km,495 km,14 km/l,11 km/l,,6600 rpm,4600 rpm,,,,,,,,,,,,,,,,,,,,,,,Mecânicos,,,,,,,,,,,,,,,,,,,,
honda,Civic Hatch,civic-hatch,civic-hatch-vti-1-6-1996,civic-hatch-vti-1-6-1996,https://www.fichacompleta.com.br/carros/honda/civic-hatch-vti-1-6-1996,2026-06-14T17:47:37.153539,Honda Civic Hatch VTi 1.6 1996,8 s,207 km/h,Correia dentada,Injeção multiponto,Natural,1595 cm³,4 em linha,B16A2,Duplo no cabeçote,"77,4 mm",81 mm,Transversal,Dianteiro,"6,8 kg/cv","70,3 kg/kgfm","100,3 cv/litro",160 cv,"10,2:1",,,"9,7 kgfm/litro","15,5 kgfm",4,Embreagem monodisco a seco,Manual,5,,Dianteira,1375 mm,1478 mm,1488 mm,405 kg,4190 mm,2620 mm,1695 mm,1090 kg,225 litros,45 litros,107 mm,Disco ventilado,Disco sólido,"1,98 m²","0,673 m²","0,34",Hidráulica,10 m,,"Indep., braços sobrepostos",Mola helicoidal,"Indep., braços sobrepostos",509 km,378 km,"11,3 km/l","8,4 km/l",,7600 rpm,7000 rpm,,,,,Admissão e escape,,,,,,,8200 rpm,,,,,,,,,,,Mecânicos,,,,,,,,,,,,,,,,,,,,
honda,Civic Hatch,civic-hatch,civic-hatch-vti-1-6-1997,civic-hatch-vti-1-6-1997,https://www.fichacompleta.com.br/carros/honda/civic-hatch-vti-1-6-1997,2026-06-14T17:47:40.694566,Honda Civic Hatch VTi 1.6 1997,8 s,207 km/h,,Injeção multiponto,Natural,1595 cm³,4 em linha,B16A2,"Duplo no cabeçote, correia dentada","77,4 mm",81 mm,Transversal,Dianteiro,"6,8 kg/cv","70,3 kg/kgfm","100,3 cv/litro",160 cv a 7600 rpm,"10,2:1",,,"9,7 kgfm/litro","15,5 kgfm a 7000 rpm",4,Embreagem monodisco a seco,Manual,,5,Dianteira,1375 mm,1478 mm,1488 mm,405 kg,4190 mm,2620 mm,1695 mm,1090 kg,225 litros,45 litros,107 mm,Disco ventilado,Disco sólido,"1,98 m²","0,673 m²",,Hidráulica,,10 m,"Independente, braços sobrepostos",Mola helicoidal,"Independente, braços sobrepostos",509 km,378 km,"11,3 km/l","8,4 km/l",,,,,,,,Admissão e escape,,,"0,34",,,,8200 rpm,,,,,,,,,,,Mecânicos,,,,,,,,,,,,,,,,,,,,
honda,Civic Hatch,civic-hatch,civic-hatch-vti-1-6-1998,civic-hatch-vti-1-6-1998,https://www.fichacompleta.com.br/carros/honda/civic-hatch-vti-1-6-1998,2026-06-14T17:47:44.669086,Honda Civic Hatch VTi 1.6 1998,8 s,207 km/h,Correia dentada,Injeção multiponto,Natural,1595 cm³,4 em linha,B16A2,Duplo no cabeçote,"77,4 mm",81 mm,Transversal,Dianteiro,"6,8 kg/cv","70,3 kg/kgfm","100,3 cv/litro",160 cv,"10,2:1",,,"9,7 kgfm/litro","15,5 kgfm",4,Embreagem monodisco a seco,Manual,5,,Dianteira,1375 mm,1478 mm,1488 mm,405 kg,4190 mm,2620 mm,1695 mm,1090 kg,225 litros,45 litros,107 mm,Disco ventilado,Disco sólido,"1,98 m²","0,673 m²","0,34",Hidráulica,10 m,,"Indep., braços sobrepostos",Mola helicoidal,"Indep., braços sobrepostos",509 km,378 km,"11,3 km/l","8,4 km/l",,7600 rpm,7000 rpm,,,,,Admissão e escape,,,,,,,8200 rpm,,,,,,,,,,,Mecânicos,,,,,,,,,,,,,,,,,,,,
honda,Civic Hatch,civic-hatch,civic-hatch-type-r-2-0-2023,civic-hatch-type-r-2-0-2023,https://www.fichacompleta.com.br/carros/honda/civic-hatch-type-r-2-0-2023,2026-06-14T17:47:48.365942,Honda Civic Hatch Type R 2.0 2023,"5,4 s",275 km/h,Corrente,Injeção direta,Turbocompressor,,4 em linha,K20C2,Duplo no cabeçote,"85,9 mm",86 mm,Transversal,Dianteiro,"4,89 kg/cv","33,9 kg/kgfm","148,8 cv/litro",297 cv,"9,8:1",,,"21,4 kgfm/litro","42,8 kgfm",4,Embreagem monodisco a seco,Manual,6,,Dianteira,1407 mm,1625 mm,1615 mm,349 kg,4598 mm,2735 mm,1890 mm,1451 kg,337 litros,47 litros,80 mm,Disco ventilado,Disco sólido,"2,26 m²","0,588 m²","0,26",Elétrica,"11,8 m",,"Indep., McPherson",Mola helicoidal,"Indep., multibraço",522 km,414 km,"11,1 km/l","8,8 km/l",123 mm,6500 rpm,2600 rpm,,,,,Admissão e escape,,,,499 cm³,1996 cm³,125/70 R18,7000 rpm,,,,,,,,"10,9 graus","15,9 graus",,,,,,,,,,,,,,,,,,,,,,
honda,Civic Hatch,civic-hatch,civic-hatch-type-r-2-0-2024,civic-hatch-type-r-2-0-2024,https://www.fichacompleta.com.br/carros/honda/civic-hatch-type-r-2-0-2024,2026-06-14T17:47:52.938290,Honda Civic Hatch Type R 2.0 2024,"5,4 s",275 km/h,Corrente,Injeção direta,Turbocompressor,,4 em linha,K20C1,Duplo no cabeçote,"85,9 mm",86 mm,Transversal,Dianteiro,"4,89 kg/cv","33,9 kg/kgfm","148,8 cv/litro",297 cv,"9,8:1",,,"21,4 kgfm/litro","42,8 kgfm",4,Embreagem monodisco a seco,Manual,6,,Dianteira,1407 mm,1625 mm,1615 mm,349 kg,4598 mm,2735 mm,1890 mm,1451 kg,337 litros,47 litros,80 mm,Disco ventilado,Disco sólido,"2,26 m²","0,588 m²","0,26",Elétrica,"11,8 m",,"Indep., McPherson",Mola helicoidal,"Indep., multibraço",522 km,414 km,"11,1 km/l","8,8 km/l",123 mm,6500 rpm,2600 rpm,,,,,Admissão e escape,,,,499 cm³,1996 cm³,125/70 R18,7000 rpm,,,,,,,,"10,9 graus","15,9 graus",,,,,,,,,,,,,,,,,,,,,,
honda,Cr-v,cr-v,cr-v-si-2-0-4x4-2000,cr-v-si-2-0-4x4-2000,https://www.fichacompleta.com.br/carros/honda/cr-v-si-2-0-4x4-2000,2026-06-14T17:48:12.768453,Honda Cr-v Si 2.0 4x4 2000,"10,9 s",176 km/h,,Injeção multiponto,Natural,1973 cm³,4 em linha,,Duplo no cabeçote,88 mm,85 mm,Transversal,Dianteiro,"9,8 kg/cv","77,6 kg/kgfm","74,5 cv/litro",147 cv,"9,6:1",6300 rpm,4500 rpm,"9,4 kgfm/litro","18,5 kgfm",4,Embreagem monodisco a seco,Manual,5,5,Integral sob demanda,1675 mm,,,,4520 mm,2620 mm,1750 mm,1435 kg,500 litros,58 litros,144 mm,Disco ventilado,Tambor,,,,Hidráulica,Não informado,Não informado,"Indep., braços sobrepostos",Mola helicoidal,"Indep., braços sobrepostos",621 km,389 km,"10,7 km/l","6,7 km/l",205 mm,,,,,,,,,,,,,,,,,,,,,,29 graus,24 graus,,Mecânicos,,,,,,,,,,,,,,,,,,,,
honda,Cr-v,cr-v,cr-v-si-2-0-4x4-at-2000,cr-v-si-2-0-4x4-at-2000,https://www.fichacompleta.com.br/carros/honda/cr-v-si-2-0-4x4-at-2000,2026-06-14T17:48:15.172370,Honda Cr-v Si 2.0 4x4 AT 2000,"11,5 s",174 km/h,,Injeção multiponto,Natural,1973 cm³,4 em linha,,Duplo no cabeçote,88 mm,85 mm,Transversal,Dianteiro,"9,9 kg/cv","78,9 kg/kgfm","74,5 cv/litro",147 cv a 6300 rpm,"9,6:1",,,"9,4 kgfm/litro","18,5 kgfm a 4500 rpm",4,Conversor de torque,Automático,,4,Integral sob demanda,1675 mm,,,,4520 mm,2620 mm,1750 mm,1460 kg,500 litros,58 litros,144 mm,Disco ventilado,Tambor,,,,Hidráulica,,Não informado,"Independente, braços sobrepostos",Mola helicoidal,"Independente, braços sobrepostos",615 km,383 km,"10,6 km/l","6,6 km/l",205 mm,,,,,,,,,,,,,,,,,,,,,,29 graus,24 graus,,Mecânicos,,,,,,,,,,,,,,,,,,,,
honda,Cr-v,cr-v,cr-v-si-2-0-4x4-2001,cr-v-si-2-0-4x4-2001,https://www.fichacompleta.com.br/carros/honda/cr-v-si-2-0-4x4-2001,2026-06-14T17:48:17.972392,Honda Cr-v Si 2.0 4x4 2001,"10,9 s",176 km/h,,Injeção multiponto,Natural,1973 cm³,4 em linha,,Duplo no cabeçote,,,Transversal,Dianteiro,"9,8 kg/cv","77,6 kg/kgfm","74,5 cv/litro",147 cv a 6300 rpm,"9,6:1",,,"9,4 kgfm/litro","18,5 kgfm a 4500 rpm",4,,Manual,,5,Integral sob demanda,1675 mm,,,,4520 mm,2620 mm,1750 mm,1435 kg,500 litros,58 litros,144 mm,205/70 R15,Tambor,,,,Hidráulica,,Não informado,"Independente, braços sobrepostos",Mola helicoidal,"Independente, braços sobrepostos",621 km,389 km,"10,7 km/l","6,7 km/l",,,,,,88 mm,85 mm,,,,,,,,,,,,,,,,29 graus,24 graus,,Mecânicos,,,,,,,,,,,,,,,,,,,,
honda,Cr-v,cr-v,cr-v-si-2-0-4x4-at-2001,cr-v-si-2-0-4x4-at-2001,https://www.fichacompleta.com.br/carros/honda/cr-v-si-2-0-4x4-at-2001,2026-06-14T17:48:22.215682,Honda Cr-v Si 2.0 4x4 AT 2001,"11,5 s",174 km/h,,Injeção multiponto,Natural,1973 cm³,4 em linha,,Duplo no cabeçote,88 mm,85 mm,Transversal,Dianteiro,"9,9 kg/cv","78,9 kg/kgfm","74,5 cv/litro",147 cv,"9,6:1",,,"9,4 kgfm/litro","18,5 kgfm",4,Conversor de torque,Automático,4,,Integral sob demanda,1675 mm,,,,4520 mm,2620 mm,1750 mm,1460 kg,500 litros,58 litros,144 mm,Disco ventilado,Tambor,,,,Hidráulica,Não informado,,"Indep., braços sobrepostos",Mola helicoidal,"Indep., braços sobrepostos",615 km,383 km,"10,6 km/l","6,6 km/l",205 mm,6300 rpm,4500 rpm,,,,,,,,,,,205/70 R15,,,,,,,,,29 graus,24 graus,,Mecânicos,,,,,,,,,,,,,,,,,,,,
honda,Cr-v,cr-v,cr-v-si-2-4-4x4-at-2002,cr-v-si-2-4-4x4-at-2002,https://www.fichacompleta.com.br/carros/honda/cr-v-si-2-4-4x4-at-2002,2026-06-14T17:48:26.052005,Honda Cr-v Si 2.4 4x4 AT 2002,"11,8 s",175 km/h,,Injeção multiponto,Natural,2354 cm³,4 em linha,,Duplo no cabeçote,,,Transversal,Dianteiro,"9,7 kg/cv","68,6 kg/kgfm","66,3 cv/litro",156 cv,"9,6:1",,,"9,3 kgfm/litro",22 kgfm,4,Conversor de torque,Automático,4,,Integral sob demanda,1675 mm,1535 mm,1540 mm,,4535 mm,2620 mm,1780 mm,1510 kg,500 litros,58 litros,144 mm,Disco ventilado,Disco sólido,,,,Hidráulica,"10,6 m",,"Indep., McPherson",Mola helicoidal,"Indep., braços sobrepostos",609 km,383 km,"10,5 km/l","6,6 km/l",205 mm,6000 rpm,3600 rpm,,,,,Admissão,,,,,,205/70 R15,,,,,,,,,29 graus,24 graus,,Mecânicos,,,,,,,,,,,,,,,,,,,,
honda,Cr-v,cr-v,cr-v-si-2-4-4x4-at-2003,cr-v-si-2-4-4x4-at-2003,https://www.fichacompleta.com.br/carros/honda/cr-v-si-2-4-4x4-at-2003,2026-06-14T17:48:28.672556,Honda Cr-v Si 2.4 4x4 AT 2003,"11,8 s",175 km/h,,Injeção multiponto,Natural,2354 cm³,4 em linha,,Duplo no cabeçote,,,Transversal,Dianteiro,"9,7 kg/cv","68,6 kg/kgfm","66,3 cv/litro",156 cv a 6000 rpm,"9,6:1",,,"9,3 kgfm/litro",22 kgfm a 3600 rpm,4,Conversor de torque,Automático,,4,Integral sob demanda,1675 mm,1535 mm,1540 mm,,4535 mm,2620 mm,1780 mm,1510 kg,500 litros,58 litros,144 mm,Disco ventilado,Disco sólido,,,,Hidráulica,,"10,6 m","Independente, McPherson",Mola helicoidal,"Independente, braços sobrepostos",609 km,383 km,"10,5 km/l","6,6 km/l",205 mm,,,,,,,Admissão,,,,,,,,,,,,,,,29 graus,24 graus,,Mecânicos,,,,,,,,,,,,,,,,,,,,
honda,Cr-v,cr-v,cr-v-si-2-4-4x4-at-2004,cr-v-si-2-4-4x4-at-2004,https://www.fichacompleta.com.br/carros/honda/cr-v-si-2-4-4x4-at-2004,2026-06-14T17:48:32.416058,Honda Cr-v Si 2.4 4x4 AT 2004,"11,8 s",175 km/h,,Injeção multiponto,Natural,2354 cm³,4 em linha,,Duplo no cabeçote,,,Transversal,Dianteiro,"9,7 kg/cv","68,6 kg/kgfm","66,3 cv/litro",156 cv,"9,6:1",,,"9,3 kgfm/litro",22 kgfm,4,Conversor de torque,Automático,4,,Integral sob demanda,1675 mm,1535 mm,1540 mm,,4535 mm,2620 mm,1780 mm,1510 kg,500 litros,58 litros,144 mm,Disco ventilado,Disco sólido,,,,Hidráulica,"10,6 m",,"Indep., McPherson",Mola helicoidal,"Indep., braços sobrepostos",609 km,383 km,"10,5 km/l","6,6 km/l",205 mm,6000 rpm,3600 rpm,,,,,Admissão,,,,,,205/70 R15,,,,,,,,,29 graus,24 graus,,Mecânicos,,,,,,,,,,,,,,,,,,,,
honda,Cr-v,cr-v,cr-v-si-2-0-4x4-at-2005,cr-v-si-2-0-4x4-at-2005,https://www.fichacompleta.com.br/carros/honda/cr-v-si-2-0-4x4-at-2005,2026-06-14T17:48:36.835014,Honda Cr-v Si 2.0 4x4 AT 2005,"12,3 s",170 km/h,,Injeção multiponto,Natural,1998 cm³,4 em linha,,Duplo no cabeçote,86 mm,86 mm,Transversal,Dianteiro,"10,2 kg/cv","80,0 kg/kgfm","75,1 cv/litro",150 cv a 6500 rpm,"9,8:1",,,"9,6 kgfm/litro","19,1 kgfm a 4000 rpm",4,Conversor de torque,Automático,,4,Integral sob demanda,1710 mm,1535 mm,1540 mm,,4550 mm,2625 mm,1780 mm,1528 kg,500 litros,58 litros,140 mm,Disco ventilado,Disco sólido,,,,Hidráulica,,Não informado,"Independente, McPherson",Mola helicoidal,"Independente, braços sobrepostos",615 km,383 km,"10,6 km/l","6,6 km/l",205 mm,,,,,,,Admissão,,,,,,,,,,,,,,,29 graus,24 graus,,Mecânicos,,,,,,,,,,,,,,,,,,,,
honda,Cr-v,cr-v,cr-v-si-2-0-4x4-at-2006,cr-v-si-2-0-4x4-at-2006,https://www.fichacompleta.com.br/carros/honda/cr-v-si-2-0-4x4-at-2006,2026-06-14T17:48:39.989413,Honda Cr-v Si 2.0 4x4 AT 2006,"12,3 s",170 km/h,,Injeção multiponto,Natural,1998 cm³,4 em linha,,Duplo no cabeçote,86 mm,86 mm,Transversal,Dianteiro,"10,2 kg/cv","80,0 kg/kgfm","75,1 cv/litro",150 cv,"9,8:1",,,"9,6 kgfm/litro","19,1 kgfm",4,Conversor de torque,Automático,4,,Integral sob demanda,1710 mm,1535 mm,1540 mm,,4550 mm,2625 mm,1780 mm,1528 kg,500 litros,58 litros,140 mm,Disco ventilado,Disco sólido,,,,Hidráulica,Não informado,,"Indep., McPherson",Mola helicoidal,"Indep., braços sobrepostos",615 km,383 km,"10,6 km/l","6,6 km/l",205 mm,6500 rpm,4000 rpm,,,,,Admissão,,,,,,215/65 R16,,,,,,,,,29 graus,24 graus,,Mecânicos,,,,,,,,,,,,,,,,,,,,
honda,Cr-v,cr-v,cr-v-ex-2-0-4x4-at-2007,cr-v-ex-2-0-4x4-at-2007,https://www.fichacompleta.com.br/carros/honda/cr-v-ex-2-0-4x4-at-2007,2026-06-14T17:48:44.067698,Honda Cr-v EX 2.0 4x4 AT 2007,"13,9 s",167 km/h,Corrente,Injeção multiponto,Natural,1997 cm³,4 em linha,,Único no cabeçote,"96,6 mm",81 mm,Transversal,Dianteiro,"10,6 kg/cv","82,2 kg/kgfm","75,1 cv/litro",150 cv,"10,5:1",6200 rpm,4200 rpm,"9,7 kgfm/litro","19,4 kgfm",4,Conversor de torque,Automático,5,5,Integral sob demanda,1680 mm,1565 mm,1565 mm,,4520 mm,2620 mm,1820 mm,1595 kg,559 litros,58 litros,135 mm,Disco ventilado,Disco sólido,,,,Elétrica,"11,3 m","11,3 m","Indep., McPherson",Mola helicoidal,"Indep., braços sobrepostos",632 km,499 km,"10,9 km/l","8,6 km/l",190 mm,,,,,,,Admissão,,,,,,,,,,,,,,,28 graus,22 graus,,Mecânicos,,,,,,,,,,,,,,,,,,,,
honda,Cr-v,cr-v,cr-v-exl-2-0-4x4-at-2008,cr-v-exl-2-0-4x4-at-2008,https://www.fichacompleta.com.br/carros/honda/cr-v-exl-2-0-4x4-at-2008,2026-06-14T17:48:46.586116,Honda Cr-v EXL 2.0 4x4 AT 2008,"13,9 s",167 km/h,,Injeção multiponto,Natural,1997 cm³,4 em linha,,"Único no cabeçote, corrente","96,6 mm",81 mm,Transversal,Dianteiro,"10,7 kg/cv","82,8 kg/kgfm","75,1 cv/litro",150 cv a 6200 rpm,"10,5:1",,,"9,7 kgfm/litro","19,4 kgfm a 4200 rpm",4,Conversor de torque,Automático,,5,Integral sob demanda,1690 mm,1565 mm,1565 mm,,4520 mm,2620 mm,1820 mm,1606 kg,559 litros,58 litros,146 mm,Disco ventilado,Disco sólido,,,,Elétrica,,"11,3 m","Independente, McPherson",Mola helicoidal,"Independente, braços sobrepostos",632 km,499 km,"10,9 km/l","8,6 km/l",190 mm,,,,,,,Admissão,,,,,,,,,,,,,,,28 graus,22 graus,,Mecânicos,,,,,,,,,,,,,,,,,,,,
honda,Cr-v,cr-v,cr-v-lx-2-0-4x2-at-2008,cr-v-lx-2-0-4x2-at-2008,https://www.fichacompleta.com.br/carros/honda/cr-v-lx-2-0-4x2-at-2008,2026-06-14T17:48:49.036571,Honda Cr-v LX 2.0 4x2 AT 2008,"13,7 s",170 km/h,,Injeção multiponto,Natural,1997 cm³,4 em linha,,"Único no cabeçote, corrente","96,6 mm",81 mm,Transversal,Dianteiro,"10,3 kg/cv","79,3 kg/kgfm","75,1 cv/litro",150 cv a 6200 rpm,"10,5:1",,,"9,7 kgfm/litro","19,4 kgfm a 4200 rpm",4,Conversor de torque,Automático,,5,Dianteira,1690 mm,1565 mm,1565 mm,446 kg,4520 mm,2620 mm,1820 mm,1539 kg,559 litros,58 litros,146 mm,Disco ventilado,Disco sólido,,,,Elétrica,,"11,3 m","Independente, McPherson",Mola helicoidal,"Independente, braços sobrepostos",638 km,505 km,11 km/l,"8,7 km/l",190 mm,,,,,,,Admissão,,,,,,,,,,,,,,,28 graus,22 graus,,Mecânicos,,,,,,,,,,,,,,,,,,,,
honda,Cr-v,cr-v,cr-v-exl-2-0-4x4-at-2009,cr-v-exl-2-0-4x4-at-2009,https://www.fichacompleta.com.br/carros/honda/cr-v-exl-2-0-4x4-at-2009,2026-06-14T17:48:52.704539,Honda Cr-v EXL 2.0 4x4 AT 2009,"13,9 s",167 km/h,,Injeção multiponto,Natural,1997 cm³,4 em linha,,"Único no cabeçote, corrente","96,6 mm",81 mm,Transversal,Dianteiro,"10,7 kg/cv","82,8 kg/kgfm","75,1 cv/litro",150 cv a 6200 rpm,"10,5:1",,,"9,7 kgfm/litro","19,4 kgfm a 4200 rpm",4,Conversor de torque,Automático,,5,Integral sob demanda,1690 mm,1565 mm,1565 mm,,4520 mm,2620 mm,1820 mm,1606 kg,559 litros,58 litros,146 mm,Disco ventilado,Disco sólido,,,,Elétrica,,"11,3 m","Independente, McPherson",Mola helicoidal,"Independente, braços sobrepostos",632 km,499 km,"10,9 km/l","8,6 km/l",190 mm,,,,,,,Admissão,,,,,,,,,,,,,,,28 graus,22 graus,,Mecânicos,,,,,,,,,,,,,,,,,,,,
honda,Cr-v,cr-v,cr-v-lx-2-0-4x2-at-2009,cr-v-lx-2-0-4x2-at-2009,https://www.fichacompleta.com.br/carros/honda/cr-v-lx-2-0-4x2-at-2009,2026-06-14T17:48:55.642592,Honda Cr-v LX 2.0 4x2 AT 2009,"13,7 s",170 km/h,,Injeção multiponto,Natural,1997 cm³,4 em linha,,"Único no cabeçote, corrente","96,6 mm",81 mm,Transversal,Dianteiro,"10,3 kg/cv","79,3 kg/kgfm","75,1 cv/litro",150 cv a 6200 rpm,"10,5:1",,,"9,7 kgfm/litro","19,4 kgfm a 4200 rpm",4,Conversor de torque,Automático,,5,Dianteira,1690 mm,1565 mm,1565 mm,446 kg,4520 mm,2620 mm,1820 mm,1539 kg,559 litros,58 litros,146 mm,Disco ventilado,Disco sólido,,,,Elétrica,,"11,3 m","Independente, McPherson",Mola helicoidal,"Independente, braços sobrepostos",638 km,505 km,11 km/l,"8,7 km/l",190 mm,,,,,,,Admissão,,,,,,,,,,,,,,,28 graus,22 graus,,Mecânicos,,,,,,,,,,,,,,,,,,,,
honda,Cr-v,cr-v,cr-v-exl-2-0-4x4-at-2010,cr-v-exl-2-0-4x4-at-2010,https://www.fichacompleta.com.br/carros/honda/cr-v-exl-2-0-4x4-at-2010,2026-06-14T17:48:59.672526,Honda Cr-v EXL 2.0 4x4 AT 2010,"13,9 s",167 km/h,,Injeção multiponto,Natural,1997 cm³,4 em linha,,"Único no cabeçote, corrente","96,6 mm",81 mm,Transversal,Dianteiro,"10,7 kg/cv","82,8 kg/kgfm","75,1 cv/litro",150 cv a 6200 rpm,"10,5:1",,,"9,7 kgfm/litro","19,4 kgfm a 4200 rpm",4,Conversor de torque,Automático,,5,Integral sob demanda,1690 mm,1565 mm,1565 mm,,4520 mm,2620 mm,1820 mm,1606 kg,559 litros,58 litros,146 mm,Disco ventilado,Disco sólido,,,,Elétrica,,"11,3 m","Independente, McPherson",Mola helicoidal,"Independente, braços sobrepostos",632 km,499 km,"10,9 km/l","8,6 km/l",190 mm,,,,,,,Admissão,,,,,,,,,,,,,,,28 graus,22 graus,,Mecânicos,,,,,,,,,,,,,,,,,,,,
honda,Cr-v,cr-v,cr-v-lx-2-0-4x2-at-2010,cr-v-lx-2-0-4x2-at-2010,https://www.fichacompleta.com.br/carros/honda/cr-v-lx-2-0-4x2-at-2010,2026-06-14T17:49:04.269830,Honda Cr-v LX 2.0 4x2 AT 2010,"13,7 s",170 km/h,Corrente,Injeção multiponto,Natural,1997 cm³,4 em linha,,Único no cabeçote,"96,6 mm",81 mm,Transversal,Dianteiro,"10,3 kg/cv","79,3 kg/kgfm","75,1 cv/litro",150 cv,"10,5:1",6200 rpm,4200 rpm,"9,7 kgfm/litro","19,4 kgfm",4,Conversor de torque,Automático,5,5,Dianteira,1690 mm,1565 mm,1565 mm,446 kg,4520 mm,2620 mm,1820 mm,1539 kg,559 litros,58 litros,146 mm,Disco ventilado,Disco sólido,,,,Elétrica,"11,3 m","11,3 m","Indep., McPherson",Mola helicoidal,"Indep., braços sobrepostos",638 km,505 km,11 km/l,"8,7 km/l",190 mm,,,,,,,Admissão,,,,,,,,,,,,,,,28 graus,22 graus,,Mecânicos,,,,,,,,,,,,,,,,,,,,
honda,Cr-v,cr-v,cr-v-exl-2-0-4x4-at-2011,cr-v-exl-2-0-4x4-at-2011,https://www.fichacompleta.com.br/carros/honda/cr-v-exl-2-0-4x4-at-2011,2026-06-14T17:49:09.044918,Honda Cr-v EXL 2.0 4x4 AT 2011,"13,9 s",167 km/h,,Injeção multiponto,Natural,1997 cm³,4 em linha,,"Único no cabeçote, corrente","96,6 mm",81 mm,Transversal,Dianteiro,"10,7 kg/cv","82,8 kg/kgfm","75,1 cv/litro",150 cv a 6200 rpm,"10,5:1",,,"9,7 kgfm/litro","19,4 kgfm a 4200 rpm",4,Conversor de torque,Automático,,5,Integral sob demanda,1690 mm,1565 mm,1565 mm,,4520 mm,2620 mm,1820 mm,1606 kg,559 litros,58 litros,146 mm,Disco ventilado,Disco sólido,,,,Elétrica,,"11,3 m","Independente, McPherson",Mola helicoidal,"Independente, braços sobrepostos",632 km,499 km,"10,9 km/l","8,6 km/l",190 mm,,,,,,,Admissão,,,,,,,,,,,,,,,28 graus,22 graus,,Mecânicos,,,,,,,,,,,,,,,,,,,,
honda,Cr-v,cr-v,cr-v-lx-2-0-4x2-at-2011,cr-v-lx-2-0-4x2-at-2011,https://www.fichacompleta.com.br/carros/honda/cr-v-lx-2-0-4x2-at-2011,2026-06-14T17:49:13.863134,Honda Cr-v LX 2.0 4x2 AT 2011,"13,7 s",170 km/h,,Injeção multiponto,Natural,1997 cm³,4 em linha,,"Único no cabeçote, corrente","96,6 mm",81 mm,Transversal,Dianteiro,"10,3 kg/cv","79,3 kg/kgfm","75,1 cv/litro",150 cv a 6200 rpm,"10,5:1",,,"9,7 kgfm/litro","19,4 kgfm a 4200 rpm",4,Conversor de torque,Automático,,5,Dianteira,1690 mm,1565 mm,1565 mm,446 kg,4520 mm,2620 mm,1820 mm,1539 kg,559 litros,58 litros,146 mm,Disco ventilado,Disco sólido,,,,Elétrica,,"11,3 m","Independente, McPherson",Mola helicoidal,"Independente, braços sobrepostos",638 km,505 km,11 km/l,"8,7 km/l",190 mm,,,,,,,Admissão,,,,,,,,,,,,,,,28 graus,22 graus,,Mecânicos,,,,,,,,,,,,,,,,,,,,
honda,Cr-v,cr-v,cr-v-exl-2-0-4x4-at-2012,cr-v-exl-2-0-4x4-at-2012,https://www.fichacompleta.com.br/carros/honda/cr-v-exl-2-0-4x4-at-2012,2026-06-14T17:49:18.363626,Honda Cr-v EXL 2.0 4x4 AT 2012,"13,7 s",168 km/h,Corrente,Injeção multiponto,Natural,1997 cm³,4 em linha,R20Z1,Único no cabeçote,"96,9 mm",81 mm,Transversal,Dianteiro,"10,3 kg/cv","82,1 kg/kgfm","77,6 cv/litro",155 cv,"10,6:1",6500 rpm,4300 rpm,"9,7 kgfm/litro","19,4 kgfm",4,Conversor de torque,Automático,5,5,Integral sob demanda,1650 mm,1560 mm,1560 mm,448 kg,4530 mm,2620 mm,1820 mm,1592 kg,589 litros,58 litros,146 mm,Disco ventilado,Disco sólido,,,,Elétrica,"11,4 m","11,4 m","Indep., McPherson",Mola helicoidal,"Indep., braços sobrepostos",696 km,551 km,12 km/l,"9,5 km/l",190 mm,,,,,,,Admissão,,,,,,,,,,,,,,,28 graus,22 graus,,Mecânicos,,,,,,,,,,,,,,,,,,,,
honda,Cr-v,cr-v,cr-v-lx-2-0-4x2-2012,cr-v-lx-2-0-4x2-2012,https://www.fichacompleta.com.br/carros/honda/cr-v-lx-2-0-4x2-2012,2026-06-14T17:49:20.773091,Honda Cr-v LX 2.0 4x2 2012,13 s,175 km/h,,Injeção multiponto,Natural,1997 cm³,4 em linha,R20Z1,"Único no cabeçote, corrente",,,Transversal,Dianteiro,"9,7 kg/cv","77,3 kg/kgfm","77,6 cv/litro",155 cv a 6500 rpm,"10,6:1",,,"9,7 kgfm/litro","19,4 kgfm a 4300 rpm",4,Embreagem monodisco a seco,Manual,,6,Dianteira,1650 mm,1560 mm,1560 mm,,4530 mm,2620 mm,1820 mm,1500 kg,589 litros,58 litros,146 mm,Disco ventilado,Disco sólido,,,,Elétrica,,"11,4 m","Independente, McPherson",Mola helicoidal,"Independente, braços sobrepostos",754 km,574 km,13 km/l,"9,9 km/l",190 mm,,,,,"96,9 mm",81 mm,Admissão,,,,,,,,,,,,,,,28 graus,22 graus,,Mecânicos,,,,,,,,,,,,,,,,,,,,
honda,Cr-v,cr-v,cr-v-lx-2-0-4x2-at-2012,cr-v-lx-2-0-4x2-at-2012,https://www.fichacompleta.com.br/carros/honda/cr-v-lx-2-0-4x2-at-2012,2026-06-14T17:49:23.799316,Honda Cr-v LX 2.0 4x2 AT 2012,"13,5 s",171 km/h,Corrente,Injeção multiponto,Natural,1997 cm³,4 em linha,R20Z1,Único no cabeçote,"96,9 mm",81 mm,Transversal,Dianteiro,"9,8 kg/cv","78,1 kg/kgfm","77,6 cv/litro",155 cv,"10,6:1",6500 rpm,4300 rpm,"9,7 kgfm/litro","19,4 kgfm",4,Conversor de torque,Automático,5,5,Dianteira,1650 mm,1560 mm,1560 mm,449 kg,4530 mm,2620 mm,1820 mm,1516 kg,589 litros,58 litros,146 mm,Disco ventilado,Disco sólido,,,,Elétrica,"11,4 m","11,4 m","Indep., McPherson",Mola helicoidal,"Indep., braços sobrepostos",725 km,568 km,"12,5 km/l","9,8 km/l",190 mm,,,,,,,Admissão,,,,,,,,,,,,,,,28 graus,22 graus,,Mecânicos,,,,,,,,,,,,,,,,,,,,
honda,Cr-v,cr-v,cr-v-exl-2-0-4x2-at-2013,cr-v-exl-2-0-4x2-at-2013,https://www.fichacompleta.com.br/carros/honda/cr-v-exl-2-0-4x2-at-2013,2026-06-14T17:49:28.107788,Honda Cr-v EXL 2.0 4x2 AT 2013,"13,5 s",171 km/h,Corrente,Injeção multiponto,Natural,1997 cm³,4 em linha,R20Z1,Único no cabeçote,"96,9 mm",81 mm,Transversal,Dianteiro,"9,9 kg/cv","78,6 kg/kgfm","77,6 cv/litro",155 cv (A) 150 cv (G) a 6300 rpm,"10,6:1",6300 rpm,4800 rpm,"9,8 kgfm/litro","19,5 kgfm (A) 19,3 kgfm (G) a 4800 rpm",4,Conversor de torque,Automático,5,5,Dianteira,1655 mm,1560 mm,1560 mm,458 kg,4530 mm,2620 mm,1820 mm,1532 kg,589 litros,71 litros,146 mm,Disco ventilado,Disco sólido,,,,Elétrica,"11,4 m","11,4 m","Indep., McPherson",Mola helicoidal,"Indep., multibraço",880 km,653 km,"12,4 km/l","9,2 km/l",190 mm,,,,,,,Admissão,,,,,,,,,,,,,,,28 graus,22 graus,,Mecânicos,632 km,483 km,"8,9 km/l","6,8 km/l",155 cv,150 cv,"19,5 kgfm","19,3 kgfm",,,,,,,,,,,,
honda,Cr-v,cr-v,cr-v-exl-2-0-4x4-at-2013,cr-v-exl-2-0-4x4-at-2013,https://www.fichacompleta.com.br/carros/honda/cr-v-exl-2-0-4x4-at-2013,2026-06-14T17:49:31.941760,Honda Cr-v EXL 2.0 4x4 AT 2013,"13,7 s",168 km/h,,Injeção multiponto,Natural,1997 cm³,4 em linha,R20Z1,"Único no cabeçote, corrente",,,Transversal,Dianteiro,"10,2 kg/cv","81,3 kg/kgfm","77,6 cv/litro",155 cv (A) 150 cv (G) a 6300 rpm,"10,6:1",,,"9,8 kgfm/litro","19,5 kgfm (A) 19,3 kgfm (G) a 4800 rpm",4,Conversor de torque,Automático,,5,Integral sob demanda,1655 mm,1560 mm,1560 mm,454 kg,4530 mm,2620 mm,1820 mm,1586 kg,589 litros,71 litros,146 mm,Disco ventilado,Disco sólido,,,,Elétrica,,"11,4 m","Independente, McPherson",Mola helicoidal,"Independente, multibraço",852 km,639 km,12 km/l,9 km/l,190 mm,,,,,"96,9 mm",81 mm,Admissão,,,,,,,,,,,,,,,28 graus,22 graus,,Mecânicos,604 km,469 km,"8,5 km/l","6,6 km/l",,,,,,,,,,,,,,,,
honda,Cr-v,cr-v,cr-v-lx-2-0-4x2-at-2013,cr-v-lx-2-0-4x2-at-2013,https://www.fichacompleta.com.br/carros/honda/cr-v-lx-2-0-4x2-at-2013,2026-06-14T17:49:34.727865,Honda Cr-v LX 2.0 4x2 AT 2013,"13,5 s",171 km/h,Corrente,Injeção multiponto,Natural,1997 cm³,4 em linha,R20Z1,Único no cabeçote,"96,9 mm",81 mm,Transversal,Dianteiro,"9,8 kg/cv","77,7 kg/kgfm","77,6 cv/litro",155 cv (A) 150 cv (G) a 6300 rpm,"10,6:1",6300 rpm,4800 rpm,"9,8 kgfm/litro","19,5 kgfm (A) 19,3 kgfm (G) a 4800 rpm",4,Conversor de torque,Automático,5,5,Dianteira,1650 mm,1560 mm,1560 mm,,4530 mm,2620 mm,1820 mm,1516 kg,589 litros,71 litros,146 mm,Disco ventilado,Disco sólido,,,,Elétrica,"11,4 m","11,4 m","Indep., McPherson",Mola helicoidal,"Indep., multibraço",909 km,667 km,"12,8 km/l","9,4 km/l",190 mm,,,,,,,Admissão,,,,,,,,,,,,,,,28 graus,22 graus,,Mecânicos,639 km,497 km,9 km/l,7 km/l,155 cv,150 cv,"19,5 kgfm","19,3 kgfm",,,,,,,,,,,,
honda,Cr-v,cr-v,cr-v-exl-2-0-4x2-at-2014,cr-v-exl-2-0-4x2-at-2014,https://www.fichacompleta.com.br/carros/honda/cr-v-exl-2-0-4x2-at-2014,2026-06-14T17:49:37.415996,Honda Cr-v EXL 2.0 4x2 AT 2014,"13,5 s",171 km/h,,Injeção multiponto,Natural,1997 cm³,4 em linha,R20Z1,"Único no cabeçote, corrente","96,9 mm",81 mm,Transversal,Dianteiro,"9,9 kg/cv","78,6 kg/kgfm","77,6 cv/litro",155 cv (A) 150 cv (G) a 6300 rpm,"10,6:1",,,"9,8 kgfm/litro","19,5 kgfm (A) 19,3 kgfm (G) a 4800 rpm",4,Conversor de torque,Automático,,5,Dianteira,1655 mm,1560 mm,1560 mm,458 kg,4530 mm,2620 mm,1820 mm,1532 kg,589 litros,71 litros,146 mm,Disco ventilado,Disco sólido,,,,Elétrica,,"11,4 m","Independente, McPherson",Mola helicoidal,"Independente, multibraço",880 km,653 km,"12,4 km/l","9,2 km/l",190 mm,,,,,,,Admissão,,,,,,,,,,,,,,,28 graus,22 graus,,Mecânicos,632 km,483 km,"8,9 km/l","6,8 km/l",,,,,,,,,,,,,,,,
honda,Cr-v,cr-v,cr-v-exl-2-0-4x4-at-2014,cr-v-exl-2-0-4x4-at-2014,https://www.fichacompleta.com.br/carros/honda/cr-v-exl-2-0-4x4-at-2014,2026-06-14T17:49:40.386232,Honda Cr-v EXL 2.0 4x4 AT 2014,"13,7 s",168 km/h,,Injeção multiponto,Natural,1997 cm³,4 em linha,R20Z1,"Único no cabeçote, corrente","96,9 mm",81 mm,Transversal,Dianteiro,"10,2 kg/cv","81,3 kg/kgfm","77,6 cv/litro",155 cv (A) 150 cv (G) a 6300 rpm,"10,6:1",,,"9,8 kgfm/litro","19,5 kgfm (A) 19,3 kgfm (G) a 4800 rpm",4,Conversor de torque,Automático,,5,Integral sob demanda,1655 mm,1560 mm,1560 mm,454 kg,4530 mm,2620 mm,1820 mm,1586 kg,589 litros,71 litros,146 mm,Disco ventilado,Disco sólido,,,,Elétrica,,"11,4 m","Independente, McPherson",Mola helicoidal,"Independente, multibraço",852 km,639 km,12 km/l,9 km/l,190 mm,,,,,,,Admissão,,,,,,,,,,,,,,,28 graus,22 graus,,Mecânicos,604 km,469 km,"8,5 km/l","6,6 km/l",,,,,,,,,,,,,,,,
honda,Cr-v,cr-v,cr-v-lx-2-0-4x2-at-2014,cr-v-lx-2-0-4x2-at-2014,https://www.fichacompleta.com.br/carros/honda/cr-v-lx-2-0-4x2-at-2014,2026-06-14T17:49:44.886855,Honda Cr-v LX 2.0 4x2 AT 2014,"13,5 s",171 km/h,,Injeção multiponto,Natural,1997 cm³,4 em linha,R20Z1,"Único no cabeçote, corrente","96,9 mm",81 mm,Transversal,Dianteiro,"9,8 kg/cv","77,7 kg/kgfm","77,6 cv/litro",155 cv (A) 150 cv (G) a 6300 rpm,"10,6:1",,,"9,8 kgfm/litro","19,5 kgfm (A) 19,3 kgfm (G) a 4800 rpm",4,Conversor de torque,Automático,,5,Dianteira,1650 mm,1560 mm,1560 mm,,4530 mm,2620 mm,1820 mm,1516 kg,589 litros,71 litros,146 mm,Disco ventilado,Disco sólido,,,,Elétrica,,"11,4 m","Independente, McPherson",Mola helicoidal,"Independente, multibraço",909 km,667 km,"12,8 km/l","9,4 km/l",190 mm,,,,,,,Admissão,,,,,,,,,,,,,,,28 graus,22 graus,,Mecânicos,639 km,497 km,9 km/l,7 km/l,,,,,,,,,,,,,,,,
honda,Cr-v,cr-v,cr-v-exl-2-0-4x4-at-2015,cr-v-exl-2-0-4x4-at-2015,https://www.fichacompleta.com.br/carros/honda/cr-v-exl-2-0-4x4-at-2015,2026-06-14T17:49:49.317386,Honda Cr-v EXL 2.0 4x4 AT 2015,"13,7 s",168 km/h,,Injeção multiponto,Natural,1997 cm³,4 em linha,R20Z1,"Único no cabeçote, corrente",,,Transversal,Dianteiro,"10,2 kg/cv","81,0 kg/kgfm","77,6 cv/litro",155 cv (A) 150 cv (G) a 6300 rpm,"10,6:1",,,"9,8 kgfm/litro","19,5 kgfm (A) 19,3 kgfm (G) a 4800 rpm",4,Conversor de torque,Automático,,5,Integral sob demanda,1655 mm,1580 mm,1579 mm,461 kg,4580 mm,2620 mm,1820 mm,1579 kg,589 litros,71 litros,146 mm,Disco ventilado,Disco sólido,,,,Elétrica,,"11,4 m","Independente, McPherson",Mola helicoidal,"Independente, multibraço",817 km,653 km,"11,5 km/l","9,2 km/l",190 mm,,,,,"96,9 mm",81 mm,Admissão,,,,,,,,,,,,,,,28 graus,22 graus,,Mecânicos,575 km,454 km,"8,1 km/l","6,4 km/l",,,,,,,,,,,,,,,,
honda,Cr-v,cr-v,cr-v-lx-2-0-4x2-at-2015,cr-v-lx-2-0-4x2-at-2015,https://www.fichacompleta.com.br/carros/honda/cr-v-lx-2-0-4x2-at-2015,2026-06-14T17:49:53.439738,Honda Cr-v LX 2.0 4x2 AT 2015,"13,5 s",171 km/h,,Injeção multiponto,Natural,1997 cm³,4 em linha,R20Z1,"Único no cabeçote, corrente","96,9 mm",81 mm,Transversal,Dianteiro,"9,7 kg/cv","77,0 kg/kgfm","77,6 cv/litro",155 cv (A) 150 cv (G) a 6300 rpm,"10,6:1",,,"9,8 kgfm/litro","19,5 kgfm (A) 19,3 kgfm (G) a 4800 rpm",4,Conversor de torque,Automático,,5,Dianteira,1655 mm,1580 mm,1579 mm,463 kg,4580 mm,2620 mm,1820 mm,1502 kg,589 litros,71 litros,146 mm,Disco ventilado,Disco sólido,,,,Elétrica,,"11,4 m","Independente, McPherson",Mola helicoidal,"Independente, multibraço",852 km,667 km,12 km/l,"9,4 km/l",190 mm,,,,,,,Admissão,,,,,,,,,,,,,,,28 graus,22 graus,,Mecânicos,604 km,476 km,"8,5 km/l","6,7 km/l",,,,,,,,,,,,,,,,
honda,Cr-v,cr-v,cr-v-exl-2-0-4x4-at-2016,cr-v-exl-2-0-4x4-at-2016,https://www.fichacompleta.com.br/carros/honda/cr-v-exl-2-0-4x4-at-2016,2026-06-14T17:49:58.173179,Honda Cr-v EXL 2.0 4x4 AT 2016,"13,7 s",168 km/h,,Injeção multiponto,Natural,1997 cm³,4 em linha,R20Z1,"Único no cabeçote, corrente","96,9 mm",81 mm,Transversal,Dianteiro,"10,2 kg/cv","81,0 kg/kgfm","77,6 cv/litro",155 cv (A) 150 cv (G) a 6300 rpm,"10,6:1",,,"9,8 kgfm/litro","19,5 kgfm (A) 19,3 kgfm (G) a 4800 rpm",4,Conversor de torque,Automático,,5,Integral sob demanda,1655 mm,1580 mm,1560 mm,461 kg,4580 mm,2620 mm,1820 mm,1579 kg,589 litros,71 litros,146 mm,Disco ventilado,Disco sólido,,,,Elétrica,,"11,4 m","Independente, McPherson",Mola helicoidal,"Independente, multibraço",817 km,653 km,"11,5 km/l","9,2 km/l",190 mm,,,,,,,Admissão,,,,,,,,,,,,,,,28 graus,22 graus,,Mecânicos,575 km,454 km,"8,1 km/l","6,4 km/l",,,,,,,,,,,,,,,,
honda,Cr-v,cr-v,cr-v-touring-1-5-turbo-4x4-2018,cr-v-touring-1-5-turbo-4x4-2018,https://www.fichacompleta.com.br/carros/honda/cr-v-touring-1-5-turbo-4x4-2018,2026-06-14T17:50:02.671045,Honda Cr-v Touring 1.5 Turbo 4x4 2018,"10,1 s",201 km/h,,Injeção direta,Turbocompressor,1498 cm³,4 em linha,L15B7,"Duplo no cabeçote, corrente","89,5 mm",73 mm,Transversal,Dianteiro,"8,5 kg/cv","65,6 kg/kgfm","126,8 cv/litro",190 cv a 5600 rpm,"10,3:1",,,"16,4 kgfm/litro","24,5 kgfm a 2000 rpm",4,Conversor de torque,CVT,,7,Integral sob demanda,1667 mm,1598 mm,1613 mm,523 kg,4591 mm,2660 mm,1855 mm,1607 kg,522 litros,57 litros,141 mm,Disco ventilado,Disco sólido,,,,Elétrica,,"11,4 m","Independente, McPherson",Mola helicoidal,"Independente, multibraço",678 km,593 km,"11,9 km/l","10,4 km/l",208 mm,,,,,,,Admissão e escape,680 kg,,,,,,7000 rpm,,,,,,,,"20,8 graus","24,8 graus",,Mecânicos,,,,,,,,,,,,,,,,,,,,
honda,Cr-v,cr-v,cr-v-touring-1-5-turbo-4x4-2019,cr-v-touring-1-5-turbo-4x4-2019,https://www.fichacompleta.com.br/carros/honda/cr-v-touring-1-5-turbo-4x4-2019,2026-06-14T17:50:05.985823,Honda Cr-v Touring 1.5 Turbo 4x4 2019,"10,1 s",201 km/h,Corrente,Injeção direta,Turbocompressor,1498 cm³,4 em linha,L15B7,Duplo no cabeçote,"89,5 mm",73 mm,Transversal,Dianteiro,"8,5 kg/cv","65,6 kg/kgfm","126,8 cv/litro",190 cv,"10,3:1",,,"16,4 kgfm/litro","24,5 kgfm",4,Conversor de torque,CVT,7,,Integral sob demanda,1667 mm,1598 mm,1613 mm,523 kg,4591 mm,2660 mm,1855 mm,1607 kg,522 litros,57 litros,141 mm,Disco ventilado,Disco sólido,,,,Elétrica,"11,4 m",,"Indep., McPherson",Mola helicoidal,"Indep., multibraço",678 km,593 km,"11,9 km/l","10,4 km/l",208 mm,5600 rpm,2000 rpm,,,,,Admissão e escape,680 kg,,,,,235/60 R18,7000 rpm,,,,,,,,"20,8 graus","24,8 graus",,Mecânicos,,,,,,,,,,,,,,,,,,,,
honda,Cr-v,cr-v,cr-v-touring-1-5-turbo-4x4-2020,cr-v-touring-1-5-turbo-4x4-2020,https://www.fichacompleta.com.br/carros/honda/cr-v-touring-1-5-turbo-4x4-2020,2026-06-14T17:50:09.077004,Honda Cr-v Touring 1.5 Turbo 4x4 2020,"10,1 s",201 km/h,,Injeção direta,Turbocompressor,1498 cm³,4 em linha,L15B7,"Duplo no cabeçote, corrente",,,Transversal,Dianteiro,"8,5 kg/cv","65,6 kg/kgfm","126,8 cv/litro",190 cv a 5600 rpm,"10,3:1",,,"16,4 kgfm/litro","24,5 kgfm a 2000 rpm",4,,CVT,,7,Integral sob demanda,1667 mm,1598 mm,1613 mm,523 kg,4591 mm,2660 mm,1855 mm,1607 kg,522 litros,57 litros,141 mm,235/60 R18,Disco sólido,,,,Elétrica,,"11,4 m","Independente, McPherson",Mola helicoidal,"Independente, multibraço",678 km,593 km,"11,9 km/l","10,4 km/l",,,,,,"89,5 mm",73 mm,Admissão e escape,680 kg,,,,,,,,,,,,,,"20,8 graus","24,8 graus",,Mecânicos,,,,,,,,,,,,,,,,,,,,
honda,Cr-v,cr-v,cr-v-touring-1-5-turbo-4x4-2021,cr-v-touring-1-5-turbo-4x4-2021,https://www.fichacompleta.com.br/carros/honda/cr-v-touring-1-5-turbo-4x4-2021,2026-06-14T17:50:13.044528,Honda Cr-v Touring 1.5 Turbo 4x4 2021,"10,1 s",201 km/h,,Injeção direta,Turbocompressor,1498 cm³,4 em linha,L15B7,"Duplo no cabeçote, corrente","89,5 mm",73 mm,Transversal,Dianteiro,"8,5 kg/cv","65,6 kg/kgfm","126,8 cv/litro",190 cv a 5600 rpm,"10,3:1",,,"16,4 kgfm/litro","24,5 kgfm a 2000 rpm",4,Conversor de torque,CVT,,7,Integral sob demanda,1667 mm,1598 mm,1613 mm,523 kg,4591 mm,2660 mm,1855 mm,1607 kg,522 litros,57 litros,141 mm,Disco ventilado,Disco sólido,,,,Elétrica,,"11,4 m","Independente, McPherson",Mola helicoidal,"Independente, multibraço",678 km,593 km,"11,9 km/l","10,4 km/l",208 mm,,,,,,,Admissão e escape,680 kg,,,,,,7000 rpm,,,,,,,,"20,8 graus","24,8 graus",,Mecânicos,,,,,,,,,,,,,,,,,,,,
honda,Cr-v,cr-v,cr-v-advanced-hybrid-2-0-2024,cr-v-advanced-hybrid-2-0-2024,https://www.fichacompleta.com.br/carros/honda/cr-v-advanced-hybrid-2-0-2024,2026-06-14T17:50:16.193181,Honda Cr-v Advanced Hybrid 2.0 2024,"8,5 s",194 km/h,Corrente,Injeção direta,Natural,,4 em linha,LFB1,Duplo no cabeçote,"96,7 mm",81 mm,Transversal,Dianteiro,"12,37 kg/cv","93,8 kg/kgfm","73,8 cv/litro",147 cv,"13,9:1",,,"9,7 kgfm/litro","19,4 kgfm",4,Embreagem multidisco,CVT,2,,Integral sob demanda,1691 mm,1612 mm,1638 mm,531 kg,4706 mm,2700 mm,1866 mm,1819 kg,581 litros,53 litros,129 mm,Disco ventilado,Disco sólido,,,,Elétrica,"11,4 m",,"Indep., McPherson",Mola helicoidal,"Indep., multibraço",615 km,753 km,"11,6 km/l","14,2 km/l",208 mm,6100 rpm,4500 rpm,184 cv,"34,2 kgfm",,,Admissão e escape,,,,498 cm³,1993 cm³,Kit de reparo,,"1,06 kWh",207 cv,,,,,,"16,7 graus","21,3 graus",,,,,,,,,,,,,,,,,,,,,,
honda,Cr-v,cr-v,cr-v-advanced-hybrid-2-0-2025,cr-v-advanced-hybrid-2-0-2025,https://www.fichacompleta.com.br/carros/honda/cr-v-advanced-hybrid-2-0-2025,2026-06-14T17:50:19.671188,Honda Cr-v Advanced Hybrid 2.0 2025,"8,5 s",194 km/h,Corrente,Injeção direta,Natural,,4 em linha,LFB1,Duplo no cabeçote,"96,7 mm",81 mm,Transversal,Dianteiro,"12,37 kg/cv","53,19 kg/kgfm","73,8 cv/litro",147 cv,"13,9:1",,,"9,7 kgfm/litro","19,4 kgfm",4,Embreagem multidisco,Automático,2,,Integral sob demanda,1691 mm,1612 mm,1638 mm,531 kg,4706 mm,2700 mm,1866 mm,1819 kg,581 litros,53 litros,129 mm,Disco ventilado,Disco sólido,,,,Elétrica,"11,4 m",,"Indep., McPherson",Mola helicoidal,"Indep., multibraço",615 km,753 km,"11,6 km/l","14,2 km/l",208 mm,6100 rpm,4500 rpm,184 cv,"34,2 kgfm",,,Admissão e escape,,,,498 cm³,1993 cm³,Kit de reparo,,"1,06 kWh",207 cv,,,,,,"16,7 graus","21,3 graus","8,79 kg/cv",,,,,,,,,,,,,,,,,,,,,
honda,Fit,fit,fit-lx-1-4-8v-2004,fit-lx-1-4-8v-2004,https://www.fichacompleta.com.br/carros/honda/fit-lx-1-4-8v-2004,2026-06-14T17:50:38.398018,Honda Fit LX 1.4 8V 2004,"13,1 s",165 km/h,Corrente,Injeção multiponto,Natural,1339 cm³,4 em linha,L13A i-DSI,Único no cabeçote,80 mm,73 mm,Transversal,Dianteiro,"13,1 kg/cv","88,6 kg/kgfm","59,7 cv/litro",80 cv,"10,4:1",,,"8,8 kgfm/litro","11,8 kgfm",2,Embreagem monodisco a seco,Manual,5,,Dianteira,1525 mm,1460 mm,1445 mm,,3830 mm,2450 mm,1675 mm,1045 kg,353 litros,42 litros,114 mm,Disco ventilado,Tambor,"2,17 m²","0,694 m²","0,32",Elétrica,"9,2 m",,"Indep., McPherson",Mola helicoidal,Eixo de torção,651 km,420 km,"15,5 km/l",10 km/l,,5700 rpm,2800 rpm,,,,,,,,,,,,,,,,,,,,,,,Mecânicos,,,,,,,,,,,,,,,,,,,,
honda,Fit,fit,fit-lx-1-4-8v-at-2004,fit-lx-1-4-8v-at-2004,https://www.fichacompleta.com.br/carros/honda/fit-lx-1-4-8v-at-2004,2026-06-14T17:50:42.107872,Honda Fit LX 1.4 8V AT 2004,"14,4 s",160 km/h,Corrente,Injeção multiponto,Natural,1339 cm³,4 em linha,L13A i-DSI,Único no cabeçote,80 mm,73 mm,Transversal,Dianteiro,"13,4 kg/cv","90,7 kg/kgfm","59,7 cv/litro",80 cv,"10,4:1",,,"8,8 kgfm/litro","11,8 kgfm",2,Embreagem monodisco a seco,CVT,0,,Dianteira,1525 mm,1460 mm,1445 mm,,3830 mm,2450 mm,1675 mm,1070 kg,353 litros,42 litros,114 mm,Disco ventilado,Tambor,"2,17 m²","0,694 m²","0,32",Elétrica,"9,2 m",,"Indep., McPherson",Mola helicoidal,Eixo de torção,630 km,496 km,15 km/l,"11,8 km/l",,5700 rpm,2800 rpm,,,,,,,,,,,,,,,,,,,,,,,Mecânicos,,,,,,,,,,,,,,,,,,,,
honda,Fit,fit,fit-lxl-1-4-8v-2004,fit-lxl-1-4-8v-2004,https://www.fichacompleta.com.br/carros/honda/fit-lxl-1-4-8v-2004,2026-06-14T17:50:45.885605,Honda Fit LXL 1.4 8V 2004,"13,1 s",165 km/h,Corrente,Injeção multiponto,Natural,1339 cm³,4 em linha,L13A i-DSI,Único no cabeçote,80 mm,73 mm,Transversal,Dianteiro,"13,1 kg/cv","88,6 kg/kgfm","59,7 cv/litro",80 cv,"10,4:1",5700 rpm,2800 rpm,"8,8 kgfm/litro","11,8 kgfm",2,Embreagem monodisco a seco,Manual,5,5,Dianteira,1525 mm,1460 mm,1445 mm,,3830 mm,2450 mm,1675 mm,1045 kg,353 litros,42 litros,114 mm,Disco ventilado,Tambor,"2,17 m²","0,694 m²","0,32",Elétrica,"9,2 m","9,2 m","Indep., McPherson",Mola helicoidal,Eixo de torção,651 km,420 km,"15,5 km/l",10 km/l,,,,,,,,,,,"0,32",,,,,,,,,,,,,,,Mecânicos,,,,,,,,,,,,,,,,,,,,
honda,Fit,fit,fit-lxl-1-4-8v-at-2004,fit-lxl-1-4-8v-at-2004,https://www.fichacompleta.com.br/carros/honda/fit-lxl-1-4-8v-at-2004,2026-06-14T17:50:49.909716,Honda Fit LXL 1.4 8V AT 2004,"14,4 s",160 km/h,Corrente,Injeção multiponto,Natural,1339 cm³,4 em linha,L13A i-DSI,Único no cabeçote,80 mm,73 mm,Transversal,Dianteiro,"13,4 kg/cv","90,7 kg/kgfm","59,7 cv/litro",80 cv,"10,4:1",5700 rpm,2800 rpm,"8,8 kgfm/litro","11,8 kgfm",2,Embreagem monodisco a seco,CVT,0,0,Dianteira,1525 mm,1460 mm,1445 mm,,3830 mm,2450 mm,1675 mm,1070 kg,353 litros,42 litros,114 mm,Disco ventilado,Tambor,"2,17 m²","0,694 m²","0,32",Elétrica,"9,2 m","9,2 m","Indep., McPherson",Mola helicoidal,Eixo de torção,630 km,496 km,15 km/l,"11,8 km/l",,,,,,,,,,,"0,32",,,,,,,,,,,,,,,Mecânicos,,,,,,,,,,,,,,,,,,,,
honda,Fit,fit,fit-ex-1-5-2005,fit-ex-1-5-2005,https://www.fichacompleta.com.br/carros/honda/fit-ex-1-5-2005,2026-06-14T17:50:53.113668,Honda Fit EX 1.5 2005,"10,7 s",175 km/h,Corrente,Injeção multiponto,Natural,1496 cm³,4 em linha,L15A,Único no cabeçote,"89,4 mm",73 mm,Transversal,Dianteiro,"10,0 kg/cv","73,9 kg/kgfm","70,2 cv/litro",105 cv,10:1,5800 rpm,4800 rpm,"9,5 kgfm/litro","14,2 kgfm",4,Embreagem monodisco a seco,Manual,5,5,Dianteira,1525 mm,1460 mm,1445 mm,,3830 mm,2450 mm,1675 mm,1050 kg,353 litros,42 litros,114 mm,Disco ventilado,Tambor,"2,17 m²","0,694 m²","0,32",Elétrica,"9,2 m","9,2 m","Indep., McPherson",Mola helicoidal,Eixo de torção,630 km,462 km,15 km/l,11 km/l,,,,,,,,Admissão,,,"0,32",,,,,,,,,,,,,,,Mecânicos,,,,,,,,,,,,,,,,,,,,
honda,Fit,fit,fit-ex-1-5-at-2005,fit-ex-1-5-at-2005,https://www.fichacompleta.com.br/carros/honda/fit-ex-1-5-at-2005,2026-06-14T17:50:55.925800,Honda Fit EX 1.5 AT 2005,"11,1 s",170 km/h,Corrente,Injeção multiponto,Natural,1496 cm³,4 em linha,L15A,Único no cabeçote,"89,4 mm",73 mm,Transversal,Dianteiro,"10,2 kg/cv","75,7 kg/kgfm","70,2 cv/litro",105 cv,10:1,5800 rpm,4800 rpm,"9,5 kgfm/litro","14,2 kgfm",4,Embreagem monodisco a seco,CVT,0,0,Dianteira,1525 mm,1460 mm,1445 mm,,3830 mm,2450 mm,1675 mm,1075 kg,353 litros,42 litros,114 mm,Disco ventilado,Tambor,"2,17 m²","0,694 m²","0,32",Elétrica,"9,2 m","9,2 m","Indep., McPherson",Mola helicoidal,Eixo de torção,626 km,483 km,"14,9 km/l","11,5 km/l",,,,,,,,Admissão,,,"0,32",,,,,,,,,,,,,,,Mecânicos,,,,,,,,,,,,,,,,,,,,
honda,Fit,fit,fit-lx-1-4-8v-2005,fit-lx-1-4-8v-2005,https://www.fichacompleta.com.br/carros/honda/fit-lx-1-4-8v-2005,2026-06-14T17:50:58.443067,Honda Fit LX 1.4 8V 2005,"13,1 s",165 km/h,Corrente,Injeção multiponto,Natural,1339 cm³,4 em linha,L13A i-DSI,Único no cabeçote,80 mm,73 mm,Transversal,Dianteiro,"13,2 kg/cv","89,4 kg/kgfm","59,7 cv/litro",80 cv,"10,4:1",5700 rpm,2800 rpm,"8,8 kgfm/litro","11,8 kgfm",2,Embreagem monodisco a seco,Manual,5,5,Dianteira,1525 mm,1460 mm,1445 mm,,3830 mm,2450 mm,1675 mm,1055 kg,353 litros,42 litros,114 mm,Disco ventilado,Tambor,"2,17 m²","0,694 m²","0,32",Elétrica,"9,2 m","9,2 m","Indep., McPherson",Mola helicoidal,Eixo de torção,672 km,416 km,16 km/l,"9,9 km/l",,,,,,,,,,,"0,32",,,,,,,,,,,,,,,Mecânicos,,,,,,,,,,,,,,,,,,,,
honda,Fit,fit,fit-lx-1-4-8v-at-2005,fit-lx-1-4-8v-at-2005,https://www.fichacompleta.com.br/carros/honda/fit-lx-1-4-8v-at-2005,2026-06-14T17:51:02.036286,Honda Fit LX 1.4 8V AT 2005,"14,4 s",160 km/h,,Injeção multiponto,Natural,1339 cm³,4 em linha,L13A i-DSI,"Único no cabeçote, corrente",80 mm,73 mm,Transversal,Dianteiro,"13,4 kg/cv","90,7 kg/kgfm","59,7 cv/litro",80 cv a 5700 rpm,"10,4:1",,,"8,8 kgfm/litro","11,8 kgfm a 2800 rpm",2,Embreagem monodisco a seco,CVT,,0,Dianteira,1525 mm,1460 mm,1445 mm,,3830 mm,2450 mm,1675 mm,1070 kg,353 litros,42 litros,114 mm,Disco ventilado,Tambor,"2,17 m²","0,694 m²",,Elétrica,,"9,2 m","Independente, McPherson",Mola helicoidal,Eixo de torção,630 km,496 km,15 km/l,"11,8 km/l",,,,,,,,,,,"0,32",,,,,,,,,,,,,,,Mecânicos,,,,,,,,,,,,,,,,,,,,
honda,Fit,fit,fit-lxl-1-4-8v-2005,fit-lxl-1-4-8v-2005,https://www.fichacompleta.com.br/carros/honda/fit-lxl-1-4-8v-2005,2026-06-14T17:51:05.138634,Honda Fit LXL 1.4 8V 2005,"13,1 s",165 km/h,Corrente,Injeção multiponto,Natural,1339 cm³,4 em linha,L13A i-DSI,Único no cabeçote,80 mm,73 mm,Transversal,Dianteiro,"13,2 kg/cv","89,4 kg/kgfm","59,7 cv/litro",80 cv,"10,4:1",,,"8,8 kgfm/litro","11,8 kgfm",2,Embreagem monodisco a seco,Manual,5,,Dianteira,1525 mm,1460 mm,1445 mm,,3830 mm,2450 mm,1675 mm,1055 kg,353 litros,42 litros,114 mm,Disco ventilado,Tambor,"2,17 m²","0,694 m²","0,32",Elétrica,"9,2 m",,"Indep., McPherson",Mola helicoidal,Eixo de torção,672 km,416 km,16 km/l,"9,9 km/l",,5700 rpm,2800 rpm,,,,,,,,,,,,,,,,,,,,,,,Mecânicos,,,,,,,,,,,,,,,,,,,,
honda,Fit,fit,fit-lxl-1-4-8v-at-2005,fit-lxl-1-4-8v-at-2005,https://www.fichacompleta.com.br/carros/honda/fit-lxl-1-4-8v-at-2005,2026-06-14T17:51:08.949295,Honda Fit LXL 1.4 8V AT 2005,"14,4 s",160 km/h,,Injeção multiponto,Natural,1339 cm³,4 em linha,L13A i-DSI,"Único no cabeçote, corrente",,,Transversal,Dianteiro,"13,4 kg/cv","90,7 kg/kgfm","59,7 cv/litro",80 cv a 5700 rpm,"10,4:1",,,"8,8 kgfm/litro","11,8 kgfm a 2800 rpm",2,Embreagem monodisco a seco,CVT,,0,Dianteira,1525 mm,1460 mm,1445 mm,,3830 mm,2450 mm,1675 mm,1070 kg,353 litros,42 litros,114 mm,Disco ventilado,Tambor,"2,17 m²","0,694 m²",,Elétrica,,"9,2 m","Independente, McPherson",Mola helicoidal,Eixo de torção,630 km,496 km,15 km/l,"11,8 km/l",,,,,,80 mm,73 mm,,,,"0,32",,,,,,,,,,,,,,,Mecânicos,,,,,,,,,,,,,,,,,,,,
honda,Fit,fit,fit-ex-1-5-2006,fit-ex-1-5-2006,https://www.fichacompleta.com.br/carros/honda/fit-ex-1-5-2006,2026-06-14T17:51:11.618180,Honda Fit EX 1.5 2006,"10,7 s",175 km/h,Corrente,Injeção multiponto,Natural,1496 cm³,4 em linha,L15A,Único no cabeçote,"89,4 mm",73 mm,Transversal,Dianteiro,"10,0 kg/cv","73,9 kg/kgfm","70,2 cv/litro",105 cv,10:1,,,"9,5 kgfm/litro","14,2 kgfm",4,Embreagem monodisco a seco,Manual,5,,Dianteira,1525 mm,1460 mm,1445 mm,,3830 mm,2450 mm,1675 mm,1050 kg,353 litros,42 litros,114 mm,Disco ventilado,Tambor,"2,17 m²","0,694 m²","0,32",Elétrica,"9,2 m",,"Indep., McPherson",Mola helicoidal,Eixo de torção,630 km,462 km,15 km/l,11 km/l,,5800 rpm,4800 rpm,,,,,Admissão,,,,,,,,,,,,,,,,,,Mecânicos,,,,,,,,,,,,,,,,,,,,
honda,Fit,fit,fit-ex-1-5-at-2006,fit-ex-1-5-at-2006,https://www.fichacompleta.com.br/carros/honda/fit-ex-1-5-at-2006,2026-06-14T17:51:16.021805,Honda Fit EX 1.5 AT 2006,"11,1 s",170 km/h,Corrente,Injeção multiponto,Natural,1496 cm³,4 em linha,L15A,Único no cabeçote,"89,4 mm",73 mm,Transversal,Dianteiro,"10,2 kg/cv","75,7 kg/kgfm","70,2 cv/litro",105 cv,10:1,,,"9,5 kgfm/litro","14,2 kgfm",4,Embreagem monodisco a seco,CVT,0,,Dianteira,1525 mm,1460 mm,1445 mm,,3830 mm,2450 mm,1675 mm,1075 kg,353 litros,42 litros,114 mm,Disco ventilado,Tambor,"2,17 m²","0,694 m²","0,32",Elétrica,"9,2 m",,"Indep., McPherson",Mola helicoidal,Eixo de torção,626 km,483 km,"14,9 km/l","11,5 km/l",,5800 rpm,4800 rpm,,,,,Admissão,,,,,,,,,,,,,,,,,,Mecânicos,,,,,,,,,,,,,,,,,,,,
honda,Fit,fit,fit-lx-1-4-8v-2006,fit-lx-1-4-8v-2006,https://www.fichacompleta.com.br/carros/honda/fit-lx-1-4-8v-2006,2026-06-14T17:51:19.686960,Honda Fit LX 1.4 8V 2006,"13,1 s",165 km/h,,Injeção multiponto,Natural,1339 cm³,4 em linha,L13A i-DSI,"Único no cabeçote, corrente",,,Transversal,Dianteiro,"13,2 kg/cv","89,4 kg/kgfm","59,7 cv/litro",80 cv a 5700 rpm,"10,4:1",,,"8,8 kgfm/litro","11,8 kgfm a 2800 rpm",2,,Manual,,5,Dianteira,1525 mm,1460 mm,1445 mm,,3830 mm,2450 mm,1675 mm,1055 kg,353 litros,42 litros,114 mm,175/65 R14,Tambor,"2,17 m²",,,Elétrica,,"9,2 m","Independente, McPherson",Mola helicoidal,Eixo de torção,672 km,416 km,16 km/l,"9,9 km/l",,,,,,80 mm,73 mm,,,,"0,32",,,,,,,,,,,,,,,Mecânicos,,,,,,,,,,,,,,,,,,,,
honda,Fit,fit,fit-lx-1-4-8v-at-2006,fit-lx-1-4-8v-at-2006,https://www.fichacompleta.com.br/carros/honda/fit-lx-1-4-8v-at-2006,2026-06-14T17:51:22.167932,Honda Fit LX 1.4 8V AT 2006,"14,4 s",160 km/h,Corrente,Injeção multiponto,Natural,1339 cm³,4 em linha,L13A i-DSI,Único no cabeçote,80 mm,73 mm,Transversal,Dianteiro,"13,4 kg/cv","90,7 kg/kgfm","59,7 cv/litro",80 cv,"10,4:1",,,"8,8 kgfm/litro","11,8 kgfm",2,Embreagem monodisco a seco,CVT,0,,Dianteira,1525 mm,1460 mm,1445 mm,,3830 mm,2450 mm,1675 mm,1070 kg,353 litros,42 litros,114 mm,Disco ventilado,Tambor,"2,17 m²","0,694 m²","0,32",Elétrica,"9,2 m",,"Indep., McPherson",Mola helicoidal,Eixo de torção,630 km,496 km,15 km/l,"11,8 km/l",,5700 rpm,2800 rpm,,,,,,,,,,,,,,,,,,,,,,,Mecânicos,,,,,,,,,,,,,,,,,,,,
honda,Fit,fit,fit-lxl-1-4-8v-2006,fit-lxl-1-4-8v-2006,https://www.fichacompleta.com.br/carros/honda/fit-lxl-1-4-8v-2006,2026-06-14T17:51:26.941860,Honda Fit LXL 1.4 8V 2006,"13,1 s",165 km/h,Corrente,Injeção multiponto,Natural,1339 cm³,4 em linha,L13A i-DSI,Único no cabeçote,80 mm,73 mm,Transversal,Dianteiro,"13,2 kg/cv","89,4 kg/kgfm","59,7 cv/litro",80 cv,"10,4:1",,,"8,8 kgfm/litro","11,8 kgfm",2,Embreagem monodisco a seco,Manual,5,,Dianteira,1525 mm,1460 mm,1445 mm,,3830 mm,2450 mm,1675 mm,1055 kg,353 litros,42 litros,114 mm,Disco ventilado,Tambor,"2,17 m²","0,694 m²","0,32",Elétrica,"9,2 m",,"Indep., McPherson",Mola helicoidal,Eixo de torção,672 km,416 km,16 km/l,"9,9 km/l",,5700 rpm,2800 rpm,,,,,,,,,,,,,,,,,,,,,,,Mecânicos,,,,,,,,,,,,,,,,,,,,
honda,Fit,fit,fit-lxl-1-4-8v-at-2006,fit-lxl-1-4-8v-at-2006,https://www.fichacompleta.com.br/carros/honda/fit-lxl-1-4-8v-at-2006,2026-06-14T17:51:29.369526,Honda Fit LXL 1.4 8V AT 2006,"14,4 s",160 km/h,Corrente,Injeção multiponto,Natural,1339 cm³,4 em linha,L13A i-DSI,Único no cabeçote,80 mm,73 mm,Transversal,Dianteiro,"13,4 kg/cv","90,7 kg/kgfm","59,7 cv/litro",80 cv,"10,4:1",,,"8,8 kgfm/litro","11,8 kgfm",2,Embreagem monodisco a seco,CVT,0,,Dianteira,1525 mm,1460 mm,1445 mm,,3830 mm,2450 mm,1675 mm,1070 kg,353 litros,42 litros,114 mm,Disco ventilado,Tambor,"2,17 m²","0,694 m²","0,32",Elétrica,"9,2 m",,"Indep., McPherson",Mola helicoidal,Eixo de torção,630 km,496 km,15 km/l,"11,8 km/l",,5700 rpm,2800 rpm,,,,,,,,,,,,,,,,,,,,,,,Mecânicos,,,,,,,,,,,,,,,,,,,,
honda,Fit,fit,fit-ex-1-5-2007,fit-ex-1-5-2007,https://www.fichacompleta.com.br/carros/honda/fit-ex-1-5-2007,2026-06-14T17:51:32.810523,Honda Fit EX 1.5 2007,"10,7 s",175 km/h,,Injeção multiponto,Natural,1496 cm³,4 em linha,L15A,"Único no cabeçote, corrente","89,4 mm",73 mm,Transversal,Dianteiro,"10,0 kg/cv","73,9 kg/kgfm","70,2 cv/litro",105 cv a 5800 rpm,10:1,,,"9,5 kgfm/litro","14,2 kgfm a 4800 rpm",4,Embreagem monodisco a seco,Manual,,5,Dianteira,1525 mm,1460 mm,1445 mm,,3830 mm,2450 mm,1675 mm,1050 kg,353 litros,42 litros,114 mm,Disco ventilado,Tambor,"2,17 m²","0,694 m²",,Elétrica,,"9,2 m","Independente, McPherson",Mola helicoidal,Eixo de torção,630 km,462 km,15 km/l,11 km/l,,,,,,,,Admissão,,,"0,32",,,,,,,,,,,,,,,Mecânicos,,,,,,,,,,,,,,,,,,,,
honda,Fit,fit,fit-ex-1-5-at-2007,fit-ex-1-5-at-2007,https://www.fichacompleta.com.br/carros/honda/fit-ex-1-5-at-2007,2026-06-14T17:51:36.164174,Honda Fit EX 1.5 AT 2007,"11,1 s",170 km/h,,Injeção multiponto,Natural,1496 cm³,4 em linha,L15A,"Único no cabeçote, corrente","89,4 mm",73 mm,Transversal,Dianteiro,"10,2 kg/cv","75,7 kg/kgfm","70,2 cv/litro",105 cv a 5800 rpm,10:1,,,"9,5 kgfm/litro","14,2 kgfm a 4800 rpm",4,Embreagem monodisco a seco,CVT,,0,Dianteira,1525 mm,1460 mm,1445 mm,,3830 mm,2450 mm,1675 mm,1075 kg,353 litros,42 litros,114 mm,Disco ventilado,Tambor,"2,17 m²","0,694 m²",,Elétrica,,"9,2 m","Independente, McPherson",Mola helicoidal,Eixo de torção,626 km,483 km,"14,9 km/l","11,5 km/l",,,,,,,,Admissão,,,"0,32",,,,,,,,,,,,,,,Mecânicos,,,,,,,,,,,,,,,,,,,,
honda,Fit,fit,fit-lx-1-4-8v-2007,fit-lx-1-4-8v-2007,https://www.fichacompleta.com.br/carros/honda/fit-lx-1-4-8v-2007,2026-06-14T17:51:40.861335,Honda Fit LX 1.4 8V 2007,"13,1 s",165 km/h,,Injeção multiponto,Natural,1339 cm³,4 em linha,L13A i-DSI,"Único no cabeçote, corrente",80 mm,73 mm,Transversal,Dianteiro,"13,2 kg/cv","89,4 kg/kgfm","59,7 cv/litro",80 cv a 5700 rpm,"10,4:1",,,"8,8 kgfm/litro","11,8 kgfm a 2800 rpm",2,Embreagem monodisco a seco,Manual,,5,Dianteira,1525 mm,1460 mm,1445 mm,,3830 mm,2450 mm,1675 mm,1055 kg,353 litros,42 litros,114 mm,Disco ventilado,Tambor,"2,17 m²","0,694 m²",,Elétrica,,"9,2 m","Independente, McPherson",Mola helicoidal,Eixo de torção,672 km,416 km,16 km/l,"9,9 km/l",,,,,,,,,,,"0,32",,,,,,,,,,,,,,,Mecânicos,,,,,,,,,,,,,,,,,,,,
honda,Fit,fit,fit-lx-1-4-8v-at-2007,fit-lx-1-4-8v-at-2007,https://www.fichacompleta.com.br/carros/honda/fit-lx-1-4-8v-at-2007,2026-06-14T17:51:44.851462,Honda Fit LX 1.4 8V AT 2007,"14,4 s",160 km/h,Corrente,Injeção multiponto,Natural,1339 cm³,4 em linha,L13A i-DSI,Único no cabeçote,80 mm,73 mm,Transversal,Dianteiro,"13,4 kg/cv","90,7 kg/kgfm","59,7 cv/litro",80 cv,"10,4:1",,,"8,8 kgfm/litro","11,8 kgfm",2,Embreagem monodisco a seco,CVT,0,,Dianteira,1525 mm,1460 mm,1445 mm,,3830 mm,2450 mm,1675 mm,1070 kg,353 litros,42 litros,114 mm,Disco ventilado,Tambor,"2,17 m²","0,694 m²","0,32",Elétrica,"9,2 m",,"Indep., McPherson",Mola helicoidal,Eixo de torção,630 km,496 km,15 km/l,"11,8 km/l",,5700 rpm,2800 rpm,,,,,,,,,,,,,,,,,,,,,,,Mecânicos,,,,,,,,,,,,,,,,,,,,
honda,Fit,fit,fit-lxl-1-4-8v-2007,fit-lxl-1-4-8v-2007,https://www.fichacompleta.com.br/carros/honda/fit-lxl-1-4-8v-2007,2026-06-14T17:51:49.105749,Honda Fit LXL 1.4 8V 2007,"13,1 s",165 km/h,,Injeção multiponto,Natural,1339 cm³,4 em linha,L13A i-DSI,"Único no cabeçote, corrente",80 mm,73 mm,Transversal,Dianteiro,"13,1 kg/cv","88,6 kg/kgfm","59,7 cv/litro",80 cv a 5700 rpm,"10,4:1",,,"8,8 kgfm/litro","11,8 kgfm a 2800 rpm",2,Embreagem monodisco a seco,Manual,,5,Dianteira,1525 mm,1460 mm,1445 mm,,3830 mm,2450 mm,1675 mm,1045 kg,353 litros,42 litros,114 mm,Disco ventilado,Tambor,"2,17 m²","0,694 m²",,Elétrica,,"9,2 m","Independente, McPherson",Mola helicoidal,Eixo de torção,651 km,420 km,"15,5 km/l",10 km/l,,,,,,,,,,,"0,32",,,,,,,,,,,,,,,Mecânicos,,,,,,,,,,,,,,,,,,,,
honda,Fit,fit,fit-lxl-1-4-8v-at-2007,fit-lxl-1-4-8v-at-2007,https://www.fichacompleta.com.br/carros/honda/fit-lxl-1-4-8v-at-2007,2026-06-14T17:51:51.984586,Honda Fit LXL 1.4 8V AT 2007,"14,4 s",160 km/h,Corrente,Injeção multiponto,Natural,1339 cm³,4 em linha,L13A i-DSI,Único no cabeçote,80 mm,73 mm,Transversal,Dianteiro,"13,4 kg/cv","90,7 kg/kgfm","59,7 cv/litro",80 cv,"10,4:1",,,"8,8 kgfm/litro","11,8 kgfm",2,Embreagem monodisco a seco,CVT,0,,Dianteira,1525 mm,1460 mm,1445 mm,,3830 mm,2450 mm,1675 mm,1070 kg,353 litros,42 litros,114 mm,Disco ventilado,Tambor,"2,17 m²","0,694 m²","0,32",Elétrica,"9,2 m",,"Indep., McPherson",Mola helicoidal,Eixo de torção,630 km,496 km,15 km/l,"11,8 km/l",,5700 rpm,2800 rpm,,,,,,,,,,,,,,,,,,,,,,,Mecânicos,,,,,,,,,,,,,,,,,,,,
honda,Fit,fit,fit-ex-1-5-2008,fit-ex-1-5-2008,https://www.fichacompleta.com.br/carros/honda/fit-ex-1-5-2008,2026-06-14T17:51:55.351254,Honda Fit EX 1.5 2008,"10,7 s",175 km/h,Corrente,Injeção multiponto,Natural,1496 cm³,4 em linha,L15A,Único no cabeçote,"89,4 mm",73 mm,Transversal,Dianteiro,"10,0 kg/cv","73,9 kg/kgfm","70,2 cv/litro",105 cv,10:1,,,"9,5 kgfm/litro","14,2 kgfm",4,Embreagem monodisco a seco,Manual,5,,Dianteira,1525 mm,1460 mm,1445 mm,,3830 mm,2450 mm,1675 mm,1050 kg,353 litros,42 litros,114 mm,Disco ventilado,Tambor,"2,17 m²","0,694 m²","0,32",Elétrica,"9,2 m",,"Indep., McPherson",Mola helicoidal,Eixo de torção,630 km,462 km,15 km/l,11 km/l,,5800 rpm,4800 rpm,,,,,Admissão,,,,,,,,,,,,,,,,,,Mecânicos,,,,,,,,,,,,,,,,,,,,
honda,Fit,fit,fit-ex-1-5-at-2008,fit-ex-1-5-at-2008,https://www.fichacompleta.com.br/carros/honda/fit-ex-1-5-at-2008,2026-06-14T17:51:58.369632,Honda Fit EX 1.5 AT 2008,"11,1 s",170 km/h,,Injeção multiponto,Natural,1496 cm³,4 em linha,L15A,"Único no cabeçote, corrente","89,4 mm",73 mm,Transversal,Dianteiro,"10,2 kg/cv","75,7 kg/kgfm","70,2 cv/litro",105 cv a 5800 rpm,10:1,,,"9,5 kgfm/litro","14,2 kgfm a 4800 rpm",4,Embreagem monodisco a seco,CVT,,0,Dianteira,1525 mm,1460 mm,1445 mm,,3830 mm,2450 mm,1675 mm,1075 kg,353 litros,42 litros,114 mm,Disco ventilado,Tambor,"2,17 m²","0,694 m²",,Elétrica,,"9,2 m","Independente, McPherson",Mola helicoidal,Eixo de torção,626 km,483 km,"14,9 km/l","11,5 km/l",,,,,,,,Admissão,,,"0,32",,,,,,,,,,,,,,,Mecânicos,,,,,,,,,,,,,,,,,,,,
honda,Fit,fit,fit-lx-1-4-8v-2008,fit-lx-1-4-8v-2008,https://www.fichacompleta.com.br/carros/honda/fit-lx-1-4-8v-2008,2026-06-14T17:52:01.874958,Honda Fit LX 1.4 8V 2008,"12,9 s",167 km/h,,Injeção multiponto,Natural,1339 cm³,4 em linha,L13A i-DSI,"Único no cabeçote, corrente",80 mm,73 mm,Transversal,Dianteiro,"12,6 kg/cv","85,7 kg/kgfm","62,0 cv/litro",83 cv (A) 80 cv (G) a 5700 rpm,"10,4:1",,,"9,1 kgfm/litro","12,2 kgfm (A) 11,8 kgfm (G) a 2800 rpm",2,Embreagem monodisco a seco,Manual,,5,Dianteira,1525 mm,1460 mm,1445 mm,,3830 mm,2450 mm,1675 mm,1045 kg,353 litros,42 litros,114 mm,Disco ventilado,Tambor,"2,17 m²","0,694 m²",,Elétrica,,"9,2 m","Independente, McPherson",Mola helicoidal,Eixo de torção,672 km,416 km,16 km/l,"9,9 km/l",,,,,,,,,,,"0,32",,,,,,,,,,,,,,,Mecânicos,470 km,294 km,"11,2 km/l",7 km/l,,,,,,,,,,,,,,,,
honda,Fit,fit,fit-lx-1-4-8v-at-2008,fit-lx-1-4-8v-at-2008,https://www.fichacompleta.com.br/carros/honda/fit-lx-1-4-8v-at-2008,2026-06-14T17:52:06.663285,Honda Fit LX 1.4 8V AT 2008,"14,4 s",160 km/h,,Injeção multiponto,Natural,1339 cm³,4 em linha,L13A i-DSI,"Único no cabeçote, corrente",,,Transversal,Dianteiro,"13,4 kg/cv","90,7 kg/kgfm","59,7 cv/litro",80 cv a 5700 rpm,"10,4:1",,,"8,8 kgfm/litro","11,8 kgfm a 2800 rpm",2,,CVT,,0,Dianteira,1525 mm,1460 mm,1445 mm,,3830 mm,2450 mm,1675 mm,1070 kg,353 litros,42 litros,114 mm,175/65 R14,Tambor,"2,17 m²",,,Elétrica,,"9,2 m","Independente, McPherson",Mola helicoidal,Eixo de torção,630 km,496 km,15 km/l,"11,8 km/l",,,,,,80 mm,73 mm,,,,"0,32",,,,,,,,,,,,,,,Mecânicos,,,,,,,,,,,,,,,,,,,,
honda,Fit,fit,fit-lxl-1-4-8v-2008,fit-lxl-1-4-8v-2008,https://www.fichacompleta.com.br/carros/honda/fit-lxl-1-4-8v-2008,2026-06-14T17:52:09.839850,Honda Fit LXL 1.4 8V 2008,"12,9 s",167 km/h,,Injeção multiponto,Natural,1339 cm³,4 em linha,L13A i-DSI,"Único no cabeçote, corrente",80 mm,73 mm,Transversal,Dianteiro,"12,6 kg/cv","85,7 kg/kgfm","62,0 cv/litro",83 cv (A) 80 cv (G) a 5700 rpm,"10,4:1",,,"9,1 kgfm/litro","12,2 kgfm (A) 11,8 kgfm (G) a 2800 rpm",2,Embreagem monodisco a seco,Manual,,5,Dianteira,1525 mm,1460 mm,1445 mm,,3830 mm,2450 mm,1675 mm,1045 kg,353 litros,42 litros,114 mm,Disco ventilado,Tambor,"2,17 m²","0,694 m²",,Elétrica,,"9,2 m","Independente, McPherson",Mola helicoidal,Eixo de torção,672 km,416 km,16 km/l,"9,9 km/l",,,,,,,,,,,"0,32",,,,,,,,,,,,,,,Mecânicos,470 km,294 km,"11,2 km/l",7 km/l,,,,,,,,,,,,,,,,
honda,Fit,fit,fit-lxl-1-4-8v-at-2008,fit-lxl-1-4-8v-at-2008,https://www.fichacompleta.com.br/carros/honda/fit-lxl-1-4-8v-at-2008,2026-06-14T17:52:12.810602,Honda Fit LXL 1.4 8V AT 2008,"14,4 s",160 km/h,Corrente,Injeção multiponto,Natural,1339 cm³,4 em linha,L13A i-DSI,Único no cabeçote,80 mm,73 mm,Transversal,Dianteiro,"13,4 kg/cv","90,7 kg/kgfm","59,7 cv/litro",80 cv,"10,4:1",,,"8,8 kgfm/litro","11,8 kgfm",2,Embreagem monodisco a seco,CVT,0,,Dianteira,1525 mm,1460 mm,1445 mm,,3830 mm,2450 mm,1675 mm,1070 kg,353 litros,42 litros,114 mm,Disco ventilado,Tambor,"2,17 m²","0,694 m²","0,32",Elétrica,"9,2 m",,"Indep., McPherson",Mola helicoidal,Eixo de torção,630 km,496 km,15 km/l,"11,8 km/l",,5700 rpm,2800 rpm,,,,,,,,,,,,,,,,,,,,,,,Mecânicos,,,,,,,,,,,,,,,,,,,,
honda,Fit,fit,fit-s-1-5-2008,fit-s-1-5-2008,https://www.fichacompleta.com.br/carros/honda/fit-s-1-5-2008,2026-06-14T17:52:17.541964,Honda Fit S 1.5 2008,"10,7 s",175 km/h,,Injeção multiponto,Natural,1496 cm³,4 em linha,L15A,"Único no cabeçote, corrente","89,4 mm",73 mm,Transversal,Dianteiro,"10,0 kg/cv","73,9 kg/kgfm","70,2 cv/litro",105 cv a 5800 rpm,10:1,,,"9,5 kgfm/litro","14,2 kgfm a 4800 rpm",4,Embreagem monodisco a seco,Manual,,5,Dianteira,1525 mm,1460 mm,1445 mm,,3830 mm,2450 mm,1675 mm,1050 kg,353 litros,42 litros,114 mm,Disco ventilado,Tambor,"2,17 m²","0,694 m²",,Elétrica,,Não informado,"Independente, McPherson",Mola helicoidal,Eixo de torção,630 km,462 km,15 km/l,11 km/l,,,,,,,,Admissão,,,"0,32",,,,,,,,,,,,,,,Mecânicos,,,,,,,,,,,,,,,,,,,,
honda,Fit,fit,fit-s-1-5-at-2008,fit-s-1-5-at-2008,https://www.fichacompleta.com.br/carros/honda/fit-s-1-5-at-2008,2026-06-14T17:52:21.051880,Honda Fit S 1.5 AT 2008,"11,1 s",170 km/h,,Injeção multiponto,Natural,1496 cm³,4 em linha,L15A,"Único no cabeçote, corrente","89,4 mm",73 mm,Transversal,Dianteiro,"10,2 kg/cv","75,7 kg/kgfm","70,2 cv/litro",105 cv a 5800 rpm,10:1,,,"9,5 kgfm/litro","14,2 kgfm a 4800 rpm",4,Embreagem monodisco a seco,CVT,,0,Dianteira,1525 mm,1460 mm,1445 mm,,3830 mm,2450 mm,1675 mm,1075 kg,353 litros,42 litros,114 mm,Disco ventilado,Tambor,"2,17 m²","0,694 m²",,Elétrica,,"9,2 m","Independente, McPherson",Mola helicoidal,Eixo de torção,626 km,483 km,"14,9 km/l","11,5 km/l",,,,,,,,Admissão,,,"0,32",,,,,,,,,,,,,,,Mecânicos,,,,,,,,,,,,,,,,,,,,
honda,Fit,fit,fit-ex-1-5-2009,fit-ex-1-5-2009,https://www.fichacompleta.com.br/carros/honda/fit-ex-1-5-2009,2026-06-14T17:52:24.905608,Honda Fit EX 1.5 2009,"10,7 s",175 km/h,Corrente,Injeção multiponto,Natural,1496 cm³,4 em linha,L15A,Único no cabeçote,"89,4 mm",73 mm,Transversal,Dianteiro,"9,5 kg/cv","74,5 kg/kgfm","77,5 cv/litro",116 cv (A) 115 cv (G) a 6000 rpm,"10,4:1",6000 rpm,4800 rpm,"9,9 kgfm/litro","14,8 kgfm (A) 14,8 kgfm (G) a 4800 rpm",4,Embreagem monodisco a seco,Manual,5,5,Dianteira,1535 mm,,,,3900 mm,2500 mm,1695 mm,1103 kg,384 litros,42 litros,102 mm,Disco ventilado,Disco sólido,,,,Elétrica,Não informado,Não informado,"Indep., McPherson",Mola helicoidal,Eixo de torção,517 km,445 km,"12,3 km/l","10,6 km/l",,,,,,,,Admissão,,,,,,,6500 rpm,,,,,,,,,,,Mecânicos,349 km,302 km,"8,3 km/l","7,2 km/l",116 cv,115 cv,"14,8 kgfm","14,8 kgfm",,,,,,,,,,,,
honda,Fit,fit,fit-ex-1-5-at-2009,fit-ex-1-5-at-2009,https://www.fichacompleta.com.br/carros/honda/fit-ex-1-5-at-2009,2026-06-14T17:52:27.883155,Honda Fit EX 1.5 AT 2009,"13,5 s",170 km/h,Corrente,Injeção multiponto,Natural,1496 cm³,4 em linha,L15A,Único no cabeçote,"89,4 mm",73 mm,Transversal,Dianteiro,"9,8 kg/cv","77,1 kg/kgfm","77,5 cv/litro",,"10,4:1",6000 rpm,4800 rpm,"9,9 kgfm/litro",,4,Conversor de torque,Automático,5,,Dianteira,1535 mm,1490 mm,1475 mm,,3900 mm,2500 mm,1695 mm,1141 kg,384 litros,42 litros,102 mm,Disco ventilado,Disco sólido,,,,Elétrica,Não informado,,"Indep., McPherson",Mola helicoidal,Eixo de torção,525 km,441 km,"12,5 km/l","10,5 km/l",,,,,,,,Admissão,,,,,,,6500 rpm,,,,,,,,,,,Mecânicos,361 km,294 km,"8,6 km/l",7 km/l,116 cv,115 cv,"14,8 kgfm","14,8 kgfm",,,,,,,,,,,,
honda,Fit,fit,fit-exl-1-5-2009,fit-exl-1-5-2009,https://www.fichacompleta.com.br/carros/honda/fit-exl-1-5-2009,2026-06-14T17:52:32.150853,Honda Fit EXL 1.5 2009,"10,7 s",175 km/h,,Injeção multiponto,Natural,1496 cm³,4 em linha,L15A,"Único no cabeçote, corrente","89,4 mm",73 mm,Transversal,Dianteiro,"9,5 kg/cv","74,5 kg/kgfm","77,5 cv/litro",116 cv (A) 115 cv (G) a 6000 rpm,"10,4:1",,,"9,9 kgfm/litro","14,8 kgfm (A) 14,8 kgfm (G) a 4800 rpm",4,Embreagem monodisco a seco,Manual,,5,Dianteira,1535 mm,,,,3900 mm,2500 mm,1695 mm,1103 kg,384 litros,42 litros,102 mm,Disco ventilado,Disco sólido,,,,Elétrica,,Não informado,"Independente, McPherson",Mola helicoidal,Eixo de torção,517 km,445 km,"12,3 km/l","10,6 km/l",,,,,,,,Admissão,,,,,,,6500 rpm,,,,,,,,,,,Mecânicos,349 km,302 km,"8,3 km/l","7,2 km/l",,,,,,,,,,,,,,,,
honda,Fit,fit,fit-exl-1-5-at-2009,fit-exl-1-5-at-2009,https://www.fichacompleta.com.br/carros/honda/fit-exl-1-5-at-2009,2026-06-14T17:52:36.533466,Honda Fit EXL 1.5 AT 2009,"13,5 s",170 km/h,,Injeção multiponto,Natural,1496 cm³,4 em linha,L15A,"Único no cabeçote, corrente","89,4 mm",73 mm,Transversal,Dianteiro,"9,8 kg/cv","77,1 kg/kgfm","77,5 cv/litro",116 cv (A) 115 cv (G) a 6000 rpm,"10,4:1",,,"9,9 kgfm/litro","14,8 kgfm (A) 14,8 kgfm (G) a 4800 rpm",4,Conversor de torque,Automático,,5,Dianteira,1535 mm,1490 mm,1475 mm,,3900 mm,2500 mm,1695 mm,1141 kg,384 litros,42 litros,102 mm,Disco ventilado,Disco sólido,,,,Elétrica,,Não informado,"Independente, McPherson",Mola helicoidal,Eixo de torção,525 km,441 km,"12,5 km/l","10,5 km/l",,,,,,,,Admissão,,,,,,,6500 rpm,,,,,,,,,,,Mecânicos,361 km,294 km,"8,6 km/l",7 km/l,,,,,,,,,,,,,,,,
honda,Fit,fit,fit-lx-1-4-16v-2009,fit-lx-1-4-16v-2009,https://www.fichacompleta.com.br/carros/honda/fit-lx-1-4-16v-2009,2026-06-14T17:52:40.702071,Honda Fit LX 1.4 16V 2009,"13,1 s",165 km/h,Corrente,Injeção multiponto,Natural,1339 cm³,4 em linha,L13A i-VTEC,Único no cabeçote,80 mm,73 mm,Transversal,Dianteiro,"10,7 kg/cv","83,1 kg/kgfm","75,4 cv/litro",101 cv (A) 100 cv (G) a 6000 rpm,"10,5:1",6000 rpm,4800 rpm,"9,7 kgfm/litro",13 kgfm (A) 13 kgfm (G) a 4800 rpm,4,Embreagem monodisco a seco,Manual,5,5,Dianteira,1535 mm,,,,3900 mm,2500 mm,1695 mm,1080 kg,384 litros,42 litros,114 mm,Disco ventilado,Tambor,,,,Elétrica,Não informado,Não informado,"Indep., McPherson",Mola helicoidal,Eixo de torção,554 km,479 km,"13,2 km/l","11,4 km/l",,,,,,,,Admissão,,,,,,,6500 rpm,,,,,,,,,,,Mecânicos,365 km,319 km,"8,7 km/l","7,6 km/l",101 cv,100 cv,13 kgfm,13 kgfm,,,,,,,,,,,,
honda,Fit,fit,fit-lx-1-4-16v-at-2009,fit-lx-1-4-16v-at-2009,https://www.fichacompleta.com.br/carros/honda/fit-lx-1-4-16v-at-2009,2026-06-14T17:52:44.689101,Honda Fit LX 1.4 16V AT 2009,"14,5 s",160 km/h,,Injeção multiponto,Natural,1339 cm³,4 em linha,L13A i-VTEC,"Único no cabeçote, corrente",80 mm,73 mm,Transversal,Dianteiro,"11,0 kg/cv","85,8 kg/kgfm","75,4 cv/litro",101 cv (A) 100 cv (G) a 6000 rpm,"10,5:1",,,"9,7 kgfm/litro",13 kgfm (A) 13 kgfm (G) a 4800 rpm,4,Conversor de torque,Automático,,5,Dianteira,1535 mm,1490 mm,1475 mm,,3900 mm,2500 mm,1695 mm,1116 kg,384 litros,42 litros,114 mm,Disco ventilado,Tambor,,,,Elétrica,,Não informado,"Independente, McPherson",Mola helicoidal,Eixo de torção,542 km,454 km,"12,9 km/l","10,8 km/l",,,,,,,,Admissão,,,,,,,6500 rpm,,,,,,,,,,,Mecânicos,353 km,298 km,"8,4 km/l","7,1 km/l",,,,,,,,,,,,,,,,
honda,Fit,fit,fit-lxl-1-4-16v-2009,fit-lxl-1-4-16v-2009,https://www.fichacompleta.com.br/carros/honda/fit-lxl-1-4-16v-2009,2026-06-14T17:52:49.007983,Honda Fit LXL 1.4 16V 2009,"13,1 s",165 km/h,,Injeção multiponto,Natural,1339 cm³,4 em linha,L13A i-VTEC,"Único no cabeçote, corrente",80 mm,73 mm,Transversal,Dianteiro,"10,7 kg/cv","83,1 kg/kgfm","75,4 cv/litro",101 cv (A) 100 cv (G) a 6000 rpm,"10,5:1",,,"9,7 kgfm/litro",13 kgfm (A) 13 kgfm (G) a 4800 rpm,4,Embreagem monodisco a seco,Manual,,5,Dianteira,1535 mm,,,,3900 mm,2500 mm,1695 mm,1080 kg,384 litros,42 litros,114 mm,Disco ventilado,Disco sólido,,,,Elétrica,,Não informado,"Independente, McPherson",Mola helicoidal,Eixo de torção,554 km,479 km,"13,2 km/l","11,4 km/l",,,,,,,,Admissão,,,,,,,6500 rpm,,,,,,,,,,,Mecânicos,365 km,319 km,"8,7 km/l","7,6 km/l",,,,,,,,,,,,,,,,
honda,Fit,fit,fit-lxl-1-4-16v-at-2009,fit-lxl-1-4-16v-at-2009,https://www.fichacompleta.com.br/carros/honda/fit-lxl-1-4-16v-at-2009,2026-06-14T17:52:52.556241,Honda Fit LXL 1.4 16V AT 2009,"14,5 s",160 km/h,Corrente,Injeção multiponto,Natural,1339 cm³,4 em linha,L13A i-VTEC,Único no cabeçote,80 mm,73 mm,Transversal,Dianteiro,"11,0 kg/cv","85,8 kg/kgfm","75,4 cv/litro",101 cv (A) 100 cv (G) a 6000 rpm,"10,5:1",6000 rpm,4800 rpm,"9,7 kgfm/litro",13 kgfm (A) 13 kgfm (G) a 4800 rpm,4,Conversor de torque,Automático,5,5,Dianteira,1535 mm,1490 mm,1475 mm,,3900 mm,2500 mm,1695 mm,1116 kg,384 litros,42 litros,114 mm,Disco ventilado,Disco sólido,,,,Elétrica,Não informado,Não informado,"Indep., McPherson",Mola helicoidal,Eixo de torção,542 km,454 km,"12,9 km/l","10,8 km/l",,,,,,,,Admissão,,,,,,,6500 rpm,,,,,,,,,,,Mecânicos,353 km,298 km,"8,4 km/l","7,1 km/l",101 cv,100 cv,13 kgfm,13 kgfm,,,,,,,,,,,,
honda,Fit,fit,fit-ex-1-5-2010,fit-ex-1-5-2010,https://www.fichacompleta.com.br/carros/honda/fit-ex-1-5-2010,2026-06-14T17:52:54.931415,Honda Fit EX 1.5 2010,"10,7 s",175 km/h,,Injeção multiponto,Natural,1496 cm³,4 em linha,L15A,"Único no cabeçote, corrente","89,4 mm",73 mm,Transversal,Dianteiro,"9,5 kg/cv","74,5 kg/kgfm","77,5 cv/litro",116 cv (A) 115 cv (G) a 6000 rpm,"10,4:1",,,"9,9 kgfm/litro","14,8 kgfm (A) 14,8 kgfm (G) a 4800 rpm",4,Embreagem monodisco a seco,Manual,,5,Dianteira,1535 mm,,,,3900 mm,2500 mm,1695 mm,1103 kg,384 litros,42 litros,102 mm,Disco ventilado,Disco sólido,,,,Elétrica,,Não informado,"Independente, McPherson",Mola helicoidal,Eixo de torção,517 km,445 km,"12,3 km/l","10,6 km/l",,,,,,,,Admissão,,,,,,,6500 rpm,,,,,,,,,,,Mecânicos,349 km,302 km,"8,3 km/l","7,2 km/l",,,,,,,,,,,,,,,,
honda,Fit,fit,fit-ex-1-5-at-2010,fit-ex-1-5-at-2010,https://www.fichacompleta.com.br/carros/honda/fit-ex-1-5-at-2010,2026-06-14T17:52:57.473786,Honda Fit EX 1.5 AT 2010,"13,5 s",170 km/h,,Injeção multiponto,Natural,1496 cm³,4 em linha,L15A,"Único no cabeçote, corrente","89,4 mm",73 mm,Transversal,Dianteiro,"9,8 kg/cv","77,1 kg/kgfm","77,5 cv/litro",116 cv (A) 115 cv (G) a 6000 rpm,"10,4:1",,,"9,9 kgfm/litro","14,8 kgfm (A) 14,8 kgfm (G) a 4800 rpm",4,Conversor de torque,Automático,,5,Dianteira,1535 mm,1490 mm,1475 mm,,3900 mm,2500 mm,1695 mm,1141 kg,384 litros,42 litros,102 mm,Disco ventilado,Disco sólido,,,,Elétrica,,Não informado,"Independente, McPherson",Mola helicoidal,Eixo de torção,525 km,441 km,"12,5 km/l","10,5 km/l",,,,,,,,Admissão,,,,,,,6500 rpm,,,,,,,,,,,Mecânicos,361 km,294 km,"8,6 km/l",7 km/l,,,,,,,,,,,,,,,,
honda,Fit,fit,fit-exl-1-5-2010,fit-exl-1-5-2010,https://www.fichacompleta.com.br/carros/honda/fit-exl-1-5-2010,2026-06-14T17:53:00.619206,Honda Fit EXL 1.5 2010,"10,7 s",175 km/h,,Injeção multiponto,Natural,1496 cm³,4 em linha,L15A,"Único no cabeçote, corrente","89,4 mm",73 mm,Transversal,Dianteiro,"9,5 kg/cv","74,5 kg/kgfm","77,5 cv/litro",116 cv (A) 115 cv (G) a 6000 rpm,"10,4:1",,,"9,9 kgfm/litro","14,8 kgfm (A) 14,8 kgfm (G) a 4800 rpm",4,Embreagem monodisco a seco,Manual,,5,Dianteira,1535 mm,,,,3900 mm,2500 mm,1695 mm,1103 kg,384 litros,42 litros,102 mm,Disco ventilado,Disco sólido,,,,Elétrica,,Não informado,"Independente, McPherson",Mola helicoidal,Eixo de torção,517 km,445 km,"12,3 km/l","10,6 km/l",,,,,,,,Admissão,,,,,,,6500 rpm,,,,,,,,,,,Mecânicos,349 km,302 km,"8,3 km/l","7,2 km/l",,,,,,,,,,,,,,,,
honda,Fit,fit,fit-exl-1-5-at-2010,fit-exl-1-5-at-2010,https://www.fichacompleta.com.br/carros/honda/fit-exl-1-5-at-2010,2026-06-14T17:53:05.323417,Honda Fit EXL 1.5 AT 2010,"13,5 s",170 km/h,,Injeção multiponto,Natural,1496 cm³,4 em linha,L15A,"Único no cabeçote, corrente","89,4 mm",73 mm,Transversal,Dianteiro,"9,8 kg/cv","77,1 kg/kgfm","77,5 cv/litro",116 cv (A) 115 cv (G) a 6000 rpm,"10,4:1",,,"9,9 kgfm/litro","14,8 kgfm (A) 14,8 kgfm (G) a 4800 rpm",4,Conversor de torque,Automático,,5,Dianteira,1535 mm,1490 mm,1475 mm,,3900 mm,2500 mm,1695 mm,1141 kg,384 litros,42 litros,102 mm,Disco ventilado,Disco sólido,,,,Elétrica,,Não informado,"Independente, McPherson",Mola helicoidal,Eixo de torção,525 km,441 km,"12,5 km/l","10,5 km/l",,,,,,,,Admissão,,,,,,,6500 rpm,,,,,,,,,,,Mecânicos,361 km,294 km,"8,6 km/l",7 km/l,,,,,,,,,,,,,,,,
honda,Fit,fit,fit-lx-1-4-16v-2010,fit-lx-1-4-16v-2010,https://www.fichacompleta.com.br/carros/honda/fit-lx-1-4-16v-2010,2026-06-14T17:53:08.373002,Honda Fit LX 1.4 16V 2010,"13,1 s",165 km/h,,Injeção multiponto,Natural,1339 cm³,4 em linha,L13A i-VTEC,"Único no cabeçote, corrente",80 mm,73 mm,Transversal,Dianteiro,"10,7 kg/cv","83,1 kg/kgfm","75,4 cv/litro",101 cv (A) 100 cv (G) a 6000 rpm,"10,5:1",,,"9,7 kgfm/litro",13 kgfm (A) 13 kgfm (G) a 4800 rpm,4,Embreagem monodisco a seco,Manual,,5,Dianteira,1535 mm,,,,3900 mm,2500 mm,1695 mm,1080 kg,384 litros,42 litros,114 mm,Disco ventilado,Tambor,,,,Elétrica,,Não informado,"Independente, McPherson",Mola helicoidal,Eixo de torção,554 km,479 km,"13,2 km/l","11,4 km/l",,,,,,,,Admissão,,,,,,,6500 rpm,,,,,,,,,,,Mecânicos,365 km,319 km,"8,7 km/l","7,6 km/l",,,,,,,,,,,,,,,,
honda,Fit,fit,fit-lx-1-4-16v-at-2010,fit-lx-1-4-16v-at-2010,https://www.fichacompleta.com.br/carros/honda/fit-lx-1-4-16v-at-2010,2026-06-14T17:53:11.414779,Honda Fit LX 1.4 16V AT 2010,"14,5 s",160 km/h,,Injeção multiponto,Natural,1339 cm³,4 em linha,L13A i-VTEC,"Único no cabeçote, corrente",80 mm,73 mm,Transversal,Dianteiro,"11,0 kg/cv","85,8 kg/kgfm","75,4 cv/litro",101 cv (A) 100 cv (G) a 6000 rpm,"10,5:1",,,"9,7 kgfm/litro",13 kgfm (A) 13 kgfm (G) a 4800 rpm,4,Conversor de torque,Automático,,5,Dianteira,1535 mm,1490 mm,1475 mm,,3900 mm,2500 mm,1695 mm,1116 kg,384 litros,42 litros,114 mm,Disco ventilado,Tambor,,,,Elétrica,,Não informado,"Independente, McPherson",Mola helicoidal,Eixo de torção,542 km,454 km,"12,9 km/l","10,8 km/l",,,,,,,,Admissão,,,,,,,6500 rpm,,,,,,,,,,,Mecânicos,353 km,298 km,"8,4 km/l","7,1 km/l",,,,,,,,,,,,,,,,
honda,Fit,fit,fit-lxl-1-4-16v-2010,fit-lxl-1-4-16v-2010,https://www.fichacompleta.com.br/carros/honda/fit-lxl-1-4-16v-2010,2026-06-14T17:53:16.411095,Honda Fit LXL 1.4 16V 2010,"13,1 s",165 km/h,,Injeção multiponto,Natural,1339 cm³,4 em linha,L13A i-VTEC,"Único no cabeçote, corrente",80 mm,73 mm,Transversal,Dianteiro,"10,7 kg/cv","83,1 kg/kgfm","75,4 cv/litro",101 cv (A) 100 cv (G) a 6000 rpm,"10,5:1",,,"9,7 kgfm/litro",13 kgfm (A) 13 kgfm (G) a 4800 rpm,4,Embreagem monodisco a seco,Manual,,5,Dianteira,1535 mm,,,,3900 mm,2500 mm,1695 mm,1080 kg,384 litros,42 litros,114 mm,Disco ventilado,Disco sólido,,,,Elétrica,,Não informado,"Independente, McPherson",Mola helicoidal,Eixo de torção,554 km,479 km,"13,2 km/l","11,4 km/l",,,,,,,,Admissão,,,,,,,6500 rpm,,,,,,,,,,,Mecânicos,365 km,319 km,"8,7 km/l","7,6 km/l",,,,,,,,,,,,,,,,
honda,Fit,fit,fit-lxl-1-4-16v-at-2010,fit-lxl-1-4-16v-at-2010,https://www.fichacompleta.com.br/carros/honda/fit-lxl-1-4-16v-at-2010,2026-06-14T17:53:21.413133,Honda Fit LXL 1.4 16V AT 2010,"14,5 s",160 km/h,,Injeção multiponto,Natural,1339 cm³,4 em linha,L13A i-VTEC,"Único no cabeçote, corrente",80 mm,73 mm,Transversal,Dianteiro,"11,0 kg/cv","85,8 kg/kgfm","75,4 cv/litro",101 cv (A) 100 cv (G) a 6000 rpm,"10,5:1",,,"9,7 kgfm/litro",13 kgfm (A) 13 kgfm (G) a 4800 rpm,4,Conversor de torque,Automático,,5,Dianteira,1535 mm,1490 mm,1475 mm,,3900 mm,2500 mm,1695 mm,1116 kg,384 litros,42 litros,114 mm,Disco ventilado,Disco sólido,,,,Elétrica,,Não informado,"Independente, McPherson",Mola helicoidal,Eixo de torção,542 km,454 km,"12,9 km/l","10,8 km/l",,,,,,,,Admissão,,,,,,,6500 rpm,,,,,,,,,,,Mecânicos,353 km,298 km,"8,4 km/l","7,1 km/l",,,,,,,,,,,,,,,,
honda,Fit,fit,fit-dx-1-4-2011,fit-dx-1-4-2011,https://www.fichacompleta.com.br/carros/honda/fit-dx-1-4-2011,2026-06-14T17:53:24.963673,Honda Fit DX 1.4 2011,"13,1 s",165 km/h,,Injeção multiponto,Natural,1339 cm³,4 em linha,L13A i-VTEC,"Único no cabeçote, corrente",80 mm,73 mm,Transversal,Dianteiro,"10,7 kg/cv","83,1 kg/kgfm","75,4 cv/litro",101 cv (A) 100 cv (G) a 6000 rpm,"10,5:1",,,"9,7 kgfm/litro",13 kgfm (A) 13 kgfm (G) a 4800 rpm,4,Embreagem monodisco a seco,Manual,,5,Dianteira,1535 mm,,,,3900 mm,2500 mm,1695 mm,1080 kg,384 litros,42 litros,114 mm,Disco ventilado,Tambor,,,,Elétrica,,Não informado,"Independente, McPherson",Mola helicoidal,Eixo de torção,554 km,479 km,"13,2 km/l","11,4 km/l",,,,,,,,Admissão,,,,,,,6500 rpm,,,,,,,,,,,Mecânicos,365 km,319 km,"8,7 km/l","7,6 km/l",,,,,,,,,,,,,,,,
honda,Fit,fit,fit-dx-1-4-at-2011,fit-dx-1-4-at-2011,https://www.fichacompleta.com.br/carros/honda/fit-dx-1-4-at-2011,2026-06-14T17:53:29.443269,Honda Fit DX 1.4 AT 2011,"14,5 s",160 km/h,,Injeção multiponto,Natural,1339 cm³,4 em linha,L13A i-VTEC,"Único no cabeçote, corrente",80 mm,73 mm,Transversal,Dianteiro,"11,0 kg/cv","85,8 kg/kgfm","75,4 cv/litro",101 cv (A) 100 cv (G) a 6000 rpm,"10,5:1",,,"9,7 kgfm/litro",13 kgfm (A) 13 kgfm (G) a 4800 rpm,4,Conversor de torque,Automático,,5,Dianteira,1535 mm,1490 mm,1475 mm,,3900 mm,2500 mm,1695 mm,1116 kg,384 litros,42 litros,114 mm,Disco ventilado,Tambor,,,,Elétrica,,Não informado,"Independente, McPherson",Mola helicoidal,Eixo de torção,542 km,454 km,"12,9 km/l","10,8 km/l",,,,,,,,Admissão,,,,,,,6500 rpm,,,,,,,,,,,Mecânicos,353 km,298 km,"8,4 km/l","7,1 km/l",,,,,,,,,,,,,,,,
honda,Fit,fit,fit-ex-1-5-2011,fit-ex-1-5-2011,https://www.fichacompleta.com.br/carros/honda/fit-ex-1-5-2011,2026-06-14T17:53:34.205973,Honda Fit EX 1.5 2011,"10,7 s",175 km/h,,Injeção multiponto,Natural,1496 cm³,4 em linha,L15A,"Único no cabeçote, corrente","89,4 mm",73 mm,Transversal,Dianteiro,"9,5 kg/cv","74,5 kg/kgfm","77,5 cv/litro",116 cv (A) 115 cv (G) a 6000 rpm,"10,4:1",,,"9,9 kgfm/litro","14,8 kgfm (A) 14,8 kgfm (G) a 4800 rpm",4,Embreagem monodisco a seco,Manual,,5,Dianteira,1535 mm,,,,3900 mm,2500 mm,1695 mm,1103 kg,384 litros,42 litros,102 mm,Disco ventilado,Disco sólido,,,,Elétrica,,Não informado,"Independente, McPherson",Mola helicoidal,Eixo de torção,517 km,445 km,"12,3 km/l","10,6 km/l",,,,,,,,Admissão,,,,,,,6500 rpm,,,,,,,,,,,Mecânicos,349 km,302 km,"8,3 km/l","7,2 km/l",,,,,,,,,,,,,,,,
honda,Fit,fit,fit-ex-1-5-at-2011,fit-ex-1-5-at-2011,https://www.fichacompleta.com.br/carros/honda/fit-ex-1-5-at-2011,2026-06-14T17:53:38.247469,Honda Fit EX 1.5 AT 2011,"13,5 s",170 km/h,,Injeção multiponto,Natural,1496 cm³,4 em linha,L15A,"Único no cabeçote, corrente","89,4 mm",73 mm,Transversal,Dianteiro,"9,8 kg/cv","77,1 kg/kgfm","77,5 cv/litro",116 cv (A) 115 cv (G) a 6000 rpm,"10,4:1",,,"9,9 kgfm/litro","14,8 kgfm (A) 14,8 kgfm (G) a 4800 rpm",4,Conversor de torque,Automático,,5,Dianteira,1535 mm,1490 mm,1475 mm,,3900 mm,2500 mm,1695 mm,1141 kg,384 litros,42 litros,102 mm,Disco ventilado,Disco sólido,,,,Elétrica,,Não informado,"Independente, McPherson",Mola helicoidal,Eixo de torção,525 km,441 km,"12,5 km/l","10,5 km/l",,,,,,,,Admissão,,,,,,,6500 rpm,,,,,,,,,,,Mecânicos,361 km,294 km,"8,6 km/l",7 km/l,,,,,,,,,,,,,,,,
honda,Fit,fit,fit-exl-1-5-2011,fit-exl-1-5-2011,https://www.fichacompleta.com.br/carros/honda/fit-exl-1-5-2011,2026-06-14T17:53:42.118219,Honda Fit EXL 1.5 2011,"10,7 s",175 km/h,,Injeção multiponto,Natural,1496 cm³,4 em linha,L15A,"Único no cabeçote, corrente","89,4 mm",73 mm,Transversal,Dianteiro,"9,5 kg/cv","74,5 kg/kgfm","77,5 cv/litro",116 cv (A) 115 cv (G) a 6000 rpm,"10,4:1",,,"9,9 kgfm/litro","14,8 kgfm (A) 14,8 kgfm (G) a 4800 rpm",4,Embreagem monodisco a seco,Manual,,5,Dianteira,1535 mm,,,,3900 mm,2500 mm,1695 mm,1103 kg,384 litros,42 litros,102 mm,Disco ventilado,Disco sólido,,,,Elétrica,,Não informado,"Independente, McPherson",Mola helicoidal,Eixo de torção,517 km,445 km,"12,3 km/l","10,6 km/l",,,,,,,,Admissão,,,,,,,6500 rpm,,,,,,,,,,,Mecânicos,349 km,302 km,"8,3 km/l","7,2 km/l",,,,,,,,,,,,,,,,
honda,Fit,fit,fit-exl-1-5-at-2011,fit-exl-1-5-at-2011,https://www.fichacompleta.com.br/carros/honda/fit-exl-1-5-at-2011,2026-06-14T17:53:45.128208,Honda Fit EXL 1.5 AT 2011,"13,5 s",170 km/h,,Injeção multiponto,Natural,1496 cm³,4 em linha,L15A,"Único no cabeçote, corrente","89,4 mm",73 mm,Transversal,Dianteiro,"9,8 kg/cv","77,1 kg/kgfm","77,5 cv/litro",116 cv (A) 115 cv (G) a 6000 rpm,"10,4:1",,,"9,9 kgfm/litro","14,8 kgfm (A) 14,8 kgfm (G) a 4800 rpm",4,Conversor de torque,Automático,,5,Dianteira,1535 mm,1490 mm,1475 mm,,3900 mm,2500 mm,1695 mm,1141 kg,384 litros,42 litros,102 mm,Disco ventilado,Disco sólido,,,,Elétrica,,Não informado,"Independente, McPherson",Mola helicoidal,Eixo de torção,525 km,441 km,"12,5 km/l","10,5 km/l",,,,,,,,Admissão,,,,,,,6500 rpm,,,,,,,,,,,Mecânicos,361 km,294 km,"8,6 km/l",7 km/l,,,,,,,,,,,,,,,,
honda,Fit,fit,fit-lx-1-4-16v-2011,fit-lx-1-4-16v-2011,https://www.fichacompleta.com.br/carros/honda/fit-lx-1-4-16v-2011,2026-06-14T17:53:48.488261,Honda Fit LX 1.4 16V 2011,"13,1 s",165 km/h,,Injeção multiponto,Natural,1339 cm³,4 em linha,L13A i-VTEC,"Único no cabeçote, corrente",80 mm,73 mm,Transversal,Dianteiro,"10,7 kg/cv","83,1 kg/kgfm","75,4 cv/litro",101 cv (A) 100 cv (G) a 6000 rpm,"10,5:1",,,"9,7 kgfm/litro",13 kgfm (A) 13 kgfm (G) a 4800 rpm,4,Embreagem monodisco a seco,Manual,,5,Dianteira,1535 mm,,,,3900 mm,2500 mm,1695 mm,1080 kg,384 litros,42 litros,114 mm,Disco ventilado,Tambor,,,,Elétrica,,Não informado,"Independente, McPherson",Mola helicoidal,Eixo de torção,554 km,479 km,"13,2 km/l","11,4 km/l",,,,,,,,Admissão,,,,,,,6500 rpm,,,,,,,,,,,Mecânicos,365 km,319 km,"8,7 km/l","7,6 km/l",,,,,,,,,,,,,,,,
honda,Fit,fit,fit-lx-1-4-16v-at-2011,fit-lx-1-4-16v-at-2011,https://www.fichacompleta.com.br/carros/honda/fit-lx-1-4-16v-at-2011,2026-06-14T17:53:51.655043,Honda Fit LX 1.4 16V AT 2011,"14,5 s",160 km/h,,Injeção multiponto,Natural,1339 cm³,4 em linha,L13A i-VTEC,"Único no cabeçote, corrente",80 mm,73 mm,Transversal,Dianteiro,"11,0 kg/cv","85,8 kg/kgfm","75,4 cv/litro",101 cv (A) 100 cv (G) a 6000 rpm,"10,5:1",,,"9,7 kgfm/litro",13 kgfm (A) 13 kgfm (G) a 4800 rpm,4,Conversor de torque,Automático,,5,Dianteira,1535 mm,1490 mm,1475 mm,,3900 mm,2500 mm,1695 mm,1116 kg,384 litros,42 litros,114 mm,Disco ventilado,Tambor,,,,Elétrica,,Não informado,"Independente, McPherson",Mola helicoidal,Eixo de torção,542 km,454 km,"12,9 km/l","10,8 km/l",,,,,,,,Admissão,,,,,,,6500 rpm,,,,,,,,,,,Mecânicos,353 km,298 km,"8,4 km/l","7,1 km/l",,,,,,,,,,,,,,,,
honda,Fit,fit,fit-lxl-1-4-16v-2011,fit-lxl-1-4-16v-2011,https://www.fichacompleta.com.br/carros/honda/fit-lxl-1-4-16v-2011,2026-06-14T17:53:56.014109,Honda Fit LXL 1.4 16V 2011,"13,1 s",165 km/h,,Injeção multiponto,Natural,1339 cm³,4 em linha,L13A i-VTEC,"Único no cabeçote, corrente",80 mm,73 mm,Transversal,Dianteiro,"10,7 kg/cv","83,1 kg/kgfm","75,4 cv/litro",101 cv (A) 100 cv (G) a 6000 rpm,"10,5:1",,,"9,7 kgfm/litro",13 kgfm (A) 13 kgfm (G) a 4800 rpm,4,Embreagem monodisco a seco,Manual,,5,Dianteira,1535 mm,,,,3900 mm,2500 mm,1695 mm,1080 kg,384 litros,42 litros,114 mm,Disco ventilado,Disco sólido,,,,Elétrica,,Não informado,"Independente, McPherson",Mola helicoidal,Eixo de torção,554 km,479 km,"13,2 km/l","11,4 km/l",,,,,,,,Admissão,,,,,,,6500 rpm,,,,,,,,,,,Mecânicos,365 km,319 km,"8,7 km/l","7,6 km/l",,,,,,,,,,,,,,,,
honda,Fit,fit,fit-lxl-1-4-16v-at-2011,fit-lxl-1-4-16v-at-2011,https://www.fichacompleta.com.br/carros/honda/fit-lxl-1-4-16v-at-2011,2026-06-14T17:53:58.970281,Honda Fit LXL 1.4 16V AT 2011,"14,5 s",160 km/h,,Injeção multiponto,Natural,1339 cm³,4 em linha,L13A i-VTEC,"Único no cabeçote, corrente",80 mm,73 mm,Transversal,Dianteiro,"11,0 kg/cv","85,8 kg/kgfm","75,4 cv/litro",101 cv (A) 100 cv (G) a 6000 rpm,"10,5:1",,,"9,7 kgfm/litro",13 kgfm (A) 13 kgfm (G) a 4800 rpm,4,Conversor de torque,Automático,,5,Dianteira,1535 mm,1490 mm,1475 mm,,3900 mm,2500 mm,1695 mm,1116 kg,384 litros,42 litros,114 mm,Disco ventilado,Disco sólido,,,,Elétrica,,Não informado,"Independente, McPherson",Mola helicoidal,Eixo de torção,542 km,454 km,"12,9 km/l","10,8 km/l",,,,,,,,Admissão,,,,,,,6500 rpm,,,,,,,,,,,Mecânicos,353 km,298 km,"8,4 km/l","7,1 km/l",,,,,,,,,,,,,,,,
honda,Fit,fit,fit-dx-1-4-2012,fit-dx-1-4-2012,https://www.fichacompleta.com.br/carros/honda/fit-dx-1-4-2012,2026-06-14T17:54:01.587234,Honda Fit DX 1.4 2012,"13,1 s",165 km/h,,Injeção multiponto,Natural,1339 cm³,4 em linha,L13A i-VTEC,"Único no cabeçote, corrente",80 mm,73 mm,Transversal,Dianteiro,"10,7 kg/cv","83,1 kg/kgfm","75,4 cv/litro",101 cv (A) 100 cv (G) a 6000 rpm,"10,5:1",,,"9,7 kgfm/litro",13 kgfm (A) 13 kgfm (G) a 4800 rpm,4,Embreagem monodisco a seco,Manual,,5,Dianteira,1535 mm,,,,3900 mm,2500 mm,1695 mm,1080 kg,384 litros,42 litros,114 mm,Disco ventilado,Tambor,,,,Elétrica,,Não informado,"Independente, McPherson",Mola helicoidal,Eixo de torção,554 km,479 km,"13,2 km/l","11,4 km/l",,,,,,,,Admissão,,,,,,,6500 rpm,,,,,,,,,,,Mecânicos,365 km,319 km,"8,7 km/l","7,6 km/l",,,,,,,,,,,,,,,,
honda,Fit,fit,fit-dx-1-4-at-2012,fit-dx-1-4-at-2012,https://www.fichacompleta.com.br/carros/honda/fit-dx-1-4-at-2012,2026-06-14T17:54:05.380006,Honda Fit DX 1.4 AT 2012,"14,5 s",160 km/h,,Injeção multiponto,Natural,1339 cm³,4 em linha,L13A i-VTEC,"Único no cabeçote, corrente",80 mm,73 mm,Transversal,Dianteiro,"11,0 kg/cv","85,8 kg/kgfm","75,4 cv/litro",101 cv (A) 100 cv (G) a 6000 rpm,"10,5:1",,,"9,7 kgfm/litro",13 kgfm (A) 13 kgfm (G) a 4800 rpm,4,Conversor de torque,Automático,,5,Dianteira,1535 mm,1490 mm,1475 mm,,3900 mm,2500 mm,1695 mm,1116 kg,384 litros,42 litros,114 mm,Disco ventilado,Tambor,,,,Elétrica,,Não informado,"Independente, McPherson",Mola helicoidal,Eixo de torção,542 km,454 km,"12,9 km/l","10,8 km/l",,,,,,,,Admissão,,,,,,,6500 rpm,,,,,,,,,,,Mecânicos,353 km,298 km,"8,4 km/l","7,1 km/l",,,,,,,,,,,,,,,,
honda,Fit,fit,fit-ex-1-5-2012,fit-ex-1-5-2012,https://www.fichacompleta.com.br/carros/honda/fit-ex-1-5-2012,2026-06-14T17:54:09.115588,Honda Fit EX 1.5 2012,"10,7 s",175 km/h,,Injeção multiponto,Natural,1496 cm³,4 em linha,L15A,"Único no cabeçote, corrente","89,4 mm",73 mm,Transversal,Dianteiro,"9,5 kg/cv","74,5 kg/kgfm","77,5 cv/litro",116 cv (A) 115 cv (G) a 6000 rpm,"10,4:1",,,"9,9 kgfm/litro","14,8 kgfm (A) 14,8 kgfm (G) a 4800 rpm",4,Embreagem monodisco a seco,Manual,,5,Dianteira,1535 mm,,,,3900 mm,2500 mm,1695 mm,1103 kg,384 litros,42 litros,102 mm,Disco ventilado,Disco sólido,,,,Elétrica,,Não informado,"Independente, McPherson",Mola helicoidal,Eixo de torção,517 km,445 km,"12,3 km/l","10,6 km/l",,,,,,,,Admissão,,,,,,,6500 rpm,,,,,,,,,,,Mecânicos,349 km,302 km,"8,3 km/l","7,2 km/l",,,,,,,,,,,,,,,,
honda,Fit,fit,fit-ex-1-5-at-2012,fit-ex-1-5-at-2012,https://www.fichacompleta.com.br/carros/honda/fit-ex-1-5-at-2012,2026-06-14T17:54:13.904489,Honda Fit EX 1.5 AT 2012,"13,5 s",170 km/h,,Injeção multiponto,Natural,1496 cm³,4 em linha,L15A,"Único no cabeçote, corrente","89,4 mm",73 mm,Transversal,Dianteiro,"9,8 kg/cv","77,1 kg/kgfm","77,5 cv/litro",116 cv (A) 115 cv (G) a 6000 rpm,"10,4:1",,,"9,9 kgfm/litro","14,8 kgfm (A) 14,8 kgfm (G) a 4800 rpm",4,Conversor de torque,Automático,,5,Dianteira,1535 mm,1490 mm,1475 mm,,3900 mm,2500 mm,1695 mm,1141 kg,384 litros,42 litros,102 mm,Disco ventilado,Disco sólido,,,,Elétrica,,Não informado,"Independente, McPherson",Mola helicoidal,Eixo de torção,525 km,441 km,"12,5 km/l","10,5 km/l",,,,,,,,Admissão,,,,,,,6500 rpm,,,,,,,,,,,Mecânicos,361 km,294 km,"8,6 km/l",7 km/l,,,,,,,,,,,,,,,,
honda,Fit,fit,fit-exl-1-5-2012,fit-exl-1-5-2012,https://www.fichacompleta.com.br/carros/honda/fit-exl-1-5-2012,2026-06-14T17:54:17.190467,Honda Fit EXL 1.5 2012,"10,7 s",175 km/h,,Injeção multiponto,Natural,1496 cm³,4 em linha,L15A,"Único no cabeçote, corrente","89,4 mm",73 mm,Transversal,Dianteiro,"9,5 kg/cv","74,5 kg/kgfm","77,5 cv/litro",116 cv (A) 115 cv (G) a 6000 rpm,"10,4:1",,,"9,9 kgfm/litro","14,8 kgfm (A) 14,8 kgfm (G) a 4800 rpm",4,Embreagem monodisco a seco,Manual,,5,Dianteira,1535 mm,,,,3900 mm,2500 mm,1695 mm,1103 kg,384 litros,42 litros,102 mm,Disco ventilado,Disco sólido,,,,Elétrica,,Não informado,"Independente, McPherson",Mola helicoidal,Eixo de torção,517 km,445 km,"12,3 km/l","10,6 km/l",,,,,,,,Admissão,,,,,,,6500 rpm,,,,,,,,,,,Mecânicos,349 km,302 km,"8,3 km/l","7,2 km/l",,,,,,,,,,,,,,,,
honda,Fit,fit,fit-exl-1-5-at-2012,fit-exl-1-5-at-2012,https://www.fichacompleta.com.br/carros/honda/fit-exl-1-5-at-2012,2026-06-14T17:54:19.603248,Honda Fit EXL 1.5 AT 2012,"13,5 s",170 km/h,,Injeção multiponto,Natural,1496 cm³,4 em linha,L15A,"Único no cabeçote, corrente","89,4 mm",73 mm,Transversal,Dianteiro,"9,8 kg/cv","77,1 kg/kgfm","77,5 cv/litro",116 cv (A) 115 cv (G) a 6000 rpm,"10,4:1",,,"9,9 kgfm/litro","14,8 kgfm (A) 14,8 kgfm (G) a 4800 rpm",4,Conversor de torque,Automático,,5,Dianteira,1535 mm,1490 mm,1475 mm,,3900 mm,2500 mm,1695 mm,1141 kg,384 litros,42 litros,102 mm,Disco ventilado,Disco sólido,,,,Elétrica,,Não informado,"Independente, McPherson",Mola helicoidal,Eixo de torção,525 km,441 km,"12,5 km/l","10,5 km/l",,,,,,,,Admissão,,,,,,,6500 rpm,,,,,,,,,,,Mecânicos,361 km,294 km,"8,6 km/l",7 km/l,,,,,,,,,,,,,,,,
honda,Fit,fit,fit-lx-1-4-16v-2012,fit-lx-1-4-16v-2012,https://www.fichacompleta.com.br/carros/honda/fit-lx-1-4-16v-2012,2026-06-14T17:54:23.371680,Honda Fit LX 1.4 16V 2012,"13,1 s",165 km/h,,Injeção multiponto,Natural,1339 cm³,4 em linha,L13A i-VTEC,"Único no cabeçote, corrente",80 mm,73 mm,Transversal,Dianteiro,"10,7 kg/cv","83,1 kg/kgfm","75,4 cv/litro",101 cv (A) 100 cv (G) a 6000 rpm,"10,5:1",,,"9,7 kgfm/litro",13 kgfm (A) 13 kgfm (G) a 4800 rpm,4,Embreagem monodisco a seco,Manual,,5,Dianteira,1535 mm,,,,3900 mm,2500 mm,1695 mm,1080 kg,384 litros,42 litros,114 mm,Disco ventilado,Tambor,,,,Elétrica,,Não informado,"Independente, McPherson",Mola helicoidal,Eixo de torção,554 km,479 km,"13,2 km/l","11,4 km/l",,,,,,,,Admissão,,,,,,,6500 rpm,,,,,,,,,,,Mecânicos,365 km,319 km,"8,7 km/l","7,6 km/l",,,,,,,,,,,,,,,,
honda,Fit,fit,fit-lx-1-4-16v-at-2012,fit-lx-1-4-16v-at-2012,https://www.fichacompleta.com.br/carros/honda/fit-lx-1-4-16v-at-2012,2026-06-14T17:54:26.469423,Honda Fit LX 1.4 16V AT 2012,"14,5 s",160 km/h,,Injeção multiponto,Natural,1339 cm³,4 em linha,L13A i-VTEC,"Único no cabeçote, corrente",80 mm,73 mm,Transversal,Dianteiro,"11,0 kg/cv","85,8 kg/kgfm","75,4 cv/litro",101 cv (A) 100 cv (G) a 6000 rpm,"10,5:1",,,"9,7 kgfm/litro",13 kgfm (A) 13 kgfm (G) a 4800 rpm,4,Conversor de torque,Automático,,5,Dianteira,1535 mm,1490 mm,1475 mm,,3900 mm,2500 mm,1695 mm,1116 kg,384 litros,42 litros,114 mm,Disco ventilado,Tambor,,,,Elétrica,,Não informado,"Independente, McPherson",Mola helicoidal,Eixo de torção,542 km,454 km,"12,9 km/l","10,8 km/l",,,,,,,,Admissão,,,,,,,6500 rpm,,,,,,,,,,,Mecânicos,353 km,298 km,"8,4 km/l","7,1 km/l",,,,,,,,,,,,,,,,
honda,Fit,fit,fit-lxl-1-4-16v-2012,fit-lxl-1-4-16v-2012,https://www.fichacompleta.com.br/carros/honda/fit-lxl-1-4-16v-2012,2026-06-14T17:54:30.948741,Honda Fit LXL 1.4 16V 2012,"13,1 s",165 km/h,,Injeção multiponto,Natural,1339 cm³,4 em linha,L13A i-VTEC,"Único no cabeçote, corrente",80 mm,73 mm,Transversal,Dianteiro,"10,7 kg/cv","83,1 kg/kgfm","75,4 cv/litro",101 cv (A) 100 cv (G) a 6000 rpm,"10,5:1",,,"9,7 kgfm/litro",13 kgfm (A) 13 kgfm (G) a 4800 rpm,4,Embreagem monodisco a seco,Manual,,5,Dianteira,1535 mm,,,,3900 mm,2500 mm,1695 mm,1080 kg,384 litros,42 litros,114 mm,Disco ventilado,Disco sólido,,,,Elétrica,,Não informado,"Independente, McPherson",Mola helicoidal,Eixo de torção,554 km,479 km,"13,2 km/l","11,4 km/l",,,,,,,,Admissão,,,,,,,6500 rpm,,,,,,,,,,,Mecânicos,365 km,319 km,"8,7 km/l","7,6 km/l",,,,,,,,,,,,,,,,
honda,Fit,fit,fit-lxl-1-4-16v-at-2012,fit-lxl-1-4-16v-at-2012,https://www.fichacompleta.com.br/carros/honda/fit-lxl-1-4-16v-at-2012,2026-06-14T17:54:34.301018,Honda Fit LXL 1.4 16V AT 2012,"14,5 s",160 km/h,,Injeção multiponto,Natural,1339 cm³,4 em linha,L13A i-VTEC,"Único no cabeçote, corrente",80 mm,73 mm,Transversal,Dianteiro,"11,0 kg/cv","85,8 kg/kgfm","75,4 cv/litro",101 cv (A) 100 cv (G) a 6000 rpm,"10,5:1",,,"9,7 kgfm/litro",13 kgfm (A) 13 kgfm (G) a 4800 rpm,4,Conversor de torque,Automático,,5,Dianteira,1535 mm,1490 mm,1475 mm,,3900 mm,2500 mm,1695 mm,1116 kg,384 litros,42 litros,114 mm,Disco ventilado,Disco sólido,,,,Elétrica,,Não informado,"Independente, McPherson",Mola helicoidal,Eixo de torção,542 km,454 km,"12,9 km/l","10,8 km/l",,,,,,,,Admissão,,,,,,,6500 rpm,,,,,,,,,,,Mecânicos,353 km,298 km,"8,4 km/l","7,1 km/l",,,,,,,,,,,,,,,,
honda,Fit,fit,fit-dx-1-4-2013,fit-dx-1-4-2013,https://www.fichacompleta.com.br/carros/honda/fit-dx-1-4-2013,2026-06-14T17:54:39.073134,Honda Fit DX 1.4 2013,13 s,177 km/h,Corrente,Injeção multiponto,Natural,1339 cm³,4 em linha,L13A i-VTEC,Único no cabeçote,80 mm,73 mm,Transversal,Dianteiro,"10,9 kg/cv","84,3 kg/kgfm","75,4 cv/litro",101 cv (A) 100 cv (G) a 6000 rpm,"10,5:1",6000 rpm,4800 rpm,"9,7 kgfm/litro",13 kgfm (A) 13 kgfm (G) a 4800 rpm,4,Embreagem monodisco a seco,Manual,5,5,Dianteira,1535 mm,1474 mm,1459 mm,374 kg,3900 mm,2500 mm,1695 mm,1096 kg,384 litros,47 litros,114 mm,Disco ventilado,Tambor,,,,Elétrica,Não informado,Não informado,"Indep., McPherson",Mola helicoidal,Eixo de torção,625 km,555 km,"13,3 km/l","11,8 km/l",,,,,,,,Admissão,,,,,,,6500 rpm,,,,,,,,,,,Mecânicos,432 km,381 km,"9,2 km/l","8,1 km/l",101 cv,100 cv,13 kgfm,13 kgfm,,,,,,,,,,,,
honda,Fit,fit,fit-ex-1-5-2013,fit-ex-1-5-2013,https://www.fichacompleta.com.br/carros/honda/fit-ex-1-5-2013,2026-06-14T17:54:43.794466,Honda Fit EX 1.5 2013,"12,5 s",175 km/h,Corrente,Injeção multiponto,Natural,1496 cm³,4 em linha,L15A,Único no cabeçote,"89,4 mm",73 mm,Transversal,Dianteiro,"10,0 kg/cv","78,4 kg/kgfm","77,5 cv/litro",116 cv (A) 115 cv (G) a 6000 rpm,"10,4:1",6000 rpm,4800 rpm,"9,9 kgfm/litro","14,8 kgfm (A) 14,8 kgfm (G) a 4800 rpm",4,Embreagem monodisco a seco,Manual,5,5,Dianteira,1535 mm,1474 mm,1459 mm,370 kg,3900 mm,2500 mm,1695 mm,1160 kg,384 litros,47 litros,102 mm,Disco ventilado,Disco sólido,,,,Elétrica,Não informado,Não informado,"Indep., McPherson",Mola helicoidal,Eixo de torção,573 km,531 km,"12,2 km/l","11,3 km/l",,,,,,,,Admissão,,,,,,,6500 rpm,,,,,,,,,,,Mecânicos,400 km,357 km,"8,5 km/l","7,6 km/l",116 cv,115 cv,"14,8 kgfm","14,8 kgfm",,,,,,,,,,,,
honda,Fit,fit,fit-ex-1-5-at-2013,fit-ex-1-5-at-2013,https://www.fichacompleta.com.br/carros/honda/fit-ex-1-5-at-2013,2026-06-14T17:54:48.264587,Honda Fit EX 1.5 AT 2013,"13,5 s",172 km/h,,Injeção multiponto,Natural,1496 cm³,4 em linha,L15A,"Único no cabeçote, corrente","89,4 mm",73 mm,Transversal,Dianteiro,"10,0 kg/cv","78,4 kg/kgfm","77,5 cv/litro",116 cv (A) 115 cv (G) a 6000 rpm,"10,4:1",,,"9,9 kgfm/litro","14,8 kgfm (A) 14,8 kgfm (G) a 4800 rpm",4,Conversor de torque,Automático,,5,Dianteira,1535 mm,1474 mm,1459 mm,370 kg,3900 mm,2500 mm,1695 mm,1160 kg,384 litros,47 litros,102 mm,Disco ventilado,Disco sólido,,,,Elétrica,,Não informado,"Independente, McPherson",Mola helicoidal,Eixo de torção,573 km,494 km,"12,2 km/l","10,5 km/l",,,,,,,,Admissão,,,,,,,6500 rpm,,,,,,,,,,,Mecânicos,385 km,320 km,"8,2 km/l","6,8 km/l",,,,,,,,,,,,,,,,
honda,Fit,fit,fit-exl-1-5-at-2013,fit-exl-1-5-at-2013,https://www.fichacompleta.com.br/carros/honda/fit-exl-1-5-at-2013,2026-06-14T17:54:51.060524,Honda Fit EXL 1.5 AT 2013,"13,5 s",172 km/h,Corrente,Injeção multiponto,Natural,1496 cm³,4 em linha,L15A,Único no cabeçote,"89,4 mm",73 mm,Transversal,Dianteiro,"10,0 kg/cv","78,4 kg/kgfm","77,5 cv/litro",116 cv (A) 115 cv (G) a 6000 rpm,"10,4:1",6000 rpm,4800 rpm,"9,9 kgfm/litro","14,8 kgfm (A) 14,8 kgfm (G) a 4800 rpm",4,Conversor de torque,Automático,5,5,Dianteira,1535 mm,1474 mm,1459 mm,370 kg,3900 mm,2500 mm,1695 mm,1160 kg,384 litros,47 litros,102 mm,Disco ventilado,Disco sólido,,,,Elétrica,Não informado,Não informado,"Indep., McPherson",Mola helicoidal,Eixo de torção,573 km,494 km,"12,2 km/l","10,5 km/l",,,,,,,,Admissão,,,,,,,6500 rpm,,,,,,,,,,,Mecânicos,385 km,320 km,"8,2 km/l","6,8 km/l",116 cv,115 cv,"14,8 kgfm","14,8 kgfm",,,,,,,,,,,,
honda,Fit,fit,fit-lx-1-4-16v-2013,fit-lx-1-4-16v-2013,https://www.fichacompleta.com.br/carros/honda/fit-lx-1-4-16v-2013,2026-06-14T17:54:54.768643,Honda Fit LX 1.4 16V 2013,13 s,177 km/h,,Injeção multiponto,Natural,1339 cm³,4 em linha,L13A i-VTEC,"Único no cabeçote, corrente",80 mm,73 mm,Transversal,Dianteiro,"10,9 kg/cv","84,3 kg/kgfm","75,4 cv/litro",101 cv (A) 100 cv (G) a 6000 rpm,"10,5:1",,,"9,7 kgfm/litro",13 kgfm (A) 13 kgfm (G) a 4800 rpm,4,Embreagem monodisco a seco,Manual,,5,Dianteira,1535 mm,1474 mm,1459 mm,374 kg,3900 mm,2500 mm,1695 mm,1096 kg,384 litros,47 litros,114 mm,Disco ventilado,Tambor,,,,Elétrica,,Não informado,"Independente, McPherson",Mola helicoidal,Eixo de torção,625 km,555 km,"13,3 km/l","11,8 km/l",,,,,,,,Admissão,,,,,,,6500 rpm,,,,,,,,,,,Mecânicos,432 km,381 km,"9,2 km/l","8,1 km/l",,,,,,,,,,,,,,,,
honda,Fit,fit,fit-lx-1-4-16v-at-2013,fit-lx-1-4-16v-at-2013,https://www.fichacompleta.com.br/carros/honda/fit-lx-1-4-16v-at-2013,2026-06-14T17:54:59.046140,Honda Fit LX 1.4 16V AT 2013,"15,3 s",170 km/h,Corrente,Injeção multiponto,Natural,1339 cm³,4 em linha,L13A i-VTEC,Único no cabeçote,80 mm,73 mm,Transversal,Dianteiro,"11,2 kg/cv","86,9 kg/kgfm","75,4 cv/litro",101 cv (A) 100 cv (G) a 6000 rpm,"10,5:1",6000 rpm,4800 rpm,"9,7 kgfm/litro",13 kgfm (A) 13 kgfm (G) a 4800 rpm,4,Conversor de torque,Automático,5,5,Dianteira,1535 mm,1474 mm,1459 mm,370 kg,3900 mm,2500 mm,1695 mm,1130 kg,384 litros,47 litros,114 mm,Disco ventilado,Tambor,,,,Elétrica,Não informado,Não informado,"Indep., McPherson",Mola helicoidal,Eixo de torção,588 km,517 km,"12,5 km/l",11 km/l,,,,,,,,Admissão,,,,,,,6500 rpm,,,,,,,,,,,Mecânicos,400 km,310 km,"8,5 km/l","6,6 km/l",101 cv,100 cv,13 kgfm,13 kgfm,,,,,,,,,,,,
honda,Fit,fit,fit-twist-1-5-2013,fit-twist-1-5-2013,https://www.fichacompleta.com.br/carros/honda/fit-twist-1-5-2013,2026-06-14T17:55:03.237601,Honda Fit Twist 1.5 2013,"12,5 s",170 km/h,Corrente,Injeção multiponto,Natural,1496 cm³,4 em linha,L15A,Único no cabeçote,"89,4 mm",73 mm,Transversal,Dianteiro,"9,9 kg/cv","77,5 kg/kgfm","77,5 cv/litro",116 cv (A) 115 cv (G) a 6000 rpm,"10,4:1",6000 rpm,4800 rpm,"9,9 kgfm/litro","14,8 kgfm (A) 14,8 kgfm (G) a 4800 rpm",4,Embreagem monodisco a seco,Manual,5,5,Dianteira,1570 mm,1474 mm,1459 mm,383 kg,3930 mm,2500 mm,1715 mm,1147 kg,384 litros,47 litros,102 mm,Disco ventilado,Disco sólido,,,,Elétrica,Não informado,Não informado,"Indep., McPherson",Mola helicoidal,Eixo de torção,573 km,531 km,"12,2 km/l","11,3 km/l",,,,,,,,Admissão,,,,,,,6500 rpm,,,,,,,,,,,Mecânicos,400 km,357 km,"8,5 km/l","7,6 km/l",116 cv,115 cv,"14,8 kgfm","14,8 kgfm",,,,,,,,,,,,
honda,Fit,fit,fit-twist-1-5-at-2013,fit-twist-1-5-at-2013,https://www.fichacompleta.com.br/carros/honda/fit-twist-1-5-at-2013,2026-06-14T17:55:06.869032,Honda Fit Twist 1.5 AT 2013,"13,5 s",172 km/h,,Injeção multiponto,Natural,1496 cm³,4 em linha,L15A,"Único no cabeçote, corrente","89,4 mm",73 mm,Transversal,Dianteiro,"10,0 kg/cv","78,4 kg/kgfm","77,5 cv/litro",116 cv (A) 115 cv (G) a 6000 rpm,"10,4:1",,,"9,9 kgfm/litro","14,8 kgfm (A) 14,8 kgfm (G) a 4800 rpm",4,Conversor de torque,Automático,,5,Dianteira,1570 mm,1474 mm,1459 mm,370 kg,3930 mm,2500 mm,1715 mm,1160 kg,384 litros,47 litros,102 mm,Disco ventilado,Disco sólido,,,,Elétrica,,Não informado,"Independente, McPherson",Mola helicoidal,Eixo de torção,573 km,494 km,"12,2 km/l","10,5 km/l",,,,,,,,Admissão,,,,,,,6500 rpm,,,,,,,,,,,Mecânicos,385 km,320 km,"8,2 km/l","6,8 km/l",,,,,,,,,,,,,,,,
honda,Fit,fit,fit-cx-1-4-2014,fit-cx-1-4-2014,https://www.fichacompleta.com.br/carros/honda/fit-cx-1-4-2014,2026-06-14T17:55:09.324410,Honda Fit CX 1.4 2014,13 s,177 km/h,Corrente,Injeção multiponto,Natural,1339 cm³,4 em linha,L13A i-VTEC,Único no cabeçote,80 mm,73 mm,Transversal,Dianteiro,"10,9 kg/cv","84,3 kg/kgfm","75,4 cv/litro",101 cv (A) 100 cv (G) a 6000 rpm,"10,5:1",6000 rpm,4800 rpm,"9,7 kgfm/litro",13 kgfm (A) 13 kgfm (G) a 4800 rpm,4,Embreagem monodisco a seco,Manual,5,5,Dianteira,1535 mm,1474 mm,1459 mm,374 kg,3900 mm,2500 mm,1695 mm,1096 kg,384 litros,47 litros,114 mm,Disco ventilado,Tambor,,,,Elétrica,Não informado,Não informado,"Indep., McPherson",Mola helicoidal,Eixo de torção,625 km,555 km,"13,3 km/l","11,8 km/l",,,,,,,,Admissão,,,,,,,6500 rpm,,,,,,,,,,,Mecânicos,432 km,381 km,"9,2 km/l","8,1 km/l",101 cv,100 cv,13 kgfm,13 kgfm,,,,,,,,,,,,
honda,Fit,fit,fit-cx-1-4-at-2014,fit-cx-1-4-at-2014,https://www.fichacompleta.com.br/carros/honda/fit-cx-1-4-at-2014,2026-06-14T17:55:13.772389,Honda Fit CX 1.4 AT 2014,"15,3 s",170 km/h,,Injeção multiponto,Natural,1339 cm³,4 em linha,L13A i-VTEC,"Único no cabeçote, corrente",80 mm,73 mm,Transversal,Dianteiro,"11,2 kg/cv","86,9 kg/kgfm","75,4 cv/litro",101 cv (A) 100 cv (G) a 6000 rpm,"10,5:1",,,"9,7 kgfm/litro",13 kgfm (A) 13 kgfm (G) a 4800 rpm,4,Conversor de torque,Automático,,5,Dianteira,1535 mm,1474 mm,1459 mm,370 kg,3900 mm,2500 mm,1695 mm,1130 kg,384 litros,47 litros,114 mm,Disco ventilado,Tambor,,,,Elétrica,,Não informado,"Independente, McPherson",Mola helicoidal,Eixo de torção,588 km,517 km,"12,5 km/l",11 km/l,,,,,,,,Admissão,,,,,,,6500 rpm,,,,,,,,,,,Mecânicos,400 km,310 km,"8,5 km/l","6,6 km/l",,,,,,,,,,,,,,,,
honda,Fit,fit,fit-dx-1-4-2014,fit-dx-1-4-2014,https://www.fichacompleta.com.br/carros/honda/fit-dx-1-4-2014,2026-06-14T17:55:17.175996,Honda Fit DX 1.4 2014,13 s,177 km/h,,Injeção multiponto,Natural,1339 cm³,4 em linha,L13A i-VTEC,"Único no cabeçote, corrente",80 mm,73 mm,Transversal,Dianteiro,"10,9 kg/cv","84,3 kg/kgfm","75,4 cv/litro",101 cv (A) 100 cv (G) a 6000 rpm,"10,5:1",,,"9,7 kgfm/litro",13 kgfm (A) 13 kgfm (G) a 4800 rpm,4,Embreagem monodisco a seco,Manual,,5,Dianteira,1535 mm,1474 mm,1459 mm,374 kg,3900 mm,2500 mm,1695 mm,1096 kg,384 litros,47 litros,114 mm,Disco ventilado,Tambor,,,,Elétrica,,Não informado,"Independente, McPherson",Mola helicoidal,Eixo de torção,625 km,555 km,"13,3 km/l","11,8 km/l",,,,,,,,Admissão,,,,,,,6500 rpm,,,,,,,,,,,Mecânicos,432 km,381 km,"9,2 km/l","8,1 km/l",,,,,,,,,,,,,,,,
honda,Fit,fit,fit-ex-1-5-at-2014,fit-ex-1-5-at-2014,https://www.fichacompleta.com.br/carros/honda/fit-ex-1-5-at-2014,2026-06-14T17:55:20.087165,Honda Fit EX 1.5 AT 2014,"13,5 s",172 km/h,,Injeção multiponto,Natural,1496 cm³,4 em linha,L15A,"Único no cabeçote, corrente","89,4 mm",73 mm,Transversal,Dianteiro,"10,0 kg/cv","78,4 kg/kgfm","77,5 cv/litro",116 cv (A) 115 cv (G) a 6000 rpm,"10,4:1",,,"9,9 kgfm/litro","14,8 kgfm (A) 14,8 kgfm (G) a 4800 rpm",4,Conversor de torque,Automático,,5,Dianteira,1535 mm,1474 mm,1459 mm,370 kg,3900 mm,2500 mm,1695 mm,1160 kg,384 litros,47 litros,102 mm,Disco ventilado,Disco sólido,,,,Elétrica,,Não informado,"Independente, McPherson",Mola helicoidal,Eixo de torção,573 km,494 km,"12,2 km/l","10,5 km/l",,,,,,,,Admissão,,,,,,,6500 rpm,,,,,,,,,,,Mecânicos,385 km,320 km,"8,2 km/l","6,8 km/l",,,,,,,,,,,,,,,,
honda,Fit,fit,fit-lx-1-4-16v-2014,fit-lx-1-4-16v-2014,https://www.fichacompleta.com.br/carros/honda/fit-lx-1-4-16v-2014,2026-06-14T17:55:23.307582,Honda Fit LX 1.4 16V 2014,13 s,177 km/h,,Injeção multiponto,Natural,1339 cm³,4 em linha,L13A i-VTEC,"Único no cabeçote, corrente",80 mm,73 mm,Transversal,Dianteiro,"10,9 kg/cv","84,3 kg/kgfm","75,4 cv/litro",101 cv (A) 100 cv (G) a 6000 rpm,"10,5:1",,,"9,7 kgfm/litro",13 kgfm (A) 13 kgfm (G) a 4800 rpm,4,Embreagem monodisco a seco,Manual,,5,Dianteira,1535 mm,1474 mm,1459 mm,374 kg,3900 mm,2500 mm,1695 mm,1096 kg,384 litros,47 litros,114 mm,Disco ventilado,Tambor,,,,Elétrica,,Não informado,"Independente, McPherson",Mola helicoidal,Eixo de torção,625 km,555 km,"13,3 km/l","11,8 km/l",,,,,,,,Admissão,,,,,,,6500 rpm,,,,,,,,,,,Mecânicos,432 km,381 km,"9,2 km/l","8,1 km/l",,,,,,,,,,,,,,,,
honda,Fit,fit,fit-lx-1-4-16v-at-2014,fit-lx-1-4-16v-at-2014,https://www.fichacompleta.com.br/carros/honda/fit-lx-1-4-16v-at-2014,2026-06-14T17:55:26.639728,Honda Fit LX 1.4 16V AT 2014,"15,3 s",170 km/h,,Injeção multiponto,Natural,1339 cm³,4 em linha,L13A i-VTEC,"Único no cabeçote, corrente",80 mm,73 mm,Transversal,Dianteiro,"11,2 kg/cv","86,9 kg/kgfm","75,4 cv/litro",101 cv (A) 100 cv (G) a 6000 rpm,"10,5:1",,,"9,7 kgfm/litro",13 kgfm (A) 13 kgfm (G) a 4800 rpm,4,Conversor de torque,Automático,,5,Dianteira,1535 mm,1474 mm,1459 mm,370 kg,3900 mm,2500 mm,1695 mm,1130 kg,384 litros,47 litros,114 mm,Disco ventilado,Tambor,,,,Elétrica,,Não informado,"Independente, McPherson",Mola helicoidal,Eixo de torção,588 km,517 km,"12,5 km/l",11 km/l,,,,,,,,Admissão,,,,,,,6500 rpm,,,,,,,,,,,Mecânicos,400 km,310 km,"8,5 km/l","6,6 km/l",,,,,,,,,,,,,,,,
honda,Fit,fit,fit-twist-1-5-2014,fit-twist-1-5-2014,https://www.fichacompleta.com.br/carros/honda/fit-twist-1-5-2014,2026-06-14T17:55:29.140347,Honda Fit Twist 1.5 2014,"12,5 s",170 km/h,,Injeção multiponto,Natural,1496 cm³,4 em linha,L15A,"Único no cabeçote, corrente","89,4 mm",73 mm,Transversal,Dianteiro,"9,9 kg/cv","77,5 kg/kgfm","77,5 cv/litro",116 cv (A) 115 cv (G) a 6000 rpm,"10,4:1",,,"9,9 kgfm/litro","14,8 kgfm (A) 14,8 kgfm (G) a 4800 rpm",4,Embreagem monodisco a seco,Manual,,5,Dianteira,1570 mm,1474 mm,1459 mm,383 kg,3930 mm,2500 mm,1715 mm,1147 kg,384 litros,47 litros,102 mm,Disco ventilado,Disco sólido,,,,Elétrica,,Não informado,"Independente, McPherson",Mola helicoidal,Eixo de torção,573 km,531 km,"12,2 km/l","11,3 km/l",,,,,,,,Admissão,,,,,,,6500 rpm,,,,,,,,,,,Mecânicos,400 km,357 km,"8,5 km/l","7,6 km/l",,,,,,,,,,,,,,,,
honda,Fit,fit,fit-twist-1-5-at-2014,fit-twist-1-5-at-2014,https://www.fichacompleta.com.br/carros/honda/fit-twist-1-5-at-2014,2026-06-14T17:55:32.471876,Honda Fit Twist 1.5 AT 2014,"13,5 s",172 km/h,,Injeção multiponto,Natural,1496 cm³,4 em linha,L15A,"Único no cabeçote, corrente","89,4 mm",73 mm,Transversal,Dianteiro,"10,0 kg/cv","78,4 kg/kgfm","77,5 cv/litro",116 cv (A) 115 cv (G) a 6000 rpm,"10,4:1",,,"9,9 kgfm/litro","14,8 kgfm (A) 14,8 kgfm (G) a 4800 rpm",4,Conversor de torque,Automático,,5,Dianteira,1570 mm,1474 mm,1459 mm,370 kg,3930 mm,2500 mm,1715 mm,1160 kg,384 litros,47 litros,102 mm,Disco ventilado,Disco sólido,,,,Elétrica,,Não informado,"Independente, McPherson",Mola helicoidal,Eixo de torção,573 km,494 km,"12,2 km/l","10,5 km/l",,,,,,,,Admissão,,,,,,,6500 rpm,,,,,,,,,,,Mecânicos,385 km,320 km,"8,2 km/l","6,8 km/l",,,,,,,,,,,,,,,,
honda,Fit,fit,fit-dx-1-5-2015,fit-dx-1-5-2015,https://www.fichacompleta.com.br/carros/honda/fit-dx-1-5-2015,2026-06-14T17:55:36.277887,Honda Fit DX 1.5 2015,11 s,175 km/h,Corrente,Injeção multiponto,Natural,1497 cm³,4 em linha,L15A,Único no cabeçote,"89,4 mm",73 mm,Transversal,Dianteiro,"9,1 kg/cv","68,8 kg/kgfm","77,5 cv/litro",116 cv (A) 115 cv (G) a 6000 rpm,"11,4:1",6000 rpm,4800 rpm,"10,2 kgfm/litro","15,3 kgfm (A) 15,2 kgfm (G) a 4800 rpm",4,Embreagem monodisco a seco,Manual,5,5,Dianteira,1535 mm,1482 mm,1472 mm,468 kg,3997 mm,2530 mm,1695 mm,1052 kg,363 litros,45 litros,111 mm,Disco ventilado,Tambor,,,,Elétrica,"10,3 m","10,3 m","Indep., McPherson",Mola helicoidal,Eixo de torção,612 km,522 km,"13,6 km/l","11,6 km/l",145 mm,,,,,,,Admissão,,,,,,,6500 rpm,,,,,,,,,,,Mecânicos,428 km,374 km,"9,5 km/l","8,3 km/l",116 cv,115 cv,"15,3 kgfm","15,2 kgfm",,,,,,,,,,,,
honda,Fit,fit,fit-dx-1-5-at-2015,fit-dx-1-5-at-2015,https://www.fichacompleta.com.br/carros/honda/fit-dx-1-5-at-2015,2026-06-14T17:55:39.575442,Honda Fit DX 1.5 AT 2015,12 s,172 km/h,Corrente,Injeção multiponto,Natural,1497 cm³,4 em linha,L15A,Único no cabeçote,"89,4 mm",73 mm,Transversal,Dianteiro,"9,2 kg/cv","70,1 kg/kgfm","77,5 cv/litro",116 cv (A) 115 cv (G) a 6000 rpm,"11,4:1",6000 rpm,4800 rpm,"10,2 kgfm/litro","15,3 kgfm (A) 15,2 kgfm (G) a 4800 rpm",4,Conversor de torque,CVT,,,Dianteira,1535 mm,1482 mm,1472 mm,448 kg,3997 mm,2530 mm,1695 mm,1072 kg,363 litros,45 litros,111 mm,Disco ventilado,Tambor,,,,Elétrica,"10,3 m","10,3 m","Indep., McPherson",Mola helicoidal,Eixo de torção,635 km,554 km,"14,1 km/l","12,3 km/l",145 mm,,,,,,,Admissão,,,,,,,6500 rpm,,,,,,,,,,,Mecânicos,446 km,374 km,"9,9 km/l","8,3 km/l",116 cv,115 cv,"15,3 kgfm","15,2 kgfm",,,,,,,,,,,,
honda,Fit,fit,fit-ex-1-5-at-2015,fit-ex-1-5-at-2015,https://www.fichacompleta.com.br/carros/honda/fit-ex-1-5-at-2015,2026-06-14T17:55:43.718752,Honda Fit EX 1.5 AT 2015,12 s,172 km/h,Corrente,Injeção multiponto,Natural,1497 cm³,4 em linha,L15A,Único no cabeçote,"89,4 mm",73 mm,Transversal,Dianteiro,"9,5 kg/cv","71,8 kg/kgfm","77,5 cv/litro",116 cv (A) 115 cv (G) a 6000 rpm,"11,4:1",6000 rpm,4800 rpm,"10,2 kgfm/litro","15,3 kgfm (A) 15,2 kgfm (G) a 4800 rpm",4,Conversor de torque,CVT,,,Dianteira,1535 mm,1482 mm,1472 mm,421 kg,3997 mm,2530 mm,1695 mm,1099 kg,363 litros,45 litros,102 mm,Disco ventilado,Tambor,,,,Elétrica,"10,3 m","10,3 m","Indep., McPherson",Mola helicoidal,Eixo de torção,635 km,554 km,"14,1 km/l","12,3 km/l",145 mm,,,,,,,Admissão,,,,,,,6500 rpm,,,,,,,,,,,Mecânicos,446 km,374 km,"9,9 km/l","8,3 km/l",116 cv,115 cv,"15,3 kgfm","15,2 kgfm",,,,,,,,,,,,
honda,Fit,fit,fit-exl-1-5-at-2015,fit-exl-1-5-at-2015,https://www.fichacompleta.com.br/carros/honda/fit-exl-1-5-at-2015,2026-06-14T17:55:47.885002,Honda Fit EXL 1.5 AT 2015,12 s,172 km/h,Corrente,Injeção multiponto,Natural,1497 cm³,4 em linha,L15A,Único no cabeçote,"89,4 mm",73 mm,Transversal,Dianteiro,"9,5 kg/cv","72,0 kg/kgfm","77,5 cv/litro",116 cv (A) 115 cv (G) a 6000 rpm,"11,4:1",6000 rpm,4800 rpm,"10,2 kgfm/litro","15,3 kgfm (A) 15,2 kgfm (G) a 4800 rpm",4,Conversor de torque,CVT,,,Dianteira,1535 mm,1482 mm,1472 mm,419 kg,3997 mm,2530 mm,1695 mm,1101 kg,363 litros,45 litros,102 mm,Disco ventilado,Tambor,,,,Elétrica,"10,3 m","10,3 m","Indep., McPherson",Mola helicoidal,Eixo de torção,635 km,554 km,"14,1 km/l","12,3 km/l",145 mm,,,,,,,Admissão,,,,,,,6500 rpm,,,,,,,,,,,Mecânicos,446 km,374 km,"9,9 km/l","8,3 km/l",116 cv,115 cv,"15,3 kgfm","15,2 kgfm",,,,,,,,,,,,
honda,Fit,fit,fit-lx-1-5-2015,fit-lx-1-5-2015,https://www.fichacompleta.com.br/carros/honda/fit-lx-1-5-2015,2026-06-14T17:55:52.393879,Honda Fit LX 1.5 2015,11 s,175 km/h,Corrente,Injeção multiponto,Natural,1497 cm³,4 em linha,L15A,Único no cabeçote,"89,4 mm",73 mm,Transversal,Dianteiro,"9,1 kg/cv","69,3 kg/kgfm","77,5 cv/litro",116 cv (A) 115 cv (G) a 6000 rpm,"11,4:1",6000 rpm,4800 rpm,"10,2 kgfm/litro","15,3 kgfm (A) 15,2 kgfm (G) a 4800 rpm",4,Embreagem monodisco a seco,Manual,5,5,Dianteira,1535 mm,1482 mm,1472 mm,460 kg,3997 mm,2530 mm,1695 mm,1060 kg,363 litros,45 litros,111 mm,Disco ventilado,Tambor,,,,Elétrica,"10,3 m","10,3 m","Indep., McPherson",Mola helicoidal,Eixo de torção,612 km,522 km,"13,6 km/l","11,6 km/l",145 mm,,,,,,,Admissão,,,,,,,6500 rpm,,,,,,,,,,,Mecânicos,428 km,374 km,"9,5 km/l","8,3 km/l",116 cv,115 cv,"15,3 kgfm","15,2 kgfm",,,,,,,,,,,,
honda,Fit,fit,fit-lx-1-5-at-2015,fit-lx-1-5-at-2015,https://www.fichacompleta.com.br/carros/honda/fit-lx-1-5-at-2015,2026-06-14T17:55:56.777272,Honda Fit LX 1.5 AT 2015,12 s,172 km/h,Corrente,Injeção multiponto,Natural,1497 cm³,4 em linha,L15A,Único no cabeçote,"89,4 mm",73 mm,Transversal,Dianteiro,"9,3 kg/cv","70,6 kg/kgfm","77,5 cv/litro",,"11,4:1",6000 rpm,4800 rpm,"10,2 kgfm/litro",,4,Conversor de torque,CVT,,,Dianteira,1535 mm,1482 mm,1472 mm,440 kg,3997 mm,2530 mm,1695 mm,1080 kg,363 litros,45 litros,111 mm,Disco ventilado,Tambor,,,,Elétrica,"10,3 m",,"Indep., McPherson",Mola helicoidal,Eixo de torção,635 km,554 km,"14,1 km/l","12,3 km/l",145 mm,,,,,,,Admissão,,,,,,,6500 rpm,,,,,,,,,,,Mecânicos,446 km,374 km,"9,9 km/l","8,3 km/l",116 cv,115 cv,"15,3 kgfm","15,2 kgfm",,,,,,,,,,,,
honda,Fit,fit,fit-dx-1-5-2016,fit-dx-1-5-2016,https://www.fichacompleta.com.br/carros/honda/fit-dx-1-5-2016,2026-06-14T17:56:00.028277,Honda Fit DX 1.5 2016,11 s,175 km/h,,Injeção multiponto,Natural,1497 cm³,4 em linha,L15A,"Único no cabeçote, corrente","89,4 mm",73 mm,Transversal,Dianteiro,"9,1 kg/cv","68,8 kg/kgfm","77,5 cv/litro",116 cv (A) 115 cv (G) a 6000 rpm,"11,4:1",,,"10,2 kgfm/litro","15,3 kgfm (A) 15,2 kgfm (G) a 4800 rpm",4,Embreagem monodisco a seco,Manual,,5,Dianteira,1535 mm,1482 mm,1472 mm,468 kg,3997 mm,2530 mm,1695 mm,1052 kg,363 litros,45 litros,111 mm,Disco ventilado,Tambor,,,,Elétrica,,"10,3 m","Independente, McPherson",Mola helicoidal,Eixo de torção,612 km,522 km,"13,6 km/l","11,6 km/l",145 mm,,,,,,,Admissão,,,,,,,6500 rpm,,,,,,,,,,,Mecânicos,428 km,374 km,"9,5 km/l","8,3 km/l",,,,,,,,,,,,,,,,
honda,Fit,fit,fit-dx-1-5-at-2016,fit-dx-1-5-at-2016,https://www.fichacompleta.com.br/carros/honda/fit-dx-1-5-at-2016,2026-06-14T17:56:04.596406,Honda Fit DX 1.5 AT 2016,12 s,172 km/h,,Injeção multiponto,Natural,1497 cm³,4 em linha,L15A,"Único no cabeçote, corrente",,,Transversal,Dianteiro,"9,2 kg/cv","70,1 kg/kgfm","77,5 cv/litro",116 cv (A) 115 cv (G) a 6000 rpm,"11,4:1",,,"10,2 kgfm/litro","15,3 kgfm (A) 15,2 kgfm (G) a 4800 rpm",4,Conversor de torque,CVT,,0,Dianteira,1535 mm,1482 mm,1472 mm,448 kg,3997 mm,2530 mm,1695 mm,1072 kg,363 litros,45 litros,111 mm,Disco ventilado,Tambor,,,,Elétrica,,"10,3 m","Independente, McPherson",Mola helicoidal,Eixo de torção,635 km,554 km,"14,1 km/l","12,3 km/l",145 mm,,,,,"89,4 mm",73 mm,Admissão,,,,,,,6500 rpm,,,,,,,,,,,Mecânicos,446 km,374 km,"9,9 km/l","8,3 km/l",,,,,,,,,,,,,,,,
honda,Fit,fit,fit-ex-1-5-at-2016,fit-ex-1-5-at-2016,https://www.fichacompleta.com.br/carros/honda/fit-ex-1-5-at-2016,2026-06-14T17:56:07.801621,Honda Fit EX 1.5 AT 2016,12 s,172 km/h,,Injeção multiponto,Natural,1497 cm³,4 em linha,L15A,"Único no cabeçote, corrente","89,4 mm",73 mm,Transversal,Dianteiro,"9,5 kg/cv","71,8 kg/kgfm","77,5 cv/litro",116 cv (A) 115 cv (G) a 6000 rpm,"11,4:1",,,"10,2 kgfm/litro","15,3 kgfm (A) 15,2 kgfm (G) a 4800 rpm",4,Conversor de torque,CVT,,0,Dianteira,1535 mm,1482 mm,1472 mm,421 kg,3997 mm,2530 mm,1695 mm,1099 kg,363 litros,45 litros,102 mm,Disco ventilado,Tambor,,,,Elétrica,,"10,3 m","Independente, McPherson",Mola helicoidal,Eixo de torção,635 km,554 km,"14,1 km/l","12,3 km/l",145 mm,,,,,,,Admissão,,,,,,,6500 rpm,,,,,,,,,,,Mecânicos,446 km,374 km,"9,9 km/l","8,3 km/l",,,,,,,,,,,,,,,,
honda,Fit,fit,fit-exl-1-5-at-2016,fit-exl-1-5-at-2016,https://www.fichacompleta.com.br/carros/honda/fit-exl-1-5-at-2016,2026-06-14T17:56:11.250858,Honda Fit EXL 1.5 AT 2016,12 s,172 km/h,,Injeção multiponto,Natural,1497 cm³,4 em linha,L15A,"Único no cabeçote, corrente","89,4 mm",73 mm,Transversal,Dianteiro,"9,5 kg/cv","72,0 kg/kgfm","77,5 cv/litro",116 cv (A) 115 cv (G) a 6000 rpm,"11,4:1",,,"10,2 kgfm/litro","15,3 kgfm (A) 15,2 kgfm (G) a 4800 rpm",4,Conversor de torque,CVT,,0,Dianteira,1535 mm,1482 mm,1472 mm,419 kg,3997 mm,2530 mm,1695 mm,1101 kg,363 litros,45 litros,102 mm,Disco ventilado,Tambor,,,,Elétrica,,"10,3 m","Independente, McPherson",Mola helicoidal,Eixo de torção,635 km,554 km,"14,1 km/l","12,3 km/l",145 mm,,,,,,,Admissão,,,,,,,6500 rpm,,,,,,,,,,,Mecânicos,446 km,374 km,"9,9 km/l","8,3 km/l",,,,,,,,,,,,,,,,
honda,Fit,fit,fit-lx-1-5-2016,fit-lx-1-5-2016,https://www.fichacompleta.com.br/carros/honda/fit-lx-1-5-2016,2026-06-14T17:56:14.578961,Honda Fit LX 1.5 2016,11 s,175 km/h,,Injeção multiponto,Natural,1497 cm³,4 em linha,L15A,"Único no cabeçote, corrente",,,Transversal,Dianteiro,"9,1 kg/cv","69,3 kg/kgfm","77,5 cv/litro",116 cv (A) 115 cv (G) a 6000 rpm,"11,4:1",,,"10,2 kgfm/litro","15,3 kgfm (A) 15,2 kgfm (G) a 4800 rpm",4,Embreagem monodisco a seco,Manual,,5,Dianteira,1535 mm,1482 mm,1472 mm,460 kg,3997 mm,2530 mm,1695 mm,1060 kg,363 litros,45 litros,111 mm,Disco ventilado,Tambor,,,,Elétrica,,"10,3 m","Independente, McPherson",Mola helicoidal,Eixo de torção,612 km,522 km,"13,6 km/l","11,6 km/l",145 mm,,,,,"89,4 mm",73 mm,Admissão,,,,,,,6500 rpm,,,,,,,,,,,Mecânicos,428 km,374 km,"9,5 km/l","8,3 km/l",,,,,,,,,,,,,,,,
honda,Fit,fit,fit-lx-1-5-at-2016,fit-lx-1-5-at-2016,https://www.fichacompleta.com.br/carros/honda/fit-lx-1-5-at-2016,2026-06-14T17:56:19.002685,Honda Fit LX 1.5 AT 2016,12 s,172 km/h,,Injeção multiponto,Natural,1497 cm³,4 em linha,L15A,"Único no cabeçote, corrente",,,Transversal,Dianteiro,"9,3 kg/cv","70,6 kg/kgfm","77,5 cv/litro",116 cv (A) 115 cv (G) a 6000 rpm,"11,4:1",,,"10,2 kgfm/litro","15,3 kgfm (A) 15,2 kgfm (G) a 4800 rpm",4,Conversor de torque,CVT,,0,Dianteira,1535 mm,1482 mm,1472 mm,440 kg,3997 mm,2530 mm,1695 mm,1080 kg,363 litros,45 litros,111 mm,Disco ventilado,Tambor,,,,Elétrica,,"10,3 m","Independente, McPherson",Mola helicoidal,Eixo de torção,635 km,554 km,"14,1 km/l","12,3 km/l",145 mm,,,,,"89,4 mm",73 mm,Admissão,,,,,,,6500 rpm,,,,,,,,,,,Mecânicos,446 km,374 km,"9,9 km/l","8,3 km/l",,,,,,,,,,,,,,,,
honda,Fit,fit,fit-dx-1-5-2017,fit-dx-1-5-2017,https://www.fichacompleta.com.br/carros/honda/fit-dx-1-5-2017,2026-06-14T17:56:21.686616,Honda Fit DX 1.5 2017,11 s,175 km/h,,Injeção multiponto,Natural,1497 cm³,4 em linha,L15A,"Único no cabeçote, corrente","89,4 mm",73 mm,Transversal,Dianteiro,"9,1 kg/cv","68,8 kg/kgfm","77,5 cv/litro",116 cv (A) 115 cv (G) a 6000 rpm,"11,4:1",,,"10,2 kgfm/litro","15,3 kgfm (A) 15,2 kgfm (G) a 4800 rpm",4,Embreagem monodisco a seco,Manual,,5,Dianteira,1535 mm,1482 mm,1472 mm,468 kg,3997 mm,2530 mm,1695 mm,1052 kg,363 litros,45 litros,111 mm,Disco ventilado,Tambor,,,,Elétrica,,"10,3 m","Independente, McPherson",Mola helicoidal,Eixo de torção,612 km,522 km,"13,6 km/l","11,6 km/l",145 mm,,,,,,,Admissão,,,,,,,6500 rpm,,,,,,,,,,,Mecânicos,428 km,374 km,"9,5 km/l","8,3 km/l",,,,,,,,,,,,,,,,
honda,Fit,fit,fit-dx-1-5-at-2017,fit-dx-1-5-at-2017,https://www.fichacompleta.com.br/carros/honda/fit-dx-1-5-at-2017,2026-06-14T17:56:24.612999,Honda Fit DX 1.5 AT 2017,12 s,172 km/h,,Injeção multiponto,Natural,1497 cm³,4 em linha,L15A,"Único no cabeçote, corrente","89,4 mm",73 mm,Transversal,Dianteiro,"9,2 kg/cv","70,1 kg/kgfm","77,5 cv/litro",116 cv (A) 115 cv (G) a 6000 rpm,"11,4:1",,,"10,2 kgfm/litro","15,3 kgfm (A) 15,2 kgfm (G) a 4800 rpm",4,Conversor de torque,CVT,,0,Dianteira,1535 mm,1482 mm,1472 mm,448 kg,3997 mm,2530 mm,1695 mm,1072 kg,363 litros,45 litros,111 mm,Disco ventilado,Tambor,,,,Elétrica,,"10,3 m","Independente, McPherson",Mola helicoidal,Eixo de torção,635 km,554 km,"14,1 km/l","12,3 km/l",145 mm,,,,,,,Admissão,,,,,,,6500 rpm,,,,,,,,,,,Mecânicos,446 km,374 km,"9,9 km/l","8,3 km/l",,,,,,,,,,,,,,,,
honda,Fit,fit,fit-ex-1-5-at-2017,fit-ex-1-5-at-2017,https://www.fichacompleta.com.br/carros/honda/fit-ex-1-5-at-2017,2026-06-14T17:56:29.235692,Honda Fit EX 1.5 AT 2017,12 s,172 km/h,,Injeção multiponto,Natural,1497 cm³,4 em linha,L15A,"Único no cabeçote, corrente","89,4 mm",73 mm,Transversal,Dianteiro,"9,5 kg/cv","71,8 kg/kgfm","77,5 cv/litro",116 cv (A) 115 cv (G) a 6000 rpm,"11,4:1",,,"10,2 kgfm/litro","15,3 kgfm (A) 15,2 kgfm (G) a 4800 rpm",4,Conversor de torque,CVT,,0,Dianteira,1535 mm,1482 mm,1472 mm,421 kg,3997 mm,2530 mm,1695 mm,1099 kg,363 litros,45 litros,102 mm,Disco ventilado,Tambor,,,,Elétrica,,"10,3 m","Independente, McPherson",Mola helicoidal,Eixo de torção,635 km,554 km,"14,1 km/l","12,3 km/l",145 mm,,,,,,,Admissão,,,,,,,6500 rpm,,,,,,,,,,,Mecânicos,446 km,374 km,"9,9 km/l","8,3 km/l",,,,,,,,,,,,,,,,
honda,Fit,fit,fit-exl-1-5-at-2017,fit-exl-1-5-at-2017,https://www.fichacompleta.com.br/carros/honda/fit-exl-1-5-at-2017,2026-06-14T17:56:32.945220,Honda Fit EXL 1.5 AT 2017,12 s,172 km/h,,Injeção multiponto,Natural,1497 cm³,4 em linha,L15A,"Único no cabeçote, corrente","89,4 mm",73 mm,Transversal,Dianteiro,"9,5 kg/cv","72,0 kg/kgfm","77,5 cv/litro",116 cv (A) 115 cv (G) a 6000 rpm,"11,4:1",,,"10,2 kgfm/litro","15,3 kgfm (A) 15,2 kgfm (G) a 4800 rpm",4,Conversor de torque,CVT,,0,Dianteira,1535 mm,1482 mm,1472 mm,419 kg,3997 mm,2530 mm,1695 mm,1101 kg,363 litros,45 litros,102 mm,Disco ventilado,Tambor,,,,Elétrica,,"10,3 m","Independente, McPherson",Mola helicoidal,Eixo de torção,635 km,554 km,"14,1 km/l","12,3 km/l",145 mm,,,,,,,Admissão,,,,,,,6500 rpm,,,,,,,,,,,Mecânicos,446 km,374 km,"9,9 km/l","8,3 km/l",,,,,,,,,,,,,,,,
honda,Fit,fit,fit-lx-1-5-2017,fit-lx-1-5-2017,https://www.fichacompleta.com.br/carros/honda/fit-lx-1-5-2017,2026-06-14T17:56:37.661631,Honda Fit LX 1.5 2017,11 s,175 km/h,,Injeção multiponto,Natural,1497 cm³,4 em linha,L15A,"Único no cabeçote, corrente","89,4 mm",73 mm,Transversal,Dianteiro,"9,1 kg/cv","69,3 kg/kgfm","77,5 cv/litro",116 cv (A) 115 cv (G) a 6000 rpm,"11,4:1",,,"10,2 kgfm/litro","15,3 kgfm (A) 15,2 kgfm (G) a 4800 rpm",4,Embreagem monodisco a seco,Manual,,5,Dianteira,1535 mm,1482 mm,1472 mm,460 kg,3997 mm,2530 mm,1695 mm,1060 kg,363 litros,45 litros,111 mm,Disco ventilado,Tambor,,,,Elétrica,,"10,3 m","Independente, McPherson",Mola helicoidal,Eixo de torção,612 km,522 km,"13,6 km/l","11,6 km/l",145 mm,,,,,,,Admissão,,,,,,,6500 rpm,,,,,,,,,,,Mecânicos,428 km,374 km,"9,5 km/l","8,3 km/l",,,,,,,,,,,,,,,,
honda,Fit,fit,fit-lx-1-5-at-2017,fit-lx-1-5-at-2017,https://www.fichacompleta.com.br/carros/honda/fit-lx-1-5-at-2017,2026-06-14T17:56:41.804515,Honda Fit LX 1.5 AT 2017,12 s,172 km/h,,Injeção multiponto,Natural,1497 cm³,4 em linha,L15A,"Único no cabeçote, corrente","89,4 mm",73 mm,Transversal,Dianteiro,"9,3 kg/cv","70,6 kg/kgfm","77,5 cv/litro",116 cv (A) 115 cv (G) a 6000 rpm,"11,4:1",,,"10,2 kgfm/litro","15,3 kgfm (A) 15,2 kgfm (G) a 4800 rpm",4,Conversor de torque,CVT,,0,Dianteira,1535 mm,1482 mm,1472 mm,440 kg,3997 mm,2530 mm,1695 mm,1080 kg,363 litros,45 litros,111 mm,Disco ventilado,Tambor,,,,Elétrica,,"10,3 m","Independente, McPherson",Mola helicoidal,Eixo de torção,635 km,554 km,"14,1 km/l","12,3 km/l",145 mm,,,,,,,Admissão,,,,,,,6500 rpm,,,,,,,,,,,Mecânicos,446 km,374 km,"9,9 km/l","8,3 km/l",,,,,,,,,,,,,,,,
honda,Fit,fit,fit-dx-1-5-2018,fit-dx-1-5-2018,https://www.fichacompleta.com.br/carros/honda/fit-dx-1-5-2018,2026-06-14T17:56:44.724495,Honda Fit DX 1.5 2018,11 s,175 km/h,,Injeção multiponto,Natural,1497 cm³,4 em linha,L15A,"Único no cabeçote, corrente","89,4 mm",73 mm,Transversal,Dianteiro,"9,3 kg/cv","70,1 kg/kgfm","77,5 cv/litro",116 cv (A) 115 cv (G) a 6000 rpm,"11,4:1",,,"10,2 kgfm/litro","15,3 kgfm (A) 15,2 kgfm (G) a 4800 rpm",4,Embreagem monodisco a seco,Manual,,5,Dianteira,1535 mm,1482 mm,1472 mm,468 kg,4096 mm,2530 mm,1694 mm,1073 kg,363 litros,45 litros,111 mm,Disco ventilado,Tambor,,,,Elétrica,,"10,3 m","Independente, McPherson",Mola helicoidal,Eixo de torção,612 km,522 km,"13,6 km/l","11,6 km/l",145 mm,,,,,,,Admissão,,,,,,,6500 rpm,,,,,,,,,,,Mecânicos,428 km,374 km,"9,5 km/l","8,3 km/l",,,,,,,,,,,,,,,,
honda,Fit,fit,fit-ex-1-5-at-2018,fit-ex-1-5-at-2018,https://www.fichacompleta.com.br/carros/honda/fit-ex-1-5-at-2018,2026-06-14T17:56:47.959046,Honda Fit EX 1.5 AT 2018,12 s,172 km/h,,Injeção multiponto,Natural,1497 cm³,4 em linha,L15A,"Único no cabeçote, corrente","89,4 mm",73 mm,Transversal,Dianteiro,"9,5 kg/cv","71,8 kg/kgfm","77,5 cv/litro",116 cv (A) 115 cv (G) a 6000 rpm,"11,4:1",,,"10,2 kgfm/litro","15,3 kgfm (A) 15,2 kgfm (G) a 4800 rpm",4,Conversor de torque,CVT,,7,Dianteira,1535 mm,1482 mm,1472 mm,421 kg,4096 mm,2530 mm,1694 mm,1099 kg,363 litros,45 litros,102 mm,Disco ventilado,Tambor,,,,Elétrica,,"10,3 m","Independente, McPherson",Mola helicoidal,Eixo de torção,635 km,554 km,"14,1 km/l","12,3 km/l",145 mm,,,,,,,Admissão,,,,,,,6500 rpm,,,,,,,,,,,Mecânicos,446 km,374 km,"9,9 km/l","8,3 km/l",,,,,,,,,,,,,,,,
honda,Fit,fit,fit-exl-1-5-at-2018,fit-exl-1-5-at-2018,https://www.fichacompleta.com.br/carros/honda/fit-exl-1-5-at-2018,2026-06-14T17:56:52.708114,Honda Fit EXL 1.5 AT 2018,12 s,172 km/h,,Injeção multiponto,Natural,1497 cm³,4 em linha,L15A,"Único no cabeçote, corrente","89,4 mm",73 mm,Transversal,Dianteiro,"9,5 kg/cv","72,2 kg/kgfm","77,5 cv/litro",116 cv (A) 115 cv (G) a 6000 rpm,"11,4:1",,,"10,2 kgfm/litro","15,3 kgfm (A) 15,2 kgfm (G) a 4800 rpm",4,Conversor de torque,CVT,,7,Dianteira,1535 mm,1482 mm,1472 mm,419 kg,4096 mm,2530 mm,1694 mm,1104 kg,363 litros,45 litros,102 mm,Disco ventilado,Tambor,,,,Elétrica,,"10,3 m","Independente, McPherson",Mola helicoidal,Eixo de torção,635 km,554 km,"14,1 km/l","12,3 km/l",145 mm,,,,,,,Admissão,,,,,,,6500 rpm,,,,,,,,,,,Mecânicos,446 km,374 km,"9,9 km/l","8,3 km/l",,,,,,,,,,,,,,,,
honda,Fit,fit,fit-lx-1-5-at-2018,fit-lx-1-5-at-2018,https://www.fichacompleta.com.br/carros/honda/fit-lx-1-5-at-2018,2026-06-14T17:56:55.438792,Honda Fit LX 1.5 AT 2018,12 s,172 km/h,,Injeção multiponto,Natural,1497 cm³,4 em linha,L15A,"Único no cabeçote, corrente","89,4 mm",73 mm,Transversal,Dianteiro,"9,3 kg/cv","70,7 kg/kgfm","77,5 cv/litro",116 cv (A) 115 cv (G) a 6000 rpm,"11,4:1",,,"10,2 kgfm/litro","15,3 kgfm (A) 15,2 kgfm (G) a 4800 rpm",4,Conversor de torque,CVT,,0,Dianteira,1535 mm,1482 mm,1472 mm,440 kg,4096 mm,2530 mm,1694 mm,1082 kg,363 litros,45 litros,111 mm,Disco ventilado,Tambor,,,,Elétrica,,"10,3 m","Independente, McPherson",Mola helicoidal,Eixo de torção,635 km,554 km,"14,1 km/l","12,3 km/l",145 mm,,,,,,,Admissão,,,,,,,6500 rpm,,,,,,,,,,,Mecânicos,446 km,374 km,"9,9 km/l","8,3 km/l",,,,,,,,,,,,,,,,
honda,Fit,fit,fit-personal-1-5-at-pcd-2018,fit-personal-1-5-at-pcd-2018,https://www.fichacompleta.com.br/carros/honda/fit-personal-1-5-at-pcd-2018,2026-06-14T17:56:59.629755,Honda Fit Personal 1.5 AT [PCD] 2018,12 s,172 km/h,,Injeção multiponto,Natural,1497 cm³,4 em linha,L15A,"Único no cabeçote, corrente","89,4 mm",73 mm,Transversal,Dianteiro,"9,3 kg/cv","70,1 kg/kgfm","77,5 cv/litro",116 cv (A) 115 cv (G) a 6000 rpm,"11,4:1",,,"10,2 kgfm/litro","15,3 kgfm (A) 15,2 kgfm (G) a 4800 rpm",4,Conversor de torque,CVT,,0,Dianteira,1535 mm,1482 mm,1472 mm,440 kg,4096 mm,2530 mm,1694 mm,1073 kg,363 litros,45 litros,111 mm,Disco ventilado,Tambor,,,,Elétrica,,"10,3 m","Independente, McPherson",Mola helicoidal,Eixo de torção,635 km,554 km,"14,1 km/l","12,3 km/l",145 mm,,,,,,,Admissão,,,,,,,6500 rpm,,,,,,,,,,,Mecânicos,446 km,374 km,"9,9 km/l","8,3 km/l",,,,,,,,,,,,,,,,
honda,Fit,fit,fit-dx-1-5-2019,fit-dx-1-5-2019,https://www.fichacompleta.com.br/carros/honda/fit-dx-1-5-2019,2026-06-14T17:57:03.372417,Honda Fit DX 1.5 2019,11 s,175 km/h,,Injeção multiponto,Natural,1497 cm³,4 em linha,L15A,"Único no cabeçote, corrente","89,4 mm",73 mm,Transversal,Dianteiro,"9,3 kg/cv","70,1 kg/kgfm","77,5 cv/litro",116 cv (A) 115 cv (G) a 6000 rpm,"11,4:1",,,"10,2 kgfm/litro","15,3 kgfm (A) 15,2 kgfm (G) a 4800 rpm",4,Embreagem monodisco a seco,Manual,,5,Dianteira,1535 mm,1482 mm,1472 mm,468 kg,4096 mm,2530 mm,1694 mm,1073 kg,363 litros,45 litros,111 mm,Disco ventilado,Tambor,,,,Elétrica,,"10,3 m","Independente, McPherson",Mola helicoidal,Eixo de torção,612 km,522 km,"13,6 km/l","11,6 km/l",145 mm,,,,,,,Admissão,,,,,,,6500 rpm,,,,,,,,,,,Mecânicos,428 km,374 km,"9,5 km/l","8,3 km/l",,,,,,,,,,,,,,,,
honda,Fit,fit,fit-ex-1-5-at-2019,fit-ex-1-5-at-2019,https://www.fichacompleta.com.br/carros/honda/fit-ex-1-5-at-2019,2026-06-14T17:57:06.994520,Honda Fit EX 1.5 AT 2019,12 s,172 km/h,,Injeção multiponto,Natural,1497 cm³,4 em linha,L15A,"Único no cabeçote, corrente","89,4 mm",73 mm,Transversal,Dianteiro,"9,5 kg/cv","71,8 kg/kgfm","77,5 cv/litro",116 cv (A) 115 cv (G) a 6000 rpm,"11,4:1",,,"10,2 kgfm/litro","15,3 kgfm (A) 15,2 kgfm (G) a 4800 rpm",4,Conversor de torque,CVT,,7,Dianteira,1535 mm,1482 mm,1472 mm,421 kg,4096 mm,2530 mm,1694 mm,1099 kg,363 litros,45 litros,102 mm,Disco ventilado,Tambor,,,,Elétrica,,"10,3 m","Independente, McPherson",Mola helicoidal,Eixo de torção,635 km,554 km,"14,1 km/l","12,3 km/l",145 mm,,,,,,,Admissão,,,,,,,6500 rpm,,,,,,,,,,,Mecânicos,446 km,374 km,"9,9 km/l","8,3 km/l",,,,,,,,,,,,,,,,
honda,Fit,fit,fit-exl-1-5-at-2019,fit-exl-1-5-at-2019,https://www.fichacompleta.com.br/carros/honda/fit-exl-1-5-at-2019,2026-06-14T17:57:10.696647,Honda Fit EXL 1.5 AT 2019,12 s,172 km/h,,Injeção multiponto,Natural,1497 cm³,4 em linha,L15A,"Único no cabeçote, corrente","89,4 mm",73 mm,Transversal,Dianteiro,"9,5 kg/cv","72,2 kg/kgfm","77,5 cv/litro",116 cv (A) 115 cv (G) a 6000 rpm,"11,4:1",,,"10,2 kgfm/litro","15,3 kgfm (A) 15,2 kgfm (G) a 4800 rpm",4,Conversor de torque,CVT,,7,Dianteira,1535 mm,1482 mm,1472 mm,419 kg,4096 mm,2530 mm,1694 mm,1104 kg,363 litros,45 litros,102 mm,Disco ventilado,Tambor,,,,Elétrica,,"10,3 m","Independente, McPherson",Mola helicoidal,Eixo de torção,635 km,554 km,"14,1 km/l","12,3 km/l",145 mm,,,,,,,Admissão,,,,,,,6500 rpm,,,,,,,,,,,Mecânicos,446 km,374 km,"9,9 km/l","8,3 km/l",,,,,,,,,,,,,,,,
honda,Fit,fit,fit-lx-1-5-at-2019,fit-lx-1-5-at-2019,https://www.fichacompleta.com.br/carros/honda/fit-lx-1-5-at-2019,2026-06-14T17:57:13.371574,Honda Fit LX 1.5 AT 2019,12 s,172 km/h,Corrente,Injeção multiponto,Natural,1497 cm³,4 em linha,L15A,Único no cabeçote,"89,4 mm",73 mm,Transversal,Dianteiro,"9,3 kg/cv","70,7 kg/kgfm","77,5 cv/litro",,"11,4:1",,,"10,2 kgfm/litro",,4,Conversor de torque,CVT,0,,Dianteira,1535 mm,1482 mm,1472 mm,440 kg,4096 mm,2530 mm,1694 mm,1082 kg,363 litros,45 litros,111 mm,Disco ventilado,Tambor,,,,Elétrica,"10,3 m",,"Indep., McPherson",Mola helicoidal,Eixo de torção,635 km,554 km,"14,1 km/l","12,3 km/l",145 mm,6000 rpm,4800 rpm,,,,,Admissão,,,,,,,6500 rpm,,,,,,,,,,,Mecânicos,446 km,374 km,"9,9 km/l","8,3 km/l",116 cv,115 cv,"15,3 kgfm","15,2 kgfm",,,,,,,,,,,,
honda,Fit,fit,fit-personal-1-5-at-pcd-2019,fit-personal-1-5-at-pcd-2019,https://www.fichacompleta.com.br/carros/honda/fit-personal-1-5-at-pcd-2019,2026-06-14T17:57:15.869184,Honda Fit Personal 1.5 AT [PCD] 2019,12 s,172 km/h,,Injeção multiponto,Natural,1497 cm³,4 em linha,L15A,"Único no cabeçote, corrente","89,4 mm",73 mm,Transversal,Dianteiro,"9,3 kg/cv","70,1 kg/kgfm","77,5 cv/litro",116 cv (A) 115 cv (G) a 6000 rpm,"11,4:1",,,"10,2 kgfm/litro","15,3 kgfm (A) 15,2 kgfm (G) a 4800 rpm",4,Conversor de torque,CVT,,0,Dianteira,1535 mm,1482 mm,1472 mm,440 kg,4096 mm,2530 mm,1694 mm,1073 kg,363 litros,45 litros,111 mm,Disco ventilado,Tambor,,,,Elétrica,,"10,3 m","Independente, McPherson",Mola helicoidal,Eixo de torção,635 km,554 km,"14,1 km/l","12,3 km/l",145 mm,,,,,,,Admissão,,,,,,,6500 rpm,,,,,,,,,,,Mecânicos,446 km,374 km,"9,9 km/l","8,3 km/l",,,,,,,,,,,,,,,,
honda,Fit,fit,fit-dx-1-5-2020,fit-dx-1-5-2020,https://www.fichacompleta.com.br/carros/honda/fit-dx-1-5-2020,2026-06-14T17:57:19.464803,Honda Fit DX 1.5 2020,11 s,175 km/h,Corrente,Injeção multiponto,Natural,1497 cm³,4 em linha,L15A,Único no cabeçote,"89,4 mm",73 mm,Transversal,Dianteiro,"9,3 kg/cv","70,1 kg/kgfm","77,5 cv/litro",,"11,4:1",,,"10,2 kgfm/litro",,4,Embreagem monodisco a seco,Manual,5,,Dianteira,1535 mm,1482 mm,1472 mm,468 kg,4096 mm,2530 mm,1694 mm,1073 kg,363 litros,45 litros,111 mm,Disco ventilado,Tambor,,,,Elétrica,"10,3 m",,"Indep., McPherson",Mola helicoidal,Eixo de torção,612 km,522 km,"13,6 km/l","11,6 km/l",145 mm,6000 rpm,4800 rpm,,,,,Admissão,,,,,,,6500 rpm,,,,,,,,,,,Mecânicos,428 km,374 km,"9,5 km/l","8,3 km/l",116 cv,115 cv,"15,3 kgfm","15,2 kgfm",,,,,,,,,,,,
honda,Fit,fit,fit-ex-1-5-at-2020,fit-ex-1-5-at-2020,https://www.fichacompleta.com.br/carros/honda/fit-ex-1-5-at-2020,2026-06-14T17:57:23.256843,Honda Fit EX 1.5 AT 2020,12 s,172 km/h,Corrente,Injeção multiponto,Natural,1497 cm³,4 em linha,L15A,Único no cabeçote,"89,4 mm",73 mm,Transversal,Dianteiro,"9,5 kg/cv","71,8 kg/kgfm","77,5 cv/litro",,"11,4:1",,,"10,2 kgfm/litro",,4,Conversor de torque,CVT,7,,Dianteira,1535 mm,1482 mm,1472 mm,421 kg,4096 mm,2530 mm,1694 mm,1099 kg,363 litros,45 litros,102 mm,Disco ventilado,Tambor,,,,Elétrica,"10,3 m",,"Indep., McPherson",Mola helicoidal,Eixo de torção,635 km,554 km,"14,1 km/l","12,3 km/l",145 mm,6000 rpm,4800 rpm,,,,,Admissão,,,,,,,6500 rpm,,,,,,,,,,,Mecânicos,446 km,374 km,"9,9 km/l","8,3 km/l",116 cv,115 cv,"15,3 kgfm","15,2 kgfm",,,,,,,,,,,,
honda,Fit,fit,fit-exl-1-5-at-2020,fit-exl-1-5-at-2020,https://www.fichacompleta.com.br/carros/honda/fit-exl-1-5-at-2020,2026-06-14T17:57:27.643334,Honda Fit EXL 1.5 AT 2020,12 s,172 km/h,Corrente,Injeção multiponto,Natural,1497 cm³,4 em linha,L15A,Único no cabeçote,"89,4 mm",73 mm,Transversal,Dianteiro,"9,5 kg/cv","72,2 kg/kgfm","77,5 cv/litro",,"11,4:1",,,"10,2 kgfm/litro",,4,Conversor de torque,CVT,7,,Dianteira,1535 mm,1482 mm,1472 mm,419 kg,4096 mm,2530 mm,1694 mm,1104 kg,363 litros,45 litros,102 mm,Disco ventilado,Tambor,,,,Elétrica,"10,3 m",,"Indep., McPherson",Mola helicoidal,Eixo de torção,635 km,554 km,"14,1 km/l","12,3 km/l",145 mm,6000 rpm,4800 rpm,,,,,Admissão,,,,,,,6500 rpm,,,,,,,,,,,Mecânicos,446 km,374 km,"9,9 km/l","8,3 km/l",116 cv,115 cv,"15,3 kgfm","15,2 kgfm",,,,,,,,,,,,
honda,Fit,fit,fit-lx-1-5-at-2020,fit-lx-1-5-at-2020,https://www.fichacompleta.com.br/carros/honda/fit-lx-1-5-at-2020,2026-06-14T17:57:30.106592,Honda Fit LX 1.5 AT 2020,12 s,172 km/h,Corrente,Injeção multiponto,Natural,1497 cm³,4 em linha,L15A,Único no cabeçote,"89,4 mm",73 mm,Transversal,Dianteiro,"9,3 kg/cv","70,7 kg/kgfm","77,5 cv/litro",,"11,4:1",,,"10,2 kgfm/litro",,4,Conversor de torque,CVT,0,,Dianteira,1535 mm,1482 mm,1472 mm,440 kg,4096 mm,2530 mm,1694 mm,1082 kg,363 litros,45 litros,111 mm,Disco ventilado,Tambor,,,,Elétrica,"10,3 m",,"Indep., McPherson",Mola helicoidal,Eixo de torção,635 km,554 km,"14,1 km/l","12,3 km/l",145 mm,6000 rpm,4800 rpm,,,,,Admissão,,,,,,,6500 rpm,,,,,,,,,,,Mecânicos,446 km,374 km,"9,9 km/l","8,3 km/l",116 cv,115 cv,"15,3 kgfm","15,2 kgfm",,,,,,,,,,,,
honda,Fit,fit,fit-personal-1-5-at-pcd-2020,fit-personal-1-5-at-pcd-2020,https://www.fichacompleta.com.br/carros/honda/fit-personal-1-5-at-pcd-2020,2026-06-14T17:57:32.692727,Honda Fit Personal 1.5 AT [PCD] 2020,12 s,172 km/h,Corrente,Injeção multiponto,Natural,1497 cm³,4 em linha,L15A,Único no cabeçote,"89,4 mm",73 mm,Transversal,Dianteiro,"9,3 kg/cv","70,1 kg/kgfm","77,5 cv/litro",,"11,4:1",,,"10,2 kgfm/litro",,4,Conversor de torque,CVT,0,,Dianteira,1535 mm,1482 mm,1472 mm,440 kg,4096 mm,2530 mm,1694 mm,1073 kg,363 litros,45 litros,111 mm,Disco ventilado,Tambor,,,,Elétrica,"10,3 m",,"Indep., McPherson",Mola helicoidal,Eixo de torção,635 km,554 km,"14,1 km/l","12,3 km/l",145 mm,6000 rpm,4800 rpm,,,,,Admissão,,,,,,,6500 rpm,,,,,,,,,,,Mecânicos,446 km,374 km,"9,9 km/l","8,3 km/l",116 cv,115 cv,"15,3 kgfm","15,2 kgfm",,,,,,,,,,,,
honda,Fit,fit,fit-dx-1-5-2021,fit-dx-1-5-2021,https://www.fichacompleta.com.br/carros/honda/fit-dx-1-5-2021,2026-06-14T17:57:35.494527,Honda Fit DX 1.5 2021,11 s,175 km/h,Corrente,Injeção multiponto,Natural,1497 cm³,4 em linha,L15A,Único no cabeçote,"89,4 mm",73 mm,Transversal,Dianteiro,"9,3 kg/cv","70,1 kg/kgfm","77,5 cv/litro",,"11,4:1",,,"10,2 kgfm/litro",,4,Embreagem monodisco a seco,Manual,5,,Dianteira,1535 mm,1482 mm,1472 mm,468 kg,4096 mm,2530 mm,1694 mm,1073 kg,363 litros,45 litros,111 mm,Disco ventilado,Tambor,,,,Elétrica,"10,3 m",,"Indep., McPherson",Mola helicoidal,Eixo de torção,612 km,522 km,"13,6 km/l","11,6 km/l",145 mm,6000 rpm,4800 rpm,,,,,Admissão,,,,,,,6500 rpm,,,,,,,,,,,Mecânicos,428 km,374 km,"9,5 km/l","8,3 km/l",116 cv,115 cv,"15,3 kgfm","15,2 kgfm",,,,,,,,,,,,
honda,Fit,fit,fit-ex-1-5-at-2021,fit-ex-1-5-at-2021,https://www.fichacompleta.com.br/carros/honda/fit-ex-1-5-at-2021,2026-06-14T17:57:40.083337,Honda Fit EX 1.5 AT 2021,12 s,172 km/h,Corrente,Injeção multiponto,Natural,1497 cm³,4 em linha,L15A,Único no cabeçote,"89,4 mm",73 mm,Transversal,Dianteiro,"9,5 kg/cv","71,8 kg/kgfm","77,5 cv/litro",,"11,4:1",,,"10,2 kgfm/litro",,4,Conversor de torque,CVT,7,,Dianteira,1535 mm,1482 mm,1472 mm,421 kg,4096 mm,2530 mm,1694 mm,1099 kg,363 litros,45 litros,102 mm,Disco ventilado,Tambor,,,,Elétrica,"10,3 m",,"Indep., McPherson",Mola helicoidal,Eixo de torção,635 km,554 km,"14,1 km/l","12,3 km/l",145 mm,6000 rpm,4800 rpm,,,,,Admissão,,,,,,,6500 rpm,,,,,,,,,,,Mecânicos,446 km,374 km,"9,9 km/l","8,3 km/l",116 cv,115 cv,"15,3 kgfm","15,2 kgfm",,,,,,,,,,,,
honda,Fit,fit,fit-exl-1-5-at-2021,fit-exl-1-5-at-2021,https://www.fichacompleta.com.br/carros/honda/fit-exl-1-5-at-2021,2026-06-14T17:57:44.058678,Honda Fit EXL 1.5 AT 2021,12 s,172 km/h,Corrente,Injeção multiponto,Natural,1497 cm³,4 em linha,L15A,Único no cabeçote,"89,4 mm",73 mm,Transversal,Dianteiro,"9,5 kg/cv","72,2 kg/kgfm","77,5 cv/litro",,"11,4:1",,,"10,2 kgfm/litro",,4,Conversor de torque,CVT,7,,Dianteira,1535 mm,1482 mm,1472 mm,419 kg,4096 mm,2530 mm,1694 mm,1104 kg,363 litros,45 litros,102 mm,Disco ventilado,Tambor,,,,Elétrica,"10,3 m",,"Indep., McPherson",Mola helicoidal,Eixo de torção,635 km,554 km,"14,1 km/l","12,3 km/l",145 mm,6000 rpm,4800 rpm,,,,,Admissão,,,,,,,6500 rpm,,,,,,,,,,,Mecânicos,446 km,374 km,"9,9 km/l","8,3 km/l",116 cv,115 cv,"15,3 kgfm","15,2 kgfm",,,,,,,,,,,,
honda,Fit,fit,fit-lx-1-5-at-2021,fit-lx-1-5-at-2021,https://www.fichacompleta.com.br/carros/honda/fit-lx-1-5-at-2021,2026-06-14T17:57:46.758687,Honda Fit LX 1.5 AT 2021,12 s,172 km/h,,Injeção multiponto,Natural,1497 cm³,4 em linha,L15A,"Único no cabeçote, corrente",,,Transversal,Dianteiro,"9,3 kg/cv","70,7 kg/kgfm","77,5 cv/litro",116 cv (A) 115 cv (G) a 6000 rpm,"11,4:1",,,"10,2 kgfm/litro","15,3 kgfm (A) 15,2 kgfm (G) a 4800 rpm",4,,CVT,,0,Dianteira,1535 mm,1482 mm,1472 mm,440 kg,4096 mm,2530 mm,1694 mm,1082 kg,363 litros,45 litros,111 mm,185/60 R15,185/60 R15,,,,Elétrica,,"10,3 m","Independente, McPherson",Mola helicoidal,Eixo de torção,635 km,554 km,"14,1 km/l","12,3 km/l",,,,,,"89,4 mm",73 mm,Admissão,,,,,,,,,,,,,,,,,,Mecânicos,446 km,374 km,"9,9 km/l","8,3 km/l",,,,,,,,,,,,,,,,
honda,Fit,fit,fit-personal-1-5-at-pcd-2021,fit-personal-1-5-at-pcd-2021,https://www.fichacompleta.com.br/carros/honda/fit-personal-1-5-at-pcd-2021,2026-06-14T17:57:49.770529,Honda Fit Personal 1.5 AT [PCD] 2021,12 s,172 km/h,,Injeção multiponto,Natural,1497 cm³,4 em linha,L15A,"Único no cabeçote, corrente",,,Transversal,Dianteiro,"9,3 kg/cv","70,1 kg/kgfm","77,5 cv/litro",116 cv (A) 115 cv (G) a 6000 rpm,"11,4:1",,,"10,2 kgfm/litro","15,3 kgfm (A) 15,2 kgfm (G) a 4800 rpm",4,Conversor de torque,CVT,,0,Dianteira,1535 mm,1482 mm,1472 mm,440 kg,4096 mm,2530 mm,1694 mm,1073 kg,363 litros,45 litros,111 mm,Disco ventilado,Tambor,,,,Elétrica,,"10,3 m","Independente, McPherson",Mola helicoidal,Eixo de torção,635 km,554 km,"14,1 km/l","12,3 km/l",145 mm,,,,,"89,4 mm",73 mm,Admissão,,,,,,,6500 rpm,,,,,,,,,,,Mecânicos,446 km,374 km,"9,9 km/l","8,3 km/l",,,,,,,,,,,,,,,,
honda,Hr-v,hr-v,hr-v-ex-1-8-at-2016,hr-v-ex-1-8-at-2016,https://www.fichacompleta.com.br/carros/honda/hr-v-ex-1-8-at-2016,2026-06-14T17:58:08.338439,Honda Hr-v EX 1.8 AT 2016,"11,2 s",175 km/h,,Injeção multiponto,Natural,1799 cm³,4 em linha,R18A1,"Único no cabeçote, corrente","87,3 mm",81 mm,Transversal,Dianteiro,"9,1 kg/cv","73,0 kg/kgfm","77,3 cv/litro",139 cv (A) 140 cv (G) a 6300 rpm,"10,6:1",,,"9,7 kgfm/litro","17,4 kgfm (A) 17,3 kgfm (G) a 5000 rpm",4,Conversor de torque,CVT,,0,Dianteira,1586 mm,,,470 kg,4294 mm,2610 mm,1772 mm,1270 kg,437 litros,51 litros,118 mm,Disco ventilado,Disco sólido,,,,Elétrica,,"10,6 m","Independente, McPherson",Mola helicoidal,Eixo de torção,617 km,536 km,"12,1 km/l","10,5 km/l",177 mm,,,,,,,Admissão,,,,,,,6800 rpm,,,,,,,,"20,1 graus","29,7 graus",,Mecânicos,434 km,362 km,"8,5 km/l","7,1 km/l",,,,,,,,,,,,,,,,
honda,Hr-v,hr-v,hr-v-exl-1-8-at-2016,hr-v-exl-1-8-at-2016,https://www.fichacompleta.com.br/carros/honda/hr-v-exl-1-8-at-2016,2026-06-14T17:58:12.925564,Honda Hr-v EXL 1.8 AT 2016,"11,2 s",175 km/h,,Injeção multiponto,Natural,1799 cm³,4 em linha,R18A1,"Único no cabeçote, corrente","87,3 mm",81 mm,Transversal,Dianteiro,"9,2 kg/cv","73,3 kg/kgfm","77,3 cv/litro",139 cv (A) 140 cv (G) a 6300 rpm,"10,6:1",,,"9,7 kgfm/litro","17,4 kgfm (A) 17,3 kgfm (G) a 5000 rpm",4,Conversor de torque,CVT,,7,Dianteira,1586 mm,,,464 kg,4294 mm,2610 mm,1772 mm,1276 kg,437 litros,51 litros,118 mm,Disco ventilado,Disco sólido,,,,Elétrica,,"10,6 m","Independente, McPherson",Mola helicoidal,Eixo de torção,617 km,536 km,"12,1 km/l","10,5 km/l",177 mm,,,,,,,Admissão,,,,,,,6800 rpm,,,,,,,,"20,1 graus","29,7 graus",,Mecânicos,434 km,362 km,"8,5 km/l","7,1 km/l",,,,,,,,,,,,,,,,
honda,Hr-v,hr-v,hr-v-lx-1-8-2016,hr-v-lx-1-8-2016,https://www.fichacompleta.com.br/carros/honda/hr-v-lx-1-8-2016,2026-06-14T17:58:16.006423,Honda Hr-v LX 1.8 2016,"10,8 s",180 km/h,,Injeção multiponto,Natural,1799 cm³,4 em linha,R18A1,"Único no cabeçote, corrente","87,3 mm",81 mm,Transversal,Dianteiro,"9,1 kg/cv","72,7 kg/kgfm","77,3 cv/litro",139 cv (A) 140 cv (G) a 6300 rpm,"10,6:1",,,"9,7 kgfm/litro","17,4 kgfm (A) 17,3 kgfm (G) a 5000 rpm",4,Embreagem monodisco a seco,Manual,,6,Dianteira,1586 mm,,,475 kg,4294 mm,2610 mm,1772 mm,1265 kg,437 litros,51 litros,118 mm,Disco ventilado,Disco sólido,,,,Elétrica,,"10,6 m","Independente, McPherson",Mola helicoidal,Eixo de torção,638 km,510 km,"12,5 km/l",10 km/l,177 mm,,,,,,,Admissão,,,,,,,6800 rpm,,,,,,,,"20,1 graus","29,7 graus",,Mecânicos,439 km,342 km,"8,6 km/l","6,7 km/l",,,,,,,,,,,,,,,,
honda,Hr-v,hr-v,hr-v-lx-1-8-at-2016,hr-v-lx-1-8-at-2016,https://www.fichacompleta.com.br/carros/honda/hr-v-lx-1-8-at-2016,2026-06-14T17:58:20.230201,Honda Hr-v LX 1.8 AT 2016,"11,2 s",175 km/h,,Injeção multiponto,Natural,1799 cm³,4 em linha,R18A1,"Único no cabeçote, corrente","87,3 mm",81 mm,Transversal,Dianteiro,"9,1 kg/cv","73,0 kg/kgfm","77,3 cv/litro",139 cv (A) 140 cv (G) a 6300 rpm,"10,6:1",,,"9,7 kgfm/litro","17,4 kgfm (A) 17,3 kgfm (G) a 5000 rpm",4,Conversor de torque,CVT,,0,Dianteira,1586 mm,,,469 kg,4294 mm,2610 mm,1772 mm,1271 kg,437 litros,51 litros,118 mm,Disco ventilado,Disco sólido,,,,Elétrica,,"10,6 m","Independente, McPherson",Mola helicoidal,Eixo de torção,617 km,536 km,"12,1 km/l","10,5 km/l",177 mm,,,,,,,Admissão,,,,,,,6800 rpm,,,,,,,,"20,1 graus","29,7 graus",,Mecânicos,434 km,362 km,"8,5 km/l","7,1 km/l",,,,,,,,,,,,,,,,
honda,Hr-v,hr-v,hr-v-ex-1-8-at-2017,hr-v-ex-1-8-at-2017,https://www.fichacompleta.com.br/carros/honda/hr-v-ex-1-8-at-2017,2026-06-14T17:58:23.547861,Honda Hr-v EX 1.8 AT 2017,"11,2 s",175 km/h,,Injeção multiponto,Natural,1799 cm³,4 em linha,R18A1,"Único no cabeçote, corrente","87,3 mm",81 mm,Transversal,Dianteiro,"9,1 kg/cv","73,0 kg/kgfm","77,3 cv/litro",139 cv (A) 140 cv (G) a 6300 rpm,"10,6:1",,,"9,7 kgfm/litro","17,4 kgfm (A) 17,3 kgfm (G) a 5000 rpm",4,Conversor de torque,CVT,,7,Dianteira,1586 mm,,,470 kg,4294 mm,2610 mm,1772 mm,1270 kg,437 litros,51 litros,118 mm,Disco ventilado,Disco sólido,,,,Elétrica,,"10,6 m","Independente, McPherson",Mola helicoidal,Eixo de torção,617 km,536 km,"12,1 km/l","10,5 km/l",177 mm,,,,,,,Admissão,,,,,,,6800 rpm,,,,,,,,"20,1 graus","29,7 graus",,Mecânicos,434 km,362 km,"8,5 km/l","7,1 km/l",,,,,,,,,,,,,,,,
honda,Hr-v,hr-v,hr-v-exl-1-8-at-2017,hr-v-exl-1-8-at-2017,https://www.fichacompleta.com.br/carros/honda/hr-v-exl-1-8-at-2017,2026-06-14T17:58:28.190141,Honda Hr-v EXL 1.8 AT 2017,"11,2 s",175 km/h,,Injeção multiponto,Natural,1799 cm³,4 em linha,R18A1,"Único no cabeçote, corrente","87,3 mm",81 mm,Transversal,Dianteiro,"9,2 kg/cv","73,3 kg/kgfm","77,3 cv/litro",139 cv (A) 140 cv (G) a 6300 rpm,"10,6:1",,,"9,7 kgfm/litro","17,4 kgfm (A) 17,3 kgfm (G) a 5000 rpm",4,Conversor de torque,CVT,,7,Dianteira,1586 mm,,,464 kg,4294 mm,2610 mm,1772 mm,1276 kg,437 litros,51 litros,118 mm,Disco ventilado,Disco sólido,,,,Elétrica,,"10,6 m","Independente, McPherson",Mola helicoidal,Eixo de torção,617 km,536 km,"12,1 km/l","10,5 km/l",177 mm,,,,,,,Admissão,,,,,,,6800 rpm,,,,,,,,"20,1 graus","29,7 graus",,Mecânicos,434 km,362 km,"8,5 km/l","7,1 km/l",,,,,,,,,,,,,,,,
honda,Hr-v,hr-v,hr-v-lx-1-8-2017,hr-v-lx-1-8-2017,https://www.fichacompleta.com.br/carros/honda/hr-v-lx-1-8-2017,2026-06-14T17:58:31.309079,Honda Hr-v LX 1.8 2017,"10,8 s",180 km/h,,Injeção multiponto,Natural,1799 cm³,4 em linha,R18A1,"Único no cabeçote, corrente","87,3 mm",81 mm,Transversal,Dianteiro,"9,1 kg/cv","72,7 kg/kgfm","77,3 cv/litro",139 cv (A) 140 cv (G) a 6300 rpm,"10,6:1",,,"9,7 kgfm/litro","17,4 kgfm (A) 17,3 kgfm (G) a 5000 rpm",4,Embreagem monodisco a seco,Manual,,6,Dianteira,1586 mm,,,475 kg,4294 mm,2610 mm,1772 mm,1265 kg,437 litros,51 litros,118 mm,Disco ventilado,Disco sólido,,,,Elétrica,,"10,6 m","Independente, McPherson",Mola helicoidal,Eixo de torção,638 km,510 km,"12,5 km/l",10 km/l,177 mm,,,,,,,Admissão,,,,,,,6800 rpm,,,,,,,,"20,1 graus","29,7 graus",,Mecânicos,439 km,342 km,"8,6 km/l","6,7 km/l",,,,,,,,,,,,,,,,
honda,Hr-v,hr-v,hr-v-lx-1-8-at-2017,hr-v-lx-1-8-at-2017,https://www.fichacompleta.com.br/carros/honda/hr-v-lx-1-8-at-2017,2026-06-14T17:58:34.752120,Honda Hr-v LX 1.8 AT 2017,"11,2 s",175 km/h,,Injeção multiponto,Natural,1799 cm³,4 em linha,R18A1,"Único no cabeçote, corrente","87,3 mm",81 mm,Transversal,Dianteiro,"9,1 kg/cv","73,0 kg/kgfm","77,3 cv/litro",139 cv (A) 140 cv (G) a 6300 rpm,"10,6:1",,,"9,7 kgfm/litro","17,4 kgfm (A) 17,3 kgfm (G) a 5000 rpm",4,Conversor de torque,CVT,,0,Dianteira,1586 mm,,,469 kg,4294 mm,2610 mm,1772 mm,1271 kg,437 litros,51 litros,118 mm,Disco ventilado,Disco sólido,,,,Elétrica,,"10,6 m","Independente, McPherson",Mola helicoidal,Eixo de torção,617 km,536 km,"12,1 km/l","10,5 km/l",177 mm,,,,,,,Admissão,,,,,,,6800 rpm,,,,,,,,"20,1 graus","29,7 graus",,Mecânicos,434 km,362 km,"8,5 km/l","7,1 km/l",,,,,,,,,,,,,,,,
honda,Hr-v,hr-v,hr-v-touring-1-8-at-2017,hr-v-touring-1-8-at-2017,https://www.fichacompleta.com.br/carros/honda/hr-v-touring-1-8-at-2017,2026-06-14T17:58:39.310190,Honda Hr-v Touring 1.8 AT 2017,"11,2 s",175 km/h,,Injeção multiponto,Natural,1799 cm³,4 em linha,R18A1,"Único no cabeçote, corrente","87,3 mm",81 mm,Transversal,Dianteiro,"9,2 kg/cv","73,3 kg/kgfm","77,3 cv/litro",139 cv (A) 140 cv (G) a 6300 rpm,"10,6:1",,,"9,7 kgfm/litro","17,4 kgfm (A) 17,3 kgfm (G) a 5000 rpm",4,Conversor de torque,CVT,,7,Dianteira,1586 mm,,,464 kg,4294 mm,2610 mm,1772 mm,1276 kg,437 litros,51 litros,118 mm,Disco ventilado,Disco sólido,,,,Elétrica,,"10,6 m","Independente, McPherson",Mola helicoidal,Eixo de torção,617 km,536 km,"12,1 km/l","10,5 km/l",177 mm,,,,,,,Admissão,,,,,,,6800 rpm,,,,,,,,"20,1 graus","29,7 graus",,Mecânicos,434 km,362 km,"8,5 km/l","7,1 km/l",,,,,,,,,,,,,,,,
honda,Hr-v,hr-v,hr-v-ex-1-8-at-2018,hr-v-ex-1-8-at-2018,https://www.fichacompleta.com.br/carros/honda/hr-v-ex-1-8-at-2018,2026-06-14T17:58:43.886724,Honda Hr-v EX 1.8 AT 2018,"11,2 s",175 km/h,,Injeção multiponto,Natural,1799 cm³,4 em linha,R18A1,"Único no cabeçote, corrente","87,3 mm",81 mm,Transversal,Dianteiro,"9,1 kg/cv","73,0 kg/kgfm","77,3 cv/litro",139 cv (A) 140 cv (G) a 6300 rpm,"10,6:1",,,"9,7 kgfm/litro","17,4 kgfm (A) 17,3 kgfm (G) a 5000 rpm",4,Conversor de torque,CVT,,7,Dianteira,1586 mm,,,470 kg,4294 mm,2610 mm,1772 mm,1270 kg,437 litros,51 litros,118 mm,Disco ventilado,Disco sólido,,,,Elétrica,,"10,6 m","Independente, McPherson",Mola helicoidal,Eixo de torção,627 km,561 km,"12,3 km/l",11 km/l,177 mm,,,,,,,Admissão,,,,,,,6800 rpm,,,,,,,,"20,1 graus","29,7 graus",,Mecânicos,439 km,393 km,"8,6 km/l","7,7 km/l",,,,,,,,,,,,,,,,
honda,Hr-v,hr-v,hr-v-exl-1-8-at-2018,hr-v-exl-1-8-at-2018,https://www.fichacompleta.com.br/carros/honda/hr-v-exl-1-8-at-2018,2026-06-14T17:58:47.252827,Honda Hr-v EXL 1.8 AT 2018,"11,2 s",175 km/h,,Injeção multiponto,Natural,1799 cm³,4 em linha,R18A1,"Único no cabeçote, corrente","87,3 mm",81 mm,Transversal,Dianteiro,"9,2 kg/cv","73,3 kg/kgfm","77,3 cv/litro",139 cv (A) 140 cv (G) a 6300 rpm,"10,6:1",,,"9,7 kgfm/litro","17,4 kgfm (A) 17,3 kgfm (G) a 5000 rpm",4,Conversor de torque,CVT,,7,Dianteira,1586 mm,,,464 kg,4294 mm,2610 mm,1772 mm,1276 kg,437 litros,51 litros,118 mm,Disco ventilado,Disco sólido,,,,Elétrica,,"10,6 m","Independente, McPherson",Mola helicoidal,Eixo de torção,627 km,561 km,"12,3 km/l",11 km/l,177 mm,,,,,,,Admissão,,,,,,,6800 rpm,,,,,,,,"20,1 graus","29,7 graus",,Mecânicos,439 km,393 km,"8,6 km/l","7,7 km/l",,,,,,,,,,,,,,,,
honda,Hr-v,hr-v,hr-v-lx-1-8-2018,hr-v-lx-1-8-2018,https://www.fichacompleta.com.br/carros/honda/hr-v-lx-1-8-2018,2026-06-14T17:58:50.528736,Honda Hr-v LX 1.8 2018,"10,8 s",180 km/h,,Injeção multiponto,Natural,1799 cm³,4 em linha,R18A1,"Único no cabeçote, corrente","87,3 mm",81 mm,Transversal,Dianteiro,"9,1 kg/cv","72,7 kg/kgfm","77,3 cv/litro",139 cv (A) 140 cv (G) a 6300 rpm,"10,6:1",,,"9,7 kgfm/litro","17,4 kgfm (A) 17,3 kgfm (G) a 5000 rpm",4,Embreagem monodisco a seco,Manual,,6,Dianteira,1586 mm,,,475 kg,4294 mm,2610 mm,1772 mm,1265 kg,437 litros,51 litros,118 mm,Disco ventilado,Disco sólido,,,,Elétrica,,"10,6 m","Independente, McPherson",Mola helicoidal,Eixo de torção,643 km,510 km,"12,6 km/l",10 km/l,177 mm,,,,,,,Admissão,,,,,,,6800 rpm,,,,,,,,"20,1 graus","29,7 graus",,Mecânicos,439 km,342 km,"8,6 km/l","6,7 km/l",,,,,,,,,,,,,,,,
honda,Hr-v,hr-v,hr-v-lx-1-8-at-2018,hr-v-lx-1-8-at-2018,https://www.fichacompleta.com.br/carros/honda/hr-v-lx-1-8-at-2018,2026-06-14T17:58:55.276574,Honda Hr-v LX 1.8 AT 2018,"11,2 s",175 km/h,,Injeção multiponto,Natural,1799 cm³,4 em linha,R18A1,"Único no cabeçote, corrente","87,3 mm",81 mm,Transversal,Dianteiro,"9,1 kg/cv","73,0 kg/kgfm","77,3 cv/litro",139 cv (A) 140 cv (G) a 6300 rpm,"10,6:1",,,"9,7 kgfm/litro","17,4 kgfm (A) 17,3 kgfm (G) a 5000 rpm",4,Conversor de torque,CVT,,0,Dianteira,1586 mm,,,469 kg,4294 mm,2610 mm,1772 mm,1271 kg,437 litros,51 litros,118 mm,Disco ventilado,Disco sólido,,,,Elétrica,,"10,6 m","Independente, McPherson",Mola helicoidal,Eixo de torção,627 km,561 km,"12,3 km/l",11 km/l,177 mm,,,,,,,Admissão,,,,,,,6800 rpm,,,,,,,,"20,1 graus","29,7 graus",,Mecânicos,439 km,393 km,"8,6 km/l","7,7 km/l",,,,,,,,,,,,,,,,
honda,Hr-v,hr-v,hr-v-touring-1-8-at-2018,hr-v-touring-1-8-at-2018,https://www.fichacompleta.com.br/carros/honda/hr-v-touring-1-8-at-2018,2026-06-14T17:58:59.921320,Honda Hr-v Touring 1.8 AT 2018,"11,2 s",175 km/h,,Injeção multiponto,Natural,1799 cm³,4 em linha,R18A1,"Único no cabeçote, corrente","87,3 mm",81 mm,Transversal,Dianteiro,"9,2 kg/cv","73,3 kg/kgfm","77,3 cv/litro",139 cv (A) 140 cv (G) a 6300 rpm,"10,6:1",,,"9,7 kgfm/litro","17,4 kgfm (A) 17,3 kgfm (G) a 5000 rpm",4,Conversor de torque,CVT,,7,Dianteira,1586 mm,,,464 kg,4294 mm,2610 mm,1772 mm,1276 kg,437 litros,51 litros,118 mm,Disco ventilado,Disco sólido,,,,Elétrica,,"10,6 m","Independente, McPherson",Mola helicoidal,Eixo de torção,627 km,561 km,"12,3 km/l",11 km/l,177 mm,,,,,,,Admissão,,,,,,,6800 rpm,,,,,,,,"20,1 graus","29,7 graus",,Mecânicos,439 km,393 km,"8,6 km/l","7,7 km/l",,,,,,,,,,,,,,,,
honda,Hr-v,hr-v,hr-v-ex-1-8-at-2019,hr-v-ex-1-8-at-2019,https://www.fichacompleta.com.br/carros/honda/hr-v-ex-1-8-at-2019,2026-06-14T17:59:02.964815,Honda Hr-v EX 1.8 AT 2019,"11,2 s",175 km/h,Corrente,Injeção multiponto,Natural,1799 cm³,4 em linha,R18A1,Único no cabeçote,"87,3 mm",81 mm,Transversal,Dianteiro,"9,1 kg/cv","73,0 kg/kgfm","77,3 cv/litro",,"10,6:1",,,"9,7 kgfm/litro",,4,Conversor de torque,CVT,7,,Dianteira,1586 mm,1535 mm,1540 mm,470 kg,4329 mm,2610 mm,1772 mm,1270 kg,437 litros,51 litros,118 mm,Disco ventilado,Disco sólido,,,,Elétrica,"10,6 m",,"Indep., McPherson",Mola helicoidal,Eixo de torção,627 km,561 km,"12,3 km/l",11 km/l,177 mm,6300 rpm,5000 rpm,,,,,Admissão,,,,,,135/90 R16,6800 rpm,,,,,,,,"20,1 graus","29,7 graus",,Mecânicos,439 km,393 km,"8,6 km/l","7,7 km/l",139 cv,140 cv,"17,4 kgfm","17,3 kgfm",,,,,,,,,,,,
honda,Hr-v,hr-v,hr-v-exl-1-8-at-2019,hr-v-exl-1-8-at-2019,https://www.fichacompleta.com.br/carros/honda/hr-v-exl-1-8-at-2019,2026-06-14T17:59:05.953423,Honda Hr-v EXL 1.8 AT 2019,"11,2 s",175 km/h,,Injeção multiponto,Natural,1799 cm³,4 em linha,R18A1,"Único no cabeçote, corrente","87,3 mm",81 mm,Transversal,Dianteiro,"9,2 kg/cv","73,3 kg/kgfm","77,3 cv/litro",139 cv (A) 140 cv (G) a 6300 rpm,"10,6:1",,,"9,7 kgfm/litro","17,4 kgfm (A) 17,3 kgfm (G) a 5000 rpm",4,Conversor de torque,CVT,,7,Dianteira,1586 mm,1535 mm,1540 mm,464 kg,4329 mm,2610 mm,1772 mm,1276 kg,437 litros,51 litros,118 mm,Disco ventilado,Disco sólido,,,,Elétrica,,"10,6 m","Independente, McPherson",Mola helicoidal,Eixo de torção,627 km,561 km,"12,3 km/l",11 km/l,177 mm,,,,,,,Admissão,,,,,,,6800 rpm,,,,,,,,"20,1 graus","29,7 graus",,Mecânicos,439 km,393 km,"8,6 km/l","7,7 km/l",,,,,,,,,,,,,,,,
honda,Hr-v,hr-v,hr-v-lx-1-8-at-2019,hr-v-lx-1-8-at-2019,https://www.fichacompleta.com.br/carros/honda/hr-v-lx-1-8-at-2019,2026-06-14T17:59:08.541680,Honda Hr-v LX 1.8 AT 2019,"11,2 s",175 km/h,,Injeção multiponto,Natural,1799 cm³,4 em linha,R18A1,"Único no cabeçote, corrente","87,3 mm",81 mm,Transversal,Dianteiro,"9,1 kg/cv","73,0 kg/kgfm","77,3 cv/litro",139 cv (A) 140 cv (G) a 6300 rpm,"10,6:1",,,"9,7 kgfm/litro","17,4 kgfm (A) 17,3 kgfm (G) a 5000 rpm",4,Conversor de torque,CVT,,0,Dianteira,1586 mm,1535 mm,1540 mm,469 kg,4329 mm,2610 mm,1772 mm,1271 kg,437 litros,51 litros,118 mm,Disco ventilado,Disco sólido,,,,Elétrica,,"10,6 m","Independente, McPherson",Mola helicoidal,Eixo de torção,627 km,561 km,"12,3 km/l",11 km/l,177 mm,,,,,,,Admissão,,,,,,,6800 rpm,,,,,,,,"20,1 graus","29,7 graus",,Mecânicos,439 km,393 km,"8,6 km/l","7,7 km/l",,,,,,,,,,,,,,,,
honda,Hr-v,hr-v,hr-v-ex-1-8-at-2020,hr-v-ex-1-8-at-2020,https://www.fichacompleta.com.br/carros/honda/hr-v-ex-1-8-at-2020,2026-06-14T17:59:11.625164,Honda Hr-v EX 1.8 AT 2020,"11,2 s",175 km/h,Corrente,Injeção multiponto,Natural,1799 cm³,4 em linha,R18A1,Único no cabeçote,"87,3 mm",81 mm,Transversal,Dianteiro,"9,1 kg/cv","73,0 kg/kgfm","77,3 cv/litro",,"10,6:1",,,"9,7 kgfm/litro",,4,Conversor de torque,CVT,7,,Dianteira,1586 mm,1535 mm,1540 mm,470 kg,4329 mm,2610 mm,1772 mm,1270 kg,437 litros,51 litros,118 mm,Disco ventilado,Disco sólido,,,,Elétrica,"10,6 m",,"Indep., McPherson",Mola helicoidal,Eixo de torção,627 km,561 km,"12,3 km/l",11 km/l,177 mm,6300 rpm,5000 rpm,,,,,Admissão,,,,,,135/90 R16,6800 rpm,,,,,,,,"20,1 graus","29,7 graus",,Mecânicos,439 km,393 km,"8,6 km/l","7,7 km/l",139 cv,140 cv,"17,4 kgfm","17,3 kgfm",,,,,,,,,,,,
honda,Hr-v,hr-v,hr-v-exl-1-8-at-2020,hr-v-exl-1-8-at-2020,https://www.fichacompleta.com.br/carros/honda/hr-v-exl-1-8-at-2020,2026-06-14T17:59:14.266153,Honda Hr-v EXL 1.8 AT 2020,"11,2 s",175 km/h,Corrente,Injeção multiponto,Natural,1799 cm³,4 em linha,R18A1,Único no cabeçote,"87,3 mm",81 mm,Transversal,Dianteiro,"9,2 kg/cv","73,3 kg/kgfm","77,3 cv/litro",,"10,6:1",,,"9,7 kgfm/litro",,4,Conversor de torque,CVT,7,,Dianteira,1586 mm,1535 mm,1540 mm,464 kg,4329 mm,2610 mm,1772 mm,1276 kg,437 litros,51 litros,118 mm,Disco ventilado,Disco sólido,,,,Elétrica,"10,6 m",,"Indep., McPherson",Mola helicoidal,Eixo de torção,627 km,561 km,"12,3 km/l",11 km/l,177 mm,6300 rpm,5000 rpm,,,,,Admissão,,,,,,135/90 R16,6800 rpm,,,,,,,,"20,1 graus","29,7 graus",,Mecânicos,439 km,393 km,"8,6 km/l","7,7 km/l",139 cv,140 cv,"17,4 kgfm","17,3 kgfm",,,,,,,,,,,,
honda,Hr-v,hr-v,hr-v-lx-1-8-at-2020,hr-v-lx-1-8-at-2020,https://www.fichacompleta.com.br/carros/honda/hr-v-lx-1-8-at-2020,2026-06-14T17:59:16.872374,Honda Hr-v LX 1.8 AT 2020,"11,2 s",175 km/h,Corrente,Injeção multiponto,Natural,1799 cm³,4 em linha,R18A1,Único no cabeçote,"87,3 mm",81 mm,Transversal,Dianteiro,"9,1 kg/cv","73,0 kg/kgfm","77,3 cv/litro",,"10,6:1",,,"9,7 kgfm/litro",,4,Conversor de torque,CVT,0,,Dianteira,1586 mm,1535 mm,1540 mm,469 kg,4329 mm,2610 mm,1772 mm,1271 kg,437 litros,51 litros,118 mm,Disco ventilado,Disco sólido,,,,Elétrica,"10,6 m",,"Indep., McPherson",Mola helicoidal,Eixo de torção,627 km,561 km,"12,3 km/l",11 km/l,177 mm,6300 rpm,5000 rpm,,,,,Admissão,,,,,,135/90 R16,6800 rpm,,,,,,,,"20,1 graus","29,7 graus",,Mecânicos,439 km,393 km,"8,6 km/l","7,7 km/l",139 cv,140 cv,"17,4 kgfm","17,3 kgfm",,,,,,,,,,,,
honda,Hr-v,hr-v,hr-v-touring-1-5-turbo-at-2020,hr-v-touring-1-5-turbo-at-2020,https://www.fichacompleta.com.br/carros/honda/hr-v-touring-1-5-turbo-at-2020,2026-06-14T17:59:20.425215,Honda Hr-v Touring 1.5 Turbo AT 2020,"8,9 s",200 km/h,Corrente,Injeção direta,Turbocompressor,1498 cm³,4 em linha,L15B7,Duplo no cabeçote,"89,5 mm",73 mm,Transversal,Dianteiro,"8,0 kg/cv","61,6 kg/kgfm","115,5 cv/litro",173 cv,"10,6:1",,,"15,0 kgfm/litro","22,4 kgfm",4,Conversor de torque,CVT,7,,Dianteira,1650 mm,1535 mm,1540 mm,420 kg,4329 mm,2610 mm,1772 mm,1380 kg,393 litros,51 litros,118 mm,Disco ventilado,Disco sólido,,,,Elétrica,"10,6 m",,"Indep., McPherson",Mola helicoidal,Eixo de torção,643 km,581 km,"12,6 km/l","11,4 km/l",177 mm,5500 rpm,1700 rpm,,,,,Admissão e escape,,,,,,135/90 R16,6500 rpm,,,,,,,,"20,1 graus","29,7 graus",,Mecânicos,,,,,,,,,,,,,,,,,,,,
honda,Hr-v,hr-v,hr-v-ex-1-8-at-2021,hr-v-ex-1-8-at-2021,https://www.fichacompleta.com.br/carros/honda/hr-v-ex-1-8-at-2021,2026-06-14T17:59:24.418586,Honda Hr-v EX 1.8 AT 2021,"11,2 s",175 km/h,Corrente,Injeção multiponto,Natural,1799 cm³,4 em linha,R18A1,Único no cabeçote,"87,3 mm",81 mm,Transversal,Dianteiro,"9,1 kg/cv","73,0 kg/kgfm","77,3 cv/litro",,"10,6:1",,,"9,7 kgfm/litro",,4,Conversor de torque,CVT,7,,Dianteira,1586 mm,1535 mm,1540 mm,470 kg,4329 mm,2610 mm,1772 mm,1270 kg,437 litros,51 litros,118 mm,Disco ventilado,Disco sólido,,,,Elétrica,"10,6 m",,"Indep., McPherson",Mola helicoidal,Eixo de torção,627 km,561 km,"12,3 km/l",11 km/l,177 mm,6300 rpm,5000 rpm,,,,,Admissão,,,,,,135/90 R16,6800 rpm,,,,,,,,"20,1 graus","29,7 graus",,Mecânicos,439 km,393 km,"8,6 km/l","7,7 km/l",139 cv,140 cv,"17,4 kgfm","17,3 kgfm",,,,,,,,,,,,
honda,Hr-v,hr-v,hr-v-exl-1-8-at-2021,hr-v-exl-1-8-at-2021,https://www.fichacompleta.com.br/carros/honda/hr-v-exl-1-8-at-2021,2026-06-14T17:59:28.089710,Honda Hr-v EXL 1.8 AT 2021,"11,2 s",175 km/h,Corrente,Injeção multiponto,Natural,1799 cm³,4 em linha,R18A1,Único no cabeçote,"87,3 mm",81 mm,Transversal,Dianteiro,"9,2 kg/cv","73,3 kg/kgfm","77,3 cv/litro",,"10,6:1",,,"9,7 kgfm/litro",,4,Conversor de torque,CVT,7,,Dianteira,1586 mm,1535 mm,1540 mm,464 kg,4329 mm,2610 mm,1772 mm,1276 kg,437 litros,51 litros,118 mm,Disco ventilado,Disco sólido,,,,Elétrica,"10,6 m",,"Indep., McPherson",Mola helicoidal,Eixo de torção,627 km,561 km,"12,3 km/l",11 km/l,177 mm,6300 rpm,5000 rpm,,,,,Admissão,,,,,,135/90 R16,6800 rpm,,,,,,,,"20,1 graus","29,7 graus",,Mecânicos,439 km,393 km,"8,6 km/l","7,7 km/l",139 cv,140 cv,"17,4 kgfm","17,3 kgfm",,,,,,,,,,,,
honda,Hr-v,hr-v,hr-v-lx-1-8-at-2021,hr-v-lx-1-8-at-2021,https://www.fichacompleta.com.br/carros/honda/hr-v-lx-1-8-at-2021,2026-06-14T17:59:32.333139,Honda Hr-v LX 1.8 AT 2021,"11,2 s",175 km/h,Corrente,Injeção multiponto,Natural,1799 cm³,4 em linha,R18A1,Único no cabeçote,"87,3 mm",81 mm,Transversal,Dianteiro,"9,1 kg/cv","73,0 kg/kgfm","77,3 cv/litro",,"10,6:1",,,"9,7 kgfm/litro",,4,Conversor de torque,CVT,0,,Dianteira,1586 mm,1535 mm,1540 mm,469 kg,4329 mm,2610 mm,1772 mm,1271 kg,437 litros,51 litros,118 mm,Disco ventilado,Disco sólido,,,,Elétrica,"10,6 m",,"Indep., McPherson",Mola helicoidal,Eixo de torção,627 km,561 km,"12,3 km/l",11 km/l,177 mm,6300 rpm,5000 rpm,,,,,Admissão,,,,,,135/90 R16,6800 rpm,,,,,,,,"20,1 graus","29,7 graus",,Mecânicos,439 km,393 km,"8,6 km/l","7,7 km/l",139 cv,140 cv,"17,4 kgfm","17,3 kgfm",,,,,,,,,,,,
honda,Hr-v,hr-v,hr-v-touring-1-5-turbo-at-2021,hr-v-touring-1-5-turbo-at-2021,https://www.fichacompleta.com.br/carros/honda/hr-v-touring-1-5-turbo-at-2021,2026-06-14T17:59:37.176720,Honda Hr-v Touring 1.5 Turbo AT 2021,"8,9 s",200 km/h,,Injeção direta,Turbocompressor,1498 cm³,4 em linha,L15B7,"Duplo no cabeçote, corrente",,,Transversal,Dianteiro,"8,0 kg/cv","61,6 kg/kgfm","115,5 cv/litro",173 cv a 5500 rpm,"10,6:1",,,"15,0 kgfm/litro","22,4 kgfm a 1700 rpm",4,Conversor de torque,CVT,,7,Dianteira,1650 mm,1535 mm,1540 mm,420 kg,4329 mm,2610 mm,1772 mm,1380 kg,393 litros,51 litros,118 mm,Disco ventilado,Disco sólido,,,,Elétrica,,"10,6 m","Independente, McPherson",Mola helicoidal,Eixo de torção,643 km,581 km,"12,6 km/l","11,4 km/l",177 mm,,,,,"89,5 mm",73 mm,Admissão e escape,,,,,,,6500 rpm,,,,,,,,"20,1 graus","29,7 graus",,Mecânicos,,,,,,,,,,,,,,,,,,,,
honda,Hr-v,hr-v,hr-v-advance-1-5-turbo-2023,hr-v-advance-1-5-turbo-2023,https://www.fichacompleta.com.br/carros/honda/hr-v-advance-1-5-turbo-2023,2026-06-14T17:59:41.194589,Honda Hr-v Advance 1.5 Turbo 2023,"8,9 s",200 km/h,Corrente,Injeção direta,Turbocompressor,,4 em linha,L15B7,Duplo no cabeçote,"89,5 mm",73 mm,Transversal,Dianteiro,"7,97 kg/cv","57,6 kg/kgfm","118,2 cv/litro",,"10,6:1",,,"16,4 kgfm/litro",,4,Conversor de torque,CVT,7,,Dianteira,1590 mm,1535 mm,1540 mm,,4385 mm,2610 mm,1790 mm,1410 kg,354 litros,50 litros,129 mm,Disco ventilado,Disco sólido,,,,Elétrica,"10,6 m",,"Indep., McPherson",Mola helicoidal,Eixo de torção,630 km,565 km,"12,6 km/l","11,3 km/l",181 mm,6000 rpm,1700 rpm,,,,,Admissão e escape,,,,375 cm³,1498 cm³,145/90 R16,6500 rpm,,,,,,,,16 graus,"20,3 graus",,Mecânicos,440 km,395 km,"8,8 km/l","7,9 km/l",177 cv,177 cv,"24,5 kgfm","24,5 kgfm",,,,,,,,,,,,
honda,Hr-v,hr-v,hr-v-ex-1-5-2023,hr-v-ex-1-5-2023,https://www.fichacompleta.com.br/carros/honda/hr-v-ex-1-5-2023,2026-06-14T17:59:44.252840,Honda Hr-v EX 1.5 2023,"11,8 s",175 km/h,Corrente,Injeção direta,Natural,,4 em linha,L15B,Duplo no cabeçote,"89,5 mm",73 mm,Transversal,Dianteiro,"10,36 kg/cv","82,6 kg/kgfm","84,2 cv/litro",,"11,5:1",,,"10,6 kgfm/litro",,4,Conversor de torque,CVT,7,,Dianteira,1590 mm,1535 mm,1540 mm,,4330 mm,2610 mm,1790 mm,1305 kg,354 litros,50 litros,129 mm,Disco ventilado,Disco sólido,,,,Elétrica,"10,6 m",,"Indep., McPherson",Mola helicoidal,Eixo de torção,695 km,635 km,"13,9 km/l","12,7 km/l",185 mm,6200 rpm,4600 rpm,,,,,Admissão,,,,375 cm³,1497 cm³,145/90 R16,,,,,,,,,"17,8 graus",22 graus,,,490 km,440 km,"9,8 km/l","8,8 km/l",126 cv,126 cv,"15,8 kgfm","15,5 kgfm",,,,,,,,,,,,
honda,Hr-v,hr-v,hr-v-exl-1-5-2023,hr-v-exl-1-5-2023,https://www.fichacompleta.com.br/carros/honda/hr-v-exl-1-5-2023,2026-06-14T17:59:48.540251,Honda Hr-v EXL 1.5 2023,"11,8 s",175 km/h,Corrente,Injeção direta,Natural,,4 em linha,L15B,Duplo no cabeçote,"89,5 mm",73 mm,Transversal,Dianteiro,"10,39 kg/cv","82,8 kg/kgfm","84,2 cv/litro",,"11,5:1",,,"10,6 kgfm/litro",,4,Conversor de torque,CVT,7,,Dianteira,1590 mm,1535 mm,1540 mm,,4330 mm,2610 mm,1790 mm,1309 kg,354 litros,50 litros,129 mm,Disco ventilado,Disco sólido,,,,Elétrica,"10,6 m",,"Indep., McPherson",Mola helicoidal,Eixo de torção,695 km,635 km,"13,9 km/l","12,7 km/l",185 mm,6200 rpm,4600 rpm,,,,,Admissão,,,,375 cm³,1497 cm³,145/90 R16,,,,,,,,,"17,8 graus",22 graus,,,490 km,440 km,"9,8 km/l","8,8 km/l",126 cv,126 cv,"15,8 kgfm","15,5 kgfm",,,,,,,,,,,,
honda,Hr-v,hr-v,hr-v-touring-1-5-turbo-2023,hr-v-touring-1-5-turbo-2023,https://www.fichacompleta.com.br/carros/honda/hr-v-touring-1-5-turbo-2023,2026-06-14T17:59:52.676801,Honda Hr-v Touring 1.5 Turbo 2023,"8,9 s",200 km/h,Corrente,Injeção direta,Turbocompressor,,4 em linha,L15B7,Duplo no cabeçote,"89,5 mm",73 mm,Transversal,Dianteiro,"8,03 kg/cv","58,0 kg/kgfm","118,2 cv/litro",,"10,6:1",,,"16,4 kgfm/litro",,4,Conversor de torque,CVT,7,,Dianteira,1590 mm,1535 mm,1540 mm,,4385 mm,2610 mm,1790 mm,1422 kg,354 litros,50 litros,129 mm,Disco ventilado,Disco sólido,,,,Elétrica,"10,6 m",,"Indep., McPherson",Mola helicoidal,Eixo de torção,630 km,565 km,"12,6 km/l","11,3 km/l",181 mm,6000 rpm,1700 rpm,,,,,Admissão e escape,,,,375 cm³,1498 cm³,145/90 R16,6500 rpm,,,,,,,,16 graus,"20,3 graus",,Mecânicos,440 km,395 km,"8,8 km/l","7,9 km/l",177 cv,177 cv,"24,5 kgfm","24,5 kgfm",,,,,,,,,,,,
honda,Hr-v,hr-v,hr-v-advance-1-5-turbo-2024,hr-v-advance-1-5-turbo-2024,https://www.fichacompleta.com.br/carros/honda/hr-v-advance-1-5-turbo-2024,2026-06-14T17:59:57.026887,Honda Hr-v Advance 1.5 Turbo 2024,"8,9 s",200 km/h,Corrente,Injeção direta,Turbocompressor,,4 em linha,L15B7,Duplo no cabeçote,"89,5 mm",73 mm,Transversal,Dianteiro,"7,97 kg/cv","57,6 kg/kgfm","118,2 cv/litro",,"10,6:1",,,"16,4 kgfm/litro",,4,Conversor de torque,CVT,7,,Dianteira,1590 mm,1535 mm,1540 mm,,4385 mm,2610 mm,1790 mm,1410 kg,354 litros,50 litros,129 mm,Disco ventilado,Disco sólido,,,,Elétrica,"10,6 m",,"Indep., McPherson",Mola helicoidal,Eixo de torção,630 km,565 km,"12,6 km/l","11,3 km/l",181 mm,6000 rpm,1700 rpm,,,,,Admissão e escape,,,,375 cm³,1498 cm³,145/90 R16,6500 rpm,,,,,,,,16 graus,"20,3 graus",,Mecânicos,440 km,395 km,"8,8 km/l","7,9 km/l",177 cv,177 cv,"24,5 kgfm","24,5 kgfm",,,,,,,,,,,,
honda,Hr-v,hr-v,hr-v-ex-1-5-2024,hr-v-ex-1-5-2024,https://www.fichacompleta.com.br/carros/honda/hr-v-ex-1-5-2024,2026-06-14T18:00:00.824506,Honda Hr-v EX 1.5 2024,"11,8 s",175 km/h,Corrente,Injeção direta,Natural,,4 em linha,L15B,Duplo no cabeçote,"89,5 mm",73 mm,Transversal,Dianteiro,"10,36 kg/cv","82,6 kg/kgfm","84,2 cv/litro",,"11,5:1",,,"10,6 kgfm/litro",,4,Conversor de torque,CVT,7,,Dianteira,1590 mm,1535 mm,1540 mm,,4330 mm,2610 mm,1790 mm,1305 kg,354 litros,50 litros,129 mm,Disco ventilado,Disco sólido,,,,Elétrica,"10,6 m",,"Indep., McPherson",Mola helicoidal,Eixo de torção,695 km,635 km,"13,9 km/l","12,7 km/l",185 mm,6200 rpm,4600 rpm,,,,,Admissão,,,,375 cm³,1497 cm³,145/90 R16,,,,,,,,,"17,8 graus",22 graus,,,490 km,440 km,"9,8 km/l","8,8 km/l",126 cv,126 cv,"15,8 kgfm","15,5 kgfm",,,,,,,,,,,,
honda,Hr-v,hr-v,hr-v-exl-1-5-2024,hr-v-exl-1-5-2024,https://www.fichacompleta.com.br/carros/honda/hr-v-exl-1-5-2024,2026-06-14T18:00:04.980298,Honda Hr-v EXL 1.5 2024,"11,8 s",175 km/h,Corrente,Injeção direta,Natural,,4 em linha,L15B,Duplo no cabeçote,"89,5 mm",73 mm,Transversal,Dianteiro,"10,39 kg/cv","82,8 kg/kgfm","84,2 cv/litro",,"11,5:1",,,"10,6 kgfm/litro",,4,Conversor de torque,CVT,7,,Dianteira,1590 mm,1535 mm,1540 mm,,4330 mm,2610 mm,1790 mm,1309 kg,354 litros,50 litros,129 mm,Disco ventilado,Disco sólido,,,,Elétrica,"10,6 m",,"Indep., McPherson",Mola helicoidal,Eixo de torção,695 km,635 km,"13,9 km/l","12,7 km/l",185 mm,6200 rpm,4600 rpm,,,,,Admissão,,,,375 cm³,1497 cm³,145/90 R16,,,,,,,,,"17,8 graus",22 graus,,,490 km,440 km,"9,8 km/l","8,8 km/l",126 cv,126 cv,"15,8 kgfm","15,5 kgfm",,,,,,,,,,,,
honda,Hr-v,hr-v,hr-v-touring-1-5-turbo-2024,hr-v-touring-1-5-turbo-2024,https://www.fichacompleta.com.br/carros/honda/hr-v-touring-1-5-turbo-2024,2026-06-14T18:00:07.991665,Honda Hr-v Touring 1.5 Turbo 2024,"8,9 s",200 km/h,Corrente,Injeção direta,Turbocompressor,,4 em linha,L15B7,Duplo no cabeçote,"89,5 mm",73 mm,Transversal,Dianteiro,"8,03 kg/cv","58,0 kg/kgfm","118,2 cv/litro",,"10,6:1",,,"16,4 kgfm/litro",,4,Conversor de torque,CVT,7,,Dianteira,1590 mm,1535 mm,1540 mm,,4385 mm,2610 mm,1790 mm,1422 kg,354 litros,50 litros,129 mm,Disco ventilado,Disco sólido,,,,Elétrica,"10,6 m",,"Indep., McPherson",Mola helicoidal,Eixo de torção,630 km,565 km,"12,6 km/l","11,3 km/l",181 mm,6000 rpm,1700 rpm,,,,,Admissão e escape,,,,375 cm³,1498 cm³,145/90 R16,6500 rpm,,,,,,,,16 graus,"20,3 graus",,Mecânicos,440 km,395 km,"8,8 km/l","7,9 km/l",177 cv,177 cv,"24,5 kgfm","24,5 kgfm",,,,,,,,,,,,
honda,Hr-v,hr-v,hr-v-advance-1-5-turbo-2025,hr-v-advance-1-5-turbo-2025,https://www.fichacompleta.com.br/carros/honda/hr-v-advance-1-5-turbo-2025,2026-06-14T18:00:10.610673,Honda Hr-v Advance 1.5 Turbo 2025,"8,9 s",200 km/h,Corrente,Injeção direta,Turbocompressor,,4 em linha,L15B7,Duplo no cabeçote,"89,5 mm",73 mm,Transversal,Dianteiro,"7,97 kg/cv","57,6 kg/kgfm","118,2 cv/litro",,"10,6:1",,,"16,4 kgfm/litro",,4,Conversor de torque,CVT,7,,Dianteira,1590 mm,1535 mm,1540 mm,,4385 mm,2610 mm,1790 mm,1410 kg,354 litros,50 litros,129 mm,Disco ventilado,Disco sólido,,,,Elétrica,"10,6 m",,"Indep., McPherson",Mola helicoidal,Eixo de torção,630 km,565 km,"12,6 km/l","11,3 km/l",181 mm,6000 rpm,1700 rpm,,,,,Admissão e escape,,,,375 cm³,1498 cm³,145/90 R16,6500 rpm,,,,,,,,16 graus,"20,3 graus",,Mecânicos,440 km,395 km,"8,8 km/l","7,9 km/l",177 cv,177 cv,"24,5 kgfm","24,5 kgfm",0W-20 ³,,,,,,,,,,,
honda,Hr-v,hr-v,hr-v-ex-1-5-2025,hr-v-ex-1-5-2025,https://www.fichacompleta.com.br/carros/honda/hr-v-ex-1-5-2025,2026-06-14T18:00:13.797909,Honda Hr-v EX 1.5 2025,"11,8 s",175 km/h,Corrente,Injeção direta,Natural,,4 em linha,L15B,Duplo no cabeçote,"89,5 mm",73 mm,Transversal,Dianteiro,"10,36 kg/cv","82,6 kg/kgfm","84,1 cv/litro",,"12,4:1",,,"10,5 kgfm/litro",,4,Conversor de torque,CVT,7,,Dianteira,1590 mm,1535 mm,1540 mm,,4330 mm,2610 mm,1790 mm,1305 kg,354 litros,50 litros,129 mm,Disco ventilado,Disco sólido,,,,Elétrica,"10,6 m",,"Indep., McPherson",Mola helicoidal,Eixo de torção,695 km,635 km,"13,9 km/l","12,7 km/l",185 mm,6200 rpm,4600 rpm,,,,,Admissão,,,,375 cm³,1498 cm³,145/90 R16,,,,,,,,,"17,8 graus",22 graus,,,490 km,440 km,"9,8 km/l","8,8 km/l",126 cv,126 cv,"15,8 kgfm","15,5 kgfm",0W-20 ³,,,,,,,,,,,
honda,Hr-v,hr-v,hr-v-exl-1-5-2025,hr-v-exl-1-5-2025,https://www.fichacompleta.com.br/carros/honda/hr-v-exl-1-5-2025,2026-06-14T18:00:18.188617,Honda Hr-v EXL 1.5 2025,"11,8 s",175 km/h,Corrente,Injeção direta,Natural,,4 em linha,L15B,Duplo no cabeçote,"89,5 mm",73 mm,Transversal,Dianteiro,"10,39 kg/cv","82,8 kg/kgfm","84,1 cv/litro",,"12,4:1",,,"10,5 kgfm/litro",,4,Conversor de torque,CVT,7,,Dianteira,1590 mm,1535 mm,1540 mm,,4330 mm,2610 mm,1790 mm,1309 kg,354 litros,50 litros,129 mm,Disco ventilado,Disco sólido,,,,Elétrica,"10,6 m",,"Indep., McPherson",Mola helicoidal,Eixo de torção,695 km,635 km,"13,9 km/l","12,7 km/l",185 mm,6200 rpm,4600 rpm,,,,,Admissão,,,,375 cm³,1498 cm³,145/90 R16,,,,,,,,,"17,8 graus",22 graus,,,490 km,440 km,"9,8 km/l","8,8 km/l",126 cv,126 cv,"15,8 kgfm","15,5 kgfm",0W-20 ³,,,,,,,,,,,
honda,Hr-v,hr-v,hr-v-touring-1-5-turbo-2025,hr-v-touring-1-5-turbo-2025,https://www.fichacompleta.com.br/carros/honda/hr-v-touring-1-5-turbo-2025,2026-06-14T18:00:22.216573,Honda Hr-v Touring 1.5 Turbo 2025,"8,9 s",200 km/h,Corrente,Injeção direta,Turbocompressor,,4 em linha,L15B7,Duplo no cabeçote,"89,5 mm",73 mm,Transversal,Dianteiro,"8,03 kg/cv","58,0 kg/kgfm","118,2 cv/litro",,"10,6:1",,,"16,4 kgfm/litro",,4,Conversor de torque,CVT,7,,Dianteira,1590 mm,1535 mm,1540 mm,,4385 mm,2610 mm,1790 mm,1422 kg,354 litros,50 litros,129 mm,Disco ventilado,Disco sólido,,,,Elétrica,"10,6 m",,"Indep., McPherson",Mola helicoidal,Eixo de torção,630 km,565 km,"12,6 km/l","11,3 km/l",181 mm,6000 rpm,1700 rpm,,,,,Admissão e escape,,,,375 cm³,1498 cm³,145/90 R16,6500 rpm,,,,,,,,16 graus,"20,3 graus",,Mecânicos,440 km,395 km,"8,8 km/l","7,9 km/l",177 cv,177 cv,"24,5 kgfm","24,5 kgfm",0W-20 ³,,,,,,,,,,,
honda,Hr-v,hr-v,hr-v-advance-1-5-turbo-2026,hr-v-advance-1-5-turbo-2026,https://www.fichacompleta.com.br/carros/honda/hr-v-advance-1-5-turbo-2026,2026-06-14T18:00:25.848831,Honda Hr-v Advance 1.5 Turbo 2026,"8,9 s",200 km/h,Corrente,Injeção direta,Turbocompressor,,4 em linha,L15B7,Duplo no cabeçote,"89,5 mm",73 mm,Transversal,Dianteiro,"7,92 kg/cv","57,2 kg/kgfm","118,2 cv/litro",,"10,6:1",,,"16,4 kgfm/litro",,4,Conversor de torque,CVT,7,,Dianteira,1590 mm,1535 mm,1540 mm,,4385 mm,2610 mm,1790 mm,1402 kg,354 litros,50 litros,113 mm,Disco ventilado,Disco sólido,,,,Elétrica,"10,6 m",,"Indep., McPherson",Mola helicoidal,Eixo de torção,645 km,575 km,"12,9 km/l","11,5 km/l",181 mm,6000 rpm,1700 rpm,,,,,Admissão e escape,,,,375 cm³,1498 cm³,145/90 R16,6500 rpm,,,,,,,,"16,9 graus","20,3 graus",,Mecânicos,455 km,405 km,"9,1 km/l","8,1 km/l",177 cv,177 cv,"24,5 kgfm","24,5 kgfm",0W-20 ³,,,,,,,,,,,
honda,Hr-v,hr-v,hr-v-ex-1-5-2026,hr-v-ex-1-5-2026,https://www.fichacompleta.com.br/carros/honda/hr-v-ex-1-5-2026,2026-06-14T18:00:28.430045,Honda Hr-v EX 1.5 2026,"11,8 s",175 km/h,Corrente,Injeção direta,Natural,,4 em linha,L15B,Duplo no cabeçote,"89,5 mm",73 mm,Transversal,Dianteiro,"10,29 kg/cv","82,1 kg/kgfm","84,1 cv/litro",,"12,4:1",,,"10,5 kgfm/litro",,4,Conversor de torque,CVT,7,,Dianteira,1590 mm,1535 mm,1540 mm,,4346 mm,2610 mm,1790 mm,1297 kg,354 litros,50 litros,129 mm,Disco ventilado,Disco sólido,,,,Elétrica,"10,6 m",,"Indep., McPherson",Mola helicoidal,Eixo de torção,695 km,625 km,"13,9 km/l","12,5 km/l",185 mm,6200 rpm,4600 rpm,,,,,Admissão e escape,,,,375 cm³,1498 cm³,145/90 R16,,,,,,,,,"18,9 graus",22 graus,,Mecânicos,495 km,440 km,"9,9 km/l","8,8 km/l",126 cv,126 cv,"15,8 kgfm","15,5 kgfm",0W-20 ³,,,,,,,,,,,
honda,Hr-v,hr-v,hr-v-exl-1-5-2026,hr-v-exl-1-5-2026,https://www.fichacompleta.com.br/carros/honda/hr-v-exl-1-5-2026,2026-06-14T18:00:32.331074,Honda Hr-v EXL 1.5 2026,"11,8 s",175 km/h,Corrente,Injeção direta,Natural,,4 em linha,L15B,Duplo no cabeçote,"89,5 mm",73 mm,Transversal,Dianteiro,"10,34 kg/cv","82,5 kg/kgfm","84,1 cv/litro",,"12,4:1",,,"10,5 kgfm/litro",,4,Conversor de torque,CVT,7,,Dianteira,1590 mm,1535 mm,1540 mm,,4346 mm,2610 mm,1790 mm,1303 kg,354 litros,50 litros,129 mm,Disco ventilado,Disco sólido,,,,Elétrica,"10,6 m",,"Indep., McPherson",Mola helicoidal,Eixo de torção,695 km,625 km,"13,9 km/l","12,5 km/l",185 mm,6200 rpm,4600 rpm,,,,,Admissão e escape,,,,375 cm³,1498 cm³,145/90 R16,,,,,,,,,"18,9 graus",22 graus,,Mecânicos,495 km,440 km,"9,9 km/l","8,8 km/l",126 cv,126 cv,"15,8 kgfm","15,5 kgfm",0W-20 ³,,,,,,,,,,,
honda,Hr-v,hr-v,hr-v-touring-1-5-turbo-2026,hr-v-touring-1-5-turbo-2026,https://www.fichacompleta.com.br/carros/honda/hr-v-touring-1-5-turbo-2026,2026-06-14T18:00:36.231867,Honda Hr-v Touring 1.5 Turbo 2026,"8,9 s",200 km/h,Corrente,Injeção direta,Turbocompressor,,4 em linha,L15B7,Duplo no cabeçote,"89,5 mm",73 mm,Transversal,Dianteiro,"7,95 kg/cv","57,5 kg/kgfm","118,2 cv/litro",,"10,6:1",,,"16,4 kgfm/litro",,4,Conversor de torque,CVT,7,,Dianteira,1590 mm,1535 mm,1540 mm,,4385 mm,2610 mm,1790 mm,1408 kg,354 litros,50 litros,113 mm,Disco ventilado,Disco sólido,,,,Elétrica,"10,6 m",,"Indep., McPherson",Mola helicoidal,Eixo de torção,645 km,575 km,"12,9 km/l","11,5 km/l",181 mm,6000 rpm,1700 rpm,,,,,Admissão e escape,,,,375 cm³,1498 cm³,145/90 R16,6500 rpm,,,,,,,,"16,9 graus","20,3 graus",,Mecânicos,455 km,405 km,"9,1 km/l","8,1 km/l",177 cv,177 cv,"24,5 kgfm","24,5 kgfm",0W-20 ³,,,,,,,,,,,
honda,Legend,legend,legend-3-5-v6-1997,legend-3-5-v6-1997,https://www.fichacompleta.com.br/carros/honda/legend-3-5-v6-1997,2026-06-14T18:00:56.410653,Honda Legend 3.5 V6 1997,"9,1 s",215 km/h,,Injeção multiponto,Natural,,6 em V,C35A,Único no cabeçote,91 mm,90 mm,Longitudinal,Dianteiro,"7,97 kg/cv","53,9 kg/kgfm","59,0 cv/litro",205 cv,"9,6:1",,,"8,7 kgfm/litro","30,3 kgfm",4,Conversor de torque,Automático,4,,Dianteira,1430 mm,1555 mm,1545 mm,530 kg,4980 mm,2905 mm,1810 mm,1634 kg,450 litros,68 litros,133 mm,Disco ventilado,Disco sólido,"2,2 m²","0,814 m²","0,37",Hidráulica,11 m,,"Indep., braços sobrepostos",Mola helicoidal,"Indep., braços sobrepostos",728 km,401 km,"10,7 km/l","5,9 km/l",,5200 rpm,2800 rpm,,,,,,,,,579 cm³,3474 cm³,,,,,,,,,,,,,,,,,,,,,,,,,,,,,,,,,
honda,Legend,legend,legend-3-5-v6-1998,legend-3-5-v6-1998,https://www.fichacompleta.com.br/carros/honda/legend-3-5-v6-1998,2026-06-14T18:01:00.477497,Honda Legend 3.5 V6 1998,"9,1 s",215 km/h,,Injeção multiponto,Natural,3474 cm³,6 em V,C35A,Único no cabeçote,91 mm,90 mm,Longitudinal,Dianteiro,"8,0 kg/cv","53,9 kg/kgfm","59,0 cv/litro",205 cv,"9,6:1",5200 rpm,2800 rpm,"8,7 kgfm/litro","30,3 kgfm",4,Conversor de torque,Automático,4,4,Dianteira,1430 mm,1555 mm,1545 mm,530 kg,4980 mm,2905 mm,1810 mm,1634 kg,450 litros,68 litros,133 mm,Disco ventilado,Disco sólido,"2,2 m²","0,814 m²","0,37",Hidráulica,11 m,11 m,"Indep., braços sobrepostos",Mola helicoidal,"Indep., braços sobrepostos",728 km,401 km,"10,7 km/l","5,9 km/l",,,,,,,,,,,,,,,,,,,,,,,,,,,,,,,,,,,,,,,,,,,,,,
honda,Nsx,nsx,nsx-3-0-v6-1992,nsx-3-0-v6-1992,https://www.fichacompleta.com.br/carros/honda/nsx-3-0-v6-1992,2026-06-14T18:01:18.709711,Honda Nsx 3.0 V6 1992,"5,9 s",270 km/h,,Injeção multiponto,Natural,2977 cm³,6 em V,,Duplo no cabeçote,78 mm,90 mm,Transversal,Central,"5,0 kg/cv","47,1 kg/kgfm","91,7 cv/litro",273 cv a 7300 rpm,"10,2:1",,,"9,7 kgfm/litro",29 kgfm a 5400 rpm,4,Embreagem monodisco a seco,Manual,,5,Traseira,1170 mm,1510 mm,1530 mm,150 kg,4405 mm,2530 mm,1810 mm,1365 kg,154 litros,70 litros,113 mm,Disco ventilado,Disco ventilado,"1,8 m²","0,576 m²",,Não assistida,,"11,6 m","Independente, braços sobrepostos",Mola helicoidal,"Independente, multibraço",630 km,434 km,9 km/l,"6,2 km/l",,,,,,,,Admissão e escape,,,"0,32",,,,,,,,,,,,,,,,,,,,,,,,,,,,,,,,,,,
honda,Nsx,nsx,nsx-3-0-v6-1994,nsx-3-0-v6-1994,https://www.fichacompleta.com.br/carros/honda/nsx-3-0-v6-1994,2026-06-14T18:01:21.638428,Honda Nsx 3.0 V6 1994,"5,9 s",270 km/h,,Injeção multiponto,Natural,,6 em V,,Duplo no cabeçote,78 mm,90 mm,Transversal,Central,"5,00 kg/cv","47,1 kg/kgfm","91,7 cv/litro",273 cv,"10,2:1",,,"9,7 kgfm/litro",29 kgfm,4,Embreagem monodisco a seco,Manual,5,,Traseira,1170 mm,1510 mm,1530 mm,150 kg,4405 mm,2530 mm,1810 mm,1365 kg,154 litros,70 litros,113 mm,Disco ventilado,Disco ventilado,"1,8 m²","0,576 m²","0,32",Não assistida,"11,6 m",,"Indep., braços sobrepostos",Mola helicoidal,"Indep., multibraço",630 km,434 km,9 km/l,"6,2 km/l",,7300 rpm,5400 rpm,,,,,Admissão e escape,,,,496 cm³,2977 cm³,,,,,,,,,,,,,,,,,,,,,,,,,,,,,,,,,
honda,Nsx,nsx,nsx-3-5-v6-turbo-2017,nsx-3-5-v6-turbo-2017,https://www.fichacompleta.com.br/carros/honda/nsx-3-5-v6-turbo-2017,2026-06-14T18:01:25.938090,Honda Nsx 3.5 V6 Turbo 2017,"3,3 s",307 km/h,,Injeção direta,Turbocompressor,3493 cm³,6 em V,,"Duplo no cabeçote, corrente","88,9 mm","91,4 mm",Longitudinal,Central,"3,4 kg/cv","30,7 kg/kgfm","145,1 cv/litro",507 cv a 6500 rpm,10:1,,,"16,1 kgfm/litro","56,1 kgfm a 2000 rpm",4,Embreagem dupla banhada a óleo,Automatizado,,9,Integral sob demanda,1214 mm,1656 mm,1618 mm,,4470 mm,2630 mm,1940 mm,1725 kg,110 litros,59 litros,92 mm,Disco ventilado,Disco ventilado,2 m²,"0,740 m²",,Elétrica,,12 m,"Independente, braços sobrepostos",Mola helicoidal,"Independente, multibraço",,,,,94 mm,,,48 cv (traseiro),"15,1 kgfm (traseiro)",,,Admissão e escape,,,"0,37",,,,7500 rpm,,581 cv,"65,8 kgfm",649 km,413 km,11 km/l,7 km/l,"9,2 graus","12,9 graus",,,,,,,,,,,,,,,,"32,6 m",,,,,,
honda,Odyssey,odyssey,odyssey-ex-2-2-1995,odyssey-ex-2-2-1995,https://www.fichacompleta.com.br/carros/honda/odyssey-ex-2-2-1995,2026-06-14T18:01:42.630997,Honda Odyssey EX 2.2 1995,"12,4 s",170 km/h,Correia dentada,Injeção multiponto,Natural,2156 cm³,4 em linha,F22B,Único no cabeçote,95 mm,85 mm,Transversal,Dianteiro,"11,1 kg/cv","79,0 kg/kgfm","65,9 cv/litro",142 cv,"8,8:1",,,"9,3 kgfm/litro",20 kgfm,4,Conversor de torque,Automático,4,,Dianteira,1641 mm,1524 mm,1544 mm,650 kg,4755 mm,2830 mm,1793 mm,1580 kg,,65 litros,133 mm,Disco ventilado,Disco sólido,"2,5 m²","0,975 m²","0,39",Hidráulica,"11,5 m",,"Indep., McPherson",Mola helicoidal,Eixo rígido,585 km,455 km,9 km/l,7 km/l,,5600 rpm,4600 rpm,,,,,,,,,,,,,,,,,,,,,,,,,,,,,,,,,,,,,,500 litros,120 litros,,,,
honda,Odyssey,odyssey,odyssey-ex-2-2-1996,odyssey-ex-2-2-1996,https://www.fichacompleta.com.br/carros/honda/odyssey-ex-2-2-1996,2026-06-14T18:01:47.163235,Honda Odyssey EX 2.2 1996,"12,4 s",170 km/h,,Injeção multiponto,Natural,2156 cm³,4 em linha,F22B,"Único no cabeçote, correia dentada",95 mm,85 mm,Transversal,Dianteiro,"11,1 kg/cv","79,0 kg/kgfm","65,9 cv/litro",142 cv a 5600 rpm,"8,8:1",,,"9,3 kgfm/litro",20 kgfm a 4600 rpm,4,Conversor de torque,Automático,,4,Dianteira,1641 mm,1524 mm,1544 mm,650 kg,4755 mm,2830 mm,1793 mm,1580 kg,,65 litros,133 mm,Disco ventilado,Disco sólido,"2,5 m²","0,975 m²",,Hidráulica,,"11,5 m","Independente, McPherson",Mola helicoidal,Eixo rígido,585 km,455 km,9 km/l,7 km/l,,,,,,,,,,,"0,39",,,,,,,,,,,,,,,,,,,,,,,,,,,,,,,,500 litros,120 litros,,
honda,Odyssey,odyssey,odyssey-ex-2-2-1997,odyssey-ex-2-2-1997,https://www.fichacompleta.com.br/carros/honda/odyssey-ex-2-2-1997,2026-06-14T18:01:51.031767,Honda Odyssey EX 2.2 1997,"12,4 s",170 km/h,Correia dentada,Injeção multiponto,Natural,2156 cm³,4 em linha,F22B,Único no cabeçote,95 mm,85 mm,Transversal,Dianteiro,"11,1 kg/cv","79,0 kg/kgfm","65,9 cv/litro",142 cv,"8,8:1",,,"9,3 kgfm/litro",20 kgfm,4,Conversor de torque,Automático,4,,Dianteira,1641 mm,1524 mm,1544 mm,650 kg,4755 mm,2830 mm,1793 mm,1580 kg,,65 litros,133 mm,Disco ventilado,Disco sólido,"2,5 m²","0,975 m²","0,39",Hidráulica,"11,5 m",,"Indep., McPherson",Mola helicoidal,Eixo rígido,585 km,455 km,9 km/l,7 km/l,,5600 rpm,4600 rpm,,,,,,,,,,,,,,,,,,,,,,,,,,,,,,,,,,,,,,500 litros,120 litros,,,,
honda,Passport,passport,passport-3-2-v6-1994,passport-3-2-v6-1994,https://www.fichacompleta.com.br/carros/honda/passport-3-2-v6-1994,2026-06-14T18:02:07.401564,Honda Passport 3.2 V6 1994,15 s,160 km/h,Correia dentada,Injeção multiponto,Natural,,6 em V,6VD1,Único no cabeçote,77 mm,"93,4 mm",Longitudinal,Dianteiro,"9,77 kg/cv","66,5 kg/kgfm","55,9 cv/litro",177 cv,"9,3:1",,,"8,2 kgfm/litro",26 kgfm,2,Conversor de torque,Automático,4,,Traseira,1690 mm,1455 mm,1460 mm,,4480 mm,2760 mm,1690 mm,1730 kg,456 litros,83 litros,186 mm,Disco ventilado,Tambor,,,,Hidráulica,Não informado,,"Indep., braços sobrepostos",Feixe de molas semielípticas,Eixo rígido,747 km,540 km,9 km/l,"6,5 km/l",,5200 rpm,4000 rpm,,,,,,,,,528 cm³,3165 cm³,,,,,,,,,,,,,,,,,,,,,,,,,,,,,,,,GM 4L30-E,
honda,Passport,passport,passport-3-2-v6-1995,passport-3-2-v6-1995,https://www.fichacompleta.com.br/carros/honda/passport-3-2-v6-1995,2026-06-14T18:02:10.003193,Honda Passport 3.2 V6 1995,15 s,160 km/h,Correia dentada,Injeção multiponto,Natural,,6 em V,6VD1,Único no cabeçote,77 mm,"93,4 mm",Longitudinal,Dianteiro,"9,77 kg/cv","66,5 kg/kgfm","55,9 cv/litro",177 cv,"9,3:1",,,"8,2 kgfm/litro",26 kgfm,2,Conversor de torque,Automático,4,,Traseira,1690 mm,1455 mm,1460 mm,,4480 mm,2760 mm,1690 mm,1730 kg,456 litros,83 litros,186 mm,Disco ventilado,Tambor,,,,Hidráulica,Não informado,,"Indep., braços sobrepostos",Feixe de molas semielípticas,Eixo rígido,747 km,540 km,9 km/l,"6,5 km/l",,5200 rpm,4000 rpm,,,,,,,,,528 cm³,3165 cm³,,,,,,,,,,,,,,,,,,,,,,,,,,,,,,,,GM 4L30-E,
honda,Prelude,prelude,prelude-s-2-2-1992,prelude-s-2-2-1992,https://www.fichacompleta.com.br/carros/honda/prelude-s-2-2-1992,2026-06-14T18:02:29.235521,Honda Prelude S 2.2 1992,"8,5 s",205 km/h,Correia dentada,Injeção multiponto,Natural,2156 cm³,4 em linha,F22A,Único no cabeçote,95 mm,85 mm,Transversal,Dianteiro,"9,3 kg/cv","60,4 kg/kgfm","62,6 cv/litro",135 cv,"8,8:1",,,"9,6 kgfm/litro","20,7 kgfm",4,Embreagem monodisco a seco,Manual,5,,Dianteira,1290 mm,1525 mm,1515 mm,415 kg,4440 mm,2550 mm,1765 mm,1250 kg,278 litros,60 litros,113 mm,Disco ventilado,Disco sólido,"1,94 m²","0,621 m²","0,32",Hidráulica,"9,7 m",,"Indep., braços sobrepostos",Mola helicoidal,"Indep., braços sobrepostos",720 km,540 km,12 km/l,9 km/l,145 mm,5200 rpm,4000 rpm,,,,,,1200 kg,500 kg,,,,,,,,,,,,,,,,,,,,,,,,,,,,,,,,,,,,
honda,Prelude,prelude,prelude-si-2-3-1992,prelude-si-2-3-1992,https://www.fichacompleta.com.br/carros/honda/prelude-si-2-3-1992,2026-06-14T18:02:32.612899,Honda Prelude Si 2.3 1992,"7,7 s",215 km/h,,Injeção multiponto,Natural,2259 cm³,4 em linha,H23A1,"Duplo no cabeçote, correia dentada",,,Transversal,Dianteiro,"7,8 kg/cv","57,9 kg/kgfm","70,8 cv/litro",160 cv a 5800 rpm,"9,8:1",,,"9,6 kgfm/litro","21,6 kgfm a 5300 rpm",4,,Manual,,5,Dianteira,1290 mm,1525 mm,1515 mm,415 kg,4440 mm,2550 mm,1765 mm,1250 kg,278 litros,60 litros,113 mm,205/55 R15,Disco sólido,"1,94 m²",,,Hidráulica,,"9,7 m","Independente, braços sobrepostos",Mola helicoidal,"Independente, braços sobrepostos",720 km,540 km,12 km/l,9 km/l,,,,,,95 mm,87 mm,,1200 kg,500 kg,"0,32",,,,,,,,,,,,,,,,,,,,,,,,,,,,,,,,,,,
honda,Prelude,prelude,prelude-s-2-2-1993,prelude-s-2-2-1993,https://www.fichacompleta.com.br/carros/honda/prelude-s-2-2-1993,2026-06-14T18:02:35.532811,Honda Prelude S 2.2 1993,"8,5 s",205 km/h,Correia dentada,Injeção multiponto,Natural,2156 cm³,4 em linha,F22A,Único no cabeçote,95 mm,85 mm,Transversal,Dianteiro,"9,3 kg/cv","60,4 kg/kgfm","62,6 cv/litro",,"8,8:1",5200 rpm,4000 rpm,"9,6 kgfm/litro",,4,Embreagem monodisco a seco,Manual,5,,Dianteira,1290 mm,1525 mm,1515 mm,415 kg,4440 mm,2550 mm,1765 mm,1250 kg,278 litros,60 litros,113 mm,Disco ventilado,Disco sólido,"1,94 m²","0,621 m²","0,32",Hidráulica,"9,7 m",,"Indep., braços sobrepostos",Mola helicoidal,"Indep., braços sobrepostos",720 km,540 km,12 km/l,9 km/l,145 mm,,,135 cv,"20,7 kgfm",,,,1200 kg,500 kg,,,,,,,,,,,,,,,,,,,,,,,,,,,,,,,,,,,,
honda,Prelude,prelude,prelude-si-2-3-1993,prelude-si-2-3-1993,https://www.fichacompleta.com.br/carros/honda/prelude-si-2-3-1993,2026-06-14T18:02:39.145679,Honda Prelude Si 2.3 1993,"7,7 s",215 km/h,Correia dentada,Injeção multiponto,Natural,2259 cm³,4 em linha,H23A1,Duplo no cabeçote,95 mm,87 mm,Transversal,Dianteiro,"7,8 kg/cv","57,9 kg/kgfm","70,8 cv/litro",160 cv,"9,8:1",,,"9,6 kgfm/litro","21,6 kgfm",4,Embreagem monodisco a seco,Manual,5,,Dianteira,1290 mm,1525 mm,1515 mm,415 kg,4440 mm,2550 mm,1765 mm,1250 kg,278 litros,60 litros,113 mm,Disco ventilado,Disco sólido,"1,94 m²","0,621 m²","0,32",Hidráulica,"9,7 m",,"Indep., braços sobrepostos",Mola helicoidal,"Indep., braços sobrepostos",720 km,540 km,12 km/l,9 km/l,145 mm,5800 rpm,5300 rpm,,,,,,1200 kg,500 kg,,,,,6500 rpm,,,,,,,,,,,,,,,,,,,,,,,,,,,,,,,
honda,Prelude,prelude,prelude-2-2-vtec-1994,prelude-2-2-vtec-1994,https://www.fichacompleta.com.br/carros/honda/prelude-2-2-vtec-1994,2026-06-14T18:02:42.700633,Honda Prelude 2.2 VTEC 1994,"7,3 s",226 km/h,,Injeção multiponto,Natural,2157 cm³,4 em linha,H22A1,"Duplo no cabeçote, correia dentada","90,7 mm",87 mm,Transversal,Dianteiro,"6,9 kg/cv","61,8 kg/kgfm","88,1 cv/litro",190 cv a 6800 rpm,10:1,,,"9,8 kgfm/litro","21,1 kgfm a 5500 rpm",4,Embreagem monodisco a seco,Manual,,5,Dianteira,1290 mm,1525 mm,1515 mm,415 kg,4440 mm,2550 mm,1765 mm,1305 kg,278 litros,60 litros,113 mm,Disco ventilado,Disco sólido,"1,94 m²","0,621 m²",,Hidráulica,,"9,7 m","Independente, braços sobrepostos",Mola helicoidal,"Independente, braços sobrepostos",642 km,480 km,"10,7 km/l",8 km/l,145 mm,,,,,,,Admissão e escape,1200 kg,500 kg,"0,32",,,,7800 rpm,,,,,,,,,,,,,,,,,,,,,,,,,,,,,,,
honda,Prelude,prelude,prelude-s-2-2-1994,prelude-s-2-2-1994,https://www.fichacompleta.com.br/carros/honda/prelude-s-2-2-1994,2026-06-14T18:02:45.912709,Honda Prelude S 2.2 1994,"8,5 s",205 km/h,,Injeção multiponto,Natural,2156 cm³,4 em linha,F22A1,"Único no cabeçote, correia dentada",95 mm,85 mm,Transversal,Dianteiro,"9,3 kg/cv","60,4 kg/kgfm","62,6 cv/litro",135 cv a 5200 rpm,"8,8:1",,,"9,6 kgfm/litro","20,7 kgfm a 4000 rpm",4,Embreagem monodisco a seco,Manual,,5,Dianteira,1290 mm,1525 mm,1515 mm,415 kg,4440 mm,2550 mm,1765 mm,1250 kg,278 litros,60 litros,113 mm,Disco ventilado,Disco sólido,"1,94 m²","0,621 m²",,Hidráulica,,"9,7 m","Independente, braços sobrepostos",Mola helicoidal,"Independente, braços sobrepostos",720 km,540 km,12 km/l,9 km/l,145 mm,,,,,,,,1200 kg,500 kg,"0,32",,,,,,,,,,,,,,,,,,,,,,,,,,,,,,,,,,,
honda,Prelude,prelude,prelude-si-2-3-1994,prelude-si-2-3-1994,https://www.fichacompleta.com.br/carros/honda/prelude-si-2-3-1994,2026-06-14T18:02:50.671226,Honda Prelude Si 2.3 1994,"7,7 s",215 km/h,Correia dentada,Injeção multiponto,Natural,2259 cm³,4 em linha,H23A1,Duplo no cabeçote,95 mm,87 mm,Transversal,Dianteiro,"7,8 kg/cv","57,9 kg/kgfm","70,8 cv/litro",160 cv,"9,8:1",5800 rpm,5300 rpm,"9,6 kgfm/litro","21,6 kgfm",4,Embreagem monodisco a seco,Manual,5,5,Dianteira,1290 mm,1525 mm,1515 mm,415 kg,4440 mm,2550 mm,1765 mm,1250 kg,278 litros,60 litros,113 mm,Disco ventilado,Disco sólido,"1,94 m²","0,621 m²","0,32",Hidráulica,"9,7 m","9,7 m","Indep., braços sobrepostos",Mola helicoidal,"Indep., braços sobrepostos",720 km,540 km,12 km/l,9 km/l,145 mm,,,,,,,,1200 kg,500 kg,"0,32",,,,6500 rpm,,,,,,,,,,,,,,,,,,,,,,,,,,,,,,,
honda,Prelude,prelude,prelude-si-2-3-1995,prelude-si-2-3-1995,https://www.fichacompleta.com.br/carros/honda/prelude-si-2-3-1995,2026-06-14T18:02:56.283746,Honda Prelude Si 2.3 1995,"7,7 s",215 km/h,Correia dentada,Injeção multiponto,Natural,2259 cm³,4 em linha,H23A1,Duplo no cabeçote,95 mm,87 mm,Transversal,Dianteiro,"7,8 kg/cv","57,9 kg/kgfm","70,8 cv/litro",160 cv,"9,8:1",,,"9,6 kgfm/litro","21,6 kgfm",4,Embreagem monodisco a seco,Manual,5,,Dianteira,1290 mm,1525 mm,1515 mm,415 kg,4440 mm,2550 mm,1765 mm,1250 kg,278 litros,60 litros,113 mm,Disco ventilado,Disco sólido,"1,94 m²","0,621 m²","0,32",Hidráulica,"9,7 m",,"Indep., braços sobrepostos",Mola helicoidal,"Indep., braços sobrepostos",720 km,540 km,12 km/l,9 km/l,145 mm,5800 rpm,5300 rpm,,,,,,1200 kg,500 kg,,,,,6500 rpm,,,,,,,,,,,,,,,,,,,,,,,,,,,,,,,
honda,Prelude,prelude,prelude-hybrid-2-0-2026,prelude-hybrid-2-0-2026,https://www.fichacompleta.com.br/carros/honda/prelude-hybrid-2-0-2026,2026-06-14T18:02:59.027076,Honda Prelude Hybrid 2.0 2026,"7,8 s",180 km/h,Corrente,Injeção direta,Natural,,4 em linha,LFB1,Duplo no cabeçote,"96,7 mm",81 mm,Transversal,Dianteiro,"10,21 kg/cv","45,48 kg/kgfm","71,8 cv/litro",143 cv,"13,9:1",,,"9,6 kgfm/litro","19,1 kgfm",4,Embreagem multidisco,Automático,1,,Dianteira,1355 mm,,,,4520 mm,2605 mm,1880 mm,1460 kg,264 litros,40 litros,94 mm,Disco ventilado,Disco sólido,,,,Elétrica,"11,4 m",,"Indep., McPherson",Mola helicoidal,"Indep., multibraço",636 km,736 km,"15,9 km/l","18,4 km/l",135 mm,6000 rpm,4500 rpm,184 cv,"32,1 kgfm",,,Admissão e escape,,,,498 cm³,1993 cm³,,,"1,05 kWh",203 cv,,,,,,,,"7,19 kg/cv",,,,,,,,,,0W-20 ³,,,,,,,,,,,
honda,Wr-v,wr-v,wr-v-ex-1-5-at-2018,wr-v-ex-1-5-at-2018,https://www.fichacompleta.com.br/carros/honda/wr-v-ex-1-5-at-2018,2026-06-14T18:03:17.312673,Honda Wr-v EX 1.5 AT 2018,"12,3 s",168 km/h,,Injeção multiponto,Natural,1497 cm³,4 em linha,L15A,"Único no cabeçote, corrente","89,4 mm",73 mm,Transversal,Dianteiro,"9,7 kg/cv","73,4 kg/kgfm","77,5 cv/litro",116 cv (A) 115 cv (G) a 6000 rpm,"11,4:1",,,"10,2 kgfm/litro","15,3 kgfm (A) 15,2 kgfm (G) a 4800 rpm",4,Conversor de torque,CVT,,0,Dianteira,1599 mm,1482 mm,1490 mm,,4000 mm,2555 mm,1695 mm,1123 kg,363 litros,45 litros,117 mm,Disco ventilado,Tambor,,,,Elétrica,,"10,6 m","Independente, McPherson",Mola helicoidal,Eixo de torção,558 km,527 km,"12,4 km/l","11,7 km/l",207 mm,,,,,,,Admissão,,,,,,135/80 R15,6500 rpm,,,,,,,,21 graus,33 graus,,Mecânicos,396 km,365 km,"8,8 km/l","8,1 km/l",,,,,,,,,,,,,,,,
honda,Wr-v,wr-v,wr-v-exl-1-5-at-2018,wr-v-exl-1-5-at-2018,https://www.fichacompleta.com.br/carros/honda/wr-v-exl-1-5-at-2018,2026-06-14T18:03:19.766936,Honda Wr-v EXL 1.5 AT 2018,"12,3 s",168 km/h,,Injeção multiponto,Natural,1497 cm³,4 em linha,L15A,"Único no cabeçote, corrente","89,4 mm",73 mm,Transversal,Dianteiro,"9,7 kg/cv","73,9 kg/kgfm","77,5 cv/litro",116 cv (A) 115 cv (G) a 6000 rpm,"11,4:1",,,"10,2 kgfm/litro","15,3 kgfm (A) 15,2 kgfm (G) a 4800 rpm",4,Conversor de torque,CVT,,0,Dianteira,1599 mm,1482 mm,1490 mm,,4000 mm,2555 mm,1695 mm,1130 kg,363 litros,45 litros,117 mm,Disco ventilado,Tambor,,,,Elétrica,,"10,6 m","Independente, McPherson",Mola helicoidal,Eixo de torção,558 km,527 km,"12,4 km/l","11,7 km/l",207 mm,,,,,,,Admissão,,,,,,135/80 R15,6500 rpm,,,,,,,,21 graus,33 graus,,Mecânicos,396 km,365 km,"8,8 km/l","8,1 km/l",,,,,,,,,,,,,,,,
honda,Wr-v,wr-v,wr-v-ex-1-5-at-2019,wr-v-ex-1-5-at-2019,https://www.fichacompleta.com.br/carros/honda/wr-v-ex-1-5-at-2019,2026-06-14T18:03:22.852861,Honda Wr-v EX 1.5 AT 2019,"12,3 s",168 km/h,,Injeção multiponto,Natural,1497 cm³,4 em linha,L15A,"Único no cabeçote, corrente","89,4 mm",73 mm,Transversal,Dianteiro,"9,7 kg/cv","73,4 kg/kgfm","77,5 cv/litro",116 cv (A) 115 cv (G) a 6000 rpm,"11,4:1",,,"10,2 kgfm/litro","15,3 kgfm (A) 15,2 kgfm (G) a 4800 rpm",4,Conversor de torque,CVT,,0,Dianteira,1599 mm,1482 mm,1490 mm,,4000 mm,2555 mm,1695 mm,1123 kg,363 litros,45 litros,117 mm,Disco ventilado,Tambor,,,,Elétrica,,"10,6 m","Independente, McPherson",Mola helicoidal,Eixo de torção,558 km,527 km,"12,4 km/l","11,7 km/l",207 mm,,,,,,,Admissão,,,,,,135/80 R15,6500 rpm,,,,,,,,21 graus,33 graus,,Mecânicos,396 km,365 km,"8,8 km/l","8,1 km/l",,,,,,,,,,,,,,,,
honda,Wr-v,wr-v,wr-v-exl-1-5-at-2019,wr-v-exl-1-5-at-2019,https://www.fichacompleta.com.br/carros/honda/wr-v-exl-1-5-at-2019,2026-06-14T18:03:25.438603,Honda Wr-v EXL 1.5 AT 2019,"12,3 s",168 km/h,,Injeção multiponto,Natural,1497 cm³,4 em linha,L15A,"Único no cabeçote, corrente","89,4 mm",73 mm,Transversal,Dianteiro,"9,7 kg/cv","73,9 kg/kgfm","77,5 cv/litro",116 cv (A) 115 cv (G) a 6000 rpm,"11,4:1",,,"10,2 kgfm/litro","15,3 kgfm (A) 15,2 kgfm (G) a 4800 rpm",4,Conversor de torque,CVT,,0,Dianteira,1599 mm,1482 mm,1490 mm,,4000 mm,2555 mm,1695 mm,1130 kg,363 litros,45 litros,117 mm,Disco ventilado,Tambor,,,,Elétrica,,"10,6 m","Independente, McPherson",Mola helicoidal,Eixo de torção,558 km,527 km,"12,4 km/l","11,7 km/l",207 mm,,,,,,,Admissão,,,,,,135/80 R15,6500 rpm,,,,,,,,21 graus,33 graus,,Mecânicos,396 km,365 km,"8,8 km/l","8,1 km/l",,,,,,,,,,,,,,,,
honda,Wr-v,wr-v,wr-v-ex-1-5-at-2020,wr-v-ex-1-5-at-2020,https://www.fichacompleta.com.br/carros/honda/wr-v-ex-1-5-at-2020,2026-06-14T18:03:29.233051,Honda Wr-v EX 1.5 AT 2020,"12,3 s",168 km/h,Corrente,Injeção multiponto,Natural,1497 cm³,4 em linha,L15A,Único no cabeçote,"89,4 mm",73 mm,Transversal,Dianteiro,"9,7 kg/cv","73,4 kg/kgfm","77,5 cv/litro",,"11,4:1",,,"10,2 kgfm/litro",,4,Conversor de torque,CVT,0,,Dianteira,1599 mm,1482 mm,1490 mm,,4000 mm,2555 mm,1695 mm,1123 kg,363 litros,45 litros,117 mm,Disco ventilado,Tambor,,,,Elétrica,"10,6 m",,"Indep., McPherson",Mola helicoidal,Eixo de torção,558 km,527 km,"12,4 km/l","11,7 km/l",207 mm,6000 rpm,4800 rpm,,,,,Admissão,,,,,,135/80 R15,6500 rpm,,,,,,,,21 graus,33 graus,,Mecânicos,396 km,365 km,"8,8 km/l","8,1 km/l",116 cv,115 cv,"15,3 kgfm","15,2 kgfm",,,,,,,,,,,,
honda,Wr-v,wr-v,wr-v-exl-1-5-at-2020,wr-v-exl-1-5-at-2020,https://www.fichacompleta.com.br/carros/honda/wr-v-exl-1-5-at-2020,2026-06-14T18:03:33.105719,Honda Wr-v EXL 1.5 AT 2020,"12,3 s",168 km/h,Corrente,Injeção multiponto,Natural,1497 cm³,4 em linha,L15A,Único no cabeçote,"89,4 mm",73 mm,Transversal,Dianteiro,"9,7 kg/cv","73,9 kg/kgfm","77,5 cv/litro",,"11,4:1",,,"10,2 kgfm/litro",,4,Conversor de torque,CVT,0,,Dianteira,1599 mm,1482 mm,1490 mm,,4000 mm,2555 mm,1695 mm,1130 kg,363 litros,45 litros,117 mm,Disco ventilado,Tambor,,,,Elétrica,"10,6 m",,"Indep., McPherson",Mola helicoidal,Eixo de torção,558 km,527 km,"12,4 km/l","11,7 km/l",207 mm,6000 rpm,4800 rpm,,,,,Admissão,,,,,,135/80 R15,6500 rpm,,,,,,,,21 graus,33 graus,,Mecânicos,396 km,365 km,"8,8 km/l","8,1 km/l",116 cv,115 cv,"15,3 kgfm","15,2 kgfm",,,,,,,,,,,,
honda,Wr-v,wr-v,wr-v-ex-1-5-at-2021,wr-v-ex-1-5-at-2021,https://www.fichacompleta.com.br/carros/honda/wr-v-ex-1-5-at-2021,2026-06-14T18:03:35.502546,Honda Wr-v EX 1.5 AT 2021,"12,3 s",168 km/h,Corrente,Injeção multiponto,Natural,1497 cm³,4 em linha,L15A,Único no cabeçote,"89,4 mm",73 mm,Transversal,Dianteiro,"9,7 kg/cv","73,4 kg/kgfm","77,5 cv/litro",,"11,4:1",6000 rpm,4800 rpm,"10,2 kgfm/litro",,4,Conversor de torque,CVT,7,,Dianteira,1599 mm,1497 mm,1490 mm,467 kg,4068 mm,2555 mm,1695 mm,1123 kg,363 litros,45 litros,117 mm,Disco ventilado,Tambor,,,,Elétrica,"10,6 m",,"Indep., McPherson",Mola helicoidal,Eixo de torção,558 km,527 km,"12,4 km/l","11,7 km/l",207 mm,,,,,,,Admissão,,,,,,135/80 R15,6500 rpm,,,,,,,,21 graus,"30,1 graus",,Mecânicos,396 km,365 km,"8,8 km/l","8,1 km/l",,,,,,116 cv,115 cv,"15,3 kgfm","15,2 kgfm",,,,,,,13 graus
honda,Wr-v,wr-v,wr-v-exl-1-5-at-2021,wr-v-exl-1-5-at-2021,https://www.fichacompleta.com.br/carros/honda/wr-v-exl-1-5-at-2021,2026-06-14T18:03:38.739602,Honda Wr-v EXL 1.5 AT 2021,"12,3 s",168 km/h,Corrente,Injeção multiponto,Natural,1497 cm³,4 em linha,L15A,Único no cabeçote,"89,4 mm",73 mm,Transversal,Dianteiro,"9,8 kg/cv","74,4 kg/kgfm","77,5 cv/litro",,"11,4:1",,,"10,2 kgfm/litro",,4,Conversor de torque,CVT,7,,Dianteira,1599 mm,1497 mm,1490 mm,452 kg,4068 mm,2555 mm,1695 mm,1138 kg,363 litros,45 litros,117 mm,Disco ventilado,Tambor,,,,Elétrica,"10,6 m",,"Indep., McPherson",Mola helicoidal,Eixo de torção,558 km,527 km,"12,4 km/l","11,7 km/l",207 mm,6000 rpm,4800 rpm,,,,,Admissão,,,,,,135/80 R15,6500 rpm,,,,,,,,21 graus,"30,1 graus",,Mecânicos,396 km,365 km,"8,8 km/l","8,1 km/l",116 cv,115 cv,"15,3 kgfm","15,2 kgfm",,,,,,,,,,,,13 graus
honda,Wr-v,wr-v,wr-v-lx-1-5-at-2021,wr-v-lx-1-5-at-2021,https://www.fichacompleta.com.br/carros/honda/wr-v-lx-1-5-at-2021,2026-06-14T18:03:42.174297,Honda Wr-v LX 1.5 AT 2021,"12,3 s",168 km/h,Corrente,Injeção multiponto,Natural,1497 cm³,4 em linha,L15A,Único no cabeçote,"89,4 mm",73 mm,Transversal,Dianteiro,"9,6 kg/cv","73,0 kg/kgfm","77,5 cv/litro",,"11,4:1",,,"10,2 kgfm/litro",,4,Conversor de torque,CVT,0,,Dianteira,1599 mm,1497 mm,1490 mm,473 kg,4068 mm,2555 mm,1695 mm,1117 kg,363 litros,45 litros,117 mm,Disco ventilado,Tambor,,,,Elétrica,"10,6 m",,"Indep., McPherson",Mola helicoidal,Eixo de torção,558 km,527 km,"12,4 km/l","11,7 km/l",207 mm,6000 rpm,4800 rpm,,,,,Admissão,,,,,,135/80 R15,6500 rpm,,,,,,,,21 graus,"30,1 graus",,Mecânicos,396 km,365 km,"8,8 km/l","8,1 km/l",116 cv,115 cv,"15,3 kgfm","15,2 kgfm",,,,,,,,,,,,13 graus
honda,Wr-v,wr-v,wr-v-ex-1-5-2026,wr-v-ex-1-5-2026,https://www.fichacompleta.com.br/carros/honda/wr-v-ex-1-5-2026,2026-06-14T18:03:45.060941,Honda Wr-v EX 1.5 2026,"11,5 s",175 km/h,Corrente,Injeção direta,Natural,,4 em linha,L15B,Duplo no cabeçote,"89,5 mm",73 mm,Transversal,Dianteiro,"9,63 kg/cv","76,8 kg/kgfm","84,1 cv/litro",,"12,4:1",,,"10,5 kgfm/litro",,4,Conversor de torque,CVT,7,,Dianteira,1650 mm,1540 mm,1540 mm,487 kg,4312 mm,2650 mm,1790 mm,1213 kg,458 litros,40 litros,129 mm,Disco ventilado,Tambor,,,,Elétrica,"10,4 m",,"Indep., McPherson",Mola helicoidal,Eixo de torção,560 km,480 km,14 km/l,12 km/l,,6200 rpm,4600 rpm,,,,,Admissão e escape,,,,375 cm³,1498 cm³,,,,,,,,,,,,,Mecânicos,400 km,360 km,10 km/l,9 km/l,126 cv,126 cv,"15,8 kgfm","15,5 kgfm",0W-20 ³,,,,,,,,,,,
honda,Wr-v,wr-v,wr-v-exl-1-5-2026,wr-v-exl-1-5-2026,https://www.fichacompleta.com.br/carros/honda/wr-v-exl-1-5-2026,2026-06-14T18:03:49.385427,Honda Wr-v EXL 1.5 2026,"11,5 s",175 km/h,Corrente,Injeção direta,Natural,,4 em linha,L15B,Duplo no cabeçote,"89,5 mm",73 mm,Transversal,Dianteiro,"9,99 kg/cv","79,7 kg/kgfm","84,1 cv/litro",,"12,4:1",,,"10,5 kgfm/litro",,4,Conversor de torque,CVT,7,,Dianteira,1650 mm,1540 mm,1540 mm,441 kg,4312 mm,2650 mm,1790 mm,1259 kg,458 litros,40 litros,118 mm,Disco ventilado,Tambor,,,,Elétrica,"10,4 m",,"Indep., McPherson",Mola helicoidal,Eixo de torção,560 km,480 km,14 km/l,12 km/l,,6200 rpm,4600 rpm,,,,,Admissão e escape,,,,375 cm³,1498 cm³,,,,,,,,,,,,,Mecânicos,400 km,360 km,10 km/l,9 km/l,126 cv,126 cv,"15,8 kgfm","15,5 kgfm",0W-20 ³,,,,,,,,,,,
honda,Zr-v,zr-v,zr-v-exl-2-0-2024,zr-v-exl-2-0-2024,https://www.fichacompleta.com.br/carros/honda/zr-v-exl-2-0-2024,2026-06-14T18:04:08.139781,Honda Zr-v EXL 2.0 2024,13 s,195 km/h,Corrente,Injeção multiponto,Natural,,4 em linha,R20Z1,Único no cabeçote,"96,9 mm",81 mm,Transversal,Dianteiro,"8,99 kg/cv","75,3 kg/kgfm","80,1 cv/litro",160 cv,11:1,,,"9,6 kgfm/litro","19,1 kgfm",4,Conversor de torque,CVT,7,,Dianteira,1620 mm,1590 mm,1604 mm,,4568 mm,2655 mm,1840 mm,1439 kg,450 litros,57 litros,129 mm,Disco ventilado,Disco sólido,,,,Elétrica,11 m,,"Indep., McPherson",Mola helicoidal,"Indep., multibraço",741 km,599 km,13 km/l,"10,5 km/l",,6300 rpm,4800 rpm,,,,,Admissão,,,,499 cm³,1997 cm³,,6800 rpm,,,,,,,,,,,Mecânicos,,,,,,,,,,,,,,,,,,,,
honda,Zr-v,zr-v,zr-v-touring-2-0-2024,zr-v-touring-2-0-2024,https://www.fichacompleta.com.br/carros/honda/zr-v-touring-2-0-2024,2026-06-14T18:04:11.966361,Honda Zr-v Touring 2.0 2024,13 s,195 km/h,Corrente,Injeção multiponto,Natural,,4 em linha,R20Z1,Único no cabeçote,"96,9 mm",81 mm,Transversal,Dianteiro,"9,15 kg/cv","76,6 kg/kgfm","80,1 cv/litro",160 cv,11:1,,,"9,6 kgfm/litro","19,1 kgfm",4,Conversor de torque,CVT,7,,Dianteira,1620 mm,1590 mm,1604 mm,,4568 mm,2655 mm,1840 mm,1464 kg,450 litros,57 litros,124 mm,Disco ventilado,Disco sólido,,,,Elétrica,11 m,,"Indep., McPherson",Mola helicoidal,"Indep., multibraço",741 km,599 km,13 km/l,"10,5 km/l",,6300 rpm,4800 rpm,,,,,Admissão,,,,499 cm³,1997 cm³,,6800 rpm,,,,,,,,,,,Mecânicos,,,,,,,,,,,,,,,,,,,,
honda,Zr-v,zr-v,zr-v-touring-2-0-2025,zr-v-touring-2-0-2025,https://www.fichacompleta.com.br/carros/honda/zr-v-touring-2-0-2025,2026-06-14T18:04:15.983247,Honda Zr-v Touring 2.0 2025,11 s,195 km/h,Corrente,Injeção multiponto,Natural,,4 em linha,K20Z5,Duplo no cabeçote,"85,9 mm",86 mm,Transversal,Dianteiro,"8,98 kg/cv","75,7 kg/kgfm","80,7 cv/litro",161 cv,"10,8:1",,,"9,6 kgfm/litro","19,1 kgfm",4,Conversor de torque,CVT,7,,Dianteira,1611 mm,1590 mm,1604 mm,464 kg,4568 mm,2655 mm,1840 mm,1446 kg,389 litros,53 litros,129 mm,Disco ventilado,Disco sólido,,,,Elétrica,11 m,,"Indep., McPherson",Mola helicoidal,"Indep., multibraço",641 km,541 km,"12,1 km/l","10,2 km/l",178 mm,6500 rpm,4200 rpm,,,,,Admissão e escape,,,,499 cm³,1996 cm³,135/90 R17,6800 rpm,,,,,,,,"16,4 graus","20,2 graus",,Mecânicos,,,,,,,,,0W-20 ³,,,,,,,,,,,
honda,Zr-v,zr-v,zr-v-touring-2-0-2026,zr-v-touring-2-0-2026,https://www.fichacompleta.com.br/carros/honda/zr-v-touring-2-0-2026,2026-06-14T18:04:18.423469,Honda Zr-v Touring 2.0 2026,11 s,195 km/h,Corrente,Injeção multiponto,Natural,,4 em linha,K20Z5,Duplo no cabeçote,"85,9 mm",86 mm,Transversal,Dianteiro,"8,98 kg/cv","75,7 kg/kgfm","80,7 cv/litro",161 cv,"10,8:1",,,"9,6 kgfm/litro","19,1 kgfm",4,Conversor de torque,CVT,7,,Dianteira,1611 mm,1590 mm,1604 mm,464 kg,4568 mm,2655 mm,1840 mm,1446 kg,389 litros,53 litros,124 mm,Disco ventilado,Disco sólido,,,,Elétrica,11 m,,"Indep., McPherson",Mola helicoidal,"Indep., multibraço",641 km,541 km,"12,1 km/l","10,2 km/l",178 mm,6500 rpm,4200 rpm,,,,,Admissão e escape,,,,499 cm³,1996 cm³,135/90 R17,6800 rpm,,,,,,,,"16,4 graus","20,2 graus",,Mecânicos,,,,,,,,,0W-20 ³,,,,,,,,,,,
